2026-05-08 10:29:39,227 [INFO] Activator:176 - 


2026-05-08 10:29:39,227 [INFO] Activator:177 - !SESSION log4j initialized
2026-05-08 10:29:43,594 [INFO] LogOutputStream:77 - [STDOUT_REDIRECT] 
2026-05-08 10:29:52,098 [INFO] ApplicationProperties:184 - Using Application install path: C:\ST\STM32CubeIDE_1.18.1\STM32CubeIDE\plugins\com.st.stm32cube.common.mx_6.14.1.202504091515
2026-05-08 10:29:52,113 [INFO] DbMcusXml:78 - Set database path to: C:\ST\STM32CubeIDE_1.18.1\STM32CubeIDE\plugins\com.st.stm32cube.common.mx_6.14.1.202504091515\\db\/mcu/
2026-05-08 10:29:52,113 [INFO] ApiDb:274 - Set plugin database path to: C:\ST\STM32CubeIDE_1.18.1\STM32CubeIDE\plugins\com.st.stm32cube.common.mx_6.14.1.202504091515\\db\/plugins/boardmanager/
2026-05-08 10:29:52,114 [WARN] ApiDb:259 - Overriding images path with different value:  => C:\ST\STM32CubeIDE_1.18.1\STM32CubeIDE\plugins\com.st.stm32cube.common.mx_6.14.1.202504091515\\db\/plugins/mcufinder/images/
2026-05-08 10:29:52,127 [INFO] ApiDb:250 - Set database path to: C:\Users\salem\.stmcufinder\plugins\mcufinder//mcu/
2026-05-08 10:29:52,129 [INFO] DbMcusAds:125 - Set database path to: C:\Users\salem\.stmcufinder\plugins\mcufinder//mcu/
2026-05-08 10:29:52,131 [INFO] CrossReferenceDbSqlite:203 - Set database path to: C:\Users\salem\.stmcufinder\plugins\mcufinder//mcu/cs/
2026-05-08 10:29:52,228 [INFO] RulesReader:64 - Compatibility file has been processed (302 Rules)
2026-05-08 10:29:52,293 [INFO] DbMcusXml:78 - Set database path to: C:\ST\STM32CubeIDE_1.18.1\STM32CubeIDE\plugins\com.st.stm32cube.common.mx_6.14.1.202504091515\\db\/mcu/
2026-05-08 10:29:52,293 [INFO] ApiDb:274 - Set plugin database path to: C:\ST\STM32CubeIDE_1.18.1\STM32CubeIDE\plugins\com.st.stm32cube.common.mx_6.14.1.202504091515\\db\/plugins/boardmanager/
2026-05-08 10:29:52,293 [INFO] ApiDb:261 - Set plugin images path to: C:\ST\STM32CubeIDE_1.18.1\STM32CubeIDE\plugins\com.st.stm32cube.common.mx_6.14.1.202504091515\\db\/plugins/mcufinder/images/
2026-05-08 10:29:52,294 [WARN] DbFile:41 - Overriding database path with different value: C:\Users\salem\.stmcufinder\plugins\mcufinder/ => C:\Users\salem\.stmcufinder\plugins\mcufinder
2026-05-08 10:29:52,294 [INFO] ApiDb:250 - Set database path to: C:\Users\salem\.stmcufinder\plugins\mcufinder//mcu/
2026-05-08 10:29:52,294 [WARN] DbFile:41 - Overriding database path with different value: C:\Users\salem\.stmcufinder\plugins\mcufinder/ => C:\Users\salem\.stmcufinder\plugins\mcufinder
2026-05-08 10:29:52,294 [INFO] DbMcusAds:125 - Set database path to: C:\Users\salem\.stmcufinder\plugins\mcufinder//mcu/
2026-05-08 10:29:52,294 [WARN] DbFile:41 - Overriding database path with different value: C:\Users\salem\.stmcufinder\plugins\mcufinder/ => C:\Users\salem\.stmcufinder\plugins\mcufinder
2026-05-08 10:29:52,294 [WARN] DbFile:41 - Overriding database path with different value: C:\Users\salem\.stmcufinder\plugins\mcufinder/ => C:\Users\salem\.stmcufinder\plugins\mcufinder
2026-05-08 10:29:52,294 [INFO] CrossReferenceDbSqlite:203 - Set database path to: C:\Users\salem\.stmcufinder\plugins\mcufinder//mcu/cs/
2026-05-08 10:29:52,356 [INFO] MainPanel:272 - HeapMemory: 268435456
2026-05-08 10:29:52,455 [INFO] DbMcusXml:78 - Set database path to: C:\ST\STM32CubeIDE_1.18.1\STM32CubeIDE\plugins\com.st.stm32cube.common.mx_6.14.1.202504091515\\db\/mcu/
2026-05-08 10:29:52,455 [INFO] ApiDb:274 - Set plugin database path to: C:\ST\STM32CubeIDE_1.18.1\STM32CubeIDE\plugins\com.st.stm32cube.common.mx_6.14.1.202504091515\\db\/plugins/boardmanager/
2026-05-08 10:29:52,455 [INFO] ApiDb:261 - Set plugin images path to: C:\ST\STM32CubeIDE_1.18.1\STM32CubeIDE\plugins\com.st.stm32cube.common.mx_6.14.1.202504091515\\db\/plugins/mcufinder/images/
2026-05-08 10:29:52,456 [WARN] DbFile:41 - Overriding database path with different value: C:\Users\salem\.stmcufinder\plugins\mcufinder/ => C:\Users\salem\.stmcufinder\plugins\mcufinder
2026-05-08 10:29:52,456 [INFO] ApiDb:250 - Set database path to: C:\Users\salem\.stmcufinder\plugins\mcufinder//mcu/
2026-05-08 10:29:52,456 [WARN] DbFile:41 - Overriding database path with different value: C:\Users\salem\.stmcufinder\plugins\mcufinder/ => C:\Users\salem\.stmcufinder\plugins\mcufinder
2026-05-08 10:29:52,456 [INFO] DbMcusAds:125 - Set database path to: C:\Users\salem\.stmcufinder\plugins\mcufinder//mcu/
2026-05-08 10:29:52,456 [WARN] DbFile:41 - Overriding database path with different value: C:\Users\salem\.stmcufinder\plugins\mcufinder/ => C:\Users\salem\.stmcufinder\plugins\mcufinder
2026-05-08 10:29:52,456 [WARN] DbFile:41 - Overriding database path with different value: C:\Users\salem\.stmcufinder\plugins\mcufinder/ => C:\Users\salem\.stmcufinder\plugins\mcufinder
2026-05-08 10:29:52,456 [INFO] CrossReferenceDbSqlite:203 - Set database path to: C:\Users\salem\.stmcufinder\plugins\mcufinder//mcu/cs/
2026-05-08 10:29:52,471 [INFO] ApplicationProperties:184 - Using Application install path: C:\ST\STM32CubeIDE_1.18.1\STM32CubeIDE\plugins\com.st.stm32cube.common.mx_6.14.1.202504091515
2026-05-08 10:29:52,472 [INFO] PluginManage:196 - Search for loadable plugins [exclusion list=, ]
2026-05-08 10:29:52,473 [INFO] PluginManage:310 - Check plugin analytics
2026-05-08 10:29:57,679 [INFO] AnalyticsPlugin:253 - Accepted Software Licenses: STM32CubeMX.6.13.0
2026-05-08 10:29:57,679 [INFO] AnalyticsPlugin:255 - Accepted CMSIS Pack Licenses: 
2026-05-08 10:29:57,679 [INFO] AnalyticsPlugin:257 - Accepted Firmware Licenses: FW.F4.1.28.0,FW.C0.1.3.0,FW.C0.1.4.0
2026-05-08 10:29:57,682 [INFO] PluginManage:359 - Loaded plugin analytics (category:tool,tabindex:-1)
2026-05-08 10:29:57,682 [INFO] PluginManage:310 - Check plugin cadmodel
2026-05-08 10:29:57,697 [INFO] CADModel:105 - Init CAD model plugin
2026-05-08 10:29:57,698 [INFO] PluginManage:359 - Loaded plugin cadmodel (category:power,tabindex:5)
2026-05-08 10:29:57,698 [INFO] PluginManage:310 - Check plugin clock
2026-05-08 10:29:57,717 [INFO] PluginManage:359 - Loaded plugin clock (category:base,tabindex:2)
2026-05-08 10:29:57,717 [INFO] PluginManage:310 - Check plugin ddr
2026-05-08 10:29:57,720 [INFO] PluginManage:359 - Loaded plugin ddr (category:tool,tabindex:6)
2026-05-08 10:29:57,720 [INFO] PluginManage:310 - Check plugin filemanager
2026-05-08 10:29:57,830 [INFO] PluginManage:359 - Loaded plugin filemanager (category:base,tabindex:10)
2026-05-08 10:29:57,830 [INFO] PluginManage:310 - Check plugin ipmanager
2026-05-08 10:29:57,836 [INFO] PluginManage:359 - Loaded plugin ipmanager (category:base,tabindex:5)
2026-05-08 10:29:57,836 [INFO] PluginManage:310 - Check plugin lpbam
2026-05-08 10:29:57,853 [INFO] PluginManage:359 - Loaded plugin lpbam (category:base,tabindex:0)
2026-05-08 10:29:57,853 [INFO] PluginManage:310 - Check plugin memorymap
2026-05-08 10:29:57,873 [INFO] PluginManage:359 - Loaded plugin memorymap (category:base,tabindex:4)
2026-05-08 10:29:57,873 [INFO] PluginManage:310 - Check plugin pinoutandconfiguration
2026-05-08 10:29:57,892 [INFO] PluginManage:359 - Loaded plugin pinoutandconfiguration (category:base,tabindex:1)
2026-05-08 10:29:57,892 [INFO] PluginManage:310 - Check plugin pinoutconfig
2026-05-08 10:29:57,977 [WARN] SupportedApi:132 - Cannot load RTOS API schema: s4s-elt-must-match.1: The content of 'definitions' must match (annotation?, (simpleType | complexType)?, (unique | key | keyref)*)). A problem was found starting at: attribute.
2026-05-08 10:29:58,091 [INFO] PluginManage:359 - Loaded plugin pinoutconfig (category:base,tabindex:0)
2026-05-08 10:29:58,091 [INFO] PluginManage:310 - Check plugin power
2026-05-08 10:29:58,108 [INFO] PluginManage:359 - Loaded plugin power (category:power,tabindex:4)
2026-05-08 10:29:58,108 [INFO] PluginManage:310 - Check plugin projectmanager
2026-05-08 10:29:58,122 [INFO] PluginManage:359 - Loaded plugin projectmanager (category:projectmanager,tabindex:4)
2026-05-08 10:29:58,122 [INFO] PluginManage:310 - Check plugin rif
2026-05-08 10:29:58,137 [INFO] PluginManage:359 - Loaded plugin rif (category:base,tabindex:3)
2026-05-08 10:29:58,138 [INFO] PluginManage:310 - Check plugin thirdparty
2026-05-08 10:29:58,395 [INFO] PluginManage:359 - Loaded plugin thirdparty (category:base,tabindex:-1)
2026-05-08 10:29:58,395 [WARN] IntegrityCheckThread:84 - waiting for thirdparty lock release [integrity check]
2026-05-08 10:29:58,396 [INFO] PluginManage:310 - Check plugin tools
2026-05-08 10:29:58,396 [INFO] IntegrityCheckThread:86 - entering critical section [integrity check]
2026-05-08 10:29:58,396 [INFO] ThirdPartyUpdaterWithRetryManager:70 - Updater plugin not ready yet. [1/15]
2026-05-08 10:29:58,427 [INFO] PluginManage:359 - Loaded plugin tools (category:base,tabindex:7)
2026-05-08 10:29:58,427 [INFO] PluginManage:310 - Check plugin tutovideos
2026-05-08 10:29:58,603 [INFO] PluginManage:359 - Loaded plugin tutovideos (category:base,tabindex:-1)
2026-05-08 10:29:58,603 [INFO] PluginManage:310 - Check plugin updater
2026-05-08 10:29:58,621 [INFO] PluginManage:359 - Loaded plugin updater (category:base,tabindex:12)
2026-05-08 10:29:58,621 [INFO] PluginManage:310 - Check plugin userauth
2026-05-08 10:29:58,624 [INFO] UserAuth:118 - Init User Auth plugin
2026-05-08 10:29:58,625 [INFO] PluginManage:359 - Loaded plugin userauth (category:base,tabindex:14)
2026-05-08 10:29:58,625 [INFO] PluginManage:283 - PluginManage : Loaded plugins [18]
2026-05-08 10:29:58,796 [INFO] PinOutPanel:1589 - setPackage(No Configuration,No Configuration)
2026-05-08 10:29:58,872 [INFO] CADModel:165 - CPN selected for project level
2026-05-08 10:29:58,872 [INFO] CADModel:114 - Register for checkConnection events
2026-05-08 10:29:58,897 [INFO] IPUIPlugin:80 - create IPUIPlugin
2026-05-08 10:29:58,898 [INFO] PluginManager:220 - loadIPPluginJar : add adc
2026-05-08 10:29:58,936 [INFO] IPUIPlugin:80 - create IPUIPlugin
2026-05-08 10:29:58,936 [INFO] PluginManager:220 - loadIPPluginJar : add aes
2026-05-08 10:29:58,977 [INFO] IPUIPlugin:80 - create IPUIPlugin
2026-05-08 10:29:58,978 [INFO] PluginManager:220 - loadIPPluginJar : add can
2026-05-08 10:29:58,998 [INFO] IPUIPlugin:80 - create IPUIPlugin
2026-05-08 10:29:58,998 [INFO] PluginManager:220 - loadIPPluginJar : add comp
2026-05-08 10:29:59,027 [INFO] IPUIPlugin:80 - create IPUIPlugin
2026-05-08 10:29:59,028 [INFO] PluginManager:220 - loadIPPluginJar : add cryp
2026-05-08 10:29:59,039 [INFO] IPUIPlugin:80 - create IPUIPlugin
2026-05-08 10:29:59,039 [INFO] PluginManager:220 - loadIPPluginJar : add ddr_ctrl_phy
2026-05-08 10:29:59,066 [INFO] IPUIPlugin:80 - create IPUIPlugin
2026-05-08 10:29:59,067 [INFO] PluginManager:220 - loadIPPluginJar : add dfsdm
2026-05-08 10:29:59,080 [INFO] IPUIPlugin:80 - create IPUIPlugin
2026-05-08 10:29:59,080 [INFO] PluginManager:220 - loadIPPluginJar : add dma
2026-05-08 10:29:59,116 [INFO] IPUIPlugin:80 - create IPUIPlugin
2026-05-08 10:29:59,116 [INFO] PluginManager:220 - loadIPPluginJar : add dma3
2026-05-08 10:29:59,153 [INFO] IPUIPlugin:80 - create IPUIPlugin
2026-05-08 10:29:59,153 [INFO] PluginManager:220 - loadIPPluginJar : add extmemmanager
2026-05-08 10:29:59,172 [INFO] IPUIPlugin:80 - create IPUIPlugin
2026-05-08 10:29:59,172 [INFO] PluginManager:220 - loadIPPluginJar : add fatfs
2026-05-08 10:29:59,211 [INFO] IPUIPlugin:80 - create IPUIPlugin
2026-05-08 10:29:59,211 [INFO] PluginManager:220 - loadIPPluginJar : add fmc
2026-05-08 10:29:59,224 [INFO] IPUIPlugin:80 - create IPUIPlugin
2026-05-08 10:29:59,224 [INFO] PluginManager:220 - loadIPPluginJar : add freertos
2026-05-08 10:29:59,243 [INFO] IPUIPlugin:80 - create IPUIPlugin
2026-05-08 10:29:59,243 [INFO] PluginManager:220 - loadIPPluginJar : add genericplugin
2026-05-08 10:29:59,321 [INFO] IPUIPlugin:80 - create IPUIPlugin
2026-05-08 10:29:59,321 [INFO] PluginManager:220 - loadIPPluginJar : add gfxmmu
2026-05-08 10:29:59,429 [INFO] IPUIPlugin:80 - create IPUIPlugin
2026-05-08 10:29:59,429 [INFO] PluginManager:220 - loadIPPluginJar : add gic
2026-05-08 10:29:59,440 [INFO] IPUIPlugin:80 - create IPUIPlugin
2026-05-08 10:29:59,440 [INFO] PluginManager:220 - loadIPPluginJar : add gpio
2026-05-08 10:29:59,515 [INFO] IPUIPlugin:80 - create IPUIPlugin
2026-05-08 10:29:59,515 [INFO] PluginManager:220 - loadIPPluginJar : add gtzc
2026-05-08 10:29:59,544 [INFO] IPUIPlugin:80 - create IPUIPlugin
2026-05-08 10:29:59,544 [INFO] PluginManager:220 - loadIPPluginJar : add hash
2026-05-08 10:29:59,589 [INFO] IPUIPlugin:80 - create IPUIPlugin
2026-05-08 10:29:59,589 [INFO] PluginManager:220 - loadIPPluginJar : add i2c
2026-05-08 10:29:59,624 [INFO] IPUIPlugin:80 - create IPUIPlugin
2026-05-08 10:29:59,625 [INFO] PluginManager:220 - loadIPPluginJar : add i2s
2026-05-08 10:29:59,663 [INFO] IPUIPlugin:80 - create IPUIPlugin
2026-05-08 10:29:59,663 [INFO] PluginManager:220 - loadIPPluginJar : add i3c
2026-05-08 10:29:59,743 [INFO] IPUIPlugin:80 - create IPUIPlugin
2026-05-08 10:29:59,743 [INFO] PluginManager:220 - loadIPPluginJar : add ipddr
2026-05-08 10:29:59,821 [INFO] IPUIPlugin:80 - create IPUIPlugin
2026-05-08 10:29:59,821 [INFO] PluginManager:220 - loadIPPluginJar : add linkedlist
2026-05-08 10:29:59,851 [INFO] IPUIPlugin:80 - create IPUIPlugin
2026-05-08 10:29:59,852 [INFO] PluginManager:220 - loadIPPluginJar : add lorawan
2026-05-08 10:29:59,884 [INFO] IPUIPlugin:80 - create IPUIPlugin
2026-05-08 10:29:59,884 [INFO] PluginManager:220 - loadIPPluginJar : add ltdc
2026-05-08 10:29:59,896 [INFO] IPUIPlugin:80 - create IPUIPlugin
2026-05-08 10:29:59,896 [INFO] PluginManager:220 - loadIPPluginJar : add mdma
2026-05-08 10:29:59,907 [INFO] IPUIPlugin:80 - create IPUIPlugin
2026-05-08 10:29:59,907 [INFO] PluginManager:220 - loadIPPluginJar : add nvic
2026-05-08 10:29:59,937 [INFO] IPUIPlugin:80 - create IPUIPlugin
2026-05-08 10:29:59,937 [INFO] PluginManager:220 - loadIPPluginJar : add opamp
2026-05-08 10:29:59,990 [INFO] IPUIPlugin:80 - create IPUIPlugin
2026-05-08 10:29:59,990 [INFO] PluginManager:220 - loadIPPluginJar : add openamp
2026-05-08 10:30:00,032 [INFO] IPUIPlugin:80 - create IPUIPlugin
2026-05-08 10:30:00,033 [INFO] PluginManager:220 - loadIPPluginJar : add pdm2pcm
2026-05-08 10:30:00,046 [INFO] IPUIPlugin:80 - create IPUIPlugin
2026-05-08 10:30:00,047 [INFO] PluginManager:220 - loadIPPluginJar : add plateformsettings
2026-05-08 10:30:00,068 [INFO] IPUIPlugin:80 - create IPUIPlugin
2026-05-08 10:30:00,068 [INFO] PluginManager:220 - loadIPPluginJar : add quadspi
2026-05-08 10:30:00,091 [INFO] IPUIPlugin:80 - create IPUIPlugin
2026-05-08 10:30:00,091 [INFO] PluginManager:220 - loadIPPluginJar : add radio
2026-05-08 10:30:00,102 [INFO] IPUIPlugin:80 - create IPUIPlugin
2026-05-08 10:30:00,102 [INFO] PluginManager:220 - loadIPPluginJar : add resmgrutility
2026-05-08 10:30:00,142 [INFO] IPUIPlugin:80 - create IPUIPlugin
2026-05-08 10:30:00,142 [INFO] PluginManager:220 - loadIPPluginJar : add sai
2026-05-08 10:30:00,177 [INFO] IPUIPlugin:80 - create IPUIPlugin
2026-05-08 10:30:00,177 [INFO] PluginManager:220 - loadIPPluginJar : add spi
2026-05-08 10:30:00,242 [INFO] IPUIPlugin:80 - create IPUIPlugin
2026-05-08 10:30:00,242 [INFO] PluginManager:220 - loadIPPluginJar : add stm32_wpan
2026-05-08 10:30:00,263 [INFO] IPUIPlugin:80 - create IPUIPlugin
2026-05-08 10:30:00,263 [INFO] PluginManager:220 - loadIPPluginJar : add tim
2026-05-08 10:30:00,313 [INFO] IPUIPlugin:80 - create IPUIPlugin
2026-05-08 10:30:00,313 [INFO] PluginManager:220 - loadIPPluginJar : add touchsensing
2026-05-08 10:30:00,334 [INFO] IPUIPlugin:80 - create IPUIPlugin
2026-05-08 10:30:00,334 [INFO] PluginManager:220 - loadIPPluginJar : add tracer_emb
2026-05-08 10:30:00,355 [INFO] IPUIPlugin:80 - create IPUIPlugin
2026-05-08 10:30:00,355 [INFO] PluginManager:220 - loadIPPluginJar : add ts
2026-05-08 10:30:00,375 [INFO] IPUIPlugin:80 - create IPUIPlugin
2026-05-08 10:30:00,375 [INFO] PluginManager:220 - loadIPPluginJar : add tsc
2026-05-08 10:30:00,395 [INFO] IPUIPlugin:80 - create IPUIPlugin
2026-05-08 10:30:00,395 [INFO] PluginManager:220 - loadIPPluginJar : add ucpd
2026-05-08 10:30:00,432 [INFO] IPUIPlugin:80 - create IPUIPlugin
2026-05-08 10:30:00,433 [INFO] PluginManager:220 - loadIPPluginJar : add usart
2026-05-08 10:30:00,470 [INFO] IPUIPlugin:80 - create IPUIPlugin
2026-05-08 10:30:00,471 [INFO] PluginManager:220 - loadIPPluginJar : add usbx
2026-05-08 10:30:00,582 [FATAL] Updater:351 - Updater called before beeing initialized
2026-05-08 10:30:00,609 [INFO] RulesReader:64 - Compatibility file has been processed (302 Rules)
2026-05-08 10:30:00,615 [INFO] RulesReader:64 - Compatibility file has been processed (302 Rules)
2026-05-08 10:30:00,623 [INFO] CADModel:165 - CPN selected for project level
2026-05-08 10:30:00,624 [INFO] CADModel:114 - Register for checkConnection events
2026-05-08 10:30:00,624 [FATAL] Updater:351 - Updater called before beeing initialized
2026-05-08 10:30:00,624 [ERROR] CADModel:125 - Updater not yet initialized, retry later 
2026-05-08 10:30:00,735 [FATAL] Updater:351 - Updater called before beeing initialized
2026-05-08 10:30:00,737 [INFO] CADModel:165 - CPN selected for project level
2026-05-08 10:30:00,737 [INFO] CADModel:114 - Register for checkConnection events
2026-05-08 10:30:00,737 [FATAL] Updater:351 - Updater called before beeing initialized
2026-05-08 10:30:00,737 [ERROR] CADModel:125 - Updater not yet initialized, retry later 
2026-05-08 10:30:00,741 [FATAL] Updater:351 - Updater called before beeing initialized
2026-05-08 10:30:00,824 [FATAL] Updater:351 - Updater called before beeing initialized
2026-05-08 10:30:00,833 [INFO] DbMcusAds:53 - JSON generation date=Fri Apr 10 10:19:02 CET 2026 (1775812742310)
2026-05-08 10:30:00,833 [FATAL] Updater:351 - Updater called before beeing initialized
2026-05-08 10:30:00,860 [WARN] DetailPanel:346 - Failed to get advertising image, set to default
2026-05-08 10:30:01,011 [FATAL] Updater:351 - Updater called before beeing initialized
2026-05-08 10:30:01,013 [FATAL] Updater:351 - Updater called before beeing initialized
2026-05-08 10:30:01,013 [FATAL] Updater:351 - Updater called before beeing initialized
2026-05-08 10:30:01,013 [WARN] DetailPanel:346 - Failed to get advertising image, set to default
2026-05-08 10:30:01,014 [FATAL] Updater:351 - Updater called before beeing initialized
2026-05-08 10:30:01,058 [ERROR] Updater:1198 - MainUpdater not yet initialized. External WinMGr cannot be set.
2026-05-08 10:30:01,067 [INFO] Updater:1134 - Updater Version found : 6.14.1
2026-05-08 10:30:01,083 [INFO] ApplicationProperties:184 - Using Application install path: C:\ST\STM32CubeIDE_1.18.1\STM32CubeIDE\plugins\com.st.stm32cube.common.mx_6.14.1.202504091515
2026-05-08 10:30:01,398 [INFO] ThirdPartyUpdaterWithRetryManager:70 - Updater plugin not ready yet. [2/15]
2026-05-08 10:30:01,895 [INFO] MainUpdater:2872 - connection check result : 10
2026-05-08 10:30:01,896 [INFO] MainUpdater:289 - Updater Check For Update Now.
2026-05-08 10:30:01,896 [INFO] MicroXplorer:498 - Change Database Version : DB.6.0.141
2026-05-08 10:30:01,916 [INFO] McuFinderGlobals:63 - Set McuFinder mode to 2 (CubeIDE integrated)
2026-05-08 10:30:01,923 [INFO] UserAuth:484 - Internet connection configuration mode: 1
2026-05-08 10:30:01,958 [INFO] JxBrowserEngine:152 - Initiate JxBrowser Engine with user profile folder
2026-05-08 10:30:02,087 [INFO] CheckServerUpdateThread:120 - End of CheckServer Thread
2026-05-08 10:30:03,565 [INFO] WebApp:169 - Instantiating new browser for Auth
2026-05-08 10:30:04,254 [INFO] WebApp:463 - Apply proxy settings
2026-05-08 10:30:04,254 [INFO] WebApp:548 - Chromium requires no authentication
2026-05-08 10:30:04,267 [INFO] WebApp:491 - Direct internet connection detected
2026-05-08 10:30:04,303 [INFO] WebApp:894 - Register for checkConnection events
2026-05-08 10:30:04,303 [INFO] WebApp:463 - Apply proxy settings
2026-05-08 10:30:04,303 [INFO] WebApp:548 - Chromium requires no authentication
2026-05-08 10:30:04,304 [INFO] WebApp:491 - Direct internet connection detected
2026-05-08 10:30:04,528 [INFO] WebApp:225 - Starting web application
2026-05-08 10:30:04,528 [INFO] WebApp:593 - Web application path used C:\ST\STM32CubeIDE_1.18.1\STM32CubeIDE\plugins\com.st.stm32cube.common.mx_6.14.1.202504091515\db\plugins\mcufinder\reactClient1\index.html
2026-05-08 10:30:04,652 [INFO] UserAuth:484 - Internet connection configuration mode: 1
2026-05-08 10:30:04,675 [WARN] PackLoader:240 - Cannot read IP mode file for STMicroelectronics.X-CUBE-AZRTOS-H7.3.5.0
2026-05-08 10:30:04,695 [WARN] PackLoader:240 - Cannot read IP mode file for STMicroelectronics.FP-SNS-MOTENVWB1.1.4.0
2026-05-08 10:30:04,711 [WARN] PackLoader:240 - Cannot read IP mode file for STMicroelectronics.FP-ATR-ASTRA1.2.0.2
2026-05-08 10:30:04,723 [WARN] PackLoader:240 - Cannot read IP mode file for STMicroelectronics.FP-ATR-ASTRA1.2.0.1
2026-05-08 10:30:04,742 [WARN] PackLoader:240 - Cannot read IP mode file for STMicroelectronics.X-CUBE-SMBUS.2.1.0
2026-05-08 10:30:04,757 [WARN] PackLoader:240 - Cannot read IP mode file for STMicroelectronics.X-CUBE-WB05N.1.1.0
2026-05-08 10:30:04,770 [WARN] PackLoader:240 - Cannot read IP mode file for STMicroelectronics.X-CUBE-ST60.1.0.0
2026-05-08 10:30:04,790 [ERROR] LogOutputStream:75 - [STDERR_REDIRECT] [Fatal Error] :1:1: Premature end of file.
2026-05-08 10:30:04,791 [ERROR] LogOutputStream:75 - [STDERR_REDIRECT] 
2026-05-08 10:30:04,794 [WARN] PackLoader:240 - Cannot read IP mode file for STMicroelectronics.X-CUBE-AZRTOS-F7.1.1.0
2026-05-08 10:30:04,809 [WARN] PackLoader:240 - Cannot read IP mode file for Cesanta.I-CUBE-Mongoose.7.19.0
2026-05-08 10:30:04,856 [WARN] PackLoader:240 - Cannot read IP mode file for STMicroelectronics.X-CUBE-MEMS1.11.0.0
2026-05-08 10:30:04,981 [INFO] WebApp:191 - Connection restablished
2026-05-08 10:30:05,007 [ERROR] Engine:466 - C:\Users\salem\.stm32cubemx\thirdparties\pdsc\STMicroelectronics.FP-SNS-MOTENV1.5.1.0.pdsc: PDSC version is not supported
2026-05-08 10:30:05,018 [ERROR] Engine:466 - C:\Users\salem\.stm32cubemx\thirdparties\pdsc\WES.I-CUBE-Cesium.1.4.0.pdsc: PDSC version is not supported
2026-05-08 10:30:05,031 [WARN] PackLoader:240 - Cannot read IP mode file for STMicroelectronics.FP-SNS-FLIGHT1.5.0.2
2026-05-08 10:30:05,058 [WARN] PackLoader:240 - Cannot read IP mode file for Infineon.AIROC-Wi-Fi-Bluetooth-STM32.1.7.0
2026-05-08 10:30:05,080 [WARN] PackLoader:240 - Cannot read IP mode file for Infineon.AIROC-Wi-Fi-Bluetooth-STM32.1.7.1
2026-05-08 10:30:05,113 [WARN] PackLoader:240 - Cannot read IP mode file for STMicroelectronics.X-CUBE-AZRTOS-H7.3.4.0
2026-05-08 10:30:05,132 [WARN] PackLoader:240 - Cannot read IP mode file for STMicroelectronics.X-CUBE-DISPLAY.3.0.0
2026-05-08 10:30:05,147 [WARN] PackLoader:240 - Cannot read IP mode file for STMicroelectronics.X-CUBE-GNSS1.7.1.1
2026-05-08 10:30:05,158 [ERROR] Engine:466 - C:\Users\salem\.stm32cubemx\thirdparties\pdsc\STMicroelectronics.FP-SNS-MOTENVWB1.1.5.0.pdsc: PDSC version is not supported
2026-05-08 10:30:05,169 [WARN] PackLoader:240 - Cannot read IP mode file for STMicroelectronics.X-CUBE-BLE1.7.0.0
2026-05-08 10:30:05,182 [WARN] PackLoader:240 - Cannot read IP mode file for STMicroelectronics.X-CUBE-NFC10.1.0.0
2026-05-08 10:30:05,197 [WARN] PackLoader:240 - Cannot read IP mode file for STMicroelectronics.X-CUBE-BLEMGR.4.0.0
2026-05-08 10:30:05,210 [WARN] PackLoader:240 - Cannot read IP mode file for STMicroelectronics.X-CUBE-ST60.1.1.0
2026-05-08 10:30:05,227 [WARN] PackLoader:240 - Cannot read IP mode file for emotas.I-CUBE-CANOPEN.1.3.0
2026-05-08 10:30:05,240 [WARN] PackLoader:240 - Cannot read IP mode file for STMicroelectronics.X-CUBE-GNSS1.7.1.0
2026-05-08 10:30:05,256 [WARN] PackLoader:240 - Cannot read IP mode file for STMicroelectronics.X-CUBE-AI.10.0.0
2026-05-08 10:30:05,272 [ERROR] Engine:466 - C:\Users\salem\.stm32cubemx\thirdparties\pdsc\STMicroelectronics.FP-SNS-STBOX1.2.1.0.pdsc: PDSC version is not supported
2026-05-08 10:30:05,288 [WARN] PackLoader:240 - Cannot read IP mode file for STMicroelectronics.FP-SNS-SMARTAG2.1.2.0
2026-05-08 10:30:05,299 [WARN] PackLoader:240 - Cannot read IP mode file for STMicroelectronics.FP-SNS-FLIGHT1.5.1.0
2026-05-08 10:30:05,336 [WARN] PackLoader:240 - Cannot read IP mode file for STMicroelectronics.X-CUBE-MEMS1.11.1.0
2026-05-08 10:30:05,410 [INFO] LogOutputStream:77 - [STDOUT_REDIRECT] 1 : Invalid condition id : UX_CORESTACK_Condition cause : null
2026-05-08 10:30:05,410 [INFO] LogOutputStream:77 - [STDOUT_REDIRECT] 1 : Invalid condition id : UX_CORESTACK_Condition cause : null
2026-05-08 10:30:05,411 [INFO] LogOutputStream:77 - [STDOUT_REDIRECT] 1 : Invalid condition id : UX_CORESTACK_Condition cause : null
2026-05-08 10:30:05,411 [INFO] LogOutputStream:77 - [STDOUT_REDIRECT] 1 : Invalid condition id : UX_CORESTACK_Condition cause : null
2026-05-08 10:30:05,412 [INFO] LogOutputStream:77 - [STDOUT_REDIRECT] 1 : Invalid condition id : UX_CORESTACK_Condition cause : null
2026-05-08 10:30:05,413 [WARN] PackLoader:240 - Cannot read IP mode file for STMicroelectronics.X-CUBE-AZRTOS-WL.2.0.0
2026-05-08 10:30:05,425 [WARN] PackLoader:240 - Cannot read IP mode file for STMicroelectronics.FP-SNS-MOTENV1.5.0.0
2026-05-08 10:30:05,450 [WARN] PackLoader:240 - Cannot read IP mode file for STMicroelectronics.X-CUBE-AZRTOS-H7RS.1.2.0
2026-05-08 10:30:05,462 [WARN] PackLoader:240 - Cannot read IP mode file for wolfSSL.I-CUBE-wolfMQTT.1.19.0
2026-05-08 10:30:05,477 [WARN] PackLoader:240 - Cannot read IP mode file for WES.I-CUBE-Cesium.1.3.0
2026-05-08 10:30:05,489 [WARN] PackLoader:240 - Cannot read IP mode file for STMicroelectronics.X-CUBE-BLE2.3.3.0
2026-05-08 10:30:05,533 [WARN] PackLoader:240 - Cannot read IP mode file for STMicroelectronics.X-CUBE-NFC9.1.0.0
2026-05-08 10:30:05,544 [WARN] PackLoader:240 - Cannot read IP mode file for wolfSSL.I-CUBE-wolfSSL.5.8.2
2026-05-08 10:30:05,559 [WARN] PackLoader:240 - Cannot read IP mode file for STMicroelectronics.X-CUBE-BLE1.7.1.0
2026-05-08 10:30:05,571 [WARN] PackLoader:240 - Cannot read IP mode file for wolfSSL.I-CUBE-wolfMQTT.1.19.2
2026-05-08 10:30:05,582 [ERROR] Engine:466 - C:\Users\salem\.stm32cubemx\thirdparties\pdsc\STMicroelectronics.X-CUBE-FREERTOS.1.4.0.pdsc: PDSC version is not supported
2026-05-08 10:30:05,596 [WARN] PackLoader:240 - Cannot read IP mode file for STMicroelectronics.X-CUBE-EEPRMA1.5.2.0
2026-05-08 10:30:05,614 [ERROR] Engine:466 - C:\Users\salem\.stm32cubemx\thirdparties\pdsc\STMicroelectronics.X-CUBE-ST67W61.1.1.0.pdsc: PDSC version is not supported
2026-05-08 10:30:05,626 [WARN] PackLoader:240 - Cannot read IP mode file for STMicroelectronics.X-CUBE-AI.10.1.0
2026-05-08 10:30:05,639 [ERROR] Engine:466 - C:\Users\salem\.stm32cubemx\thirdparties\pdsc\STMicroelectronics.FP-SNS-STAIOTCFT.1.1.0.pdsc: PDSC version is not supported
2026-05-08 10:30:05,667 [WARN] PackLoader:240 - Cannot read IP mode file for STMicroelectronics.X-CUBE-MEMS1.12.0.0
2026-05-08 10:30:05,757 [ERROR] LogOutputStream:75 - [STDERR_REDIRECT] [Fatal Error] :1:1: Premature end of file.
2026-05-08 10:30:05,758 [ERROR] LogOutputStream:75 - [STDERR_REDIRECT] 
2026-05-08 10:30:05,782 [WARN] PackLoader:240 - Cannot read IP mode file for STMicroelectronics.X-CUBE-MEMS1.11.2.0
2026-05-08 10:30:05,845 [WARN] PackLoader:240 - Cannot read IP mode file for STMicroelectronics.X-CUBE-AZRTOS-G0.1.1.0
2026-05-08 10:30:05,858 [WARN] PackLoader:240 - Cannot read IP mode file for STMicroelectronics.X-CUBE-SAFEA1.1.2.2
2026-05-08 10:30:05,870 [WARN] PackLoader:240 - Cannot read IP mode file for STMicroelectronics.X-CUBE-NFC4.3.0.0
2026-05-08 10:30:05,884 [WARN] PackLoader:240 - Cannot read IP mode file for EmbeddedOffice.I-CUBE-FS-RTOS.1.0.1
2026-05-08 10:30:05,895 [WARN] PackLoader:240 - Cannot read IP mode file for STMicroelectronics.X-CUBE-WB05N.2.0.0
2026-05-08 10:30:05,906 [WARN] PackLoader:240 - Cannot read IP mode file for wolfSSL.I-CUBE-wolfTPM.3.8.0
2026-05-08 10:30:05,917 [WARN] PackLoader:240 - Cannot read IP mode file for STMicroelectronics.X-CUBE-TCPP.4.2.0
2026-05-08 10:30:05,930 [WARN] PackLoader:240 - Cannot read IP mode file for RealThread.X-CUBE-RT-Thread_Nano.4.1.1
2026-05-08 10:30:05,941 [WARN] PackLoader:240 - Cannot read IP mode file for STMicroelectronics.FP-ATR-SIGFOX1.3.2.0
2026-05-08 10:30:05,952 [WARN] ConditionMgr:438 - getConditionDescription Invalid condition id : Cortex-A Device cause : null
2026-05-08 10:30:05,968 [WARN] ConditionMgr:1044 - genDependencies : Invalid condition id : Cortex-A Device cause : null
2026-05-08 10:30:05,968 [WARN] ConditionMgr:1044 - genDependencies : Invalid condition id : Cortex-A Device cause : null
2026-05-08 10:30:05,968 [WARN] ConditionMgr:1044 - genDependencies : Invalid condition id : Cortex-A Device cause : null
2026-05-08 10:30:05,979 [WARN] PackLoader:240 - Cannot read IP mode file for STMicroelectronics.X-CUBE-EEPRMA1.5.1.0
2026-05-08 10:30:05,989 [ERROR] Engine:466 - C:\Users\salem\.stm32cubemx\thirdparties\pdsc\STMicroelectronics.X-CUBE-FREERTOS.1.5.0.pdsc: PDSC version is not supported
2026-05-08 10:30:06,000 [WARN] PackLoader:240 - Cannot read IP mode file for wolfSSL.I-CUBE-wolfSSL.5.7.4
2026-05-08 10:30:06,010 [WARN] PackLoader:240 - Cannot read IP mode file for wolfSSL.I-CUBE-wolfSSL.5.7.6
2026-05-08 10:30:06,022 [WARN] PackLoader:240 - Cannot read IP mode file for ITTIA_DB.I-CUBE-ITTIADB.8.9.0
2026-05-08 10:30:06,033 [WARN] PackLoader:240 - Cannot read IP mode file for STMicroelectronics.X-CUBE-NFC6.3.2.0
2026-05-08 10:30:06,047 [WARN] PackLoader:240 - Cannot read IP mode file for STMicroelectronics.X-CUBE-ST67W61.1.0.0
2026-05-08 10:30:06,058 [WARN] PackLoader:240 - Cannot read IP mode file for STMicroelectronics.X-CUBE-AI.10.2.0
2026-05-08 10:30:06,086 [WARN] PackLoader:240 - Cannot read IP mode file for STMicroelectronics.X-CUBE-MEMS1.12.1.0
2026-05-08 10:30:06,142 [WARN] PackLoader:240 - Cannot read IP mode file for SEGGER.I-CUBE-embOS.1.3.1
2026-05-08 10:30:06,166 [WARN] PackLoader:240 - Cannot read IP mode file for STMicroelectronics.X-CUBE-ALGOBUILD.1.4.0
2026-05-08 10:30:06,197 [WARN] PackLoader:240 - Cannot read IP mode file for STMicroelectronics.X-CUBE-MEMS1.11.3.0
2026-05-08 10:30:06,280 [WARN] PackLoader:240 - Cannot read IP mode file for STMicroelectronics.X-CUBE-AI.9.1.0
2026-05-08 10:30:06,296 [WARN] PackLoader:240 - Cannot read IP mode file for STMicroelectronics.X-CUBE-PM33A1.1.0.0
2026-05-08 10:30:06,318 [WARN] PackLoader:240 - Cannot read IP mode file for STMicroelectronics.X-CUBE-AZRTOS-F4.1.1.0
2026-05-08 10:30:06,332 [WARN] PackLoader:240 - Cannot read IP mode file for Avnet-IotConnect.X-CUBE-IoTC-DA16k-PMOD.1.0.0
2026-05-08 10:30:06,346 [WARN] PackLoader:240 - Cannot read IP mode file for STMicroelectronics.X-CUBE-ISPU.2.1.0
2026-05-08 10:30:06,360 [ERROR] Engine:466 - C:\Users\salem\.stm32cubemx\thirdparties\pdsc\STMicroelectronics.X-CUBE-IPS.3.2.0.pdsc: PDSC version is not supported
2026-05-08 10:30:06,374 [WARN] PackLoader:240 - Cannot read IP mode file for STMicroelectronics.eDS-WB_DPC_TT-BIDIR.2.1.1
2026-05-08 10:30:06,389 [WARN] PackLoader:240 - Cannot read IP mode file for STMicroelectronics.X-CUBE-NFC12.1.0.0
2026-05-08 10:30:06,414 [WARN] PackLoader:240 - Cannot read IP mode file for STMicroelectronics.X-CUBE-AZRTOS-L5.2.0.0
2026-05-08 10:30:06,429 [WARN] PackLoader:240 - Cannot read IP mode file for STMicroelectronics.X-CUBE-NFC6.3.1.0
2026-05-08 10:30:06,444 [WARN] PackLoader:240 - Cannot read IP mode file for STMicroelectronics.X-CUBE-DPower.1.2.0
2026-05-08 10:30:06,459 [WARN] PackLoader:240 - Cannot read IP mode file for STMicroelectronics.eDS-WB_DPC_VIENNA.1.2.0
2026-05-08 10:30:06,470 [WARN] PackLoader:240 - Cannot read IP mode file for STMicroelectronics.eDS-WB_DPC_3PH2L-BIDIR.1.1.1
2026-05-08 10:30:06,484 [ERROR] Engine:466 - C:\Users\salem\.stm32cubemx\thirdparties\pdsc\STMicroelectronics.X-CUBE-ST67W61.1.3.0.pdsc: PDSC version is not supported
2026-05-08 10:30:06,497 [WARN] PackLoader:240 - Cannot read IP mode file for STMicroelectronics.X-CUBE-FREERTOS.1.3.1
2026-05-08 10:30:06,508 [WARN] PackLoader:240 - Cannot read IP mode file for STMicroelectronics.X-CUBE-FREERTOS.1.3.0
2026-05-08 10:30:06,519 [WARN] PackLoader:240 - Cannot read IP mode file for STMicroelectronics.X-CUBE-NFC7.1.0.1
2026-05-08 10:30:06,532 [WARN] PackLoader:240 - Cannot read IP mode file for STMicroelectronics.X-CUBE-TOUCHGFX.4.26.0
2026-05-08 10:30:06,543 [WARN] PackLoader:240 - Cannot read IP mode file for STMicroelectronics.X-CUBE-TOUCHGFX.4.26.1
2026-05-08 10:30:06,555 [WARN] PackLoader:240 - Cannot read IP mode file for STMicroelectronics.FP-SNS-STAIOTCFT.1.0.0
2026-05-08 10:30:06,565 [WARN] PackLoader:240 - Cannot read IP mode file for STMicroelectronics.X-CUBE-DPower.1.3.0
2026-05-08 10:30:06,586 [WARN] ConditionMgr:438 - getConditionDescription Invalid condition id : LAN8742 Phy interface Condition cause : null
2026-05-08 10:30:06,586 [WARN] PackLoader:240 - Cannot read IP mode file for STMicroelectronics.X-CUBE-AZRTOS-L4.2.0.0
2026-05-08 10:30:06,586 [WARN] ConditionMgr:1044 - genDependencies : Invalid condition id : LAN8742 Phy interface Condition cause : null
2026-05-08 10:30:06,587 [WARN] ConditionMgr:1044 - genDependencies : Invalid condition id : LAN8742 Phy interface Condition cause : null
2026-05-08 10:30:06,587 [WARN] ConditionMgr:1044 - genDependencies : Invalid condition id : LAN8742 Phy interface Condition cause : null
2026-05-08 10:30:06,599 [WARN] PackLoader:240 - Cannot read IP mode file for STMicroelectronics.X-CUBE-SFXS2LP1.4.0.0
2026-05-08 10:30:06,610 [WARN] PackLoader:240 - Cannot read IP mode file for STMicroelectronics.X-CUBE-WB05N.2.1.0
2026-05-08 10:30:06,621 [ERROR] Engine:466 - C:\Users\salem\.stm32cubemx\thirdparties\pdsc\STMicroelectronics.X-CUBE-ST67W61.1.2.0.pdsc: PDSC version is not supported
2026-05-08 10:30:06,641 [WARN] PackLoader:240 - Cannot read IP mode file for STMicroelectronics.X-CUBE-AZRTOS-H7.3.3.0
2026-05-08 10:30:06,656 [WARN] PackLoader:240 - Cannot read IP mode file for STMicroelectronics.X-CUBE-BLEMGR.4.1.0
2026-05-08 10:30:06,672 [WARN] PackLoader:240 - Cannot read IP mode file for STMicroelectronics.X-CUBE-IPS.3.0.0
2026-05-08 10:30:06,691 [WARN] ConditionMgr:438 - getConditionDescription Invalid condition id : UX DEVICE CLASS RTOS Condition cause : null
2026-05-08 10:30:06,691 [WARN] ConditionMgr:438 - getConditionDescription Invalid condition id : UX DEVICE CLASS RTOS Condition cause : null
2026-05-08 10:30:06,691 [WARN] PackLoader:240 - Cannot read IP mode file for STMicroelectronics.X-CUBE-AZRTOS-WB.2.0.0
2026-05-08 10:30:06,692 [WARN] ConditionMgr:1044 - genDependencies : Invalid condition id : UX DEVICE CLASS RTOS Condition cause : null
2026-05-08 10:30:06,692 [WARN] ConditionMgr:1044 - genDependencies : Invalid condition id : UX DEVICE CLASS RTOS Condition cause : null
2026-05-08 10:30:06,692 [WARN] ConditionMgr:1044 - genDependencies : Invalid condition id : UX DEVICE CLASS RTOS Condition cause : null
2026-05-08 10:30:06,692 [WARN] ConditionMgr:1044 - genDependencies : Invalid condition id : UX DEVICE CLASS RTOS Condition cause : null
2026-05-08 10:30:06,692 [WARN] ConditionMgr:1044 - genDependencies : Invalid condition id : UX DEVICE CLASS RTOS Condition cause : null
2026-05-08 10:30:06,705 [WARN] PackLoader:240 - Cannot read IP mode file for STMicroelectronics.X-CUBE-GNSS1.7.0.0
2026-05-08 10:30:06,717 [WARN] PackLoader:240 - Cannot read IP mode file for STMicroelectronics.X-CUBE-GNSS1.7.0.1
2026-05-08 10:30:06,728 [WARN] PackLoader:240 - Cannot read IP mode file for STMicroelectronics.X-CUBE-TOUCHGFX.4.25.0
2026-05-08 10:30:06,739 [WARN] PackLoader:240 - Cannot read IP mode file for STMicroelectronics.FP-SNS-STBOX1.2.0.0
2026-05-08 10:30:06,740 [ERROR] LogOutputStream:75 - [STDERR_REDIRECT] [Fatal Error] :1:1: Premature end of file.
2026-05-08 10:30:06,740 [ERROR] LogOutputStream:75 - [STDERR_REDIRECT] 
2026-05-08 10:30:06,750 [WARN] ConditionMgr:438 - getConditionDescription Invalid condition id : Cortex-A Device cause : null
2026-05-08 10:30:06,762 [WARN] ConditionMgr:1044 - genDependencies : Invalid condition id : Cortex-A Device cause : null
2026-05-08 10:30:06,763 [WARN] ConditionMgr:1044 - genDependencies : Invalid condition id : Cortex-A Device cause : null
2026-05-08 10:30:06,763 [WARN] ConditionMgr:1044 - genDependencies : Invalid condition id : Cortex-A Device cause : null
2026-05-08 10:30:06,776 [WARN] PackLoader:240 - Cannot read IP mode file for STMicroelectronics.X-CUBE-STSE01.2.0.0
2026-05-08 10:30:06,791 [WARN] PackLoader:240 - Cannot read IP mode file for STMicroelectronics.X-CUBE-SUBG2.5.0.0
2026-05-08 10:30:06,813 [WARN] PackLoader:240 - Cannot read IP mode file for STMicroelectronics.X-CUBE-AZRTOS-H7RS.1.1.0
2026-05-08 10:30:06,824 [WARN] PackLoader:240 - Cannot read IP mode file for Cesanta.I-CUBE-Mongoose.7.13.0
2026-05-08 10:30:06,843 [WARN] PackLoader:240 - Cannot read IP mode file for STMicroelectronics.X-CUBE-AZRTOS-G4.2.0.0
2026-05-08 10:30:06,857 [WARN] PackLoader:240 - Cannot read IP mode file for wolfSSL.I-CUBE-wolfSSH.1.4.20
2026-05-08 10:30:06,869 [WARN] PackLoader:240 - Cannot read IP mode file for STMicroelectronics.X-CUBE-NFC7.2.0.0
2026-05-08 10:30:06,883 [WARN] PackLoader:240 - Cannot read IP mode file for STMicroelectronics.X-CUBE-IPS.3.1.0
2026-05-08 10:30:06,897 [WARN] PackLoader:240 - Cannot read IP mode file for STMicroelectronics.X-CUBE-ALS.1.0.2
2026-05-08 10:30:06,909 [WARN] PackLoader:240 - Cannot read IP mode file for STMicroelectronics.X-CUBE-TOUCHGFX.4.24.2
2026-05-08 10:30:06,920 [WARN] PackLoader:240 - Cannot read IP mode file for STMicroelectronics.X-CUBE-TOUCHGFX.4.24.1
2026-05-08 10:30:06,931 [WARN] PackLoader:240 - Cannot read IP mode file for STMicroelectronics.X-CUBE-STSE01.1.0.0
2026-05-08 10:30:06,941 [WARN] PackLoader:240 - Cannot read IP mode file for wolfSSL.I-CUBE-wolfTPM.3.4.0
2026-05-08 10:30:06,954 [WARN] PackLoader:240 - Cannot read IP mode file for portGmbH.I-Cube-SoM-uGOAL.1.1.0
2026-05-08 10:30:06,973 [WARN] PackLoader:240 - Cannot read IP mode file for STMicroelectronics.X-CUBE-AZRTOS-H7RS.1.0.0
2026-05-08 10:30:06,990 [WARN] PackLoader:240 - Cannot read IP mode file for STMicroelectronics.X-CUBE-TOF1.3.4.2
2026-05-08 10:30:07,007 [WARN] PackLoader:240 - Cannot read IP mode file for STMicroelectronics.X-CUBE-TOF1.3.4.3
2026-05-08 10:30:07,021 [WARN] PackLoader:240 - Cannot read IP mode file for wolfSSL.I-CUBE-wolfSSH.1.4.17
2026-05-08 10:30:07,021 [INFO] ThirdParty:978 - Integrity check success = true
2026-05-08 10:30:07,021 [INFO] IntegrityCheckThread:100 - exiting critical section [integrity check]
2026-05-08 10:30:07,021 [INFO] IntegrityCheckThread:103 - End integrity checks thread
2026-05-08 10:30:07,759 [ERROR] LogOutputStream:75 - [STDERR_REDIRECT] [Fatal Error] :1:1: Premature end of file.
2026-05-08 10:30:07,759 [ERROR] LogOutputStream:75 - [STDERR_REDIRECT] 
2026-05-08 10:30:08,755 [ERROR] LogOutputStream:75 - [STDERR_REDIRECT] [Fatal Error] :1:1: Premature end of file.
2026-05-08 10:30:08,756 [ERROR] LogOutputStream:75 - [STDERR_REDIRECT] 
2026-05-08 10:30:09,758 [ERROR] LogOutputStream:75 - [STDERR_REDIRECT] [Fatal Error] :1:1: Premature end of file.
2026-05-08 10:30:09,758 [ERROR] LogOutputStream:75 - [STDERR_REDIRECT] 
2026-05-08 10:30:10,759 [ERROR] LogOutputStream:75 - [STDERR_REDIRECT] [Fatal Error] :1:1: Premature end of file.
2026-05-08 10:30:10,759 [ERROR] LogOutputStream:75 - [STDERR_REDIRECT] 
2026-05-08 10:30:11,773 [ERROR] LogOutputStream:75 - [STDERR_REDIRECT] [Fatal Error] :1:1: Premature end of file.
2026-05-08 10:30:11,773 [ERROR] LogOutputStream:75 - [STDERR_REDIRECT] 
2026-05-08 10:30:12,757 [ERROR] LogOutputStream:75 - [STDERR_REDIRECT] [Fatal Error] :1:1: Premature end of file.
2026-05-08 10:30:12,757 [ERROR] LogOutputStream:75 - [STDERR_REDIRECT] 
2026-05-08 10:30:13,759 [ERROR] LogOutputStream:75 - [STDERR_REDIRECT] [Fatal Error] :1:1: Premature end of file.
2026-05-08 10:30:13,759 [ERROR] LogOutputStream:75 - [STDERR_REDIRECT] 
2026-05-08 10:30:14,757 [ERROR] LogOutputStream:75 - [STDERR_REDIRECT] [Fatal Error] :1:1: Premature end of file.
2026-05-08 10:30:14,758 [ERROR] LogOutputStream:75 - [STDERR_REDIRECT] 
2026-05-08 10:30:15,756 [ERROR] LogOutputStream:75 - [STDERR_REDIRECT] [Fatal Error] :1:1: Premature end of file.
2026-05-08 10:30:15,756 [ERROR] LogOutputStream:75 - [STDERR_REDIRECT] 
2026-05-08 10:30:16,759 [ERROR] LogOutputStream:75 - [STDERR_REDIRECT] [Fatal Error] :1:1: Premature end of file.
2026-05-08 10:30:16,759 [ERROR] LogOutputStream:75 - [STDERR_REDIRECT] 
2026-05-08 10:30:17,753 [ERROR] LogOutputStream:75 - [STDERR_REDIRECT] [Fatal Error] :1:1: Premature end of file.
2026-05-08 10:30:17,753 [ERROR] LogOutputStream:75 - [STDERR_REDIRECT] 
2026-05-08 10:30:18,749 [ERROR] LogOutputStream:75 - [STDERR_REDIRECT] [Fatal Error] :1:1: Premature end of file.
2026-05-08 10:30:18,749 [ERROR] LogOutputStream:75 - [STDERR_REDIRECT] 
2026-05-08 10:30:19,761 [ERROR] LogOutputStream:75 - [STDERR_REDIRECT] [Fatal Error] :1:1: Premature end of file.
2026-05-08 10:30:19,761 [ERROR] LogOutputStream:75 - [STDERR_REDIRECT] 
2026-05-08 10:30:20,764 [ERROR] LogOutputStream:75 - [STDERR_REDIRECT] [Fatal Error] :1:1: Premature end of file.
2026-05-08 10:30:20,764 [ERROR] LogOutputStream:75 - [STDERR_REDIRECT] 
2026-05-08 10:30:21,761 [ERROR] LogOutputStream:75 - [STDERR_REDIRECT] [Fatal Error] :1:1: Premature end of file.
2026-05-08 10:30:21,761 [ERROR] LogOutputStream:75 - [STDERR_REDIRECT] 
2026-05-08 10:30:22,762 [ERROR] LogOutputStream:75 - [STDERR_REDIRECT] [Fatal Error] :1:1: Premature end of file.
2026-05-08 10:30:22,762 [ERROR] LogOutputStream:75 - [STDERR_REDIRECT] 
2026-05-08 10:30:23,760 [ERROR] LogOutputStream:75 - [STDERR_REDIRECT] [Fatal Error] :1:1: Premature end of file.
2026-05-08 10:30:23,760 [ERROR] LogOutputStream:75 - [STDERR_REDIRECT] 
2026-05-08 10:30:24,752 [ERROR] LogOutputStream:75 - [STDERR_REDIRECT] [Fatal Error] :1:1: Premature end of file.
2026-05-08 10:30:24,752 [ERROR] LogOutputStream:75 - [STDERR_REDIRECT] 
2026-05-08 10:30:25,759 [ERROR] LogOutputStream:75 - [STDERR_REDIRECT] [Fatal Error] :1:1: Premature end of file.
2026-05-08 10:30:25,760 [ERROR] LogOutputStream:75 - [STDERR_REDIRECT] 
2026-05-08 10:30:26,776 [ERROR] LogOutputStream:75 - [STDERR_REDIRECT] [Fatal Error] :1:1: Premature end of file.
2026-05-08 10:30:26,776 [ERROR] LogOutputStream:75 - [STDERR_REDIRECT] 
2026-05-08 10:30:27,751 [ERROR] LogOutputStream:75 - [STDERR_REDIRECT] [Fatal Error] :1:1: Premature end of file.
2026-05-08 10:30:27,751 [ERROR] LogOutputStream:75 - [STDERR_REDIRECT] 
2026-05-08 10:30:28,750 [ERROR] LogOutputStream:75 - [STDERR_REDIRECT] [Fatal Error] :1:1: Premature end of file.
2026-05-08 10:30:28,750 [ERROR] LogOutputStream:75 - [STDERR_REDIRECT] 
2026-05-08 10:30:29,755 [ERROR] LogOutputStream:75 - [STDERR_REDIRECT] [Fatal Error] :1:1: Premature end of file.
2026-05-08 10:30:29,756 [ERROR] LogOutputStream:75 - [STDERR_REDIRECT] 
2026-05-08 10:30:30,755 [ERROR] LogOutputStream:75 - [STDERR_REDIRECT] [Fatal Error] :1:1: Premature end of file.
2026-05-08 10:30:30,755 [ERROR] LogOutputStream:75 - [STDERR_REDIRECT] 
2026-05-08 10:30:31,749 [ERROR] LogOutputStream:75 - [STDERR_REDIRECT] [Fatal Error] :1:1: Premature end of file.
2026-05-08 10:30:31,749 [ERROR] LogOutputStream:75 - [STDERR_REDIRECT] 
2026-05-08 10:30:32,758 [ERROR] LogOutputStream:75 - [STDERR_REDIRECT] [Fatal Error] :1:1: Premature end of file.
2026-05-08 10:30:32,758 [ERROR] LogOutputStream:75 - [STDERR_REDIRECT] 
2026-05-08 10:30:33,760 [ERROR] LogOutputStream:75 - [STDERR_REDIRECT] [Fatal Error] :1:1: Premature end of file.
2026-05-08 10:30:33,760 [ERROR] LogOutputStream:75 - [STDERR_REDIRECT] 
2026-05-08 10:30:34,755 [ERROR] LogOutputStream:75 - [STDERR_REDIRECT] [Fatal Error] :1:1: Premature end of file.
2026-05-08 10:30:34,755 [ERROR] LogOutputStream:75 - [STDERR_REDIRECT] 
2026-05-08 10:30:35,749 [ERROR] LogOutputStream:75 - [STDERR_REDIRECT] [Fatal Error] :1:1: Premature end of file.
2026-05-08 10:30:35,750 [ERROR] LogOutputStream:75 - [STDERR_REDIRECT] 
2026-05-08 10:30:36,758 [ERROR] LogOutputStream:75 - [STDERR_REDIRECT] [Fatal Error] :1:1: Premature end of file.
2026-05-08 10:30:36,758 [ERROR] LogOutputStream:75 - [STDERR_REDIRECT] 
2026-05-08 10:30:37,740 [ERROR] LogOutputStream:75 - [STDERR_REDIRECT] [Fatal Error] :1:1: Premature end of file.
2026-05-08 10:30:37,740 [ERROR] LogOutputStream:75 - [STDERR_REDIRECT] 
2026-05-08 10:30:38,748 [ERROR] LogOutputStream:75 - [STDERR_REDIRECT] [Fatal Error] :1:1: Premature end of file.
2026-05-08 10:30:38,748 [ERROR] LogOutputStream:75 - [STDERR_REDIRECT] 
2026-05-08 10:30:39,758 [ERROR] LogOutputStream:75 - [STDERR_REDIRECT] [Fatal Error] :1:1: Premature end of file.
2026-05-08 10:30:39,758 [ERROR] LogOutputStream:75 - [STDERR_REDIRECT] 
2026-05-08 10:30:40,750 [ERROR] LogOutputStream:75 - [STDERR_REDIRECT] [Fatal Error] :1:1: Premature end of file.
2026-05-08 10:30:40,750 [ERROR] LogOutputStream:75 - [STDERR_REDIRECT] 
2026-05-08 10:30:41,767 [ERROR] LogOutputStream:75 - [STDERR_REDIRECT] [Fatal Error] :1:1: Premature end of file.
2026-05-08 10:30:41,768 [ERROR] LogOutputStream:75 - [STDERR_REDIRECT] 
2026-05-08 10:30:42,758 [ERROR] LogOutputStream:75 - [STDERR_REDIRECT] [Fatal Error] :1:1: Premature end of file.
2026-05-08 10:30:42,758 [ERROR] LogOutputStream:75 - [STDERR_REDIRECT] 
2026-05-08 10:30:43,742 [ERROR] LogOutputStream:75 - [STDERR_REDIRECT] [Fatal Error] :1:1: Premature end of file.
2026-05-08 10:30:43,742 [ERROR] LogOutputStream:75 - [STDERR_REDIRECT] 
2026-05-08 10:30:44,742 [ERROR] LogOutputStream:75 - [STDERR_REDIRECT] [Fatal Error] :1:1: Premature end of file.
2026-05-08 10:30:44,742 [ERROR] LogOutputStream:75 - [STDERR_REDIRECT] 
2026-05-08 10:30:45,746 [ERROR] LogOutputStream:75 - [STDERR_REDIRECT] [Fatal Error] :1:1: Premature end of file.
2026-05-08 10:30:45,746 [ERROR] LogOutputStream:75 - [STDERR_REDIRECT] 
2026-05-08 10:30:46,761 [ERROR] LogOutputStream:75 - [STDERR_REDIRECT] [Fatal Error] :1:1: Premature end of file.
2026-05-08 10:30:46,761 [ERROR] LogOutputStream:75 - [STDERR_REDIRECT] 
2026-05-08 10:30:47,741 [ERROR] LogOutputStream:75 - [STDERR_REDIRECT] [Fatal Error] :1:1: Premature end of file.
2026-05-08 10:30:47,741 [ERROR] LogOutputStream:75 - [STDERR_REDIRECT] 
2026-05-08 10:30:48,750 [ERROR] LogOutputStream:75 - [STDERR_REDIRECT] [Fatal Error] :1:1: Premature end of file.
2026-05-08 10:30:48,751 [ERROR] LogOutputStream:75 - [STDERR_REDIRECT] 
2026-05-08 10:30:49,759 [ERROR] LogOutputStream:75 - [STDERR_REDIRECT] [Fatal Error] :1:1: Premature end of file.
2026-05-08 10:30:49,759 [ERROR] LogOutputStream:75 - [STDERR_REDIRECT] 
2026-05-08 10:30:50,761 [ERROR] LogOutputStream:75 - [STDERR_REDIRECT] [Fatal Error] :1:1: Premature end of file.
2026-05-08 10:30:50,761 [ERROR] LogOutputStream:75 - [STDERR_REDIRECT] 
2026-05-08 10:30:51,751 [ERROR] LogOutputStream:75 - [STDERR_REDIRECT] [Fatal Error] :1:1: Premature end of file.
2026-05-08 10:30:51,752 [ERROR] LogOutputStream:75 - [STDERR_REDIRECT] 
2026-05-08 10:30:52,753 [ERROR] LogOutputStream:75 - [STDERR_REDIRECT] [Fatal Error] :1:1: Premature end of file.
2026-05-08 10:30:52,753 [ERROR] LogOutputStream:75 - [STDERR_REDIRECT] 
2026-05-08 10:30:53,738 [ERROR] LogOutputStream:75 - [STDERR_REDIRECT] [Fatal Error] :1:1: Premature end of file.
2026-05-08 10:30:53,739 [ERROR] LogOutputStream:75 - [STDERR_REDIRECT] 
2026-05-08 10:30:54,739 [ERROR] LogOutputStream:75 - [STDERR_REDIRECT] [Fatal Error] :1:1: Premature end of file.
2026-05-08 10:30:54,740 [ERROR] LogOutputStream:75 - [STDERR_REDIRECT] 
2026-05-08 10:30:55,758 [ERROR] LogOutputStream:75 - [STDERR_REDIRECT] [Fatal Error] :1:1: Premature end of file.
2026-05-08 10:30:55,759 [ERROR] LogOutputStream:75 - [STDERR_REDIRECT] 
2026-05-08 10:30:56,760 [ERROR] LogOutputStream:75 - [STDERR_REDIRECT] [Fatal Error] :1:1: Premature end of file.
2026-05-08 10:30:56,760 [ERROR] LogOutputStream:75 - [STDERR_REDIRECT] 
2026-05-08 10:30:57,753 [ERROR] LogOutputStream:75 - [STDERR_REDIRECT] [Fatal Error] :1:1: Premature end of file.
2026-05-08 10:30:57,753 [ERROR] LogOutputStream:75 - [STDERR_REDIRECT] 
2026-05-08 10:30:58,760 [ERROR] LogOutputStream:75 - [STDERR_REDIRECT] [Fatal Error] :1:1: Premature end of file.
2026-05-08 10:30:58,761 [ERROR] LogOutputStream:75 - [STDERR_REDIRECT] 
2026-05-08 10:30:59,758 [ERROR] LogOutputStream:75 - [STDERR_REDIRECT] [Fatal Error] :1:1: Premature end of file.
2026-05-08 10:30:59,758 [ERROR] LogOutputStream:75 - [STDERR_REDIRECT] 
2026-05-08 10:31:00,758 [ERROR] LogOutputStream:75 - [STDERR_REDIRECT] [Fatal Error] :1:1: Premature end of file.
2026-05-08 10:31:00,759 [ERROR] LogOutputStream:75 - [STDERR_REDIRECT] 
2026-05-08 10:31:01,740 [ERROR] LogOutputStream:75 - [STDERR_REDIRECT] [Fatal Error] :1:1: Premature end of file.
2026-05-08 10:31:01,740 [ERROR] LogOutputStream:75 - [STDERR_REDIRECT] 
2026-05-08 10:31:02,763 [ERROR] LogOutputStream:75 - [STDERR_REDIRECT] [Fatal Error] :1:1: Premature end of file.
2026-05-08 10:31:02,763 [ERROR] LogOutputStream:75 - [STDERR_REDIRECT] 
2026-05-08 10:31:03,759 [ERROR] LogOutputStream:75 - [STDERR_REDIRECT] [Fatal Error] :1:1: Premature end of file.
2026-05-08 10:31:03,759 [ERROR] LogOutputStream:75 - [STDERR_REDIRECT] 
2026-05-08 10:31:04,747 [ERROR] LogOutputStream:75 - [STDERR_REDIRECT] [Fatal Error] :1:1: Premature end of file.
2026-05-08 10:31:04,747 [ERROR] LogOutputStream:75 - [STDERR_REDIRECT] 
2026-05-08 10:31:05,737 [ERROR] LogOutputStream:75 - [STDERR_REDIRECT] [Fatal Error] :1:1: Premature end of file.
2026-05-08 10:31:05,737 [ERROR] LogOutputStream:75 - [STDERR_REDIRECT] 
2026-05-08 10:31:06,739 [ERROR] LogOutputStream:75 - [STDERR_REDIRECT] [Fatal Error] :1:1: Premature end of file.
2026-05-08 10:31:06,739 [ERROR] LogOutputStream:75 - [STDERR_REDIRECT] 
2026-05-08 10:31:07,760 [ERROR] LogOutputStream:75 - [STDERR_REDIRECT] [Fatal Error] :1:1: Premature end of file.
2026-05-08 10:31:07,760 [ERROR] LogOutputStream:75 - [STDERR_REDIRECT] 
2026-05-08 10:31:08,754 [ERROR] LogOutputStream:75 - [STDERR_REDIRECT] [Fatal Error] :1:1: Premature end of file.
2026-05-08 10:31:08,754 [ERROR] LogOutputStream:75 - [STDERR_REDIRECT] 
2026-05-08 10:31:09,739 [ERROR] LogOutputStream:75 - [STDERR_REDIRECT] [Fatal Error] :1:1: Premature end of file.
2026-05-08 10:31:09,739 [ERROR] LogOutputStream:75 - [STDERR_REDIRECT] 
2026-05-08 10:31:10,739 [ERROR] LogOutputStream:75 - [STDERR_REDIRECT] [Fatal Error] :1:1: Premature end of file.
2026-05-08 10:31:10,739 [ERROR] LogOutputStream:75 - [STDERR_REDIRECT] 
2026-05-08 10:31:11,775 [ERROR] LogOutputStream:75 - [STDERR_REDIRECT] [Fatal Error] :1:1: Premature end of file.
2026-05-08 10:31:11,776 [ERROR] LogOutputStream:75 - [STDERR_REDIRECT] 
2026-05-08 10:31:12,745 [ERROR] LogOutputStream:75 - [STDERR_REDIRECT] [Fatal Error] :1:1: Premature end of file.
2026-05-08 10:31:12,745 [ERROR] LogOutputStream:75 - [STDERR_REDIRECT] 
2026-05-08 10:31:13,752 [ERROR] LogOutputStream:75 - [STDERR_REDIRECT] [Fatal Error] :1:1: Premature end of file.
2026-05-08 10:31:13,752 [ERROR] LogOutputStream:75 - [STDERR_REDIRECT] 
2026-05-08 10:31:14,756 [ERROR] LogOutputStream:75 - [STDERR_REDIRECT] [Fatal Error] :1:1: Premature end of file.
2026-05-08 10:31:14,757 [ERROR] LogOutputStream:75 - [STDERR_REDIRECT] 
2026-05-08 10:31:15,745 [ERROR] LogOutputStream:75 - [STDERR_REDIRECT] [Fatal Error] :1:1: Premature end of file.
2026-05-08 10:31:15,745 [ERROR] LogOutputStream:75 - [STDERR_REDIRECT] 
2026-05-08 10:31:16,747 [ERROR] LogOutputStream:75 - [STDERR_REDIRECT] [Fatal Error] :1:1: Premature end of file.
2026-05-08 10:31:16,747 [ERROR] LogOutputStream:75 - [STDERR_REDIRECT] 
2026-05-08 10:31:17,739 [ERROR] LogOutputStream:75 - [STDERR_REDIRECT] [Fatal Error] :1:1: Premature end of file.
2026-05-08 10:31:17,739 [ERROR] LogOutputStream:75 - [STDERR_REDIRECT] 
2026-05-08 10:31:18,762 [ERROR] LogOutputStream:75 - [STDERR_REDIRECT] [Fatal Error] :1:1: Premature end of file.
2026-05-08 10:31:18,762 [ERROR] LogOutputStream:75 - [STDERR_REDIRECT] 
2026-05-08 10:31:19,747 [ERROR] LogOutputStream:75 - [STDERR_REDIRECT] [Fatal Error] :1:1: Premature end of file.
2026-05-08 10:31:19,747 [ERROR] LogOutputStream:75 - [STDERR_REDIRECT] 
2026-05-08 10:31:20,758 [ERROR] LogOutputStream:75 - [STDERR_REDIRECT] [Fatal Error] :1:1: Premature end of file.
2026-05-08 10:31:20,758 [ERROR] LogOutputStream:75 - [STDERR_REDIRECT] 
2026-05-08 10:31:21,738 [ERROR] LogOutputStream:75 - [STDERR_REDIRECT] [Fatal Error] :1:1: Premature end of file.
2026-05-08 10:31:21,738 [ERROR] LogOutputStream:75 - [STDERR_REDIRECT] 
2026-05-08 10:31:22,752 [ERROR] LogOutputStream:75 - [STDERR_REDIRECT] [Fatal Error] :1:1: Premature end of file.
2026-05-08 10:31:22,753 [ERROR] LogOutputStream:75 - [STDERR_REDIRECT] 
2026-05-08 10:31:23,758 [ERROR] LogOutputStream:75 - [STDERR_REDIRECT] [Fatal Error] :1:1: Premature end of file.
2026-05-08 10:31:23,758 [ERROR] LogOutputStream:75 - [STDERR_REDIRECT] 
2026-05-08 10:31:24,758 [ERROR] LogOutputStream:75 - [STDERR_REDIRECT] [Fatal Error] :1:1: Premature end of file.
2026-05-08 10:31:24,758 [ERROR] LogOutputStream:75 - [STDERR_REDIRECT] 
2026-05-08 10:31:25,741 [ERROR] LogOutputStream:75 - [STDERR_REDIRECT] [Fatal Error] :1:1: Premature end of file.
2026-05-08 10:31:25,742 [ERROR] LogOutputStream:75 - [STDERR_REDIRECT] 
2026-05-08 10:31:26,756 [ERROR] LogOutputStream:75 - [STDERR_REDIRECT] [Fatal Error] :1:1: Premature end of file.
2026-05-08 10:31:26,757 [ERROR] LogOutputStream:75 - [STDERR_REDIRECT] 
2026-05-08 10:31:27,755 [ERROR] LogOutputStream:75 - [STDERR_REDIRECT] [Fatal Error] :1:1: Premature end of file.
2026-05-08 10:31:27,755 [ERROR] LogOutputStream:75 - [STDERR_REDIRECT] 
2026-05-08 10:31:28,756 [ERROR] LogOutputStream:75 - [STDERR_REDIRECT] [Fatal Error] :1:1: Premature end of file.
2026-05-08 10:31:28,756 [ERROR] LogOutputStream:75 - [STDERR_REDIRECT] 
2026-05-08 10:31:29,750 [ERROR] LogOutputStream:75 - [STDERR_REDIRECT] [Fatal Error] :1:1: Premature end of file.
2026-05-08 10:31:29,751 [ERROR] LogOutputStream:75 - [STDERR_REDIRECT] 
2026-05-08 10:31:30,763 [ERROR] LogOutputStream:75 - [STDERR_REDIRECT] [Fatal Error] :1:1: Premature end of file.
2026-05-08 10:31:30,763 [ERROR] LogOutputStream:75 - [STDERR_REDIRECT] 
2026-05-08 10:31:31,762 [ERROR] LogOutputStream:75 - [STDERR_REDIRECT] [Fatal Error] :1:1: Premature end of file.
2026-05-08 10:31:31,763 [ERROR] LogOutputStream:75 - [STDERR_REDIRECT] 
2026-05-08 10:31:32,759 [ERROR] LogOutputStream:75 - [STDERR_REDIRECT] [Fatal Error] :1:1: Premature end of file.
2026-05-08 10:31:32,760 [ERROR] LogOutputStream:75 - [STDERR_REDIRECT] 
2026-05-08 10:31:33,756 [ERROR] LogOutputStream:75 - [STDERR_REDIRECT] [Fatal Error] :1:1: Premature end of file.
2026-05-08 10:31:33,756 [ERROR] LogOutputStream:75 - [STDERR_REDIRECT] 
2026-05-08 10:31:34,749 [ERROR] LogOutputStream:75 - [STDERR_REDIRECT] [Fatal Error] :1:1: Premature end of file.
2026-05-08 10:31:34,749 [ERROR] LogOutputStream:75 - [STDERR_REDIRECT] 
2026-05-08 10:31:35,738 [ERROR] LogOutputStream:75 - [STDERR_REDIRECT] [Fatal Error] :1:1: Premature end of file.
2026-05-08 10:31:35,739 [ERROR] LogOutputStream:75 - [STDERR_REDIRECT] 
2026-05-08 10:31:36,750 [ERROR] LogOutputStream:75 - [STDERR_REDIRECT] [Fatal Error] :1:1: Premature end of file.
2026-05-08 10:31:36,751 [ERROR] LogOutputStream:75 - [STDERR_REDIRECT] 
2026-05-08 10:31:37,739 [ERROR] LogOutputStream:75 - [STDERR_REDIRECT] [Fatal Error] :1:1: Premature end of file.
2026-05-08 10:31:37,739 [ERROR] LogOutputStream:75 - [STDERR_REDIRECT] 
2026-05-08 10:31:38,740 [ERROR] LogOutputStream:75 - [STDERR_REDIRECT] [Fatal Error] :1:1: Premature end of file.
2026-05-08 10:31:38,740 [ERROR] LogOutputStream:75 - [STDERR_REDIRECT] 
2026-05-08 10:31:39,738 [ERROR] LogOutputStream:75 - [STDERR_REDIRECT] [Fatal Error] :1:1: Premature end of file.
2026-05-08 10:31:39,738 [ERROR] LogOutputStream:75 - [STDERR_REDIRECT] 
2026-05-08 10:31:40,741 [ERROR] LogOutputStream:75 - [STDERR_REDIRECT] [Fatal Error] :1:1: Premature end of file.
2026-05-08 10:31:40,742 [ERROR] LogOutputStream:75 - [STDERR_REDIRECT] 
2026-05-08 10:31:41,740 [ERROR] LogOutputStream:75 - [STDERR_REDIRECT] [Fatal Error] :1:1: Premature end of file.
2026-05-08 10:31:41,740 [ERROR] LogOutputStream:75 - [STDERR_REDIRECT] 
2026-05-08 10:31:42,742 [ERROR] LogOutputStream:75 - [STDERR_REDIRECT] [Fatal Error] :1:1: Premature end of file.
2026-05-08 10:31:42,742 [ERROR] LogOutputStream:75 - [STDERR_REDIRECT] 
2026-05-08 10:31:43,761 [ERROR] LogOutputStream:75 - [STDERR_REDIRECT] [Fatal Error] :1:1: Premature end of file.
2026-05-08 10:31:43,761 [ERROR] LogOutputStream:75 - [STDERR_REDIRECT] 
2026-05-08 10:31:44,758 [ERROR] LogOutputStream:75 - [STDERR_REDIRECT] [Fatal Error] :1:1: Premature end of file.
2026-05-08 10:31:44,759 [ERROR] LogOutputStream:75 - [STDERR_REDIRECT] 
2026-05-08 10:31:45,749 [ERROR] LogOutputStream:75 - [STDERR_REDIRECT] [Fatal Error] :1:1: Premature end of file.
2026-05-08 10:31:45,749 [ERROR] LogOutputStream:75 - [STDERR_REDIRECT] 
2026-05-08 10:31:46,755 [ERROR] LogOutputStream:75 - [STDERR_REDIRECT] [Fatal Error] :1:1: Premature end of file.
2026-05-08 10:31:46,755 [ERROR] LogOutputStream:75 - [STDERR_REDIRECT] 
2026-05-08 10:31:47,770 [ERROR] LogOutputStream:75 - [STDERR_REDIRECT] [Fatal Error] :1:1: Premature end of file.
2026-05-08 10:31:47,770 [ERROR] LogOutputStream:75 - [STDERR_REDIRECT] 
2026-05-08 10:31:48,748 [ERROR] LogOutputStream:75 - [STDERR_REDIRECT] [Fatal Error] :1:1: Premature end of file.
2026-05-08 10:31:48,748 [ERROR] LogOutputStream:75 - [STDERR_REDIRECT] 
2026-05-08 10:31:49,758 [ERROR] LogOutputStream:75 - [STDERR_REDIRECT] [Fatal Error] :1:1: Premature end of file.
2026-05-08 10:31:49,758 [ERROR] LogOutputStream:75 - [STDERR_REDIRECT] 
2026-05-08 10:31:50,758 [ERROR] LogOutputStream:75 - [STDERR_REDIRECT] [Fatal Error] :1:1: Premature end of file.
2026-05-08 10:31:50,758 [ERROR] LogOutputStream:75 - [STDERR_REDIRECT] 
2026-05-08 10:31:51,763 [ERROR] LogOutputStream:75 - [STDERR_REDIRECT] [Fatal Error] :1:1: Premature end of file.
2026-05-08 10:31:51,764 [ERROR] LogOutputStream:75 - [STDERR_REDIRECT] 
2026-05-08 10:31:52,759 [ERROR] LogOutputStream:75 - [STDERR_REDIRECT] [Fatal Error] :1:1: Premature end of file.
2026-05-08 10:31:52,759 [ERROR] LogOutputStream:75 - [STDERR_REDIRECT] 
2026-05-08 10:31:53,759 [ERROR] LogOutputStream:75 - [STDERR_REDIRECT] [Fatal Error] :1:1: Premature end of file.
2026-05-08 10:31:53,760 [ERROR] LogOutputStream:75 - [STDERR_REDIRECT] 
2026-05-08 10:31:54,751 [ERROR] LogOutputStream:75 - [STDERR_REDIRECT] [Fatal Error] :1:1: Premature end of file.
2026-05-08 10:31:54,752 [ERROR] LogOutputStream:75 - [STDERR_REDIRECT] 
2026-05-08 10:31:55,756 [ERROR] LogOutputStream:75 - [STDERR_REDIRECT] [Fatal Error] :1:1: Premature end of file.
2026-05-08 10:31:55,756 [ERROR] LogOutputStream:75 - [STDERR_REDIRECT] 
2026-05-08 10:31:56,764 [ERROR] LogOutputStream:75 - [STDERR_REDIRECT] [Fatal Error] :1:1: Premature end of file.
2026-05-08 10:31:56,765 [ERROR] LogOutputStream:75 - [STDERR_REDIRECT] 
2026-05-08 10:31:57,758 [ERROR] LogOutputStream:75 - [STDERR_REDIRECT] [Fatal Error] :1:1: Premature end of file.
2026-05-08 10:31:57,759 [ERROR] LogOutputStream:75 - [STDERR_REDIRECT] 
2026-05-08 10:31:58,757 [ERROR] LogOutputStream:75 - [STDERR_REDIRECT] [Fatal Error] :1:1: Premature end of file.
2026-05-08 10:31:58,757 [ERROR] LogOutputStream:75 - [STDERR_REDIRECT] 
2026-05-08 10:31:59,770 [ERROR] LogOutputStream:75 - [STDERR_REDIRECT] [Fatal Error] :1:1: Premature end of file.
2026-05-08 10:31:59,771 [ERROR] LogOutputStream:75 - [STDERR_REDIRECT] 
2026-05-08 10:32:00,760 [ERROR] LogOutputStream:75 - [STDERR_REDIRECT] [Fatal Error] :1:1: Premature end of file.
2026-05-08 10:32:00,760 [ERROR] LogOutputStream:75 - [STDERR_REDIRECT] 
2026-05-08 10:32:01,762 [ERROR] LogOutputStream:75 - [STDERR_REDIRECT] [Fatal Error] :1:1: Premature end of file.
2026-05-08 10:32:01,763 [ERROR] LogOutputStream:75 - [STDERR_REDIRECT] 
2026-05-08 10:32:02,757 [ERROR] LogOutputStream:75 - [STDERR_REDIRECT] [Fatal Error] :1:1: Premature end of file.
2026-05-08 10:32:02,757 [ERROR] LogOutputStream:75 - [STDERR_REDIRECT] 
2026-05-08 10:32:03,754 [ERROR] LogOutputStream:75 - [STDERR_REDIRECT] [Fatal Error] :1:1: Premature end of file.
2026-05-08 10:32:03,754 [ERROR] LogOutputStream:75 - [STDERR_REDIRECT] 
2026-05-08 10:32:04,738 [ERROR] LogOutputStream:75 - [STDERR_REDIRECT] [Fatal Error] :1:1: Premature end of file.
2026-05-08 10:32:04,738 [ERROR] LogOutputStream:75 - [STDERR_REDIRECT] 
2026-05-08 10:32:05,764 [ERROR] LogOutputStream:75 - [STDERR_REDIRECT] [Fatal Error] :1:1: Premature end of file.
2026-05-08 10:32:05,765 [ERROR] LogOutputStream:75 - [STDERR_REDIRECT] 
2026-05-08 10:32:06,769 [ERROR] LogOutputStream:75 - [STDERR_REDIRECT] [Fatal Error] :1:1: Premature end of file.
2026-05-08 10:32:06,769 [ERROR] LogOutputStream:75 - [STDERR_REDIRECT] 
2026-05-08 10:32:07,759 [ERROR] LogOutputStream:75 - [STDERR_REDIRECT] [Fatal Error] :1:1: Premature end of file.
2026-05-08 10:32:07,760 [ERROR] LogOutputStream:75 - [STDERR_REDIRECT] 
2026-05-08 10:32:08,761 [ERROR] LogOutputStream:75 - [STDERR_REDIRECT] [Fatal Error] :1:1: Premature end of file.
2026-05-08 10:32:08,761 [ERROR] LogOutputStream:75 - [STDERR_REDIRECT] 
2026-05-08 10:32:09,756 [ERROR] LogOutputStream:75 - [STDERR_REDIRECT] [Fatal Error] :1:1: Premature end of file.
2026-05-08 10:32:09,756 [ERROR] LogOutputStream:75 - [STDERR_REDIRECT] 
2026-05-08 10:32:10,762 [ERROR] LogOutputStream:75 - [STDERR_REDIRECT] [Fatal Error] :1:1: Premature end of file.
2026-05-08 10:32:10,762 [ERROR] LogOutputStream:75 - [STDERR_REDIRECT] 
2026-05-08 10:32:11,785 [ERROR] LogOutputStream:75 - [STDERR_REDIRECT] [Fatal Error] :1:1: Premature end of file.
2026-05-08 10:32:11,785 [ERROR] LogOutputStream:75 - [STDERR_REDIRECT] 
2026-05-08 10:32:12,763 [ERROR] LogOutputStream:75 - [STDERR_REDIRECT] [Fatal Error] :1:1: Premature end of file.
2026-05-08 10:32:12,763 [ERROR] LogOutputStream:75 - [STDERR_REDIRECT] 
2026-05-08 10:32:13,762 [ERROR] LogOutputStream:75 - [STDERR_REDIRECT] [Fatal Error] :1:1: Premature end of file.
2026-05-08 10:32:13,762 [ERROR] LogOutputStream:75 - [STDERR_REDIRECT] 
2026-05-08 10:32:14,767 [ERROR] LogOutputStream:75 - [STDERR_REDIRECT] [Fatal Error] :1:1: Premature end of file.
2026-05-08 10:32:14,767 [ERROR] LogOutputStream:75 - [STDERR_REDIRECT] 
2026-05-08 10:32:15,764 [ERROR] LogOutputStream:75 - [STDERR_REDIRECT] [Fatal Error] :1:1: Premature end of file.
2026-05-08 10:32:15,764 [ERROR] LogOutputStream:75 - [STDERR_REDIRECT] 
2026-05-08 10:32:16,763 [ERROR] LogOutputStream:75 - [STDERR_REDIRECT] [Fatal Error] :1:1: Premature end of file.
2026-05-08 10:32:16,763 [ERROR] LogOutputStream:75 - [STDERR_REDIRECT] 
2026-05-08 10:32:17,756 [ERROR] LogOutputStream:75 - [STDERR_REDIRECT] [Fatal Error] :1:1: Premature end of file.
2026-05-08 10:32:17,756 [ERROR] LogOutputStream:75 - [STDERR_REDIRECT] 
2026-05-08 10:32:18,760 [ERROR] LogOutputStream:75 - [STDERR_REDIRECT] [Fatal Error] :1:1: Premature end of file.
2026-05-08 10:32:18,760 [ERROR] LogOutputStream:75 - [STDERR_REDIRECT] 
2026-05-08 10:32:19,763 [ERROR] LogOutputStream:75 - [STDERR_REDIRECT] [Fatal Error] :1:1: Premature end of file.
2026-05-08 10:32:19,763 [ERROR] LogOutputStream:75 - [STDERR_REDIRECT] 
2026-05-08 10:32:20,764 [ERROR] LogOutputStream:75 - [STDERR_REDIRECT] [Fatal Error] :1:1: Premature end of file.
2026-05-08 10:32:20,764 [ERROR] LogOutputStream:75 - [STDERR_REDIRECT] 
2026-05-08 10:32:21,773 [ERROR] LogOutputStream:75 - [STDERR_REDIRECT] [Fatal Error] :1:1: Premature end of file.
2026-05-08 10:32:21,774 [ERROR] LogOutputStream:75 - [STDERR_REDIRECT] 
2026-05-08 10:32:22,771 [ERROR] LogOutputStream:75 - [STDERR_REDIRECT] [Fatal Error] :1:1: Premature end of file.
2026-05-08 10:32:22,771 [ERROR] LogOutputStream:75 - [STDERR_REDIRECT] 
2026-05-08 10:32:23,758 [ERROR] LogOutputStream:75 - [STDERR_REDIRECT] [Fatal Error] :1:1: Premature end of file.
2026-05-08 10:32:23,759 [ERROR] LogOutputStream:75 - [STDERR_REDIRECT] 
2026-05-08 10:32:24,749 [ERROR] LogOutputStream:75 - [STDERR_REDIRECT] [Fatal Error] :1:1: Premature end of file.
2026-05-08 10:32:24,749 [ERROR] LogOutputStream:75 - [STDERR_REDIRECT] 
2026-05-08 10:32:25,765 [ERROR] LogOutputStream:75 - [STDERR_REDIRECT] [Fatal Error] :1:1: Premature end of file.
2026-05-08 10:32:25,766 [ERROR] LogOutputStream:75 - [STDERR_REDIRECT] 
2026-05-08 10:32:26,766 [ERROR] LogOutputStream:75 - [STDERR_REDIRECT] [Fatal Error] :1:1: Premature end of file.
2026-05-08 10:32:26,766 [ERROR] LogOutputStream:75 - [STDERR_REDIRECT] 
2026-05-08 10:32:27,758 [ERROR] LogOutputStream:75 - [STDERR_REDIRECT] [Fatal Error] :1:1: Premature end of file.
2026-05-08 10:32:27,758 [ERROR] LogOutputStream:75 - [STDERR_REDIRECT] 
2026-05-08 10:32:28,753 [ERROR] LogOutputStream:75 - [STDERR_REDIRECT] [Fatal Error] :1:1: Premature end of file.
2026-05-08 10:32:28,754 [ERROR] LogOutputStream:75 - [STDERR_REDIRECT] 
2026-05-08 10:32:29,759 [ERROR] LogOutputStream:75 - [STDERR_REDIRECT] [Fatal Error] :1:1: Premature end of file.
2026-05-08 10:32:29,759 [ERROR] LogOutputStream:75 - [STDERR_REDIRECT] 
2026-05-08 10:32:30,761 [ERROR] LogOutputStream:75 - [STDERR_REDIRECT] [Fatal Error] :1:1: Premature end of file.
2026-05-08 10:32:30,762 [ERROR] LogOutputStream:75 - [STDERR_REDIRECT] 
2026-05-08 10:32:31,768 [ERROR] LogOutputStream:75 - [STDERR_REDIRECT] [Fatal Error] :1:1: Premature end of file.
2026-05-08 10:32:31,769 [ERROR] LogOutputStream:75 - [STDERR_REDIRECT] 
2026-05-08 10:32:32,756 [ERROR] LogOutputStream:75 - [STDERR_REDIRECT] [Fatal Error] :1:1: Premature end of file.
2026-05-08 10:32:32,756 [ERROR] LogOutputStream:75 - [STDERR_REDIRECT] 
2026-05-08 10:32:33,758 [ERROR] LogOutputStream:75 - [STDERR_REDIRECT] [Fatal Error] :1:1: Premature end of file.
2026-05-08 10:32:33,758 [ERROR] LogOutputStream:75 - [STDERR_REDIRECT] 
2026-05-08 10:32:34,759 [ERROR] LogOutputStream:75 - [STDERR_REDIRECT] [Fatal Error] :1:1: Premature end of file.
2026-05-08 10:32:34,760 [ERROR] LogOutputStream:75 - [STDERR_REDIRECT] 
2026-05-08 10:32:35,759 [ERROR] LogOutputStream:75 - [STDERR_REDIRECT] [Fatal Error] :1:1: Premature end of file.
2026-05-08 10:32:35,759 [ERROR] LogOutputStream:75 - [STDERR_REDIRECT] 
2026-05-08 10:32:36,761 [ERROR] LogOutputStream:75 - [STDERR_REDIRECT] [Fatal Error] :1:1: Premature end of file.
2026-05-08 10:32:36,761 [ERROR] LogOutputStream:75 - [STDERR_REDIRECT] 
2026-05-08 10:32:37,769 [ERROR] LogOutputStream:75 - [STDERR_REDIRECT] [Fatal Error] :1:1: Premature end of file.
2026-05-08 10:32:37,769 [ERROR] LogOutputStream:75 - [STDERR_REDIRECT] 
2026-05-08 10:32:38,761 [ERROR] LogOutputStream:75 - [STDERR_REDIRECT] [Fatal Error] :1:1: Premature end of file.
2026-05-08 10:32:38,761 [ERROR] LogOutputStream:75 - [STDERR_REDIRECT] 
2026-05-08 10:32:39,759 [ERROR] LogOutputStream:75 - [STDERR_REDIRECT] [Fatal Error] :1:1: Premature end of file.
2026-05-08 10:32:39,759 [ERROR] LogOutputStream:75 - [STDERR_REDIRECT] 
2026-05-08 10:32:40,763 [ERROR] LogOutputStream:75 - [STDERR_REDIRECT] [Fatal Error] :1:1: Premature end of file.
2026-05-08 10:32:40,764 [ERROR] LogOutputStream:75 - [STDERR_REDIRECT] 
2026-05-08 10:32:41,765 [ERROR] LogOutputStream:75 - [STDERR_REDIRECT] [Fatal Error] :1:1: Premature end of file.
2026-05-08 10:32:41,765 [ERROR] LogOutputStream:75 - [STDERR_REDIRECT] 
2026-05-08 10:32:42,758 [ERROR] LogOutputStream:75 - [STDERR_REDIRECT] [Fatal Error] :1:1: Premature end of file.
2026-05-08 10:32:42,758 [ERROR] LogOutputStream:75 - [STDERR_REDIRECT] 
2026-05-08 10:32:43,761 [ERROR] LogOutputStream:75 - [STDERR_REDIRECT] [Fatal Error] :1:1: Premature end of file.
2026-05-08 10:32:43,761 [ERROR] LogOutputStream:75 - [STDERR_REDIRECT] 
2026-05-08 10:32:44,757 [ERROR] LogOutputStream:75 - [STDERR_REDIRECT] [Fatal Error] :1:1: Premature end of file.
2026-05-08 10:32:44,757 [ERROR] LogOutputStream:75 - [STDERR_REDIRECT] 
2026-05-08 10:32:45,761 [ERROR] LogOutputStream:75 - [STDERR_REDIRECT] [Fatal Error] :1:1: Premature end of file.
2026-05-08 10:32:45,761 [ERROR] LogOutputStream:75 - [STDERR_REDIRECT] 
2026-05-08 10:32:46,754 [ERROR] LogOutputStream:75 - [STDERR_REDIRECT] [Fatal Error] :1:1: Premature end of file.
2026-05-08 10:32:46,754 [ERROR] LogOutputStream:75 - [STDERR_REDIRECT] 
2026-05-08 10:32:47,767 [ERROR] LogOutputStream:75 - [STDERR_REDIRECT] [Fatal Error] :1:1: Premature end of file.
2026-05-08 10:32:47,767 [ERROR] LogOutputStream:75 - [STDERR_REDIRECT] 
2026-05-08 10:32:48,758 [ERROR] LogOutputStream:75 - [STDERR_REDIRECT] [Fatal Error] :1:1: Premature end of file.
2026-05-08 10:32:48,758 [ERROR] LogOutputStream:75 - [STDERR_REDIRECT] 
2026-05-08 10:32:49,758 [ERROR] LogOutputStream:75 - [STDERR_REDIRECT] [Fatal Error] :1:1: Premature end of file.
2026-05-08 10:32:49,758 [ERROR] LogOutputStream:75 - [STDERR_REDIRECT] 
2026-05-08 10:32:50,770 [ERROR] LogOutputStream:75 - [STDERR_REDIRECT] [Fatal Error] :1:1: Premature end of file.
2026-05-08 10:32:50,770 [ERROR] LogOutputStream:75 - [STDERR_REDIRECT] 
2026-05-08 10:32:51,770 [ERROR] LogOutputStream:75 - [STDERR_REDIRECT] [Fatal Error] :1:1: Premature end of file.
2026-05-08 10:32:51,771 [ERROR] LogOutputStream:75 - [STDERR_REDIRECT] 
2026-05-08 10:32:52,766 [ERROR] LogOutputStream:75 - [STDERR_REDIRECT] [Fatal Error] :1:1: Premature end of file.
2026-05-08 10:32:52,766 [ERROR] LogOutputStream:75 - [STDERR_REDIRECT] 
2026-05-08 10:32:53,757 [ERROR] LogOutputStream:75 - [STDERR_REDIRECT] [Fatal Error] :1:1: Premature end of file.
2026-05-08 10:32:53,757 [ERROR] LogOutputStream:75 - [STDERR_REDIRECT] 
2026-05-08 10:32:54,763 [ERROR] LogOutputStream:75 - [STDERR_REDIRECT] [Fatal Error] :1:1: Premature end of file.
2026-05-08 10:32:54,763 [ERROR] LogOutputStream:75 - [STDERR_REDIRECT] 
2026-05-08 10:32:55,754 [ERROR] LogOutputStream:75 - [STDERR_REDIRECT] [Fatal Error] :1:1: Premature end of file.
2026-05-08 10:32:55,754 [ERROR] LogOutputStream:75 - [STDERR_REDIRECT] 
2026-05-08 10:32:56,762 [ERROR] LogOutputStream:75 - [STDERR_REDIRECT] [Fatal Error] :1:1: Premature end of file.
2026-05-08 10:32:56,762 [ERROR] LogOutputStream:75 - [STDERR_REDIRECT] 
2026-05-08 10:32:57,766 [ERROR] LogOutputStream:75 - [STDERR_REDIRECT] [Fatal Error] :1:1: Premature end of file.
2026-05-08 10:32:57,766 [ERROR] LogOutputStream:75 - [STDERR_REDIRECT] 
2026-05-08 10:32:58,759 [ERROR] LogOutputStream:75 - [STDERR_REDIRECT] [Fatal Error] :1:1: Premature end of file.
2026-05-08 10:32:58,759 [ERROR] LogOutputStream:75 - [STDERR_REDIRECT] 
2026-05-08 10:32:59,756 [ERROR] LogOutputStream:75 - [STDERR_REDIRECT] [Fatal Error] :1:1: Premature end of file.
2026-05-08 10:32:59,757 [ERROR] LogOutputStream:75 - [STDERR_REDIRECT] 
2026-05-08 10:33:00,763 [ERROR] LogOutputStream:75 - [STDERR_REDIRECT] [Fatal Error] :1:1: Premature end of file.
2026-05-08 10:33:00,764 [ERROR] LogOutputStream:75 - [STDERR_REDIRECT] 
2026-05-08 10:33:01,762 [ERROR] LogOutputStream:75 - [STDERR_REDIRECT] [Fatal Error] :1:1: Premature end of file.
2026-05-08 10:33:01,763 [ERROR] LogOutputStream:75 - [STDERR_REDIRECT] 
2026-05-08 10:33:02,760 [ERROR] LogOutputStream:75 - [STDERR_REDIRECT] [Fatal Error] :1:1: Premature end of file.
2026-05-08 10:33:02,760 [ERROR] LogOutputStream:75 - [STDERR_REDIRECT] 
2026-05-08 10:33:03,762 [ERROR] LogOutputStream:75 - [STDERR_REDIRECT] [Fatal Error] :1:1: Premature end of file.
2026-05-08 10:33:03,762 [ERROR] LogOutputStream:75 - [STDERR_REDIRECT] 
2026-05-08 10:33:04,761 [ERROR] LogOutputStream:75 - [STDERR_REDIRECT] [Fatal Error] :1:1: Premature end of file.
2026-05-08 10:33:04,762 [ERROR] LogOutputStream:75 - [STDERR_REDIRECT] 
2026-05-08 10:33:05,759 [ERROR] LogOutputStream:75 - [STDERR_REDIRECT] [Fatal Error] :1:1: Premature end of file.
2026-05-08 10:33:05,759 [ERROR] LogOutputStream:75 - [STDERR_REDIRECT] 
2026-05-08 10:33:06,757 [ERROR] LogOutputStream:75 - [STDERR_REDIRECT] [Fatal Error] :1:1: Premature end of file.
2026-05-08 10:33:06,757 [ERROR] LogOutputStream:75 - [STDERR_REDIRECT] 
2026-05-08 10:33:07,755 [ERROR] LogOutputStream:75 - [STDERR_REDIRECT] [Fatal Error] :1:1: Premature end of file.
2026-05-08 10:33:07,755 [ERROR] LogOutputStream:75 - [STDERR_REDIRECT] 
2026-05-08 10:33:08,774 [ERROR] LogOutputStream:75 - [STDERR_REDIRECT] [Fatal Error] :1:1: Premature end of file.
2026-05-08 10:33:08,774 [ERROR] LogOutputStream:75 - [STDERR_REDIRECT] 
2026-05-08 10:33:09,761 [ERROR] LogOutputStream:75 - [STDERR_REDIRECT] [Fatal Error] :1:1: Premature end of file.
2026-05-08 10:33:09,761 [ERROR] LogOutputStream:75 - [STDERR_REDIRECT] 
2026-05-08 10:33:10,758 [ERROR] LogOutputStream:75 - [STDERR_REDIRECT] [Fatal Error] :1:1: Premature end of file.
2026-05-08 10:33:10,758 [ERROR] LogOutputStream:75 - [STDERR_REDIRECT] 
2026-05-08 10:33:11,789 [ERROR] LogOutputStream:75 - [STDERR_REDIRECT] [Fatal Error] :1:1: Premature end of file.
2026-05-08 10:33:11,790 [ERROR] LogOutputStream:75 - [STDERR_REDIRECT] 
2026-05-08 10:33:12,757 [ERROR] LogOutputStream:75 - [STDERR_REDIRECT] [Fatal Error] :1:1: Premature end of file.
2026-05-08 10:33:12,757 [ERROR] LogOutputStream:75 - [STDERR_REDIRECT] 
2026-05-08 10:33:13,762 [ERROR] LogOutputStream:75 - [STDERR_REDIRECT] [Fatal Error] :1:1: Premature end of file.
2026-05-08 10:33:13,762 [ERROR] LogOutputStream:75 - [STDERR_REDIRECT] 
2026-05-08 10:33:14,764 [ERROR] LogOutputStream:75 - [STDERR_REDIRECT] [Fatal Error] :1:1: Premature end of file.
2026-05-08 10:33:14,764 [ERROR] LogOutputStream:75 - [STDERR_REDIRECT] 
2026-05-08 10:33:15,757 [ERROR] LogOutputStream:75 - [STDERR_REDIRECT] [Fatal Error] :1:1: Premature end of file.
2026-05-08 10:33:15,758 [ERROR] LogOutputStream:75 - [STDERR_REDIRECT] 
2026-05-08 10:33:16,780 [ERROR] LogOutputStream:75 - [STDERR_REDIRECT] [Fatal Error] :1:1: Premature end of file.
2026-05-08 10:33:16,780 [ERROR] LogOutputStream:75 - [STDERR_REDIRECT] 
2026-05-08 10:33:17,784 [ERROR] LogOutputStream:75 - [STDERR_REDIRECT] [Fatal Error] :1:1: Premature end of file.
2026-05-08 10:33:17,784 [ERROR] LogOutputStream:75 - [STDERR_REDIRECT] 
2026-05-08 10:33:18,758 [ERROR] LogOutputStream:75 - [STDERR_REDIRECT] [Fatal Error] :1:1: Premature end of file.
2026-05-08 10:33:18,759 [ERROR] LogOutputStream:75 - [STDERR_REDIRECT] 
2026-05-08 10:33:19,753 [ERROR] LogOutputStream:75 - [STDERR_REDIRECT] [Fatal Error] :1:1: Premature end of file.
2026-05-08 10:33:19,754 [ERROR] LogOutputStream:75 - [STDERR_REDIRECT] 
2026-05-08 10:33:20,754 [ERROR] LogOutputStream:75 - [STDERR_REDIRECT] [Fatal Error] :1:1: Premature end of file.
2026-05-08 10:33:20,754 [ERROR] LogOutputStream:75 - [STDERR_REDIRECT] 
2026-05-08 10:33:21,758 [ERROR] LogOutputStream:75 - [STDERR_REDIRECT] [Fatal Error] :1:1: Premature end of file.
2026-05-08 10:33:21,758 [ERROR] LogOutputStream:75 - [STDERR_REDIRECT] 
2026-05-08 10:33:22,756 [ERROR] LogOutputStream:75 - [STDERR_REDIRECT] [Fatal Error] :1:1: Premature end of file.
2026-05-08 10:33:22,756 [ERROR] LogOutputStream:75 - [STDERR_REDIRECT] 
2026-05-08 10:33:23,765 [ERROR] LogOutputStream:75 - [STDERR_REDIRECT] [Fatal Error] :1:1: Premature end of file.
2026-05-08 10:33:23,766 [ERROR] LogOutputStream:75 - [STDERR_REDIRECT] 
2026-05-08 10:33:24,755 [ERROR] LogOutputStream:75 - [STDERR_REDIRECT] [Fatal Error] :1:1: Premature end of file.
2026-05-08 10:33:24,755 [ERROR] LogOutputStream:75 - [STDERR_REDIRECT] 
2026-05-08 10:33:25,758 [ERROR] LogOutputStream:75 - [STDERR_REDIRECT] [Fatal Error] :1:1: Premature end of file.
2026-05-08 10:33:25,758 [ERROR] LogOutputStream:75 - [STDERR_REDIRECT] 
2026-05-08 10:33:26,758 [ERROR] LogOutputStream:75 - [STDERR_REDIRECT] [Fatal Error] :1:1: Premature end of file.
2026-05-08 10:33:26,758 [ERROR] LogOutputStream:75 - [STDERR_REDIRECT] 
2026-05-08 10:33:27,768 [ERROR] LogOutputStream:75 - [STDERR_REDIRECT] [Fatal Error] :1:1: Premature end of file.
2026-05-08 10:33:27,768 [ERROR] LogOutputStream:75 - [STDERR_REDIRECT] 
2026-05-08 10:33:28,753 [ERROR] LogOutputStream:75 - [STDERR_REDIRECT] [Fatal Error] :1:1: Premature end of file.
2026-05-08 10:33:28,753 [ERROR] LogOutputStream:75 - [STDERR_REDIRECT] 
2026-05-08 10:33:29,761 [ERROR] LogOutputStream:75 - [STDERR_REDIRECT] [Fatal Error] :1:1: Premature end of file.
2026-05-08 10:33:29,761 [ERROR] LogOutputStream:75 - [STDERR_REDIRECT] 
2026-05-08 10:33:30,758 [ERROR] LogOutputStream:75 - [STDERR_REDIRECT] [Fatal Error] :1:1: Premature end of file.
2026-05-08 10:33:30,758 [ERROR] LogOutputStream:75 - [STDERR_REDIRECT] 
2026-05-08 10:33:31,757 [ERROR] LogOutputStream:75 - [STDERR_REDIRECT] [Fatal Error] :1:1: Premature end of file.
2026-05-08 10:33:31,758 [ERROR] LogOutputStream:75 - [STDERR_REDIRECT] 
2026-05-08 10:33:32,764 [ERROR] LogOutputStream:75 - [STDERR_REDIRECT] [Fatal Error] :1:1: Premature end of file.
2026-05-08 10:33:32,765 [ERROR] LogOutputStream:75 - [STDERR_REDIRECT] 
2026-05-08 10:33:33,762 [ERROR] LogOutputStream:75 - [STDERR_REDIRECT] [Fatal Error] :1:1: Premature end of file.
2026-05-08 10:33:33,762 [ERROR] LogOutputStream:75 - [STDERR_REDIRECT] 
2026-05-08 10:33:34,759 [ERROR] LogOutputStream:75 - [STDERR_REDIRECT] [Fatal Error] :1:1: Premature end of file.
2026-05-08 10:33:34,759 [ERROR] LogOutputStream:75 - [STDERR_REDIRECT] 
2026-05-08 10:33:35,762 [ERROR] LogOutputStream:75 - [STDERR_REDIRECT] [Fatal Error] :1:1: Premature end of file.
2026-05-08 10:33:35,762 [ERROR] LogOutputStream:75 - [STDERR_REDIRECT] 
2026-05-08 10:33:36,757 [ERROR] LogOutputStream:75 - [STDERR_REDIRECT] [Fatal Error] :1:1: Premature end of file.
2026-05-08 10:33:36,757 [ERROR] LogOutputStream:75 - [STDERR_REDIRECT] 
2026-05-08 10:33:37,765 [ERROR] LogOutputStream:75 - [STDERR_REDIRECT] [Fatal Error] :1:1: Premature end of file.
2026-05-08 10:33:37,765 [ERROR] LogOutputStream:75 - [STDERR_REDIRECT] 
2026-05-08 10:33:38,752 [ERROR] LogOutputStream:75 - [STDERR_REDIRECT] [Fatal Error] :1:1: Premature end of file.
2026-05-08 10:33:38,753 [ERROR] LogOutputStream:75 - [STDERR_REDIRECT] 
2026-05-08 10:33:39,764 [ERROR] LogOutputStream:75 - [STDERR_REDIRECT] [Fatal Error] :1:1: Premature end of file.
2026-05-08 10:33:39,764 [ERROR] LogOutputStream:75 - [STDERR_REDIRECT] 
2026-05-08 10:33:40,752 [ERROR] LogOutputStream:75 - [STDERR_REDIRECT] [Fatal Error] :1:1: Premature end of file.
2026-05-08 10:33:40,752 [ERROR] LogOutputStream:75 - [STDERR_REDIRECT] 
2026-05-08 10:33:41,774 [ERROR] LogOutputStream:75 - [STDERR_REDIRECT] [Fatal Error] :1:1: Premature end of file.
2026-05-08 10:33:41,775 [ERROR] LogOutputStream:75 - [STDERR_REDIRECT] 
2026-05-08 10:33:42,761 [ERROR] LogOutputStream:75 - [STDERR_REDIRECT] [Fatal Error] :1:1: Premature end of file.
2026-05-08 10:33:42,761 [ERROR] LogOutputStream:75 - [STDERR_REDIRECT] 
2026-05-08 10:33:43,757 [ERROR] LogOutputStream:75 - [STDERR_REDIRECT] [Fatal Error] :1:1: Premature end of file.
2026-05-08 10:33:43,757 [ERROR] LogOutputStream:75 - [STDERR_REDIRECT] 
2026-05-08 10:33:44,758 [ERROR] LogOutputStream:75 - [STDERR_REDIRECT] [Fatal Error] :1:1: Premature end of file.
2026-05-08 10:33:44,759 [ERROR] LogOutputStream:75 - [STDERR_REDIRECT] 
2026-05-08 10:33:45,760 [ERROR] LogOutputStream:75 - [STDERR_REDIRECT] [Fatal Error] :1:1: Premature end of file.
2026-05-08 10:33:45,760 [ERROR] LogOutputStream:75 - [STDERR_REDIRECT] 
2026-05-08 10:33:46,754 [ERROR] LogOutputStream:75 - [STDERR_REDIRECT] [Fatal Error] :1:1: Premature end of file.
2026-05-08 10:33:46,755 [ERROR] LogOutputStream:75 - [STDERR_REDIRECT] 
2026-05-08 10:33:47,761 [ERROR] LogOutputStream:75 - [STDERR_REDIRECT] [Fatal Error] :1:1: Premature end of file.
2026-05-08 10:33:47,761 [ERROR] LogOutputStream:75 - [STDERR_REDIRECT] 
2026-05-08 10:33:48,764 [ERROR] LogOutputStream:75 - [STDERR_REDIRECT] [Fatal Error] :1:1: Premature end of file.
2026-05-08 10:33:48,765 [ERROR] LogOutputStream:75 - [STDERR_REDIRECT] 
2026-05-08 10:33:49,758 [ERROR] LogOutputStream:75 - [STDERR_REDIRECT] [Fatal Error] :1:1: Premature end of file.
2026-05-08 10:33:49,759 [ERROR] LogOutputStream:75 - [STDERR_REDIRECT] 
2026-05-08 10:33:50,758 [ERROR] LogOutputStream:75 - [STDERR_REDIRECT] [Fatal Error] :1:1: Premature end of file.
2026-05-08 10:33:50,759 [ERROR] LogOutputStream:75 - [STDERR_REDIRECT] 
2026-05-08 10:33:51,760 [ERROR] LogOutputStream:75 - [STDERR_REDIRECT] [Fatal Error] :1:1: Premature end of file.
2026-05-08 10:33:51,760 [ERROR] LogOutputStream:75 - [STDERR_REDIRECT] 
2026-05-08 10:33:52,755 [ERROR] LogOutputStream:75 - [STDERR_REDIRECT] [Fatal Error] :1:1: Premature end of file.
2026-05-08 10:33:52,755 [ERROR] LogOutputStream:75 - [STDERR_REDIRECT] 
2026-05-08 10:33:53,763 [ERROR] LogOutputStream:75 - [STDERR_REDIRECT] [Fatal Error] :1:1: Premature end of file.
2026-05-08 10:33:53,764 [ERROR] LogOutputStream:75 - [STDERR_REDIRECT] 
2026-05-08 10:33:54,758 [ERROR] LogOutputStream:75 - [STDERR_REDIRECT] [Fatal Error] :1:1: Premature end of file.
2026-05-08 10:33:54,758 [ERROR] LogOutputStream:75 - [STDERR_REDIRECT] 
2026-05-08 10:33:55,757 [ERROR] LogOutputStream:75 - [STDERR_REDIRECT] [Fatal Error] :1:1: Premature end of file.
2026-05-08 10:33:55,757 [ERROR] LogOutputStream:75 - [STDERR_REDIRECT] 
2026-05-08 10:33:56,760 [ERROR] LogOutputStream:75 - [STDERR_REDIRECT] [Fatal Error] :1:1: Premature end of file.
2026-05-08 10:33:56,760 [ERROR] LogOutputStream:75 - [STDERR_REDIRECT] 
2026-05-08 10:33:57,755 [ERROR] LogOutputStream:75 - [STDERR_REDIRECT] [Fatal Error] :1:1: Premature end of file.
2026-05-08 10:33:57,755 [ERROR] LogOutputStream:75 - [STDERR_REDIRECT] 
2026-05-08 10:33:58,770 [ERROR] LogOutputStream:75 - [STDERR_REDIRECT] [Fatal Error] :1:1: Premature end of file.
2026-05-08 10:33:58,770 [ERROR] LogOutputStream:75 - [STDERR_REDIRECT] 
2026-05-08 10:33:59,763 [ERROR] LogOutputStream:75 - [STDERR_REDIRECT] [Fatal Error] :1:1: Premature end of file.
2026-05-08 10:33:59,763 [ERROR] LogOutputStream:75 - [STDERR_REDIRECT] 
2026-05-08 10:34:00,766 [ERROR] LogOutputStream:75 - [STDERR_REDIRECT] [Fatal Error] :1:1: Premature end of file.
2026-05-08 10:34:00,766 [ERROR] LogOutputStream:75 - [STDERR_REDIRECT] 
2026-05-08 10:34:01,768 [ERROR] LogOutputStream:75 - [STDERR_REDIRECT] [Fatal Error] :1:1: Premature end of file.
2026-05-08 10:34:01,768 [ERROR] LogOutputStream:75 - [STDERR_REDIRECT] 
2026-05-08 10:34:02,766 [ERROR] LogOutputStream:75 - [STDERR_REDIRECT] [Fatal Error] :1:1: Premature end of file.
2026-05-08 10:34:02,766 [ERROR] LogOutputStream:75 - [STDERR_REDIRECT] 
2026-05-08 10:34:03,763 [ERROR] LogOutputStream:75 - [STDERR_REDIRECT] [Fatal Error] :1:1: Premature end of file.
2026-05-08 10:34:03,763 [ERROR] LogOutputStream:75 - [STDERR_REDIRECT] 
2026-05-08 10:34:04,761 [ERROR] LogOutputStream:75 - [STDERR_REDIRECT] [Fatal Error] :1:1: Premature end of file.
2026-05-08 10:34:04,761 [ERROR] LogOutputStream:75 - [STDERR_REDIRECT] 
2026-05-08 10:34:05,753 [ERROR] LogOutputStream:75 - [STDERR_REDIRECT] [Fatal Error] :1:1: Premature end of file.
2026-05-08 10:34:05,753 [ERROR] LogOutputStream:75 - [STDERR_REDIRECT] 
2026-05-08 10:34:06,752 [ERROR] LogOutputStream:75 - [STDERR_REDIRECT] [Fatal Error] :1:1: Premature end of file.
2026-05-08 10:34:06,752 [ERROR] LogOutputStream:75 - [STDERR_REDIRECT] 
2026-05-08 10:34:07,761 [ERROR] LogOutputStream:75 - [STDERR_REDIRECT] [Fatal Error] :1:1: Premature end of file.
2026-05-08 10:34:07,761 [ERROR] LogOutputStream:75 - [STDERR_REDIRECT] 
2026-05-08 10:34:08,759 [ERROR] LogOutputStream:75 - [STDERR_REDIRECT] [Fatal Error] :1:1: Premature end of file.
2026-05-08 10:34:08,760 [ERROR] LogOutputStream:75 - [STDERR_REDIRECT] 
2026-05-08 10:34:09,754 [ERROR] LogOutputStream:75 - [STDERR_REDIRECT] [Fatal Error] :1:1: Premature end of file.
2026-05-08 10:34:09,754 [ERROR] LogOutputStream:75 - [STDERR_REDIRECT] 
2026-05-08 10:34:10,768 [ERROR] LogOutputStream:75 - [STDERR_REDIRECT] [Fatal Error] :1:1: Premature end of file.
2026-05-08 10:34:10,768 [ERROR] LogOutputStream:75 - [STDERR_REDIRECT] 
2026-05-08 10:34:11,786 [ERROR] LogOutputStream:75 - [STDERR_REDIRECT] [Fatal Error] :1:1: Premature end of file.
2026-05-08 10:34:11,787 [ERROR] LogOutputStream:75 - [STDERR_REDIRECT] 
2026-05-08 10:34:12,759 [ERROR] LogOutputStream:75 - [STDERR_REDIRECT] [Fatal Error] :1:1: Premature end of file.
2026-05-08 10:34:12,759 [ERROR] LogOutputStream:75 - [STDERR_REDIRECT] 
2026-05-08 10:34:13,756 [ERROR] LogOutputStream:75 - [STDERR_REDIRECT] [Fatal Error] :1:1: Premature end of file.
2026-05-08 10:34:13,756 [ERROR] LogOutputStream:75 - [STDERR_REDIRECT] 
2026-05-08 10:34:14,761 [ERROR] LogOutputStream:75 - [STDERR_REDIRECT] [Fatal Error] :1:1: Premature end of file.
2026-05-08 10:34:14,761 [ERROR] LogOutputStream:75 - [STDERR_REDIRECT] 
2026-05-08 10:34:15,761 [ERROR] LogOutputStream:75 - [STDERR_REDIRECT] [Fatal Error] :1:1: Premature end of file.
2026-05-08 10:34:15,762 [ERROR] LogOutputStream:75 - [STDERR_REDIRECT] 
2026-05-08 10:34:16,757 [ERROR] LogOutputStream:75 - [STDERR_REDIRECT] [Fatal Error] :1:1: Premature end of file.
2026-05-08 10:34:16,757 [ERROR] LogOutputStream:75 - [STDERR_REDIRECT] 
2026-05-08 10:34:17,760 [ERROR] LogOutputStream:75 - [STDERR_REDIRECT] [Fatal Error] :1:1: Premature end of file.
2026-05-08 10:34:17,760 [ERROR] LogOutputStream:75 - [STDERR_REDIRECT] 
2026-05-08 10:34:18,758 [ERROR] LogOutputStream:75 - [STDERR_REDIRECT] [Fatal Error] :1:1: Premature end of file.
2026-05-08 10:34:18,758 [ERROR] LogOutputStream:75 - [STDERR_REDIRECT] 
2026-05-08 10:34:19,755 [ERROR] LogOutputStream:75 - [STDERR_REDIRECT] [Fatal Error] :1:1: Premature end of file.
2026-05-08 10:34:19,756 [ERROR] LogOutputStream:75 - [STDERR_REDIRECT] 
2026-05-08 10:34:20,761 [ERROR] LogOutputStream:75 - [STDERR_REDIRECT] [Fatal Error] :1:1: Premature end of file.
2026-05-08 10:34:20,762 [ERROR] LogOutputStream:75 - [STDERR_REDIRECT] 
2026-05-08 10:34:21,768 [ERROR] LogOutputStream:75 - [STDERR_REDIRECT] [Fatal Error] :1:1: Premature end of file.
2026-05-08 10:34:21,768 [ERROR] LogOutputStream:75 - [STDERR_REDIRECT] 
2026-05-08 10:34:22,758 [ERROR] LogOutputStream:75 - [STDERR_REDIRECT] [Fatal Error] :1:1: Premature end of file.
2026-05-08 10:34:22,758 [ERROR] LogOutputStream:75 - [STDERR_REDIRECT] 
2026-05-08 10:34:23,762 [ERROR] LogOutputStream:75 - [STDERR_REDIRECT] [Fatal Error] :1:1: Premature end of file.
2026-05-08 10:34:23,762 [ERROR] LogOutputStream:75 - [STDERR_REDIRECT] 
2026-05-08 10:34:24,758 [ERROR] LogOutputStream:75 - [STDERR_REDIRECT] [Fatal Error] :1:1: Premature end of file.
2026-05-08 10:34:24,758 [ERROR] LogOutputStream:75 - [STDERR_REDIRECT] 
2026-05-08 10:34:25,761 [ERROR] LogOutputStream:75 - [STDERR_REDIRECT] [Fatal Error] :1:1: Premature end of file.
2026-05-08 10:34:25,761 [ERROR] LogOutputStream:75 - [STDERR_REDIRECT] 
2026-05-08 10:34:26,764 [ERROR] LogOutputStream:75 - [STDERR_REDIRECT] [Fatal Error] :1:1: Premature end of file.
2026-05-08 10:34:26,765 [ERROR] LogOutputStream:75 - [STDERR_REDIRECT] 
2026-05-08 10:34:27,764 [ERROR] LogOutputStream:75 - [STDERR_REDIRECT] [Fatal Error] :1:1: Premature end of file.
2026-05-08 10:34:27,764 [ERROR] LogOutputStream:75 - [STDERR_REDIRECT] 
2026-05-08 10:34:28,755 [ERROR] LogOutputStream:75 - [STDERR_REDIRECT] [Fatal Error] :1:1: Premature end of file.
2026-05-08 10:34:28,756 [ERROR] LogOutputStream:75 - [STDERR_REDIRECT] 
2026-05-08 10:34:29,759 [ERROR] LogOutputStream:75 - [STDERR_REDIRECT] [Fatal Error] :1:1: Premature end of file.
2026-05-08 10:34:29,759 [ERROR] LogOutputStream:75 - [STDERR_REDIRECT] 
2026-05-08 10:34:30,753 [ERROR] LogOutputStream:75 - [STDERR_REDIRECT] [Fatal Error] :1:1: Premature end of file.
2026-05-08 10:34:30,753 [ERROR] LogOutputStream:75 - [STDERR_REDIRECT] 
2026-05-08 10:34:31,766 [ERROR] LogOutputStream:75 - [STDERR_REDIRECT] [Fatal Error] :1:1: Premature end of file.
2026-05-08 10:34:31,766 [ERROR] LogOutputStream:75 - [STDERR_REDIRECT] 
2026-05-08 10:34:32,766 [ERROR] LogOutputStream:75 - [STDERR_REDIRECT] [Fatal Error] :1:1: Premature end of file.
2026-05-08 10:34:32,766 [ERROR] LogOutputStream:75 - [STDERR_REDIRECT] 
2026-05-08 10:34:33,757 [ERROR] LogOutputStream:75 - [STDERR_REDIRECT] [Fatal Error] :1:1: Premature end of file.
2026-05-08 10:34:33,757 [ERROR] LogOutputStream:75 - [STDERR_REDIRECT] 
2026-05-08 10:34:34,756 [ERROR] LogOutputStream:75 - [STDERR_REDIRECT] [Fatal Error] :1:1: Premature end of file.
2026-05-08 10:34:34,757 [ERROR] LogOutputStream:75 - [STDERR_REDIRECT] 
2026-05-08 10:34:35,762 [ERROR] LogOutputStream:75 - [STDERR_REDIRECT] [Fatal Error] :1:1: Premature end of file.
2026-05-08 10:34:35,762 [ERROR] LogOutputStream:75 - [STDERR_REDIRECT] 
2026-05-08 10:34:36,761 [ERROR] LogOutputStream:75 - [STDERR_REDIRECT] [Fatal Error] :1:1: Premature end of file.
2026-05-08 10:34:36,762 [ERROR] LogOutputStream:75 - [STDERR_REDIRECT] 
2026-05-08 10:34:37,757 [ERROR] LogOutputStream:75 - [STDERR_REDIRECT] [Fatal Error] :1:1: Premature end of file.
2026-05-08 10:34:37,757 [ERROR] LogOutputStream:75 - [STDERR_REDIRECT] 
2026-05-08 10:34:38,755 [ERROR] LogOutputStream:75 - [STDERR_REDIRECT] [Fatal Error] :1:1: Premature end of file.
2026-05-08 10:34:38,755 [ERROR] LogOutputStream:75 - [STDERR_REDIRECT] 
2026-05-08 10:34:39,764 [ERROR] LogOutputStream:75 - [STDERR_REDIRECT] [Fatal Error] :1:1: Premature end of file.
2026-05-08 10:34:39,764 [ERROR] LogOutputStream:75 - [STDERR_REDIRECT] 
2026-05-08 10:34:40,741 [ERROR] LogOutputStream:75 - [STDERR_REDIRECT] [Fatal Error] :1:1: Premature end of file.
2026-05-08 10:34:40,741 [ERROR] LogOutputStream:75 - [STDERR_REDIRECT] 
2026-05-08 10:34:41,769 [ERROR] LogOutputStream:75 - [STDERR_REDIRECT] [Fatal Error] :1:1: Premature end of file.
2026-05-08 10:34:41,769 [ERROR] LogOutputStream:75 - [STDERR_REDIRECT] 
2026-05-08 10:34:42,743 [ERROR] LogOutputStream:75 - [STDERR_REDIRECT] [Fatal Error] :1:1: Premature end of file.
2026-05-08 10:34:42,743 [ERROR] LogOutputStream:75 - [STDERR_REDIRECT] 
2026-05-08 10:34:43,764 [ERROR] LogOutputStream:75 - [STDERR_REDIRECT] [Fatal Error] :1:1: Premature end of file.
2026-05-08 10:34:43,764 [ERROR] LogOutputStream:75 - [STDERR_REDIRECT] 
2026-05-08 10:34:44,741 [ERROR] LogOutputStream:75 - [STDERR_REDIRECT] [Fatal Error] :1:1: Premature end of file.
2026-05-08 10:34:44,741 [ERROR] LogOutputStream:75 - [STDERR_REDIRECT] 
2026-05-08 10:34:45,762 [ERROR] LogOutputStream:75 - [STDERR_REDIRECT] [Fatal Error] :1:1: Premature end of file.
2026-05-08 10:34:45,762 [ERROR] LogOutputStream:75 - [STDERR_REDIRECT] 
2026-05-08 10:34:46,765 [ERROR] LogOutputStream:75 - [STDERR_REDIRECT] [Fatal Error] :1:1: Premature end of file.
2026-05-08 10:34:46,765 [ERROR] LogOutputStream:75 - [STDERR_REDIRECT] 
2026-05-08 10:34:47,755 [ERROR] LogOutputStream:75 - [STDERR_REDIRECT] [Fatal Error] :1:1: Premature end of file.
2026-05-08 10:34:47,755 [ERROR] LogOutputStream:75 - [STDERR_REDIRECT] 
2026-05-08 10:34:48,763 [ERROR] LogOutputStream:75 - [STDERR_REDIRECT] [Fatal Error] :1:1: Premature end of file.
2026-05-08 10:34:48,763 [ERROR] LogOutputStream:75 - [STDERR_REDIRECT] 
2026-05-08 10:34:49,759 [ERROR] LogOutputStream:75 - [STDERR_REDIRECT] [Fatal Error] :1:1: Premature end of file.
2026-05-08 10:34:49,760 [ERROR] LogOutputStream:75 - [STDERR_REDIRECT] 
2026-05-08 10:34:50,754 [ERROR] LogOutputStream:75 - [STDERR_REDIRECT] [Fatal Error] :1:1: Premature end of file.
2026-05-08 10:34:50,755 [ERROR] LogOutputStream:75 - [STDERR_REDIRECT] 
2026-05-08 10:34:51,750 [ERROR] LogOutputStream:75 - [STDERR_REDIRECT] [Fatal Error] :1:1: Premature end of file.
2026-05-08 10:34:51,750 [ERROR] LogOutputStream:75 - [STDERR_REDIRECT] 
2026-05-08 10:34:52,763 [ERROR] LogOutputStream:75 - [STDERR_REDIRECT] [Fatal Error] :1:1: Premature end of file.
2026-05-08 10:34:52,763 [ERROR] LogOutputStream:75 - [STDERR_REDIRECT] 
2026-05-08 10:34:53,761 [ERROR] LogOutputStream:75 - [STDERR_REDIRECT] [Fatal Error] :1:1: Premature end of file.
2026-05-08 10:34:53,761 [ERROR] LogOutputStream:75 - [STDERR_REDIRECT] 
2026-05-08 10:34:54,739 [ERROR] LogOutputStream:75 - [STDERR_REDIRECT] [Fatal Error] :1:1: Premature end of file.
2026-05-08 10:34:54,739 [ERROR] LogOutputStream:75 - [STDERR_REDIRECT] 
2026-05-08 10:34:55,765 [ERROR] LogOutputStream:75 - [STDERR_REDIRECT] [Fatal Error] :1:1: Premature end of file.
2026-05-08 10:34:55,765 [ERROR] LogOutputStream:75 - [STDERR_REDIRECT] 
2026-05-08 10:34:56,761 [ERROR] LogOutputStream:75 - [STDERR_REDIRECT] [Fatal Error] :1:1: Premature end of file.
2026-05-08 10:34:56,761 [ERROR] LogOutputStream:75 - [STDERR_REDIRECT] 
2026-05-08 10:34:57,755 [ERROR] LogOutputStream:75 - [STDERR_REDIRECT] [Fatal Error] :1:1: Premature end of file.
2026-05-08 10:34:57,755 [ERROR] LogOutputStream:75 - [STDERR_REDIRECT] 
2026-05-08 10:34:58,759 [ERROR] LogOutputStream:75 - [STDERR_REDIRECT] [Fatal Error] :1:1: Premature end of file.
2026-05-08 10:34:58,759 [ERROR] LogOutputStream:75 - [STDERR_REDIRECT] 
2026-05-08 10:34:59,767 [ERROR] LogOutputStream:75 - [STDERR_REDIRECT] [Fatal Error] :1:1: Premature end of file.
2026-05-08 10:34:59,767 [ERROR] LogOutputStream:75 - [STDERR_REDIRECT] 
2026-05-08 10:35:00,761 [ERROR] LogOutputStream:75 - [STDERR_REDIRECT] [Fatal Error] :1:1: Premature end of file.
2026-05-08 10:35:00,761 [ERROR] LogOutputStream:75 - [STDERR_REDIRECT] 
2026-05-08 10:35:01,752 [ERROR] LogOutputStream:75 - [STDERR_REDIRECT] [Fatal Error] :1:1: Premature end of file.
2026-05-08 10:35:01,753 [ERROR] LogOutputStream:75 - [STDERR_REDIRECT] 
2026-05-08 10:35:02,764 [ERROR] LogOutputStream:75 - [STDERR_REDIRECT] [Fatal Error] :1:1: Premature end of file.
2026-05-08 10:35:02,765 [ERROR] LogOutputStream:75 - [STDERR_REDIRECT] 
2026-05-08 10:35:03,759 [ERROR] LogOutputStream:75 - [STDERR_REDIRECT] [Fatal Error] :1:1: Premature end of file.
2026-05-08 10:35:03,759 [ERROR] LogOutputStream:75 - [STDERR_REDIRECT] 
2026-05-08 10:35:04,756 [ERROR] LogOutputStream:75 - [STDERR_REDIRECT] [Fatal Error] :1:1: Premature end of file.
2026-05-08 10:35:04,756 [ERROR] LogOutputStream:75 - [STDERR_REDIRECT] 
2026-05-08 10:35:05,757 [ERROR] LogOutputStream:75 - [STDERR_REDIRECT] [Fatal Error] :1:1: Premature end of file.
2026-05-08 10:35:05,757 [ERROR] LogOutputStream:75 - [STDERR_REDIRECT] 
2026-05-08 10:35:06,761 [ERROR] LogOutputStream:75 - [STDERR_REDIRECT] [Fatal Error] :1:1: Premature end of file.
2026-05-08 10:35:06,761 [ERROR] LogOutputStream:75 - [STDERR_REDIRECT] 
2026-05-08 10:35:07,765 [ERROR] LogOutputStream:75 - [STDERR_REDIRECT] [Fatal Error] :1:1: Premature end of file.
2026-05-08 10:35:07,766 [ERROR] LogOutputStream:75 - [STDERR_REDIRECT] 
2026-05-08 10:35:08,779 [ERROR] LogOutputStream:75 - [STDERR_REDIRECT] [Fatal Error] :1:1: Premature end of file.
2026-05-08 10:35:08,779 [ERROR] LogOutputStream:75 - [STDERR_REDIRECT] 
2026-05-08 10:35:09,755 [ERROR] LogOutputStream:75 - [STDERR_REDIRECT] [Fatal Error] :1:1: Premature end of file.
2026-05-08 10:35:09,756 [ERROR] LogOutputStream:75 - [STDERR_REDIRECT] 
2026-05-08 10:35:10,767 [ERROR] LogOutputStream:75 - [STDERR_REDIRECT] [Fatal Error] :1:1: Premature end of file.
2026-05-08 10:35:10,767 [ERROR] LogOutputStream:75 - [STDERR_REDIRECT] 
2026-05-08 10:35:11,773 [ERROR] LogOutputStream:75 - [STDERR_REDIRECT] [Fatal Error] :1:1: Premature end of file.
2026-05-08 10:35:11,774 [ERROR] LogOutputStream:75 - [STDERR_REDIRECT] 
2026-05-08 10:35:12,740 [ERROR] LogOutputStream:75 - [STDERR_REDIRECT] [Fatal Error] :1:1: Premature end of file.
2026-05-08 10:35:12,740 [ERROR] LogOutputStream:75 - [STDERR_REDIRECT] 
2026-05-08 10:35:13,767 [ERROR] LogOutputStream:75 - [STDERR_REDIRECT] [Fatal Error] :1:1: Premature end of file.
2026-05-08 10:35:13,767 [ERROR] LogOutputStream:75 - [STDERR_REDIRECT] 
2026-05-08 10:35:14,740 [ERROR] LogOutputStream:75 - [STDERR_REDIRECT] [Fatal Error] :1:1: Premature end of file.
2026-05-08 10:35:14,741 [ERROR] LogOutputStream:75 - [STDERR_REDIRECT] 
2026-05-08 10:35:15,761 [ERROR] LogOutputStream:75 - [STDERR_REDIRECT] [Fatal Error] :1:1: Premature end of file.
2026-05-08 10:35:15,762 [ERROR] LogOutputStream:75 - [STDERR_REDIRECT] 
2026-05-08 10:35:16,751 [ERROR] LogOutputStream:75 - [STDERR_REDIRECT] [Fatal Error] :1:1: Premature end of file.
2026-05-08 10:35:16,751 [ERROR] LogOutputStream:75 - [STDERR_REDIRECT] 
2026-05-08 10:35:17,755 [ERROR] LogOutputStream:75 - [STDERR_REDIRECT] [Fatal Error] :1:1: Premature end of file.
2026-05-08 10:35:17,756 [ERROR] LogOutputStream:75 - [STDERR_REDIRECT] 
2026-05-08 10:35:18,769 [ERROR] LogOutputStream:75 - [STDERR_REDIRECT] [Fatal Error] :1:1: Premature end of file.
2026-05-08 10:35:18,770 [ERROR] LogOutputStream:75 - [STDERR_REDIRECT] 
2026-05-08 10:35:19,774 [ERROR] LogOutputStream:75 - [STDERR_REDIRECT] [Fatal Error] :1:1: Premature end of file.
2026-05-08 10:35:19,774 [ERROR] LogOutputStream:75 - [STDERR_REDIRECT] 
2026-05-08 10:35:20,756 [ERROR] LogOutputStream:75 - [STDERR_REDIRECT] [Fatal Error] :1:1: Premature end of file.
2026-05-08 10:35:20,756 [ERROR] LogOutputStream:75 - [STDERR_REDIRECT] 
2026-05-08 10:35:21,758 [ERROR] LogOutputStream:75 - [STDERR_REDIRECT] [Fatal Error] :1:1: Premature end of file.
2026-05-08 10:35:21,758 [ERROR] LogOutputStream:75 - [STDERR_REDIRECT] 
2026-05-08 10:35:22,757 [ERROR] LogOutputStream:75 - [STDERR_REDIRECT] [Fatal Error] :1:1: Premature end of file.
2026-05-08 10:35:22,757 [ERROR] LogOutputStream:75 - [STDERR_REDIRECT] 
2026-05-08 10:35:23,755 [ERROR] LogOutputStream:75 - [STDERR_REDIRECT] [Fatal Error] :1:1: Premature end of file.
2026-05-08 10:35:23,756 [ERROR] LogOutputStream:75 - [STDERR_REDIRECT] 
2026-05-08 10:35:24,758 [ERROR] LogOutputStream:75 - [STDERR_REDIRECT] [Fatal Error] :1:1: Premature end of file.
2026-05-08 10:35:24,758 [ERROR] LogOutputStream:75 - [STDERR_REDIRECT] 
2026-05-08 10:35:25,740 [ERROR] LogOutputStream:75 - [STDERR_REDIRECT] [Fatal Error] :1:1: Premature end of file.
2026-05-08 10:35:25,740 [ERROR] LogOutputStream:75 - [STDERR_REDIRECT] 
2026-05-08 10:35:26,762 [ERROR] LogOutputStream:75 - [STDERR_REDIRECT] [Fatal Error] :1:1: Premature end of file.
2026-05-08 10:35:26,762 [ERROR] LogOutputStream:75 - [STDERR_REDIRECT] 
2026-05-08 10:35:27,759 [ERROR] LogOutputStream:75 - [STDERR_REDIRECT] [Fatal Error] :1:1: Premature end of file.
2026-05-08 10:35:27,760 [ERROR] LogOutputStream:75 - [STDERR_REDIRECT] 
2026-05-08 10:35:28,756 [ERROR] LogOutputStream:75 - [STDERR_REDIRECT] [Fatal Error] :1:1: Premature end of file.
2026-05-08 10:35:28,756 [ERROR] LogOutputStream:75 - [STDERR_REDIRECT] 
2026-05-08 10:35:29,762 [ERROR] LogOutputStream:75 - [STDERR_REDIRECT] [Fatal Error] :1:1: Premature end of file.
2026-05-08 10:35:29,762 [ERROR] LogOutputStream:75 - [STDERR_REDIRECT] 
2026-05-08 10:35:30,759 [ERROR] LogOutputStream:75 - [STDERR_REDIRECT] [Fatal Error] :1:1: Premature end of file.
2026-05-08 10:35:30,759 [ERROR] LogOutputStream:75 - [STDERR_REDIRECT] 
2026-05-08 10:35:31,770 [ERROR] LogOutputStream:75 - [STDERR_REDIRECT] [Fatal Error] :1:1: Premature end of file.
2026-05-08 10:35:31,771 [ERROR] LogOutputStream:75 - [STDERR_REDIRECT] 
2026-05-08 10:35:32,759 [ERROR] LogOutputStream:75 - [STDERR_REDIRECT] [Fatal Error] :1:1: Premature end of file.
2026-05-08 10:35:32,760 [ERROR] LogOutputStream:75 - [STDERR_REDIRECT] 
2026-05-08 10:35:33,759 [ERROR] LogOutputStream:75 - [STDERR_REDIRECT] [Fatal Error] :1:1: Premature end of file.
2026-05-08 10:35:33,759 [ERROR] LogOutputStream:75 - [STDERR_REDIRECT] 
2026-05-08 10:35:34,758 [ERROR] LogOutputStream:75 - [STDERR_REDIRECT] [Fatal Error] :1:1: Premature end of file.
2026-05-08 10:35:34,758 [ERROR] LogOutputStream:75 - [STDERR_REDIRECT] 
2026-05-08 10:35:35,759 [ERROR] LogOutputStream:75 - [STDERR_REDIRECT] [Fatal Error] :1:1: Premature end of file.
2026-05-08 10:35:35,760 [ERROR] LogOutputStream:75 - [STDERR_REDIRECT] 
2026-05-08 10:35:36,756 [ERROR] LogOutputStream:75 - [STDERR_REDIRECT] [Fatal Error] :1:1: Premature end of file.
2026-05-08 10:35:36,756 [ERROR] LogOutputStream:75 - [STDERR_REDIRECT] 
2026-05-08 10:35:37,754 [ERROR] LogOutputStream:75 - [STDERR_REDIRECT] [Fatal Error] :1:1: Premature end of file.
2026-05-08 10:35:37,755 [ERROR] LogOutputStream:75 - [STDERR_REDIRECT] 
2026-05-08 10:35:38,755 [ERROR] LogOutputStream:75 - [STDERR_REDIRECT] [Fatal Error] :1:1: Premature end of file.
2026-05-08 10:35:38,758 [ERROR] LogOutputStream:75 - [STDERR_REDIRECT] 
2026-05-08 10:35:39,753 [ERROR] LogOutputStream:75 - [STDERR_REDIRECT] [Fatal Error] :1:1: Premature end of file.
2026-05-08 10:35:39,753 [ERROR] LogOutputStream:75 - [STDERR_REDIRECT] 
2026-05-08 10:35:40,762 [ERROR] LogOutputStream:75 - [STDERR_REDIRECT] [Fatal Error] :1:1: Premature end of file.
2026-05-08 10:35:40,762 [ERROR] LogOutputStream:75 - [STDERR_REDIRECT] 
2026-05-08 10:35:41,747 [ERROR] LogOutputStream:75 - [STDERR_REDIRECT] [Fatal Error] :1:1: Premature end of file.
2026-05-08 10:35:41,747 [ERROR] LogOutputStream:75 - [STDERR_REDIRECT] 
2026-05-08 10:35:42,761 [ERROR] LogOutputStream:75 - [STDERR_REDIRECT] [Fatal Error] :1:1: Premature end of file.
2026-05-08 10:35:42,761 [ERROR] LogOutputStream:75 - [STDERR_REDIRECT] 
2026-05-08 10:35:43,764 [ERROR] LogOutputStream:75 - [STDERR_REDIRECT] [Fatal Error] :1:1: Premature end of file.
2026-05-08 10:35:43,764 [ERROR] LogOutputStream:75 - [STDERR_REDIRECT] 
2026-05-08 10:35:44,764 [ERROR] LogOutputStream:75 - [STDERR_REDIRECT] [Fatal Error] :1:1: Premature end of file.
2026-05-08 10:35:44,764 [ERROR] LogOutputStream:75 - [STDERR_REDIRECT] 
2026-05-08 10:35:45,763 [ERROR] LogOutputStream:75 - [STDERR_REDIRECT] [Fatal Error] :1:1: Premature end of file.
2026-05-08 10:35:45,763 [ERROR] LogOutputStream:75 - [STDERR_REDIRECT] 
2026-05-08 10:35:46,764 [ERROR] LogOutputStream:75 - [STDERR_REDIRECT] [Fatal Error] :1:1: Premature end of file.
2026-05-08 10:35:46,764 [ERROR] LogOutputStream:75 - [STDERR_REDIRECT] 
2026-05-08 10:35:47,767 [ERROR] LogOutputStream:75 - [STDERR_REDIRECT] [Fatal Error] :1:1: Premature end of file.
2026-05-08 10:35:47,767 [ERROR] LogOutputStream:75 - [STDERR_REDIRECT] 
2026-05-08 10:35:48,766 [ERROR] LogOutputStream:75 - [STDERR_REDIRECT] [Fatal Error] :1:1: Premature end of file.
2026-05-08 10:35:48,766 [ERROR] LogOutputStream:75 - [STDERR_REDIRECT] 
2026-05-08 10:35:49,758 [ERROR] LogOutputStream:75 - [STDERR_REDIRECT] [Fatal Error] :1:1: Premature end of file.
2026-05-08 10:35:49,758 [ERROR] LogOutputStream:75 - [STDERR_REDIRECT] 
2026-05-08 10:35:50,753 [ERROR] LogOutputStream:75 - [STDERR_REDIRECT] [Fatal Error] :1:1: Premature end of file.
2026-05-08 10:35:50,754 [ERROR] LogOutputStream:75 - [STDERR_REDIRECT] 
2026-05-08 10:35:51,778 [ERROR] LogOutputStream:75 - [STDERR_REDIRECT] [Fatal Error] :1:1: Premature end of file.
2026-05-08 10:35:51,779 [ERROR] LogOutputStream:75 - [STDERR_REDIRECT] 
2026-05-08 10:35:52,742 [ERROR] LogOutputStream:75 - [STDERR_REDIRECT] [Fatal Error] :1:1: Premature end of file.
2026-05-08 10:35:52,742 [ERROR] LogOutputStream:75 - [STDERR_REDIRECT] 
2026-05-08 10:35:53,763 [ERROR] LogOutputStream:75 - [STDERR_REDIRECT] [Fatal Error] :1:1: Premature end of file.
2026-05-08 10:35:53,763 [ERROR] LogOutputStream:75 - [STDERR_REDIRECT] 
2026-05-08 10:35:54,766 [ERROR] LogOutputStream:75 - [STDERR_REDIRECT] [Fatal Error] :1:1: Premature end of file.
2026-05-08 10:35:54,766 [ERROR] LogOutputStream:75 - [STDERR_REDIRECT] 
2026-05-08 10:35:55,756 [ERROR] LogOutputStream:75 - [STDERR_REDIRECT] [Fatal Error] :1:1: Premature end of file.
2026-05-08 10:35:55,757 [ERROR] LogOutputStream:75 - [STDERR_REDIRECT] 
2026-05-08 10:35:56,753 [ERROR] LogOutputStream:75 - [STDERR_REDIRECT] [Fatal Error] :1:1: Premature end of file.
2026-05-08 10:35:56,754 [ERROR] LogOutputStream:75 - [STDERR_REDIRECT] 
2026-05-08 10:35:57,757 [ERROR] LogOutputStream:75 - [STDERR_REDIRECT] [Fatal Error] :1:1: Premature end of file.
2026-05-08 10:35:57,758 [ERROR] LogOutputStream:75 - [STDERR_REDIRECT] 
2026-05-08 10:35:58,763 [ERROR] LogOutputStream:75 - [STDERR_REDIRECT] [Fatal Error] :1:1: Premature end of file.
2026-05-08 10:35:58,764 [ERROR] LogOutputStream:75 - [STDERR_REDIRECT] 
2026-05-08 10:35:59,755 [ERROR] LogOutputStream:75 - [STDERR_REDIRECT] [Fatal Error] :1:1: Premature end of file.
2026-05-08 10:35:59,755 [ERROR] LogOutputStream:75 - [STDERR_REDIRECT] 
2026-05-08 10:36:00,758 [ERROR] LogOutputStream:75 - [STDERR_REDIRECT] [Fatal Error] :1:1: Premature end of file.
2026-05-08 10:36:00,758 [ERROR] LogOutputStream:75 - [STDERR_REDIRECT] 
2026-05-08 10:36:01,765 [ERROR] LogOutputStream:75 - [STDERR_REDIRECT] [Fatal Error] :1:1: Premature end of file.
2026-05-08 10:36:01,765 [ERROR] LogOutputStream:75 - [STDERR_REDIRECT] 
2026-05-08 10:36:02,924 [ERROR] LogOutputStream:75 - [STDERR_REDIRECT] [Fatal Error] :1:1: Premature end of file.
2026-05-08 10:36:02,925 [ERROR] LogOutputStream:75 - [STDERR_REDIRECT] 
2026-05-08 10:36:03,757 [ERROR] LogOutputStream:75 - [STDERR_REDIRECT] [Fatal Error] :1:1: Premature end of file.
2026-05-08 10:36:03,758 [ERROR] LogOutputStream:75 - [STDERR_REDIRECT] 
2026-05-08 10:36:04,768 [ERROR] LogOutputStream:75 - [STDERR_REDIRECT] [Fatal Error] :1:1: Premature end of file.
2026-05-08 10:36:04,768 [ERROR] LogOutputStream:75 - [STDERR_REDIRECT] 
2026-05-08 10:36:05,755 [ERROR] LogOutputStream:75 - [STDERR_REDIRECT] [Fatal Error] :1:1: Premature end of file.
2026-05-08 10:36:05,755 [ERROR] LogOutputStream:75 - [STDERR_REDIRECT] 
2026-05-08 10:36:06,784 [ERROR] LogOutputStream:75 - [STDERR_REDIRECT] [Fatal Error] :1:1: Premature end of file.
2026-05-08 10:36:06,785 [ERROR] LogOutputStream:75 - [STDERR_REDIRECT] 
2026-05-08 10:36:07,756 [ERROR] LogOutputStream:75 - [STDERR_REDIRECT] [Fatal Error] :1:1: Premature end of file.
2026-05-08 10:36:07,757 [ERROR] LogOutputStream:75 - [STDERR_REDIRECT] 
2026-05-08 10:36:08,777 [ERROR] LogOutputStream:75 - [STDERR_REDIRECT] [Fatal Error] :1:1: Premature end of file.
2026-05-08 10:36:08,784 [ERROR] LogOutputStream:75 - [STDERR_REDIRECT] 
2026-05-08 10:36:09,800 [ERROR] LogOutputStream:75 - [STDERR_REDIRECT] [Fatal Error] :1:1: Premature end of file.
2026-05-08 10:36:09,800 [ERROR] LogOutputStream:75 - [STDERR_REDIRECT] 
2026-05-08 10:36:10,787 [ERROR] LogOutputStream:75 - [STDERR_REDIRECT] [Fatal Error] :1:1: Premature end of file.
2026-05-08 10:36:10,787 [ERROR] LogOutputStream:75 - [STDERR_REDIRECT] 
2026-05-08 10:36:11,790 [ERROR] LogOutputStream:75 - [STDERR_REDIRECT] [Fatal Error] :1:1: Premature end of file.
2026-05-08 10:36:11,790 [ERROR] LogOutputStream:75 - [STDERR_REDIRECT] 
2026-05-08 10:36:12,743 [ERROR] LogOutputStream:75 - [STDERR_REDIRECT] [Fatal Error] :1:1: Premature end of file.
2026-05-08 10:36:12,743 [ERROR] LogOutputStream:75 - [STDERR_REDIRECT] 
2026-05-08 10:36:13,747 [ERROR] LogOutputStream:75 - [STDERR_REDIRECT] [Fatal Error] :1:1: Premature end of file.
2026-05-08 10:36:13,747 [ERROR] LogOutputStream:75 - [STDERR_REDIRECT] 
2026-05-08 10:36:14,744 [ERROR] LogOutputStream:75 - [STDERR_REDIRECT] [Fatal Error] :1:1: Premature end of file.
2026-05-08 10:36:14,744 [ERROR] LogOutputStream:75 - [STDERR_REDIRECT] 
2026-05-08 10:36:15,747 [ERROR] LogOutputStream:75 - [STDERR_REDIRECT] [Fatal Error] :1:1: Premature end of file.
2026-05-08 10:36:15,747 [ERROR] LogOutputStream:75 - [STDERR_REDIRECT] 
2026-05-08 10:36:16,747 [ERROR] LogOutputStream:75 - [STDERR_REDIRECT] [Fatal Error] :1:1: Premature end of file.
2026-05-08 10:36:16,747 [ERROR] LogOutputStream:75 - [STDERR_REDIRECT] 
2026-05-08 10:36:17,748 [ERROR] LogOutputStream:75 - [STDERR_REDIRECT] [Fatal Error] :1:1: Premature end of file.
2026-05-08 10:36:17,748 [ERROR] LogOutputStream:75 - [STDERR_REDIRECT] 
2026-05-08 10:36:18,759 [ERROR] LogOutputStream:75 - [STDERR_REDIRECT] [Fatal Error] :1:1: Premature end of file.
2026-05-08 10:36:18,760 [ERROR] LogOutputStream:75 - [STDERR_REDIRECT] 
2026-05-08 10:36:19,770 [ERROR] LogOutputStream:75 - [STDERR_REDIRECT] [Fatal Error] :1:1: Premature end of file.
2026-05-08 10:36:19,771 [ERROR] LogOutputStream:75 - [STDERR_REDIRECT] 
2026-05-08 10:36:20,772 [ERROR] LogOutputStream:75 - [STDERR_REDIRECT] [Fatal Error] :1:1: Premature end of file.
2026-05-08 10:36:20,773 [ERROR] LogOutputStream:75 - [STDERR_REDIRECT] 
2026-05-08 10:36:21,778 [ERROR] LogOutputStream:75 - [STDERR_REDIRECT] [Fatal Error] :1:1: Premature end of file.
2026-05-08 10:36:21,778 [ERROR] LogOutputStream:75 - [STDERR_REDIRECT] 
2026-05-08 10:36:22,764 [ERROR] LogOutputStream:75 - [STDERR_REDIRECT] [Fatal Error] :1:1: Premature end of file.
2026-05-08 10:36:22,764 [ERROR] LogOutputStream:75 - [STDERR_REDIRECT] 
2026-05-08 10:36:23,769 [ERROR] LogOutputStream:75 - [STDERR_REDIRECT] [Fatal Error] :1:1: Premature end of file.
2026-05-08 10:36:23,769 [ERROR] LogOutputStream:75 - [STDERR_REDIRECT] 
2026-05-08 10:36:24,801 [ERROR] LogOutputStream:75 - [STDERR_REDIRECT] [Fatal Error] :1:1: Premature end of file.
2026-05-08 10:36:24,801 [ERROR] LogOutputStream:75 - [STDERR_REDIRECT] 
2026-05-08 10:36:25,778 [ERROR] LogOutputStream:75 - [STDERR_REDIRECT] [Fatal Error] :1:1: Premature end of file.
2026-05-08 10:36:25,778 [ERROR] LogOutputStream:75 - [STDERR_REDIRECT] 
2026-05-08 10:36:26,769 [ERROR] LogOutputStream:75 - [STDERR_REDIRECT] [Fatal Error] :1:1: Premature end of file.
2026-05-08 10:36:26,769 [ERROR] LogOutputStream:75 - [STDERR_REDIRECT] 
2026-05-08 10:36:27,775 [ERROR] LogOutputStream:75 - [STDERR_REDIRECT] [Fatal Error] :1:1: Premature end of file.
2026-05-08 10:36:27,775 [ERROR] LogOutputStream:75 - [STDERR_REDIRECT] 
2026-05-08 10:36:28,768 [ERROR] LogOutputStream:75 - [STDERR_REDIRECT] [Fatal Error] :1:1: Premature end of file.
2026-05-08 10:36:28,768 [ERROR] LogOutputStream:75 - [STDERR_REDIRECT] 
2026-05-08 10:36:29,777 [ERROR] LogOutputStream:75 - [STDERR_REDIRECT] [Fatal Error] :1:1: Premature end of file.
2026-05-08 10:36:29,777 [ERROR] LogOutputStream:75 - [STDERR_REDIRECT] 
2026-05-08 10:36:30,771 [ERROR] LogOutputStream:75 - [STDERR_REDIRECT] [Fatal Error] :1:1: Premature end of file.
2026-05-08 10:36:30,771 [ERROR] LogOutputStream:75 - [STDERR_REDIRECT] 
2026-05-08 10:36:31,790 [ERROR] LogOutputStream:75 - [STDERR_REDIRECT] [Fatal Error] :1:1: Premature end of file.
2026-05-08 10:36:31,790 [ERROR] LogOutputStream:75 - [STDERR_REDIRECT] 
2026-05-08 10:36:32,765 [ERROR] LogOutputStream:75 - [STDERR_REDIRECT] [Fatal Error] :1:1: Premature end of file.
2026-05-08 10:36:32,765 [ERROR] LogOutputStream:75 - [STDERR_REDIRECT] 
2026-05-08 10:36:33,773 [ERROR] LogOutputStream:75 - [STDERR_REDIRECT] [Fatal Error] :1:1: Premature end of file.
2026-05-08 10:36:33,773 [ERROR] LogOutputStream:75 - [STDERR_REDIRECT] 
2026-05-08 10:36:34,766 [ERROR] LogOutputStream:75 - [STDERR_REDIRECT] [Fatal Error] :1:1: Premature end of file.
2026-05-08 10:36:34,766 [ERROR] LogOutputStream:75 - [STDERR_REDIRECT] 
2026-05-08 10:36:35,773 [ERROR] LogOutputStream:75 - [STDERR_REDIRECT] [Fatal Error] :1:1: Premature end of file.
2026-05-08 10:36:35,773 [ERROR] LogOutputStream:75 - [STDERR_REDIRECT] 
2026-05-08 10:36:36,767 [ERROR] LogOutputStream:75 - [STDERR_REDIRECT] [Fatal Error] :1:1: Premature end of file.
2026-05-08 10:36:36,767 [ERROR] LogOutputStream:75 - [STDERR_REDIRECT] 
2026-05-08 10:36:37,788 [ERROR] LogOutputStream:75 - [STDERR_REDIRECT] [Fatal Error] :1:1: Premature end of file.
2026-05-08 10:36:37,788 [ERROR] LogOutputStream:75 - [STDERR_REDIRECT] 
2026-05-08 10:36:38,764 [ERROR] LogOutputStream:75 - [STDERR_REDIRECT] [Fatal Error] :1:1: Premature end of file.
2026-05-08 10:36:38,764 [ERROR] LogOutputStream:75 - [STDERR_REDIRECT] 
2026-05-08 10:36:39,769 [ERROR] LogOutputStream:75 - [STDERR_REDIRECT] [Fatal Error] :1:1: Premature end of file.
2026-05-08 10:36:39,769 [ERROR] LogOutputStream:75 - [STDERR_REDIRECT] 
2026-05-08 10:36:40,778 [ERROR] LogOutputStream:75 - [STDERR_REDIRECT] [Fatal Error] :1:1: Premature end of file.
2026-05-08 10:36:40,778 [ERROR] LogOutputStream:75 - [STDERR_REDIRECT] 
2026-05-08 10:36:41,783 [ERROR] LogOutputStream:75 - [STDERR_REDIRECT] [Fatal Error] :1:1: Premature end of file.
2026-05-08 10:36:41,783 [ERROR] LogOutputStream:75 - [STDERR_REDIRECT] 
2026-05-08 10:36:42,776 [ERROR] LogOutputStream:75 - [STDERR_REDIRECT] [Fatal Error] :1:1: Premature end of file.
2026-05-08 10:36:42,776 [ERROR] LogOutputStream:75 - [STDERR_REDIRECT] 
2026-05-08 10:36:43,767 [ERROR] LogOutputStream:75 - [STDERR_REDIRECT] [Fatal Error] :1:1: Premature end of file.
2026-05-08 10:36:43,767 [ERROR] LogOutputStream:75 - [STDERR_REDIRECT] 
2026-05-08 10:36:44,786 [ERROR] LogOutputStream:75 - [STDERR_REDIRECT] [Fatal Error] :1:1: Premature end of file.
2026-05-08 10:36:44,788 [ERROR] LogOutputStream:75 - [STDERR_REDIRECT] 
2026-05-08 10:36:45,777 [ERROR] LogOutputStream:75 - [STDERR_REDIRECT] [Fatal Error] :1:1: Premature end of file.
2026-05-08 10:36:45,777 [ERROR] LogOutputStream:75 - [STDERR_REDIRECT] 
2026-05-08 10:36:46,764 [ERROR] LogOutputStream:75 - [STDERR_REDIRECT] [Fatal Error] :1:1: Premature end of file.
2026-05-08 10:36:46,764 [ERROR] LogOutputStream:75 - [STDERR_REDIRECT] 
2026-05-08 10:36:47,777 [ERROR] LogOutputStream:75 - [STDERR_REDIRECT] [Fatal Error] :1:1: Premature end of file.
2026-05-08 10:36:47,777 [ERROR] LogOutputStream:75 - [STDERR_REDIRECT] 
2026-05-08 10:36:48,761 [ERROR] LogOutputStream:75 - [STDERR_REDIRECT] [Fatal Error] :1:1: Premature end of file.
2026-05-08 10:36:48,761 [ERROR] LogOutputStream:75 - [STDERR_REDIRECT] 
2026-05-08 10:36:49,783 [ERROR] LogOutputStream:75 - [STDERR_REDIRECT] [Fatal Error] :1:1: Premature end of file.
2026-05-08 10:36:49,783 [ERROR] LogOutputStream:75 - [STDERR_REDIRECT] 
2026-05-08 10:36:50,770 [ERROR] LogOutputStream:75 - [STDERR_REDIRECT] [Fatal Error] :1:1: Premature end of file.
2026-05-08 10:36:50,770 [ERROR] LogOutputStream:75 - [STDERR_REDIRECT] 
2026-05-08 10:36:51,784 [ERROR] LogOutputStream:75 - [STDERR_REDIRECT] [Fatal Error] :1:1: Premature end of file.
2026-05-08 10:36:51,784 [ERROR] LogOutputStream:75 - [STDERR_REDIRECT] 
2026-05-08 10:36:52,796 [ERROR] LogOutputStream:75 - [STDERR_REDIRECT] [Fatal Error] :1:1: Premature end of file.
2026-05-08 10:36:52,796 [ERROR] LogOutputStream:75 - [STDERR_REDIRECT] 
2026-05-08 10:36:53,779 [ERROR] LogOutputStream:75 - [STDERR_REDIRECT] [Fatal Error] :1:1: Premature end of file.
2026-05-08 10:36:53,780 [ERROR] LogOutputStream:75 - [STDERR_REDIRECT] 
2026-05-08 10:36:54,775 [ERROR] LogOutputStream:75 - [STDERR_REDIRECT] [Fatal Error] :1:1: Premature end of file.
2026-05-08 10:36:54,775 [ERROR] LogOutputStream:75 - [STDERR_REDIRECT] 
2026-05-08 10:36:55,764 [ERROR] LogOutputStream:75 - [STDERR_REDIRECT] [Fatal Error] :1:1: Premature end of file.
2026-05-08 10:36:55,764 [ERROR] LogOutputStream:75 - [STDERR_REDIRECT] 
2026-05-08 10:36:56,761 [ERROR] LogOutputStream:75 - [STDERR_REDIRECT] [Fatal Error] :1:1: Premature end of file.
2026-05-08 10:36:56,761 [ERROR] LogOutputStream:75 - [STDERR_REDIRECT] 
2026-05-08 10:36:57,773 [ERROR] LogOutputStream:75 - [STDERR_REDIRECT] [Fatal Error] :1:1: Premature end of file.
2026-05-08 10:36:57,773 [ERROR] LogOutputStream:75 - [STDERR_REDIRECT] 
2026-05-08 10:36:58,774 [ERROR] LogOutputStream:75 - [STDERR_REDIRECT] [Fatal Error] :1:1: Premature end of file.
2026-05-08 10:36:58,774 [ERROR] LogOutputStream:75 - [STDERR_REDIRECT] 
2026-05-08 10:36:59,763 [ERROR] LogOutputStream:75 - [STDERR_REDIRECT] [Fatal Error] :1:1: Premature end of file.
2026-05-08 10:36:59,763 [ERROR] LogOutputStream:75 - [STDERR_REDIRECT] 
2026-05-08 10:37:00,774 [ERROR] LogOutputStream:75 - [STDERR_REDIRECT] [Fatal Error] :1:1: Premature end of file.
2026-05-08 10:37:00,774 [ERROR] LogOutputStream:75 - [STDERR_REDIRECT] 
2026-05-08 10:37:01,781 [ERROR] LogOutputStream:75 - [STDERR_REDIRECT] [Fatal Error] :1:1: Premature end of file.
2026-05-08 10:37:01,781 [ERROR] LogOutputStream:75 - [STDERR_REDIRECT] 
2026-05-08 10:37:02,773 [ERROR] LogOutputStream:75 - [STDERR_REDIRECT] [Fatal Error] :1:1: Premature end of file.
2026-05-08 10:37:02,773 [ERROR] LogOutputStream:75 - [STDERR_REDIRECT] 
2026-05-08 10:37:03,768 [ERROR] LogOutputStream:75 - [STDERR_REDIRECT] [Fatal Error] :1:1: Premature end of file.
2026-05-08 10:37:03,768 [ERROR] LogOutputStream:75 - [STDERR_REDIRECT] 
2026-05-08 10:37:04,777 [ERROR] LogOutputStream:75 - [STDERR_REDIRECT] [Fatal Error] :1:1: Premature end of file.
2026-05-08 10:37:04,777 [ERROR] LogOutputStream:75 - [STDERR_REDIRECT] 
2026-05-08 10:37:05,771 [ERROR] LogOutputStream:75 - [STDERR_REDIRECT] [Fatal Error] :1:1: Premature end of file.
2026-05-08 10:37:05,771 [ERROR] LogOutputStream:75 - [STDERR_REDIRECT] 
2026-05-08 10:37:06,778 [ERROR] LogOutputStream:75 - [STDERR_REDIRECT] [Fatal Error] :1:1: Premature end of file.
2026-05-08 10:37:06,778 [ERROR] LogOutputStream:75 - [STDERR_REDIRECT] 
2026-05-08 10:37:07,769 [ERROR] LogOutputStream:75 - [STDERR_REDIRECT] [Fatal Error] :1:1: Premature end of file.
2026-05-08 10:37:07,769 [ERROR] LogOutputStream:75 - [STDERR_REDIRECT] 
2026-05-08 10:37:08,779 [ERROR] LogOutputStream:75 - [STDERR_REDIRECT] [Fatal Error] :1:1: Premature end of file.
2026-05-08 10:37:08,779 [ERROR] LogOutputStream:75 - [STDERR_REDIRECT] 
2026-05-08 10:37:09,772 [ERROR] LogOutputStream:75 - [STDERR_REDIRECT] [Fatal Error] :1:1: Premature end of file.
2026-05-08 10:37:09,772 [ERROR] LogOutputStream:75 - [STDERR_REDIRECT] 
2026-05-08 10:37:10,763 [ERROR] LogOutputStream:75 - [STDERR_REDIRECT] [Fatal Error] :1:1: Premature end of file.
2026-05-08 10:37:10,763 [ERROR] LogOutputStream:75 - [STDERR_REDIRECT] 
2026-05-08 10:37:11,790 [ERROR] LogOutputStream:75 - [STDERR_REDIRECT] [Fatal Error] :1:1: Premature end of file.
2026-05-08 10:37:11,791 [ERROR] LogOutputStream:75 - [STDERR_REDIRECT] 
2026-05-08 10:37:12,777 [ERROR] LogOutputStream:75 - [STDERR_REDIRECT] [Fatal Error] :1:1: Premature end of file.
2026-05-08 10:37:12,777 [ERROR] LogOutputStream:75 - [STDERR_REDIRECT] 
2026-05-08 10:37:13,778 [ERROR] LogOutputStream:75 - [STDERR_REDIRECT] [Fatal Error] :1:1: Premature end of file.
2026-05-08 10:37:13,778 [ERROR] LogOutputStream:75 - [STDERR_REDIRECT] 
2026-05-08 10:37:14,770 [ERROR] LogOutputStream:75 - [STDERR_REDIRECT] [Fatal Error] :1:1: Premature end of file.
2026-05-08 10:37:14,771 [ERROR] LogOutputStream:75 - [STDERR_REDIRECT] 
2026-05-08 10:37:15,768 [ERROR] LogOutputStream:75 - [STDERR_REDIRECT] [Fatal Error] :1:1: Premature end of file.
2026-05-08 10:37:15,768 [ERROR] LogOutputStream:75 - [STDERR_REDIRECT] 
2026-05-08 10:37:16,767 [ERROR] LogOutputStream:75 - [STDERR_REDIRECT] [Fatal Error] :1:1: Premature end of file.
2026-05-08 10:37:16,767 [ERROR] LogOutputStream:75 - [STDERR_REDIRECT] 
2026-05-08 10:37:17,778 [ERROR] LogOutputStream:75 - [STDERR_REDIRECT] [Fatal Error] :1:1: Premature end of file.
2026-05-08 10:37:17,778 [ERROR] LogOutputStream:75 - [STDERR_REDIRECT] 
2026-05-08 10:37:18,763 [ERROR] LogOutputStream:75 - [STDERR_REDIRECT] [Fatal Error] :1:1: Premature end of file.
2026-05-08 10:37:18,763 [ERROR] LogOutputStream:75 - [STDERR_REDIRECT] 
2026-05-08 10:37:19,787 [ERROR] LogOutputStream:75 - [STDERR_REDIRECT] [Fatal Error] :1:1: Premature end of file.
2026-05-08 10:37:19,787 [ERROR] LogOutputStream:75 - [STDERR_REDIRECT] 
2026-05-08 10:37:20,784 [ERROR] LogOutputStream:75 - [STDERR_REDIRECT] [Fatal Error] :1:1: Premature end of file.
2026-05-08 10:37:20,784 [ERROR] LogOutputStream:75 - [STDERR_REDIRECT] 
2026-05-08 10:37:21,801 [ERROR] LogOutputStream:75 - [STDERR_REDIRECT] [Fatal Error] :1:1: Premature end of file.
2026-05-08 10:37:21,801 [ERROR] LogOutputStream:75 - [STDERR_REDIRECT] 
2026-05-08 10:37:22,767 [ERROR] LogOutputStream:75 - [STDERR_REDIRECT] [Fatal Error] :1:1: Premature end of file.
2026-05-08 10:37:22,767 [ERROR] LogOutputStream:75 - [STDERR_REDIRECT] 
2026-05-08 10:37:23,761 [ERROR] LogOutputStream:75 - [STDERR_REDIRECT] [Fatal Error] :1:1: Premature end of file.
2026-05-08 10:37:23,762 [ERROR] LogOutputStream:75 - [STDERR_REDIRECT] 
2026-05-08 10:37:24,795 [ERROR] LogOutputStream:75 - [STDERR_REDIRECT] [Fatal Error] :1:1: Premature end of file.
2026-05-08 10:37:24,797 [ERROR] LogOutputStream:75 - [STDERR_REDIRECT] 
2026-05-08 10:37:25,765 [ERROR] LogOutputStream:75 - [STDERR_REDIRECT] [Fatal Error] :1:1: Premature end of file.
2026-05-08 10:37:25,765 [ERROR] LogOutputStream:75 - [STDERR_REDIRECT] 
2026-05-08 10:37:26,768 [ERROR] LogOutputStream:75 - [STDERR_REDIRECT] [Fatal Error] :1:1: Premature end of file.
2026-05-08 10:37:26,768 [ERROR] LogOutputStream:75 - [STDERR_REDIRECT] 
2026-05-08 10:37:27,773 [ERROR] LogOutputStream:75 - [STDERR_REDIRECT] [Fatal Error] :1:1: Premature end of file.
2026-05-08 10:37:27,773 [ERROR] LogOutputStream:75 - [STDERR_REDIRECT] 
2026-05-08 10:37:28,782 [ERROR] LogOutputStream:75 - [STDERR_REDIRECT] [Fatal Error] :1:1: Premature end of file.
2026-05-08 10:37:28,782 [ERROR] LogOutputStream:75 - [STDERR_REDIRECT] 
2026-05-08 10:37:29,768 [ERROR] LogOutputStream:75 - [STDERR_REDIRECT] [Fatal Error] :1:1: Premature end of file.
2026-05-08 10:37:29,768 [ERROR] LogOutputStream:75 - [STDERR_REDIRECT] 
2026-05-08 10:37:30,780 [ERROR] LogOutputStream:75 - [STDERR_REDIRECT] [Fatal Error] :1:1: Premature end of file.
2026-05-08 10:37:30,780 [ERROR] LogOutputStream:75 - [STDERR_REDIRECT] 
2026-05-08 10:37:31,788 [ERROR] LogOutputStream:75 - [STDERR_REDIRECT] [Fatal Error] :1:1: Premature end of file.
2026-05-08 10:37:31,788 [ERROR] LogOutputStream:75 - [STDERR_REDIRECT] 
2026-05-08 10:37:32,801 [ERROR] LogOutputStream:75 - [STDERR_REDIRECT] [Fatal Error] :1:1: Premature end of file.
2026-05-08 10:37:32,801 [ERROR] LogOutputStream:75 - [STDERR_REDIRECT] 
2026-05-08 10:37:33,783 [ERROR] LogOutputStream:75 - [STDERR_REDIRECT] [Fatal Error] :1:1: Premature end of file.
2026-05-08 10:37:33,783 [ERROR] LogOutputStream:75 - [STDERR_REDIRECT] 
2026-05-08 10:37:34,775 [ERROR] LogOutputStream:75 - [STDERR_REDIRECT] [Fatal Error] :1:1: Premature end of file.
2026-05-08 10:37:34,775 [ERROR] LogOutputStream:75 - [STDERR_REDIRECT] 
2026-05-08 10:37:35,785 [ERROR] LogOutputStream:75 - [STDERR_REDIRECT] [Fatal Error] :1:1: Premature end of file.
2026-05-08 10:37:35,785 [ERROR] LogOutputStream:75 - [STDERR_REDIRECT] 
2026-05-08 10:37:36,774 [ERROR] LogOutputStream:75 - [STDERR_REDIRECT] [Fatal Error] :1:1: Premature end of file.
2026-05-08 10:37:36,774 [ERROR] LogOutputStream:75 - [STDERR_REDIRECT] 
2026-05-08 10:37:37,771 [ERROR] LogOutputStream:75 - [STDERR_REDIRECT] [Fatal Error] :1:1: Premature end of file.
2026-05-08 10:37:37,771 [ERROR] LogOutputStream:75 - [STDERR_REDIRECT] 
2026-05-08 10:37:38,770 [ERROR] LogOutputStream:75 - [STDERR_REDIRECT] [Fatal Error] :1:1: Premature end of file.
2026-05-08 10:37:38,770 [ERROR] LogOutputStream:75 - [STDERR_REDIRECT] 
2026-05-08 10:37:39,778 [ERROR] LogOutputStream:75 - [STDERR_REDIRECT] [Fatal Error] :1:1: Premature end of file.
2026-05-08 10:37:39,779 [ERROR] LogOutputStream:75 - [STDERR_REDIRECT] 
2026-05-08 10:37:40,773 [ERROR] LogOutputStream:75 - [STDERR_REDIRECT] [Fatal Error] :1:1: Premature end of file.
2026-05-08 10:37:40,773 [ERROR] LogOutputStream:75 - [STDERR_REDIRECT] 
2026-05-08 10:37:41,764 [ERROR] LogOutputStream:75 - [STDERR_REDIRECT] [Fatal Error] :1:1: Premature end of file.
2026-05-08 10:37:41,764 [ERROR] LogOutputStream:75 - [STDERR_REDIRECT] 
2026-05-08 10:37:42,759 [ERROR] LogOutputStream:75 - [STDERR_REDIRECT] [Fatal Error] :1:1: Premature end of file.
2026-05-08 10:37:42,759 [ERROR] LogOutputStream:75 - [STDERR_REDIRECT] 
2026-05-08 10:37:43,765 [ERROR] LogOutputStream:75 - [STDERR_REDIRECT] [Fatal Error] :1:1: Premature end of file.
2026-05-08 10:37:43,765 [ERROR] LogOutputStream:75 - [STDERR_REDIRECT] 
2026-05-08 10:37:44,777 [ERROR] LogOutputStream:75 - [STDERR_REDIRECT] [Fatal Error] :1:1: Premature end of file.
2026-05-08 10:37:44,778 [ERROR] LogOutputStream:75 - [STDERR_REDIRECT] 
2026-05-08 10:37:45,765 [ERROR] LogOutputStream:75 - [STDERR_REDIRECT] [Fatal Error] :1:1: Premature end of file.
2026-05-08 10:37:45,765 [ERROR] LogOutputStream:75 - [STDERR_REDIRECT] 
2026-05-08 10:37:46,748 [ERROR] LogOutputStream:75 - [STDERR_REDIRECT] [Fatal Error] :1:1: Premature end of file.
2026-05-08 10:37:46,748 [ERROR] LogOutputStream:75 - [STDERR_REDIRECT] 
2026-05-08 10:37:47,774 [ERROR] LogOutputStream:75 - [STDERR_REDIRECT] [Fatal Error] :1:1: Premature end of file.
2026-05-08 10:37:47,774 [ERROR] LogOutputStream:75 - [STDERR_REDIRECT] 
2026-05-08 10:37:48,761 [ERROR] LogOutputStream:75 - [STDERR_REDIRECT] [Fatal Error] :1:1: Premature end of file.
2026-05-08 10:37:48,761 [ERROR] LogOutputStream:75 - [STDERR_REDIRECT] 
2026-05-08 10:37:49,780 [ERROR] LogOutputStream:75 - [STDERR_REDIRECT] [Fatal Error] :1:1: Premature end of file.
2026-05-08 10:37:49,780 [ERROR] LogOutputStream:75 - [STDERR_REDIRECT] 
2026-05-08 10:37:50,784 [ERROR] LogOutputStream:75 - [STDERR_REDIRECT] [Fatal Error] :1:1: Premature end of file.
2026-05-08 10:37:50,784 [ERROR] LogOutputStream:75 - [STDERR_REDIRECT] 
2026-05-08 10:37:51,802 [ERROR] LogOutputStream:75 - [STDERR_REDIRECT] [Fatal Error] :1:1: Premature end of file.
2026-05-08 10:37:51,802 [ERROR] LogOutputStream:75 - [STDERR_REDIRECT] 
2026-05-08 10:37:52,762 [ERROR] LogOutputStream:75 - [STDERR_REDIRECT] [Fatal Error] :1:1: Premature end of file.
2026-05-08 10:37:52,762 [ERROR] LogOutputStream:75 - [STDERR_REDIRECT] 
2026-05-08 10:37:53,762 [ERROR] LogOutputStream:75 - [STDERR_REDIRECT] [Fatal Error] :1:1: Premature end of file.
2026-05-08 10:37:53,762 [ERROR] LogOutputStream:75 - [STDERR_REDIRECT] 
2026-05-08 10:37:54,764 [ERROR] LogOutputStream:75 - [STDERR_REDIRECT] [Fatal Error] :1:1: Premature end of file.
2026-05-08 10:37:54,764 [ERROR] LogOutputStream:75 - [STDERR_REDIRECT] 
2026-05-08 10:37:55,785 [ERROR] LogOutputStream:75 - [STDERR_REDIRECT] [Fatal Error] :1:1: Premature end of file.
2026-05-08 10:37:55,785 [ERROR] LogOutputStream:75 - [STDERR_REDIRECT] 
2026-05-08 10:37:56,756 [ERROR] LogOutputStream:75 - [STDERR_REDIRECT] [Fatal Error] :1:1: Premature end of file.
2026-05-08 10:37:56,756 [ERROR] LogOutputStream:75 - [STDERR_REDIRECT] 
2026-05-08 10:37:57,782 [ERROR] LogOutputStream:75 - [STDERR_REDIRECT] [Fatal Error] :1:1: Premature end of file.
2026-05-08 10:37:57,784 [ERROR] LogOutputStream:75 - [STDERR_REDIRECT] 
2026-05-08 10:37:58,753 [ERROR] LogOutputStream:75 - [STDERR_REDIRECT] [Fatal Error] :1:1: Premature end of file.
2026-05-08 10:37:58,753 [ERROR] LogOutputStream:75 - [STDERR_REDIRECT] 
2026-05-08 10:37:59,778 [ERROR] LogOutputStream:75 - [STDERR_REDIRECT] [Fatal Error] :1:1: Premature end of file.
2026-05-08 10:37:59,778 [ERROR] LogOutputStream:75 - [STDERR_REDIRECT] 
2026-05-08 10:38:00,780 [ERROR] LogOutputStream:75 - [STDERR_REDIRECT] [Fatal Error] :1:1: Premature end of file.
2026-05-08 10:38:00,780 [ERROR] LogOutputStream:75 - [STDERR_REDIRECT] 
2026-05-08 10:38:01,787 [ERROR] LogOutputStream:75 - [STDERR_REDIRECT] [Fatal Error] :1:1: Premature end of file.
2026-05-08 10:38:01,787 [ERROR] LogOutputStream:75 - [STDERR_REDIRECT] 
2026-05-08 10:38:02,740 [ERROR] LogOutputStream:75 - [STDERR_REDIRECT] [Fatal Error] :1:1: Premature end of file.
2026-05-08 10:38:02,740 [ERROR] LogOutputStream:75 - [STDERR_REDIRECT] 
2026-05-08 10:38:03,756 [ERROR] LogOutputStream:75 - [STDERR_REDIRECT] [Fatal Error] :1:1: Premature end of file.
2026-05-08 10:38:03,756 [ERROR] LogOutputStream:75 - [STDERR_REDIRECT] 
2026-05-08 10:38:04,776 [ERROR] LogOutputStream:75 - [STDERR_REDIRECT] [Fatal Error] :1:1: Premature end of file.
2026-05-08 10:38:04,776 [ERROR] LogOutputStream:75 - [STDERR_REDIRECT] 
2026-05-08 10:38:05,738 [ERROR] LogOutputStream:75 - [STDERR_REDIRECT] [Fatal Error] :1:1: Premature end of file.
2026-05-08 10:38:05,747 [ERROR] LogOutputStream:75 - [STDERR_REDIRECT] 
2026-05-08 10:38:06,754 [ERROR] LogOutputStream:75 - [STDERR_REDIRECT] [Fatal Error] :1:1: Premature end of file.
2026-05-08 10:38:06,754 [ERROR] LogOutputStream:75 - [STDERR_REDIRECT] 
2026-05-08 10:38:07,768 [ERROR] LogOutputStream:75 - [STDERR_REDIRECT] [Fatal Error] :1:1: Premature end of file.
2026-05-08 10:38:07,769 [ERROR] LogOutputStream:75 - [STDERR_REDIRECT] 
2026-05-08 10:38:08,775 [ERROR] LogOutputStream:75 - [STDERR_REDIRECT] [Fatal Error] :1:1: Premature end of file.
2026-05-08 10:38:08,775 [ERROR] LogOutputStream:75 - [STDERR_REDIRECT] 
2026-05-08 10:38:09,771 [ERROR] LogOutputStream:75 - [STDERR_REDIRECT] [Fatal Error] :1:1: Premature end of file.
2026-05-08 10:38:09,775 [ERROR] LogOutputStream:75 - [STDERR_REDIRECT] 
2026-05-08 10:38:10,769 [ERROR] LogOutputStream:75 - [STDERR_REDIRECT] [Fatal Error] :1:1: Premature end of file.
2026-05-08 10:38:10,769 [ERROR] LogOutputStream:75 - [STDERR_REDIRECT] 
2026-05-08 10:38:11,785 [ERROR] LogOutputStream:75 - [STDERR_REDIRECT] [Fatal Error] :1:1: Premature end of file.
2026-05-08 10:38:11,785 [ERROR] LogOutputStream:75 - [STDERR_REDIRECT] 
2026-05-08 10:38:12,782 [ERROR] LogOutputStream:75 - [STDERR_REDIRECT] [Fatal Error] :1:1: Premature end of file.
2026-05-08 10:38:12,782 [ERROR] LogOutputStream:75 - [STDERR_REDIRECT] 
2026-05-08 10:38:13,774 [ERROR] LogOutputStream:75 - [STDERR_REDIRECT] [Fatal Error] :1:1: Premature end of file.
2026-05-08 10:38:13,776 [ERROR] LogOutputStream:75 - [STDERR_REDIRECT] 
2026-05-08 10:38:14,773 [ERROR] LogOutputStream:75 - [STDERR_REDIRECT] [Fatal Error] :1:1: Premature end of file.
2026-05-08 10:38:14,773 [ERROR] LogOutputStream:75 - [STDERR_REDIRECT] 
2026-05-08 10:38:15,781 [ERROR] LogOutputStream:75 - [STDERR_REDIRECT] [Fatal Error] :1:1: Premature end of file.
2026-05-08 10:38:15,781 [ERROR] LogOutputStream:75 - [STDERR_REDIRECT] 
2026-05-08 10:38:16,774 [ERROR] LogOutputStream:75 - [STDERR_REDIRECT] [Fatal Error] :1:1: Premature end of file.
2026-05-08 10:38:16,774 [ERROR] LogOutputStream:75 - [STDERR_REDIRECT] 
2026-05-08 10:38:17,755 [ERROR] LogOutputStream:75 - [STDERR_REDIRECT] [Fatal Error] :1:1: Premature end of file.
2026-05-08 10:38:17,755 [ERROR] LogOutputStream:75 - [STDERR_REDIRECT] 
2026-05-08 10:38:18,777 [ERROR] LogOutputStream:75 - [STDERR_REDIRECT] [Fatal Error] :1:1: Premature end of file.
2026-05-08 10:38:18,777 [ERROR] LogOutputStream:75 - [STDERR_REDIRECT] 
2026-05-08 10:38:19,752 [ERROR] LogOutputStream:75 - [STDERR_REDIRECT] [Fatal Error] :1:1: Premature end of file.
2026-05-08 10:38:19,760 [ERROR] LogOutputStream:75 - [STDERR_REDIRECT] 
2026-05-08 10:38:20,781 [ERROR] LogOutputStream:75 - [STDERR_REDIRECT] [Fatal Error] :1:1: Premature end of file.
2026-05-08 10:38:20,781 [ERROR] LogOutputStream:75 - [STDERR_REDIRECT] 
2026-05-08 10:38:21,803 [ERROR] LogOutputStream:75 - [STDERR_REDIRECT] [Fatal Error] :1:1: Premature end of file.
2026-05-08 10:38:21,803 [ERROR] LogOutputStream:75 - [STDERR_REDIRECT] 
2026-05-08 10:38:22,771 [ERROR] LogOutputStream:75 - [STDERR_REDIRECT] [Fatal Error] :1:1: Premature end of file.
2026-05-08 10:38:22,771 [ERROR] LogOutputStream:75 - [STDERR_REDIRECT] 
2026-05-08 10:38:23,793 [ERROR] LogOutputStream:75 - [STDERR_REDIRECT] [Fatal Error] :1:1: Premature end of file.
2026-05-08 10:38:23,793 [ERROR] LogOutputStream:75 - [STDERR_REDIRECT] 
2026-05-08 10:38:24,757 [ERROR] LogOutputStream:75 - [STDERR_REDIRECT] [Fatal Error] :1:1: Premature end of file.
2026-05-08 10:38:24,772 [ERROR] LogOutputStream:75 - [STDERR_REDIRECT] 
2026-05-08 10:38:25,778 [ERROR] LogOutputStream:75 - [STDERR_REDIRECT] [Fatal Error] :1:1: Premature end of file.
2026-05-08 10:38:25,783 [ERROR] LogOutputStream:75 - [STDERR_REDIRECT] 
2026-05-08 10:38:26,767 [ERROR] LogOutputStream:75 - [STDERR_REDIRECT] [Fatal Error] :1:1: Premature end of file.
2026-05-08 10:38:26,767 [ERROR] LogOutputStream:75 - [STDERR_REDIRECT] 
2026-05-08 10:38:27,774 [ERROR] LogOutputStream:75 - [STDERR_REDIRECT] [Fatal Error] :1:1: Premature end of file.
2026-05-08 10:38:27,774 [ERROR] LogOutputStream:75 - [STDERR_REDIRECT] 
2026-05-08 10:38:28,794 [ERROR] LogOutputStream:75 - [STDERR_REDIRECT] [Fatal Error] :1:1: Premature end of file.
2026-05-08 10:38:28,795 [ERROR] LogOutputStream:75 - [STDERR_REDIRECT] 
2026-05-08 10:38:29,768 [ERROR] LogOutputStream:75 - [STDERR_REDIRECT] [Fatal Error] :1:1: Premature end of file.
2026-05-08 10:38:29,768 [ERROR] LogOutputStream:75 - [STDERR_REDIRECT] 
2026-05-08 10:38:30,763 [ERROR] LogOutputStream:75 - [STDERR_REDIRECT] [Fatal Error] :1:1: Premature end of file.
2026-05-08 10:38:30,764 [ERROR] LogOutputStream:75 - [STDERR_REDIRECT] 
2026-05-08 10:38:31,798 [ERROR] LogOutputStream:75 - [STDERR_REDIRECT] [Fatal Error] :1:1: Premature end of file.
2026-05-08 10:38:31,798 [ERROR] LogOutputStream:75 - [STDERR_REDIRECT] 
2026-05-08 10:38:32,797 [ERROR] LogOutputStream:75 - [STDERR_REDIRECT] [Fatal Error] :1:1: Premature end of file.
2026-05-08 10:38:32,797 [ERROR] LogOutputStream:75 - [STDERR_REDIRECT] 
2026-05-08 10:38:33,786 [ERROR] LogOutputStream:75 - [STDERR_REDIRECT] [Fatal Error] :1:1: Premature end of file.
2026-05-08 10:38:33,787 [ERROR] LogOutputStream:75 - [STDERR_REDIRECT] 
2026-05-08 10:38:34,787 [ERROR] LogOutputStream:75 - [STDERR_REDIRECT] [Fatal Error] :1:1: Premature end of file.
2026-05-08 10:38:34,787 [ERROR] LogOutputStream:75 - [STDERR_REDIRECT] 
2026-05-08 10:38:35,768 [ERROR] LogOutputStream:75 - [STDERR_REDIRECT] [Fatal Error] :1:1: Premature end of file.
2026-05-08 10:38:35,768 [ERROR] LogOutputStream:75 - [STDERR_REDIRECT] 
2026-05-08 10:38:36,785 [ERROR] LogOutputStream:75 - [STDERR_REDIRECT] [Fatal Error] :1:1: Premature end of file.
2026-05-08 10:38:36,785 [ERROR] LogOutputStream:75 - [STDERR_REDIRECT] 
2026-05-08 10:38:37,787 [ERROR] LogOutputStream:75 - [STDERR_REDIRECT] [Fatal Error] :1:1: Premature end of file.
2026-05-08 10:38:37,787 [ERROR] LogOutputStream:75 - [STDERR_REDIRECT] 
2026-05-08 10:38:38,767 [ERROR] LogOutputStream:75 - [STDERR_REDIRECT] [Fatal Error] :1:1: Premature end of file.
2026-05-08 10:38:38,768 [ERROR] LogOutputStream:75 - [STDERR_REDIRECT] 
2026-05-08 10:38:39,767 [ERROR] LogOutputStream:75 - [STDERR_REDIRECT] [Fatal Error] :1:1: Premature end of file.
2026-05-08 10:38:39,768 [ERROR] LogOutputStream:75 - [STDERR_REDIRECT] 
2026-05-08 10:38:40,778 [ERROR] LogOutputStream:75 - [STDERR_REDIRECT] [Fatal Error] :1:1: Premature end of file.
2026-05-08 10:38:40,778 [ERROR] LogOutputStream:75 - [STDERR_REDIRECT] 
2026-05-08 10:38:41,785 [ERROR] LogOutputStream:75 - [STDERR_REDIRECT] [Fatal Error] :1:1: Premature end of file.
2026-05-08 10:38:41,785 [ERROR] LogOutputStream:75 - [STDERR_REDIRECT] 
2026-05-08 10:38:42,784 [ERROR] LogOutputStream:75 - [STDERR_REDIRECT] [Fatal Error] :1:1: Premature end of file.
2026-05-08 10:38:42,785 [ERROR] LogOutputStream:75 - [STDERR_REDIRECT] 
2026-05-08 10:38:43,769 [ERROR] LogOutputStream:75 - [STDERR_REDIRECT] [Fatal Error] :1:1: Premature end of file.
2026-05-08 10:38:43,769 [ERROR] LogOutputStream:75 - [STDERR_REDIRECT] 
2026-05-08 10:38:44,778 [ERROR] LogOutputStream:75 - [STDERR_REDIRECT] [Fatal Error] :1:1: Premature end of file.
2026-05-08 10:38:44,778 [ERROR] LogOutputStream:75 - [STDERR_REDIRECT] 
2026-05-08 10:38:45,769 [ERROR] LogOutputStream:75 - [STDERR_REDIRECT] [Fatal Error] :1:1: Premature end of file.
2026-05-08 10:38:45,769 [ERROR] LogOutputStream:75 - [STDERR_REDIRECT] 
2026-05-08 10:38:46,771 [ERROR] LogOutputStream:75 - [STDERR_REDIRECT] [Fatal Error] :1:1: Premature end of file.
2026-05-08 10:38:46,771 [ERROR] LogOutputStream:75 - [STDERR_REDIRECT] 
2026-05-08 10:38:47,768 [ERROR] LogOutputStream:75 - [STDERR_REDIRECT] [Fatal Error] :1:1: Premature end of file.
2026-05-08 10:38:47,768 [ERROR] LogOutputStream:75 - [STDERR_REDIRECT] 
2026-05-08 10:38:48,784 [ERROR] LogOutputStream:75 - [STDERR_REDIRECT] [Fatal Error] :1:1: Premature end of file.
2026-05-08 10:38:48,784 [ERROR] LogOutputStream:75 - [STDERR_REDIRECT] 
2026-05-08 10:38:49,804 [ERROR] LogOutputStream:75 - [STDERR_REDIRECT] [Fatal Error] :1:1: Premature end of file.
2026-05-08 10:38:49,804 [ERROR] LogOutputStream:75 - [STDERR_REDIRECT] 
2026-05-08 10:38:50,780 [ERROR] LogOutputStream:75 - [STDERR_REDIRECT] [Fatal Error] :1:1: Premature end of file.
2026-05-08 10:38:50,780 [ERROR] LogOutputStream:75 - [STDERR_REDIRECT] 
2026-05-08 10:38:51,783 [ERROR] LogOutputStream:75 - [STDERR_REDIRECT] [Fatal Error] :1:1: Premature end of file.
2026-05-08 10:38:51,783 [ERROR] LogOutputStream:75 - [STDERR_REDIRECT] 
2026-05-08 10:38:52,768 [ERROR] LogOutputStream:75 - [STDERR_REDIRECT] [Fatal Error] :1:1: Premature end of file.
2026-05-08 10:38:52,768 [ERROR] LogOutputStream:75 - [STDERR_REDIRECT] 
2026-05-08 10:38:53,791 [ERROR] LogOutputStream:75 - [STDERR_REDIRECT] [Fatal Error] :1:1: Premature end of file.
2026-05-08 10:38:53,792 [ERROR] LogOutputStream:75 - [STDERR_REDIRECT] 
2026-05-08 10:38:54,789 [ERROR] LogOutputStream:75 - [STDERR_REDIRECT] [Fatal Error] :1:1: Premature end of file.
2026-05-08 10:38:54,789 [ERROR] LogOutputStream:75 - [STDERR_REDIRECT] 
2026-05-08 10:38:55,765 [ERROR] LogOutputStream:75 - [STDERR_REDIRECT] [Fatal Error] :1:1: Premature end of file.
2026-05-08 10:38:55,766 [ERROR] LogOutputStream:75 - [STDERR_REDIRECT] 
2026-05-08 10:38:56,776 [ERROR] LogOutputStream:75 - [STDERR_REDIRECT] [Fatal Error] :1:1: Premature end of file.
2026-05-08 10:38:56,776 [ERROR] LogOutputStream:75 - [STDERR_REDIRECT] 
2026-05-08 10:38:57,783 [ERROR] LogOutputStream:75 - [STDERR_REDIRECT] [Fatal Error] :1:1: Premature end of file.
2026-05-08 10:38:57,783 [ERROR] LogOutputStream:75 - [STDERR_REDIRECT] 
2026-05-08 10:38:58,763 [ERROR] LogOutputStream:75 - [STDERR_REDIRECT] [Fatal Error] :1:1: Premature end of file.
2026-05-08 10:38:58,763 [ERROR] LogOutputStream:75 - [STDERR_REDIRECT] 
2026-05-08 10:38:59,759 [ERROR] LogOutputStream:75 - [STDERR_REDIRECT] [Fatal Error] :1:1: Premature end of file.
2026-05-08 10:38:59,759 [ERROR] LogOutputStream:75 - [STDERR_REDIRECT] 
2026-05-08 10:39:00,764 [ERROR] LogOutputStream:75 - [STDERR_REDIRECT] [Fatal Error] :1:1: Premature end of file.
2026-05-08 10:39:00,764 [ERROR] LogOutputStream:75 - [STDERR_REDIRECT] 
2026-05-08 10:39:01,761 [ERROR] LogOutputStream:75 - [STDERR_REDIRECT] [Fatal Error] :1:1: Premature end of file.
2026-05-08 10:39:01,761 [ERROR] LogOutputStream:75 - [STDERR_REDIRECT] 
2026-05-08 10:39:02,760 [ERROR] LogOutputStream:75 - [STDERR_REDIRECT] [Fatal Error] :1:1: Premature end of file.
2026-05-08 10:39:02,760 [ERROR] LogOutputStream:75 - [STDERR_REDIRECT] 
2026-05-08 10:39:03,762 [ERROR] LogOutputStream:75 - [STDERR_REDIRECT] [Fatal Error] :1:1: Premature end of file.
2026-05-08 10:39:03,762 [ERROR] LogOutputStream:75 - [STDERR_REDIRECT] 
2026-05-08 10:39:04,763 [ERROR] LogOutputStream:75 - [STDERR_REDIRECT] [Fatal Error] :1:1: Premature end of file.
2026-05-08 10:39:04,763 [ERROR] LogOutputStream:75 - [STDERR_REDIRECT] 
2026-05-08 10:39:05,770 [ERROR] LogOutputStream:75 - [STDERR_REDIRECT] [Fatal Error] :1:1: Premature end of file.
2026-05-08 10:39:05,770 [ERROR] LogOutputStream:75 - [STDERR_REDIRECT] 
2026-05-08 10:39:06,758 [ERROR] LogOutputStream:75 - [STDERR_REDIRECT] [Fatal Error] :1:1: Premature end of file.
2026-05-08 10:39:06,758 [ERROR] LogOutputStream:75 - [STDERR_REDIRECT] 
2026-05-08 10:39:07,763 [ERROR] LogOutputStream:75 - [STDERR_REDIRECT] [Fatal Error] :1:1: Premature end of file.
2026-05-08 10:39:07,763 [ERROR] LogOutputStream:75 - [STDERR_REDIRECT] 
2026-05-08 10:39:08,785 [ERROR] LogOutputStream:75 - [STDERR_REDIRECT] [Fatal Error] :1:1: Premature end of file.
2026-05-08 10:39:08,785 [ERROR] LogOutputStream:75 - [STDERR_REDIRECT] 
2026-05-08 10:39:09,752 [ERROR] LogOutputStream:75 - [STDERR_REDIRECT] [Fatal Error] :1:1: Premature end of file.
2026-05-08 10:39:09,752 [ERROR] LogOutputStream:75 - [STDERR_REDIRECT] 
2026-05-08 10:39:10,757 [ERROR] LogOutputStream:75 - [STDERR_REDIRECT] [Fatal Error] :1:1: Premature end of file.
2026-05-08 10:39:10,757 [ERROR] LogOutputStream:75 - [STDERR_REDIRECT] 
2026-05-08 10:39:11,769 [ERROR] LogOutputStream:75 - [STDERR_REDIRECT] [Fatal Error] :1:1: Premature end of file.
2026-05-08 10:39:11,769 [ERROR] LogOutputStream:75 - [STDERR_REDIRECT] 
2026-05-08 10:39:12,761 [ERROR] LogOutputStream:75 - [STDERR_REDIRECT] [Fatal Error] :1:1: Premature end of file.
2026-05-08 10:39:12,761 [ERROR] LogOutputStream:75 - [STDERR_REDIRECT] 
2026-05-08 10:39:13,759 [ERROR] LogOutputStream:75 - [STDERR_REDIRECT] [Fatal Error] :1:1: Premature end of file.
2026-05-08 10:39:13,759 [ERROR] LogOutputStream:75 - [STDERR_REDIRECT] 
2026-05-08 10:39:14,761 [ERROR] LogOutputStream:75 - [STDERR_REDIRECT] [Fatal Error] :1:1: Premature end of file.
2026-05-08 10:39:14,761 [ERROR] LogOutputStream:75 - [STDERR_REDIRECT] 
2026-05-08 10:39:15,753 [ERROR] LogOutputStream:75 - [STDERR_REDIRECT] [Fatal Error] :1:1: Premature end of file.
2026-05-08 10:39:15,753 [ERROR] LogOutputStream:75 - [STDERR_REDIRECT] 
2026-05-08 10:39:16,773 [ERROR] LogOutputStream:75 - [STDERR_REDIRECT] [Fatal Error] :1:1: Premature end of file.
2026-05-08 10:39:16,773 [ERROR] LogOutputStream:75 - [STDERR_REDIRECT] 
2026-05-08 10:39:17,756 [ERROR] LogOutputStream:75 - [STDERR_REDIRECT] [Fatal Error] :1:1: Premature end of file.
2026-05-08 10:39:17,756 [ERROR] LogOutputStream:75 - [STDERR_REDIRECT] 
2026-05-08 10:39:18,752 [ERROR] LogOutputStream:75 - [STDERR_REDIRECT] [Fatal Error] :1:1: Premature end of file.
2026-05-08 10:39:18,752 [ERROR] LogOutputStream:75 - [STDERR_REDIRECT] 
2026-05-08 10:39:19,756 [ERROR] LogOutputStream:75 - [STDERR_REDIRECT] [Fatal Error] :1:1: Premature end of file.
2026-05-08 10:39:19,756 [ERROR] LogOutputStream:75 - [STDERR_REDIRECT] 
2026-05-08 10:39:20,759 [ERROR] LogOutputStream:75 - [STDERR_REDIRECT] [Fatal Error] :1:1: Premature end of file.
2026-05-08 10:39:20,759 [ERROR] LogOutputStream:75 - [STDERR_REDIRECT] 
2026-05-08 10:39:21,764 [ERROR] LogOutputStream:75 - [STDERR_REDIRECT] [Fatal Error] :1:1: Premature end of file.
2026-05-08 10:39:21,765 [ERROR] LogOutputStream:75 - [STDERR_REDIRECT] 
2026-05-08 10:39:22,770 [ERROR] LogOutputStream:75 - [STDERR_REDIRECT] [Fatal Error] :1:1: Premature end of file.
2026-05-08 10:39:22,770 [ERROR] LogOutputStream:75 - [STDERR_REDIRECT] 
2026-05-08 10:39:23,760 [ERROR] LogOutputStream:75 - [STDERR_REDIRECT] [Fatal Error] :1:1: Premature end of file.
2026-05-08 10:39:23,760 [ERROR] LogOutputStream:75 - [STDERR_REDIRECT] 
2026-05-08 10:39:24,765 [ERROR] LogOutputStream:75 - [STDERR_REDIRECT] [Fatal Error] :1:1: Premature end of file.
2026-05-08 10:39:24,765 [ERROR] LogOutputStream:75 - [STDERR_REDIRECT] 
2026-05-08 10:39:25,762 [ERROR] LogOutputStream:75 - [STDERR_REDIRECT] [Fatal Error] :1:1: Premature end of file.
2026-05-08 10:39:25,762 [ERROR] LogOutputStream:75 - [STDERR_REDIRECT] 
2026-05-08 10:39:26,754 [ERROR] LogOutputStream:75 - [STDERR_REDIRECT] [Fatal Error] :1:1: Premature end of file.
2026-05-08 10:39:26,754 [ERROR] LogOutputStream:75 - [STDERR_REDIRECT] 
2026-05-08 10:39:27,757 [ERROR] LogOutputStream:75 - [STDERR_REDIRECT] [Fatal Error] :1:1: Premature end of file.
2026-05-08 10:39:27,758 [ERROR] LogOutputStream:75 - [STDERR_REDIRECT] 
2026-05-08 10:39:28,756 [ERROR] LogOutputStream:75 - [STDERR_REDIRECT] [Fatal Error] :1:1: Premature end of file.
2026-05-08 10:39:28,757 [ERROR] LogOutputStream:75 - [STDERR_REDIRECT] 
2026-05-08 10:39:29,759 [ERROR] LogOutputStream:75 - [STDERR_REDIRECT] [Fatal Error] :1:1: Premature end of file.
2026-05-08 10:39:29,759 [ERROR] LogOutputStream:75 - [STDERR_REDIRECT] 
2026-05-08 10:39:30,772 [ERROR] LogOutputStream:75 - [STDERR_REDIRECT] [Fatal Error] :1:1: Premature end of file.
2026-05-08 10:39:30,772 [ERROR] LogOutputStream:75 - [STDERR_REDIRECT] 
2026-05-08 10:39:31,775 [ERROR] LogOutputStream:75 - [STDERR_REDIRECT] [Fatal Error] :1:1: Premature end of file.
2026-05-08 10:39:31,775 [ERROR] LogOutputStream:75 - [STDERR_REDIRECT] 
2026-05-08 10:39:32,759 [ERROR] LogOutputStream:75 - [STDERR_REDIRECT] [Fatal Error] :1:1: Premature end of file.
2026-05-08 10:39:32,759 [ERROR] LogOutputStream:75 - [STDERR_REDIRECT] 
2026-05-08 10:39:33,767 [ERROR] LogOutputStream:75 - [STDERR_REDIRECT] [Fatal Error] :1:1: Premature end of file.
2026-05-08 10:39:33,767 [ERROR] LogOutputStream:75 - [STDERR_REDIRECT] 
2026-05-08 10:39:34,752 [ERROR] LogOutputStream:75 - [STDERR_REDIRECT] [Fatal Error] :1:1: Premature end of file.
2026-05-08 10:39:34,752 [ERROR] LogOutputStream:75 - [STDERR_REDIRECT] 
2026-05-08 10:39:35,764 [ERROR] LogOutputStream:75 - [STDERR_REDIRECT] [Fatal Error] :1:1: Premature end of file.
2026-05-08 10:39:35,764 [ERROR] LogOutputStream:75 - [STDERR_REDIRECT] 
2026-05-08 10:39:36,764 [ERROR] LogOutputStream:75 - [STDERR_REDIRECT] [Fatal Error] :1:1: Premature end of file.
2026-05-08 10:39:36,764 [ERROR] LogOutputStream:75 - [STDERR_REDIRECT] 
2026-05-08 10:39:37,748 [ERROR] LogOutputStream:75 - [STDERR_REDIRECT] [Fatal Error] :1:1: Premature end of file.
2026-05-08 10:39:37,748 [ERROR] LogOutputStream:75 - [STDERR_REDIRECT] 
2026-05-08 10:39:38,764 [ERROR] LogOutputStream:75 - [STDERR_REDIRECT] [Fatal Error] :1:1: Premature end of file.
2026-05-08 10:39:38,764 [ERROR] LogOutputStream:75 - [STDERR_REDIRECT] 
2026-05-08 10:39:39,758 [ERROR] LogOutputStream:75 - [STDERR_REDIRECT] [Fatal Error] :1:1: Premature end of file.
2026-05-08 10:39:39,758 [ERROR] LogOutputStream:75 - [STDERR_REDIRECT] 
2026-05-08 10:39:40,757 [ERROR] LogOutputStream:75 - [STDERR_REDIRECT] [Fatal Error] :1:1: Premature end of file.
2026-05-08 10:39:40,757 [ERROR] LogOutputStream:75 - [STDERR_REDIRECT] 
2026-05-08 10:39:41,766 [ERROR] LogOutputStream:75 - [STDERR_REDIRECT] [Fatal Error] :1:1: Premature end of file.
2026-05-08 10:39:41,766 [ERROR] LogOutputStream:75 - [STDERR_REDIRECT] 
2026-05-08 10:39:42,759 [ERROR] LogOutputStream:75 - [STDERR_REDIRECT] [Fatal Error] :1:1: Premature end of file.
2026-05-08 10:39:42,759 [ERROR] LogOutputStream:75 - [STDERR_REDIRECT] 
2026-05-08 10:39:43,753 [ERROR] LogOutputStream:75 - [STDERR_REDIRECT] [Fatal Error] :1:1: Premature end of file.
2026-05-08 10:39:43,753 [ERROR] LogOutputStream:75 - [STDERR_REDIRECT] 
2026-05-08 10:39:44,742 [ERROR] LogOutputStream:75 - [STDERR_REDIRECT] [Fatal Error] :1:1: Premature end of file.
2026-05-08 10:39:44,742 [ERROR] LogOutputStream:75 - [STDERR_REDIRECT] 
2026-05-08 10:39:45,747 [ERROR] LogOutputStream:75 - [STDERR_REDIRECT] [Fatal Error] :1:1: Premature end of file.
2026-05-08 10:39:45,747 [ERROR] LogOutputStream:75 - [STDERR_REDIRECT] 
2026-05-08 10:39:46,765 [ERROR] LogOutputStream:75 - [STDERR_REDIRECT] [Fatal Error] :1:1: Premature end of file.
2026-05-08 10:39:46,765 [ERROR] LogOutputStream:75 - [STDERR_REDIRECT] 
2026-05-08 10:39:47,764 [ERROR] LogOutputStream:75 - [STDERR_REDIRECT] [Fatal Error] :1:1: Premature end of file.
2026-05-08 10:39:47,764 [ERROR] LogOutputStream:75 - [STDERR_REDIRECT] 
2026-05-08 10:39:48,756 [ERROR] LogOutputStream:75 - [STDERR_REDIRECT] [Fatal Error] :1:1: Premature end of file.
2026-05-08 10:39:48,756 [ERROR] LogOutputStream:75 - [STDERR_REDIRECT] 
2026-05-08 10:39:49,764 [ERROR] LogOutputStream:75 - [STDERR_REDIRECT] [Fatal Error] :1:1: Premature end of file.
2026-05-08 10:39:49,764 [ERROR] LogOutputStream:75 - [STDERR_REDIRECT] 
2026-05-08 10:39:50,757 [ERROR] LogOutputStream:75 - [STDERR_REDIRECT] [Fatal Error] :1:1: Premature end of file.
2026-05-08 10:39:50,757 [ERROR] LogOutputStream:75 - [STDERR_REDIRECT] 
2026-05-08 10:39:51,758 [ERROR] LogOutputStream:75 - [STDERR_REDIRECT] [Fatal Error] :1:1: Premature end of file.
2026-05-08 10:39:51,759 [ERROR] LogOutputStream:75 - [STDERR_REDIRECT] 
2026-05-08 10:39:52,744 [ERROR] LogOutputStream:75 - [STDERR_REDIRECT] [Fatal Error] :1:1: Premature end of file.
2026-05-08 10:39:52,744 [ERROR] LogOutputStream:75 - [STDERR_REDIRECT] 
2026-05-08 10:39:53,754 [ERROR] LogOutputStream:75 - [STDERR_REDIRECT] [Fatal Error] :1:1: Premature end of file.
2026-05-08 10:39:53,755 [ERROR] LogOutputStream:75 - [STDERR_REDIRECT] 
2026-05-08 10:39:54,765 [ERROR] LogOutputStream:75 - [STDERR_REDIRECT] [Fatal Error] :1:1: Premature end of file.
2026-05-08 10:39:54,765 [ERROR] LogOutputStream:75 - [STDERR_REDIRECT] 
2026-05-08 10:39:55,767 [ERROR] LogOutputStream:75 - [STDERR_REDIRECT] [Fatal Error] :1:1: Premature end of file.
2026-05-08 10:39:55,767 [ERROR] LogOutputStream:75 - [STDERR_REDIRECT] 
2026-05-08 10:39:56,768 [ERROR] LogOutputStream:75 - [STDERR_REDIRECT] [Fatal Error] :1:1: Premature end of file.
2026-05-08 10:39:56,768 [ERROR] LogOutputStream:75 - [STDERR_REDIRECT] 
2026-05-08 10:39:57,777 [ERROR] LogOutputStream:75 - [STDERR_REDIRECT] [Fatal Error] :1:1: Premature end of file.
2026-05-08 10:39:57,777 [ERROR] LogOutputStream:75 - [STDERR_REDIRECT] 
2026-05-08 10:39:58,769 [ERROR] LogOutputStream:75 - [STDERR_REDIRECT] [Fatal Error] :1:1: Premature end of file.
2026-05-08 10:39:58,769 [ERROR] LogOutputStream:75 - [STDERR_REDIRECT] 
2026-05-08 10:39:59,764 [ERROR] LogOutputStream:75 - [STDERR_REDIRECT] [Fatal Error] :1:1: Premature end of file.
2026-05-08 10:39:59,765 [ERROR] LogOutputStream:75 - [STDERR_REDIRECT] 
2026-05-08 10:40:00,755 [ERROR] LogOutputStream:75 - [STDERR_REDIRECT] [Fatal Error] :1:1: Premature end of file.
2026-05-08 10:40:00,755 [ERROR] LogOutputStream:75 - [STDERR_REDIRECT] 
2026-05-08 10:40:01,759 [ERROR] LogOutputStream:75 - [STDERR_REDIRECT] [Fatal Error] :1:1: Premature end of file.
2026-05-08 10:40:01,759 [ERROR] LogOutputStream:75 - [STDERR_REDIRECT] 
2026-05-08 10:40:02,757 [ERROR] LogOutputStream:75 - [STDERR_REDIRECT] [Fatal Error] :1:1: Premature end of file.
2026-05-08 10:40:02,757 [ERROR] LogOutputStream:75 - [STDERR_REDIRECT] 
2026-05-08 10:40:03,762 [ERROR] LogOutputStream:75 - [STDERR_REDIRECT] [Fatal Error] :1:1: Premature end of file.
2026-05-08 10:40:03,762 [ERROR] LogOutputStream:75 - [STDERR_REDIRECT] 
2026-05-08 10:40:04,763 [ERROR] LogOutputStream:75 - [STDERR_REDIRECT] [Fatal Error] :1:1: Premature end of file.
2026-05-08 10:40:04,763 [ERROR] LogOutputStream:75 - [STDERR_REDIRECT] 
2026-05-08 10:40:05,767 [ERROR] LogOutputStream:75 - [STDERR_REDIRECT] [Fatal Error] :1:1: Premature end of file.
2026-05-08 10:40:05,767 [ERROR] LogOutputStream:75 - [STDERR_REDIRECT] 
2026-05-08 10:40:06,755 [ERROR] LogOutputStream:75 - [STDERR_REDIRECT] [Fatal Error] :1:1: Premature end of file.
2026-05-08 10:40:06,755 [ERROR] LogOutputStream:75 - [STDERR_REDIRECT] 
2026-05-08 10:40:07,754 [ERROR] LogOutputStream:75 - [STDERR_REDIRECT] [Fatal Error] :1:1: Premature end of file.
2026-05-08 10:40:07,754 [ERROR] LogOutputStream:75 - [STDERR_REDIRECT] 
2026-05-08 10:40:08,740 [ERROR] LogOutputStream:75 - [STDERR_REDIRECT] [Fatal Error] :1:1: Premature end of file.
2026-05-08 10:40:08,741 [ERROR] LogOutputStream:75 - [STDERR_REDIRECT] 
2026-05-08 10:40:09,752 [ERROR] LogOutputStream:75 - [STDERR_REDIRECT] [Fatal Error] :1:1: Premature end of file.
2026-05-08 10:40:09,752 [ERROR] LogOutputStream:75 - [STDERR_REDIRECT] 
2026-05-08 10:40:10,759 [ERROR] LogOutputStream:75 - [STDERR_REDIRECT] [Fatal Error] :1:1: Premature end of file.
2026-05-08 10:40:10,759 [ERROR] LogOutputStream:75 - [STDERR_REDIRECT] 
2026-05-08 10:40:11,765 [ERROR] LogOutputStream:75 - [STDERR_REDIRECT] [Fatal Error] :1:1: Premature end of file.
2026-05-08 10:40:11,765 [ERROR] LogOutputStream:75 - [STDERR_REDIRECT] 
2026-05-08 10:40:12,759 [ERROR] LogOutputStream:75 - [STDERR_REDIRECT] [Fatal Error] :1:1: Premature end of file.
2026-05-08 10:40:12,759 [ERROR] LogOutputStream:75 - [STDERR_REDIRECT] 
2026-05-08 10:40:13,766 [ERROR] LogOutputStream:75 - [STDERR_REDIRECT] [Fatal Error] :1:1: Premature end of file.
2026-05-08 10:40:13,766 [ERROR] LogOutputStream:75 - [STDERR_REDIRECT] 
2026-05-08 10:40:14,757 [ERROR] LogOutputStream:75 - [STDERR_REDIRECT] [Fatal Error] :1:1: Premature end of file.
2026-05-08 10:40:14,757 [ERROR] LogOutputStream:75 - [STDERR_REDIRECT] 
2026-05-08 10:40:15,741 [ERROR] LogOutputStream:75 - [STDERR_REDIRECT] [Fatal Error] :1:1: Premature end of file.
2026-05-08 10:40:15,741 [ERROR] LogOutputStream:75 - [STDERR_REDIRECT] 
2026-05-08 10:40:16,767 [ERROR] LogOutputStream:75 - [STDERR_REDIRECT] [Fatal Error] :1:1: Premature end of file.
2026-05-08 10:40:16,768 [ERROR] LogOutputStream:75 - [STDERR_REDIRECT] 
2026-05-08 10:40:17,773 [ERROR] LogOutputStream:75 - [STDERR_REDIRECT] [Fatal Error] :1:1: Premature end of file.
2026-05-08 10:40:17,773 [ERROR] LogOutputStream:75 - [STDERR_REDIRECT] 
2026-05-08 10:40:18,769 [ERROR] LogOutputStream:75 - [STDERR_REDIRECT] [Fatal Error] :1:1: Premature end of file.
2026-05-08 10:40:18,769 [ERROR] LogOutputStream:75 - [STDERR_REDIRECT] 
2026-05-08 10:40:19,767 [ERROR] LogOutputStream:75 - [STDERR_REDIRECT] [Fatal Error] :1:1: Premature end of file.
2026-05-08 10:40:19,767 [ERROR] LogOutputStream:75 - [STDERR_REDIRECT] 
2026-05-08 10:40:20,752 [ERROR] LogOutputStream:75 - [STDERR_REDIRECT] [Fatal Error] :1:1: Premature end of file.
2026-05-08 10:40:20,753 [ERROR] LogOutputStream:75 - [STDERR_REDIRECT] 
2026-05-08 10:40:21,742 [ERROR] LogOutputStream:75 - [STDERR_REDIRECT] [Fatal Error] :1:1: Premature end of file.
2026-05-08 10:40:21,742 [ERROR] LogOutputStream:75 - [STDERR_REDIRECT] 
2026-05-08 10:40:22,749 [ERROR] LogOutputStream:75 - [STDERR_REDIRECT] [Fatal Error] :1:1: Premature end of file.
2026-05-08 10:40:22,750 [ERROR] LogOutputStream:75 - [STDERR_REDIRECT] 
2026-05-08 10:40:23,766 [ERROR] LogOutputStream:75 - [STDERR_REDIRECT] [Fatal Error] :1:1: Premature end of file.
2026-05-08 10:40:23,766 [ERROR] LogOutputStream:75 - [STDERR_REDIRECT] 
2026-05-08 10:40:24,752 [ERROR] LogOutputStream:75 - [STDERR_REDIRECT] [Fatal Error] :1:1: Premature end of file.
2026-05-08 10:40:24,752 [ERROR] LogOutputStream:75 - [STDERR_REDIRECT] 
2026-05-08 10:40:25,746 [ERROR] LogOutputStream:75 - [STDERR_REDIRECT] [Fatal Error] :1:1: Premature end of file.
2026-05-08 10:40:25,746 [ERROR] LogOutputStream:75 - [STDERR_REDIRECT] 
2026-05-08 10:40:26,761 [ERROR] LogOutputStream:75 - [STDERR_REDIRECT] [Fatal Error] :1:1: Premature end of file.
2026-05-08 10:40:26,761 [ERROR] LogOutputStream:75 - [STDERR_REDIRECT] 
2026-05-08 10:40:27,757 [ERROR] LogOutputStream:75 - [STDERR_REDIRECT] [Fatal Error] :1:1: Premature end of file.
2026-05-08 10:40:27,757 [ERROR] LogOutputStream:75 - [STDERR_REDIRECT] 
2026-05-08 10:40:28,756 [ERROR] LogOutputStream:75 - [STDERR_REDIRECT] [Fatal Error] :1:1: Premature end of file.
2026-05-08 10:40:28,757 [ERROR] LogOutputStream:75 - [STDERR_REDIRECT] 
2026-05-08 10:40:29,782 [ERROR] LogOutputStream:75 - [STDERR_REDIRECT] [Fatal Error] :1:1: Premature end of file.
2026-05-08 10:40:29,782 [ERROR] LogOutputStream:75 - [STDERR_REDIRECT] 
2026-05-08 10:40:30,766 [ERROR] LogOutputStream:75 - [STDERR_REDIRECT] [Fatal Error] :1:1: Premature end of file.
2026-05-08 10:40:30,767 [ERROR] LogOutputStream:75 - [STDERR_REDIRECT] 
2026-05-08 10:40:31,765 [ERROR] LogOutputStream:75 - [STDERR_REDIRECT] [Fatal Error] :1:1: Premature end of file.
2026-05-08 10:40:31,765 [ERROR] LogOutputStream:75 - [STDERR_REDIRECT] 
2026-05-08 10:40:32,766 [ERROR] LogOutputStream:75 - [STDERR_REDIRECT] [Fatal Error] :1:1: Premature end of file.
2026-05-08 10:40:32,766 [ERROR] LogOutputStream:75 - [STDERR_REDIRECT] 
2026-05-08 10:40:33,760 [ERROR] LogOutputStream:75 - [STDERR_REDIRECT] [Fatal Error] :1:1: Premature end of file.
2026-05-08 10:40:33,760 [ERROR] LogOutputStream:75 - [STDERR_REDIRECT] 
2026-05-08 10:40:34,759 [ERROR] LogOutputStream:75 - [STDERR_REDIRECT] [Fatal Error] :1:1: Premature end of file.
2026-05-08 10:40:34,759 [ERROR] LogOutputStream:75 - [STDERR_REDIRECT] 
2026-05-08 10:40:35,764 [ERROR] LogOutputStream:75 - [STDERR_REDIRECT] [Fatal Error] :1:1: Premature end of file.
2026-05-08 10:40:35,764 [ERROR] LogOutputStream:75 - [STDERR_REDIRECT] 
2026-05-08 10:40:36,762 [ERROR] LogOutputStream:75 - [STDERR_REDIRECT] [Fatal Error] :1:1: Premature end of file.
2026-05-08 10:40:36,762 [ERROR] LogOutputStream:75 - [STDERR_REDIRECT] 
2026-05-08 10:40:37,764 [ERROR] LogOutputStream:75 - [STDERR_REDIRECT] [Fatal Error] :1:1: Premature end of file.
2026-05-08 10:40:37,764 [ERROR] LogOutputStream:75 - [STDERR_REDIRECT] 
2026-05-08 10:40:38,764 [ERROR] LogOutputStream:75 - [STDERR_REDIRECT] [Fatal Error] :1:1: Premature end of file.
2026-05-08 10:40:38,764 [ERROR] LogOutputStream:75 - [STDERR_REDIRECT] 
2026-05-08 10:40:39,763 [ERROR] LogOutputStream:75 - [STDERR_REDIRECT] [Fatal Error] :1:1: Premature end of file.
2026-05-08 10:40:39,763 [ERROR] LogOutputStream:75 - [STDERR_REDIRECT] 
2026-05-08 10:40:40,770 [ERROR] LogOutputStream:75 - [STDERR_REDIRECT] [Fatal Error] :1:1: Premature end of file.
2026-05-08 10:40:40,770 [ERROR] LogOutputStream:75 - [STDERR_REDIRECT] 
2026-05-08 10:40:41,757 [ERROR] LogOutputStream:75 - [STDERR_REDIRECT] [Fatal Error] :1:1: Premature end of file.
2026-05-08 10:40:41,757 [ERROR] LogOutputStream:75 - [STDERR_REDIRECT] 
2026-05-08 10:40:42,808 [ERROR] LogOutputStream:75 - [STDERR_REDIRECT] [Fatal Error] :1:1: Premature end of file.
2026-05-08 10:40:42,808 [ERROR] LogOutputStream:75 - [STDERR_REDIRECT] 
2026-05-08 10:40:43,769 [ERROR] LogOutputStream:75 - [STDERR_REDIRECT] [Fatal Error] :1:1: Premature end of file.
2026-05-08 10:40:43,769 [ERROR] LogOutputStream:75 - [STDERR_REDIRECT] 
2026-05-08 10:40:44,762 [ERROR] LogOutputStream:75 - [STDERR_REDIRECT] [Fatal Error] :1:1: Premature end of file.
2026-05-08 10:40:44,762 [ERROR] LogOutputStream:75 - [STDERR_REDIRECT] 
2026-05-08 10:40:45,764 [ERROR] LogOutputStream:75 - [STDERR_REDIRECT] [Fatal Error] :1:1: Premature end of file.
2026-05-08 10:40:45,764 [ERROR] LogOutputStream:75 - [STDERR_REDIRECT] 
2026-05-08 10:40:46,801 [ERROR] LogOutputStream:75 - [STDERR_REDIRECT] [Fatal Error] :1:1: Premature end of file.
2026-05-08 10:40:46,801 [ERROR] LogOutputStream:75 - [STDERR_REDIRECT] 
2026-05-08 10:40:47,759 [ERROR] LogOutputStream:75 - [STDERR_REDIRECT] [Fatal Error] :1:1: Premature end of file.
2026-05-08 10:40:47,775 [ERROR] LogOutputStream:75 - [STDERR_REDIRECT] 
2026-05-08 10:40:48,787 [ERROR] LogOutputStream:75 - [STDERR_REDIRECT] [Fatal Error] :1:1: Premature end of file.
2026-05-08 10:40:48,787 [ERROR] LogOutputStream:75 - [STDERR_REDIRECT] 
2026-05-08 10:40:49,784 [ERROR] LogOutputStream:75 - [STDERR_REDIRECT] [Fatal Error] :1:1: Premature end of file.
2026-05-08 10:40:49,784 [ERROR] LogOutputStream:75 - [STDERR_REDIRECT] 
2026-05-08 10:40:50,780 [ERROR] LogOutputStream:75 - [STDERR_REDIRECT] [Fatal Error] :1:1: Premature end of file.
2026-05-08 10:40:50,780 [ERROR] LogOutputStream:75 - [STDERR_REDIRECT] 
2026-05-08 10:40:51,804 [ERROR] LogOutputStream:75 - [STDERR_REDIRECT] [Fatal Error] :1:1: Premature end of file.
2026-05-08 10:40:51,804 [ERROR] LogOutputStream:75 - [STDERR_REDIRECT] 
2026-05-08 10:40:52,793 [ERROR] LogOutputStream:75 - [STDERR_REDIRECT] [Fatal Error] :1:1: Premature end of file.
2026-05-08 10:40:52,793 [ERROR] LogOutputStream:75 - [STDERR_REDIRECT] 
2026-05-08 10:40:53,774 [ERROR] LogOutputStream:75 - [STDERR_REDIRECT] [Fatal Error] :1:1: Premature end of file.
2026-05-08 10:40:53,774 [ERROR] LogOutputStream:75 - [STDERR_REDIRECT] 
2026-05-08 10:40:54,781 [ERROR] LogOutputStream:75 - [STDERR_REDIRECT] [Fatal Error] :1:1: Premature end of file.
2026-05-08 10:40:54,781 [ERROR] LogOutputStream:75 - [STDERR_REDIRECT] 
2026-05-08 10:40:55,780 [ERROR] LogOutputStream:75 - [STDERR_REDIRECT] [Fatal Error] :1:1: Premature end of file.
2026-05-08 10:40:55,780 [ERROR] LogOutputStream:75 - [STDERR_REDIRECT] 
2026-05-08 10:40:56,776 [ERROR] LogOutputStream:75 - [STDERR_REDIRECT] [Fatal Error] :1:1: Premature end of file.
2026-05-08 10:40:56,776 [ERROR] LogOutputStream:75 - [STDERR_REDIRECT] 
2026-05-08 10:40:57,764 [ERROR] LogOutputStream:75 - [STDERR_REDIRECT] [Fatal Error] :1:1: Premature end of file.
2026-05-08 10:40:57,764 [ERROR] LogOutputStream:75 - [STDERR_REDIRECT] 
2026-05-08 10:40:58,787 [ERROR] LogOutputStream:75 - [STDERR_REDIRECT] [Fatal Error] :1:1: Premature end of file.
2026-05-08 10:40:58,787 [ERROR] LogOutputStream:75 - [STDERR_REDIRECT] 
2026-05-08 10:40:59,773 [ERROR] LogOutputStream:75 - [STDERR_REDIRECT] [Fatal Error] :1:1: Premature end of file.
2026-05-08 10:40:59,773 [ERROR] LogOutputStream:75 - [STDERR_REDIRECT] 
2026-05-08 10:41:00,770 [ERROR] LogOutputStream:75 - [STDERR_REDIRECT] [Fatal Error] :1:1: Premature end of file.
2026-05-08 10:41:00,770 [ERROR] LogOutputStream:75 - [STDERR_REDIRECT] 
2026-05-08 10:41:01,787 [ERROR] LogOutputStream:75 - [STDERR_REDIRECT] [Fatal Error] :1:1: Premature end of file.
2026-05-08 10:41:01,787 [ERROR] LogOutputStream:75 - [STDERR_REDIRECT] 
2026-05-08 10:41:02,786 [ERROR] LogOutputStream:75 - [STDERR_REDIRECT] [Fatal Error] :1:1: Premature end of file.
2026-05-08 10:41:02,786 [ERROR] LogOutputStream:75 - [STDERR_REDIRECT] 
2026-05-08 10:41:03,774 [ERROR] LogOutputStream:75 - [STDERR_REDIRECT] [Fatal Error] :1:1: Premature end of file.
2026-05-08 10:41:03,774 [ERROR] LogOutputStream:75 - [STDERR_REDIRECT] 
2026-05-08 10:41:04,764 [ERROR] LogOutputStream:75 - [STDERR_REDIRECT] [Fatal Error] :1:1: Premature end of file.
2026-05-08 10:41:04,764 [ERROR] LogOutputStream:75 - [STDERR_REDIRECT] 
2026-05-08 10:41:05,796 [ERROR] LogOutputStream:75 - [STDERR_REDIRECT] [Fatal Error] :1:1: Premature end of file.
2026-05-08 10:41:05,796 [ERROR] LogOutputStream:75 - [STDERR_REDIRECT] 
2026-05-08 10:41:06,762 [ERROR] LogOutputStream:75 - [STDERR_REDIRECT] [Fatal Error] :1:1: Premature end of file.
2026-05-08 10:41:06,762 [ERROR] LogOutputStream:75 - [STDERR_REDIRECT] 
2026-05-08 10:41:07,751 [ERROR] LogOutputStream:75 - [STDERR_REDIRECT] [Fatal Error] :1:1: Premature end of file.
2026-05-08 10:41:07,751 [ERROR] LogOutputStream:75 - [STDERR_REDIRECT] 
2026-05-08 10:41:08,793 [ERROR] LogOutputStream:75 - [STDERR_REDIRECT] [Fatal Error] :1:1: Premature end of file.
2026-05-08 10:41:08,793 [ERROR] LogOutputStream:75 - [STDERR_REDIRECT] 
2026-05-08 10:41:09,748 [ERROR] LogOutputStream:75 - [STDERR_REDIRECT] [Fatal Error] :1:1: Premature end of file.
2026-05-08 10:41:09,748 [ERROR] LogOutputStream:75 - [STDERR_REDIRECT] 
2026-05-08 10:41:10,758 [ERROR] LogOutputStream:75 - [STDERR_REDIRECT] [Fatal Error] :1:1: Premature end of file.
2026-05-08 10:41:10,758 [ERROR] LogOutputStream:75 - [STDERR_REDIRECT] 
2026-05-08 10:41:11,763 [ERROR] LogOutputStream:75 - [STDERR_REDIRECT] [Fatal Error] :1:1: Premature end of file.
2026-05-08 10:41:11,763 [ERROR] LogOutputStream:75 - [STDERR_REDIRECT] 
2026-05-08 10:41:12,761 [ERROR] LogOutputStream:75 - [STDERR_REDIRECT] [Fatal Error] :1:1: Premature end of file.
2026-05-08 10:41:12,761 [ERROR] LogOutputStream:75 - [STDERR_REDIRECT] 
2026-05-08 10:41:13,777 [ERROR] LogOutputStream:75 - [STDERR_REDIRECT] [Fatal Error] :1:1: Premature end of file.
2026-05-08 10:41:13,778 [ERROR] LogOutputStream:75 - [STDERR_REDIRECT] 
2026-05-08 10:41:14,750 [ERROR] LogOutputStream:75 - [STDERR_REDIRECT] [Fatal Error] :1:1: Premature end of file.
2026-05-08 10:41:14,750 [ERROR] LogOutputStream:75 - [STDERR_REDIRECT] 
2026-05-08 10:41:15,761 [ERROR] LogOutputStream:75 - [STDERR_REDIRECT] [Fatal Error] :1:1: Premature end of file.
2026-05-08 10:41:15,761 [ERROR] LogOutputStream:75 - [STDERR_REDIRECT] 
2026-05-08 10:41:16,759 [ERROR] LogOutputStream:75 - [STDERR_REDIRECT] [Fatal Error] :1:1: Premature end of file.
2026-05-08 10:41:16,759 [ERROR] LogOutputStream:75 - [STDERR_REDIRECT] 
2026-05-08 10:41:17,751 [ERROR] LogOutputStream:75 - [STDERR_REDIRECT] [Fatal Error] :1:1: Premature end of file.
2026-05-08 10:41:17,751 [ERROR] LogOutputStream:75 - [STDERR_REDIRECT] 
2026-05-08 10:41:18,755 [ERROR] LogOutputStream:75 - [STDERR_REDIRECT] [Fatal Error] :1:1: Premature end of file.
2026-05-08 10:41:18,755 [ERROR] LogOutputStream:75 - [STDERR_REDIRECT] 
2026-05-08 10:41:19,756 [ERROR] LogOutputStream:75 - [STDERR_REDIRECT] [Fatal Error] :1:1: Premature end of file.
2026-05-08 10:41:19,756 [ERROR] LogOutputStream:75 - [STDERR_REDIRECT] 
2026-05-08 10:41:20,751 [ERROR] LogOutputStream:75 - [STDERR_REDIRECT] [Fatal Error] :1:1: Premature end of file.
2026-05-08 10:41:20,751 [ERROR] LogOutputStream:75 - [STDERR_REDIRECT] 
2026-05-08 10:41:21,746 [ERROR] LogOutputStream:75 - [STDERR_REDIRECT] [Fatal Error] :1:1: Premature end of file.
2026-05-08 10:41:21,746 [ERROR] LogOutputStream:75 - [STDERR_REDIRECT] 
2026-05-08 10:41:22,745 [ERROR] LogOutputStream:75 - [STDERR_REDIRECT] [Fatal Error] :1:1: Premature end of file.
2026-05-08 10:41:22,745 [ERROR] LogOutputStream:75 - [STDERR_REDIRECT] 
2026-05-08 10:41:23,751 [ERROR] LogOutputStream:75 - [STDERR_REDIRECT] [Fatal Error] :1:1: Premature end of file.
2026-05-08 10:41:23,752 [ERROR] LogOutputStream:75 - [STDERR_REDIRECT] 
2026-05-08 10:41:24,754 [ERROR] LogOutputStream:75 - [STDERR_REDIRECT] [Fatal Error] :1:1: Premature end of file.
2026-05-08 10:41:24,754 [ERROR] LogOutputStream:75 - [STDERR_REDIRECT] 
2026-05-08 10:41:25,750 [ERROR] LogOutputStream:75 - [STDERR_REDIRECT] [Fatal Error] :1:1: Premature end of file.
2026-05-08 10:41:25,751 [ERROR] LogOutputStream:75 - [STDERR_REDIRECT] 
2026-05-08 10:41:26,758 [ERROR] LogOutputStream:75 - [STDERR_REDIRECT] [Fatal Error] :1:1: Premature end of file.
2026-05-08 10:41:26,758 [ERROR] LogOutputStream:75 - [STDERR_REDIRECT] 
2026-05-08 10:41:27,741 [ERROR] LogOutputStream:75 - [STDERR_REDIRECT] [Fatal Error] :1:1: Premature end of file.
2026-05-08 10:41:27,741 [ERROR] LogOutputStream:75 - [STDERR_REDIRECT] 
2026-05-08 10:41:28,755 [ERROR] LogOutputStream:75 - [STDERR_REDIRECT] [Fatal Error] :1:1: Premature end of file.
2026-05-08 10:41:28,755 [ERROR] LogOutputStream:75 - [STDERR_REDIRECT] 
2026-05-08 10:41:29,756 [ERROR] LogOutputStream:75 - [STDERR_REDIRECT] [Fatal Error] :1:1: Premature end of file.
2026-05-08 10:41:29,756 [ERROR] LogOutputStream:75 - [STDERR_REDIRECT] 
2026-05-08 10:41:30,752 [ERROR] LogOutputStream:75 - [STDERR_REDIRECT] [Fatal Error] :1:1: Premature end of file.
2026-05-08 10:41:30,752 [ERROR] LogOutputStream:75 - [STDERR_REDIRECT] 
2026-05-08 10:41:31,754 [ERROR] LogOutputStream:75 - [STDERR_REDIRECT] [Fatal Error] :1:1: Premature end of file.
2026-05-08 10:41:31,755 [ERROR] LogOutputStream:75 - [STDERR_REDIRECT] 
2026-05-08 10:41:32,758 [ERROR] LogOutputStream:75 - [STDERR_REDIRECT] [Fatal Error] :1:1: Premature end of file.
2026-05-08 10:41:32,758 [ERROR] LogOutputStream:75 - [STDERR_REDIRECT] 
2026-05-08 10:41:33,747 [ERROR] LogOutputStream:75 - [STDERR_REDIRECT] [Fatal Error] :1:1: Premature end of file.
2026-05-08 10:41:33,747 [ERROR] LogOutputStream:75 - [STDERR_REDIRECT] 
2026-05-08 10:41:34,764 [ERROR] LogOutputStream:75 - [STDERR_REDIRECT] [Fatal Error] :1:1: Premature end of file.
2026-05-08 10:41:34,764 [ERROR] LogOutputStream:75 - [STDERR_REDIRECT] 
2026-05-08 10:41:35,763 [ERROR] LogOutputStream:75 - [STDERR_REDIRECT] [Fatal Error] :1:1: Premature end of file.
2026-05-08 10:41:35,763 [ERROR] LogOutputStream:75 - [STDERR_REDIRECT] 
2026-05-08 10:41:36,753 [ERROR] LogOutputStream:75 - [STDERR_REDIRECT] [Fatal Error] :1:1: Premature end of file.
2026-05-08 10:41:36,753 [ERROR] LogOutputStream:75 - [STDERR_REDIRECT] 
2026-05-08 10:41:37,763 [ERROR] LogOutputStream:75 - [STDERR_REDIRECT] [Fatal Error] :1:1: Premature end of file.
2026-05-08 10:41:37,763 [ERROR] LogOutputStream:75 - [STDERR_REDIRECT] 
2026-05-08 10:41:38,739 [ERROR] LogOutputStream:75 - [STDERR_REDIRECT] [Fatal Error] :1:1: Premature end of file.
2026-05-08 10:41:38,739 [ERROR] LogOutputStream:75 - [STDERR_REDIRECT] 
2026-05-08 10:41:39,756 [ERROR] LogOutputStream:75 - [STDERR_REDIRECT] [Fatal Error] :1:1: Premature end of file.
2026-05-08 10:41:39,756 [ERROR] LogOutputStream:75 - [STDERR_REDIRECT] 
2026-05-08 10:41:40,742 [ERROR] LogOutputStream:75 - [STDERR_REDIRECT] [Fatal Error] :1:1: Premature end of file.
2026-05-08 10:41:40,742 [ERROR] LogOutputStream:75 - [STDERR_REDIRECT] 
2026-05-08 10:41:41,751 [ERROR] LogOutputStream:75 - [STDERR_REDIRECT] [Fatal Error] :1:1: Premature end of file.
2026-05-08 10:41:41,752 [ERROR] LogOutputStream:75 - [STDERR_REDIRECT] 
2026-05-08 10:41:42,746 [ERROR] LogOutputStream:75 - [STDERR_REDIRECT] [Fatal Error] :1:1: Premature end of file.
2026-05-08 10:41:42,746 [ERROR] LogOutputStream:75 - [STDERR_REDIRECT] 
2026-05-08 10:41:43,749 [ERROR] LogOutputStream:75 - [STDERR_REDIRECT] [Fatal Error] :1:1: Premature end of file.
2026-05-08 10:41:43,749 [ERROR] LogOutputStream:75 - [STDERR_REDIRECT] 
2026-05-08 10:41:44,755 [ERROR] LogOutputStream:75 - [STDERR_REDIRECT] [Fatal Error] :1:1: Premature end of file.
2026-05-08 10:41:44,755 [ERROR] LogOutputStream:75 - [STDERR_REDIRECT] 
2026-05-08 10:41:45,752 [ERROR] LogOutputStream:75 - [STDERR_REDIRECT] [Fatal Error] :1:1: Premature end of file.
2026-05-08 10:41:45,752 [ERROR] LogOutputStream:75 - [STDERR_REDIRECT] 
2026-05-08 10:41:46,752 [ERROR] LogOutputStream:75 - [STDERR_REDIRECT] [Fatal Error] :1:1: Premature end of file.
2026-05-08 10:41:46,752 [ERROR] LogOutputStream:75 - [STDERR_REDIRECT] 
2026-05-08 10:41:47,740 [ERROR] LogOutputStream:75 - [STDERR_REDIRECT] [Fatal Error] :1:1: Premature end of file.
2026-05-08 10:41:47,740 [ERROR] LogOutputStream:75 - [STDERR_REDIRECT] 
2026-05-08 10:41:48,756 [ERROR] LogOutputStream:75 - [STDERR_REDIRECT] [Fatal Error] :1:1: Premature end of file.
2026-05-08 10:41:48,756 [ERROR] LogOutputStream:75 - [STDERR_REDIRECT] 
2026-05-08 10:41:49,755 [ERROR] LogOutputStream:75 - [STDERR_REDIRECT] [Fatal Error] :1:1: Premature end of file.
2026-05-08 10:41:49,755 [ERROR] LogOutputStream:75 - [STDERR_REDIRECT] 
2026-05-08 10:41:50,752 [ERROR] LogOutputStream:75 - [STDERR_REDIRECT] [Fatal Error] :1:1: Premature end of file.
2026-05-08 10:41:50,752 [ERROR] LogOutputStream:75 - [STDERR_REDIRECT] 
2026-05-08 10:41:51,790 [ERROR] LogOutputStream:75 - [STDERR_REDIRECT] [Fatal Error] :1:1: Premature end of file.
2026-05-08 10:41:51,790 [ERROR] LogOutputStream:75 - [STDERR_REDIRECT] 
2026-05-08 10:41:52,744 [ERROR] LogOutputStream:75 - [STDERR_REDIRECT] [Fatal Error] :1:1: Premature end of file.
2026-05-08 10:41:52,744 [ERROR] LogOutputStream:75 - [STDERR_REDIRECT] 
2026-05-08 10:41:53,783 [ERROR] LogOutputStream:75 - [STDERR_REDIRECT] [Fatal Error] :1:1: Premature end of file.
2026-05-08 10:41:53,783 [ERROR] LogOutputStream:75 - [STDERR_REDIRECT] 
2026-05-08 10:41:54,739 [ERROR] LogOutputStream:75 - [STDERR_REDIRECT] [Fatal Error] :1:1: Premature end of file.
2026-05-08 10:41:54,739 [ERROR] LogOutputStream:75 - [STDERR_REDIRECT] 
2026-05-08 10:41:55,752 [ERROR] LogOutputStream:75 - [STDERR_REDIRECT] [Fatal Error] :1:1: Premature end of file.
2026-05-08 10:41:55,753 [ERROR] LogOutputStream:75 - [STDERR_REDIRECT] 
2026-05-08 10:41:56,753 [ERROR] LogOutputStream:75 - [STDERR_REDIRECT] [Fatal Error] :1:1: Premature end of file.
2026-05-08 10:41:56,754 [ERROR] LogOutputStream:75 - [STDERR_REDIRECT] 
2026-05-08 10:41:57,757 [ERROR] LogOutputStream:75 - [STDERR_REDIRECT] [Fatal Error] :1:1: Premature end of file.
2026-05-08 10:41:57,757 [ERROR] LogOutputStream:75 - [STDERR_REDIRECT] 
2026-05-08 10:41:58,738 [ERROR] LogOutputStream:75 - [STDERR_REDIRECT] [Fatal Error] :1:1: Premature end of file.
2026-05-08 10:41:58,738 [ERROR] LogOutputStream:75 - [STDERR_REDIRECT] 
2026-05-08 10:41:59,757 [ERROR] LogOutputStream:75 - [STDERR_REDIRECT] [Fatal Error] :1:1: Premature end of file.
2026-05-08 10:41:59,757 [ERROR] LogOutputStream:75 - [STDERR_REDIRECT] 
2026-05-08 10:42:00,752 [ERROR] LogOutputStream:75 - [STDERR_REDIRECT] [Fatal Error] :1:1: Premature end of file.
2026-05-08 10:42:00,752 [ERROR] LogOutputStream:75 - [STDERR_REDIRECT] 
2026-05-08 10:42:01,754 [ERROR] LogOutputStream:75 - [STDERR_REDIRECT] [Fatal Error] :1:1: Premature end of file.
2026-05-08 10:42:01,754 [ERROR] LogOutputStream:75 - [STDERR_REDIRECT] 
2026-05-08 10:42:02,751 [ERROR] LogOutputStream:75 - [STDERR_REDIRECT] [Fatal Error] :1:1: Premature end of file.
2026-05-08 10:42:02,752 [ERROR] LogOutputStream:75 - [STDERR_REDIRECT] 
2026-05-08 10:42:03,743 [ERROR] LogOutputStream:75 - [STDERR_REDIRECT] [Fatal Error] :1:1: Premature end of file.
2026-05-08 10:42:03,744 [ERROR] LogOutputStream:75 - [STDERR_REDIRECT] 
2026-05-08 10:42:04,758 [ERROR] LogOutputStream:75 - [STDERR_REDIRECT] [Fatal Error] :1:1: Premature end of file.
2026-05-08 10:42:04,758 [ERROR] LogOutputStream:75 - [STDERR_REDIRECT] 
2026-05-08 10:42:05,759 [ERROR] LogOutputStream:75 - [STDERR_REDIRECT] [Fatal Error] :1:1: Premature end of file.
2026-05-08 10:42:05,759 [ERROR] LogOutputStream:75 - [STDERR_REDIRECT] 
2026-05-08 10:42:06,760 [ERROR] LogOutputStream:75 - [STDERR_REDIRECT] [Fatal Error] :1:1: Premature end of file.
2026-05-08 10:42:06,760 [ERROR] LogOutputStream:75 - [STDERR_REDIRECT] 
2026-05-08 10:42:07,759 [ERROR] LogOutputStream:75 - [STDERR_REDIRECT] [Fatal Error] :1:1: Premature end of file.
2026-05-08 10:42:07,759 [ERROR] LogOutputStream:75 - [STDERR_REDIRECT] 
2026-05-08 10:42:08,758 [ERROR] LogOutputStream:75 - [STDERR_REDIRECT] [Fatal Error] :1:1: Premature end of file.
2026-05-08 10:42:08,759 [ERROR] LogOutputStream:75 - [STDERR_REDIRECT] 
2026-05-08 10:42:09,755 [ERROR] LogOutputStream:75 - [STDERR_REDIRECT] [Fatal Error] :1:1: Premature end of file.
2026-05-08 10:42:09,755 [ERROR] LogOutputStream:75 - [STDERR_REDIRECT] 
2026-05-08 10:42:10,757 [ERROR] LogOutputStream:75 - [STDERR_REDIRECT] [Fatal Error] :1:1: Premature end of file.
2026-05-08 10:42:10,757 [ERROR] LogOutputStream:75 - [STDERR_REDIRECT] 
2026-05-08 10:42:11,751 [ERROR] LogOutputStream:75 - [STDERR_REDIRECT] [Fatal Error] :1:1: Premature end of file.
2026-05-08 10:42:11,751 [ERROR] LogOutputStream:75 - [STDERR_REDIRECT] 
2026-05-08 10:42:12,747 [ERROR] LogOutputStream:75 - [STDERR_REDIRECT] [Fatal Error] :1:1: Premature end of file.
2026-05-08 10:42:12,747 [ERROR] LogOutputStream:75 - [STDERR_REDIRECT] 
2026-05-08 10:42:13,743 [ERROR] LogOutputStream:75 - [STDERR_REDIRECT] [Fatal Error] :1:1: Premature end of file.
2026-05-08 10:42:13,743 [ERROR] LogOutputStream:75 - [STDERR_REDIRECT] 
2026-05-08 10:42:14,746 [ERROR] LogOutputStream:75 - [STDERR_REDIRECT] [Fatal Error] :1:1: Premature end of file.
2026-05-08 10:42:14,747 [ERROR] LogOutputStream:75 - [STDERR_REDIRECT] 
2026-05-08 10:42:15,762 [ERROR] LogOutputStream:75 - [STDERR_REDIRECT] [Fatal Error] :1:1: Premature end of file.
2026-05-08 10:42:15,763 [ERROR] LogOutputStream:75 - [STDERR_REDIRECT] 
2026-05-08 10:42:16,758 [ERROR] LogOutputStream:75 - [STDERR_REDIRECT] [Fatal Error] :1:1: Premature end of file.
2026-05-08 10:42:16,760 [ERROR] LogOutputStream:75 - [STDERR_REDIRECT] 
2026-05-08 10:42:17,757 [ERROR] LogOutputStream:75 - [STDERR_REDIRECT] [Fatal Error] :1:1: Premature end of file.
2026-05-08 10:42:17,757 [ERROR] LogOutputStream:75 - [STDERR_REDIRECT] 
2026-05-08 10:42:18,758 [ERROR] LogOutputStream:75 - [STDERR_REDIRECT] [Fatal Error] :1:1: Premature end of file.
2026-05-08 10:42:18,758 [ERROR] LogOutputStream:75 - [STDERR_REDIRECT] 
2026-05-08 10:42:19,740 [ERROR] LogOutputStream:75 - [STDERR_REDIRECT] [Fatal Error] :1:1: Premature end of file.
2026-05-08 10:42:19,740 [ERROR] LogOutputStream:75 - [STDERR_REDIRECT] 
2026-05-08 10:42:20,742 [ERROR] LogOutputStream:75 - [STDERR_REDIRECT] [Fatal Error] :1:1: Premature end of file.
2026-05-08 10:42:20,742 [ERROR] LogOutputStream:75 - [STDERR_REDIRECT] 
2026-05-08 10:42:21,759 [ERROR] LogOutputStream:75 - [STDERR_REDIRECT] [Fatal Error] :1:1: Premature end of file.
2026-05-08 10:42:21,759 [ERROR] LogOutputStream:75 - [STDERR_REDIRECT] 
2026-05-08 10:42:22,756 [ERROR] LogOutputStream:75 - [STDERR_REDIRECT] [Fatal Error] :1:1: Premature end of file.
2026-05-08 10:42:22,756 [ERROR] LogOutputStream:75 - [STDERR_REDIRECT] 
2026-05-08 10:42:23,755 [ERROR] LogOutputStream:75 - [STDERR_REDIRECT] [Fatal Error] :1:1: Premature end of file.
2026-05-08 10:42:23,755 [ERROR] LogOutputStream:75 - [STDERR_REDIRECT] 
2026-05-08 10:42:24,755 [ERROR] LogOutputStream:75 - [STDERR_REDIRECT] [Fatal Error] :1:1: Premature end of file.
2026-05-08 10:42:24,755 [ERROR] LogOutputStream:75 - [STDERR_REDIRECT] 
2026-05-08 10:42:25,744 [ERROR] LogOutputStream:75 - [STDERR_REDIRECT] [Fatal Error] :1:1: Premature end of file.
2026-05-08 10:42:25,744 [ERROR] LogOutputStream:75 - [STDERR_REDIRECT] 
2026-05-08 10:42:26,738 [ERROR] LogOutputStream:75 - [STDERR_REDIRECT] [Fatal Error] :1:1: Premature end of file.
2026-05-08 10:42:26,739 [ERROR] LogOutputStream:75 - [STDERR_REDIRECT] 
2026-05-08 10:42:27,758 [ERROR] LogOutputStream:75 - [STDERR_REDIRECT] [Fatal Error] :1:1: Premature end of file.
2026-05-08 10:42:27,761 [ERROR] LogOutputStream:75 - [STDERR_REDIRECT] 
2026-05-08 10:42:28,750 [ERROR] LogOutputStream:75 - [STDERR_REDIRECT] [Fatal Error] :1:1: Premature end of file.
2026-05-08 10:42:28,750 [ERROR] LogOutputStream:75 - [STDERR_REDIRECT] 
2026-05-08 10:42:29,752 [ERROR] LogOutputStream:75 - [STDERR_REDIRECT] [Fatal Error] :1:1: Premature end of file.
2026-05-08 10:42:29,752 [ERROR] LogOutputStream:75 - [STDERR_REDIRECT] 
2026-05-08 10:42:30,741 [ERROR] LogOutputStream:75 - [STDERR_REDIRECT] [Fatal Error] :1:1: Premature end of file.
2026-05-08 10:42:30,741 [ERROR] LogOutputStream:75 - [STDERR_REDIRECT] 
2026-05-08 10:42:31,742 [ERROR] LogOutputStream:75 - [STDERR_REDIRECT] [Fatal Error] :1:1: Premature end of file.
2026-05-08 10:42:31,742 [ERROR] LogOutputStream:75 - [STDERR_REDIRECT] 
2026-05-08 10:42:32,742 [ERROR] LogOutputStream:75 - [STDERR_REDIRECT] [Fatal Error] :1:1: Premature end of file.
2026-05-08 10:42:32,742 [ERROR] LogOutputStream:75 - [STDERR_REDIRECT] 
2026-05-08 10:42:33,750 [ERROR] LogOutputStream:75 - [STDERR_REDIRECT] [Fatal Error] :1:1: Premature end of file.
2026-05-08 10:42:33,750 [ERROR] LogOutputStream:75 - [STDERR_REDIRECT] 
2026-05-08 10:42:34,746 [ERROR] LogOutputStream:75 - [STDERR_REDIRECT] [Fatal Error] :1:1: Premature end of file.
2026-05-08 10:42:34,746 [ERROR] LogOutputStream:75 - [STDERR_REDIRECT] 
2026-05-08 10:42:35,746 [ERROR] LogOutputStream:75 - [STDERR_REDIRECT] [Fatal Error] :1:1: Premature end of file.
2026-05-08 10:42:35,747 [ERROR] LogOutputStream:75 - [STDERR_REDIRECT] 
2026-05-08 10:42:36,754 [ERROR] LogOutputStream:75 - [STDERR_REDIRECT] [Fatal Error] :1:1: Premature end of file.
2026-05-08 10:42:36,754 [ERROR] LogOutputStream:75 - [STDERR_REDIRECT] 
2026-05-08 10:42:37,760 [ERROR] LogOutputStream:75 - [STDERR_REDIRECT] [Fatal Error] :1:1: Premature end of file.
2026-05-08 10:42:37,760 [ERROR] LogOutputStream:75 - [STDERR_REDIRECT] 
2026-05-08 10:42:38,753 [ERROR] LogOutputStream:75 - [STDERR_REDIRECT] [Fatal Error] :1:1: Premature end of file.
2026-05-08 10:42:38,754 [ERROR] LogOutputStream:75 - [STDERR_REDIRECT] 
2026-05-08 10:42:39,760 [ERROR] LogOutputStream:75 - [STDERR_REDIRECT] [Fatal Error] :1:1: Premature end of file.
2026-05-08 10:42:39,760 [ERROR] LogOutputStream:75 - [STDERR_REDIRECT] 
2026-05-08 10:42:40,755 [ERROR] LogOutputStream:75 - [STDERR_REDIRECT] [Fatal Error] :1:1: Premature end of file.
2026-05-08 10:42:40,755 [ERROR] LogOutputStream:75 - [STDERR_REDIRECT] 
2026-05-08 10:42:41,763 [ERROR] LogOutputStream:75 - [STDERR_REDIRECT] [Fatal Error] :1:1: Premature end of file.
2026-05-08 10:42:41,763 [ERROR] LogOutputStream:75 - [STDERR_REDIRECT] 
2026-05-08 10:42:42,744 [ERROR] LogOutputStream:75 - [STDERR_REDIRECT] [Fatal Error] :1:1: Premature end of file.
2026-05-08 10:42:42,744 [ERROR] LogOutputStream:75 - [STDERR_REDIRECT] 
2026-05-08 10:42:43,743 [ERROR] LogOutputStream:75 - [STDERR_REDIRECT] [Fatal Error] :1:1: Premature end of file.
2026-05-08 10:42:43,743 [ERROR] LogOutputStream:75 - [STDERR_REDIRECT] 
2026-05-08 10:42:44,752 [ERROR] LogOutputStream:75 - [STDERR_REDIRECT] [Fatal Error] :1:1: Premature end of file.
2026-05-08 10:42:44,752 [ERROR] LogOutputStream:75 - [STDERR_REDIRECT] 
2026-05-08 10:42:45,749 [ERROR] LogOutputStream:75 - [STDERR_REDIRECT] [Fatal Error] :1:1: Premature end of file.
2026-05-08 10:42:45,749 [ERROR] LogOutputStream:75 - [STDERR_REDIRECT] 
2026-05-08 10:42:46,751 [ERROR] LogOutputStream:75 - [STDERR_REDIRECT] [Fatal Error] :1:1: Premature end of file.
2026-05-08 10:42:46,751 [ERROR] LogOutputStream:75 - [STDERR_REDIRECT] 
2026-05-08 10:42:47,757 [ERROR] LogOutputStream:75 - [STDERR_REDIRECT] [Fatal Error] :1:1: Premature end of file.
2026-05-08 10:42:47,758 [ERROR] LogOutputStream:75 - [STDERR_REDIRECT] 
2026-05-08 10:42:48,753 [ERROR] LogOutputStream:75 - [STDERR_REDIRECT] [Fatal Error] :1:1: Premature end of file.
2026-05-08 10:42:48,753 [ERROR] LogOutputStream:75 - [STDERR_REDIRECT] 
2026-05-08 10:42:49,759 [ERROR] LogOutputStream:75 - [STDERR_REDIRECT] [Fatal Error] :1:1: Premature end of file.
2026-05-08 10:42:49,759 [ERROR] LogOutputStream:75 - [STDERR_REDIRECT] 
2026-05-08 10:42:50,766 [ERROR] LogOutputStream:75 - [STDERR_REDIRECT] [Fatal Error] :1:1: Premature end of file.
2026-05-08 10:42:50,766 [ERROR] LogOutputStream:75 - [STDERR_REDIRECT] 
2026-05-08 10:42:51,761 [ERROR] LogOutputStream:75 - [STDERR_REDIRECT] [Fatal Error] :1:1: Premature end of file.
2026-05-08 10:42:51,761 [ERROR] LogOutputStream:75 - [STDERR_REDIRECT] 
2026-05-08 10:42:52,750 [ERROR] LogOutputStream:75 - [STDERR_REDIRECT] [Fatal Error] :1:1: Premature end of file.
2026-05-08 10:42:52,750 [ERROR] LogOutputStream:75 - [STDERR_REDIRECT] 
2026-05-08 10:42:53,746 [ERROR] LogOutputStream:75 - [STDERR_REDIRECT] [Fatal Error] :1:1: Premature end of file.
2026-05-08 10:42:53,747 [ERROR] LogOutputStream:75 - [STDERR_REDIRECT] 
2026-05-08 10:42:54,758 [ERROR] LogOutputStream:75 - [STDERR_REDIRECT] [Fatal Error] :1:1: Premature end of file.
2026-05-08 10:42:54,758 [ERROR] LogOutputStream:75 - [STDERR_REDIRECT] 
2026-05-08 10:42:55,761 [ERROR] LogOutputStream:75 - [STDERR_REDIRECT] [Fatal Error] :1:1: Premature end of file.
2026-05-08 10:42:55,761 [ERROR] LogOutputStream:75 - [STDERR_REDIRECT] 
2026-05-08 10:42:56,759 [ERROR] LogOutputStream:75 - [STDERR_REDIRECT] [Fatal Error] :1:1: Premature end of file.
2026-05-08 10:42:56,759 [ERROR] LogOutputStream:75 - [STDERR_REDIRECT] 
2026-05-08 10:42:57,747 [ERROR] LogOutputStream:75 - [STDERR_REDIRECT] [Fatal Error] :1:1: Premature end of file.
2026-05-08 10:42:57,747 [ERROR] LogOutputStream:75 - [STDERR_REDIRECT] 
2026-05-08 10:42:58,770 [ERROR] LogOutputStream:75 - [STDERR_REDIRECT] [Fatal Error] :1:1: Premature end of file.
2026-05-08 10:42:58,770 [ERROR] LogOutputStream:75 - [STDERR_REDIRECT] 
2026-05-08 10:42:59,764 [ERROR] LogOutputStream:75 - [STDERR_REDIRECT] [Fatal Error] :1:1: Premature end of file.
2026-05-08 10:42:59,764 [ERROR] LogOutputStream:75 - [STDERR_REDIRECT] 
2026-05-08 10:43:00,762 [ERROR] LogOutputStream:75 - [STDERR_REDIRECT] [Fatal Error] :1:1: Premature end of file.
2026-05-08 10:43:00,762 [ERROR] LogOutputStream:75 - [STDERR_REDIRECT] 
2026-05-08 10:43:01,767 [ERROR] LogOutputStream:75 - [STDERR_REDIRECT] [Fatal Error] :1:1: Premature end of file.
2026-05-08 10:43:01,767 [ERROR] LogOutputStream:75 - [STDERR_REDIRECT] 
2026-05-08 10:43:02,777 [ERROR] LogOutputStream:75 - [STDERR_REDIRECT] [Fatal Error] :1:1: Premature end of file.
2026-05-08 10:43:02,778 [ERROR] LogOutputStream:75 - [STDERR_REDIRECT] 
2026-05-08 10:43:03,757 [ERROR] LogOutputStream:75 - [STDERR_REDIRECT] [Fatal Error] :1:1: Premature end of file.
2026-05-08 10:43:03,758 [ERROR] LogOutputStream:75 - [STDERR_REDIRECT] 
2026-05-08 10:43:04,754 [ERROR] LogOutputStream:75 - [STDERR_REDIRECT] [Fatal Error] :1:1: Premature end of file.
2026-05-08 10:43:04,754 [ERROR] LogOutputStream:75 - [STDERR_REDIRECT] 
2026-05-08 10:43:05,764 [ERROR] LogOutputStream:75 - [STDERR_REDIRECT] [Fatal Error] :1:1: Premature end of file.
2026-05-08 10:43:05,764 [ERROR] LogOutputStream:75 - [STDERR_REDIRECT] 
2026-05-08 10:43:06,764 [ERROR] LogOutputStream:75 - [STDERR_REDIRECT] [Fatal Error] :1:1: Premature end of file.
2026-05-08 10:43:06,764 [ERROR] LogOutputStream:75 - [STDERR_REDIRECT] 
2026-05-08 10:43:07,757 [ERROR] LogOutputStream:75 - [STDERR_REDIRECT] [Fatal Error] :1:1: Premature end of file.
2026-05-08 10:43:07,757 [ERROR] LogOutputStream:75 - [STDERR_REDIRECT] 
2026-05-08 10:43:08,758 [ERROR] LogOutputStream:75 - [STDERR_REDIRECT] [Fatal Error] :1:1: Premature end of file.
2026-05-08 10:43:08,758 [ERROR] LogOutputStream:75 - [STDERR_REDIRECT] 
2026-05-08 10:43:09,757 [ERROR] LogOutputStream:75 - [STDERR_REDIRECT] [Fatal Error] :1:1: Premature end of file.
2026-05-08 10:43:09,757 [ERROR] LogOutputStream:75 - [STDERR_REDIRECT] 
2026-05-08 10:43:10,764 [ERROR] LogOutputStream:75 - [STDERR_REDIRECT] [Fatal Error] :1:1: Premature end of file.
2026-05-08 10:43:10,764 [ERROR] LogOutputStream:75 - [STDERR_REDIRECT] 
2026-05-08 10:43:11,762 [ERROR] LogOutputStream:75 - [STDERR_REDIRECT] [Fatal Error] :1:1: Premature end of file.
2026-05-08 10:43:11,762 [ERROR] LogOutputStream:75 - [STDERR_REDIRECT] 
2026-05-08 10:43:12,764 [ERROR] LogOutputStream:75 - [STDERR_REDIRECT] [Fatal Error] :1:1: Premature end of file.
2026-05-08 10:43:12,764 [ERROR] LogOutputStream:75 - [STDERR_REDIRECT] 
2026-05-08 10:43:13,755 [ERROR] LogOutputStream:75 - [STDERR_REDIRECT] [Fatal Error] :1:1: Premature end of file.
2026-05-08 10:43:13,755 [ERROR] LogOutputStream:75 - [STDERR_REDIRECT] 
2026-05-08 10:43:14,761 [ERROR] LogOutputStream:75 - [STDERR_REDIRECT] [Fatal Error] :1:1: Premature end of file.
2026-05-08 10:43:14,762 [ERROR] LogOutputStream:75 - [STDERR_REDIRECT] 
2026-05-08 10:43:15,761 [ERROR] LogOutputStream:75 - [STDERR_REDIRECT] [Fatal Error] :1:1: Premature end of file.
2026-05-08 10:43:15,761 [ERROR] LogOutputStream:75 - [STDERR_REDIRECT] 
2026-05-08 10:43:16,761 [ERROR] LogOutputStream:75 - [STDERR_REDIRECT] [Fatal Error] :1:1: Premature end of file.
2026-05-08 10:43:16,761 [ERROR] LogOutputStream:75 - [STDERR_REDIRECT] 
2026-05-08 10:43:17,755 [ERROR] LogOutputStream:75 - [STDERR_REDIRECT] [Fatal Error] :1:1: Premature end of file.
2026-05-08 10:43:17,755 [ERROR] LogOutputStream:75 - [STDERR_REDIRECT] 
2026-05-08 10:43:18,757 [ERROR] LogOutputStream:75 - [STDERR_REDIRECT] [Fatal Error] :1:1: Premature end of file.
2026-05-08 10:43:18,757 [ERROR] LogOutputStream:75 - [STDERR_REDIRECT] 
2026-05-08 10:43:19,761 [ERROR] LogOutputStream:75 - [STDERR_REDIRECT] [Fatal Error] :1:1: Premature end of file.
2026-05-08 10:43:19,761 [ERROR] LogOutputStream:75 - [STDERR_REDIRECT] 
2026-05-08 10:43:20,758 [ERROR] LogOutputStream:75 - [STDERR_REDIRECT] [Fatal Error] :1:1: Premature end of file.
2026-05-08 10:43:20,758 [ERROR] LogOutputStream:75 - [STDERR_REDIRECT] 
2026-05-08 10:43:21,761 [ERROR] LogOutputStream:75 - [STDERR_REDIRECT] [Fatal Error] :1:1: Premature end of file.
2026-05-08 10:43:21,761 [ERROR] LogOutputStream:75 - [STDERR_REDIRECT] 
2026-05-08 10:43:22,755 [ERROR] LogOutputStream:75 - [STDERR_REDIRECT] [Fatal Error] :1:1: Premature end of file.
2026-05-08 10:43:22,755 [ERROR] LogOutputStream:75 - [STDERR_REDIRECT] 
2026-05-08 10:43:23,763 [ERROR] LogOutputStream:75 - [STDERR_REDIRECT] [Fatal Error] :1:1: Premature end of file.
2026-05-08 10:43:23,763 [ERROR] LogOutputStream:75 - [STDERR_REDIRECT] 
2026-05-08 10:43:24,760 [ERROR] LogOutputStream:75 - [STDERR_REDIRECT] [Fatal Error] :1:1: Premature end of file.
2026-05-08 10:43:24,760 [ERROR] LogOutputStream:75 - [STDERR_REDIRECT] 
2026-05-08 10:43:25,759 [ERROR] LogOutputStream:75 - [STDERR_REDIRECT] [Fatal Error] :1:1: Premature end of file.
2026-05-08 10:43:25,759 [ERROR] LogOutputStream:75 - [STDERR_REDIRECT] 
2026-05-08 10:43:26,762 [ERROR] LogOutputStream:75 - [STDERR_REDIRECT] [Fatal Error] :1:1: Premature end of file.
2026-05-08 10:43:26,762 [ERROR] LogOutputStream:75 - [STDERR_REDIRECT] 
2026-05-08 10:43:27,755 [ERROR] LogOutputStream:75 - [STDERR_REDIRECT] [Fatal Error] :1:1: Premature end of file.
2026-05-08 10:43:27,755 [ERROR] LogOutputStream:75 - [STDERR_REDIRECT] 
2026-05-08 10:43:28,753 [ERROR] LogOutputStream:75 - [STDERR_REDIRECT] [Fatal Error] :1:1: Premature end of file.
2026-05-08 10:43:28,753 [ERROR] LogOutputStream:75 - [STDERR_REDIRECT] 
2026-05-08 10:43:29,759 [ERROR] LogOutputStream:75 - [STDERR_REDIRECT] [Fatal Error] :1:1: Premature end of file.
2026-05-08 10:43:29,759 [ERROR] LogOutputStream:75 - [STDERR_REDIRECT] 
2026-05-08 10:43:30,777 [ERROR] LogOutputStream:75 - [STDERR_REDIRECT] [Fatal Error] :1:1: Premature end of file.
2026-05-08 10:43:30,777 [ERROR] LogOutputStream:75 - [STDERR_REDIRECT] 
2026-05-08 10:43:31,756 [ERROR] LogOutputStream:75 - [STDERR_REDIRECT] [Fatal Error] :1:1: Premature end of file.
2026-05-08 10:43:31,756 [ERROR] LogOutputStream:75 - [STDERR_REDIRECT] 
2026-05-08 10:43:32,760 [ERROR] LogOutputStream:75 - [STDERR_REDIRECT] [Fatal Error] :1:1: Premature end of file.
2026-05-08 10:43:32,760 [ERROR] LogOutputStream:75 - [STDERR_REDIRECT] 
2026-05-08 10:43:33,762 [ERROR] LogOutputStream:75 - [STDERR_REDIRECT] [Fatal Error] :1:1: Premature end of file.
2026-05-08 10:43:33,762 [ERROR] LogOutputStream:75 - [STDERR_REDIRECT] 
2026-05-08 10:43:34,761 [ERROR] LogOutputStream:75 - [STDERR_REDIRECT] [Fatal Error] :1:1: Premature end of file.
2026-05-08 10:43:34,761 [ERROR] LogOutputStream:75 - [STDERR_REDIRECT] 
2026-05-08 10:43:35,758 [ERROR] LogOutputStream:75 - [STDERR_REDIRECT] [Fatal Error] :1:1: Premature end of file.
2026-05-08 10:43:35,759 [ERROR] LogOutputStream:75 - [STDERR_REDIRECT] 
2026-05-08 10:43:36,778 [ERROR] LogOutputStream:75 - [STDERR_REDIRECT] [Fatal Error] :1:1: Premature end of file.
2026-05-08 10:43:36,778 [ERROR] LogOutputStream:75 - [STDERR_REDIRECT] 
2026-05-08 10:43:37,751 [ERROR] LogOutputStream:75 - [STDERR_REDIRECT] [Fatal Error] :1:1: Premature end of file.
2026-05-08 10:43:37,751 [ERROR] LogOutputStream:75 - [STDERR_REDIRECT] 
2026-05-08 10:43:38,769 [ERROR] LogOutputStream:75 - [STDERR_REDIRECT] [Fatal Error] :1:1: Premature end of file.
2026-05-08 10:43:38,769 [ERROR] LogOutputStream:75 - [STDERR_REDIRECT] 
2026-05-08 10:43:39,764 [ERROR] LogOutputStream:75 - [STDERR_REDIRECT] [Fatal Error] :1:1: Premature end of file.
2026-05-08 10:43:39,764 [ERROR] LogOutputStream:75 - [STDERR_REDIRECT] 
2026-05-08 10:43:40,756 [ERROR] LogOutputStream:75 - [STDERR_REDIRECT] [Fatal Error] :1:1: Premature end of file.
2026-05-08 10:43:40,756 [ERROR] LogOutputStream:75 - [STDERR_REDIRECT] 
2026-05-08 10:43:41,780 [ERROR] LogOutputStream:75 - [STDERR_REDIRECT] [Fatal Error] :1:1: Premature end of file.
2026-05-08 10:43:41,780 [ERROR] LogOutputStream:75 - [STDERR_REDIRECT] 
2026-05-08 10:43:42,760 [ERROR] LogOutputStream:75 - [STDERR_REDIRECT] [Fatal Error] :1:1: Premature end of file.
2026-05-08 10:43:42,760 [ERROR] LogOutputStream:75 - [STDERR_REDIRECT] 
2026-05-08 10:43:43,758 [ERROR] LogOutputStream:75 - [STDERR_REDIRECT] [Fatal Error] :1:1: Premature end of file.
2026-05-08 10:43:43,758 [ERROR] LogOutputStream:75 - [STDERR_REDIRECT] 
2026-05-08 10:43:44,756 [ERROR] LogOutputStream:75 - [STDERR_REDIRECT] [Fatal Error] :1:1: Premature end of file.
2026-05-08 10:43:44,756 [ERROR] LogOutputStream:75 - [STDERR_REDIRECT] 
2026-05-08 10:43:45,765 [ERROR] LogOutputStream:75 - [STDERR_REDIRECT] [Fatal Error] :1:1: Premature end of file.
2026-05-08 10:43:45,765 [ERROR] LogOutputStream:75 - [STDERR_REDIRECT] 
2026-05-08 10:43:46,754 [ERROR] LogOutputStream:75 - [STDERR_REDIRECT] [Fatal Error] :1:1: Premature end of file.
2026-05-08 10:43:46,754 [ERROR] LogOutputStream:75 - [STDERR_REDIRECT] 
2026-05-08 10:43:47,756 [ERROR] LogOutputStream:75 - [STDERR_REDIRECT] [Fatal Error] :1:1: Premature end of file.
2026-05-08 10:43:47,756 [ERROR] LogOutputStream:75 - [STDERR_REDIRECT] 
2026-05-08 10:43:48,774 [ERROR] LogOutputStream:75 - [STDERR_REDIRECT] [Fatal Error] :1:1: Premature end of file.
2026-05-08 10:43:48,774 [ERROR] LogOutputStream:75 - [STDERR_REDIRECT] 
2026-05-08 10:43:49,752 [ERROR] LogOutputStream:75 - [STDERR_REDIRECT] [Fatal Error] :1:1: Premature end of file.
2026-05-08 10:43:49,752 [ERROR] LogOutputStream:75 - [STDERR_REDIRECT] 
2026-05-08 10:43:50,754 [ERROR] LogOutputStream:75 - [STDERR_REDIRECT] [Fatal Error] :1:1: Premature end of file.
2026-05-08 10:43:50,755 [ERROR] LogOutputStream:75 - [STDERR_REDIRECT] 
2026-05-08 10:43:51,762 [ERROR] LogOutputStream:75 - [STDERR_REDIRECT] [Fatal Error] :1:1: Premature end of file.
2026-05-08 10:43:51,762 [ERROR] LogOutputStream:75 - [STDERR_REDIRECT] 
2026-05-08 10:43:52,758 [ERROR] LogOutputStream:75 - [STDERR_REDIRECT] [Fatal Error] :1:1: Premature end of file.
2026-05-08 10:43:52,758 [ERROR] LogOutputStream:75 - [STDERR_REDIRECT] 
2026-05-08 10:43:53,755 [ERROR] LogOutputStream:75 - [STDERR_REDIRECT] [Fatal Error] :1:1: Premature end of file.
2026-05-08 10:43:53,755 [ERROR] LogOutputStream:75 - [STDERR_REDIRECT] 
2026-05-08 10:43:54,759 [ERROR] LogOutputStream:75 - [STDERR_REDIRECT] [Fatal Error] :1:1: Premature end of file.
2026-05-08 10:43:54,759 [ERROR] LogOutputStream:75 - [STDERR_REDIRECT] 
2026-05-08 10:43:55,752 [ERROR] LogOutputStream:75 - [STDERR_REDIRECT] [Fatal Error] :1:1: Premature end of file.
2026-05-08 10:43:55,752 [ERROR] LogOutputStream:75 - [STDERR_REDIRECT] 
2026-05-08 10:43:56,753 [ERROR] LogOutputStream:75 - [STDERR_REDIRECT] [Fatal Error] :1:1: Premature end of file.
2026-05-08 10:43:56,753 [ERROR] LogOutputStream:75 - [STDERR_REDIRECT] 
2026-05-08 10:43:57,765 [ERROR] LogOutputStream:75 - [STDERR_REDIRECT] [Fatal Error] :1:1: Premature end of file.
2026-05-08 10:43:57,766 [ERROR] LogOutputStream:75 - [STDERR_REDIRECT] 
2026-05-08 10:43:58,765 [ERROR] LogOutputStream:75 - [STDERR_REDIRECT] [Fatal Error] :1:1: Premature end of file.
2026-05-08 10:43:58,765 [ERROR] LogOutputStream:75 - [STDERR_REDIRECT] 
2026-05-08 10:43:59,761 [ERROR] LogOutputStream:75 - [STDERR_REDIRECT] [Fatal Error] :1:1: Premature end of file.
2026-05-08 10:43:59,761 [ERROR] LogOutputStream:75 - [STDERR_REDIRECT] 
2026-05-08 10:44:00,757 [ERROR] LogOutputStream:75 - [STDERR_REDIRECT] [Fatal Error] :1:1: Premature end of file.
2026-05-08 10:44:00,757 [ERROR] LogOutputStream:75 - [STDERR_REDIRECT] 
2026-05-08 10:44:01,755 [ERROR] LogOutputStream:75 - [STDERR_REDIRECT] [Fatal Error] :1:1: Premature end of file.
2026-05-08 10:44:01,755 [ERROR] LogOutputStream:75 - [STDERR_REDIRECT] 
2026-05-08 10:44:02,750 [ERROR] LogOutputStream:75 - [STDERR_REDIRECT] [Fatal Error] :1:1: Premature end of file.
2026-05-08 10:44:02,750 [ERROR] LogOutputStream:75 - [STDERR_REDIRECT] 
2026-05-08 10:44:03,758 [ERROR] LogOutputStream:75 - [STDERR_REDIRECT] [Fatal Error] :1:1: Premature end of file.
2026-05-08 10:44:03,758 [ERROR] LogOutputStream:75 - [STDERR_REDIRECT] 
2026-05-08 10:44:04,751 [ERROR] LogOutputStream:75 - [STDERR_REDIRECT] [Fatal Error] :1:1: Premature end of file.
2026-05-08 10:44:04,751 [ERROR] LogOutputStream:75 - [STDERR_REDIRECT] 
2026-05-08 10:44:05,753 [ERROR] LogOutputStream:75 - [STDERR_REDIRECT] [Fatal Error] :1:1: Premature end of file.
2026-05-08 10:44:05,754 [ERROR] LogOutputStream:75 - [STDERR_REDIRECT] 
2026-05-08 10:44:06,763 [ERROR] LogOutputStream:75 - [STDERR_REDIRECT] [Fatal Error] :1:1: Premature end of file.
2026-05-08 10:44:06,764 [ERROR] LogOutputStream:75 - [STDERR_REDIRECT] 
2026-05-08 10:44:07,757 [ERROR] LogOutputStream:75 - [STDERR_REDIRECT] [Fatal Error] :1:1: Premature end of file.
2026-05-08 10:44:07,757 [ERROR] LogOutputStream:75 - [STDERR_REDIRECT] 
2026-05-08 10:44:08,744 [ERROR] LogOutputStream:75 - [STDERR_REDIRECT] [Fatal Error] :1:1: Premature end of file.
2026-05-08 10:44:08,744 [ERROR] LogOutputStream:75 - [STDERR_REDIRECT] 
2026-05-08 10:44:09,757 [ERROR] LogOutputStream:75 - [STDERR_REDIRECT] [Fatal Error] :1:1: Premature end of file.
2026-05-08 10:44:09,757 [ERROR] LogOutputStream:75 - [STDERR_REDIRECT] 
2026-05-08 10:44:10,754 [ERROR] LogOutputStream:75 - [STDERR_REDIRECT] [Fatal Error] :1:1: Premature end of file.
2026-05-08 10:44:10,754 [ERROR] LogOutputStream:75 - [STDERR_REDIRECT] 
2026-05-08 10:44:11,761 [ERROR] LogOutputStream:75 - [STDERR_REDIRECT] [Fatal Error] :1:1: Premature end of file.
2026-05-08 10:44:11,761 [ERROR] LogOutputStream:75 - [STDERR_REDIRECT] 
2026-05-08 10:44:12,754 [ERROR] LogOutputStream:75 - [STDERR_REDIRECT] [Fatal Error] :1:1: Premature end of file.
2026-05-08 10:44:12,754 [ERROR] LogOutputStream:75 - [STDERR_REDIRECT] 
2026-05-08 10:44:13,747 [ERROR] LogOutputStream:75 - [STDERR_REDIRECT] [Fatal Error] :1:1: Premature end of file.
2026-05-08 10:44:13,747 [ERROR] LogOutputStream:75 - [STDERR_REDIRECT] 
2026-05-08 10:44:14,756 [ERROR] LogOutputStream:75 - [STDERR_REDIRECT] [Fatal Error] :1:1: Premature end of file.
2026-05-08 10:44:14,756 [ERROR] LogOutputStream:75 - [STDERR_REDIRECT] 
2026-05-08 10:44:15,762 [ERROR] LogOutputStream:75 - [STDERR_REDIRECT] [Fatal Error] :1:1: Premature end of file.
2026-05-08 10:44:15,763 [ERROR] LogOutputStream:75 - [STDERR_REDIRECT] 
2026-05-08 10:44:16,754 [ERROR] LogOutputStream:75 - [STDERR_REDIRECT] [Fatal Error] :1:1: Premature end of file.
2026-05-08 10:44:16,754 [ERROR] LogOutputStream:75 - [STDERR_REDIRECT] 
2026-05-08 10:44:17,757 [ERROR] LogOutputStream:75 - [STDERR_REDIRECT] [Fatal Error] :1:1: Premature end of file.
2026-05-08 10:44:17,757 [ERROR] LogOutputStream:75 - [STDERR_REDIRECT] 
2026-05-08 10:44:18,753 [ERROR] LogOutputStream:75 - [STDERR_REDIRECT] [Fatal Error] :1:1: Premature end of file.
2026-05-08 10:44:18,753 [ERROR] LogOutputStream:75 - [STDERR_REDIRECT] 
2026-05-08 10:44:19,749 [ERROR] LogOutputStream:75 - [STDERR_REDIRECT] [Fatal Error] :1:1: Premature end of file.
2026-05-08 10:44:19,749 [ERROR] LogOutputStream:75 - [STDERR_REDIRECT] 
2026-05-08 10:44:20,757 [ERROR] LogOutputStream:75 - [STDERR_REDIRECT] [Fatal Error] :1:1: Premature end of file.
2026-05-08 10:44:20,757 [ERROR] LogOutputStream:75 - [STDERR_REDIRECT] 
2026-05-08 10:44:21,755 [ERROR] LogOutputStream:75 - [STDERR_REDIRECT] [Fatal Error] :1:1: Premature end of file.
2026-05-08 10:44:21,755 [ERROR] LogOutputStream:75 - [STDERR_REDIRECT] 
2026-05-08 10:44:22,751 [ERROR] LogOutputStream:75 - [STDERR_REDIRECT] [Fatal Error] :1:1: Premature end of file.
2026-05-08 10:44:22,751 [ERROR] LogOutputStream:75 - [STDERR_REDIRECT] 
2026-05-08 10:44:23,758 [ERROR] LogOutputStream:75 - [STDERR_REDIRECT] [Fatal Error] :1:1: Premature end of file.
2026-05-08 10:44:23,758 [ERROR] LogOutputStream:75 - [STDERR_REDIRECT] 
2026-05-08 10:44:24,758 [ERROR] LogOutputStream:75 - [STDERR_REDIRECT] [Fatal Error] :1:1: Premature end of file.
2026-05-08 10:44:24,759 [ERROR] LogOutputStream:75 - [STDERR_REDIRECT] 
2026-05-08 10:44:25,751 [ERROR] LogOutputStream:75 - [STDERR_REDIRECT] [Fatal Error] :1:1: Premature end of file.
2026-05-08 10:44:25,751 [ERROR] LogOutputStream:75 - [STDERR_REDIRECT] 
2026-05-08 10:44:26,757 [ERROR] LogOutputStream:75 - [STDERR_REDIRECT] [Fatal Error] :1:1: Premature end of file.
2026-05-08 10:44:26,757 [ERROR] LogOutputStream:75 - [STDERR_REDIRECT] 
2026-05-08 10:44:27,763 [ERROR] LogOutputStream:75 - [STDERR_REDIRECT] [Fatal Error] :1:1: Premature end of file.
2026-05-08 10:44:27,763 [ERROR] LogOutputStream:75 - [STDERR_REDIRECT] 
2026-05-08 10:44:28,750 [ERROR] LogOutputStream:75 - [STDERR_REDIRECT] [Fatal Error] :1:1: Premature end of file.
2026-05-08 10:44:28,750 [ERROR] LogOutputStream:75 - [STDERR_REDIRECT] 
2026-05-08 10:44:29,752 [ERROR] LogOutputStream:75 - [STDERR_REDIRECT] [Fatal Error] :1:1: Premature end of file.
2026-05-08 10:44:29,752 [ERROR] LogOutputStream:75 - [STDERR_REDIRECT] 
2026-05-08 10:44:30,760 [ERROR] LogOutputStream:75 - [STDERR_REDIRECT] [Fatal Error] :1:1: Premature end of file.
2026-05-08 10:44:30,760 [ERROR] LogOutputStream:75 - [STDERR_REDIRECT] 
2026-05-08 10:44:31,751 [ERROR] LogOutputStream:75 - [STDERR_REDIRECT] [Fatal Error] :1:1: Premature end of file.
2026-05-08 10:44:31,751 [ERROR] LogOutputStream:75 - [STDERR_REDIRECT] 
2026-05-08 10:44:32,739 [ERROR] LogOutputStream:75 - [STDERR_REDIRECT] [Fatal Error] :1:1: Premature end of file.
2026-05-08 10:44:32,739 [ERROR] LogOutputStream:75 - [STDERR_REDIRECT] 
2026-05-08 10:44:33,739 [ERROR] LogOutputStream:75 - [STDERR_REDIRECT] [Fatal Error] :1:1: Premature end of file.
2026-05-08 10:44:33,740 [ERROR] LogOutputStream:75 - [STDERR_REDIRECT] 
2026-05-08 10:44:34,747 [ERROR] LogOutputStream:75 - [STDERR_REDIRECT] [Fatal Error] :1:1: Premature end of file.
2026-05-08 10:44:34,747 [ERROR] LogOutputStream:75 - [STDERR_REDIRECT] 
2026-05-08 10:44:35,768 [ERROR] LogOutputStream:75 - [STDERR_REDIRECT] [Fatal Error] :1:1: Premature end of file.
2026-05-08 10:44:35,768 [ERROR] LogOutputStream:75 - [STDERR_REDIRECT] 
2026-05-08 10:44:36,762 [ERROR] LogOutputStream:75 - [STDERR_REDIRECT] [Fatal Error] :1:1: Premature end of file.
2026-05-08 10:44:36,763 [ERROR] LogOutputStream:75 - [STDERR_REDIRECT] 
2026-05-08 10:44:37,765 [ERROR] LogOutputStream:75 - [STDERR_REDIRECT] [Fatal Error] :1:1: Premature end of file.
2026-05-08 10:44:37,765 [ERROR] LogOutputStream:75 - [STDERR_REDIRECT] 
2026-05-08 10:44:38,760 [ERROR] LogOutputStream:75 - [STDERR_REDIRECT] [Fatal Error] :1:1: Premature end of file.
2026-05-08 10:44:38,761 [ERROR] LogOutputStream:75 - [STDERR_REDIRECT] 
2026-05-08 10:44:39,754 [ERROR] LogOutputStream:75 - [STDERR_REDIRECT] [Fatal Error] :1:1: Premature end of file.
2026-05-08 10:44:39,754 [ERROR] LogOutputStream:75 - [STDERR_REDIRECT] 
2026-05-08 10:44:40,748 [ERROR] LogOutputStream:75 - [STDERR_REDIRECT] [Fatal Error] :1:1: Premature end of file.
2026-05-08 10:44:40,749 [ERROR] LogOutputStream:75 - [STDERR_REDIRECT] 
2026-05-08 10:44:41,752 [ERROR] LogOutputStream:75 - [STDERR_REDIRECT] [Fatal Error] :1:1: Premature end of file.
2026-05-08 10:44:41,752 [ERROR] LogOutputStream:75 - [STDERR_REDIRECT] 
2026-05-08 10:44:42,748 [ERROR] LogOutputStream:75 - [STDERR_REDIRECT] [Fatal Error] :1:1: Premature end of file.
2026-05-08 10:44:42,748 [ERROR] LogOutputStream:75 - [STDERR_REDIRECT] 
2026-05-08 10:44:43,751 [ERROR] LogOutputStream:75 - [STDERR_REDIRECT] [Fatal Error] :1:1: Premature end of file.
2026-05-08 10:44:43,751 [ERROR] LogOutputStream:75 - [STDERR_REDIRECT] 
2026-05-08 10:44:44,759 [ERROR] LogOutputStream:75 - [STDERR_REDIRECT] [Fatal Error] :1:1: Premature end of file.
2026-05-08 10:44:44,760 [ERROR] LogOutputStream:75 - [STDERR_REDIRECT] 
2026-05-08 10:44:45,751 [ERROR] LogOutputStream:75 - [STDERR_REDIRECT] [Fatal Error] :1:1: Premature end of file.
2026-05-08 10:44:45,751 [ERROR] LogOutputStream:75 - [STDERR_REDIRECT] 
2026-05-08 10:44:46,747 [ERROR] LogOutputStream:75 - [STDERR_REDIRECT] [Fatal Error] :1:1: Premature end of file.
2026-05-08 10:44:46,747 [ERROR] LogOutputStream:75 - [STDERR_REDIRECT] 
2026-05-08 10:44:47,756 [ERROR] LogOutputStream:75 - [STDERR_REDIRECT] [Fatal Error] :1:1: Premature end of file.
2026-05-08 10:44:47,756 [ERROR] LogOutputStream:75 - [STDERR_REDIRECT] 
2026-05-08 10:44:48,751 [ERROR] LogOutputStream:75 - [STDERR_REDIRECT] [Fatal Error] :1:1: Premature end of file.
2026-05-08 10:44:48,752 [ERROR] LogOutputStream:75 - [STDERR_REDIRECT] 
2026-05-08 10:44:49,755 [ERROR] LogOutputStream:75 - [STDERR_REDIRECT] [Fatal Error] :1:1: Premature end of file.
2026-05-08 10:44:49,755 [ERROR] LogOutputStream:75 - [STDERR_REDIRECT] 
2026-05-08 10:44:50,756 [ERROR] LogOutputStream:75 - [STDERR_REDIRECT] [Fatal Error] :1:1: Premature end of file.
2026-05-08 10:44:50,756 [ERROR] LogOutputStream:75 - [STDERR_REDIRECT] 
2026-05-08 10:44:51,756 [ERROR] LogOutputStream:75 - [STDERR_REDIRECT] [Fatal Error] :1:1: Premature end of file.
2026-05-08 10:44:51,756 [ERROR] LogOutputStream:75 - [STDERR_REDIRECT] 
2026-05-08 10:44:52,757 [ERROR] LogOutputStream:75 - [STDERR_REDIRECT] [Fatal Error] :1:1: Premature end of file.
2026-05-08 10:44:52,757 [ERROR] LogOutputStream:75 - [STDERR_REDIRECT] 
2026-05-08 10:44:53,757 [ERROR] LogOutputStream:75 - [STDERR_REDIRECT] [Fatal Error] :1:1: Premature end of file.
2026-05-08 10:44:53,757 [ERROR] LogOutputStream:75 - [STDERR_REDIRECT] 
2026-05-08 10:44:54,756 [ERROR] LogOutputStream:75 - [STDERR_REDIRECT] [Fatal Error] :1:1: Premature end of file.
2026-05-08 10:44:54,756 [ERROR] LogOutputStream:75 - [STDERR_REDIRECT] 
2026-05-08 10:44:55,763 [ERROR] LogOutputStream:75 - [STDERR_REDIRECT] [Fatal Error] :1:1: Premature end of file.
2026-05-08 10:44:55,763 [ERROR] LogOutputStream:75 - [STDERR_REDIRECT] 
2026-05-08 10:44:56,759 [ERROR] LogOutputStream:75 - [STDERR_REDIRECT] [Fatal Error] :1:1: Premature end of file.
2026-05-08 10:44:56,759 [ERROR] LogOutputStream:75 - [STDERR_REDIRECT] 
2026-05-08 10:44:57,756 [ERROR] LogOutputStream:75 - [STDERR_REDIRECT] [Fatal Error] :1:1: Premature end of file.
2026-05-08 10:44:57,756 [ERROR] LogOutputStream:75 - [STDERR_REDIRECT] 
2026-05-08 10:44:58,746 [ERROR] LogOutputStream:75 - [STDERR_REDIRECT] [Fatal Error] :1:1: Premature end of file.
2026-05-08 10:44:58,746 [ERROR] LogOutputStream:75 - [STDERR_REDIRECT] 
2026-05-08 10:44:59,756 [ERROR] LogOutputStream:75 - [STDERR_REDIRECT] [Fatal Error] :1:1: Premature end of file.
2026-05-08 10:44:59,756 [ERROR] LogOutputStream:75 - [STDERR_REDIRECT] 
2026-05-08 10:45:00,758 [ERROR] LogOutputStream:75 - [STDERR_REDIRECT] [Fatal Error] :1:1: Premature end of file.
2026-05-08 10:45:00,759 [ERROR] LogOutputStream:75 - [STDERR_REDIRECT] 
2026-05-08 10:45:01,754 [ERROR] LogOutputStream:75 - [STDERR_REDIRECT] [Fatal Error] :1:1: Premature end of file.
2026-05-08 10:45:01,754 [ERROR] LogOutputStream:75 - [STDERR_REDIRECT] 
2026-05-08 10:45:02,760 [ERROR] LogOutputStream:75 - [STDERR_REDIRECT] [Fatal Error] :1:1: Premature end of file.
2026-05-08 10:45:02,760 [ERROR] LogOutputStream:75 - [STDERR_REDIRECT] 
2026-05-08 10:45:03,764 [ERROR] LogOutputStream:75 - [STDERR_REDIRECT] [Fatal Error] :1:1: Premature end of file.
2026-05-08 10:45:03,765 [ERROR] LogOutputStream:75 - [STDERR_REDIRECT] 
2026-05-08 10:45:04,759 [ERROR] LogOutputStream:75 - [STDERR_REDIRECT] [Fatal Error] :1:1: Premature end of file.
2026-05-08 10:45:04,759 [ERROR] LogOutputStream:75 - [STDERR_REDIRECT] 
2026-05-08 10:45:05,743 [ERROR] LogOutputStream:75 - [STDERR_REDIRECT] [Fatal Error] :1:1: Premature end of file.
2026-05-08 10:45:05,743 [ERROR] LogOutputStream:75 - [STDERR_REDIRECT] 
2026-05-08 10:45:06,745 [ERROR] LogOutputStream:75 - [STDERR_REDIRECT] [Fatal Error] :1:1: Premature end of file.
2026-05-08 10:45:06,745 [ERROR] LogOutputStream:75 - [STDERR_REDIRECT] 
2026-05-08 10:45:07,753 [ERROR] LogOutputStream:75 - [STDERR_REDIRECT] [Fatal Error] :1:1: Premature end of file.
2026-05-08 10:45:07,753 [ERROR] LogOutputStream:75 - [STDERR_REDIRECT] 
2026-05-08 10:45:08,755 [ERROR] LogOutputStream:75 - [STDERR_REDIRECT] [Fatal Error] :1:1: Premature end of file.
2026-05-08 10:45:08,755 [ERROR] LogOutputStream:75 - [STDERR_REDIRECT] 
2026-05-08 10:45:09,760 [ERROR] LogOutputStream:75 - [STDERR_REDIRECT] [Fatal Error] :1:1: Premature end of file.
2026-05-08 10:45:09,760 [ERROR] LogOutputStream:75 - [STDERR_REDIRECT] 
2026-05-08 10:45:10,749 [ERROR] LogOutputStream:75 - [STDERR_REDIRECT] [Fatal Error] :1:1: Premature end of file.
2026-05-08 10:45:10,749 [ERROR] LogOutputStream:75 - [STDERR_REDIRECT] 
2026-05-08 10:45:11,756 [ERROR] LogOutputStream:75 - [STDERR_REDIRECT] [Fatal Error] :1:1: Premature end of file.
2026-05-08 10:45:11,756 [ERROR] LogOutputStream:75 - [STDERR_REDIRECT] 
2026-05-08 10:45:12,780 [ERROR] LogOutputStream:75 - [STDERR_REDIRECT] [Fatal Error] :1:1: Premature end of file.
2026-05-08 10:45:12,780 [ERROR] LogOutputStream:75 - [STDERR_REDIRECT] 
2026-05-08 10:45:13,751 [ERROR] LogOutputStream:75 - [STDERR_REDIRECT] [Fatal Error] :1:1: Premature end of file.
2026-05-08 10:45:13,751 [ERROR] LogOutputStream:75 - [STDERR_REDIRECT] 
2026-05-08 10:45:14,781 [ERROR] LogOutputStream:75 - [STDERR_REDIRECT] [Fatal Error] :1:1: Premature end of file.
2026-05-08 10:45:14,781 [ERROR] LogOutputStream:75 - [STDERR_REDIRECT] 
2026-05-08 10:45:15,765 [ERROR] LogOutputStream:75 - [STDERR_REDIRECT] [Fatal Error] :1:1: Premature end of file.
2026-05-08 10:45:15,765 [ERROR] LogOutputStream:75 - [STDERR_REDIRECT] 
2026-05-08 10:45:16,754 [ERROR] LogOutputStream:75 - [STDERR_REDIRECT] [Fatal Error] :1:1: Premature end of file.
2026-05-08 10:45:16,754 [ERROR] LogOutputStream:75 - [STDERR_REDIRECT] 
2026-05-08 10:45:17,765 [ERROR] LogOutputStream:75 - [STDERR_REDIRECT] [Fatal Error] :1:1: Premature end of file.
2026-05-08 10:45:17,765 [ERROR] LogOutputStream:75 - [STDERR_REDIRECT] 
2026-05-08 10:45:18,795 [ERROR] LogOutputStream:75 - [STDERR_REDIRECT] [Fatal Error] :1:1: Premature end of file.
2026-05-08 10:45:18,799 [ERROR] LogOutputStream:75 - [STDERR_REDIRECT] 
2026-05-08 10:45:19,772 [ERROR] LogOutputStream:75 - [STDERR_REDIRECT] [Fatal Error] :1:1: Premature end of file.
2026-05-08 10:45:19,772 [ERROR] LogOutputStream:75 - [STDERR_REDIRECT] 
2026-05-08 10:45:20,780 [ERROR] LogOutputStream:75 - [STDERR_REDIRECT] [Fatal Error] :1:1: Premature end of file.
2026-05-08 10:45:20,780 [ERROR] LogOutputStream:75 - [STDERR_REDIRECT] 
2026-05-08 10:45:21,767 [ERROR] LogOutputStream:75 - [STDERR_REDIRECT] [Fatal Error] :1:1: Premature end of file.
2026-05-08 10:45:21,767 [ERROR] LogOutputStream:75 - [STDERR_REDIRECT] 
2026-05-08 10:45:22,774 [ERROR] LogOutputStream:75 - [STDERR_REDIRECT] [Fatal Error] :1:1: Premature end of file.
2026-05-08 10:45:22,774 [ERROR] LogOutputStream:75 - [STDERR_REDIRECT] 
2026-05-08 10:45:23,767 [ERROR] LogOutputStream:75 - [STDERR_REDIRECT] [Fatal Error] :1:1: Premature end of file.
2026-05-08 10:45:23,767 [ERROR] LogOutputStream:75 - [STDERR_REDIRECT] 
2026-05-08 10:45:24,766 [ERROR] LogOutputStream:75 - [STDERR_REDIRECT] [Fatal Error] :1:1: Premature end of file.
2026-05-08 10:45:24,766 [ERROR] LogOutputStream:75 - [STDERR_REDIRECT] 
2026-05-08 10:45:25,754 [ERROR] LogOutputStream:75 - [STDERR_REDIRECT] [Fatal Error] :1:1: Premature end of file.
2026-05-08 10:45:25,754 [ERROR] LogOutputStream:75 - [STDERR_REDIRECT] 
2026-05-08 10:45:26,792 [ERROR] LogOutputStream:75 - [STDERR_REDIRECT] [Fatal Error] :1:1: Premature end of file.
2026-05-08 10:45:26,792 [ERROR] LogOutputStream:75 - [STDERR_REDIRECT] 
2026-05-08 10:45:27,766 [ERROR] LogOutputStream:75 - [STDERR_REDIRECT] [Fatal Error] :1:1: Premature end of file.
2026-05-08 10:45:27,766 [ERROR] LogOutputStream:75 - [STDERR_REDIRECT] 
2026-05-08 10:45:28,785 [ERROR] LogOutputStream:75 - [STDERR_REDIRECT] [Fatal Error] :1:1: Premature end of file.
2026-05-08 10:45:28,785 [ERROR] LogOutputStream:75 - [STDERR_REDIRECT] 
2026-05-08 10:45:29,774 [ERROR] LogOutputStream:75 - [STDERR_REDIRECT] [Fatal Error] :1:1: Premature end of file.
2026-05-08 10:45:29,784 [ERROR] LogOutputStream:75 - [STDERR_REDIRECT] 
2026-05-08 10:45:30,756 [ERROR] LogOutputStream:75 - [STDERR_REDIRECT] [Fatal Error] :1:1: Premature end of file.
2026-05-08 10:45:30,756 [ERROR] LogOutputStream:75 - [STDERR_REDIRECT] 
2026-05-08 10:45:31,757 [ERROR] LogOutputStream:75 - [STDERR_REDIRECT] [Fatal Error] :1:1: Premature end of file.
2026-05-08 10:45:31,757 [ERROR] LogOutputStream:75 - [STDERR_REDIRECT] 
2026-05-08 10:45:32,777 [ERROR] LogOutputStream:75 - [STDERR_REDIRECT] [Fatal Error] :1:1: Premature end of file.
2026-05-08 10:45:32,777 [ERROR] LogOutputStream:75 - [STDERR_REDIRECT] 
2026-05-08 10:45:33,771 [ERROR] LogOutputStream:75 - [STDERR_REDIRECT] [Fatal Error] :1:1: Premature end of file.
2026-05-08 10:45:33,771 [ERROR] LogOutputStream:75 - [STDERR_REDIRECT] 
2026-05-08 10:45:34,777 [ERROR] LogOutputStream:75 - [STDERR_REDIRECT] [Fatal Error] :1:1: Premature end of file.
2026-05-08 10:45:34,777 [ERROR] LogOutputStream:75 - [STDERR_REDIRECT] 
2026-05-08 10:45:35,781 [ERROR] LogOutputStream:75 - [STDERR_REDIRECT] [Fatal Error] :1:1: Premature end of file.
2026-05-08 10:45:35,781 [ERROR] LogOutputStream:75 - [STDERR_REDIRECT] 
2026-05-08 10:45:36,772 [ERROR] LogOutputStream:75 - [STDERR_REDIRECT] [Fatal Error] :1:1: Premature end of file.
2026-05-08 10:45:36,772 [ERROR] LogOutputStream:75 - [STDERR_REDIRECT] 
2026-05-08 10:45:37,764 [ERROR] LogOutputStream:75 - [STDERR_REDIRECT] [Fatal Error] :1:1: Premature end of file.
2026-05-08 10:45:37,764 [ERROR] LogOutputStream:75 - [STDERR_REDIRECT] 
2026-05-08 10:45:38,771 [ERROR] LogOutputStream:75 - [STDERR_REDIRECT] [Fatal Error] :1:1: Premature end of file.
2026-05-08 10:45:38,771 [ERROR] LogOutputStream:75 - [STDERR_REDIRECT] 
2026-05-08 10:45:39,772 [ERROR] LogOutputStream:75 - [STDERR_REDIRECT] [Fatal Error] :1:1: Premature end of file.
2026-05-08 10:45:39,772 [ERROR] LogOutputStream:75 - [STDERR_REDIRECT] 
2026-05-08 10:45:40,783 [ERROR] LogOutputStream:75 - [STDERR_REDIRECT] [Fatal Error] :1:1: Premature end of file.
2026-05-08 10:45:40,783 [ERROR] LogOutputStream:75 - [STDERR_REDIRECT] 
2026-05-08 10:45:41,795 [ERROR] LogOutputStream:75 - [STDERR_REDIRECT] [Fatal Error] :1:1: Premature end of file.
2026-05-08 10:45:41,795 [ERROR] LogOutputStream:75 - [STDERR_REDIRECT] 
2026-05-08 10:45:42,769 [ERROR] LogOutputStream:75 - [STDERR_REDIRECT] [Fatal Error] :1:1: Premature end of file.
2026-05-08 10:45:42,769 [ERROR] LogOutputStream:75 - [STDERR_REDIRECT] 
2026-05-08 10:45:43,766 [ERROR] LogOutputStream:75 - [STDERR_REDIRECT] [Fatal Error] :1:1: Premature end of file.
2026-05-08 10:45:43,766 [ERROR] LogOutputStream:75 - [STDERR_REDIRECT] 
2026-05-08 10:45:44,776 [ERROR] LogOutputStream:75 - [STDERR_REDIRECT] [Fatal Error] :1:1: Premature end of file.
2026-05-08 10:45:44,776 [ERROR] LogOutputStream:75 - [STDERR_REDIRECT] 
2026-05-08 10:45:45,769 [ERROR] LogOutputStream:75 - [STDERR_REDIRECT] [Fatal Error] :1:1: Premature end of file.
2026-05-08 10:45:45,769 [ERROR] LogOutputStream:75 - [STDERR_REDIRECT] 
2026-05-08 10:45:46,773 [ERROR] LogOutputStream:75 - [STDERR_REDIRECT] [Fatal Error] :1:1: Premature end of file.
2026-05-08 10:45:46,773 [ERROR] LogOutputStream:75 - [STDERR_REDIRECT] 
2026-05-08 10:45:47,775 [ERROR] LogOutputStream:75 - [STDERR_REDIRECT] [Fatal Error] :1:1: Premature end of file.
2026-05-08 10:45:47,775 [ERROR] LogOutputStream:75 - [STDERR_REDIRECT] 
2026-05-08 10:45:48,765 [ERROR] LogOutputStream:75 - [STDERR_REDIRECT] [Fatal Error] :1:1: Premature end of file.
2026-05-08 10:45:48,765 [ERROR] LogOutputStream:75 - [STDERR_REDIRECT] 
2026-05-08 10:45:49,750 [ERROR] LogOutputStream:75 - [STDERR_REDIRECT] [Fatal Error] :1:1: Premature end of file.
2026-05-08 10:45:49,750 [ERROR] LogOutputStream:75 - [STDERR_REDIRECT] 
2026-05-08 10:45:50,770 [ERROR] LogOutputStream:75 - [STDERR_REDIRECT] [Fatal Error] :1:1: Premature end of file.
2026-05-08 10:45:50,770 [ERROR] LogOutputStream:75 - [STDERR_REDIRECT] 
2026-05-08 10:45:51,798 [ERROR] LogOutputStream:75 - [STDERR_REDIRECT] [Fatal Error] :1:1: Premature end of file.
2026-05-08 10:45:51,798 [ERROR] LogOutputStream:75 - [STDERR_REDIRECT] 
2026-05-08 10:45:52,796 [ERROR] LogOutputStream:75 - [STDERR_REDIRECT] [Fatal Error] :1:1: Premature end of file.
2026-05-08 10:45:52,796 [ERROR] LogOutputStream:75 - [STDERR_REDIRECT] 
2026-05-08 10:45:53,779 [ERROR] LogOutputStream:75 - [STDERR_REDIRECT] [Fatal Error] :1:1: Premature end of file.
2026-05-08 10:45:53,779 [ERROR] LogOutputStream:75 - [STDERR_REDIRECT] 
2026-05-08 10:45:54,782 [ERROR] LogOutputStream:75 - [STDERR_REDIRECT] [Fatal Error] :1:1: Premature end of file.
2026-05-08 10:45:54,782 [ERROR] LogOutputStream:75 - [STDERR_REDIRECT] 
2026-05-08 10:45:55,805 [ERROR] LogOutputStream:75 - [STDERR_REDIRECT] [Fatal Error] :1:1: Premature end of file.
2026-05-08 10:45:55,805 [ERROR] LogOutputStream:75 - [STDERR_REDIRECT] 
2026-05-08 10:45:56,790 [ERROR] LogOutputStream:75 - [STDERR_REDIRECT] [Fatal Error] :1:1: Premature end of file.
2026-05-08 10:45:56,791 [ERROR] LogOutputStream:75 - [STDERR_REDIRECT] 
2026-05-08 10:45:57,775 [ERROR] LogOutputStream:75 - [STDERR_REDIRECT] [Fatal Error] :1:1: Premature end of file.
2026-05-08 10:45:57,775 [ERROR] LogOutputStream:75 - [STDERR_REDIRECT] 
2026-05-08 10:45:58,783 [ERROR] LogOutputStream:75 - [STDERR_REDIRECT] [Fatal Error] :1:1: Premature end of file.
2026-05-08 10:45:58,783 [ERROR] LogOutputStream:75 - [STDERR_REDIRECT] 
2026-05-08 10:45:59,769 [ERROR] LogOutputStream:75 - [STDERR_REDIRECT] [Fatal Error] :1:1: Premature end of file.
2026-05-08 10:45:59,769 [ERROR] LogOutputStream:75 - [STDERR_REDIRECT] 
2026-05-08 10:46:00,790 [ERROR] LogOutputStream:75 - [STDERR_REDIRECT] [Fatal Error] :1:1: Premature end of file.
2026-05-08 10:46:00,791 [ERROR] LogOutputStream:75 - [STDERR_REDIRECT] 
2026-05-08 10:46:01,764 [ERROR] LogOutputStream:75 - [STDERR_REDIRECT] [Fatal Error] :1:1: Premature end of file.
2026-05-08 10:46:01,764 [ERROR] LogOutputStream:75 - [STDERR_REDIRECT] 
2026-05-08 10:46:02,771 [ERROR] LogOutputStream:75 - [STDERR_REDIRECT] [Fatal Error] :1:1: Premature end of file.
2026-05-08 10:46:02,771 [ERROR] LogOutputStream:75 - [STDERR_REDIRECT] 
2026-05-08 10:46:03,784 [ERROR] LogOutputStream:75 - [STDERR_REDIRECT] [Fatal Error] :1:1: Premature end of file.
2026-05-08 10:46:03,784 [ERROR] LogOutputStream:75 - [STDERR_REDIRECT] 
2026-05-08 10:46:04,771 [ERROR] LogOutputStream:75 - [STDERR_REDIRECT] [Fatal Error] :1:1: Premature end of file.
2026-05-08 10:46:04,771 [ERROR] LogOutputStream:75 - [STDERR_REDIRECT] 
2026-05-08 10:46:05,778 [ERROR] LogOutputStream:75 - [STDERR_REDIRECT] [Fatal Error] :1:1: Premature end of file.
2026-05-08 10:46:05,778 [ERROR] LogOutputStream:75 - [STDERR_REDIRECT] 
2026-05-08 10:46:06,775 [ERROR] LogOutputStream:75 - [STDERR_REDIRECT] [Fatal Error] :1:1: Premature end of file.
2026-05-08 10:46:06,775 [ERROR] LogOutputStream:75 - [STDERR_REDIRECT] 
2026-05-08 10:46:07,773 [ERROR] LogOutputStream:75 - [STDERR_REDIRECT] [Fatal Error] :1:1: Premature end of file.
2026-05-08 10:46:07,773 [ERROR] LogOutputStream:75 - [STDERR_REDIRECT] 
2026-05-08 10:46:08,779 [ERROR] LogOutputStream:75 - [STDERR_REDIRECT] [Fatal Error] :1:1: Premature end of file.
2026-05-08 10:46:08,779 [ERROR] LogOutputStream:75 - [STDERR_REDIRECT] 
2026-05-08 10:46:09,772 [ERROR] LogOutputStream:75 - [STDERR_REDIRECT] [Fatal Error] :1:1: Premature end of file.
2026-05-08 10:46:09,772 [ERROR] LogOutputStream:75 - [STDERR_REDIRECT] 
2026-05-08 10:46:10,757 [ERROR] LogOutputStream:75 - [STDERR_REDIRECT] [Fatal Error] :1:1: Premature end of file.
2026-05-08 10:46:10,757 [ERROR] LogOutputStream:75 - [STDERR_REDIRECT] 
2026-05-08 10:46:11,792 [ERROR] LogOutputStream:75 - [STDERR_REDIRECT] [Fatal Error] :1:1: Premature end of file.
2026-05-08 10:46:11,794 [ERROR] LogOutputStream:75 - [STDERR_REDIRECT] 
2026-05-08 10:46:12,776 [ERROR] LogOutputStream:75 - [STDERR_REDIRECT] [Fatal Error] :1:1: Premature end of file.
2026-05-08 10:46:12,776 [ERROR] LogOutputStream:75 - [STDERR_REDIRECT] 
2026-05-08 10:46:13,764 [ERROR] LogOutputStream:75 - [STDERR_REDIRECT] [Fatal Error] :1:1: Premature end of file.
2026-05-08 10:46:13,764 [ERROR] LogOutputStream:75 - [STDERR_REDIRECT] 
2026-05-08 10:46:14,789 [ERROR] LogOutputStream:75 - [STDERR_REDIRECT] [Fatal Error] :1:1: Premature end of file.
2026-05-08 10:46:14,789 [ERROR] LogOutputStream:75 - [STDERR_REDIRECT] 
2026-05-08 10:46:15,783 [ERROR] LogOutputStream:75 - [STDERR_REDIRECT] [Fatal Error] :1:1: Premature end of file.
2026-05-08 10:46:15,783 [ERROR] LogOutputStream:75 - [STDERR_REDIRECT] 
2026-05-08 10:46:16,750 [ERROR] LogOutputStream:75 - [STDERR_REDIRECT] [Fatal Error] :1:1: Premature end of file.
2026-05-08 10:46:16,750 [ERROR] LogOutputStream:75 - [STDERR_REDIRECT] 
2026-05-08 10:46:17,770 [ERROR] LogOutputStream:75 - [STDERR_REDIRECT] [Fatal Error] :1:1: Premature end of file.
2026-05-08 10:46:17,770 [ERROR] LogOutputStream:75 - [STDERR_REDIRECT] 
2026-05-08 10:46:18,756 [ERROR] LogOutputStream:75 - [STDERR_REDIRECT] [Fatal Error] :1:1: Premature end of file.
2026-05-08 10:46:18,756 [ERROR] LogOutputStream:75 - [STDERR_REDIRECT] 
2026-05-08 10:46:19,778 [ERROR] LogOutputStream:75 - [STDERR_REDIRECT] [Fatal Error] :1:1: Premature end of file.
2026-05-08 10:46:19,786 [ERROR] LogOutputStream:75 - [STDERR_REDIRECT] 
2026-05-08 10:46:20,778 [ERROR] LogOutputStream:75 - [STDERR_REDIRECT] [Fatal Error] :1:1: Premature end of file.
2026-05-08 10:46:20,780 [ERROR] LogOutputStream:75 - [STDERR_REDIRECT] 
2026-05-08 10:46:21,796 [ERROR] LogOutputStream:75 - [STDERR_REDIRECT] [Fatal Error] :1:1: Premature end of file.
2026-05-08 10:46:21,796 [ERROR] LogOutputStream:75 - [STDERR_REDIRECT] 
2026-05-08 10:46:22,771 [ERROR] LogOutputStream:75 - [STDERR_REDIRECT] [Fatal Error] :1:1: Premature end of file.
2026-05-08 10:46:22,771 [ERROR] LogOutputStream:75 - [STDERR_REDIRECT] 
2026-05-08 10:46:23,757 [ERROR] LogOutputStream:75 - [STDERR_REDIRECT] [Fatal Error] :1:1: Premature end of file.
2026-05-08 10:46:23,771 [ERROR] LogOutputStream:75 - [STDERR_REDIRECT] 
2026-05-08 10:46:24,778 [ERROR] LogOutputStream:75 - [STDERR_REDIRECT] [Fatal Error] :1:1: Premature end of file.
2026-05-08 10:46:24,778 [ERROR] LogOutputStream:75 - [STDERR_REDIRECT] 
2026-05-08 10:46:25,770 [ERROR] LogOutputStream:75 - [STDERR_REDIRECT] [Fatal Error] :1:1: Premature end of file.
2026-05-08 10:46:25,770 [ERROR] LogOutputStream:75 - [STDERR_REDIRECT] 
2026-05-08 10:46:26,777 [ERROR] LogOutputStream:75 - [STDERR_REDIRECT] [Fatal Error] :1:1: Premature end of file.
2026-05-08 10:46:26,782 [ERROR] LogOutputStream:75 - [STDERR_REDIRECT] 
2026-05-08 10:46:27,777 [ERROR] LogOutputStream:75 - [STDERR_REDIRECT] [Fatal Error] :1:1: Premature end of file.
2026-05-08 10:46:27,777 [ERROR] LogOutputStream:75 - [STDERR_REDIRECT] 
2026-05-08 10:46:28,777 [ERROR] LogOutputStream:75 - [STDERR_REDIRECT] [Fatal Error] :1:1: Premature end of file.
2026-05-08 10:46:28,777 [ERROR] LogOutputStream:75 - [STDERR_REDIRECT] 
2026-05-08 10:46:29,781 [ERROR] LogOutputStream:75 - [STDERR_REDIRECT] [Fatal Error] :1:1: Premature end of file.
2026-05-08 10:46:29,783 [ERROR] LogOutputStream:75 - [STDERR_REDIRECT] 
2026-05-08 10:46:30,770 [ERROR] LogOutputStream:75 - [STDERR_REDIRECT] [Fatal Error] :1:1: Premature end of file.
2026-05-08 10:46:30,770 [ERROR] LogOutputStream:75 - [STDERR_REDIRECT] 
2026-05-08 10:46:31,783 [ERROR] LogOutputStream:75 - [STDERR_REDIRECT] [Fatal Error] :1:1: Premature end of file.
2026-05-08 10:46:31,783 [ERROR] LogOutputStream:75 - [STDERR_REDIRECT] 
2026-05-08 10:46:32,783 [ERROR] LogOutputStream:75 - [STDERR_REDIRECT] [Fatal Error] :1:1: Premature end of file.
2026-05-08 10:46:32,783 [ERROR] LogOutputStream:75 - [STDERR_REDIRECT] 
2026-05-08 10:46:33,770 [ERROR] LogOutputStream:75 - [STDERR_REDIRECT] [Fatal Error] :1:1: Premature end of file.
2026-05-08 10:46:33,770 [ERROR] LogOutputStream:75 - [STDERR_REDIRECT] 
2026-05-08 10:46:34,776 [ERROR] LogOutputStream:75 - [STDERR_REDIRECT] [Fatal Error] :1:1: Premature end of file.
2026-05-08 10:46:34,776 [ERROR] LogOutputStream:75 - [STDERR_REDIRECT] 
2026-05-08 10:46:35,773 [ERROR] LogOutputStream:75 - [STDERR_REDIRECT] [Fatal Error] :1:1: Premature end of file.
2026-05-08 10:46:35,773 [ERROR] LogOutputStream:75 - [STDERR_REDIRECT] 
2026-05-08 10:46:36,750 [ERROR] LogOutputStream:75 - [STDERR_REDIRECT] [Fatal Error] :1:1: Premature end of file.
2026-05-08 10:46:36,750 [ERROR] LogOutputStream:75 - [STDERR_REDIRECT] 
2026-05-08 10:46:37,771 [ERROR] LogOutputStream:75 - [STDERR_REDIRECT] [Fatal Error] :1:1: Premature end of file.
2026-05-08 10:46:37,771 [ERROR] LogOutputStream:75 - [STDERR_REDIRECT] 
2026-05-08 10:46:38,767 [ERROR] LogOutputStream:75 - [STDERR_REDIRECT] [Fatal Error] :1:1: Premature end of file.
2026-05-08 10:46:38,767 [ERROR] LogOutputStream:75 - [STDERR_REDIRECT] 
2026-05-08 10:46:39,774 [ERROR] LogOutputStream:75 - [STDERR_REDIRECT] [Fatal Error] :1:1: Premature end of file.
2026-05-08 10:46:39,774 [ERROR] LogOutputStream:75 - [STDERR_REDIRECT] 
2026-05-08 10:46:40,760 [ERROR] LogOutputStream:75 - [STDERR_REDIRECT] [Fatal Error] :1:1: Premature end of file.
2026-05-08 10:46:40,776 [ERROR] LogOutputStream:75 - [STDERR_REDIRECT] 
2026-05-08 10:46:41,788 [ERROR] LogOutputStream:75 - [STDERR_REDIRECT] [Fatal Error] :1:1: Premature end of file.
2026-05-08 10:46:41,788 [ERROR] LogOutputStream:75 - [STDERR_REDIRECT] 
2026-05-08 10:46:42,770 [ERROR] LogOutputStream:75 - [STDERR_REDIRECT] [Fatal Error] :1:1: Premature end of file.
2026-05-08 10:46:42,770 [ERROR] LogOutputStream:75 - [STDERR_REDIRECT] 
2026-05-08 10:46:43,774 [ERROR] LogOutputStream:75 - [STDERR_REDIRECT] [Fatal Error] :1:1: Premature end of file.
2026-05-08 10:46:43,774 [ERROR] LogOutputStream:75 - [STDERR_REDIRECT] 
2026-05-08 10:46:44,789 [ERROR] LogOutputStream:75 - [STDERR_REDIRECT] [Fatal Error] :1:1: Premature end of file.
2026-05-08 10:46:44,789 [ERROR] LogOutputStream:75 - [STDERR_REDIRECT] 
2026-05-08 10:46:45,779 [ERROR] LogOutputStream:75 - [STDERR_REDIRECT] [Fatal Error] :1:1: Premature end of file.
2026-05-08 10:46:45,779 [ERROR] LogOutputStream:75 - [STDERR_REDIRECT] 
2026-05-08 10:46:46,767 [ERROR] LogOutputStream:75 - [STDERR_REDIRECT] [Fatal Error] :1:1: Premature end of file.
2026-05-08 10:46:46,767 [ERROR] LogOutputStream:75 - [STDERR_REDIRECT] 
2026-05-08 10:46:47,773 [ERROR] LogOutputStream:75 - [STDERR_REDIRECT] [Fatal Error] :1:1: Premature end of file.
2026-05-08 10:46:47,775 [ERROR] LogOutputStream:75 - [STDERR_REDIRECT] 
2026-05-08 10:46:48,775 [ERROR] LogOutputStream:75 - [STDERR_REDIRECT] [Fatal Error] :1:1: Premature end of file.
2026-05-08 10:46:48,775 [ERROR] LogOutputStream:75 - [STDERR_REDIRECT] 
2026-05-08 10:46:49,789 [ERROR] LogOutputStream:75 - [STDERR_REDIRECT] [Fatal Error] :1:1: Premature end of file.
2026-05-08 10:46:49,789 [ERROR] LogOutputStream:75 - [STDERR_REDIRECT] 
2026-05-08 10:46:50,774 [ERROR] LogOutputStream:75 - [STDERR_REDIRECT] [Fatal Error] :1:1: Premature end of file.
2026-05-08 10:46:50,774 [ERROR] LogOutputStream:75 - [STDERR_REDIRECT] 
2026-05-08 10:46:51,766 [ERROR] LogOutputStream:75 - [STDERR_REDIRECT] [Fatal Error] :1:1: Premature end of file.
2026-05-08 10:46:51,766 [ERROR] LogOutputStream:75 - [STDERR_REDIRECT] 
2026-05-08 10:46:52,775 [ERROR] LogOutputStream:75 - [STDERR_REDIRECT] [Fatal Error] :1:1: Premature end of file.
2026-05-08 10:46:52,775 [ERROR] LogOutputStream:75 - [STDERR_REDIRECT] 
2026-05-08 10:46:53,779 [ERROR] LogOutputStream:75 - [STDERR_REDIRECT] [Fatal Error] :1:1: Premature end of file.
2026-05-08 10:46:53,779 [ERROR] LogOutputStream:75 - [STDERR_REDIRECT] 
2026-05-08 10:46:54,780 [ERROR] LogOutputStream:75 - [STDERR_REDIRECT] [Fatal Error] :1:1: Premature end of file.
2026-05-08 10:46:54,782 [ERROR] LogOutputStream:75 - [STDERR_REDIRECT] 
2026-05-08 10:46:55,787 [ERROR] LogOutputStream:75 - [STDERR_REDIRECT] [Fatal Error] :1:1: Premature end of file.
2026-05-08 10:46:55,787 [ERROR] LogOutputStream:75 - [STDERR_REDIRECT] 
2026-05-08 10:46:56,774 [ERROR] LogOutputStream:75 - [STDERR_REDIRECT] [Fatal Error] :1:1: Premature end of file.
2026-05-08 10:46:56,774 [ERROR] LogOutputStream:75 - [STDERR_REDIRECT] 
2026-05-08 10:46:57,785 [ERROR] LogOutputStream:75 - [STDERR_REDIRECT] [Fatal Error] :1:1: Premature end of file.
2026-05-08 10:46:57,787 [ERROR] LogOutputStream:75 - [STDERR_REDIRECT] 
2026-05-08 10:46:58,771 [ERROR] LogOutputStream:75 - [STDERR_REDIRECT] [Fatal Error] :1:1: Premature end of file.
2026-05-08 10:46:58,780 [ERROR] LogOutputStream:75 - [STDERR_REDIRECT] 
2026-05-08 10:46:59,778 [ERROR] LogOutputStream:75 - [STDERR_REDIRECT] [Fatal Error] :1:1: Premature end of file.
2026-05-08 10:46:59,778 [ERROR] LogOutputStream:75 - [STDERR_REDIRECT] 
2026-05-08 10:47:00,758 [ERROR] LogOutputStream:75 - [STDERR_REDIRECT] [Fatal Error] :1:1: Premature end of file.
2026-05-08 10:47:00,758 [ERROR] LogOutputStream:75 - [STDERR_REDIRECT] 
2026-05-08 10:47:01,784 [ERROR] LogOutputStream:75 - [STDERR_REDIRECT] [Fatal Error] :1:1: Premature end of file.
2026-05-08 10:47:01,784 [ERROR] LogOutputStream:75 - [STDERR_REDIRECT] 
2026-05-08 10:47:02,766 [ERROR] LogOutputStream:75 - [STDERR_REDIRECT] [Fatal Error] :1:1: Premature end of file.
2026-05-08 10:47:02,766 [ERROR] LogOutputStream:75 - [STDERR_REDIRECT] 
2026-05-08 10:47:03,772 [ERROR] LogOutputStream:75 - [STDERR_REDIRECT] [Fatal Error] :1:1: Premature end of file.
2026-05-08 10:47:03,772 [ERROR] LogOutputStream:75 - [STDERR_REDIRECT] 
2026-05-08 10:47:04,786 [ERROR] LogOutputStream:75 - [STDERR_REDIRECT] [Fatal Error] :1:1: Premature end of file.
2026-05-08 10:47:04,786 [ERROR] LogOutputStream:75 - [STDERR_REDIRECT] 
2026-05-08 10:47:05,779 [ERROR] LogOutputStream:75 - [STDERR_REDIRECT] [Fatal Error] :1:1: Premature end of file.
2026-05-08 10:47:05,779 [ERROR] LogOutputStream:75 - [STDERR_REDIRECT] 
2026-05-08 10:47:06,769 [ERROR] LogOutputStream:75 - [STDERR_REDIRECT] [Fatal Error] :1:1: Premature end of file.
2026-05-08 10:47:06,777 [ERROR] LogOutputStream:75 - [STDERR_REDIRECT] 
2026-05-08 10:47:07,787 [ERROR] LogOutputStream:75 - [STDERR_REDIRECT] [Fatal Error] :1:1: Premature end of file.
2026-05-08 10:47:07,787 [ERROR] LogOutputStream:75 - [STDERR_REDIRECT] 
2026-05-08 10:47:08,777 [ERROR] LogOutputStream:75 - [STDERR_REDIRECT] [Fatal Error] :1:1: Premature end of file.
2026-05-08 10:47:08,777 [ERROR] LogOutputStream:75 - [STDERR_REDIRECT] 
2026-05-08 10:47:09,764 [ERROR] LogOutputStream:75 - [STDERR_REDIRECT] [Fatal Error] :1:1: Premature end of file.
2026-05-08 10:47:09,764 [ERROR] LogOutputStream:75 - [STDERR_REDIRECT] 
2026-05-08 10:47:10,771 [ERROR] LogOutputStream:75 - [STDERR_REDIRECT] [Fatal Error] :1:1: Premature end of file.
2026-05-08 10:47:10,771 [ERROR] LogOutputStream:75 - [STDERR_REDIRECT] 
2026-05-08 10:47:11,787 [ERROR] LogOutputStream:75 - [STDERR_REDIRECT] [Fatal Error] :1:1: Premature end of file.
2026-05-08 10:47:11,791 [ERROR] LogOutputStream:75 - [STDERR_REDIRECT] 
2026-05-08 10:47:12,771 [ERROR] LogOutputStream:75 - [STDERR_REDIRECT] [Fatal Error] :1:1: Premature end of file.
2026-05-08 10:47:12,771 [ERROR] LogOutputStream:75 - [STDERR_REDIRECT] 
2026-05-08 10:47:13,791 [ERROR] LogOutputStream:75 - [STDERR_REDIRECT] [Fatal Error] :1:1: Premature end of file.
2026-05-08 10:47:13,791 [ERROR] LogOutputStream:75 - [STDERR_REDIRECT] 
2026-05-08 10:47:14,767 [ERROR] LogOutputStream:75 - [STDERR_REDIRECT] [Fatal Error] :1:1: Premature end of file.
2026-05-08 10:47:14,767 [ERROR] LogOutputStream:75 - [STDERR_REDIRECT] 
2026-05-08 10:47:15,852 [ERROR] LogOutputStream:75 - [STDERR_REDIRECT] [Fatal Error] :1:1: Premature end of file.
2026-05-08 10:47:15,868 [ERROR] LogOutputStream:75 - [STDERR_REDIRECT] 
2026-05-08 10:47:16,777 [ERROR] LogOutputStream:75 - [STDERR_REDIRECT] [Fatal Error] :1:1: Premature end of file.
2026-05-08 10:47:16,777 [ERROR] LogOutputStream:75 - [STDERR_REDIRECT] 
2026-05-08 10:47:17,773 [ERROR] LogOutputStream:75 - [STDERR_REDIRECT] [Fatal Error] :1:1: Premature end of file.
2026-05-08 10:47:17,773 [ERROR] LogOutputStream:75 - [STDERR_REDIRECT] 
2026-05-08 10:47:18,748 [ERROR] LogOutputStream:75 - [STDERR_REDIRECT] [Fatal Error] :1:1: Premature end of file.
2026-05-08 10:47:18,748 [ERROR] LogOutputStream:75 - [STDERR_REDIRECT] 
2026-05-08 10:47:19,795 [ERROR] LogOutputStream:75 - [STDERR_REDIRECT] [Fatal Error] :1:1: Premature end of file.
2026-05-08 10:47:19,795 [ERROR] LogOutputStream:75 - [STDERR_REDIRECT] 
2026-05-08 10:47:20,769 [ERROR] LogOutputStream:75 - [STDERR_REDIRECT] [Fatal Error] :1:1: Premature end of file.
2026-05-08 10:47:20,769 [ERROR] LogOutputStream:75 - [STDERR_REDIRECT] 
2026-05-08 10:47:21,780 [ERROR] LogOutputStream:75 - [STDERR_REDIRECT] [Fatal Error] :1:1: Premature end of file.
2026-05-08 10:47:21,780 [ERROR] LogOutputStream:75 - [STDERR_REDIRECT] 
2026-05-08 10:47:22,755 [ERROR] LogOutputStream:75 - [STDERR_REDIRECT] [Fatal Error] :1:1: Premature end of file.
2026-05-08 10:47:22,756 [ERROR] LogOutputStream:75 - [STDERR_REDIRECT] 
2026-05-08 10:47:23,776 [ERROR] LogOutputStream:75 - [STDERR_REDIRECT] [Fatal Error] :1:1: Premature end of file.
2026-05-08 10:47:23,776 [ERROR] LogOutputStream:75 - [STDERR_REDIRECT] 
2026-05-08 10:47:24,748 [ERROR] LogOutputStream:75 - [STDERR_REDIRECT] [Fatal Error] :1:1: Premature end of file.
2026-05-08 10:47:24,748 [ERROR] LogOutputStream:75 - [STDERR_REDIRECT] 
2026-05-08 10:47:25,767 [ERROR] LogOutputStream:75 - [STDERR_REDIRECT] [Fatal Error] :1:1: Premature end of file.
2026-05-08 10:47:25,767 [ERROR] LogOutputStream:75 - [STDERR_REDIRECT] 
2026-05-08 10:47:26,788 [ERROR] LogOutputStream:75 - [STDERR_REDIRECT] [Fatal Error] :1:1: Premature end of file.
2026-05-08 10:47:26,788 [ERROR] LogOutputStream:75 - [STDERR_REDIRECT] 
2026-05-08 10:47:27,779 [ERROR] LogOutputStream:75 - [STDERR_REDIRECT] [Fatal Error] :1:1: Premature end of file.
2026-05-08 10:47:27,779 [ERROR] LogOutputStream:75 - [STDERR_REDIRECT] 
2026-05-08 10:47:28,767 [ERROR] LogOutputStream:75 - [STDERR_REDIRECT] [Fatal Error] :1:1: Premature end of file.
2026-05-08 10:47:28,767 [ERROR] LogOutputStream:75 - [STDERR_REDIRECT] 
2026-05-08 10:47:29,772 [ERROR] LogOutputStream:75 - [STDERR_REDIRECT] [Fatal Error] :1:1: Premature end of file.
2026-05-08 10:47:29,772 [ERROR] LogOutputStream:75 - [STDERR_REDIRECT] 
2026-05-08 10:47:30,778 [ERROR] LogOutputStream:75 - [STDERR_REDIRECT] [Fatal Error] :1:1: Premature end of file.
2026-05-08 10:47:30,778 [ERROR] LogOutputStream:75 - [STDERR_REDIRECT] 
2026-05-08 10:47:31,789 [ERROR] LogOutputStream:75 - [STDERR_REDIRECT] [Fatal Error] :1:1: Premature end of file.
2026-05-08 10:47:31,789 [ERROR] LogOutputStream:75 - [STDERR_REDIRECT] 
2026-05-08 10:47:32,806 [ERROR] LogOutputStream:75 - [STDERR_REDIRECT] [Fatal Error] :1:1: Premature end of file.
2026-05-08 10:47:32,806 [ERROR] LogOutputStream:75 - [STDERR_REDIRECT] 
2026-05-08 10:47:33,794 [ERROR] LogOutputStream:75 - [STDERR_REDIRECT] [Fatal Error] :1:1: Premature end of file.
2026-05-08 10:47:33,794 [ERROR] LogOutputStream:75 - [STDERR_REDIRECT] 
2026-05-08 10:47:34,770 [ERROR] LogOutputStream:75 - [STDERR_REDIRECT] [Fatal Error] :1:1: Premature end of file.
2026-05-08 10:47:34,770 [ERROR] LogOutputStream:75 - [STDERR_REDIRECT] 
2026-05-08 10:47:35,775 [ERROR] LogOutputStream:75 - [STDERR_REDIRECT] [Fatal Error] :1:1: Premature end of file.
2026-05-08 10:47:35,775 [ERROR] LogOutputStream:75 - [STDERR_REDIRECT] 
2026-05-08 10:47:36,764 [ERROR] LogOutputStream:75 - [STDERR_REDIRECT] [Fatal Error] :1:1: Premature end of file.
2026-05-08 10:47:36,764 [ERROR] LogOutputStream:75 - [STDERR_REDIRECT] 
2026-05-08 10:47:37,772 [ERROR] LogOutputStream:75 - [STDERR_REDIRECT] [Fatal Error] :1:1: Premature end of file.
2026-05-08 10:47:37,772 [ERROR] LogOutputStream:75 - [STDERR_REDIRECT] 
2026-05-08 10:47:38,780 [ERROR] LogOutputStream:75 - [STDERR_REDIRECT] [Fatal Error] :1:1: Premature end of file.
2026-05-08 10:47:38,780 [ERROR] LogOutputStream:75 - [STDERR_REDIRECT] 
2026-05-08 10:47:39,795 [ERROR] LogOutputStream:75 - [STDERR_REDIRECT] [Fatal Error] :1:1: Premature end of file.
2026-05-08 10:47:39,795 [ERROR] LogOutputStream:75 - [STDERR_REDIRECT] 
2026-05-08 10:47:40,774 [ERROR] LogOutputStream:75 - [STDERR_REDIRECT] [Fatal Error] :1:1: Premature end of file.
2026-05-08 10:47:40,774 [ERROR] LogOutputStream:75 - [STDERR_REDIRECT] 
2026-05-08 10:47:41,780 [ERROR] LogOutputStream:75 - [STDERR_REDIRECT] [Fatal Error] :1:1: Premature end of file.
2026-05-08 10:47:41,780 [ERROR] LogOutputStream:75 - [STDERR_REDIRECT] 
2026-05-08 10:47:42,782 [ERROR] LogOutputStream:75 - [STDERR_REDIRECT] [Fatal Error] :1:1: Premature end of file.
2026-05-08 10:47:42,782 [ERROR] LogOutputStream:75 - [STDERR_REDIRECT] 
2026-05-08 10:47:43,758 [ERROR] LogOutputStream:75 - [STDERR_REDIRECT] [Fatal Error] :1:1: Premature end of file.
2026-05-08 10:47:43,758 [ERROR] LogOutputStream:75 - [STDERR_REDIRECT] 
2026-05-08 10:47:44,768 [ERROR] LogOutputStream:75 - [STDERR_REDIRECT] [Fatal Error] :1:1: Premature end of file.
2026-05-08 10:47:44,768 [ERROR] LogOutputStream:75 - [STDERR_REDIRECT] 
2026-05-08 10:47:45,752 [ERROR] LogOutputStream:75 - [STDERR_REDIRECT] [Fatal Error] :1:1: Premature end of file.
2026-05-08 10:47:45,752 [ERROR] LogOutputStream:75 - [STDERR_REDIRECT] 
2026-05-08 10:47:46,758 [ERROR] LogOutputStream:75 - [STDERR_REDIRECT] [Fatal Error] :1:1: Premature end of file.
2026-05-08 10:47:46,758 [ERROR] LogOutputStream:75 - [STDERR_REDIRECT] 
2026-05-08 10:47:47,779 [ERROR] LogOutputStream:75 - [STDERR_REDIRECT] [Fatal Error] :1:1: Premature end of file.
2026-05-08 10:47:47,779 [ERROR] LogOutputStream:75 - [STDERR_REDIRECT] 
2026-05-08 10:47:48,769 [ERROR] LogOutputStream:75 - [STDERR_REDIRECT] [Fatal Error] :1:1: Premature end of file.
2026-05-08 10:47:48,769 [ERROR] LogOutputStream:75 - [STDERR_REDIRECT] 
2026-05-08 10:47:49,771 [ERROR] LogOutputStream:75 - [STDERR_REDIRECT] [Fatal Error] :1:1: Premature end of file.
2026-05-08 10:47:49,771 [ERROR] LogOutputStream:75 - [STDERR_REDIRECT] 
2026-05-08 10:47:50,765 [ERROR] LogOutputStream:75 - [STDERR_REDIRECT] [Fatal Error] :1:1: Premature end of file.
2026-05-08 10:47:50,765 [ERROR] LogOutputStream:75 - [STDERR_REDIRECT] 
2026-05-08 10:47:51,796 [ERROR] LogOutputStream:75 - [STDERR_REDIRECT] [Fatal Error] :1:1: Premature end of file.
2026-05-08 10:47:51,796 [ERROR] LogOutputStream:75 - [STDERR_REDIRECT] 
2026-05-08 10:47:52,779 [ERROR] LogOutputStream:75 - [STDERR_REDIRECT] [Fatal Error] :1:1: Premature end of file.
2026-05-08 10:47:52,779 [ERROR] LogOutputStream:75 - [STDERR_REDIRECT] 
2026-05-08 10:47:53,786 [ERROR] LogOutputStream:75 - [STDERR_REDIRECT] [Fatal Error] :1:1: Premature end of file.
2026-05-08 10:47:53,786 [ERROR] LogOutputStream:75 - [STDERR_REDIRECT] 
2026-05-08 10:47:54,782 [ERROR] LogOutputStream:75 - [STDERR_REDIRECT] [Fatal Error] :1:1: Premature end of file.
2026-05-08 10:47:54,782 [ERROR] LogOutputStream:75 - [STDERR_REDIRECT] 
2026-05-08 10:47:55,767 [ERROR] LogOutputStream:75 - [STDERR_REDIRECT] [Fatal Error] :1:1: Premature end of file.
2026-05-08 10:47:55,767 [ERROR] LogOutputStream:75 - [STDERR_REDIRECT] 
2026-05-08 10:47:56,787 [ERROR] LogOutputStream:75 - [STDERR_REDIRECT] [Fatal Error] :1:1: Premature end of file.
2026-05-08 10:47:56,787 [ERROR] LogOutputStream:75 - [STDERR_REDIRECT] 
2026-05-08 10:47:57,799 [ERROR] LogOutputStream:75 - [STDERR_REDIRECT] [Fatal Error] :1:1: Premature end of file.
2026-05-08 10:47:57,799 [ERROR] LogOutputStream:75 - [STDERR_REDIRECT] 
2026-05-08 10:47:58,784 [ERROR] LogOutputStream:75 - [STDERR_REDIRECT] [Fatal Error] :1:1: Premature end of file.
2026-05-08 10:47:58,784 [ERROR] LogOutputStream:75 - [STDERR_REDIRECT] 
2026-05-08 10:47:59,806 [ERROR] LogOutputStream:75 - [STDERR_REDIRECT] [Fatal Error] :1:1: Premature end of file.
2026-05-08 10:47:59,806 [ERROR] LogOutputStream:75 - [STDERR_REDIRECT] 
2026-05-08 10:48:00,792 [ERROR] LogOutputStream:75 - [STDERR_REDIRECT] [Fatal Error] :1:1: Premature end of file.
2026-05-08 10:48:00,792 [ERROR] LogOutputStream:75 - [STDERR_REDIRECT] 
2026-05-08 10:48:01,787 [ERROR] LogOutputStream:75 - [STDERR_REDIRECT] [Fatal Error] :1:1: Premature end of file.
2026-05-08 10:48:01,787 [ERROR] LogOutputStream:75 - [STDERR_REDIRECT] 
2026-05-08 10:48:02,764 [ERROR] LogOutputStream:75 - [STDERR_REDIRECT] [Fatal Error] :1:1: Premature end of file.
2026-05-08 10:48:02,764 [ERROR] LogOutputStream:75 - [STDERR_REDIRECT] 
2026-05-08 10:48:03,766 [ERROR] LogOutputStream:75 - [STDERR_REDIRECT] [Fatal Error] :1:1: Premature end of file.
2026-05-08 10:48:03,766 [ERROR] LogOutputStream:75 - [STDERR_REDIRECT] 
2026-05-08 10:48:04,785 [ERROR] LogOutputStream:75 - [STDERR_REDIRECT] [Fatal Error] :1:1: Premature end of file.
2026-05-08 10:48:04,785 [ERROR] LogOutputStream:75 - [STDERR_REDIRECT] 
2026-05-08 10:48:05,757 [ERROR] LogOutputStream:75 - [STDERR_REDIRECT] [Fatal Error] :1:1: Premature end of file.
2026-05-08 10:48:05,757 [ERROR] LogOutputStream:75 - [STDERR_REDIRECT] 
2026-05-08 10:48:06,775 [ERROR] LogOutputStream:75 - [STDERR_REDIRECT] [Fatal Error] :1:1: Premature end of file.
2026-05-08 10:48:06,783 [ERROR] LogOutputStream:75 - [STDERR_REDIRECT] 
2026-05-08 10:48:07,779 [ERROR] LogOutputStream:75 - [STDERR_REDIRECT] [Fatal Error] :1:1: Premature end of file.
2026-05-08 10:48:07,779 [ERROR] LogOutputStream:75 - [STDERR_REDIRECT] 
2026-05-08 10:48:08,770 [ERROR] LogOutputStream:75 - [STDERR_REDIRECT] [Fatal Error] :1:1: Premature end of file.
2026-05-08 10:48:08,770 [ERROR] LogOutputStream:75 - [STDERR_REDIRECT] 
2026-05-08 10:48:09,765 [ERROR] LogOutputStream:75 - [STDERR_REDIRECT] [Fatal Error] :1:1: Premature end of file.
2026-05-08 10:48:09,765 [ERROR] LogOutputStream:75 - [STDERR_REDIRECT] 
2026-05-08 10:48:10,776 [ERROR] LogOutputStream:75 - [STDERR_REDIRECT] [Fatal Error] :1:1: Premature end of file.
2026-05-08 10:48:10,776 [ERROR] LogOutputStream:75 - [STDERR_REDIRECT] 
2026-05-08 10:48:11,792 [ERROR] LogOutputStream:75 - [STDERR_REDIRECT] [Fatal Error] :1:1: Premature end of file.
2026-05-08 10:48:11,792 [ERROR] LogOutputStream:75 - [STDERR_REDIRECT] 
2026-05-08 10:48:12,773 [ERROR] LogOutputStream:75 - [STDERR_REDIRECT] [Fatal Error] :1:1: Premature end of file.
2026-05-08 10:48:12,773 [ERROR] LogOutputStream:75 - [STDERR_REDIRECT] 
2026-05-08 10:48:13,774 [ERROR] LogOutputStream:75 - [STDERR_REDIRECT] [Fatal Error] :1:1: Premature end of file.
2026-05-08 10:48:13,774 [ERROR] LogOutputStream:75 - [STDERR_REDIRECT] 
2026-05-08 10:48:14,781 [ERROR] LogOutputStream:75 - [STDERR_REDIRECT] [Fatal Error] :1:1: Premature end of file.
2026-05-08 10:48:14,781 [ERROR] LogOutputStream:75 - [STDERR_REDIRECT] 
2026-05-08 10:48:15,765 [ERROR] LogOutputStream:75 - [STDERR_REDIRECT] [Fatal Error] :1:1: Premature end of file.
2026-05-08 10:48:15,765 [ERROR] LogOutputStream:75 - [STDERR_REDIRECT] 
2026-05-08 10:48:16,782 [ERROR] LogOutputStream:75 - [STDERR_REDIRECT] [Fatal Error] :1:1: Premature end of file.
2026-05-08 10:48:16,782 [ERROR] LogOutputStream:75 - [STDERR_REDIRECT] 
2026-05-08 10:48:17,788 [ERROR] LogOutputStream:75 - [STDERR_REDIRECT] [Fatal Error] :1:1: Premature end of file.
2026-05-08 10:48:17,788 [ERROR] LogOutputStream:75 - [STDERR_REDIRECT] 
2026-05-08 10:48:18,773 [ERROR] LogOutputStream:75 - [STDERR_REDIRECT] [Fatal Error] :1:1: Premature end of file.
2026-05-08 10:48:18,773 [ERROR] LogOutputStream:75 - [STDERR_REDIRECT] 
2026-05-08 10:48:19,823 [ERROR] LogOutputStream:75 - [STDERR_REDIRECT] [Fatal Error] :1:1: Premature end of file.
2026-05-08 10:48:19,823 [ERROR] LogOutputStream:75 - [STDERR_REDIRECT] 
2026-05-08 10:48:20,779 [ERROR] LogOutputStream:75 - [STDERR_REDIRECT] [Fatal Error] :1:1: Premature end of file.
2026-05-08 10:48:20,795 [ERROR] LogOutputStream:75 - [STDERR_REDIRECT] 
2026-05-08 10:48:21,780 [ERROR] LogOutputStream:75 - [STDERR_REDIRECT] [Fatal Error] :1:1: Premature end of file.
2026-05-08 10:48:21,789 [ERROR] LogOutputStream:75 - [STDERR_REDIRECT] 
2026-05-08 10:48:22,773 [ERROR] LogOutputStream:75 - [STDERR_REDIRECT] [Fatal Error] :1:1: Premature end of file.
2026-05-08 10:48:22,775 [ERROR] LogOutputStream:75 - [STDERR_REDIRECT] 
2026-05-08 10:48:23,766 [ERROR] LogOutputStream:75 - [STDERR_REDIRECT] [Fatal Error] :1:1: Premature end of file.
2026-05-08 10:48:23,766 [ERROR] LogOutputStream:75 - [STDERR_REDIRECT] 
2026-05-08 10:48:24,770 [ERROR] LogOutputStream:75 - [STDERR_REDIRECT] [Fatal Error] :1:1: Premature end of file.
2026-05-08 10:48:24,770 [ERROR] LogOutputStream:75 - [STDERR_REDIRECT] 
2026-05-08 10:48:25,777 [ERROR] LogOutputStream:75 - [STDERR_REDIRECT] [Fatal Error] :1:1: Premature end of file.
2026-05-08 10:48:25,777 [ERROR] LogOutputStream:75 - [STDERR_REDIRECT] 
2026-05-08 10:48:26,779 [ERROR] LogOutputStream:75 - [STDERR_REDIRECT] [Fatal Error] :1:1: Premature end of file.
2026-05-08 10:48:26,779 [ERROR] LogOutputStream:75 - [STDERR_REDIRECT] 
2026-05-08 10:48:27,762 [ERROR] LogOutputStream:75 - [STDERR_REDIRECT] [Fatal Error] :1:1: Premature end of file.
2026-05-08 10:48:27,762 [ERROR] LogOutputStream:75 - [STDERR_REDIRECT] 
2026-05-08 10:48:28,777 [ERROR] LogOutputStream:75 - [STDERR_REDIRECT] [Fatal Error] :1:1: Premature end of file.
2026-05-08 10:48:28,777 [ERROR] LogOutputStream:75 - [STDERR_REDIRECT] 
2026-05-08 10:48:29,750 [ERROR] LogOutputStream:75 - [STDERR_REDIRECT] [Fatal Error] :1:1: Premature end of file.
2026-05-08 10:48:29,750 [ERROR] LogOutputStream:75 - [STDERR_REDIRECT] 
2026-05-08 10:48:30,770 [ERROR] LogOutputStream:75 - [STDERR_REDIRECT] [Fatal Error] :1:1: Premature end of file.
2026-05-08 10:48:30,770 [ERROR] LogOutputStream:75 - [STDERR_REDIRECT] 
2026-05-08 10:48:31,789 [ERROR] LogOutputStream:75 - [STDERR_REDIRECT] [Fatal Error] :1:1: Premature end of file.
2026-05-08 10:48:31,795 [ERROR] LogOutputStream:75 - [STDERR_REDIRECT] 
2026-05-08 10:48:32,792 [ERROR] LogOutputStream:75 - [STDERR_REDIRECT] [Fatal Error] :1:1: Premature end of file.
2026-05-08 10:48:32,792 [ERROR] LogOutputStream:75 - [STDERR_REDIRECT] 
2026-05-08 10:48:33,798 [ERROR] LogOutputStream:75 - [STDERR_REDIRECT] [Fatal Error] :1:1: Premature end of file.
2026-05-08 10:48:33,798 [ERROR] LogOutputStream:75 - [STDERR_REDIRECT] 
2026-05-08 10:48:34,780 [ERROR] LogOutputStream:75 - [STDERR_REDIRECT] [Fatal Error] :1:1: Premature end of file.
2026-05-08 10:48:34,780 [ERROR] LogOutputStream:75 - [STDERR_REDIRECT] 
2026-05-08 10:48:35,808 [ERROR] LogOutputStream:75 - [STDERR_REDIRECT] [Fatal Error] :1:1: Premature end of file.
2026-05-08 10:48:35,808 [ERROR] LogOutputStream:75 - [STDERR_REDIRECT] 
2026-05-08 10:48:36,779 [ERROR] LogOutputStream:75 - [STDERR_REDIRECT] [Fatal Error] :1:1: Premature end of file.
2026-05-08 10:48:36,779 [ERROR] LogOutputStream:75 - [STDERR_REDIRECT] 
2026-05-08 10:48:37,764 [ERROR] LogOutputStream:75 - [STDERR_REDIRECT] [Fatal Error] :1:1: Premature end of file.
2026-05-08 10:48:37,764 [ERROR] LogOutputStream:75 - [STDERR_REDIRECT] 
2026-05-08 10:48:38,782 [ERROR] LogOutputStream:75 - [STDERR_REDIRECT] [Fatal Error] :1:1: Premature end of file.
2026-05-08 10:48:38,782 [ERROR] LogOutputStream:75 - [STDERR_REDIRECT] 
2026-05-08 10:48:39,772 [ERROR] LogOutputStream:75 - [STDERR_REDIRECT] [Fatal Error] :1:1: Premature end of file.
2026-05-08 10:48:39,772 [ERROR] LogOutputStream:75 - [STDERR_REDIRECT] 
2026-05-08 10:48:40,776 [ERROR] LogOutputStream:75 - [STDERR_REDIRECT] [Fatal Error] :1:1: Premature end of file.
2026-05-08 10:48:40,776 [ERROR] LogOutputStream:75 - [STDERR_REDIRECT] 
2026-05-08 10:48:41,783 [ERROR] LogOutputStream:75 - [STDERR_REDIRECT] [Fatal Error] :1:1: Premature end of file.
2026-05-08 10:48:41,783 [ERROR] LogOutputStream:75 - [STDERR_REDIRECT] 
2026-05-08 10:48:42,795 [ERROR] LogOutputStream:75 - [STDERR_REDIRECT] [Fatal Error] :1:1: Premature end of file.
2026-05-08 10:48:42,795 [ERROR] LogOutputStream:75 - [STDERR_REDIRECT] 
2026-05-08 10:48:43,760 [ERROR] LogOutputStream:75 - [STDERR_REDIRECT] [Fatal Error] :1:1: Premature end of file.
2026-05-08 10:48:43,760 [ERROR] LogOutputStream:75 - [STDERR_REDIRECT] 
2026-05-08 10:48:44,771 [ERROR] LogOutputStream:75 - [STDERR_REDIRECT] [Fatal Error] :1:1: Premature end of file.
2026-05-08 10:48:44,771 [ERROR] LogOutputStream:75 - [STDERR_REDIRECT] 
2026-05-08 10:48:45,772 [ERROR] LogOutputStream:75 - [STDERR_REDIRECT] [Fatal Error] :1:1: Premature end of file.
2026-05-08 10:48:45,772 [ERROR] LogOutputStream:75 - [STDERR_REDIRECT] 
2026-05-08 10:48:46,772 [ERROR] LogOutputStream:75 - [STDERR_REDIRECT] [Fatal Error] :1:1: Premature end of file.
2026-05-08 10:48:46,772 [ERROR] LogOutputStream:75 - [STDERR_REDIRECT] 
2026-05-08 10:48:47,775 [ERROR] LogOutputStream:75 - [STDERR_REDIRECT] [Fatal Error] :1:1: Premature end of file.
2026-05-08 10:48:47,775 [ERROR] LogOutputStream:75 - [STDERR_REDIRECT] 
2026-05-08 10:48:48,777 [ERROR] LogOutputStream:75 - [STDERR_REDIRECT] [Fatal Error] :1:1: Premature end of file.
2026-05-08 10:48:48,777 [ERROR] LogOutputStream:75 - [STDERR_REDIRECT] 
2026-05-08 10:48:49,766 [ERROR] LogOutputStream:75 - [STDERR_REDIRECT] [Fatal Error] :1:1: Premature end of file.
2026-05-08 10:48:49,766 [ERROR] LogOutputStream:75 - [STDERR_REDIRECT] 
2026-05-08 10:48:50,778 [ERROR] LogOutputStream:75 - [STDERR_REDIRECT] [Fatal Error] :1:1: Premature end of file.
2026-05-08 10:48:50,778 [ERROR] LogOutputStream:75 - [STDERR_REDIRECT] 
2026-05-08 10:48:51,756 [ERROR] LogOutputStream:75 - [STDERR_REDIRECT] [Fatal Error] :1:1: Premature end of file.
2026-05-08 10:48:51,756 [ERROR] LogOutputStream:75 - [STDERR_REDIRECT] 
2026-05-08 10:48:52,755 [ERROR] LogOutputStream:75 - [STDERR_REDIRECT] [Fatal Error] :1:1: Premature end of file.
2026-05-08 10:48:52,755 [ERROR] LogOutputStream:75 - [STDERR_REDIRECT] 
2026-05-08 10:48:53,773 [ERROR] LogOutputStream:75 - [STDERR_REDIRECT] [Fatal Error] :1:1: Premature end of file.
2026-05-08 10:48:53,773 [ERROR] LogOutputStream:75 - [STDERR_REDIRECT] 
2026-05-08 10:48:54,778 [ERROR] LogOutputStream:75 - [STDERR_REDIRECT] [Fatal Error] :1:1: Premature end of file.
2026-05-08 10:48:54,778 [ERROR] LogOutputStream:75 - [STDERR_REDIRECT] 
2026-05-08 10:48:55,767 [ERROR] LogOutputStream:75 - [STDERR_REDIRECT] [Fatal Error] :1:1: Premature end of file.
2026-05-08 10:48:55,767 [ERROR] LogOutputStream:75 - [STDERR_REDIRECT] 
2026-05-08 10:48:56,770 [ERROR] LogOutputStream:75 - [STDERR_REDIRECT] [Fatal Error] :1:1: Premature end of file.
2026-05-08 10:48:56,770 [ERROR] LogOutputStream:75 - [STDERR_REDIRECT] 
2026-05-08 10:48:57,776 [ERROR] LogOutputStream:75 - [STDERR_REDIRECT] [Fatal Error] :1:1: Premature end of file.
2026-05-08 10:48:57,776 [ERROR] LogOutputStream:75 - [STDERR_REDIRECT] 
2026-05-08 10:48:58,778 [ERROR] LogOutputStream:75 - [STDERR_REDIRECT] [Fatal Error] :1:1: Premature end of file.
2026-05-08 10:48:58,778 [ERROR] LogOutputStream:75 - [STDERR_REDIRECT] 
2026-05-08 10:48:59,768 [ERROR] LogOutputStream:75 - [STDERR_REDIRECT] [Fatal Error] :1:1: Premature end of file.
2026-05-08 10:48:59,768 [ERROR] LogOutputStream:75 - [STDERR_REDIRECT] 
2026-05-08 10:49:00,790 [ERROR] LogOutputStream:75 - [STDERR_REDIRECT] [Fatal Error] :1:1: Premature end of file.
2026-05-08 10:49:00,790 [ERROR] LogOutputStream:75 - [STDERR_REDIRECT] 
2026-05-08 10:49:01,780 [ERROR] LogOutputStream:75 - [STDERR_REDIRECT] [Fatal Error] :1:1: Premature end of file.
2026-05-08 10:49:01,780 [ERROR] LogOutputStream:75 - [STDERR_REDIRECT] 
2026-05-08 10:49:02,753 [ERROR] LogOutputStream:75 - [STDERR_REDIRECT] [Fatal Error] :1:1: Premature end of file.
2026-05-08 10:49:02,753 [ERROR] LogOutputStream:75 - [STDERR_REDIRECT] 
2026-05-08 10:49:03,768 [ERROR] LogOutputStream:75 - [STDERR_REDIRECT] [Fatal Error] :1:1: Premature end of file.
2026-05-08 10:49:03,768 [ERROR] LogOutputStream:75 - [STDERR_REDIRECT] 
2026-05-08 10:49:04,749 [ERROR] LogOutputStream:75 - [STDERR_REDIRECT] [Fatal Error] :1:1: Premature end of file.
2026-05-08 10:49:04,749 [ERROR] LogOutputStream:75 - [STDERR_REDIRECT] 
2026-05-08 10:49:05,767 [ERROR] LogOutputStream:75 - [STDERR_REDIRECT] [Fatal Error] :1:1: Premature end of file.
2026-05-08 10:49:05,767 [ERROR] LogOutputStream:75 - [STDERR_REDIRECT] 
2026-05-08 10:49:06,770 [ERROR] LogOutputStream:75 - [STDERR_REDIRECT] [Fatal Error] :1:1: Premature end of file.
2026-05-08 10:49:06,770 [ERROR] LogOutputStream:75 - [STDERR_REDIRECT] 
2026-05-08 10:49:07,794 [ERROR] LogOutputStream:75 - [STDERR_REDIRECT] [Fatal Error] :1:1: Premature end of file.
2026-05-08 10:49:07,794 [ERROR] LogOutputStream:75 - [STDERR_REDIRECT] 
2026-05-08 10:49:08,776 [ERROR] LogOutputStream:75 - [STDERR_REDIRECT] [Fatal Error] :1:1: Premature end of file.
2026-05-08 10:49:08,776 [ERROR] LogOutputStream:75 - [STDERR_REDIRECT] 
2026-05-08 10:49:09,745 [ERROR] LogOutputStream:75 - [STDERR_REDIRECT] [Fatal Error] :1:1: Premature end of file.
2026-05-08 10:49:09,745 [ERROR] LogOutputStream:75 - [STDERR_REDIRECT] 
2026-05-08 10:49:10,763 [ERROR] LogOutputStream:75 - [STDERR_REDIRECT] [Fatal Error] :1:1: Premature end of file.
2026-05-08 10:49:10,763 [ERROR] LogOutputStream:75 - [STDERR_REDIRECT] 
2026-05-08 10:49:11,796 [ERROR] LogOutputStream:75 - [STDERR_REDIRECT] [Fatal Error] :1:1: Premature end of file.
2026-05-08 10:49:11,796 [ERROR] LogOutputStream:75 - [STDERR_REDIRECT] 
2026-05-08 10:49:12,784 [ERROR] LogOutputStream:75 - [STDERR_REDIRECT] [Fatal Error] :1:1: Premature end of file.
2026-05-08 10:49:12,784 [ERROR] LogOutputStream:75 - [STDERR_REDIRECT] 
2026-05-08 10:49:13,775 [ERROR] LogOutputStream:75 - [STDERR_REDIRECT] [Fatal Error] :1:1: Premature end of file.
2026-05-08 10:49:13,775 [ERROR] LogOutputStream:75 - [STDERR_REDIRECT] 
2026-05-08 10:49:14,767 [ERROR] LogOutputStream:75 - [STDERR_REDIRECT] [Fatal Error] :1:1: Premature end of file.
2026-05-08 10:49:14,767 [ERROR] LogOutputStream:75 - [STDERR_REDIRECT] 
2026-05-08 10:49:15,768 [ERROR] LogOutputStream:75 - [STDERR_REDIRECT] [Fatal Error] :1:1: Premature end of file.
2026-05-08 10:49:15,773 [ERROR] LogOutputStream:75 - [STDERR_REDIRECT] 
2026-05-08 10:49:16,765 [ERROR] LogOutputStream:75 - [STDERR_REDIRECT] [Fatal Error] :1:1: Premature end of file.
2026-05-08 10:49:16,765 [ERROR] LogOutputStream:75 - [STDERR_REDIRECT] 
2026-05-08 10:49:17,773 [ERROR] LogOutputStream:75 - [STDERR_REDIRECT] [Fatal Error] :1:1: Premature end of file.
2026-05-08 10:49:17,773 [ERROR] LogOutputStream:75 - [STDERR_REDIRECT] 
2026-05-08 10:49:18,784 [ERROR] LogOutputStream:75 - [STDERR_REDIRECT] [Fatal Error] :1:1: Premature end of file.
2026-05-08 10:49:18,784 [ERROR] LogOutputStream:75 - [STDERR_REDIRECT] 
2026-05-08 10:49:19,769 [ERROR] LogOutputStream:75 - [STDERR_REDIRECT] [Fatal Error] :1:1: Premature end of file.
2026-05-08 10:49:19,769 [ERROR] LogOutputStream:75 - [STDERR_REDIRECT] 
2026-05-08 10:49:20,781 [ERROR] LogOutputStream:75 - [STDERR_REDIRECT] [Fatal Error] :1:1: Premature end of file.
2026-05-08 10:49:20,784 [ERROR] LogOutputStream:75 - [STDERR_REDIRECT] 
2026-05-08 10:49:21,770 [ERROR] LogOutputStream:75 - [STDERR_REDIRECT] [Fatal Error] :1:1: Premature end of file.
2026-05-08 10:49:21,770 [ERROR] LogOutputStream:75 - [STDERR_REDIRECT] 
2026-05-08 10:49:22,783 [ERROR] LogOutputStream:75 - [STDERR_REDIRECT] [Fatal Error] :1:1: Premature end of file.
2026-05-08 10:49:22,783 [ERROR] LogOutputStream:75 - [STDERR_REDIRECT] 
2026-05-08 10:49:23,760 [ERROR] LogOutputStream:75 - [STDERR_REDIRECT] [Fatal Error] :1:1: Premature end of file.
2026-05-08 10:49:23,760 [ERROR] LogOutputStream:75 - [STDERR_REDIRECT] 
2026-05-08 10:49:24,796 [ERROR] LogOutputStream:75 - [STDERR_REDIRECT] [Fatal Error] :1:1: Premature end of file.
2026-05-08 10:49:24,796 [ERROR] LogOutputStream:75 - [STDERR_REDIRECT] 
2026-05-08 10:49:25,779 [ERROR] LogOutputStream:75 - [STDERR_REDIRECT] [Fatal Error] :1:1: Premature end of file.
2026-05-08 10:49:25,779 [ERROR] LogOutputStream:75 - [STDERR_REDIRECT] 
2026-05-08 10:49:26,780 [ERROR] LogOutputStream:75 - [STDERR_REDIRECT] [Fatal Error] :1:1: Premature end of file.
2026-05-08 10:49:26,780 [ERROR] LogOutputStream:75 - [STDERR_REDIRECT] 
2026-05-08 10:49:27,773 [ERROR] LogOutputStream:75 - [STDERR_REDIRECT] [Fatal Error] :1:1: Premature end of file.
2026-05-08 10:49:27,787 [ERROR] LogOutputStream:75 - [STDERR_REDIRECT] 
2026-05-08 10:49:28,773 [ERROR] LogOutputStream:75 - [STDERR_REDIRECT] [Fatal Error] :1:1: Premature end of file.
2026-05-08 10:49:28,773 [ERROR] LogOutputStream:75 - [STDERR_REDIRECT] 
2026-05-08 10:49:29,770 [ERROR] LogOutputStream:75 - [STDERR_REDIRECT] [Fatal Error] :1:1: Premature end of file.
2026-05-08 10:49:29,770 [ERROR] LogOutputStream:75 - [STDERR_REDIRECT] 
2026-05-08 10:49:30,800 [ERROR] LogOutputStream:75 - [STDERR_REDIRECT] [Fatal Error] :1:1: Premature end of file.
2026-05-08 10:49:30,800 [ERROR] LogOutputStream:75 - [STDERR_REDIRECT] 
2026-05-08 10:49:31,766 [ERROR] LogOutputStream:75 - [STDERR_REDIRECT] [Fatal Error] :1:1: Premature end of file.
2026-05-08 10:49:31,766 [ERROR] LogOutputStream:75 - [STDERR_REDIRECT] 
2026-05-08 10:49:32,759 [ERROR] LogOutputStream:75 - [STDERR_REDIRECT] [Fatal Error] :1:1: Premature end of file.
2026-05-08 10:49:32,759 [ERROR] LogOutputStream:75 - [STDERR_REDIRECT] 
2026-05-08 10:49:33,767 [ERROR] LogOutputStream:75 - [STDERR_REDIRECT] [Fatal Error] :1:1: Premature end of file.
2026-05-08 10:49:33,767 [ERROR] LogOutputStream:75 - [STDERR_REDIRECT] 
2026-05-08 10:49:34,779 [ERROR] LogOutputStream:75 - [STDERR_REDIRECT] [Fatal Error] :1:1: Premature end of file.
2026-05-08 10:49:34,779 [ERROR] LogOutputStream:75 - [STDERR_REDIRECT] 
2026-05-08 10:49:35,774 [ERROR] LogOutputStream:75 - [STDERR_REDIRECT] [Fatal Error] :1:1: Premature end of file.
2026-05-08 10:49:35,774 [ERROR] LogOutputStream:75 - [STDERR_REDIRECT] 
2026-05-08 10:49:36,767 [ERROR] LogOutputStream:75 - [STDERR_REDIRECT] [Fatal Error] :1:1: Premature end of file.
2026-05-08 10:49:36,767 [ERROR] LogOutputStream:75 - [STDERR_REDIRECT] 
2026-05-08 10:49:37,775 [ERROR] LogOutputStream:75 - [STDERR_REDIRECT] [Fatal Error] :1:1: Premature end of file.
2026-05-08 10:49:37,775 [ERROR] LogOutputStream:75 - [STDERR_REDIRECT] 
2026-05-08 10:49:38,781 [ERROR] LogOutputStream:75 - [STDERR_REDIRECT] [Fatal Error] :1:1: Premature end of file.
2026-05-08 10:49:38,781 [ERROR] LogOutputStream:75 - [STDERR_REDIRECT] 
2026-05-08 10:49:39,771 [ERROR] LogOutputStream:75 - [STDERR_REDIRECT] [Fatal Error] :1:1: Premature end of file.
2026-05-08 10:49:39,771 [ERROR] LogOutputStream:75 - [STDERR_REDIRECT] 
2026-05-08 10:49:40,778 [ERROR] LogOutputStream:75 - [STDERR_REDIRECT] [Fatal Error] :1:1: Premature end of file.
2026-05-08 10:49:40,784 [ERROR] LogOutputStream:75 - [STDERR_REDIRECT] 
2026-05-08 10:49:41,764 [ERROR] LogOutputStream:75 - [STDERR_REDIRECT] [Fatal Error] :1:1: Premature end of file.
2026-05-08 10:49:41,770 [ERROR] LogOutputStream:75 - [STDERR_REDIRECT] 
2026-05-08 10:49:42,769 [ERROR] LogOutputStream:75 - [STDERR_REDIRECT] [Fatal Error] :1:1: Premature end of file.
2026-05-08 10:49:42,784 [ERROR] LogOutputStream:75 - [STDERR_REDIRECT] 
2026-05-08 10:49:43,780 [ERROR] LogOutputStream:75 - [STDERR_REDIRECT] [Fatal Error] :1:1: Premature end of file.
2026-05-08 10:49:43,780 [ERROR] LogOutputStream:75 - [STDERR_REDIRECT] 
2026-05-08 10:49:44,769 [ERROR] LogOutputStream:75 - [STDERR_REDIRECT] [Fatal Error] :1:1: Premature end of file.
2026-05-08 10:49:44,769 [ERROR] LogOutputStream:75 - [STDERR_REDIRECT] 
2026-05-08 10:49:45,782 [ERROR] LogOutputStream:75 - [STDERR_REDIRECT] [Fatal Error] :1:1: Premature end of file.
2026-05-08 10:49:45,784 [ERROR] LogOutputStream:75 - [STDERR_REDIRECT] 
2026-05-08 10:49:46,767 [ERROR] LogOutputStream:75 - [STDERR_REDIRECT] [Fatal Error] :1:1: Premature end of file.
2026-05-08 10:49:46,767 [ERROR] LogOutputStream:75 - [STDERR_REDIRECT] 
2026-05-08 10:49:47,777 [ERROR] LogOutputStream:75 - [STDERR_REDIRECT] [Fatal Error] :1:1: Premature end of file.
2026-05-08 10:49:47,777 [ERROR] LogOutputStream:75 - [STDERR_REDIRECT] 
2026-05-08 10:49:48,770 [ERROR] LogOutputStream:75 - [STDERR_REDIRECT] [Fatal Error] :1:1: Premature end of file.
2026-05-08 10:49:48,770 [ERROR] LogOutputStream:75 - [STDERR_REDIRECT] 
2026-05-08 10:49:49,751 [ERROR] LogOutputStream:75 - [STDERR_REDIRECT] [Fatal Error] :1:1: Premature end of file.
2026-05-08 10:49:49,751 [ERROR] LogOutputStream:75 - [STDERR_REDIRECT] 
2026-05-08 10:49:50,745 [ERROR] LogOutputStream:75 - [STDERR_REDIRECT] [Fatal Error] :1:1: Premature end of file.
2026-05-08 10:49:50,745 [ERROR] LogOutputStream:75 - [STDERR_REDIRECT] 
2026-05-08 10:49:51,763 [ERROR] LogOutputStream:75 - [STDERR_REDIRECT] [Fatal Error] :1:1: Premature end of file.
2026-05-08 10:49:51,763 [ERROR] LogOutputStream:75 - [STDERR_REDIRECT] 
2026-05-08 10:49:52,784 [ERROR] LogOutputStream:75 - [STDERR_REDIRECT] [Fatal Error] :1:1: Premature end of file.
2026-05-08 10:49:52,784 [ERROR] LogOutputStream:75 - [STDERR_REDIRECT] 
2026-05-08 10:49:53,764 [ERROR] LogOutputStream:75 - [STDERR_REDIRECT] [Fatal Error] :1:1: Premature end of file.
2026-05-08 10:49:53,768 [ERROR] LogOutputStream:75 - [STDERR_REDIRECT] 
2026-05-08 10:49:54,769 [ERROR] LogOutputStream:75 - [STDERR_REDIRECT] [Fatal Error] :1:1: Premature end of file.
2026-05-08 10:49:54,769 [ERROR] LogOutputStream:75 - [STDERR_REDIRECT] 
2026-05-08 10:49:55,792 [ERROR] LogOutputStream:75 - [STDERR_REDIRECT] [Fatal Error] :1:1: Premature end of file.
2026-05-08 10:49:55,792 [ERROR] LogOutputStream:75 - [STDERR_REDIRECT] 
2026-05-08 10:49:56,775 [ERROR] LogOutputStream:75 - [STDERR_REDIRECT] [Fatal Error] :1:1: Premature end of file.
2026-05-08 10:49:56,775 [ERROR] LogOutputStream:75 - [STDERR_REDIRECT] 
2026-05-08 10:49:57,768 [ERROR] LogOutputStream:75 - [STDERR_REDIRECT] [Fatal Error] :1:1: Premature end of file.
2026-05-08 10:49:57,768 [ERROR] LogOutputStream:75 - [STDERR_REDIRECT] 
2026-05-08 10:49:58,765 [ERROR] LogOutputStream:75 - [STDERR_REDIRECT] [Fatal Error] :1:1: Premature end of file.
2026-05-08 10:49:58,765 [ERROR] LogOutputStream:75 - [STDERR_REDIRECT] 
2026-05-08 10:49:59,770 [ERROR] LogOutputStream:75 - [STDERR_REDIRECT] [Fatal Error] :1:1: Premature end of file.
2026-05-08 10:49:59,770 [ERROR] LogOutputStream:75 - [STDERR_REDIRECT] 
2026-05-08 10:50:00,761 [ERROR] LogOutputStream:75 - [STDERR_REDIRECT] [Fatal Error] :1:1: Premature end of file.
2026-05-08 10:50:00,761 [ERROR] LogOutputStream:75 - [STDERR_REDIRECT] 
2026-05-08 10:50:01,776 [ERROR] LogOutputStream:75 - [STDERR_REDIRECT] [Fatal Error] :1:1: Premature end of file.
2026-05-08 10:50:01,776 [ERROR] LogOutputStream:75 - [STDERR_REDIRECT] 
2026-05-08 10:50:02,775 [ERROR] LogOutputStream:75 - [STDERR_REDIRECT] [Fatal Error] :1:1: Premature end of file.
2026-05-08 10:50:02,775 [ERROR] LogOutputStream:75 - [STDERR_REDIRECT] 
2026-05-08 10:50:03,782 [ERROR] LogOutputStream:75 - [STDERR_REDIRECT] [Fatal Error] :1:1: Premature end of file.
2026-05-08 10:50:03,782 [ERROR] LogOutputStream:75 - [STDERR_REDIRECT] 
2026-05-08 10:50:04,775 [ERROR] LogOutputStream:75 - [STDERR_REDIRECT] [Fatal Error] :1:1: Premature end of file.
2026-05-08 10:50:04,775 [ERROR] LogOutputStream:75 - [STDERR_REDIRECT] 
2026-05-08 10:50:05,767 [ERROR] LogOutputStream:75 - [STDERR_REDIRECT] [Fatal Error] :1:1: Premature end of file.
2026-05-08 10:50:05,767 [ERROR] LogOutputStream:75 - [STDERR_REDIRECT] 
2026-05-08 10:50:06,772 [ERROR] LogOutputStream:75 - [STDERR_REDIRECT] [Fatal Error] :1:1: Premature end of file.
2026-05-08 10:50:06,772 [ERROR] LogOutputStream:75 - [STDERR_REDIRECT] 
2026-05-08 10:50:07,775 [ERROR] LogOutputStream:75 - [STDERR_REDIRECT] [Fatal Error] :1:1: Premature end of file.
2026-05-08 10:50:07,775 [ERROR] LogOutputStream:75 - [STDERR_REDIRECT] 
2026-05-08 10:50:08,782 [ERROR] LogOutputStream:75 - [STDERR_REDIRECT] [Fatal Error] :1:1: Premature end of file.
2026-05-08 10:50:08,782 [ERROR] LogOutputStream:75 - [STDERR_REDIRECT] 
2026-05-08 10:50:09,770 [ERROR] LogOutputStream:75 - [STDERR_REDIRECT] [Fatal Error] :1:1: Premature end of file.
2026-05-08 10:50:09,770 [ERROR] LogOutputStream:75 - [STDERR_REDIRECT] 
2026-05-08 10:50:10,741 [ERROR] LogOutputStream:75 - [STDERR_REDIRECT] [Fatal Error] :1:1: Premature end of file.
2026-05-08 10:50:10,741 [ERROR] LogOutputStream:75 - [STDERR_REDIRECT] 
2026-05-08 10:50:11,806 [ERROR] LogOutputStream:75 - [STDERR_REDIRECT] [Fatal Error] :1:1: Premature end of file.
2026-05-08 10:50:11,806 [ERROR] LogOutputStream:75 - [STDERR_REDIRECT] 
2026-05-08 10:50:12,796 [ERROR] LogOutputStream:75 - [STDERR_REDIRECT] [Fatal Error] :1:1: Premature end of file.
2026-05-08 10:50:12,796 [ERROR] LogOutputStream:75 - [STDERR_REDIRECT] 
2026-05-08 10:50:13,766 [ERROR] LogOutputStream:75 - [STDERR_REDIRECT] [Fatal Error] :1:1: Premature end of file.
2026-05-08 10:50:13,766 [ERROR] LogOutputStream:75 - [STDERR_REDIRECT] 
2026-05-08 10:50:14,771 [ERROR] LogOutputStream:75 - [STDERR_REDIRECT] [Fatal Error] :1:1: Premature end of file.
2026-05-08 10:50:14,771 [ERROR] LogOutputStream:75 - [STDERR_REDIRECT] 
2026-05-08 10:50:15,803 [ERROR] LogOutputStream:75 - [STDERR_REDIRECT] [Fatal Error] :1:1: Premature end of file.
2026-05-08 10:50:15,803 [ERROR] LogOutputStream:75 - [STDERR_REDIRECT] 
2026-05-08 10:50:16,795 [ERROR] LogOutputStream:75 - [STDERR_REDIRECT] [Fatal Error] :1:1: Premature end of file.
2026-05-08 10:50:16,795 [ERROR] LogOutputStream:75 - [STDERR_REDIRECT] 
2026-05-08 10:50:17,778 [ERROR] LogOutputStream:75 - [STDERR_REDIRECT] [Fatal Error] :1:1: Premature end of file.
2026-05-08 10:50:17,778 [ERROR] LogOutputStream:75 - [STDERR_REDIRECT] 
2026-05-08 10:50:18,768 [ERROR] LogOutputStream:75 - [STDERR_REDIRECT] [Fatal Error] :1:1: Premature end of file.
2026-05-08 10:50:18,768 [ERROR] LogOutputStream:75 - [STDERR_REDIRECT] 
2026-05-08 10:50:19,765 [ERROR] LogOutputStream:75 - [STDERR_REDIRECT] [Fatal Error] :1:1: Premature end of file.
2026-05-08 10:50:19,765 [ERROR] LogOutputStream:75 - [STDERR_REDIRECT] 
2026-05-08 10:50:20,771 [ERROR] LogOutputStream:75 - [STDERR_REDIRECT] [Fatal Error] :1:1: Premature end of file.
2026-05-08 10:50:20,771 [ERROR] LogOutputStream:75 - [STDERR_REDIRECT] 
2026-05-08 10:50:21,782 [ERROR] LogOutputStream:75 - [STDERR_REDIRECT] [Fatal Error] :1:1: Premature end of file.
2026-05-08 10:50:21,782 [ERROR] LogOutputStream:75 - [STDERR_REDIRECT] 
2026-05-08 10:50:22,784 [ERROR] LogOutputStream:75 - [STDERR_REDIRECT] [Fatal Error] :1:1: Premature end of file.
2026-05-08 10:50:22,784 [ERROR] LogOutputStream:75 - [STDERR_REDIRECT] 
2026-05-08 10:50:23,771 [ERROR] LogOutputStream:75 - [STDERR_REDIRECT] [Fatal Error] :1:1: Premature end of file.
2026-05-08 10:50:23,771 [ERROR] LogOutputStream:75 - [STDERR_REDIRECT] 
2026-05-08 10:50:24,775 [ERROR] LogOutputStream:75 - [STDERR_REDIRECT] [Fatal Error] :1:1: Premature end of file.
2026-05-08 10:50:24,775 [ERROR] LogOutputStream:75 - [STDERR_REDIRECT] 
2026-05-08 10:50:25,772 [ERROR] LogOutputStream:75 - [STDERR_REDIRECT] [Fatal Error] :1:1: Premature end of file.
2026-05-08 10:50:25,772 [ERROR] LogOutputStream:75 - [STDERR_REDIRECT] 
2026-05-08 10:50:26,766 [ERROR] LogOutputStream:75 - [STDERR_REDIRECT] [Fatal Error] :1:1: Premature end of file.
2026-05-08 10:50:26,766 [ERROR] LogOutputStream:75 - [STDERR_REDIRECT] 
2026-05-08 10:50:27,760 [ERROR] LogOutputStream:75 - [STDERR_REDIRECT] [Fatal Error] :1:1: Premature end of file.
2026-05-08 10:50:27,760 [ERROR] LogOutputStream:75 - [STDERR_REDIRECT] 
2026-05-08 10:50:28,774 [ERROR] LogOutputStream:75 - [STDERR_REDIRECT] [Fatal Error] :1:1: Premature end of file.
2026-05-08 10:50:28,777 [ERROR] LogOutputStream:75 - [STDERR_REDIRECT] 
2026-05-08 10:50:29,771 [ERROR] LogOutputStream:75 - [STDERR_REDIRECT] [Fatal Error] :1:1: Premature end of file.
2026-05-08 10:50:29,771 [ERROR] LogOutputStream:75 - [STDERR_REDIRECT] 
2026-05-08 10:50:30,786 [ERROR] LogOutputStream:75 - [STDERR_REDIRECT] [Fatal Error] :1:1: Premature end of file.
2026-05-08 10:50:30,786 [ERROR] LogOutputStream:75 - [STDERR_REDIRECT] 
2026-05-08 10:50:31,777 [ERROR] LogOutputStream:75 - [STDERR_REDIRECT] [Fatal Error] :1:1: Premature end of file.
2026-05-08 10:50:31,777 [ERROR] LogOutputStream:75 - [STDERR_REDIRECT] 
2026-05-08 10:50:32,788 [ERROR] LogOutputStream:75 - [STDERR_REDIRECT] [Fatal Error] :1:1: Premature end of file.
2026-05-08 10:50:32,789 [ERROR] LogOutputStream:75 - [STDERR_REDIRECT] 
2026-05-08 10:50:33,782 [ERROR] LogOutputStream:75 - [STDERR_REDIRECT] [Fatal Error] :1:1: Premature end of file.
2026-05-08 10:50:33,782 [ERROR] LogOutputStream:75 - [STDERR_REDIRECT] 
2026-05-08 10:50:34,780 [ERROR] LogOutputStream:75 - [STDERR_REDIRECT] [Fatal Error] :1:1: Premature end of file.
2026-05-08 10:50:34,781 [ERROR] LogOutputStream:75 - [STDERR_REDIRECT] 
2026-05-08 10:50:35,792 [ERROR] LogOutputStream:75 - [STDERR_REDIRECT] [Fatal Error] :1:1: Premature end of file.
2026-05-08 10:50:35,792 [ERROR] LogOutputStream:75 - [STDERR_REDIRECT] 
2026-05-08 10:50:36,791 [ERROR] LogOutputStream:75 - [STDERR_REDIRECT] [Fatal Error] :1:1: Premature end of file.
2026-05-08 10:50:36,792 [ERROR] LogOutputStream:75 - [STDERR_REDIRECT] 
2026-05-08 10:50:37,758 [ERROR] LogOutputStream:75 - [STDERR_REDIRECT] [Fatal Error] :1:1: Premature end of file.
2026-05-08 10:50:37,758 [ERROR] LogOutputStream:75 - [STDERR_REDIRECT] 
2026-05-08 10:50:38,778 [ERROR] LogOutputStream:75 - [STDERR_REDIRECT] [Fatal Error] :1:1: Premature end of file.
2026-05-08 10:50:38,779 [ERROR] LogOutputStream:75 - [STDERR_REDIRECT] 
2026-05-08 10:50:39,747 [ERROR] LogOutputStream:75 - [STDERR_REDIRECT] [Fatal Error] :1:1: Premature end of file.
2026-05-08 10:50:39,748 [ERROR] LogOutputStream:75 - [STDERR_REDIRECT] 
2026-05-08 10:50:40,776 [ERROR] LogOutputStream:75 - [STDERR_REDIRECT] [Fatal Error] :1:1: Premature end of file.
2026-05-08 10:50:40,776 [ERROR] LogOutputStream:75 - [STDERR_REDIRECT] 
2026-05-08 10:50:41,736 [ERROR] LogOutputStream:75 - [STDERR_REDIRECT] [Fatal Error] :1:1: Premature end of file.
2026-05-08 10:50:41,736 [ERROR] LogOutputStream:75 - [STDERR_REDIRECT] 
2026-05-08 10:50:42,777 [ERROR] LogOutputStream:75 - [STDERR_REDIRECT] [Fatal Error] :1:1: Premature end of file.
2026-05-08 10:50:42,777 [ERROR] LogOutputStream:75 - [STDERR_REDIRECT] 
2026-05-08 10:50:43,776 [ERROR] LogOutputStream:75 - [STDERR_REDIRECT] [Fatal Error] :1:1: Premature end of file.
2026-05-08 10:50:43,776 [ERROR] LogOutputStream:75 - [STDERR_REDIRECT] 
2026-05-08 10:50:44,775 [ERROR] LogOutputStream:75 - [STDERR_REDIRECT] [Fatal Error] :1:1: Premature end of file.
2026-05-08 10:50:44,775 [ERROR] LogOutputStream:75 - [STDERR_REDIRECT] 
2026-05-08 10:50:45,778 [ERROR] LogOutputStream:75 - [STDERR_REDIRECT] [Fatal Error] :1:1: Premature end of file.
2026-05-08 10:50:45,778 [ERROR] LogOutputStream:75 - [STDERR_REDIRECT] 
2026-05-08 10:50:46,788 [ERROR] LogOutputStream:75 - [STDERR_REDIRECT] [Fatal Error] :1:1: Premature end of file.
2026-05-08 10:50:46,789 [ERROR] LogOutputStream:75 - [STDERR_REDIRECT] 
2026-05-08 10:50:47,775 [ERROR] LogOutputStream:75 - [STDERR_REDIRECT] [Fatal Error] :1:1: Premature end of file.
2026-05-08 10:50:47,775 [ERROR] LogOutputStream:75 - [STDERR_REDIRECT] 
2026-05-08 10:50:48,782 [ERROR] LogOutputStream:75 - [STDERR_REDIRECT] [Fatal Error] :1:1: Premature end of file.
2026-05-08 10:50:48,782 [ERROR] LogOutputStream:75 - [STDERR_REDIRECT] 
2026-05-08 10:50:49,775 [ERROR] LogOutputStream:75 - [STDERR_REDIRECT] [Fatal Error] :1:1: Premature end of file.
2026-05-08 10:50:49,781 [ERROR] LogOutputStream:75 - [STDERR_REDIRECT] 
2026-05-08 10:50:50,803 [ERROR] LogOutputStream:75 - [STDERR_REDIRECT] [Fatal Error] :1:1: Premature end of file.
2026-05-08 10:50:50,803 [ERROR] LogOutputStream:75 - [STDERR_REDIRECT] 
2026-05-08 10:50:51,782 [ERROR] LogOutputStream:75 - [STDERR_REDIRECT] [Fatal Error] :1:1: Premature end of file.
2026-05-08 10:50:51,782 [ERROR] LogOutputStream:75 - [STDERR_REDIRECT] 
2026-05-08 10:50:52,759 [ERROR] LogOutputStream:75 - [STDERR_REDIRECT] [Fatal Error] :1:1: Premature end of file.
2026-05-08 10:50:52,759 [ERROR] LogOutputStream:75 - [STDERR_REDIRECT] 
2026-05-08 10:50:53,789 [ERROR] LogOutputStream:75 - [STDERR_REDIRECT] [Fatal Error] :1:1: Premature end of file.
2026-05-08 10:50:53,789 [ERROR] LogOutputStream:75 - [STDERR_REDIRECT] 
2026-05-08 10:50:54,781 [ERROR] LogOutputStream:75 - [STDERR_REDIRECT] [Fatal Error] :1:1: Premature end of file.
2026-05-08 10:50:54,781 [ERROR] LogOutputStream:75 - [STDERR_REDIRECT] 
2026-05-08 10:50:55,782 [ERROR] LogOutputStream:75 - [STDERR_REDIRECT] [Fatal Error] :1:1: Premature end of file.
2026-05-08 10:50:55,782 [ERROR] LogOutputStream:75 - [STDERR_REDIRECT] 
2026-05-08 10:50:56,775 [ERROR] LogOutputStream:75 - [STDERR_REDIRECT] [Fatal Error] :1:1: Premature end of file.
2026-05-08 10:50:56,775 [ERROR] LogOutputStream:75 - [STDERR_REDIRECT] 
2026-05-08 10:50:57,766 [ERROR] LogOutputStream:75 - [STDERR_REDIRECT] [Fatal Error] :1:1: Premature end of file.
2026-05-08 10:50:57,766 [ERROR] LogOutputStream:75 - [STDERR_REDIRECT] 
2026-05-08 10:50:58,772 [ERROR] LogOutputStream:75 - [STDERR_REDIRECT] [Fatal Error] :1:1: Premature end of file.
2026-05-08 10:50:58,772 [ERROR] LogOutputStream:75 - [STDERR_REDIRECT] 
2026-05-08 10:50:59,776 [ERROR] LogOutputStream:75 - [STDERR_REDIRECT] [Fatal Error] :1:1: Premature end of file.
2026-05-08 10:50:59,776 [ERROR] LogOutputStream:75 - [STDERR_REDIRECT] 
2026-05-08 10:51:00,801 [ERROR] LogOutputStream:75 - [STDERR_REDIRECT] [Fatal Error] :1:1: Premature end of file.
2026-05-08 10:51:00,801 [ERROR] LogOutputStream:75 - [STDERR_REDIRECT] 
2026-05-08 10:51:01,782 [ERROR] LogOutputStream:75 - [STDERR_REDIRECT] [Fatal Error] :1:1: Premature end of file.
2026-05-08 10:51:01,782 [ERROR] LogOutputStream:75 - [STDERR_REDIRECT] 
2026-05-08 10:51:02,787 [ERROR] LogOutputStream:75 - [STDERR_REDIRECT] [Fatal Error] :1:1: Premature end of file.
2026-05-08 10:51:02,787 [ERROR] LogOutputStream:75 - [STDERR_REDIRECT] 
2026-05-08 10:51:03,775 [ERROR] LogOutputStream:75 - [STDERR_REDIRECT] [Fatal Error] :1:1: Premature end of file.
2026-05-08 10:51:03,775 [ERROR] LogOutputStream:75 - [STDERR_REDIRECT] 
2026-05-08 10:51:04,765 [ERROR] LogOutputStream:75 - [STDERR_REDIRECT] [Fatal Error] :1:1: Premature end of file.
2026-05-08 10:51:04,765 [ERROR] LogOutputStream:75 - [STDERR_REDIRECT] 
2026-05-08 10:51:05,759 [ERROR] LogOutputStream:75 - [STDERR_REDIRECT] [Fatal Error] :1:1: Premature end of file.
2026-05-08 10:51:05,759 [ERROR] LogOutputStream:75 - [STDERR_REDIRECT] 
2026-05-08 10:51:06,778 [ERROR] LogOutputStream:75 - [STDERR_REDIRECT] [Fatal Error] :1:1: Premature end of file.
2026-05-08 10:51:06,778 [ERROR] LogOutputStream:75 - [STDERR_REDIRECT] 
2026-05-08 10:51:07,767 [ERROR] LogOutputStream:75 - [STDERR_REDIRECT] [Fatal Error] :1:1: Premature end of file.
2026-05-08 10:51:07,767 [ERROR] LogOutputStream:75 - [STDERR_REDIRECT] 
2026-05-08 10:51:08,774 [ERROR] LogOutputStream:75 - [STDERR_REDIRECT] [Fatal Error] :1:1: Premature end of file.
2026-05-08 10:51:08,774 [ERROR] LogOutputStream:75 - [STDERR_REDIRECT] 
2026-05-08 10:51:09,777 [ERROR] LogOutputStream:75 - [STDERR_REDIRECT] [Fatal Error] :1:1: Premature end of file.
2026-05-08 10:51:09,777 [ERROR] LogOutputStream:75 - [STDERR_REDIRECT] 
2026-05-08 10:51:10,794 [ERROR] LogOutputStream:75 - [STDERR_REDIRECT] [Fatal Error] :1:1: Premature end of file.
2026-05-08 10:51:10,794 [ERROR] LogOutputStream:75 - [STDERR_REDIRECT] 
2026-05-08 10:51:11,767 [ERROR] LogOutputStream:75 - [STDERR_REDIRECT] [Fatal Error] :1:1: Premature end of file.
2026-05-08 10:51:11,767 [ERROR] LogOutputStream:75 - [STDERR_REDIRECT] 
2026-05-08 10:51:12,789 [ERROR] LogOutputStream:75 - [STDERR_REDIRECT] [Fatal Error] :1:1: Premature end of file.
2026-05-08 10:51:12,789 [ERROR] LogOutputStream:75 - [STDERR_REDIRECT] 
2026-05-08 10:51:13,775 [ERROR] LogOutputStream:75 - [STDERR_REDIRECT] [Fatal Error] :1:1: Premature end of file.
2026-05-08 10:51:13,775 [ERROR] LogOutputStream:75 - [STDERR_REDIRECT] 
2026-05-08 10:51:14,767 [ERROR] LogOutputStream:75 - [STDERR_REDIRECT] [Fatal Error] :1:1: Premature end of file.
2026-05-08 10:51:14,767 [ERROR] LogOutputStream:75 - [STDERR_REDIRECT] 
2026-05-08 10:51:15,781 [ERROR] LogOutputStream:75 - [STDERR_REDIRECT] [Fatal Error] :1:1: Premature end of file.
2026-05-08 10:51:15,781 [ERROR] LogOutputStream:75 - [STDERR_REDIRECT] 
2026-05-08 10:51:16,775 [ERROR] LogOutputStream:75 - [STDERR_REDIRECT] [Fatal Error] :1:1: Premature end of file.
2026-05-08 10:51:16,775 [ERROR] LogOutputStream:75 - [STDERR_REDIRECT] 
2026-05-08 10:51:17,752 [ERROR] LogOutputStream:75 - [STDERR_REDIRECT] [Fatal Error] :1:1: Premature end of file.
2026-05-08 10:51:17,752 [ERROR] LogOutputStream:75 - [STDERR_REDIRECT] 
2026-05-08 10:51:18,779 [ERROR] LogOutputStream:75 - [STDERR_REDIRECT] [Fatal Error] :1:1: Premature end of file.
2026-05-08 10:51:18,779 [ERROR] LogOutputStream:75 - [STDERR_REDIRECT] 
2026-05-08 10:51:19,768 [ERROR] LogOutputStream:75 - [STDERR_REDIRECT] [Fatal Error] :1:1: Premature end of file.
2026-05-08 10:51:19,768 [ERROR] LogOutputStream:75 - [STDERR_REDIRECT] 
2026-05-08 10:51:20,764 [ERROR] LogOutputStream:75 - [STDERR_REDIRECT] [Fatal Error] :1:1: Premature end of file.
2026-05-08 10:51:20,764 [ERROR] LogOutputStream:75 - [STDERR_REDIRECT] 
2026-05-08 10:51:21,774 [ERROR] LogOutputStream:75 - [STDERR_REDIRECT] [Fatal Error] :1:1: Premature end of file.
2026-05-08 10:51:21,774 [ERROR] LogOutputStream:75 - [STDERR_REDIRECT] 
2026-05-08 10:51:22,790 [ERROR] LogOutputStream:75 - [STDERR_REDIRECT] [Fatal Error] :1:1: Premature end of file.
2026-05-08 10:51:22,790 [ERROR] LogOutputStream:75 - [STDERR_REDIRECT] 
2026-05-08 10:51:23,764 [ERROR] LogOutputStream:75 - [STDERR_REDIRECT] [Fatal Error] :1:1: Premature end of file.
2026-05-08 10:51:23,764 [ERROR] LogOutputStream:75 - [STDERR_REDIRECT] 
2026-05-08 10:51:24,770 [ERROR] LogOutputStream:75 - [STDERR_REDIRECT] [Fatal Error] :1:1: Premature end of file.
2026-05-08 10:51:24,770 [ERROR] LogOutputStream:75 - [STDERR_REDIRECT] 
2026-05-08 10:51:25,786 [ERROR] LogOutputStream:75 - [STDERR_REDIRECT] [Fatal Error] :1:1: Premature end of file.
2026-05-08 10:51:25,786 [ERROR] LogOutputStream:75 - [STDERR_REDIRECT] 
2026-05-08 10:51:26,766 [ERROR] LogOutputStream:75 - [STDERR_REDIRECT] [Fatal Error] :1:1: Premature end of file.
2026-05-08 10:51:26,766 [ERROR] LogOutputStream:75 - [STDERR_REDIRECT] 
2026-05-08 10:51:27,773 [ERROR] LogOutputStream:75 - [STDERR_REDIRECT] [Fatal Error] :1:1: Premature end of file.
2026-05-08 10:51:27,773 [ERROR] LogOutputStream:75 - [STDERR_REDIRECT] 
2026-05-08 10:51:28,761 [ERROR] LogOutputStream:75 - [STDERR_REDIRECT] [Fatal Error] :1:1: Premature end of file.
2026-05-08 10:51:28,761 [ERROR] LogOutputStream:75 - [STDERR_REDIRECT] 
2026-05-08 10:51:29,794 [ERROR] LogOutputStream:75 - [STDERR_REDIRECT] [Fatal Error] :1:1: Premature end of file.
2026-05-08 10:51:29,794 [ERROR] LogOutputStream:75 - [STDERR_REDIRECT] 
2026-05-08 10:51:30,772 [ERROR] LogOutputStream:75 - [STDERR_REDIRECT] [Fatal Error] :1:1: Premature end of file.
2026-05-08 10:51:30,772 [ERROR] LogOutputStream:75 - [STDERR_REDIRECT] 
2026-05-08 10:51:31,780 [ERROR] LogOutputStream:75 - [STDERR_REDIRECT] [Fatal Error] :1:1: Premature end of file.
2026-05-08 10:51:31,780 [ERROR] LogOutputStream:75 - [STDERR_REDIRECT] 
2026-05-08 10:51:32,781 [ERROR] LogOutputStream:75 - [STDERR_REDIRECT] [Fatal Error] :1:1: Premature end of file.
2026-05-08 10:51:32,781 [ERROR] LogOutputStream:75 - [STDERR_REDIRECT] 
2026-05-08 10:51:33,769 [ERROR] LogOutputStream:75 - [STDERR_REDIRECT] [Fatal Error] :1:1: Premature end of file.
2026-05-08 10:51:33,769 [ERROR] LogOutputStream:75 - [STDERR_REDIRECT] 
2026-05-08 10:51:34,760 [ERROR] LogOutputStream:75 - [STDERR_REDIRECT] [Fatal Error] :1:1: Premature end of file.
2026-05-08 10:51:34,760 [ERROR] LogOutputStream:75 - [STDERR_REDIRECT] 
2026-05-08 10:51:35,779 [ERROR] LogOutputStream:75 - [STDERR_REDIRECT] [Fatal Error] :1:1: Premature end of file.
2026-05-08 10:51:35,779 [ERROR] LogOutputStream:75 - [STDERR_REDIRECT] 
2026-05-08 10:51:36,769 [ERROR] LogOutputStream:75 - [STDERR_REDIRECT] [Fatal Error] :1:1: Premature end of file.
2026-05-08 10:51:36,769 [ERROR] LogOutputStream:75 - [STDERR_REDIRECT] 
2026-05-08 10:51:37,788 [ERROR] LogOutputStream:75 - [STDERR_REDIRECT] [Fatal Error] :1:1: Premature end of file.
2026-05-08 10:51:37,788 [ERROR] LogOutputStream:75 - [STDERR_REDIRECT] 
2026-05-08 10:51:38,768 [ERROR] LogOutputStream:75 - [STDERR_REDIRECT] [Fatal Error] :1:1: Premature end of file.
2026-05-08 10:51:38,768 [ERROR] LogOutputStream:75 - [STDERR_REDIRECT] 
2026-05-08 10:51:39,751 [ERROR] LogOutputStream:75 - [STDERR_REDIRECT] [Fatal Error] :1:1: Premature end of file.
2026-05-08 10:51:39,751 [ERROR] LogOutputStream:75 - [STDERR_REDIRECT] 
2026-05-08 10:51:40,768 [ERROR] LogOutputStream:75 - [STDERR_REDIRECT] [Fatal Error] :1:1: Premature end of file.
2026-05-08 10:51:40,768 [ERROR] LogOutputStream:75 - [STDERR_REDIRECT] 
2026-05-08 10:51:41,765 [ERROR] LogOutputStream:75 - [STDERR_REDIRECT] [Fatal Error] :1:1: Premature end of file.
2026-05-08 10:51:41,766 [ERROR] LogOutputStream:75 - [STDERR_REDIRECT] 
2026-05-08 10:51:42,762 [ERROR] LogOutputStream:75 - [STDERR_REDIRECT] [Fatal Error] :1:1: Premature end of file.
2026-05-08 10:51:42,762 [ERROR] LogOutputStream:75 - [STDERR_REDIRECT] 
2026-05-08 10:51:43,751 [ERROR] LogOutputStream:75 - [STDERR_REDIRECT] [Fatal Error] :1:1: Premature end of file.
2026-05-08 10:51:43,751 [ERROR] LogOutputStream:75 - [STDERR_REDIRECT] 
2026-05-08 10:51:44,755 [ERROR] LogOutputStream:75 - [STDERR_REDIRECT] [Fatal Error] :1:1: Premature end of file.
2026-05-08 10:51:44,755 [ERROR] LogOutputStream:75 - [STDERR_REDIRECT] 
2026-05-08 10:51:45,763 [ERROR] LogOutputStream:75 - [STDERR_REDIRECT] [Fatal Error] :1:1: Premature end of file.
2026-05-08 10:51:45,763 [ERROR] LogOutputStream:75 - [STDERR_REDIRECT] 
2026-05-08 10:51:46,744 [ERROR] LogOutputStream:75 - [STDERR_REDIRECT] [Fatal Error] :1:1: Premature end of file.
2026-05-08 10:51:46,745 [ERROR] LogOutputStream:75 - [STDERR_REDIRECT] 
2026-05-08 10:51:47,753 [ERROR] LogOutputStream:75 - [STDERR_REDIRECT] [Fatal Error] :1:1: Premature end of file.
2026-05-08 10:51:47,753 [ERROR] LogOutputStream:75 - [STDERR_REDIRECT] 
2026-05-08 10:51:48,759 [ERROR] LogOutputStream:75 - [STDERR_REDIRECT] [Fatal Error] :1:1: Premature end of file.
2026-05-08 10:51:48,759 [ERROR] LogOutputStream:75 - [STDERR_REDIRECT] 
2026-05-08 10:51:49,743 [ERROR] LogOutputStream:75 - [STDERR_REDIRECT] [Fatal Error] :1:1: Premature end of file.
2026-05-08 10:51:49,743 [ERROR] LogOutputStream:75 - [STDERR_REDIRECT] 
2026-05-08 10:51:50,784 [ERROR] LogOutputStream:75 - [STDERR_REDIRECT] [Fatal Error] :1:1: Premature end of file.
2026-05-08 10:51:50,784 [ERROR] LogOutputStream:75 - [STDERR_REDIRECT] 
2026-05-08 10:51:51,769 [ERROR] LogOutputStream:75 - [STDERR_REDIRECT] [Fatal Error] :1:1: Premature end of file.
2026-05-08 10:51:51,769 [ERROR] LogOutputStream:75 - [STDERR_REDIRECT] 
2026-05-08 10:51:52,764 [ERROR] LogOutputStream:75 - [STDERR_REDIRECT] [Fatal Error] :1:1: Premature end of file.
2026-05-08 10:51:52,764 [ERROR] LogOutputStream:75 - [STDERR_REDIRECT] 
2026-05-08 10:51:53,763 [ERROR] LogOutputStream:75 - [STDERR_REDIRECT] [Fatal Error] :1:1: Premature end of file.
2026-05-08 10:51:53,763 [ERROR] LogOutputStream:75 - [STDERR_REDIRECT] 
2026-05-08 10:51:54,780 [ERROR] LogOutputStream:75 - [STDERR_REDIRECT] [Fatal Error] :1:1: Premature end of file.
2026-05-08 10:51:54,780 [ERROR] LogOutputStream:75 - [STDERR_REDIRECT] 
2026-05-08 10:51:55,796 [ERROR] LogOutputStream:75 - [STDERR_REDIRECT] [Fatal Error] :1:1: Premature end of file.
2026-05-08 10:51:55,796 [ERROR] LogOutputStream:75 - [STDERR_REDIRECT] 
2026-05-08 10:51:56,773 [ERROR] LogOutputStream:75 - [STDERR_REDIRECT] [Fatal Error] :1:1: Premature end of file.
2026-05-08 10:51:56,773 [ERROR] LogOutputStream:75 - [STDERR_REDIRECT] 
2026-05-08 10:51:57,762 [ERROR] LogOutputStream:75 - [STDERR_REDIRECT] [Fatal Error] :1:1: Premature end of file.
2026-05-08 10:51:57,762 [ERROR] LogOutputStream:75 - [STDERR_REDIRECT] 
2026-05-08 10:51:58,755 [ERROR] LogOutputStream:75 - [STDERR_REDIRECT] [Fatal Error] :1:1: Premature end of file.
2026-05-08 10:51:58,755 [ERROR] LogOutputStream:75 - [STDERR_REDIRECT] 
2026-05-08 10:51:59,756 [ERROR] LogOutputStream:75 - [STDERR_REDIRECT] [Fatal Error] :1:1: Premature end of file.
2026-05-08 10:51:59,756 [ERROR] LogOutputStream:75 - [STDERR_REDIRECT] 
2026-05-08 10:52:00,782 [ERROR] LogOutputStream:75 - [STDERR_REDIRECT] [Fatal Error] :1:1: Premature end of file.
2026-05-08 10:52:00,782 [ERROR] LogOutputStream:75 - [STDERR_REDIRECT] 
2026-05-08 10:52:01,774 [ERROR] LogOutputStream:75 - [STDERR_REDIRECT] [Fatal Error] :1:1: Premature end of file.
2026-05-08 10:52:01,774 [ERROR] LogOutputStream:75 - [STDERR_REDIRECT] 
2026-05-08 10:52:02,753 [ERROR] LogOutputStream:75 - [STDERR_REDIRECT] [Fatal Error] :1:1: Premature end of file.
2026-05-08 10:52:02,753 [ERROR] LogOutputStream:75 - [STDERR_REDIRECT] 
2026-05-08 10:52:03,775 [ERROR] LogOutputStream:75 - [STDERR_REDIRECT] [Fatal Error] :1:1: Premature end of file.
2026-05-08 10:52:03,777 [ERROR] LogOutputStream:75 - [STDERR_REDIRECT] 
2026-05-08 10:52:04,252 [INFO] WebApp:194 - Connection lost
2026-05-08 10:52:04,607 [INFO] WebApp:191 - Connection restablished
2026-05-08 10:52:04,809 [ERROR] LogOutputStream:75 - [STDERR_REDIRECT] [Fatal Error] :1:1: Premature end of file.
2026-05-08 10:52:04,809 [ERROR] LogOutputStream:75 - [STDERR_REDIRECT] 
2026-05-08 10:52:05,780 [ERROR] LogOutputStream:75 - [STDERR_REDIRECT] [Fatal Error] :1:1: Premature end of file.
2026-05-08 10:52:05,780 [ERROR] LogOutputStream:75 - [STDERR_REDIRECT] 
2026-05-08 10:52:06,786 [ERROR] LogOutputStream:75 - [STDERR_REDIRECT] [Fatal Error] :1:1: Premature end of file.
2026-05-08 10:52:06,786 [ERROR] LogOutputStream:75 - [STDERR_REDIRECT] 
2026-05-08 10:52:07,233 [INFO] WebApp:194 - Connection lost
2026-05-08 10:52:07,412 [INFO] WebApp:191 - Connection restablished
2026-05-08 10:52:07,780 [ERROR] LogOutputStream:75 - [STDERR_REDIRECT] [Fatal Error] :1:1: Premature end of file.
2026-05-08 10:52:07,780 [ERROR] LogOutputStream:75 - [STDERR_REDIRECT] 
2026-05-08 10:52:08,760 [ERROR] LogOutputStream:75 - [STDERR_REDIRECT] [Fatal Error] :1:1: Premature end of file.
2026-05-08 10:52:08,760 [ERROR] LogOutputStream:75 - [STDERR_REDIRECT] 
2026-05-08 10:52:09,749 [ERROR] LogOutputStream:75 - [STDERR_REDIRECT] [Fatal Error] :1:1: Premature end of file.
2026-05-08 10:52:09,749 [ERROR] LogOutputStream:75 - [STDERR_REDIRECT] 
2026-05-08 10:52:10,737 [ERROR] LogOutputStream:75 - [STDERR_REDIRECT] [Fatal Error] :1:1: Premature end of file.
2026-05-08 10:52:10,737 [ERROR] LogOutputStream:75 - [STDERR_REDIRECT] 
2026-05-08 10:52:11,769 [ERROR] LogOutputStream:75 - [STDERR_REDIRECT] [Fatal Error] :1:1: Premature end of file.
2026-05-08 10:52:11,770 [ERROR] LogOutputStream:75 - [STDERR_REDIRECT] 
2026-05-08 10:52:12,777 [ERROR] LogOutputStream:75 - [STDERR_REDIRECT] [Fatal Error] :1:1: Premature end of file.
2026-05-08 10:52:12,777 [ERROR] LogOutputStream:75 - [STDERR_REDIRECT] 
2026-05-08 10:52:13,746 [ERROR] LogOutputStream:75 - [STDERR_REDIRECT] [Fatal Error] :1:1: Premature end of file.
2026-05-08 10:52:13,746 [ERROR] LogOutputStream:75 - [STDERR_REDIRECT] 
2026-05-08 10:52:14,732 [ERROR] LogOutputStream:75 - [STDERR_REDIRECT] [Fatal Error] :1:1: Premature end of file.
2026-05-08 10:52:14,732 [ERROR] LogOutputStream:75 - [STDERR_REDIRECT] 
2026-05-08 10:52:15,779 [ERROR] LogOutputStream:75 - [STDERR_REDIRECT] [Fatal Error] :1:1: Premature end of file.
2026-05-08 10:52:15,779 [ERROR] LogOutputStream:75 - [STDERR_REDIRECT] 
2026-05-08 10:52:16,735 [ERROR] LogOutputStream:75 - [STDERR_REDIRECT] [Fatal Error] :1:1: Premature end of file.
2026-05-08 10:52:16,735 [ERROR] LogOutputStream:75 - [STDERR_REDIRECT] 
2026-05-08 10:52:17,756 [ERROR] LogOutputStream:75 - [STDERR_REDIRECT] [Fatal Error] :1:1: Premature end of file.
2026-05-08 10:52:17,758 [ERROR] LogOutputStream:75 - [STDERR_REDIRECT] 
2026-05-08 10:52:18,799 [ERROR] LogOutputStream:75 - [STDERR_REDIRECT] [Fatal Error] :1:1: Premature end of file.
2026-05-08 10:52:18,799 [ERROR] LogOutputStream:75 - [STDERR_REDIRECT] 
2026-05-08 10:52:19,735 [ERROR] LogOutputStream:75 - [STDERR_REDIRECT] [Fatal Error] :1:1: Premature end of file.
2026-05-08 10:52:19,735 [ERROR] LogOutputStream:75 - [STDERR_REDIRECT] 
2026-05-08 10:52:20,735 [ERROR] LogOutputStream:75 - [STDERR_REDIRECT] [Fatal Error] :1:1: Premature end of file.
2026-05-08 10:52:20,735 [ERROR] LogOutputStream:75 - [STDERR_REDIRECT] 
2026-05-08 10:52:21,781 [ERROR] LogOutputStream:75 - [STDERR_REDIRECT] [Fatal Error] :1:1: Premature end of file.
2026-05-08 10:52:21,782 [ERROR] LogOutputStream:75 - [STDERR_REDIRECT] 
2026-05-08 10:52:22,754 [ERROR] LogOutputStream:75 - [STDERR_REDIRECT] [Fatal Error] :1:1: Premature end of file.
2026-05-08 10:52:22,754 [ERROR] LogOutputStream:75 - [STDERR_REDIRECT] 
2026-05-08 10:52:23,757 [ERROR] LogOutputStream:75 - [STDERR_REDIRECT] [Fatal Error] :1:1: Premature end of file.
2026-05-08 10:52:23,757 [ERROR] LogOutputStream:75 - [STDERR_REDIRECT] 
2026-05-08 10:52:24,742 [ERROR] LogOutputStream:75 - [STDERR_REDIRECT] [Fatal Error] :1:1: Premature end of file.
2026-05-08 10:52:24,742 [ERROR] LogOutputStream:75 - [STDERR_REDIRECT] 
2026-05-08 10:52:25,754 [ERROR] LogOutputStream:75 - [STDERR_REDIRECT] [Fatal Error] :1:1: Premature end of file.
2026-05-08 10:52:25,754 [ERROR] LogOutputStream:75 - [STDERR_REDIRECT] 
2026-05-08 10:52:26,746 [ERROR] LogOutputStream:75 - [STDERR_REDIRECT] [Fatal Error] :1:1: Premature end of file.
2026-05-08 10:52:26,746 [ERROR] LogOutputStream:75 - [STDERR_REDIRECT] 
2026-05-08 10:52:27,748 [ERROR] LogOutputStream:75 - [STDERR_REDIRECT] [Fatal Error] :1:1: Premature end of file.
2026-05-08 10:52:27,748 [ERROR] LogOutputStream:75 - [STDERR_REDIRECT] 
2026-05-08 10:52:28,746 [ERROR] LogOutputStream:75 - [STDERR_REDIRECT] [Fatal Error] :1:1: Premature end of file.
2026-05-08 10:52:28,746 [ERROR] LogOutputStream:75 - [STDERR_REDIRECT] 
2026-05-08 10:52:29,740 [ERROR] LogOutputStream:75 - [STDERR_REDIRECT] [Fatal Error] :1:1: Premature end of file.
2026-05-08 10:52:29,740 [ERROR] LogOutputStream:75 - [STDERR_REDIRECT] 
2026-05-08 10:52:30,741 [ERROR] LogOutputStream:75 - [STDERR_REDIRECT] [Fatal Error] :1:1: Premature end of file.
2026-05-08 10:52:30,741 [ERROR] LogOutputStream:75 - [STDERR_REDIRECT] 
2026-05-08 10:52:31,747 [ERROR] LogOutputStream:75 - [STDERR_REDIRECT] [Fatal Error] :1:1: Premature end of file.
2026-05-08 10:52:31,747 [ERROR] LogOutputStream:75 - [STDERR_REDIRECT] 
2026-05-08 10:52:32,733 [ERROR] LogOutputStream:75 - [STDERR_REDIRECT] [Fatal Error] :1:1: Premature end of file.
2026-05-08 10:52:32,733 [ERROR] LogOutputStream:75 - [STDERR_REDIRECT] 
2026-05-08 10:52:33,738 [ERROR] LogOutputStream:75 - [STDERR_REDIRECT] [Fatal Error] :1:1: Premature end of file.
2026-05-08 10:52:33,738 [ERROR] LogOutputStream:75 - [STDERR_REDIRECT] 
2026-05-08 10:52:34,743 [ERROR] LogOutputStream:75 - [STDERR_REDIRECT] [Fatal Error] :1:1: Premature end of file.
2026-05-08 10:52:34,753 [ERROR] LogOutputStream:75 - [STDERR_REDIRECT] 
2026-05-08 10:52:35,747 [ERROR] LogOutputStream:75 - [STDERR_REDIRECT] [Fatal Error] :1:1: Premature end of file.
2026-05-08 10:52:35,747 [ERROR] LogOutputStream:75 - [STDERR_REDIRECT] 
2026-05-08 10:52:36,754 [ERROR] LogOutputStream:75 - [STDERR_REDIRECT] [Fatal Error] :1:1: Premature end of file.
2026-05-08 10:52:36,754 [ERROR] LogOutputStream:75 - [STDERR_REDIRECT] 
2026-05-08 10:52:37,751 [ERROR] LogOutputStream:75 - [STDERR_REDIRECT] [Fatal Error] :1:1: Premature end of file.
2026-05-08 10:52:37,751 [ERROR] LogOutputStream:75 - [STDERR_REDIRECT] 
2026-05-08 10:52:38,743 [ERROR] LogOutputStream:75 - [STDERR_REDIRECT] [Fatal Error] :1:1: Premature end of file.
2026-05-08 10:52:38,743 [ERROR] LogOutputStream:75 - [STDERR_REDIRECT] 
2026-05-08 10:52:39,740 [ERROR] LogOutputStream:75 - [STDERR_REDIRECT] [Fatal Error] :1:1: Premature end of file.
2026-05-08 10:52:39,740 [ERROR] LogOutputStream:75 - [STDERR_REDIRECT] 
2026-05-08 10:52:40,757 [ERROR] LogOutputStream:75 - [STDERR_REDIRECT] [Fatal Error] :1:1: Premature end of file.
2026-05-08 10:52:40,757 [ERROR] LogOutputStream:75 - [STDERR_REDIRECT] 
2026-05-08 10:52:41,749 [ERROR] LogOutputStream:75 - [STDERR_REDIRECT] [Fatal Error] :1:1: Premature end of file.
2026-05-08 10:52:41,749 [ERROR] LogOutputStream:75 - [STDERR_REDIRECT] 
2026-05-08 10:52:42,750 [ERROR] LogOutputStream:75 - [STDERR_REDIRECT] [Fatal Error] :1:1: Premature end of file.
2026-05-08 10:52:42,750 [ERROR] LogOutputStream:75 - [STDERR_REDIRECT] 
2026-05-08 10:52:43,756 [ERROR] LogOutputStream:75 - [STDERR_REDIRECT] [Fatal Error] :1:1: Premature end of file.
2026-05-08 10:52:43,756 [ERROR] LogOutputStream:75 - [STDERR_REDIRECT] 
2026-05-08 10:52:44,752 [ERROR] LogOutputStream:75 - [STDERR_REDIRECT] [Fatal Error] :1:1: Premature end of file.
2026-05-08 10:52:44,752 [ERROR] LogOutputStream:75 - [STDERR_REDIRECT] 
2026-05-08 10:52:45,755 [ERROR] LogOutputStream:75 - [STDERR_REDIRECT] [Fatal Error] :1:1: Premature end of file.
2026-05-08 10:52:45,755 [ERROR] LogOutputStream:75 - [STDERR_REDIRECT] 
2026-05-08 10:52:46,748 [ERROR] LogOutputStream:75 - [STDERR_REDIRECT] [Fatal Error] :1:1: Premature end of file.
2026-05-08 10:52:46,748 [ERROR] LogOutputStream:75 - [STDERR_REDIRECT] 
2026-05-08 10:52:47,750 [ERROR] LogOutputStream:75 - [STDERR_REDIRECT] [Fatal Error] :1:1: Premature end of file.
2026-05-08 10:52:47,750 [ERROR] LogOutputStream:75 - [STDERR_REDIRECT] 
2026-05-08 10:52:48,749 [ERROR] LogOutputStream:75 - [STDERR_REDIRECT] [Fatal Error] :1:1: Premature end of file.
2026-05-08 10:52:48,749 [ERROR] LogOutputStream:75 - [STDERR_REDIRECT] 
2026-05-08 10:52:49,746 [ERROR] LogOutputStream:75 - [STDERR_REDIRECT] [Fatal Error] :1:1: Premature end of file.
2026-05-08 10:52:49,746 [ERROR] LogOutputStream:75 - [STDERR_REDIRECT] 
2026-05-08 10:52:50,752 [ERROR] LogOutputStream:75 - [STDERR_REDIRECT] [Fatal Error] :1:1: Premature end of file.
2026-05-08 10:52:50,752 [ERROR] LogOutputStream:75 - [STDERR_REDIRECT] 
2026-05-08 10:52:51,749 [ERROR] LogOutputStream:75 - [STDERR_REDIRECT] [Fatal Error] :1:1: Premature end of file.
2026-05-08 10:52:51,751 [ERROR] LogOutputStream:75 - [STDERR_REDIRECT] 
2026-05-08 10:52:52,744 [ERROR] LogOutputStream:75 - [STDERR_REDIRECT] [Fatal Error] :1:1: Premature end of file.
2026-05-08 10:52:52,744 [ERROR] LogOutputStream:75 - [STDERR_REDIRECT] 
2026-05-08 10:52:53,760 [ERROR] LogOutputStream:75 - [STDERR_REDIRECT] [Fatal Error] :1:1: Premature end of file.
2026-05-08 10:52:53,760 [ERROR] LogOutputStream:75 - [STDERR_REDIRECT] 
2026-05-08 10:52:54,759 [ERROR] LogOutputStream:75 - [STDERR_REDIRECT] [Fatal Error] :1:1: Premature end of file.
2026-05-08 10:52:54,759 [ERROR] LogOutputStream:75 - [STDERR_REDIRECT] 
2026-05-08 10:52:55,766 [ERROR] LogOutputStream:75 - [STDERR_REDIRECT] [Fatal Error] :1:1: Premature end of file.
2026-05-08 10:52:55,766 [ERROR] LogOutputStream:75 - [STDERR_REDIRECT] 
2026-05-08 10:52:56,761 [ERROR] LogOutputStream:75 - [STDERR_REDIRECT] [Fatal Error] :1:1: Premature end of file.
2026-05-08 10:52:56,761 [ERROR] LogOutputStream:75 - [STDERR_REDIRECT] 
2026-05-08 10:52:57,889 [ERROR] LogOutputStream:75 - [STDERR_REDIRECT] [Fatal Error] :1:1: Premature end of file.
2026-05-08 10:52:57,889 [ERROR] LogOutputStream:75 - [STDERR_REDIRECT] 
2026-05-08 10:52:58,782 [ERROR] LogOutputStream:75 - [STDERR_REDIRECT] [Fatal Error] :1:1: Premature end of file.
2026-05-08 10:52:58,782 [ERROR] LogOutputStream:75 - [STDERR_REDIRECT] 
2026-05-08 10:52:59,736 [ERROR] LogOutputStream:75 - [STDERR_REDIRECT] [Fatal Error] :1:1: Premature end of file.
2026-05-08 10:52:59,736 [ERROR] LogOutputStream:75 - [STDERR_REDIRECT] 
2026-05-08 10:53:00,739 [ERROR] LogOutputStream:75 - [STDERR_REDIRECT] [Fatal Error] :1:1: Premature end of file.
2026-05-08 10:53:00,739 [ERROR] LogOutputStream:75 - [STDERR_REDIRECT] 
2026-05-08 10:53:01,773 [ERROR] LogOutputStream:75 - [STDERR_REDIRECT] [Fatal Error] :1:1: Premature end of file.
2026-05-08 10:53:01,774 [ERROR] LogOutputStream:75 - [STDERR_REDIRECT] 
2026-05-08 10:53:02,763 [ERROR] LogOutputStream:75 - [STDERR_REDIRECT] [Fatal Error] :1:1: Premature end of file.
2026-05-08 10:53:02,763 [ERROR] LogOutputStream:75 - [STDERR_REDIRECT] 
2026-05-08 10:53:03,757 [ERROR] LogOutputStream:75 - [STDERR_REDIRECT] [Fatal Error] :1:1: Premature end of file.
2026-05-08 10:53:03,757 [ERROR] LogOutputStream:75 - [STDERR_REDIRECT] 
2026-05-08 10:53:04,773 [ERROR] LogOutputStream:75 - [STDERR_REDIRECT] [Fatal Error] :1:1: Premature end of file.
2026-05-08 10:53:04,773 [ERROR] LogOutputStream:75 - [STDERR_REDIRECT] 
2026-05-08 10:53:05,776 [ERROR] LogOutputStream:75 - [STDERR_REDIRECT] [Fatal Error] :1:1: Premature end of file.
2026-05-08 10:53:05,776 [ERROR] LogOutputStream:75 - [STDERR_REDIRECT] 
2026-05-08 10:53:06,797 [ERROR] LogOutputStream:75 - [STDERR_REDIRECT] [Fatal Error] :1:1: Premature end of file.
2026-05-08 10:53:06,797 [ERROR] LogOutputStream:75 - [STDERR_REDIRECT] 
2026-05-08 10:53:07,736 [ERROR] LogOutputStream:75 - [STDERR_REDIRECT] [Fatal Error] :1:1: Premature end of file.
2026-05-08 10:53:07,736 [ERROR] LogOutputStream:75 - [STDERR_REDIRECT] 
2026-05-08 10:53:08,737 [ERROR] LogOutputStream:75 - [STDERR_REDIRECT] [Fatal Error] :1:1: Premature end of file.
2026-05-08 10:53:08,737 [ERROR] LogOutputStream:75 - [STDERR_REDIRECT] 
2026-05-08 10:53:09,769 [ERROR] LogOutputStream:75 - [STDERR_REDIRECT] [Fatal Error] :1:1: Premature end of file.
2026-05-08 10:53:09,769 [ERROR] LogOutputStream:75 - [STDERR_REDIRECT] 
2026-05-08 10:53:10,771 [ERROR] LogOutputStream:75 - [STDERR_REDIRECT] [Fatal Error] :1:1: Premature end of file.
2026-05-08 10:53:10,771 [ERROR] LogOutputStream:75 - [STDERR_REDIRECT] 
2026-05-08 10:53:11,778 [ERROR] LogOutputStream:75 - [STDERR_REDIRECT] [Fatal Error] :1:1: Premature end of file.
2026-05-08 10:53:11,778 [ERROR] LogOutputStream:75 - [STDERR_REDIRECT] 
2026-05-08 10:53:12,783 [ERROR] LogOutputStream:75 - [STDERR_REDIRECT] [Fatal Error] :1:1: Premature end of file.
2026-05-08 10:53:12,783 [ERROR] LogOutputStream:75 - [STDERR_REDIRECT] 
2026-05-08 10:53:13,769 [ERROR] LogOutputStream:75 - [STDERR_REDIRECT] [Fatal Error] :1:1: Premature end of file.
2026-05-08 10:53:13,769 [ERROR] LogOutputStream:75 - [STDERR_REDIRECT] 
2026-05-08 10:53:14,775 [ERROR] LogOutputStream:75 - [STDERR_REDIRECT] [Fatal Error] :1:1: Premature end of file.
2026-05-08 10:53:14,776 [ERROR] LogOutputStream:75 - [STDERR_REDIRECT] 
2026-05-08 10:53:15,755 [ERROR] LogOutputStream:75 - [STDERR_REDIRECT] [Fatal Error] :1:1: Premature end of file.
2026-05-08 10:53:15,755 [ERROR] LogOutputStream:75 - [STDERR_REDIRECT] 
2026-05-08 10:53:16,768 [ERROR] LogOutputStream:75 - [STDERR_REDIRECT] [Fatal Error] :1:1: Premature end of file.
2026-05-08 10:53:16,768 [ERROR] LogOutputStream:75 - [STDERR_REDIRECT] 
2026-05-08 10:53:17,740 [ERROR] LogOutputStream:75 - [STDERR_REDIRECT] [Fatal Error] :1:1: Premature end of file.
2026-05-08 10:53:17,740 [ERROR] LogOutputStream:75 - [STDERR_REDIRECT] 
2026-05-08 10:53:18,754 [ERROR] LogOutputStream:75 - [STDERR_REDIRECT] [Fatal Error] :1:1: Premature end of file.
2026-05-08 10:53:18,754 [ERROR] LogOutputStream:75 - [STDERR_REDIRECT] 
2026-05-08 10:53:19,767 [ERROR] LogOutputStream:75 - [STDERR_REDIRECT] [Fatal Error] :1:1: Premature end of file.
2026-05-08 10:53:19,767 [ERROR] LogOutputStream:75 - [STDERR_REDIRECT] 
2026-05-08 10:53:20,778 [ERROR] LogOutputStream:75 - [STDERR_REDIRECT] [Fatal Error] :1:1: Premature end of file.
2026-05-08 10:53:20,778 [ERROR] LogOutputStream:75 - [STDERR_REDIRECT] 
2026-05-08 10:53:21,775 [ERROR] LogOutputStream:75 - [STDERR_REDIRECT] [Fatal Error] :1:1: Premature end of file.
2026-05-08 10:53:21,775 [ERROR] LogOutputStream:75 - [STDERR_REDIRECT] 
2026-05-08 10:53:22,746 [ERROR] LogOutputStream:75 - [STDERR_REDIRECT] [Fatal Error] :1:1: Premature end of file.
2026-05-08 10:53:22,746 [ERROR] LogOutputStream:75 - [STDERR_REDIRECT] 
2026-05-08 10:53:23,795 [ERROR] LogOutputStream:75 - [STDERR_REDIRECT] [Fatal Error] :1:1: Premature end of file.
2026-05-08 10:53:23,795 [ERROR] LogOutputStream:75 - [STDERR_REDIRECT] 
2026-05-08 10:53:24,746 [ERROR] LogOutputStream:75 - [STDERR_REDIRECT] [Fatal Error] :1:1: Premature end of file.
2026-05-08 10:53:24,746 [ERROR] LogOutputStream:75 - [STDERR_REDIRECT] 
2026-05-08 10:53:25,767 [ERROR] LogOutputStream:75 - [STDERR_REDIRECT] [Fatal Error] :1:1: Premature end of file.
2026-05-08 10:53:25,767 [ERROR] LogOutputStream:75 - [STDERR_REDIRECT] 
2026-05-08 10:53:26,761 [ERROR] LogOutputStream:75 - [STDERR_REDIRECT] [Fatal Error] :1:1: Premature end of file.
2026-05-08 10:53:26,761 [ERROR] LogOutputStream:75 - [STDERR_REDIRECT] 
2026-05-08 10:53:27,746 [ERROR] LogOutputStream:75 - [STDERR_REDIRECT] [Fatal Error] :1:1: Premature end of file.
2026-05-08 10:53:27,746 [ERROR] LogOutputStream:75 - [STDERR_REDIRECT] 
2026-05-08 10:53:28,773 [ERROR] LogOutputStream:75 - [STDERR_REDIRECT] [Fatal Error] :1:1: Premature end of file.
2026-05-08 10:53:28,773 [ERROR] LogOutputStream:75 - [STDERR_REDIRECT] 
2026-05-08 10:53:29,766 [ERROR] LogOutputStream:75 - [STDERR_REDIRECT] [Fatal Error] :1:1: Premature end of file.
2026-05-08 10:53:29,766 [ERROR] LogOutputStream:75 - [STDERR_REDIRECT] 
2026-05-08 10:53:30,766 [ERROR] LogOutputStream:75 - [STDERR_REDIRECT] [Fatal Error] :1:1: Premature end of file.
2026-05-08 10:53:30,766 [ERROR] LogOutputStream:75 - [STDERR_REDIRECT] 
2026-05-08 10:53:31,771 [ERROR] LogOutputStream:75 - [STDERR_REDIRECT] [Fatal Error] :1:1: Premature end of file.
2026-05-08 10:53:31,772 [ERROR] LogOutputStream:75 - [STDERR_REDIRECT] 
2026-05-08 10:53:32,773 [ERROR] LogOutputStream:75 - [STDERR_REDIRECT] [Fatal Error] :1:1: Premature end of file.
2026-05-08 10:53:32,773 [ERROR] LogOutputStream:75 - [STDERR_REDIRECT] 
2026-05-08 10:53:33,766 [ERROR] LogOutputStream:75 - [STDERR_REDIRECT] [Fatal Error] :1:1: Premature end of file.
2026-05-08 10:53:33,766 [ERROR] LogOutputStream:75 - [STDERR_REDIRECT] 
2026-05-08 10:53:34,766 [ERROR] LogOutputStream:75 - [STDERR_REDIRECT] [Fatal Error] :1:1: Premature end of file.
2026-05-08 10:53:34,766 [ERROR] LogOutputStream:75 - [STDERR_REDIRECT] 
2026-05-08 10:53:35,759 [ERROR] LogOutputStream:75 - [STDERR_REDIRECT] [Fatal Error] :1:1: Premature end of file.
2026-05-08 10:53:35,759 [ERROR] LogOutputStream:75 - [STDERR_REDIRECT] 
2026-05-08 10:53:36,766 [ERROR] LogOutputStream:75 - [STDERR_REDIRECT] [Fatal Error] :1:1: Premature end of file.
2026-05-08 10:53:36,766 [ERROR] LogOutputStream:75 - [STDERR_REDIRECT] 
2026-05-08 10:53:37,766 [ERROR] LogOutputStream:75 - [STDERR_REDIRECT] [Fatal Error] :1:1: Premature end of file.
2026-05-08 10:53:37,766 [ERROR] LogOutputStream:75 - [STDERR_REDIRECT] 
2026-05-08 10:53:38,772 [ERROR] LogOutputStream:75 - [STDERR_REDIRECT] [Fatal Error] :1:1: Premature end of file.
2026-05-08 10:53:38,772 [ERROR] LogOutputStream:75 - [STDERR_REDIRECT] 
2026-05-08 10:53:39,737 [ERROR] LogOutputStream:75 - [STDERR_REDIRECT] [Fatal Error] :1:1: Premature end of file.
2026-05-08 10:53:39,744 [ERROR] LogOutputStream:75 - [STDERR_REDIRECT] 
2026-05-08 10:53:40,754 [ERROR] LogOutputStream:75 - [STDERR_REDIRECT] [Fatal Error] :1:1: Premature end of file.
2026-05-08 10:53:40,759 [ERROR] LogOutputStream:75 - [STDERR_REDIRECT] 
2026-05-08 10:53:41,746 [ERROR] LogOutputStream:75 - [STDERR_REDIRECT] [Fatal Error] :1:1: Premature end of file.
2026-05-08 10:53:41,746 [ERROR] LogOutputStream:75 - [STDERR_REDIRECT] 
2026-05-08 10:53:42,768 [ERROR] LogOutputStream:75 - [STDERR_REDIRECT] [Fatal Error] :1:1: Premature end of file.
2026-05-08 10:53:42,768 [ERROR] LogOutputStream:75 - [STDERR_REDIRECT] 
2026-05-08 10:53:43,736 [ERROR] LogOutputStream:75 - [STDERR_REDIRECT] [Fatal Error] :1:1: Premature end of file.
2026-05-08 10:53:43,736 [ERROR] LogOutputStream:75 - [STDERR_REDIRECT] 
2026-05-08 10:53:44,736 [ERROR] LogOutputStream:75 - [STDERR_REDIRECT] [Fatal Error] :1:1: Premature end of file.
2026-05-08 10:53:44,736 [ERROR] LogOutputStream:75 - [STDERR_REDIRECT] 
2026-05-08 10:53:45,770 [ERROR] LogOutputStream:75 - [STDERR_REDIRECT] [Fatal Error] :1:1: Premature end of file.
2026-05-08 10:53:45,770 [ERROR] LogOutputStream:75 - [STDERR_REDIRECT] 
2026-05-08 10:53:46,751 [ERROR] LogOutputStream:75 - [STDERR_REDIRECT] [Fatal Error] :1:1: Premature end of file.
2026-05-08 10:53:46,751 [ERROR] LogOutputStream:75 - [STDERR_REDIRECT] 
2026-05-08 10:53:47,756 [ERROR] LogOutputStream:75 - [STDERR_REDIRECT] [Fatal Error] :1:1: Premature end of file.
2026-05-08 10:53:47,756 [ERROR] LogOutputStream:75 - [STDERR_REDIRECT] 
2026-05-08 10:53:48,737 [ERROR] LogOutputStream:75 - [STDERR_REDIRECT] [Fatal Error] :1:1: Premature end of file.
2026-05-08 10:53:48,737 [ERROR] LogOutputStream:75 - [STDERR_REDIRECT] 
2026-05-08 10:53:49,745 [ERROR] LogOutputStream:75 - [STDERR_REDIRECT] [Fatal Error] :1:1: Premature end of file.
2026-05-08 10:53:49,745 [ERROR] LogOutputStream:75 - [STDERR_REDIRECT] 
2026-05-08 10:53:50,749 [ERROR] LogOutputStream:75 - [STDERR_REDIRECT] [Fatal Error] :1:1: Premature end of file.
2026-05-08 10:53:50,749 [ERROR] LogOutputStream:75 - [STDERR_REDIRECT] 
2026-05-08 10:53:51,772 [ERROR] LogOutputStream:75 - [STDERR_REDIRECT] [Fatal Error] :1:1: Premature end of file.
2026-05-08 10:53:51,772 [ERROR] LogOutputStream:75 - [STDERR_REDIRECT] 
2026-05-08 10:53:52,757 [ERROR] LogOutputStream:75 - [STDERR_REDIRECT] [Fatal Error] :1:1: Premature end of file.
2026-05-08 10:53:52,757 [ERROR] LogOutputStream:75 - [STDERR_REDIRECT] 
2026-05-08 10:53:53,766 [ERROR] LogOutputStream:75 - [STDERR_REDIRECT] [Fatal Error] :1:1: Premature end of file.
2026-05-08 10:53:53,766 [ERROR] LogOutputStream:75 - [STDERR_REDIRECT] 
2026-05-08 10:53:54,751 [ERROR] LogOutputStream:75 - [STDERR_REDIRECT] [Fatal Error] :1:1: Premature end of file.
2026-05-08 10:53:54,751 [ERROR] LogOutputStream:75 - [STDERR_REDIRECT] 
2026-05-08 10:53:55,756 [ERROR] LogOutputStream:75 - [STDERR_REDIRECT] [Fatal Error] :1:1: Premature end of file.
2026-05-08 10:53:55,756 [ERROR] LogOutputStream:75 - [STDERR_REDIRECT] 
2026-05-08 10:53:56,748 [ERROR] LogOutputStream:75 - [STDERR_REDIRECT] [Fatal Error] :1:1: Premature end of file.
2026-05-08 10:53:56,748 [ERROR] LogOutputStream:75 - [STDERR_REDIRECT] 
2026-05-08 10:53:57,763 [ERROR] LogOutputStream:75 - [STDERR_REDIRECT] [Fatal Error] :1:1: Premature end of file.
2026-05-08 10:53:57,763 [ERROR] LogOutputStream:75 - [STDERR_REDIRECT] 
2026-05-08 10:53:58,748 [ERROR] LogOutputStream:75 - [STDERR_REDIRECT] [Fatal Error] :1:1: Premature end of file.
2026-05-08 10:53:58,748 [ERROR] LogOutputStream:75 - [STDERR_REDIRECT] 
2026-05-08 10:53:59,759 [ERROR] LogOutputStream:75 - [STDERR_REDIRECT] [Fatal Error] :1:1: Premature end of file.
2026-05-08 10:53:59,763 [ERROR] LogOutputStream:75 - [STDERR_REDIRECT] 
2026-05-08 10:54:00,791 [ERROR] LogOutputStream:75 - [STDERR_REDIRECT] [Fatal Error] :1:1: Premature end of file.
2026-05-08 10:54:00,791 [ERROR] LogOutputStream:75 - [STDERR_REDIRECT] 
2026-05-08 10:54:01,752 [ERROR] LogOutputStream:75 - [STDERR_REDIRECT] [Fatal Error] :1:1: Premature end of file.
2026-05-08 10:54:01,752 [ERROR] LogOutputStream:75 - [STDERR_REDIRECT] 
2026-05-08 10:54:02,741 [ERROR] LogOutputStream:75 - [STDERR_REDIRECT] [Fatal Error] :1:1: Premature end of file.
2026-05-08 10:54:02,741 [ERROR] LogOutputStream:75 - [STDERR_REDIRECT] 
2026-05-08 10:54:03,753 [ERROR] LogOutputStream:75 - [STDERR_REDIRECT] [Fatal Error] :1:1: Premature end of file.
2026-05-08 10:54:03,753 [ERROR] LogOutputStream:75 - [STDERR_REDIRECT] 
2026-05-08 10:54:04,747 [ERROR] LogOutputStream:75 - [STDERR_REDIRECT] [Fatal Error] :1:1: Premature end of file.
2026-05-08 10:54:04,747 [ERROR] LogOutputStream:75 - [STDERR_REDIRECT] 
2026-05-08 10:54:05,760 [ERROR] LogOutputStream:75 - [STDERR_REDIRECT] [Fatal Error] :1:1: Premature end of file.
2026-05-08 10:54:05,760 [ERROR] LogOutputStream:75 - [STDERR_REDIRECT] 
2026-05-08 10:54:06,765 [ERROR] LogOutputStream:75 - [STDERR_REDIRECT] [Fatal Error] :1:1: Premature end of file.
2026-05-08 10:54:06,765 [ERROR] LogOutputStream:75 - [STDERR_REDIRECT] 
2026-05-08 10:54:07,788 [ERROR] LogOutputStream:75 - [STDERR_REDIRECT] [Fatal Error] :1:1: Premature end of file.
2026-05-08 10:54:07,788 [ERROR] LogOutputStream:75 - [STDERR_REDIRECT] 
2026-05-08 10:54:08,768 [ERROR] LogOutputStream:75 - [STDERR_REDIRECT] [Fatal Error] :1:1: Premature end of file.
2026-05-08 10:54:08,768 [ERROR] LogOutputStream:75 - [STDERR_REDIRECT] 
2026-05-08 10:54:09,761 [ERROR] LogOutputStream:75 - [STDERR_REDIRECT] [Fatal Error] :1:1: Premature end of file.
2026-05-08 10:54:09,761 [ERROR] LogOutputStream:75 - [STDERR_REDIRECT] 
2026-05-08 10:54:10,806 [ERROR] LogOutputStream:75 - [STDERR_REDIRECT] [Fatal Error] :1:1: Premature end of file.
2026-05-08 10:54:10,806 [ERROR] LogOutputStream:75 - [STDERR_REDIRECT] 
2026-05-08 10:54:11,774 [ERROR] LogOutputStream:75 - [STDERR_REDIRECT] [Fatal Error] :1:1: Premature end of file.
2026-05-08 10:54:11,774 [ERROR] LogOutputStream:75 - [STDERR_REDIRECT] 
2026-05-08 10:54:12,790 [ERROR] LogOutputStream:75 - [STDERR_REDIRECT] [Fatal Error] :1:1: Premature end of file.
2026-05-08 10:54:12,790 [ERROR] LogOutputStream:75 - [STDERR_REDIRECT] 
2026-05-08 10:54:13,775 [ERROR] LogOutputStream:75 - [STDERR_REDIRECT] [Fatal Error] :1:1: Premature end of file.
2026-05-08 10:54:13,775 [ERROR] LogOutputStream:75 - [STDERR_REDIRECT] 
2026-05-08 10:54:14,794 [ERROR] LogOutputStream:75 - [STDERR_REDIRECT] [Fatal Error] :1:1: Premature end of file.
2026-05-08 10:54:14,795 [ERROR] LogOutputStream:75 - [STDERR_REDIRECT] 
2026-05-08 10:54:15,778 [ERROR] LogOutputStream:75 - [STDERR_REDIRECT] [Fatal Error] :1:1: Premature end of file.
2026-05-08 10:54:15,778 [ERROR] LogOutputStream:75 - [STDERR_REDIRECT] 
2026-05-08 10:54:16,787 [ERROR] LogOutputStream:75 - [STDERR_REDIRECT] [Fatal Error] :1:1: Premature end of file.
2026-05-08 10:54:16,788 [ERROR] LogOutputStream:75 - [STDERR_REDIRECT] 
2026-05-08 10:54:17,772 [ERROR] LogOutputStream:75 - [STDERR_REDIRECT] [Fatal Error] :1:1: Premature end of file.
2026-05-08 10:54:17,772 [ERROR] LogOutputStream:75 - [STDERR_REDIRECT] 
2026-05-08 10:54:18,776 [ERROR] LogOutputStream:75 - [STDERR_REDIRECT] [Fatal Error] :1:1: Premature end of file.
2026-05-08 10:54:18,776 [ERROR] LogOutputStream:75 - [STDERR_REDIRECT] 
2026-05-08 10:54:19,783 [ERROR] LogOutputStream:75 - [STDERR_REDIRECT] [Fatal Error] :1:1: Premature end of file.
2026-05-08 10:54:19,783 [ERROR] LogOutputStream:75 - [STDERR_REDIRECT] 
2026-05-08 10:54:20,763 [ERROR] LogOutputStream:75 - [STDERR_REDIRECT] [Fatal Error] :1:1: Premature end of file.
2026-05-08 10:54:20,763 [ERROR] LogOutputStream:75 - [STDERR_REDIRECT] 
2026-05-08 10:54:21,761 [ERROR] LogOutputStream:75 - [STDERR_REDIRECT] [Fatal Error] :1:1: Premature end of file.
2026-05-08 10:54:21,761 [ERROR] LogOutputStream:75 - [STDERR_REDIRECT] 
2026-05-08 10:54:22,761 [ERROR] LogOutputStream:75 - [STDERR_REDIRECT] [Fatal Error] :1:1: Premature end of file.
2026-05-08 10:54:22,761 [ERROR] LogOutputStream:75 - [STDERR_REDIRECT] 
2026-05-08 10:54:23,758 [ERROR] LogOutputStream:75 - [STDERR_REDIRECT] [Fatal Error] :1:1: Premature end of file.
2026-05-08 10:54:23,758 [ERROR] LogOutputStream:75 - [STDERR_REDIRECT] 
2026-05-08 10:54:24,754 [ERROR] LogOutputStream:75 - [STDERR_REDIRECT] [Fatal Error] :1:1: Premature end of file.
2026-05-08 10:54:24,754 [ERROR] LogOutputStream:75 - [STDERR_REDIRECT] 
2026-05-08 10:54:25,124 [ERROR] LogOutputStream:75 - [STDERR_REDIRECT] 
