2026-05-09 10:28:08,972 [INFO] Activator:176 - 


2026-05-09 10:28:08,980 [INFO] Activator:177 - !SESSION log4j initialized
2026-05-09 10:28:15,535 [INFO] LogOutputStream:77 - [STDOUT_REDIRECT] 
2026-05-09 10:28:24,307 [INFO] ApplicationProperties:184 - Using Application install path: C:\ST\STM32CubeIDE_1.18.1\STM32CubeIDE\plugins\com.st.stm32cube.common.mx_6.14.1.202504091515
2026-05-09 10:28:24,322 [INFO] DbMcusXml:78 - Set database path to: C:\ST\STM32CubeIDE_1.18.1\STM32CubeIDE\plugins\com.st.stm32cube.common.mx_6.14.1.202504091515\\db\/mcu/
2026-05-09 10:28:24,322 [INFO] ApiDb:274 - Set plugin database path to: C:\ST\STM32CubeIDE_1.18.1\STM32CubeIDE\plugins\com.st.stm32cube.common.mx_6.14.1.202504091515\\db\/plugins/boardmanager/
2026-05-09 10:28:24,323 [WARN] ApiDb:259 - Overriding images path with different value:  => C:\ST\STM32CubeIDE_1.18.1\STM32CubeIDE\plugins\com.st.stm32cube.common.mx_6.14.1.202504091515\\db\/plugins/mcufinder/images/
2026-05-09 10:28:24,342 [INFO] ApiDb:250 - Set database path to: C:\Users\salem\.stmcufinder\plugins\mcufinder//mcu/
2026-05-09 10:28:24,343 [INFO] DbMcusAds:125 - Set database path to: C:\Users\salem\.stmcufinder\plugins\mcufinder//mcu/
2026-05-09 10:28:24,346 [INFO] CrossReferenceDbSqlite:203 - Set database path to: C:\Users\salem\.stmcufinder\plugins\mcufinder//mcu/cs/
2026-05-09 10:28:24,444 [INFO] RulesReader:64 - Compatibility file has been processed (302 Rules)
2026-05-09 10:28:24,511 [INFO] DbMcusXml:78 - Set database path to: C:\ST\STM32CubeIDE_1.18.1\STM32CubeIDE\plugins\com.st.stm32cube.common.mx_6.14.1.202504091515\\db\/mcu/
2026-05-09 10:28:24,511 [INFO] ApiDb:274 - Set plugin database path to: C:\ST\STM32CubeIDE_1.18.1\STM32CubeIDE\plugins\com.st.stm32cube.common.mx_6.14.1.202504091515\\db\/plugins/boardmanager/
2026-05-09 10:28:24,511 [INFO] ApiDb:261 - Set plugin images path to: C:\ST\STM32CubeIDE_1.18.1\STM32CubeIDE\plugins\com.st.stm32cube.common.mx_6.14.1.202504091515\\db\/plugins/mcufinder/images/
2026-05-09 10:28:24,511 [WARN] DbFile:41 - Overriding database path with different value: C:\Users\salem\.stmcufinder\plugins\mcufinder/ => C:\Users\salem\.stmcufinder\plugins\mcufinder
2026-05-09 10:28:24,511 [INFO] ApiDb:250 - Set database path to: C:\Users\salem\.stmcufinder\plugins\mcufinder//mcu/
2026-05-09 10:28:24,511 [WARN] DbFile:41 - Overriding database path with different value: C:\Users\salem\.stmcufinder\plugins\mcufinder/ => C:\Users\salem\.stmcufinder\plugins\mcufinder
2026-05-09 10:28:24,512 [INFO] DbMcusAds:125 - Set database path to: C:\Users\salem\.stmcufinder\plugins\mcufinder//mcu/
2026-05-09 10:28:24,512 [WARN] DbFile:41 - Overriding database path with different value: C:\Users\salem\.stmcufinder\plugins\mcufinder/ => C:\Users\salem\.stmcufinder\plugins\mcufinder
2026-05-09 10:28:24,512 [WARN] DbFile:41 - Overriding database path with different value: C:\Users\salem\.stmcufinder\plugins\mcufinder/ => C:\Users\salem\.stmcufinder\plugins\mcufinder
2026-05-09 10:28:24,512 [INFO] CrossReferenceDbSqlite:203 - Set database path to: C:\Users\salem\.stmcufinder\plugins\mcufinder//mcu/cs/
2026-05-09 10:28:24,580 [INFO] MainPanel:272 - HeapMemory: 268435456
2026-05-09 10:28:24,678 [INFO] DbMcusXml:78 - Set database path to: C:\ST\STM32CubeIDE_1.18.1\STM32CubeIDE\plugins\com.st.stm32cube.common.mx_6.14.1.202504091515\\db\/mcu/
2026-05-09 10:28:24,679 [INFO] ApiDb:274 - Set plugin database path to: C:\ST\STM32CubeIDE_1.18.1\STM32CubeIDE\plugins\com.st.stm32cube.common.mx_6.14.1.202504091515\\db\/plugins/boardmanager/
2026-05-09 10:28:24,679 [INFO] ApiDb:261 - Set plugin images path to: C:\ST\STM32CubeIDE_1.18.1\STM32CubeIDE\plugins\com.st.stm32cube.common.mx_6.14.1.202504091515\\db\/plugins/mcufinder/images/
2026-05-09 10:28:24,679 [WARN] DbFile:41 - Overriding database path with different value: C:\Users\salem\.stmcufinder\plugins\mcufinder/ => C:\Users\salem\.stmcufinder\plugins\mcufinder
2026-05-09 10:28:24,679 [INFO] ApiDb:250 - Set database path to: C:\Users\salem\.stmcufinder\plugins\mcufinder//mcu/
2026-05-09 10:28:24,679 [WARN] DbFile:41 - Overriding database path with different value: C:\Users\salem\.stmcufinder\plugins\mcufinder/ => C:\Users\salem\.stmcufinder\plugins\mcufinder
2026-05-09 10:28:24,679 [INFO] DbMcusAds:125 - Set database path to: C:\Users\salem\.stmcufinder\plugins\mcufinder//mcu/
2026-05-09 10:28:24,679 [WARN] DbFile:41 - Overriding database path with different value: C:\Users\salem\.stmcufinder\plugins\mcufinder/ => C:\Users\salem\.stmcufinder\plugins\mcufinder
2026-05-09 10:28:24,679 [WARN] DbFile:41 - Overriding database path with different value: C:\Users\salem\.stmcufinder\plugins\mcufinder/ => C:\Users\salem\.stmcufinder\plugins\mcufinder
2026-05-09 10:28:24,679 [INFO] CrossReferenceDbSqlite:203 - Set database path to: C:\Users\salem\.stmcufinder\plugins\mcufinder//mcu/cs/
2026-05-09 10:28:24,697 [INFO] ApplicationProperties:184 - Using Application install path: C:\ST\STM32CubeIDE_1.18.1\STM32CubeIDE\plugins\com.st.stm32cube.common.mx_6.14.1.202504091515
2026-05-09 10:28:24,698 [INFO] PluginManage:196 - Search for loadable plugins [exclusion list=, ]
2026-05-09 10:28:24,699 [INFO] PluginManage:310 - Check plugin analytics
2026-05-09 10:28:29,931 [INFO] AnalyticsPlugin:253 - Accepted Software Licenses: STM32CubeMX.6.13.0
2026-05-09 10:28:29,931 [INFO] AnalyticsPlugin:255 - Accepted CMSIS Pack Licenses: 
2026-05-09 10:28:29,931 [INFO] AnalyticsPlugin:257 - Accepted Firmware Licenses: FW.F4.1.28.0,FW.C0.1.3.0,FW.C0.1.4.0
2026-05-09 10:28:29,933 [INFO] PluginManage:359 - Loaded plugin analytics (category:tool,tabindex:-1)
2026-05-09 10:28:29,934 [INFO] PluginManage:310 - Check plugin cadmodel
2026-05-09 10:28:29,949 [INFO] CADModel:105 - Init CAD model plugin
2026-05-09 10:28:29,949 [INFO] PluginManage:359 - Loaded plugin cadmodel (category:power,tabindex:5)
2026-05-09 10:28:29,949 [INFO] PluginManage:310 - Check plugin clock
2026-05-09 10:28:29,965 [INFO] PluginManage:359 - Loaded plugin clock (category:base,tabindex:2)
2026-05-09 10:28:29,965 [INFO] PluginManage:310 - Check plugin ddr
2026-05-09 10:28:29,968 [INFO] PluginManage:359 - Loaded plugin ddr (category:tool,tabindex:6)
2026-05-09 10:28:29,968 [INFO] PluginManage:310 - Check plugin filemanager
2026-05-09 10:28:30,104 [INFO] PluginManage:359 - Loaded plugin filemanager (category:base,tabindex:10)
2026-05-09 10:28:30,104 [INFO] PluginManage:310 - Check plugin ipmanager
2026-05-09 10:28:30,111 [INFO] PluginManage:359 - Loaded plugin ipmanager (category:base,tabindex:5)
2026-05-09 10:28:30,111 [INFO] PluginManage:310 - Check plugin lpbam
2026-05-09 10:28:30,128 [INFO] PluginManage:359 - Loaded plugin lpbam (category:base,tabindex:0)
2026-05-09 10:28:30,128 [INFO] PluginManage:310 - Check plugin memorymap
2026-05-09 10:28:30,148 [INFO] PluginManage:359 - Loaded plugin memorymap (category:base,tabindex:4)
2026-05-09 10:28:30,148 [INFO] PluginManage:310 - Check plugin pinoutandconfiguration
2026-05-09 10:28:30,163 [INFO] PluginManage:359 - Loaded plugin pinoutandconfiguration (category:base,tabindex:1)
2026-05-09 10:28:30,163 [INFO] PluginManage:310 - Check plugin pinoutconfig
2026-05-09 10:28:30,243 [WARN] SupportedApi:132 - Cannot load RTOS API schema: s4s-elt-must-match.1: The content of 'definitions' must match (annotation?, (simpleType | complexType)?, (unique | key | keyref)*)). A problem was found starting at: attribute.
2026-05-09 10:28:30,355 [INFO] PluginManage:359 - Loaded plugin pinoutconfig (category:base,tabindex:0)
2026-05-09 10:28:30,355 [INFO] PluginManage:310 - Check plugin power
2026-05-09 10:28:30,374 [INFO] PluginManage:359 - Loaded plugin power (category:power,tabindex:4)
2026-05-09 10:28:30,374 [INFO] PluginManage:310 - Check plugin projectmanager
2026-05-09 10:28:30,387 [INFO] PluginManage:359 - Loaded plugin projectmanager (category:projectmanager,tabindex:4)
2026-05-09 10:28:30,387 [INFO] PluginManage:310 - Check plugin rif
2026-05-09 10:28:30,402 [INFO] PluginManage:359 - Loaded plugin rif (category:base,tabindex:3)
2026-05-09 10:28:30,402 [INFO] PluginManage:310 - Check plugin thirdparty
2026-05-09 10:28:30,672 [INFO] PluginManage:359 - Loaded plugin thirdparty (category:base,tabindex:-1)
2026-05-09 10:28:30,672 [WARN] IntegrityCheckThread:84 - waiting for thirdparty lock release [integrity check]
2026-05-09 10:28:30,673 [INFO] PluginManage:310 - Check plugin tools
2026-05-09 10:28:30,673 [INFO] IntegrityCheckThread:86 - entering critical section [integrity check]
2026-05-09 10:28:30,673 [INFO] ThirdPartyUpdaterWithRetryManager:70 - Updater plugin not ready yet. [1/15]
2026-05-09 10:28:30,707 [INFO] PluginManage:359 - Loaded plugin tools (category:base,tabindex:7)
2026-05-09 10:28:30,707 [INFO] PluginManage:310 - Check plugin tutovideos
2026-05-09 10:28:30,874 [INFO] PluginManage:359 - Loaded plugin tutovideos (category:base,tabindex:-1)
2026-05-09 10:28:30,874 [INFO] PluginManage:310 - Check plugin updater
2026-05-09 10:28:30,891 [INFO] PluginManage:359 - Loaded plugin updater (category:base,tabindex:12)
2026-05-09 10:28:30,891 [INFO] PluginManage:310 - Check plugin userauth
2026-05-09 10:28:30,895 [INFO] UserAuth:118 - Init User Auth plugin
2026-05-09 10:28:30,896 [INFO] PluginManage:359 - Loaded plugin userauth (category:base,tabindex:14)
2026-05-09 10:28:30,896 [INFO] PluginManage:283 - PluginManage : Loaded plugins [18]
2026-05-09 10:28:31,076 [INFO] PinOutPanel:1589 - setPackage(No Configuration,No Configuration)
2026-05-09 10:28:31,153 [INFO] CADModel:165 - CPN selected for project level
2026-05-09 10:28:31,153 [INFO] CADModel:114 - Register for checkConnection events
2026-05-09 10:28:31,175 [INFO] IPUIPlugin:80 - create IPUIPlugin
2026-05-09 10:28:31,175 [INFO] PluginManager:220 - loadIPPluginJar : add adc
2026-05-09 10:28:31,207 [INFO] IPUIPlugin:80 - create IPUIPlugin
2026-05-09 10:28:31,207 [INFO] PluginManager:220 - loadIPPluginJar : add aes
2026-05-09 10:28:31,243 [INFO] IPUIPlugin:80 - create IPUIPlugin
2026-05-09 10:28:31,243 [INFO] PluginManager:220 - loadIPPluginJar : add can
2026-05-09 10:28:31,265 [INFO] IPUIPlugin:80 - create IPUIPlugin
2026-05-09 10:28:31,265 [INFO] PluginManager:220 - loadIPPluginJar : add comp
2026-05-09 10:28:31,295 [INFO] IPUIPlugin:80 - create IPUIPlugin
2026-05-09 10:28:31,296 [INFO] PluginManager:220 - loadIPPluginJar : add cryp
2026-05-09 10:28:31,306 [INFO] IPUIPlugin:80 - create IPUIPlugin
2026-05-09 10:28:31,306 [INFO] PluginManager:220 - loadIPPluginJar : add ddr_ctrl_phy
2026-05-09 10:28:31,333 [INFO] IPUIPlugin:80 - create IPUIPlugin
2026-05-09 10:28:31,333 [INFO] PluginManager:220 - loadIPPluginJar : add dfsdm
2026-05-09 10:28:31,345 [INFO] IPUIPlugin:80 - create IPUIPlugin
2026-05-09 10:28:31,346 [INFO] PluginManager:220 - loadIPPluginJar : add dma
2026-05-09 10:28:31,380 [INFO] IPUIPlugin:80 - create IPUIPlugin
2026-05-09 10:28:31,380 [INFO] PluginManager:220 - loadIPPluginJar : add dma3
2026-05-09 10:28:31,422 [INFO] IPUIPlugin:80 - create IPUIPlugin
2026-05-09 10:28:31,422 [INFO] PluginManager:220 - loadIPPluginJar : add extmemmanager
2026-05-09 10:28:31,441 [INFO] IPUIPlugin:80 - create IPUIPlugin
2026-05-09 10:28:31,441 [INFO] PluginManager:220 - loadIPPluginJar : add fatfs
2026-05-09 10:28:31,484 [INFO] IPUIPlugin:80 - create IPUIPlugin
2026-05-09 10:28:31,484 [INFO] PluginManager:220 - loadIPPluginJar : add fmc
2026-05-09 10:28:31,503 [INFO] IPUIPlugin:80 - create IPUIPlugin
2026-05-09 10:28:31,503 [INFO] PluginManager:220 - loadIPPluginJar : add freertos
2026-05-09 10:28:31,527 [INFO] IPUIPlugin:80 - create IPUIPlugin
2026-05-09 10:28:31,527 [INFO] PluginManager:220 - loadIPPluginJar : add genericplugin
2026-05-09 10:28:31,623 [INFO] IPUIPlugin:80 - create IPUIPlugin
2026-05-09 10:28:31,623 [INFO] PluginManager:220 - loadIPPluginJar : add gfxmmu
2026-05-09 10:28:31,766 [INFO] IPUIPlugin:80 - create IPUIPlugin
2026-05-09 10:28:31,766 [INFO] PluginManager:220 - loadIPPluginJar : add gic
2026-05-09 10:28:31,780 [INFO] IPUIPlugin:80 - create IPUIPlugin
2026-05-09 10:28:31,780 [INFO] PluginManager:220 - loadIPPluginJar : add gpio
2026-05-09 10:28:31,872 [INFO] IPUIPlugin:80 - create IPUIPlugin
2026-05-09 10:28:31,872 [INFO] PluginManager:220 - loadIPPluginJar : add gtzc
2026-05-09 10:28:31,908 [INFO] IPUIPlugin:80 - create IPUIPlugin
2026-05-09 10:28:31,908 [INFO] PluginManager:220 - loadIPPluginJar : add hash
2026-05-09 10:28:31,959 [INFO] IPUIPlugin:80 - create IPUIPlugin
2026-05-09 10:28:31,959 [INFO] PluginManager:220 - loadIPPluginJar : add i2c
2026-05-09 10:28:31,993 [INFO] IPUIPlugin:80 - create IPUIPlugin
2026-05-09 10:28:31,994 [INFO] PluginManager:220 - loadIPPluginJar : add i2s
2026-05-09 10:28:32,031 [INFO] IPUIPlugin:80 - create IPUIPlugin
2026-05-09 10:28:32,032 [INFO] PluginManager:220 - loadIPPluginJar : add i3c
2026-05-09 10:28:32,121 [INFO] IPUIPlugin:80 - create IPUIPlugin
2026-05-09 10:28:32,122 [INFO] PluginManager:220 - loadIPPluginJar : add ipddr
2026-05-09 10:28:32,210 [INFO] IPUIPlugin:80 - create IPUIPlugin
2026-05-09 10:28:32,210 [INFO] PluginManager:220 - loadIPPluginJar : add linkedlist
2026-05-09 10:28:32,250 [INFO] IPUIPlugin:80 - create IPUIPlugin
2026-05-09 10:28:32,250 [INFO] PluginManager:220 - loadIPPluginJar : add lorawan
2026-05-09 10:28:32,290 [INFO] IPUIPlugin:80 - create IPUIPlugin
2026-05-09 10:28:32,291 [INFO] PluginManager:220 - loadIPPluginJar : add ltdc
2026-05-09 10:28:32,306 [INFO] IPUIPlugin:80 - create IPUIPlugin
2026-05-09 10:28:32,306 [INFO] PluginManager:220 - loadIPPluginJar : add mdma
2026-05-09 10:28:32,318 [INFO] IPUIPlugin:80 - create IPUIPlugin
2026-05-09 10:28:32,318 [INFO] PluginManager:220 - loadIPPluginJar : add nvic
2026-05-09 10:28:32,351 [INFO] IPUIPlugin:80 - create IPUIPlugin
2026-05-09 10:28:32,351 [INFO] PluginManager:220 - loadIPPluginJar : add opamp
2026-05-09 10:28:32,407 [INFO] IPUIPlugin:80 - create IPUIPlugin
2026-05-09 10:28:32,407 [INFO] PluginManager:220 - loadIPPluginJar : add openamp
2026-05-09 10:28:32,448 [INFO] IPUIPlugin:80 - create IPUIPlugin
2026-05-09 10:28:32,448 [INFO] PluginManager:220 - loadIPPluginJar : add pdm2pcm
2026-05-09 10:28:32,461 [INFO] IPUIPlugin:80 - create IPUIPlugin
2026-05-09 10:28:32,464 [INFO] PluginManager:220 - loadIPPluginJar : add plateformsettings
2026-05-09 10:28:32,486 [INFO] IPUIPlugin:80 - create IPUIPlugin
2026-05-09 10:28:32,486 [INFO] PluginManager:220 - loadIPPluginJar : add quadspi
2026-05-09 10:28:32,510 [INFO] IPUIPlugin:80 - create IPUIPlugin
2026-05-09 10:28:32,511 [INFO] PluginManager:220 - loadIPPluginJar : add radio
2026-05-09 10:28:32,522 [INFO] IPUIPlugin:80 - create IPUIPlugin
2026-05-09 10:28:32,522 [INFO] PluginManager:220 - loadIPPluginJar : add resmgrutility
2026-05-09 10:28:32,566 [INFO] IPUIPlugin:80 - create IPUIPlugin
2026-05-09 10:28:32,566 [INFO] PluginManager:220 - loadIPPluginJar : add sai
2026-05-09 10:28:32,599 [INFO] IPUIPlugin:80 - create IPUIPlugin
2026-05-09 10:28:32,599 [INFO] PluginManager:220 - loadIPPluginJar : add spi
2026-05-09 10:28:32,666 [INFO] IPUIPlugin:80 - create IPUIPlugin
2026-05-09 10:28:32,666 [INFO] PluginManager:220 - loadIPPluginJar : add stm32_wpan
2026-05-09 10:28:32,689 [INFO] IPUIPlugin:80 - create IPUIPlugin
2026-05-09 10:28:32,689 [INFO] PluginManager:220 - loadIPPluginJar : add tim
2026-05-09 10:28:32,743 [INFO] IPUIPlugin:80 - create IPUIPlugin
2026-05-09 10:28:32,743 [INFO] PluginManager:220 - loadIPPluginJar : add touchsensing
2026-05-09 10:28:32,763 [INFO] IPUIPlugin:80 - create IPUIPlugin
2026-05-09 10:28:32,764 [INFO] PluginManager:220 - loadIPPluginJar : add tracer_emb
2026-05-09 10:28:32,784 [INFO] IPUIPlugin:80 - create IPUIPlugin
2026-05-09 10:28:32,784 [INFO] PluginManager:220 - loadIPPluginJar : add ts
2026-05-09 10:28:32,804 [INFO] IPUIPlugin:80 - create IPUIPlugin
2026-05-09 10:28:32,804 [INFO] PluginManager:220 - loadIPPluginJar : add tsc
2026-05-09 10:28:32,824 [INFO] IPUIPlugin:80 - create IPUIPlugin
2026-05-09 10:28:32,825 [INFO] PluginManager:220 - loadIPPluginJar : add ucpd
2026-05-09 10:28:32,863 [INFO] IPUIPlugin:80 - create IPUIPlugin
2026-05-09 10:28:32,864 [INFO] PluginManager:220 - loadIPPluginJar : add usart
2026-05-09 10:28:32,904 [INFO] IPUIPlugin:80 - create IPUIPlugin
2026-05-09 10:28:32,904 [INFO] PluginManager:220 - loadIPPluginJar : add usbx
2026-05-09 10:28:33,020 [FATAL] Updater:351 - Updater called before beeing initialized
2026-05-09 10:28:33,040 [INFO] RulesReader:64 - Compatibility file has been processed (302 Rules)
2026-05-09 10:28:33,047 [INFO] RulesReader:64 - Compatibility file has been processed (302 Rules)
2026-05-09 10:28:33,054 [INFO] CADModel:165 - CPN selected for project level
2026-05-09 10:28:33,054 [INFO] CADModel:114 - Register for checkConnection events
2026-05-09 10:28:33,055 [FATAL] Updater:351 - Updater called before beeing initialized
2026-05-09 10:28:33,055 [ERROR] CADModel:125 - Updater not yet initialized, retry later 
2026-05-09 10:28:33,170 [FATAL] Updater:351 - Updater called before beeing initialized
2026-05-09 10:28:33,172 [INFO] CADModel:165 - CPN selected for project level
2026-05-09 10:28:33,172 [INFO] CADModel:114 - Register for checkConnection events
2026-05-09 10:28:33,172 [FATAL] Updater:351 - Updater called before beeing initialized
2026-05-09 10:28:33,172 [ERROR] CADModel:125 - Updater not yet initialized, retry later 
2026-05-09 10:28:33,176 [FATAL] Updater:351 - Updater called before beeing initialized
2026-05-09 10:28:33,268 [FATAL] Updater:351 - Updater called before beeing initialized
2026-05-09 10:28:33,277 [INFO] DbMcusAds:53 - JSON generation date=Fri Apr 10 10:19:02 CET 2026 (1775812742310)
2026-05-09 10:28:33,277 [FATAL] Updater:351 - Updater called before beeing initialized
2026-05-09 10:28:33,310 [WARN] DetailPanel:346 - Failed to get advertising image, set to default
2026-05-09 10:28:33,475 [FATAL] Updater:351 - Updater called before beeing initialized
2026-05-09 10:28:33,478 [FATAL] Updater:351 - Updater called before beeing initialized
2026-05-09 10:28:33,479 [FATAL] Updater:351 - Updater called before beeing initialized
2026-05-09 10:28:33,479 [WARN] DetailPanel:346 - Failed to get advertising image, set to default
2026-05-09 10:28:33,479 [FATAL] Updater:351 - Updater called before beeing initialized
2026-05-09 10:28:33,532 [ERROR] Updater:1198 - MainUpdater not yet initialized. External WinMGr cannot be set.
2026-05-09 10:28:33,542 [INFO] Updater:1134 - Updater Version found : 6.14.1
2026-05-09 10:28:33,562 [INFO] ApplicationProperties:184 - Using Application install path: C:\ST\STM32CubeIDE_1.18.1\STM32CubeIDE\plugins\com.st.stm32cube.common.mx_6.14.1.202504091515
2026-05-09 10:28:33,673 [INFO] ThirdPartyUpdaterWithRetryManager:70 - Updater plugin not ready yet. [2/15]
2026-05-09 10:28:33,994 [INFO] MainUpdater:2872 - connection check result : 10
2026-05-09 10:28:33,995 [INFO] MainUpdater:289 - Updater Check For Update Now.
2026-05-09 10:28:33,996 [INFO] MicroXplorer:498 - Change Database Version : DB.6.0.141
2026-05-09 10:28:34,015 [INFO] McuFinderGlobals:63 - Set McuFinder mode to 2 (CubeIDE integrated)
2026-05-09 10:28:34,022 [INFO] UserAuth:484 - Internet connection configuration mode: 1
2026-05-09 10:28:34,061 [INFO] JxBrowserEngine:152 - Initiate JxBrowser Engine with user profile folder
2026-05-09 10:28:34,194 [INFO] CheckServerUpdateThread:120 - End of CheckServer Thread
2026-05-09 10:28:35,721 [INFO] WebApp:169 - Instantiating new browser for Auth
2026-05-09 10:28:36,380 [INFO] WebApp:463 - Apply proxy settings
2026-05-09 10:28:36,380 [INFO] WebApp:548 - Chromium requires no authentication
2026-05-09 10:28:36,395 [INFO] WebApp:491 - Direct internet connection detected
2026-05-09 10:28:36,432 [INFO] WebApp:894 - Register for checkConnection events
2026-05-09 10:28:36,433 [INFO] WebApp:463 - Apply proxy settings
2026-05-09 10:28:36,433 [INFO] WebApp:548 - Chromium requires no authentication
2026-05-09 10:28:36,434 [INFO] WebApp:491 - Direct internet connection detected
2026-05-09 10:28:36,606 [INFO] WebApp:225 - Starting web application
2026-05-09 10:28:36,606 [INFO] WebApp:593 - Web application path used C:\ST\STM32CubeIDE_1.18.1\STM32CubeIDE\plugins\com.st.stm32cube.common.mx_6.14.1.202504091515\db\plugins\mcufinder\reactClient1\index.html
2026-05-09 10:28:36,722 [INFO] UserAuth:484 - Internet connection configuration mode: 1
2026-05-09 10:28:36,836 [INFO] WebApp:191 - Connection restablished
2026-05-09 10:28:36,853 [ERROR] LogOutputStream:75 - [STDERR_REDIRECT] [Fatal Error] :1:1: Premature end of file.
2026-05-09 10:28:36,853 [ERROR] LogOutputStream:75 - [STDERR_REDIRECT] 
2026-05-09 10:28:37,247 [WARN] PackLoader:240 - Cannot read IP mode file for STMicroelectronics.X-CUBE-AZRTOS-H7.3.5.0
2026-05-09 10:28:37,263 [WARN] PackLoader:240 - Cannot read IP mode file for STMicroelectronics.FP-SNS-MOTENVWB1.1.4.0
2026-05-09 10:28:37,280 [WARN] PackLoader:240 - Cannot read IP mode file for STMicroelectronics.FP-ATR-ASTRA1.2.0.2
2026-05-09 10:28:37,292 [WARN] PackLoader:240 - Cannot read IP mode file for STMicroelectronics.FP-ATR-ASTRA1.2.0.1
2026-05-09 10:28:37,306 [WARN] PackLoader:240 - Cannot read IP mode file for STMicroelectronics.X-CUBE-SMBUS.2.1.0
2026-05-09 10:28:37,323 [WARN] PackLoader:240 - Cannot read IP mode file for STMicroelectronics.X-CUBE-WB05N.1.1.0
2026-05-09 10:28:37,338 [WARN] PackLoader:240 - Cannot read IP mode file for STMicroelectronics.X-CUBE-ST60.1.0.0
2026-05-09 10:28:37,364 [WARN] PackLoader:240 - Cannot read IP mode file for STMicroelectronics.X-CUBE-AZRTOS-F7.1.1.0
2026-05-09 10:28:37,380 [WARN] PackLoader:240 - Cannot read IP mode file for Cesanta.I-CUBE-Mongoose.7.19.0
2026-05-09 10:28:37,430 [WARN] PackLoader:240 - Cannot read IP mode file for STMicroelectronics.X-CUBE-MEMS1.11.0.0
2026-05-09 10:28:37,514 [ERROR] Engine:466 - C:\Users\salem\.stm32cubemx\thirdparties\pdsc\STMicroelectronics.FP-SNS-MOTENV1.5.1.0.pdsc: PDSC version is not supported
2026-05-09 10:28:37,527 [ERROR] Engine:466 - C:\Users\salem\.stm32cubemx\thirdparties\pdsc\WES.I-CUBE-Cesium.1.4.0.pdsc: PDSC version is not supported
2026-05-09 10:28:37,540 [WARN] PackLoader:240 - Cannot read IP mode file for STMicroelectronics.FP-SNS-FLIGHT1.5.0.2
2026-05-09 10:28:37,567 [WARN] PackLoader:240 - Cannot read IP mode file for Infineon.AIROC-Wi-Fi-Bluetooth-STM32.1.7.0
2026-05-09 10:28:37,595 [WARN] PackLoader:240 - Cannot read IP mode file for Infineon.AIROC-Wi-Fi-Bluetooth-STM32.1.7.1
2026-05-09 10:28:37,620 [WARN] PackLoader:240 - Cannot read IP mode file for STMicroelectronics.X-CUBE-AZRTOS-H7.3.4.0
2026-05-09 10:28:37,635 [WARN] PackLoader:240 - Cannot read IP mode file for STMicroelectronics.X-CUBE-DISPLAY.3.0.0
2026-05-09 10:28:37,648 [WARN] PackLoader:240 - Cannot read IP mode file for STMicroelectronics.X-CUBE-GNSS1.7.1.1
2026-05-09 10:28:37,658 [ERROR] Engine:466 - C:\Users\salem\.stm32cubemx\thirdparties\pdsc\STMicroelectronics.FP-SNS-MOTENVWB1.1.5.0.pdsc: PDSC version is not supported
2026-05-09 10:28:37,669 [WARN] PackLoader:240 - Cannot read IP mode file for STMicroelectronics.X-CUBE-BLE1.7.0.0
2026-05-09 10:28:37,682 [WARN] PackLoader:240 - Cannot read IP mode file for STMicroelectronics.X-CUBE-NFC10.1.0.0
2026-05-09 10:28:37,697 [WARN] PackLoader:240 - Cannot read IP mode file for STMicroelectronics.X-CUBE-BLEMGR.4.0.0
2026-05-09 10:28:37,709 [WARN] PackLoader:240 - Cannot read IP mode file for STMicroelectronics.X-CUBE-ST60.1.1.0
2026-05-09 10:28:37,722 [WARN] PackLoader:240 - Cannot read IP mode file for emotas.I-CUBE-CANOPEN.1.3.0
2026-05-09 10:28:37,732 [WARN] PackLoader:240 - Cannot read IP mode file for STMicroelectronics.X-CUBE-GNSS1.7.1.0
2026-05-09 10:28:37,744 [WARN] PackLoader:240 - Cannot read IP mode file for STMicroelectronics.X-CUBE-AI.10.0.0
2026-05-09 10:28:37,754 [ERROR] Engine:466 - C:\Users\salem\.stm32cubemx\thirdparties\pdsc\STMicroelectronics.FP-SNS-STBOX1.2.1.0.pdsc: PDSC version is not supported
2026-05-09 10:28:37,766 [WARN] PackLoader:240 - Cannot read IP mode file for STMicroelectronics.FP-SNS-SMARTAG2.1.2.0
2026-05-09 10:28:37,776 [WARN] PackLoader:240 - Cannot read IP mode file for STMicroelectronics.FP-SNS-FLIGHT1.5.1.0
2026-05-09 10:28:37,797 [ERROR] LogOutputStream:75 - [STDERR_REDIRECT] [Fatal Error] :1:1: Premature end of file.
2026-05-09 10:28:37,798 [ERROR] LogOutputStream:75 - [STDERR_REDIRECT] 
2026-05-09 10:28:37,812 [WARN] PackLoader:240 - Cannot read IP mode file for STMicroelectronics.X-CUBE-MEMS1.11.1.0
2026-05-09 10:28:37,913 [INFO] LogOutputStream:77 - [STDOUT_REDIRECT] 1 : Invalid condition id : UX_CORESTACK_Condition cause : null
2026-05-09 10:28:37,914 [INFO] LogOutputStream:77 - [STDOUT_REDIRECT] 1 : Invalid condition id : UX_CORESTACK_Condition cause : null
2026-05-09 10:28:37,915 [INFO] LogOutputStream:77 - [STDOUT_REDIRECT] 1 : Invalid condition id : UX_CORESTACK_Condition cause : null
2026-05-09 10:28:37,916 [INFO] LogOutputStream:77 - [STDOUT_REDIRECT] 1 : Invalid condition id : UX_CORESTACK_Condition cause : null
2026-05-09 10:28:37,916 [INFO] LogOutputStream:77 - [STDOUT_REDIRECT] 1 : Invalid condition id : UX_CORESTACK_Condition cause : null
2026-05-09 10:28:37,920 [WARN] PackLoader:240 - Cannot read IP mode file for STMicroelectronics.X-CUBE-AZRTOS-WL.2.0.0
2026-05-09 10:28:37,938 [WARN] PackLoader:240 - Cannot read IP mode file for STMicroelectronics.FP-SNS-MOTENV1.5.0.0
2026-05-09 10:28:37,967 [WARN] PackLoader:240 - Cannot read IP mode file for STMicroelectronics.X-CUBE-AZRTOS-H7RS.1.2.0
2026-05-09 10:28:37,979 [WARN] PackLoader:240 - Cannot read IP mode file for wolfSSL.I-CUBE-wolfMQTT.1.19.0
2026-05-09 10:28:37,994 [WARN] PackLoader:240 - Cannot read IP mode file for WES.I-CUBE-Cesium.1.3.0
2026-05-09 10:28:38,009 [WARN] PackLoader:240 - Cannot read IP mode file for STMicroelectronics.X-CUBE-BLE2.3.3.0
2026-05-09 10:28:38,051 [WARN] PackLoader:240 - Cannot read IP mode file for STMicroelectronics.X-CUBE-NFC9.1.0.0
2026-05-09 10:28:38,062 [WARN] PackLoader:240 - Cannot read IP mode file for wolfSSL.I-CUBE-wolfSSL.5.8.2
2026-05-09 10:28:38,074 [WARN] PackLoader:240 - Cannot read IP mode file for STMicroelectronics.X-CUBE-BLE1.7.1.0
2026-05-09 10:28:38,084 [WARN] PackLoader:240 - Cannot read IP mode file for wolfSSL.I-CUBE-wolfMQTT.1.19.2
2026-05-09 10:28:38,095 [ERROR] Engine:466 - C:\Users\salem\.stm32cubemx\thirdparties\pdsc\STMicroelectronics.X-CUBE-FREERTOS.1.4.0.pdsc: PDSC version is not supported
2026-05-09 10:28:38,111 [WARN] PackLoader:240 - Cannot read IP mode file for STMicroelectronics.X-CUBE-EEPRMA1.5.2.0
2026-05-09 10:28:38,124 [ERROR] Engine:466 - C:\Users\salem\.stm32cubemx\thirdparties\pdsc\STMicroelectronics.X-CUBE-ST67W61.1.1.0.pdsc: PDSC version is not supported
2026-05-09 10:28:38,137 [WARN] PackLoader:240 - Cannot read IP mode file for STMicroelectronics.X-CUBE-AI.10.1.0
2026-05-09 10:28:38,147 [ERROR] Engine:466 - C:\Users\salem\.stm32cubemx\thirdparties\pdsc\STMicroelectronics.FP-SNS-STAIOTCFT.1.1.0.pdsc: PDSC version is not supported
2026-05-09 10:28:38,183 [WARN] PackLoader:240 - Cannot read IP mode file for STMicroelectronics.X-CUBE-MEMS1.12.0.0
2026-05-09 10:28:38,245 [WARN] PackLoader:240 - Cannot read IP mode file for STMicroelectronics.X-CUBE-MEMS1.11.2.0
2026-05-09 10:28:38,319 [WARN] PackLoader:240 - Cannot read IP mode file for STMicroelectronics.X-CUBE-AZRTOS-G0.1.1.0
2026-05-09 10:28:38,334 [WARN] PackLoader:240 - Cannot read IP mode file for STMicroelectronics.X-CUBE-SAFEA1.1.2.2
2026-05-09 10:28:38,346 [WARN] PackLoader:240 - Cannot read IP mode file for STMicroelectronics.X-CUBE-NFC4.3.0.0
2026-05-09 10:28:38,361 [WARN] PackLoader:240 - Cannot read IP mode file for EmbeddedOffice.I-CUBE-FS-RTOS.1.0.1
2026-05-09 10:28:38,371 [WARN] PackLoader:240 - Cannot read IP mode file for STMicroelectronics.X-CUBE-WB05N.2.0.0
2026-05-09 10:28:38,382 [WARN] PackLoader:240 - Cannot read IP mode file for wolfSSL.I-CUBE-wolfTPM.3.8.0
2026-05-09 10:28:38,397 [WARN] PackLoader:240 - Cannot read IP mode file for STMicroelectronics.X-CUBE-TCPP.4.2.0
2026-05-09 10:28:38,411 [WARN] PackLoader:240 - Cannot read IP mode file for RealThread.X-CUBE-RT-Thread_Nano.4.1.1
2026-05-09 10:28:38,423 [WARN] PackLoader:240 - Cannot read IP mode file for STMicroelectronics.FP-ATR-SIGFOX1.3.2.0
2026-05-09 10:28:38,438 [WARN] ConditionMgr:438 - getConditionDescription Invalid condition id : Cortex-A Device cause : null
2026-05-09 10:28:38,456 [WARN] ConditionMgr:1044 - genDependencies : Invalid condition id : Cortex-A Device cause : null
2026-05-09 10:28:38,456 [WARN] ConditionMgr:1044 - genDependencies : Invalid condition id : Cortex-A Device cause : null
2026-05-09 10:28:38,456 [WARN] ConditionMgr:1044 - genDependencies : Invalid condition id : Cortex-A Device cause : null
2026-05-09 10:28:38,475 [WARN] PackLoader:240 - Cannot read IP mode file for STMicroelectronics.X-CUBE-EEPRMA1.5.1.0
2026-05-09 10:28:38,486 [ERROR] Engine:466 - C:\Users\salem\.stm32cubemx\thirdparties\pdsc\STMicroelectronics.X-CUBE-FREERTOS.1.5.0.pdsc: PDSC version is not supported
2026-05-09 10:28:38,497 [WARN] PackLoader:240 - Cannot read IP mode file for wolfSSL.I-CUBE-wolfSSL.5.7.4
2026-05-09 10:28:38,520 [WARN] PackLoader:240 - Cannot read IP mode file for wolfSSL.I-CUBE-wolfSSL.5.7.6
2026-05-09 10:28:38,533 [WARN] PackLoader:240 - Cannot read IP mode file for ITTIA_DB.I-CUBE-ITTIADB.8.9.0
2026-05-09 10:28:38,546 [WARN] PackLoader:240 - Cannot read IP mode file for STMicroelectronics.X-CUBE-NFC6.3.2.0
2026-05-09 10:28:38,566 [WARN] PackLoader:240 - Cannot read IP mode file for STMicroelectronics.X-CUBE-ST67W61.1.0.0
2026-05-09 10:28:38,577 [WARN] PackLoader:240 - Cannot read IP mode file for STMicroelectronics.X-CUBE-AI.10.2.0
2026-05-09 10:28:38,609 [WARN] PackLoader:240 - Cannot read IP mode file for STMicroelectronics.X-CUBE-MEMS1.12.1.0
2026-05-09 10:28:38,674 [WARN] PackLoader:240 - Cannot read IP mode file for SEGGER.I-CUBE-embOS.1.3.1
2026-05-09 10:28:38,716 [WARN] PackLoader:240 - Cannot read IP mode file for STMicroelectronics.X-CUBE-ALGOBUILD.1.4.0
2026-05-09 10:28:38,761 [WARN] PackLoader:240 - Cannot read IP mode file for STMicroelectronics.X-CUBE-MEMS1.11.3.0
2026-05-09 10:28:38,808 [ERROR] LogOutputStream:75 - [STDERR_REDIRECT] [Fatal Error] :1:1: Premature end of file.
2026-05-09 10:28:38,808 [ERROR] LogOutputStream:75 - [STDERR_REDIRECT] 
2026-05-09 10:28:38,826 [WARN] PackLoader:240 - Cannot read IP mode file for STMicroelectronics.X-CUBE-AI.9.1.0
2026-05-09 10:28:38,839 [WARN] PackLoader:240 - Cannot read IP mode file for STMicroelectronics.X-CUBE-PM33A1.1.0.0
2026-05-09 10:28:38,862 [WARN] PackLoader:240 - Cannot read IP mode file for STMicroelectronics.X-CUBE-AZRTOS-F4.1.1.0
2026-05-09 10:28:38,875 [WARN] PackLoader:240 - Cannot read IP mode file for Avnet-IotConnect.X-CUBE-IoTC-DA16k-PMOD.1.0.0
2026-05-09 10:28:38,887 [WARN] PackLoader:240 - Cannot read IP mode file for STMicroelectronics.X-CUBE-ISPU.2.1.0
2026-05-09 10:28:38,901 [ERROR] Engine:466 - C:\Users\salem\.stm32cubemx\thirdparties\pdsc\STMicroelectronics.X-CUBE-IPS.3.2.0.pdsc: PDSC version is not supported
2026-05-09 10:28:38,912 [WARN] PackLoader:240 - Cannot read IP mode file for STMicroelectronics.eDS-WB_DPC_TT-BIDIR.2.1.1
2026-05-09 10:28:38,924 [WARN] PackLoader:240 - Cannot read IP mode file for STMicroelectronics.X-CUBE-NFC12.1.0.0
2026-05-09 10:28:38,946 [WARN] PackLoader:240 - Cannot read IP mode file for STMicroelectronics.X-CUBE-AZRTOS-L5.2.0.0
2026-05-09 10:28:38,958 [WARN] PackLoader:240 - Cannot read IP mode file for STMicroelectronics.X-CUBE-NFC6.3.1.0
2026-05-09 10:28:38,971 [WARN] PackLoader:240 - Cannot read IP mode file for STMicroelectronics.X-CUBE-DPower.1.2.0
2026-05-09 10:28:38,982 [WARN] PackLoader:240 - Cannot read IP mode file for STMicroelectronics.eDS-WB_DPC_VIENNA.1.2.0
2026-05-09 10:28:38,992 [WARN] PackLoader:240 - Cannot read IP mode file for STMicroelectronics.eDS-WB_DPC_3PH2L-BIDIR.1.1.1
2026-05-09 10:28:39,004 [ERROR] Engine:466 - C:\Users\salem\.stm32cubemx\thirdparties\pdsc\STMicroelectronics.X-CUBE-ST67W61.1.3.0.pdsc: PDSC version is not supported
2026-05-09 10:28:39,015 [WARN] PackLoader:240 - Cannot read IP mode file for STMicroelectronics.X-CUBE-FREERTOS.1.3.1
2026-05-09 10:28:39,025 [WARN] PackLoader:240 - Cannot read IP mode file for STMicroelectronics.X-CUBE-FREERTOS.1.3.0
2026-05-09 10:28:39,036 [WARN] PackLoader:240 - Cannot read IP mode file for STMicroelectronics.X-CUBE-NFC7.1.0.1
2026-05-09 10:28:39,048 [WARN] PackLoader:240 - Cannot read IP mode file for STMicroelectronics.X-CUBE-TOUCHGFX.4.26.0
2026-05-09 10:28:39,059 [WARN] PackLoader:240 - Cannot read IP mode file for STMicroelectronics.X-CUBE-TOUCHGFX.4.26.1
2026-05-09 10:28:39,070 [WARN] PackLoader:240 - Cannot read IP mode file for STMicroelectronics.FP-SNS-STAIOTCFT.1.0.0
2026-05-09 10:28:39,082 [WARN] PackLoader:240 - Cannot read IP mode file for STMicroelectronics.X-CUBE-DPower.1.3.0
2026-05-09 10:28:39,101 [WARN] ConditionMgr:438 - getConditionDescription Invalid condition id : LAN8742 Phy interface Condition cause : null
2026-05-09 10:28:39,102 [WARN] PackLoader:240 - Cannot read IP mode file for STMicroelectronics.X-CUBE-AZRTOS-L4.2.0.0
2026-05-09 10:28:39,102 [WARN] ConditionMgr:1044 - genDependencies : Invalid condition id : LAN8742 Phy interface Condition cause : null
2026-05-09 10:28:39,102 [WARN] ConditionMgr:1044 - genDependencies : Invalid condition id : LAN8742 Phy interface Condition cause : null
2026-05-09 10:28:39,102 [WARN] ConditionMgr:1044 - genDependencies : Invalid condition id : LAN8742 Phy interface Condition cause : null
2026-05-09 10:28:39,117 [WARN] PackLoader:240 - Cannot read IP mode file for STMicroelectronics.X-CUBE-SFXS2LP1.4.0.0
2026-05-09 10:28:39,130 [WARN] PackLoader:240 - Cannot read IP mode file for STMicroelectronics.X-CUBE-WB05N.2.1.0
2026-05-09 10:28:39,141 [ERROR] Engine:466 - C:\Users\salem\.stm32cubemx\thirdparties\pdsc\STMicroelectronics.X-CUBE-ST67W61.1.2.0.pdsc: PDSC version is not supported
2026-05-09 10:28:39,160 [WARN] PackLoader:240 - Cannot read IP mode file for STMicroelectronics.X-CUBE-AZRTOS-H7.3.3.0
2026-05-09 10:28:39,174 [WARN] PackLoader:240 - Cannot read IP mode file for STMicroelectronics.X-CUBE-BLEMGR.4.1.0
2026-05-09 10:28:39,190 [WARN] PackLoader:240 - Cannot read IP mode file for STMicroelectronics.X-CUBE-IPS.3.0.0
2026-05-09 10:28:39,207 [WARN] ConditionMgr:438 - getConditionDescription Invalid condition id : UX DEVICE CLASS RTOS Condition cause : null
2026-05-09 10:28:39,207 [WARN] ConditionMgr:438 - getConditionDescription Invalid condition id : UX DEVICE CLASS RTOS Condition cause : null
2026-05-09 10:28:39,208 [WARN] PackLoader:240 - Cannot read IP mode file for STMicroelectronics.X-CUBE-AZRTOS-WB.2.0.0
2026-05-09 10:28:39,208 [WARN] ConditionMgr:1044 - genDependencies : Invalid condition id : UX DEVICE CLASS RTOS Condition cause : null
2026-05-09 10:28:39,208 [WARN] ConditionMgr:1044 - genDependencies : Invalid condition id : UX DEVICE CLASS RTOS Condition cause : null
2026-05-09 10:28:39,208 [WARN] ConditionMgr:1044 - genDependencies : Invalid condition id : UX DEVICE CLASS RTOS Condition cause : null
2026-05-09 10:28:39,208 [WARN] ConditionMgr:1044 - genDependencies : Invalid condition id : UX DEVICE CLASS RTOS Condition cause : null
2026-05-09 10:28:39,208 [WARN] ConditionMgr:1044 - genDependencies : Invalid condition id : UX DEVICE CLASS RTOS Condition cause : null
2026-05-09 10:28:39,219 [WARN] PackLoader:240 - Cannot read IP mode file for STMicroelectronics.X-CUBE-GNSS1.7.0.0
2026-05-09 10:28:39,231 [WARN] PackLoader:240 - Cannot read IP mode file for STMicroelectronics.X-CUBE-GNSS1.7.0.1
2026-05-09 10:28:39,243 [WARN] PackLoader:240 - Cannot read IP mode file for STMicroelectronics.X-CUBE-TOUCHGFX.4.25.0
2026-05-09 10:28:39,257 [WARN] PackLoader:240 - Cannot read IP mode file for STMicroelectronics.FP-SNS-STBOX1.2.0.0
2026-05-09 10:28:39,269 [WARN] ConditionMgr:438 - getConditionDescription Invalid condition id : Cortex-A Device cause : null
2026-05-09 10:28:39,284 [WARN] ConditionMgr:1044 - genDependencies : Invalid condition id : Cortex-A Device cause : null
2026-05-09 10:28:39,284 [WARN] ConditionMgr:1044 - genDependencies : Invalid condition id : Cortex-A Device cause : null
2026-05-09 10:28:39,285 [WARN] ConditionMgr:1044 - genDependencies : Invalid condition id : Cortex-A Device cause : null
2026-05-09 10:28:39,298 [WARN] PackLoader:240 - Cannot read IP mode file for STMicroelectronics.X-CUBE-STSE01.2.0.0
2026-05-09 10:28:39,318 [WARN] PackLoader:240 - Cannot read IP mode file for STMicroelectronics.X-CUBE-SUBG2.5.0.0
2026-05-09 10:28:39,344 [WARN] PackLoader:240 - Cannot read IP mode file for STMicroelectronics.X-CUBE-AZRTOS-H7RS.1.1.0
2026-05-09 10:28:39,356 [WARN] PackLoader:240 - Cannot read IP mode file for Cesanta.I-CUBE-Mongoose.7.13.0
2026-05-09 10:28:39,377 [WARN] PackLoader:240 - Cannot read IP mode file for STMicroelectronics.X-CUBE-AZRTOS-G4.2.0.0
2026-05-09 10:28:39,389 [WARN] PackLoader:240 - Cannot read IP mode file for wolfSSL.I-CUBE-wolfSSH.1.4.20
2026-05-09 10:28:39,399 [WARN] PackLoader:240 - Cannot read IP mode file for STMicroelectronics.X-CUBE-NFC7.2.0.0
2026-05-09 10:28:39,412 [WARN] PackLoader:240 - Cannot read IP mode file for STMicroelectronics.X-CUBE-IPS.3.1.0
2026-05-09 10:28:39,424 [WARN] PackLoader:240 - Cannot read IP mode file for STMicroelectronics.X-CUBE-ALS.1.0.2
2026-05-09 10:28:39,434 [WARN] PackLoader:240 - Cannot read IP mode file for STMicroelectronics.X-CUBE-TOUCHGFX.4.24.2
2026-05-09 10:28:39,444 [WARN] PackLoader:240 - Cannot read IP mode file for STMicroelectronics.X-CUBE-TOUCHGFX.4.24.1
2026-05-09 10:28:39,456 [WARN] PackLoader:240 - Cannot read IP mode file for STMicroelectronics.X-CUBE-STSE01.1.0.0
2026-05-09 10:28:39,465 [WARN] PackLoader:240 - Cannot read IP mode file for wolfSSL.I-CUBE-wolfTPM.3.4.0
2026-05-09 10:28:39,476 [WARN] PackLoader:240 - Cannot read IP mode file for portGmbH.I-Cube-SoM-uGOAL.1.1.0
2026-05-09 10:28:39,493 [WARN] PackLoader:240 - Cannot read IP mode file for STMicroelectronics.X-CUBE-AZRTOS-H7RS.1.0.0
2026-05-09 10:28:39,507 [WARN] PackLoader:240 - Cannot read IP mode file for STMicroelectronics.X-CUBE-TOF1.3.4.2
2026-05-09 10:28:39,523 [WARN] PackLoader:240 - Cannot read IP mode file for STMicroelectronics.X-CUBE-TOF1.3.4.3
2026-05-09 10:28:39,541 [WARN] PackLoader:240 - Cannot read IP mode file for wolfSSL.I-CUBE-wolfSSH.1.4.17
2026-05-09 10:28:39,541 [INFO] ThirdParty:978 - Integrity check success = true
2026-05-09 10:28:39,541 [INFO] IntegrityCheckThread:100 - exiting critical section [integrity check]
2026-05-09 10:28:39,541 [INFO] IntegrityCheckThread:103 - End integrity checks thread
2026-05-09 10:28:39,795 [ERROR] LogOutputStream:75 - [STDERR_REDIRECT] [Fatal Error] :1:1: Premature end of file.
2026-05-09 10:28:39,795 [ERROR] LogOutputStream:75 - [STDERR_REDIRECT] 
2026-05-09 10:28:40,824 [ERROR] LogOutputStream:75 - [STDERR_REDIRECT] [Fatal Error] :1:1: Premature end of file.
2026-05-09 10:28:40,824 [ERROR] LogOutputStream:75 - [STDERR_REDIRECT] 
2026-05-09 10:28:41,818 [ERROR] LogOutputStream:75 - [STDERR_REDIRECT] [Fatal Error] :1:1: Premature end of file.
2026-05-09 10:28:41,818 [ERROR] LogOutputStream:75 - [STDERR_REDIRECT] 
2026-05-09 10:28:42,794 [ERROR] LogOutputStream:75 - [STDERR_REDIRECT] [Fatal Error] :1:1: Premature end of file.
2026-05-09 10:28:42,794 [ERROR] LogOutputStream:75 - [STDERR_REDIRECT] 
2026-05-09 10:28:43,820 [ERROR] LogOutputStream:75 - [STDERR_REDIRECT] [Fatal Error] :1:1: Premature end of file.
2026-05-09 10:28:43,820 [ERROR] LogOutputStream:75 - [STDERR_REDIRECT] 
2026-05-09 10:28:44,809 [ERROR] LogOutputStream:75 - [STDERR_REDIRECT] [Fatal Error] :1:1: Premature end of file.
2026-05-09 10:28:44,809 [ERROR] LogOutputStream:75 - [STDERR_REDIRECT] 
2026-05-09 10:28:45,812 [ERROR] LogOutputStream:75 - [STDERR_REDIRECT] [Fatal Error] :1:1: Premature end of file.
2026-05-09 10:28:45,812 [ERROR] LogOutputStream:75 - [STDERR_REDIRECT] 
2026-05-09 10:28:46,808 [ERROR] LogOutputStream:75 - [STDERR_REDIRECT] [Fatal Error] :1:1: Premature end of file.
2026-05-09 10:28:46,808 [ERROR] LogOutputStream:75 - [STDERR_REDIRECT] 
2026-05-09 10:28:47,811 [ERROR] LogOutputStream:75 - [STDERR_REDIRECT] [Fatal Error] :1:1: Premature end of file.
2026-05-09 10:28:47,811 [ERROR] LogOutputStream:75 - [STDERR_REDIRECT] 
2026-05-09 10:28:48,803 [ERROR] LogOutputStream:75 - [STDERR_REDIRECT] [Fatal Error] :1:1: Premature end of file.
2026-05-09 10:28:48,804 [ERROR] LogOutputStream:75 - [STDERR_REDIRECT] 
2026-05-09 10:28:49,815 [ERROR] LogOutputStream:75 - [STDERR_REDIRECT] [Fatal Error] :1:1: Premature end of file.
2026-05-09 10:28:49,815 [ERROR] LogOutputStream:75 - [STDERR_REDIRECT] 
2026-05-09 10:28:50,817 [ERROR] LogOutputStream:75 - [STDERR_REDIRECT] [Fatal Error] :1:1: Premature end of file.
2026-05-09 10:28:50,817 [ERROR] LogOutputStream:75 - [STDERR_REDIRECT] 
2026-05-09 10:28:51,817 [ERROR] LogOutputStream:75 - [STDERR_REDIRECT] [Fatal Error] :1:1: Premature end of file.
2026-05-09 10:28:51,817 [ERROR] LogOutputStream:75 - [STDERR_REDIRECT] 
2026-05-09 10:28:52,809 [ERROR] LogOutputStream:75 - [STDERR_REDIRECT] [Fatal Error] :1:1: Premature end of file.
2026-05-09 10:28:52,809 [ERROR] LogOutputStream:75 - [STDERR_REDIRECT] 
2026-05-09 10:28:53,827 [ERROR] LogOutputStream:75 - [STDERR_REDIRECT] [Fatal Error] :1:1: Premature end of file.
2026-05-09 10:28:53,827 [ERROR] LogOutputStream:75 - [STDERR_REDIRECT] 
2026-05-09 10:28:54,794 [ERROR] LogOutputStream:75 - [STDERR_REDIRECT] [Fatal Error] :1:1: Premature end of file.
2026-05-09 10:28:54,794 [ERROR] LogOutputStream:75 - [STDERR_REDIRECT] 
2026-05-09 10:28:55,795 [ERROR] LogOutputStream:75 - [STDERR_REDIRECT] [Fatal Error] :1:1: Premature end of file.
2026-05-09 10:28:55,795 [ERROR] LogOutputStream:75 - [STDERR_REDIRECT] 
2026-05-09 10:28:56,813 [ERROR] LogOutputStream:75 - [STDERR_REDIRECT] [Fatal Error] :1:1: Premature end of file.
2026-05-09 10:28:56,813 [ERROR] LogOutputStream:75 - [STDERR_REDIRECT] 
2026-05-09 10:28:57,818 [ERROR] LogOutputStream:75 - [STDERR_REDIRECT] [Fatal Error] :1:1: Premature end of file.
2026-05-09 10:28:57,818 [ERROR] LogOutputStream:75 - [STDERR_REDIRECT] 
2026-05-09 10:28:58,828 [ERROR] LogOutputStream:75 - [STDERR_REDIRECT] [Fatal Error] :1:1: Premature end of file.
2026-05-09 10:28:58,828 [ERROR] LogOutputStream:75 - [STDERR_REDIRECT] 
2026-05-09 10:28:59,814 [ERROR] LogOutputStream:75 - [STDERR_REDIRECT] [Fatal Error] :1:1: Premature end of file.
2026-05-09 10:28:59,814 [ERROR] LogOutputStream:75 - [STDERR_REDIRECT] 
2026-05-09 10:29:00,808 [ERROR] LogOutputStream:75 - [STDERR_REDIRECT] [Fatal Error] :1:1: Premature end of file.
2026-05-09 10:29:00,809 [ERROR] LogOutputStream:75 - [STDERR_REDIRECT] 
2026-05-09 10:29:01,817 [ERROR] LogOutputStream:75 - [STDERR_REDIRECT] [Fatal Error] :1:1: Premature end of file.
2026-05-09 10:29:01,817 [ERROR] LogOutputStream:75 - [STDERR_REDIRECT] 
2026-05-09 10:29:02,802 [ERROR] LogOutputStream:75 - [STDERR_REDIRECT] [Fatal Error] :1:1: Premature end of file.
2026-05-09 10:29:02,802 [ERROR] LogOutputStream:75 - [STDERR_REDIRECT] 
2026-05-09 10:29:03,814 [ERROR] LogOutputStream:75 - [STDERR_REDIRECT] [Fatal Error] :1:1: Premature end of file.
2026-05-09 10:29:03,814 [ERROR] LogOutputStream:75 - [STDERR_REDIRECT] 
2026-05-09 10:29:04,938 [ERROR] LogOutputStream:75 - [STDERR_REDIRECT] [Fatal Error] :1:1: Premature end of file.
2026-05-09 10:29:04,938 [ERROR] LogOutputStream:75 - [STDERR_REDIRECT] 
2026-05-09 10:29:05,797 [ERROR] LogOutputStream:75 - [STDERR_REDIRECT] [Fatal Error] :1:1: Premature end of file.
2026-05-09 10:29:05,797 [ERROR] LogOutputStream:75 - [STDERR_REDIRECT] 
2026-05-09 10:29:06,818 [ERROR] LogOutputStream:75 - [STDERR_REDIRECT] [Fatal Error] :1:1: Premature end of file.
2026-05-09 10:29:06,819 [ERROR] LogOutputStream:75 - [STDERR_REDIRECT] 
2026-05-09 10:29:07,850 [ERROR] LogOutputStream:75 - [STDERR_REDIRECT] [Fatal Error] :1:1: Premature end of file.
2026-05-09 10:29:07,855 [ERROR] LogOutputStream:75 - [STDERR_REDIRECT] 
2026-05-09 10:29:08,831 [ERROR] LogOutputStream:75 - [STDERR_REDIRECT] [Fatal Error] :1:1: Premature end of file.
2026-05-09 10:29:08,832 [ERROR] LogOutputStream:75 - [STDERR_REDIRECT] 
2026-05-09 10:29:09,829 [ERROR] LogOutputStream:75 - [STDERR_REDIRECT] [Fatal Error] :1:1: Premature end of file.
2026-05-09 10:29:09,829 [ERROR] LogOutputStream:75 - [STDERR_REDIRECT] 
2026-05-09 10:29:10,811 [ERROR] LogOutputStream:75 - [STDERR_REDIRECT] [Fatal Error] :1:1: Premature end of file.
2026-05-09 10:29:10,811 [ERROR] LogOutputStream:75 - [STDERR_REDIRECT] 
2026-05-09 10:29:11,822 [ERROR] LogOutputStream:75 - [STDERR_REDIRECT] [Fatal Error] :1:1: Premature end of file.
2026-05-09 10:29:11,822 [ERROR] LogOutputStream:75 - [STDERR_REDIRECT] 
2026-05-09 10:29:12,829 [ERROR] LogOutputStream:75 - [STDERR_REDIRECT] [Fatal Error] :1:1: Premature end of file.
2026-05-09 10:29:12,829 [ERROR] LogOutputStream:75 - [STDERR_REDIRECT] 
2026-05-09 10:29:13,808 [ERROR] LogOutputStream:75 - [STDERR_REDIRECT] [Fatal Error] :1:1: Premature end of file.
2026-05-09 10:29:13,809 [ERROR] LogOutputStream:75 - [STDERR_REDIRECT] 
2026-05-09 10:29:14,960 [ERROR] LogOutputStream:75 - [STDERR_REDIRECT] [Fatal Error] :1:1: Premature end of file.
2026-05-09 10:29:14,973 [ERROR] LogOutputStream:75 - [STDERR_REDIRECT] 
2026-05-09 10:29:15,822 [ERROR] LogOutputStream:75 - [STDERR_REDIRECT] [Fatal Error] :1:1: Premature end of file.
2026-05-09 10:29:15,823 [ERROR] LogOutputStream:75 - [STDERR_REDIRECT] 
2026-05-09 10:29:16,824 [ERROR] LogOutputStream:75 - [STDERR_REDIRECT] [Fatal Error] :1:1: Premature end of file.
2026-05-09 10:29:16,825 [ERROR] LogOutputStream:75 - [STDERR_REDIRECT] 
2026-05-09 10:29:17,829 [ERROR] LogOutputStream:75 - [STDERR_REDIRECT] [Fatal Error] :1:1: Premature end of file.
2026-05-09 10:29:17,829 [ERROR] LogOutputStream:75 - [STDERR_REDIRECT] 
2026-05-09 10:29:18,814 [ERROR] LogOutputStream:75 - [STDERR_REDIRECT] [Fatal Error] :1:1: Premature end of file.
2026-05-09 10:29:18,814 [ERROR] LogOutputStream:75 - [STDERR_REDIRECT] 
2026-05-09 10:29:19,837 [ERROR] LogOutputStream:75 - [STDERR_REDIRECT] [Fatal Error] :1:1: Premature end of file.
2026-05-09 10:29:19,838 [ERROR] LogOutputStream:75 - [STDERR_REDIRECT] 
2026-05-09 10:29:20,836 [ERROR] LogOutputStream:75 - [STDERR_REDIRECT] [Fatal Error] :1:1: Premature end of file.
2026-05-09 10:29:20,836 [ERROR] LogOutputStream:75 - [STDERR_REDIRECT] 
2026-05-09 10:29:21,815 [ERROR] LogOutputStream:75 - [STDERR_REDIRECT] [Fatal Error] :1:1: Premature end of file.
2026-05-09 10:29:21,817 [ERROR] LogOutputStream:75 - [STDERR_REDIRECT] 
2026-05-09 10:29:22,825 [ERROR] LogOutputStream:75 - [STDERR_REDIRECT] [Fatal Error] :1:1: Premature end of file.
2026-05-09 10:29:22,825 [ERROR] LogOutputStream:75 - [STDERR_REDIRECT] 
2026-05-09 10:29:24,016 [ERROR] LogOutputStream:75 - [STDERR_REDIRECT] [Fatal Error] :1:1: Premature end of file.
2026-05-09 10:29:24,017 [ERROR] LogOutputStream:75 - [STDERR_REDIRECT] 
2026-05-09 10:29:24,813 [ERROR] LogOutputStream:75 - [STDERR_REDIRECT] [Fatal Error] :1:1: Premature end of file.
2026-05-09 10:29:24,813 [ERROR] LogOutputStream:75 - [STDERR_REDIRECT] 
2026-05-09 10:29:25,872 [ERROR] LogOutputStream:75 - [STDERR_REDIRECT] [Fatal Error] :1:1: Premature end of file.
2026-05-09 10:29:25,873 [ERROR] LogOutputStream:75 - [STDERR_REDIRECT] 
2026-05-09 10:29:26,819 [ERROR] LogOutputStream:75 - [STDERR_REDIRECT] [Fatal Error] :1:1: Premature end of file.
2026-05-09 10:29:26,820 [ERROR] LogOutputStream:75 - [STDERR_REDIRECT] 
2026-05-09 10:29:27,833 [ERROR] LogOutputStream:75 - [STDERR_REDIRECT] [Fatal Error] :1:1: Premature end of file.
2026-05-09 10:29:27,833 [ERROR] LogOutputStream:75 - [STDERR_REDIRECT] 
2026-05-09 10:29:28,829 [ERROR] LogOutputStream:75 - [STDERR_REDIRECT] [Fatal Error] :1:1: Premature end of file.
2026-05-09 10:29:28,829 [ERROR] LogOutputStream:75 - [STDERR_REDIRECT] 
2026-05-09 10:29:29,833 [ERROR] LogOutputStream:75 - [STDERR_REDIRECT] [Fatal Error] :1:1: Premature end of file.
2026-05-09 10:29:29,833 [ERROR] LogOutputStream:75 - [STDERR_REDIRECT] 
2026-05-09 10:29:30,880 [ERROR] LogOutputStream:75 - [STDERR_REDIRECT] [Fatal Error] :1:1: Premature end of file.
2026-05-09 10:29:30,881 [ERROR] LogOutputStream:75 - [STDERR_REDIRECT] 
2026-05-09 10:29:31,853 [ERROR] LogOutputStream:75 - [STDERR_REDIRECT] [Fatal Error] :1:1: Premature end of file.
2026-05-09 10:29:31,854 [ERROR] LogOutputStream:75 - [STDERR_REDIRECT] 
2026-05-09 10:29:32,831 [ERROR] LogOutputStream:75 - [STDERR_REDIRECT] [Fatal Error] :1:1: Premature end of file.
2026-05-09 10:29:32,831 [ERROR] LogOutputStream:75 - [STDERR_REDIRECT] 
2026-05-09 10:29:33,822 [ERROR] LogOutputStream:75 - [STDERR_REDIRECT] [Fatal Error] :1:1: Premature end of file.
2026-05-09 10:29:33,823 [ERROR] LogOutputStream:75 - [STDERR_REDIRECT] 
2026-05-09 10:29:34,830 [ERROR] LogOutputStream:75 - [STDERR_REDIRECT] [Fatal Error] :1:1: Premature end of file.
2026-05-09 10:29:34,831 [ERROR] LogOutputStream:75 - [STDERR_REDIRECT] 
2026-05-09 10:29:35,829 [ERROR] LogOutputStream:75 - [STDERR_REDIRECT] [Fatal Error] :1:1: Premature end of file.
2026-05-09 10:29:35,829 [ERROR] LogOutputStream:75 - [STDERR_REDIRECT] 
2026-05-09 10:29:36,823 [ERROR] LogOutputStream:75 - [STDERR_REDIRECT] [Fatal Error] :1:1: Premature end of file.
2026-05-09 10:29:36,823 [ERROR] LogOutputStream:75 - [STDERR_REDIRECT] 
2026-05-09 10:29:37,812 [ERROR] LogOutputStream:75 - [STDERR_REDIRECT] [Fatal Error] :1:1: Premature end of file.
2026-05-09 10:29:37,812 [ERROR] LogOutputStream:75 - [STDERR_REDIRECT] 
2026-05-09 10:29:38,810 [ERROR] LogOutputStream:75 - [STDERR_REDIRECT] [Fatal Error] :1:1: Premature end of file.
2026-05-09 10:29:38,810 [ERROR] LogOutputStream:75 - [STDERR_REDIRECT] 
2026-05-09 10:29:39,823 [ERROR] LogOutputStream:75 - [STDERR_REDIRECT] [Fatal Error] :1:1: Premature end of file.
2026-05-09 10:29:39,824 [ERROR] LogOutputStream:75 - [STDERR_REDIRECT] 
2026-05-09 10:29:40,849 [ERROR] LogOutputStream:75 - [STDERR_REDIRECT] [Fatal Error] :1:1: Premature end of file.
2026-05-09 10:29:40,850 [ERROR] LogOutputStream:75 - [STDERR_REDIRECT] 
2026-05-09 10:29:41,824 [ERROR] LogOutputStream:75 - [STDERR_REDIRECT] [Fatal Error] :1:1: Premature end of file.
2026-05-09 10:29:41,826 [ERROR] LogOutputStream:75 - [STDERR_REDIRECT] 
2026-05-09 10:29:42,829 [ERROR] LogOutputStream:75 - [STDERR_REDIRECT] [Fatal Error] :1:1: Premature end of file.
2026-05-09 10:29:42,829 [ERROR] LogOutputStream:75 - [STDERR_REDIRECT] 
2026-05-09 10:29:43,838 [ERROR] LogOutputStream:75 - [STDERR_REDIRECT] [Fatal Error] :1:1: Premature end of file.
2026-05-09 10:29:43,838 [ERROR] LogOutputStream:75 - [STDERR_REDIRECT] 
2026-05-09 10:29:44,843 [ERROR] LogOutputStream:75 - [STDERR_REDIRECT] [Fatal Error] :1:1: Premature end of file.
2026-05-09 10:29:44,844 [ERROR] LogOutputStream:75 - [STDERR_REDIRECT] 
2026-05-09 10:29:45,829 [ERROR] LogOutputStream:75 - [STDERR_REDIRECT] [Fatal Error] :1:1: Premature end of file.
2026-05-09 10:29:45,830 [ERROR] LogOutputStream:75 - [STDERR_REDIRECT] 
2026-05-09 10:29:47,094 [ERROR] LogOutputStream:75 - [STDERR_REDIRECT] [Fatal Error] :1:1: Premature end of file.
2026-05-09 10:29:47,135 [ERROR] LogOutputStream:75 - [STDERR_REDIRECT] 
2026-05-09 10:29:47,821 [ERROR] LogOutputStream:75 - [STDERR_REDIRECT] [Fatal Error] :1:1: Premature end of file.
2026-05-09 10:29:47,821 [ERROR] LogOutputStream:75 - [STDERR_REDIRECT] 
2026-05-09 10:29:48,803 [ERROR] LogOutputStream:75 - [STDERR_REDIRECT] [Fatal Error] :1:1: Premature end of file.
2026-05-09 10:29:48,803 [ERROR] LogOutputStream:75 - [STDERR_REDIRECT] 
2026-05-09 10:29:49,807 [ERROR] LogOutputStream:75 - [STDERR_REDIRECT] [Fatal Error] :1:1: Premature end of file.
2026-05-09 10:29:49,807 [ERROR] LogOutputStream:75 - [STDERR_REDIRECT] 
2026-05-09 10:29:50,815 [ERROR] LogOutputStream:75 - [STDERR_REDIRECT] [Fatal Error] :1:1: Premature end of file.
2026-05-09 10:29:50,816 [ERROR] LogOutputStream:75 - [STDERR_REDIRECT] 
2026-05-09 10:29:51,816 [ERROR] LogOutputStream:75 - [STDERR_REDIRECT] [Fatal Error] :1:1: Premature end of file.
2026-05-09 10:29:51,816 [ERROR] LogOutputStream:75 - [STDERR_REDIRECT] 
2026-05-09 10:29:52,827 [ERROR] LogOutputStream:75 - [STDERR_REDIRECT] [Fatal Error] :1:1: Premature end of file.
2026-05-09 10:29:52,827 [ERROR] LogOutputStream:75 - [STDERR_REDIRECT] 
2026-05-09 10:29:53,823 [ERROR] LogOutputStream:75 - [STDERR_REDIRECT] [Fatal Error] :1:1: Premature end of file.
2026-05-09 10:29:53,823 [ERROR] LogOutputStream:75 - [STDERR_REDIRECT] 
2026-05-09 10:29:54,844 [ERROR] LogOutputStream:75 - [STDERR_REDIRECT] [Fatal Error] :1:1: Premature end of file.
2026-05-09 10:29:54,844 [ERROR] LogOutputStream:75 - [STDERR_REDIRECT] 
2026-05-09 10:29:55,826 [ERROR] LogOutputStream:75 - [STDERR_REDIRECT] [Fatal Error] :1:1: Premature end of file.
2026-05-09 10:29:55,827 [ERROR] LogOutputStream:75 - [STDERR_REDIRECT] 
2026-05-09 10:29:56,827 [ERROR] LogOutputStream:75 - [STDERR_REDIRECT] [Fatal Error] :1:1: Premature end of file.
2026-05-09 10:29:56,827 [ERROR] LogOutputStream:75 - [STDERR_REDIRECT] 
2026-05-09 10:29:57,826 [ERROR] LogOutputStream:75 - [STDERR_REDIRECT] [Fatal Error] :1:1: Premature end of file.
2026-05-09 10:29:57,827 [ERROR] LogOutputStream:75 - [STDERR_REDIRECT] 
2026-05-09 10:29:58,854 [ERROR] LogOutputStream:75 - [STDERR_REDIRECT] [Fatal Error] :1:1: Premature end of file.
2026-05-09 10:29:58,854 [ERROR] LogOutputStream:75 - [STDERR_REDIRECT] 
2026-05-09 10:29:59,805 [ERROR] LogOutputStream:75 - [STDERR_REDIRECT] [Fatal Error] :1:1: Premature end of file.
2026-05-09 10:29:59,805 [ERROR] LogOutputStream:75 - [STDERR_REDIRECT] 
2026-05-09 10:30:00,811 [ERROR] LogOutputStream:75 - [STDERR_REDIRECT] [Fatal Error] :1:1: Premature end of file.
2026-05-09 10:30:00,811 [ERROR] LogOutputStream:75 - [STDERR_REDIRECT] 
2026-05-09 10:30:01,809 [ERROR] LogOutputStream:75 - [STDERR_REDIRECT] [Fatal Error] :1:1: Premature end of file.
2026-05-09 10:30:01,809 [ERROR] LogOutputStream:75 - [STDERR_REDIRECT] 
2026-05-09 10:30:02,857 [ERROR] LogOutputStream:75 - [STDERR_REDIRECT] [Fatal Error] :1:1: Premature end of file.
2026-05-09 10:30:02,857 [ERROR] LogOutputStream:75 - [STDERR_REDIRECT] 
2026-05-09 10:30:03,825 [ERROR] LogOutputStream:75 - [STDERR_REDIRECT] [Fatal Error] :1:1: Premature end of file.
2026-05-09 10:30:03,826 [ERROR] LogOutputStream:75 - [STDERR_REDIRECT] 
2026-05-09 10:30:04,855 [ERROR] LogOutputStream:75 - [STDERR_REDIRECT] [Fatal Error] :1:1: Premature end of file.
2026-05-09 10:30:04,856 [ERROR] LogOutputStream:75 - [STDERR_REDIRECT] 
2026-05-09 10:30:05,827 [ERROR] LogOutputStream:75 - [STDERR_REDIRECT] [Fatal Error] :1:1: Premature end of file.
2026-05-09 10:30:05,827 [ERROR] LogOutputStream:75 - [STDERR_REDIRECT] 
2026-05-09 10:30:06,826 [ERROR] LogOutputStream:75 - [STDERR_REDIRECT] [Fatal Error] :1:1: Premature end of file.
2026-05-09 10:30:06,827 [ERROR] LogOutputStream:75 - [STDERR_REDIRECT] 
2026-05-09 10:30:07,836 [ERROR] LogOutputStream:75 - [STDERR_REDIRECT] [Fatal Error] :1:1: Premature end of file.
2026-05-09 10:30:07,837 [ERROR] LogOutputStream:75 - [STDERR_REDIRECT] 
2026-05-09 10:30:08,824 [ERROR] LogOutputStream:75 - [STDERR_REDIRECT] [Fatal Error] :1:1: Premature end of file.
2026-05-09 10:30:08,825 [ERROR] LogOutputStream:75 - [STDERR_REDIRECT] 
2026-05-09 10:30:09,938 [ERROR] LogOutputStream:75 - [STDERR_REDIRECT] [Fatal Error] :1:1: Premature end of file.
2026-05-09 10:30:09,938 [ERROR] LogOutputStream:75 - [STDERR_REDIRECT] 
2026-05-09 10:30:10,827 [ERROR] LogOutputStream:75 - [STDERR_REDIRECT] [Fatal Error] :1:1: Premature end of file.
2026-05-09 10:30:10,828 [ERROR] LogOutputStream:75 - [STDERR_REDIRECT] 
2026-05-09 10:30:11,838 [ERROR] LogOutputStream:75 - [STDERR_REDIRECT] [Fatal Error] :1:1: Premature end of file.
2026-05-09 10:30:11,838 [ERROR] LogOutputStream:75 - [STDERR_REDIRECT] 
2026-05-09 10:30:12,832 [ERROR] LogOutputStream:75 - [STDERR_REDIRECT] [Fatal Error] :1:1: Premature end of file.
2026-05-09 10:30:12,834 [ERROR] LogOutputStream:75 - [STDERR_REDIRECT] 
2026-05-09 10:30:13,833 [ERROR] LogOutputStream:75 - [STDERR_REDIRECT] [Fatal Error] :1:1: Premature end of file.
2026-05-09 10:30:13,833 [ERROR] LogOutputStream:75 - [STDERR_REDIRECT] 
2026-05-09 10:30:14,839 [ERROR] LogOutputStream:75 - [STDERR_REDIRECT] [Fatal Error] :1:1: Premature end of file.
2026-05-09 10:30:14,840 [ERROR] LogOutputStream:75 - [STDERR_REDIRECT] 
2026-05-09 10:30:15,846 [ERROR] LogOutputStream:75 - [STDERR_REDIRECT] [Fatal Error] :1:1: Premature end of file.
2026-05-09 10:30:15,846 [ERROR] LogOutputStream:75 - [STDERR_REDIRECT] 
2026-05-09 10:30:16,853 [ERROR] LogOutputStream:75 - [STDERR_REDIRECT] [Fatal Error] :1:1: Premature end of file.
2026-05-09 10:30:16,854 [ERROR] LogOutputStream:75 - [STDERR_REDIRECT] 
2026-05-09 10:30:17,834 [ERROR] LogOutputStream:75 - [STDERR_REDIRECT] [Fatal Error] :1:1: Premature end of file.
2026-05-09 10:30:17,834 [ERROR] LogOutputStream:75 - [STDERR_REDIRECT] 
2026-05-09 10:30:18,827 [ERROR] LogOutputStream:75 - [STDERR_REDIRECT] [Fatal Error] :1:1: Premature end of file.
2026-05-09 10:30:18,828 [ERROR] LogOutputStream:75 - [STDERR_REDIRECT] 
2026-05-09 10:30:19,829 [ERROR] LogOutputStream:75 - [STDERR_REDIRECT] [Fatal Error] :1:1: Premature end of file.
2026-05-09 10:30:19,829 [ERROR] LogOutputStream:75 - [STDERR_REDIRECT] 
2026-05-09 10:30:21,088 [ERROR] LogOutputStream:75 - [STDERR_REDIRECT] [Fatal Error] :1:1: Premature end of file.
2026-05-09 10:30:21,089 [ERROR] LogOutputStream:75 - [STDERR_REDIRECT] 
2026-05-09 10:30:21,829 [ERROR] LogOutputStream:75 - [STDERR_REDIRECT] [Fatal Error] :1:1: Premature end of file.
2026-05-09 10:30:21,830 [ERROR] LogOutputStream:75 - [STDERR_REDIRECT] 
2026-05-09 10:30:22,837 [ERROR] LogOutputStream:75 - [STDERR_REDIRECT] [Fatal Error] :1:1: Premature end of file.
2026-05-09 10:30:22,838 [ERROR] LogOutputStream:75 - [STDERR_REDIRECT] 
2026-05-09 10:30:23,832 [ERROR] LogOutputStream:75 - [STDERR_REDIRECT] [Fatal Error] :1:1: Premature end of file.
2026-05-09 10:30:23,833 [ERROR] LogOutputStream:75 - [STDERR_REDIRECT] 
2026-05-09 10:30:24,872 [ERROR] LogOutputStream:75 - [STDERR_REDIRECT] [Fatal Error] :1:1: Premature end of file.
2026-05-09 10:30:24,873 [ERROR] LogOutputStream:75 - [STDERR_REDIRECT] 
2026-05-09 10:30:25,819 [ERROR] LogOutputStream:75 - [STDERR_REDIRECT] [Fatal Error] :1:1: Premature end of file.
2026-05-09 10:30:25,819 [ERROR] LogOutputStream:75 - [STDERR_REDIRECT] 
2026-05-09 10:30:26,826 [ERROR] LogOutputStream:75 - [STDERR_REDIRECT] [Fatal Error] :1:1: Premature end of file.
2026-05-09 10:30:26,828 [ERROR] LogOutputStream:75 - [STDERR_REDIRECT] 
2026-05-09 10:30:27,820 [ERROR] LogOutputStream:75 - [STDERR_REDIRECT] [Fatal Error] :1:1: Premature end of file.
2026-05-09 10:30:27,821 [ERROR] LogOutputStream:75 - [STDERR_REDIRECT] 
2026-05-09 10:30:28,873 [ERROR] LogOutputStream:75 - [STDERR_REDIRECT] [Fatal Error] :1:1: Premature end of file.
2026-05-09 10:30:28,874 [ERROR] LogOutputStream:75 - [STDERR_REDIRECT] 
2026-05-09 10:30:29,824 [ERROR] LogOutputStream:75 - [STDERR_REDIRECT] [Fatal Error] :1:1: Premature end of file.
2026-05-09 10:30:29,824 [ERROR] LogOutputStream:75 - [STDERR_REDIRECT] 
2026-05-09 10:30:30,827 [ERROR] LogOutputStream:75 - [STDERR_REDIRECT] [Fatal Error] :1:1: Premature end of file.
2026-05-09 10:30:30,828 [ERROR] LogOutputStream:75 - [STDERR_REDIRECT] 
2026-05-09 10:30:31,963 [ERROR] LogOutputStream:75 - [STDERR_REDIRECT] [Fatal Error] :1:1: Premature end of file.
2026-05-09 10:30:31,991 [ERROR] LogOutputStream:75 - [STDERR_REDIRECT] 
2026-05-09 10:30:32,830 [ERROR] LogOutputStream:75 - [STDERR_REDIRECT] [Fatal Error] :1:1: Premature end of file.
2026-05-09 10:30:32,830 [ERROR] LogOutputStream:75 - [STDERR_REDIRECT] 
2026-05-09 10:30:33,843 [ERROR] LogOutputStream:75 - [STDERR_REDIRECT] [Fatal Error] :1:1: Premature end of file.
2026-05-09 10:30:33,844 [ERROR] LogOutputStream:75 - [STDERR_REDIRECT] 
2026-05-09 10:30:34,843 [ERROR] LogOutputStream:75 - [STDERR_REDIRECT] [Fatal Error] :1:1: Premature end of file.
2026-05-09 10:30:34,844 [ERROR] LogOutputStream:75 - [STDERR_REDIRECT] 
2026-05-09 10:30:35,829 [ERROR] LogOutputStream:75 - [STDERR_REDIRECT] [Fatal Error] :1:1: Premature end of file.
2026-05-09 10:30:35,830 [ERROR] LogOutputStream:75 - [STDERR_REDIRECT] 
2026-05-09 10:30:36,815 [ERROR] LogOutputStream:75 - [STDERR_REDIRECT] [Fatal Error] :1:1: Premature end of file.
2026-05-09 10:30:36,815 [ERROR] LogOutputStream:75 - [STDERR_REDIRECT] 
2026-05-09 10:30:37,830 [ERROR] LogOutputStream:75 - [STDERR_REDIRECT] [Fatal Error] :1:1: Premature end of file.
2026-05-09 10:30:37,830 [ERROR] LogOutputStream:75 - [STDERR_REDIRECT] 
2026-05-09 10:30:38,844 [ERROR] LogOutputStream:75 - [STDERR_REDIRECT] [Fatal Error] :1:1: Premature end of file.
2026-05-09 10:30:38,845 [ERROR] LogOutputStream:75 - [STDERR_REDIRECT] 
2026-05-09 10:30:39,830 [ERROR] LogOutputStream:75 - [STDERR_REDIRECT] [Fatal Error] :1:1: Premature end of file.
2026-05-09 10:30:39,831 [ERROR] LogOutputStream:75 - [STDERR_REDIRECT] 
2026-05-09 10:30:40,897 [ERROR] LogOutputStream:75 - [STDERR_REDIRECT] [Fatal Error] :1:1: Premature end of file.
2026-05-09 10:30:40,899 [ERROR] LogOutputStream:75 - [STDERR_REDIRECT] 
2026-05-09 10:30:41,845 [ERROR] LogOutputStream:75 - [STDERR_REDIRECT] [Fatal Error] :1:1: Premature end of file.
2026-05-09 10:30:41,845 [ERROR] LogOutputStream:75 - [STDERR_REDIRECT] 
2026-05-09 10:30:42,850 [ERROR] LogOutputStream:75 - [STDERR_REDIRECT] [Fatal Error] :1:1: Premature end of file.
2026-05-09 10:30:42,851 [ERROR] LogOutputStream:75 - [STDERR_REDIRECT] 
2026-05-09 10:30:43,836 [ERROR] LogOutputStream:75 - [STDERR_REDIRECT] [Fatal Error] :1:1: Premature end of file.
2026-05-09 10:30:43,837 [ERROR] LogOutputStream:75 - [STDERR_REDIRECT] 
2026-05-09 10:30:44,834 [ERROR] LogOutputStream:75 - [STDERR_REDIRECT] [Fatal Error] :1:1: Premature end of file.
2026-05-09 10:30:44,834 [ERROR] LogOutputStream:75 - [STDERR_REDIRECT] 
2026-05-09 10:30:45,841 [ERROR] LogOutputStream:75 - [STDERR_REDIRECT] [Fatal Error] :1:1: Premature end of file.
2026-05-09 10:30:45,842 [ERROR] LogOutputStream:75 - [STDERR_REDIRECT] 
2026-05-09 10:30:46,834 [ERROR] LogOutputStream:75 - [STDERR_REDIRECT] [Fatal Error] :1:1: Premature end of file.
2026-05-09 10:30:46,834 [ERROR] LogOutputStream:75 - [STDERR_REDIRECT] 
2026-05-09 10:30:47,850 [ERROR] LogOutputStream:75 - [STDERR_REDIRECT] [Fatal Error] :1:1: Premature end of file.
2026-05-09 10:30:47,851 [ERROR] LogOutputStream:75 - [STDERR_REDIRECT] 
2026-05-09 10:30:48,828 [ERROR] LogOutputStream:75 - [STDERR_REDIRECT] [Fatal Error] :1:1: Premature end of file.
2026-05-09 10:30:48,829 [ERROR] LogOutputStream:75 - [STDERR_REDIRECT] 
2026-05-09 10:30:49,872 [ERROR] LogOutputStream:75 - [STDERR_REDIRECT] [Fatal Error] :1:1: Premature end of file.
2026-05-09 10:30:49,872 [ERROR] LogOutputStream:75 - [STDERR_REDIRECT] 
2026-05-09 10:30:50,810 [ERROR] LogOutputStream:75 - [STDERR_REDIRECT] [Fatal Error] :1:1: Premature end of file.
2026-05-09 10:30:50,812 [ERROR] LogOutputStream:75 - [STDERR_REDIRECT] 
2026-05-09 10:30:51,820 [ERROR] LogOutputStream:75 - [STDERR_REDIRECT] [Fatal Error] :1:1: Premature end of file.
2026-05-09 10:30:51,821 [ERROR] LogOutputStream:75 - [STDERR_REDIRECT] 
2026-05-09 10:30:52,809 [ERROR] LogOutputStream:75 - [STDERR_REDIRECT] [Fatal Error] :1:1: Premature end of file.
2026-05-09 10:30:52,809 [ERROR] LogOutputStream:75 - [STDERR_REDIRECT] 
2026-05-09 10:30:53,848 [ERROR] LogOutputStream:75 - [STDERR_REDIRECT] [Fatal Error] :1:1: Premature end of file.
2026-05-09 10:30:53,849 [ERROR] LogOutputStream:75 - [STDERR_REDIRECT] 
2026-05-09 10:30:54,801 [ERROR] LogOutputStream:75 - [STDERR_REDIRECT] [Fatal Error] :1:1: Premature end of file.
2026-05-09 10:30:54,802 [ERROR] LogOutputStream:75 - [STDERR_REDIRECT] 
2026-05-09 10:30:55,803 [ERROR] LogOutputStream:75 - [STDERR_REDIRECT] [Fatal Error] :1:1: Premature end of file.
2026-05-09 10:30:55,804 [ERROR] LogOutputStream:75 - [STDERR_REDIRECT] 
2026-05-09 10:30:56,803 [ERROR] LogOutputStream:75 - [STDERR_REDIRECT] [Fatal Error] :1:1: Premature end of file.
2026-05-09 10:30:56,803 [ERROR] LogOutputStream:75 - [STDERR_REDIRECT] 
2026-05-09 10:30:57,821 [ERROR] LogOutputStream:75 - [STDERR_REDIRECT] [Fatal Error] :1:1: Premature end of file.
2026-05-09 10:30:57,822 [ERROR] LogOutputStream:75 - [STDERR_REDIRECT] 
2026-05-09 10:30:58,822 [ERROR] LogOutputStream:75 - [STDERR_REDIRECT] [Fatal Error] :1:1: Premature end of file.
2026-05-09 10:30:58,822 [ERROR] LogOutputStream:75 - [STDERR_REDIRECT] 
2026-05-09 10:30:59,862 [ERROR] LogOutputStream:75 - [STDERR_REDIRECT] [Fatal Error] :1:1: Premature end of file.
2026-05-09 10:30:59,863 [ERROR] LogOutputStream:75 - [STDERR_REDIRECT] 
2026-05-09 10:31:00,831 [ERROR] LogOutputStream:75 - [STDERR_REDIRECT] [Fatal Error] :1:1: Premature end of file.
2026-05-09 10:31:00,832 [ERROR] LogOutputStream:75 - [STDERR_REDIRECT] 
2026-05-09 10:31:01,849 [ERROR] LogOutputStream:75 - [STDERR_REDIRECT] [Fatal Error] :1:1: Premature end of file.
2026-05-09 10:31:01,849 [ERROR] LogOutputStream:75 - [STDERR_REDIRECT] 
2026-05-09 10:31:02,841 [ERROR] LogOutputStream:75 - [STDERR_REDIRECT] [Fatal Error] :1:1: Premature end of file.
2026-05-09 10:31:02,842 [ERROR] LogOutputStream:75 - [STDERR_REDIRECT] 
2026-05-09 10:31:03,845 [ERROR] LogOutputStream:75 - [STDERR_REDIRECT] [Fatal Error] :1:1: Premature end of file.
2026-05-09 10:31:03,846 [ERROR] LogOutputStream:75 - [STDERR_REDIRECT] 
2026-05-09 10:31:04,818 [ERROR] LogOutputStream:75 - [STDERR_REDIRECT] [Fatal Error] :1:1: Premature end of file.
2026-05-09 10:31:04,819 [ERROR] LogOutputStream:75 - [STDERR_REDIRECT] 
2026-05-09 10:31:05,821 [ERROR] LogOutputStream:75 - [STDERR_REDIRECT] [Fatal Error] :1:1: Premature end of file.
2026-05-09 10:31:05,822 [ERROR] LogOutputStream:75 - [STDERR_REDIRECT] 
2026-05-09 10:31:06,813 [ERROR] LogOutputStream:75 - [STDERR_REDIRECT] [Fatal Error] :1:1: Premature end of file.
2026-05-09 10:31:06,814 [ERROR] LogOutputStream:75 - [STDERR_REDIRECT] 
2026-05-09 10:31:07,837 [ERROR] LogOutputStream:75 - [STDERR_REDIRECT] [Fatal Error] :1:1: Premature end of file.
2026-05-09 10:31:07,837 [ERROR] LogOutputStream:75 - [STDERR_REDIRECT] 
2026-05-09 10:31:08,819 [ERROR] LogOutputStream:75 - [STDERR_REDIRECT] [Fatal Error] :1:1: Premature end of file.
2026-05-09 10:31:08,819 [ERROR] LogOutputStream:75 - [STDERR_REDIRECT] 
2026-05-09 10:31:09,814 [ERROR] LogOutputStream:75 - [STDERR_REDIRECT] [Fatal Error] :1:1: Premature end of file.
2026-05-09 10:31:09,814 [ERROR] LogOutputStream:75 - [STDERR_REDIRECT] 
2026-05-09 10:31:10,833 [ERROR] LogOutputStream:75 - [STDERR_REDIRECT] [Fatal Error] :1:1: Premature end of file.
2026-05-09 10:31:10,833 [ERROR] LogOutputStream:75 - [STDERR_REDIRECT] 
2026-05-09 10:31:11,849 [ERROR] LogOutputStream:75 - [STDERR_REDIRECT] [Fatal Error] :1:1: Premature end of file.
2026-05-09 10:31:11,849 [ERROR] LogOutputStream:75 - [STDERR_REDIRECT] 
2026-05-09 10:31:12,805 [ERROR] LogOutputStream:75 - [STDERR_REDIRECT] [Fatal Error] :1:1: Premature end of file.
2026-05-09 10:31:12,805 [ERROR] LogOutputStream:75 - [STDERR_REDIRECT] 
2026-05-09 10:31:13,826 [ERROR] LogOutputStream:75 - [STDERR_REDIRECT] [Fatal Error] :1:1: Premature end of file.
2026-05-09 10:31:13,826 [ERROR] LogOutputStream:75 - [STDERR_REDIRECT] 
2026-05-09 10:31:14,815 [ERROR] LogOutputStream:75 - [STDERR_REDIRECT] [Fatal Error] :1:1: Premature end of file.
2026-05-09 10:31:14,815 [ERROR] LogOutputStream:75 - [STDERR_REDIRECT] 
2026-05-09 10:31:15,812 [ERROR] LogOutputStream:75 - [STDERR_REDIRECT] [Fatal Error] :1:1: Premature end of file.
2026-05-09 10:31:15,813 [ERROR] LogOutputStream:75 - [STDERR_REDIRECT] 
2026-05-09 10:31:16,847 [ERROR] LogOutputStream:75 - [STDERR_REDIRECT] [Fatal Error] :1:1: Premature end of file.
2026-05-09 10:31:16,848 [ERROR] LogOutputStream:75 - [STDERR_REDIRECT] 
2026-05-09 10:31:17,831 [ERROR] LogOutputStream:75 - [STDERR_REDIRECT] [Fatal Error] :1:1: Premature end of file.
2026-05-09 10:31:17,831 [ERROR] LogOutputStream:75 - [STDERR_REDIRECT] 
2026-05-09 10:31:18,807 [ERROR] LogOutputStream:75 - [STDERR_REDIRECT] [Fatal Error] :1:1: Premature end of file.
2026-05-09 10:31:18,808 [ERROR] LogOutputStream:75 - [STDERR_REDIRECT] 
2026-05-09 10:31:19,802 [ERROR] LogOutputStream:75 - [STDERR_REDIRECT] [Fatal Error] :1:1: Premature end of file.
2026-05-09 10:31:19,802 [ERROR] LogOutputStream:75 - [STDERR_REDIRECT] 
2026-05-09 10:31:20,818 [ERROR] LogOutputStream:75 - [STDERR_REDIRECT] [Fatal Error] :1:1: Premature end of file.
2026-05-09 10:31:20,818 [ERROR] LogOutputStream:75 - [STDERR_REDIRECT] 
2026-05-09 10:31:21,817 [ERROR] LogOutputStream:75 - [STDERR_REDIRECT] [Fatal Error] :1:1: Premature end of file.
2026-05-09 10:31:21,818 [ERROR] LogOutputStream:75 - [STDERR_REDIRECT] 
2026-05-09 10:31:22,832 [ERROR] LogOutputStream:75 - [STDERR_REDIRECT] [Fatal Error] :1:1: Premature end of file.
2026-05-09 10:31:22,832 [ERROR] LogOutputStream:75 - [STDERR_REDIRECT] 
2026-05-09 10:31:23,800 [ERROR] LogOutputStream:75 - [STDERR_REDIRECT] [Fatal Error] :1:1: Premature end of file.
2026-05-09 10:31:23,800 [ERROR] LogOutputStream:75 - [STDERR_REDIRECT] 
2026-05-09 10:31:24,834 [ERROR] LogOutputStream:75 - [STDERR_REDIRECT] [Fatal Error] :1:1: Premature end of file.
2026-05-09 10:31:24,834 [ERROR] LogOutputStream:75 - [STDERR_REDIRECT] 
2026-05-09 10:31:25,819 [ERROR] LogOutputStream:75 - [STDERR_REDIRECT] [Fatal Error] :1:1: Premature end of file.
2026-05-09 10:31:25,819 [ERROR] LogOutputStream:75 - [STDERR_REDIRECT] 
2026-05-09 10:31:26,832 [ERROR] LogOutputStream:75 - [STDERR_REDIRECT] [Fatal Error] :1:1: Premature end of file.
2026-05-09 10:31:26,833 [ERROR] LogOutputStream:75 - [STDERR_REDIRECT] 
2026-05-09 10:31:27,834 [ERROR] LogOutputStream:75 - [STDERR_REDIRECT] [Fatal Error] :1:1: Premature end of file.
2026-05-09 10:31:27,834 [ERROR] LogOutputStream:75 - [STDERR_REDIRECT] 
2026-05-09 10:31:28,825 [ERROR] LogOutputStream:75 - [STDERR_REDIRECT] [Fatal Error] :1:1: Premature end of file.
2026-05-09 10:31:28,825 [ERROR] LogOutputStream:75 - [STDERR_REDIRECT] 
2026-05-09 10:31:29,836 [ERROR] LogOutputStream:75 - [STDERR_REDIRECT] [Fatal Error] :1:1: Premature end of file.
2026-05-09 10:31:29,837 [ERROR] LogOutputStream:75 - [STDERR_REDIRECT] 
2026-05-09 10:31:30,824 [ERROR] LogOutputStream:75 - [STDERR_REDIRECT] [Fatal Error] :1:1: Premature end of file.
2026-05-09 10:31:30,825 [ERROR] LogOutputStream:75 - [STDERR_REDIRECT] 
2026-05-09 10:31:31,830 [ERROR] LogOutputStream:75 - [STDERR_REDIRECT] [Fatal Error] :1:1: Premature end of file.
2026-05-09 10:31:31,830 [ERROR] LogOutputStream:75 - [STDERR_REDIRECT] 
2026-05-09 10:31:32,849 [ERROR] LogOutputStream:75 - [STDERR_REDIRECT] [Fatal Error] :1:1: Premature end of file.
2026-05-09 10:31:32,849 [ERROR] LogOutputStream:75 - [STDERR_REDIRECT] 
2026-05-09 10:31:33,863 [ERROR] LogOutputStream:75 - [STDERR_REDIRECT] [Fatal Error] :1:1: Premature end of file.
2026-05-09 10:31:33,863 [ERROR] LogOutputStream:75 - [STDERR_REDIRECT] 
2026-05-09 10:31:34,805 [ERROR] LogOutputStream:75 - [STDERR_REDIRECT] [Fatal Error] :1:1: Premature end of file.
2026-05-09 10:31:34,805 [ERROR] LogOutputStream:75 - [STDERR_REDIRECT] 
2026-05-09 10:31:35,815 [ERROR] LogOutputStream:75 - [STDERR_REDIRECT] [Fatal Error] :1:1: Premature end of file.
2026-05-09 10:31:35,815 [ERROR] LogOutputStream:75 - [STDERR_REDIRECT] 
2026-05-09 10:31:36,812 [ERROR] LogOutputStream:75 - [STDERR_REDIRECT] [Fatal Error] :1:1: Premature end of file.
2026-05-09 10:31:36,813 [ERROR] LogOutputStream:75 - [STDERR_REDIRECT] 
2026-05-09 10:31:37,813 [ERROR] LogOutputStream:75 - [STDERR_REDIRECT] [Fatal Error] :1:1: Premature end of file.
2026-05-09 10:31:37,813 [ERROR] LogOutputStream:75 - [STDERR_REDIRECT] 
2026-05-09 10:31:38,815 [ERROR] LogOutputStream:75 - [STDERR_REDIRECT] [Fatal Error] :1:1: Premature end of file.
2026-05-09 10:31:38,816 [ERROR] LogOutputStream:75 - [STDERR_REDIRECT] 
2026-05-09 10:31:39,818 [ERROR] LogOutputStream:75 - [STDERR_REDIRECT] [Fatal Error] :1:1: Premature end of file.
2026-05-09 10:31:39,818 [ERROR] LogOutputStream:75 - [STDERR_REDIRECT] 
2026-05-09 10:31:40,839 [ERROR] LogOutputStream:75 - [STDERR_REDIRECT] [Fatal Error] :1:1: Premature end of file.
2026-05-09 10:31:40,839 [ERROR] LogOutputStream:75 - [STDERR_REDIRECT] 
2026-05-09 10:31:41,813 [ERROR] LogOutputStream:75 - [STDERR_REDIRECT] [Fatal Error] :1:1: Premature end of file.
2026-05-09 10:31:41,813 [ERROR] LogOutputStream:75 - [STDERR_REDIRECT] 
2026-05-09 10:31:42,812 [ERROR] LogOutputStream:75 - [STDERR_REDIRECT] [Fatal Error] :1:1: Premature end of file.
2026-05-09 10:31:42,812 [ERROR] LogOutputStream:75 - [STDERR_REDIRECT] 
2026-05-09 10:31:43,809 [ERROR] LogOutputStream:75 - [STDERR_REDIRECT] [Fatal Error] :1:1: Premature end of file.
2026-05-09 10:31:43,810 [ERROR] LogOutputStream:75 - [STDERR_REDIRECT] 
2026-05-09 10:31:44,817 [ERROR] LogOutputStream:75 - [STDERR_REDIRECT] [Fatal Error] :1:1: Premature end of file.
2026-05-09 10:31:44,817 [ERROR] LogOutputStream:75 - [STDERR_REDIRECT] 
2026-05-09 10:31:45,813 [ERROR] LogOutputStream:75 - [STDERR_REDIRECT] [Fatal Error] :1:1: Premature end of file.
2026-05-09 10:31:45,813 [ERROR] LogOutputStream:75 - [STDERR_REDIRECT] 
2026-05-09 10:31:46,809 [ERROR] LogOutputStream:75 - [STDERR_REDIRECT] [Fatal Error] :1:1: Premature end of file.
2026-05-09 10:31:46,809 [ERROR] LogOutputStream:75 - [STDERR_REDIRECT] 
2026-05-09 10:31:47,812 [ERROR] LogOutputStream:75 - [STDERR_REDIRECT] [Fatal Error] :1:1: Premature end of file.
2026-05-09 10:31:47,812 [ERROR] LogOutputStream:75 - [STDERR_REDIRECT] 
2026-05-09 10:31:48,815 [ERROR] LogOutputStream:75 - [STDERR_REDIRECT] [Fatal Error] :1:1: Premature end of file.
2026-05-09 10:31:48,816 [ERROR] LogOutputStream:75 - [STDERR_REDIRECT] 
2026-05-09 10:31:49,812 [ERROR] LogOutputStream:75 - [STDERR_REDIRECT] [Fatal Error] :1:1: Premature end of file.
2026-05-09 10:31:49,812 [ERROR] LogOutputStream:75 - [STDERR_REDIRECT] 
2026-05-09 10:31:50,814 [ERROR] LogOutputStream:75 - [STDERR_REDIRECT] [Fatal Error] :1:1: Premature end of file.
2026-05-09 10:31:50,814 [ERROR] LogOutputStream:75 - [STDERR_REDIRECT] 
2026-05-09 10:31:51,808 [ERROR] LogOutputStream:75 - [STDERR_REDIRECT] [Fatal Error] :1:1: Premature end of file.
2026-05-09 10:31:51,808 [ERROR] LogOutputStream:75 - [STDERR_REDIRECT] 
2026-05-09 10:31:52,807 [ERROR] LogOutputStream:75 - [STDERR_REDIRECT] [Fatal Error] :1:1: Premature end of file.
2026-05-09 10:31:52,807 [ERROR] LogOutputStream:75 - [STDERR_REDIRECT] 
2026-05-09 10:31:53,811 [ERROR] LogOutputStream:75 - [STDERR_REDIRECT] [Fatal Error] :1:1: Premature end of file.
2026-05-09 10:31:53,811 [ERROR] LogOutputStream:75 - [STDERR_REDIRECT] 
2026-05-09 10:31:54,810 [ERROR] LogOutputStream:75 - [STDERR_REDIRECT] [Fatal Error] :1:1: Premature end of file.
2026-05-09 10:31:54,810 [ERROR] LogOutputStream:75 - [STDERR_REDIRECT] 
2026-05-09 10:31:55,817 [ERROR] LogOutputStream:75 - [STDERR_REDIRECT] [Fatal Error] :1:1: Premature end of file.
2026-05-09 10:31:55,817 [ERROR] LogOutputStream:75 - [STDERR_REDIRECT] 
2026-05-09 10:31:56,806 [ERROR] LogOutputStream:75 - [STDERR_REDIRECT] [Fatal Error] :1:1: Premature end of file.
2026-05-09 10:31:56,806 [ERROR] LogOutputStream:75 - [STDERR_REDIRECT] 
2026-05-09 10:31:57,810 [ERROR] LogOutputStream:75 - [STDERR_REDIRECT] [Fatal Error] :1:1: Premature end of file.
2026-05-09 10:31:57,810 [ERROR] LogOutputStream:75 - [STDERR_REDIRECT] 
2026-05-09 10:31:58,812 [ERROR] LogOutputStream:75 - [STDERR_REDIRECT] [Fatal Error] :1:1: Premature end of file.
2026-05-09 10:31:58,812 [ERROR] LogOutputStream:75 - [STDERR_REDIRECT] 
2026-05-09 10:31:59,818 [ERROR] LogOutputStream:75 - [STDERR_REDIRECT] [Fatal Error] :1:1: Premature end of file.
2026-05-09 10:31:59,818 [ERROR] LogOutputStream:75 - [STDERR_REDIRECT] 
2026-05-09 10:32:00,794 [ERROR] LogOutputStream:75 - [STDERR_REDIRECT] [Fatal Error] :1:1: Premature end of file.
2026-05-09 10:32:00,795 [ERROR] LogOutputStream:75 - [STDERR_REDIRECT] 
2026-05-09 10:32:01,821 [ERROR] LogOutputStream:75 - [STDERR_REDIRECT] [Fatal Error] :1:1: Premature end of file.
2026-05-09 10:32:01,821 [ERROR] LogOutputStream:75 - [STDERR_REDIRECT] 
2026-05-09 10:32:02,830 [ERROR] LogOutputStream:75 - [STDERR_REDIRECT] [Fatal Error] :1:1: Premature end of file.
2026-05-09 10:32:02,831 [ERROR] LogOutputStream:75 - [STDERR_REDIRECT] 
2026-05-09 10:32:03,833 [ERROR] LogOutputStream:75 - [STDERR_REDIRECT] [Fatal Error] :1:1: Premature end of file.
2026-05-09 10:32:03,833 [ERROR] LogOutputStream:75 - [STDERR_REDIRECT] 
2026-05-09 10:32:04,832 [ERROR] LogOutputStream:75 - [STDERR_REDIRECT] [Fatal Error] :1:1: Premature end of file.
2026-05-09 10:32:04,832 [ERROR] LogOutputStream:75 - [STDERR_REDIRECT] 
2026-05-09 10:32:05,838 [ERROR] LogOutputStream:75 - [STDERR_REDIRECT] [Fatal Error] :1:1: Premature end of file.
2026-05-09 10:32:05,839 [ERROR] LogOutputStream:75 - [STDERR_REDIRECT] 
2026-05-09 10:32:06,845 [ERROR] LogOutputStream:75 - [STDERR_REDIRECT] [Fatal Error] :1:1: Premature end of file.
2026-05-09 10:32:06,845 [ERROR] LogOutputStream:75 - [STDERR_REDIRECT] 
2026-05-09 10:32:07,837 [ERROR] LogOutputStream:75 - [STDERR_REDIRECT] [Fatal Error] :1:1: Premature end of file.
2026-05-09 10:32:07,837 [ERROR] LogOutputStream:75 - [STDERR_REDIRECT] 
2026-05-09 10:32:08,853 [ERROR] LogOutputStream:75 - [STDERR_REDIRECT] [Fatal Error] :1:1: Premature end of file.
2026-05-09 10:32:08,854 [ERROR] LogOutputStream:75 - [STDERR_REDIRECT] 
2026-05-09 10:32:09,820 [ERROR] LogOutputStream:75 - [STDERR_REDIRECT] [Fatal Error] :1:1: Premature end of file.
2026-05-09 10:32:09,820 [ERROR] LogOutputStream:75 - [STDERR_REDIRECT] 
2026-05-09 10:32:10,820 [ERROR] LogOutputStream:75 - [STDERR_REDIRECT] [Fatal Error] :1:1: Premature end of file.
2026-05-09 10:32:10,824 [ERROR] LogOutputStream:75 - [STDERR_REDIRECT] 
2026-05-09 10:32:11,825 [ERROR] LogOutputStream:75 - [STDERR_REDIRECT] [Fatal Error] :1:1: Premature end of file.
2026-05-09 10:32:11,826 [ERROR] LogOutputStream:75 - [STDERR_REDIRECT] 
2026-05-09 10:32:12,820 [ERROR] LogOutputStream:75 - [STDERR_REDIRECT] [Fatal Error] :1:1: Premature end of file.
2026-05-09 10:32:12,820 [ERROR] LogOutputStream:75 - [STDERR_REDIRECT] 
2026-05-09 10:32:13,840 [ERROR] LogOutputStream:75 - [STDERR_REDIRECT] [Fatal Error] :1:1: Premature end of file.
2026-05-09 10:32:13,840 [ERROR] LogOutputStream:75 - [STDERR_REDIRECT] 
2026-05-09 10:32:14,829 [ERROR] LogOutputStream:75 - [STDERR_REDIRECT] [Fatal Error] :1:1: Premature end of file.
2026-05-09 10:32:14,829 [ERROR] LogOutputStream:75 - [STDERR_REDIRECT] 
2026-05-09 10:32:15,835 [ERROR] LogOutputStream:75 - [STDERR_REDIRECT] [Fatal Error] :1:1: Premature end of file.
2026-05-09 10:32:15,835 [ERROR] LogOutputStream:75 - [STDERR_REDIRECT] 
2026-05-09 10:32:16,813 [ERROR] LogOutputStream:75 - [STDERR_REDIRECT] [Fatal Error] :1:1: Premature end of file.
2026-05-09 10:32:16,813 [ERROR] LogOutputStream:75 - [STDERR_REDIRECT] 
2026-05-09 10:32:17,820 [ERROR] LogOutputStream:75 - [STDERR_REDIRECT] [Fatal Error] :1:1: Premature end of file.
2026-05-09 10:32:17,820 [ERROR] LogOutputStream:75 - [STDERR_REDIRECT] 
2026-05-09 10:32:18,823 [ERROR] LogOutputStream:75 - [STDERR_REDIRECT] [Fatal Error] :1:1: Premature end of file.
2026-05-09 10:32:18,823 [ERROR] LogOutputStream:75 - [STDERR_REDIRECT] 
2026-05-09 10:32:19,830 [ERROR] LogOutputStream:75 - [STDERR_REDIRECT] [Fatal Error] :1:1: Premature end of file.
2026-05-09 10:32:19,830 [ERROR] LogOutputStream:75 - [STDERR_REDIRECT] 
2026-05-09 10:32:20,830 [ERROR] LogOutputStream:75 - [STDERR_REDIRECT] [Fatal Error] :1:1: Premature end of file.
2026-05-09 10:32:20,830 [ERROR] LogOutputStream:75 - [STDERR_REDIRECT] 
2026-05-09 10:32:21,824 [ERROR] LogOutputStream:75 - [STDERR_REDIRECT] [Fatal Error] :1:1: Premature end of file.
2026-05-09 10:32:21,825 [ERROR] LogOutputStream:75 - [STDERR_REDIRECT] 
2026-05-09 10:32:22,844 [ERROR] LogOutputStream:75 - [STDERR_REDIRECT] [Fatal Error] :1:1: Premature end of file.
2026-05-09 10:32:22,844 [ERROR] LogOutputStream:75 - [STDERR_REDIRECT] 
2026-05-09 10:32:23,844 [ERROR] LogOutputStream:75 - [STDERR_REDIRECT] [Fatal Error] :1:1: Premature end of file.
2026-05-09 10:32:23,844 [ERROR] LogOutputStream:75 - [STDERR_REDIRECT] 
2026-05-09 10:32:24,834 [ERROR] LogOutputStream:75 - [STDERR_REDIRECT] [Fatal Error] :1:1: Premature end of file.
2026-05-09 10:32:24,834 [ERROR] LogOutputStream:75 - [STDERR_REDIRECT] 
2026-05-09 10:32:25,836 [ERROR] LogOutputStream:75 - [STDERR_REDIRECT] [Fatal Error] :1:1: Premature end of file.
2026-05-09 10:32:25,836 [ERROR] LogOutputStream:75 - [STDERR_REDIRECT] 
2026-05-09 10:32:26,835 [ERROR] LogOutputStream:75 - [STDERR_REDIRECT] [Fatal Error] :1:1: Premature end of file.
2026-05-09 10:32:26,836 [ERROR] LogOutputStream:75 - [STDERR_REDIRECT] 
2026-05-09 10:32:27,838 [ERROR] LogOutputStream:75 - [STDERR_REDIRECT] [Fatal Error] :1:1: Premature end of file.
2026-05-09 10:32:27,839 [ERROR] LogOutputStream:75 - [STDERR_REDIRECT] 
2026-05-09 10:32:28,821 [ERROR] LogOutputStream:75 - [STDERR_REDIRECT] [Fatal Error] :1:1: Premature end of file.
2026-05-09 10:32:28,822 [ERROR] LogOutputStream:75 - [STDERR_REDIRECT] 
2026-05-09 10:32:29,807 [ERROR] LogOutputStream:75 - [STDERR_REDIRECT] [Fatal Error] :1:1: Premature end of file.
2026-05-09 10:32:29,808 [ERROR] LogOutputStream:75 - [STDERR_REDIRECT] 
2026-05-09 10:32:30,814 [ERROR] LogOutputStream:75 - [STDERR_REDIRECT] [Fatal Error] :1:1: Premature end of file.
2026-05-09 10:32:30,814 [ERROR] LogOutputStream:75 - [STDERR_REDIRECT] 
2026-05-09 10:32:31,811 [ERROR] LogOutputStream:75 - [STDERR_REDIRECT] [Fatal Error] :1:1: Premature end of file.
2026-05-09 10:32:31,811 [ERROR] LogOutputStream:75 - [STDERR_REDIRECT] 
2026-05-09 10:32:32,810 [ERROR] LogOutputStream:75 - [STDERR_REDIRECT] [Fatal Error] :1:1: Premature end of file.
2026-05-09 10:32:32,811 [ERROR] LogOutputStream:75 - [STDERR_REDIRECT] 
2026-05-09 10:32:33,808 [ERROR] LogOutputStream:75 - [STDERR_REDIRECT] [Fatal Error] :1:1: Premature end of file.
2026-05-09 10:32:33,808 [ERROR] LogOutputStream:75 - [STDERR_REDIRECT] 
2026-05-09 10:32:34,812 [ERROR] LogOutputStream:75 - [STDERR_REDIRECT] [Fatal Error] :1:1: Premature end of file.
2026-05-09 10:32:34,813 [ERROR] LogOutputStream:75 - [STDERR_REDIRECT] 
2026-05-09 10:32:35,796 [ERROR] LogOutputStream:75 - [STDERR_REDIRECT] [Fatal Error] :1:1: Premature end of file.
2026-05-09 10:32:35,797 [ERROR] LogOutputStream:75 - [STDERR_REDIRECT] 
2026-05-09 10:32:36,806 [ERROR] LogOutputStream:75 - [STDERR_REDIRECT] [Fatal Error] :1:1: Premature end of file.
2026-05-09 10:32:36,807 [ERROR] LogOutputStream:75 - [STDERR_REDIRECT] 
2026-05-09 10:32:37,797 [ERROR] LogOutputStream:75 - [STDERR_REDIRECT] [Fatal Error] :1:1: Premature end of file.
2026-05-09 10:32:37,797 [ERROR] LogOutputStream:75 - [STDERR_REDIRECT] 
2026-05-09 10:32:38,819 [ERROR] LogOutputStream:75 - [STDERR_REDIRECT] [Fatal Error] :1:1: Premature end of file.
2026-05-09 10:32:38,819 [ERROR] LogOutputStream:75 - [STDERR_REDIRECT] 
2026-05-09 10:32:39,811 [ERROR] LogOutputStream:75 - [STDERR_REDIRECT] [Fatal Error] :1:1: Premature end of file.
2026-05-09 10:32:39,811 [ERROR] LogOutputStream:75 - [STDERR_REDIRECT] 
2026-05-09 10:32:40,809 [ERROR] LogOutputStream:75 - [STDERR_REDIRECT] [Fatal Error] :1:1: Premature end of file.
2026-05-09 10:32:40,809 [ERROR] LogOutputStream:75 - [STDERR_REDIRECT] 
2026-05-09 10:32:41,834 [ERROR] LogOutputStream:75 - [STDERR_REDIRECT] [Fatal Error] :1:1: Premature end of file.
2026-05-09 10:32:41,834 [ERROR] LogOutputStream:75 - [STDERR_REDIRECT] 
2026-05-09 10:32:42,798 [ERROR] LogOutputStream:75 - [STDERR_REDIRECT] [Fatal Error] :1:1: Premature end of file.
2026-05-09 10:32:42,798 [ERROR] LogOutputStream:75 - [STDERR_REDIRECT] 
2026-05-09 10:32:43,819 [ERROR] LogOutputStream:75 - [STDERR_REDIRECT] [Fatal Error] :1:1: Premature end of file.
2026-05-09 10:32:43,819 [ERROR] LogOutputStream:75 - [STDERR_REDIRECT] 
2026-05-09 10:32:44,815 [ERROR] LogOutputStream:75 - [STDERR_REDIRECT] [Fatal Error] :1:1: Premature end of file.
2026-05-09 10:32:44,815 [ERROR] LogOutputStream:75 - [STDERR_REDIRECT] 
2026-05-09 10:32:45,812 [ERROR] LogOutputStream:75 - [STDERR_REDIRECT] [Fatal Error] :1:1: Premature end of file.
2026-05-09 10:32:45,813 [ERROR] LogOutputStream:75 - [STDERR_REDIRECT] 
2026-05-09 10:32:46,817 [ERROR] LogOutputStream:75 - [STDERR_REDIRECT] [Fatal Error] :1:1: Premature end of file.
2026-05-09 10:32:46,817 [ERROR] LogOutputStream:75 - [STDERR_REDIRECT] 
2026-05-09 10:32:47,813 [ERROR] LogOutputStream:75 - [STDERR_REDIRECT] [Fatal Error] :1:1: Premature end of file.
2026-05-09 10:32:47,814 [ERROR] LogOutputStream:75 - [STDERR_REDIRECT] 
2026-05-09 10:32:48,820 [ERROR] LogOutputStream:75 - [STDERR_REDIRECT] [Fatal Error] :1:1: Premature end of file.
2026-05-09 10:32:48,820 [ERROR] LogOutputStream:75 - [STDERR_REDIRECT] 
2026-05-09 10:32:49,819 [ERROR] LogOutputStream:75 - [STDERR_REDIRECT] [Fatal Error] :1:1: Premature end of file.
2026-05-09 10:32:49,819 [ERROR] LogOutputStream:75 - [STDERR_REDIRECT] 
2026-05-09 10:32:50,817 [ERROR] LogOutputStream:75 - [STDERR_REDIRECT] [Fatal Error] :1:1: Premature end of file.
2026-05-09 10:32:50,818 [ERROR] LogOutputStream:75 - [STDERR_REDIRECT] 
2026-05-09 10:32:51,819 [ERROR] LogOutputStream:75 - [STDERR_REDIRECT] [Fatal Error] :1:1: Premature end of file.
2026-05-09 10:32:51,819 [ERROR] LogOutputStream:75 - [STDERR_REDIRECT] 
2026-05-09 10:32:52,811 [ERROR] LogOutputStream:75 - [STDERR_REDIRECT] [Fatal Error] :1:1: Premature end of file.
2026-05-09 10:32:52,811 [ERROR] LogOutputStream:75 - [STDERR_REDIRECT] 
2026-05-09 10:32:53,816 [ERROR] LogOutputStream:75 - [STDERR_REDIRECT] [Fatal Error] :1:1: Premature end of file.
2026-05-09 10:32:53,816 [ERROR] LogOutputStream:75 - [STDERR_REDIRECT] 
2026-05-09 10:32:54,815 [ERROR] LogOutputStream:75 - [STDERR_REDIRECT] [Fatal Error] :1:1: Premature end of file.
2026-05-09 10:32:54,815 [ERROR] LogOutputStream:75 - [STDERR_REDIRECT] 
2026-05-09 10:32:55,814 [ERROR] LogOutputStream:75 - [STDERR_REDIRECT] [Fatal Error] :1:1: Premature end of file.
2026-05-09 10:32:55,814 [ERROR] LogOutputStream:75 - [STDERR_REDIRECT] 
2026-05-09 10:32:56,797 [ERROR] LogOutputStream:75 - [STDERR_REDIRECT] [Fatal Error] :1:1: Premature end of file.
2026-05-09 10:32:56,797 [ERROR] LogOutputStream:75 - [STDERR_REDIRECT] 
2026-05-09 10:32:57,821 [ERROR] LogOutputStream:75 - [STDERR_REDIRECT] [Fatal Error] :1:1: Premature end of file.
2026-05-09 10:32:57,821 [ERROR] LogOutputStream:75 - [STDERR_REDIRECT] 
2026-05-09 10:32:58,819 [ERROR] LogOutputStream:75 - [STDERR_REDIRECT] [Fatal Error] :1:1: Premature end of file.
2026-05-09 10:32:58,819 [ERROR] LogOutputStream:75 - [STDERR_REDIRECT] 
2026-05-09 10:32:59,816 [ERROR] LogOutputStream:75 - [STDERR_REDIRECT] [Fatal Error] :1:1: Premature end of file.
2026-05-09 10:32:59,817 [ERROR] LogOutputStream:75 - [STDERR_REDIRECT] 
2026-05-09 10:33:00,813 [ERROR] LogOutputStream:75 - [STDERR_REDIRECT] [Fatal Error] :1:1: Premature end of file.
2026-05-09 10:33:00,814 [ERROR] LogOutputStream:75 - [STDERR_REDIRECT] 
2026-05-09 10:33:01,809 [ERROR] LogOutputStream:75 - [STDERR_REDIRECT] [Fatal Error] :1:1: Premature end of file.
2026-05-09 10:33:01,811 [ERROR] LogOutputStream:75 - [STDERR_REDIRECT] 
2026-05-09 10:33:02,809 [ERROR] LogOutputStream:75 - [STDERR_REDIRECT] [Fatal Error] :1:1: Premature end of file.
2026-05-09 10:33:02,809 [ERROR] LogOutputStream:75 - [STDERR_REDIRECT] 
2026-05-09 10:33:03,814 [ERROR] LogOutputStream:75 - [STDERR_REDIRECT] [Fatal Error] :1:1: Premature end of file.
2026-05-09 10:33:03,814 [ERROR] LogOutputStream:75 - [STDERR_REDIRECT] 
2026-05-09 10:33:04,816 [ERROR] LogOutputStream:75 - [STDERR_REDIRECT] [Fatal Error] :1:1: Premature end of file.
2026-05-09 10:33:04,816 [ERROR] LogOutputStream:75 - [STDERR_REDIRECT] 
2026-05-09 10:33:05,809 [ERROR] LogOutputStream:75 - [STDERR_REDIRECT] [Fatal Error] :1:1: Premature end of file.
2026-05-09 10:33:05,809 [ERROR] LogOutputStream:75 - [STDERR_REDIRECT] 
2026-05-09 10:33:06,806 [ERROR] LogOutputStream:75 - [STDERR_REDIRECT] [Fatal Error] :1:1: Premature end of file.
2026-05-09 10:33:06,806 [ERROR] LogOutputStream:75 - [STDERR_REDIRECT] 
2026-05-09 10:33:07,870 [ERROR] LogOutputStream:75 - [STDERR_REDIRECT] [Fatal Error] :1:1: Premature end of file.
2026-05-09 10:33:07,870 [ERROR] LogOutputStream:75 - [STDERR_REDIRECT] 
2026-05-09 10:33:08,839 [ERROR] LogOutputStream:75 - [STDERR_REDIRECT] [Fatal Error] :1:1: Premature end of file.
2026-05-09 10:33:08,840 [ERROR] LogOutputStream:75 - [STDERR_REDIRECT] 
2026-05-09 10:33:09,829 [ERROR] LogOutputStream:75 - [STDERR_REDIRECT] [Fatal Error] :1:1: Premature end of file.
2026-05-09 10:33:09,829 [ERROR] LogOutputStream:75 - [STDERR_REDIRECT] 
2026-05-09 10:33:10,827 [ERROR] LogOutputStream:75 - [STDERR_REDIRECT] [Fatal Error] :1:1: Premature end of file.
2026-05-09 10:33:10,828 [ERROR] LogOutputStream:75 - [STDERR_REDIRECT] 
2026-05-09 10:33:11,843 [ERROR] LogOutputStream:75 - [STDERR_REDIRECT] [Fatal Error] :1:1: Premature end of file.
2026-05-09 10:33:11,844 [ERROR] LogOutputStream:75 - [STDERR_REDIRECT] 
2026-05-09 10:33:12,835 [ERROR] LogOutputStream:75 - [STDERR_REDIRECT] [Fatal Error] :1:1: Premature end of file.
2026-05-09 10:33:12,835 [ERROR] LogOutputStream:75 - [STDERR_REDIRECT] 
2026-05-09 10:33:13,844 [ERROR] LogOutputStream:75 - [STDERR_REDIRECT] [Fatal Error] :1:1: Premature end of file.
2026-05-09 10:33:13,844 [ERROR] LogOutputStream:75 - [STDERR_REDIRECT] 
2026-05-09 10:33:14,830 [ERROR] LogOutputStream:75 - [STDERR_REDIRECT] [Fatal Error] :1:1: Premature end of file.
2026-05-09 10:33:14,830 [ERROR] LogOutputStream:75 - [STDERR_REDIRECT] 
2026-05-09 10:33:15,839 [ERROR] LogOutputStream:75 - [STDERR_REDIRECT] [Fatal Error] :1:1: Premature end of file.
2026-05-09 10:33:15,839 [ERROR] LogOutputStream:75 - [STDERR_REDIRECT] 
2026-05-09 10:33:16,836 [ERROR] LogOutputStream:75 - [STDERR_REDIRECT] [Fatal Error] :1:1: Premature end of file.
2026-05-09 10:33:16,836 [ERROR] LogOutputStream:75 - [STDERR_REDIRECT] 
2026-05-09 10:33:17,849 [ERROR] LogOutputStream:75 - [STDERR_REDIRECT] [Fatal Error] :1:1: Premature end of file.
2026-05-09 10:33:17,849 [ERROR] LogOutputStream:75 - [STDERR_REDIRECT] 
2026-05-09 10:33:18,838 [ERROR] LogOutputStream:75 - [STDERR_REDIRECT] [Fatal Error] :1:1: Premature end of file.
2026-05-09 10:33:18,838 [ERROR] LogOutputStream:75 - [STDERR_REDIRECT] 
2026-05-09 10:33:19,838 [ERROR] LogOutputStream:75 - [STDERR_REDIRECT] [Fatal Error] :1:1: Premature end of file.
2026-05-09 10:33:19,839 [ERROR] LogOutputStream:75 - [STDERR_REDIRECT] 
2026-05-09 10:33:20,838 [ERROR] LogOutputStream:75 - [STDERR_REDIRECT] [Fatal Error] :1:1: Premature end of file.
2026-05-09 10:33:20,838 [ERROR] LogOutputStream:75 - [STDERR_REDIRECT] 
2026-05-09 10:33:21,840 [ERROR] LogOutputStream:75 - [STDERR_REDIRECT] [Fatal Error] :1:1: Premature end of file.
2026-05-09 10:33:21,841 [ERROR] LogOutputStream:75 - [STDERR_REDIRECT] 
2026-05-09 10:33:22,838 [ERROR] LogOutputStream:75 - [STDERR_REDIRECT] [Fatal Error] :1:1: Premature end of file.
2026-05-09 10:33:22,839 [ERROR] LogOutputStream:75 - [STDERR_REDIRECT] 
2026-05-09 10:33:23,813 [ERROR] LogOutputStream:75 - [STDERR_REDIRECT] [Fatal Error] :1:1: Premature end of file.
2026-05-09 10:33:23,814 [ERROR] LogOutputStream:75 - [STDERR_REDIRECT] 
2026-05-09 10:33:24,849 [ERROR] LogOutputStream:75 - [STDERR_REDIRECT] [Fatal Error] :1:1: Premature end of file.
2026-05-09 10:33:24,850 [ERROR] LogOutputStream:75 - [STDERR_REDIRECT] 
2026-05-09 10:33:25,826 [ERROR] LogOutputStream:75 - [STDERR_REDIRECT] [Fatal Error] :1:1: Premature end of file.
2026-05-09 10:33:25,826 [ERROR] LogOutputStream:75 - [STDERR_REDIRECT] 
2026-05-09 10:33:26,835 [ERROR] LogOutputStream:75 - [STDERR_REDIRECT] [Fatal Error] :1:1: Premature end of file.
2026-05-09 10:33:26,835 [ERROR] LogOutputStream:75 - [STDERR_REDIRECT] 
2026-05-09 10:33:27,829 [ERROR] LogOutputStream:75 - [STDERR_REDIRECT] [Fatal Error] :1:1: Premature end of file.
2026-05-09 10:33:27,831 [ERROR] LogOutputStream:75 - [STDERR_REDIRECT] 
2026-05-09 10:33:28,834 [ERROR] LogOutputStream:75 - [STDERR_REDIRECT] [Fatal Error] :1:1: Premature end of file.
2026-05-09 10:33:28,835 [ERROR] LogOutputStream:75 - [STDERR_REDIRECT] 
2026-05-09 10:33:29,852 [ERROR] LogOutputStream:75 - [STDERR_REDIRECT] [Fatal Error] :1:1: Premature end of file.
2026-05-09 10:33:29,853 [ERROR] LogOutputStream:75 - [STDERR_REDIRECT] 
2026-05-09 10:33:30,837 [ERROR] LogOutputStream:75 - [STDERR_REDIRECT] [Fatal Error] :1:1: Premature end of file.
2026-05-09 10:33:30,838 [ERROR] LogOutputStream:75 - [STDERR_REDIRECT] 
2026-05-09 10:33:31,841 [ERROR] LogOutputStream:75 - [STDERR_REDIRECT] [Fatal Error] :1:1: Premature end of file.
2026-05-09 10:33:31,841 [ERROR] LogOutputStream:75 - [STDERR_REDIRECT] 
2026-05-09 10:33:32,849 [ERROR] LogOutputStream:75 - [STDERR_REDIRECT] [Fatal Error] :1:1: Premature end of file.
2026-05-09 10:33:32,850 [ERROR] LogOutputStream:75 - [STDERR_REDIRECT] 
2026-05-09 10:33:33,844 [ERROR] LogOutputStream:75 - [STDERR_REDIRECT] [Fatal Error] :1:1: Premature end of file.
2026-05-09 10:33:33,845 [ERROR] LogOutputStream:75 - [STDERR_REDIRECT] 
2026-05-09 10:33:34,835 [ERROR] LogOutputStream:75 - [STDERR_REDIRECT] [Fatal Error] :1:1: Premature end of file.
2026-05-09 10:33:34,835 [ERROR] LogOutputStream:75 - [STDERR_REDIRECT] 
2026-05-09 10:33:35,842 [ERROR] LogOutputStream:75 - [STDERR_REDIRECT] [Fatal Error] :1:1: Premature end of file.
2026-05-09 10:33:35,842 [ERROR] LogOutputStream:75 - [STDERR_REDIRECT] 
2026-05-09 10:33:36,857 [ERROR] LogOutputStream:75 - [STDERR_REDIRECT] [Fatal Error] :1:1: Premature end of file.
2026-05-09 10:33:36,858 [ERROR] LogOutputStream:75 - [STDERR_REDIRECT] 
2026-05-09 10:33:37,849 [ERROR] LogOutputStream:75 - [STDERR_REDIRECT] [Fatal Error] :1:1: Premature end of file.
2026-05-09 10:33:37,849 [ERROR] LogOutputStream:75 - [STDERR_REDIRECT] 
2026-05-09 10:33:38,837 [ERROR] LogOutputStream:75 - [STDERR_REDIRECT] [Fatal Error] :1:1: Premature end of file.
2026-05-09 10:33:38,838 [ERROR] LogOutputStream:75 - [STDERR_REDIRECT] 
2026-05-09 10:33:39,856 [ERROR] LogOutputStream:75 - [STDERR_REDIRECT] [Fatal Error] :1:1: Premature end of file.
2026-05-09 10:33:39,857 [ERROR] LogOutputStream:75 - [STDERR_REDIRECT] 
2026-05-09 10:33:40,836 [ERROR] LogOutputStream:75 - [STDERR_REDIRECT] [Fatal Error] :1:1: Premature end of file.
2026-05-09 10:33:40,837 [ERROR] LogOutputStream:75 - [STDERR_REDIRECT] 
2026-05-09 10:33:41,833 [ERROR] LogOutputStream:75 - [STDERR_REDIRECT] [Fatal Error] :1:1: Premature end of file.
2026-05-09 10:33:41,833 [ERROR] LogOutputStream:75 - [STDERR_REDIRECT] 
2026-05-09 10:33:42,838 [ERROR] LogOutputStream:75 - [STDERR_REDIRECT] [Fatal Error] :1:1: Premature end of file.
2026-05-09 10:33:42,839 [ERROR] LogOutputStream:75 - [STDERR_REDIRECT] 
2026-05-09 10:33:43,851 [ERROR] LogOutputStream:75 - [STDERR_REDIRECT] [Fatal Error] :1:1: Premature end of file.
2026-05-09 10:33:43,851 [ERROR] LogOutputStream:75 - [STDERR_REDIRECT] 
2026-05-09 10:33:44,827 [ERROR] LogOutputStream:75 - [STDERR_REDIRECT] [Fatal Error] :1:1: Premature end of file.
2026-05-09 10:33:44,829 [ERROR] LogOutputStream:75 - [STDERR_REDIRECT] 
2026-05-09 10:33:45,819 [ERROR] LogOutputStream:75 - [STDERR_REDIRECT] [Fatal Error] :1:1: Premature end of file.
2026-05-09 10:33:45,819 [ERROR] LogOutputStream:75 - [STDERR_REDIRECT] 
2026-05-09 10:33:46,829 [ERROR] LogOutputStream:75 - [STDERR_REDIRECT] [Fatal Error] :1:1: Premature end of file.
2026-05-09 10:33:46,830 [ERROR] LogOutputStream:75 - [STDERR_REDIRECT] 
2026-05-09 10:33:47,830 [ERROR] LogOutputStream:75 - [STDERR_REDIRECT] [Fatal Error] :1:1: Premature end of file.
2026-05-09 10:33:47,830 [ERROR] LogOutputStream:75 - [STDERR_REDIRECT] 
2026-05-09 10:33:48,830 [ERROR] LogOutputStream:75 - [STDERR_REDIRECT] [Fatal Error] :1:1: Premature end of file.
2026-05-09 10:33:48,830 [ERROR] LogOutputStream:75 - [STDERR_REDIRECT] 
2026-05-09 10:33:49,840 [ERROR] LogOutputStream:75 - [STDERR_REDIRECT] [Fatal Error] :1:1: Premature end of file.
2026-05-09 10:33:49,841 [ERROR] LogOutputStream:75 - [STDERR_REDIRECT] 
2026-05-09 10:33:50,852 [ERROR] LogOutputStream:75 - [STDERR_REDIRECT] [Fatal Error] :1:1: Premature end of file.
2026-05-09 10:33:50,852 [ERROR] LogOutputStream:75 - [STDERR_REDIRECT] 
2026-05-09 10:33:51,830 [ERROR] LogOutputStream:75 - [STDERR_REDIRECT] [Fatal Error] :1:1: Premature end of file.
2026-05-09 10:33:51,830 [ERROR] LogOutputStream:75 - [STDERR_REDIRECT] 
2026-05-09 10:33:52,830 [ERROR] LogOutputStream:75 - [STDERR_REDIRECT] [Fatal Error] :1:1: Premature end of file.
2026-05-09 10:33:52,830 [ERROR] LogOutputStream:75 - [STDERR_REDIRECT] 
2026-05-09 10:33:53,844 [ERROR] LogOutputStream:75 - [STDERR_REDIRECT] [Fatal Error] :1:1: Premature end of file.
2026-05-09 10:33:53,845 [ERROR] LogOutputStream:75 - [STDERR_REDIRECT] 
2026-05-09 10:33:54,840 [ERROR] LogOutputStream:75 - [STDERR_REDIRECT] [Fatal Error] :1:1: Premature end of file.
2026-05-09 10:33:54,841 [ERROR] LogOutputStream:75 - [STDERR_REDIRECT] 
2026-05-09 10:33:55,837 [ERROR] LogOutputStream:75 - [STDERR_REDIRECT] [Fatal Error] :1:1: Premature end of file.
2026-05-09 10:33:55,837 [ERROR] LogOutputStream:75 - [STDERR_REDIRECT] 
2026-05-09 10:33:56,813 [ERROR] LogOutputStream:75 - [STDERR_REDIRECT] [Fatal Error] :1:1: Premature end of file.
2026-05-09 10:33:56,815 [ERROR] LogOutputStream:75 - [STDERR_REDIRECT] 
2026-05-09 10:33:57,835 [ERROR] LogOutputStream:75 - [STDERR_REDIRECT] [Fatal Error] :1:1: Premature end of file.
2026-05-09 10:33:57,836 [ERROR] LogOutputStream:75 - [STDERR_REDIRECT] 
2026-05-09 10:33:58,837 [ERROR] LogOutputStream:75 - [STDERR_REDIRECT] [Fatal Error] :1:1: Premature end of file.
2026-05-09 10:33:58,838 [ERROR] LogOutputStream:75 - [STDERR_REDIRECT] 
2026-05-09 10:33:59,838 [ERROR] LogOutputStream:75 - [STDERR_REDIRECT] [Fatal Error] :1:1: Premature end of file.
2026-05-09 10:33:59,838 [ERROR] LogOutputStream:75 - [STDERR_REDIRECT] 
2026-05-09 10:34:00,855 [ERROR] LogOutputStream:75 - [STDERR_REDIRECT] [Fatal Error] :1:1: Premature end of file.
2026-05-09 10:34:00,856 [ERROR] LogOutputStream:75 - [STDERR_REDIRECT] 
2026-05-09 10:34:01,832 [ERROR] LogOutputStream:75 - [STDERR_REDIRECT] [Fatal Error] :1:1: Premature end of file.
2026-05-09 10:34:01,833 [ERROR] LogOutputStream:75 - [STDERR_REDIRECT] 
2026-05-09 10:34:02,841 [ERROR] LogOutputStream:75 - [STDERR_REDIRECT] [Fatal Error] :1:1: Premature end of file.
2026-05-09 10:34:02,841 [ERROR] LogOutputStream:75 - [STDERR_REDIRECT] 
2026-05-09 10:34:03,844 [ERROR] LogOutputStream:75 - [STDERR_REDIRECT] [Fatal Error] :1:1: Premature end of file.
2026-05-09 10:34:03,845 [ERROR] LogOutputStream:75 - [STDERR_REDIRECT] 
2026-05-09 10:34:04,836 [ERROR] LogOutputStream:75 - [STDERR_REDIRECT] [Fatal Error] :1:1: Premature end of file.
2026-05-09 10:34:04,836 [ERROR] LogOutputStream:75 - [STDERR_REDIRECT] 
2026-05-09 10:34:05,835 [ERROR] LogOutputStream:75 - [STDERR_REDIRECT] [Fatal Error] :1:1: Premature end of file.
2026-05-09 10:34:05,836 [ERROR] LogOutputStream:75 - [STDERR_REDIRECT] 
2026-05-09 10:34:06,830 [ERROR] LogOutputStream:75 - [STDERR_REDIRECT] [Fatal Error] :1:1: Premature end of file.
2026-05-09 10:34:06,830 [ERROR] LogOutputStream:75 - [STDERR_REDIRECT] 
2026-05-09 10:34:07,829 [ERROR] LogOutputStream:75 - [STDERR_REDIRECT] [Fatal Error] :1:1: Premature end of file.
2026-05-09 10:34:07,830 [ERROR] LogOutputStream:75 - [STDERR_REDIRECT] 
2026-05-09 10:34:08,855 [ERROR] LogOutputStream:75 - [STDERR_REDIRECT] [Fatal Error] :1:1: Premature end of file.
2026-05-09 10:34:08,856 [ERROR] LogOutputStream:75 - [STDERR_REDIRECT] 
2026-05-09 10:34:09,839 [ERROR] LogOutputStream:75 - [STDERR_REDIRECT] [Fatal Error] :1:1: Premature end of file.
2026-05-09 10:34:09,839 [ERROR] LogOutputStream:75 - [STDERR_REDIRECT] 
2026-05-09 10:34:10,834 [ERROR] LogOutputStream:75 - [STDERR_REDIRECT] [Fatal Error] :1:1: Premature end of file.
2026-05-09 10:34:10,835 [ERROR] LogOutputStream:75 - [STDERR_REDIRECT] 
2026-05-09 10:34:11,834 [ERROR] LogOutputStream:75 - [STDERR_REDIRECT] [Fatal Error] :1:1: Premature end of file.
2026-05-09 10:34:11,834 [ERROR] LogOutputStream:75 - [STDERR_REDIRECT] 
2026-05-09 10:34:12,842 [ERROR] LogOutputStream:75 - [STDERR_REDIRECT] [Fatal Error] :1:1: Premature end of file.
2026-05-09 10:34:12,843 [ERROR] LogOutputStream:75 - [STDERR_REDIRECT] 
2026-05-09 10:34:13,836 [ERROR] LogOutputStream:75 - [STDERR_REDIRECT] [Fatal Error] :1:1: Premature end of file.
2026-05-09 10:34:13,836 [ERROR] LogOutputStream:75 - [STDERR_REDIRECT] 
2026-05-09 10:34:14,838 [ERROR] LogOutputStream:75 - [STDERR_REDIRECT] [Fatal Error] :1:1: Premature end of file.
2026-05-09 10:34:14,839 [ERROR] LogOutputStream:75 - [STDERR_REDIRECT] 
2026-05-09 10:34:15,841 [ERROR] LogOutputStream:75 - [STDERR_REDIRECT] [Fatal Error] :1:1: Premature end of file.
2026-05-09 10:34:15,841 [ERROR] LogOutputStream:75 - [STDERR_REDIRECT] 
2026-05-09 10:34:16,849 [ERROR] LogOutputStream:75 - [STDERR_REDIRECT] [Fatal Error] :1:1: Premature end of file.
2026-05-09 10:34:16,849 [ERROR] LogOutputStream:75 - [STDERR_REDIRECT] 
2026-05-09 10:34:17,842 [ERROR] LogOutputStream:75 - [STDERR_REDIRECT] [Fatal Error] :1:1: Premature end of file.
2026-05-09 10:34:17,842 [ERROR] LogOutputStream:75 - [STDERR_REDIRECT] 
2026-05-09 10:34:18,841 [ERROR] LogOutputStream:75 - [STDERR_REDIRECT] [Fatal Error] :1:1: Premature end of file.
2026-05-09 10:34:18,841 [ERROR] LogOutputStream:75 - [STDERR_REDIRECT] 
2026-05-09 10:34:19,853 [ERROR] LogOutputStream:75 - [STDERR_REDIRECT] [Fatal Error] :1:1: Premature end of file.
2026-05-09 10:34:19,854 [ERROR] LogOutputStream:75 - [STDERR_REDIRECT] 
2026-05-09 10:34:20,840 [ERROR] LogOutputStream:75 - [STDERR_REDIRECT] [Fatal Error] :1:1: Premature end of file.
2026-05-09 10:34:20,840 [ERROR] LogOutputStream:75 - [STDERR_REDIRECT] 
2026-05-09 10:34:21,844 [ERROR] LogOutputStream:75 - [STDERR_REDIRECT] [Fatal Error] :1:1: Premature end of file.
2026-05-09 10:34:21,846 [ERROR] LogOutputStream:75 - [STDERR_REDIRECT] 
2026-05-09 10:34:22,849 [ERROR] LogOutputStream:75 - [STDERR_REDIRECT] [Fatal Error] :1:1: Premature end of file.
2026-05-09 10:34:22,849 [ERROR] LogOutputStream:75 - [STDERR_REDIRECT] 
2026-05-09 10:34:23,842 [ERROR] LogOutputStream:75 - [STDERR_REDIRECT] [Fatal Error] :1:1: Premature end of file.
2026-05-09 10:34:23,842 [ERROR] LogOutputStream:75 - [STDERR_REDIRECT] 
2026-05-09 10:34:24,827 [ERROR] LogOutputStream:75 - [STDERR_REDIRECT] [Fatal Error] :1:1: Premature end of file.
2026-05-09 10:34:24,828 [ERROR] LogOutputStream:75 - [STDERR_REDIRECT] 
2026-05-09 10:34:25,825 [ERROR] LogOutputStream:75 - [STDERR_REDIRECT] [Fatal Error] :1:1: Premature end of file.
2026-05-09 10:34:25,825 [ERROR] LogOutputStream:75 - [STDERR_REDIRECT] 
2026-05-09 10:34:26,821 [ERROR] LogOutputStream:75 - [STDERR_REDIRECT] [Fatal Error] :1:1: Premature end of file.
2026-05-09 10:34:26,821 [ERROR] LogOutputStream:75 - [STDERR_REDIRECT] 
2026-05-09 10:34:27,819 [ERROR] LogOutputStream:75 - [STDERR_REDIRECT] [Fatal Error] :1:1: Premature end of file.
2026-05-09 10:34:27,819 [ERROR] LogOutputStream:75 - [STDERR_REDIRECT] 
2026-05-09 10:34:28,816 [ERROR] LogOutputStream:75 - [STDERR_REDIRECT] [Fatal Error] :1:1: Premature end of file.
2026-05-09 10:34:28,816 [ERROR] LogOutputStream:75 - [STDERR_REDIRECT] 
2026-05-09 10:34:29,827 [ERROR] LogOutputStream:75 - [STDERR_REDIRECT] [Fatal Error] :1:1: Premature end of file.
2026-05-09 10:34:29,827 [ERROR] LogOutputStream:75 - [STDERR_REDIRECT] 
2026-05-09 10:34:30,815 [ERROR] LogOutputStream:75 - [STDERR_REDIRECT] [Fatal Error] :1:1: Premature end of file.
2026-05-09 10:34:30,815 [ERROR] LogOutputStream:75 - [STDERR_REDIRECT] 
2026-05-09 10:34:31,803 [ERROR] LogOutputStream:75 - [STDERR_REDIRECT] [Fatal Error] :1:1: Premature end of file.
2026-05-09 10:34:31,803 [ERROR] LogOutputStream:75 - [STDERR_REDIRECT] 
2026-05-09 10:34:32,813 [ERROR] LogOutputStream:75 - [STDERR_REDIRECT] [Fatal Error] :1:1: Premature end of file.
2026-05-09 10:34:32,813 [ERROR] LogOutputStream:75 - [STDERR_REDIRECT] 
2026-05-09 10:34:33,801 [ERROR] LogOutputStream:75 - [STDERR_REDIRECT] [Fatal Error] :1:1: Premature end of file.
2026-05-09 10:34:33,801 [ERROR] LogOutputStream:75 - [STDERR_REDIRECT] 
2026-05-09 10:34:34,809 [ERROR] LogOutputStream:75 - [STDERR_REDIRECT] [Fatal Error] :1:1: Premature end of file.
2026-05-09 10:34:34,810 [ERROR] LogOutputStream:75 - [STDERR_REDIRECT] 
2026-05-09 10:34:35,816 [ERROR] LogOutputStream:75 - [STDERR_REDIRECT] [Fatal Error] :1:1: Premature end of file.
2026-05-09 10:34:35,816 [ERROR] LogOutputStream:75 - [STDERR_REDIRECT] 
2026-05-09 10:34:36,798 [ERROR] LogOutputStream:75 - [STDERR_REDIRECT] [Fatal Error] :1:1: Premature end of file.
2026-05-09 10:34:36,798 [ERROR] LogOutputStream:75 - [STDERR_REDIRECT] 
2026-05-09 10:34:37,815 [ERROR] LogOutputStream:75 - [STDERR_REDIRECT] [Fatal Error] :1:1: Premature end of file.
2026-05-09 10:34:37,815 [ERROR] LogOutputStream:75 - [STDERR_REDIRECT] 
2026-05-09 10:34:38,817 [ERROR] LogOutputStream:75 - [STDERR_REDIRECT] [Fatal Error] :1:1: Premature end of file.
2026-05-09 10:34:38,818 [ERROR] LogOutputStream:75 - [STDERR_REDIRECT] 
2026-05-09 10:34:39,812 [ERROR] LogOutputStream:75 - [STDERR_REDIRECT] [Fatal Error] :1:1: Premature end of file.
2026-05-09 10:34:39,813 [ERROR] LogOutputStream:75 - [STDERR_REDIRECT] 
2026-05-09 10:34:40,808 [ERROR] LogOutputStream:75 - [STDERR_REDIRECT] [Fatal Error] :1:1: Premature end of file.
2026-05-09 10:34:40,808 [ERROR] LogOutputStream:75 - [STDERR_REDIRECT] 
2026-05-09 10:34:41,812 [ERROR] LogOutputStream:75 - [STDERR_REDIRECT] [Fatal Error] :1:1: Premature end of file.
2026-05-09 10:34:41,812 [ERROR] LogOutputStream:75 - [STDERR_REDIRECT] 
2026-05-09 10:34:42,821 [ERROR] LogOutputStream:75 - [STDERR_REDIRECT] [Fatal Error] :1:1: Premature end of file.
2026-05-09 10:34:42,822 [ERROR] LogOutputStream:75 - [STDERR_REDIRECT] 
2026-05-09 10:34:43,810 [ERROR] LogOutputStream:75 - [STDERR_REDIRECT] [Fatal Error] :1:1: Premature end of file.
2026-05-09 10:34:43,810 [ERROR] LogOutputStream:75 - [STDERR_REDIRECT] 
2026-05-09 10:34:44,823 [ERROR] LogOutputStream:75 - [STDERR_REDIRECT] [Fatal Error] :1:1: Premature end of file.
2026-05-09 10:34:44,823 [ERROR] LogOutputStream:75 - [STDERR_REDIRECT] 
2026-05-09 10:34:45,812 [ERROR] LogOutputStream:75 - [STDERR_REDIRECT] [Fatal Error] :1:1: Premature end of file.
2026-05-09 10:34:45,812 [ERROR] LogOutputStream:75 - [STDERR_REDIRECT] 
2026-05-09 10:34:46,810 [ERROR] LogOutputStream:75 - [STDERR_REDIRECT] [Fatal Error] :1:1: Premature end of file.
2026-05-09 10:34:46,810 [ERROR] LogOutputStream:75 - [STDERR_REDIRECT] 
2026-05-09 10:34:47,830 [ERROR] LogOutputStream:75 - [STDERR_REDIRECT] [Fatal Error] :1:1: Premature end of file.
2026-05-09 10:34:47,830 [ERROR] LogOutputStream:75 - [STDERR_REDIRECT] 
2026-05-09 10:34:48,830 [ERROR] LogOutputStream:75 - [STDERR_REDIRECT] [Fatal Error] :1:1: Premature end of file.
2026-05-09 10:34:48,836 [ERROR] LogOutputStream:75 - [STDERR_REDIRECT] 
2026-05-09 10:34:49,832 [ERROR] LogOutputStream:75 - [STDERR_REDIRECT] [Fatal Error] :1:1: Premature end of file.
2026-05-09 10:34:49,834 [ERROR] LogOutputStream:75 - [STDERR_REDIRECT] 
2026-05-09 10:34:50,842 [ERROR] LogOutputStream:75 - [STDERR_REDIRECT] [Fatal Error] :1:1: Premature end of file.
2026-05-09 10:34:50,842 [ERROR] LogOutputStream:75 - [STDERR_REDIRECT] 
2026-05-09 10:34:51,849 [ERROR] LogOutputStream:75 - [STDERR_REDIRECT] [Fatal Error] :1:1: Premature end of file.
2026-05-09 10:34:51,855 [ERROR] LogOutputStream:75 - [STDERR_REDIRECT] 
2026-05-09 10:34:52,826 [ERROR] LogOutputStream:75 - [STDERR_REDIRECT] [Fatal Error] :1:1: Premature end of file.
2026-05-09 10:34:52,826 [ERROR] LogOutputStream:75 - [STDERR_REDIRECT] 
2026-05-09 10:34:53,842 [ERROR] LogOutputStream:75 - [STDERR_REDIRECT] [Fatal Error] :1:1: Premature end of file.
2026-05-09 10:34:53,845 [ERROR] LogOutputStream:75 - [STDERR_REDIRECT] 
2026-05-09 10:34:54,833 [ERROR] LogOutputStream:75 - [STDERR_REDIRECT] [Fatal Error] :1:1: Premature end of file.
2026-05-09 10:34:54,833 [ERROR] LogOutputStream:75 - [STDERR_REDIRECT] 
2026-05-09 10:34:55,823 [ERROR] LogOutputStream:75 - [STDERR_REDIRECT] [Fatal Error] :1:1: Premature end of file.
2026-05-09 10:34:55,823 [ERROR] LogOutputStream:75 - [STDERR_REDIRECT] 
2026-05-09 10:34:56,840 [ERROR] LogOutputStream:75 - [STDERR_REDIRECT] [Fatal Error] :1:1: Premature end of file.
2026-05-09 10:34:56,841 [ERROR] LogOutputStream:75 - [STDERR_REDIRECT] 
2026-05-09 10:34:57,821 [ERROR] LogOutputStream:75 - [STDERR_REDIRECT] [Fatal Error] :1:1: Premature end of file.
2026-05-09 10:34:57,826 [ERROR] LogOutputStream:75 - [STDERR_REDIRECT] 
2026-05-09 10:34:58,830 [ERROR] LogOutputStream:75 - [STDERR_REDIRECT] [Fatal Error] :1:1: Premature end of file.
2026-05-09 10:34:58,830 [ERROR] LogOutputStream:75 - [STDERR_REDIRECT] 
2026-05-09 10:34:59,831 [ERROR] LogOutputStream:75 - [STDERR_REDIRECT] [Fatal Error] :1:1: Premature end of file.
2026-05-09 10:34:59,831 [ERROR] LogOutputStream:75 - [STDERR_REDIRECT] 
2026-05-09 10:35:00,820 [ERROR] LogOutputStream:75 - [STDERR_REDIRECT] [Fatal Error] :1:1: Premature end of file.
2026-05-09 10:35:00,820 [ERROR] LogOutputStream:75 - [STDERR_REDIRECT] 
2026-05-09 10:35:01,797 [ERROR] LogOutputStream:75 - [STDERR_REDIRECT] [Fatal Error] :1:1: Premature end of file.
2026-05-09 10:35:01,797 [ERROR] LogOutputStream:75 - [STDERR_REDIRECT] 
2026-05-09 10:35:02,840 [ERROR] LogOutputStream:75 - [STDERR_REDIRECT] [Fatal Error] :1:1: Premature end of file.
2026-05-09 10:35:02,840 [ERROR] LogOutputStream:75 - [STDERR_REDIRECT] 
2026-05-09 10:35:03,805 [ERROR] LogOutputStream:75 - [STDERR_REDIRECT] [Fatal Error] :1:1: Premature end of file.
2026-05-09 10:35:03,805 [ERROR] LogOutputStream:75 - [STDERR_REDIRECT] 
2026-05-09 10:35:04,821 [ERROR] LogOutputStream:75 - [STDERR_REDIRECT] [Fatal Error] :1:1: Premature end of file.
2026-05-09 10:35:04,821 [ERROR] LogOutputStream:75 - [STDERR_REDIRECT] 
2026-05-09 10:35:05,820 [ERROR] LogOutputStream:75 - [STDERR_REDIRECT] [Fatal Error] :1:1: Premature end of file.
2026-05-09 10:35:05,820 [ERROR] LogOutputStream:75 - [STDERR_REDIRECT] 
2026-05-09 10:35:06,827 [ERROR] LogOutputStream:75 - [STDERR_REDIRECT] [Fatal Error] :1:1: Premature end of file.
2026-05-09 10:35:06,827 [ERROR] LogOutputStream:75 - [STDERR_REDIRECT] 
2026-05-09 10:35:07,850 [ERROR] LogOutputStream:75 - [STDERR_REDIRECT] [Fatal Error] :1:1: Premature end of file.
2026-05-09 10:35:07,850 [ERROR] LogOutputStream:75 - [STDERR_REDIRECT] 
2026-05-09 10:35:08,870 [ERROR] LogOutputStream:75 - [STDERR_REDIRECT] [Fatal Error] :1:1: Premature end of file.
2026-05-09 10:35:08,870 [ERROR] LogOutputStream:75 - [STDERR_REDIRECT] 
2026-05-09 10:35:09,853 [ERROR] LogOutputStream:75 - [STDERR_REDIRECT] [Fatal Error] :1:1: Premature end of file.
2026-05-09 10:35:09,853 [ERROR] LogOutputStream:75 - [STDERR_REDIRECT] 
2026-05-09 10:35:10,801 [ERROR] LogOutputStream:75 - [STDERR_REDIRECT] [Fatal Error] :1:1: Premature end of file.
2026-05-09 10:35:10,801 [ERROR] LogOutputStream:75 - [STDERR_REDIRECT] 
2026-05-09 10:35:11,801 [ERROR] LogOutputStream:75 - [STDERR_REDIRECT] [Fatal Error] :1:1: Premature end of file.
2026-05-09 10:35:11,801 [ERROR] LogOutputStream:75 - [STDERR_REDIRECT] 
2026-05-09 10:35:12,816 [ERROR] LogOutputStream:75 - [STDERR_REDIRECT] [Fatal Error] :1:1: Premature end of file.
2026-05-09 10:35:12,817 [ERROR] LogOutputStream:75 - [STDERR_REDIRECT] 
2026-05-09 10:35:13,815 [ERROR] LogOutputStream:75 - [STDERR_REDIRECT] [Fatal Error] :1:1: Premature end of file.
2026-05-09 10:35:13,816 [ERROR] LogOutputStream:75 - [STDERR_REDIRECT] 
2026-05-09 10:35:14,814 [ERROR] LogOutputStream:75 - [STDERR_REDIRECT] [Fatal Error] :1:1: Premature end of file.
2026-05-09 10:35:14,814 [ERROR] LogOutputStream:75 - [STDERR_REDIRECT] 
2026-05-09 10:35:15,819 [ERROR] LogOutputStream:75 - [STDERR_REDIRECT] [Fatal Error] :1:1: Premature end of file.
2026-05-09 10:35:15,819 [ERROR] LogOutputStream:75 - [STDERR_REDIRECT] 
2026-05-09 10:35:16,812 [ERROR] LogOutputStream:75 - [STDERR_REDIRECT] [Fatal Error] :1:1: Premature end of file.
2026-05-09 10:35:16,812 [ERROR] LogOutputStream:75 - [STDERR_REDIRECT] 
2026-05-09 10:35:17,815 [ERROR] LogOutputStream:75 - [STDERR_REDIRECT] [Fatal Error] :1:1: Premature end of file.
2026-05-09 10:35:17,815 [ERROR] LogOutputStream:75 - [STDERR_REDIRECT] 
2026-05-09 10:35:18,828 [ERROR] LogOutputStream:75 - [STDERR_REDIRECT] [Fatal Error] :1:1: Premature end of file.
2026-05-09 10:35:18,829 [ERROR] LogOutputStream:75 - [STDERR_REDIRECT] 
2026-05-09 10:35:19,813 [ERROR] LogOutputStream:75 - [STDERR_REDIRECT] [Fatal Error] :1:1: Premature end of file.
2026-05-09 10:35:19,813 [ERROR] LogOutputStream:75 - [STDERR_REDIRECT] 
2026-05-09 10:35:20,810 [ERROR] LogOutputStream:75 - [STDERR_REDIRECT] [Fatal Error] :1:1: Premature end of file.
2026-05-09 10:35:20,810 [ERROR] LogOutputStream:75 - [STDERR_REDIRECT] 
2026-05-09 10:35:21,823 [ERROR] LogOutputStream:75 - [STDERR_REDIRECT] [Fatal Error] :1:1: Premature end of file.
2026-05-09 10:35:21,824 [ERROR] LogOutputStream:75 - [STDERR_REDIRECT] 
2026-05-09 10:35:22,809 [ERROR] LogOutputStream:75 - [STDERR_REDIRECT] [Fatal Error] :1:1: Premature end of file.
2026-05-09 10:35:22,809 [ERROR] LogOutputStream:75 - [STDERR_REDIRECT] 
2026-05-09 10:35:23,800 [ERROR] LogOutputStream:75 - [STDERR_REDIRECT] [Fatal Error] :1:1: Premature end of file.
2026-05-09 10:35:23,800 [ERROR] LogOutputStream:75 - [STDERR_REDIRECT] 
2026-05-09 10:35:24,804 [ERROR] LogOutputStream:75 - [STDERR_REDIRECT] [Fatal Error] :1:1: Premature end of file.
2026-05-09 10:35:24,804 [ERROR] LogOutputStream:75 - [STDERR_REDIRECT] 
2026-05-09 10:35:25,887 [ERROR] LogOutputStream:75 - [STDERR_REDIRECT] [Fatal Error] :1:1: Premature end of file.
2026-05-09 10:35:25,887 [ERROR] LogOutputStream:75 - [STDERR_REDIRECT] 
2026-05-09 10:35:26,797 [ERROR] LogOutputStream:75 - [STDERR_REDIRECT] [Fatal Error] :1:1: Premature end of file.
2026-05-09 10:35:26,798 [ERROR] LogOutputStream:75 - [STDERR_REDIRECT] 
2026-05-09 10:35:27,829 [ERROR] LogOutputStream:75 - [STDERR_REDIRECT] [Fatal Error] :1:1: Premature end of file.
2026-05-09 10:35:27,829 [ERROR] LogOutputStream:75 - [STDERR_REDIRECT] 
2026-05-09 10:35:28,809 [ERROR] LogOutputStream:75 - [STDERR_REDIRECT] [Fatal Error] :1:1: Premature end of file.
2026-05-09 10:35:28,810 [ERROR] LogOutputStream:75 - [STDERR_REDIRECT] 
2026-05-09 10:35:29,799 [ERROR] LogOutputStream:75 - [STDERR_REDIRECT] [Fatal Error] :1:1: Premature end of file.
2026-05-09 10:35:29,799 [ERROR] LogOutputStream:75 - [STDERR_REDIRECT] 
2026-05-09 10:35:30,799 [ERROR] LogOutputStream:75 - [STDERR_REDIRECT] [Fatal Error] :1:1: Premature end of file.
2026-05-09 10:35:30,800 [ERROR] LogOutputStream:75 - [STDERR_REDIRECT] 
2026-05-09 10:35:31,801 [ERROR] LogOutputStream:75 - [STDERR_REDIRECT] [Fatal Error] :1:1: Premature end of file.
2026-05-09 10:35:31,801 [ERROR] LogOutputStream:75 - [STDERR_REDIRECT] 
2026-05-09 10:35:32,812 [ERROR] LogOutputStream:75 - [STDERR_REDIRECT] [Fatal Error] :1:1: Premature end of file.
2026-05-09 10:35:32,812 [ERROR] LogOutputStream:75 - [STDERR_REDIRECT] 
2026-05-09 10:35:33,839 [ERROR] LogOutputStream:75 - [STDERR_REDIRECT] [Fatal Error] :1:1: Premature end of file.
2026-05-09 10:35:33,839 [ERROR] LogOutputStream:75 - [STDERR_REDIRECT] 
2026-05-09 10:35:34,822 [ERROR] LogOutputStream:75 - [STDERR_REDIRECT] [Fatal Error] :1:1: Premature end of file.
2026-05-09 10:35:34,822 [ERROR] LogOutputStream:75 - [STDERR_REDIRECT] 
2026-05-09 10:35:35,809 [ERROR] LogOutputStream:75 - [STDERR_REDIRECT] [Fatal Error] :1:1: Premature end of file.
2026-05-09 10:35:35,809 [ERROR] LogOutputStream:75 - [STDERR_REDIRECT] 
2026-05-09 10:35:36,819 [ERROR] LogOutputStream:75 - [STDERR_REDIRECT] [Fatal Error] :1:1: Premature end of file.
2026-05-09 10:35:36,819 [ERROR] LogOutputStream:75 - [STDERR_REDIRECT] 
2026-05-09 10:35:37,823 [ERROR] LogOutputStream:75 - [STDERR_REDIRECT] [Fatal Error] :1:1: Premature end of file.
2026-05-09 10:35:37,823 [ERROR] LogOutputStream:75 - [STDERR_REDIRECT] 
2026-05-09 10:35:38,815 [ERROR] LogOutputStream:75 - [STDERR_REDIRECT] [Fatal Error] :1:1: Premature end of file.
2026-05-09 10:35:38,815 [ERROR] LogOutputStream:75 - [STDERR_REDIRECT] 
2026-05-09 10:35:39,835 [ERROR] LogOutputStream:75 - [STDERR_REDIRECT] [Fatal Error] :1:1: Premature end of file.
2026-05-09 10:35:39,835 [ERROR] LogOutputStream:75 - [STDERR_REDIRECT] 
2026-05-09 10:35:40,811 [ERROR] LogOutputStream:75 - [STDERR_REDIRECT] [Fatal Error] :1:1: Premature end of file.
2026-05-09 10:35:40,812 [ERROR] LogOutputStream:75 - [STDERR_REDIRECT] 
2026-05-09 10:35:41,815 [ERROR] LogOutputStream:75 - [STDERR_REDIRECT] [Fatal Error] :1:1: Premature end of file.
2026-05-09 10:35:41,815 [ERROR] LogOutputStream:75 - [STDERR_REDIRECT] 
2026-05-09 10:35:42,824 [ERROR] LogOutputStream:75 - [STDERR_REDIRECT] [Fatal Error] :1:1: Premature end of file.
2026-05-09 10:35:42,824 [ERROR] LogOutputStream:75 - [STDERR_REDIRECT] 
2026-05-09 10:35:43,825 [ERROR] LogOutputStream:75 - [STDERR_REDIRECT] [Fatal Error] :1:1: Premature end of file.
2026-05-09 10:35:43,825 [ERROR] LogOutputStream:75 - [STDERR_REDIRECT] 
2026-05-09 10:35:44,816 [ERROR] LogOutputStream:75 - [STDERR_REDIRECT] [Fatal Error] :1:1: Premature end of file.
2026-05-09 10:35:44,816 [ERROR] LogOutputStream:75 - [STDERR_REDIRECT] 
2026-05-09 10:35:45,817 [ERROR] LogOutputStream:75 - [STDERR_REDIRECT] [Fatal Error] :1:1: Premature end of file.
2026-05-09 10:35:45,817 [ERROR] LogOutputStream:75 - [STDERR_REDIRECT] 
2026-05-09 10:35:46,815 [ERROR] LogOutputStream:75 - [STDERR_REDIRECT] [Fatal Error] :1:1: Premature end of file.
2026-05-09 10:35:46,816 [ERROR] LogOutputStream:75 - [STDERR_REDIRECT] 
2026-05-09 10:35:47,804 [ERROR] LogOutputStream:75 - [STDERR_REDIRECT] [Fatal Error] :1:1: Premature end of file.
2026-05-09 10:35:47,804 [ERROR] LogOutputStream:75 - [STDERR_REDIRECT] 
2026-05-09 10:35:48,864 [ERROR] LogOutputStream:75 - [STDERR_REDIRECT] [Fatal Error] :1:1: Premature end of file.
2026-05-09 10:35:48,864 [ERROR] LogOutputStream:75 - [STDERR_REDIRECT] 
2026-05-09 10:35:49,817 [ERROR] LogOutputStream:75 - [STDERR_REDIRECT] [Fatal Error] :1:1: Premature end of file.
2026-05-09 10:35:49,817 [ERROR] LogOutputStream:75 - [STDERR_REDIRECT] 
2026-05-09 10:35:50,806 [ERROR] LogOutputStream:75 - [STDERR_REDIRECT] [Fatal Error] :1:1: Premature end of file.
2026-05-09 10:35:50,806 [ERROR] LogOutputStream:75 - [STDERR_REDIRECT] 
2026-05-09 10:35:51,819 [ERROR] LogOutputStream:75 - [STDERR_REDIRECT] [Fatal Error] :1:1: Premature end of file.
2026-05-09 10:35:51,819 [ERROR] LogOutputStream:75 - [STDERR_REDIRECT] 
2026-05-09 10:35:52,794 [ERROR] LogOutputStream:75 - [STDERR_REDIRECT] [Fatal Error] :1:1: Premature end of file.
2026-05-09 10:35:52,794 [ERROR] LogOutputStream:75 - [STDERR_REDIRECT] 
2026-05-09 10:35:53,798 [ERROR] LogOutputStream:75 - [STDERR_REDIRECT] [Fatal Error] :1:1: Premature end of file.
2026-05-09 10:35:53,798 [ERROR] LogOutputStream:75 - [STDERR_REDIRECT] 
2026-05-09 10:35:54,818 [ERROR] LogOutputStream:75 - [STDERR_REDIRECT] [Fatal Error] :1:1: Premature end of file.
2026-05-09 10:35:54,819 [ERROR] LogOutputStream:75 - [STDERR_REDIRECT] 
2026-05-09 10:35:55,796 [ERROR] LogOutputStream:75 - [STDERR_REDIRECT] [Fatal Error] :1:1: Premature end of file.
2026-05-09 10:35:55,796 [ERROR] LogOutputStream:75 - [STDERR_REDIRECT] 
2026-05-09 10:35:56,826 [ERROR] LogOutputStream:75 - [STDERR_REDIRECT] [Fatal Error] :1:1: Premature end of file.
2026-05-09 10:35:56,826 [ERROR] LogOutputStream:75 - [STDERR_REDIRECT] 
2026-05-09 10:35:57,814 [ERROR] LogOutputStream:75 - [STDERR_REDIRECT] [Fatal Error] :1:1: Premature end of file.
2026-05-09 10:35:57,814 [ERROR] LogOutputStream:75 - [STDERR_REDIRECT] 
2026-05-09 10:35:58,818 [ERROR] LogOutputStream:75 - [STDERR_REDIRECT] [Fatal Error] :1:1: Premature end of file.
2026-05-09 10:35:58,818 [ERROR] LogOutputStream:75 - [STDERR_REDIRECT] 
2026-05-09 10:35:59,822 [ERROR] LogOutputStream:75 - [STDERR_REDIRECT] [Fatal Error] :1:1: Premature end of file.
2026-05-09 10:35:59,822 [ERROR] LogOutputStream:75 - [STDERR_REDIRECT] 
2026-05-09 10:36:00,820 [ERROR] LogOutputStream:75 - [STDERR_REDIRECT] [Fatal Error] :1:1: Premature end of file.
2026-05-09 10:36:00,820 [ERROR] LogOutputStream:75 - [STDERR_REDIRECT] 
2026-05-09 10:36:01,813 [ERROR] LogOutputStream:75 - [STDERR_REDIRECT] [Fatal Error] :1:1: Premature end of file.
2026-05-09 10:36:01,813 [ERROR] LogOutputStream:75 - [STDERR_REDIRECT] 
2026-05-09 10:36:02,818 [ERROR] LogOutputStream:75 - [STDERR_REDIRECT] [Fatal Error] :1:1: Premature end of file.
2026-05-09 10:36:02,818 [ERROR] LogOutputStream:75 - [STDERR_REDIRECT] 
2026-05-09 10:36:03,809 [ERROR] LogOutputStream:75 - [STDERR_REDIRECT] [Fatal Error] :1:1: Premature end of file.
2026-05-09 10:36:03,809 [ERROR] LogOutputStream:75 - [STDERR_REDIRECT] 
2026-05-09 10:36:04,821 [ERROR] LogOutputStream:75 - [STDERR_REDIRECT] [Fatal Error] :1:1: Premature end of file.
2026-05-09 10:36:04,821 [ERROR] LogOutputStream:75 - [STDERR_REDIRECT] 
2026-05-09 10:36:05,803 [ERROR] LogOutputStream:75 - [STDERR_REDIRECT] [Fatal Error] :1:1: Premature end of file.
2026-05-09 10:36:05,803 [ERROR] LogOutputStream:75 - [STDERR_REDIRECT] 
2026-05-09 10:36:06,802 [ERROR] LogOutputStream:75 - [STDERR_REDIRECT] [Fatal Error] :1:1: Premature end of file.
2026-05-09 10:36:06,802 [ERROR] LogOutputStream:75 - [STDERR_REDIRECT] 
2026-05-09 10:36:07,810 [ERROR] LogOutputStream:75 - [STDERR_REDIRECT] [Fatal Error] :1:1: Premature end of file.
2026-05-09 10:36:07,810 [ERROR] LogOutputStream:75 - [STDERR_REDIRECT] 
2026-05-09 10:36:08,807 [ERROR] LogOutputStream:75 - [STDERR_REDIRECT] [Fatal Error] :1:1: Premature end of file.
2026-05-09 10:36:08,807 [ERROR] LogOutputStream:75 - [STDERR_REDIRECT] 
2026-05-09 10:36:09,820 [ERROR] LogOutputStream:75 - [STDERR_REDIRECT] [Fatal Error] :1:1: Premature end of file.
2026-05-09 10:36:09,820 [ERROR] LogOutputStream:75 - [STDERR_REDIRECT] 
2026-05-09 10:36:10,819 [ERROR] LogOutputStream:75 - [STDERR_REDIRECT] [Fatal Error] :1:1: Premature end of file.
2026-05-09 10:36:10,819 [ERROR] LogOutputStream:75 - [STDERR_REDIRECT] 
2026-05-09 10:36:11,819 [ERROR] LogOutputStream:75 - [STDERR_REDIRECT] [Fatal Error] :1:1: Premature end of file.
2026-05-09 10:36:11,819 [ERROR] LogOutputStream:75 - [STDERR_REDIRECT] 
2026-05-09 10:36:12,818 [ERROR] LogOutputStream:75 - [STDERR_REDIRECT] [Fatal Error] :1:1: Premature end of file.
2026-05-09 10:36:12,818 [ERROR] LogOutputStream:75 - [STDERR_REDIRECT] 
2026-05-09 10:36:13,829 [ERROR] LogOutputStream:75 - [STDERR_REDIRECT] [Fatal Error] :1:1: Premature end of file.
2026-05-09 10:36:13,829 [ERROR] LogOutputStream:75 - [STDERR_REDIRECT] 
2026-05-09 10:36:14,818 [ERROR] LogOutputStream:75 - [STDERR_REDIRECT] [Fatal Error] :1:1: Premature end of file.
2026-05-09 10:36:14,818 [ERROR] LogOutputStream:75 - [STDERR_REDIRECT] 
2026-05-09 10:36:15,816 [ERROR] LogOutputStream:75 - [STDERR_REDIRECT] [Fatal Error] :1:1: Premature end of file.
2026-05-09 10:36:15,816 [ERROR] LogOutputStream:75 - [STDERR_REDIRECT] 
2026-05-09 10:36:16,819 [ERROR] LogOutputStream:75 - [STDERR_REDIRECT] [Fatal Error] :1:1: Premature end of file.
2026-05-09 10:36:16,819 [ERROR] LogOutputStream:75 - [STDERR_REDIRECT] 
2026-05-09 10:36:17,811 [ERROR] LogOutputStream:75 - [STDERR_REDIRECT] [Fatal Error] :1:1: Premature end of file.
2026-05-09 10:36:17,811 [ERROR] LogOutputStream:75 - [STDERR_REDIRECT] 
2026-05-09 10:36:18,822 [ERROR] LogOutputStream:75 - [STDERR_REDIRECT] [Fatal Error] :1:1: Premature end of file.
2026-05-09 10:36:18,822 [ERROR] LogOutputStream:75 - [STDERR_REDIRECT] 
2026-05-09 10:36:19,809 [ERROR] LogOutputStream:75 - [STDERR_REDIRECT] [Fatal Error] :1:1: Premature end of file.
2026-05-09 10:36:19,809 [ERROR] LogOutputStream:75 - [STDERR_REDIRECT] 
2026-05-09 10:36:20,814 [ERROR] LogOutputStream:75 - [STDERR_REDIRECT] [Fatal Error] :1:1: Premature end of file.
2026-05-09 10:36:20,814 [ERROR] LogOutputStream:75 - [STDERR_REDIRECT] 
2026-05-09 10:36:21,816 [ERROR] LogOutputStream:75 - [STDERR_REDIRECT] [Fatal Error] :1:1: Premature end of file.
2026-05-09 10:36:21,816 [ERROR] LogOutputStream:75 - [STDERR_REDIRECT] 
2026-05-09 10:36:22,812 [ERROR] LogOutputStream:75 - [STDERR_REDIRECT] [Fatal Error] :1:1: Premature end of file.
2026-05-09 10:36:22,812 [ERROR] LogOutputStream:75 - [STDERR_REDIRECT] 
2026-05-09 10:36:23,836 [ERROR] LogOutputStream:75 - [STDERR_REDIRECT] [Fatal Error] :1:1: Premature end of file.
2026-05-09 10:36:23,837 [ERROR] LogOutputStream:75 - [STDERR_REDIRECT] 
2026-05-09 10:36:24,816 [ERROR] LogOutputStream:75 - [STDERR_REDIRECT] [Fatal Error] :1:1: Premature end of file.
2026-05-09 10:36:24,816 [ERROR] LogOutputStream:75 - [STDERR_REDIRECT] 
2026-05-09 10:36:25,834 [ERROR] LogOutputStream:75 - [STDERR_REDIRECT] [Fatal Error] :1:1: Premature end of file.
2026-05-09 10:36:25,834 [ERROR] LogOutputStream:75 - [STDERR_REDIRECT] 
2026-05-09 10:36:26,823 [ERROR] LogOutputStream:75 - [STDERR_REDIRECT] [Fatal Error] :1:1: Premature end of file.
2026-05-09 10:36:26,823 [ERROR] LogOutputStream:75 - [STDERR_REDIRECT] 
2026-05-09 10:36:27,810 [ERROR] LogOutputStream:75 - [STDERR_REDIRECT] [Fatal Error] :1:1: Premature end of file.
2026-05-09 10:36:27,810 [ERROR] LogOutputStream:75 - [STDERR_REDIRECT] 
2026-05-09 10:36:28,815 [ERROR] LogOutputStream:75 - [STDERR_REDIRECT] [Fatal Error] :1:1: Premature end of file.
2026-05-09 10:36:28,816 [ERROR] LogOutputStream:75 - [STDERR_REDIRECT] 
2026-05-09 10:36:29,828 [ERROR] LogOutputStream:75 - [STDERR_REDIRECT] [Fatal Error] :1:1: Premature end of file.
2026-05-09 10:36:29,828 [ERROR] LogOutputStream:75 - [STDERR_REDIRECT] 
2026-05-09 10:36:30,820 [ERROR] LogOutputStream:75 - [STDERR_REDIRECT] [Fatal Error] :1:1: Premature end of file.
2026-05-09 10:36:30,820 [ERROR] LogOutputStream:75 - [STDERR_REDIRECT] 
2026-05-09 10:36:31,814 [ERROR] LogOutputStream:75 - [STDERR_REDIRECT] [Fatal Error] :1:1: Premature end of file.
2026-05-09 10:36:31,814 [ERROR] LogOutputStream:75 - [STDERR_REDIRECT] 
2026-05-09 10:36:32,815 [ERROR] LogOutputStream:75 - [STDERR_REDIRECT] [Fatal Error] :1:1: Premature end of file.
2026-05-09 10:36:32,815 [ERROR] LogOutputStream:75 - [STDERR_REDIRECT] 
2026-05-09 10:36:33,804 [ERROR] LogOutputStream:75 - [STDERR_REDIRECT] [Fatal Error] :1:1: Premature end of file.
2026-05-09 10:36:33,804 [ERROR] LogOutputStream:75 - [STDERR_REDIRECT] 
2026-05-09 10:36:34,817 [ERROR] LogOutputStream:75 - [STDERR_REDIRECT] [Fatal Error] :1:1: Premature end of file.
2026-05-09 10:36:34,817 [ERROR] LogOutputStream:75 - [STDERR_REDIRECT] 
2026-05-09 10:36:35,793 [ERROR] LogOutputStream:75 - [STDERR_REDIRECT] [Fatal Error] :1:1: Premature end of file.
2026-05-09 10:36:35,793 [ERROR] LogOutputStream:75 - [STDERR_REDIRECT] 
2026-05-09 10:36:36,923 [ERROR] LogOutputStream:75 - [STDERR_REDIRECT] [Fatal Error] :1:1: Premature end of file.
2026-05-09 10:36:36,923 [ERROR] LogOutputStream:75 - [STDERR_REDIRECT] 
2026-05-09 10:36:37,814 [ERROR] LogOutputStream:75 - [STDERR_REDIRECT] [Fatal Error] :1:1: Premature end of file.
2026-05-09 10:36:37,814 [ERROR] LogOutputStream:75 - [STDERR_REDIRECT] 
2026-05-09 10:36:38,802 [ERROR] LogOutputStream:75 - [STDERR_REDIRECT] [Fatal Error] :1:1: Premature end of file.
2026-05-09 10:36:38,803 [ERROR] LogOutputStream:75 - [STDERR_REDIRECT] 
2026-05-09 10:36:39,816 [ERROR] LogOutputStream:75 - [STDERR_REDIRECT] [Fatal Error] :1:1: Premature end of file.
2026-05-09 10:36:39,816 [ERROR] LogOutputStream:75 - [STDERR_REDIRECT] 
2026-05-09 10:36:40,819 [ERROR] LogOutputStream:75 - [STDERR_REDIRECT] [Fatal Error] :1:1: Premature end of file.
2026-05-09 10:36:40,819 [ERROR] LogOutputStream:75 - [STDERR_REDIRECT] 
2026-05-09 10:36:41,809 [ERROR] LogOutputStream:75 - [STDERR_REDIRECT] [Fatal Error] :1:1: Premature end of file.
2026-05-09 10:36:41,809 [ERROR] LogOutputStream:75 - [STDERR_REDIRECT] 
2026-05-09 10:36:42,842 [ERROR] LogOutputStream:75 - [STDERR_REDIRECT] [Fatal Error] :1:1: Premature end of file.
2026-05-09 10:36:42,842 [ERROR] LogOutputStream:75 - [STDERR_REDIRECT] 
2026-05-09 10:36:43,808 [ERROR] LogOutputStream:75 - [STDERR_REDIRECT] [Fatal Error] :1:1: Premature end of file.
2026-05-09 10:36:43,809 [ERROR] LogOutputStream:75 - [STDERR_REDIRECT] 
2026-05-09 10:36:44,803 [ERROR] LogOutputStream:75 - [STDERR_REDIRECT] [Fatal Error] :1:1: Premature end of file.
2026-05-09 10:36:44,803 [ERROR] LogOutputStream:75 - [STDERR_REDIRECT] 
2026-05-09 10:36:45,807 [ERROR] LogOutputStream:75 - [STDERR_REDIRECT] [Fatal Error] :1:1: Premature end of file.
2026-05-09 10:36:45,807 [ERROR] LogOutputStream:75 - [STDERR_REDIRECT] 
2026-05-09 10:36:46,807 [ERROR] LogOutputStream:75 - [STDERR_REDIRECT] [Fatal Error] :1:1: Premature end of file.
2026-05-09 10:36:46,807 [ERROR] LogOutputStream:75 - [STDERR_REDIRECT] 
2026-05-09 10:36:47,814 [ERROR] LogOutputStream:75 - [STDERR_REDIRECT] [Fatal Error] :1:1: Premature end of file.
2026-05-09 10:36:47,814 [ERROR] LogOutputStream:75 - [STDERR_REDIRECT] 
2026-05-09 10:36:48,812 [ERROR] LogOutputStream:75 - [STDERR_REDIRECT] [Fatal Error] :1:1: Premature end of file.
2026-05-09 10:36:48,813 [ERROR] LogOutputStream:75 - [STDERR_REDIRECT] 
2026-05-09 10:36:49,813 [ERROR] LogOutputStream:75 - [STDERR_REDIRECT] [Fatal Error] :1:1: Premature end of file.
2026-05-09 10:36:49,813 [ERROR] LogOutputStream:75 - [STDERR_REDIRECT] 
2026-05-09 10:36:50,803 [ERROR] LogOutputStream:75 - [STDERR_REDIRECT] [Fatal Error] :1:1: Premature end of file.
2026-05-09 10:36:50,804 [ERROR] LogOutputStream:75 - [STDERR_REDIRECT] 
2026-05-09 10:36:51,810 [ERROR] LogOutputStream:75 - [STDERR_REDIRECT] [Fatal Error] :1:1: Premature end of file.
2026-05-09 10:36:51,810 [ERROR] LogOutputStream:75 - [STDERR_REDIRECT] 
2026-05-09 10:36:52,819 [ERROR] LogOutputStream:75 - [STDERR_REDIRECT] [Fatal Error] :1:1: Premature end of file.
2026-05-09 10:36:52,819 [ERROR] LogOutputStream:75 - [STDERR_REDIRECT] 
2026-05-09 10:36:53,824 [ERROR] LogOutputStream:75 - [STDERR_REDIRECT] [Fatal Error] :1:1: Premature end of file.
2026-05-09 10:36:53,824 [ERROR] LogOutputStream:75 - [STDERR_REDIRECT] 
2026-05-09 10:36:54,818 [ERROR] LogOutputStream:75 - [STDERR_REDIRECT] [Fatal Error] :1:1: Premature end of file.
2026-05-09 10:36:54,818 [ERROR] LogOutputStream:75 - [STDERR_REDIRECT] 
2026-05-09 10:36:55,829 [ERROR] LogOutputStream:75 - [STDERR_REDIRECT] [Fatal Error] :1:1: Premature end of file.
2026-05-09 10:36:55,829 [ERROR] LogOutputStream:75 - [STDERR_REDIRECT] 
2026-05-09 10:36:56,793 [ERROR] LogOutputStream:75 - [STDERR_REDIRECT] [Fatal Error] :1:1: Premature end of file.
2026-05-09 10:36:56,794 [ERROR] LogOutputStream:75 - [STDERR_REDIRECT] 
2026-05-09 10:36:57,803 [ERROR] LogOutputStream:75 - [STDERR_REDIRECT] [Fatal Error] :1:1: Premature end of file.
2026-05-09 10:36:57,803 [ERROR] LogOutputStream:75 - [STDERR_REDIRECT] 
2026-05-09 10:36:58,805 [ERROR] LogOutputStream:75 - [STDERR_REDIRECT] [Fatal Error] :1:1: Premature end of file.
2026-05-09 10:36:58,805 [ERROR] LogOutputStream:75 - [STDERR_REDIRECT] 
2026-05-09 10:36:59,809 [ERROR] LogOutputStream:75 - [STDERR_REDIRECT] [Fatal Error] :1:1: Premature end of file.
2026-05-09 10:36:59,809 [ERROR] LogOutputStream:75 - [STDERR_REDIRECT] 
2026-05-09 10:37:00,818 [ERROR] LogOutputStream:75 - [STDERR_REDIRECT] [Fatal Error] :1:1: Premature end of file.
2026-05-09 10:37:00,818 [ERROR] LogOutputStream:75 - [STDERR_REDIRECT] 
2026-05-09 10:37:01,812 [ERROR] LogOutputStream:75 - [STDERR_REDIRECT] [Fatal Error] :1:1: Premature end of file.
2026-05-09 10:37:01,812 [ERROR] LogOutputStream:75 - [STDERR_REDIRECT] 
2026-05-09 10:37:02,819 [ERROR] LogOutputStream:75 - [STDERR_REDIRECT] [Fatal Error] :1:1: Premature end of file.
2026-05-09 10:37:02,821 [ERROR] LogOutputStream:75 - [STDERR_REDIRECT] 
2026-05-09 10:37:03,808 [ERROR] LogOutputStream:75 - [STDERR_REDIRECT] [Fatal Error] :1:1: Premature end of file.
2026-05-09 10:37:03,808 [ERROR] LogOutputStream:75 - [STDERR_REDIRECT] 
2026-05-09 10:37:04,812 [ERROR] LogOutputStream:75 - [STDERR_REDIRECT] [Fatal Error] :1:1: Premature end of file.
2026-05-09 10:37:04,813 [ERROR] LogOutputStream:75 - [STDERR_REDIRECT] 
2026-05-09 10:37:05,810 [ERROR] LogOutputStream:75 - [STDERR_REDIRECT] [Fatal Error] :1:1: Premature end of file.
2026-05-09 10:37:05,810 [ERROR] LogOutputStream:75 - [STDERR_REDIRECT] 
2026-05-09 10:37:06,816 [ERROR] LogOutputStream:75 - [STDERR_REDIRECT] [Fatal Error] :1:1: Premature end of file.
2026-05-09 10:37:06,816 [ERROR] LogOutputStream:75 - [STDERR_REDIRECT] 
2026-05-09 10:37:07,816 [ERROR] LogOutputStream:75 - [STDERR_REDIRECT] [Fatal Error] :1:1: Premature end of file.
2026-05-09 10:37:07,817 [ERROR] LogOutputStream:75 - [STDERR_REDIRECT] 
2026-05-09 10:37:08,817 [ERROR] LogOutputStream:75 - [STDERR_REDIRECT] [Fatal Error] :1:1: Premature end of file.
2026-05-09 10:37:08,817 [ERROR] LogOutputStream:75 - [STDERR_REDIRECT] 
2026-05-09 10:37:09,816 [ERROR] LogOutputStream:75 - [STDERR_REDIRECT] [Fatal Error] :1:1: Premature end of file.
2026-05-09 10:37:09,816 [ERROR] LogOutputStream:75 - [STDERR_REDIRECT] 
2026-05-09 10:37:10,813 [ERROR] LogOutputStream:75 - [STDERR_REDIRECT] [Fatal Error] :1:1: Premature end of file.
2026-05-09 10:37:10,813 [ERROR] LogOutputStream:75 - [STDERR_REDIRECT] 
2026-05-09 10:37:11,812 [ERROR] LogOutputStream:75 - [STDERR_REDIRECT] [Fatal Error] :1:1: Premature end of file.
2026-05-09 10:37:11,813 [ERROR] LogOutputStream:75 - [STDERR_REDIRECT] 
2026-05-09 10:37:12,813 [ERROR] LogOutputStream:75 - [STDERR_REDIRECT] [Fatal Error] :1:1: Premature end of file.
2026-05-09 10:37:12,813 [ERROR] LogOutputStream:75 - [STDERR_REDIRECT] 
2026-05-09 10:37:13,812 [ERROR] LogOutputStream:75 - [STDERR_REDIRECT] [Fatal Error] :1:1: Premature end of file.
2026-05-09 10:37:13,812 [ERROR] LogOutputStream:75 - [STDERR_REDIRECT] 
2026-05-09 10:37:14,818 [ERROR] LogOutputStream:75 - [STDERR_REDIRECT] [Fatal Error] :1:1: Premature end of file.
2026-05-09 10:37:14,818 [ERROR] LogOutputStream:75 - [STDERR_REDIRECT] 
2026-05-09 10:37:15,812 [ERROR] LogOutputStream:75 - [STDERR_REDIRECT] [Fatal Error] :1:1: Premature end of file.
2026-05-09 10:37:15,813 [ERROR] LogOutputStream:75 - [STDERR_REDIRECT] 
2026-05-09 10:37:16,810 [ERROR] LogOutputStream:75 - [STDERR_REDIRECT] [Fatal Error] :1:1: Premature end of file.
2026-05-09 10:37:16,810 [ERROR] LogOutputStream:75 - [STDERR_REDIRECT] 
2026-05-09 10:37:17,808 [ERROR] LogOutputStream:75 - [STDERR_REDIRECT] [Fatal Error] :1:1: Premature end of file.
2026-05-09 10:37:17,808 [ERROR] LogOutputStream:75 - [STDERR_REDIRECT] 
2026-05-09 10:37:18,794 [ERROR] LogOutputStream:75 - [STDERR_REDIRECT] [Fatal Error] :1:1: Premature end of file.
2026-05-09 10:37:18,795 [ERROR] LogOutputStream:75 - [STDERR_REDIRECT] 
2026-05-09 10:37:19,813 [ERROR] LogOutputStream:75 - [STDERR_REDIRECT] [Fatal Error] :1:1: Premature end of file.
2026-05-09 10:37:19,813 [ERROR] LogOutputStream:75 - [STDERR_REDIRECT] 
2026-05-09 10:37:20,802 [ERROR] LogOutputStream:75 - [STDERR_REDIRECT] [Fatal Error] :1:1: Premature end of file.
2026-05-09 10:37:20,802 [ERROR] LogOutputStream:75 - [STDERR_REDIRECT] 
2026-05-09 10:37:21,825 [ERROR] LogOutputStream:75 - [STDERR_REDIRECT] [Fatal Error] :1:1: Premature end of file.
2026-05-09 10:37:21,825 [ERROR] LogOutputStream:75 - [STDERR_REDIRECT] 
2026-05-09 10:37:22,817 [ERROR] LogOutputStream:75 - [STDERR_REDIRECT] [Fatal Error] :1:1: Premature end of file.
2026-05-09 10:37:22,817 [ERROR] LogOutputStream:75 - [STDERR_REDIRECT] 
2026-05-09 10:37:23,825 [ERROR] LogOutputStream:75 - [STDERR_REDIRECT] [Fatal Error] :1:1: Premature end of file.
2026-05-09 10:37:23,826 [ERROR] LogOutputStream:75 - [STDERR_REDIRECT] 
2026-05-09 10:37:24,821 [ERROR] LogOutputStream:75 - [STDERR_REDIRECT] [Fatal Error] :1:1: Premature end of file.
2026-05-09 10:37:24,821 [ERROR] LogOutputStream:75 - [STDERR_REDIRECT] 
2026-05-09 10:37:25,835 [ERROR] LogOutputStream:75 - [STDERR_REDIRECT] [Fatal Error] :1:1: Premature end of file.
2026-05-09 10:37:25,835 [ERROR] LogOutputStream:75 - [STDERR_REDIRECT] 
2026-05-09 10:37:26,810 [ERROR] LogOutputStream:75 - [STDERR_REDIRECT] [Fatal Error] :1:1: Premature end of file.
2026-05-09 10:37:26,810 [ERROR] LogOutputStream:75 - [STDERR_REDIRECT] 
2026-05-09 10:37:27,812 [ERROR] LogOutputStream:75 - [STDERR_REDIRECT] [Fatal Error] :1:1: Premature end of file.
2026-05-09 10:37:27,813 [ERROR] LogOutputStream:75 - [STDERR_REDIRECT] 
2026-05-09 10:37:28,809 [ERROR] LogOutputStream:75 - [STDERR_REDIRECT] [Fatal Error] :1:1: Premature end of file.
2026-05-09 10:37:28,809 [ERROR] LogOutputStream:75 - [STDERR_REDIRECT] 
2026-05-09 10:37:29,815 [ERROR] LogOutputStream:75 - [STDERR_REDIRECT] [Fatal Error] :1:1: Premature end of file.
2026-05-09 10:37:29,815 [ERROR] LogOutputStream:75 - [STDERR_REDIRECT] 
2026-05-09 10:37:30,810 [ERROR] LogOutputStream:75 - [STDERR_REDIRECT] [Fatal Error] :1:1: Premature end of file.
2026-05-09 10:37:30,810 [ERROR] LogOutputStream:75 - [STDERR_REDIRECT] 
2026-05-09 10:37:31,814 [ERROR] LogOutputStream:75 - [STDERR_REDIRECT] [Fatal Error] :1:1: Premature end of file.
2026-05-09 10:37:31,815 [ERROR] LogOutputStream:75 - [STDERR_REDIRECT] 
2026-05-09 10:37:32,815 [ERROR] LogOutputStream:75 - [STDERR_REDIRECT] [Fatal Error] :1:1: Premature end of file.
2026-05-09 10:37:32,815 [ERROR] LogOutputStream:75 - [STDERR_REDIRECT] 
2026-05-09 10:37:33,806 [ERROR] LogOutputStream:75 - [STDERR_REDIRECT] [Fatal Error] :1:1: Premature end of file.
2026-05-09 10:37:33,806 [ERROR] LogOutputStream:75 - [STDERR_REDIRECT] 
2026-05-09 10:37:34,809 [ERROR] LogOutputStream:75 - [STDERR_REDIRECT] [Fatal Error] :1:1: Premature end of file.
2026-05-09 10:37:34,809 [ERROR] LogOutputStream:75 - [STDERR_REDIRECT] 
2026-05-09 10:37:35,809 [ERROR] LogOutputStream:75 - [STDERR_REDIRECT] [Fatal Error] :1:1: Premature end of file.
2026-05-09 10:37:35,809 [ERROR] LogOutputStream:75 - [STDERR_REDIRECT] 
2026-05-09 10:37:36,812 [ERROR] LogOutputStream:75 - [STDERR_REDIRECT] [Fatal Error] :1:1: Premature end of file.
2026-05-09 10:37:36,812 [ERROR] LogOutputStream:75 - [STDERR_REDIRECT] 
2026-05-09 10:37:37,808 [ERROR] LogOutputStream:75 - [STDERR_REDIRECT] [Fatal Error] :1:1: Premature end of file.
2026-05-09 10:37:37,808 [ERROR] LogOutputStream:75 - [STDERR_REDIRECT] 
2026-05-09 10:37:38,814 [ERROR] LogOutputStream:75 - [STDERR_REDIRECT] [Fatal Error] :1:1: Premature end of file.
2026-05-09 10:37:38,814 [ERROR] LogOutputStream:75 - [STDERR_REDIRECT] 
2026-05-09 10:37:39,806 [ERROR] LogOutputStream:75 - [STDERR_REDIRECT] [Fatal Error] :1:1: Premature end of file.
2026-05-09 10:37:39,806 [ERROR] LogOutputStream:75 - [STDERR_REDIRECT] 
2026-05-09 10:37:40,794 [ERROR] LogOutputStream:75 - [STDERR_REDIRECT] [Fatal Error] :1:1: Premature end of file.
2026-05-09 10:37:40,794 [ERROR] LogOutputStream:75 - [STDERR_REDIRECT] 
2026-05-09 10:37:41,810 [ERROR] LogOutputStream:75 - [STDERR_REDIRECT] [Fatal Error] :1:1: Premature end of file.
2026-05-09 10:37:41,810 [ERROR] LogOutputStream:75 - [STDERR_REDIRECT] 
2026-05-09 10:37:42,810 [ERROR] LogOutputStream:75 - [STDERR_REDIRECT] [Fatal Error] :1:1: Premature end of file.
2026-05-09 10:37:42,810 [ERROR] LogOutputStream:75 - [STDERR_REDIRECT] 
2026-05-09 10:37:43,811 [ERROR] LogOutputStream:75 - [STDERR_REDIRECT] [Fatal Error] :1:1: Premature end of file.
2026-05-09 10:37:43,811 [ERROR] LogOutputStream:75 - [STDERR_REDIRECT] 
2026-05-09 10:37:44,810 [ERROR] LogOutputStream:75 - [STDERR_REDIRECT] [Fatal Error] :1:1: Premature end of file.
2026-05-09 10:37:44,810 [ERROR] LogOutputStream:75 - [STDERR_REDIRECT] 
2026-05-09 10:37:45,812 [ERROR] LogOutputStream:75 - [STDERR_REDIRECT] [Fatal Error] :1:1: Premature end of file.
2026-05-09 10:37:45,812 [ERROR] LogOutputStream:75 - [STDERR_REDIRECT] 
2026-05-09 10:37:46,806 [ERROR] LogOutputStream:75 - [STDERR_REDIRECT] [Fatal Error] :1:1: Premature end of file.
2026-05-09 10:37:46,806 [ERROR] LogOutputStream:75 - [STDERR_REDIRECT] 
2026-05-09 10:37:47,815 [ERROR] LogOutputStream:75 - [STDERR_REDIRECT] [Fatal Error] :1:1: Premature end of file.
2026-05-09 10:37:47,815 [ERROR] LogOutputStream:75 - [STDERR_REDIRECT] 
2026-05-09 10:37:48,809 [ERROR] LogOutputStream:75 - [STDERR_REDIRECT] [Fatal Error] :1:1: Premature end of file.
2026-05-09 10:37:48,809 [ERROR] LogOutputStream:75 - [STDERR_REDIRECT] 
2026-05-09 10:37:49,809 [ERROR] LogOutputStream:75 - [STDERR_REDIRECT] [Fatal Error] :1:1: Premature end of file.
2026-05-09 10:37:49,809 [ERROR] LogOutputStream:75 - [STDERR_REDIRECT] 
2026-05-09 10:37:50,809 [ERROR] LogOutputStream:75 - [STDERR_REDIRECT] [Fatal Error] :1:1: Premature end of file.
2026-05-09 10:37:50,809 [ERROR] LogOutputStream:75 - [STDERR_REDIRECT] 
2026-05-09 10:37:51,820 [ERROR] LogOutputStream:75 - [STDERR_REDIRECT] [Fatal Error] :1:1: Premature end of file.
2026-05-09 10:37:51,820 [ERROR] LogOutputStream:75 - [STDERR_REDIRECT] 
2026-05-09 10:37:52,816 [ERROR] LogOutputStream:75 - [STDERR_REDIRECT] [Fatal Error] :1:1: Premature end of file.
2026-05-09 10:37:52,816 [ERROR] LogOutputStream:75 - [STDERR_REDIRECT] 
2026-05-09 10:37:53,817 [ERROR] LogOutputStream:75 - [STDERR_REDIRECT] [Fatal Error] :1:1: Premature end of file.
2026-05-09 10:37:53,817 [ERROR] LogOutputStream:75 - [STDERR_REDIRECT] 
2026-05-09 10:37:54,814 [ERROR] LogOutputStream:75 - [STDERR_REDIRECT] [Fatal Error] :1:1: Premature end of file.
2026-05-09 10:37:54,814 [ERROR] LogOutputStream:75 - [STDERR_REDIRECT] 
2026-05-09 10:37:55,810 [ERROR] LogOutputStream:75 - [STDERR_REDIRECT] [Fatal Error] :1:1: Premature end of file.
2026-05-09 10:37:55,810 [ERROR] LogOutputStream:75 - [STDERR_REDIRECT] 
2026-05-09 10:37:56,825 [ERROR] LogOutputStream:75 - [STDERR_REDIRECT] [Fatal Error] :1:1: Premature end of file.
2026-05-09 10:37:56,825 [ERROR] LogOutputStream:75 - [STDERR_REDIRECT] 
2026-05-09 10:37:57,816 [ERROR] LogOutputStream:75 - [STDERR_REDIRECT] [Fatal Error] :1:1: Premature end of file.
2026-05-09 10:37:57,816 [ERROR] LogOutputStream:75 - [STDERR_REDIRECT] 
2026-05-09 10:37:58,811 [ERROR] LogOutputStream:75 - [STDERR_REDIRECT] [Fatal Error] :1:1: Premature end of file.
2026-05-09 10:37:58,812 [ERROR] LogOutputStream:75 - [STDERR_REDIRECT] 
2026-05-09 10:37:59,810 [ERROR] LogOutputStream:75 - [STDERR_REDIRECT] [Fatal Error] :1:1: Premature end of file.
2026-05-09 10:37:59,810 [ERROR] LogOutputStream:75 - [STDERR_REDIRECT] 
2026-05-09 10:38:00,809 [ERROR] LogOutputStream:75 - [STDERR_REDIRECT] [Fatal Error] :1:1: Premature end of file.
2026-05-09 10:38:00,809 [ERROR] LogOutputStream:75 - [STDERR_REDIRECT] 
2026-05-09 10:38:01,808 [ERROR] LogOutputStream:75 - [STDERR_REDIRECT] [Fatal Error] :1:1: Premature end of file.
2026-05-09 10:38:01,808 [ERROR] LogOutputStream:75 - [STDERR_REDIRECT] 
2026-05-09 10:38:02,809 [ERROR] LogOutputStream:75 - [STDERR_REDIRECT] [Fatal Error] :1:1: Premature end of file.
2026-05-09 10:38:02,810 [ERROR] LogOutputStream:75 - [STDERR_REDIRECT] 
2026-05-09 10:38:03,819 [ERROR] LogOutputStream:75 - [STDERR_REDIRECT] [Fatal Error] :1:1: Premature end of file.
2026-05-09 10:38:03,820 [ERROR] LogOutputStream:75 - [STDERR_REDIRECT] 
2026-05-09 10:38:04,817 [ERROR] LogOutputStream:75 - [STDERR_REDIRECT] [Fatal Error] :1:1: Premature end of file.
2026-05-09 10:38:04,818 [ERROR] LogOutputStream:75 - [STDERR_REDIRECT] 
2026-05-09 10:38:05,809 [ERROR] LogOutputStream:75 - [STDERR_REDIRECT] [Fatal Error] :1:1: Premature end of file.
2026-05-09 10:38:05,809 [ERROR] LogOutputStream:75 - [STDERR_REDIRECT] 
2026-05-09 10:38:06,809 [ERROR] LogOutputStream:75 - [STDERR_REDIRECT] [Fatal Error] :1:1: Premature end of file.
2026-05-09 10:38:06,809 [ERROR] LogOutputStream:75 - [STDERR_REDIRECT] 
2026-05-09 10:38:07,823 [ERROR] LogOutputStream:75 - [STDERR_REDIRECT] [Fatal Error] :1:1: Premature end of file.
2026-05-09 10:38:07,823 [ERROR] LogOutputStream:75 - [STDERR_REDIRECT] 
2026-05-09 10:38:08,815 [ERROR] LogOutputStream:75 - [STDERR_REDIRECT] [Fatal Error] :1:1: Premature end of file.
2026-05-09 10:38:08,815 [ERROR] LogOutputStream:75 - [STDERR_REDIRECT] 
2026-05-09 10:38:09,814 [ERROR] LogOutputStream:75 - [STDERR_REDIRECT] [Fatal Error] :1:1: Premature end of file.
2026-05-09 10:38:09,815 [ERROR] LogOutputStream:75 - [STDERR_REDIRECT] 
2026-05-09 10:38:10,814 [ERROR] LogOutputStream:75 - [STDERR_REDIRECT] [Fatal Error] :1:1: Premature end of file.
2026-05-09 10:38:10,814 [ERROR] LogOutputStream:75 - [STDERR_REDIRECT] 
2026-05-09 10:38:11,804 [ERROR] LogOutputStream:75 - [STDERR_REDIRECT] [Fatal Error] :1:1: Premature end of file.
2026-05-09 10:38:11,804 [ERROR] LogOutputStream:75 - [STDERR_REDIRECT] 
2026-05-09 10:38:12,822 [ERROR] LogOutputStream:75 - [STDERR_REDIRECT] [Fatal Error] :1:1: Premature end of file.
2026-05-09 10:38:12,822 [ERROR] LogOutputStream:75 - [STDERR_REDIRECT] 
2026-05-09 10:38:13,814 [ERROR] LogOutputStream:75 - [STDERR_REDIRECT] [Fatal Error] :1:1: Premature end of file.
2026-05-09 10:38:13,814 [ERROR] LogOutputStream:75 - [STDERR_REDIRECT] 
2026-05-09 10:38:14,813 [ERROR] LogOutputStream:75 - [STDERR_REDIRECT] [Fatal Error] :1:1: Premature end of file.
2026-05-09 10:38:14,813 [ERROR] LogOutputStream:75 - [STDERR_REDIRECT] 
2026-05-09 10:38:15,803 [ERROR] LogOutputStream:75 - [STDERR_REDIRECT] [Fatal Error] :1:1: Premature end of file.
2026-05-09 10:38:15,803 [ERROR] LogOutputStream:75 - [STDERR_REDIRECT] 
2026-05-09 10:38:16,793 [ERROR] LogOutputStream:75 - [STDERR_REDIRECT] [Fatal Error] :1:1: Premature end of file.
2026-05-09 10:38:16,793 [ERROR] LogOutputStream:75 - [STDERR_REDIRECT] 
2026-05-09 10:38:17,813 [ERROR] LogOutputStream:75 - [STDERR_REDIRECT] [Fatal Error] :1:1: Premature end of file.
2026-05-09 10:38:17,813 [ERROR] LogOutputStream:75 - [STDERR_REDIRECT] 
2026-05-09 10:38:18,809 [ERROR] LogOutputStream:75 - [STDERR_REDIRECT] [Fatal Error] :1:1: Premature end of file.
2026-05-09 10:38:18,810 [ERROR] LogOutputStream:75 - [STDERR_REDIRECT] 
2026-05-09 10:38:19,799 [ERROR] LogOutputStream:75 - [STDERR_REDIRECT] [Fatal Error] :1:1: Premature end of file.
2026-05-09 10:38:19,799 [ERROR] LogOutputStream:75 - [STDERR_REDIRECT] 
2026-05-09 10:38:20,805 [ERROR] LogOutputStream:75 - [STDERR_REDIRECT] [Fatal Error] :1:1: Premature end of file.
2026-05-09 10:38:20,805 [ERROR] LogOutputStream:75 - [STDERR_REDIRECT] 
2026-05-09 10:38:21,806 [ERROR] LogOutputStream:75 - [STDERR_REDIRECT] [Fatal Error] :1:1: Premature end of file.
2026-05-09 10:38:21,806 [ERROR] LogOutputStream:75 - [STDERR_REDIRECT] 
2026-05-09 10:38:22,807 [ERROR] LogOutputStream:75 - [STDERR_REDIRECT] [Fatal Error] :1:1: Premature end of file.
2026-05-09 10:38:22,807 [ERROR] LogOutputStream:75 - [STDERR_REDIRECT] 
2026-05-09 10:38:23,822 [ERROR] LogOutputStream:75 - [STDERR_REDIRECT] [Fatal Error] :1:1: Premature end of file.
2026-05-09 10:38:23,822 [ERROR] LogOutputStream:75 - [STDERR_REDIRECT] 
2026-05-09 10:38:24,796 [ERROR] LogOutputStream:75 - [STDERR_REDIRECT] [Fatal Error] :1:1: Premature end of file.
2026-05-09 10:38:24,797 [ERROR] LogOutputStream:75 - [STDERR_REDIRECT] 
2026-05-09 10:38:25,821 [ERROR] LogOutputStream:75 - [STDERR_REDIRECT] [Fatal Error] :1:1: Premature end of file.
2026-05-09 10:38:25,821 [ERROR] LogOutputStream:75 - [STDERR_REDIRECT] 
2026-05-09 10:38:26,811 [ERROR] LogOutputStream:75 - [STDERR_REDIRECT] [Fatal Error] :1:1: Premature end of file.
2026-05-09 10:38:26,811 [ERROR] LogOutputStream:75 - [STDERR_REDIRECT] 
2026-05-09 10:38:27,804 [ERROR] LogOutputStream:75 - [STDERR_REDIRECT] [Fatal Error] :1:1: Premature end of file.
2026-05-09 10:38:27,805 [ERROR] LogOutputStream:75 - [STDERR_REDIRECT] 
2026-05-09 10:38:28,806 [ERROR] LogOutputStream:75 - [STDERR_REDIRECT] [Fatal Error] :1:1: Premature end of file.
2026-05-09 10:38:28,806 [ERROR] LogOutputStream:75 - [STDERR_REDIRECT] 
2026-05-09 10:38:29,819 [ERROR] LogOutputStream:75 - [STDERR_REDIRECT] [Fatal Error] :1:1: Premature end of file.
2026-05-09 10:38:29,819 [ERROR] LogOutputStream:75 - [STDERR_REDIRECT] 
2026-05-09 10:38:30,800 [ERROR] LogOutputStream:75 - [STDERR_REDIRECT] [Fatal Error] :1:1: Premature end of file.
2026-05-09 10:38:30,801 [ERROR] LogOutputStream:75 - [STDERR_REDIRECT] 
2026-05-09 10:38:31,806 [ERROR] LogOutputStream:75 - [STDERR_REDIRECT] [Fatal Error] :1:1: Premature end of file.
2026-05-09 10:38:31,806 [ERROR] LogOutputStream:75 - [STDERR_REDIRECT] 
2026-05-09 10:38:32,806 [ERROR] LogOutputStream:75 - [STDERR_REDIRECT] [Fatal Error] :1:1: Premature end of file.
2026-05-09 10:38:32,806 [ERROR] LogOutputStream:75 - [STDERR_REDIRECT] 
2026-05-09 10:38:33,816 [ERROR] LogOutputStream:75 - [STDERR_REDIRECT] [Fatal Error] :1:1: Premature end of file.
2026-05-09 10:38:33,816 [ERROR] LogOutputStream:75 - [STDERR_REDIRECT] 
2026-05-09 10:38:34,812 [ERROR] LogOutputStream:75 - [STDERR_REDIRECT] [Fatal Error] :1:1: Premature end of file.
2026-05-09 10:38:34,812 [ERROR] LogOutputStream:75 - [STDERR_REDIRECT] 
2026-05-09 10:38:35,810 [ERROR] LogOutputStream:75 - [STDERR_REDIRECT] [Fatal Error] :1:1: Premature end of file.
2026-05-09 10:38:35,810 [ERROR] LogOutputStream:75 - [STDERR_REDIRECT] 
2026-05-09 10:38:36,816 [ERROR] LogOutputStream:75 - [STDERR_REDIRECT] [Fatal Error] :1:1: Premature end of file.
2026-05-09 10:38:36,817 [ERROR] LogOutputStream:75 - [STDERR_REDIRECT] 
2026-05-09 10:38:37,821 [ERROR] LogOutputStream:75 - [STDERR_REDIRECT] [Fatal Error] :1:1: Premature end of file.
2026-05-09 10:38:37,821 [ERROR] LogOutputStream:75 - [STDERR_REDIRECT] 
2026-05-09 10:38:38,811 [ERROR] LogOutputStream:75 - [STDERR_REDIRECT] [Fatal Error] :1:1: Premature end of file.
2026-05-09 10:38:38,811 [ERROR] LogOutputStream:75 - [STDERR_REDIRECT] 
2026-05-09 10:38:39,819 [ERROR] LogOutputStream:75 - [STDERR_REDIRECT] [Fatal Error] :1:1: Premature end of file.
2026-05-09 10:38:39,819 [ERROR] LogOutputStream:75 - [STDERR_REDIRECT] 
2026-05-09 10:38:40,820 [ERROR] LogOutputStream:75 - [STDERR_REDIRECT] [Fatal Error] :1:1: Premature end of file.
2026-05-09 10:38:40,820 [ERROR] LogOutputStream:75 - [STDERR_REDIRECT] 
2026-05-09 10:38:41,803 [ERROR] LogOutputStream:75 - [STDERR_REDIRECT] [Fatal Error] :1:1: Premature end of file.
2026-05-09 10:38:41,803 [ERROR] LogOutputStream:75 - [STDERR_REDIRECT] 
2026-05-09 10:38:42,815 [ERROR] LogOutputStream:75 - [STDERR_REDIRECT] [Fatal Error] :1:1: Premature end of file.
2026-05-09 10:38:42,815 [ERROR] LogOutputStream:75 - [STDERR_REDIRECT] 
2026-05-09 10:38:43,794 [ERROR] LogOutputStream:75 - [STDERR_REDIRECT] [Fatal Error] :1:1: Premature end of file.
2026-05-09 10:38:43,794 [ERROR] LogOutputStream:75 - [STDERR_REDIRECT] 
2026-05-09 10:38:44,798 [ERROR] LogOutputStream:75 - [STDERR_REDIRECT] [Fatal Error] :1:1: Premature end of file.
2026-05-09 10:38:44,800 [ERROR] LogOutputStream:75 - [STDERR_REDIRECT] 
2026-05-09 10:38:45,813 [ERROR] LogOutputStream:75 - [STDERR_REDIRECT] [Fatal Error] :1:1: Premature end of file.
2026-05-09 10:38:45,813 [ERROR] LogOutputStream:75 - [STDERR_REDIRECT] 
2026-05-09 10:38:46,809 [ERROR] LogOutputStream:75 - [STDERR_REDIRECT] [Fatal Error] :1:1: Premature end of file.
2026-05-09 10:38:46,809 [ERROR] LogOutputStream:75 - [STDERR_REDIRECT] 
2026-05-09 10:38:47,807 [ERROR] LogOutputStream:75 - [STDERR_REDIRECT] [Fatal Error] :1:1: Premature end of file.
2026-05-09 10:38:47,807 [ERROR] LogOutputStream:75 - [STDERR_REDIRECT] 
2026-05-09 10:38:48,821 [ERROR] LogOutputStream:75 - [STDERR_REDIRECT] [Fatal Error] :1:1: Premature end of file.
2026-05-09 10:38:48,822 [ERROR] LogOutputStream:75 - [STDERR_REDIRECT] 
2026-05-09 10:38:49,812 [ERROR] LogOutputStream:75 - [STDERR_REDIRECT] [Fatal Error] :1:1: Premature end of file.
2026-05-09 10:38:49,812 [ERROR] LogOutputStream:75 - [STDERR_REDIRECT] 
2026-05-09 10:38:50,818 [ERROR] LogOutputStream:75 - [STDERR_REDIRECT] [Fatal Error] :1:1: Premature end of file.
2026-05-09 10:38:50,818 [ERROR] LogOutputStream:75 - [STDERR_REDIRECT] 
2026-05-09 10:38:51,815 [ERROR] LogOutputStream:75 - [STDERR_REDIRECT] [Fatal Error] :1:1: Premature end of file.
2026-05-09 10:38:51,815 [ERROR] LogOutputStream:75 - [STDERR_REDIRECT] 
2026-05-09 10:38:52,798 [ERROR] LogOutputStream:75 - [STDERR_REDIRECT] [Fatal Error] :1:1: Premature end of file.
2026-05-09 10:38:52,798 [ERROR] LogOutputStream:75 - [STDERR_REDIRECT] 
2026-05-09 10:38:53,803 [ERROR] LogOutputStream:75 - [STDERR_REDIRECT] [Fatal Error] :1:1: Premature end of file.
2026-05-09 10:38:53,804 [ERROR] LogOutputStream:75 - [STDERR_REDIRECT] 
2026-05-09 10:38:54,818 [ERROR] LogOutputStream:75 - [STDERR_REDIRECT] [Fatal Error] :1:1: Premature end of file.
2026-05-09 10:38:54,818 [ERROR] LogOutputStream:75 - [STDERR_REDIRECT] 
2026-05-09 10:38:55,819 [ERROR] LogOutputStream:75 - [STDERR_REDIRECT] [Fatal Error] :1:1: Premature end of file.
2026-05-09 10:38:55,819 [ERROR] LogOutputStream:75 - [STDERR_REDIRECT] 
2026-05-09 10:38:56,813 [ERROR] LogOutputStream:75 - [STDERR_REDIRECT] [Fatal Error] :1:1: Premature end of file.
2026-05-09 10:38:56,813 [ERROR] LogOutputStream:75 - [STDERR_REDIRECT] 
2026-05-09 10:38:57,823 [ERROR] LogOutputStream:75 - [STDERR_REDIRECT] [Fatal Error] :1:1: Premature end of file.
2026-05-09 10:38:57,823 [ERROR] LogOutputStream:75 - [STDERR_REDIRECT] 
2026-05-09 10:38:58,816 [ERROR] LogOutputStream:75 - [STDERR_REDIRECT] [Fatal Error] :1:1: Premature end of file.
2026-05-09 10:38:58,816 [ERROR] LogOutputStream:75 - [STDERR_REDIRECT] 
2026-05-09 10:38:59,816 [ERROR] LogOutputStream:75 - [STDERR_REDIRECT] [Fatal Error] :1:1: Premature end of file.
2026-05-09 10:38:59,816 [ERROR] LogOutputStream:75 - [STDERR_REDIRECT] 
2026-05-09 10:39:00,812 [ERROR] LogOutputStream:75 - [STDERR_REDIRECT] [Fatal Error] :1:1: Premature end of file.
2026-05-09 10:39:00,812 [ERROR] LogOutputStream:75 - [STDERR_REDIRECT] 
2026-05-09 10:39:01,811 [ERROR] LogOutputStream:75 - [STDERR_REDIRECT] [Fatal Error] :1:1: Premature end of file.
2026-05-09 10:39:01,811 [ERROR] LogOutputStream:75 - [STDERR_REDIRECT] 
2026-05-09 10:39:02,809 [ERROR] LogOutputStream:75 - [STDERR_REDIRECT] [Fatal Error] :1:1: Premature end of file.
2026-05-09 10:39:02,809 [ERROR] LogOutputStream:75 - [STDERR_REDIRECT] 
2026-05-09 10:39:03,804 [ERROR] LogOutputStream:75 - [STDERR_REDIRECT] [Fatal Error] :1:1: Premature end of file.
2026-05-09 10:39:03,804 [ERROR] LogOutputStream:75 - [STDERR_REDIRECT] 
2026-05-09 10:39:04,799 [ERROR] LogOutputStream:75 - [STDERR_REDIRECT] [Fatal Error] :1:1: Premature end of file.
2026-05-09 10:39:04,799 [ERROR] LogOutputStream:75 - [STDERR_REDIRECT] 
2026-05-09 10:39:05,811 [ERROR] LogOutputStream:75 - [STDERR_REDIRECT] [Fatal Error] :1:1: Premature end of file.
2026-05-09 10:39:05,811 [ERROR] LogOutputStream:75 - [STDERR_REDIRECT] 
2026-05-09 10:39:06,807 [ERROR] LogOutputStream:75 - [STDERR_REDIRECT] [Fatal Error] :1:1: Premature end of file.
2026-05-09 10:39:06,807 [ERROR] LogOutputStream:75 - [STDERR_REDIRECT] 
2026-05-09 10:39:07,814 [ERROR] LogOutputStream:75 - [STDERR_REDIRECT] [Fatal Error] :1:1: Premature end of file.
2026-05-09 10:39:07,814 [ERROR] LogOutputStream:75 - [STDERR_REDIRECT] 
2026-05-09 10:39:08,812 [ERROR] LogOutputStream:75 - [STDERR_REDIRECT] [Fatal Error] :1:1: Premature end of file.
2026-05-09 10:39:08,812 [ERROR] LogOutputStream:75 - [STDERR_REDIRECT] 
2026-05-09 10:39:09,811 [ERROR] LogOutputStream:75 - [STDERR_REDIRECT] [Fatal Error] :1:1: Premature end of file.
2026-05-09 10:39:09,811 [ERROR] LogOutputStream:75 - [STDERR_REDIRECT] 
2026-05-09 10:39:10,810 [ERROR] LogOutputStream:75 - [STDERR_REDIRECT] [Fatal Error] :1:1: Premature end of file.
2026-05-09 10:39:10,810 [ERROR] LogOutputStream:75 - [STDERR_REDIRECT] 
2026-05-09 10:39:11,811 [ERROR] LogOutputStream:75 - [STDERR_REDIRECT] [Fatal Error] :1:1: Premature end of file.
2026-05-09 10:39:11,811 [ERROR] LogOutputStream:75 - [STDERR_REDIRECT] 
2026-05-09 10:39:12,809 [ERROR] LogOutputStream:75 - [STDERR_REDIRECT] [Fatal Error] :1:1: Premature end of file.
2026-05-09 10:39:12,809 [ERROR] LogOutputStream:75 - [STDERR_REDIRECT] 
2026-05-09 10:39:13,803 [ERROR] LogOutputStream:75 - [STDERR_REDIRECT] [Fatal Error] :1:1: Premature end of file.
2026-05-09 10:39:13,803 [ERROR] LogOutputStream:75 - [STDERR_REDIRECT] 
2026-05-09 10:39:14,814 [ERROR] LogOutputStream:75 - [STDERR_REDIRECT] [Fatal Error] :1:1: Premature end of file.
2026-05-09 10:39:14,814 [ERROR] LogOutputStream:75 - [STDERR_REDIRECT] 
2026-05-09 10:39:15,793 [ERROR] LogOutputStream:75 - [STDERR_REDIRECT] [Fatal Error] :1:1: Premature end of file.
2026-05-09 10:39:15,795 [ERROR] LogOutputStream:75 - [STDERR_REDIRECT] 
2026-05-09 10:39:16,811 [ERROR] LogOutputStream:75 - [STDERR_REDIRECT] [Fatal Error] :1:1: Premature end of file.
2026-05-09 10:39:16,811 [ERROR] LogOutputStream:75 - [STDERR_REDIRECT] 
2026-05-09 10:39:17,804 [ERROR] LogOutputStream:75 - [STDERR_REDIRECT] [Fatal Error] :1:1: Premature end of file.
2026-05-09 10:39:17,804 [ERROR] LogOutputStream:75 - [STDERR_REDIRECT] 
2026-05-09 10:39:18,812 [ERROR] LogOutputStream:75 - [STDERR_REDIRECT] [Fatal Error] :1:1: Premature end of file.
2026-05-09 10:39:18,813 [ERROR] LogOutputStream:75 - [STDERR_REDIRECT] 
2026-05-09 10:39:19,828 [ERROR] LogOutputStream:75 - [STDERR_REDIRECT] [Fatal Error] :1:1: Premature end of file.
2026-05-09 10:39:19,828 [ERROR] LogOutputStream:75 - [STDERR_REDIRECT] 
2026-05-09 10:39:20,809 [ERROR] LogOutputStream:75 - [STDERR_REDIRECT] [Fatal Error] :1:1: Premature end of file.
2026-05-09 10:39:20,809 [ERROR] LogOutputStream:75 - [STDERR_REDIRECT] 
2026-05-09 10:39:21,810 [ERROR] LogOutputStream:75 - [STDERR_REDIRECT] [Fatal Error] :1:1: Premature end of file.
2026-05-09 10:39:21,810 [ERROR] LogOutputStream:75 - [STDERR_REDIRECT] 
2026-05-09 10:39:22,807 [ERROR] LogOutputStream:75 - [STDERR_REDIRECT] [Fatal Error] :1:1: Premature end of file.
2026-05-09 10:39:22,807 [ERROR] LogOutputStream:75 - [STDERR_REDIRECT] 
2026-05-09 10:39:23,813 [ERROR] LogOutputStream:75 - [STDERR_REDIRECT] [Fatal Error] :1:1: Premature end of file.
2026-05-09 10:39:23,813 [ERROR] LogOutputStream:75 - [STDERR_REDIRECT] 
2026-05-09 10:39:24,815 [ERROR] LogOutputStream:75 - [STDERR_REDIRECT] [Fatal Error] :1:1: Premature end of file.
2026-05-09 10:39:24,815 [ERROR] LogOutputStream:75 - [STDERR_REDIRECT] 
2026-05-09 10:39:25,809 [ERROR] LogOutputStream:75 - [STDERR_REDIRECT] [Fatal Error] :1:1: Premature end of file.
2026-05-09 10:39:25,809 [ERROR] LogOutputStream:75 - [STDERR_REDIRECT] 
2026-05-09 10:39:26,812 [ERROR] LogOutputStream:75 - [STDERR_REDIRECT] [Fatal Error] :1:1: Premature end of file.
2026-05-09 10:39:26,812 [ERROR] LogOutputStream:75 - [STDERR_REDIRECT] 
2026-05-09 10:39:27,800 [ERROR] LogOutputStream:75 - [STDERR_REDIRECT] [Fatal Error] :1:1: Premature end of file.
2026-05-09 10:39:27,800 [ERROR] LogOutputStream:75 - [STDERR_REDIRECT] 
2026-05-09 10:39:28,813 [ERROR] LogOutputStream:75 - [STDERR_REDIRECT] [Fatal Error] :1:1: Premature end of file.
2026-05-09 10:39:28,813 [ERROR] LogOutputStream:75 - [STDERR_REDIRECT] 
2026-05-09 10:39:29,810 [ERROR] LogOutputStream:75 - [STDERR_REDIRECT] [Fatal Error] :1:1: Premature end of file.
2026-05-09 10:39:29,810 [ERROR] LogOutputStream:75 - [STDERR_REDIRECT] 
2026-05-09 10:39:30,795 [ERROR] LogOutputStream:75 - [STDERR_REDIRECT] [Fatal Error] :1:1: Premature end of file.
2026-05-09 10:39:30,796 [ERROR] LogOutputStream:75 - [STDERR_REDIRECT] 
2026-05-09 10:39:31,804 [ERROR] LogOutputStream:75 - [STDERR_REDIRECT] [Fatal Error] :1:1: Premature end of file.
2026-05-09 10:39:31,804 [ERROR] LogOutputStream:75 - [STDERR_REDIRECT] 
2026-05-09 10:39:32,805 [ERROR] LogOutputStream:75 - [STDERR_REDIRECT] [Fatal Error] :1:1: Premature end of file.
2026-05-09 10:39:32,805 [ERROR] LogOutputStream:75 - [STDERR_REDIRECT] 
2026-05-09 10:39:33,810 [ERROR] LogOutputStream:75 - [STDERR_REDIRECT] [Fatal Error] :1:1: Premature end of file.
2026-05-09 10:39:33,810 [ERROR] LogOutputStream:75 - [STDERR_REDIRECT] 
2026-05-09 10:39:34,820 [ERROR] LogOutputStream:75 - [STDERR_REDIRECT] [Fatal Error] :1:1: Premature end of file.
2026-05-09 10:39:34,821 [ERROR] LogOutputStream:75 - [STDERR_REDIRECT] 
2026-05-09 10:39:35,820 [ERROR] LogOutputStream:75 - [STDERR_REDIRECT] [Fatal Error] :1:1: Premature end of file.
2026-05-09 10:39:35,820 [ERROR] LogOutputStream:75 - [STDERR_REDIRECT] 
2026-05-09 10:39:36,819 [ERROR] LogOutputStream:75 - [STDERR_REDIRECT] [Fatal Error] :1:1: Premature end of file.
2026-05-09 10:39:36,819 [ERROR] LogOutputStream:75 - [STDERR_REDIRECT] 
2026-05-09 10:39:37,820 [ERROR] LogOutputStream:75 - [STDERR_REDIRECT] [Fatal Error] :1:1: Premature end of file.
2026-05-09 10:39:37,820 [ERROR] LogOutputStream:75 - [STDERR_REDIRECT] 
2026-05-09 10:39:38,818 [ERROR] LogOutputStream:75 - [STDERR_REDIRECT] [Fatal Error] :1:1: Premature end of file.
2026-05-09 10:39:38,818 [ERROR] LogOutputStream:75 - [STDERR_REDIRECT] 
2026-05-09 10:39:39,826 [ERROR] LogOutputStream:75 - [STDERR_REDIRECT] [Fatal Error] :1:1: Premature end of file.
2026-05-09 10:39:39,826 [ERROR] LogOutputStream:75 - [STDERR_REDIRECT] 
2026-05-09 10:39:40,823 [ERROR] LogOutputStream:75 - [STDERR_REDIRECT] [Fatal Error] :1:1: Premature end of file.
2026-05-09 10:39:40,823 [ERROR] LogOutputStream:75 - [STDERR_REDIRECT] 
2026-05-09 10:39:41,823 [ERROR] LogOutputStream:75 - [STDERR_REDIRECT] [Fatal Error] :1:1: Premature end of file.
2026-05-09 10:39:41,823 [ERROR] LogOutputStream:75 - [STDERR_REDIRECT] 
2026-05-09 10:39:42,809 [ERROR] LogOutputStream:75 - [STDERR_REDIRECT] [Fatal Error] :1:1: Premature end of file.
2026-05-09 10:39:42,809 [ERROR] LogOutputStream:75 - [STDERR_REDIRECT] 
2026-05-09 10:39:43,812 [ERROR] LogOutputStream:75 - [STDERR_REDIRECT] [Fatal Error] :1:1: Premature end of file.
2026-05-09 10:39:43,812 [ERROR] LogOutputStream:75 - [STDERR_REDIRECT] 
2026-05-09 10:39:44,819 [ERROR] LogOutputStream:75 - [STDERR_REDIRECT] [Fatal Error] :1:1: Premature end of file.
2026-05-09 10:39:44,819 [ERROR] LogOutputStream:75 - [STDERR_REDIRECT] 
2026-05-09 10:39:45,815 [ERROR] LogOutputStream:75 - [STDERR_REDIRECT] [Fatal Error] :1:1: Premature end of file.
2026-05-09 10:39:45,815 [ERROR] LogOutputStream:75 - [STDERR_REDIRECT] 
2026-05-09 10:39:46,813 [ERROR] LogOutputStream:75 - [STDERR_REDIRECT] [Fatal Error] :1:1: Premature end of file.
2026-05-09 10:39:46,814 [ERROR] LogOutputStream:75 - [STDERR_REDIRECT] 
2026-05-09 10:39:47,812 [ERROR] LogOutputStream:75 - [STDERR_REDIRECT] [Fatal Error] :1:1: Premature end of file.
2026-05-09 10:39:47,812 [ERROR] LogOutputStream:75 - [STDERR_REDIRECT] 
2026-05-09 10:39:48,816 [ERROR] LogOutputStream:75 - [STDERR_REDIRECT] [Fatal Error] :1:1: Premature end of file.
2026-05-09 10:39:48,816 [ERROR] LogOutputStream:75 - [STDERR_REDIRECT] 
2026-05-09 10:39:49,815 [ERROR] LogOutputStream:75 - [STDERR_REDIRECT] [Fatal Error] :1:1: Premature end of file.
2026-05-09 10:39:49,815 [ERROR] LogOutputStream:75 - [STDERR_REDIRECT] 
2026-05-09 10:39:50,819 [ERROR] LogOutputStream:75 - [STDERR_REDIRECT] [Fatal Error] :1:1: Premature end of file.
2026-05-09 10:39:50,819 [ERROR] LogOutputStream:75 - [STDERR_REDIRECT] 
2026-05-09 10:39:51,816 [ERROR] LogOutputStream:75 - [STDERR_REDIRECT] [Fatal Error] :1:1: Premature end of file.
2026-05-09 10:39:51,816 [ERROR] LogOutputStream:75 - [STDERR_REDIRECT] 
2026-05-09 10:39:52,825 [ERROR] LogOutputStream:75 - [STDERR_REDIRECT] [Fatal Error] :1:1: Premature end of file.
2026-05-09 10:39:52,826 [ERROR] LogOutputStream:75 - [STDERR_REDIRECT] 
2026-05-09 10:39:53,808 [ERROR] LogOutputStream:75 - [STDERR_REDIRECT] [Fatal Error] :1:1: Premature end of file.
2026-05-09 10:39:53,808 [ERROR] LogOutputStream:75 - [STDERR_REDIRECT] 
2026-05-09 10:39:54,825 [ERROR] LogOutputStream:75 - [STDERR_REDIRECT] [Fatal Error] :1:1: Premature end of file.
2026-05-09 10:39:54,825 [ERROR] LogOutputStream:75 - [STDERR_REDIRECT] 
2026-05-09 10:39:55,817 [ERROR] LogOutputStream:75 - [STDERR_REDIRECT] [Fatal Error] :1:1: Premature end of file.
2026-05-09 10:39:55,817 [ERROR] LogOutputStream:75 - [STDERR_REDIRECT] 
2026-05-09 10:39:56,823 [ERROR] LogOutputStream:75 - [STDERR_REDIRECT] [Fatal Error] :1:1: Premature end of file.
2026-05-09 10:39:56,823 [ERROR] LogOutputStream:75 - [STDERR_REDIRECT] 
2026-05-09 10:39:57,809 [ERROR] LogOutputStream:75 - [STDERR_REDIRECT] [Fatal Error] :1:1: Premature end of file.
2026-05-09 10:39:57,810 [ERROR] LogOutputStream:75 - [STDERR_REDIRECT] 
2026-05-09 10:39:58,814 [ERROR] LogOutputStream:75 - [STDERR_REDIRECT] [Fatal Error] :1:1: Premature end of file.
2026-05-09 10:39:58,814 [ERROR] LogOutputStream:75 - [STDERR_REDIRECT] 
2026-05-09 10:39:59,813 [ERROR] LogOutputStream:75 - [STDERR_REDIRECT] [Fatal Error] :1:1: Premature end of file.
2026-05-09 10:39:59,813 [ERROR] LogOutputStream:75 - [STDERR_REDIRECT] 
2026-05-09 10:40:00,819 [ERROR] LogOutputStream:75 - [STDERR_REDIRECT] [Fatal Error] :1:1: Premature end of file.
2026-05-09 10:40:00,819 [ERROR] LogOutputStream:75 - [STDERR_REDIRECT] 
2026-05-09 10:40:01,807 [ERROR] LogOutputStream:75 - [STDERR_REDIRECT] [Fatal Error] :1:1: Premature end of file.
2026-05-09 10:40:01,807 [ERROR] LogOutputStream:75 - [STDERR_REDIRECT] 
2026-05-09 10:40:02,809 [ERROR] LogOutputStream:75 - [STDERR_REDIRECT] [Fatal Error] :1:1: Premature end of file.
2026-05-09 10:40:02,875 [ERROR] LogOutputStream:75 - [STDERR_REDIRECT] 
2026-05-09 10:40:03,826 [ERROR] LogOutputStream:75 - [STDERR_REDIRECT] [Fatal Error] :1:1: Premature end of file.
2026-05-09 10:40:03,826 [ERROR] LogOutputStream:75 - [STDERR_REDIRECT] 
2026-05-09 10:40:04,815 [ERROR] LogOutputStream:75 - [STDERR_REDIRECT] [Fatal Error] :1:1: Premature end of file.
2026-05-09 10:40:04,815 [ERROR] LogOutputStream:75 - [STDERR_REDIRECT] 
2026-05-09 10:40:05,816 [ERROR] LogOutputStream:75 - [STDERR_REDIRECT] [Fatal Error] :1:1: Premature end of file.
2026-05-09 10:40:05,816 [ERROR] LogOutputStream:75 - [STDERR_REDIRECT] 
2026-05-09 10:40:06,872 [ERROR] LogOutputStream:75 - [STDERR_REDIRECT] [Fatal Error] :1:1: Premature end of file.
2026-05-09 10:40:06,872 [ERROR] LogOutputStream:75 - [STDERR_REDIRECT] 
2026-05-09 10:40:07,802 [ERROR] LogOutputStream:75 - [STDERR_REDIRECT] [Fatal Error] :1:1: Premature end of file.
2026-05-09 10:40:07,802 [ERROR] LogOutputStream:75 - [STDERR_REDIRECT] 
2026-05-09 10:40:08,842 [ERROR] LogOutputStream:75 - [STDERR_REDIRECT] [Fatal Error] :1:1: Premature end of file.
2026-05-09 10:40:08,842 [ERROR] LogOutputStream:75 - [STDERR_REDIRECT] 
2026-05-09 10:40:09,836 [ERROR] LogOutputStream:75 - [STDERR_REDIRECT] [Fatal Error] :1:1: Premature end of file.
2026-05-09 10:40:09,836 [ERROR] LogOutputStream:75 - [STDERR_REDIRECT] 
2026-05-09 10:40:10,813 [ERROR] LogOutputStream:75 - [STDERR_REDIRECT] [Fatal Error] :1:1: Premature end of file.
2026-05-09 10:40:10,813 [ERROR] LogOutputStream:75 - [STDERR_REDIRECT] 
2026-05-09 10:40:11,793 [ERROR] LogOutputStream:75 - [STDERR_REDIRECT] [Fatal Error] :1:1: Premature end of file.
2026-05-09 10:40:11,793 [ERROR] LogOutputStream:75 - [STDERR_REDIRECT] 
2026-05-09 10:40:12,810 [ERROR] LogOutputStream:75 - [STDERR_REDIRECT] [Fatal Error] :1:1: Premature end of file.
2026-05-09 10:40:12,811 [ERROR] LogOutputStream:75 - [STDERR_REDIRECT] 
2026-05-09 10:40:13,813 [ERROR] LogOutputStream:75 - [STDERR_REDIRECT] [Fatal Error] :1:1: Premature end of file.
2026-05-09 10:40:13,813 [ERROR] LogOutputStream:75 - [STDERR_REDIRECT] 
2026-05-09 10:40:14,807 [ERROR] LogOutputStream:75 - [STDERR_REDIRECT] [Fatal Error] :1:1: Premature end of file.
2026-05-09 10:40:14,808 [ERROR] LogOutputStream:75 - [STDERR_REDIRECT] 
2026-05-09 10:40:15,811 [ERROR] LogOutputStream:75 - [STDERR_REDIRECT] [Fatal Error] :1:1: Premature end of file.
2026-05-09 10:40:15,811 [ERROR] LogOutputStream:75 - [STDERR_REDIRECT] 
2026-05-09 10:40:16,810 [ERROR] LogOutputStream:75 - [STDERR_REDIRECT] [Fatal Error] :1:1: Premature end of file.
2026-05-09 10:40:16,810 [ERROR] LogOutputStream:75 - [STDERR_REDIRECT] 
2026-05-09 10:40:17,811 [ERROR] LogOutputStream:75 - [STDERR_REDIRECT] [Fatal Error] :1:1: Premature end of file.
2026-05-09 10:40:17,811 [ERROR] LogOutputStream:75 - [STDERR_REDIRECT] 
2026-05-09 10:40:18,812 [ERROR] LogOutputStream:75 - [STDERR_REDIRECT] [Fatal Error] :1:1: Premature end of file.
2026-05-09 10:40:18,812 [ERROR] LogOutputStream:75 - [STDERR_REDIRECT] 
2026-05-09 10:40:19,806 [ERROR] LogOutputStream:75 - [STDERR_REDIRECT] [Fatal Error] :1:1: Premature end of file.
2026-05-09 10:40:19,806 [ERROR] LogOutputStream:75 - [STDERR_REDIRECT] 
2026-05-09 10:40:20,801 [ERROR] LogOutputStream:75 - [STDERR_REDIRECT] [Fatal Error] :1:1: Premature end of file.
2026-05-09 10:40:20,801 [ERROR] LogOutputStream:75 - [STDERR_REDIRECT] 
2026-05-09 10:40:21,805 [ERROR] LogOutputStream:75 - [STDERR_REDIRECT] [Fatal Error] :1:1: Premature end of file.
2026-05-09 10:40:21,805 [ERROR] LogOutputStream:75 - [STDERR_REDIRECT] 
2026-05-09 10:40:22,800 [ERROR] LogOutputStream:75 - [STDERR_REDIRECT] [Fatal Error] :1:1: Premature end of file.
2026-05-09 10:40:22,800 [ERROR] LogOutputStream:75 - [STDERR_REDIRECT] 
2026-05-09 10:40:23,817 [ERROR] LogOutputStream:75 - [STDERR_REDIRECT] [Fatal Error] :1:1: Premature end of file.
2026-05-09 10:40:23,817 [ERROR] LogOutputStream:75 - [STDERR_REDIRECT] 
2026-05-09 10:40:24,813 [ERROR] LogOutputStream:75 - [STDERR_REDIRECT] [Fatal Error] :1:1: Premature end of file.
2026-05-09 10:40:24,814 [ERROR] LogOutputStream:75 - [STDERR_REDIRECT] 
2026-05-09 10:40:25,814 [ERROR] LogOutputStream:75 - [STDERR_REDIRECT] [Fatal Error] :1:1: Premature end of file.
2026-05-09 10:40:25,814 [ERROR] LogOutputStream:75 - [STDERR_REDIRECT] 
2026-05-09 10:40:26,813 [ERROR] LogOutputStream:75 - [STDERR_REDIRECT] [Fatal Error] :1:1: Premature end of file.
2026-05-09 10:40:26,813 [ERROR] LogOutputStream:75 - [STDERR_REDIRECT] 
2026-05-09 10:40:27,817 [ERROR] LogOutputStream:75 - [STDERR_REDIRECT] [Fatal Error] :1:1: Premature end of file.
2026-05-09 10:40:27,817 [ERROR] LogOutputStream:75 - [STDERR_REDIRECT] 
2026-05-09 10:40:28,816 [ERROR] LogOutputStream:75 - [STDERR_REDIRECT] [Fatal Error] :1:1: Premature end of file.
2026-05-09 10:40:28,816 [ERROR] LogOutputStream:75 - [STDERR_REDIRECT] 
2026-05-09 10:40:29,811 [ERROR] LogOutputStream:75 - [STDERR_REDIRECT] [Fatal Error] :1:1: Premature end of file.
2026-05-09 10:40:29,812 [ERROR] LogOutputStream:75 - [STDERR_REDIRECT] 
2026-05-09 10:40:30,809 [ERROR] LogOutputStream:75 - [STDERR_REDIRECT] [Fatal Error] :1:1: Premature end of file.
2026-05-09 10:40:30,809 [ERROR] LogOutputStream:75 - [STDERR_REDIRECT] 
2026-05-09 10:40:31,810 [ERROR] LogOutputStream:75 - [STDERR_REDIRECT] [Fatal Error] :1:1: Premature end of file.
2026-05-09 10:40:31,810 [ERROR] LogOutputStream:75 - [STDERR_REDIRECT] 
2026-05-09 10:40:32,805 [ERROR] LogOutputStream:75 - [STDERR_REDIRECT] [Fatal Error] :1:1: Premature end of file.
2026-05-09 10:40:32,805 [ERROR] LogOutputStream:75 - [STDERR_REDIRECT] 
2026-05-09 10:40:33,815 [ERROR] LogOutputStream:75 - [STDERR_REDIRECT] [Fatal Error] :1:1: Premature end of file.
2026-05-09 10:40:33,815 [ERROR] LogOutputStream:75 - [STDERR_REDIRECT] 
2026-05-09 10:40:34,815 [ERROR] LogOutputStream:75 - [STDERR_REDIRECT] [Fatal Error] :1:1: Premature end of file.
2026-05-09 10:40:34,815 [ERROR] LogOutputStream:75 - [STDERR_REDIRECT] 
2026-05-09 10:40:35,805 [ERROR] LogOutputStream:75 - [STDERR_REDIRECT] [Fatal Error] :1:1: Premature end of file.
2026-05-09 10:40:35,805 [ERROR] LogOutputStream:75 - [STDERR_REDIRECT] 
2026-05-09 10:40:36,813 [ERROR] LogOutputStream:75 - [STDERR_REDIRECT] [Fatal Error] :1:1: Premature end of file.
2026-05-09 10:40:36,813 [ERROR] LogOutputStream:75 - [STDERR_REDIRECT] 
2026-05-09 10:40:37,810 [ERROR] LogOutputStream:75 - [STDERR_REDIRECT] [Fatal Error] :1:1: Premature end of file.
2026-05-09 10:40:37,810 [ERROR] LogOutputStream:75 - [STDERR_REDIRECT] 
2026-05-09 10:40:38,809 [ERROR] LogOutputStream:75 - [STDERR_REDIRECT] [Fatal Error] :1:1: Premature end of file.
2026-05-09 10:40:38,809 [ERROR] LogOutputStream:75 - [STDERR_REDIRECT] 
2026-05-09 10:40:39,807 [ERROR] LogOutputStream:75 - [STDERR_REDIRECT] [Fatal Error] :1:1: Premature end of file.
2026-05-09 10:40:39,807 [ERROR] LogOutputStream:75 - [STDERR_REDIRECT] 
2026-05-09 10:40:40,808 [ERROR] LogOutputStream:75 - [STDERR_REDIRECT] [Fatal Error] :1:1: Premature end of file.
2026-05-09 10:40:40,808 [ERROR] LogOutputStream:75 - [STDERR_REDIRECT] 
2026-05-09 10:40:41,813 [ERROR] LogOutputStream:75 - [STDERR_REDIRECT] [Fatal Error] :1:1: Premature end of file.
2026-05-09 10:40:41,813 [ERROR] LogOutputStream:75 - [STDERR_REDIRECT] 
2026-05-09 10:40:42,812 [ERROR] LogOutputStream:75 - [STDERR_REDIRECT] [Fatal Error] :1:1: Premature end of file.
2026-05-09 10:40:42,812 [ERROR] LogOutputStream:75 - [STDERR_REDIRECT] 
2026-05-09 10:40:43,807 [ERROR] LogOutputStream:75 - [STDERR_REDIRECT] [Fatal Error] :1:1: Premature end of file.
2026-05-09 10:40:43,807 [ERROR] LogOutputStream:75 - [STDERR_REDIRECT] 
2026-05-09 10:40:44,800 [ERROR] LogOutputStream:75 - [STDERR_REDIRECT] [Fatal Error] :1:1: Premature end of file.
2026-05-09 10:40:44,800 [ERROR] LogOutputStream:75 - [STDERR_REDIRECT] 
2026-05-09 10:40:45,807 [ERROR] LogOutputStream:75 - [STDERR_REDIRECT] [Fatal Error] :1:1: Premature end of file.
2026-05-09 10:40:45,807 [ERROR] LogOutputStream:75 - [STDERR_REDIRECT] 
2026-05-09 10:40:46,814 [ERROR] LogOutputStream:75 - [STDERR_REDIRECT] [Fatal Error] :1:1: Premature end of file.
2026-05-09 10:40:46,815 [ERROR] LogOutputStream:75 - [STDERR_REDIRECT] 
2026-05-09 10:40:47,808 [ERROR] LogOutputStream:75 - [STDERR_REDIRECT] [Fatal Error] :1:1: Premature end of file.
2026-05-09 10:40:47,808 [ERROR] LogOutputStream:75 - [STDERR_REDIRECT] 
2026-05-09 10:40:48,811 [ERROR] LogOutputStream:75 - [STDERR_REDIRECT] [Fatal Error] :1:1: Premature end of file.
2026-05-09 10:40:48,811 [ERROR] LogOutputStream:75 - [STDERR_REDIRECT] 
2026-05-09 10:40:49,807 [ERROR] LogOutputStream:75 - [STDERR_REDIRECT] [Fatal Error] :1:1: Premature end of file.
2026-05-09 10:40:49,807 [ERROR] LogOutputStream:75 - [STDERR_REDIRECT] 
2026-05-09 10:40:50,813 [ERROR] LogOutputStream:75 - [STDERR_REDIRECT] [Fatal Error] :1:1: Premature end of file.
2026-05-09 10:40:50,813 [ERROR] LogOutputStream:75 - [STDERR_REDIRECT] 
2026-05-09 10:40:51,809 [ERROR] LogOutputStream:75 - [STDERR_REDIRECT] [Fatal Error] :1:1: Premature end of file.
2026-05-09 10:40:51,809 [ERROR] LogOutputStream:75 - [STDERR_REDIRECT] 
2026-05-09 10:40:52,809 [ERROR] LogOutputStream:75 - [STDERR_REDIRECT] [Fatal Error] :1:1: Premature end of file.
2026-05-09 10:40:52,809 [ERROR] LogOutputStream:75 - [STDERR_REDIRECT] 
2026-05-09 10:40:53,811 [ERROR] LogOutputStream:75 - [STDERR_REDIRECT] [Fatal Error] :1:1: Premature end of file.
2026-05-09 10:40:53,812 [ERROR] LogOutputStream:75 - [STDERR_REDIRECT] 
2026-05-09 10:40:54,818 [ERROR] LogOutputStream:75 - [STDERR_REDIRECT] [Fatal Error] :1:1: Premature end of file.
2026-05-09 10:40:54,818 [ERROR] LogOutputStream:75 - [STDERR_REDIRECT] 
2026-05-09 10:40:55,812 [ERROR] LogOutputStream:75 - [STDERR_REDIRECT] [Fatal Error] :1:1: Premature end of file.
2026-05-09 10:40:55,812 [ERROR] LogOutputStream:75 - [STDERR_REDIRECT] 
2026-05-09 10:40:56,806 [ERROR] LogOutputStream:75 - [STDERR_REDIRECT] [Fatal Error] :1:1: Premature end of file.
2026-05-09 10:40:56,806 [ERROR] LogOutputStream:75 - [STDERR_REDIRECT] 
2026-05-09 10:40:57,812 [ERROR] LogOutputStream:75 - [STDERR_REDIRECT] [Fatal Error] :1:1: Premature end of file.
2026-05-09 10:40:57,812 [ERROR] LogOutputStream:75 - [STDERR_REDIRECT] 
2026-05-09 10:40:58,816 [ERROR] LogOutputStream:75 - [STDERR_REDIRECT] [Fatal Error] :1:1: Premature end of file.
2026-05-09 10:40:58,816 [ERROR] LogOutputStream:75 - [STDERR_REDIRECT] 
2026-05-09 10:40:59,816 [ERROR] LogOutputStream:75 - [STDERR_REDIRECT] [Fatal Error] :1:1: Premature end of file.
2026-05-09 10:40:59,816 [ERROR] LogOutputStream:75 - [STDERR_REDIRECT] 
2026-05-09 10:41:00,812 [ERROR] LogOutputStream:75 - [STDERR_REDIRECT] [Fatal Error] :1:1: Premature end of file.
2026-05-09 10:41:00,812 [ERROR] LogOutputStream:75 - [STDERR_REDIRECT] 
2026-05-09 10:41:01,812 [ERROR] LogOutputStream:75 - [STDERR_REDIRECT] [Fatal Error] :1:1: Premature end of file.
2026-05-09 10:41:01,812 [ERROR] LogOutputStream:75 - [STDERR_REDIRECT] 
2026-05-09 10:41:02,812 [ERROR] LogOutputStream:75 - [STDERR_REDIRECT] [Fatal Error] :1:1: Premature end of file.
2026-05-09 10:41:02,812 [ERROR] LogOutputStream:75 - [STDERR_REDIRECT] 
2026-05-09 10:41:03,812 [ERROR] LogOutputStream:75 - [STDERR_REDIRECT] [Fatal Error] :1:1: Premature end of file.
2026-05-09 10:41:03,813 [ERROR] LogOutputStream:75 - [STDERR_REDIRECT] 
2026-05-09 10:41:04,818 [ERROR] LogOutputStream:75 - [STDERR_REDIRECT] [Fatal Error] :1:1: Premature end of file.
2026-05-09 10:41:04,818 [ERROR] LogOutputStream:75 - [STDERR_REDIRECT] 
2026-05-09 10:41:05,810 [ERROR] LogOutputStream:75 - [STDERR_REDIRECT] [Fatal Error] :1:1: Premature end of file.
2026-05-09 10:41:05,810 [ERROR] LogOutputStream:75 - [STDERR_REDIRECT] 
2026-05-09 10:41:06,811 [ERROR] LogOutputStream:75 - [STDERR_REDIRECT] [Fatal Error] :1:1: Premature end of file.
2026-05-09 10:41:06,811 [ERROR] LogOutputStream:75 - [STDERR_REDIRECT] 
2026-05-09 10:41:07,811 [ERROR] LogOutputStream:75 - [STDERR_REDIRECT] [Fatal Error] :1:1: Premature end of file.
2026-05-09 10:41:07,811 [ERROR] LogOutputStream:75 - [STDERR_REDIRECT] 
2026-05-09 10:41:08,813 [ERROR] LogOutputStream:75 - [STDERR_REDIRECT] [Fatal Error] :1:1: Premature end of file.
2026-05-09 10:41:08,813 [ERROR] LogOutputStream:75 - [STDERR_REDIRECT] 
2026-05-09 10:41:09,815 [ERROR] LogOutputStream:75 - [STDERR_REDIRECT] [Fatal Error] :1:1: Premature end of file.
2026-05-09 10:41:09,816 [ERROR] LogOutputStream:75 - [STDERR_REDIRECT] 
2026-05-09 10:41:10,816 [ERROR] LogOutputStream:75 - [STDERR_REDIRECT] [Fatal Error] :1:1: Premature end of file.
2026-05-09 10:41:10,816 [ERROR] LogOutputStream:75 - [STDERR_REDIRECT] 
2026-05-09 10:41:11,817 [ERROR] LogOutputStream:75 - [STDERR_REDIRECT] [Fatal Error] :1:1: Premature end of file.
2026-05-09 10:41:11,818 [ERROR] LogOutputStream:75 - [STDERR_REDIRECT] 
2026-05-09 10:41:12,807 [ERROR] LogOutputStream:75 - [STDERR_REDIRECT] [Fatal Error] :1:1: Premature end of file.
2026-05-09 10:41:12,807 [ERROR] LogOutputStream:75 - [STDERR_REDIRECT] 
2026-05-09 10:41:13,819 [ERROR] LogOutputStream:75 - [STDERR_REDIRECT] [Fatal Error] :1:1: Premature end of file.
2026-05-09 10:41:13,819 [ERROR] LogOutputStream:75 - [STDERR_REDIRECT] 
2026-05-09 10:41:14,817 [ERROR] LogOutputStream:75 - [STDERR_REDIRECT] [Fatal Error] :1:1: Premature end of file.
2026-05-09 10:41:14,817 [ERROR] LogOutputStream:75 - [STDERR_REDIRECT] 
2026-05-09 10:41:15,805 [ERROR] LogOutputStream:75 - [STDERR_REDIRECT] [Fatal Error] :1:1: Premature end of file.
2026-05-09 10:41:15,806 [ERROR] LogOutputStream:75 - [STDERR_REDIRECT] 
2026-05-09 10:41:16,813 [ERROR] LogOutputStream:75 - [STDERR_REDIRECT] [Fatal Error] :1:1: Premature end of file.
2026-05-09 10:41:16,813 [ERROR] LogOutputStream:75 - [STDERR_REDIRECT] 
2026-05-09 10:41:17,811 [ERROR] LogOutputStream:75 - [STDERR_REDIRECT] [Fatal Error] :1:1: Premature end of file.
2026-05-09 10:41:17,811 [ERROR] LogOutputStream:75 - [STDERR_REDIRECT] 
2026-05-09 10:41:18,812 [ERROR] LogOutputStream:75 - [STDERR_REDIRECT] [Fatal Error] :1:1: Premature end of file.
2026-05-09 10:41:18,812 [ERROR] LogOutputStream:75 - [STDERR_REDIRECT] 
2026-05-09 10:41:19,808 [ERROR] LogOutputStream:75 - [STDERR_REDIRECT] [Fatal Error] :1:1: Premature end of file.
2026-05-09 10:41:19,808 [ERROR] LogOutputStream:75 - [STDERR_REDIRECT] 
2026-05-09 10:41:20,810 [ERROR] LogOutputStream:75 - [STDERR_REDIRECT] [Fatal Error] :1:1: Premature end of file.
2026-05-09 10:41:20,810 [ERROR] LogOutputStream:75 - [STDERR_REDIRECT] 
2026-05-09 10:41:21,821 [ERROR] LogOutputStream:75 - [STDERR_REDIRECT] [Fatal Error] :1:1: Premature end of file.
2026-05-09 10:41:21,821 [ERROR] LogOutputStream:75 - [STDERR_REDIRECT] 
2026-05-09 10:41:22,814 [ERROR] LogOutputStream:75 - [STDERR_REDIRECT] [Fatal Error] :1:1: Premature end of file.
2026-05-09 10:41:22,814 [ERROR] LogOutputStream:75 - [STDERR_REDIRECT] 
2026-05-09 10:41:23,809 [ERROR] LogOutputStream:75 - [STDERR_REDIRECT] [Fatal Error] :1:1: Premature end of file.
2026-05-09 10:41:23,809 [ERROR] LogOutputStream:75 - [STDERR_REDIRECT] 
2026-05-09 10:41:24,815 [ERROR] LogOutputStream:75 - [STDERR_REDIRECT] [Fatal Error] :1:1: Premature end of file.
2026-05-09 10:41:24,815 [ERROR] LogOutputStream:75 - [STDERR_REDIRECT] 
2026-05-09 10:41:25,813 [ERROR] LogOutputStream:75 - [STDERR_REDIRECT] [Fatal Error] :1:1: Premature end of file.
2026-05-09 10:41:25,813 [ERROR] LogOutputStream:75 - [STDERR_REDIRECT] 
2026-05-09 10:41:26,810 [ERROR] LogOutputStream:75 - [STDERR_REDIRECT] [Fatal Error] :1:1: Premature end of file.
2026-05-09 10:41:26,810 [ERROR] LogOutputStream:75 - [STDERR_REDIRECT] 
2026-05-09 10:41:27,808 [ERROR] LogOutputStream:75 - [STDERR_REDIRECT] [Fatal Error] :1:1: Premature end of file.
2026-05-09 10:41:27,809 [ERROR] LogOutputStream:75 - [STDERR_REDIRECT] 
2026-05-09 10:41:28,812 [ERROR] LogOutputStream:75 - [STDERR_REDIRECT] [Fatal Error] :1:1: Premature end of file.
2026-05-09 10:41:28,812 [ERROR] LogOutputStream:75 - [STDERR_REDIRECT] 
2026-05-09 10:41:29,816 [ERROR] LogOutputStream:75 - [STDERR_REDIRECT] [Fatal Error] :1:1: Premature end of file.
2026-05-09 10:41:29,816 [ERROR] LogOutputStream:75 - [STDERR_REDIRECT] 
2026-05-09 10:41:30,817 [ERROR] LogOutputStream:75 - [STDERR_REDIRECT] [Fatal Error] :1:1: Premature end of file.
2026-05-09 10:41:30,817 [ERROR] LogOutputStream:75 - [STDERR_REDIRECT] 
2026-05-09 10:41:31,814 [ERROR] LogOutputStream:75 - [STDERR_REDIRECT] [Fatal Error] :1:1: Premature end of file.
2026-05-09 10:41:31,814 [ERROR] LogOutputStream:75 - [STDERR_REDIRECT] 
2026-05-09 10:41:32,809 [ERROR] LogOutputStream:75 - [STDERR_REDIRECT] [Fatal Error] :1:1: Premature end of file.
2026-05-09 10:41:32,809 [ERROR] LogOutputStream:75 - [STDERR_REDIRECT] 
2026-05-09 10:41:33,814 [ERROR] LogOutputStream:75 - [STDERR_REDIRECT] [Fatal Error] :1:1: Premature end of file.
2026-05-09 10:41:33,814 [ERROR] LogOutputStream:75 - [STDERR_REDIRECT] 
2026-05-09 10:41:34,824 [ERROR] LogOutputStream:75 - [STDERR_REDIRECT] [Fatal Error] :1:1: Premature end of file.
2026-05-09 10:41:34,824 [ERROR] LogOutputStream:75 - [STDERR_REDIRECT] 
2026-05-09 10:41:35,814 [ERROR] LogOutputStream:75 - [STDERR_REDIRECT] [Fatal Error] :1:1: Premature end of file.
2026-05-09 10:41:35,814 [ERROR] LogOutputStream:75 - [STDERR_REDIRECT] 
2026-05-09 10:41:36,812 [ERROR] LogOutputStream:75 - [STDERR_REDIRECT] [Fatal Error] :1:1: Premature end of file.
2026-05-09 10:41:36,813 [ERROR] LogOutputStream:75 - [STDERR_REDIRECT] 
2026-05-09 10:41:37,807 [ERROR] LogOutputStream:75 - [STDERR_REDIRECT] [Fatal Error] :1:1: Premature end of file.
2026-05-09 10:41:37,807 [ERROR] LogOutputStream:75 - [STDERR_REDIRECT] 
2026-05-09 10:41:38,811 [ERROR] LogOutputStream:75 - [STDERR_REDIRECT] [Fatal Error] :1:1: Premature end of file.
2026-05-09 10:41:38,811 [ERROR] LogOutputStream:75 - [STDERR_REDIRECT] 
2026-05-09 10:41:39,819 [ERROR] LogOutputStream:75 - [STDERR_REDIRECT] [Fatal Error] :1:1: Premature end of file.
2026-05-09 10:41:39,819 [ERROR] LogOutputStream:75 - [STDERR_REDIRECT] 
2026-05-09 10:41:40,815 [ERROR] LogOutputStream:75 - [STDERR_REDIRECT] [Fatal Error] :1:1: Premature end of file.
2026-05-09 10:41:40,815 [ERROR] LogOutputStream:75 - [STDERR_REDIRECT] 
2026-05-09 10:41:41,806 [ERROR] LogOutputStream:75 - [STDERR_REDIRECT] [Fatal Error] :1:1: Premature end of file.
2026-05-09 10:41:41,807 [ERROR] LogOutputStream:75 - [STDERR_REDIRECT] 
2026-05-09 10:41:42,810 [ERROR] LogOutputStream:75 - [STDERR_REDIRECT] [Fatal Error] :1:1: Premature end of file.
2026-05-09 10:41:42,810 [ERROR] LogOutputStream:75 - [STDERR_REDIRECT] 
2026-05-09 10:41:43,814 [ERROR] LogOutputStream:75 - [STDERR_REDIRECT] [Fatal Error] :1:1: Premature end of file.
2026-05-09 10:41:43,814 [ERROR] LogOutputStream:75 - [STDERR_REDIRECT] 
2026-05-09 10:41:44,816 [ERROR] LogOutputStream:75 - [STDERR_REDIRECT] [Fatal Error] :1:1: Premature end of file.
2026-05-09 10:41:44,816 [ERROR] LogOutputStream:75 - [STDERR_REDIRECT] 
2026-05-09 10:41:45,810 [ERROR] LogOutputStream:75 - [STDERR_REDIRECT] [Fatal Error] :1:1: Premature end of file.
2026-05-09 10:41:45,810 [ERROR] LogOutputStream:75 - [STDERR_REDIRECT] 
2026-05-09 10:41:46,826 [ERROR] LogOutputStream:75 - [STDERR_REDIRECT] [Fatal Error] :1:1: Premature end of file.
2026-05-09 10:41:46,826 [ERROR] LogOutputStream:75 - [STDERR_REDIRECT] 
2026-05-09 10:41:47,796 [ERROR] LogOutputStream:75 - [STDERR_REDIRECT] [Fatal Error] :1:1: Premature end of file.
2026-05-09 10:41:47,796 [ERROR] LogOutputStream:75 - [STDERR_REDIRECT] 
2026-05-09 10:41:48,812 [ERROR] LogOutputStream:75 - [STDERR_REDIRECT] [Fatal Error] :1:1: Premature end of file.
2026-05-09 10:41:48,812 [ERROR] LogOutputStream:75 - [STDERR_REDIRECT] 
2026-05-09 10:41:49,808 [ERROR] LogOutputStream:75 - [STDERR_REDIRECT] [Fatal Error] :1:1: Premature end of file.
2026-05-09 10:41:49,808 [ERROR] LogOutputStream:75 - [STDERR_REDIRECT] 
2026-05-09 10:41:50,811 [ERROR] LogOutputStream:75 - [STDERR_REDIRECT] [Fatal Error] :1:1: Premature end of file.
2026-05-09 10:41:50,812 [ERROR] LogOutputStream:75 - [STDERR_REDIRECT] 
2026-05-09 10:41:51,814 [ERROR] LogOutputStream:75 - [STDERR_REDIRECT] [Fatal Error] :1:1: Premature end of file.
2026-05-09 10:41:51,814 [ERROR] LogOutputStream:75 - [STDERR_REDIRECT] 
2026-05-09 10:41:52,823 [ERROR] LogOutputStream:75 - [STDERR_REDIRECT] [Fatal Error] :1:1: Premature end of file.
2026-05-09 10:41:52,823 [ERROR] LogOutputStream:75 - [STDERR_REDIRECT] 
2026-05-09 10:41:53,793 [ERROR] LogOutputStream:75 - [STDERR_REDIRECT] [Fatal Error] :1:1: Premature end of file.
2026-05-09 10:41:53,794 [ERROR] LogOutputStream:75 - [STDERR_REDIRECT] 
2026-05-09 10:41:54,809 [ERROR] LogOutputStream:75 - [STDERR_REDIRECT] [Fatal Error] :1:1: Premature end of file.
2026-05-09 10:41:54,809 [ERROR] LogOutputStream:75 - [STDERR_REDIRECT] 
2026-05-09 10:41:55,821 [ERROR] LogOutputStream:75 - [STDERR_REDIRECT] [Fatal Error] :1:1: Premature end of file.
2026-05-09 10:41:55,821 [ERROR] LogOutputStream:75 - [STDERR_REDIRECT] 
2026-05-09 10:41:56,813 [ERROR] LogOutputStream:75 - [STDERR_REDIRECT] [Fatal Error] :1:1: Premature end of file.
2026-05-09 10:41:56,813 [ERROR] LogOutputStream:75 - [STDERR_REDIRECT] 
2026-05-09 10:41:57,813 [ERROR] LogOutputStream:75 - [STDERR_REDIRECT] [Fatal Error] :1:1: Premature end of file.
2026-05-09 10:41:57,813 [ERROR] LogOutputStream:75 - [STDERR_REDIRECT] 
2026-05-09 10:41:58,808 [ERROR] LogOutputStream:75 - [STDERR_REDIRECT] [Fatal Error] :1:1: Premature end of file.
2026-05-09 10:41:58,808 [ERROR] LogOutputStream:75 - [STDERR_REDIRECT] 
2026-05-09 10:41:59,814 [ERROR] LogOutputStream:75 - [STDERR_REDIRECT] [Fatal Error] :1:1: Premature end of file.
2026-05-09 10:41:59,814 [ERROR] LogOutputStream:75 - [STDERR_REDIRECT] 
2026-05-09 10:42:00,829 [ERROR] LogOutputStream:75 - [STDERR_REDIRECT] [Fatal Error] :1:1: Premature end of file.
2026-05-09 10:42:00,829 [ERROR] LogOutputStream:75 - [STDERR_REDIRECT] 
2026-05-09 10:42:01,818 [ERROR] LogOutputStream:75 - [STDERR_REDIRECT] [Fatal Error] :1:1: Premature end of file.
2026-05-09 10:42:01,818 [ERROR] LogOutputStream:75 - [STDERR_REDIRECT] 
2026-05-09 10:42:02,814 [ERROR] LogOutputStream:75 - [STDERR_REDIRECT] [Fatal Error] :1:1: Premature end of file.
2026-05-09 10:42:02,814 [ERROR] LogOutputStream:75 - [STDERR_REDIRECT] 
2026-05-09 10:42:03,820 [ERROR] LogOutputStream:75 - [STDERR_REDIRECT] [Fatal Error] :1:1: Premature end of file.
2026-05-09 10:42:03,820 [ERROR] LogOutputStream:75 - [STDERR_REDIRECT] 
2026-05-09 10:42:04,819 [ERROR] LogOutputStream:75 - [STDERR_REDIRECT] [Fatal Error] :1:1: Premature end of file.
2026-05-09 10:42:04,819 [ERROR] LogOutputStream:75 - [STDERR_REDIRECT] 
2026-05-09 10:42:05,823 [ERROR] LogOutputStream:75 - [STDERR_REDIRECT] [Fatal Error] :1:1: Premature end of file.
2026-05-09 10:42:05,823 [ERROR] LogOutputStream:75 - [STDERR_REDIRECT] 
2026-05-09 10:42:06,820 [ERROR] LogOutputStream:75 - [STDERR_REDIRECT] [Fatal Error] :1:1: Premature end of file.
2026-05-09 10:42:06,820 [ERROR] LogOutputStream:75 - [STDERR_REDIRECT] 
2026-05-09 10:42:07,813 [ERROR] LogOutputStream:75 - [STDERR_REDIRECT] [Fatal Error] :1:1: Premature end of file.
2026-05-09 10:42:07,813 [ERROR] LogOutputStream:75 - [STDERR_REDIRECT] 
2026-05-09 10:42:08,818 [ERROR] LogOutputStream:75 - [STDERR_REDIRECT] [Fatal Error] :1:1: Premature end of file.
2026-05-09 10:42:08,818 [ERROR] LogOutputStream:75 - [STDERR_REDIRECT] 
2026-05-09 10:42:09,822 [ERROR] LogOutputStream:75 - [STDERR_REDIRECT] [Fatal Error] :1:1: Premature end of file.
2026-05-09 10:42:09,822 [ERROR] LogOutputStream:75 - [STDERR_REDIRECT] 
2026-05-09 10:42:10,817 [ERROR] LogOutputStream:75 - [STDERR_REDIRECT] [Fatal Error] :1:1: Premature end of file.
2026-05-09 10:42:10,817 [ERROR] LogOutputStream:75 - [STDERR_REDIRECT] 
2026-05-09 10:42:11,822 [ERROR] LogOutputStream:75 - [STDERR_REDIRECT] [Fatal Error] :1:1: Premature end of file.
2026-05-09 10:42:11,822 [ERROR] LogOutputStream:75 - [STDERR_REDIRECT] 
2026-05-09 10:42:12,811 [ERROR] LogOutputStream:75 - [STDERR_REDIRECT] [Fatal Error] :1:1: Premature end of file.
2026-05-09 10:42:12,811 [ERROR] LogOutputStream:75 - [STDERR_REDIRECT] 
2026-05-09 10:42:13,813 [ERROR] LogOutputStream:75 - [STDERR_REDIRECT] [Fatal Error] :1:1: Premature end of file.
2026-05-09 10:42:13,813 [ERROR] LogOutputStream:75 - [STDERR_REDIRECT] 
2026-05-09 10:42:14,830 [ERROR] LogOutputStream:75 - [STDERR_REDIRECT] [Fatal Error] :1:1: Premature end of file.
2026-05-09 10:42:14,831 [ERROR] LogOutputStream:75 - [STDERR_REDIRECT] 
2026-05-09 10:42:15,813 [ERROR] LogOutputStream:75 - [STDERR_REDIRECT] [Fatal Error] :1:1: Premature end of file.
2026-05-09 10:42:15,813 [ERROR] LogOutputStream:75 - [STDERR_REDIRECT] 
2026-05-09 10:42:16,814 [ERROR] LogOutputStream:75 - [STDERR_REDIRECT] [Fatal Error] :1:1: Premature end of file.
2026-05-09 10:42:16,814 [ERROR] LogOutputStream:75 - [STDERR_REDIRECT] 
2026-05-09 10:42:17,807 [ERROR] LogOutputStream:75 - [STDERR_REDIRECT] [Fatal Error] :1:1: Premature end of file.
2026-05-09 10:42:17,808 [ERROR] LogOutputStream:75 - [STDERR_REDIRECT] 
2026-05-09 10:42:18,816 [ERROR] LogOutputStream:75 - [STDERR_REDIRECT] [Fatal Error] :1:1: Premature end of file.
2026-05-09 10:42:18,816 [ERROR] LogOutputStream:75 - [STDERR_REDIRECT] 
2026-05-09 10:42:19,811 [ERROR] LogOutputStream:75 - [STDERR_REDIRECT] [Fatal Error] :1:1: Premature end of file.
2026-05-09 10:42:19,811 [ERROR] LogOutputStream:75 - [STDERR_REDIRECT] 
2026-05-09 10:42:20,816 [ERROR] LogOutputStream:75 - [STDERR_REDIRECT] [Fatal Error] :1:1: Premature end of file.
2026-05-09 10:42:20,816 [ERROR] LogOutputStream:75 - [STDERR_REDIRECT] 
2026-05-09 10:42:21,811 [ERROR] LogOutputStream:75 - [STDERR_REDIRECT] [Fatal Error] :1:1: Premature end of file.
2026-05-09 10:42:21,812 [ERROR] LogOutputStream:75 - [STDERR_REDIRECT] 
2026-05-09 10:42:22,812 [ERROR] LogOutputStream:75 - [STDERR_REDIRECT] [Fatal Error] :1:1: Premature end of file.
2026-05-09 10:42:22,812 [ERROR] LogOutputStream:75 - [STDERR_REDIRECT] 
2026-05-09 10:42:23,823 [ERROR] LogOutputStream:75 - [STDERR_REDIRECT] [Fatal Error] :1:1: Premature end of file.
2026-05-09 10:42:23,823 [ERROR] LogOutputStream:75 - [STDERR_REDIRECT] 
2026-05-09 10:42:24,798 [ERROR] LogOutputStream:75 - [STDERR_REDIRECT] [Fatal Error] :1:1: Premature end of file.
2026-05-09 10:42:24,798 [ERROR] LogOutputStream:75 - [STDERR_REDIRECT] 
2026-05-09 10:42:25,795 [ERROR] LogOutputStream:75 - [STDERR_REDIRECT] [Fatal Error] :1:1: Premature end of file.
2026-05-09 10:42:25,795 [ERROR] LogOutputStream:75 - [STDERR_REDIRECT] 
2026-05-09 10:42:26,813 [ERROR] LogOutputStream:75 - [STDERR_REDIRECT] [Fatal Error] :1:1: Premature end of file.
2026-05-09 10:42:26,814 [ERROR] LogOutputStream:75 - [STDERR_REDIRECT] 
2026-05-09 10:42:27,823 [ERROR] LogOutputStream:75 - [STDERR_REDIRECT] [Fatal Error] :1:1: Premature end of file.
2026-05-09 10:42:27,825 [ERROR] LogOutputStream:75 - [STDERR_REDIRECT] 
2026-05-09 10:42:28,800 [ERROR] LogOutputStream:75 - [STDERR_REDIRECT] [Fatal Error] :1:1: Premature end of file.
2026-05-09 10:42:28,800 [ERROR] LogOutputStream:75 - [STDERR_REDIRECT] 
2026-05-09 10:42:29,795 [ERROR] LogOutputStream:75 - [STDERR_REDIRECT] [Fatal Error] :1:1: Premature end of file.
2026-05-09 10:42:29,795 [ERROR] LogOutputStream:75 - [STDERR_REDIRECT] 
2026-05-09 10:42:30,810 [ERROR] LogOutputStream:75 - [STDERR_REDIRECT] [Fatal Error] :1:1: Premature end of file.
2026-05-09 10:42:30,810 [ERROR] LogOutputStream:75 - [STDERR_REDIRECT] 
2026-05-09 10:42:31,831 [ERROR] LogOutputStream:75 - [STDERR_REDIRECT] [Fatal Error] :1:1: Premature end of file.
2026-05-09 10:42:31,831 [ERROR] LogOutputStream:75 - [STDERR_REDIRECT] 
2026-05-09 10:42:32,839 [ERROR] LogOutputStream:75 - [STDERR_REDIRECT] [Fatal Error] :1:1: Premature end of file.
2026-05-09 10:42:32,839 [ERROR] LogOutputStream:75 - [STDERR_REDIRECT] 
2026-05-09 10:42:33,831 [ERROR] LogOutputStream:75 - [STDERR_REDIRECT] [Fatal Error] :1:1: Premature end of file.
2026-05-09 10:42:33,832 [ERROR] LogOutputStream:75 - [STDERR_REDIRECT] 
2026-05-09 10:42:34,828 [ERROR] LogOutputStream:75 - [STDERR_REDIRECT] [Fatal Error] :1:1: Premature end of file.
2026-05-09 10:42:34,828 [ERROR] LogOutputStream:75 - [STDERR_REDIRECT] 
2026-05-09 10:42:35,833 [ERROR] LogOutputStream:75 - [STDERR_REDIRECT] [Fatal Error] :1:1: Premature end of file.
2026-05-09 10:42:35,833 [ERROR] LogOutputStream:75 - [STDERR_REDIRECT] 
2026-05-09 10:42:36,842 [ERROR] LogOutputStream:75 - [STDERR_REDIRECT] [Fatal Error] :1:1: Premature end of file.
2026-05-09 10:42:36,843 [ERROR] LogOutputStream:75 - [STDERR_REDIRECT] 
2026-05-09 10:42:37,844 [ERROR] LogOutputStream:75 - [STDERR_REDIRECT] [Fatal Error] :1:1: Premature end of file.
2026-05-09 10:42:37,844 [ERROR] LogOutputStream:75 - [STDERR_REDIRECT] 
2026-05-09 10:42:38,822 [ERROR] LogOutputStream:75 - [STDERR_REDIRECT] [Fatal Error] :1:1: Premature end of file.
2026-05-09 10:42:38,823 [ERROR] LogOutputStream:75 - [STDERR_REDIRECT] 
2026-05-09 10:42:39,824 [ERROR] LogOutputStream:75 - [STDERR_REDIRECT] [Fatal Error] :1:1: Premature end of file.
2026-05-09 10:42:39,824 [ERROR] LogOutputStream:75 - [STDERR_REDIRECT] 
2026-05-09 10:42:40,815 [ERROR] LogOutputStream:75 - [STDERR_REDIRECT] [Fatal Error] :1:1: Premature end of file.
2026-05-09 10:42:40,815 [ERROR] LogOutputStream:75 - [STDERR_REDIRECT] 
2026-05-09 10:42:41,841 [ERROR] LogOutputStream:75 - [STDERR_REDIRECT] [Fatal Error] :1:1: Premature end of file.
2026-05-09 10:42:41,841 [ERROR] LogOutputStream:75 - [STDERR_REDIRECT] 
2026-05-09 10:42:42,846 [ERROR] LogOutputStream:75 - [STDERR_REDIRECT] [Fatal Error] :1:1: Premature end of file.
2026-05-09 10:42:42,846 [ERROR] LogOutputStream:75 - [STDERR_REDIRECT] 
2026-05-09 10:42:43,812 [ERROR] LogOutputStream:75 - [STDERR_REDIRECT] [Fatal Error] :1:1: Premature end of file.
2026-05-09 10:42:43,812 [ERROR] LogOutputStream:75 - [STDERR_REDIRECT] 
2026-05-09 10:42:44,848 [ERROR] LogOutputStream:75 - [STDERR_REDIRECT] [Fatal Error] :1:1: Premature end of file.
2026-05-09 10:42:44,848 [ERROR] LogOutputStream:75 - [STDERR_REDIRECT] 
2026-05-09 10:42:45,833 [ERROR] LogOutputStream:75 - [STDERR_REDIRECT] [Fatal Error] :1:1: Premature end of file.
2026-05-09 10:42:45,833 [ERROR] LogOutputStream:75 - [STDERR_REDIRECT] 
2026-05-09 10:42:46,821 [ERROR] LogOutputStream:75 - [STDERR_REDIRECT] [Fatal Error] :1:1: Premature end of file.
2026-05-09 10:42:46,821 [ERROR] LogOutputStream:75 - [STDERR_REDIRECT] 
2026-05-09 10:42:47,817 [ERROR] LogOutputStream:75 - [STDERR_REDIRECT] [Fatal Error] :1:1: Premature end of file.
2026-05-09 10:42:47,817 [ERROR] LogOutputStream:75 - [STDERR_REDIRECT] 
2026-05-09 10:42:48,809 [ERROR] LogOutputStream:75 - [STDERR_REDIRECT] [Fatal Error] :1:1: Premature end of file.
2026-05-09 10:42:48,810 [ERROR] LogOutputStream:75 - [STDERR_REDIRECT] 
2026-05-09 10:42:49,818 [ERROR] LogOutputStream:75 - [STDERR_REDIRECT] [Fatal Error] :1:1: Premature end of file.
2026-05-09 10:42:49,819 [ERROR] LogOutputStream:75 - [STDERR_REDIRECT] 
2026-05-09 10:42:50,808 [ERROR] LogOutputStream:75 - [STDERR_REDIRECT] [Fatal Error] :1:1: Premature end of file.
2026-05-09 10:42:50,809 [ERROR] LogOutputStream:75 - [STDERR_REDIRECT] 
2026-05-09 10:42:51,821 [ERROR] LogOutputStream:75 - [STDERR_REDIRECT] [Fatal Error] :1:1: Premature end of file.
2026-05-09 10:42:51,821 [ERROR] LogOutputStream:75 - [STDERR_REDIRECT] 
2026-05-09 10:42:52,816 [ERROR] LogOutputStream:75 - [STDERR_REDIRECT] [Fatal Error] :1:1: Premature end of file.
2026-05-09 10:42:52,817 [ERROR] LogOutputStream:75 - [STDERR_REDIRECT] 
2026-05-09 10:42:53,833 [ERROR] LogOutputStream:75 - [STDERR_REDIRECT] [Fatal Error] :1:1: Premature end of file.
2026-05-09 10:42:53,833 [ERROR] LogOutputStream:75 - [STDERR_REDIRECT] 
2026-05-09 10:42:54,836 [ERROR] LogOutputStream:75 - [STDERR_REDIRECT] [Fatal Error] :1:1: Premature end of file.
2026-05-09 10:42:54,837 [ERROR] LogOutputStream:75 - [STDERR_REDIRECT] 
2026-05-09 10:42:55,808 [ERROR] LogOutputStream:75 - [STDERR_REDIRECT] [Fatal Error] :1:1: Premature end of file.
2026-05-09 10:42:55,808 [ERROR] LogOutputStream:75 - [STDERR_REDIRECT] 
2026-05-09 10:42:56,827 [ERROR] LogOutputStream:75 - [STDERR_REDIRECT] [Fatal Error] :1:1: Premature end of file.
2026-05-09 10:42:56,827 [ERROR] LogOutputStream:75 - [STDERR_REDIRECT] 
2026-05-09 10:42:57,838 [ERROR] LogOutputStream:75 - [STDERR_REDIRECT] [Fatal Error] :1:1: Premature end of file.
2026-05-09 10:42:57,838 [ERROR] LogOutputStream:75 - [STDERR_REDIRECT] 
2026-05-09 10:42:58,815 [ERROR] LogOutputStream:75 - [STDERR_REDIRECT] [Fatal Error] :1:1: Premature end of file.
2026-05-09 10:42:58,815 [ERROR] LogOutputStream:75 - [STDERR_REDIRECT] 
2026-05-09 10:42:59,806 [ERROR] LogOutputStream:75 - [STDERR_REDIRECT] [Fatal Error] :1:1: Premature end of file.
2026-05-09 10:42:59,807 [ERROR] LogOutputStream:75 - [STDERR_REDIRECT] 
2026-05-09 10:43:00,807 [ERROR] LogOutputStream:75 - [STDERR_REDIRECT] [Fatal Error] :1:1: Premature end of file.
2026-05-09 10:43:00,807 [ERROR] LogOutputStream:75 - [STDERR_REDIRECT] 
2026-05-09 10:43:01,812 [ERROR] LogOutputStream:75 - [STDERR_REDIRECT] [Fatal Error] :1:1: Premature end of file.
2026-05-09 10:43:01,812 [ERROR] LogOutputStream:75 - [STDERR_REDIRECT] 
2026-05-09 10:43:02,831 [ERROR] LogOutputStream:75 - [STDERR_REDIRECT] [Fatal Error] :1:1: Premature end of file.
2026-05-09 10:43:02,832 [ERROR] LogOutputStream:75 - [STDERR_REDIRECT] 
2026-05-09 10:43:03,799 [ERROR] LogOutputStream:75 - [STDERR_REDIRECT] [Fatal Error] :1:1: Premature end of file.
2026-05-09 10:43:03,799 [ERROR] LogOutputStream:75 - [STDERR_REDIRECT] 
2026-05-09 10:43:04,831 [ERROR] LogOutputStream:75 - [STDERR_REDIRECT] [Fatal Error] :1:1: Premature end of file.
2026-05-09 10:43:04,831 [ERROR] LogOutputStream:75 - [STDERR_REDIRECT] 
2026-05-09 10:43:05,834 [ERROR] LogOutputStream:75 - [STDERR_REDIRECT] [Fatal Error] :1:1: Premature end of file.
2026-05-09 10:43:05,834 [ERROR] LogOutputStream:75 - [STDERR_REDIRECT] 
2026-05-09 10:43:06,812 [ERROR] LogOutputStream:75 - [STDERR_REDIRECT] [Fatal Error] :1:1: Premature end of file.
2026-05-09 10:43:06,812 [ERROR] LogOutputStream:75 - [STDERR_REDIRECT] 
2026-05-09 10:43:07,804 [ERROR] LogOutputStream:75 - [STDERR_REDIRECT] [Fatal Error] :1:1: Premature end of file.
2026-05-09 10:43:07,805 [ERROR] LogOutputStream:75 - [STDERR_REDIRECT] 
2026-05-09 10:43:08,829 [ERROR] LogOutputStream:75 - [STDERR_REDIRECT] [Fatal Error] :1:1: Premature end of file.
2026-05-09 10:43:08,830 [ERROR] LogOutputStream:75 - [STDERR_REDIRECT] 
2026-05-09 10:43:09,802 [ERROR] LogOutputStream:75 - [STDERR_REDIRECT] [Fatal Error] :1:1: Premature end of file.
2026-05-09 10:43:09,802 [ERROR] LogOutputStream:75 - [STDERR_REDIRECT] 
2026-05-09 10:43:10,806 [ERROR] LogOutputStream:75 - [STDERR_REDIRECT] [Fatal Error] :1:1: Premature end of file.
2026-05-09 10:43:10,806 [ERROR] LogOutputStream:75 - [STDERR_REDIRECT] 
2026-05-09 10:43:11,827 [ERROR] LogOutputStream:75 - [STDERR_REDIRECT] [Fatal Error] :1:1: Premature end of file.
2026-05-09 10:43:11,827 [ERROR] LogOutputStream:75 - [STDERR_REDIRECT] 
2026-05-09 10:43:12,813 [ERROR] LogOutputStream:75 - [STDERR_REDIRECT] [Fatal Error] :1:1: Premature end of file.
2026-05-09 10:43:12,813 [ERROR] LogOutputStream:75 - [STDERR_REDIRECT] 
2026-05-09 10:43:13,835 [ERROR] LogOutputStream:75 - [STDERR_REDIRECT] [Fatal Error] :1:1: Premature end of file.
2026-05-09 10:43:13,835 [ERROR] LogOutputStream:75 - [STDERR_REDIRECT] 
2026-05-09 10:43:14,812 [ERROR] LogOutputStream:75 - [STDERR_REDIRECT] [Fatal Error] :1:1: Premature end of file.
2026-05-09 10:43:14,812 [ERROR] LogOutputStream:75 - [STDERR_REDIRECT] 
2026-05-09 10:43:15,835 [ERROR] LogOutputStream:75 - [STDERR_REDIRECT] [Fatal Error] :1:1: Premature end of file.
2026-05-09 10:43:15,835 [ERROR] LogOutputStream:75 - [STDERR_REDIRECT] 
2026-05-09 10:43:16,829 [ERROR] LogOutputStream:75 - [STDERR_REDIRECT] [Fatal Error] :1:1: Premature end of file.
2026-05-09 10:43:16,829 [ERROR] LogOutputStream:75 - [STDERR_REDIRECT] 
2026-05-09 10:43:17,828 [ERROR] LogOutputStream:75 - [STDERR_REDIRECT] [Fatal Error] :1:1: Premature end of file.
2026-05-09 10:43:17,829 [ERROR] LogOutputStream:75 - [STDERR_REDIRECT] 
2026-05-09 10:43:18,838 [ERROR] LogOutputStream:75 - [STDERR_REDIRECT] [Fatal Error] :1:1: Premature end of file.
2026-05-09 10:43:18,838 [ERROR] LogOutputStream:75 - [STDERR_REDIRECT] 
2026-05-09 10:43:19,832 [ERROR] LogOutputStream:75 - [STDERR_REDIRECT] [Fatal Error] :1:1: Premature end of file.
2026-05-09 10:43:19,832 [ERROR] LogOutputStream:75 - [STDERR_REDIRECT] 
2026-05-09 10:43:20,809 [ERROR] LogOutputStream:75 - [STDERR_REDIRECT] [Fatal Error] :1:1: Premature end of file.
2026-05-09 10:43:20,809 [ERROR] LogOutputStream:75 - [STDERR_REDIRECT] 
2026-05-09 10:43:21,817 [ERROR] LogOutputStream:75 - [STDERR_REDIRECT] [Fatal Error] :1:1: Premature end of file.
2026-05-09 10:43:21,818 [ERROR] LogOutputStream:75 - [STDERR_REDIRECT] 
2026-05-09 10:43:22,838 [ERROR] LogOutputStream:75 - [STDERR_REDIRECT] [Fatal Error] :1:1: Premature end of file.
2026-05-09 10:43:22,838 [ERROR] LogOutputStream:75 - [STDERR_REDIRECT] 
2026-05-09 10:43:23,827 [ERROR] LogOutputStream:75 - [STDERR_REDIRECT] [Fatal Error] :1:1: Premature end of file.
2026-05-09 10:43:23,827 [ERROR] LogOutputStream:75 - [STDERR_REDIRECT] 
2026-05-09 10:43:24,831 [ERROR] LogOutputStream:75 - [STDERR_REDIRECT] [Fatal Error] :1:1: Premature end of file.
2026-05-09 10:43:24,831 [ERROR] LogOutputStream:75 - [STDERR_REDIRECT] 
2026-05-09 10:43:25,830 [ERROR] LogOutputStream:75 - [STDERR_REDIRECT] [Fatal Error] :1:1: Premature end of file.
2026-05-09 10:43:25,830 [ERROR] LogOutputStream:75 - [STDERR_REDIRECT] 
2026-05-09 10:43:26,837 [ERROR] LogOutputStream:75 - [STDERR_REDIRECT] [Fatal Error] :1:1: Premature end of file.
2026-05-09 10:43:26,837 [ERROR] LogOutputStream:75 - [STDERR_REDIRECT] 
2026-05-09 10:43:27,837 [ERROR] LogOutputStream:75 - [STDERR_REDIRECT] [Fatal Error] :1:1: Premature end of file.
2026-05-09 10:43:27,837 [ERROR] LogOutputStream:75 - [STDERR_REDIRECT] 
2026-05-09 10:43:28,832 [ERROR] LogOutputStream:75 - [STDERR_REDIRECT] [Fatal Error] :1:1: Premature end of file.
2026-05-09 10:43:28,832 [ERROR] LogOutputStream:75 - [STDERR_REDIRECT] 
2026-05-09 10:43:29,833 [ERROR] LogOutputStream:75 - [STDERR_REDIRECT] [Fatal Error] :1:1: Premature end of file.
2026-05-09 10:43:29,834 [ERROR] LogOutputStream:75 - [STDERR_REDIRECT] 
2026-05-09 10:43:30,804 [ERROR] LogOutputStream:75 - [STDERR_REDIRECT] [Fatal Error] :1:1: Premature end of file.
2026-05-09 10:43:30,805 [ERROR] LogOutputStream:75 - [STDERR_REDIRECT] 
2026-05-09 10:43:31,806 [ERROR] LogOutputStream:75 - [STDERR_REDIRECT] [Fatal Error] :1:1: Premature end of file.
2026-05-09 10:43:31,806 [ERROR] LogOutputStream:75 - [STDERR_REDIRECT] 
2026-05-09 10:43:32,822 [ERROR] LogOutputStream:75 - [STDERR_REDIRECT] [Fatal Error] :1:1: Premature end of file.
2026-05-09 10:43:32,822 [ERROR] LogOutputStream:75 - [STDERR_REDIRECT] 
2026-05-09 10:43:33,803 [ERROR] LogOutputStream:75 - [STDERR_REDIRECT] [Fatal Error] :1:1: Premature end of file.
2026-05-09 10:43:33,803 [ERROR] LogOutputStream:75 - [STDERR_REDIRECT] 
2026-05-09 10:43:34,806 [ERROR] LogOutputStream:75 - [STDERR_REDIRECT] [Fatal Error] :1:1: Premature end of file.
2026-05-09 10:43:34,806 [ERROR] LogOutputStream:75 - [STDERR_REDIRECT] 
2026-05-09 10:43:35,807 [ERROR] LogOutputStream:75 - [STDERR_REDIRECT] [Fatal Error] :1:1: Premature end of file.
2026-05-09 10:43:35,807 [ERROR] LogOutputStream:75 - [STDERR_REDIRECT] 
2026-05-09 10:43:36,802 [ERROR] LogOutputStream:75 - [STDERR_REDIRECT] [Fatal Error] :1:1: Premature end of file.
2026-05-09 10:43:36,802 [ERROR] LogOutputStream:75 - [STDERR_REDIRECT] 
2026-05-09 10:43:37,820 [ERROR] LogOutputStream:75 - [STDERR_REDIRECT] [Fatal Error] :1:1: Premature end of file.
2026-05-09 10:43:37,821 [ERROR] LogOutputStream:75 - [STDERR_REDIRECT] 
2026-05-09 10:43:38,833 [ERROR] LogOutputStream:75 - [STDERR_REDIRECT] [Fatal Error] :1:1: Premature end of file.
2026-05-09 10:43:38,833 [ERROR] LogOutputStream:75 - [STDERR_REDIRECT] 
2026-05-09 10:43:39,812 [ERROR] LogOutputStream:75 - [STDERR_REDIRECT] [Fatal Error] :1:1: Premature end of file.
2026-05-09 10:43:39,812 [ERROR] LogOutputStream:75 - [STDERR_REDIRECT] 
2026-05-09 10:43:40,816 [ERROR] LogOutputStream:75 - [STDERR_REDIRECT] [Fatal Error] :1:1: Premature end of file.
2026-05-09 10:43:40,817 [ERROR] LogOutputStream:75 - [STDERR_REDIRECT] 
2026-05-09 10:43:41,849 [ERROR] LogOutputStream:75 - [STDERR_REDIRECT] [Fatal Error] :1:1: Premature end of file.
2026-05-09 10:43:41,849 [ERROR] LogOutputStream:75 - [STDERR_REDIRECT] 
2026-05-09 10:43:42,803 [ERROR] LogOutputStream:75 - [STDERR_REDIRECT] [Fatal Error] :1:1: Premature end of file.
2026-05-09 10:43:42,803 [ERROR] LogOutputStream:75 - [STDERR_REDIRECT] 
2026-05-09 10:43:43,845 [ERROR] LogOutputStream:75 - [STDERR_REDIRECT] [Fatal Error] :1:1: Premature end of file.
2026-05-09 10:43:43,846 [ERROR] LogOutputStream:75 - [STDERR_REDIRECT] 
2026-05-09 10:43:44,842 [ERROR] LogOutputStream:75 - [STDERR_REDIRECT] [Fatal Error] :1:1: Premature end of file.
2026-05-09 10:43:44,843 [ERROR] LogOutputStream:75 - [STDERR_REDIRECT] 
2026-05-09 10:43:45,840 [ERROR] LogOutputStream:75 - [STDERR_REDIRECT] [Fatal Error] :1:1: Premature end of file.
2026-05-09 10:43:45,840 [ERROR] LogOutputStream:75 - [STDERR_REDIRECT] 
2026-05-09 10:43:46,845 [ERROR] LogOutputStream:75 - [STDERR_REDIRECT] [Fatal Error] :1:1: Premature end of file.
2026-05-09 10:43:46,846 [ERROR] LogOutputStream:75 - [STDERR_REDIRECT] 
2026-05-09 10:43:47,827 [ERROR] LogOutputStream:75 - [STDERR_REDIRECT] [Fatal Error] :1:1: Premature end of file.
2026-05-09 10:43:47,827 [ERROR] LogOutputStream:75 - [STDERR_REDIRECT] 
2026-05-09 10:43:48,845 [ERROR] LogOutputStream:75 - [STDERR_REDIRECT] [Fatal Error] :1:1: Premature end of file.
2026-05-09 10:43:48,846 [ERROR] LogOutputStream:75 - [STDERR_REDIRECT] 
2026-05-09 10:43:49,836 [ERROR] LogOutputStream:75 - [STDERR_REDIRECT] [Fatal Error] :1:1: Premature end of file.
2026-05-09 10:43:49,837 [ERROR] LogOutputStream:75 - [STDERR_REDIRECT] 
2026-05-09 10:43:50,844 [ERROR] LogOutputStream:75 - [STDERR_REDIRECT] [Fatal Error] :1:1: Premature end of file.
2026-05-09 10:43:50,844 [ERROR] LogOutputStream:75 - [STDERR_REDIRECT] 
2026-05-09 10:43:51,850 [ERROR] LogOutputStream:75 - [STDERR_REDIRECT] [Fatal Error] :1:1: Premature end of file.
2026-05-09 10:43:51,851 [ERROR] LogOutputStream:75 - [STDERR_REDIRECT] 
2026-05-09 10:43:52,824 [ERROR] LogOutputStream:75 - [STDERR_REDIRECT] [Fatal Error] :1:1: Premature end of file.
2026-05-09 10:43:52,824 [ERROR] LogOutputStream:75 - [STDERR_REDIRECT] 
2026-05-09 10:43:53,810 [ERROR] LogOutputStream:75 - [STDERR_REDIRECT] [Fatal Error] :1:1: Premature end of file.
2026-05-09 10:43:53,810 [ERROR] LogOutputStream:75 - [STDERR_REDIRECT] 
2026-05-09 10:43:54,833 [ERROR] LogOutputStream:75 - [STDERR_REDIRECT] [Fatal Error] :1:1: Premature end of file.
2026-05-09 10:43:54,833 [ERROR] LogOutputStream:75 - [STDERR_REDIRECT] 
2026-05-09 10:43:55,822 [ERROR] LogOutputStream:75 - [STDERR_REDIRECT] [Fatal Error] :1:1: Premature end of file.
2026-05-09 10:43:55,823 [ERROR] LogOutputStream:75 - [STDERR_REDIRECT] 
2026-05-09 10:43:56,802 [ERROR] LogOutputStream:75 - [STDERR_REDIRECT] [Fatal Error] :1:1: Premature end of file.
2026-05-09 10:43:56,802 [ERROR] LogOutputStream:75 - [STDERR_REDIRECT] 
2026-05-09 10:43:57,819 [ERROR] LogOutputStream:75 - [STDERR_REDIRECT] [Fatal Error] :1:1: Premature end of file.
2026-05-09 10:43:57,820 [ERROR] LogOutputStream:75 - [STDERR_REDIRECT] 
2026-05-09 10:43:58,815 [ERROR] LogOutputStream:75 - [STDERR_REDIRECT] [Fatal Error] :1:1: Premature end of file.
2026-05-09 10:43:58,815 [ERROR] LogOutputStream:75 - [STDERR_REDIRECT] 
2026-05-09 10:43:59,816 [ERROR] LogOutputStream:75 - [STDERR_REDIRECT] [Fatal Error] :1:1: Premature end of file.
2026-05-09 10:43:59,816 [ERROR] LogOutputStream:75 - [STDERR_REDIRECT] 
2026-05-09 10:44:00,808 [ERROR] LogOutputStream:75 - [STDERR_REDIRECT] [Fatal Error] :1:1: Premature end of file.
2026-05-09 10:44:00,808 [ERROR] LogOutputStream:75 - [STDERR_REDIRECT] 
2026-05-09 10:44:01,842 [ERROR] LogOutputStream:75 - [STDERR_REDIRECT] [Fatal Error] :1:1: Premature end of file.
2026-05-09 10:44:01,842 [ERROR] LogOutputStream:75 - [STDERR_REDIRECT] 
2026-05-09 10:44:02,818 [ERROR] LogOutputStream:75 - [STDERR_REDIRECT] [Fatal Error] :1:1: Premature end of file.
2026-05-09 10:44:02,818 [ERROR] LogOutputStream:75 - [STDERR_REDIRECT] 
2026-05-09 10:44:03,804 [ERROR] LogOutputStream:75 - [STDERR_REDIRECT] [Fatal Error] :1:1: Premature end of file.
2026-05-09 10:44:03,805 [ERROR] LogOutputStream:75 - [STDERR_REDIRECT] 
2026-05-09 10:44:04,836 [ERROR] LogOutputStream:75 - [STDERR_REDIRECT] [Fatal Error] :1:1: Premature end of file.
2026-05-09 10:44:04,836 [ERROR] LogOutputStream:75 - [STDERR_REDIRECT] 
2026-05-09 10:44:05,833 [ERROR] LogOutputStream:75 - [STDERR_REDIRECT] [Fatal Error] :1:1: Premature end of file.
2026-05-09 10:44:05,834 [ERROR] LogOutputStream:75 - [STDERR_REDIRECT] 
2026-05-09 10:44:06,832 [ERROR] LogOutputStream:75 - [STDERR_REDIRECT] [Fatal Error] :1:1: Premature end of file.
2026-05-09 10:44:06,832 [ERROR] LogOutputStream:75 - [STDERR_REDIRECT] 
2026-05-09 10:44:07,801 [ERROR] LogOutputStream:75 - [STDERR_REDIRECT] [Fatal Error] :1:1: Premature end of file.
2026-05-09 10:44:07,801 [ERROR] LogOutputStream:75 - [STDERR_REDIRECT] 
2026-05-09 10:44:08,808 [ERROR] LogOutputStream:75 - [STDERR_REDIRECT] [Fatal Error] :1:1: Premature end of file.
2026-05-09 10:44:08,808 [ERROR] LogOutputStream:75 - [STDERR_REDIRECT] 
2026-05-09 10:44:09,824 [ERROR] LogOutputStream:75 - [STDERR_REDIRECT] [Fatal Error] :1:1: Premature end of file.
2026-05-09 10:44:09,824 [ERROR] LogOutputStream:75 - [STDERR_REDIRECT] 
2026-05-09 10:44:10,827 [ERROR] LogOutputStream:75 - [STDERR_REDIRECT] [Fatal Error] :1:1: Premature end of file.
2026-05-09 10:44:10,827 [ERROR] LogOutputStream:75 - [STDERR_REDIRECT] 
2026-05-09 10:44:11,819 [ERROR] LogOutputStream:75 - [STDERR_REDIRECT] [Fatal Error] :1:1: Premature end of file.
2026-05-09 10:44:11,820 [ERROR] LogOutputStream:75 - [STDERR_REDIRECT] 
2026-05-09 10:44:12,839 [ERROR] LogOutputStream:75 - [STDERR_REDIRECT] [Fatal Error] :1:1: Premature end of file.
2026-05-09 10:44:12,839 [ERROR] LogOutputStream:75 - [STDERR_REDIRECT] 
2026-05-09 10:44:13,840 [ERROR] LogOutputStream:75 - [STDERR_REDIRECT] [Fatal Error] :1:1: Premature end of file.
2026-05-09 10:44:13,840 [ERROR] LogOutputStream:75 - [STDERR_REDIRECT] 
2026-05-09 10:44:14,837 [ERROR] LogOutputStream:75 - [STDERR_REDIRECT] [Fatal Error] :1:1: Premature end of file.
2026-05-09 10:44:14,837 [ERROR] LogOutputStream:75 - [STDERR_REDIRECT] 
2026-05-09 10:44:15,849 [ERROR] LogOutputStream:75 - [STDERR_REDIRECT] [Fatal Error] :1:1: Premature end of file.
2026-05-09 10:44:15,849 [ERROR] LogOutputStream:75 - [STDERR_REDIRECT] 
2026-05-09 10:44:16,831 [ERROR] LogOutputStream:75 - [STDERR_REDIRECT] [Fatal Error] :1:1: Premature end of file.
2026-05-09 10:44:16,832 [ERROR] LogOutputStream:75 - [STDERR_REDIRECT] 
2026-05-09 10:44:17,821 [ERROR] LogOutputStream:75 - [STDERR_REDIRECT] [Fatal Error] :1:1: Premature end of file.
2026-05-09 10:44:17,821 [ERROR] LogOutputStream:75 - [STDERR_REDIRECT] 
2026-05-09 10:44:18,809 [ERROR] LogOutputStream:75 - [STDERR_REDIRECT] [Fatal Error] :1:1: Premature end of file.
2026-05-09 10:44:18,810 [ERROR] LogOutputStream:75 - [STDERR_REDIRECT] 
2026-05-09 10:44:19,849 [ERROR] LogOutputStream:75 - [STDERR_REDIRECT] [Fatal Error] :1:1: Premature end of file.
2026-05-09 10:44:19,850 [ERROR] LogOutputStream:75 - [STDERR_REDIRECT] 
2026-05-09 10:44:20,800 [ERROR] LogOutputStream:75 - [STDERR_REDIRECT] [Fatal Error] :1:1: Premature end of file.
2026-05-09 10:44:20,800 [ERROR] LogOutputStream:75 - [STDERR_REDIRECT] 
2026-05-09 10:44:21,802 [ERROR] LogOutputStream:75 - [STDERR_REDIRECT] [Fatal Error] :1:1: Premature end of file.
2026-05-09 10:44:21,803 [ERROR] LogOutputStream:75 - [STDERR_REDIRECT] 
2026-05-09 10:44:22,815 [ERROR] LogOutputStream:75 - [STDERR_REDIRECT] [Fatal Error] :1:1: Premature end of file.
2026-05-09 10:44:22,815 [ERROR] LogOutputStream:75 - [STDERR_REDIRECT] 
2026-05-09 10:44:23,814 [ERROR] LogOutputStream:75 - [STDERR_REDIRECT] [Fatal Error] :1:1: Premature end of file.
2026-05-09 10:44:23,814 [ERROR] LogOutputStream:75 - [STDERR_REDIRECT] 
2026-05-09 10:44:24,840 [ERROR] LogOutputStream:75 - [STDERR_REDIRECT] [Fatal Error] :1:1: Premature end of file.
2026-05-09 10:44:24,841 [ERROR] LogOutputStream:75 - [STDERR_REDIRECT] 
2026-05-09 10:44:25,846 [ERROR] LogOutputStream:75 - [STDERR_REDIRECT] [Fatal Error] :1:1: Premature end of file.
2026-05-09 10:44:25,846 [ERROR] LogOutputStream:75 - [STDERR_REDIRECT] 
2026-05-09 10:44:26,810 [ERROR] LogOutputStream:75 - [STDERR_REDIRECT] [Fatal Error] :1:1: Premature end of file.
2026-05-09 10:44:26,810 [ERROR] LogOutputStream:75 - [STDERR_REDIRECT] 
2026-05-09 10:44:27,805 [ERROR] LogOutputStream:75 - [STDERR_REDIRECT] [Fatal Error] :1:1: Premature end of file.
2026-05-09 10:44:27,806 [ERROR] LogOutputStream:75 - [STDERR_REDIRECT] 
2026-05-09 10:44:28,812 [ERROR] LogOutputStream:75 - [STDERR_REDIRECT] [Fatal Error] :1:1: Premature end of file.
2026-05-09 10:44:28,813 [ERROR] LogOutputStream:75 - [STDERR_REDIRECT] 
2026-05-09 10:44:29,837 [ERROR] LogOutputStream:75 - [STDERR_REDIRECT] [Fatal Error] :1:1: Premature end of file.
2026-05-09 10:44:29,838 [ERROR] LogOutputStream:75 - [STDERR_REDIRECT] 
2026-05-09 10:44:30,839 [ERROR] LogOutputStream:75 - [STDERR_REDIRECT] [Fatal Error] :1:1: Premature end of file.
2026-05-09 10:44:30,839 [ERROR] LogOutputStream:75 - [STDERR_REDIRECT] 
2026-05-09 10:44:31,837 [ERROR] LogOutputStream:75 - [STDERR_REDIRECT] [Fatal Error] :1:1: Premature end of file.
2026-05-09 10:44:31,837 [ERROR] LogOutputStream:75 - [STDERR_REDIRECT] 
2026-05-09 10:44:32,830 [ERROR] LogOutputStream:75 - [STDERR_REDIRECT] [Fatal Error] :1:1: Premature end of file.
2026-05-09 10:44:32,831 [ERROR] LogOutputStream:75 - [STDERR_REDIRECT] 
2026-05-09 10:44:33,849 [ERROR] LogOutputStream:75 - [STDERR_REDIRECT] [Fatal Error] :1:1: Premature end of file.
2026-05-09 10:44:33,849 [ERROR] LogOutputStream:75 - [STDERR_REDIRECT] 
2026-05-09 10:44:34,827 [ERROR] LogOutputStream:75 - [STDERR_REDIRECT] [Fatal Error] :1:1: Premature end of file.
2026-05-09 10:44:34,827 [ERROR] LogOutputStream:75 - [STDERR_REDIRECT] 
2026-05-09 10:44:35,850 [ERROR] LogOutputStream:75 - [STDERR_REDIRECT] [Fatal Error] :1:1: Premature end of file.
2026-05-09 10:44:35,851 [ERROR] LogOutputStream:75 - [STDERR_REDIRECT] 
2026-05-09 10:44:36,833 [ERROR] LogOutputStream:75 - [STDERR_REDIRECT] [Fatal Error] :1:1: Premature end of file.
2026-05-09 10:44:36,834 [ERROR] LogOutputStream:75 - [STDERR_REDIRECT] 
2026-05-09 10:44:37,826 [ERROR] LogOutputStream:75 - [STDERR_REDIRECT] [Fatal Error] :1:1: Premature end of file.
2026-05-09 10:44:37,826 [ERROR] LogOutputStream:75 - [STDERR_REDIRECT] 
2026-05-09 10:44:38,819 [ERROR] LogOutputStream:75 - [STDERR_REDIRECT] [Fatal Error] :1:1: Premature end of file.
2026-05-09 10:44:38,820 [ERROR] LogOutputStream:75 - [STDERR_REDIRECT] 
2026-05-09 10:44:39,830 [ERROR] LogOutputStream:75 - [STDERR_REDIRECT] [Fatal Error] :1:1: Premature end of file.
2026-05-09 10:44:39,830 [ERROR] LogOutputStream:75 - [STDERR_REDIRECT] 
2026-05-09 10:44:40,810 [ERROR] LogOutputStream:75 - [STDERR_REDIRECT] [Fatal Error] :1:1: Premature end of file.
2026-05-09 10:44:40,810 [ERROR] LogOutputStream:75 - [STDERR_REDIRECT] 
2026-05-09 10:44:41,834 [ERROR] LogOutputStream:75 - [STDERR_REDIRECT] [Fatal Error] :1:1: Premature end of file.
2026-05-09 10:44:41,834 [ERROR] LogOutputStream:75 - [STDERR_REDIRECT] 
2026-05-09 10:44:42,833 [ERROR] LogOutputStream:75 - [STDERR_REDIRECT] [Fatal Error] :1:1: Premature end of file.
2026-05-09 10:44:42,833 [ERROR] LogOutputStream:75 - [STDERR_REDIRECT] 
2026-05-09 10:44:43,833 [ERROR] LogOutputStream:75 - [STDERR_REDIRECT] [Fatal Error] :1:1: Premature end of file.
2026-05-09 10:44:43,833 [ERROR] LogOutputStream:75 - [STDERR_REDIRECT] 
2026-05-09 10:44:44,829 [ERROR] LogOutputStream:75 - [STDERR_REDIRECT] [Fatal Error] :1:1: Premature end of file.
2026-05-09 10:44:44,830 [ERROR] LogOutputStream:75 - [STDERR_REDIRECT] 
2026-05-09 10:44:45,856 [ERROR] LogOutputStream:75 - [STDERR_REDIRECT] [Fatal Error] :1:1: Premature end of file.
2026-05-09 10:44:45,856 [ERROR] LogOutputStream:75 - [STDERR_REDIRECT] 
2026-05-09 10:44:46,832 [ERROR] LogOutputStream:75 - [STDERR_REDIRECT] [Fatal Error] :1:1: Premature end of file.
2026-05-09 10:44:46,833 [ERROR] LogOutputStream:75 - [STDERR_REDIRECT] 
2026-05-09 10:44:47,847 [ERROR] LogOutputStream:75 - [STDERR_REDIRECT] [Fatal Error] :1:1: Premature end of file.
2026-05-09 10:44:47,847 [ERROR] LogOutputStream:75 - [STDERR_REDIRECT] 
2026-05-09 10:44:48,830 [ERROR] LogOutputStream:75 - [STDERR_REDIRECT] [Fatal Error] :1:1: Premature end of file.
2026-05-09 10:44:48,830 [ERROR] LogOutputStream:75 - [STDERR_REDIRECT] 
2026-05-09 10:44:49,841 [ERROR] LogOutputStream:75 - [STDERR_REDIRECT] [Fatal Error] :1:1: Premature end of file.
2026-05-09 10:44:49,842 [ERROR] LogOutputStream:75 - [STDERR_REDIRECT] 
2026-05-09 10:44:50,842 [ERROR] LogOutputStream:75 - [STDERR_REDIRECT] [Fatal Error] :1:1: Premature end of file.
2026-05-09 10:44:50,842 [ERROR] LogOutputStream:75 - [STDERR_REDIRECT] 
2026-05-09 10:44:51,812 [ERROR] LogOutputStream:75 - [STDERR_REDIRECT] [Fatal Error] :1:1: Premature end of file.
2026-05-09 10:44:51,813 [ERROR] LogOutputStream:75 - [STDERR_REDIRECT] 
2026-05-09 10:44:52,810 [ERROR] LogOutputStream:75 - [STDERR_REDIRECT] [Fatal Error] :1:1: Premature end of file.
2026-05-09 10:44:52,810 [ERROR] LogOutputStream:75 - [STDERR_REDIRECT] 
2026-05-09 10:44:53,811 [ERROR] LogOutputStream:75 - [STDERR_REDIRECT] [Fatal Error] :1:1: Premature end of file.
2026-05-09 10:44:53,811 [ERROR] LogOutputStream:75 - [STDERR_REDIRECT] 
2026-05-09 10:44:54,836 [ERROR] LogOutputStream:75 - [STDERR_REDIRECT] [Fatal Error] :1:1: Premature end of file.
2026-05-09 10:44:54,836 [ERROR] LogOutputStream:75 - [STDERR_REDIRECT] 
2026-05-09 10:44:55,805 [ERROR] LogOutputStream:75 - [STDERR_REDIRECT] [Fatal Error] :1:1: Premature end of file.
2026-05-09 10:44:55,805 [ERROR] LogOutputStream:75 - [STDERR_REDIRECT] 
2026-05-09 10:44:56,810 [ERROR] LogOutputStream:75 - [STDERR_REDIRECT] [Fatal Error] :1:1: Premature end of file.
2026-05-09 10:44:56,810 [ERROR] LogOutputStream:75 - [STDERR_REDIRECT] 
2026-05-09 10:44:57,822 [ERROR] LogOutputStream:75 - [STDERR_REDIRECT] [Fatal Error] :1:1: Premature end of file.
2026-05-09 10:44:57,822 [ERROR] LogOutputStream:75 - [STDERR_REDIRECT] 
2026-05-09 10:44:58,811 [ERROR] LogOutputStream:75 - [STDERR_REDIRECT] [Fatal Error] :1:1: Premature end of file.
2026-05-09 10:44:58,812 [ERROR] LogOutputStream:75 - [STDERR_REDIRECT] 
2026-05-09 10:44:59,831 [ERROR] LogOutputStream:75 - [STDERR_REDIRECT] [Fatal Error] :1:1: Premature end of file.
2026-05-09 10:44:59,831 [ERROR] LogOutputStream:75 - [STDERR_REDIRECT] 
2026-05-09 10:45:00,800 [ERROR] LogOutputStream:75 - [STDERR_REDIRECT] [Fatal Error] :1:1: Premature end of file.
2026-05-09 10:45:00,800 [ERROR] LogOutputStream:75 - [STDERR_REDIRECT] 
2026-05-09 10:45:01,805 [ERROR] LogOutputStream:75 - [STDERR_REDIRECT] [Fatal Error] :1:1: Premature end of file.
2026-05-09 10:45:01,805 [ERROR] LogOutputStream:75 - [STDERR_REDIRECT] 
2026-05-09 10:45:02,813 [ERROR] LogOutputStream:75 - [STDERR_REDIRECT] [Fatal Error] :1:1: Premature end of file.
2026-05-09 10:45:02,814 [ERROR] LogOutputStream:75 - [STDERR_REDIRECT] 
2026-05-09 10:45:03,808 [ERROR] LogOutputStream:75 - [STDERR_REDIRECT] [Fatal Error] :1:1: Premature end of file.
2026-05-09 10:45:03,808 [ERROR] LogOutputStream:75 - [STDERR_REDIRECT] 
2026-05-09 10:45:04,822 [ERROR] LogOutputStream:75 - [STDERR_REDIRECT] [Fatal Error] :1:1: Premature end of file.
2026-05-09 10:45:04,822 [ERROR] LogOutputStream:75 - [STDERR_REDIRECT] 
2026-05-09 10:45:05,815 [ERROR] LogOutputStream:75 - [STDERR_REDIRECT] [Fatal Error] :1:1: Premature end of file.
2026-05-09 10:45:05,815 [ERROR] LogOutputStream:75 - [STDERR_REDIRECT] 
2026-05-09 10:45:06,815 [ERROR] LogOutputStream:75 - [STDERR_REDIRECT] [Fatal Error] :1:1: Premature end of file.
2026-05-09 10:45:06,815 [ERROR] LogOutputStream:75 - [STDERR_REDIRECT] 
2026-05-09 10:45:07,819 [ERROR] LogOutputStream:75 - [STDERR_REDIRECT] [Fatal Error] :1:1: Premature end of file.
2026-05-09 10:45:07,819 [ERROR] LogOutputStream:75 - [STDERR_REDIRECT] 
2026-05-09 10:45:08,809 [ERROR] LogOutputStream:75 - [STDERR_REDIRECT] [Fatal Error] :1:1: Premature end of file.
2026-05-09 10:45:08,809 [ERROR] LogOutputStream:75 - [STDERR_REDIRECT] 
2026-05-09 10:45:09,817 [ERROR] LogOutputStream:75 - [STDERR_REDIRECT] [Fatal Error] :1:1: Premature end of file.
2026-05-09 10:45:09,817 [ERROR] LogOutputStream:75 - [STDERR_REDIRECT] 
2026-05-09 10:45:10,807 [ERROR] LogOutputStream:75 - [STDERR_REDIRECT] [Fatal Error] :1:1: Premature end of file.
2026-05-09 10:45:10,807 [ERROR] LogOutputStream:75 - [STDERR_REDIRECT] 
2026-05-09 10:45:11,808 [ERROR] LogOutputStream:75 - [STDERR_REDIRECT] [Fatal Error] :1:1: Premature end of file.
2026-05-09 10:45:11,808 [ERROR] LogOutputStream:75 - [STDERR_REDIRECT] 
2026-05-09 10:45:12,812 [ERROR] LogOutputStream:75 - [STDERR_REDIRECT] [Fatal Error] :1:1: Premature end of file.
2026-05-09 10:45:12,812 [ERROR] LogOutputStream:75 - [STDERR_REDIRECT] 
2026-05-09 10:45:13,813 [ERROR] LogOutputStream:75 - [STDERR_REDIRECT] [Fatal Error] :1:1: Premature end of file.
2026-05-09 10:45:13,813 [ERROR] LogOutputStream:75 - [STDERR_REDIRECT] 
2026-05-09 10:45:14,818 [ERROR] LogOutputStream:75 - [STDERR_REDIRECT] [Fatal Error] :1:1: Premature end of file.
2026-05-09 10:45:14,818 [ERROR] LogOutputStream:75 - [STDERR_REDIRECT] 
2026-05-09 10:45:15,812 [ERROR] LogOutputStream:75 - [STDERR_REDIRECT] [Fatal Error] :1:1: Premature end of file.
2026-05-09 10:45:15,812 [ERROR] LogOutputStream:75 - [STDERR_REDIRECT] 
2026-05-09 10:45:16,811 [ERROR] LogOutputStream:75 - [STDERR_REDIRECT] [Fatal Error] :1:1: Premature end of file.
2026-05-09 10:45:16,812 [ERROR] LogOutputStream:75 - [STDERR_REDIRECT] 
2026-05-09 10:45:17,811 [ERROR] LogOutputStream:75 - [STDERR_REDIRECT] [Fatal Error] :1:1: Premature end of file.
2026-05-09 10:45:17,811 [ERROR] LogOutputStream:75 - [STDERR_REDIRECT] 
2026-05-09 10:45:18,811 [ERROR] LogOutputStream:75 - [STDERR_REDIRECT] [Fatal Error] :1:1: Premature end of file.
2026-05-09 10:45:18,811 [ERROR] LogOutputStream:75 - [STDERR_REDIRECT] 
2026-05-09 10:45:19,812 [ERROR] LogOutputStream:75 - [STDERR_REDIRECT] [Fatal Error] :1:1: Premature end of file.
2026-05-09 10:45:19,813 [ERROR] LogOutputStream:75 - [STDERR_REDIRECT] 
2026-05-09 10:45:20,808 [ERROR] LogOutputStream:75 - [STDERR_REDIRECT] [Fatal Error] :1:1: Premature end of file.
2026-05-09 10:45:20,808 [ERROR] LogOutputStream:75 - [STDERR_REDIRECT] 
2026-05-09 10:45:21,809 [ERROR] LogOutputStream:75 - [STDERR_REDIRECT] [Fatal Error] :1:1: Premature end of file.
2026-05-09 10:45:21,809 [ERROR] LogOutputStream:75 - [STDERR_REDIRECT] 
2026-05-09 10:45:22,812 [ERROR] LogOutputStream:75 - [STDERR_REDIRECT] [Fatal Error] :1:1: Premature end of file.
2026-05-09 10:45:22,812 [ERROR] LogOutputStream:75 - [STDERR_REDIRECT] 
2026-05-09 10:45:23,811 [ERROR] LogOutputStream:75 - [STDERR_REDIRECT] [Fatal Error] :1:1: Premature end of file.
2026-05-09 10:45:23,811 [ERROR] LogOutputStream:75 - [STDERR_REDIRECT] 
2026-05-09 10:45:24,811 [ERROR] LogOutputStream:75 - [STDERR_REDIRECT] [Fatal Error] :1:1: Premature end of file.
2026-05-09 10:45:24,811 [ERROR] LogOutputStream:75 - [STDERR_REDIRECT] 
2026-05-09 10:45:25,808 [ERROR] LogOutputStream:75 - [STDERR_REDIRECT] [Fatal Error] :1:1: Premature end of file.
2026-05-09 10:45:25,808 [ERROR] LogOutputStream:75 - [STDERR_REDIRECT] 
2026-05-09 10:45:26,816 [ERROR] LogOutputStream:75 - [STDERR_REDIRECT] [Fatal Error] :1:1: Premature end of file.
2026-05-09 10:45:26,816 [ERROR] LogOutputStream:75 - [STDERR_REDIRECT] 
2026-05-09 10:45:27,814 [ERROR] LogOutputStream:75 - [STDERR_REDIRECT] [Fatal Error] :1:1: Premature end of file.
2026-05-09 10:45:27,815 [ERROR] LogOutputStream:75 - [STDERR_REDIRECT] 
2026-05-09 10:45:28,814 [ERROR] LogOutputStream:75 - [STDERR_REDIRECT] [Fatal Error] :1:1: Premature end of file.
2026-05-09 10:45:28,814 [ERROR] LogOutputStream:75 - [STDERR_REDIRECT] 
2026-05-09 10:45:29,817 [ERROR] LogOutputStream:75 - [STDERR_REDIRECT] [Fatal Error] :1:1: Premature end of file.
2026-05-09 10:45:29,818 [ERROR] LogOutputStream:75 - [STDERR_REDIRECT] 
2026-05-09 10:45:30,808 [ERROR] LogOutputStream:75 - [STDERR_REDIRECT] [Fatal Error] :1:1: Premature end of file.
2026-05-09 10:45:30,809 [ERROR] LogOutputStream:75 - [STDERR_REDIRECT] 
2026-05-09 10:45:31,817 [ERROR] LogOutputStream:75 - [STDERR_REDIRECT] [Fatal Error] :1:1: Premature end of file.
2026-05-09 10:45:31,817 [ERROR] LogOutputStream:75 - [STDERR_REDIRECT] 
2026-05-09 10:45:32,812 [ERROR] LogOutputStream:75 - [STDERR_REDIRECT] [Fatal Error] :1:1: Premature end of file.
2026-05-09 10:45:32,813 [ERROR] LogOutputStream:75 - [STDERR_REDIRECT] 
2026-05-09 10:45:33,806 [ERROR] LogOutputStream:75 - [STDERR_REDIRECT] [Fatal Error] :1:1: Premature end of file.
2026-05-09 10:45:33,806 [ERROR] LogOutputStream:75 - [STDERR_REDIRECT] 
2026-05-09 10:45:34,823 [ERROR] LogOutputStream:75 - [STDERR_REDIRECT] [Fatal Error] :1:1: Premature end of file.
2026-05-09 10:45:34,823 [ERROR] LogOutputStream:75 - [STDERR_REDIRECT] 
2026-05-09 10:45:35,815 [ERROR] LogOutputStream:75 - [STDERR_REDIRECT] [Fatal Error] :1:1: Premature end of file.
2026-05-09 10:45:35,815 [ERROR] LogOutputStream:75 - [STDERR_REDIRECT] 
2026-05-09 10:45:36,805 [ERROR] LogOutputStream:75 - [STDERR_REDIRECT] [Fatal Error] :1:1: Premature end of file.
2026-05-09 10:45:36,806 [ERROR] LogOutputStream:75 - [STDERR_REDIRECT] 
2026-05-09 10:45:37,806 [ERROR] LogOutputStream:75 - [STDERR_REDIRECT] [Fatal Error] :1:1: Premature end of file.
2026-05-09 10:45:37,807 [ERROR] LogOutputStream:75 - [STDERR_REDIRECT] 
2026-05-09 10:45:38,815 [ERROR] LogOutputStream:75 - [STDERR_REDIRECT] [Fatal Error] :1:1: Premature end of file.
2026-05-09 10:45:38,815 [ERROR] LogOutputStream:75 - [STDERR_REDIRECT] 
2026-05-09 10:45:39,815 [ERROR] LogOutputStream:75 - [STDERR_REDIRECT] [Fatal Error] :1:1: Premature end of file.
2026-05-09 10:45:39,815 [ERROR] LogOutputStream:75 - [STDERR_REDIRECT] 
2026-05-09 10:45:40,814 [ERROR] LogOutputStream:75 - [STDERR_REDIRECT] [Fatal Error] :1:1: Premature end of file.
2026-05-09 10:45:40,814 [ERROR] LogOutputStream:75 - [STDERR_REDIRECT] 
2026-05-09 10:45:41,823 [ERROR] LogOutputStream:75 - [STDERR_REDIRECT] [Fatal Error] :1:1: Premature end of file.
2026-05-09 10:45:41,823 [ERROR] LogOutputStream:75 - [STDERR_REDIRECT] 
2026-05-09 10:45:42,808 [ERROR] LogOutputStream:75 - [STDERR_REDIRECT] [Fatal Error] :1:1: Premature end of file.
2026-05-09 10:45:42,808 [ERROR] LogOutputStream:75 - [STDERR_REDIRECT] 
2026-05-09 10:45:43,813 [ERROR] LogOutputStream:75 - [STDERR_REDIRECT] [Fatal Error] :1:1: Premature end of file.
2026-05-09 10:45:43,813 [ERROR] LogOutputStream:75 - [STDERR_REDIRECT] 
2026-05-09 10:45:44,796 [ERROR] LogOutputStream:75 - [STDERR_REDIRECT] [Fatal Error] :1:1: Premature end of file.
2026-05-09 10:45:44,796 [ERROR] LogOutputStream:75 - [STDERR_REDIRECT] 
2026-05-09 10:45:45,817 [ERROR] LogOutputStream:75 - [STDERR_REDIRECT] [Fatal Error] :1:1: Premature end of file.
2026-05-09 10:45:45,817 [ERROR] LogOutputStream:75 - [STDERR_REDIRECT] 
2026-05-09 10:45:46,813 [ERROR] LogOutputStream:75 - [STDERR_REDIRECT] [Fatal Error] :1:1: Premature end of file.
2026-05-09 10:45:46,813 [ERROR] LogOutputStream:75 - [STDERR_REDIRECT] 
2026-05-09 10:45:47,818 [ERROR] LogOutputStream:75 - [STDERR_REDIRECT] [Fatal Error] :1:1: Premature end of file.
2026-05-09 10:45:47,819 [ERROR] LogOutputStream:75 - [STDERR_REDIRECT] 
2026-05-09 10:45:48,808 [ERROR] LogOutputStream:75 - [STDERR_REDIRECT] [Fatal Error] :1:1: Premature end of file.
2026-05-09 10:45:48,808 [ERROR] LogOutputStream:75 - [STDERR_REDIRECT] 
2026-05-09 10:45:49,818 [ERROR] LogOutputStream:75 - [STDERR_REDIRECT] [Fatal Error] :1:1: Premature end of file.
2026-05-09 10:45:49,818 [ERROR] LogOutputStream:75 - [STDERR_REDIRECT] 
2026-05-09 10:45:50,809 [ERROR] LogOutputStream:75 - [STDERR_REDIRECT] [Fatal Error] :1:1: Premature end of file.
2026-05-09 10:45:50,810 [ERROR] LogOutputStream:75 - [STDERR_REDIRECT] 
2026-05-09 10:45:51,793 [ERROR] LogOutputStream:75 - [STDERR_REDIRECT] [Fatal Error] :1:1: Premature end of file.
2026-05-09 10:45:51,793 [ERROR] LogOutputStream:75 - [STDERR_REDIRECT] 
2026-05-09 10:45:51,855 [INFO] McuFinderGlobals:63 - Set McuFinder mode to 2 (CubeIDE integrated)
2026-05-09 10:45:51,880 [INFO] MainUpdater:2872 - connection check result : 10
2026-05-09 10:45:51,887 [INFO] MainUpdater:2872 - connection check result : 10
2026-05-09 10:45:52,039 [INFO] MicroXplorer:468 - Change Database Path : 
2026-05-09 10:45:52,039 [INFO] MicroXplorer:498 - Change Database Version : DB.6.0.141
2026-05-09 10:45:52,045 [WARN] ThirdParty:871 - waiting for thirdparty lock release [close project]
2026-05-09 10:45:52,045 [INFO] ThirdParty:873 - entering critical section [close project]
2026-05-09 10:45:52,046 [INFO] ThirdParty:883 - exiting critical section [close project]
2026-05-09 10:45:52,047 [INFO] PinOutPanel:1589 - setPackage(No Configuration,No Configuration)
2026-05-09 10:45:52,050 [INFO] UtilMem:75 - Begin LoadConfig() Used Memory: 940964584 Bytes (1068498944)
2026-05-09 10:45:52,052 [INFO] MicroXplorer:468 - Change Database Path : 
2026-05-09 10:45:52,052 [INFO] MicroXplorer:498 - Change Database Version : DB.6.0.141
2026-05-09 10:45:52,052 [INFO] OpenFileManager:354 - Change cursor
2026-05-09 10:45:52,091 [INFO] Mcu:2011 - Initializing MCU STM32L072C(B-Z)Tx STM32L072CZTx STM32L072CZT6
2026-05-09 10:45:52,795 [ERROR] LogOutputStream:75 - [STDERR_REDIRECT] [Fatal Error] :1:1: Premature end of file.
2026-05-09 10:45:52,795 [ERROR] LogOutputStream:75 - [STDERR_REDIRECT] 
2026-05-09 10:45:53,081 [INFO] Context:756 - Trying to add GPIOservice into a context  which must be forbidden
2026-05-09 10:45:53,434 [INFO] ImportTextPane:218 - (OptionalMessage_ERROR) Pin10 (VP_RIF_VS_RIF1) cannot be retrieved for this MCU
2026-05-09 10:45:53,597 [INFO] RtosManager:558 - Registered RTOS mode: class=CMSIS, group=RTOS, mode=CMSIS_V1, owner=FREERTOS
2026-05-09 10:45:53,597 [INFO] RtosManager:558 - Registered RTOS mode: class=CMSIS, group=RTOS2, mode=CMSIS_V2, owner=FREERTOS
2026-05-09 10:45:53,597 [INFO] RtosManager:558 - Registered RTOS mode: class=RTOS, group=Core, mode=CMSIS_V1, owner=FREERTOS
2026-05-09 10:45:53,597 [INFO] RtosManager:558 - Registered RTOS mode: class=RTOS, group=Core, mode=CMSIS_V2, owner=FREERTOS
2026-05-09 10:45:53,597 [WARN] ModelIntegratedComponent:184 - Missing modes for component STMicroelectronics:FreeRTOS:0.0.1:STMicroelectronics:RTOS:FreeRTOS:Core:::10.2.0:
2026-05-09 10:45:53,603 [WARN] ModelIntegratedComponent:63 - No mode defined for component null
2026-05-09 10:45:53,603 [WARN] ModelIntegratedComponent:63 - No mode defined for component null
2026-05-09 10:45:53,603 [WARN] ModelIntegratedComponent:63 - No mode defined for component null
2026-05-09 10:45:53,603 [WARN] ModelIntegratedComponent:63 - No mode defined for component null
2026-05-09 10:45:53,603 [WARN] ModelIntegratedComponent:63 - No mode defined for component null
2026-05-09 10:45:53,603 [WARN] ModelIntegratedComponent:63 - No mode defined for component null
2026-05-09 10:45:53,603 [WARN] ModelIntegratedComponent:63 - No mode defined for component null
2026-05-09 10:45:53,603 [WARN] ModelIntegratedComponent:63 - No mode defined for component null
2026-05-09 10:45:53,603 [WARN] ModelIntegratedComponent:63 - No mode defined for component null
2026-05-09 10:45:53,603 [WARN] ModelIntegratedComponent:63 - No mode defined for component null
2026-05-09 10:45:53,603 [WARN] ModelIntegratedComponent:63 - No mode defined for component null
2026-05-09 10:45:53,603 [WARN] ModelIntegratedComponent:63 - No mode defined for component null
2026-05-09 10:45:53,603 [WARN] ModelIntegratedComponent:63 - No mode defined for component null
2026-05-09 10:45:53,603 [WARN] ModelIntegratedComponent:63 - No mode defined for component null
2026-05-09 10:45:53,603 [WARN] ModelIntegratedComponent:63 - No mode defined for component null
2026-05-09 10:45:53,603 [WARN] ModelIntegratedComponent:63 - No mode defined for component null
2026-05-09 10:45:53,603 [WARN] ModelIntegratedComponent:63 - No mode defined for component null
2026-05-09 10:45:53,604 [WARN] ModelIntegratedComponent:63 - No mode defined for component null
2026-05-09 10:45:53,604 [WARN] ModelIntegratedComponent:63 - No mode defined for component null
2026-05-09 10:45:53,604 [WARN] ModelIntegratedComponent:63 - No mode defined for component null
2026-05-09 10:45:53,604 [WARN] ModelIntegratedComponent:63 - No mode defined for component null
2026-05-09 10:45:53,604 [WARN] ModelIntegratedComponent:63 - No mode defined for component null
2026-05-09 10:45:53,604 [WARN] ModelIntegratedComponent:63 - No mode defined for component null
2026-05-09 10:45:53,604 [WARN] ModelIntegratedComponent:63 - No mode defined for component null
2026-05-09 10:45:53,604 [WARN] ModelIntegratedComponent:63 - No mode defined for component null
2026-05-09 10:45:53,604 [WARN] ModelIntegratedComponent:63 - No mode defined for component null
2026-05-09 10:45:53,604 [WARN] ModelIntegratedComponent:63 - No mode defined for component null
2026-05-09 10:45:53,604 [WARN] ModelIntegratedComponent:63 - No mode defined for component null
2026-05-09 10:45:53,604 [WARN] ModelIntegratedComponent:63 - No mode defined for component null
2026-05-09 10:45:53,604 [WARN] ModelIntegratedComponent:63 - No mode defined for component null
2026-05-09 10:45:53,604 [WARN] ModelIntegratedComponent:63 - No mode defined for component null
2026-05-09 10:45:53,604 [WARN] ModelIntegratedComponent:63 - No mode defined for component null
2026-05-09 10:45:53,604 [WARN] ModelIntegratedComponent:63 - No mode defined for component null
2026-05-09 10:45:53,604 [WARN] ModelIntegratedComponent:63 - No mode defined for component null
2026-05-09 10:45:53,604 [WARN] ModelIntegratedComponent:63 - No mode defined for component null
2026-05-09 10:45:53,604 [WARN] ModelPack:524 - Component already loaded: STMicroelectronics:HAL Drivers:0.0.0:STMicroelectronics:Device:STMicro_Driver:XSPI:HAL::0.0.1:HAL_XSPI
2026-05-09 10:45:53,783 [INFO] ThirdPartyModel:298 - Start build external matchings
2026-05-09 10:45:53,800 [ERROR] LogOutputStream:75 - [STDERR_REDIRECT] [Fatal Error] :1:1: Premature end of file.
2026-05-09 10:45:53,800 [ERROR] LogOutputStream:75 - [STDERR_REDIRECT] 
2026-05-09 10:45:54,795 [ERROR] LogOutputStream:75 - [STDERR_REDIRECT] [Fatal Error] :1:1: Premature end of file.
2026-05-09 10:45:54,795 [ERROR] LogOutputStream:75 - [STDERR_REDIRECT] 
2026-05-09 10:45:54,827 [INFO] ThirdPartyModel:316 - End build external matchings
2026-05-09 10:45:55,142 [INFO] ApiDb:581 - Connected to CubeFinder SQLite database (C:\Users\salem\.stmcufinder\plugins\mcufinder\mcu\cube-finder-db.db)
2026-05-09 10:45:55,229 [INFO] ApiDb:668 - CubeFinder database Data Model version=2.1
2026-05-09 10:45:55,229 [INFO] ApiDb:669 - CubeFinder database Configuration version=3.0.42
2026-05-09 10:45:55,229 [INFO] ApiDb:670 - CubeFinder database generation date=2026-03-11 (1773229989)
2026-05-09 10:45:55,229 [INFO] ApiDb:671 - CubeFinder database FW Pack versions=[FP-ATR-ASTRA1_V2.0.0, FP-SNS-FLIGHT1_V5.1.0, FP-SNS-MOTENV1_V5.1.0, FP-SNS-MOTENVWB1_V1.5.0, FP-SNS-SMARTAG2_V1.2.0, FP-SNS-STBOX1_V2.1.0, STM32Cube_FW_C0_V1.4.0, STM32Cube_FW_F4_V1.28.3, STM32Cube_FW_F7_V1.17.4, STM32Cube_FW_G0_V1.6.3, STM32Cube_FW_G4_V1.6.2, STM32Cube_FW_H5_V1.6.0, STM32Cube_FW_H7RS_V1.3.0, STM32Cube_FW_H7_V1.13.0, STM32Cube_FW_L0_V1.12.2, STM32Cube_FW_L4_V1.18.2, STM32Cube_FW_L5_V1.6.0, STM32Cube_FW_N6_V1.3.0, STM32Cube_FW_U0_V1.3.0, STM32Cube_FW_U3_V1.3.0, STM32Cube_FW_U5_V1.8.0, STM32Cube_FW_WB0_V1.4.0, STM32Cube_FW_WBA_V1.9.0, STM32Cube_FW_WB_V1.24.0, STM32Cube_FW_WL3_V1.4.0, STM32Cube_FW_WL_V1.5.0, X-CUBE-ALGOBUILD_V1.4.0, X-CUBE-ALS_V1.0.2, X-CUBE-AZRTOS-F4_V1.1.0, X-CUBE-AZRTOS-F7_V1.1.0, X-CUBE-AZRTOS-G0_V1.1.0, X-CUBE-AZRTOS-G4_V2.0.0, X-CUBE-AZRTOS-H7RS_V1.1.0, X-CUBE-AZRTOS-H7_V3.4.0, X-CUBE-AZRTOS-L4_V2.0.0, X-CUBE-AZRTOS-L5_V2.0.0, X-CUBE-AZRTOS-WB_V2.0.0, X-CUBE-AZRTOS-WL_V2.0.0, X-CUBE-BLE1_V7.1.0, X-CUBE-BLE2_V3.3.0, X-CUBE-BLEMGR_V4.1.0, X-CUBE-EEPRMA1_V5.2.0, X-CUBE-FREERTOS_V1.5.0, X-CUBE-GNSS1_V6.0.0, X-CUBE-MEMS1_V12.0.0, X-CUBE-NFC4_V3.0.0, X-CUBE-NFC7_V2.0.0, X-CUBE-SFXS2LP1_V4.0.0, X-CUBE-ST67W61_V1.2.0, X-CUBE-SUBG2_V5.0.0, X-CUBE-TOF1_V3.4.3]
2026-05-09 10:45:55,343 [INFO] DbBoardsSqlite:226 - include board P-NUCLEO-WB55-NUCLEO as a kit item of type 'Nucleo-64'
2026-05-09 10:45:55,343 [INFO] DbBoardsSqlite:226 - include board P-NUCLEO-WB55-USBDONGLE as a kit item of type 'Nucleo USB Dongle'
2026-05-09 10:45:55,344 [INFO] DbBoardsSqlite:226 - include board STEVAL-IDP005V1 as a kit item of type 'Evaluation Board'
2026-05-09 10:45:55,344 [INFO] DbBoardsSqlite:226 - include board STEVAL-IDP005V2 as a kit item of type 'Evaluation Board'
2026-05-09 10:45:55,739 [INFO] ApiDb:240 - Found 895 in-development CPN: [B-G473E-ZEST1S, B-WB1M-WPAN1, B-WBA5M-WPAN, B-WL5M-SUBG1, NUCLEO-C031C6, NUCLEO-C051C8, NUCLEO-C071RB, NUCLEO-C092RC, NUCLEO-H503RB, NUCLEO-H533RE, NUCLEO-H563ZI, NUCLEO-H7S3L8, NUCLEO-N657X0-Q, NUCLEO-U031R8, NUCLEO-U083RC, NUCLEO-U385RG-Q, NUCLEO-U545RE-Q, NUCLEO-U5A5ZJ-Q, NUCLEO-WB05KZ, NUCLEO-WB07CC, NUCLEO-WB09KE, NUCLEO-WBA52CG, NUCLEO-WBA55CG, NUCLEO-WBA65RI, NUCLEO-WL33CC1, NUCLEO-WL33CC2, STEVAL-PROTEUS1, STEVAL-SMARTAG2, STEVAL-STWINBX1, STM320518-EVAL, STM32C0116-DK, STM32C011D6Y3TR, STM32C011D6Y6TR, STM32C011F4P3, STM32C011F4P6, STM32C011F4U3, STM32C011F4U6TR, STM32C011F6P3, STM32C011F6P6, STM32C011F6U3, STM32C011F6U6TR, STM32C011J4M3, STM32C011J4M6, STM32C011J6M3, STM32C011J6M6, STM32C0316-DK, STM32C031C4T3, STM32C031C4T6, STM32C031C4U3, STM32C031C4U6, STM32C031C6T3, STM32C031C6T6, STM32C031C6U3, STM32C031C6U6, STM32C031F4P3, STM32C031F4P6, STM32C031F6P3, STM32C031F6P6, STM32C031G4U3, STM32C031G4U6, STM32C031G6U3, STM32C031G6U6, STM32C031K4T3, STM32C031K4T6, STM32C031K4U3, STM32C031K4U6, STM32C031K6T3, STM32C031K6T6, STM32C031K6U3, STM32C031K6U6, STM32C051C6T6, STM32C051C6U6, STM32C051C8T6, STM32C051C8U6, STM32C051D8Y6TR, STM32C051F6P6, STM32C051F8P6, STM32C051G6U6, STM32C051G8U6, STM32C051K6T6, STM32C051K6U6, STM32C051K8T6, STM32C071C8T6, STM32C071C8T6N, STM32C071C8U6, STM32C071C8U6N, STM32C071CBT6, STM32C071CBT6N, STM32C071CBU6, STM32C071CBU6N, STM32C071F8P6, STM32C071F8P6N, STM32C071FBP6, STM32C071FBP6N, STM32C071FBY6TR, STM32C071G8U6, STM32C071G8U6N, STM32C071GBU6, STM32C071GBU6N, STM32C071K8T6, STM32C071K8T6N, STM32C071K8U6, STM32C071K8U6N, STM32C071KBT6, STM32C071KBT6N, STM32C071KBU6, STM32C071KBU6N, STM32C071R8T6, STM32C071R8T6N, STM32C071RBI6N, STM32C071RBT6, STM32C071RBT6N, STM32C091CBT6, STM32C091CBU6, STM32C091CCT6, STM32C091CCU6, STM32C091ECY6TR, STM32C091FBP6, STM32C091FCP6, STM32C091GBU6, STM32C091GCU6, STM32C091KBT6, STM32C091KBU6, STM32C091KCT6, STM32C091KCU6, STM32C091RBT6, STM32C091RCI6, STM32C091RCT6, STM32C092CBT6, STM32C092CBU6, STM32C092CCT6, STM32C092CCU6, STM32C092ECY6TR, STM32C092FBP6, STM32C092FCP6, STM32C092GBU6, STM32C092GCU6, STM32C092KBT6, STM32C092KBU6, STM32C092KCT6, STM32C092KCU6, STM32C092RBT6, STM32C092RCI6, STM32C092RCT6, STM32G071K8TXN, STM32G071K8UXN, STM32G081GBU6N, STM32G081KBT6N, STM32G081KBUXN, STM32G0B1CCT6N, STM32G0B1KCT6, STM32G0B1NEY6TR, STM32G0B1RCT6N, STM32G0C1CCT6, STM32G0C1CCT6N, STM32G0C1CCU6N, STM32G0C1CET6N, STM32G0C1CEU6N, STM32G0C1KCT6, STM32G0C1NEY6TR, STM32G0C1RCI6N, STM32G0C1RCT6N, STM32G0C1REI6N, STM32G0C1RET6N, STM32G0C1VCI6, STM32G0C1VEI6, STM32G411C6T3, STM32G411C6T6, STM32G411C6U3, STM32G411C6U6, STM32G411C8T3, STM32G411C8T6, STM32G411C8U3, STM32G411C8U6, STM32G411CBT3, STM32G411CBT6, STM32G411CBU3, STM32G411CBU6, STM32G411CCT3, STM32G411CCT6, STM32G411CCU3, STM32G411CCU6, STM32G411K6T3, STM32G411K6T6, STM32G411K6U3, STM32G411K6U6, STM32G411K8T3, STM32G411K8T6, STM32G411K8U3, STM32G411K8U6, STM32G411KBT3, STM32G411KBT6, STM32G411KBU3, STM32G411KBU6, STM32G411M6T3, STM32G411M6T6, STM32G411M8T3, STM32G411M8T6, STM32G411MBT3, STM32G411MBT6, STM32G411MCT3, STM32G411MCT6, STM32G411R6T3, STM32G411R6T6, STM32G411R8T3, STM32G411R8T6, STM32G411RBT3, STM32G411RBT6, STM32G411RCT3, STM32G411RCT6, STM32G414CBT3, STM32G414CBT6, STM32G414CBU3, STM32G414CBU6, STM32G414CCT3, STM32G414CCT6, STM32G414CCU3, STM32G414CCU6, STM32G414MBT3, STM32G414MBT6, STM32G414MCT3, STM32G414MCT6, STM32G414RBT3, STM32G414RBT6, STM32G414RCT3, STM32G414RCT6, STM32G414VBT3, STM32G414VBT6, STM32G414VCT3, STM32G414VCT6, STM32G431CBT3Z, STM32G431RBT3Z, STM32G471CCT6, STM32G471CCU6, STM32G471CET3, STM32G471CET6, STM32G471CEU3, STM32G471CEU6, STM32G471MCT6, STM32G471MET3, STM32G471MET6, STM32G471MEY6TR, STM32G471QCT6, STM32G471QET3, STM32G471RCT6, STM32G471RET3, STM32G471RET6, STM32G471VCH6, STM32G471VCI6, STM32G471VCT6, STM32G471VEH3, STM32G471VEH6, STM32G471VEI3, STM32G471VEI6, STM32G471VET3, STM32G471VET6, STM32G473QET3Z, STM32G473RET3Z, STM32G474CCT6, STM32G491RET3Z, STM32H503CBT6, STM32H503CBU6, STM32H503EBY6TR, STM32H503KBU6, STM32H503RBT6, STM32H523CCT6, STM32H523CCU6, STM32H523CET6, STM32H523CEU6, STM32H523HEY6TR, STM32H523RCT6, STM32H523RET6, STM32H523VCI6, STM32H523VCT6, STM32H523VEI6, STM32H523VET6, STM32H523ZCJ6, STM32H523ZCT6, STM32H523ZEJ6, STM32H523ZET6, STM32H533CET6, STM32H533CEU6, STM32H533HEY6TR, STM32H533RET6, STM32H533VEI6, STM32H533VET6, STM32H533ZEJ6, STM32H533ZET6, STM32H562AGI6, STM32H562AII6, STM32H562IGK6, STM32H562IGT6, STM32H562IIK6, STM32H562IIT6, STM32H562RGT6, STM32H562RGV6, STM32H562RIT6, STM32H562RIV6, STM32H562VGT6, STM32H562VIT6, STM32H562ZGT6, STM32H562ZIT6, STM32H563AGI6, STM32H563AII3Q, STM32H563AII6, STM32H563IGK6, STM32H563IGT6, STM32H563IIK3Q, STM32H563IIK6, STM32H563IIT3Q, STM32H563IIT6, STM32H563MIY3QTR, STM32H563RGT6, STM32H563RGV6, STM32H563RIT6, STM32H563RIV6, STM32H563VGT6, STM32H563VIT3Q, STM32H563VIT6, STM32H563ZGT6, STM32H563ZIT3Q, STM32H563ZIT6, STM32H573AII3Q, STM32H573AII6, STM32H573I-DK, STM32H573IIK3Q, STM32H573IIK6, STM32H573IIT3Q, STM32H573IIT6, STM32H573MIY3QTR, STM32H573RIT6, STM32H573RIV6, STM32H573VIT3Q, STM32H573VIT6, STM32H573ZIT3Q, STM32H573ZIT6, STM32H7R3A8I6, STM32H7R3I8K6, STM32H7R3I8T6, STM32H7R3L8H6, STM32H7R3L8H6H, STM32H7R3R8V6, STM32H7R3V8H6, STM32H7R3V8T6, STM32H7R3V8Y6TR, STM32H7R3Z8J6, STM32H7R3Z8T6, STM32H7R7A8I6, STM32H7R7I8K6, STM32H7R7I8T6, STM32H7R7L8H6, STM32H7R7L8H6H, STM32H7R7Z8J6, STM32H7S3A8I6, STM32H7S3I8K6, STM32H7S3I8T6, STM32H7S3L8H6, STM32H7S3L8H6H, STM32H7S3R8V6, STM32H7S3V8H6, STM32H7S3V8T6, STM32H7S3V8Y6TR, STM32H7S3Z8J6, STM32H7S3Z8T6, STM32H7S78-DK, STM32H7S7A8I6, STM32H7S7I8K6, STM32H7S7I8T6, STM32H7S7L8H6, STM32H7S7L8H6H, STM32H7S7Z8J6, STM32L4R5QGI6STR, STM32MP131AAE3, STM32MP131AAF3, STM32MP131AAG3, STM32MP131CAE3, STM32MP131CAF3, STM32MP131CAG3, STM32MP131DAE7, STM32MP131DAF7, STM32MP131DAG7, STM32MP131FAE7, STM32MP131FAF7, STM32MP131FAG7, STM32MP133AAE3, STM32MP133AAF3, STM32MP133AAG3, STM32MP133CAE3, STM32MP133CAF3, STM32MP133CAG3, STM32MP133DAE7, STM32MP133DAF7, STM32MP133DAG7, STM32MP133FAE7, STM32MP133FAF7, STM32MP133FAG7, STM32MP135AAE3, STM32MP135AAF3, STM32MP135AAG3, STM32MP135CAE3, STM32MP135CAF3, STM32MP135CAG3, STM32MP135DAE7, STM32MP135DAF7, STM32MP135DAG7, STM32MP135F-DK, STM32MP135FAE7, STM32MP135FAF7, STM32MP135FAF7T, STM32MP135FAF7U, STM32MP135FAG7, STM32MP231AAJ3, STM32MP231AAK3, STM32MP231AAL3, STM32MP231CAJ3, STM32MP231CAK3, STM32MP231CAL3, STM32MP231DAJ3, STM32MP231DAK3, STM32MP231DAL3, STM32MP231FAJ3, STM32MP231FAK3, STM32MP231FAL3, STM32MP233AAJ3, STM32MP233AAK3, STM32MP233AAL3, STM32MP233CAJ3, STM32MP233CAK3, STM32MP233CAL3, STM32MP233DAJ3, STM32MP233DAK3, STM32MP233DAL3, STM32MP233FAJ3, STM32MP233FAK3, STM32MP233FAL3, STM32MP235AAJ3, STM32MP235AAK3, STM32MP235AAL3, STM32MP235CAJ3, STM32MP235CAK3, STM32MP235CAL3, STM32MP235DAJ3, STM32MP235DAK3, STM32MP235DAL3, STM32MP235FAJ3, STM32MP235FAK3, STM32MP235FAL3, STM32MP251AAI3, STM32MP251AAJ3, STM32MP251AAK3, STM32MP251AAL3, STM32MP251CAI3, STM32MP251CAJ3, STM32MP251CAK3, STM32MP251CAL3, STM32MP251DAI3, STM32MP251DAJ3, STM32MP251DAK3, STM32MP251DAL3, STM32MP251FAI3, STM32MP251FAJ3, STM32MP251FAK3, STM32MP251FAL3, STM32MP253AAI3, STM32MP253AAJ3, STM32MP253AAK3, STM32MP253AAL3, STM32MP253CAI3, STM32MP253CAJ3, STM32MP253CAK3, STM32MP253CAL3, STM32MP253DAI3, STM32MP253DAJ3, STM32MP253DAK3, STM32MP253DAL3, STM32MP253FAI3, STM32MP253FAJ3, STM32MP253FAK3, STM32MP253FAL3, STM32MP255AAI3, STM32MP255AAJ3, STM32MP255AAK3, STM32MP255AAL3, STM32MP255CAI3, STM32MP255CAJ3, STM32MP255CAK3, STM32MP255CAL3, STM32MP255DAI3, STM32MP255DAJ3, STM32MP255DAK3, STM32MP255DAL3, STM32MP255FAI3, STM32MP255FAJ3, STM32MP255FAK3, STM32MP255FAL3, STM32MP257AAI3, STM32MP257AAJ3, STM32MP257AAK3, STM32MP257AAL3, STM32MP257CAI3, STM32MP257CAJ3, STM32MP257CAK3, STM32MP257CAL3, STM32MP257DAI3, STM32MP257DAJ3, STM32MP257DAK3, STM32MP257DAL3, STM32MP257F-DK, STM32MP257F-EV1, STM32MP257FAI3, STM32MP257FAJ3, STM32MP257FAK3, STM32MP257FAL3, STM32N645A0H3Q, STM32N645B0H3Q, STM32N645I0H3Q, STM32N645L0H3Q, STM32N645X0H3Q, STM32N645Z0H3Q, STM32N647A0H3Q, STM32N647B0H3Q, STM32N647I0H3Q, STM32N647L0H3Q, STM32N647X0H3Q, STM32N647Z0H3Q, STM32N655A0H3Q, STM32N655B0H3Q, STM32N655I0H3Q, STM32N655L0H3Q, STM32N655X0H3Q, STM32N655Z0H3Q, STM32N6570-DK, STM32N657A0H3Q, STM32N657B0H3Q, STM32N657I0H3Q, STM32N657L0H3Q, STM32N657X0H3Q, STM32N657Z0H3Q, STM32U031C6T6, STM32U031C6U6, STM32U031C8T6, STM32U031C8U6, STM32U031F4P6, STM32U031F6P6, STM32U031F8P6, STM32U031G6Y6TR, STM32U031G8Y6TR, STM32U031K4U6, STM32U031K6U6, STM32U031K8U6, STM32U031R6I6, STM32U031R6T6, STM32U031R8I6, STM32U031R8T6, STM32U073C8T6, STM32U073C8U6, STM32U073CBT6, STM32U073CBU6, STM32U073CCT6, STM32U073CCU6, STM32U073H8Y6TR, STM32U073HBY6TR, STM32U073HCY6TR, STM32U073K8U6, STM32U073KBU6, STM32U073KCU6, STM32U073M8I6, STM32U073M8T6, STM32U073MBI6, STM32U073MBT6, STM32U073MCI6, STM32U073MCT6, STM32U073R8I6, STM32U073R8T6, STM32U073RBI6, STM32U073RBT6, STM32U073RCI6, STM32U073RCT6, STM32U083C-DK, STM32U083CCT6, STM32U083CCU6, STM32U083HCY6TR, STM32U083KCU6, STM32U083MCI6, STM32U083MCT6, STM32U083RCI6, STM32U083RCT6, STM32U375CET6, STM32U375CET6Q, STM32U375CEU6, STM32U375CEU6Q, STM32U375CEY6QTR, STM32U375CGT6, STM32U375CGT6Q, STM32U375CGU6, STM32U375CGU6Q, STM32U375CGY6QTR, STM32U375KEU6, STM32U375KGU6, STM32U375REI6, STM32U375REI6Q, STM32U375RET6, STM32U375RET6Q, STM32U375REY6GTR, STM32U375REY6QTR, STM32U375RGI6, STM32U375RGI6Q, STM32U375RGT6, STM32U375RGT6Q, STM32U375RGY6GTR, STM32U375RGY6QTR, STM32U375VEI6, STM32U375VEI6Q, STM32U375VET6, STM32U375VET6Q, STM32U375VGI6, STM32U375VGI6Q, STM32U375VGT6, STM32U375VGT6Q, STM32U385CGT6, STM32U385CGT6Q, STM32U385CGU6, STM32U385CGU6Q, STM32U385CGY6QTR, STM32U385KGU6, STM32U385RGI6, STM32U385RGI6Q, STM32U385RGT6, STM32U385RGT6Q, STM32U385RGY6GTR, STM32U385RGY6QTR, STM32U385VGI6, STM32U385VGI6Q, STM32U385VGT6, STM32U385VGT6Q, STM32U535CBT6, STM32U535CBT6Q, STM32U535CBU6, STM32U535CBU6Q, STM32U535CCT6, STM32U535CCT6Q, STM32U535CCU6, STM32U535CCU6Q, STM32U535CET6, STM32U535CET6Q, STM32U535CEU6, STM32U535CEU6Q, STM32U535JEY6QTR, STM32U535NCY6QTR, STM32U535NEY6QTR, STM32U535RBI6, STM32U535RBI6Q, STM32U535RBT6, STM32U535RBT6Q, STM32U535RCI6, STM32U535RCI6Q, STM32U535RCT6, STM32U535RCT6Q, STM32U535REI6, STM32U535REI6Q, STM32U535RET6, STM32U535RET6Q, STM32U535VCI6, STM32U535VCI6Q, STM32U535VCT6, STM32U535VCT6Q, STM32U535VEI6, STM32U535VEI6Q, STM32U535VET6, STM32U535VET6Q, STM32U545CET6, STM32U545CET6Q, STM32U545CEU6, STM32U545CEU6Q, STM32U545JEY6QTR, STM32U545NEY6QTR, STM32U545REI6, STM32U545REI6Q, STM32U545RET6, STM32U545RET6Q, STM32U545VEI6, STM32U545VEI6Q, STM32U545VET6, STM32U545VET6Q, STM32U595AIH6, STM32U595AIH6Q, STM32U595AJH6, STM32U595AJH6Q, STM32U595QII6, STM32U595QII6Q, STM32U595QJI6, STM32U595QJI6Q, STM32U595RIT6, STM32U595RIT6Q, STM32U595RJT6, STM32U595RJT6Q, STM32U595VIT6, STM32U595VIT6Q, STM32U595VJT6, STM32U595VJT6Q, STM32U595ZIT6, STM32U595ZIT6Q, STM32U595ZIY6QTR, STM32U595ZJT6, STM32U595ZJT6Q, STM32U595ZJY6QTR, STM32U599BJY6QTR, STM32U599NIH6Q, STM32U599NJH6Q, STM32U599VIT6Q, STM32U599VJT6, STM32U599VJT6Q, STM32U599ZIT6Q, STM32U599ZIY6QTR, STM32U599ZJT6Q, STM32U599ZJY6QTR, STM32U5A5AJH6, STM32U5A5AJH6Q, STM32U5A5QII3Q , STM32U5A5QJI6, STM32U5A5QJI6Q, STM32U5A5RJT6, STM32U5A5RJT6Q, STM32U5A5VJT6, STM32U5A5VJT6Q, STM32U5A5ZJT6, STM32U5A5ZJT6Q, STM32U5A5ZJY6QTR, STM32U5A9BJY6QTR, STM32U5A9J-DK, STM32U5A9NJH6Q, STM32U5A9VJT6Q, STM32U5A9ZJT6Q, STM32U5A9ZJY6QTR, STM32U5F7VIT6, STM32U5F7VIT6Q, STM32U5F7VJT6, STM32U5F7VJT6Q, STM32U5F9BJY6QTR, STM32U5F9NJH6Q, STM32U5F9VIT6Q, STM32U5F9VJT6Q, STM32U5F9ZIJ6QTR, STM32U5F9ZIT6Q, STM32U5F9ZJJ6QTR, STM32U5F9ZJT6Q, STM32U5G7VJT6, STM32U5G7VJT6Q, STM32U5G9BJY6QTR, STM32U5G9J-DK1, STM32U5G9J-DK2, STM32U5G9NJH6Q, STM32U5G9VJT6Q, STM32U5G9ZJJ6QTR, STM32U5G9ZJT6Q, STM32WB05KZV6TR, STM32WB05KZV7TR, STM32WB05TZF6TR, STM32WB05TZF7TR, STM32WB06CCF6TR, STM32WB06CCF7TR, STM32WB06CCV6TR, STM32WB06CCV7TR, STM32WB06KCV6TR, STM32WB06KCV7TR, STM32WB07CCF6TR, STM32WB07CCF7TR, STM32WB07CCV6TR, STM32WB07CCV7TR, STM32WB07KCV6TR, STM32WB07KCV7TR, STM32WB09KEV6TR, STM32WB09KEV7TR, STM32WB09TEF6TR, STM32WB09TEF7TR, STM32WB1MMCH6, STM32WBA50KGU6, STM32WBA50KGU6TR, STM32WBA52CEU6, STM32WBA52CEU6TR, STM32WBA52CEU7, STM32WBA52CEU7TR, STM32WBA52CGU6, STM32WBA52CGU6TR, STM32WBA52CGU6U, STM32WBA52CGU7, STM32WBA52CGU7TR, STM32WBA52KEU6, STM32WBA52KEU6TR, STM32WBA52KGU6, STM32WBA52KGU6TR, STM32WBA54CEU6, STM32WBA54CEU6TR, STM32WBA54CEU7, STM32WBA54CEU7TR, STM32WBA54CGU6, STM32WBA54CGU6TR, STM32WBA54CGU7, STM32WBA54CGU7TR, STM32WBA54KEU6, STM32WBA54KEU6TR, STM32WBA54KEU7, STM32WBA54KEU7TR, STM32WBA54KGU6, STM32WBA54KGU6TR, STM32WBA54KGU7, STM32WBA54KGU7TR, STM32WBA55CEU6, STM32WBA55CEU6TR, STM32WBA55CEU7, STM32WBA55CEU7TR, STM32WBA55CGU6, STM32WBA55CGU6TR, STM32WBA55CGU6U, STM32WBA55CGU7, STM32WBA55CGU7TR, STM32WBA55G-DK1, STM32WBA55HEF6, STM32WBA55HEF7, STM32WBA55HGF6, STM32WBA55HGF7, STM32WBA55UEI6, STM32WBA55UEI6TR, STM32WBA55UEI7, STM32WBA55UEI7TR, STM32WBA55UGI6, STM32WBA55UGI6TR, STM32WBA55UGI7, STM32WBA55UGI7TR, STM32WBA5MJGH6TR, STM32WBA62CGU6, STM32WBA62CIU6, STM32WBA62MGF6, STM32WBA62MIF6, STM32WBA62PGI6, STM32WBA62PII6, STM32WBA63CGU6, STM32WBA63CGU7, STM32WBA63CIU6, STM32WBA63CIU7, STM32WBA64CGU6, STM32WBA64CGU7, STM32WBA64CIU6, STM32WBA64CIU7, STM32WBA65CGU6, STM32WBA65CGU7, STM32WBA65CIU6, STM32WBA65CIU7, STM32WBA65I-DK1, STM32WBA65MGF6, STM32WBA65MGF7, STM32WBA65MIF6, STM32WBA65MIF7, STM32WBA65PGI6, STM32WBA65PGI7, STM32WBA65PII6, STM32WBA65PII7, STM32WBA65RGV6, STM32WBA65RGV7, STM32WBA65RIV6, STM32WBA65RIV7, STM32WL30K8V6, STM32WL30KBV6, STM32WL31C8V6, STM32WL31CBV6, STM32WL31K8V6, STM32WL31KBV6, STM32WL33C8V6, STM32WL33C8V6TR, STM32WL33C8V7, STM32WL33C8V7TR, STM32WL33CBV6, STM32WL33CBV6TR, STM32WL33CBV7, STM32WL33CBV7TR, STM32WL33CCV6, STM32WL33CCV6TR, STM32WL33CCV7, STM32WL33CCV7A, STM32WL33CCV7ATR, STM32WL33CCV7TR, STM32WL33K8V6, STM32WL33K8V6TR, STM32WL33K8V7, STM32WL33K8V7TR, STM32WL33KBV6, STM32WL33KBV6TR, STM32WL33KBV7, STM32WL33KBV7TR, STM32WL33KCV6, STM32WL33KCV6TR, STM32WL33KCV7, STM32WL33KCV7TR, STM32WL5MOCH6, STM32WL5MOCH6TR]
2026-05-09 10:45:55,742 [INFO] ApiDb:668 - CubeFinder database Data Model version=2.1
2026-05-09 10:45:55,742 [INFO] ApiDb:669 - CubeFinder database Configuration version=3.0.42
2026-05-09 10:45:55,742 [INFO] ApiDb:670 - CubeFinder database generation date=2026-03-11 (1773229989)
2026-05-09 10:45:55,742 [INFO] ApiDb:671 - CubeFinder database FW Pack versions=[FP-ATR-ASTRA1_V2.0.0, FP-SNS-FLIGHT1_V5.1.0, FP-SNS-MOTENV1_V5.1.0, FP-SNS-MOTENVWB1_V1.5.0, FP-SNS-SMARTAG2_V1.2.0, FP-SNS-STBOX1_V2.1.0, STM32Cube_FW_C0_V1.4.0, STM32Cube_FW_F4_V1.28.3, STM32Cube_FW_F7_V1.17.4, STM32Cube_FW_G0_V1.6.3, STM32Cube_FW_G4_V1.6.2, STM32Cube_FW_H5_V1.6.0, STM32Cube_FW_H7RS_V1.3.0, STM32Cube_FW_H7_V1.13.0, STM32Cube_FW_L0_V1.12.2, STM32Cube_FW_L4_V1.18.2, STM32Cube_FW_L5_V1.6.0, STM32Cube_FW_N6_V1.3.0, STM32Cube_FW_U0_V1.3.0, STM32Cube_FW_U3_V1.3.0, STM32Cube_FW_U5_V1.8.0, STM32Cube_FW_WB0_V1.4.0, STM32Cube_FW_WBA_V1.9.0, STM32Cube_FW_WB_V1.24.0, STM32Cube_FW_WL3_V1.4.0, STM32Cube_FW_WL_V1.5.0, X-CUBE-ALGOBUILD_V1.4.0, X-CUBE-ALS_V1.0.2, X-CUBE-AZRTOS-F4_V1.1.0, X-CUBE-AZRTOS-F7_V1.1.0, X-CUBE-AZRTOS-G0_V1.1.0, X-CUBE-AZRTOS-G4_V2.0.0, X-CUBE-AZRTOS-H7RS_V1.1.0, X-CUBE-AZRTOS-H7_V3.4.0, X-CUBE-AZRTOS-L4_V2.0.0, X-CUBE-AZRTOS-L5_V2.0.0, X-CUBE-AZRTOS-WB_V2.0.0, X-CUBE-AZRTOS-WL_V2.0.0, X-CUBE-BLE1_V7.1.0, X-CUBE-BLE2_V3.3.0, X-CUBE-BLEMGR_V4.1.0, X-CUBE-EEPRMA1_V5.2.0, X-CUBE-FREERTOS_V1.5.0, X-CUBE-GNSS1_V6.0.0, X-CUBE-MEMS1_V12.0.0, X-CUBE-NFC4_V3.0.0, X-CUBE-NFC7_V2.0.0, X-CUBE-SFXS2LP1_V4.0.0, X-CUBE-ST67W61_V1.2.0, X-CUBE-SUBG2_V5.0.0, X-CUBE-TOF1_V3.4.3]
2026-05-09 10:45:55,797 [ERROR] LogOutputStream:75 - [STDERR_REDIRECT] [Fatal Error] :1:1: Premature end of file.
2026-05-09 10:45:55,797 [ERROR] LogOutputStream:75 - [STDERR_REDIRECT] 
2026-05-09 10:45:56,796 [ERROR] LogOutputStream:75 - [STDERR_REDIRECT] [Fatal Error] :1:1: Premature end of file.
2026-05-09 10:45:56,797 [ERROR] LogOutputStream:75 - [STDERR_REDIRECT] 
2026-05-09 10:45:57,365 [INFO] ApiDb:240 - Found 895 in-development CPN: [B-G473E-ZEST1S, B-WB1M-WPAN1, B-WBA5M-WPAN, B-WL5M-SUBG1, NUCLEO-C031C6, NUCLEO-C051C8, NUCLEO-C071RB, NUCLEO-C092RC, NUCLEO-H503RB, NUCLEO-H533RE, NUCLEO-H563ZI, NUCLEO-H7S3L8, NUCLEO-N657X0-Q, NUCLEO-U031R8, NUCLEO-U083RC, NUCLEO-U385RG-Q, NUCLEO-U545RE-Q, NUCLEO-U5A5ZJ-Q, NUCLEO-WB05KZ, NUCLEO-WB07CC, NUCLEO-WB09KE, NUCLEO-WBA52CG, NUCLEO-WBA55CG, NUCLEO-WBA65RI, NUCLEO-WL33CC1, NUCLEO-WL33CC2, STEVAL-PROTEUS1, STEVAL-SMARTAG2, STEVAL-STWINBX1, STM320518-EVAL, STM32C0116-DK, STM32C011D6Y3TR, STM32C011D6Y6TR, STM32C011F4P3, STM32C011F4P6, STM32C011F4U3, STM32C011F4U6TR, STM32C011F6P3, STM32C011F6P6, STM32C011F6U3, STM32C011F6U6TR, STM32C011J4M3, STM32C011J4M6, STM32C011J6M3, STM32C011J6M6, STM32C0316-DK, STM32C031C4T3, STM32C031C4T6, STM32C031C4U3, STM32C031C4U6, STM32C031C6T3, STM32C031C6T6, STM32C031C6U3, STM32C031C6U6, STM32C031F4P3, STM32C031F4P6, STM32C031F6P3, STM32C031F6P6, STM32C031G4U3, STM32C031G4U6, STM32C031G6U3, STM32C031G6U6, STM32C031K4T3, STM32C031K4T6, STM32C031K4U3, STM32C031K4U6, STM32C031K6T3, STM32C031K6T6, STM32C031K6U3, STM32C031K6U6, STM32C051C6T6, STM32C051C6U6, STM32C051C8T6, STM32C051C8U6, STM32C051D8Y6TR, STM32C051F6P6, STM32C051F8P6, STM32C051G6U6, STM32C051G8U6, STM32C051K6T6, STM32C051K6U6, STM32C051K8T6, STM32C071C8T6, STM32C071C8T6N, STM32C071C8U6, STM32C071C8U6N, STM32C071CBT6, STM32C071CBT6N, STM32C071CBU6, STM32C071CBU6N, STM32C071F8P6, STM32C071F8P6N, STM32C071FBP6, STM32C071FBP6N, STM32C071FBY6TR, STM32C071G8U6, STM32C071G8U6N, STM32C071GBU6, STM32C071GBU6N, STM32C071K8T6, STM32C071K8T6N, STM32C071K8U6, STM32C071K8U6N, STM32C071KBT6, STM32C071KBT6N, STM32C071KBU6, STM32C071KBU6N, STM32C071R8T6, STM32C071R8T6N, STM32C071RBI6N, STM32C071RBT6, STM32C071RBT6N, STM32C091CBT6, STM32C091CBU6, STM32C091CCT6, STM32C091CCU6, STM32C091ECY6TR, STM32C091FBP6, STM32C091FCP6, STM32C091GBU6, STM32C091GCU6, STM32C091KBT6, STM32C091KBU6, STM32C091KCT6, STM32C091KCU6, STM32C091RBT6, STM32C091RCI6, STM32C091RCT6, STM32C092CBT6, STM32C092CBU6, STM32C092CCT6, STM32C092CCU6, STM32C092ECY6TR, STM32C092FBP6, STM32C092FCP6, STM32C092GBU6, STM32C092GCU6, STM32C092KBT6, STM32C092KBU6, STM32C092KCT6, STM32C092KCU6, STM32C092RBT6, STM32C092RCI6, STM32C092RCT6, STM32G071K8TXN, STM32G071K8UXN, STM32G081GBU6N, STM32G081KBT6N, STM32G081KBUXN, STM32G0B1CCT6N, STM32G0B1KCT6, STM32G0B1NEY6TR, STM32G0B1RCT6N, STM32G0C1CCT6, STM32G0C1CCT6N, STM32G0C1CCU6N, STM32G0C1CET6N, STM32G0C1CEU6N, STM32G0C1KCT6, STM32G0C1NEY6TR, STM32G0C1RCI6N, STM32G0C1RCT6N, STM32G0C1REI6N, STM32G0C1RET6N, STM32G0C1VCI6, STM32G0C1VEI6, STM32G411C6T3, STM32G411C6T6, STM32G411C6U3, STM32G411C6U6, STM32G411C8T3, STM32G411C8T6, STM32G411C8U3, STM32G411C8U6, STM32G411CBT3, STM32G411CBT6, STM32G411CBU3, STM32G411CBU6, STM32G411CCT3, STM32G411CCT6, STM32G411CCU3, STM32G411CCU6, STM32G411K6T3, STM32G411K6T6, STM32G411K6U3, STM32G411K6U6, STM32G411K8T3, STM32G411K8T6, STM32G411K8U3, STM32G411K8U6, STM32G411KBT3, STM32G411KBT6, STM32G411KBU3, STM32G411KBU6, STM32G411M6T3, STM32G411M6T6, STM32G411M8T3, STM32G411M8T6, STM32G411MBT3, STM32G411MBT6, STM32G411MCT3, STM32G411MCT6, STM32G411R6T3, STM32G411R6T6, STM32G411R8T3, STM32G411R8T6, STM32G411RBT3, STM32G411RBT6, STM32G411RCT3, STM32G411RCT6, STM32G414CBT3, STM32G414CBT6, STM32G414CBU3, STM32G414CBU6, STM32G414CCT3, STM32G414CCT6, STM32G414CCU3, STM32G414CCU6, STM32G414MBT3, STM32G414MBT6, STM32G414MCT3, STM32G414MCT6, STM32G414RBT3, STM32G414RBT6, STM32G414RCT3, STM32G414RCT6, STM32G414VBT3, STM32G414VBT6, STM32G414VCT3, STM32G414VCT6, STM32G431CBT3Z, STM32G431RBT3Z, STM32G471CCT6, STM32G471CCU6, STM32G471CET3, STM32G471CET6, STM32G471CEU3, STM32G471CEU6, STM32G471MCT6, STM32G471MET3, STM32G471MET6, STM32G471MEY6TR, STM32G471QCT6, STM32G471QET3, STM32G471RCT6, STM32G471RET3, STM32G471RET6, STM32G471VCH6, STM32G471VCI6, STM32G471VCT6, STM32G471VEH3, STM32G471VEH6, STM32G471VEI3, STM32G471VEI6, STM32G471VET3, STM32G471VET6, STM32G473QET3Z, STM32G473RET3Z, STM32G474CCT6, STM32G491RET3Z, STM32H503CBT6, STM32H503CBU6, STM32H503EBY6TR, STM32H503KBU6, STM32H503RBT6, STM32H523CCT6, STM32H523CCU6, STM32H523CET6, STM32H523CEU6, STM32H523HEY6TR, STM32H523RCT6, STM32H523RET6, STM32H523VCI6, STM32H523VCT6, STM32H523VEI6, STM32H523VET6, STM32H523ZCJ6, STM32H523ZCT6, STM32H523ZEJ6, STM32H523ZET6, STM32H533CET6, STM32H533CEU6, STM32H533HEY6TR, STM32H533RET6, STM32H533VEI6, STM32H533VET6, STM32H533ZEJ6, STM32H533ZET6, STM32H562AGI6, STM32H562AII6, STM32H562IGK6, STM32H562IGT6, STM32H562IIK6, STM32H562IIT6, STM32H562RGT6, STM32H562RGV6, STM32H562RIT6, STM32H562RIV6, STM32H562VGT6, STM32H562VIT6, STM32H562ZGT6, STM32H562ZIT6, STM32H563AGI6, STM32H563AII3Q, STM32H563AII6, STM32H563IGK6, STM32H563IGT6, STM32H563IIK3Q, STM32H563IIK6, STM32H563IIT3Q, STM32H563IIT6, STM32H563MIY3QTR, STM32H563RGT6, STM32H563RGV6, STM32H563RIT6, STM32H563RIV6, STM32H563VGT6, STM32H563VIT3Q, STM32H563VIT6, STM32H563ZGT6, STM32H563ZIT3Q, STM32H563ZIT6, STM32H573AII3Q, STM32H573AII6, STM32H573I-DK, STM32H573IIK3Q, STM32H573IIK6, STM32H573IIT3Q, STM32H573IIT6, STM32H573MIY3QTR, STM32H573RIT6, STM32H573RIV6, STM32H573VIT3Q, STM32H573VIT6, STM32H573ZIT3Q, STM32H573ZIT6, STM32H7R3A8I6, STM32H7R3I8K6, STM32H7R3I8T6, STM32H7R3L8H6, STM32H7R3L8H6H, STM32H7R3R8V6, STM32H7R3V8H6, STM32H7R3V8T6, STM32H7R3V8Y6TR, STM32H7R3Z8J6, STM32H7R3Z8T6, STM32H7R7A8I6, STM32H7R7I8K6, STM32H7R7I8T6, STM32H7R7L8H6, STM32H7R7L8H6H, STM32H7R7Z8J6, STM32H7S3A8I6, STM32H7S3I8K6, STM32H7S3I8T6, STM32H7S3L8H6, STM32H7S3L8H6H, STM32H7S3R8V6, STM32H7S3V8H6, STM32H7S3V8T6, STM32H7S3V8Y6TR, STM32H7S3Z8J6, STM32H7S3Z8T6, STM32H7S78-DK, STM32H7S7A8I6, STM32H7S7I8K6, STM32H7S7I8T6, STM32H7S7L8H6, STM32H7S7L8H6H, STM32H7S7Z8J6, STM32L4R5QGI6STR, STM32MP131AAE3, STM32MP131AAF3, STM32MP131AAG3, STM32MP131CAE3, STM32MP131CAF3, STM32MP131CAG3, STM32MP131DAE7, STM32MP131DAF7, STM32MP131DAG7, STM32MP131FAE7, STM32MP131FAF7, STM32MP131FAG7, STM32MP133AAE3, STM32MP133AAF3, STM32MP133AAG3, STM32MP133CAE3, STM32MP133CAF3, STM32MP133CAG3, STM32MP133DAE7, STM32MP133DAF7, STM32MP133DAG7, STM32MP133FAE7, STM32MP133FAF7, STM32MP133FAG7, STM32MP135AAE3, STM32MP135AAF3, STM32MP135AAG3, STM32MP135CAE3, STM32MP135CAF3, STM32MP135CAG3, STM32MP135DAE7, STM32MP135DAF7, STM32MP135DAG7, STM32MP135F-DK, STM32MP135FAE7, STM32MP135FAF7, STM32MP135FAF7T, STM32MP135FAF7U, STM32MP135FAG7, STM32MP231AAJ3, STM32MP231AAK3, STM32MP231AAL3, STM32MP231CAJ3, STM32MP231CAK3, STM32MP231CAL3, STM32MP231DAJ3, STM32MP231DAK3, STM32MP231DAL3, STM32MP231FAJ3, STM32MP231FAK3, STM32MP231FAL3, STM32MP233AAJ3, STM32MP233AAK3, STM32MP233AAL3, STM32MP233CAJ3, STM32MP233CAK3, STM32MP233CAL3, STM32MP233DAJ3, STM32MP233DAK3, STM32MP233DAL3, STM32MP233FAJ3, STM32MP233FAK3, STM32MP233FAL3, STM32MP235AAJ3, STM32MP235AAK3, STM32MP235AAL3, STM32MP235CAJ3, STM32MP235CAK3, STM32MP235CAL3, STM32MP235DAJ3, STM32MP235DAK3, STM32MP235DAL3, STM32MP235FAJ3, STM32MP235FAK3, STM32MP235FAL3, STM32MP251AAI3, STM32MP251AAJ3, STM32MP251AAK3, STM32MP251AAL3, STM32MP251CAI3, STM32MP251CAJ3, STM32MP251CAK3, STM32MP251CAL3, STM32MP251DAI3, STM32MP251DAJ3, STM32MP251DAK3, STM32MP251DAL3, STM32MP251FAI3, STM32MP251FAJ3, STM32MP251FAK3, STM32MP251FAL3, STM32MP253AAI3, STM32MP253AAJ3, STM32MP253AAK3, STM32MP253AAL3, STM32MP253CAI3, STM32MP253CAJ3, STM32MP253CAK3, STM32MP253CAL3, STM32MP253DAI3, STM32MP253DAJ3, STM32MP253DAK3, STM32MP253DAL3, STM32MP253FAI3, STM32MP253FAJ3, STM32MP253FAK3, STM32MP253FAL3, STM32MP255AAI3, STM32MP255AAJ3, STM32MP255AAK3, STM32MP255AAL3, STM32MP255CAI3, STM32MP255CAJ3, STM32MP255CAK3, STM32MP255CAL3, STM32MP255DAI3, STM32MP255DAJ3, STM32MP255DAK3, STM32MP255DAL3, STM32MP255FAI3, STM32MP255FAJ3, STM32MP255FAK3, STM32MP255FAL3, STM32MP257AAI3, STM32MP257AAJ3, STM32MP257AAK3, STM32MP257AAL3, STM32MP257CAI3, STM32MP257CAJ3, STM32MP257CAK3, STM32MP257CAL3, STM32MP257DAI3, STM32MP257DAJ3, STM32MP257DAK3, STM32MP257DAL3, STM32MP257F-DK, STM32MP257F-EV1, STM32MP257FAI3, STM32MP257FAJ3, STM32MP257FAK3, STM32MP257FAL3, STM32N645A0H3Q, STM32N645B0H3Q, STM32N645I0H3Q, STM32N645L0H3Q, STM32N645X0H3Q, STM32N645Z0H3Q, STM32N647A0H3Q, STM32N647B0H3Q, STM32N647I0H3Q, STM32N647L0H3Q, STM32N647X0H3Q, STM32N647Z0H3Q, STM32N655A0H3Q, STM32N655B0H3Q, STM32N655I0H3Q, STM32N655L0H3Q, STM32N655X0H3Q, STM32N655Z0H3Q, STM32N6570-DK, STM32N657A0H3Q, STM32N657B0H3Q, STM32N657I0H3Q, STM32N657L0H3Q, STM32N657X0H3Q, STM32N657Z0H3Q, STM32U031C6T6, STM32U031C6U6, STM32U031C8T6, STM32U031C8U6, STM32U031F4P6, STM32U031F6P6, STM32U031F8P6, STM32U031G6Y6TR, STM32U031G8Y6TR, STM32U031K4U6, STM32U031K6U6, STM32U031K8U6, STM32U031R6I6, STM32U031R6T6, STM32U031R8I6, STM32U031R8T6, STM32U073C8T6, STM32U073C8U6, STM32U073CBT6, STM32U073CBU6, STM32U073CCT6, STM32U073CCU6, STM32U073H8Y6TR, STM32U073HBY6TR, STM32U073HCY6TR, STM32U073K8U6, STM32U073KBU6, STM32U073KCU6, STM32U073M8I6, STM32U073M8T6, STM32U073MBI6, STM32U073MBT6, STM32U073MCI6, STM32U073MCT6, STM32U073R8I6, STM32U073R8T6, STM32U073RBI6, STM32U073RBT6, STM32U073RCI6, STM32U073RCT6, STM32U083C-DK, STM32U083CCT6, STM32U083CCU6, STM32U083HCY6TR, STM32U083KCU6, STM32U083MCI6, STM32U083MCT6, STM32U083RCI6, STM32U083RCT6, STM32U375CET6, STM32U375CET6Q, STM32U375CEU6, STM32U375CEU6Q, STM32U375CEY6QTR, STM32U375CGT6, STM32U375CGT6Q, STM32U375CGU6, STM32U375CGU6Q, STM32U375CGY6QTR, STM32U375KEU6, STM32U375KGU6, STM32U375REI6, STM32U375REI6Q, STM32U375RET6, STM32U375RET6Q, STM32U375REY6GTR, STM32U375REY6QTR, STM32U375RGI6, STM32U375RGI6Q, STM32U375RGT6, STM32U375RGT6Q, STM32U375RGY6GTR, STM32U375RGY6QTR, STM32U375VEI6, STM32U375VEI6Q, STM32U375VET6, STM32U375VET6Q, STM32U375VGI6, STM32U375VGI6Q, STM32U375VGT6, STM32U375VGT6Q, STM32U385CGT6, STM32U385CGT6Q, STM32U385CGU6, STM32U385CGU6Q, STM32U385CGY6QTR, STM32U385KGU6, STM32U385RGI6, STM32U385RGI6Q, STM32U385RGT6, STM32U385RGT6Q, STM32U385RGY6GTR, STM32U385RGY6QTR, STM32U385VGI6, STM32U385VGI6Q, STM32U385VGT6, STM32U385VGT6Q, STM32U535CBT6, STM32U535CBT6Q, STM32U535CBU6, STM32U535CBU6Q, STM32U535CCT6, STM32U535CCT6Q, STM32U535CCU6, STM32U535CCU6Q, STM32U535CET6, STM32U535CET6Q, STM32U535CEU6, STM32U535CEU6Q, STM32U535JEY6QTR, STM32U535NCY6QTR, STM32U535NEY6QTR, STM32U535RBI6, STM32U535RBI6Q, STM32U535RBT6, STM32U535RBT6Q, STM32U535RCI6, STM32U535RCI6Q, STM32U535RCT6, STM32U535RCT6Q, STM32U535REI6, STM32U535REI6Q, STM32U535RET6, STM32U535RET6Q, STM32U535VCI6, STM32U535VCI6Q, STM32U535VCT6, STM32U535VCT6Q, STM32U535VEI6, STM32U535VEI6Q, STM32U535VET6, STM32U535VET6Q, STM32U545CET6, STM32U545CET6Q, STM32U545CEU6, STM32U545CEU6Q, STM32U545JEY6QTR, STM32U545NEY6QTR, STM32U545REI6, STM32U545REI6Q, STM32U545RET6, STM32U545RET6Q, STM32U545VEI6, STM32U545VEI6Q, STM32U545VET6, STM32U545VET6Q, STM32U595AIH6, STM32U595AIH6Q, STM32U595AJH6, STM32U595AJH6Q, STM32U595QII6, STM32U595QII6Q, STM32U595QJI6, STM32U595QJI6Q, STM32U595RIT6, STM32U595RIT6Q, STM32U595RJT6, STM32U595RJT6Q, STM32U595VIT6, STM32U595VIT6Q, STM32U595VJT6, STM32U595VJT6Q, STM32U595ZIT6, STM32U595ZIT6Q, STM32U595ZIY6QTR, STM32U595ZJT6, STM32U595ZJT6Q, STM32U595ZJY6QTR, STM32U599BJY6QTR, STM32U599NIH6Q, STM32U599NJH6Q, STM32U599VIT6Q, STM32U599VJT6, STM32U599VJT6Q, STM32U599ZIT6Q, STM32U599ZIY6QTR, STM32U599ZJT6Q, STM32U599ZJY6QTR, STM32U5A5AJH6, STM32U5A5AJH6Q, STM32U5A5QII3Q , STM32U5A5QJI6, STM32U5A5QJI6Q, STM32U5A5RJT6, STM32U5A5RJT6Q, STM32U5A5VJT6, STM32U5A5VJT6Q, STM32U5A5ZJT6, STM32U5A5ZJT6Q, STM32U5A5ZJY6QTR, STM32U5A9BJY6QTR, STM32U5A9J-DK, STM32U5A9NJH6Q, STM32U5A9VJT6Q, STM32U5A9ZJT6Q, STM32U5A9ZJY6QTR, STM32U5F7VIT6, STM32U5F7VIT6Q, STM32U5F7VJT6, STM32U5F7VJT6Q, STM32U5F9BJY6QTR, STM32U5F9NJH6Q, STM32U5F9VIT6Q, STM32U5F9VJT6Q, STM32U5F9ZIJ6QTR, STM32U5F9ZIT6Q, STM32U5F9ZJJ6QTR, STM32U5F9ZJT6Q, STM32U5G7VJT6, STM32U5G7VJT6Q, STM32U5G9BJY6QTR, STM32U5G9J-DK1, STM32U5G9J-DK2, STM32U5G9NJH6Q, STM32U5G9VJT6Q, STM32U5G9ZJJ6QTR, STM32U5G9ZJT6Q, STM32WB05KZV6TR, STM32WB05KZV7TR, STM32WB05TZF6TR, STM32WB05TZF7TR, STM32WB06CCF6TR, STM32WB06CCF7TR, STM32WB06CCV6TR, STM32WB06CCV7TR, STM32WB06KCV6TR, STM32WB06KCV7TR, STM32WB07CCF6TR, STM32WB07CCF7TR, STM32WB07CCV6TR, STM32WB07CCV7TR, STM32WB07KCV6TR, STM32WB07KCV7TR, STM32WB09KEV6TR, STM32WB09KEV7TR, STM32WB09TEF6TR, STM32WB09TEF7TR, STM32WB1MMCH6, STM32WBA50KGU6, STM32WBA50KGU6TR, STM32WBA52CEU6, STM32WBA52CEU6TR, STM32WBA52CEU7, STM32WBA52CEU7TR, STM32WBA52CGU6, STM32WBA52CGU6TR, STM32WBA52CGU6U, STM32WBA52CGU7, STM32WBA52CGU7TR, STM32WBA52KEU6, STM32WBA52KEU6TR, STM32WBA52KGU6, STM32WBA52KGU6TR, STM32WBA54CEU6, STM32WBA54CEU6TR, STM32WBA54CEU7, STM32WBA54CEU7TR, STM32WBA54CGU6, STM32WBA54CGU6TR, STM32WBA54CGU7, STM32WBA54CGU7TR, STM32WBA54KEU6, STM32WBA54KEU6TR, STM32WBA54KEU7, STM32WBA54KEU7TR, STM32WBA54KGU6, STM32WBA54KGU6TR, STM32WBA54KGU7, STM32WBA54KGU7TR, STM32WBA55CEU6, STM32WBA55CEU6TR, STM32WBA55CEU7, STM32WBA55CEU7TR, STM32WBA55CGU6, STM32WBA55CGU6TR, STM32WBA55CGU6U, STM32WBA55CGU7, STM32WBA55CGU7TR, STM32WBA55G-DK1, STM32WBA55HEF6, STM32WBA55HEF7, STM32WBA55HGF6, STM32WBA55HGF7, STM32WBA55UEI6, STM32WBA55UEI6TR, STM32WBA55UEI7, STM32WBA55UEI7TR, STM32WBA55UGI6, STM32WBA55UGI6TR, STM32WBA55UGI7, STM32WBA55UGI7TR, STM32WBA5MJGH6TR, STM32WBA62CGU6, STM32WBA62CIU6, STM32WBA62MGF6, STM32WBA62MIF6, STM32WBA62PGI6, STM32WBA62PII6, STM32WBA63CGU6, STM32WBA63CGU7, STM32WBA63CIU6, STM32WBA63CIU7, STM32WBA64CGU6, STM32WBA64CGU7, STM32WBA64CIU6, STM32WBA64CIU7, STM32WBA65CGU6, STM32WBA65CGU7, STM32WBA65CIU6, STM32WBA65CIU7, STM32WBA65I-DK1, STM32WBA65MGF6, STM32WBA65MGF7, STM32WBA65MIF6, STM32WBA65MIF7, STM32WBA65PGI6, STM32WBA65PGI7, STM32WBA65PII6, STM32WBA65PII7, STM32WBA65RGV6, STM32WBA65RGV7, STM32WBA65RIV6, STM32WBA65RIV7, STM32WL30K8V6, STM32WL30KBV6, STM32WL31C8V6, STM32WL31CBV6, STM32WL31K8V6, STM32WL31KBV6, STM32WL33C8V6, STM32WL33C8V6TR, STM32WL33C8V7, STM32WL33C8V7TR, STM32WL33CBV6, STM32WL33CBV6TR, STM32WL33CBV7, STM32WL33CBV7TR, STM32WL33CCV6, STM32WL33CCV6TR, STM32WL33CCV7, STM32WL33CCV7A, STM32WL33CCV7ATR, STM32WL33CCV7TR, STM32WL33K8V6, STM32WL33K8V6TR, STM32WL33K8V7, STM32WL33K8V7TR, STM32WL33KBV6, STM32WL33KBV6TR, STM32WL33KBV7, STM32WL33KBV7TR, STM32WL33KCV6, STM32WL33KCV6TR, STM32WL33KCV7, STM32WL33KCV7TR, STM32WL5MOCH6, STM32WL5MOCH6TR]
2026-05-09 10:45:57,368 [INFO] DbMcus:218 - Found 5051 MCUs, 4964 are supported
2026-05-09 10:45:57,369 [INFO] ApiDb:423 - Load user favorites file C:\Users\salem/.stm32cubeide/favorites.mcus.txt: 0 item(s)
2026-05-09 10:45:57,369 [INFO] ApiDb:427 - User favorites MCUs=[]
2026-05-09 10:45:57,369 [INFO] DbMcus:224 - Set 0 / 0 favorites MCUs
2026-05-09 10:45:57,751 [INFO] BoardInfo:889 - No configuration file found for board NUCLEO-H5E5ZJ
2026-05-09 10:45:57,752 [INFO] DbBoards:161 - Board is not supported: NUCLEO-H5E5ZJ
2026-05-09 10:45:57,796 [ERROR] LogOutputStream:75 - [STDERR_REDIRECT] [Fatal Error] :1:1: Premature end of file.
2026-05-09 10:45:57,796 [ERROR] LogOutputStream:75 - [STDERR_REDIRECT] 
2026-05-09 10:45:57,801 [INFO] BoardInfo:889 - No configuration file found for board NUCLEO-U3C5ZI-Q
2026-05-09 10:45:57,802 [INFO] DbBoards:161 - Board is not supported: NUCLEO-U3C5ZI-Q
2026-05-09 10:45:57,814 [INFO] BoardInfo:889 - No configuration file found for board NUCLEO-WBA25CE1
2026-05-09 10:45:57,815 [INFO] DbBoards:161 - Board is not supported: NUCLEO-WBA25CE1
2026-05-09 10:45:57,822 [INFO] BoardInfo:889 - No configuration file found for board NUCLEO-WL3RKB1
2026-05-09 10:45:57,823 [INFO] DbBoards:161 - Board is not supported: NUCLEO-WL3RKB1
2026-05-09 10:45:57,824 [INFO] BoardInfo:889 - No configuration file found for board NUCLEO-WL3RKB2
2026-05-09 10:45:57,825 [INFO] DbBoards:161 - Board is not supported: NUCLEO-WL3RKB2
2026-05-09 10:45:57,832 [INFO] BoardInfo:889 - No configuration file found for board P-NUCLEO-WB55
2026-05-09 10:45:57,833 [INFO] DbBoards:161 - Kit is not supported: P-NUCLEO-WB55
2026-05-09 10:45:57,838 [INFO] BoardInfo:889 - No configuration file found for board STEVAL-BFA001V1B
2026-05-09 10:45:57,839 [INFO] DbBoards:161 - Kit is not supported: STEVAL-BFA001V1B
2026-05-09 10:45:57,839 [INFO] BoardInfo:889 - No configuration file found for board STEVAL-BFA001V2B
2026-05-09 10:45:57,840 [INFO] DbBoards:161 - Kit is not supported: STEVAL-BFA001V2B
2026-05-09 10:45:57,930 [INFO] BoardInfo:889 - No configuration file found for board STM32H5F5J-DK
2026-05-09 10:45:57,931 [INFO] DbBoards:161 - Board is not supported: STM32H5F5J-DK
2026-05-09 10:45:57,996 [INFO] BoardInfo:889 - No configuration file found for board STM32MP215F-DK
2026-05-09 10:45:57,997 [INFO] DbBoards:161 - Board is not supported: STM32MP215F-DK
2026-05-09 10:45:58,014 [INFO] DbBoards:168 - Found 218 boards, 208 are supported
2026-05-09 10:45:58,014 [INFO] DbBoards:169 - Found 218 boards, 43 of them is supported for  Bsp
2026-05-09 10:45:58,020 [INFO] ApiDb:423 - Load user favorites file C:\Users\salem/.stm32cubeide/favorites.boards.txt: 0 item(s)
2026-05-09 10:45:58,020 [INFO] ApiDb:427 - User favorites Boards=[]
2026-05-09 10:45:58,020 [INFO] DbBoards:198 - Set 0 / 0 favorites Boards
2026-05-09 10:45:58,086 [INFO] UtilMem:75 - End LoadConfig() Used Memory: 687762608 Bytes (1073741824)
2026-05-09 10:45:58,214 [WARN] ThirdParty:833 - waiting for thirdparty lock release [change project]
2026-05-09 10:45:58,214 [INFO] ThirdParty:835 - entering critical section [change project]
2026-05-09 10:45:58,214 [INFO] ThirdParty:1030 - CMSIS Pack Vendor :STMicroelectronics X-CUBE-AZRTOS-H7 3.5.0
2026-05-09 10:45:58,214 [INFO] ThirdParty:1030 - CMSIS Pack Vendor :STMicroelectronics X-CUBE-PM33A1 1.0.0
2026-05-09 10:45:58,214 [INFO] ThirdParty:1030 - CMSIS Pack Vendor :STMicroelectronics USBPD 4.1
2026-05-09 10:45:58,214 [INFO] ThirdParty:1030 - CMSIS Pack Vendor :STMicroelectronics USB_HOST 2.0.0
2026-05-09 10:45:58,215 [INFO] ThirdParty:1030 - CMSIS Pack Vendor :STMicroelectronics FP-SNS-MOTENVWB1 1.4.0
2026-05-09 10:45:58,215 [INFO] ThirdParty:1030 - CMSIS Pack Vendor :STMicroelectronics X-CUBE-AZRTOS-F4 1.1.0
2026-05-09 10:45:58,215 [INFO] ThirdParty:1030 - CMSIS Pack Vendor :STMicroelectronics LIBJPEG 8.0.0
2026-05-09 10:45:58,215 [INFO] ThirdParty:1030 - CMSIS Pack Vendor :STMicroelectronics FP-ATR-ASTRA1 2.0.2
2026-05-09 10:45:58,215 [INFO] ThirdParty:1030 - CMSIS Pack Vendor :STMicroelectronics FP-ATR-ASTRA1 2.0.1
2026-05-09 10:45:58,215 [INFO] ThirdParty:1030 - CMSIS Pack Vendor :Avnet-IotConnect X-CUBE-IoTC-DA16k-PMOD 1.0.0
2026-05-09 10:45:58,215 [INFO] ThirdParty:1030 - CMSIS Pack Vendor :STMicroelectronics X-CUBE-SMBUS 2.1.0
2026-05-09 10:45:58,215 [INFO] ThirdParty:1030 - CMSIS Pack Vendor :STMicroelectronics X-CUBE-WB05N 1.1.0
2026-05-09 10:45:58,215 [INFO] ThirdParty:1030 - CMSIS Pack Vendor :STMicroelectronics X-CUBE-ISPU 2.1.0
2026-05-09 10:45:58,215 [INFO] ThirdParty:1030 - CMSIS Pack Vendor :STMicroelectronics eDS-WB_DPC_TT-BIDIR 2.1.1
2026-05-09 10:45:58,215 [INFO] ThirdParty:1030 - CMSIS Pack Vendor :STMicroelectronics X-CUBE-ST60 1.0.0
2026-05-09 10:45:58,215 [INFO] ThirdParty:1030 - CMSIS Pack Vendor :STMicroelectronics X-CUBE-NFC12 1.0.0
2026-05-09 10:45:58,215 [INFO] ThirdParty:1030 - CMSIS Pack Vendor :STMicroelectronics X-CUBE-AZRTOS-F7 1.1.0
2026-05-09 10:45:58,215 [INFO] ThirdParty:1030 - CMSIS Pack Vendor :STMicroelectronics X-CUBE-AZRTOS-L5 2.0.0
2026-05-09 10:45:58,215 [INFO] ThirdParty:1030 - CMSIS Pack Vendor :STMicroelectronics USB_DEVICE 2.0.0
2026-05-09 10:45:58,215 [INFO] ThirdParty:1030 - CMSIS Pack Vendor :STMicroelectronics X-CUBE-NFC6 3.1.0
2026-05-09 10:45:58,215 [INFO] ThirdParty:1030 - CMSIS Pack Vendor :Cesanta I-CUBE-Mongoose 7.19.0
2026-05-09 10:45:58,215 [INFO] ThirdParty:1030 - CMSIS Pack Vendor :STMicroelectronics X-CUBE-MEMS1 11.0.0
2026-05-09 10:45:58,215 [INFO] ThirdParty:1030 - CMSIS Pack Vendor :STMicroelectronics FreeRTOS 0.0.1
2026-05-09 10:45:58,215 [INFO] ThirdParty:1030 - CMSIS Pack Vendor :STMicroelectronics X-CUBE-DPower 1.2.0
2026-05-09 10:45:58,215 [INFO] ThirdParty:1030 - CMSIS Pack Vendor :STMicroelectronics eDS-WB_DPC_VIENNA 1.2.0
2026-05-09 10:45:58,215 [INFO] ThirdParty:1030 - CMSIS Pack Vendor :STMicroelectronics FP-SNS-FLIGHT1 5.0.2
2026-05-09 10:45:58,215 [INFO] ThirdParty:1030 - CMSIS Pack Vendor :STMicroelectronics eDS-WB_DPC_3PH2L-BIDIR 1.1.1
2026-05-09 10:45:58,215 [INFO] ThirdParty:1030 - CMSIS Pack Vendor :Infineon AIROC-Wi-Fi-Bluetooth-STM32 1.7.0
2026-05-09 10:45:58,215 [INFO] ThirdParty:1030 - CMSIS Pack Vendor :Infineon AIROC-Wi-Fi-Bluetooth-STM32 1.7.1
2026-05-09 10:45:58,215 [INFO] ThirdParty:1030 - CMSIS Pack Vendor :STMicroelectronics PDM2PCM 3.3.0
2026-05-09 10:45:58,215 [INFO] ThirdParty:1030 - CMSIS Pack Vendor :STMicroelectronics X-CUBE-AZRTOS-H7 3.4.0
2026-05-09 10:45:58,215 [INFO] ThirdParty:1030 - CMSIS Pack Vendor :STMicroelectronics X-CUBE-DISPLAY 3.0.0
2026-05-09 10:45:58,215 [INFO] ThirdParty:1030 - CMSIS Pack Vendor :STMicroelectronics X-CUBE-GNSS1 7.1.1
2026-05-09 10:45:58,215 [INFO] ThirdParty:1030 - CMSIS Pack Vendor :STMicroelectronics X-CUBE-BLE1 7.0.0
2026-05-09 10:45:58,215 [INFO] ThirdParty:1030 - CMSIS Pack Vendor :STMicroelectronics X-CUBE-NFC10 1.0.0
2026-05-09 10:45:58,215 [INFO] ThirdParty:1030 - CMSIS Pack Vendor :STMicroelectronics X-CUBE-BLEMGR 4.0.0
2026-05-09 10:45:58,215 [INFO] ThirdParty:1030 - CMSIS Pack Vendor :STMicroelectronics X-CUBE-FREERTOS 1.3.1
2026-05-09 10:45:58,215 [INFO] ThirdParty:1030 - CMSIS Pack Vendor :STMicroelectronics HAL Drivers 0.0.0
2026-05-09 10:45:58,215 [INFO] ThirdParty:1030 - CMSIS Pack Vendor :STMicroelectronics X-CUBE-ST60 1.1.0
2026-05-09 10:45:58,215 [INFO] ThirdParty:1030 - CMSIS Pack Vendor :emotas I-CUBE-CANOPEN 1.3.0
2026-05-09 10:45:58,215 [INFO] ThirdParty:1030 - CMSIS Pack Vendor :STMicroelectronics X-CUBE-FREERTOS 1.3.0
2026-05-09 10:45:58,215 [INFO] ThirdParty:1030 - CMSIS Pack Vendor :STMicroelectronics X-CUBE-NFC7 1.0.1
2026-05-09 10:45:58,215 [INFO] ThirdParty:1030 - CMSIS Pack Vendor :STMicroelectronics MBEDTLS 2.14.1
2026-05-09 10:45:58,215 [INFO] ThirdParty:1030 - CMSIS Pack Vendor :STMicroelectronics X-CUBE-GNSS1 7.1.0
2026-05-09 10:45:58,215 [INFO] ThirdParty:1030 - CMSIS Pack Vendor :STMicroelectronics X-CUBE-TOUCHGFX 4.26.0
2026-05-09 10:45:58,215 [INFO] ThirdParty:1030 - CMSIS Pack Vendor :STMicroelectronics X-CUBE-TOUCHGFX 4.26.1
2026-05-09 10:45:58,215 [INFO] ThirdParty:1030 - CMSIS Pack Vendor :STMicroelectronics X-CUBE-AI 10.0.0
2026-05-09 10:45:58,215 [INFO] ThirdParty:1030 - CMSIS Pack Vendor :STMicroelectronics FP-SNS-STAIOTCFT 1.0.0
2026-05-09 10:45:58,215 [INFO] ThirdParty:1030 - CMSIS Pack Vendor :STMicroelectronics FP-SNS-SMARTAG2 1.2.0
2026-05-09 10:45:58,215 [INFO] ThirdParty:1030 - CMSIS Pack Vendor :STMicroelectronics FP-SNS-FLIGHT1 5.1.0
2026-05-09 10:45:58,216 [INFO] ThirdParty:1030 - CMSIS Pack Vendor :STMicroelectronics X-CUBE-MEMS1 11.1.0
2026-05-09 10:45:58,216 [INFO] ThirdParty:1030 - CMSIS Pack Vendor :STMicroelectronics X-CUBE-AZRTOS-WL 2.0.0
2026-05-09 10:45:58,216 [INFO] ThirdParty:1030 - CMSIS Pack Vendor :STMicroelectronics X-CUBE-DPower 1.3.0
2026-05-09 10:45:58,216 [INFO] ThirdParty:1030 - CMSIS Pack Vendor :STMicroelectronics FP-SNS-MOTENV1 5.0.0
2026-05-09 10:45:58,216 [INFO] ThirdParty:1030 - CMSIS Pack Vendor :STMicroelectronics USB_DEVICE 1.0.0
2026-05-09 10:45:58,216 [INFO] ThirdParty:1030 - CMSIS Pack Vendor :STMicroelectronics X-CUBE-AZRTOS-H7RS 1.2.0
2026-05-09 10:45:58,216 [INFO] ThirdParty:1030 - CMSIS Pack Vendor :wolfSSL I-CUBE-wolfMQTT 1.19.0
2026-05-09 10:45:58,216 [INFO] ThirdParty:1030 - CMSIS Pack Vendor :STMicroelectronics X-CUBE-AZRTOS-L4 2.0.0
2026-05-09 10:45:58,216 [INFO] ThirdParty:1030 - CMSIS Pack Vendor :STMicroelectronics ThreadX 0.0.2
2026-05-09 10:45:58,216 [INFO] ThirdParty:1030 - CMSIS Pack Vendor :WES I-CUBE-Cesium 1.3.0
2026-05-09 10:45:58,216 [INFO] ThirdParty:1030 - CMSIS Pack Vendor :STMicroelectronics lwIP 2.1.2
2026-05-09 10:45:58,216 [INFO] ThirdParty:1030 - CMSIS Pack Vendor :STMicroelectronics X-CUBE-SFXS2LP1 4.0.0
2026-05-09 10:45:58,216 [INFO] ThirdParty:1030 - CMSIS Pack Vendor :STMicroelectronics X-CUBE-BLE2 3.3.0
2026-05-09 10:45:58,216 [INFO] ThirdParty:1030 - CMSIS Pack Vendor :Avnet-IOTCONNECT X-CUBE-iotc-st67-sdk 1.0.0
2026-05-09 10:45:58,216 [INFO] ThirdParty:1030 - CMSIS Pack Vendor :STMicroelectronics PDM2PCM 3.2.0
2026-05-09 10:45:58,216 [INFO] ThirdParty:1030 - CMSIS Pack Vendor :STMicroelectronics X-CUBE-WB05N 2.1.0
2026-05-09 10:45:58,216 [INFO] ThirdParty:1030 - CMSIS Pack Vendor :STMicroelectronics X-CUBE-AZRTOS-H7 3.3.0
2026-05-09 10:45:58,216 [INFO] ThirdParty:1030 - CMSIS Pack Vendor :STMicroelectronics X-CUBE-NFC9 1.0.0
2026-05-09 10:45:58,216 [INFO] ThirdParty:1030 - CMSIS Pack Vendor :wolfSSL I-CUBE-wolfSSL 5.8.2
2026-05-09 10:45:58,216 [INFO] ThirdParty:1030 - CMSIS Pack Vendor :STMicroelectronics X-CUBE-BLE1 7.1.0
2026-05-09 10:45:58,216 [INFO] ThirdParty:1030 - CMSIS Pack Vendor :wolfSSL I-CUBE-wolfMQTT 1.19.2
2026-05-09 10:45:58,216 [INFO] ThirdParty:1030 - CMSIS Pack Vendor :STMicroelectronics USB_DEVICE 3.0.0
2026-05-09 10:45:58,216 [INFO] ThirdParty:1030 - CMSIS Pack Vendor :STMicroelectronics X-CUBE-EEPRMA1 5.2.0
2026-05-09 10:45:58,216 [INFO] ThirdParty:1030 - CMSIS Pack Vendor :STMicroelectronics X-CUBE-BLEMGR 4.1.0
2026-05-09 10:45:58,216 [INFO] ThirdParty:1030 - CMSIS Pack Vendor :STMicroelectronics X-CUBE-IPS 3.0.0
2026-05-09 10:45:58,216 [INFO] ThirdParty:1030 - CMSIS Pack Vendor :STMicroelectronics X-CUBE-AZRTOS-WB 2.0.0
2026-05-09 10:45:58,216 [INFO] ThirdParty:1030 - CMSIS Pack Vendor :STMicroelectronics X-CUBE-GNSS1 7.0.0
2026-05-09 10:45:58,216 [INFO] ThirdParty:1030 - CMSIS Pack Vendor :STMicroelectronics X-CUBE-GNSS1 7.0.1
2026-05-09 10:45:58,216 [INFO] ThirdParty:1030 - CMSIS Pack Vendor :STMicroelectronics X-CUBE-TOUCHGFX 4.25.0
2026-05-09 10:45:58,216 [INFO] ThirdParty:1030 - CMSIS Pack Vendor :STMicroelectronics X-CUBE-AI 10.1.0
2026-05-09 10:45:58,216 [INFO] ThirdParty:1030 - CMSIS Pack Vendor :STMicroelectronics FP-SNS-STBOX1 2.0.0
2026-05-09 10:45:58,216 [INFO] ThirdParty:1030 - CMSIS Pack Vendor :quantropi X-CUBE-qispace-sdk-base 2.1.0
2026-05-09 10:45:58,216 [INFO] ThirdParty:1030 - CMSIS Pack Vendor :STMicroelectronics X-CUBE-MEMS1 12.0.0
2026-05-09 10:45:58,216 [INFO] ThirdParty:1030 - CMSIS Pack Vendor :STMicroelectronics X-CUBE-STSE01 2.0.0
2026-05-09 10:45:58,216 [INFO] ThirdParty:1030 - CMSIS Pack Vendor :STMicroelectronics X-CUBE-MEMS1 11.2.0
2026-05-09 10:45:58,216 [INFO] ThirdParty:1030 - CMSIS Pack Vendor :STMicroelectronics X-CUBE-AZRTOS-G0 1.1.0
2026-05-09 10:45:58,216 [INFO] ThirdParty:1030 - CMSIS Pack Vendor :STMicroelectronics X-CUBE-SAFEA1 1.2.2
2026-05-09 10:45:58,216 [INFO] ThirdParty:1030 - CMSIS Pack Vendor :STMicroelectronics X-CUBE-NFC4 3.0.0
2026-05-09 10:45:58,216 [INFO] ThirdParty:1030 - CMSIS Pack Vendor :STMicroelectronics X-CUBE-SUBG2 5.0.0
2026-05-09 10:45:58,216 [INFO] ThirdParty:1030 - CMSIS Pack Vendor :STMicroelectronics X-CUBE-AZRTOS-H7RS 1.1.0
2026-05-09 10:45:58,216 [INFO] ThirdParty:1030 - CMSIS Pack Vendor :STMicroelectronics STM32_WPAN 1.0.0
2026-05-09 10:45:58,216 [INFO] ThirdParty:1030 - CMSIS Pack Vendor :EmbeddedOffice I-CUBE-FS-RTOS 1.0.1
2026-05-09 10:45:58,216 [INFO] ThirdParty:1030 - CMSIS Pack Vendor :STMicroelectronics lwIP 2.0.3
2026-05-09 10:45:58,216 [INFO] ThirdParty:1030 - CMSIS Pack Vendor :Cesanta I-CUBE-Mongoose 7.13.0
2026-05-09 10:45:58,216 [INFO] ThirdParty:1030 - CMSIS Pack Vendor :STMicroelectronics USB_HOST 1.0.0
2026-05-09 10:45:58,216 [INFO] ThirdParty:1030 - CMSIS Pack Vendor :STMicroelectronics X-CUBE-AZRTOS-G4 2.0.0
2026-05-09 10:45:58,216 [INFO] ThirdParty:1030 - CMSIS Pack Vendor :STMicroelectronics X-CUBE-WB05N 2.0.0
2026-05-09 10:45:58,216 [INFO] ThirdParty:1030 - CMSIS Pack Vendor :STMicroelectronics PDM2PCM 3.1.0
2026-05-09 10:45:58,216 [INFO] ThirdParty:1030 - CMSIS Pack Vendor :wolfSSL I-CUBE-wolfTPM 3.8.0
2026-05-09 10:45:58,216 [INFO] ThirdParty:1030 - CMSIS Pack Vendor :wolfSSL I-CUBE-wolfSSH 1.4.20
2026-05-09 10:45:58,216 [INFO] ThirdParty:1030 - CMSIS Pack Vendor :STMicroelectronics X-CUBE-NFC7 2.0.0
2026-05-09 10:45:58,216 [INFO] ThirdParty:1030 - CMSIS Pack Vendor :STMicroelectronics X-CUBE-TCPP 4.2.0
2026-05-09 10:45:58,216 [INFO] ThirdParty:1030 - CMSIS Pack Vendor :RealThread X-CUBE-RT-Thread_Nano 4.1.1
2026-05-09 10:45:58,216 [INFO] ThirdParty:1030 - CMSIS Pack Vendor :STMicroelectronics FP-ATR-SIGFOX1 3.2.0
2026-05-09 10:45:58,216 [INFO] ThirdParty:1030 - CMSIS Pack Vendor :quantropi X-CUBE-qispace-sdk-base 1.9.3
2026-05-09 10:45:58,216 [INFO] ThirdParty:1030 - CMSIS Pack Vendor :STMicroelectronics X-CUBE-EEPRMA1 5.1.0
2026-05-09 10:45:58,216 [INFO] ThirdParty:1030 - CMSIS Pack Vendor :STMicroelectronics MBEDTLS 2.16.2
2026-05-09 10:45:58,216 [INFO] ThirdParty:1030 - CMSIS Pack Vendor :STMicroelectronics X-CUBE-IPS 3.1.0
2026-05-09 10:45:58,216 [INFO] ThirdParty:1030 - CMSIS Pack Vendor :STMicroelectronics X-CUBE-ALS 1.0.2
2026-05-09 10:45:58,216 [INFO] ThirdParty:1030 - CMSIS Pack Vendor :wolfSSL I-CUBE-wolfSSL 5.7.4
2026-05-09 10:45:58,216 [INFO] ThirdParty:1030 - CMSIS Pack Vendor :wolfSSL I-CUBE-wolfSSL 5.7.6
2026-05-09 10:45:58,218 [INFO] ThirdParty:1030 - CMSIS Pack Vendor :ITTIA_DB I-CUBE-ITTIADB 8.9.0
2026-05-09 10:45:58,218 [INFO] ThirdParty:1030 - CMSIS Pack Vendor :STMicroelectronics X-CUBE-TOUCHGFX 4.24.2
2026-05-09 10:45:58,218 [INFO] ThirdParty:1030 - CMSIS Pack Vendor :STMicroelectronics X-CUBE-TOUCHGFX 4.24.1
2026-05-09 10:45:58,218 [INFO] ThirdParty:1030 - CMSIS Pack Vendor :STMicroelectronics X-CUBE-STSE01 1.0.0
2026-05-09 10:45:58,218 [INFO] ThirdParty:1030 - CMSIS Pack Vendor :wolfSSL I-CUBE-wolfTPM 3.4.0
2026-05-09 10:45:58,218 [INFO] ThirdParty:1030 - CMSIS Pack Vendor :portGmbH I-Cube-SoM-uGOAL 1.1.0
2026-05-09 10:45:58,218 [INFO] ThirdParty:1030 - CMSIS Pack Vendor :STMicroelectronics X-CUBE-NFC6 3.2.0
2026-05-09 10:45:58,218 [INFO] ThirdParty:1030 - CMSIS Pack Vendor :STMicroelectronics X-CUBE-ST67W61 1.0.0
2026-05-09 10:45:58,218 [INFO] ThirdParty:1030 - CMSIS Pack Vendor :STMicroelectronics X-CUBE-AI 10.2.0
2026-05-09 10:45:58,218 [INFO] ThirdParty:1030 - CMSIS Pack Vendor :STMicroelectronics ThreadX 1.0.0
2026-05-09 10:45:58,218 [INFO] ThirdParty:1030 - CMSIS Pack Vendor :STMicroelectronics X-CUBE-MEMS1 12.1.0
2026-05-09 10:45:58,218 [INFO] ThirdParty:1030 - CMSIS Pack Vendor :SEGGER I-CUBE-embOS 1.3.1
2026-05-09 10:45:58,218 [INFO] ThirdParty:1030 - CMSIS Pack Vendor :STMicroelectronics X-CUBE-ALGOBUILD 1.4.0
2026-05-09 10:45:58,218 [INFO] ThirdParty:1030 - CMSIS Pack Vendor :STMicroelectronics X-CUBE-MEMS1 11.3.0
2026-05-09 10:45:58,218 [INFO] ThirdParty:1030 - CMSIS Pack Vendor :STMicroelectronics X-CUBE-AZRTOS-H7RS 1.0.0
2026-05-09 10:45:58,218 [INFO] ThirdParty:1030 - CMSIS Pack Vendor :STMicroelectronics X-CUBE-TOF1 3.4.2
2026-05-09 10:45:58,218 [INFO] ThirdParty:1030 - CMSIS Pack Vendor :STMicroelectronics X-CUBE-TOF1 3.4.3
2026-05-09 10:45:58,218 [INFO] ThirdParty:1030 - CMSIS Pack Vendor :STMicroelectronics X-CUBE-AI 9.1.0
2026-05-09 10:45:58,218 [INFO] ThirdParty:1030 - CMSIS Pack Vendor :wolfSSL I-CUBE-wolfSSH 1.4.17
2026-05-09 10:45:58,218 [INFO] ThirdParty:841 - exiting critical section [change project]
2026-05-09 10:45:58,502 [INFO] PinOutPanel:1589 - setPackage(No Configuration,No Configuration)
2026-05-09 10:45:58,503 [INFO] PinOutPanel:1589 - setPackage(STM32L072CZTx,LQFP48)
2026-05-09 10:45:58,807 [ERROR] LogOutputStream:75 - [STDERR_REDIRECT] [Fatal Error] :1:1: Premature end of file.
2026-05-09 10:45:58,807 [ERROR] LogOutputStream:75 - [STDERR_REDIRECT] 
2026-05-09 10:45:58,843 [INFO] UtilMem:75 - Before build in PCC Used Memory: 677382144 Bytes (1073741824)
2026-05-09 10:45:59,673 [INFO] UtilMem:75 - After build in PCC Used Memory: 751304704 Bytes (1073741824)
2026-05-09 10:45:59,746 [INFO] ApiDbMcu:508 - Load IP Config File for FATFS
2026-05-09 10:45:59,770 [INFO] IPUIPlugin:80 - create IPUIPlugin
2026-05-09 10:45:59,770 [INFO] IPUIPlugin:80 - create IPUIPlugin
2026-05-09 10:45:59,770 [INFO] IPUIPlugin:80 - create IPUIPlugin
2026-05-09 10:45:59,770 [INFO] IPUIPlugin:80 - create IPUIPlugin
2026-05-09 10:45:59,770 [INFO] IPUIPlugin:80 - create IPUIPlugin
2026-05-09 10:45:59,770 [INFO] IPUIPlugin:80 - create IPUIPlugin
2026-05-09 10:45:59,770 [INFO] IPUIPlugin:80 - create IPUIPlugin
2026-05-09 10:45:59,770 [INFO] IPUIPlugin:80 - create IPUIPlugin
2026-05-09 10:45:59,770 [INFO] IPUIPlugin:80 - create IPUIPlugin
2026-05-09 10:45:59,770 [INFO] IPUIPlugin:80 - create IPUIPlugin
2026-05-09 10:45:59,770 [INFO] IPUIPlugin:80 - create IPUIPlugin
2026-05-09 10:45:59,770 [INFO] IPUIPlugin:80 - create IPUIPlugin
2026-05-09 10:45:59,770 [INFO] IPUIPlugin:80 - create IPUIPlugin
2026-05-09 10:45:59,770 [INFO] IPUIPlugin:80 - create IPUIPlugin
2026-05-09 10:45:59,770 [INFO] IPUIPlugin:80 - create IPUIPlugin
2026-05-09 10:45:59,770 [INFO] IPUIPlugin:80 - create IPUIPlugin
2026-05-09 10:45:59,771 [INFO] IPUIPlugin:80 - create IPUIPlugin
2026-05-09 10:45:59,771 [INFO] IPUIPlugin:80 - create IPUIPlugin
2026-05-09 10:45:59,771 [INFO] IPUIPlugin:80 - create IPUIPlugin
2026-05-09 10:45:59,771 [INFO] IPUIPlugin:80 - create IPUIPlugin
2026-05-09 10:45:59,771 [INFO] IPUIPlugin:80 - create IPUIPlugin
2026-05-09 10:45:59,771 [INFO] IPUIPlugin:80 - create IPUIPlugin
2026-05-09 10:45:59,771 [INFO] IPUIPlugin:80 - create IPUIPlugin
2026-05-09 10:45:59,771 [INFO] IPUIPlugin:80 - create IPUIPlugin
2026-05-09 10:45:59,771 [INFO] IPUIPlugin:80 - create IPUIPlugin
2026-05-09 10:45:59,771 [INFO] IPUIPlugin:80 - create IPUIPlugin
2026-05-09 10:45:59,772 [INFO] IPUIPlugin:80 - create IPUIPlugin
2026-05-09 10:45:59,772 [INFO] IPUIPlugin:80 - create IPUIPlugin
2026-05-09 10:45:59,772 [INFO] IPUIPlugin:80 - create IPUIPlugin
2026-05-09 10:45:59,772 [INFO] IPUIPlugin:80 - create IPUIPlugin
2026-05-09 10:45:59,772 [INFO] IPUIPlugin:80 - create IPUIPlugin
2026-05-09 10:45:59,772 [INFO] IPUIPlugin:80 - create IPUIPlugin
2026-05-09 10:45:59,772 [INFO] IPUIPlugin:80 - create IPUIPlugin
2026-05-09 10:45:59,772 [INFO] IPUIPlugin:80 - create IPUIPlugin
2026-05-09 10:45:59,773 [INFO] IPUIPlugin:80 - create IPUIPlugin
2026-05-09 10:45:59,773 [INFO] IPUIPlugin:80 - create IPUIPlugin
2026-05-09 10:45:59,773 [INFO] IPUIPlugin:80 - create IPUIPlugin
2026-05-09 10:45:59,773 [INFO] IPUIPlugin:80 - create IPUIPlugin
2026-05-09 10:45:59,795 [ERROR] LogOutputStream:75 - [STDERR_REDIRECT] [Fatal Error] :1:1: Premature end of file.
2026-05-09 10:45:59,795 [ERROR] LogOutputStream:75 - [STDERR_REDIRECT] 
2026-05-09 10:45:59,981 [INFO] CADModel:165 - CPN selected for project levelSTM32L072CZT6
2026-05-09 10:45:59,981 [INFO] CADModel:114 - Register for checkConnection events
2026-05-09 10:46:00,032 [INFO] OpenFileManager:385 - Restore cursor
2026-05-09 10:46:00,801 [ERROR] LogOutputStream:75 - [STDERR_REDIRECT] [Fatal Error] :1:1: Premature end of file.
2026-05-09 10:46:00,802 [ERROR] LogOutputStream:75 - [STDERR_REDIRECT] 
2026-05-09 10:46:01,823 [ERROR] LogOutputStream:75 - [STDERR_REDIRECT] [Fatal Error] :1:1: Premature end of file.
2026-05-09 10:46:01,823 [ERROR] LogOutputStream:75 - [STDERR_REDIRECT] 
2026-05-09 10:46:02,796 [ERROR] LogOutputStream:75 - [STDERR_REDIRECT] [Fatal Error] :1:1: Premature end of file.
2026-05-09 10:46:02,796 [ERROR] LogOutputStream:75 - [STDERR_REDIRECT] 
2026-05-09 10:46:03,822 [ERROR] LogOutputStream:75 - [STDERR_REDIRECT] [Fatal Error] :1:1: Premature end of file.
2026-05-09 10:46:03,822 [ERROR] LogOutputStream:75 - [STDERR_REDIRECT] 
2026-05-09 10:46:04,822 [ERROR] LogOutputStream:75 - [STDERR_REDIRECT] [Fatal Error] :1:1: Premature end of file.
2026-05-09 10:46:04,823 [ERROR] LogOutputStream:75 - [STDERR_REDIRECT] 
2026-05-09 10:46:05,815 [ERROR] LogOutputStream:75 - [STDERR_REDIRECT] [Fatal Error] :1:1: Premature end of file.
2026-05-09 10:46:05,815 [ERROR] LogOutputStream:75 - [STDERR_REDIRECT] 
2026-05-09 10:46:06,804 [ERROR] LogOutputStream:75 - [STDERR_REDIRECT] [Fatal Error] :1:1: Premature end of file.
2026-05-09 10:46:06,804 [ERROR] LogOutputStream:75 - [STDERR_REDIRECT] 
2026-05-09 10:46:07,826 [ERROR] LogOutputStream:75 - [STDERR_REDIRECT] [Fatal Error] :1:1: Premature end of file.
2026-05-09 10:46:07,826 [ERROR] LogOutputStream:75 - [STDERR_REDIRECT] 
2026-05-09 10:46:08,814 [ERROR] LogOutputStream:75 - [STDERR_REDIRECT] [Fatal Error] :1:1: Premature end of file.
2026-05-09 10:46:08,814 [ERROR] LogOutputStream:75 - [STDERR_REDIRECT] 
2026-05-09 10:46:09,818 [ERROR] LogOutputStream:75 - [STDERR_REDIRECT] [Fatal Error] :1:1: Premature end of file.
2026-05-09 10:46:09,818 [ERROR] LogOutputStream:75 - [STDERR_REDIRECT] 
2026-05-09 10:46:10,804 [ERROR] LogOutputStream:75 - [STDERR_REDIRECT] [Fatal Error] :1:1: Premature end of file.
2026-05-09 10:46:10,804 [ERROR] LogOutputStream:75 - [STDERR_REDIRECT] 
2026-05-09 10:46:11,800 [ERROR] LogOutputStream:75 - [STDERR_REDIRECT] [Fatal Error] :1:1: Premature end of file.
2026-05-09 10:46:11,800 [ERROR] LogOutputStream:75 - [STDERR_REDIRECT] 
2026-05-09 10:46:12,819 [ERROR] LogOutputStream:75 - [STDERR_REDIRECT] [Fatal Error] :1:1: Premature end of file.
2026-05-09 10:46:12,819 [ERROR] LogOutputStream:75 - [STDERR_REDIRECT] 
2026-05-09 10:46:13,795 [ERROR] LogOutputStream:75 - [STDERR_REDIRECT] [Fatal Error] :1:1: Premature end of file.
2026-05-09 10:46:13,795 [ERROR] LogOutputStream:75 - [STDERR_REDIRECT] 
2026-05-09 10:46:14,818 [ERROR] LogOutputStream:75 - [STDERR_REDIRECT] [Fatal Error] :1:1: Premature end of file.
2026-05-09 10:46:14,818 [ERROR] LogOutputStream:75 - [STDERR_REDIRECT] 
2026-05-09 10:46:15,811 [ERROR] LogOutputStream:75 - [STDERR_REDIRECT] [Fatal Error] :1:1: Premature end of file.
2026-05-09 10:46:15,812 [ERROR] LogOutputStream:75 - [STDERR_REDIRECT] 
2026-05-09 10:46:16,818 [ERROR] LogOutputStream:75 - [STDERR_REDIRECT] [Fatal Error] :1:1: Premature end of file.
2026-05-09 10:46:16,818 [ERROR] LogOutputStream:75 - [STDERR_REDIRECT] 
2026-05-09 10:46:17,819 [ERROR] LogOutputStream:75 - [STDERR_REDIRECT] [Fatal Error] :1:1: Premature end of file.
2026-05-09 10:46:17,819 [ERROR] LogOutputStream:75 - [STDERR_REDIRECT] 
2026-05-09 10:46:18,801 [ERROR] LogOutputStream:75 - [STDERR_REDIRECT] [Fatal Error] :1:1: Premature end of file.
2026-05-09 10:46:18,801 [ERROR] LogOutputStream:75 - [STDERR_REDIRECT] 
2026-05-09 10:46:19,817 [ERROR] LogOutputStream:75 - [STDERR_REDIRECT] [Fatal Error] :1:1: Premature end of file.
2026-05-09 10:46:19,817 [ERROR] LogOutputStream:75 - [STDERR_REDIRECT] 
2026-05-09 10:46:20,811 [ERROR] LogOutputStream:75 - [STDERR_REDIRECT] [Fatal Error] :1:1: Premature end of file.
2026-05-09 10:46:20,811 [ERROR] LogOutputStream:75 - [STDERR_REDIRECT] 
2026-05-09 10:46:21,813 [ERROR] LogOutputStream:75 - [STDERR_REDIRECT] [Fatal Error] :1:1: Premature end of file.
2026-05-09 10:46:21,814 [ERROR] LogOutputStream:75 - [STDERR_REDIRECT] 
2026-05-09 10:46:22,824 [ERROR] LogOutputStream:75 - [STDERR_REDIRECT] [Fatal Error] :1:1: Premature end of file.
2026-05-09 10:46:22,824 [ERROR] LogOutputStream:75 - [STDERR_REDIRECT] 
2026-05-09 10:46:23,819 [ERROR] LogOutputStream:75 - [STDERR_REDIRECT] [Fatal Error] :1:1: Premature end of file.
2026-05-09 10:46:23,819 [ERROR] LogOutputStream:75 - [STDERR_REDIRECT] 
2026-05-09 10:46:24,817 [ERROR] LogOutputStream:75 - [STDERR_REDIRECT] [Fatal Error] :1:1: Premature end of file.
2026-05-09 10:46:24,817 [ERROR] LogOutputStream:75 - [STDERR_REDIRECT] 
2026-05-09 10:46:25,814 [ERROR] LogOutputStream:75 - [STDERR_REDIRECT] [Fatal Error] :1:1: Premature end of file.
2026-05-09 10:46:25,814 [ERROR] LogOutputStream:75 - [STDERR_REDIRECT] 
2026-05-09 10:46:26,815 [ERROR] LogOutputStream:75 - [STDERR_REDIRECT] [Fatal Error] :1:1: Premature end of file.
2026-05-09 10:46:26,815 [ERROR] LogOutputStream:75 - [STDERR_REDIRECT] 
2026-05-09 10:46:27,810 [ERROR] LogOutputStream:75 - [STDERR_REDIRECT] [Fatal Error] :1:1: Premature end of file.
2026-05-09 10:46:27,811 [ERROR] LogOutputStream:75 - [STDERR_REDIRECT] 
2026-05-09 10:46:28,818 [ERROR] LogOutputStream:75 - [STDERR_REDIRECT] [Fatal Error] :1:1: Premature end of file.
2026-05-09 10:46:28,818 [ERROR] LogOutputStream:75 - [STDERR_REDIRECT] 
2026-05-09 10:46:29,811 [ERROR] LogOutputStream:75 - [STDERR_REDIRECT] [Fatal Error] :1:1: Premature end of file.
2026-05-09 10:46:29,811 [ERROR] LogOutputStream:75 - [STDERR_REDIRECT] 
2026-05-09 10:46:30,819 [ERROR] LogOutputStream:75 - [STDERR_REDIRECT] [Fatal Error] :1:1: Premature end of file.
2026-05-09 10:46:30,819 [ERROR] LogOutputStream:75 - [STDERR_REDIRECT] 
2026-05-09 10:46:31,818 [ERROR] LogOutputStream:75 - [STDERR_REDIRECT] [Fatal Error] :1:1: Premature end of file.
2026-05-09 10:46:31,818 [ERROR] LogOutputStream:75 - [STDERR_REDIRECT] 
2026-05-09 10:46:32,809 [ERROR] LogOutputStream:75 - [STDERR_REDIRECT] [Fatal Error] :1:1: Premature end of file.
2026-05-09 10:46:32,809 [ERROR] LogOutputStream:75 - [STDERR_REDIRECT] 
2026-05-09 10:46:33,819 [ERROR] LogOutputStream:75 - [STDERR_REDIRECT] [Fatal Error] :1:1: Premature end of file.
2026-05-09 10:46:33,819 [ERROR] LogOutputStream:75 - [STDERR_REDIRECT] 
2026-05-09 10:46:34,796 [ERROR] LogOutputStream:75 - [STDERR_REDIRECT] [Fatal Error] :1:1: Premature end of file.
2026-05-09 10:46:34,796 [ERROR] LogOutputStream:75 - [STDERR_REDIRECT] 
2026-05-09 10:46:35,815 [ERROR] LogOutputStream:75 - [STDERR_REDIRECT] [Fatal Error] :1:1: Premature end of file.
2026-05-09 10:46:35,815 [ERROR] LogOutputStream:75 - [STDERR_REDIRECT] 
2026-05-09 10:46:36,814 [ERROR] LogOutputStream:75 - [STDERR_REDIRECT] [Fatal Error] :1:1: Premature end of file.
2026-05-09 10:46:36,814 [ERROR] LogOutputStream:75 - [STDERR_REDIRECT] 
2026-05-09 10:46:37,811 [ERROR] LogOutputStream:75 - [STDERR_REDIRECT] [Fatal Error] :1:1: Premature end of file.
2026-05-09 10:46:37,812 [ERROR] LogOutputStream:75 - [STDERR_REDIRECT] 
2026-05-09 10:46:38,817 [ERROR] LogOutputStream:75 - [STDERR_REDIRECT] [Fatal Error] :1:1: Premature end of file.
2026-05-09 10:46:38,818 [ERROR] LogOutputStream:75 - [STDERR_REDIRECT] 
2026-05-09 10:46:39,820 [ERROR] LogOutputStream:75 - [STDERR_REDIRECT] [Fatal Error] :1:1: Premature end of file.
2026-05-09 10:46:39,822 [ERROR] LogOutputStream:75 - [STDERR_REDIRECT] 
2026-05-09 10:46:40,810 [ERROR] LogOutputStream:75 - [STDERR_REDIRECT] [Fatal Error] :1:1: Premature end of file.
2026-05-09 10:46:40,810 [ERROR] LogOutputStream:75 - [STDERR_REDIRECT] 
2026-05-09 10:46:41,807 [ERROR] LogOutputStream:75 - [STDERR_REDIRECT] [Fatal Error] :1:1: Premature end of file.
2026-05-09 10:46:41,807 [ERROR] LogOutputStream:75 - [STDERR_REDIRECT] 
2026-05-09 10:46:42,816 [ERROR] LogOutputStream:75 - [STDERR_REDIRECT] [Fatal Error] :1:1: Premature end of file.
2026-05-09 10:46:42,816 [ERROR] LogOutputStream:75 - [STDERR_REDIRECT] 
2026-05-09 10:46:43,821 [ERROR] LogOutputStream:75 - [STDERR_REDIRECT] [Fatal Error] :1:1: Premature end of file.
2026-05-09 10:46:43,821 [ERROR] LogOutputStream:75 - [STDERR_REDIRECT] 
2026-05-09 10:46:44,818 [ERROR] LogOutputStream:75 - [STDERR_REDIRECT] [Fatal Error] :1:1: Premature end of file.
2026-05-09 10:46:44,818 [ERROR] LogOutputStream:75 - [STDERR_REDIRECT] 
2026-05-09 10:46:45,796 [ERROR] LogOutputStream:75 - [STDERR_REDIRECT] [Fatal Error] :1:1: Premature end of file.
2026-05-09 10:46:45,796 [ERROR] LogOutputStream:75 - [STDERR_REDIRECT] 
2026-05-09 10:46:46,817 [ERROR] LogOutputStream:75 - [STDERR_REDIRECT] [Fatal Error] :1:1: Premature end of file.
2026-05-09 10:46:46,817 [ERROR] LogOutputStream:75 - [STDERR_REDIRECT] 
2026-05-09 10:46:47,628 [INFO] Gpio:277 - dependency for GPIO [ADC, SPI2, USART1]
2026-05-09 10:46:47,796 [ERROR] LogOutputStream:75 - [STDERR_REDIRECT] [Fatal Error] :1:1: Premature end of file.
2026-05-09 10:46:47,796 [ERROR] LogOutputStream:75 - [STDERR_REDIRECT] 
2026-05-09 10:46:48,815 [ERROR] LogOutputStream:75 - [STDERR_REDIRECT] [Fatal Error] :1:1: Premature end of file.
2026-05-09 10:46:48,815 [ERROR] LogOutputStream:75 - [STDERR_REDIRECT] 
2026-05-09 10:46:49,811 [ERROR] LogOutputStream:75 - [STDERR_REDIRECT] [Fatal Error] :1:1: Premature end of file.
2026-05-09 10:46:49,812 [ERROR] LogOutputStream:75 - [STDERR_REDIRECT] 
2026-05-09 10:46:50,814 [ERROR] LogOutputStream:75 - [STDERR_REDIRECT] [Fatal Error] :1:1: Premature end of file.
2026-05-09 10:46:50,814 [ERROR] LogOutputStream:75 - [STDERR_REDIRECT] 
2026-05-09 10:46:51,800 [ERROR] LogOutputStream:75 - [STDERR_REDIRECT] [Fatal Error] :1:1: Premature end of file.
2026-05-09 10:46:51,801 [ERROR] LogOutputStream:75 - [STDERR_REDIRECT] 
2026-05-09 10:46:52,808 [ERROR] LogOutputStream:75 - [STDERR_REDIRECT] [Fatal Error] :1:1: Premature end of file.
2026-05-09 10:46:52,808 [ERROR] LogOutputStream:75 - [STDERR_REDIRECT] 
2026-05-09 10:46:53,817 [ERROR] LogOutputStream:75 - [STDERR_REDIRECT] [Fatal Error] :1:1: Premature end of file.
2026-05-09 10:46:53,817 [ERROR] LogOutputStream:75 - [STDERR_REDIRECT] 
2026-05-09 10:46:54,800 [ERROR] LogOutputStream:75 - [STDERR_REDIRECT] [Fatal Error] :1:1: Premature end of file.
2026-05-09 10:46:54,800 [ERROR] LogOutputStream:75 - [STDERR_REDIRECT] 
2026-05-09 10:46:55,816 [ERROR] LogOutputStream:75 - [STDERR_REDIRECT] [Fatal Error] :1:1: Premature end of file.
2026-05-09 10:46:55,816 [ERROR] LogOutputStream:75 - [STDERR_REDIRECT] 
2026-05-09 10:46:56,814 [ERROR] LogOutputStream:75 - [STDERR_REDIRECT] [Fatal Error] :1:1: Premature end of file.
2026-05-09 10:46:56,814 [ERROR] LogOutputStream:75 - [STDERR_REDIRECT] 
2026-05-09 10:46:57,819 [ERROR] LogOutputStream:75 - [STDERR_REDIRECT] [Fatal Error] :1:1: Premature end of file.
2026-05-09 10:46:57,819 [ERROR] LogOutputStream:75 - [STDERR_REDIRECT] 
2026-05-09 10:46:58,817 [ERROR] LogOutputStream:75 - [STDERR_REDIRECT] [Fatal Error] :1:1: Premature end of file.
2026-05-09 10:46:58,817 [ERROR] LogOutputStream:75 - [STDERR_REDIRECT] 
2026-05-09 10:46:59,813 [ERROR] LogOutputStream:75 - [STDERR_REDIRECT] [Fatal Error] :1:1: Premature end of file.
2026-05-09 10:46:59,813 [ERROR] LogOutputStream:75 - [STDERR_REDIRECT] 
2026-05-09 10:47:00,817 [ERROR] LogOutputStream:75 - [STDERR_REDIRECT] [Fatal Error] :1:1: Premature end of file.
2026-05-09 10:47:00,817 [ERROR] LogOutputStream:75 - [STDERR_REDIRECT] 
2026-05-09 10:47:01,816 [ERROR] LogOutputStream:75 - [STDERR_REDIRECT] [Fatal Error] :1:1: Premature end of file.
2026-05-09 10:47:01,816 [ERROR] LogOutputStream:75 - [STDERR_REDIRECT] 
2026-05-09 10:47:02,808 [ERROR] LogOutputStream:75 - [STDERR_REDIRECT] [Fatal Error] :1:1: Premature end of file.
2026-05-09 10:47:02,808 [ERROR] LogOutputStream:75 - [STDERR_REDIRECT] 
2026-05-09 10:47:03,795 [ERROR] LogOutputStream:75 - [STDERR_REDIRECT] [Fatal Error] :1:1: Premature end of file.
2026-05-09 10:47:03,796 [ERROR] LogOutputStream:75 - [STDERR_REDIRECT] 
2026-05-09 10:47:04,799 [ERROR] LogOutputStream:75 - [STDERR_REDIRECT] [Fatal Error] :1:1: Premature end of file.
2026-05-09 10:47:04,800 [ERROR] LogOutputStream:75 - [STDERR_REDIRECT] 
2026-05-09 10:47:05,795 [ERROR] LogOutputStream:75 - [STDERR_REDIRECT] [Fatal Error] :1:1: Premature end of file.
2026-05-09 10:47:05,795 [ERROR] LogOutputStream:75 - [STDERR_REDIRECT] 
2026-05-09 10:47:06,814 [ERROR] LogOutputStream:75 - [STDERR_REDIRECT] [Fatal Error] :1:1: Premature end of file.
2026-05-09 10:47:06,815 [ERROR] LogOutputStream:75 - [STDERR_REDIRECT] 
2026-05-09 10:47:07,818 [ERROR] LogOutputStream:75 - [STDERR_REDIRECT] [Fatal Error] :1:1: Premature end of file.
2026-05-09 10:47:07,818 [ERROR] LogOutputStream:75 - [STDERR_REDIRECT] 
2026-05-09 10:47:08,812 [ERROR] LogOutputStream:75 - [STDERR_REDIRECT] [Fatal Error] :1:1: Premature end of file.
2026-05-09 10:47:08,812 [ERROR] LogOutputStream:75 - [STDERR_REDIRECT] 
2026-05-09 10:47:09,815 [ERROR] LogOutputStream:75 - [STDERR_REDIRECT] [Fatal Error] :1:1: Premature end of file.
2026-05-09 10:47:09,815 [ERROR] LogOutputStream:75 - [STDERR_REDIRECT] 
2026-05-09 10:47:10,833 [ERROR] LogOutputStream:75 - [STDERR_REDIRECT] [Fatal Error] :1:1: Premature end of file.
2026-05-09 10:47:10,833 [ERROR] LogOutputStream:75 - [STDERR_REDIRECT] 
2026-05-09 10:47:11,815 [ERROR] LogOutputStream:75 - [STDERR_REDIRECT] [Fatal Error] :1:1: Premature end of file.
2026-05-09 10:47:11,815 [ERROR] LogOutputStream:75 - [STDERR_REDIRECT] 
2026-05-09 10:47:12,822 [ERROR] LogOutputStream:75 - [STDERR_REDIRECT] [Fatal Error] :1:1: Premature end of file.
2026-05-09 10:47:12,822 [ERROR] LogOutputStream:75 - [STDERR_REDIRECT] 
2026-05-09 10:47:13,816 [ERROR] LogOutputStream:75 - [STDERR_REDIRECT] [Fatal Error] :1:1: Premature end of file.
2026-05-09 10:47:13,816 [ERROR] LogOutputStream:75 - [STDERR_REDIRECT] 
2026-05-09 10:47:14,826 [ERROR] LogOutputStream:75 - [STDERR_REDIRECT] [Fatal Error] :1:1: Premature end of file.
2026-05-09 10:47:14,826 [ERROR] LogOutputStream:75 - [STDERR_REDIRECT] 
2026-05-09 10:47:15,815 [ERROR] LogOutputStream:75 - [STDERR_REDIRECT] [Fatal Error] :1:1: Premature end of file.
2026-05-09 10:47:15,816 [ERROR] LogOutputStream:75 - [STDERR_REDIRECT] 
2026-05-09 10:47:16,818 [ERROR] LogOutputStream:75 - [STDERR_REDIRECT] [Fatal Error] :1:1: Premature end of file.
2026-05-09 10:47:16,818 [ERROR] LogOutputStream:75 - [STDERR_REDIRECT] 
2026-05-09 10:47:17,808 [ERROR] LogOutputStream:75 - [STDERR_REDIRECT] [Fatal Error] :1:1: Premature end of file.
2026-05-09 10:47:17,808 [ERROR] LogOutputStream:75 - [STDERR_REDIRECT] 
2026-05-09 10:47:18,816 [ERROR] LogOutputStream:75 - [STDERR_REDIRECT] [Fatal Error] :1:1: Premature end of file.
2026-05-09 10:47:18,816 [ERROR] LogOutputStream:75 - [STDERR_REDIRECT] 
2026-05-09 10:47:19,812 [ERROR] LogOutputStream:75 - [STDERR_REDIRECT] [Fatal Error] :1:1: Premature end of file.
2026-05-09 10:47:19,812 [ERROR] LogOutputStream:75 - [STDERR_REDIRECT] 
2026-05-09 10:47:20,816 [ERROR] LogOutputStream:75 - [STDERR_REDIRECT] [Fatal Error] :1:1: Premature end of file.
2026-05-09 10:47:20,816 [ERROR] LogOutputStream:75 - [STDERR_REDIRECT] 
2026-05-09 10:47:21,815 [ERROR] LogOutputStream:75 - [STDERR_REDIRECT] [Fatal Error] :1:1: Premature end of file.
2026-05-09 10:47:21,816 [ERROR] LogOutputStream:75 - [STDERR_REDIRECT] 
2026-05-09 10:47:22,820 [ERROR] LogOutputStream:75 - [STDERR_REDIRECT] [Fatal Error] :1:1: Premature end of file.
2026-05-09 10:47:22,820 [ERROR] LogOutputStream:75 - [STDERR_REDIRECT] 
2026-05-09 10:47:23,813 [ERROR] LogOutputStream:75 - [STDERR_REDIRECT] [Fatal Error] :1:1: Premature end of file.
2026-05-09 10:47:23,813 [ERROR] LogOutputStream:75 - [STDERR_REDIRECT] 
2026-05-09 10:47:24,815 [ERROR] LogOutputStream:75 - [STDERR_REDIRECT] [Fatal Error] :1:1: Premature end of file.
2026-05-09 10:47:24,815 [ERROR] LogOutputStream:75 - [STDERR_REDIRECT] 
2026-05-09 10:47:25,815 [ERROR] LogOutputStream:75 - [STDERR_REDIRECT] [Fatal Error] :1:1: Premature end of file.
2026-05-09 10:47:25,815 [ERROR] LogOutputStream:75 - [STDERR_REDIRECT] 
2026-05-09 10:47:26,813 [ERROR] LogOutputStream:75 - [STDERR_REDIRECT] [Fatal Error] :1:1: Premature end of file.
2026-05-09 10:47:26,813 [ERROR] LogOutputStream:75 - [STDERR_REDIRECT] 
2026-05-09 10:47:27,815 [ERROR] LogOutputStream:75 - [STDERR_REDIRECT] [Fatal Error] :1:1: Premature end of file.
2026-05-09 10:47:27,815 [ERROR] LogOutputStream:75 - [STDERR_REDIRECT] 
2026-05-09 10:47:28,819 [ERROR] LogOutputStream:75 - [STDERR_REDIRECT] [Fatal Error] :1:1: Premature end of file.
2026-05-09 10:47:28,819 [ERROR] LogOutputStream:75 - [STDERR_REDIRECT] 
2026-05-09 10:47:29,813 [ERROR] LogOutputStream:75 - [STDERR_REDIRECT] [Fatal Error] :1:1: Premature end of file.
2026-05-09 10:47:29,813 [ERROR] LogOutputStream:75 - [STDERR_REDIRECT] 
2026-05-09 10:47:30,819 [ERROR] LogOutputStream:75 - [STDERR_REDIRECT] [Fatal Error] :1:1: Premature end of file.
2026-05-09 10:47:30,819 [ERROR] LogOutputStream:75 - [STDERR_REDIRECT] 
2026-05-09 10:47:31,811 [ERROR] LogOutputStream:75 - [STDERR_REDIRECT] [Fatal Error] :1:1: Premature end of file.
2026-05-09 10:47:31,811 [ERROR] LogOutputStream:75 - [STDERR_REDIRECT] 
2026-05-09 10:47:32,808 [ERROR] LogOutputStream:75 - [STDERR_REDIRECT] [Fatal Error] :1:1: Premature end of file.
2026-05-09 10:47:32,808 [ERROR] LogOutputStream:75 - [STDERR_REDIRECT] 
2026-05-09 10:47:33,810 [ERROR] LogOutputStream:75 - [STDERR_REDIRECT] [Fatal Error] :1:1: Premature end of file.
2026-05-09 10:47:33,810 [ERROR] LogOutputStream:75 - [STDERR_REDIRECT] 
2026-05-09 10:47:34,821 [ERROR] LogOutputStream:75 - [STDERR_REDIRECT] [Fatal Error] :1:1: Premature end of file.
2026-05-09 10:47:34,822 [ERROR] LogOutputStream:75 - [STDERR_REDIRECT] 
2026-05-09 10:47:35,815 [ERROR] LogOutputStream:75 - [STDERR_REDIRECT] [Fatal Error] :1:1: Premature end of file.
2026-05-09 10:47:35,815 [ERROR] LogOutputStream:75 - [STDERR_REDIRECT] 
2026-05-09 10:47:36,815 [ERROR] LogOutputStream:75 - [STDERR_REDIRECT] [Fatal Error] :1:1: Premature end of file.
2026-05-09 10:47:36,815 [ERROR] LogOutputStream:75 - [STDERR_REDIRECT] 
2026-05-09 10:47:37,818 [ERROR] LogOutputStream:75 - [STDERR_REDIRECT] [Fatal Error] :1:1: Premature end of file.
2026-05-09 10:47:37,818 [ERROR] LogOutputStream:75 - [STDERR_REDIRECT] 
2026-05-09 10:47:38,815 [ERROR] LogOutputStream:75 - [STDERR_REDIRECT] [Fatal Error] :1:1: Premature end of file.
2026-05-09 10:47:38,815 [ERROR] LogOutputStream:75 - [STDERR_REDIRECT] 
2026-05-09 10:47:39,806 [ERROR] LogOutputStream:75 - [STDERR_REDIRECT] [Fatal Error] :1:1: Premature end of file.
2026-05-09 10:47:39,806 [ERROR] LogOutputStream:75 - [STDERR_REDIRECT] 
2026-05-09 10:47:40,813 [ERROR] LogOutputStream:75 - [STDERR_REDIRECT] [Fatal Error] :1:1: Premature end of file.
2026-05-09 10:47:40,813 [ERROR] LogOutputStream:75 - [STDERR_REDIRECT] 
2026-05-09 10:47:41,818 [ERROR] LogOutputStream:75 - [STDERR_REDIRECT] [Fatal Error] :1:1: Premature end of file.
2026-05-09 10:47:41,818 [ERROR] LogOutputStream:75 - [STDERR_REDIRECT] 
2026-05-09 10:47:42,818 [ERROR] LogOutputStream:75 - [STDERR_REDIRECT] [Fatal Error] :1:1: Premature end of file.
2026-05-09 10:47:42,818 [ERROR] LogOutputStream:75 - [STDERR_REDIRECT] 
2026-05-09 10:47:43,819 [ERROR] LogOutputStream:75 - [STDERR_REDIRECT] [Fatal Error] :1:1: Premature end of file.
2026-05-09 10:47:43,819 [ERROR] LogOutputStream:75 - [STDERR_REDIRECT] 
2026-05-09 10:47:44,829 [ERROR] LogOutputStream:75 - [STDERR_REDIRECT] [Fatal Error] :1:1: Premature end of file.
2026-05-09 10:47:44,829 [ERROR] LogOutputStream:75 - [STDERR_REDIRECT] 
2026-05-09 10:47:45,812 [ERROR] LogOutputStream:75 - [STDERR_REDIRECT] [Fatal Error] :1:1: Premature end of file.
2026-05-09 10:47:45,812 [ERROR] LogOutputStream:75 - [STDERR_REDIRECT] 
2026-05-09 10:47:46,820 [ERROR] LogOutputStream:75 - [STDERR_REDIRECT] [Fatal Error] :1:1: Premature end of file.
2026-05-09 10:47:46,820 [ERROR] LogOutputStream:75 - [STDERR_REDIRECT] 
2026-05-09 10:47:47,813 [ERROR] LogOutputStream:75 - [STDERR_REDIRECT] [Fatal Error] :1:1: Premature end of file.
2026-05-09 10:47:47,813 [ERROR] LogOutputStream:75 - [STDERR_REDIRECT] 
2026-05-09 10:47:48,813 [ERROR] LogOutputStream:75 - [STDERR_REDIRECT] [Fatal Error] :1:1: Premature end of file.
2026-05-09 10:47:48,813 [ERROR] LogOutputStream:75 - [STDERR_REDIRECT] 
2026-05-09 10:47:49,819 [ERROR] LogOutputStream:75 - [STDERR_REDIRECT] [Fatal Error] :1:1: Premature end of file.
2026-05-09 10:47:49,819 [ERROR] LogOutputStream:75 - [STDERR_REDIRECT] 
2026-05-09 10:47:50,813 [ERROR] LogOutputStream:75 - [STDERR_REDIRECT] [Fatal Error] :1:1: Premature end of file.
2026-05-09 10:47:50,813 [ERROR] LogOutputStream:75 - [STDERR_REDIRECT] 
2026-05-09 10:47:51,811 [ERROR] LogOutputStream:75 - [STDERR_REDIRECT] [Fatal Error] :1:1: Premature end of file.
2026-05-09 10:47:51,811 [ERROR] LogOutputStream:75 - [STDERR_REDIRECT] 
2026-05-09 10:47:52,817 [ERROR] LogOutputStream:75 - [STDERR_REDIRECT] [Fatal Error] :1:1: Premature end of file.
2026-05-09 10:47:52,817 [ERROR] LogOutputStream:75 - [STDERR_REDIRECT] 
2026-05-09 10:47:53,815 [ERROR] LogOutputStream:75 - [STDERR_REDIRECT] [Fatal Error] :1:1: Premature end of file.
2026-05-09 10:47:53,815 [ERROR] LogOutputStream:75 - [STDERR_REDIRECT] 
2026-05-09 10:47:54,822 [ERROR] LogOutputStream:75 - [STDERR_REDIRECT] [Fatal Error] :1:1: Premature end of file.
2026-05-09 10:47:54,822 [ERROR] LogOutputStream:75 - [STDERR_REDIRECT] 
2026-05-09 10:47:55,817 [ERROR] LogOutputStream:75 - [STDERR_REDIRECT] [Fatal Error] :1:1: Premature end of file.
2026-05-09 10:47:55,817 [ERROR] LogOutputStream:75 - [STDERR_REDIRECT] 
2026-05-09 10:47:56,816 [ERROR] LogOutputStream:75 - [STDERR_REDIRECT] [Fatal Error] :1:1: Premature end of file.
2026-05-09 10:47:56,816 [ERROR] LogOutputStream:75 - [STDERR_REDIRECT] 
2026-05-09 10:47:57,814 [ERROR] LogOutputStream:75 - [STDERR_REDIRECT] [Fatal Error] :1:1: Premature end of file.
2026-05-09 10:47:57,814 [ERROR] LogOutputStream:75 - [STDERR_REDIRECT] 
2026-05-09 10:47:58,819 [ERROR] LogOutputStream:75 - [STDERR_REDIRECT] [Fatal Error] :1:1: Premature end of file.
2026-05-09 10:47:58,819 [ERROR] LogOutputStream:75 - [STDERR_REDIRECT] 
2026-05-09 10:47:59,812 [ERROR] LogOutputStream:75 - [STDERR_REDIRECT] [Fatal Error] :1:1: Premature end of file.
2026-05-09 10:47:59,812 [ERROR] LogOutputStream:75 - [STDERR_REDIRECT] 
2026-05-09 10:48:00,824 [ERROR] LogOutputStream:75 - [STDERR_REDIRECT] [Fatal Error] :1:1: Premature end of file.
2026-05-09 10:48:00,824 [ERROR] LogOutputStream:75 - [STDERR_REDIRECT] 
2026-05-09 10:48:01,818 [ERROR] LogOutputStream:75 - [STDERR_REDIRECT] [Fatal Error] :1:1: Premature end of file.
2026-05-09 10:48:01,818 [ERROR] LogOutputStream:75 - [STDERR_REDIRECT] 
2026-05-09 10:48:02,814 [ERROR] LogOutputStream:75 - [STDERR_REDIRECT] [Fatal Error] :1:1: Premature end of file.
2026-05-09 10:48:02,814 [ERROR] LogOutputStream:75 - [STDERR_REDIRECT] 
2026-05-09 10:48:03,817 [ERROR] LogOutputStream:75 - [STDERR_REDIRECT] [Fatal Error] :1:1: Premature end of file.
2026-05-09 10:48:03,817 [ERROR] LogOutputStream:75 - [STDERR_REDIRECT] 
2026-05-09 10:48:04,826 [ERROR] LogOutputStream:75 - [STDERR_REDIRECT] [Fatal Error] :1:1: Premature end of file.
2026-05-09 10:48:04,827 [ERROR] LogOutputStream:75 - [STDERR_REDIRECT] 
2026-05-09 10:48:05,812 [ERROR] LogOutputStream:75 - [STDERR_REDIRECT] [Fatal Error] :1:1: Premature end of file.
2026-05-09 10:48:05,812 [ERROR] LogOutputStream:75 - [STDERR_REDIRECT] 
2026-05-09 10:48:06,818 [ERROR] LogOutputStream:75 - [STDERR_REDIRECT] [Fatal Error] :1:1: Premature end of file.
2026-05-09 10:48:06,818 [ERROR] LogOutputStream:75 - [STDERR_REDIRECT] 
2026-05-09 10:48:07,813 [ERROR] LogOutputStream:75 - [STDERR_REDIRECT] [Fatal Error] :1:1: Premature end of file.
2026-05-09 10:48:07,813 [ERROR] LogOutputStream:75 - [STDERR_REDIRECT] 
2026-05-09 10:48:08,809 [ERROR] LogOutputStream:75 - [STDERR_REDIRECT] [Fatal Error] :1:1: Premature end of file.
2026-05-09 10:48:08,809 [ERROR] LogOutputStream:75 - [STDERR_REDIRECT] 
2026-05-09 10:48:09,818 [ERROR] LogOutputStream:75 - [STDERR_REDIRECT] [Fatal Error] :1:1: Premature end of file.
2026-05-09 10:48:09,818 [ERROR] LogOutputStream:75 - [STDERR_REDIRECT] 
2026-05-09 10:48:10,826 [ERROR] LogOutputStream:75 - [STDERR_REDIRECT] [Fatal Error] :1:1: Premature end of file.
2026-05-09 10:48:10,826 [ERROR] LogOutputStream:75 - [STDERR_REDIRECT] 
2026-05-09 10:48:11,820 [ERROR] LogOutputStream:75 - [STDERR_REDIRECT] [Fatal Error] :1:1: Premature end of file.
2026-05-09 10:48:11,820 [ERROR] LogOutputStream:75 - [STDERR_REDIRECT] 
2026-05-09 10:48:12,815 [ERROR] LogOutputStream:75 - [STDERR_REDIRECT] [Fatal Error] :1:1: Premature end of file.
2026-05-09 10:48:12,815 [ERROR] LogOutputStream:75 - [STDERR_REDIRECT] 
2026-05-09 10:48:13,809 [ERROR] LogOutputStream:75 - [STDERR_REDIRECT] [Fatal Error] :1:1: Premature end of file.
2026-05-09 10:48:13,809 [ERROR] LogOutputStream:75 - [STDERR_REDIRECT] 
2026-05-09 10:48:14,821 [ERROR] LogOutputStream:75 - [STDERR_REDIRECT] [Fatal Error] :1:1: Premature end of file.
2026-05-09 10:48:14,821 [ERROR] LogOutputStream:75 - [STDERR_REDIRECT] 
2026-05-09 10:48:15,817 [ERROR] LogOutputStream:75 - [STDERR_REDIRECT] [Fatal Error] :1:1: Premature end of file.
2026-05-09 10:48:15,817 [ERROR] LogOutputStream:75 - [STDERR_REDIRECT] 
2026-05-09 10:48:16,815 [ERROR] LogOutputStream:75 - [STDERR_REDIRECT] [Fatal Error] :1:1: Premature end of file.
2026-05-09 10:48:16,815 [ERROR] LogOutputStream:75 - [STDERR_REDIRECT] 
2026-05-09 10:48:17,818 [ERROR] LogOutputStream:75 - [STDERR_REDIRECT] [Fatal Error] :1:1: Premature end of file.
2026-05-09 10:48:17,818 [ERROR] LogOutputStream:75 - [STDERR_REDIRECT] 
2026-05-09 10:48:18,821 [ERROR] LogOutputStream:75 - [STDERR_REDIRECT] [Fatal Error] :1:1: Premature end of file.
2026-05-09 10:48:18,821 [ERROR] LogOutputStream:75 - [STDERR_REDIRECT] 
2026-05-09 10:48:19,817 [ERROR] LogOutputStream:75 - [STDERR_REDIRECT] [Fatal Error] :1:1: Premature end of file.
2026-05-09 10:48:19,817 [ERROR] LogOutputStream:75 - [STDERR_REDIRECT] 
2026-05-09 10:48:20,820 [ERROR] LogOutputStream:75 - [STDERR_REDIRECT] [Fatal Error] :1:1: Premature end of file.
2026-05-09 10:48:20,820 [ERROR] LogOutputStream:75 - [STDERR_REDIRECT] 
2026-05-09 10:48:21,817 [ERROR] LogOutputStream:75 - [STDERR_REDIRECT] [Fatal Error] :1:1: Premature end of file.
2026-05-09 10:48:21,817 [ERROR] LogOutputStream:75 - [STDERR_REDIRECT] 
2026-05-09 10:48:22,816 [ERROR] LogOutputStream:75 - [STDERR_REDIRECT] [Fatal Error] :1:1: Premature end of file.
2026-05-09 10:48:22,816 [ERROR] LogOutputStream:75 - [STDERR_REDIRECT] 
2026-05-09 10:48:23,813 [ERROR] LogOutputStream:75 - [STDERR_REDIRECT] [Fatal Error] :1:1: Premature end of file.
2026-05-09 10:48:23,813 [ERROR] LogOutputStream:75 - [STDERR_REDIRECT] 
2026-05-09 10:48:24,824 [ERROR] LogOutputStream:75 - [STDERR_REDIRECT] [Fatal Error] :1:1: Premature end of file.
2026-05-09 10:48:24,824 [ERROR] LogOutputStream:75 - [STDERR_REDIRECT] 
2026-05-09 10:48:25,809 [ERROR] LogOutputStream:75 - [STDERR_REDIRECT] [Fatal Error] :1:1: Premature end of file.
2026-05-09 10:48:25,809 [ERROR] LogOutputStream:75 - [STDERR_REDIRECT] 
2026-05-09 10:48:26,815 [ERROR] LogOutputStream:75 - [STDERR_REDIRECT] [Fatal Error] :1:1: Premature end of file.
2026-05-09 10:48:26,815 [ERROR] LogOutputStream:75 - [STDERR_REDIRECT] 
2026-05-09 10:48:27,815 [ERROR] LogOutputStream:75 - [STDERR_REDIRECT] [Fatal Error] :1:1: Premature end of file.
2026-05-09 10:48:27,815 [ERROR] LogOutputStream:75 - [STDERR_REDIRECT] 
2026-05-09 10:48:28,816 [ERROR] LogOutputStream:75 - [STDERR_REDIRECT] [Fatal Error] :1:1: Premature end of file.
2026-05-09 10:48:28,816 [ERROR] LogOutputStream:75 - [STDERR_REDIRECT] 
2026-05-09 10:48:29,809 [ERROR] LogOutputStream:75 - [STDERR_REDIRECT] [Fatal Error] :1:1: Premature end of file.
2026-05-09 10:48:29,809 [ERROR] LogOutputStream:75 - [STDERR_REDIRECT] 
2026-05-09 10:48:30,821 [ERROR] LogOutputStream:75 - [STDERR_REDIRECT] [Fatal Error] :1:1: Premature end of file.
2026-05-09 10:48:30,821 [ERROR] LogOutputStream:75 - [STDERR_REDIRECT] 
2026-05-09 10:48:31,814 [ERROR] LogOutputStream:75 - [STDERR_REDIRECT] [Fatal Error] :1:1: Premature end of file.
2026-05-09 10:48:31,815 [ERROR] LogOutputStream:75 - [STDERR_REDIRECT] 
2026-05-09 10:48:32,814 [ERROR] LogOutputStream:75 - [STDERR_REDIRECT] [Fatal Error] :1:1: Premature end of file.
2026-05-09 10:48:32,814 [ERROR] LogOutputStream:75 - [STDERR_REDIRECT] 
2026-05-09 10:48:33,813 [ERROR] LogOutputStream:75 - [STDERR_REDIRECT] [Fatal Error] :1:1: Premature end of file.
2026-05-09 10:48:33,813 [ERROR] LogOutputStream:75 - [STDERR_REDIRECT] 
2026-05-09 10:48:34,823 [ERROR] LogOutputStream:75 - [STDERR_REDIRECT] [Fatal Error] :1:1: Premature end of file.
2026-05-09 10:48:34,823 [ERROR] LogOutputStream:75 - [STDERR_REDIRECT] 
2026-05-09 10:48:35,822 [ERROR] LogOutputStream:75 - [STDERR_REDIRECT] [Fatal Error] :1:1: Premature end of file.
2026-05-09 10:48:35,822 [ERROR] LogOutputStream:75 - [STDERR_REDIRECT] 
2026-05-09 10:48:36,816 [ERROR] LogOutputStream:75 - [STDERR_REDIRECT] [Fatal Error] :1:1: Premature end of file.
2026-05-09 10:48:36,816 [ERROR] LogOutputStream:75 - [STDERR_REDIRECT] 
2026-05-09 10:48:37,818 [ERROR] LogOutputStream:75 - [STDERR_REDIRECT] [Fatal Error] :1:1: Premature end of file.
2026-05-09 10:48:37,818 [ERROR] LogOutputStream:75 - [STDERR_REDIRECT] 
2026-05-09 10:48:38,813 [ERROR] LogOutputStream:75 - [STDERR_REDIRECT] [Fatal Error] :1:1: Premature end of file.
2026-05-09 10:48:38,813 [ERROR] LogOutputStream:75 - [STDERR_REDIRECT] 
2026-05-09 10:48:39,817 [ERROR] LogOutputStream:75 - [STDERR_REDIRECT] [Fatal Error] :1:1: Premature end of file.
2026-05-09 10:48:39,817 [ERROR] LogOutputStream:75 - [STDERR_REDIRECT] 
2026-05-09 10:48:40,813 [ERROR] LogOutputStream:75 - [STDERR_REDIRECT] [Fatal Error] :1:1: Premature end of file.
2026-05-09 10:48:40,813 [ERROR] LogOutputStream:75 - [STDERR_REDIRECT] 
2026-05-09 10:48:41,822 [ERROR] LogOutputStream:75 - [STDERR_REDIRECT] [Fatal Error] :1:1: Premature end of file.
2026-05-09 10:48:41,822 [ERROR] LogOutputStream:75 - [STDERR_REDIRECT] 
2026-05-09 10:48:42,820 [ERROR] LogOutputStream:75 - [STDERR_REDIRECT] [Fatal Error] :1:1: Premature end of file.
2026-05-09 10:48:42,820 [ERROR] LogOutputStream:75 - [STDERR_REDIRECT] 
2026-05-09 10:48:43,819 [ERROR] LogOutputStream:75 - [STDERR_REDIRECT] [Fatal Error] :1:1: Premature end of file.
2026-05-09 10:48:43,819 [ERROR] LogOutputStream:75 - [STDERR_REDIRECT] 
2026-05-09 10:48:44,821 [ERROR] LogOutputStream:75 - [STDERR_REDIRECT] [Fatal Error] :1:1: Premature end of file.
2026-05-09 10:48:44,821 [ERROR] LogOutputStream:75 - [STDERR_REDIRECT] 
2026-05-09 10:48:45,808 [ERROR] LogOutputStream:75 - [STDERR_REDIRECT] [Fatal Error] :1:1: Premature end of file.
2026-05-09 10:48:45,808 [ERROR] LogOutputStream:75 - [STDERR_REDIRECT] 
2026-05-09 10:48:46,814 [ERROR] LogOutputStream:75 - [STDERR_REDIRECT] [Fatal Error] :1:1: Premature end of file.
2026-05-09 10:48:46,814 [ERROR] LogOutputStream:75 - [STDERR_REDIRECT] 
2026-05-09 10:48:47,803 [ERROR] LogOutputStream:75 - [STDERR_REDIRECT] [Fatal Error] :1:1: Premature end of file.
2026-05-09 10:48:47,803 [ERROR] LogOutputStream:75 - [STDERR_REDIRECT] 
2026-05-09 10:48:48,811 [ERROR] LogOutputStream:75 - [STDERR_REDIRECT] [Fatal Error] :1:1: Premature end of file.
2026-05-09 10:48:48,812 [ERROR] LogOutputStream:75 - [STDERR_REDIRECT] 
2026-05-09 10:48:49,818 [ERROR] LogOutputStream:75 - [STDERR_REDIRECT] [Fatal Error] :1:1: Premature end of file.
2026-05-09 10:48:49,818 [ERROR] LogOutputStream:75 - [STDERR_REDIRECT] 
2026-05-09 10:48:50,818 [ERROR] LogOutputStream:75 - [STDERR_REDIRECT] [Fatal Error] :1:1: Premature end of file.
2026-05-09 10:48:50,818 [ERROR] LogOutputStream:75 - [STDERR_REDIRECT] 
2026-05-09 10:48:51,818 [ERROR] LogOutputStream:75 - [STDERR_REDIRECT] [Fatal Error] :1:1: Premature end of file.
2026-05-09 10:48:51,818 [ERROR] LogOutputStream:75 - [STDERR_REDIRECT] 
2026-05-09 10:48:52,817 [ERROR] LogOutputStream:75 - [STDERR_REDIRECT] [Fatal Error] :1:1: Premature end of file.
2026-05-09 10:48:52,817 [ERROR] LogOutputStream:75 - [STDERR_REDIRECT] 
2026-05-09 10:48:53,820 [ERROR] LogOutputStream:75 - [STDERR_REDIRECT] [Fatal Error] :1:1: Premature end of file.
2026-05-09 10:48:53,820 [ERROR] LogOutputStream:75 - [STDERR_REDIRECT] 
2026-05-09 10:48:54,825 [ERROR] LogOutputStream:75 - [STDERR_REDIRECT] [Fatal Error] :1:1: Premature end of file.
2026-05-09 10:48:54,825 [ERROR] LogOutputStream:75 - [STDERR_REDIRECT] 
2026-05-09 10:48:55,809 [ERROR] LogOutputStream:75 - [STDERR_REDIRECT] [Fatal Error] :1:1: Premature end of file.
2026-05-09 10:48:55,809 [ERROR] LogOutputStream:75 - [STDERR_REDIRECT] 
2026-05-09 10:48:56,810 [ERROR] LogOutputStream:75 - [STDERR_REDIRECT] [Fatal Error] :1:1: Premature end of file.
2026-05-09 10:48:56,811 [ERROR] LogOutputStream:75 - [STDERR_REDIRECT] 
2026-05-09 10:48:57,810 [ERROR] LogOutputStream:75 - [STDERR_REDIRECT] [Fatal Error] :1:1: Premature end of file.
2026-05-09 10:48:57,810 [ERROR] LogOutputStream:75 - [STDERR_REDIRECT] 
2026-05-09 10:48:58,813 [ERROR] LogOutputStream:75 - [STDERR_REDIRECT] [Fatal Error] :1:1: Premature end of file.
2026-05-09 10:48:58,813 [ERROR] LogOutputStream:75 - [STDERR_REDIRECT] 
2026-05-09 10:48:59,817 [ERROR] LogOutputStream:75 - [STDERR_REDIRECT] [Fatal Error] :1:1: Premature end of file.
2026-05-09 10:48:59,817 [ERROR] LogOutputStream:75 - [STDERR_REDIRECT] 
2026-05-09 10:49:00,820 [ERROR] LogOutputStream:75 - [STDERR_REDIRECT] [Fatal Error] :1:1: Premature end of file.
2026-05-09 10:49:00,820 [ERROR] LogOutputStream:75 - [STDERR_REDIRECT] 
2026-05-09 10:49:01,818 [ERROR] LogOutputStream:75 - [STDERR_REDIRECT] [Fatal Error] :1:1: Premature end of file.
2026-05-09 10:49:01,818 [ERROR] LogOutputStream:75 - [STDERR_REDIRECT] 
2026-05-09 10:49:02,829 [ERROR] LogOutputStream:75 - [STDERR_REDIRECT] [Fatal Error] :1:1: Premature end of file.
2026-05-09 10:49:02,829 [ERROR] LogOutputStream:75 - [STDERR_REDIRECT] 
2026-05-09 10:49:03,818 [ERROR] LogOutputStream:75 - [STDERR_REDIRECT] [Fatal Error] :1:1: Premature end of file.
2026-05-09 10:49:03,818 [ERROR] LogOutputStream:75 - [STDERR_REDIRECT] 
2026-05-09 10:49:04,799 [ERROR] LogOutputStream:75 - [STDERR_REDIRECT] [Fatal Error] :1:1: Premature end of file.
2026-05-09 10:49:04,799 [ERROR] LogOutputStream:75 - [STDERR_REDIRECT] 
2026-05-09 10:49:05,819 [ERROR] LogOutputStream:75 - [STDERR_REDIRECT] [Fatal Error] :1:1: Premature end of file.
2026-05-09 10:49:05,819 [ERROR] LogOutputStream:75 - [STDERR_REDIRECT] 
2026-05-09 10:49:06,811 [ERROR] LogOutputStream:75 - [STDERR_REDIRECT] [Fatal Error] :1:1: Premature end of file.
2026-05-09 10:49:06,811 [ERROR] LogOutputStream:75 - [STDERR_REDIRECT] 
2026-05-09 10:49:07,822 [ERROR] LogOutputStream:75 - [STDERR_REDIRECT] [Fatal Error] :1:1: Premature end of file.
2026-05-09 10:49:07,822 [ERROR] LogOutputStream:75 - [STDERR_REDIRECT] 
2026-05-09 10:49:08,805 [ERROR] LogOutputStream:75 - [STDERR_REDIRECT] [Fatal Error] :1:1: Premature end of file.
2026-05-09 10:49:08,805 [ERROR] LogOutputStream:75 - [STDERR_REDIRECT] 
2026-05-09 10:49:09,814 [ERROR] LogOutputStream:75 - [STDERR_REDIRECT] [Fatal Error] :1:1: Premature end of file.
2026-05-09 10:49:09,814 [ERROR] LogOutputStream:75 - [STDERR_REDIRECT] 
2026-05-09 10:49:10,821 [ERROR] LogOutputStream:75 - [STDERR_REDIRECT] [Fatal Error] :1:1: Premature end of file.
2026-05-09 10:49:10,822 [ERROR] LogOutputStream:75 - [STDERR_REDIRECT] 
2026-05-09 10:49:11,816 [ERROR] LogOutputStream:75 - [STDERR_REDIRECT] [Fatal Error] :1:1: Premature end of file.
2026-05-09 10:49:11,816 [ERROR] LogOutputStream:75 - [STDERR_REDIRECT] 
2026-05-09 10:49:12,811 [ERROR] LogOutputStream:75 - [STDERR_REDIRECT] [Fatal Error] :1:1: Premature end of file.
2026-05-09 10:49:12,811 [ERROR] LogOutputStream:75 - [STDERR_REDIRECT] 
2026-05-09 10:49:13,820 [ERROR] LogOutputStream:75 - [STDERR_REDIRECT] [Fatal Error] :1:1: Premature end of file.
2026-05-09 10:49:13,820 [ERROR] LogOutputStream:75 - [STDERR_REDIRECT] 
2026-05-09 10:49:14,825 [ERROR] LogOutputStream:75 - [STDERR_REDIRECT] [Fatal Error] :1:1: Premature end of file.
2026-05-09 10:49:14,826 [ERROR] LogOutputStream:75 - [STDERR_REDIRECT] 
2026-05-09 10:49:15,815 [ERROR] LogOutputStream:75 - [STDERR_REDIRECT] [Fatal Error] :1:1: Premature end of file.
2026-05-09 10:49:15,815 [ERROR] LogOutputStream:75 - [STDERR_REDIRECT] 
2026-05-09 10:49:16,819 [ERROR] LogOutputStream:75 - [STDERR_REDIRECT] [Fatal Error] :1:1: Premature end of file.
2026-05-09 10:49:16,819 [ERROR] LogOutputStream:75 - [STDERR_REDIRECT] 
2026-05-09 10:49:17,822 [ERROR] LogOutputStream:75 - [STDERR_REDIRECT] [Fatal Error] :1:1: Premature end of file.
2026-05-09 10:49:17,822 [ERROR] LogOutputStream:75 - [STDERR_REDIRECT] 
2026-05-09 10:49:18,802 [ERROR] LogOutputStream:75 - [STDERR_REDIRECT] [Fatal Error] :1:1: Premature end of file.
2026-05-09 10:49:18,803 [ERROR] LogOutputStream:75 - [STDERR_REDIRECT] 
2026-05-09 10:49:19,806 [ERROR] LogOutputStream:75 - [STDERR_REDIRECT] [Fatal Error] :1:1: Premature end of file.
2026-05-09 10:49:19,807 [ERROR] LogOutputStream:75 - [STDERR_REDIRECT] 
2026-05-09 10:49:20,823 [ERROR] LogOutputStream:75 - [STDERR_REDIRECT] [Fatal Error] :1:1: Premature end of file.
2026-05-09 10:49:20,823 [ERROR] LogOutputStream:75 - [STDERR_REDIRECT] 
2026-05-09 10:49:21,816 [ERROR] LogOutputStream:75 - [STDERR_REDIRECT] [Fatal Error] :1:1: Premature end of file.
2026-05-09 10:49:21,816 [ERROR] LogOutputStream:75 - [STDERR_REDIRECT] 
2026-05-09 10:49:22,827 [ERROR] LogOutputStream:75 - [STDERR_REDIRECT] [Fatal Error] :1:1: Premature end of file.
2026-05-09 10:49:22,827 [ERROR] LogOutputStream:75 - [STDERR_REDIRECT] 
2026-05-09 10:49:23,814 [ERROR] LogOutputStream:75 - [STDERR_REDIRECT] [Fatal Error] :1:1: Premature end of file.
2026-05-09 10:49:23,814 [ERROR] LogOutputStream:75 - [STDERR_REDIRECT] 
2026-05-09 10:49:24,826 [ERROR] LogOutputStream:75 - [STDERR_REDIRECT] [Fatal Error] :1:1: Premature end of file.
2026-05-09 10:49:24,827 [ERROR] LogOutputStream:75 - [STDERR_REDIRECT] 
2026-05-09 10:49:25,817 [ERROR] LogOutputStream:75 - [STDERR_REDIRECT] [Fatal Error] :1:1: Premature end of file.
2026-05-09 10:49:25,817 [ERROR] LogOutputStream:75 - [STDERR_REDIRECT] 
2026-05-09 10:49:26,819 [ERROR] LogOutputStream:75 - [STDERR_REDIRECT] [Fatal Error] :1:1: Premature end of file.
2026-05-09 10:49:26,819 [ERROR] LogOutputStream:75 - [STDERR_REDIRECT] 
2026-05-09 10:49:27,817 [ERROR] LogOutputStream:75 - [STDERR_REDIRECT] [Fatal Error] :1:1: Premature end of file.
2026-05-09 10:49:27,817 [ERROR] LogOutputStream:75 - [STDERR_REDIRECT] 
2026-05-09 10:49:28,663 [INFO] MainUpdater:2872 - connection check result : 10
2026-05-09 10:49:28,672 [INFO] McuFinderGlobals:76 - Set McuFinderConnectedMode to true
2026-05-09 10:49:28,795 [ERROR] LogOutputStream:75 - [STDERR_REDIRECT] [Fatal Error] :1:1: Premature end of file.
2026-05-09 10:49:28,796 [ERROR] LogOutputStream:75 - [STDERR_REDIRECT] 
2026-05-09 10:49:29,755 [INFO] ServerAccessManage:473 - Download File mcusAds.json._tmp_
2026-05-09 10:49:29,799 [ERROR] LogOutputStream:75 - [STDERR_REDIRECT] [Fatal Error] :1:1: Premature end of file.
2026-05-09 10:49:29,799 [ERROR] LogOutputStream:75 - [STDERR_REDIRECT] 
2026-05-09 10:49:29,894 [INFO] LoadUrlFilesThread:156 - End of LoadUrlFiles Thread
2026-05-09 10:49:30,802 [ERROR] LogOutputStream:75 - [STDERR_REDIRECT] [Fatal Error] :1:1: Premature end of file.
2026-05-09 10:49:30,802 [ERROR] LogOutputStream:75 - [STDERR_REDIRECT] 
2026-05-09 10:49:31,266 [INFO] ServerAccessManage:473 - Download File cube-finder-db.zip
2026-05-09 10:49:31,808 [ERROR] LogOutputStream:75 - [STDERR_REDIRECT] [Fatal Error] :1:1: Premature end of file.
2026-05-09 10:49:31,809 [ERROR] LogOutputStream:75 - [STDERR_REDIRECT] 
2026-05-09 10:49:32,801 [ERROR] LogOutputStream:75 - [STDERR_REDIRECT] [Fatal Error] :1:1: Premature end of file.
2026-05-09 10:49:32,801 [ERROR] LogOutputStream:75 - [STDERR_REDIRECT] 
2026-05-09 10:49:33,812 [ERROR] LogOutputStream:75 - [STDERR_REDIRECT] [Fatal Error] :1:1: Premature end of file.
2026-05-09 10:49:33,812 [ERROR] LogOutputStream:75 - [STDERR_REDIRECT] 
2026-05-09 10:49:34,812 [ERROR] LogOutputStream:75 - [STDERR_REDIRECT] [Fatal Error] :1:1: Premature end of file.
2026-05-09 10:49:34,812 [ERROR] LogOutputStream:75 - [STDERR_REDIRECT] 
2026-05-09 10:49:35,798 [ERROR] LogOutputStream:75 - [STDERR_REDIRECT] [Fatal Error] :1:1: Premature end of file.
2026-05-09 10:49:35,798 [ERROR] LogOutputStream:75 - [STDERR_REDIRECT] 
2026-05-09 10:49:36,806 [ERROR] LogOutputStream:75 - [STDERR_REDIRECT] [Fatal Error] :1:1: Premature end of file.
2026-05-09 10:49:36,806 [ERROR] LogOutputStream:75 - [STDERR_REDIRECT] 
2026-05-09 10:49:37,812 [ERROR] LogOutputStream:75 - [STDERR_REDIRECT] [Fatal Error] :1:1: Premature end of file.
2026-05-09 10:49:37,812 [ERROR] LogOutputStream:75 - [STDERR_REDIRECT] 
2026-05-09 10:49:38,803 [ERROR] LogOutputStream:75 - [STDERR_REDIRECT] [Fatal Error] :1:1: Premature end of file.
2026-05-09 10:49:38,803 [ERROR] LogOutputStream:75 - [STDERR_REDIRECT] 
2026-05-09 10:49:39,796 [ERROR] LogOutputStream:75 - [STDERR_REDIRECT] [Fatal Error] :1:1: Premature end of file.
2026-05-09 10:49:39,796 [ERROR] LogOutputStream:75 - [STDERR_REDIRECT] 
2026-05-09 10:49:40,821 [ERROR] LogOutputStream:75 - [STDERR_REDIRECT] [Fatal Error] :1:1: Premature end of file.
2026-05-09 10:49:40,821 [ERROR] LogOutputStream:75 - [STDERR_REDIRECT] 
2026-05-09 10:49:41,804 [ERROR] LogOutputStream:75 - [STDERR_REDIRECT] [Fatal Error] :1:1: Premature end of file.
2026-05-09 10:49:41,804 [ERROR] LogOutputStream:75 - [STDERR_REDIRECT] 
2026-05-09 10:49:42,810 [ERROR] LogOutputStream:75 - [STDERR_REDIRECT] [Fatal Error] :1:1: Premature end of file.
2026-05-09 10:49:42,810 [ERROR] LogOutputStream:75 - [STDERR_REDIRECT] 
2026-05-09 10:49:43,805 [ERROR] LogOutputStream:75 - [STDERR_REDIRECT] [Fatal Error] :1:1: Premature end of file.
2026-05-09 10:49:43,805 [ERROR] LogOutputStream:75 - [STDERR_REDIRECT] 
2026-05-09 10:49:44,813 [ERROR] LogOutputStream:75 - [STDERR_REDIRECT] [Fatal Error] :1:1: Premature end of file.
2026-05-09 10:49:44,814 [ERROR] LogOutputStream:75 - [STDERR_REDIRECT] 
2026-05-09 10:49:45,806 [ERROR] LogOutputStream:75 - [STDERR_REDIRECT] [Fatal Error] :1:1: Premature end of file.
2026-05-09 10:49:45,806 [ERROR] LogOutputStream:75 - [STDERR_REDIRECT] 
2026-05-09 10:49:46,807 [ERROR] LogOutputStream:75 - [STDERR_REDIRECT] [Fatal Error] :1:1: Premature end of file.
2026-05-09 10:49:46,807 [ERROR] LogOutputStream:75 - [STDERR_REDIRECT] 
2026-05-09 10:49:47,805 [ERROR] LogOutputStream:75 - [STDERR_REDIRECT] [Fatal Error] :1:1: Premature end of file.
2026-05-09 10:49:47,805 [ERROR] LogOutputStream:75 - [STDERR_REDIRECT] 
2026-05-09 10:49:48,814 [ERROR] LogOutputStream:75 - [STDERR_REDIRECT] [Fatal Error] :1:1: Premature end of file.
2026-05-09 10:49:48,814 [ERROR] LogOutputStream:75 - [STDERR_REDIRECT] 
2026-05-09 10:49:49,814 [ERROR] LogOutputStream:75 - [STDERR_REDIRECT] [Fatal Error] :1:1: Premature end of file.
2026-05-09 10:49:49,814 [ERROR] LogOutputStream:75 - [STDERR_REDIRECT] 
2026-05-09 10:49:50,295 [INFO] FileExtend:242 - Unzip File : cube-finder-db.zip
2026-05-09 10:49:50,295 [INFO] FileExtend:257 - Standard Zip Deflate
2026-05-09 10:49:50,807 [ERROR] LogOutputStream:75 - [STDERR_REDIRECT] [Fatal Error] :1:1: Premature end of file.
2026-05-09 10:49:50,808 [ERROR] LogOutputStream:75 - [STDERR_REDIRECT] 
2026-05-09 10:49:51,073 [INFO] LoadUrlFilesThread:156 - End of LoadUrlFiles Thread
2026-05-09 10:49:51,568 [INFO] ServerAccessManage:473 - Download File crdb.zip
2026-05-09 10:49:51,821 [ERROR] LogOutputStream:75 - [STDERR_REDIRECT] [Fatal Error] :1:1: Premature end of file.
2026-05-09 10:49:51,822 [ERROR] LogOutputStream:75 - [STDERR_REDIRECT] 
2026-05-09 10:49:52,047 [INFO] FileExtend:242 - Unzip File : crdb.zip
2026-05-09 10:49:52,047 [INFO] FileExtend:257 - Standard Zip Deflate
2026-05-09 10:49:52,220 [INFO] LoadUrlFilesThread:156 - End of LoadUrlFiles Thread
2026-05-09 10:49:52,461 [INFO] ServerAccessManage:473 - Download File tutoVideoDB.zip
2026-05-09 10:49:52,591 [INFO] FileExtend:242 - Unzip File : tutoVideoDB.zip
2026-05-09 10:49:52,591 [INFO] FileExtend:257 - Standard Zip Deflate
2026-05-09 10:49:52,702 [INFO] LoadUrlFilesThread:156 - End of LoadUrlFiles Thread
2026-05-09 10:49:52,706 [WARN] DbFile:41 - Overriding database path with different value: C:\Users\salem\.stmcufinder\plugins\mcufinder/ => C:\Users\salem\.stmcufinder\plugins\mcufinder
2026-05-09 10:49:52,816 [ERROR] LogOutputStream:75 - [STDERR_REDIRECT] [Fatal Error] :1:1: Premature end of file.
2026-05-09 10:49:52,816 [ERROR] LogOutputStream:75 - [STDERR_REDIRECT] 
2026-05-09 10:49:52,967 [ERROR] ServerAccessManage:1089 - Problem, file not found on Server
2026-05-09 10:49:52,968 [ERROR] ServerAccessManage:651 - Problem, file not found on Server : api_config.json.
2026-05-09 10:49:53,814 [ERROR] LogOutputStream:75 - [STDERR_REDIRECT] [Fatal Error] :1:1: Premature end of file.
2026-05-09 10:49:53,815 [ERROR] LogOutputStream:75 - [STDERR_REDIRECT] 
2026-05-09 10:49:54,817 [ERROR] LogOutputStream:75 - [STDERR_REDIRECT] [Fatal Error] :1:1: Premature end of file.
2026-05-09 10:49:54,817 [ERROR] LogOutputStream:75 - [STDERR_REDIRECT] 
2026-05-09 10:49:55,819 [ERROR] LogOutputStream:75 - [STDERR_REDIRECT] [Fatal Error] :1:1: Premature end of file.
2026-05-09 10:49:55,819 [ERROR] LogOutputStream:75 - [STDERR_REDIRECT] 
2026-05-09 10:49:56,816 [ERROR] LogOutputStream:75 - [STDERR_REDIRECT] [Fatal Error] :1:1: Premature end of file.
2026-05-09 10:49:56,816 [ERROR] LogOutputStream:75 - [STDERR_REDIRECT] 
2026-05-09 10:49:57,801 [ERROR] LogOutputStream:75 - [STDERR_REDIRECT] [Fatal Error] :1:1: Premature end of file.
2026-05-09 10:49:57,801 [ERROR] LogOutputStream:75 - [STDERR_REDIRECT] 
2026-05-09 10:49:58,260 [INFO] LoadUrlFilesThread:156 - End of LoadUrlFiles Thread
2026-05-09 10:49:58,803 [ERROR] LogOutputStream:75 - [STDERR_REDIRECT] [Fatal Error] :1:1: Premature end of file.
2026-05-09 10:49:58,803 [ERROR] LogOutputStream:75 - [STDERR_REDIRECT] 
2026-05-09 10:49:59,686 [INFO] DbMcusAds:53 - JSON generation date=Mon Apr 27 09:14:29 CET 2026 (1777277669577)
2026-05-09 10:49:59,692 [INFO] ApiDb:448 - Save user favorites file C:\Users\salem/.stm32cubeide/favorites.mcus.txt: 0 item(s)
2026-05-09 10:49:59,693 [INFO] ApiDb:452 - User favorites MCUs=[]
2026-05-09 10:49:59,696 [INFO] ApiDb:581 - Connected to CubeFinder SQLite database (C:\Users\salem\.stmcufinder\plugins\mcufinder\mcu\cube-finder-db.db)
2026-05-09 10:49:59,782 [INFO] ApiDb:668 - CubeFinder database Data Model version=2.1
2026-05-09 10:49:59,782 [INFO] ApiDb:669 - CubeFinder database Configuration version=3.0.42
2026-05-09 10:49:59,782 [INFO] ApiDb:670 - CubeFinder database generation date=2026-05-06 (1778060171)
2026-05-09 10:49:59,782 [INFO] ApiDb:671 - CubeFinder database FW Pack versions=[FP-ATR-ASTRA1_V2.0.0, FP-SNS-FLIGHT1_V5.1.0, FP-SNS-MOTENV1_V5.1.0, FP-SNS-MOTENVWB1_V1.5.0, FP-SNS-SMARTAG2_V1.2.0, FP-SNS-STBOX1_V2.1.0, STM32Cube_FW_C0_V1.4.0, STM32Cube_FW_F4_V1.28.3, STM32Cube_FW_F7_V1.17.4, STM32Cube_FW_G0_V1.6.3, STM32Cube_FW_G4_V1.6.2, STM32Cube_FW_H5_V1.6.0, STM32Cube_FW_H7RS_V1.3.0, STM32Cube_FW_H7_V1.13.0, STM32Cube_FW_L0_V1.12.2, STM32Cube_FW_L4_V1.18.2, STM32Cube_FW_L5_V1.6.0, STM32Cube_FW_N6_V1.3.0, STM32Cube_FW_U0_V1.3.0, STM32Cube_FW_U3_V1.3.0, STM32Cube_FW_U5_V1.8.0, STM32Cube_FW_WB0_V1.4.0, STM32Cube_FW_WBA_V1.9.0, STM32Cube_FW_WB_V1.24.0, STM32Cube_FW_WL3_V1.4.0, STM32Cube_FW_WL_V1.5.0, X-CUBE-ALGOBUILD_V1.4.0, X-CUBE-ALS_V1.0.2, X-CUBE-AZRTOS-F4_V1.1.0, X-CUBE-AZRTOS-F7_V1.1.0, X-CUBE-AZRTOS-G0_V1.1.0, X-CUBE-AZRTOS-G4_V2.0.0, X-CUBE-AZRTOS-H7RS_V1.1.0, X-CUBE-AZRTOS-H7_V3.5.0, X-CUBE-AZRTOS-L4_V2.0.0, X-CUBE-AZRTOS-L5_V2.0.0, X-CUBE-AZRTOS-WB_V2.0.0, X-CUBE-AZRTOS-WL_V2.0.0, X-CUBE-BLE1_V7.1.0, X-CUBE-BLE2_V3.3.0, X-CUBE-BLEMGR_V4.1.0, X-CUBE-EEPRMA1_V5.2.0, X-CUBE-FREERTOS_V1.5.0, X-CUBE-GNSS1_V6.0.0, X-CUBE-MEMS1_V12.0.0, X-CUBE-NFC4_V3.0.0, X-CUBE-NFC7_V2.0.0, X-CUBE-SFXS2LP1_V4.0.0, X-CUBE-ST67W61_V1.2.0, X-CUBE-SUBG2_V5.0.0, X-CUBE-TOF1_V3.4.3]
2026-05-09 10:49:59,802 [ERROR] LogOutputStream:75 - [STDERR_REDIRECT] [Fatal Error] :1:1: Premature end of file.
2026-05-09 10:49:59,802 [ERROR] LogOutputStream:75 - [STDERR_REDIRECT] 
2026-05-09 10:50:00,810 [ERROR] LogOutputStream:75 - [STDERR_REDIRECT] [Fatal Error] :1:1: Premature end of file.
2026-05-09 10:50:00,810 [ERROR] LogOutputStream:75 - [STDERR_REDIRECT] 
2026-05-09 10:50:01,803 [ERROR] LogOutputStream:75 - [STDERR_REDIRECT] [Fatal Error] :1:1: Premature end of file.
2026-05-09 10:50:01,804 [ERROR] LogOutputStream:75 - [STDERR_REDIRECT] 
2026-05-09 10:50:02,357 [INFO] ApiDb:240 - Found 895 in-development CPN: [B-G473E-ZEST1S, B-WB1M-WPAN1, B-WBA5M-WPAN, B-WL5M-SUBG1, NUCLEO-C031C6, NUCLEO-C051C8, NUCLEO-C071RB, NUCLEO-C092RC, NUCLEO-H503RB, NUCLEO-H533RE, NUCLEO-H563ZI, NUCLEO-H7S3L8, NUCLEO-N657X0-Q, NUCLEO-U031R8, NUCLEO-U083RC, NUCLEO-U385RG-Q, NUCLEO-U545RE-Q, NUCLEO-U5A5ZJ-Q, NUCLEO-WB05KZ, NUCLEO-WB07CC, NUCLEO-WB09KE, NUCLEO-WBA52CG, NUCLEO-WBA55CG, NUCLEO-WBA65RI, NUCLEO-WL33CC1, NUCLEO-WL33CC2, STEVAL-PROTEUS1, STEVAL-SMARTAG2, STEVAL-STWINBX1, STM320518-EVAL, STM32C0116-DK, STM32C011D6Y3TR, STM32C011D6Y6TR, STM32C011F4P3, STM32C011F4P6, STM32C011F4U3, STM32C011F4U6TR, STM32C011F6P3, STM32C011F6P6, STM32C011F6U3, STM32C011F6U6TR, STM32C011J4M3, STM32C011J4M6, STM32C011J6M3, STM32C011J6M6, STM32C0316-DK, STM32C031C4T3, STM32C031C4T6, STM32C031C4U3, STM32C031C4U6, STM32C031C6T3, STM32C031C6T6, STM32C031C6U3, STM32C031C6U6, STM32C031F4P3, STM32C031F4P6, STM32C031F6P3, STM32C031F6P6, STM32C031G4U3, STM32C031G4U6, STM32C031G6U3, STM32C031G6U6, STM32C031K4T3, STM32C031K4T6, STM32C031K4U3, STM32C031K4U6, STM32C031K6T3, STM32C031K6T6, STM32C031K6U3, STM32C031K6U6, STM32C051C6T6, STM32C051C6U6, STM32C051C8T6, STM32C051C8U6, STM32C051D8Y6TR, STM32C051F6P6, STM32C051F8P6, STM32C051G6U6, STM32C051G8U6, STM32C051K6T6, STM32C051K6U6, STM32C051K8T6, STM32C071C8T6, STM32C071C8T6N, STM32C071C8U6, STM32C071C8U6N, STM32C071CBT6, STM32C071CBT6N, STM32C071CBU6, STM32C071CBU6N, STM32C071F8P6, STM32C071F8P6N, STM32C071FBP6, STM32C071FBP6N, STM32C071FBY6TR, STM32C071G8U6, STM32C071G8U6N, STM32C071GBU6, STM32C071GBU6N, STM32C071K8T6, STM32C071K8T6N, STM32C071K8U6, STM32C071K8U6N, STM32C071KBT6, STM32C071KBT6N, STM32C071KBU6, STM32C071KBU6N, STM32C071R8T6, STM32C071R8T6N, STM32C071RBI6N, STM32C071RBT6, STM32C071RBT6N, STM32C091CBT6, STM32C091CBU6, STM32C091CCT6, STM32C091CCU6, STM32C091ECY6TR, STM32C091FBP6, STM32C091FCP6, STM32C091GBU6, STM32C091GCU6, STM32C091KBT6, STM32C091KBU6, STM32C091KCT6, STM32C091KCU6, STM32C091RBT6, STM32C091RCI6, STM32C091RCT6, STM32C092CBT6, STM32C092CBU6, STM32C092CCT6, STM32C092CCU6, STM32C092ECY6TR, STM32C092FBP6, STM32C092FCP6, STM32C092GBU6, STM32C092GCU6, STM32C092KBT6, STM32C092KBU6, STM32C092KCT6, STM32C092KCU6, STM32C092RBT6, STM32C092RCI6, STM32C092RCT6, STM32G071K8TXN, STM32G071K8UXN, STM32G081GBU6N, STM32G081KBT6N, STM32G081KBUXN, STM32G0B1CCT6N, STM32G0B1KCT6, STM32G0B1NEY6TR, STM32G0B1RCT6N, STM32G0C1CCT6, STM32G0C1CCT6N, STM32G0C1CCU6N, STM32G0C1CET6N, STM32G0C1CEU6N, STM32G0C1KCT6, STM32G0C1NEY6TR, STM32G0C1RCI6N, STM32G0C1RCT6N, STM32G0C1REI6N, STM32G0C1RET6N, STM32G0C1VCI6, STM32G0C1VEI6, STM32G411C6T3, STM32G411C6T6, STM32G411C6U3, STM32G411C6U6, STM32G411C8T3, STM32G411C8T6, STM32G411C8U3, STM32G411C8U6, STM32G411CBT3, STM32G411CBT6, STM32G411CBU3, STM32G411CBU6, STM32G411CCT3, STM32G411CCT6, STM32G411CCU3, STM32G411CCU6, STM32G411K6T3, STM32G411K6T6, STM32G411K6U3, STM32G411K6U6, STM32G411K8T3, STM32G411K8T6, STM32G411K8U3, STM32G411K8U6, STM32G411KBT3, STM32G411KBT6, STM32G411KBU3, STM32G411KBU6, STM32G411M6T3, STM32G411M6T6, STM32G411M8T3, STM32G411M8T6, STM32G411MBT3, STM32G411MBT6, STM32G411MCT3, STM32G411MCT6, STM32G411R6T3, STM32G411R6T6, STM32G411R8T3, STM32G411R8T6, STM32G411RBT3, STM32G411RBT6, STM32G411RCT3, STM32G411RCT6, STM32G414CBT3, STM32G414CBT6, STM32G414CBU3, STM32G414CBU6, STM32G414CCT3, STM32G414CCT6, STM32G414CCU3, STM32G414CCU6, STM32G414MBT3, STM32G414MBT6, STM32G414MCT3, STM32G414MCT6, STM32G414RBT3, STM32G414RBT6, STM32G414RCT3, STM32G414RCT6, STM32G414VBT3, STM32G414VBT6, STM32G414VCT3, STM32G414VCT6, STM32G431CBT3Z, STM32G431RBT3Z, STM32G471CCT6, STM32G471CCU6, STM32G471CET3, STM32G471CET6, STM32G471CEU3, STM32G471CEU6, STM32G471MCT6, STM32G471MET3, STM32G471MET6, STM32G471MEY6TR, STM32G471QCT6, STM32G471QET3, STM32G471RCT6, STM32G471RET3, STM32G471RET6, STM32G471VCH6, STM32G471VCI6, STM32G471VCT6, STM32G471VEH3, STM32G471VEH6, STM32G471VEI3, STM32G471VEI6, STM32G471VET3, STM32G471VET6, STM32G473QET3Z, STM32G473RET3Z, STM32G474CCT6, STM32G491RET3Z, STM32H503CBT6, STM32H503CBU6, STM32H503EBY6TR, STM32H503KBU6, STM32H503RBT6, STM32H523CCT6, STM32H523CCU6, STM32H523CET6, STM32H523CEU6, STM32H523HEY6TR, STM32H523RCT6, STM32H523RET6, STM32H523VCI6, STM32H523VCT6, STM32H523VEI6, STM32H523VET6, STM32H523ZCJ6, STM32H523ZCT6, STM32H523ZEJ6, STM32H523ZET6, STM32H533CET6, STM32H533CEU6, STM32H533HEY6TR, STM32H533RET6, STM32H533VEI6, STM32H533VET6, STM32H533ZEJ6, STM32H533ZET6, STM32H562AGI6, STM32H562AII6, STM32H562IGK6, STM32H562IGT6, STM32H562IIK6, STM32H562IIT6, STM32H562RGT6, STM32H562RGV6, STM32H562RIT6, STM32H562RIV6, STM32H562VGT6, STM32H562VIT6, STM32H562ZGT6, STM32H562ZIT6, STM32H563AGI6, STM32H563AII3Q, STM32H563AII6, STM32H563IGK6, STM32H563IGT6, STM32H563IIK3Q, STM32H563IIK6, STM32H563IIT3Q, STM32H563IIT6, STM32H563MIY3QTR, STM32H563RGT6, STM32H563RGV6, STM32H563RIT6, STM32H563RIV6, STM32H563VGT6, STM32H563VIT3Q, STM32H563VIT6, STM32H563ZGT6, STM32H563ZIT3Q, STM32H563ZIT6, STM32H573AII3Q, STM32H573AII6, STM32H573I-DK, STM32H573IIK3Q, STM32H573IIK6, STM32H573IIT3Q, STM32H573IIT6, STM32H573MIY3QTR, STM32H573RIT6, STM32H573RIV6, STM32H573VIT3Q, STM32H573VIT6, STM32H573ZIT3Q, STM32H573ZIT6, STM32H7R3A8I6, STM32H7R3I8K6, STM32H7R3I8T6, STM32H7R3L8H6, STM32H7R3L8H6H, STM32H7R3R8V6, STM32H7R3V8H6, STM32H7R3V8T6, STM32H7R3V8Y6TR, STM32H7R3Z8J6, STM32H7R3Z8T6, STM32H7R7A8I6, STM32H7R7I8K6, STM32H7R7I8T6, STM32H7R7L8H6, STM32H7R7L8H6H, STM32H7R7Z8J6, STM32H7S3A8I6, STM32H7S3I8K6, STM32H7S3I8T6, STM32H7S3L8H6, STM32H7S3L8H6H, STM32H7S3R8V6, STM32H7S3V8H6, STM32H7S3V8T6, STM32H7S3V8Y6TR, STM32H7S3Z8J6, STM32H7S3Z8T6, STM32H7S78-DK, STM32H7S7A8I6, STM32H7S7I8K6, STM32H7S7I8T6, STM32H7S7L8H6, STM32H7S7L8H6H, STM32H7S7Z8J6, STM32L4R5QGI6STR, STM32MP131AAE3, STM32MP131AAF3, STM32MP131AAG3, STM32MP131CAE3, STM32MP131CAF3, STM32MP131CAG3, STM32MP131DAE7, STM32MP131DAF7, STM32MP131DAG7, STM32MP131FAE7, STM32MP131FAF7, STM32MP131FAG7, STM32MP133AAE3, STM32MP133AAF3, STM32MP133AAG3, STM32MP133CAE3, STM32MP133CAF3, STM32MP133CAG3, STM32MP133DAE7, STM32MP133DAF7, STM32MP133DAG7, STM32MP133FAE7, STM32MP133FAF7, STM32MP133FAG7, STM32MP135AAE3, STM32MP135AAF3, STM32MP135AAG3, STM32MP135CAE3, STM32MP135CAF3, STM32MP135CAG3, STM32MP135DAE7, STM32MP135DAF7, STM32MP135DAG7, STM32MP135F-DK, STM32MP135FAE7, STM32MP135FAF7, STM32MP135FAF7T, STM32MP135FAF7U, STM32MP135FAG7, STM32MP231AAJ3, STM32MP231AAK3, STM32MP231AAL3, STM32MP231CAJ3, STM32MP231CAK3, STM32MP231CAL3, STM32MP231DAJ3, STM32MP231DAK3, STM32MP231DAL3, STM32MP231FAJ3, STM32MP231FAK3, STM32MP231FAL3, STM32MP233AAJ3, STM32MP233AAK3, STM32MP233AAL3, STM32MP233CAJ3, STM32MP233CAK3, STM32MP233CAL3, STM32MP233DAJ3, STM32MP233DAK3, STM32MP233DAL3, STM32MP233FAJ3, STM32MP233FAK3, STM32MP233FAL3, STM32MP235AAJ3, STM32MP235AAK3, STM32MP235AAL3, STM32MP235CAJ3, STM32MP235CAK3, STM32MP235CAL3, STM32MP235DAJ3, STM32MP235DAK3, STM32MP235DAL3, STM32MP235FAJ3, STM32MP235FAK3, STM32MP235FAL3, STM32MP251AAI3, STM32MP251AAJ3, STM32MP251AAK3, STM32MP251AAL3, STM32MP251CAI3, STM32MP251CAJ3, STM32MP251CAK3, STM32MP251CAL3, STM32MP251DAI3, STM32MP251DAJ3, STM32MP251DAK3, STM32MP251DAL3, STM32MP251FAI3, STM32MP251FAJ3, STM32MP251FAK3, STM32MP251FAL3, STM32MP253AAI3, STM32MP253AAJ3, STM32MP253AAK3, STM32MP253AAL3, STM32MP253CAI3, STM32MP253CAJ3, STM32MP253CAK3, STM32MP253CAL3, STM32MP253DAI3, STM32MP253DAJ3, STM32MP253DAK3, STM32MP253DAL3, STM32MP253FAI3, STM32MP253FAJ3, STM32MP253FAK3, STM32MP253FAL3, STM32MP255AAI3, STM32MP255AAJ3, STM32MP255AAK3, STM32MP255AAL3, STM32MP255CAI3, STM32MP255CAJ3, STM32MP255CAK3, STM32MP255CAL3, STM32MP255DAI3, STM32MP255DAJ3, STM32MP255DAK3, STM32MP255DAL3, STM32MP255FAI3, STM32MP255FAJ3, STM32MP255FAK3, STM32MP255FAL3, STM32MP257AAI3, STM32MP257AAJ3, STM32MP257AAK3, STM32MP257AAL3, STM32MP257CAI3, STM32MP257CAJ3, STM32MP257CAK3, STM32MP257CAL3, STM32MP257DAI3, STM32MP257DAJ3, STM32MP257DAK3, STM32MP257DAL3, STM32MP257F-DK, STM32MP257F-EV1, STM32MP257FAI3, STM32MP257FAJ3, STM32MP257FAK3, STM32MP257FAL3, STM32N645A0H3Q, STM32N645B0H3Q, STM32N645I0H3Q, STM32N645L0H3Q, STM32N645X0H3Q, STM32N645Z0H3Q, STM32N647A0H3Q, STM32N647B0H3Q, STM32N647I0H3Q, STM32N647L0H3Q, STM32N647X0H3Q, STM32N647Z0H3Q, STM32N655A0H3Q, STM32N655B0H3Q, STM32N655I0H3Q, STM32N655L0H3Q, STM32N655X0H3Q, STM32N655Z0H3Q, STM32N6570-DK, STM32N657A0H3Q, STM32N657B0H3Q, STM32N657I0H3Q, STM32N657L0H3Q, STM32N657X0H3Q, STM32N657Z0H3Q, STM32U031C6T6, STM32U031C6U6, STM32U031C8T6, STM32U031C8U6, STM32U031F4P6, STM32U031F6P6, STM32U031F8P6, STM32U031G6Y6TR, STM32U031G8Y6TR, STM32U031K4U6, STM32U031K6U6, STM32U031K8U6, STM32U031R6I6, STM32U031R6T6, STM32U031R8I6, STM32U031R8T6, STM32U073C8T6, STM32U073C8U6, STM32U073CBT6, STM32U073CBU6, STM32U073CCT6, STM32U073CCU6, STM32U073H8Y6TR, STM32U073HBY6TR, STM32U073HCY6TR, STM32U073K8U6, STM32U073KBU6, STM32U073KCU6, STM32U073M8I6, STM32U073M8T6, STM32U073MBI6, STM32U073MBT6, STM32U073MCI6, STM32U073MCT6, STM32U073R8I6, STM32U073R8T6, STM32U073RBI6, STM32U073RBT6, STM32U073RCI6, STM32U073RCT6, STM32U083C-DK, STM32U083CCT6, STM32U083CCU6, STM32U083HCY6TR, STM32U083KCU6, STM32U083MCI6, STM32U083MCT6, STM32U083RCI6, STM32U083RCT6, STM32U375CET6, STM32U375CET6Q, STM32U375CEU6, STM32U375CEU6Q, STM32U375CEY6QTR, STM32U375CGT6, STM32U375CGT6Q, STM32U375CGU6, STM32U375CGU6Q, STM32U375CGY6QTR, STM32U375KEU6, STM32U375KGU6, STM32U375REI6, STM32U375REI6Q, STM32U375RET6, STM32U375RET6Q, STM32U375REY6GTR, STM32U375REY6QTR, STM32U375RGI6, STM32U375RGI6Q, STM32U375RGT6, STM32U375RGT6Q, STM32U375RGY6GTR, STM32U375RGY6QTR, STM32U375VEI6, STM32U375VEI6Q, STM32U375VET6, STM32U375VET6Q, STM32U375VGI6, STM32U375VGI6Q, STM32U375VGT6, STM32U375VGT6Q, STM32U385CGT6, STM32U385CGT6Q, STM32U385CGU6, STM32U385CGU6Q, STM32U385CGY6QTR, STM32U385KGU6, STM32U385RGI6, STM32U385RGI6Q, STM32U385RGT6, STM32U385RGT6Q, STM32U385RGY6GTR, STM32U385RGY6QTR, STM32U385VGI6, STM32U385VGI6Q, STM32U385VGT6, STM32U385VGT6Q, STM32U535CBT6, STM32U535CBT6Q, STM32U535CBU6, STM32U535CBU6Q, STM32U535CCT6, STM32U535CCT6Q, STM32U535CCU6, STM32U535CCU6Q, STM32U535CET6, STM32U535CET6Q, STM32U535CEU6, STM32U535CEU6Q, STM32U535JEY6QTR, STM32U535NCY6QTR, STM32U535NEY6QTR, STM32U535RBI6, STM32U535RBI6Q, STM32U535RBT6, STM32U535RBT6Q, STM32U535RCI6, STM32U535RCI6Q, STM32U535RCT6, STM32U535RCT6Q, STM32U535REI6, STM32U535REI6Q, STM32U535RET6, STM32U535RET6Q, STM32U535VCI6, STM32U535VCI6Q, STM32U535VCT6, STM32U535VCT6Q, STM32U535VEI6, STM32U535VEI6Q, STM32U535VET6, STM32U535VET6Q, STM32U545CET6, STM32U545CET6Q, STM32U545CEU6, STM32U545CEU6Q, STM32U545JEY6QTR, STM32U545NEY6QTR, STM32U545REI6, STM32U545REI6Q, STM32U545RET6, STM32U545RET6Q, STM32U545VEI6, STM32U545VEI6Q, STM32U545VET6, STM32U545VET6Q, STM32U595AIH6, STM32U595AIH6Q, STM32U595AJH6, STM32U595AJH6Q, STM32U595QII6, STM32U595QII6Q, STM32U595QJI6, STM32U595QJI6Q, STM32U595RIT6, STM32U595RIT6Q, STM32U595RJT6, STM32U595RJT6Q, STM32U595VIT6, STM32U595VIT6Q, STM32U595VJT6, STM32U595VJT6Q, STM32U595ZIT6, STM32U595ZIT6Q, STM32U595ZIY6QTR, STM32U595ZJT6, STM32U595ZJT6Q, STM32U595ZJY6QTR, STM32U599BJY6QTR, STM32U599NIH6Q, STM32U599NJH6Q, STM32U599VIT6Q, STM32U599VJT6, STM32U599VJT6Q, STM32U599ZIT6Q, STM32U599ZIY6QTR, STM32U599ZJT6Q, STM32U599ZJY6QTR, STM32U5A5AJH6, STM32U5A5AJH6Q, STM32U5A5QII3Q , STM32U5A5QJI6, STM32U5A5QJI6Q, STM32U5A5RJT6, STM32U5A5RJT6Q, STM32U5A5VJT6, STM32U5A5VJT6Q, STM32U5A5ZJT6, STM32U5A5ZJT6Q, STM32U5A5ZJY6QTR, STM32U5A9BJY6QTR, STM32U5A9J-DK, STM32U5A9NJH6Q, STM32U5A9VJT6Q, STM32U5A9ZJT6Q, STM32U5A9ZJY6QTR, STM32U5F7VIT6, STM32U5F7VIT6Q, STM32U5F7VJT6, STM32U5F7VJT6Q, STM32U5F9BJY6QTR, STM32U5F9NJH6Q, STM32U5F9VIT6Q, STM32U5F9VJT6Q, STM32U5F9ZIJ6QTR, STM32U5F9ZIT6Q, STM32U5F9ZJJ6QTR, STM32U5F9ZJT6Q, STM32U5G7VJT6, STM32U5G7VJT6Q, STM32U5G9BJY6QTR, STM32U5G9J-DK1, STM32U5G9J-DK2, STM32U5G9NJH6Q, STM32U5G9VJT6Q, STM32U5G9ZJJ6QTR, STM32U5G9ZJT6Q, STM32WB05KZV6TR, STM32WB05KZV7TR, STM32WB05TZF6TR, STM32WB05TZF7TR, STM32WB06CCF6TR, STM32WB06CCF7TR, STM32WB06CCV6TR, STM32WB06CCV7TR, STM32WB06KCV6TR, STM32WB06KCV7TR, STM32WB07CCF6TR, STM32WB07CCF7TR, STM32WB07CCV6TR, STM32WB07CCV7TR, STM32WB07KCV6TR, STM32WB07KCV7TR, STM32WB09KEV6TR, STM32WB09KEV7TR, STM32WB09TEF6TR, STM32WB09TEF7TR, STM32WB1MMCH6, STM32WBA50KGU6, STM32WBA50KGU6TR, STM32WBA52CEU6, STM32WBA52CEU6TR, STM32WBA52CEU7, STM32WBA52CEU7TR, STM32WBA52CGU6, STM32WBA52CGU6TR, STM32WBA52CGU6U, STM32WBA52CGU7, STM32WBA52CGU7TR, STM32WBA52KEU6, STM32WBA52KEU6TR, STM32WBA52KGU6, STM32WBA52KGU6TR, STM32WBA54CEU6, STM32WBA54CEU6TR, STM32WBA54CEU7, STM32WBA54CEU7TR, STM32WBA54CGU6, STM32WBA54CGU6TR, STM32WBA54CGU7, STM32WBA54CGU7TR, STM32WBA54KEU6, STM32WBA54KEU6TR, STM32WBA54KEU7, STM32WBA54KEU7TR, STM32WBA54KGU6, STM32WBA54KGU6TR, STM32WBA54KGU7, STM32WBA54KGU7TR, STM32WBA55CEU6, STM32WBA55CEU6TR, STM32WBA55CEU7, STM32WBA55CEU7TR, STM32WBA55CGU6, STM32WBA55CGU6TR, STM32WBA55CGU6U, STM32WBA55CGU7, STM32WBA55CGU7TR, STM32WBA55G-DK1, STM32WBA55HEF6, STM32WBA55HEF7, STM32WBA55HGF6, STM32WBA55HGF7, STM32WBA55UEI6, STM32WBA55UEI6TR, STM32WBA55UEI7, STM32WBA55UEI7TR, STM32WBA55UGI6, STM32WBA55UGI6TR, STM32WBA55UGI7, STM32WBA55UGI7TR, STM32WBA5MJGH6TR, STM32WBA62CGU6, STM32WBA62CIU6, STM32WBA62MGF6, STM32WBA62MIF6, STM32WBA62PGI6, STM32WBA62PII6, STM32WBA63CGU6, STM32WBA63CGU7, STM32WBA63CIU6, STM32WBA63CIU7, STM32WBA64CGU6, STM32WBA64CGU7, STM32WBA64CIU6, STM32WBA64CIU7, STM32WBA65CGU6, STM32WBA65CGU7, STM32WBA65CIU6, STM32WBA65CIU7, STM32WBA65I-DK1, STM32WBA65MGF6, STM32WBA65MGF7, STM32WBA65MIF6, STM32WBA65MIF7, STM32WBA65PGI6, STM32WBA65PGI7, STM32WBA65PII6, STM32WBA65PII7, STM32WBA65RGV6, STM32WBA65RGV7, STM32WBA65RIV6, STM32WBA65RIV7, STM32WL30K8V6, STM32WL30KBV6, STM32WL31C8V6, STM32WL31CBV6, STM32WL31K8V6, STM32WL31KBV6, STM32WL33C8V6, STM32WL33C8V6TR, STM32WL33C8V7, STM32WL33C8V7TR, STM32WL33CBV6, STM32WL33CBV6TR, STM32WL33CBV7, STM32WL33CBV7TR, STM32WL33CCV6, STM32WL33CCV6TR, STM32WL33CCV7, STM32WL33CCV7A, STM32WL33CCV7ATR, STM32WL33CCV7TR, STM32WL33K8V6, STM32WL33K8V6TR, STM32WL33K8V7, STM32WL33K8V7TR, STM32WL33KBV6, STM32WL33KBV6TR, STM32WL33KBV7, STM32WL33KBV7TR, STM32WL33KCV6, STM32WL33KCV6TR, STM32WL33KCV7, STM32WL33KCV7TR, STM32WL5MOCH6, STM32WL5MOCH6TR]
2026-05-09 10:50:02,364 [INFO] DbMcus:218 - Found 5082 MCUs, 4964 are supported
2026-05-09 10:50:02,364 [INFO] ApiDb:423 - Load user favorites file C:\Users\salem/.stm32cubeide/favorites.mcus.txt: 0 item(s)
2026-05-09 10:50:02,364 [INFO] ApiDb:427 - User favorites MCUs=[]
2026-05-09 10:50:02,364 [INFO] DbMcus:224 - Set 0 / 0 favorites MCUs
2026-05-09 10:50:02,802 [ERROR] LogOutputStream:75 - [STDERR_REDIRECT] [Fatal Error] :1:1: Premature end of file.
2026-05-09 10:50:02,803 [ERROR] LogOutputStream:75 - [STDERR_REDIRECT] 
2026-05-09 10:50:02,929 [INFO] ApiDb:448 - Save user favorites file C:\Users\salem/.stm32cubeide/favorites.boards.txt: 0 item(s)
2026-05-09 10:50:02,929 [INFO] ApiDb:452 - User favorites Boards=[]
2026-05-09 10:50:02,931 [INFO] ApiDb:581 - Connected to CubeFinder SQLite database (C:\Users\salem\.stmcufinder\plugins\mcufinder\mcu\cube-finder-db.db)
2026-05-09 10:50:02,992 [INFO] ApiDb:668 - CubeFinder database Data Model version=2.1
2026-05-09 10:50:02,992 [INFO] ApiDb:669 - CubeFinder database Configuration version=3.0.42
2026-05-09 10:50:02,992 [INFO] ApiDb:670 - CubeFinder database generation date=2026-05-06 (1778060171)
2026-05-09 10:50:02,992 [INFO] ApiDb:671 - CubeFinder database FW Pack versions=[FP-ATR-ASTRA1_V2.0.0, FP-SNS-FLIGHT1_V5.1.0, FP-SNS-MOTENV1_V5.1.0, FP-SNS-MOTENVWB1_V1.5.0, FP-SNS-SMARTAG2_V1.2.0, FP-SNS-STBOX1_V2.1.0, STM32Cube_FW_C0_V1.4.0, STM32Cube_FW_F4_V1.28.3, STM32Cube_FW_F7_V1.17.4, STM32Cube_FW_G0_V1.6.3, STM32Cube_FW_G4_V1.6.2, STM32Cube_FW_H5_V1.6.0, STM32Cube_FW_H7RS_V1.3.0, STM32Cube_FW_H7_V1.13.0, STM32Cube_FW_L0_V1.12.2, STM32Cube_FW_L4_V1.18.2, STM32Cube_FW_L5_V1.6.0, STM32Cube_FW_N6_V1.3.0, STM32Cube_FW_U0_V1.3.0, STM32Cube_FW_U3_V1.3.0, STM32Cube_FW_U5_V1.8.0, STM32Cube_FW_WB0_V1.4.0, STM32Cube_FW_WBA_V1.9.0, STM32Cube_FW_WB_V1.24.0, STM32Cube_FW_WL3_V1.4.0, STM32Cube_FW_WL_V1.5.0, X-CUBE-ALGOBUILD_V1.4.0, X-CUBE-ALS_V1.0.2, X-CUBE-AZRTOS-F4_V1.1.0, X-CUBE-AZRTOS-F7_V1.1.0, X-CUBE-AZRTOS-G0_V1.1.0, X-CUBE-AZRTOS-G4_V2.0.0, X-CUBE-AZRTOS-H7RS_V1.1.0, X-CUBE-AZRTOS-H7_V3.5.0, X-CUBE-AZRTOS-L4_V2.0.0, X-CUBE-AZRTOS-L5_V2.0.0, X-CUBE-AZRTOS-WB_V2.0.0, X-CUBE-AZRTOS-WL_V2.0.0, X-CUBE-BLE1_V7.1.0, X-CUBE-BLE2_V3.3.0, X-CUBE-BLEMGR_V4.1.0, X-CUBE-EEPRMA1_V5.2.0, X-CUBE-FREERTOS_V1.5.0, X-CUBE-GNSS1_V6.0.0, X-CUBE-MEMS1_V12.0.0, X-CUBE-NFC4_V3.0.0, X-CUBE-NFC7_V2.0.0, X-CUBE-SFXS2LP1_V4.0.0, X-CUBE-ST67W61_V1.2.0, X-CUBE-SUBG2_V5.0.0, X-CUBE-TOF1_V3.4.3]
2026-05-09 10:50:03,033 [INFO] DbBoardsSqlite:226 - include board P-NUCLEO-WB55-NUCLEO as a kit item of type 'Nucleo-64'
2026-05-09 10:50:03,034 [INFO] DbBoardsSqlite:226 - include board P-NUCLEO-WB55-USBDONGLE as a kit item of type 'Nucleo USB Dongle'
2026-05-09 10:50:03,034 [INFO] DbBoardsSqlite:226 - include board STEVAL-IDP005V1 as a kit item of type 'Evaluation Board'
2026-05-09 10:50:03,035 [INFO] DbBoardsSqlite:226 - include board STEVAL-IDP005V2 as a kit item of type 'Evaluation Board'
2026-05-09 10:50:03,104 [INFO] ApiDb:240 - Found 895 in-development CPN: [B-G473E-ZEST1S, B-WB1M-WPAN1, B-WBA5M-WPAN, B-WL5M-SUBG1, NUCLEO-C031C6, NUCLEO-C051C8, NUCLEO-C071RB, NUCLEO-C092RC, NUCLEO-H503RB, NUCLEO-H533RE, NUCLEO-H563ZI, NUCLEO-H7S3L8, NUCLEO-N657X0-Q, NUCLEO-U031R8, NUCLEO-U083RC, NUCLEO-U385RG-Q, NUCLEO-U545RE-Q, NUCLEO-U5A5ZJ-Q, NUCLEO-WB05KZ, NUCLEO-WB07CC, NUCLEO-WB09KE, NUCLEO-WBA52CG, NUCLEO-WBA55CG, NUCLEO-WBA65RI, NUCLEO-WL33CC1, NUCLEO-WL33CC2, STEVAL-PROTEUS1, STEVAL-SMARTAG2, STEVAL-STWINBX1, STM320518-EVAL, STM32C0116-DK, STM32C011D6Y3TR, STM32C011D6Y6TR, STM32C011F4P3, STM32C011F4P6, STM32C011F4U3, STM32C011F4U6TR, STM32C011F6P3, STM32C011F6P6, STM32C011F6U3, STM32C011F6U6TR, STM32C011J4M3, STM32C011J4M6, STM32C011J6M3, STM32C011J6M6, STM32C0316-DK, STM32C031C4T3, STM32C031C4T6, STM32C031C4U3, STM32C031C4U6, STM32C031C6T3, STM32C031C6T6, STM32C031C6U3, STM32C031C6U6, STM32C031F4P3, STM32C031F4P6, STM32C031F6P3, STM32C031F6P6, STM32C031G4U3, STM32C031G4U6, STM32C031G6U3, STM32C031G6U6, STM32C031K4T3, STM32C031K4T6, STM32C031K4U3, STM32C031K4U6, STM32C031K6T3, STM32C031K6T6, STM32C031K6U3, STM32C031K6U6, STM32C051C6T6, STM32C051C6U6, STM32C051C8T6, STM32C051C8U6, STM32C051D8Y6TR, STM32C051F6P6, STM32C051F8P6, STM32C051G6U6, STM32C051G8U6, STM32C051K6T6, STM32C051K6U6, STM32C051K8T6, STM32C071C8T6, STM32C071C8T6N, STM32C071C8U6, STM32C071C8U6N, STM32C071CBT6, STM32C071CBT6N, STM32C071CBU6, STM32C071CBU6N, STM32C071F8P6, STM32C071F8P6N, STM32C071FBP6, STM32C071FBP6N, STM32C071FBY6TR, STM32C071G8U6, STM32C071G8U6N, STM32C071GBU6, STM32C071GBU6N, STM32C071K8T6, STM32C071K8T6N, STM32C071K8U6, STM32C071K8U6N, STM32C071KBT6, STM32C071KBT6N, STM32C071KBU6, STM32C071KBU6N, STM32C071R8T6, STM32C071R8T6N, STM32C071RBI6N, STM32C071RBT6, STM32C071RBT6N, STM32C091CBT6, STM32C091CBU6, STM32C091CCT6, STM32C091CCU6, STM32C091ECY6TR, STM32C091FBP6, STM32C091FCP6, STM32C091GBU6, STM32C091GCU6, STM32C091KBT6, STM32C091KBU6, STM32C091KCT6, STM32C091KCU6, STM32C091RBT6, STM32C091RCI6, STM32C091RCT6, STM32C092CBT6, STM32C092CBU6, STM32C092CCT6, STM32C092CCU6, STM32C092ECY6TR, STM32C092FBP6, STM32C092FCP6, STM32C092GBU6, STM32C092GCU6, STM32C092KBT6, STM32C092KBU6, STM32C092KCT6, STM32C092KCU6, STM32C092RBT6, STM32C092RCI6, STM32C092RCT6, STM32G071K8TXN, STM32G071K8UXN, STM32G081GBU6N, STM32G081KBT6N, STM32G081KBUXN, STM32G0B1CCT6N, STM32G0B1KCT6, STM32G0B1NEY6TR, STM32G0B1RCT6N, STM32G0C1CCT6, STM32G0C1CCT6N, STM32G0C1CCU6N, STM32G0C1CET6N, STM32G0C1CEU6N, STM32G0C1KCT6, STM32G0C1NEY6TR, STM32G0C1RCI6N, STM32G0C1RCT6N, STM32G0C1REI6N, STM32G0C1RET6N, STM32G0C1VCI6, STM32G0C1VEI6, STM32G411C6T3, STM32G411C6T6, STM32G411C6U3, STM32G411C6U6, STM32G411C8T3, STM32G411C8T6, STM32G411C8U3, STM32G411C8U6, STM32G411CBT3, STM32G411CBT6, STM32G411CBU3, STM32G411CBU6, STM32G411CCT3, STM32G411CCT6, STM32G411CCU3, STM32G411CCU6, STM32G411K6T3, STM32G411K6T6, STM32G411K6U3, STM32G411K6U6, STM32G411K8T3, STM32G411K8T6, STM32G411K8U3, STM32G411K8U6, STM32G411KBT3, STM32G411KBT6, STM32G411KBU3, STM32G411KBU6, STM32G411M6T3, STM32G411M6T6, STM32G411M8T3, STM32G411M8T6, STM32G411MBT3, STM32G411MBT6, STM32G411MCT3, STM32G411MCT6, STM32G411R6T3, STM32G411R6T6, STM32G411R8T3, STM32G411R8T6, STM32G411RBT3, STM32G411RBT6, STM32G411RCT3, STM32G411RCT6, STM32G414CBT3, STM32G414CBT6, STM32G414CBU3, STM32G414CBU6, STM32G414CCT3, STM32G414CCT6, STM32G414CCU3, STM32G414CCU6, STM32G414MBT3, STM32G414MBT6, STM32G414MCT3, STM32G414MCT6, STM32G414RBT3, STM32G414RBT6, STM32G414RCT3, STM32G414RCT6, STM32G414VBT3, STM32G414VBT6, STM32G414VCT3, STM32G414VCT6, STM32G431CBT3Z, STM32G431RBT3Z, STM32G471CCT6, STM32G471CCU6, STM32G471CET3, STM32G471CET6, STM32G471CEU3, STM32G471CEU6, STM32G471MCT6, STM32G471MET3, STM32G471MET6, STM32G471MEY6TR, STM32G471QCT6, STM32G471QET3, STM32G471RCT6, STM32G471RET3, STM32G471RET6, STM32G471VCH6, STM32G471VCI6, STM32G471VCT6, STM32G471VEH3, STM32G471VEH6, STM32G471VEI3, STM32G471VEI6, STM32G471VET3, STM32G471VET6, STM32G473QET3Z, STM32G473RET3Z, STM32G474CCT6, STM32G491RET3Z, STM32H503CBT6, STM32H503CBU6, STM32H503EBY6TR, STM32H503KBU6, STM32H503RBT6, STM32H523CCT6, STM32H523CCU6, STM32H523CET6, STM32H523CEU6, STM32H523HEY6TR, STM32H523RCT6, STM32H523RET6, STM32H523VCI6, STM32H523VCT6, STM32H523VEI6, STM32H523VET6, STM32H523ZCJ6, STM32H523ZCT6, STM32H523ZEJ6, STM32H523ZET6, STM32H533CET6, STM32H533CEU6, STM32H533HEY6TR, STM32H533RET6, STM32H533VEI6, STM32H533VET6, STM32H533ZEJ6, STM32H533ZET6, STM32H562AGI6, STM32H562AII6, STM32H562IGK6, STM32H562IGT6, STM32H562IIK6, STM32H562IIT6, STM32H562RGT6, STM32H562RGV6, STM32H562RIT6, STM32H562RIV6, STM32H562VGT6, STM32H562VIT6, STM32H562ZGT6, STM32H562ZIT6, STM32H563AGI6, STM32H563AII3Q, STM32H563AII6, STM32H563IGK6, STM32H563IGT6, STM32H563IIK3Q, STM32H563IIK6, STM32H563IIT3Q, STM32H563IIT6, STM32H563MIY3QTR, STM32H563RGT6, STM32H563RGV6, STM32H563RIT6, STM32H563RIV6, STM32H563VGT6, STM32H563VIT3Q, STM32H563VIT6, STM32H563ZGT6, STM32H563ZIT3Q, STM32H563ZIT6, STM32H573AII3Q, STM32H573AII6, STM32H573I-DK, STM32H573IIK3Q, STM32H573IIK6, STM32H573IIT3Q, STM32H573IIT6, STM32H573MIY3QTR, STM32H573RIT6, STM32H573RIV6, STM32H573VIT3Q, STM32H573VIT6, STM32H573ZIT3Q, STM32H573ZIT6, STM32H7R3A8I6, STM32H7R3I8K6, STM32H7R3I8T6, STM32H7R3L8H6, STM32H7R3L8H6H, STM32H7R3R8V6, STM32H7R3V8H6, STM32H7R3V8T6, STM32H7R3V8Y6TR, STM32H7R3Z8J6, STM32H7R3Z8T6, STM32H7R7A8I6, STM32H7R7I8K6, STM32H7R7I8T6, STM32H7R7L8H6, STM32H7R7L8H6H, STM32H7R7Z8J6, STM32H7S3A8I6, STM32H7S3I8K6, STM32H7S3I8T6, STM32H7S3L8H6, STM32H7S3L8H6H, STM32H7S3R8V6, STM32H7S3V8H6, STM32H7S3V8T6, STM32H7S3V8Y6TR, STM32H7S3Z8J6, STM32H7S3Z8T6, STM32H7S78-DK, STM32H7S7A8I6, STM32H7S7I8K6, STM32H7S7I8T6, STM32H7S7L8H6, STM32H7S7L8H6H, STM32H7S7Z8J6, STM32L4R5QGI6STR, STM32MP131AAE3, STM32MP131AAF3, STM32MP131AAG3, STM32MP131CAE3, STM32MP131CAF3, STM32MP131CAG3, STM32MP131DAE7, STM32MP131DAF7, STM32MP131DAG7, STM32MP131FAE7, STM32MP131FAF7, STM32MP131FAG7, STM32MP133AAE3, STM32MP133AAF3, STM32MP133AAG3, STM32MP133CAE3, STM32MP133CAF3, STM32MP133CAG3, STM32MP133DAE7, STM32MP133DAF7, STM32MP133DAG7, STM32MP133FAE7, STM32MP133FAF7, STM32MP133FAG7, STM32MP135AAE3, STM32MP135AAF3, STM32MP135AAG3, STM32MP135CAE3, STM32MP135CAF3, STM32MP135CAG3, STM32MP135DAE7, STM32MP135DAF7, STM32MP135DAG7, STM32MP135F-DK, STM32MP135FAE7, STM32MP135FAF7, STM32MP135FAF7T, STM32MP135FAF7U, STM32MP135FAG7, STM32MP231AAJ3, STM32MP231AAK3, STM32MP231AAL3, STM32MP231CAJ3, STM32MP231CAK3, STM32MP231CAL3, STM32MP231DAJ3, STM32MP231DAK3, STM32MP231DAL3, STM32MP231FAJ3, STM32MP231FAK3, STM32MP231FAL3, STM32MP233AAJ3, STM32MP233AAK3, STM32MP233AAL3, STM32MP233CAJ3, STM32MP233CAK3, STM32MP233CAL3, STM32MP233DAJ3, STM32MP233DAK3, STM32MP233DAL3, STM32MP233FAJ3, STM32MP233FAK3, STM32MP233FAL3, STM32MP235AAJ3, STM32MP235AAK3, STM32MP235AAL3, STM32MP235CAJ3, STM32MP235CAK3, STM32MP235CAL3, STM32MP235DAJ3, STM32MP235DAK3, STM32MP235DAL3, STM32MP235FAJ3, STM32MP235FAK3, STM32MP235FAL3, STM32MP251AAI3, STM32MP251AAJ3, STM32MP251AAK3, STM32MP251AAL3, STM32MP251CAI3, STM32MP251CAJ3, STM32MP251CAK3, STM32MP251CAL3, STM32MP251DAI3, STM32MP251DAJ3, STM32MP251DAK3, STM32MP251DAL3, STM32MP251FAI3, STM32MP251FAJ3, STM32MP251FAK3, STM32MP251FAL3, STM32MP253AAI3, STM32MP253AAJ3, STM32MP253AAK3, STM32MP253AAL3, STM32MP253CAI3, STM32MP253CAJ3, STM32MP253CAK3, STM32MP253CAL3, STM32MP253DAI3, STM32MP253DAJ3, STM32MP253DAK3, STM32MP253DAL3, STM32MP253FAI3, STM32MP253FAJ3, STM32MP253FAK3, STM32MP253FAL3, STM32MP255AAI3, STM32MP255AAJ3, STM32MP255AAK3, STM32MP255AAL3, STM32MP255CAI3, STM32MP255CAJ3, STM32MP255CAK3, STM32MP255CAL3, STM32MP255DAI3, STM32MP255DAJ3, STM32MP255DAK3, STM32MP255DAL3, STM32MP255FAI3, STM32MP255FAJ3, STM32MP255FAK3, STM32MP255FAL3, STM32MP257AAI3, STM32MP257AAJ3, STM32MP257AAK3, STM32MP257AAL3, STM32MP257CAI3, STM32MP257CAJ3, STM32MP257CAK3, STM32MP257CAL3, STM32MP257DAI3, STM32MP257DAJ3, STM32MP257DAK3, STM32MP257DAL3, STM32MP257F-DK, STM32MP257F-EV1, STM32MP257FAI3, STM32MP257FAJ3, STM32MP257FAK3, STM32MP257FAL3, STM32N645A0H3Q, STM32N645B0H3Q, STM32N645I0H3Q, STM32N645L0H3Q, STM32N645X0H3Q, STM32N645Z0H3Q, STM32N647A0H3Q, STM32N647B0H3Q, STM32N647I0H3Q, STM32N647L0H3Q, STM32N647X0H3Q, STM32N647Z0H3Q, STM32N655A0H3Q, STM32N655B0H3Q, STM32N655I0H3Q, STM32N655L0H3Q, STM32N655X0H3Q, STM32N655Z0H3Q, STM32N6570-DK, STM32N657A0H3Q, STM32N657B0H3Q, STM32N657I0H3Q, STM32N657L0H3Q, STM32N657X0H3Q, STM32N657Z0H3Q, STM32U031C6T6, STM32U031C6U6, STM32U031C8T6, STM32U031C8U6, STM32U031F4P6, STM32U031F6P6, STM32U031F8P6, STM32U031G6Y6TR, STM32U031G8Y6TR, STM32U031K4U6, STM32U031K6U6, STM32U031K8U6, STM32U031R6I6, STM32U031R6T6, STM32U031R8I6, STM32U031R8T6, STM32U073C8T6, STM32U073C8U6, STM32U073CBT6, STM32U073CBU6, STM32U073CCT6, STM32U073CCU6, STM32U073H8Y6TR, STM32U073HBY6TR, STM32U073HCY6TR, STM32U073K8U6, STM32U073KBU6, STM32U073KCU6, STM32U073M8I6, STM32U073M8T6, STM32U073MBI6, STM32U073MBT6, STM32U073MCI6, STM32U073MCT6, STM32U073R8I6, STM32U073R8T6, STM32U073RBI6, STM32U073RBT6, STM32U073RCI6, STM32U073RCT6, STM32U083C-DK, STM32U083CCT6, STM32U083CCU6, STM32U083HCY6TR, STM32U083KCU6, STM32U083MCI6, STM32U083MCT6, STM32U083RCI6, STM32U083RCT6, STM32U375CET6, STM32U375CET6Q, STM32U375CEU6, STM32U375CEU6Q, STM32U375CEY6QTR, STM32U375CGT6, STM32U375CGT6Q, STM32U375CGU6, STM32U375CGU6Q, STM32U375CGY6QTR, STM32U375KEU6, STM32U375KGU6, STM32U375REI6, STM32U375REI6Q, STM32U375RET6, STM32U375RET6Q, STM32U375REY6GTR, STM32U375REY6QTR, STM32U375RGI6, STM32U375RGI6Q, STM32U375RGT6, STM32U375RGT6Q, STM32U375RGY6GTR, STM32U375RGY6QTR, STM32U375VEI6, STM32U375VEI6Q, STM32U375VET6, STM32U375VET6Q, STM32U375VGI6, STM32U375VGI6Q, STM32U375VGT6, STM32U375VGT6Q, STM32U385CGT6, STM32U385CGT6Q, STM32U385CGU6, STM32U385CGU6Q, STM32U385CGY6QTR, STM32U385KGU6, STM32U385RGI6, STM32U385RGI6Q, STM32U385RGT6, STM32U385RGT6Q, STM32U385RGY6GTR, STM32U385RGY6QTR, STM32U385VGI6, STM32U385VGI6Q, STM32U385VGT6, STM32U385VGT6Q, STM32U535CBT6, STM32U535CBT6Q, STM32U535CBU6, STM32U535CBU6Q, STM32U535CCT6, STM32U535CCT6Q, STM32U535CCU6, STM32U535CCU6Q, STM32U535CET6, STM32U535CET6Q, STM32U535CEU6, STM32U535CEU6Q, STM32U535JEY6QTR, STM32U535NCY6QTR, STM32U535NEY6QTR, STM32U535RBI6, STM32U535RBI6Q, STM32U535RBT6, STM32U535RBT6Q, STM32U535RCI6, STM32U535RCI6Q, STM32U535RCT6, STM32U535RCT6Q, STM32U535REI6, STM32U535REI6Q, STM32U535RET6, STM32U535RET6Q, STM32U535VCI6, STM32U535VCI6Q, STM32U535VCT6, STM32U535VCT6Q, STM32U535VEI6, STM32U535VEI6Q, STM32U535VET6, STM32U535VET6Q, STM32U545CET6, STM32U545CET6Q, STM32U545CEU6, STM32U545CEU6Q, STM32U545JEY6QTR, STM32U545NEY6QTR, STM32U545REI6, STM32U545REI6Q, STM32U545RET6, STM32U545RET6Q, STM32U545VEI6, STM32U545VEI6Q, STM32U545VET6, STM32U545VET6Q, STM32U595AIH6, STM32U595AIH6Q, STM32U595AJH6, STM32U595AJH6Q, STM32U595QII6, STM32U595QII6Q, STM32U595QJI6, STM32U595QJI6Q, STM32U595RIT6, STM32U595RIT6Q, STM32U595RJT6, STM32U595RJT6Q, STM32U595VIT6, STM32U595VIT6Q, STM32U595VJT6, STM32U595VJT6Q, STM32U595ZIT6, STM32U595ZIT6Q, STM32U595ZIY6QTR, STM32U595ZJT6, STM32U595ZJT6Q, STM32U595ZJY6QTR, STM32U599BJY6QTR, STM32U599NIH6Q, STM32U599NJH6Q, STM32U599VIT6Q, STM32U599VJT6, STM32U599VJT6Q, STM32U599ZIT6Q, STM32U599ZIY6QTR, STM32U599ZJT6Q, STM32U599ZJY6QTR, STM32U5A5AJH6, STM32U5A5AJH6Q, STM32U5A5QII3Q , STM32U5A5QJI6, STM32U5A5QJI6Q, STM32U5A5RJT6, STM32U5A5RJT6Q, STM32U5A5VJT6, STM32U5A5VJT6Q, STM32U5A5ZJT6, STM32U5A5ZJT6Q, STM32U5A5ZJY6QTR, STM32U5A9BJY6QTR, STM32U5A9J-DK, STM32U5A9NJH6Q, STM32U5A9VJT6Q, STM32U5A9ZJT6Q, STM32U5A9ZJY6QTR, STM32U5F7VIT6, STM32U5F7VIT6Q, STM32U5F7VJT6, STM32U5F7VJT6Q, STM32U5F9BJY6QTR, STM32U5F9NJH6Q, STM32U5F9VIT6Q, STM32U5F9VJT6Q, STM32U5F9ZIJ6QTR, STM32U5F9ZIT6Q, STM32U5F9ZJJ6QTR, STM32U5F9ZJT6Q, STM32U5G7VJT6, STM32U5G7VJT6Q, STM32U5G9BJY6QTR, STM32U5G9J-DK1, STM32U5G9J-DK2, STM32U5G9NJH6Q, STM32U5G9VJT6Q, STM32U5G9ZJJ6QTR, STM32U5G9ZJT6Q, STM32WB05KZV6TR, STM32WB05KZV7TR, STM32WB05TZF6TR, STM32WB05TZF7TR, STM32WB06CCF6TR, STM32WB06CCF7TR, STM32WB06CCV6TR, STM32WB06CCV7TR, STM32WB06KCV6TR, STM32WB06KCV7TR, STM32WB07CCF6TR, STM32WB07CCF7TR, STM32WB07CCV6TR, STM32WB07CCV7TR, STM32WB07KCV6TR, STM32WB07KCV7TR, STM32WB09KEV6TR, STM32WB09KEV7TR, STM32WB09TEF6TR, STM32WB09TEF7TR, STM32WB1MMCH6, STM32WBA50KGU6, STM32WBA50KGU6TR, STM32WBA52CEU6, STM32WBA52CEU6TR, STM32WBA52CEU7, STM32WBA52CEU7TR, STM32WBA52CGU6, STM32WBA52CGU6TR, STM32WBA52CGU6U, STM32WBA52CGU7, STM32WBA52CGU7TR, STM32WBA52KEU6, STM32WBA52KEU6TR, STM32WBA52KGU6, STM32WBA52KGU6TR, STM32WBA54CEU6, STM32WBA54CEU6TR, STM32WBA54CEU7, STM32WBA54CEU7TR, STM32WBA54CGU6, STM32WBA54CGU6TR, STM32WBA54CGU7, STM32WBA54CGU7TR, STM32WBA54KEU6, STM32WBA54KEU6TR, STM32WBA54KEU7, STM32WBA54KEU7TR, STM32WBA54KGU6, STM32WBA54KGU6TR, STM32WBA54KGU7, STM32WBA54KGU7TR, STM32WBA55CEU6, STM32WBA55CEU6TR, STM32WBA55CEU7, STM32WBA55CEU7TR, STM32WBA55CGU6, STM32WBA55CGU6TR, STM32WBA55CGU6U, STM32WBA55CGU7, STM32WBA55CGU7TR, STM32WBA55G-DK1, STM32WBA55HEF6, STM32WBA55HEF7, STM32WBA55HGF6, STM32WBA55HGF7, STM32WBA55UEI6, STM32WBA55UEI6TR, STM32WBA55UEI7, STM32WBA55UEI7TR, STM32WBA55UGI6, STM32WBA55UGI6TR, STM32WBA55UGI7, STM32WBA55UGI7TR, STM32WBA5MJGH6TR, STM32WBA62CGU6, STM32WBA62CIU6, STM32WBA62MGF6, STM32WBA62MIF6, STM32WBA62PGI6, STM32WBA62PII6, STM32WBA63CGU6, STM32WBA63CGU7, STM32WBA63CIU6, STM32WBA63CIU7, STM32WBA64CGU6, STM32WBA64CGU7, STM32WBA64CIU6, STM32WBA64CIU7, STM32WBA65CGU6, STM32WBA65CGU7, STM32WBA65CIU6, STM32WBA65CIU7, STM32WBA65I-DK1, STM32WBA65MGF6, STM32WBA65MGF7, STM32WBA65MIF6, STM32WBA65MIF7, STM32WBA65PGI6, STM32WBA65PGI7, STM32WBA65PII6, STM32WBA65PII7, STM32WBA65RGV6, STM32WBA65RGV7, STM32WBA65RIV6, STM32WBA65RIV7, STM32WL30K8V6, STM32WL30KBV6, STM32WL31C8V6, STM32WL31CBV6, STM32WL31K8V6, STM32WL31KBV6, STM32WL33C8V6, STM32WL33C8V6TR, STM32WL33C8V7, STM32WL33C8V7TR, STM32WL33CBV6, STM32WL33CBV6TR, STM32WL33CBV7, STM32WL33CBV7TR, STM32WL33CCV6, STM32WL33CCV6TR, STM32WL33CCV7, STM32WL33CCV7A, STM32WL33CCV7ATR, STM32WL33CCV7TR, STM32WL33K8V6, STM32WL33K8V6TR, STM32WL33K8V7, STM32WL33K8V7TR, STM32WL33KBV6, STM32WL33KBV6TR, STM32WL33KBV7, STM32WL33KBV7TR, STM32WL33KCV6, STM32WL33KCV6TR, STM32WL33KCV7, STM32WL33KCV7TR, STM32WL5MOCH6, STM32WL5MOCH6TR]
2026-05-09 10:50:03,213 [INFO] BoardInfo:889 - No configuration file found for board NUCLEO-H5E5ZJ
2026-05-09 10:50:03,214 [INFO] DbBoards:161 - Board is not supported: NUCLEO-H5E5ZJ
2026-05-09 10:50:03,272 [INFO] BoardInfo:889 - No configuration file found for board NUCLEO-U3C5ZI-Q
2026-05-09 10:50:03,273 [INFO] DbBoards:161 - Board is not supported: NUCLEO-U3C5ZI-Q
2026-05-09 10:50:03,289 [INFO] BoardInfo:889 - No configuration file found for board NUCLEO-WBA25CE1
2026-05-09 10:50:03,289 [INFO] DbBoards:161 - Board is not supported: NUCLEO-WBA25CE1
2026-05-09 10:50:03,298 [INFO] BoardInfo:889 - No configuration file found for board NUCLEO-WL3RKB1
2026-05-09 10:50:03,301 [INFO] DbBoards:161 - Board is not supported: NUCLEO-WL3RKB1
2026-05-09 10:50:03,301 [INFO] BoardInfo:889 - No configuration file found for board NUCLEO-WL3RKB2
2026-05-09 10:50:03,302 [INFO] DbBoards:161 - Board is not supported: NUCLEO-WL3RKB2
2026-05-09 10:50:03,316 [INFO] BoardInfo:889 - No configuration file found for board P-NUCLEO-WB55
2026-05-09 10:50:03,317 [INFO] DbBoards:161 - Kit is not supported: P-NUCLEO-WB55
2026-05-09 10:50:03,324 [INFO] BoardInfo:889 - No configuration file found for board STEVAL-BFA001V1B
2026-05-09 10:50:03,325 [INFO] DbBoards:161 - Kit is not supported: STEVAL-BFA001V1B
2026-05-09 10:50:03,326 [INFO] BoardInfo:889 - No configuration file found for board STEVAL-BFA001V2B
2026-05-09 10:50:03,327 [INFO] DbBoards:161 - Kit is not supported: STEVAL-BFA001V2B
2026-05-09 10:50:03,438 [INFO] BoardInfo:889 - No configuration file found for board STM32H5F5J-DK
2026-05-09 10:50:03,440 [INFO] DbBoards:161 - Board is not supported: STM32H5F5J-DK
2026-05-09 10:50:03,496 [INFO] BoardInfo:889 - No configuration file found for board STM32MP215F-DK
2026-05-09 10:50:03,497 [INFO] DbBoards:161 - Board is not supported: STM32MP215F-DK
2026-05-09 10:50:03,517 [INFO] DbBoards:168 - Found 218 boards, 208 are supported
2026-05-09 10:50:03,517 [INFO] DbBoards:169 - Found 218 boards, 43 of them is supported for  Bsp
2026-05-09 10:50:03,522 [INFO] ApiDb:423 - Load user favorites file C:\Users\salem/.stm32cubeide/favorites.boards.txt: 0 item(s)
2026-05-09 10:50:03,522 [INFO] ApiDb:427 - User favorites Boards=[]
2026-05-09 10:50:03,522 [INFO] DbBoards:198 - Set 0 / 0 favorites Boards
2026-05-09 10:50:03,546 [ERROR] TargetSelectorAdapter:267 - Unable to refresh data
2026-05-09 10:50:03,677 [INFO] McuFinderGlobals:76 - Set McuFinderConnectedMode to true
2026-05-09 10:50:03,684 [INFO] MultiScanPanel:200 - Auto-refresh data requested => check proxy status ongoing
2026-05-09 10:50:03,685 [INFO] FinderPluginLoader:95 - Searching for filters in installed packs
2026-05-09 10:50:03,797 [ERROR] LogOutputStream:75 - [STDERR_REDIRECT] [Fatal Error] :1:1: Premature end of file.
2026-05-09 10:50:03,798 [ERROR] LogOutputStream:75 - [STDERR_REDIRECT] 
2026-05-09 10:50:05,004 [ERROR] LogOutputStream:75 - [STDERR_REDIRECT] [Fatal Error] :1:1: Premature end of file.
2026-05-09 10:50:05,005 [ERROR] LogOutputStream:75 - [STDERR_REDIRECT] 
2026-05-09 10:50:05,745 [INFO] ServerAccessManage:473 - Download File 
2026-05-09 10:50:05,804 [ERROR] LogOutputStream:75 - [STDERR_REDIRECT] [Fatal Error] :1:1: Premature end of file.
2026-05-09 10:50:05,805 [ERROR] LogOutputStream:75 - [STDERR_REDIRECT] 
2026-05-09 10:50:05,843 [INFO] LoadUrlFilesThread:185 - End of LoadServerUrlFiles without Thread
2026-05-09 10:50:05,860 [INFO] DetailPanel:341 - Set advertising image to C:/Users/salem/STM32Cube/Repository/\en.prom-stm32wba2-stm32-nucleo-board-0426.png
2026-05-09 10:50:06,804 [ERROR] LogOutputStream:75 - [STDERR_REDIRECT] [Fatal Error] :1:1: Premature end of file.
2026-05-09 10:50:06,805 [ERROR] LogOutputStream:75 - [STDERR_REDIRECT] 
2026-05-09 10:50:07,871 [ERROR] LogOutputStream:75 - [STDERR_REDIRECT] [Fatal Error] :1:1: Premature end of file.
2026-05-09 10:50:07,871 [ERROR] LogOutputStream:75 - [STDERR_REDIRECT] 
2026-05-09 10:50:08,805 [ERROR] LogOutputStream:75 - [STDERR_REDIRECT] [Fatal Error] :1:1: Premature end of file.
2026-05-09 10:50:08,805 [ERROR] LogOutputStream:75 - [STDERR_REDIRECT] 
2026-05-09 10:50:09,805 [ERROR] LogOutputStream:75 - [STDERR_REDIRECT] [Fatal Error] :1:1: Premature end of file.
2026-05-09 10:50:09,805 [ERROR] LogOutputStream:75 - [STDERR_REDIRECT] 
2026-05-09 10:50:10,803 [ERROR] LogOutputStream:75 - [STDERR_REDIRECT] [Fatal Error] :1:1: Premature end of file.
2026-05-09 10:50:10,803 [ERROR] LogOutputStream:75 - [STDERR_REDIRECT] 
2026-05-09 10:50:11,796 [ERROR] LogOutputStream:75 - [STDERR_REDIRECT] [Fatal Error] :1:1: Premature end of file.
2026-05-09 10:50:11,796 [ERROR] LogOutputStream:75 - [STDERR_REDIRECT] 
2026-05-09 10:50:12,803 [ERROR] LogOutputStream:75 - [STDERR_REDIRECT] [Fatal Error] :1:1: Premature end of file.
2026-05-09 10:50:12,803 [ERROR] LogOutputStream:75 - [STDERR_REDIRECT] 
2026-05-09 10:50:13,797 [ERROR] LogOutputStream:75 - [STDERR_REDIRECT] [Fatal Error] :1:1: Premature end of file.
2026-05-09 10:50:13,797 [ERROR] LogOutputStream:75 - [STDERR_REDIRECT] 
2026-05-09 10:50:14,796 [ERROR] LogOutputStream:75 - [STDERR_REDIRECT] [Fatal Error] :1:1: Premature end of file.
2026-05-09 10:50:14,796 [ERROR] LogOutputStream:75 - [STDERR_REDIRECT] 
2026-05-09 10:50:15,797 [ERROR] LogOutputStream:75 - [STDERR_REDIRECT] [Fatal Error] :1:1: Premature end of file.
2026-05-09 10:50:15,797 [ERROR] LogOutputStream:75 - [STDERR_REDIRECT] 
2026-05-09 10:50:16,797 [ERROR] LogOutputStream:75 - [STDERR_REDIRECT] [Fatal Error] :1:1: Premature end of file.
2026-05-09 10:50:16,797 [ERROR] LogOutputStream:75 - [STDERR_REDIRECT] 
2026-05-09 10:50:17,795 [ERROR] LogOutputStream:75 - [STDERR_REDIRECT] [Fatal Error] :1:1: Premature end of file.
2026-05-09 10:50:17,795 [ERROR] LogOutputStream:75 - [STDERR_REDIRECT] 
2026-05-09 10:50:18,797 [ERROR] LogOutputStream:75 - [STDERR_REDIRECT] [Fatal Error] :1:1: Premature end of file.
2026-05-09 10:50:18,797 [ERROR] LogOutputStream:75 - [STDERR_REDIRECT] 
2026-05-09 10:50:19,794 [ERROR] LogOutputStream:75 - [STDERR_REDIRECT] [Fatal Error] :1:1: Premature end of file.
2026-05-09 10:50:19,795 [ERROR] LogOutputStream:75 - [STDERR_REDIRECT] 
2026-05-09 10:50:20,794 [ERROR] LogOutputStream:75 - [STDERR_REDIRECT] [Fatal Error] :1:1: Premature end of file.
2026-05-09 10:50:20,794 [ERROR] LogOutputStream:75 - [STDERR_REDIRECT] 
2026-05-09 10:50:21,796 [ERROR] LogOutputStream:75 - [STDERR_REDIRECT] [Fatal Error] :1:1: Premature end of file.
2026-05-09 10:50:21,796 [ERROR] LogOutputStream:75 - [STDERR_REDIRECT] 
2026-05-09 10:50:22,807 [ERROR] LogOutputStream:75 - [STDERR_REDIRECT] [Fatal Error] :1:1: Premature end of file.
2026-05-09 10:50:22,807 [ERROR] LogOutputStream:75 - [STDERR_REDIRECT] 
2026-05-09 10:50:23,816 [ERROR] LogOutputStream:75 - [STDERR_REDIRECT] [Fatal Error] :1:1: Premature end of file.
2026-05-09 10:50:23,816 [ERROR] LogOutputStream:75 - [STDERR_REDIRECT] 
2026-05-09 10:50:24,811 [ERROR] LogOutputStream:75 - [STDERR_REDIRECT] [Fatal Error] :1:1: Premature end of file.
2026-05-09 10:50:24,811 [ERROR] LogOutputStream:75 - [STDERR_REDIRECT] 
2026-05-09 10:50:25,805 [ERROR] LogOutputStream:75 - [STDERR_REDIRECT] [Fatal Error] :1:1: Premature end of file.
2026-05-09 10:50:25,805 [ERROR] LogOutputStream:75 - [STDERR_REDIRECT] 
2026-05-09 10:50:26,806 [ERROR] LogOutputStream:75 - [STDERR_REDIRECT] [Fatal Error] :1:1: Premature end of file.
2026-05-09 10:50:26,806 [ERROR] LogOutputStream:75 - [STDERR_REDIRECT] 
2026-05-09 10:50:27,811 [ERROR] LogOutputStream:75 - [STDERR_REDIRECT] [Fatal Error] :1:1: Premature end of file.
2026-05-09 10:50:27,811 [ERROR] LogOutputStream:75 - [STDERR_REDIRECT] 
2026-05-09 10:50:28,809 [ERROR] LogOutputStream:75 - [STDERR_REDIRECT] [Fatal Error] :1:1: Premature end of file.
2026-05-09 10:50:28,810 [ERROR] LogOutputStream:75 - [STDERR_REDIRECT] 
2026-05-09 10:50:29,805 [ERROR] LogOutputStream:75 - [STDERR_REDIRECT] [Fatal Error] :1:1: Premature end of file.
2026-05-09 10:50:29,805 [ERROR] LogOutputStream:75 - [STDERR_REDIRECT] 
2026-05-09 10:50:30,806 [ERROR] LogOutputStream:75 - [STDERR_REDIRECT] [Fatal Error] :1:1: Premature end of file.
2026-05-09 10:50:30,806 [ERROR] LogOutputStream:75 - [STDERR_REDIRECT] 
2026-05-09 10:50:31,814 [ERROR] LogOutputStream:75 - [STDERR_REDIRECT] [Fatal Error] :1:1: Premature end of file.
2026-05-09 10:50:31,814 [ERROR] LogOutputStream:75 - [STDERR_REDIRECT] 
2026-05-09 10:50:32,806 [ERROR] LogOutputStream:75 - [STDERR_REDIRECT] [Fatal Error] :1:1: Premature end of file.
2026-05-09 10:50:32,806 [ERROR] LogOutputStream:75 - [STDERR_REDIRECT] 
2026-05-09 10:50:33,801 [ERROR] LogOutputStream:75 - [STDERR_REDIRECT] [Fatal Error] :1:1: Premature end of file.
2026-05-09 10:50:33,802 [ERROR] LogOutputStream:75 - [STDERR_REDIRECT] 
2026-05-09 10:50:34,026 [INFO] MainUpdater:2872 - connection check result : 10
2026-05-09 10:50:34,026 [INFO] MainUpdater:2872 - connection check result : 10
2026-05-09 10:50:34,192 [INFO] MicroXplorer:468 - Change Database Path : 
2026-05-09 10:50:34,192 [INFO] MicroXplorer:498 - Change Database Version : DB.6.0.141
2026-05-09 10:50:34,207 [ERROR] ProjectManagerView:395 - 
java.lang.NullPointerException: Cannot invoke "javax.swing.JTextField.getText()" because the return value of "java.util.List.get(int)" is null
	at com.st.microxplorer.plugins.projectmanager.gui.ProjectChoiceTab$9.caretUpdate(ProjectChoiceTab.java:2678) ~[filemanager.jar:?]
	at javax.swing.text.JTextComponent.fireCaretUpdate(JTextComponent.java:408) ~[?:?]
	at javax.swing.text.JTextComponent$MutableCaretEvent.fire(JTextComponent.java:4484) ~[?:?]
	at javax.swing.text.JTextComponent$MutableCaretEvent.stateChanged(JTextComponent.java:4506) ~[?:?]
	at javax.swing.text.DefaultCaret.fireStateChanged(DefaultCaret.java:857) ~[?:?]
	at javax.swing.text.DefaultCaret.changeCaretPosition(DefaultCaret.java:1343) ~[?:?]
	at javax.swing.text.DefaultCaret.handleSetDot(DefaultCaret.java:1242) ~[?:?]
	at javax.swing.text.DefaultCaret.setDot(DefaultCaret.java:1223) ~[?:?]
	at javax.swing.text.DefaultCaret$Handler.insertUpdate(DefaultCaret.java:1819) ~[?:?]
	at javax.swing.text.AbstractDocument.fireInsertUpdate(AbstractDocument.java:227) ~[?:?]
	at javax.swing.text.AbstractDocument.handleInsertString(AbstractDocument.java:781) ~[?:?]
	at javax.swing.text.AbstractDocument.insertString(AbstractDocument.java:740) ~[?:?]
	at javax.swing.text.PlainDocument.insertString(PlainDocument.java:131) ~[?:?]
	at javax.swing.text.AbstractDocument.replace(AbstractDocument.java:699) ~[?:?]
	at javax.swing.text.JTextComponent.setText(JTextComponent.java:1725) ~[?:?]
	at com.st.microxplorer.plugins.projectmanager.gui.ProjectChoiceTab.createHeapStackFields(ProjectChoiceTab.java:979) ~[filemanager.jar:?]
	at com.st.microxplorer.plugins.projectmanager.gui.ProjectChoiceTab.buildLinkSettingsPanel(ProjectChoiceTab.java:3766) ~[filemanager.jar:?]
	at com.st.microxplorer.plugins.projectmanager.gui.ProjectChoiceTab.defineWindowsFields(ProjectChoiceTab.java:1962) ~[filemanager.jar:?]
	at com.st.microxplorer.plugins.projectmanager.gui.ProjectChoiceTab.updateSettings(ProjectChoiceTab.java:555) ~[filemanager.jar:?]
	at com.st.microxplorer.plugins.projectmanager.gui.ProjectSettingsPanel.UpdateDialog(ProjectSettingsPanel.java:245) ~[filemanager.jar:?]
	at com.st.microxplorer.plugins.projectmanager.ProjectManagerView.propertyChange(ProjectManagerView.java:392) ~[filemanager.jar:?]
	at java.beans.PropertyChangeSupport.fire(PropertyChangeSupport.java:343) ~[?:?]
	at java.beans.PropertyChangeSupport.firePropertyChange(PropertyChangeSupport.java:335) ~[?:?]
	at java.beans.PropertyChangeSupport.firePropertyChange(PropertyChangeSupport.java:268) ~[?:?]
	at com.st.microxplorer.util.MXPropertyChangeSupport.firePropertyChange(MXPropertyChangeSupport.java:54) ~[STM32CubeMX.jar:?]
	at com.st.microxplorer.mxsystem.MxSystem.closeConfig(MxSystem.java:899) ~[STM32CubeMX.jar:?]
	at com.st.microxplorer.maingui.MainPanel.closeConfig(MainPanel.java:789) ~[STM32CubeMX.jar:?]
	at com.st.microxplorer.plugins.filemanager.engine.OpenFileManager.loadConfigurationFile(OpenFileManager.java:287) ~[filemanager.jar:?]
	at com.st.microxplorer.plugins.filemanager.engine.MainFileManager.userLoadConfig(MainFileManager.java:341) ~[filemanager.jar:?]
	at com.st.microxplorer.plugins.filemanager.engine.MainFileManager.userLoadConfig(MainFileManager.java:319) ~[filemanager.jar:?]
	at com.st.microxplorer.plugins.filemanager.FileManagerView.getSpecificTask(FileManagerView.java:246) ~[filemanager.jar:?]
	at com.st.stm32cube.common.mx.editor.CubeMxEditor.getMxTabbedPaneInstance(CubeMxEditor.java:1198) ~[com.st.stm32cube.common.mx_6.14.1.202504091515/:?]
	at com.st.stm32cube.common.mx.editor.CubeMxEditor$12$1.createSwingComponent(CubeMxEditor.java:1068) ~[com.st.stm32cube.common.mx_6.14.1.202504091515/:?]
	at com.st.stm32cube.common.mx.oss.core.awtswtbridge.EmbeddedSwingComposite.doComponentCreation(EmbeddedSwingComposite.java:492) ~[com.st.stm32cube.common.mx.oss_6.14.1.202504091515/:?]
	at com.st.stm32cube.common.mx.oss.core.awtswtbridge.EmbeddedSwingComposite$4.run(EmbeddedSwingComposite.java:291) ~[com.st.stm32cube.common.mx.oss_6.14.1.202504091515/:?]
	at com.st.stm32cube.common.mx.oss.core.awtswtbridge.AwtEnvironment$2.run(AwtEnvironment.java:166) ~[com.st.stm32cube.common.mx.oss_6.14.1.202504091515/:?]
	at java.awt.event.InvocationEvent.dispatch(InvocationEvent.java:318) ~[?:?]
	at java.awt.EventQueue.dispatchEventImpl(EventQueue.java:773) ~[?:?]
	at java.awt.EventQueue$4.run(EventQueue.java:720) ~[?:?]
	at java.awt.EventQueue$4.run(EventQueue.java:714) ~[?:?]
	at java.security.AccessController.doPrivileged(AccessController.java:400) ~[?:?]
	at java.security.ProtectionDomain$JavaSecurityAccessImpl.doIntersectionPrivilege(ProtectionDomain.java:87) ~[?:?]
	at java.awt.EventQueue.dispatchEvent(EventQueue.java:742) ~[?:?]
	at java.awt.EventDispatchThread.pumpOneEventForFilters(EventDispatchThread.java:203) ~[?:?]
	at java.awt.EventDispatchThread.pumpEventsForFilter(EventDispatchThread.java:124) ~[?:?]
	at java.awt.EventDispatchThread.pumpEventsForHierarchy(EventDispatchThread.java:113) ~[?:?]
	at java.awt.EventDispatchThread.pumpEvents(EventDispatchThread.java:109) ~[?:?]
	at java.awt.EventDispatchThread.pumpEvents(EventDispatchThread.java:101) ~[?:?]
	at java.awt.EventDispatchThread.run(EventDispatchThread.java:90) ~[?:?]
2026-05-09 10:50:34,214 [WARN] ThirdParty:871 - waiting for thirdparty lock release [close project]
2026-05-09 10:50:34,214 [INFO] ThirdParty:873 - entering critical section [close project]
2026-05-09 10:50:34,214 [INFO] ThirdParty:883 - exiting critical section [close project]
2026-05-09 10:50:34,216 [INFO] PinOutPanel:1589 - setPackage(No Configuration,No Configuration)
2026-05-09 10:50:34,220 [INFO] UtilMem:75 - Begin LoadConfig() Used Memory: 799636152 Bytes (1073741824)
2026-05-09 10:50:34,221 [INFO] MicroXplorer:468 - Change Database Path : 
2026-05-09 10:50:34,221 [INFO] MicroXplorer:498 - Change Database Version : DB.6.0.141
2026-05-09 10:50:34,221 [INFO] OpenFileManager:354 - Change cursor
2026-05-09 10:50:34,393 [INFO] Mcu:2011 - Initializing MCU STM32L072CZTx STM32L072CZTx STM32L072CZT6
2026-05-09 10:50:34,805 [ERROR] LogOutputStream:75 - [STDERR_REDIRECT] [Fatal Error] :1:1: Premature end of file.
2026-05-09 10:50:34,805 [ERROR] LogOutputStream:75 - [STDERR_REDIRECT] 
2026-05-09 10:50:35,176 [INFO] Context:756 - Trying to add GPIOservice into a context  which must be forbidden
2026-05-09 10:50:35,564 [INFO] ImportTextPane:218 - (OptionalMessage_ERROR) Unable to find key (Mcu.ThirdPartyNb) in loaded IOC file
2026-05-09 10:50:35,564 [INFO] ImportTextPane:218 - (OptionalMessage_ERROR) Unable to find key (Mcu.PinsNb) in loaded IOC file
2026-05-09 10:50:35,564 [INFO] ImportTextPane:218 - (OptionalMessage_ERROR) Pin0 (VP_RIF_VS_RIF1) cannot be retrieved for this MCU
2026-05-09 10:50:35,564 [INFO] ImportTextPane:218 - (OptionalMessage_ERROR) Unable to find key (Mcu.IPNb) in loaded IOC file
2026-05-09 10:50:35,728 [INFO] RtosManager:558 - Registered RTOS mode: class=CMSIS, group=RTOS, mode=CMSIS_V1, owner=FREERTOS
2026-05-09 10:50:35,728 [INFO] RtosManager:558 - Registered RTOS mode: class=CMSIS, group=RTOS2, mode=CMSIS_V2, owner=FREERTOS
2026-05-09 10:50:35,729 [INFO] RtosManager:558 - Registered RTOS mode: class=RTOS, group=Core, mode=CMSIS_V1, owner=FREERTOS
2026-05-09 10:50:35,729 [INFO] RtosManager:558 - Registered RTOS mode: class=RTOS, group=Core, mode=CMSIS_V2, owner=FREERTOS
2026-05-09 10:50:35,729 [WARN] ModelIntegratedComponent:184 - Missing modes for component STMicroelectronics:FreeRTOS:0.0.1:STMicroelectronics:RTOS:FreeRTOS:Core:::10.2.0:
2026-05-09 10:50:35,735 [WARN] ModelIntegratedComponent:63 - No mode defined for component null
2026-05-09 10:50:35,735 [WARN] ModelIntegratedComponent:63 - No mode defined for component null
2026-05-09 10:50:35,735 [WARN] ModelIntegratedComponent:63 - No mode defined for component null
2026-05-09 10:50:35,735 [WARN] ModelIntegratedComponent:63 - No mode defined for component null
2026-05-09 10:50:35,735 [WARN] ModelIntegratedComponent:63 - No mode defined for component null
2026-05-09 10:50:35,735 [WARN] ModelIntegratedComponent:63 - No mode defined for component null
2026-05-09 10:50:35,735 [WARN] ModelIntegratedComponent:63 - No mode defined for component null
2026-05-09 10:50:35,735 [WARN] ModelIntegratedComponent:63 - No mode defined for component null
2026-05-09 10:50:35,735 [WARN] ModelIntegratedComponent:63 - No mode defined for component null
2026-05-09 10:50:35,735 [WARN] ModelIntegratedComponent:63 - No mode defined for component null
2026-05-09 10:50:35,735 [WARN] ModelIntegratedComponent:63 - No mode defined for component null
2026-05-09 10:50:35,735 [WARN] ModelIntegratedComponent:63 - No mode defined for component null
2026-05-09 10:50:35,735 [WARN] ModelIntegratedComponent:63 - No mode defined for component null
2026-05-09 10:50:35,735 [WARN] ModelIntegratedComponent:63 - No mode defined for component null
2026-05-09 10:50:35,735 [WARN] ModelIntegratedComponent:63 - No mode defined for component null
2026-05-09 10:50:35,735 [WARN] ModelIntegratedComponent:63 - No mode defined for component null
2026-05-09 10:50:35,735 [WARN] ModelIntegratedComponent:63 - No mode defined for component null
2026-05-09 10:50:35,735 [WARN] ModelIntegratedComponent:63 - No mode defined for component null
2026-05-09 10:50:35,735 [WARN] ModelIntegratedComponent:63 - No mode defined for component null
2026-05-09 10:50:35,735 [WARN] ModelIntegratedComponent:63 - No mode defined for component null
2026-05-09 10:50:35,735 [WARN] ModelIntegratedComponent:63 - No mode defined for component null
2026-05-09 10:50:35,735 [WARN] ModelIntegratedComponent:63 - No mode defined for component null
2026-05-09 10:50:35,735 [WARN] ModelIntegratedComponent:63 - No mode defined for component null
2026-05-09 10:50:35,735 [WARN] ModelIntegratedComponent:63 - No mode defined for component null
2026-05-09 10:50:35,735 [WARN] ModelIntegratedComponent:63 - No mode defined for component null
2026-05-09 10:50:35,735 [WARN] ModelIntegratedComponent:63 - No mode defined for component null
2026-05-09 10:50:35,735 [WARN] ModelIntegratedComponent:63 - No mode defined for component null
2026-05-09 10:50:35,735 [WARN] ModelIntegratedComponent:63 - No mode defined for component null
2026-05-09 10:50:35,735 [WARN] ModelIntegratedComponent:63 - No mode defined for component null
2026-05-09 10:50:35,735 [WARN] ModelIntegratedComponent:63 - No mode defined for component null
2026-05-09 10:50:35,735 [WARN] ModelIntegratedComponent:63 - No mode defined for component null
2026-05-09 10:50:35,735 [WARN] ModelIntegratedComponent:63 - No mode defined for component null
2026-05-09 10:50:35,735 [WARN] ModelIntegratedComponent:63 - No mode defined for component null
2026-05-09 10:50:35,735 [WARN] ModelIntegratedComponent:63 - No mode defined for component null
2026-05-09 10:50:35,735 [WARN] ModelIntegratedComponent:63 - No mode defined for component null
2026-05-09 10:50:35,735 [WARN] ModelPack:524 - Component already loaded: STMicroelectronics:HAL Drivers:0.0.0:STMicroelectronics:Device:STMicro_Driver:XSPI:HAL::0.0.1:HAL_XSPI
2026-05-09 10:50:35,798 [ERROR] LogOutputStream:75 - [STDERR_REDIRECT] [Fatal Error] :1:1: Premature end of file.
2026-05-09 10:50:35,798 [ERROR] LogOutputStream:75 - [STDERR_REDIRECT] 
2026-05-09 10:50:35,942 [INFO] ThirdPartyModel:298 - Start build external matchings
2026-05-09 10:50:36,796 [ERROR] LogOutputStream:75 - [STDERR_REDIRECT] [Fatal Error] :1:1: Premature end of file.
2026-05-09 10:50:36,796 [ERROR] LogOutputStream:75 - [STDERR_REDIRECT] 
2026-05-09 10:50:37,725 [INFO] ThirdPartyModel:316 - End build external matchings
2026-05-09 10:50:37,807 [ERROR] LogOutputStream:75 - [STDERR_REDIRECT] [Fatal Error] :1:1: Premature end of file.
2026-05-09 10:50:37,808 [ERROR] LogOutputStream:75 - [STDERR_REDIRECT] 
2026-05-09 10:50:37,969 [INFO] UtilMem:75 - End LoadConfig() Used Memory: 890823848 Bytes (1073741824)
2026-05-09 10:50:37,992 [WARN] ThirdParty:833 - waiting for thirdparty lock release [change project]
2026-05-09 10:50:37,992 [INFO] ThirdParty:835 - entering critical section [change project]
2026-05-09 10:50:37,992 [INFO] ThirdParty:1030 - CMSIS Pack Vendor :STMicroelectronics X-CUBE-AZRTOS-H7 3.5.0
2026-05-09 10:50:37,992 [INFO] ThirdParty:1030 - CMSIS Pack Vendor :STMicroelectronics X-CUBE-PM33A1 1.0.0
2026-05-09 10:50:37,992 [INFO] ThirdParty:1030 - CMSIS Pack Vendor :STMicroelectronics USBPD 4.1
2026-05-09 10:50:37,992 [INFO] ThirdParty:1030 - CMSIS Pack Vendor :STMicroelectronics USB_HOST 2.0.0
2026-05-09 10:50:37,992 [INFO] ThirdParty:1030 - CMSIS Pack Vendor :STMicroelectronics FP-SNS-MOTENVWB1 1.4.0
2026-05-09 10:50:37,992 [INFO] ThirdParty:1030 - CMSIS Pack Vendor :STMicroelectronics X-CUBE-AZRTOS-F4 1.1.0
2026-05-09 10:50:37,992 [INFO] ThirdParty:1030 - CMSIS Pack Vendor :STMicroelectronics LIBJPEG 8.0.0
2026-05-09 10:50:37,992 [INFO] ThirdParty:1030 - CMSIS Pack Vendor :STMicroelectronics FP-ATR-ASTRA1 2.0.2
2026-05-09 10:50:37,992 [INFO] ThirdParty:1030 - CMSIS Pack Vendor :STMicroelectronics FP-ATR-ASTRA1 2.0.1
2026-05-09 10:50:37,992 [INFO] ThirdParty:1030 - CMSIS Pack Vendor :Avnet-IotConnect X-CUBE-IoTC-DA16k-PMOD 1.0.0
2026-05-09 10:50:37,992 [INFO] ThirdParty:1030 - CMSIS Pack Vendor :STMicroelectronics X-CUBE-SMBUS 2.1.0
2026-05-09 10:50:37,992 [INFO] ThirdParty:1030 - CMSIS Pack Vendor :STMicroelectronics X-CUBE-WB05N 1.1.0
2026-05-09 10:50:37,992 [INFO] ThirdParty:1030 - CMSIS Pack Vendor :STMicroelectronics X-CUBE-ISPU 2.1.0
2026-05-09 10:50:37,992 [INFO] ThirdParty:1030 - CMSIS Pack Vendor :STMicroelectronics eDS-WB_DPC_TT-BIDIR 2.1.1
2026-05-09 10:50:37,992 [INFO] ThirdParty:1030 - CMSIS Pack Vendor :STMicroelectronics X-CUBE-ST60 1.0.0
2026-05-09 10:50:37,992 [INFO] ThirdParty:1030 - CMSIS Pack Vendor :STMicroelectronics X-CUBE-NFC12 1.0.0
2026-05-09 10:50:37,992 [INFO] ThirdParty:1030 - CMSIS Pack Vendor :STMicroelectronics X-CUBE-AZRTOS-F7 1.1.0
2026-05-09 10:50:37,992 [INFO] ThirdParty:1030 - CMSIS Pack Vendor :STMicroelectronics X-CUBE-AZRTOS-L5 2.0.0
2026-05-09 10:50:37,992 [INFO] ThirdParty:1030 - CMSIS Pack Vendor :STMicroelectronics USB_DEVICE 2.0.0
2026-05-09 10:50:37,992 [INFO] ThirdParty:1030 - CMSIS Pack Vendor :STMicroelectronics X-CUBE-NFC6 3.1.0
2026-05-09 10:50:37,992 [INFO] ThirdParty:1030 - CMSIS Pack Vendor :Cesanta I-CUBE-Mongoose 7.19.0
2026-05-09 10:50:37,992 [INFO] ThirdParty:1030 - CMSIS Pack Vendor :STMicroelectronics X-CUBE-MEMS1 11.0.0
2026-05-09 10:50:37,992 [INFO] ThirdParty:1030 - CMSIS Pack Vendor :STMicroelectronics FreeRTOS 0.0.1
2026-05-09 10:50:37,992 [INFO] ThirdParty:1030 - CMSIS Pack Vendor :STMicroelectronics X-CUBE-DPower 1.2.0
2026-05-09 10:50:37,992 [INFO] ThirdParty:1030 - CMSIS Pack Vendor :STMicroelectronics eDS-WB_DPC_VIENNA 1.2.0
2026-05-09 10:50:37,992 [INFO] ThirdParty:1030 - CMSIS Pack Vendor :STMicroelectronics FP-SNS-FLIGHT1 5.0.2
2026-05-09 10:50:37,992 [INFO] ThirdParty:1030 - CMSIS Pack Vendor :STMicroelectronics eDS-WB_DPC_3PH2L-BIDIR 1.1.1
2026-05-09 10:50:37,992 [INFO] ThirdParty:1030 - CMSIS Pack Vendor :Infineon AIROC-Wi-Fi-Bluetooth-STM32 1.7.0
2026-05-09 10:50:37,992 [INFO] ThirdParty:1030 - CMSIS Pack Vendor :Infineon AIROC-Wi-Fi-Bluetooth-STM32 1.7.1
2026-05-09 10:50:37,992 [INFO] ThirdParty:1030 - CMSIS Pack Vendor :STMicroelectronics PDM2PCM 3.3.0
2026-05-09 10:50:37,992 [INFO] ThirdParty:1030 - CMSIS Pack Vendor :STMicroelectronics X-CUBE-AZRTOS-H7 3.4.0
2026-05-09 10:50:37,992 [INFO] ThirdParty:1030 - CMSIS Pack Vendor :STMicroelectronics X-CUBE-DISPLAY 3.0.0
2026-05-09 10:50:37,992 [INFO] ThirdParty:1030 - CMSIS Pack Vendor :STMicroelectronics X-CUBE-GNSS1 7.1.1
2026-05-09 10:50:37,992 [INFO] ThirdParty:1030 - CMSIS Pack Vendor :STMicroelectronics X-CUBE-BLE1 7.0.0
2026-05-09 10:50:37,992 [INFO] ThirdParty:1030 - CMSIS Pack Vendor :STMicroelectronics X-CUBE-NFC10 1.0.0
2026-05-09 10:50:37,992 [INFO] ThirdParty:1030 - CMSIS Pack Vendor :STMicroelectronics X-CUBE-BLEMGR 4.0.0
2026-05-09 10:50:37,992 [INFO] ThirdParty:1030 - CMSIS Pack Vendor :STMicroelectronics X-CUBE-FREERTOS 1.3.1
2026-05-09 10:50:37,992 [INFO] ThirdParty:1030 - CMSIS Pack Vendor :STMicroelectronics HAL Drivers 0.0.0
2026-05-09 10:50:37,992 [INFO] ThirdParty:1030 - CMSIS Pack Vendor :STMicroelectronics X-CUBE-ST60 1.1.0
2026-05-09 10:50:37,992 [INFO] ThirdParty:1030 - CMSIS Pack Vendor :emotas I-CUBE-CANOPEN 1.3.0
2026-05-09 10:50:37,992 [INFO] ThirdParty:1030 - CMSIS Pack Vendor :STMicroelectronics X-CUBE-FREERTOS 1.3.0
2026-05-09 10:50:37,992 [INFO] ThirdParty:1030 - CMSIS Pack Vendor :STMicroelectronics X-CUBE-NFC7 1.0.1
2026-05-09 10:50:37,992 [INFO] ThirdParty:1030 - CMSIS Pack Vendor :STMicroelectronics MBEDTLS 2.14.1
2026-05-09 10:50:37,992 [INFO] ThirdParty:1030 - CMSIS Pack Vendor :STMicroelectronics X-CUBE-GNSS1 7.1.0
2026-05-09 10:50:37,992 [INFO] ThirdParty:1030 - CMSIS Pack Vendor :STMicroelectronics X-CUBE-TOUCHGFX 4.26.0
2026-05-09 10:50:37,992 [INFO] ThirdParty:1030 - CMSIS Pack Vendor :STMicroelectronics X-CUBE-TOUCHGFX 4.26.1
2026-05-09 10:50:37,992 [INFO] ThirdParty:1030 - CMSIS Pack Vendor :STMicroelectronics X-CUBE-AI 10.0.0
2026-05-09 10:50:37,992 [INFO] ThirdParty:1030 - CMSIS Pack Vendor :STMicroelectronics FP-SNS-STAIOTCFT 1.0.0
2026-05-09 10:50:37,992 [INFO] ThirdParty:1030 - CMSIS Pack Vendor :STMicroelectronics FP-SNS-SMARTAG2 1.2.0
2026-05-09 10:50:37,992 [INFO] ThirdParty:1030 - CMSIS Pack Vendor :STMicroelectronics FP-SNS-FLIGHT1 5.1.0
2026-05-09 10:50:37,992 [INFO] ThirdParty:1030 - CMSIS Pack Vendor :STMicroelectronics X-CUBE-MEMS1 11.1.0
2026-05-09 10:50:37,992 [INFO] ThirdParty:1030 - CMSIS Pack Vendor :STMicroelectronics X-CUBE-AZRTOS-WL 2.0.0
2026-05-09 10:50:37,992 [INFO] ThirdParty:1030 - CMSIS Pack Vendor :STMicroelectronics X-CUBE-DPower 1.3.0
2026-05-09 10:50:37,993 [INFO] ThirdParty:1030 - CMSIS Pack Vendor :STMicroelectronics FP-SNS-MOTENV1 5.0.0
2026-05-09 10:50:37,993 [INFO] ThirdParty:1030 - CMSIS Pack Vendor :STMicroelectronics USB_DEVICE 1.0.0
2026-05-09 10:50:37,993 [INFO] ThirdParty:1030 - CMSIS Pack Vendor :STMicroelectronics X-CUBE-AZRTOS-H7RS 1.2.0
2026-05-09 10:50:37,993 [INFO] ThirdParty:1030 - CMSIS Pack Vendor :wolfSSL I-CUBE-wolfMQTT 1.19.0
2026-05-09 10:50:37,993 [INFO] ThirdParty:1030 - CMSIS Pack Vendor :STMicroelectronics X-CUBE-AZRTOS-L4 2.0.0
2026-05-09 10:50:37,993 [INFO] ThirdParty:1030 - CMSIS Pack Vendor :STMicroelectronics ThreadX 0.0.2
2026-05-09 10:50:37,993 [INFO] ThirdParty:1030 - CMSIS Pack Vendor :WES I-CUBE-Cesium 1.3.0
2026-05-09 10:50:37,993 [INFO] ThirdParty:1030 - CMSIS Pack Vendor :STMicroelectronics lwIP 2.1.2
2026-05-09 10:50:37,993 [INFO] ThirdParty:1030 - CMSIS Pack Vendor :STMicroelectronics X-CUBE-SFXS2LP1 4.0.0
2026-05-09 10:50:37,993 [INFO] ThirdParty:1030 - CMSIS Pack Vendor :STMicroelectronics X-CUBE-BLE2 3.3.0
2026-05-09 10:50:37,993 [INFO] ThirdParty:1030 - CMSIS Pack Vendor :Avnet-IOTCONNECT X-CUBE-iotc-st67-sdk 1.0.0
2026-05-09 10:50:37,993 [INFO] ThirdParty:1030 - CMSIS Pack Vendor :STMicroelectronics PDM2PCM 3.2.0
2026-05-09 10:50:37,993 [INFO] ThirdParty:1030 - CMSIS Pack Vendor :STMicroelectronics X-CUBE-WB05N 2.1.0
2026-05-09 10:50:37,993 [INFO] ThirdParty:1030 - CMSIS Pack Vendor :STMicroelectronics X-CUBE-AZRTOS-H7 3.3.0
2026-05-09 10:50:37,993 [INFO] ThirdParty:1030 - CMSIS Pack Vendor :STMicroelectronics X-CUBE-NFC9 1.0.0
2026-05-09 10:50:37,993 [INFO] ThirdParty:1030 - CMSIS Pack Vendor :wolfSSL I-CUBE-wolfSSL 5.8.2
2026-05-09 10:50:37,993 [INFO] ThirdParty:1030 - CMSIS Pack Vendor :STMicroelectronics X-CUBE-BLE1 7.1.0
2026-05-09 10:50:37,993 [INFO] ThirdParty:1030 - CMSIS Pack Vendor :wolfSSL I-CUBE-wolfMQTT 1.19.2
2026-05-09 10:50:37,993 [INFO] ThirdParty:1030 - CMSIS Pack Vendor :STMicroelectronics USB_DEVICE 3.0.0
2026-05-09 10:50:37,993 [INFO] ThirdParty:1030 - CMSIS Pack Vendor :STMicroelectronics X-CUBE-EEPRMA1 5.2.0
2026-05-09 10:50:37,993 [INFO] ThirdParty:1030 - CMSIS Pack Vendor :STMicroelectronics X-CUBE-BLEMGR 4.1.0
2026-05-09 10:50:37,993 [INFO] ThirdParty:1030 - CMSIS Pack Vendor :STMicroelectronics X-CUBE-IPS 3.0.0
2026-05-09 10:50:37,993 [INFO] ThirdParty:1030 - CMSIS Pack Vendor :STMicroelectronics X-CUBE-AZRTOS-WB 2.0.0
2026-05-09 10:50:37,993 [INFO] ThirdParty:1030 - CMSIS Pack Vendor :STMicroelectronics X-CUBE-GNSS1 7.0.0
2026-05-09 10:50:37,993 [INFO] ThirdParty:1030 - CMSIS Pack Vendor :STMicroelectronics X-CUBE-GNSS1 7.0.1
2026-05-09 10:50:37,993 [INFO] ThirdParty:1030 - CMSIS Pack Vendor :STMicroelectronics X-CUBE-TOUCHGFX 4.25.0
2026-05-09 10:50:37,993 [INFO] ThirdParty:1030 - CMSIS Pack Vendor :STMicroelectronics X-CUBE-AI 10.1.0
2026-05-09 10:50:37,993 [INFO] ThirdParty:1030 - CMSIS Pack Vendor :STMicroelectronics FP-SNS-STBOX1 2.0.0
2026-05-09 10:50:37,993 [INFO] ThirdParty:1030 - CMSIS Pack Vendor :quantropi X-CUBE-qispace-sdk-base 2.1.0
2026-05-09 10:50:37,993 [INFO] ThirdParty:1030 - CMSIS Pack Vendor :STMicroelectronics X-CUBE-MEMS1 12.0.0
2026-05-09 10:50:37,993 [INFO] ThirdParty:1030 - CMSIS Pack Vendor :STMicroelectronics X-CUBE-STSE01 2.0.0
2026-05-09 10:50:37,993 [INFO] ThirdParty:1030 - CMSIS Pack Vendor :STMicroelectronics X-CUBE-MEMS1 11.2.0
2026-05-09 10:50:37,993 [INFO] ThirdParty:1030 - CMSIS Pack Vendor :STMicroelectronics X-CUBE-AZRTOS-G0 1.1.0
2026-05-09 10:50:37,993 [INFO] ThirdParty:1030 - CMSIS Pack Vendor :STMicroelectronics X-CUBE-SAFEA1 1.2.2
2026-05-09 10:50:37,993 [INFO] ThirdParty:1030 - CMSIS Pack Vendor :STMicroelectronics X-CUBE-NFC4 3.0.0
2026-05-09 10:50:37,993 [INFO] ThirdParty:1030 - CMSIS Pack Vendor :STMicroelectronics X-CUBE-SUBG2 5.0.0
2026-05-09 10:50:37,993 [INFO] ThirdParty:1030 - CMSIS Pack Vendor :STMicroelectronics X-CUBE-AZRTOS-H7RS 1.1.0
2026-05-09 10:50:37,993 [INFO] ThirdParty:1030 - CMSIS Pack Vendor :STMicroelectronics STM32_WPAN 1.0.0
2026-05-09 10:50:37,993 [INFO] ThirdParty:1030 - CMSIS Pack Vendor :EmbeddedOffice I-CUBE-FS-RTOS 1.0.1
2026-05-09 10:50:37,993 [INFO] ThirdParty:1030 - CMSIS Pack Vendor :STMicroelectronics lwIP 2.0.3
2026-05-09 10:50:37,993 [INFO] ThirdParty:1030 - CMSIS Pack Vendor :Cesanta I-CUBE-Mongoose 7.13.0
2026-05-09 10:50:37,993 [INFO] ThirdParty:1030 - CMSIS Pack Vendor :STMicroelectronics USB_HOST 1.0.0
2026-05-09 10:50:37,993 [INFO] ThirdParty:1030 - CMSIS Pack Vendor :STMicroelectronics X-CUBE-AZRTOS-G4 2.0.0
2026-05-09 10:50:37,993 [INFO] ThirdParty:1030 - CMSIS Pack Vendor :STMicroelectronics X-CUBE-WB05N 2.0.0
2026-05-09 10:50:37,993 [INFO] ThirdParty:1030 - CMSIS Pack Vendor :STMicroelectronics PDM2PCM 3.1.0
2026-05-09 10:50:37,993 [INFO] ThirdParty:1030 - CMSIS Pack Vendor :wolfSSL I-CUBE-wolfTPM 3.8.0
2026-05-09 10:50:37,993 [INFO] ThirdParty:1030 - CMSIS Pack Vendor :wolfSSL I-CUBE-wolfSSH 1.4.20
2026-05-09 10:50:37,993 [INFO] ThirdParty:1030 - CMSIS Pack Vendor :STMicroelectronics X-CUBE-NFC7 2.0.0
2026-05-09 10:50:37,993 [INFO] ThirdParty:1030 - CMSIS Pack Vendor :STMicroelectronics X-CUBE-TCPP 4.2.0
2026-05-09 10:50:37,993 [INFO] ThirdParty:1030 - CMSIS Pack Vendor :RealThread X-CUBE-RT-Thread_Nano 4.1.1
2026-05-09 10:50:37,993 [INFO] ThirdParty:1030 - CMSIS Pack Vendor :STMicroelectronics FP-ATR-SIGFOX1 3.2.0
2026-05-09 10:50:37,993 [INFO] ThirdParty:1030 - CMSIS Pack Vendor :quantropi X-CUBE-qispace-sdk-base 1.9.3
2026-05-09 10:50:37,993 [INFO] ThirdParty:1030 - CMSIS Pack Vendor :STMicroelectronics X-CUBE-EEPRMA1 5.1.0
2026-05-09 10:50:37,993 [INFO] ThirdParty:1030 - CMSIS Pack Vendor :STMicroelectronics MBEDTLS 2.16.2
2026-05-09 10:50:37,993 [INFO] ThirdParty:1030 - CMSIS Pack Vendor :STMicroelectronics X-CUBE-IPS 3.1.0
2026-05-09 10:50:37,993 [INFO] ThirdParty:1030 - CMSIS Pack Vendor :STMicroelectronics X-CUBE-ALS 1.0.2
2026-05-09 10:50:37,993 [INFO] ThirdParty:1030 - CMSIS Pack Vendor :wolfSSL I-CUBE-wolfSSL 5.7.4
2026-05-09 10:50:37,993 [INFO] ThirdParty:1030 - CMSIS Pack Vendor :wolfSSL I-CUBE-wolfSSL 5.7.6
2026-05-09 10:50:37,993 [INFO] ThirdParty:1030 - CMSIS Pack Vendor :ITTIA_DB I-CUBE-ITTIADB 8.9.0
2026-05-09 10:50:37,993 [INFO] ThirdParty:1030 - CMSIS Pack Vendor :STMicroelectronics X-CUBE-TOUCHGFX 4.24.2
2026-05-09 10:50:37,993 [INFO] ThirdParty:1030 - CMSIS Pack Vendor :STMicroelectronics X-CUBE-TOUCHGFX 4.24.1
2026-05-09 10:50:37,993 [INFO] ThirdParty:1030 - CMSIS Pack Vendor :STMicroelectronics X-CUBE-STSE01 1.0.0
2026-05-09 10:50:37,993 [INFO] ThirdParty:1030 - CMSIS Pack Vendor :wolfSSL I-CUBE-wolfTPM 3.4.0
2026-05-09 10:50:37,993 [INFO] ThirdParty:1030 - CMSIS Pack Vendor :portGmbH I-Cube-SoM-uGOAL 1.1.0
2026-05-09 10:50:37,994 [INFO] ThirdParty:1030 - CMSIS Pack Vendor :STMicroelectronics X-CUBE-NFC6 3.2.0
2026-05-09 10:50:37,994 [INFO] ThirdParty:1030 - CMSIS Pack Vendor :STMicroelectronics X-CUBE-ST67W61 1.0.0
2026-05-09 10:50:37,994 [INFO] ThirdParty:1030 - CMSIS Pack Vendor :STMicroelectronics X-CUBE-AI 10.2.0
2026-05-09 10:50:37,994 [INFO] ThirdParty:1030 - CMSIS Pack Vendor :STMicroelectronics ThreadX 1.0.0
2026-05-09 10:50:37,994 [INFO] ThirdParty:1030 - CMSIS Pack Vendor :STMicroelectronics X-CUBE-MEMS1 12.1.0
2026-05-09 10:50:37,994 [INFO] ThirdParty:1030 - CMSIS Pack Vendor :SEGGER I-CUBE-embOS 1.3.1
2026-05-09 10:50:37,994 [INFO] ThirdParty:1030 - CMSIS Pack Vendor :STMicroelectronics X-CUBE-ALGOBUILD 1.4.0
2026-05-09 10:50:37,994 [INFO] ThirdParty:1030 - CMSIS Pack Vendor :STMicroelectronics X-CUBE-MEMS1 11.3.0
2026-05-09 10:50:37,994 [INFO] ThirdParty:1030 - CMSIS Pack Vendor :STMicroelectronics X-CUBE-AZRTOS-H7RS 1.0.0
2026-05-09 10:50:37,994 [INFO] ThirdParty:1030 - CMSIS Pack Vendor :STMicroelectronics X-CUBE-TOF1 3.4.2
2026-05-09 10:50:37,994 [INFO] ThirdParty:1030 - CMSIS Pack Vendor :STMicroelectronics X-CUBE-TOF1 3.4.3
2026-05-09 10:50:37,994 [INFO] ThirdParty:1030 - CMSIS Pack Vendor :STMicroelectronics X-CUBE-AI 9.1.0
2026-05-09 10:50:37,994 [INFO] ThirdParty:1030 - CMSIS Pack Vendor :wolfSSL I-CUBE-wolfSSH 1.4.17
2026-05-09 10:50:37,994 [INFO] ThirdParty:841 - exiting critical section [change project]
2026-05-09 10:50:38,126 [INFO] PinOutPanel:1589 - setPackage(No Configuration,No Configuration)
2026-05-09 10:50:38,127 [INFO] PinOutPanel:1589 - setPackage(STM32L072CZTx,LQFP48)
2026-05-09 10:50:38,253 [INFO] UtilMem:75 - Before build in PCC Used Memory: 755426064 Bytes (1073741824)
2026-05-09 10:50:38,439 [INFO] UtilMem:75 - After build in PCC Used Memory: 805231376 Bytes (1073741824)
2026-05-09 10:50:38,453 [INFO] IPUIPlugin:80 - create IPUIPlugin
2026-05-09 10:50:38,453 [INFO] IPUIPlugin:80 - create IPUIPlugin
2026-05-09 10:50:38,453 [INFO] IPUIPlugin:80 - create IPUIPlugin
2026-05-09 10:50:38,454 [INFO] IPUIPlugin:80 - create IPUIPlugin
2026-05-09 10:50:38,454 [INFO] IPUIPlugin:80 - create IPUIPlugin
2026-05-09 10:50:38,454 [INFO] IPUIPlugin:80 - create IPUIPlugin
2026-05-09 10:50:38,454 [INFO] IPUIPlugin:80 - create IPUIPlugin
2026-05-09 10:50:38,454 [INFO] IPUIPlugin:80 - create IPUIPlugin
2026-05-09 10:50:38,454 [INFO] IPUIPlugin:80 - create IPUIPlugin
2026-05-09 10:50:38,454 [INFO] IPUIPlugin:80 - create IPUIPlugin
2026-05-09 10:50:38,454 [INFO] IPUIPlugin:80 - create IPUIPlugin
2026-05-09 10:50:38,454 [INFO] IPUIPlugin:80 - create IPUIPlugin
2026-05-09 10:50:38,454 [INFO] IPUIPlugin:80 - create IPUIPlugin
2026-05-09 10:50:38,454 [INFO] IPUIPlugin:80 - create IPUIPlugin
2026-05-09 10:50:38,454 [INFO] IPUIPlugin:80 - create IPUIPlugin
2026-05-09 10:50:38,455 [INFO] IPUIPlugin:80 - create IPUIPlugin
2026-05-09 10:50:38,455 [INFO] IPUIPlugin:80 - create IPUIPlugin
2026-05-09 10:50:38,455 [INFO] IPUIPlugin:80 - create IPUIPlugin
2026-05-09 10:50:38,455 [INFO] IPUIPlugin:80 - create IPUIPlugin
2026-05-09 10:50:38,455 [INFO] IPUIPlugin:80 - create IPUIPlugin
2026-05-09 10:50:38,455 [INFO] IPUIPlugin:80 - create IPUIPlugin
2026-05-09 10:50:38,455 [INFO] IPUIPlugin:80 - create IPUIPlugin
2026-05-09 10:50:38,455 [INFO] IPUIPlugin:80 - create IPUIPlugin
2026-05-09 10:50:38,455 [INFO] IPUIPlugin:80 - create IPUIPlugin
2026-05-09 10:50:38,455 [INFO] IPUIPlugin:80 - create IPUIPlugin
2026-05-09 10:50:38,455 [INFO] IPUIPlugin:80 - create IPUIPlugin
2026-05-09 10:50:38,455 [INFO] IPUIPlugin:80 - create IPUIPlugin
2026-05-09 10:50:38,455 [INFO] IPUIPlugin:80 - create IPUIPlugin
2026-05-09 10:50:38,456 [INFO] IPUIPlugin:80 - create IPUIPlugin
2026-05-09 10:50:38,456 [INFO] IPUIPlugin:80 - create IPUIPlugin
2026-05-09 10:50:38,456 [INFO] IPUIPlugin:80 - create IPUIPlugin
2026-05-09 10:50:38,456 [INFO] IPUIPlugin:80 - create IPUIPlugin
2026-05-09 10:50:38,456 [INFO] IPUIPlugin:80 - create IPUIPlugin
2026-05-09 10:50:38,456 [INFO] IPUIPlugin:80 - create IPUIPlugin
2026-05-09 10:50:38,456 [INFO] IPUIPlugin:80 - create IPUIPlugin
2026-05-09 10:50:38,456 [INFO] IPUIPlugin:80 - create IPUIPlugin
2026-05-09 10:50:38,456 [INFO] IPUIPlugin:80 - create IPUIPlugin
2026-05-09 10:50:38,457 [INFO] IPUIPlugin:80 - create IPUIPlugin
2026-05-09 10:50:38,483 [INFO] CADModel:165 - CPN selected for project levelSTM32L072CZT6
2026-05-09 10:50:38,483 [INFO] CADModel:114 - Register for checkConnection events
2026-05-09 10:50:38,532 [INFO] OpenFileManager:385 - Restore cursor
2026-05-09 10:50:38,800 [ERROR] LogOutputStream:75 - [STDERR_REDIRECT] [Fatal Error] :1:1: Premature end of file.
2026-05-09 10:50:38,800 [ERROR] LogOutputStream:75 - [STDERR_REDIRECT] 
2026-05-09 10:50:38,846 [INFO] UtilMem:75 - End SaveConfig() Used Memory: 896362160 Bytes (1073741824)
2026-05-09 10:50:38,906 [INFO] UtilMem:75 - End SaveConfig() Used Memory: 916098032 Bytes (1073741824)
2026-05-09 10:50:39,251 [INFO] BlockDiagram:2775 - set Specific Code input for plugin: NVIC
2026-05-09 10:50:39,251 [INFO] BlockDiagram:2775 - set Specific Code input for plugin: RCC
2026-05-09 10:50:39,253 [INFO] CodeGenerator:882 - code generatio: config db path: C:\ST\STM32CubeIDE_1.18.1\STM32CubeIDE\plugins\com.st.stm32cube.common.mx_6.14.1.202504091515\\db\
2026-05-09 10:50:39,454 [INFO] CodeEngine:263 - oldGeneratedFile, C:\Users\salem\Downloads\master_workspace\sd_second_version\MXTmpFiles\license.tmp_save
2026-05-09 10:50:39,763 [INFO] CodeEngine:287 - Generated code: C:\Users\salem\Downloads\master_workspace\sd_second_version\MXTmpFiles\license.tmp
2026-05-09 10:50:39,783 [INFO] CodeEngine:263 - oldGeneratedFile, C:\Users\salem\Downloads\master_workspace\sd_second_version\Core\Src\stm32l0xx_it.c_save
2026-05-09 10:50:39,802 [ERROR] LogOutputStream:75 - [STDERR_REDIRECT] [Fatal Error] :1:1: Premature end of file.
2026-05-09 10:50:39,803 [ERROR] LogOutputStream:75 - [STDERR_REDIRECT] 
2026-05-09 10:50:39,923 [INFO] CodeEngine:287 - Generated code: C:\Users\salem\Downloads\master_workspace\sd_second_version\Core\Src\stm32l0xx_it.c
2026-05-09 10:50:39,935 [INFO] CodeEngine:263 - oldGeneratedFile, C:\Users\salem\Downloads\master_workspace\sd_second_version\Core\Inc\stm32l0xx_it.h_save
2026-05-09 10:50:40,004 [INFO] CodeEngine:287 - Generated code: C:\Users\salem\Downloads\master_workspace\sd_second_version\Core\Inc\stm32l0xx_it.h
2026-05-09 10:50:40,086 [INFO] CodeEngine:263 - oldGeneratedFile, C:\Users\salem\Downloads\master_workspace\sd_second_version\Core\Src\stm32l0xx_hal_msp.c_save
2026-05-09 10:50:40,202 [INFO] CodeEngine:287 - Generated code: C:\Users\salem\Downloads\master_workspace\sd_second_version\Core\Src\stm32l0xx_hal_msp.c
2026-05-09 10:50:40,213 [INFO] CodeEngine:263 - oldGeneratedFile, C:\Users\salem\Downloads\master_workspace\sd_second_version\MXTmpFiles\system.tmp_save
2026-05-09 10:50:40,267 [INFO] CodeEngine:287 - Generated code: C:\Users\salem\Downloads\master_workspace\sd_second_version\MXTmpFiles\system.tmp
2026-05-09 10:50:40,286 [INFO] CodeEngine:319 - oldGeneratedFile, C:\Users\salem\Downloads\master_workspace\sd_second_version\Core\Inc\stm32l0xx_hal_conf.h_save
2026-05-09 10:50:40,361 [INFO] CodeEngine:343 - Generated code: C:\Users\salem\Downloads\master_workspace\sd_second_version\Core\Inc\stm32l0xx_hal_conf.h
2026-05-09 10:50:40,398 [INFO] ApiDbMcu:508 - Load IP Config File for RCC
2026-05-09 10:50:40,413 [INFO] CodeEngine:263 - oldGeneratedFile, C:\Users\salem\Downloads\master_workspace\sd_second_version\Core\Inc\main.h_save
2026-05-09 10:50:40,496 [INFO] CodeEngine:287 - Generated code: C:\Users\salem\Downloads\master_workspace\sd_second_version\Core\Inc\main.h
2026-05-09 10:50:40,506 [INFO] CodeEngine:263 - oldGeneratedFile, C:\Users\salem\Downloads\master_workspace\sd_second_version\Core\Src\main.c_save
2026-05-09 10:50:40,616 [INFO] CodeEngine:287 - Generated code: C:\Users\salem\Downloads\master_workspace\sd_second_version\Core\Src\main.c
2026-05-09 10:50:40,795 [ERROR] LogOutputStream:75 - [STDERR_REDIRECT] [Fatal Error] :1:1: Premature end of file.
2026-05-09 10:50:40,795 [ERROR] LogOutputStream:75 - [STDERR_REDIRECT] 
2026-05-09 10:50:40,879 [INFO] ProjectBuilder:3324 - Time for Copy HAL[1] : 155mS.
2026-05-09 10:50:40,887 [INFO] ProjectBuilder:4912 - Project Generator version: 4.6.0.1-B1
2026-05-09 10:50:40,949 [INFO] ConfigFileManager:1590 - The Die is : DIE447
2026-05-09 10:50:40,950 [INFO] ApiDbMcu:508 - Load IP Config File for FATFS
2026-05-09 10:50:40,963 [INFO] ApiDbMcu:508 - Load IP Config File for FREERTOS
2026-05-09 10:50:40,978 [INFO] ApiDbMcu:508 - Load IP Config File for TOUCHSENSING
2026-05-09 10:50:40,992 [INFO] ApiDbMcu:508 - Load IP Config File for USB_DEVICE
2026-05-09 10:50:41,580 [INFO] LogOutputStream:77 - [STDOUT_REDIRECT] 
2026-05-09 10:50:41,799 [ERROR] LogOutputStream:75 - [STDERR_REDIRECT] [Fatal Error] :1:1: Premature end of file.
2026-05-09 10:50:41,799 [ERROR] LogOutputStream:75 - [STDERR_REDIRECT] 
2026-05-09 10:50:42,815 [ERROR] LogOutputStream:75 - [STDERR_REDIRECT] [Fatal Error] :1:1: Premature end of file.
2026-05-09 10:50:42,815 [ERROR] LogOutputStream:75 - [STDERR_REDIRECT] 
2026-05-09 10:50:43,815 [ERROR] LogOutputStream:75 - [STDERR_REDIRECT] [Fatal Error] :1:1: Premature end of file.
2026-05-09 10:50:43,816 [ERROR] LogOutputStream:75 - [STDERR_REDIRECT] 
2026-05-09 10:50:44,455 [INFO] ProjectBuilder:5191 - Time for Generating toolchain IDE Files: 3568mS.
2026-05-09 10:50:44,456 [INFO] ProjectBuilder:3181 - Time for Copy CMSIS : 1mS.
2026-05-09 10:50:44,458 [INFO] ProjectBuilder:3181 - Time for Copy CMSIS : 0mS.
2026-05-09 10:50:44,808 [ERROR] LogOutputStream:75 - [STDERR_REDIRECT] [Fatal Error] :1:1: Premature end of file.
2026-05-09 10:50:44,808 [ERROR] LogOutputStream:75 - [STDERR_REDIRECT] 
2026-05-09 10:50:45,378 [INFO] McuFinderGlobals:76 - Set McuFinderConnectedMode to true
2026-05-09 10:50:45,379 [INFO] ApiDb:448 - Save user favorites file C:\Users\salem/.stm32cubeide/favorites.mcus.txt: 0 item(s)
2026-05-09 10:50:45,380 [INFO] ApiDb:452 - User favorites MCUs=[]
2026-05-09 10:50:45,802 [ERROR] LogOutputStream:75 - [STDERR_REDIRECT] [Fatal Error] :1:1: Premature end of file.
2026-05-09 10:50:45,802 [ERROR] LogOutputStream:75 - [STDERR_REDIRECT] 
2026-05-09 10:50:46,809 [ERROR] LogOutputStream:75 - [STDERR_REDIRECT] [Fatal Error] :1:1: Premature end of file.
2026-05-09 10:50:46,809 [ERROR] LogOutputStream:75 - [STDERR_REDIRECT] 
2026-05-09 10:50:47,798 [ERROR] LogOutputStream:75 - [STDERR_REDIRECT] [Fatal Error] :1:1: Premature end of file.
2026-05-09 10:50:47,798 [ERROR] LogOutputStream:75 - [STDERR_REDIRECT] 
2026-05-09 10:50:48,794 [ERROR] LogOutputStream:75 - [STDERR_REDIRECT] [Fatal Error] :1:1: Premature end of file.
2026-05-09 10:50:48,794 [ERROR] LogOutputStream:75 - [STDERR_REDIRECT] 
2026-05-09 10:50:49,797 [ERROR] LogOutputStream:75 - [STDERR_REDIRECT] [Fatal Error] :1:1: Premature end of file.
2026-05-09 10:50:49,797 [ERROR] LogOutputStream:75 - [STDERR_REDIRECT] 
2026-05-09 10:50:50,795 [ERROR] LogOutputStream:75 - [STDERR_REDIRECT] [Fatal Error] :1:1: Premature end of file.
2026-05-09 10:50:50,795 [ERROR] LogOutputStream:75 - [STDERR_REDIRECT] 
2026-05-09 10:50:51,793 [ERROR] LogOutputStream:75 - [STDERR_REDIRECT] [Fatal Error] :1:1: Premature end of file.
2026-05-09 10:50:51,794 [ERROR] LogOutputStream:75 - [STDERR_REDIRECT] 
2026-05-09 10:50:52,794 [ERROR] LogOutputStream:75 - [STDERR_REDIRECT] [Fatal Error] :1:1: Premature end of file.
2026-05-09 10:50:52,794 [ERROR] LogOutputStream:75 - [STDERR_REDIRECT] 
2026-05-09 10:50:53,796 [ERROR] LogOutputStream:75 - [STDERR_REDIRECT] [Fatal Error] :1:1: Premature end of file.
2026-05-09 10:50:53,797 [ERROR] LogOutputStream:75 - [STDERR_REDIRECT] 
2026-05-09 10:50:54,809 [ERROR] LogOutputStream:75 - [STDERR_REDIRECT] [Fatal Error] :1:1: Premature end of file.
2026-05-09 10:50:54,809 [ERROR] LogOutputStream:75 - [STDERR_REDIRECT] 
2026-05-09 10:50:55,805 [ERROR] LogOutputStream:75 - [STDERR_REDIRECT] [Fatal Error] :1:1: Premature end of file.
2026-05-09 10:50:55,805 [ERROR] LogOutputStream:75 - [STDERR_REDIRECT] 
2026-05-09 10:50:56,803 [ERROR] LogOutputStream:75 - [STDERR_REDIRECT] [Fatal Error] :1:1: Premature end of file.
2026-05-09 10:50:56,804 [ERROR] LogOutputStream:75 - [STDERR_REDIRECT] 
2026-05-09 10:50:57,809 [ERROR] LogOutputStream:75 - [STDERR_REDIRECT] [Fatal Error] :1:1: Premature end of file.
2026-05-09 10:50:57,809 [ERROR] LogOutputStream:75 - [STDERR_REDIRECT] 
2026-05-09 10:50:58,805 [ERROR] LogOutputStream:75 - [STDERR_REDIRECT] [Fatal Error] :1:1: Premature end of file.
2026-05-09 10:50:58,805 [ERROR] LogOutputStream:75 - [STDERR_REDIRECT] 
2026-05-09 10:50:59,809 [ERROR] LogOutputStream:75 - [STDERR_REDIRECT] [Fatal Error] :1:1: Premature end of file.
2026-05-09 10:50:59,809 [ERROR] LogOutputStream:75 - [STDERR_REDIRECT] 
2026-05-09 10:51:00,824 [ERROR] LogOutputStream:75 - [STDERR_REDIRECT] [Fatal Error] :1:1: Premature end of file.
2026-05-09 10:51:00,824 [ERROR] LogOutputStream:75 - [STDERR_REDIRECT] 
2026-05-09 10:51:01,806 [ERROR] LogOutputStream:75 - [STDERR_REDIRECT] [Fatal Error] :1:1: Premature end of file.
2026-05-09 10:51:01,806 [ERROR] LogOutputStream:75 - [STDERR_REDIRECT] 
2026-05-09 10:51:02,815 [ERROR] LogOutputStream:75 - [STDERR_REDIRECT] [Fatal Error] :1:1: Premature end of file.
2026-05-09 10:51:02,815 [ERROR] LogOutputStream:75 - [STDERR_REDIRECT] 
2026-05-09 10:51:03,820 [ERROR] LogOutputStream:75 - [STDERR_REDIRECT] [Fatal Error] :1:1: Premature end of file.
2026-05-09 10:51:03,820 [ERROR] LogOutputStream:75 - [STDERR_REDIRECT] 
2026-05-09 10:51:04,824 [ERROR] LogOutputStream:75 - [STDERR_REDIRECT] [Fatal Error] :1:1: Premature end of file.
2026-05-09 10:51:04,824 [ERROR] LogOutputStream:75 - [STDERR_REDIRECT] 
2026-05-09 10:51:05,820 [ERROR] LogOutputStream:75 - [STDERR_REDIRECT] [Fatal Error] :1:1: Premature end of file.
2026-05-09 10:51:05,820 [ERROR] LogOutputStream:75 - [STDERR_REDIRECT] 
2026-05-09 10:51:06,818 [ERROR] LogOutputStream:75 - [STDERR_REDIRECT] [Fatal Error] :1:1: Premature end of file.
2026-05-09 10:51:06,818 [ERROR] LogOutputStream:75 - [STDERR_REDIRECT] 
2026-05-09 10:51:07,824 [ERROR] LogOutputStream:75 - [STDERR_REDIRECT] [Fatal Error] :1:1: Premature end of file.
2026-05-09 10:51:07,824 [ERROR] LogOutputStream:75 - [STDERR_REDIRECT] 
2026-05-09 10:51:08,801 [ERROR] LogOutputStream:75 - [STDERR_REDIRECT] [Fatal Error] :1:1: Premature end of file.
2026-05-09 10:51:08,801 [ERROR] LogOutputStream:75 - [STDERR_REDIRECT] 
2026-05-09 10:51:09,823 [ERROR] LogOutputStream:75 - [STDERR_REDIRECT] [Fatal Error] :1:1: Premature end of file.
2026-05-09 10:51:09,823 [ERROR] LogOutputStream:75 - [STDERR_REDIRECT] 
2026-05-09 10:51:10,844 [ERROR] LogOutputStream:75 - [STDERR_REDIRECT] [Fatal Error] :1:1: Premature end of file.
2026-05-09 10:51:10,844 [ERROR] LogOutputStream:75 - [STDERR_REDIRECT] 
2026-05-09 10:51:11,836 [ERROR] LogOutputStream:75 - [STDERR_REDIRECT] [Fatal Error] :1:1: Premature end of file.
2026-05-09 10:51:11,836 [ERROR] LogOutputStream:75 - [STDERR_REDIRECT] 
2026-05-09 10:51:12,817 [ERROR] LogOutputStream:75 - [STDERR_REDIRECT] [Fatal Error] :1:1: Premature end of file.
2026-05-09 10:51:12,817 [ERROR] LogOutputStream:75 - [STDERR_REDIRECT] 
2026-05-09 10:51:13,805 [ERROR] LogOutputStream:75 - [STDERR_REDIRECT] [Fatal Error] :1:1: Premature end of file.
2026-05-09 10:51:13,805 [ERROR] LogOutputStream:75 - [STDERR_REDIRECT] 
2026-05-09 10:51:14,835 [ERROR] LogOutputStream:75 - [STDERR_REDIRECT] [Fatal Error] :1:1: Premature end of file.
2026-05-09 10:51:14,835 [ERROR] LogOutputStream:75 - [STDERR_REDIRECT] 
2026-05-09 10:51:15,842 [ERROR] LogOutputStream:75 - [STDERR_REDIRECT] [Fatal Error] :1:1: Premature end of file.
2026-05-09 10:51:15,843 [ERROR] LogOutputStream:75 - [STDERR_REDIRECT] 
2026-05-09 10:51:16,813 [ERROR] LogOutputStream:75 - [STDERR_REDIRECT] [Fatal Error] :1:1: Premature end of file.
2026-05-09 10:51:16,814 [ERROR] LogOutputStream:75 - [STDERR_REDIRECT] 
2026-05-09 10:51:17,812 [ERROR] LogOutputStream:75 - [STDERR_REDIRECT] [Fatal Error] :1:1: Premature end of file.
2026-05-09 10:51:17,812 [ERROR] LogOutputStream:75 - [STDERR_REDIRECT] 
2026-05-09 10:51:18,829 [ERROR] LogOutputStream:75 - [STDERR_REDIRECT] [Fatal Error] :1:1: Premature end of file.
2026-05-09 10:51:18,830 [ERROR] LogOutputStream:75 - [STDERR_REDIRECT] 
2026-05-09 10:51:19,821 [ERROR] LogOutputStream:75 - [STDERR_REDIRECT] [Fatal Error] :1:1: Premature end of file.
2026-05-09 10:51:19,821 [ERROR] LogOutputStream:75 - [STDERR_REDIRECT] 
2026-05-09 10:51:20,828 [ERROR] LogOutputStream:75 - [STDERR_REDIRECT] [Fatal Error] :1:1: Premature end of file.
2026-05-09 10:51:20,828 [ERROR] LogOutputStream:75 - [STDERR_REDIRECT] 
2026-05-09 10:51:21,806 [ERROR] LogOutputStream:75 - [STDERR_REDIRECT] [Fatal Error] :1:1: Premature end of file.
2026-05-09 10:51:21,806 [ERROR] LogOutputStream:75 - [STDERR_REDIRECT] 
2026-05-09 10:51:22,815 [ERROR] LogOutputStream:75 - [STDERR_REDIRECT] [Fatal Error] :1:1: Premature end of file.
2026-05-09 10:51:22,815 [ERROR] LogOutputStream:75 - [STDERR_REDIRECT] 
2026-05-09 10:51:23,811 [ERROR] LogOutputStream:75 - [STDERR_REDIRECT] [Fatal Error] :1:1: Premature end of file.
2026-05-09 10:51:23,811 [ERROR] LogOutputStream:75 - [STDERR_REDIRECT] 
2026-05-09 10:51:24,813 [ERROR] LogOutputStream:75 - [STDERR_REDIRECT] [Fatal Error] :1:1: Premature end of file.
2026-05-09 10:51:24,813 [ERROR] LogOutputStream:75 - [STDERR_REDIRECT] 
2026-05-09 10:51:25,818 [ERROR] LogOutputStream:75 - [STDERR_REDIRECT] [Fatal Error] :1:1: Premature end of file.
2026-05-09 10:51:25,818 [ERROR] LogOutputStream:75 - [STDERR_REDIRECT] 
2026-05-09 10:51:26,834 [ERROR] LogOutputStream:75 - [STDERR_REDIRECT] [Fatal Error] :1:1: Premature end of file.
2026-05-09 10:51:26,834 [ERROR] LogOutputStream:75 - [STDERR_REDIRECT] 
2026-05-09 10:51:27,842 [ERROR] LogOutputStream:75 - [STDERR_REDIRECT] [Fatal Error] :1:1: Premature end of file.
2026-05-09 10:51:27,844 [ERROR] LogOutputStream:75 - [STDERR_REDIRECT] 
2026-05-09 10:51:28,824 [ERROR] LogOutputStream:75 - [STDERR_REDIRECT] [Fatal Error] :1:1: Premature end of file.
2026-05-09 10:51:28,825 [ERROR] LogOutputStream:75 - [STDERR_REDIRECT] 
2026-05-09 10:51:29,825 [ERROR] LogOutputStream:75 - [STDERR_REDIRECT] [Fatal Error] :1:1: Premature end of file.
2026-05-09 10:51:29,826 [ERROR] LogOutputStream:75 - [STDERR_REDIRECT] 
2026-05-09 10:51:30,803 [ERROR] LogOutputStream:75 - [STDERR_REDIRECT] [Fatal Error] :1:1: Premature end of file.
2026-05-09 10:51:30,803 [ERROR] LogOutputStream:75 - [STDERR_REDIRECT] 
2026-05-09 10:51:31,831 [ERROR] LogOutputStream:75 - [STDERR_REDIRECT] [Fatal Error] :1:1: Premature end of file.
2026-05-09 10:51:31,831 [ERROR] LogOutputStream:75 - [STDERR_REDIRECT] 
2026-05-09 10:51:32,835 [ERROR] LogOutputStream:75 - [STDERR_REDIRECT] [Fatal Error] :1:1: Premature end of file.
2026-05-09 10:51:32,836 [ERROR] LogOutputStream:75 - [STDERR_REDIRECT] 
2026-05-09 10:51:33,839 [ERROR] LogOutputStream:75 - [STDERR_REDIRECT] [Fatal Error] :1:1: Premature end of file.
2026-05-09 10:51:33,839 [ERROR] LogOutputStream:75 - [STDERR_REDIRECT] 
2026-05-09 10:51:34,828 [ERROR] LogOutputStream:75 - [STDERR_REDIRECT] [Fatal Error] :1:1: Premature end of file.
2026-05-09 10:51:34,828 [ERROR] LogOutputStream:75 - [STDERR_REDIRECT] 
2026-05-09 10:51:35,826 [ERROR] LogOutputStream:75 - [STDERR_REDIRECT] [Fatal Error] :1:1: Premature end of file.
2026-05-09 10:51:35,826 [ERROR] LogOutputStream:75 - [STDERR_REDIRECT] 
2026-05-09 10:51:36,822 [ERROR] LogOutputStream:75 - [STDERR_REDIRECT] [Fatal Error] :1:1: Premature end of file.
2026-05-09 10:51:36,822 [ERROR] LogOutputStream:75 - [STDERR_REDIRECT] 
2026-05-09 10:51:37,825 [ERROR] LogOutputStream:75 - [STDERR_REDIRECT] [Fatal Error] :1:1: Premature end of file.
2026-05-09 10:51:37,825 [ERROR] LogOutputStream:75 - [STDERR_REDIRECT] 
2026-05-09 10:51:38,820 [ERROR] LogOutputStream:75 - [STDERR_REDIRECT] [Fatal Error] :1:1: Premature end of file.
2026-05-09 10:51:38,820 [ERROR] LogOutputStream:75 - [STDERR_REDIRECT] 
2026-05-09 10:51:39,831 [ERROR] LogOutputStream:75 - [STDERR_REDIRECT] [Fatal Error] :1:1: Premature end of file.
2026-05-09 10:51:39,831 [ERROR] LogOutputStream:75 - [STDERR_REDIRECT] 
2026-05-09 10:51:40,827 [ERROR] LogOutputStream:75 - [STDERR_REDIRECT] [Fatal Error] :1:1: Premature end of file.
2026-05-09 10:51:40,827 [ERROR] LogOutputStream:75 - [STDERR_REDIRECT] 
2026-05-09 10:51:41,834 [ERROR] LogOutputStream:75 - [STDERR_REDIRECT] [Fatal Error] :1:1: Premature end of file.
2026-05-09 10:51:41,834 [ERROR] LogOutputStream:75 - [STDERR_REDIRECT] 
2026-05-09 10:51:42,821 [ERROR] LogOutputStream:75 - [STDERR_REDIRECT] [Fatal Error] :1:1: Premature end of file.
2026-05-09 10:51:42,822 [ERROR] LogOutputStream:75 - [STDERR_REDIRECT] 
2026-05-09 10:51:43,832 [ERROR] LogOutputStream:75 - [STDERR_REDIRECT] [Fatal Error] :1:1: Premature end of file.
2026-05-09 10:51:43,832 [ERROR] LogOutputStream:75 - [STDERR_REDIRECT] 
2026-05-09 10:51:44,816 [ERROR] LogOutputStream:75 - [STDERR_REDIRECT] [Fatal Error] :1:1: Premature end of file.
2026-05-09 10:51:44,816 [ERROR] LogOutputStream:75 - [STDERR_REDIRECT] 
2026-05-09 10:51:45,847 [ERROR] LogOutputStream:75 - [STDERR_REDIRECT] [Fatal Error] :1:1: Premature end of file.
2026-05-09 10:51:45,847 [ERROR] LogOutputStream:75 - [STDERR_REDIRECT] 
2026-05-09 10:51:46,831 [ERROR] LogOutputStream:75 - [STDERR_REDIRECT] [Fatal Error] :1:1: Premature end of file.
2026-05-09 10:51:46,831 [ERROR] LogOutputStream:75 - [STDERR_REDIRECT] 
2026-05-09 10:51:47,828 [ERROR] LogOutputStream:75 - [STDERR_REDIRECT] [Fatal Error] :1:1: Premature end of file.
2026-05-09 10:51:47,828 [ERROR] LogOutputStream:75 - [STDERR_REDIRECT] 
2026-05-09 10:51:48,832 [ERROR] LogOutputStream:75 - [STDERR_REDIRECT] [Fatal Error] :1:1: Premature end of file.
2026-05-09 10:51:48,832 [ERROR] LogOutputStream:75 - [STDERR_REDIRECT] 
2026-05-09 10:51:49,833 [ERROR] LogOutputStream:75 - [STDERR_REDIRECT] [Fatal Error] :1:1: Premature end of file.
2026-05-09 10:51:49,833 [ERROR] LogOutputStream:75 - [STDERR_REDIRECT] 
2026-05-09 10:51:50,830 [ERROR] LogOutputStream:75 - [STDERR_REDIRECT] [Fatal Error] :1:1: Premature end of file.
2026-05-09 10:51:50,831 [ERROR] LogOutputStream:75 - [STDERR_REDIRECT] 
2026-05-09 10:51:51,825 [ERROR] LogOutputStream:75 - [STDERR_REDIRECT] [Fatal Error] :1:1: Premature end of file.
2026-05-09 10:51:51,825 [ERROR] LogOutputStream:75 - [STDERR_REDIRECT] 
2026-05-09 10:51:52,835 [ERROR] LogOutputStream:75 - [STDERR_REDIRECT] [Fatal Error] :1:1: Premature end of file.
2026-05-09 10:51:52,835 [ERROR] LogOutputStream:75 - [STDERR_REDIRECT] 
2026-05-09 10:51:53,825 [ERROR] LogOutputStream:75 - [STDERR_REDIRECT] [Fatal Error] :1:1: Premature end of file.
2026-05-09 10:51:53,826 [ERROR] LogOutputStream:75 - [STDERR_REDIRECT] 
2026-05-09 10:51:54,816 [ERROR] LogOutputStream:75 - [STDERR_REDIRECT] [Fatal Error] :1:1: Premature end of file.
2026-05-09 10:51:54,817 [ERROR] LogOutputStream:75 - [STDERR_REDIRECT] 
2026-05-09 10:51:55,832 [ERROR] LogOutputStream:75 - [STDERR_REDIRECT] [Fatal Error] :1:1: Premature end of file.
2026-05-09 10:51:55,832 [ERROR] LogOutputStream:75 - [STDERR_REDIRECT] 
2026-05-09 10:51:56,810 [ERROR] LogOutputStream:75 - [STDERR_REDIRECT] [Fatal Error] :1:1: Premature end of file.
2026-05-09 10:51:56,811 [ERROR] LogOutputStream:75 - [STDERR_REDIRECT] 
2026-05-09 10:51:57,812 [ERROR] LogOutputStream:75 - [STDERR_REDIRECT] [Fatal Error] :1:1: Premature end of file.
2026-05-09 10:51:57,812 [ERROR] LogOutputStream:75 - [STDERR_REDIRECT] 
2026-05-09 10:51:58,813 [ERROR] LogOutputStream:75 - [STDERR_REDIRECT] [Fatal Error] :1:1: Premature end of file.
2026-05-09 10:51:58,813 [ERROR] LogOutputStream:75 - [STDERR_REDIRECT] 
2026-05-09 10:51:59,801 [ERROR] LogOutputStream:75 - [STDERR_REDIRECT] [Fatal Error] :1:1: Premature end of file.
2026-05-09 10:51:59,801 [ERROR] LogOutputStream:75 - [STDERR_REDIRECT] 
2026-05-09 10:52:00,807 [ERROR] LogOutputStream:75 - [STDERR_REDIRECT] [Fatal Error] :1:1: Premature end of file.
2026-05-09 10:52:00,808 [ERROR] LogOutputStream:75 - [STDERR_REDIRECT] 
2026-05-09 10:52:01,820 [ERROR] LogOutputStream:75 - [STDERR_REDIRECT] [Fatal Error] :1:1: Premature end of file.
2026-05-09 10:52:01,820 [ERROR] LogOutputStream:75 - [STDERR_REDIRECT] 
2026-05-09 10:52:02,812 [ERROR] LogOutputStream:75 - [STDERR_REDIRECT] [Fatal Error] :1:1: Premature end of file.
2026-05-09 10:52:02,812 [ERROR] LogOutputStream:75 - [STDERR_REDIRECT] 
2026-05-09 10:52:03,828 [ERROR] LogOutputStream:75 - [STDERR_REDIRECT] [Fatal Error] :1:1: Premature end of file.
2026-05-09 10:52:03,828 [ERROR] LogOutputStream:75 - [STDERR_REDIRECT] 
2026-05-09 10:52:04,819 [ERROR] LogOutputStream:75 - [STDERR_REDIRECT] [Fatal Error] :1:1: Premature end of file.
2026-05-09 10:52:04,819 [ERROR] LogOutputStream:75 - [STDERR_REDIRECT] 
2026-05-09 10:52:05,806 [ERROR] LogOutputStream:75 - [STDERR_REDIRECT] [Fatal Error] :1:1: Premature end of file.
2026-05-09 10:52:05,806 [ERROR] LogOutputStream:75 - [STDERR_REDIRECT] 
2026-05-09 10:52:06,812 [ERROR] LogOutputStream:75 - [STDERR_REDIRECT] [Fatal Error] :1:1: Premature end of file.
2026-05-09 10:52:06,812 [ERROR] LogOutputStream:75 - [STDERR_REDIRECT] 
2026-05-09 10:52:07,811 [ERROR] LogOutputStream:75 - [STDERR_REDIRECT] [Fatal Error] :1:1: Premature end of file.
2026-05-09 10:52:07,811 [ERROR] LogOutputStream:75 - [STDERR_REDIRECT] 
2026-05-09 10:52:08,815 [ERROR] LogOutputStream:75 - [STDERR_REDIRECT] [Fatal Error] :1:1: Premature end of file.
2026-05-09 10:52:08,815 [ERROR] LogOutputStream:75 - [STDERR_REDIRECT] 
2026-05-09 10:52:09,819 [ERROR] LogOutputStream:75 - [STDERR_REDIRECT] [Fatal Error] :1:1: Premature end of file.
2026-05-09 10:52:09,819 [ERROR] LogOutputStream:75 - [STDERR_REDIRECT] 
2026-05-09 10:52:10,804 [ERROR] LogOutputStream:75 - [STDERR_REDIRECT] [Fatal Error] :1:1: Premature end of file.
2026-05-09 10:52:10,804 [ERROR] LogOutputStream:75 - [STDERR_REDIRECT] 
2026-05-09 10:52:11,808 [ERROR] LogOutputStream:75 - [STDERR_REDIRECT] [Fatal Error] :1:1: Premature end of file.
2026-05-09 10:52:11,808 [ERROR] LogOutputStream:75 - [STDERR_REDIRECT] 
2026-05-09 10:52:12,817 [ERROR] LogOutputStream:75 - [STDERR_REDIRECT] [Fatal Error] :1:1: Premature end of file.
2026-05-09 10:52:12,817 [ERROR] LogOutputStream:75 - [STDERR_REDIRECT] 
2026-05-09 10:52:13,805 [ERROR] LogOutputStream:75 - [STDERR_REDIRECT] [Fatal Error] :1:1: Premature end of file.
2026-05-09 10:52:13,805 [ERROR] LogOutputStream:75 - [STDERR_REDIRECT] 
2026-05-09 10:52:14,810 [ERROR] LogOutputStream:75 - [STDERR_REDIRECT] [Fatal Error] :1:1: Premature end of file.
2026-05-09 10:52:14,810 [ERROR] LogOutputStream:75 - [STDERR_REDIRECT] 
2026-05-09 10:52:15,817 [ERROR] LogOutputStream:75 - [STDERR_REDIRECT] [Fatal Error] :1:1: Premature end of file.
2026-05-09 10:52:15,817 [ERROR] LogOutputStream:75 - [STDERR_REDIRECT] 
2026-05-09 10:52:16,817 [ERROR] LogOutputStream:75 - [STDERR_REDIRECT] [Fatal Error] :1:1: Premature end of file.
2026-05-09 10:52:16,817 [ERROR] LogOutputStream:75 - [STDERR_REDIRECT] 
2026-05-09 10:52:17,808 [ERROR] LogOutputStream:75 - [STDERR_REDIRECT] [Fatal Error] :1:1: Premature end of file.
2026-05-09 10:52:17,808 [ERROR] LogOutputStream:75 - [STDERR_REDIRECT] 
2026-05-09 10:52:18,809 [ERROR] LogOutputStream:75 - [STDERR_REDIRECT] [Fatal Error] :1:1: Premature end of file.
2026-05-09 10:52:18,809 [ERROR] LogOutputStream:75 - [STDERR_REDIRECT] 
2026-05-09 10:52:19,820 [ERROR] LogOutputStream:75 - [STDERR_REDIRECT] [Fatal Error] :1:1: Premature end of file.
2026-05-09 10:52:19,820 [ERROR] LogOutputStream:75 - [STDERR_REDIRECT] 
2026-05-09 10:52:20,836 [ERROR] LogOutputStream:75 - [STDERR_REDIRECT] [Fatal Error] :1:1: Premature end of file.
2026-05-09 10:52:20,837 [ERROR] LogOutputStream:75 - [STDERR_REDIRECT] 
2026-05-09 10:52:21,831 [ERROR] LogOutputStream:75 - [STDERR_REDIRECT] [Fatal Error] :1:1: Premature end of file.
2026-05-09 10:52:21,832 [ERROR] LogOutputStream:75 - [STDERR_REDIRECT] 
2026-05-09 10:52:22,819 [ERROR] LogOutputStream:75 - [STDERR_REDIRECT] [Fatal Error] :1:1: Premature end of file.
2026-05-09 10:52:22,819 [ERROR] LogOutputStream:75 - [STDERR_REDIRECT] 
2026-05-09 10:52:23,854 [ERROR] LogOutputStream:75 - [STDERR_REDIRECT] [Fatal Error] :1:1: Premature end of file.
2026-05-09 10:52:23,855 [ERROR] LogOutputStream:75 - [STDERR_REDIRECT] 
2026-05-09 10:52:24,834 [ERROR] LogOutputStream:75 - [STDERR_REDIRECT] [Fatal Error] :1:1: Premature end of file.
2026-05-09 10:52:24,834 [ERROR] LogOutputStream:75 - [STDERR_REDIRECT] 
2026-05-09 10:52:25,810 [ERROR] LogOutputStream:75 - [STDERR_REDIRECT] [Fatal Error] :1:1: Premature end of file.
2026-05-09 10:52:25,810 [ERROR] LogOutputStream:75 - [STDERR_REDIRECT] 
2026-05-09 10:52:26,825 [ERROR] LogOutputStream:75 - [STDERR_REDIRECT] [Fatal Error] :1:1: Premature end of file.
2026-05-09 10:52:26,825 [ERROR] LogOutputStream:75 - [STDERR_REDIRECT] 
2026-05-09 10:52:27,810 [ERROR] LogOutputStream:75 - [STDERR_REDIRECT] [Fatal Error] :1:1: Premature end of file.
2026-05-09 10:52:27,811 [ERROR] LogOutputStream:75 - [STDERR_REDIRECT] 
2026-05-09 10:52:28,796 [ERROR] LogOutputStream:75 - [STDERR_REDIRECT] [Fatal Error] :1:1: Premature end of file.
2026-05-09 10:52:28,796 [ERROR] LogOutputStream:75 - [STDERR_REDIRECT] 
2026-05-09 10:52:29,796 [ERROR] LogOutputStream:75 - [STDERR_REDIRECT] [Fatal Error] :1:1: Premature end of file.
2026-05-09 10:52:29,796 [ERROR] LogOutputStream:75 - [STDERR_REDIRECT] 
2026-05-09 10:52:30,815 [ERROR] LogOutputStream:75 - [STDERR_REDIRECT] [Fatal Error] :1:1: Premature end of file.
2026-05-09 10:52:30,815 [ERROR] LogOutputStream:75 - [STDERR_REDIRECT] 
2026-05-09 10:52:31,821 [ERROR] LogOutputStream:75 - [STDERR_REDIRECT] [Fatal Error] :1:1: Premature end of file.
2026-05-09 10:52:31,821 [ERROR] LogOutputStream:75 - [STDERR_REDIRECT] 
2026-05-09 10:52:32,814 [ERROR] LogOutputStream:75 - [STDERR_REDIRECT] [Fatal Error] :1:1: Premature end of file.
2026-05-09 10:52:32,814 [ERROR] LogOutputStream:75 - [STDERR_REDIRECT] 
2026-05-09 10:52:33,806 [ERROR] LogOutputStream:75 - [STDERR_REDIRECT] [Fatal Error] :1:1: Premature end of file.
2026-05-09 10:52:33,806 [ERROR] LogOutputStream:75 - [STDERR_REDIRECT] 
2026-05-09 10:52:34,817 [ERROR] LogOutputStream:75 - [STDERR_REDIRECT] [Fatal Error] :1:1: Premature end of file.
2026-05-09 10:52:34,818 [ERROR] LogOutputStream:75 - [STDERR_REDIRECT] 
2026-05-09 10:52:35,797 [ERROR] LogOutputStream:75 - [STDERR_REDIRECT] [Fatal Error] :1:1: Premature end of file.
2026-05-09 10:52:35,797 [ERROR] LogOutputStream:75 - [STDERR_REDIRECT] 
2026-05-09 10:52:36,808 [ERROR] LogOutputStream:75 - [STDERR_REDIRECT] [Fatal Error] :1:1: Premature end of file.
2026-05-09 10:52:36,808 [ERROR] LogOutputStream:75 - [STDERR_REDIRECT] 
2026-05-09 10:52:37,809 [ERROR] LogOutputStream:75 - [STDERR_REDIRECT] [Fatal Error] :1:1: Premature end of file.
2026-05-09 10:52:37,809 [ERROR] LogOutputStream:75 - [STDERR_REDIRECT] 
2026-05-09 10:52:38,814 [ERROR] LogOutputStream:75 - [STDERR_REDIRECT] [Fatal Error] :1:1: Premature end of file.
2026-05-09 10:52:38,814 [ERROR] LogOutputStream:75 - [STDERR_REDIRECT] 
2026-05-09 10:52:39,798 [ERROR] LogOutputStream:75 - [STDERR_REDIRECT] [Fatal Error] :1:1: Premature end of file.
2026-05-09 10:52:39,798 [ERROR] LogOutputStream:75 - [STDERR_REDIRECT] 
2026-05-09 10:52:40,812 [ERROR] LogOutputStream:75 - [STDERR_REDIRECT] [Fatal Error] :1:1: Premature end of file.
2026-05-09 10:52:40,812 [ERROR] LogOutputStream:75 - [STDERR_REDIRECT] 
2026-05-09 10:52:41,796 [ERROR] LogOutputStream:75 - [STDERR_REDIRECT] [Fatal Error] :1:1: Premature end of file.
2026-05-09 10:52:41,796 [ERROR] LogOutputStream:75 - [STDERR_REDIRECT] 
2026-05-09 10:52:42,807 [ERROR] LogOutputStream:75 - [STDERR_REDIRECT] [Fatal Error] :1:1: Premature end of file.
2026-05-09 10:52:42,807 [ERROR] LogOutputStream:75 - [STDERR_REDIRECT] 
2026-05-09 10:52:43,810 [ERROR] LogOutputStream:75 - [STDERR_REDIRECT] [Fatal Error] :1:1: Premature end of file.
2026-05-09 10:52:43,810 [ERROR] LogOutputStream:75 - [STDERR_REDIRECT] 
2026-05-09 10:52:44,819 [ERROR] LogOutputStream:75 - [STDERR_REDIRECT] [Fatal Error] :1:1: Premature end of file.
2026-05-09 10:52:44,819 [ERROR] LogOutputStream:75 - [STDERR_REDIRECT] 
2026-05-09 10:52:45,799 [ERROR] LogOutputStream:75 - [STDERR_REDIRECT] [Fatal Error] :1:1: Premature end of file.
2026-05-09 10:52:45,799 [ERROR] LogOutputStream:75 - [STDERR_REDIRECT] 
2026-05-09 10:52:46,823 [ERROR] LogOutputStream:75 - [STDERR_REDIRECT] [Fatal Error] :1:1: Premature end of file.
2026-05-09 10:52:46,823 [ERROR] LogOutputStream:75 - [STDERR_REDIRECT] 
2026-05-09 10:52:47,816 [ERROR] LogOutputStream:75 - [STDERR_REDIRECT] [Fatal Error] :1:1: Premature end of file.
2026-05-09 10:52:47,817 [ERROR] LogOutputStream:75 - [STDERR_REDIRECT] 
2026-05-09 10:52:48,814 [ERROR] LogOutputStream:75 - [STDERR_REDIRECT] [Fatal Error] :1:1: Premature end of file.
2026-05-09 10:52:48,814 [ERROR] LogOutputStream:75 - [STDERR_REDIRECT] 
2026-05-09 10:52:49,815 [ERROR] LogOutputStream:75 - [STDERR_REDIRECT] [Fatal Error] :1:1: Premature end of file.
2026-05-09 10:52:49,815 [ERROR] LogOutputStream:75 - [STDERR_REDIRECT] 
2026-05-09 10:52:50,815 [ERROR] LogOutputStream:75 - [STDERR_REDIRECT] [Fatal Error] :1:1: Premature end of file.
2026-05-09 10:52:50,815 [ERROR] LogOutputStream:75 - [STDERR_REDIRECT] 
2026-05-09 10:52:51,817 [ERROR] LogOutputStream:75 - [STDERR_REDIRECT] [Fatal Error] :1:1: Premature end of file.
2026-05-09 10:52:51,817 [ERROR] LogOutputStream:75 - [STDERR_REDIRECT] 
2026-05-09 10:52:52,810 [ERROR] LogOutputStream:75 - [STDERR_REDIRECT] [Fatal Error] :1:1: Premature end of file.
2026-05-09 10:52:52,810 [ERROR] LogOutputStream:75 - [STDERR_REDIRECT] 
2026-05-09 10:52:53,811 [ERROR] LogOutputStream:75 - [STDERR_REDIRECT] [Fatal Error] :1:1: Premature end of file.
2026-05-09 10:52:53,811 [ERROR] LogOutputStream:75 - [STDERR_REDIRECT] 
2026-05-09 10:52:54,825 [ERROR] LogOutputStream:75 - [STDERR_REDIRECT] [Fatal Error] :1:1: Premature end of file.
2026-05-09 10:52:54,825 [ERROR] LogOutputStream:75 - [STDERR_REDIRECT] 
2026-05-09 10:52:55,815 [ERROR] LogOutputStream:75 - [STDERR_REDIRECT] [Fatal Error] :1:1: Premature end of file.
2026-05-09 10:52:55,815 [ERROR] LogOutputStream:75 - [STDERR_REDIRECT] 
2026-05-09 10:52:56,813 [ERROR] LogOutputStream:75 - [STDERR_REDIRECT] [Fatal Error] :1:1: Premature end of file.
2026-05-09 10:52:56,813 [ERROR] LogOutputStream:75 - [STDERR_REDIRECT] 
2026-05-09 10:52:57,816 [ERROR] LogOutputStream:75 - [STDERR_REDIRECT] [Fatal Error] :1:1: Premature end of file.
2026-05-09 10:52:57,816 [ERROR] LogOutputStream:75 - [STDERR_REDIRECT] 
2026-05-09 10:52:58,811 [ERROR] LogOutputStream:75 - [STDERR_REDIRECT] [Fatal Error] :1:1: Premature end of file.
2026-05-09 10:52:58,811 [ERROR] LogOutputStream:75 - [STDERR_REDIRECT] 
2026-05-09 10:52:59,816 [ERROR] LogOutputStream:75 - [STDERR_REDIRECT] [Fatal Error] :1:1: Premature end of file.
2026-05-09 10:52:59,816 [ERROR] LogOutputStream:75 - [STDERR_REDIRECT] 
2026-05-09 10:53:00,815 [ERROR] LogOutputStream:75 - [STDERR_REDIRECT] [Fatal Error] :1:1: Premature end of file.
2026-05-09 10:53:00,816 [ERROR] LogOutputStream:75 - [STDERR_REDIRECT] 
2026-05-09 10:53:01,810 [ERROR] LogOutputStream:75 - [STDERR_REDIRECT] [Fatal Error] :1:1: Premature end of file.
2026-05-09 10:53:01,810 [ERROR] LogOutputStream:75 - [STDERR_REDIRECT] 
2026-05-09 10:53:02,807 [ERROR] LogOutputStream:75 - [STDERR_REDIRECT] [Fatal Error] :1:1: Premature end of file.
2026-05-09 10:53:02,807 [ERROR] LogOutputStream:75 - [STDERR_REDIRECT] 
2026-05-09 10:53:03,814 [ERROR] LogOutputStream:75 - [STDERR_REDIRECT] [Fatal Error] :1:1: Premature end of file.
2026-05-09 10:53:03,814 [ERROR] LogOutputStream:75 - [STDERR_REDIRECT] 
2026-05-09 10:53:04,824 [ERROR] LogOutputStream:75 - [STDERR_REDIRECT] [Fatal Error] :1:1: Premature end of file.
2026-05-09 10:53:04,824 [ERROR] LogOutputStream:75 - [STDERR_REDIRECT] 
2026-05-09 10:53:05,813 [ERROR] LogOutputStream:75 - [STDERR_REDIRECT] [Fatal Error] :1:1: Premature end of file.
2026-05-09 10:53:05,813 [ERROR] LogOutputStream:75 - [STDERR_REDIRECT] 
2026-05-09 10:53:06,817 [ERROR] LogOutputStream:75 - [STDERR_REDIRECT] [Fatal Error] :1:1: Premature end of file.
2026-05-09 10:53:06,817 [ERROR] LogOutputStream:75 - [STDERR_REDIRECT] 
2026-05-09 10:53:07,812 [ERROR] LogOutputStream:75 - [STDERR_REDIRECT] [Fatal Error] :1:1: Premature end of file.
2026-05-09 10:53:07,813 [ERROR] LogOutputStream:75 - [STDERR_REDIRECT] 
2026-05-09 10:53:08,819 [ERROR] LogOutputStream:75 - [STDERR_REDIRECT] [Fatal Error] :1:1: Premature end of file.
2026-05-09 10:53:08,819 [ERROR] LogOutputStream:75 - [STDERR_REDIRECT] 
2026-05-09 10:53:09,809 [ERROR] LogOutputStream:75 - [STDERR_REDIRECT] [Fatal Error] :1:1: Premature end of file.
2026-05-09 10:53:09,809 [ERROR] LogOutputStream:75 - [STDERR_REDIRECT] 
2026-05-09 10:53:10,810 [ERROR] LogOutputStream:75 - [STDERR_REDIRECT] [Fatal Error] :1:1: Premature end of file.
2026-05-09 10:53:10,810 [ERROR] LogOutputStream:75 - [STDERR_REDIRECT] 
2026-05-09 10:53:11,810 [ERROR] LogOutputStream:75 - [STDERR_REDIRECT] [Fatal Error] :1:1: Premature end of file.
2026-05-09 10:53:11,810 [ERROR] LogOutputStream:75 - [STDERR_REDIRECT] 
2026-05-09 10:53:12,810 [ERROR] LogOutputStream:75 - [STDERR_REDIRECT] [Fatal Error] :1:1: Premature end of file.
2026-05-09 10:53:12,810 [ERROR] LogOutputStream:75 - [STDERR_REDIRECT] 
2026-05-09 10:53:13,820 [ERROR] LogOutputStream:75 - [STDERR_REDIRECT] [Fatal Error] :1:1: Premature end of file.
2026-05-09 10:53:13,820 [ERROR] LogOutputStream:75 - [STDERR_REDIRECT] 
2026-05-09 10:53:14,818 [ERROR] LogOutputStream:75 - [STDERR_REDIRECT] [Fatal Error] :1:1: Premature end of file.
2026-05-09 10:53:14,818 [ERROR] LogOutputStream:75 - [STDERR_REDIRECT] 
2026-05-09 10:53:15,806 [ERROR] LogOutputStream:75 - [STDERR_REDIRECT] [Fatal Error] :1:1: Premature end of file.
2026-05-09 10:53:15,806 [ERROR] LogOutputStream:75 - [STDERR_REDIRECT] 
2026-05-09 10:53:16,813 [ERROR] LogOutputStream:75 - [STDERR_REDIRECT] [Fatal Error] :1:1: Premature end of file.
2026-05-09 10:53:16,813 [ERROR] LogOutputStream:75 - [STDERR_REDIRECT] 
2026-05-09 10:53:17,816 [ERROR] LogOutputStream:75 - [STDERR_REDIRECT] [Fatal Error] :1:1: Premature end of file.
2026-05-09 10:53:17,816 [ERROR] LogOutputStream:75 - [STDERR_REDIRECT] 
2026-05-09 10:53:18,815 [ERROR] LogOutputStream:75 - [STDERR_REDIRECT] [Fatal Error] :1:1: Premature end of file.
2026-05-09 10:53:18,815 [ERROR] LogOutputStream:75 - [STDERR_REDIRECT] 
2026-05-09 10:53:19,813 [ERROR] LogOutputStream:75 - [STDERR_REDIRECT] [Fatal Error] :1:1: Premature end of file.
2026-05-09 10:53:19,813 [ERROR] LogOutputStream:75 - [STDERR_REDIRECT] 
2026-05-09 10:53:20,815 [ERROR] LogOutputStream:75 - [STDERR_REDIRECT] [Fatal Error] :1:1: Premature end of file.
2026-05-09 10:53:20,815 [ERROR] LogOutputStream:75 - [STDERR_REDIRECT] 
2026-05-09 10:53:21,822 [ERROR] LogOutputStream:75 - [STDERR_REDIRECT] [Fatal Error] :1:1: Premature end of file.
2026-05-09 10:53:21,823 [ERROR] LogOutputStream:75 - [STDERR_REDIRECT] 
2026-05-09 10:53:22,847 [ERROR] LogOutputStream:75 - [STDERR_REDIRECT] [Fatal Error] :1:1: Premature end of file.
2026-05-09 10:53:22,847 [ERROR] LogOutputStream:75 - [STDERR_REDIRECT] 
2026-05-09 10:53:23,822 [ERROR] LogOutputStream:75 - [STDERR_REDIRECT] [Fatal Error] :1:1: Premature end of file.
2026-05-09 10:53:23,822 [ERROR] LogOutputStream:75 - [STDERR_REDIRECT] 
2026-05-09 10:53:24,815 [ERROR] LogOutputStream:75 - [STDERR_REDIRECT] [Fatal Error] :1:1: Premature end of file.
2026-05-09 10:53:24,815 [ERROR] LogOutputStream:75 - [STDERR_REDIRECT] 
2026-05-09 10:53:25,839 [ERROR] LogOutputStream:75 - [STDERR_REDIRECT] [Fatal Error] :1:1: Premature end of file.
2026-05-09 10:53:25,839 [ERROR] LogOutputStream:75 - [STDERR_REDIRECT] 
2026-05-09 10:53:26,809 [ERROR] LogOutputStream:75 - [STDERR_REDIRECT] [Fatal Error] :1:1: Premature end of file.
2026-05-09 10:53:26,809 [ERROR] LogOutputStream:75 - [STDERR_REDIRECT] 
2026-05-09 10:53:27,839 [ERROR] LogOutputStream:75 - [STDERR_REDIRECT] [Fatal Error] :1:1: Premature end of file.
2026-05-09 10:53:27,839 [ERROR] LogOutputStream:75 - [STDERR_REDIRECT] 
2026-05-09 10:53:28,817 [ERROR] LogOutputStream:75 - [STDERR_REDIRECT] [Fatal Error] :1:1: Premature end of file.
2026-05-09 10:53:28,818 [ERROR] LogOutputStream:75 - [STDERR_REDIRECT] 
2026-05-09 10:53:29,815 [ERROR] LogOutputStream:75 - [STDERR_REDIRECT] [Fatal Error] :1:1: Premature end of file.
2026-05-09 10:53:29,815 [ERROR] LogOutputStream:75 - [STDERR_REDIRECT] 
2026-05-09 10:53:30,815 [ERROR] LogOutputStream:75 - [STDERR_REDIRECT] [Fatal Error] :1:1: Premature end of file.
2026-05-09 10:53:30,815 [ERROR] LogOutputStream:75 - [STDERR_REDIRECT] 
2026-05-09 10:53:31,813 [ERROR] LogOutputStream:75 - [STDERR_REDIRECT] [Fatal Error] :1:1: Premature end of file.
2026-05-09 10:53:31,813 [ERROR] LogOutputStream:75 - [STDERR_REDIRECT] 
2026-05-09 10:53:32,815 [ERROR] LogOutputStream:75 - [STDERR_REDIRECT] [Fatal Error] :1:1: Premature end of file.
2026-05-09 10:53:32,815 [ERROR] LogOutputStream:75 - [STDERR_REDIRECT] 
2026-05-09 10:53:33,814 [ERROR] LogOutputStream:75 - [STDERR_REDIRECT] [Fatal Error] :1:1: Premature end of file.
2026-05-09 10:53:33,814 [ERROR] LogOutputStream:75 - [STDERR_REDIRECT] 
2026-05-09 10:53:34,821 [ERROR] LogOutputStream:75 - [STDERR_REDIRECT] [Fatal Error] :1:1: Premature end of file.
2026-05-09 10:53:34,821 [ERROR] LogOutputStream:75 - [STDERR_REDIRECT] 
2026-05-09 10:53:35,814 [ERROR] LogOutputStream:75 - [STDERR_REDIRECT] [Fatal Error] :1:1: Premature end of file.
2026-05-09 10:53:35,814 [ERROR] LogOutputStream:75 - [STDERR_REDIRECT] 
2026-05-09 10:53:36,813 [ERROR] LogOutputStream:75 - [STDERR_REDIRECT] [Fatal Error] :1:1: Premature end of file.
2026-05-09 10:53:36,813 [ERROR] LogOutputStream:75 - [STDERR_REDIRECT] 
2026-05-09 10:53:37,814 [ERROR] LogOutputStream:75 - [STDERR_REDIRECT] [Fatal Error] :1:1: Premature end of file.
2026-05-09 10:53:37,814 [ERROR] LogOutputStream:75 - [STDERR_REDIRECT] 
2026-05-09 10:53:38,809 [ERROR] LogOutputStream:75 - [STDERR_REDIRECT] [Fatal Error] :1:1: Premature end of file.
2026-05-09 10:53:38,809 [ERROR] LogOutputStream:75 - [STDERR_REDIRECT] 
2026-05-09 10:53:39,809 [ERROR] LogOutputStream:75 - [STDERR_REDIRECT] [Fatal Error] :1:1: Premature end of file.
2026-05-09 10:53:39,809 [ERROR] LogOutputStream:75 - [STDERR_REDIRECT] 
2026-05-09 10:53:40,814 [ERROR] LogOutputStream:75 - [STDERR_REDIRECT] [Fatal Error] :1:1: Premature end of file.
2026-05-09 10:53:40,814 [ERROR] LogOutputStream:75 - [STDERR_REDIRECT] 
2026-05-09 10:53:41,814 [ERROR] LogOutputStream:75 - [STDERR_REDIRECT] [Fatal Error] :1:1: Premature end of file.
2026-05-09 10:53:41,814 [ERROR] LogOutputStream:75 - [STDERR_REDIRECT] 
2026-05-09 10:53:42,812 [ERROR] LogOutputStream:75 - [STDERR_REDIRECT] [Fatal Error] :1:1: Premature end of file.
2026-05-09 10:53:42,812 [ERROR] LogOutputStream:75 - [STDERR_REDIRECT] 
2026-05-09 10:53:43,809 [ERROR] LogOutputStream:75 - [STDERR_REDIRECT] [Fatal Error] :1:1: Premature end of file.
2026-05-09 10:53:43,810 [ERROR] LogOutputStream:75 - [STDERR_REDIRECT] 
2026-05-09 10:53:44,820 [ERROR] LogOutputStream:75 - [STDERR_REDIRECT] [Fatal Error] :1:1: Premature end of file.
2026-05-09 10:53:44,821 [ERROR] LogOutputStream:75 - [STDERR_REDIRECT] 
2026-05-09 10:53:45,815 [ERROR] LogOutputStream:75 - [STDERR_REDIRECT] [Fatal Error] :1:1: Premature end of file.
2026-05-09 10:53:45,815 [ERROR] LogOutputStream:75 - [STDERR_REDIRECT] 
2026-05-09 10:53:46,809 [ERROR] LogOutputStream:75 - [STDERR_REDIRECT] [Fatal Error] :1:1: Premature end of file.
2026-05-09 10:53:46,810 [ERROR] LogOutputStream:75 - [STDERR_REDIRECT] 
2026-05-09 10:53:47,794 [ERROR] LogOutputStream:75 - [STDERR_REDIRECT] [Fatal Error] :1:1: Premature end of file.
2026-05-09 10:53:47,794 [ERROR] LogOutputStream:75 - [STDERR_REDIRECT] 
2026-05-09 10:53:48,825 [ERROR] LogOutputStream:75 - [STDERR_REDIRECT] [Fatal Error] :1:1: Premature end of file.
2026-05-09 10:53:48,825 [ERROR] LogOutputStream:75 - [STDERR_REDIRECT] 
2026-05-09 10:53:49,813 [ERROR] LogOutputStream:75 - [STDERR_REDIRECT] [Fatal Error] :1:1: Premature end of file.
2026-05-09 10:53:49,813 [ERROR] LogOutputStream:75 - [STDERR_REDIRECT] 
2026-05-09 10:53:50,817 [ERROR] LogOutputStream:75 - [STDERR_REDIRECT] [Fatal Error] :1:1: Premature end of file.
2026-05-09 10:53:50,817 [ERROR] LogOutputStream:75 - [STDERR_REDIRECT] 
2026-05-09 10:53:51,825 [ERROR] LogOutputStream:75 - [STDERR_REDIRECT] [Fatal Error] :1:1: Premature end of file.
2026-05-09 10:53:51,826 [ERROR] LogOutputStream:75 - [STDERR_REDIRECT] 
2026-05-09 10:53:52,827 [ERROR] LogOutputStream:75 - [STDERR_REDIRECT] [Fatal Error] :1:1: Premature end of file.
2026-05-09 10:53:52,827 [ERROR] LogOutputStream:75 - [STDERR_REDIRECT] 
2026-05-09 10:53:53,820 [ERROR] LogOutputStream:75 - [STDERR_REDIRECT] [Fatal Error] :1:1: Premature end of file.
2026-05-09 10:53:53,820 [ERROR] LogOutputStream:75 - [STDERR_REDIRECT] 
2026-05-09 10:53:54,826 [ERROR] LogOutputStream:75 - [STDERR_REDIRECT] [Fatal Error] :1:1: Premature end of file.
2026-05-09 10:53:54,827 [ERROR] LogOutputStream:75 - [STDERR_REDIRECT] 
2026-05-09 10:53:55,819 [ERROR] LogOutputStream:75 - [STDERR_REDIRECT] [Fatal Error] :1:1: Premature end of file.
2026-05-09 10:53:55,819 [ERROR] LogOutputStream:75 - [STDERR_REDIRECT] 
2026-05-09 10:53:56,817 [ERROR] LogOutputStream:75 - [STDERR_REDIRECT] [Fatal Error] :1:1: Premature end of file.
2026-05-09 10:53:56,817 [ERROR] LogOutputStream:75 - [STDERR_REDIRECT] 
2026-05-09 10:53:57,817 [ERROR] LogOutputStream:75 - [STDERR_REDIRECT] [Fatal Error] :1:1: Premature end of file.
2026-05-09 10:53:57,817 [ERROR] LogOutputStream:75 - [STDERR_REDIRECT] 
2026-05-09 10:53:58,810 [ERROR] LogOutputStream:75 - [STDERR_REDIRECT] [Fatal Error] :1:1: Premature end of file.
2026-05-09 10:53:58,810 [ERROR] LogOutputStream:75 - [STDERR_REDIRECT] 
2026-05-09 10:53:59,807 [ERROR] LogOutputStream:75 - [STDERR_REDIRECT] [Fatal Error] :1:1: Premature end of file.
2026-05-09 10:53:59,808 [ERROR] LogOutputStream:75 - [STDERR_REDIRECT] 
2026-05-09 10:54:00,830 [ERROR] LogOutputStream:75 - [STDERR_REDIRECT] [Fatal Error] :1:1: Premature end of file.
2026-05-09 10:54:00,830 [ERROR] LogOutputStream:75 - [STDERR_REDIRECT] 
2026-05-09 10:54:01,810 [ERROR] LogOutputStream:75 - [STDERR_REDIRECT] [Fatal Error] :1:1: Premature end of file.
2026-05-09 10:54:01,811 [ERROR] LogOutputStream:75 - [STDERR_REDIRECT] 
2026-05-09 10:54:02,812 [ERROR] LogOutputStream:75 - [STDERR_REDIRECT] [Fatal Error] :1:1: Premature end of file.
2026-05-09 10:54:02,812 [ERROR] LogOutputStream:75 - [STDERR_REDIRECT] 
2026-05-09 10:54:03,819 [ERROR] LogOutputStream:75 - [STDERR_REDIRECT] [Fatal Error] :1:1: Premature end of file.
2026-05-09 10:54:03,819 [ERROR] LogOutputStream:75 - [STDERR_REDIRECT] 
2026-05-09 10:54:04,823 [ERROR] LogOutputStream:75 - [STDERR_REDIRECT] [Fatal Error] :1:1: Premature end of file.
2026-05-09 10:54:04,823 [ERROR] LogOutputStream:75 - [STDERR_REDIRECT] 
2026-05-09 10:54:05,815 [ERROR] LogOutputStream:75 - [STDERR_REDIRECT] [Fatal Error] :1:1: Premature end of file.
2026-05-09 10:54:05,815 [ERROR] LogOutputStream:75 - [STDERR_REDIRECT] 
2026-05-09 10:54:06,808 [ERROR] LogOutputStream:75 - [STDERR_REDIRECT] [Fatal Error] :1:1: Premature end of file.
2026-05-09 10:54:06,808 [ERROR] LogOutputStream:75 - [STDERR_REDIRECT] 
2026-05-09 10:54:07,812 [ERROR] LogOutputStream:75 - [STDERR_REDIRECT] [Fatal Error] :1:1: Premature end of file.
2026-05-09 10:54:07,812 [ERROR] LogOutputStream:75 - [STDERR_REDIRECT] 
2026-05-09 10:54:08,812 [ERROR] LogOutputStream:75 - [STDERR_REDIRECT] [Fatal Error] :1:1: Premature end of file.
2026-05-09 10:54:08,812 [ERROR] LogOutputStream:75 - [STDERR_REDIRECT] 
2026-05-09 10:54:09,814 [ERROR] LogOutputStream:75 - [STDERR_REDIRECT] [Fatal Error] :1:1: Premature end of file.
2026-05-09 10:54:09,814 [ERROR] LogOutputStream:75 - [STDERR_REDIRECT] 
2026-05-09 10:54:10,810 [ERROR] LogOutputStream:75 - [STDERR_REDIRECT] [Fatal Error] :1:1: Premature end of file.
2026-05-09 10:54:10,810 [ERROR] LogOutputStream:75 - [STDERR_REDIRECT] 
2026-05-09 10:54:11,851 [ERROR] LogOutputStream:75 - [STDERR_REDIRECT] [Fatal Error] :1:1: Premature end of file.
2026-05-09 10:54:11,851 [ERROR] LogOutputStream:75 - [STDERR_REDIRECT] 
2026-05-09 10:54:12,807 [ERROR] LogOutputStream:75 - [STDERR_REDIRECT] [Fatal Error] :1:1: Premature end of file.
2026-05-09 10:54:12,807 [ERROR] LogOutputStream:75 - [STDERR_REDIRECT] 
2026-05-09 10:54:13,805 [ERROR] LogOutputStream:75 - [STDERR_REDIRECT] [Fatal Error] :1:1: Premature end of file.
2026-05-09 10:54:13,805 [ERROR] LogOutputStream:75 - [STDERR_REDIRECT] 
2026-05-09 10:54:14,812 [ERROR] LogOutputStream:75 - [STDERR_REDIRECT] [Fatal Error] :1:1: Premature end of file.
2026-05-09 10:54:14,812 [ERROR] LogOutputStream:75 - [STDERR_REDIRECT] 
2026-05-09 10:54:15,812 [ERROR] LogOutputStream:75 - [STDERR_REDIRECT] [Fatal Error] :1:1: Premature end of file.
2026-05-09 10:54:15,812 [ERROR] LogOutputStream:75 - [STDERR_REDIRECT] 
2026-05-09 10:54:16,803 [ERROR] LogOutputStream:75 - [STDERR_REDIRECT] [Fatal Error] :1:1: Premature end of file.
2026-05-09 10:54:16,803 [ERROR] LogOutputStream:75 - [STDERR_REDIRECT] 
2026-05-09 10:54:17,816 [ERROR] LogOutputStream:75 - [STDERR_REDIRECT] [Fatal Error] :1:1: Premature end of file.
2026-05-09 10:54:17,816 [ERROR] LogOutputStream:75 - [STDERR_REDIRECT] 
2026-05-09 10:54:18,811 [ERROR] LogOutputStream:75 - [STDERR_REDIRECT] [Fatal Error] :1:1: Premature end of file.
2026-05-09 10:54:18,811 [ERROR] LogOutputStream:75 - [STDERR_REDIRECT] 
2026-05-09 10:54:19,819 [ERROR] LogOutputStream:75 - [STDERR_REDIRECT] [Fatal Error] :1:1: Premature end of file.
2026-05-09 10:54:19,819 [ERROR] LogOutputStream:75 - [STDERR_REDIRECT] 
2026-05-09 10:54:20,814 [ERROR] LogOutputStream:75 - [STDERR_REDIRECT] [Fatal Error] :1:1: Premature end of file.
2026-05-09 10:54:20,816 [ERROR] LogOutputStream:75 - [STDERR_REDIRECT] 
2026-05-09 10:54:21,825 [ERROR] LogOutputStream:75 - [STDERR_REDIRECT] [Fatal Error] :1:1: Premature end of file.
2026-05-09 10:54:21,825 [ERROR] LogOutputStream:75 - [STDERR_REDIRECT] 
2026-05-09 10:54:22,811 [ERROR] LogOutputStream:75 - [STDERR_REDIRECT] [Fatal Error] :1:1: Premature end of file.
2026-05-09 10:54:22,811 [ERROR] LogOutputStream:75 - [STDERR_REDIRECT] 
2026-05-09 10:54:23,808 [ERROR] LogOutputStream:75 - [STDERR_REDIRECT] [Fatal Error] :1:1: Premature end of file.
2026-05-09 10:54:23,808 [ERROR] LogOutputStream:75 - [STDERR_REDIRECT] 
2026-05-09 10:54:24,821 [ERROR] LogOutputStream:75 - [STDERR_REDIRECT] [Fatal Error] :1:1: Premature end of file.
2026-05-09 10:54:24,821 [ERROR] LogOutputStream:75 - [STDERR_REDIRECT] 
2026-05-09 10:54:25,813 [ERROR] LogOutputStream:75 - [STDERR_REDIRECT] [Fatal Error] :1:1: Premature end of file.
2026-05-09 10:54:25,813 [ERROR] LogOutputStream:75 - [STDERR_REDIRECT] 
2026-05-09 10:54:26,813 [ERROR] LogOutputStream:75 - [STDERR_REDIRECT] [Fatal Error] :1:1: Premature end of file.
2026-05-09 10:54:26,813 [ERROR] LogOutputStream:75 - [STDERR_REDIRECT] 
2026-05-09 10:54:27,830 [ERROR] LogOutputStream:75 - [STDERR_REDIRECT] [Fatal Error] :1:1: Premature end of file.
2026-05-09 10:54:27,830 [ERROR] LogOutputStream:75 - [STDERR_REDIRECT] 
2026-05-09 10:54:28,817 [ERROR] LogOutputStream:75 - [STDERR_REDIRECT] [Fatal Error] :1:1: Premature end of file.
2026-05-09 10:54:28,817 [ERROR] LogOutputStream:75 - [STDERR_REDIRECT] 
2026-05-09 10:54:29,813 [ERROR] LogOutputStream:75 - [STDERR_REDIRECT] [Fatal Error] :1:1: Premature end of file.
2026-05-09 10:54:29,813 [ERROR] LogOutputStream:75 - [STDERR_REDIRECT] 
2026-05-09 10:54:30,814 [ERROR] LogOutputStream:75 - [STDERR_REDIRECT] [Fatal Error] :1:1: Premature end of file.
2026-05-09 10:54:30,814 [ERROR] LogOutputStream:75 - [STDERR_REDIRECT] 
2026-05-09 10:54:31,813 [ERROR] LogOutputStream:75 - [STDERR_REDIRECT] [Fatal Error] :1:1: Premature end of file.
2026-05-09 10:54:31,813 [ERROR] LogOutputStream:75 - [STDERR_REDIRECT] 
2026-05-09 10:54:32,808 [ERROR] LogOutputStream:75 - [STDERR_REDIRECT] [Fatal Error] :1:1: Premature end of file.
2026-05-09 10:54:32,808 [ERROR] LogOutputStream:75 - [STDERR_REDIRECT] 
2026-05-09 10:54:33,826 [ERROR] LogOutputStream:75 - [STDERR_REDIRECT] [Fatal Error] :1:1: Premature end of file.
2026-05-09 10:54:33,826 [ERROR] LogOutputStream:75 - [STDERR_REDIRECT] 
2026-05-09 10:54:34,820 [ERROR] LogOutputStream:75 - [STDERR_REDIRECT] [Fatal Error] :1:1: Premature end of file.
2026-05-09 10:54:34,821 [ERROR] LogOutputStream:75 - [STDERR_REDIRECT] 
2026-05-09 10:54:35,812 [ERROR] LogOutputStream:75 - [STDERR_REDIRECT] [Fatal Error] :1:1: Premature end of file.
2026-05-09 10:54:35,812 [ERROR] LogOutputStream:75 - [STDERR_REDIRECT] 
2026-05-09 10:54:36,811 [ERROR] LogOutputStream:75 - [STDERR_REDIRECT] [Fatal Error] :1:1: Premature end of file.
2026-05-09 10:54:36,811 [ERROR] LogOutputStream:75 - [STDERR_REDIRECT] 
2026-05-09 10:54:37,811 [ERROR] LogOutputStream:75 - [STDERR_REDIRECT] [Fatal Error] :1:1: Premature end of file.
2026-05-09 10:54:37,811 [ERROR] LogOutputStream:75 - [STDERR_REDIRECT] 
2026-05-09 10:54:38,813 [ERROR] LogOutputStream:75 - [STDERR_REDIRECT] [Fatal Error] :1:1: Premature end of file.
2026-05-09 10:54:38,813 [ERROR] LogOutputStream:75 - [STDERR_REDIRECT] 
2026-05-09 10:54:39,814 [ERROR] LogOutputStream:75 - [STDERR_REDIRECT] [Fatal Error] :1:1: Premature end of file.
2026-05-09 10:54:39,815 [ERROR] LogOutputStream:75 - [STDERR_REDIRECT] 
2026-05-09 10:54:40,810 [ERROR] LogOutputStream:75 - [STDERR_REDIRECT] [Fatal Error] :1:1: Premature end of file.
2026-05-09 10:54:40,811 [ERROR] LogOutputStream:75 - [STDERR_REDIRECT] 
2026-05-09 10:54:41,816 [ERROR] LogOutputStream:75 - [STDERR_REDIRECT] [Fatal Error] :1:1: Premature end of file.
2026-05-09 10:54:41,816 [ERROR] LogOutputStream:75 - [STDERR_REDIRECT] 
2026-05-09 10:54:42,808 [ERROR] LogOutputStream:75 - [STDERR_REDIRECT] [Fatal Error] :1:1: Premature end of file.
2026-05-09 10:54:42,809 [ERROR] LogOutputStream:75 - [STDERR_REDIRECT] 
2026-05-09 10:54:43,807 [ERROR] LogOutputStream:75 - [STDERR_REDIRECT] [Fatal Error] :1:1: Premature end of file.
2026-05-09 10:54:43,807 [ERROR] LogOutputStream:75 - [STDERR_REDIRECT] 
2026-05-09 10:54:44,839 [ERROR] LogOutputStream:75 - [STDERR_REDIRECT] [Fatal Error] :1:1: Premature end of file.
2026-05-09 10:54:44,839 [ERROR] LogOutputStream:75 - [STDERR_REDIRECT] 
2026-05-09 10:54:45,819 [ERROR] LogOutputStream:75 - [STDERR_REDIRECT] [Fatal Error] :1:1: Premature end of file.
2026-05-09 10:54:45,819 [ERROR] LogOutputStream:75 - [STDERR_REDIRECT] 
2026-05-09 10:54:46,818 [ERROR] LogOutputStream:75 - [STDERR_REDIRECT] [Fatal Error] :1:1: Premature end of file.
2026-05-09 10:54:46,819 [ERROR] LogOutputStream:75 - [STDERR_REDIRECT] 
2026-05-09 10:54:47,810 [ERROR] LogOutputStream:75 - [STDERR_REDIRECT] [Fatal Error] :1:1: Premature end of file.
2026-05-09 10:54:47,810 [ERROR] LogOutputStream:75 - [STDERR_REDIRECT] 
2026-05-09 10:54:48,812 [ERROR] LogOutputStream:75 - [STDERR_REDIRECT] [Fatal Error] :1:1: Premature end of file.
2026-05-09 10:54:48,812 [ERROR] LogOutputStream:75 - [STDERR_REDIRECT] 
2026-05-09 10:54:49,809 [ERROR] LogOutputStream:75 - [STDERR_REDIRECT] [Fatal Error] :1:1: Premature end of file.
2026-05-09 10:54:49,811 [ERROR] LogOutputStream:75 - [STDERR_REDIRECT] 
2026-05-09 10:54:50,818 [ERROR] LogOutputStream:75 - [STDERR_REDIRECT] [Fatal Error] :1:1: Premature end of file.
2026-05-09 10:54:50,818 [ERROR] LogOutputStream:75 - [STDERR_REDIRECT] 
2026-05-09 10:54:51,810 [ERROR] LogOutputStream:75 - [STDERR_REDIRECT] [Fatal Error] :1:1: Premature end of file.
2026-05-09 10:54:51,811 [ERROR] LogOutputStream:75 - [STDERR_REDIRECT] 
2026-05-09 10:54:52,814 [ERROR] LogOutputStream:75 - [STDERR_REDIRECT] [Fatal Error] :1:1: Premature end of file.
2026-05-09 10:54:52,815 [ERROR] LogOutputStream:75 - [STDERR_REDIRECT] 
2026-05-09 10:54:53,811 [ERROR] LogOutputStream:75 - [STDERR_REDIRECT] [Fatal Error] :1:1: Premature end of file.
2026-05-09 10:54:53,811 [ERROR] LogOutputStream:75 - [STDERR_REDIRECT] 
2026-05-09 10:54:54,817 [ERROR] LogOutputStream:75 - [STDERR_REDIRECT] [Fatal Error] :1:1: Premature end of file.
2026-05-09 10:54:54,817 [ERROR] LogOutputStream:75 - [STDERR_REDIRECT] 
2026-05-09 10:54:55,809 [ERROR] LogOutputStream:75 - [STDERR_REDIRECT] [Fatal Error] :1:1: Premature end of file.
2026-05-09 10:54:55,809 [ERROR] LogOutputStream:75 - [STDERR_REDIRECT] 
2026-05-09 10:54:56,816 [ERROR] LogOutputStream:75 - [STDERR_REDIRECT] [Fatal Error] :1:1: Premature end of file.
2026-05-09 10:54:56,816 [ERROR] LogOutputStream:75 - [STDERR_REDIRECT] 
2026-05-09 10:54:57,810 [ERROR] LogOutputStream:75 - [STDERR_REDIRECT] [Fatal Error] :1:1: Premature end of file.
2026-05-09 10:54:57,810 [ERROR] LogOutputStream:75 - [STDERR_REDIRECT] 
2026-05-09 10:54:58,815 [ERROR] LogOutputStream:75 - [STDERR_REDIRECT] [Fatal Error] :1:1: Premature end of file.
2026-05-09 10:54:58,815 [ERROR] LogOutputStream:75 - [STDERR_REDIRECT] 
2026-05-09 10:54:59,808 [ERROR] LogOutputStream:75 - [STDERR_REDIRECT] [Fatal Error] :1:1: Premature end of file.
2026-05-09 10:54:59,808 [ERROR] LogOutputStream:75 - [STDERR_REDIRECT] 
2026-05-09 10:55:00,821 [ERROR] LogOutputStream:75 - [STDERR_REDIRECT] [Fatal Error] :1:1: Premature end of file.
2026-05-09 10:55:00,821 [ERROR] LogOutputStream:75 - [STDERR_REDIRECT] 
2026-05-09 10:55:01,812 [ERROR] LogOutputStream:75 - [STDERR_REDIRECT] [Fatal Error] :1:1: Premature end of file.
2026-05-09 10:55:01,813 [ERROR] LogOutputStream:75 - [STDERR_REDIRECT] 
2026-05-09 10:55:02,816 [ERROR] LogOutputStream:75 - [STDERR_REDIRECT] [Fatal Error] :1:1: Premature end of file.
2026-05-09 10:55:02,816 [ERROR] LogOutputStream:75 - [STDERR_REDIRECT] 
2026-05-09 10:55:03,810 [ERROR] LogOutputStream:75 - [STDERR_REDIRECT] [Fatal Error] :1:1: Premature end of file.
2026-05-09 10:55:03,810 [ERROR] LogOutputStream:75 - [STDERR_REDIRECT] 
2026-05-09 10:55:04,819 [ERROR] LogOutputStream:75 - [STDERR_REDIRECT] [Fatal Error] :1:1: Premature end of file.
2026-05-09 10:55:04,819 [ERROR] LogOutputStream:75 - [STDERR_REDIRECT] 
2026-05-09 10:55:05,813 [ERROR] LogOutputStream:75 - [STDERR_REDIRECT] [Fatal Error] :1:1: Premature end of file.
2026-05-09 10:55:05,814 [ERROR] LogOutputStream:75 - [STDERR_REDIRECT] 
2026-05-09 10:55:06,812 [ERROR] LogOutputStream:75 - [STDERR_REDIRECT] [Fatal Error] :1:1: Premature end of file.
2026-05-09 10:55:06,812 [ERROR] LogOutputStream:75 - [STDERR_REDIRECT] 
2026-05-09 10:55:07,812 [ERROR] LogOutputStream:75 - [STDERR_REDIRECT] [Fatal Error] :1:1: Premature end of file.
2026-05-09 10:55:07,813 [ERROR] LogOutputStream:75 - [STDERR_REDIRECT] 
2026-05-09 10:55:08,809 [ERROR] LogOutputStream:75 - [STDERR_REDIRECT] [Fatal Error] :1:1: Premature end of file.
2026-05-09 10:55:08,809 [ERROR] LogOutputStream:75 - [STDERR_REDIRECT] 
2026-05-09 10:55:09,816 [ERROR] LogOutputStream:75 - [STDERR_REDIRECT] [Fatal Error] :1:1: Premature end of file.
2026-05-09 10:55:09,816 [ERROR] LogOutputStream:75 - [STDERR_REDIRECT] 
2026-05-09 10:55:10,813 [ERROR] LogOutputStream:75 - [STDERR_REDIRECT] [Fatal Error] :1:1: Premature end of file.
2026-05-09 10:55:10,813 [ERROR] LogOutputStream:75 - [STDERR_REDIRECT] 
2026-05-09 10:55:11,815 [ERROR] LogOutputStream:75 - [STDERR_REDIRECT] [Fatal Error] :1:1: Premature end of file.
2026-05-09 10:55:11,815 [ERROR] LogOutputStream:75 - [STDERR_REDIRECT] 
2026-05-09 10:55:12,809 [ERROR] LogOutputStream:75 - [STDERR_REDIRECT] [Fatal Error] :1:1: Premature end of file.
2026-05-09 10:55:12,809 [ERROR] LogOutputStream:75 - [STDERR_REDIRECT] 
2026-05-09 10:55:13,814 [ERROR] LogOutputStream:75 - [STDERR_REDIRECT] [Fatal Error] :1:1: Premature end of file.
2026-05-09 10:55:13,814 [ERROR] LogOutputStream:75 - [STDERR_REDIRECT] 
2026-05-09 10:55:14,818 [ERROR] LogOutputStream:75 - [STDERR_REDIRECT] [Fatal Error] :1:1: Premature end of file.
2026-05-09 10:55:14,818 [ERROR] LogOutputStream:75 - [STDERR_REDIRECT] 
2026-05-09 10:55:15,810 [ERROR] LogOutputStream:75 - [STDERR_REDIRECT] [Fatal Error] :1:1: Premature end of file.
2026-05-09 10:55:15,810 [ERROR] LogOutputStream:75 - [STDERR_REDIRECT] 
2026-05-09 10:55:16,811 [ERROR] LogOutputStream:75 - [STDERR_REDIRECT] [Fatal Error] :1:1: Premature end of file.
2026-05-09 10:55:16,811 [ERROR] LogOutputStream:75 - [STDERR_REDIRECT] 
2026-05-09 10:55:17,809 [ERROR] LogOutputStream:75 - [STDERR_REDIRECT] [Fatal Error] :1:1: Premature end of file.
2026-05-09 10:55:17,810 [ERROR] LogOutputStream:75 - [STDERR_REDIRECT] 
2026-05-09 10:55:18,812 [ERROR] LogOutputStream:75 - [STDERR_REDIRECT] [Fatal Error] :1:1: Premature end of file.
2026-05-09 10:55:18,812 [ERROR] LogOutputStream:75 - [STDERR_REDIRECT] 
2026-05-09 10:55:19,811 [ERROR] LogOutputStream:75 - [STDERR_REDIRECT] [Fatal Error] :1:1: Premature end of file.
2026-05-09 10:55:19,811 [ERROR] LogOutputStream:75 - [STDERR_REDIRECT] 
2026-05-09 10:55:20,813 [ERROR] LogOutputStream:75 - [STDERR_REDIRECT] [Fatal Error] :1:1: Premature end of file.
2026-05-09 10:55:20,813 [ERROR] LogOutputStream:75 - [STDERR_REDIRECT] 
2026-05-09 10:55:21,816 [ERROR] LogOutputStream:75 - [STDERR_REDIRECT] [Fatal Error] :1:1: Premature end of file.
2026-05-09 10:55:21,816 [ERROR] LogOutputStream:75 - [STDERR_REDIRECT] 
2026-05-09 10:55:22,818 [ERROR] LogOutputStream:75 - [STDERR_REDIRECT] [Fatal Error] :1:1: Premature end of file.
2026-05-09 10:55:22,818 [ERROR] LogOutputStream:75 - [STDERR_REDIRECT] 
2026-05-09 10:55:23,817 [ERROR] LogOutputStream:75 - [STDERR_REDIRECT] [Fatal Error] :1:1: Premature end of file.
2026-05-09 10:55:23,817 [ERROR] LogOutputStream:75 - [STDERR_REDIRECT] 
2026-05-09 10:55:24,817 [ERROR] LogOutputStream:75 - [STDERR_REDIRECT] [Fatal Error] :1:1: Premature end of file.
2026-05-09 10:55:24,817 [ERROR] LogOutputStream:75 - [STDERR_REDIRECT] 
2026-05-09 10:55:25,814 [ERROR] LogOutputStream:75 - [STDERR_REDIRECT] [Fatal Error] :1:1: Premature end of file.
2026-05-09 10:55:25,814 [ERROR] LogOutputStream:75 - [STDERR_REDIRECT] 
2026-05-09 10:55:26,830 [ERROR] LogOutputStream:75 - [STDERR_REDIRECT] [Fatal Error] :1:1: Premature end of file.
2026-05-09 10:55:26,831 [ERROR] LogOutputStream:75 - [STDERR_REDIRECT] 
2026-05-09 10:55:27,812 [ERROR] LogOutputStream:75 - [STDERR_REDIRECT] [Fatal Error] :1:1: Premature end of file.
2026-05-09 10:55:27,812 [ERROR] LogOutputStream:75 - [STDERR_REDIRECT] 
2026-05-09 10:55:28,812 [ERROR] LogOutputStream:75 - [STDERR_REDIRECT] [Fatal Error] :1:1: Premature end of file.
2026-05-09 10:55:28,812 [ERROR] LogOutputStream:75 - [STDERR_REDIRECT] 
2026-05-09 10:55:29,812 [ERROR] LogOutputStream:75 - [STDERR_REDIRECT] [Fatal Error] :1:1: Premature end of file.
2026-05-09 10:55:29,812 [ERROR] LogOutputStream:75 - [STDERR_REDIRECT] 
2026-05-09 10:55:30,811 [ERROR] LogOutputStream:75 - [STDERR_REDIRECT] [Fatal Error] :1:1: Premature end of file.
2026-05-09 10:55:30,811 [ERROR] LogOutputStream:75 - [STDERR_REDIRECT] 
2026-05-09 10:55:31,820 [ERROR] LogOutputStream:75 - [STDERR_REDIRECT] [Fatal Error] :1:1: Premature end of file.
2026-05-09 10:55:31,820 [ERROR] LogOutputStream:75 - [STDERR_REDIRECT] 
2026-05-09 10:55:32,813 [ERROR] LogOutputStream:75 - [STDERR_REDIRECT] [Fatal Error] :1:1: Premature end of file.
2026-05-09 10:55:32,813 [ERROR] LogOutputStream:75 - [STDERR_REDIRECT] 
2026-05-09 10:55:33,813 [ERROR] LogOutputStream:75 - [STDERR_REDIRECT] [Fatal Error] :1:1: Premature end of file.
2026-05-09 10:55:33,813 [ERROR] LogOutputStream:75 - [STDERR_REDIRECT] 
2026-05-09 10:55:34,817 [ERROR] LogOutputStream:75 - [STDERR_REDIRECT] [Fatal Error] :1:1: Premature end of file.
2026-05-09 10:55:34,817 [ERROR] LogOutputStream:75 - [STDERR_REDIRECT] 
2026-05-09 10:55:35,813 [ERROR] LogOutputStream:75 - [STDERR_REDIRECT] [Fatal Error] :1:1: Premature end of file.
2026-05-09 10:55:35,813 [ERROR] LogOutputStream:75 - [STDERR_REDIRECT] 
2026-05-09 10:55:36,812 [ERROR] LogOutputStream:75 - [STDERR_REDIRECT] [Fatal Error] :1:1: Premature end of file.
2026-05-09 10:55:36,812 [ERROR] LogOutputStream:75 - [STDERR_REDIRECT] 
2026-05-09 10:55:37,810 [ERROR] LogOutputStream:75 - [STDERR_REDIRECT] [Fatal Error] :1:1: Premature end of file.
2026-05-09 10:55:37,810 [ERROR] LogOutputStream:75 - [STDERR_REDIRECT] 
2026-05-09 10:55:38,813 [ERROR] LogOutputStream:75 - [STDERR_REDIRECT] [Fatal Error] :1:1: Premature end of file.
2026-05-09 10:55:38,813 [ERROR] LogOutputStream:75 - [STDERR_REDIRECT] 
2026-05-09 10:55:39,816 [ERROR] LogOutputStream:75 - [STDERR_REDIRECT] [Fatal Error] :1:1: Premature end of file.
2026-05-09 10:55:39,817 [ERROR] LogOutputStream:75 - [STDERR_REDIRECT] 
2026-05-09 10:55:40,819 [ERROR] LogOutputStream:75 - [STDERR_REDIRECT] [Fatal Error] :1:1: Premature end of file.
2026-05-09 10:55:40,820 [ERROR] LogOutputStream:75 - [STDERR_REDIRECT] 
2026-05-09 10:55:41,807 [ERROR] LogOutputStream:75 - [STDERR_REDIRECT] [Fatal Error] :1:1: Premature end of file.
2026-05-09 10:55:41,807 [ERROR] LogOutputStream:75 - [STDERR_REDIRECT] 
2026-05-09 10:55:42,823 [ERROR] LogOutputStream:75 - [STDERR_REDIRECT] [Fatal Error] :1:1: Premature end of file.
2026-05-09 10:55:42,823 [ERROR] LogOutputStream:75 - [STDERR_REDIRECT] 
2026-05-09 10:55:43,818 [ERROR] LogOutputStream:75 - [STDERR_REDIRECT] [Fatal Error] :1:1: Premature end of file.
2026-05-09 10:55:43,818 [ERROR] LogOutputStream:75 - [STDERR_REDIRECT] 
2026-05-09 10:55:44,813 [ERROR] LogOutputStream:75 - [STDERR_REDIRECT] [Fatal Error] :1:1: Premature end of file.
2026-05-09 10:55:44,814 [ERROR] LogOutputStream:75 - [STDERR_REDIRECT] 
2026-05-09 10:55:45,814 [ERROR] LogOutputStream:75 - [STDERR_REDIRECT] [Fatal Error] :1:1: Premature end of file.
2026-05-09 10:55:45,814 [ERROR] LogOutputStream:75 - [STDERR_REDIRECT] 
2026-05-09 10:55:46,816 [ERROR] LogOutputStream:75 - [STDERR_REDIRECT] [Fatal Error] :1:1: Premature end of file.
2026-05-09 10:55:46,817 [ERROR] LogOutputStream:75 - [STDERR_REDIRECT] 
2026-05-09 10:55:47,837 [ERROR] LogOutputStream:75 - [STDERR_REDIRECT] [Fatal Error] :1:1: Premature end of file.
2026-05-09 10:55:47,838 [ERROR] LogOutputStream:75 - [STDERR_REDIRECT] 
2026-05-09 10:55:48,832 [ERROR] LogOutputStream:75 - [STDERR_REDIRECT] [Fatal Error] :1:1: Premature end of file.
2026-05-09 10:55:48,833 [ERROR] LogOutputStream:75 - [STDERR_REDIRECT] 
2026-05-09 10:55:49,862 [ERROR] LogOutputStream:75 - [STDERR_REDIRECT] [Fatal Error] :1:1: Premature end of file.
2026-05-09 10:55:49,862 [ERROR] LogOutputStream:75 - [STDERR_REDIRECT] 
2026-05-09 10:55:50,809 [ERROR] LogOutputStream:75 - [STDERR_REDIRECT] [Fatal Error] :1:1: Premature end of file.
2026-05-09 10:55:50,809 [ERROR] LogOutputStream:75 - [STDERR_REDIRECT] 
2026-05-09 10:55:51,819 [ERROR] LogOutputStream:75 - [STDERR_REDIRECT] [Fatal Error] :1:1: Premature end of file.
2026-05-09 10:55:51,820 [ERROR] LogOutputStream:75 - [STDERR_REDIRECT] 
2026-05-09 10:55:52,839 [ERROR] LogOutputStream:75 - [STDERR_REDIRECT] [Fatal Error] :1:1: Premature end of file.
2026-05-09 10:55:52,839 [ERROR] LogOutputStream:75 - [STDERR_REDIRECT] 
2026-05-09 10:55:53,823 [ERROR] LogOutputStream:75 - [STDERR_REDIRECT] [Fatal Error] :1:1: Premature end of file.
2026-05-09 10:55:53,823 [ERROR] LogOutputStream:75 - [STDERR_REDIRECT] 
2026-05-09 10:55:54,838 [ERROR] LogOutputStream:75 - [STDERR_REDIRECT] [Fatal Error] :1:1: Premature end of file.
2026-05-09 10:55:54,838 [ERROR] LogOutputStream:75 - [STDERR_REDIRECT] 
2026-05-09 10:55:55,822 [ERROR] LogOutputStream:75 - [STDERR_REDIRECT] [Fatal Error] :1:1: Premature end of file.
2026-05-09 10:55:55,822 [ERROR] LogOutputStream:75 - [STDERR_REDIRECT] 
2026-05-09 10:55:56,828 [ERROR] LogOutputStream:75 - [STDERR_REDIRECT] [Fatal Error] :1:1: Premature end of file.
2026-05-09 10:55:56,828 [ERROR] LogOutputStream:75 - [STDERR_REDIRECT] 
2026-05-09 10:55:57,843 [ERROR] LogOutputStream:75 - [STDERR_REDIRECT] [Fatal Error] :1:1: Premature end of file.
2026-05-09 10:55:57,843 [ERROR] LogOutputStream:75 - [STDERR_REDIRECT] 
2026-05-09 10:55:58,826 [ERROR] LogOutputStream:75 - [STDERR_REDIRECT] [Fatal Error] :1:1: Premature end of file.
2026-05-09 10:55:58,827 [ERROR] LogOutputStream:75 - [STDERR_REDIRECT] 
2026-05-09 10:55:59,816 [ERROR] LogOutputStream:75 - [STDERR_REDIRECT] [Fatal Error] :1:1: Premature end of file.
2026-05-09 10:55:59,816 [ERROR] LogOutputStream:75 - [STDERR_REDIRECT] 
2026-05-09 10:56:00,816 [ERROR] LogOutputStream:75 - [STDERR_REDIRECT] [Fatal Error] :1:1: Premature end of file.
2026-05-09 10:56:00,816 [ERROR] LogOutputStream:75 - [STDERR_REDIRECT] 
2026-05-09 10:56:01,832 [ERROR] LogOutputStream:75 - [STDERR_REDIRECT] [Fatal Error] :1:1: Premature end of file.
2026-05-09 10:56:01,833 [ERROR] LogOutputStream:75 - [STDERR_REDIRECT] 
2026-05-09 10:56:02,851 [ERROR] LogOutputStream:75 - [STDERR_REDIRECT] [Fatal Error] :1:1: Premature end of file.
2026-05-09 10:56:02,851 [ERROR] LogOutputStream:75 - [STDERR_REDIRECT] 
2026-05-09 10:56:03,837 [ERROR] LogOutputStream:75 - [STDERR_REDIRECT] [Fatal Error] :1:1: Premature end of file.
2026-05-09 10:56:03,838 [ERROR] LogOutputStream:75 - [STDERR_REDIRECT] 
2026-05-09 10:56:04,798 [ERROR] LogOutputStream:75 - [STDERR_REDIRECT] [Fatal Error] :1:1: Premature end of file.
2026-05-09 10:56:04,799 [ERROR] LogOutputStream:75 - [STDERR_REDIRECT] 
2026-05-09 10:56:05,818 [ERROR] LogOutputStream:75 - [STDERR_REDIRECT] [Fatal Error] :1:1: Premature end of file.
2026-05-09 10:56:05,819 [ERROR] LogOutputStream:75 - [STDERR_REDIRECT] 
2026-05-09 10:56:06,818 [ERROR] LogOutputStream:75 - [STDERR_REDIRECT] [Fatal Error] :1:1: Premature end of file.
2026-05-09 10:56:06,818 [ERROR] LogOutputStream:75 - [STDERR_REDIRECT] 
2026-05-09 10:56:07,815 [ERROR] LogOutputStream:75 - [STDERR_REDIRECT] [Fatal Error] :1:1: Premature end of file.
2026-05-09 10:56:07,816 [ERROR] LogOutputStream:75 - [STDERR_REDIRECT] 
2026-05-09 10:56:08,828 [ERROR] LogOutputStream:75 - [STDERR_REDIRECT] [Fatal Error] :1:1: Premature end of file.
2026-05-09 10:56:08,829 [ERROR] LogOutputStream:75 - [STDERR_REDIRECT] 
2026-05-09 10:56:09,823 [ERROR] LogOutputStream:75 - [STDERR_REDIRECT] [Fatal Error] :1:1: Premature end of file.
2026-05-09 10:56:09,824 [ERROR] LogOutputStream:75 - [STDERR_REDIRECT] 
2026-05-09 10:56:10,837 [ERROR] LogOutputStream:75 - [STDERR_REDIRECT] [Fatal Error] :1:1: Premature end of file.
2026-05-09 10:56:10,837 [ERROR] LogOutputStream:75 - [STDERR_REDIRECT] 
2026-05-09 10:56:11,821 [ERROR] LogOutputStream:75 - [STDERR_REDIRECT] [Fatal Error] :1:1: Premature end of file.
2026-05-09 10:56:11,822 [ERROR] LogOutputStream:75 - [STDERR_REDIRECT] 
2026-05-09 10:56:12,838 [ERROR] LogOutputStream:75 - [STDERR_REDIRECT] [Fatal Error] :1:1: Premature end of file.
2026-05-09 10:56:12,838 [ERROR] LogOutputStream:75 - [STDERR_REDIRECT] 
2026-05-09 10:56:13,826 [ERROR] LogOutputStream:75 - [STDERR_REDIRECT] [Fatal Error] :1:1: Premature end of file.
2026-05-09 10:56:13,827 [ERROR] LogOutputStream:75 - [STDERR_REDIRECT] 
2026-05-09 10:56:14,833 [ERROR] LogOutputStream:75 - [STDERR_REDIRECT] [Fatal Error] :1:1: Premature end of file.
2026-05-09 10:56:14,834 [ERROR] LogOutputStream:75 - [STDERR_REDIRECT] 
2026-05-09 10:56:15,836 [ERROR] LogOutputStream:75 - [STDERR_REDIRECT] [Fatal Error] :1:1: Premature end of file.
2026-05-09 10:56:15,836 [ERROR] LogOutputStream:75 - [STDERR_REDIRECT] 
2026-05-09 10:56:16,825 [ERROR] LogOutputStream:75 - [STDERR_REDIRECT] [Fatal Error] :1:1: Premature end of file.
2026-05-09 10:56:16,825 [ERROR] LogOutputStream:75 - [STDERR_REDIRECT] 
2026-05-09 10:56:17,832 [ERROR] LogOutputStream:75 - [STDERR_REDIRECT] [Fatal Error] :1:1: Premature end of file.
2026-05-09 10:56:17,832 [ERROR] LogOutputStream:75 - [STDERR_REDIRECT] 
2026-05-09 10:56:18,827 [ERROR] LogOutputStream:75 - [STDERR_REDIRECT] [Fatal Error] :1:1: Premature end of file.
2026-05-09 10:56:18,827 [ERROR] LogOutputStream:75 - [STDERR_REDIRECT] 
2026-05-09 10:56:19,843 [ERROR] LogOutputStream:75 - [STDERR_REDIRECT] [Fatal Error] :1:1: Premature end of file.
2026-05-09 10:56:19,843 [ERROR] LogOutputStream:75 - [STDERR_REDIRECT] 
2026-05-09 10:56:20,833 [ERROR] LogOutputStream:75 - [STDERR_REDIRECT] [Fatal Error] :1:1: Premature end of file.
2026-05-09 10:56:20,833 [ERROR] LogOutputStream:75 - [STDERR_REDIRECT] 
2026-05-09 10:56:21,830 [ERROR] LogOutputStream:75 - [STDERR_REDIRECT] [Fatal Error] :1:1: Premature end of file.
2026-05-09 10:56:21,831 [ERROR] LogOutputStream:75 - [STDERR_REDIRECT] 
2026-05-09 10:56:22,823 [ERROR] LogOutputStream:75 - [STDERR_REDIRECT] [Fatal Error] :1:1: Premature end of file.
2026-05-09 10:56:22,823 [ERROR] LogOutputStream:75 - [STDERR_REDIRECT] 
2026-05-09 10:56:23,843 [ERROR] LogOutputStream:75 - [STDERR_REDIRECT] [Fatal Error] :1:1: Premature end of file.
2026-05-09 10:56:23,844 [ERROR] LogOutputStream:75 - [STDERR_REDIRECT] 
2026-05-09 10:56:24,819 [ERROR] LogOutputStream:75 - [STDERR_REDIRECT] [Fatal Error] :1:1: Premature end of file.
2026-05-09 10:56:24,819 [ERROR] LogOutputStream:75 - [STDERR_REDIRECT] 
2026-05-09 10:56:25,830 [ERROR] LogOutputStream:75 - [STDERR_REDIRECT] [Fatal Error] :1:1: Premature end of file.
2026-05-09 10:56:25,830 [ERROR] LogOutputStream:75 - [STDERR_REDIRECT] 
2026-05-09 10:56:26,824 [ERROR] LogOutputStream:75 - [STDERR_REDIRECT] [Fatal Error] :1:1: Premature end of file.
2026-05-09 10:56:26,824 [ERROR] LogOutputStream:75 - [STDERR_REDIRECT] 
2026-05-09 10:56:27,839 [ERROR] LogOutputStream:75 - [STDERR_REDIRECT] [Fatal Error] :1:1: Premature end of file.
2026-05-09 10:56:27,840 [ERROR] LogOutputStream:75 - [STDERR_REDIRECT] 
2026-05-09 10:56:28,827 [ERROR] LogOutputStream:75 - [STDERR_REDIRECT] [Fatal Error] :1:1: Premature end of file.
2026-05-09 10:56:28,827 [ERROR] LogOutputStream:75 - [STDERR_REDIRECT] 
2026-05-09 10:56:29,829 [ERROR] LogOutputStream:75 - [STDERR_REDIRECT] [Fatal Error] :1:1: Premature end of file.
2026-05-09 10:56:29,829 [ERROR] LogOutputStream:75 - [STDERR_REDIRECT] 
2026-05-09 10:56:30,836 [ERROR] LogOutputStream:75 - [STDERR_REDIRECT] [Fatal Error] :1:1: Premature end of file.
2026-05-09 10:56:30,836 [ERROR] LogOutputStream:75 - [STDERR_REDIRECT] 
2026-05-09 10:56:31,819 [ERROR] LogOutputStream:75 - [STDERR_REDIRECT] [Fatal Error] :1:1: Premature end of file.
2026-05-09 10:56:31,820 [ERROR] LogOutputStream:75 - [STDERR_REDIRECT] 
2026-05-09 10:56:32,829 [ERROR] LogOutputStream:75 - [STDERR_REDIRECT] [Fatal Error] :1:1: Premature end of file.
2026-05-09 10:56:32,830 [ERROR] LogOutputStream:75 - [STDERR_REDIRECT] 
2026-05-09 10:56:33,816 [ERROR] LogOutputStream:75 - [STDERR_REDIRECT] [Fatal Error] :1:1: Premature end of file.
2026-05-09 10:56:33,816 [ERROR] LogOutputStream:75 - [STDERR_REDIRECT] 
2026-05-09 10:56:34,821 [ERROR] LogOutputStream:75 - [STDERR_REDIRECT] [Fatal Error] :1:1: Premature end of file.
2026-05-09 10:56:34,821 [ERROR] LogOutputStream:75 - [STDERR_REDIRECT] 
2026-05-09 10:56:35,828 [ERROR] LogOutputStream:75 - [STDERR_REDIRECT] [Fatal Error] :1:1: Premature end of file.
2026-05-09 10:56:35,828 [ERROR] LogOutputStream:75 - [STDERR_REDIRECT] 
2026-05-09 10:56:36,823 [ERROR] LogOutputStream:75 - [STDERR_REDIRECT] [Fatal Error] :1:1: Premature end of file.
2026-05-09 10:56:36,824 [ERROR] LogOutputStream:75 - [STDERR_REDIRECT] 
2026-05-09 10:56:37,814 [ERROR] LogOutputStream:75 - [STDERR_REDIRECT] [Fatal Error] :1:1: Premature end of file.
2026-05-09 10:56:37,814 [ERROR] LogOutputStream:75 - [STDERR_REDIRECT] 
2026-05-09 10:56:38,834 [ERROR] LogOutputStream:75 - [STDERR_REDIRECT] [Fatal Error] :1:1: Premature end of file.
2026-05-09 10:56:38,834 [ERROR] LogOutputStream:75 - [STDERR_REDIRECT] 
2026-05-09 10:56:39,834 [ERROR] LogOutputStream:75 - [STDERR_REDIRECT] [Fatal Error] :1:1: Premature end of file.
2026-05-09 10:56:39,834 [ERROR] LogOutputStream:75 - [STDERR_REDIRECT] 
2026-05-09 10:56:40,810 [ERROR] LogOutputStream:75 - [STDERR_REDIRECT] [Fatal Error] :1:1: Premature end of file.
2026-05-09 10:56:40,810 [ERROR] LogOutputStream:75 - [STDERR_REDIRECT] 
2026-05-09 10:56:41,820 [ERROR] LogOutputStream:75 - [STDERR_REDIRECT] [Fatal Error] :1:1: Premature end of file.
2026-05-09 10:56:41,820 [ERROR] LogOutputStream:75 - [STDERR_REDIRECT] 
2026-05-09 10:56:42,834 [ERROR] LogOutputStream:75 - [STDERR_REDIRECT] [Fatal Error] :1:1: Premature end of file.
2026-05-09 10:56:42,834 [ERROR] LogOutputStream:75 - [STDERR_REDIRECT] 
2026-05-09 10:56:43,838 [ERROR] LogOutputStream:75 - [STDERR_REDIRECT] [Fatal Error] :1:1: Premature end of file.
2026-05-09 10:56:43,838 [ERROR] LogOutputStream:75 - [STDERR_REDIRECT] 
2026-05-09 10:56:44,827 [ERROR] LogOutputStream:75 - [STDERR_REDIRECT] [Fatal Error] :1:1: Premature end of file.
2026-05-09 10:56:44,828 [ERROR] LogOutputStream:75 - [STDERR_REDIRECT] 
2026-05-09 10:56:45,811 [ERROR] LogOutputStream:75 - [STDERR_REDIRECT] [Fatal Error] :1:1: Premature end of file.
2026-05-09 10:56:45,811 [ERROR] LogOutputStream:75 - [STDERR_REDIRECT] 
2026-05-09 10:56:46,834 [ERROR] LogOutputStream:75 - [STDERR_REDIRECT] [Fatal Error] :1:1: Premature end of file.
2026-05-09 10:56:46,835 [ERROR] LogOutputStream:75 - [STDERR_REDIRECT] 
2026-05-09 10:56:47,828 [ERROR] LogOutputStream:75 - [STDERR_REDIRECT] [Fatal Error] :1:1: Premature end of file.
2026-05-09 10:56:47,828 [ERROR] LogOutputStream:75 - [STDERR_REDIRECT] 
2026-05-09 10:56:48,839 [ERROR] LogOutputStream:75 - [STDERR_REDIRECT] [Fatal Error] :1:1: Premature end of file.
2026-05-09 10:56:48,839 [ERROR] LogOutputStream:75 - [STDERR_REDIRECT] 
2026-05-09 10:56:49,834 [ERROR] LogOutputStream:75 - [STDERR_REDIRECT] [Fatal Error] :1:1: Premature end of file.
2026-05-09 10:56:49,835 [ERROR] LogOutputStream:75 - [STDERR_REDIRECT] 
2026-05-09 10:56:50,836 [ERROR] LogOutputStream:75 - [STDERR_REDIRECT] [Fatal Error] :1:1: Premature end of file.
2026-05-09 10:56:50,836 [ERROR] LogOutputStream:75 - [STDERR_REDIRECT] 
2026-05-09 10:56:51,843 [ERROR] LogOutputStream:75 - [STDERR_REDIRECT] [Fatal Error] :1:1: Premature end of file.
2026-05-09 10:56:51,843 [ERROR] LogOutputStream:75 - [STDERR_REDIRECT] 
2026-05-09 10:56:52,844 [ERROR] LogOutputStream:75 - [STDERR_REDIRECT] [Fatal Error] :1:1: Premature end of file.
2026-05-09 10:56:52,844 [ERROR] LogOutputStream:75 - [STDERR_REDIRECT] 
2026-05-09 10:56:53,839 [ERROR] LogOutputStream:75 - [STDERR_REDIRECT] [Fatal Error] :1:1: Premature end of file.
2026-05-09 10:56:53,840 [ERROR] LogOutputStream:75 - [STDERR_REDIRECT] 
2026-05-09 10:56:54,826 [ERROR] LogOutputStream:75 - [STDERR_REDIRECT] [Fatal Error] :1:1: Premature end of file.
2026-05-09 10:56:54,826 [ERROR] LogOutputStream:75 - [STDERR_REDIRECT] 
2026-05-09 10:56:55,827 [ERROR] LogOutputStream:75 - [STDERR_REDIRECT] [Fatal Error] :1:1: Premature end of file.
2026-05-09 10:56:55,828 [ERROR] LogOutputStream:75 - [STDERR_REDIRECT] 
2026-05-09 10:56:56,827 [ERROR] LogOutputStream:75 - [STDERR_REDIRECT] [Fatal Error] :1:1: Premature end of file.
2026-05-09 10:56:56,827 [ERROR] LogOutputStream:75 - [STDERR_REDIRECT] 
2026-05-09 10:56:57,831 [ERROR] LogOutputStream:75 - [STDERR_REDIRECT] [Fatal Error] :1:1: Premature end of file.
2026-05-09 10:56:57,831 [ERROR] LogOutputStream:75 - [STDERR_REDIRECT] 
2026-05-09 10:56:58,818 [ERROR] LogOutputStream:75 - [STDERR_REDIRECT] [Fatal Error] :1:1: Premature end of file.
2026-05-09 10:56:58,818 [ERROR] LogOutputStream:75 - [STDERR_REDIRECT] 
2026-05-09 10:56:59,818 [ERROR] LogOutputStream:75 - [STDERR_REDIRECT] [Fatal Error] :1:1: Premature end of file.
2026-05-09 10:56:59,818 [ERROR] LogOutputStream:75 - [STDERR_REDIRECT] 
2026-05-09 10:57:00,834 [ERROR] LogOutputStream:75 - [STDERR_REDIRECT] [Fatal Error] :1:1: Premature end of file.
2026-05-09 10:57:00,834 [ERROR] LogOutputStream:75 - [STDERR_REDIRECT] 
2026-05-09 10:57:01,814 [ERROR] LogOutputStream:75 - [STDERR_REDIRECT] [Fatal Error] :1:1: Premature end of file.
2026-05-09 10:57:01,814 [ERROR] LogOutputStream:75 - [STDERR_REDIRECT] 
2026-05-09 10:57:02,816 [ERROR] LogOutputStream:75 - [STDERR_REDIRECT] [Fatal Error] :1:1: Premature end of file.
2026-05-09 10:57:02,817 [ERROR] LogOutputStream:75 - [STDERR_REDIRECT] 
2026-05-09 10:57:03,811 [ERROR] LogOutputStream:75 - [STDERR_REDIRECT] [Fatal Error] :1:1: Premature end of file.
2026-05-09 10:57:03,811 [ERROR] LogOutputStream:75 - [STDERR_REDIRECT] 
2026-05-09 10:57:04,821 [ERROR] LogOutputStream:75 - [STDERR_REDIRECT] [Fatal Error] :1:1: Premature end of file.
2026-05-09 10:57:04,821 [ERROR] LogOutputStream:75 - [STDERR_REDIRECT] 
2026-05-09 10:57:05,816 [ERROR] LogOutputStream:75 - [STDERR_REDIRECT] [Fatal Error] :1:1: Premature end of file.
2026-05-09 10:57:05,817 [ERROR] LogOutputStream:75 - [STDERR_REDIRECT] 
2026-05-09 10:57:06,829 [ERROR] LogOutputStream:75 - [STDERR_REDIRECT] [Fatal Error] :1:1: Premature end of file.
2026-05-09 10:57:06,829 [ERROR] LogOutputStream:75 - [STDERR_REDIRECT] 
2026-05-09 10:57:07,819 [ERROR] LogOutputStream:75 - [STDERR_REDIRECT] [Fatal Error] :1:1: Premature end of file.
2026-05-09 10:57:07,819 [ERROR] LogOutputStream:75 - [STDERR_REDIRECT] 
2026-05-09 10:57:08,834 [ERROR] LogOutputStream:75 - [STDERR_REDIRECT] [Fatal Error] :1:1: Premature end of file.
2026-05-09 10:57:08,834 [ERROR] LogOutputStream:75 - [STDERR_REDIRECT] 
2026-05-09 10:57:09,826 [ERROR] LogOutputStream:75 - [STDERR_REDIRECT] [Fatal Error] :1:1: Premature end of file.
2026-05-09 10:57:09,826 [ERROR] LogOutputStream:75 - [STDERR_REDIRECT] 
2026-05-09 10:57:10,822 [ERROR] LogOutputStream:75 - [STDERR_REDIRECT] [Fatal Error] :1:1: Premature end of file.
2026-05-09 10:57:10,822 [ERROR] LogOutputStream:75 - [STDERR_REDIRECT] 
2026-05-09 10:57:11,837 [ERROR] LogOutputStream:75 - [STDERR_REDIRECT] [Fatal Error] :1:1: Premature end of file.
2026-05-09 10:57:11,838 [ERROR] LogOutputStream:75 - [STDERR_REDIRECT] 
2026-05-09 10:57:12,844 [ERROR] LogOutputStream:75 - [STDERR_REDIRECT] [Fatal Error] :1:1: Premature end of file.
2026-05-09 10:57:12,844 [ERROR] LogOutputStream:75 - [STDERR_REDIRECT] 
2026-05-09 10:57:13,815 [ERROR] LogOutputStream:75 - [STDERR_REDIRECT] [Fatal Error] :1:1: Premature end of file.
2026-05-09 10:57:13,815 [ERROR] LogOutputStream:75 - [STDERR_REDIRECT] 
2026-05-09 10:57:14,839 [ERROR] LogOutputStream:75 - [STDERR_REDIRECT] [Fatal Error] :1:1: Premature end of file.
2026-05-09 10:57:14,839 [ERROR] LogOutputStream:75 - [STDERR_REDIRECT] 
2026-05-09 10:57:15,828 [ERROR] LogOutputStream:75 - [STDERR_REDIRECT] [Fatal Error] :1:1: Premature end of file.
2026-05-09 10:57:15,828 [ERROR] LogOutputStream:75 - [STDERR_REDIRECT] 
2026-05-09 10:57:16,840 [ERROR] LogOutputStream:75 - [STDERR_REDIRECT] [Fatal Error] :1:1: Premature end of file.
2026-05-09 10:57:16,840 [ERROR] LogOutputStream:75 - [STDERR_REDIRECT] 
2026-05-09 10:57:17,829 [ERROR] LogOutputStream:75 - [STDERR_REDIRECT] [Fatal Error] :1:1: Premature end of file.
2026-05-09 10:57:17,829 [ERROR] LogOutputStream:75 - [STDERR_REDIRECT] 
2026-05-09 10:57:18,834 [ERROR] LogOutputStream:75 - [STDERR_REDIRECT] [Fatal Error] :1:1: Premature end of file.
2026-05-09 10:57:18,834 [ERROR] LogOutputStream:75 - [STDERR_REDIRECT] 
2026-05-09 10:57:19,832 [ERROR] LogOutputStream:75 - [STDERR_REDIRECT] [Fatal Error] :1:1: Premature end of file.
2026-05-09 10:57:19,832 [ERROR] LogOutputStream:75 - [STDERR_REDIRECT] 
2026-05-09 10:57:20,834 [ERROR] LogOutputStream:75 - [STDERR_REDIRECT] [Fatal Error] :1:1: Premature end of file.
2026-05-09 10:57:20,835 [ERROR] LogOutputStream:75 - [STDERR_REDIRECT] 
2026-05-09 10:57:21,807 [ERROR] LogOutputStream:75 - [STDERR_REDIRECT] [Fatal Error] :1:1: Premature end of file.
2026-05-09 10:57:21,807 [ERROR] LogOutputStream:75 - [STDERR_REDIRECT] 
2026-05-09 10:57:22,837 [ERROR] LogOutputStream:75 - [STDERR_REDIRECT] [Fatal Error] :1:1: Premature end of file.
2026-05-09 10:57:22,837 [ERROR] LogOutputStream:75 - [STDERR_REDIRECT] 
2026-05-09 10:57:23,859 [ERROR] LogOutputStream:75 - [STDERR_REDIRECT] [Fatal Error] :1:1: Premature end of file.
2026-05-09 10:57:23,859 [ERROR] LogOutputStream:75 - [STDERR_REDIRECT] 
2026-05-09 10:57:24,839 [ERROR] LogOutputStream:75 - [STDERR_REDIRECT] [Fatal Error] :1:1: Premature end of file.
2026-05-09 10:57:24,840 [ERROR] LogOutputStream:75 - [STDERR_REDIRECT] 
2026-05-09 10:57:25,805 [ERROR] LogOutputStream:75 - [STDERR_REDIRECT] [Fatal Error] :1:1: Premature end of file.
2026-05-09 10:57:25,805 [ERROR] LogOutputStream:75 - [STDERR_REDIRECT] 
2026-05-09 10:57:26,828 [ERROR] LogOutputStream:75 - [STDERR_REDIRECT] [Fatal Error] :1:1: Premature end of file.
2026-05-09 10:57:26,829 [ERROR] LogOutputStream:75 - [STDERR_REDIRECT] 
2026-05-09 10:57:27,850 [ERROR] LogOutputStream:75 - [STDERR_REDIRECT] [Fatal Error] :1:1: Premature end of file.
2026-05-09 10:57:27,850 [ERROR] LogOutputStream:75 - [STDERR_REDIRECT] 
2026-05-09 10:57:28,839 [ERROR] LogOutputStream:75 - [STDERR_REDIRECT] [Fatal Error] :1:1: Premature end of file.
2026-05-09 10:57:28,839 [ERROR] LogOutputStream:75 - [STDERR_REDIRECT] 
2026-05-09 10:57:29,834 [ERROR] LogOutputStream:75 - [STDERR_REDIRECT] [Fatal Error] :1:1: Premature end of file.
2026-05-09 10:57:29,835 [ERROR] LogOutputStream:75 - [STDERR_REDIRECT] 
2026-05-09 10:57:30,831 [ERROR] LogOutputStream:75 - [STDERR_REDIRECT] [Fatal Error] :1:1: Premature end of file.
2026-05-09 10:57:30,832 [ERROR] LogOutputStream:75 - [STDERR_REDIRECT] 
2026-05-09 10:57:31,823 [ERROR] LogOutputStream:75 - [STDERR_REDIRECT] [Fatal Error] :1:1: Premature end of file.
2026-05-09 10:57:31,824 [ERROR] LogOutputStream:75 - [STDERR_REDIRECT] 
2026-05-09 10:57:32,829 [ERROR] LogOutputStream:75 - [STDERR_REDIRECT] [Fatal Error] :1:1: Premature end of file.
2026-05-09 10:57:32,829 [ERROR] LogOutputStream:75 - [STDERR_REDIRECT] 
2026-05-09 10:57:33,816 [ERROR] LogOutputStream:75 - [STDERR_REDIRECT] [Fatal Error] :1:1: Premature end of file.
2026-05-09 10:57:33,816 [ERROR] LogOutputStream:75 - [STDERR_REDIRECT] 
2026-05-09 10:57:34,835 [ERROR] LogOutputStream:75 - [STDERR_REDIRECT] [Fatal Error] :1:1: Premature end of file.
2026-05-09 10:57:34,836 [ERROR] LogOutputStream:75 - [STDERR_REDIRECT] 
2026-05-09 10:57:35,839 [ERROR] LogOutputStream:75 - [STDERR_REDIRECT] [Fatal Error] :1:1: Premature end of file.
2026-05-09 10:57:35,840 [ERROR] LogOutputStream:75 - [STDERR_REDIRECT] 
2026-05-09 10:57:36,843 [ERROR] LogOutputStream:75 - [STDERR_REDIRECT] [Fatal Error] :1:1: Premature end of file.
2026-05-09 10:57:36,843 [ERROR] LogOutputStream:75 - [STDERR_REDIRECT] 
2026-05-09 10:57:37,843 [ERROR] LogOutputStream:75 - [STDERR_REDIRECT] [Fatal Error] :1:1: Premature end of file.
2026-05-09 10:57:37,844 [ERROR] LogOutputStream:75 - [STDERR_REDIRECT] 
2026-05-09 10:57:38,833 [ERROR] LogOutputStream:75 - [STDERR_REDIRECT] [Fatal Error] :1:1: Premature end of file.
2026-05-09 10:57:38,833 [ERROR] LogOutputStream:75 - [STDERR_REDIRECT] 
2026-05-09 10:57:39,830 [ERROR] LogOutputStream:75 - [STDERR_REDIRECT] [Fatal Error] :1:1: Premature end of file.
2026-05-09 10:57:39,830 [ERROR] LogOutputStream:75 - [STDERR_REDIRECT] 
2026-05-09 10:57:40,823 [ERROR] LogOutputStream:75 - [STDERR_REDIRECT] [Fatal Error] :1:1: Premature end of file.
2026-05-09 10:57:40,824 [ERROR] LogOutputStream:75 - [STDERR_REDIRECT] 
2026-05-09 10:57:41,825 [ERROR] LogOutputStream:75 - [STDERR_REDIRECT] [Fatal Error] :1:1: Premature end of file.
2026-05-09 10:57:41,825 [ERROR] LogOutputStream:75 - [STDERR_REDIRECT] 
2026-05-09 10:57:42,837 [ERROR] LogOutputStream:75 - [STDERR_REDIRECT] [Fatal Error] :1:1: Premature end of file.
2026-05-09 10:57:42,837 [ERROR] LogOutputStream:75 - [STDERR_REDIRECT] 
2026-05-09 10:57:43,840 [ERROR] LogOutputStream:75 - [STDERR_REDIRECT] [Fatal Error] :1:1: Premature end of file.
2026-05-09 10:57:43,841 [ERROR] LogOutputStream:75 - [STDERR_REDIRECT] 
2026-05-09 10:57:44,852 [ERROR] LogOutputStream:75 - [STDERR_REDIRECT] [Fatal Error] :1:1: Premature end of file.
2026-05-09 10:57:44,852 [ERROR] LogOutputStream:75 - [STDERR_REDIRECT] 
2026-05-09 10:57:45,837 [ERROR] LogOutputStream:75 - [STDERR_REDIRECT] [Fatal Error] :1:1: Premature end of file.
2026-05-09 10:57:45,837 [ERROR] LogOutputStream:75 - [STDERR_REDIRECT] 
2026-05-09 10:57:46,832 [ERROR] LogOutputStream:75 - [STDERR_REDIRECT] [Fatal Error] :1:1: Premature end of file.
2026-05-09 10:57:46,832 [ERROR] LogOutputStream:75 - [STDERR_REDIRECT] 
2026-05-09 10:57:47,837 [ERROR] LogOutputStream:75 - [STDERR_REDIRECT] [Fatal Error] :1:1: Premature end of file.
2026-05-09 10:57:47,837 [ERROR] LogOutputStream:75 - [STDERR_REDIRECT] 
2026-05-09 10:57:48,826 [ERROR] LogOutputStream:75 - [STDERR_REDIRECT] [Fatal Error] :1:1: Premature end of file.
2026-05-09 10:57:48,827 [ERROR] LogOutputStream:75 - [STDERR_REDIRECT] 
2026-05-09 10:57:49,839 [ERROR] LogOutputStream:75 - [STDERR_REDIRECT] [Fatal Error] :1:1: Premature end of file.
2026-05-09 10:57:49,839 [ERROR] LogOutputStream:75 - [STDERR_REDIRECT] 
2026-05-09 10:57:50,834 [ERROR] LogOutputStream:75 - [STDERR_REDIRECT] [Fatal Error] :1:1: Premature end of file.
2026-05-09 10:57:50,835 [ERROR] LogOutputStream:75 - [STDERR_REDIRECT] 
2026-05-09 10:57:51,849 [ERROR] LogOutputStream:75 - [STDERR_REDIRECT] [Fatal Error] :1:1: Premature end of file.
2026-05-09 10:57:51,850 [ERROR] LogOutputStream:75 - [STDERR_REDIRECT] 
2026-05-09 10:57:52,856 [ERROR] LogOutputStream:75 - [STDERR_REDIRECT] [Fatal Error] :1:1: Premature end of file.
2026-05-09 10:57:52,857 [ERROR] LogOutputStream:75 - [STDERR_REDIRECT] 
2026-05-09 10:57:53,844 [ERROR] LogOutputStream:75 - [STDERR_REDIRECT] [Fatal Error] :1:1: Premature end of file.
2026-05-09 10:57:53,844 [ERROR] LogOutputStream:75 - [STDERR_REDIRECT] 
2026-05-09 10:57:54,848 [ERROR] LogOutputStream:75 - [STDERR_REDIRECT] [Fatal Error] :1:1: Premature end of file.
2026-05-09 10:57:54,849 [ERROR] LogOutputStream:75 - [STDERR_REDIRECT] 
2026-05-09 10:57:55,845 [ERROR] LogOutputStream:75 - [STDERR_REDIRECT] [Fatal Error] :1:1: Premature end of file.
2026-05-09 10:57:55,845 [ERROR] LogOutputStream:75 - [STDERR_REDIRECT] 
2026-05-09 10:57:56,837 [ERROR] LogOutputStream:75 - [STDERR_REDIRECT] [Fatal Error] :1:1: Premature end of file.
2026-05-09 10:57:56,837 [ERROR] LogOutputStream:75 - [STDERR_REDIRECT] 
2026-05-09 10:57:57,837 [ERROR] LogOutputStream:75 - [STDERR_REDIRECT] [Fatal Error] :1:1: Premature end of file.
2026-05-09 10:57:57,837 [ERROR] LogOutputStream:75 - [STDERR_REDIRECT] 
2026-05-09 10:57:58,829 [ERROR] LogOutputStream:75 - [STDERR_REDIRECT] [Fatal Error] :1:1: Premature end of file.
2026-05-09 10:57:58,829 [ERROR] LogOutputStream:75 - [STDERR_REDIRECT] 
2026-05-09 10:57:59,854 [ERROR] LogOutputStream:75 - [STDERR_REDIRECT] [Fatal Error] :1:1: Premature end of file.
2026-05-09 10:57:59,855 [ERROR] LogOutputStream:75 - [STDERR_REDIRECT] 
2026-05-09 10:58:00,829 [ERROR] LogOutputStream:75 - [STDERR_REDIRECT] [Fatal Error] :1:1: Premature end of file.
2026-05-09 10:58:00,829 [ERROR] LogOutputStream:75 - [STDERR_REDIRECT] 
2026-05-09 10:58:01,829 [ERROR] LogOutputStream:75 - [STDERR_REDIRECT] [Fatal Error] :1:1: Premature end of file.
2026-05-09 10:58:01,829 [ERROR] LogOutputStream:75 - [STDERR_REDIRECT] 
2026-05-09 10:58:02,835 [ERROR] LogOutputStream:75 - [STDERR_REDIRECT] [Fatal Error] :1:1: Premature end of file.
2026-05-09 10:58:02,835 [ERROR] LogOutputStream:75 - [STDERR_REDIRECT] 
2026-05-09 10:58:03,826 [ERROR] LogOutputStream:75 - [STDERR_REDIRECT] [Fatal Error] :1:1: Premature end of file.
2026-05-09 10:58:03,826 [ERROR] LogOutputStream:75 - [STDERR_REDIRECT] 
2026-05-09 10:58:04,846 [ERROR] LogOutputStream:75 - [STDERR_REDIRECT] [Fatal Error] :1:1: Premature end of file.
2026-05-09 10:58:04,847 [ERROR] LogOutputStream:75 - [STDERR_REDIRECT] 
2026-05-09 10:58:05,834 [ERROR] LogOutputStream:75 - [STDERR_REDIRECT] [Fatal Error] :1:1: Premature end of file.
2026-05-09 10:58:05,834 [ERROR] LogOutputStream:75 - [STDERR_REDIRECT] 
2026-05-09 10:58:06,850 [ERROR] LogOutputStream:75 - [STDERR_REDIRECT] [Fatal Error] :1:1: Premature end of file.
2026-05-09 10:58:06,850 [ERROR] LogOutputStream:75 - [STDERR_REDIRECT] 
2026-05-09 10:58:07,830 [ERROR] LogOutputStream:75 - [STDERR_REDIRECT] [Fatal Error] :1:1: Premature end of file.
2026-05-09 10:58:07,831 [ERROR] LogOutputStream:75 - [STDERR_REDIRECT] 
2026-05-09 10:58:08,839 [ERROR] LogOutputStream:75 - [STDERR_REDIRECT] [Fatal Error] :1:1: Premature end of file.
2026-05-09 10:58:08,839 [ERROR] LogOutputStream:75 - [STDERR_REDIRECT] 
2026-05-09 10:58:09,839 [ERROR] LogOutputStream:75 - [STDERR_REDIRECT] [Fatal Error] :1:1: Premature end of file.
2026-05-09 10:58:09,840 [ERROR] LogOutputStream:75 - [STDERR_REDIRECT] 
2026-05-09 10:58:10,829 [ERROR] LogOutputStream:75 - [STDERR_REDIRECT] [Fatal Error] :1:1: Premature end of file.
2026-05-09 10:58:10,830 [ERROR] LogOutputStream:75 - [STDERR_REDIRECT] 
2026-05-09 10:58:11,831 [ERROR] LogOutputStream:75 - [STDERR_REDIRECT] [Fatal Error] :1:1: Premature end of file.
2026-05-09 10:58:11,832 [ERROR] LogOutputStream:75 - [STDERR_REDIRECT] 
2026-05-09 10:58:12,840 [ERROR] LogOutputStream:75 - [STDERR_REDIRECT] [Fatal Error] :1:1: Premature end of file.
2026-05-09 10:58:12,840 [ERROR] LogOutputStream:75 - [STDERR_REDIRECT] 
2026-05-09 10:58:13,854 [ERROR] LogOutputStream:75 - [STDERR_REDIRECT] [Fatal Error] :1:1: Premature end of file.
2026-05-09 10:58:13,854 [ERROR] LogOutputStream:75 - [STDERR_REDIRECT] 
2026-05-09 10:58:14,803 [ERROR] LogOutputStream:75 - [STDERR_REDIRECT] [Fatal Error] :1:1: Premature end of file.
2026-05-09 10:58:14,803 [ERROR] LogOutputStream:75 - [STDERR_REDIRECT] 
2026-05-09 10:58:15,837 [ERROR] LogOutputStream:75 - [STDERR_REDIRECT] [Fatal Error] :1:1: Premature end of file.
2026-05-09 10:58:15,838 [ERROR] LogOutputStream:75 - [STDERR_REDIRECT] 
2026-05-09 10:58:16,826 [ERROR] LogOutputStream:75 - [STDERR_REDIRECT] [Fatal Error] :1:1: Premature end of file.
2026-05-09 10:58:16,826 [ERROR] LogOutputStream:75 - [STDERR_REDIRECT] 
2026-05-09 10:58:17,840 [ERROR] LogOutputStream:75 - [STDERR_REDIRECT] [Fatal Error] :1:1: Premature end of file.
2026-05-09 10:58:17,840 [ERROR] LogOutputStream:75 - [STDERR_REDIRECT] 
2026-05-09 10:58:18,829 [ERROR] LogOutputStream:75 - [STDERR_REDIRECT] [Fatal Error] :1:1: Premature end of file.
2026-05-09 10:58:18,830 [ERROR] LogOutputStream:75 - [STDERR_REDIRECT] 
2026-05-09 10:58:19,854 [ERROR] LogOutputStream:75 - [STDERR_REDIRECT] [Fatal Error] :1:1: Premature end of file.
2026-05-09 10:58:19,854 [ERROR] LogOutputStream:75 - [STDERR_REDIRECT] 
2026-05-09 10:58:20,852 [ERROR] LogOutputStream:75 - [STDERR_REDIRECT] [Fatal Error] :1:1: Premature end of file.
2026-05-09 10:58:20,852 [ERROR] LogOutputStream:75 - [STDERR_REDIRECT] 
2026-05-09 10:58:21,841 [ERROR] LogOutputStream:75 - [STDERR_REDIRECT] [Fatal Error] :1:1: Premature end of file.
2026-05-09 10:58:21,842 [ERROR] LogOutputStream:75 - [STDERR_REDIRECT] 
2026-05-09 10:58:22,837 [ERROR] LogOutputStream:75 - [STDERR_REDIRECT] [Fatal Error] :1:1: Premature end of file.
2026-05-09 10:58:22,837 [ERROR] LogOutputStream:75 - [STDERR_REDIRECT] 
2026-05-09 10:58:23,833 [ERROR] LogOutputStream:75 - [STDERR_REDIRECT] [Fatal Error] :1:1: Premature end of file.
2026-05-09 10:58:23,834 [ERROR] LogOutputStream:75 - [STDERR_REDIRECT] 
2026-05-09 10:58:24,853 [ERROR] LogOutputStream:75 - [STDERR_REDIRECT] [Fatal Error] :1:1: Premature end of file.
2026-05-09 10:58:24,853 [ERROR] LogOutputStream:75 - [STDERR_REDIRECT] 
2026-05-09 10:58:25,840 [ERROR] LogOutputStream:75 - [STDERR_REDIRECT] [Fatal Error] :1:1: Premature end of file.
2026-05-09 10:58:25,841 [ERROR] LogOutputStream:75 - [STDERR_REDIRECT] 
2026-05-09 10:58:26,843 [ERROR] LogOutputStream:75 - [STDERR_REDIRECT] [Fatal Error] :1:1: Premature end of file.
2026-05-09 10:58:26,844 [ERROR] LogOutputStream:75 - [STDERR_REDIRECT] 
2026-05-09 10:58:27,832 [ERROR] LogOutputStream:75 - [STDERR_REDIRECT] [Fatal Error] :1:1: Premature end of file.
2026-05-09 10:58:27,832 [ERROR] LogOutputStream:75 - [STDERR_REDIRECT] 
2026-05-09 10:58:28,828 [ERROR] LogOutputStream:75 - [STDERR_REDIRECT] [Fatal Error] :1:1: Premature end of file.
2026-05-09 10:58:28,828 [ERROR] LogOutputStream:75 - [STDERR_REDIRECT] 
2026-05-09 10:58:29,840 [ERROR] LogOutputStream:75 - [STDERR_REDIRECT] [Fatal Error] :1:1: Premature end of file.
2026-05-09 10:58:29,840 [ERROR] LogOutputStream:75 - [STDERR_REDIRECT] 
2026-05-09 10:58:30,830 [ERROR] LogOutputStream:75 - [STDERR_REDIRECT] [Fatal Error] :1:1: Premature end of file.
2026-05-09 10:58:30,830 [ERROR] LogOutputStream:75 - [STDERR_REDIRECT] 
2026-05-09 10:58:31,853 [ERROR] LogOutputStream:75 - [STDERR_REDIRECT] [Fatal Error] :1:1: Premature end of file.
2026-05-09 10:58:31,854 [ERROR] LogOutputStream:75 - [STDERR_REDIRECT] 
2026-05-09 10:58:32,842 [ERROR] LogOutputStream:75 - [STDERR_REDIRECT] [Fatal Error] :1:1: Premature end of file.
2026-05-09 10:58:32,842 [ERROR] LogOutputStream:75 - [STDERR_REDIRECT] 
2026-05-09 10:58:33,838 [ERROR] LogOutputStream:75 - [STDERR_REDIRECT] [Fatal Error] :1:1: Premature end of file.
2026-05-09 10:58:33,838 [ERROR] LogOutputStream:75 - [STDERR_REDIRECT] 
2026-05-09 10:58:34,841 [ERROR] LogOutputStream:75 - [STDERR_REDIRECT] [Fatal Error] :1:1: Premature end of file.
2026-05-09 10:58:34,842 [ERROR] LogOutputStream:75 - [STDERR_REDIRECT] 
2026-05-09 10:58:35,840 [ERROR] LogOutputStream:75 - [STDERR_REDIRECT] [Fatal Error] :1:1: Premature end of file.
2026-05-09 10:58:35,841 [ERROR] LogOutputStream:75 - [STDERR_REDIRECT] 
2026-05-09 10:58:36,828 [ERROR] LogOutputStream:75 - [STDERR_REDIRECT] [Fatal Error] :1:1: Premature end of file.
2026-05-09 10:58:36,828 [ERROR] LogOutputStream:75 - [STDERR_REDIRECT] 
2026-05-09 10:58:37,845 [ERROR] LogOutputStream:75 - [STDERR_REDIRECT] [Fatal Error] :1:1: Premature end of file.
2026-05-09 10:58:37,846 [ERROR] LogOutputStream:75 - [STDERR_REDIRECT] 
2026-05-09 10:58:38,850 [ERROR] LogOutputStream:75 - [STDERR_REDIRECT] [Fatal Error] :1:1: Premature end of file.
2026-05-09 10:58:38,851 [ERROR] LogOutputStream:75 - [STDERR_REDIRECT] 
2026-05-09 10:58:39,830 [ERROR] LogOutputStream:75 - [STDERR_REDIRECT] [Fatal Error] :1:1: Premature end of file.
2026-05-09 10:58:39,830 [ERROR] LogOutputStream:75 - [STDERR_REDIRECT] 
2026-05-09 10:58:40,842 [ERROR] LogOutputStream:75 - [STDERR_REDIRECT] [Fatal Error] :1:1: Premature end of file.
2026-05-09 10:58:40,842 [ERROR] LogOutputStream:75 - [STDERR_REDIRECT] 
2026-05-09 10:58:41,836 [ERROR] LogOutputStream:75 - [STDERR_REDIRECT] [Fatal Error] :1:1: Premature end of file.
2026-05-09 10:58:41,837 [ERROR] LogOutputStream:75 - [STDERR_REDIRECT] 
2026-05-09 10:58:42,848 [ERROR] LogOutputStream:75 - [STDERR_REDIRECT] [Fatal Error] :1:1: Premature end of file.
2026-05-09 10:58:42,848 [ERROR] LogOutputStream:75 - [STDERR_REDIRECT] 
2026-05-09 10:58:43,835 [ERROR] LogOutputStream:75 - [STDERR_REDIRECT] [Fatal Error] :1:1: Premature end of file.
2026-05-09 10:58:43,835 [ERROR] LogOutputStream:75 - [STDERR_REDIRECT] 
2026-05-09 10:58:44,841 [ERROR] LogOutputStream:75 - [STDERR_REDIRECT] [Fatal Error] :1:1: Premature end of file.
2026-05-09 10:58:44,841 [ERROR] LogOutputStream:75 - [STDERR_REDIRECT] 
2026-05-09 10:58:45,845 [ERROR] LogOutputStream:75 - [STDERR_REDIRECT] [Fatal Error] :1:1: Premature end of file.
2026-05-09 10:58:45,845 [ERROR] LogOutputStream:75 - [STDERR_REDIRECT] 
2026-05-09 10:58:46,843 [ERROR] LogOutputStream:75 - [STDERR_REDIRECT] [Fatal Error] :1:1: Premature end of file.
2026-05-09 10:58:46,843 [ERROR] LogOutputStream:75 - [STDERR_REDIRECT] 
2026-05-09 10:58:47,835 [ERROR] LogOutputStream:75 - [STDERR_REDIRECT] [Fatal Error] :1:1: Premature end of file.
2026-05-09 10:58:47,835 [ERROR] LogOutputStream:75 - [STDERR_REDIRECT] 
2026-05-09 10:58:48,842 [ERROR] LogOutputStream:75 - [STDERR_REDIRECT] [Fatal Error] :1:1: Premature end of file.
2026-05-09 10:58:48,842 [ERROR] LogOutputStream:75 - [STDERR_REDIRECT] 
2026-05-09 10:58:49,829 [ERROR] LogOutputStream:75 - [STDERR_REDIRECT] [Fatal Error] :1:1: Premature end of file.
2026-05-09 10:58:49,829 [ERROR] LogOutputStream:75 - [STDERR_REDIRECT] 
2026-05-09 10:58:50,842 [ERROR] LogOutputStream:75 - [STDERR_REDIRECT] [Fatal Error] :1:1: Premature end of file.
2026-05-09 10:58:50,842 [ERROR] LogOutputStream:75 - [STDERR_REDIRECT] 
2026-05-09 10:58:51,832 [ERROR] LogOutputStream:75 - [STDERR_REDIRECT] [Fatal Error] :1:1: Premature end of file.
2026-05-09 10:58:51,833 [ERROR] LogOutputStream:75 - [STDERR_REDIRECT] 
2026-05-09 10:58:52,833 [ERROR] LogOutputStream:75 - [STDERR_REDIRECT] [Fatal Error] :1:1: Premature end of file.
2026-05-09 10:58:52,834 [ERROR] LogOutputStream:75 - [STDERR_REDIRECT] 
2026-05-09 10:58:53,850 [ERROR] LogOutputStream:75 - [STDERR_REDIRECT] [Fatal Error] :1:1: Premature end of file.
2026-05-09 10:58:53,850 [ERROR] LogOutputStream:75 - [STDERR_REDIRECT] 
2026-05-09 10:58:54,815 [ERROR] LogOutputStream:75 - [STDERR_REDIRECT] [Fatal Error] :1:1: Premature end of file.
2026-05-09 10:58:54,815 [ERROR] LogOutputStream:75 - [STDERR_REDIRECT] 
2026-05-09 10:58:55,835 [ERROR] LogOutputStream:75 - [STDERR_REDIRECT] [Fatal Error] :1:1: Premature end of file.
2026-05-09 10:58:55,835 [ERROR] LogOutputStream:75 - [STDERR_REDIRECT] 
2026-05-09 10:58:56,814 [ERROR] LogOutputStream:75 - [STDERR_REDIRECT] [Fatal Error] :1:1: Premature end of file.
2026-05-09 10:58:56,814 [ERROR] LogOutputStream:75 - [STDERR_REDIRECT] 
2026-05-09 10:58:57,841 [ERROR] LogOutputStream:75 - [STDERR_REDIRECT] [Fatal Error] :1:1: Premature end of file.
2026-05-09 10:58:57,841 [ERROR] LogOutputStream:75 - [STDERR_REDIRECT] 
2026-05-09 10:58:58,802 [ERROR] LogOutputStream:75 - [STDERR_REDIRECT] [Fatal Error] :1:1: Premature end of file.
2026-05-09 10:58:58,802 [ERROR] LogOutputStream:75 - [STDERR_REDIRECT] 
2026-05-09 10:58:59,824 [ERROR] LogOutputStream:75 - [STDERR_REDIRECT] [Fatal Error] :1:1: Premature end of file.
2026-05-09 10:58:59,824 [ERROR] LogOutputStream:75 - [STDERR_REDIRECT] 
2026-05-09 10:59:00,832 [ERROR] LogOutputStream:75 - [STDERR_REDIRECT] [Fatal Error] :1:1: Premature end of file.
2026-05-09 10:59:00,832 [ERROR] LogOutputStream:75 - [STDERR_REDIRECT] 
2026-05-09 10:59:01,852 [ERROR] LogOutputStream:75 - [STDERR_REDIRECT] [Fatal Error] :1:1: Premature end of file.
2026-05-09 10:59:01,852 [ERROR] LogOutputStream:75 - [STDERR_REDIRECT] 
2026-05-09 10:59:02,841 [ERROR] LogOutputStream:75 - [STDERR_REDIRECT] [Fatal Error] :1:1: Premature end of file.
2026-05-09 10:59:02,841 [ERROR] LogOutputStream:75 - [STDERR_REDIRECT] 
2026-05-09 10:59:03,814 [ERROR] LogOutputStream:75 - [STDERR_REDIRECT] [Fatal Error] :1:1: Premature end of file.
2026-05-09 10:59:03,814 [ERROR] LogOutputStream:75 - [STDERR_REDIRECT] 
2026-05-09 10:59:04,813 [ERROR] LogOutputStream:75 - [STDERR_REDIRECT] [Fatal Error] :1:1: Premature end of file.
2026-05-09 10:59:04,814 [ERROR] LogOutputStream:75 - [STDERR_REDIRECT] 
2026-05-09 10:59:05,846 [ERROR] LogOutputStream:75 - [STDERR_REDIRECT] [Fatal Error] :1:1: Premature end of file.
2026-05-09 10:59:05,847 [ERROR] LogOutputStream:75 - [STDERR_REDIRECT] 
2026-05-09 10:59:06,800 [ERROR] LogOutputStream:75 - [STDERR_REDIRECT] [Fatal Error] :1:1: Premature end of file.
2026-05-09 10:59:06,801 [ERROR] LogOutputStream:75 - [STDERR_REDIRECT] 
2026-05-09 10:59:07,849 [ERROR] LogOutputStream:75 - [STDERR_REDIRECT] [Fatal Error] :1:1: Premature end of file.
2026-05-09 10:59:07,849 [ERROR] LogOutputStream:75 - [STDERR_REDIRECT] 
2026-05-09 10:59:08,826 [ERROR] LogOutputStream:75 - [STDERR_REDIRECT] [Fatal Error] :1:1: Premature end of file.
2026-05-09 10:59:08,826 [ERROR] LogOutputStream:75 - [STDERR_REDIRECT] 
2026-05-09 10:59:09,808 [ERROR] LogOutputStream:75 - [STDERR_REDIRECT] [Fatal Error] :1:1: Premature end of file.
2026-05-09 10:59:09,808 [ERROR] LogOutputStream:75 - [STDERR_REDIRECT] 
2026-05-09 10:59:10,818 [ERROR] LogOutputStream:75 - [STDERR_REDIRECT] [Fatal Error] :1:1: Premature end of file.
2026-05-09 10:59:10,819 [ERROR] LogOutputStream:75 - [STDERR_REDIRECT] 
2026-05-09 10:59:11,855 [ERROR] LogOutputStream:75 - [STDERR_REDIRECT] [Fatal Error] :1:1: Premature end of file.
2026-05-09 10:59:11,855 [ERROR] LogOutputStream:75 - [STDERR_REDIRECT] 
2026-05-09 10:59:12,842 [ERROR] LogOutputStream:75 - [STDERR_REDIRECT] [Fatal Error] :1:1: Premature end of file.
2026-05-09 10:59:12,843 [ERROR] LogOutputStream:75 - [STDERR_REDIRECT] 
2026-05-09 10:59:13,849 [ERROR] LogOutputStream:75 - [STDERR_REDIRECT] [Fatal Error] :1:1: Premature end of file.
2026-05-09 10:59:13,849 [ERROR] LogOutputStream:75 - [STDERR_REDIRECT] 
2026-05-09 10:59:14,831 [ERROR] LogOutputStream:75 - [STDERR_REDIRECT] [Fatal Error] :1:1: Premature end of file.
2026-05-09 10:59:14,831 [ERROR] LogOutputStream:75 - [STDERR_REDIRECT] 
2026-05-09 10:59:15,831 [ERROR] LogOutputStream:75 - [STDERR_REDIRECT] [Fatal Error] :1:1: Premature end of file.
2026-05-09 10:59:15,831 [ERROR] LogOutputStream:75 - [STDERR_REDIRECT] 
2026-05-09 10:59:16,843 [ERROR] LogOutputStream:75 - [STDERR_REDIRECT] [Fatal Error] :1:1: Premature end of file.
2026-05-09 10:59:16,844 [ERROR] LogOutputStream:75 - [STDERR_REDIRECT] 
2026-05-09 10:59:17,847 [ERROR] LogOutputStream:75 - [STDERR_REDIRECT] [Fatal Error] :1:1: Premature end of file.
2026-05-09 10:59:17,847 [ERROR] LogOutputStream:75 - [STDERR_REDIRECT] 
2026-05-09 10:59:18,857 [ERROR] LogOutputStream:75 - [STDERR_REDIRECT] [Fatal Error] :1:1: Premature end of file.
2026-05-09 10:59:18,857 [ERROR] LogOutputStream:75 - [STDERR_REDIRECT] 
2026-05-09 10:59:19,817 [ERROR] LogOutputStream:75 - [STDERR_REDIRECT] [Fatal Error] :1:1: Premature end of file.
2026-05-09 10:59:19,818 [ERROR] LogOutputStream:75 - [STDERR_REDIRECT] 
2026-05-09 10:59:20,804 [ERROR] LogOutputStream:75 - [STDERR_REDIRECT] [Fatal Error] :1:1: Premature end of file.
2026-05-09 10:59:20,804 [ERROR] LogOutputStream:75 - [STDERR_REDIRECT] 
2026-05-09 10:59:21,823 [ERROR] LogOutputStream:75 - [STDERR_REDIRECT] [Fatal Error] :1:1: Premature end of file.
2026-05-09 10:59:21,823 [ERROR] LogOutputStream:75 - [STDERR_REDIRECT] 
2026-05-09 10:59:22,843 [ERROR] LogOutputStream:75 - [STDERR_REDIRECT] [Fatal Error] :1:1: Premature end of file.
2026-05-09 10:59:22,843 [ERROR] LogOutputStream:75 - [STDERR_REDIRECT] 
2026-05-09 10:59:23,839 [ERROR] LogOutputStream:75 - [STDERR_REDIRECT] [Fatal Error] :1:1: Premature end of file.
2026-05-09 10:59:23,840 [ERROR] LogOutputStream:75 - [STDERR_REDIRECT] 
2026-05-09 10:59:24,820 [ERROR] LogOutputStream:75 - [STDERR_REDIRECT] [Fatal Error] :1:1: Premature end of file.
2026-05-09 10:59:24,820 [ERROR] LogOutputStream:75 - [STDERR_REDIRECT] 
2026-05-09 10:59:25,838 [ERROR] LogOutputStream:75 - [STDERR_REDIRECT] [Fatal Error] :1:1: Premature end of file.
2026-05-09 10:59:25,839 [ERROR] LogOutputStream:75 - [STDERR_REDIRECT] 
2026-05-09 10:59:26,834 [ERROR] LogOutputStream:75 - [STDERR_REDIRECT] [Fatal Error] :1:1: Premature end of file.
2026-05-09 10:59:26,834 [ERROR] LogOutputStream:75 - [STDERR_REDIRECT] 
2026-05-09 10:59:27,821 [ERROR] LogOutputStream:75 - [STDERR_REDIRECT] [Fatal Error] :1:1: Premature end of file.
2026-05-09 10:59:27,821 [ERROR] LogOutputStream:75 - [STDERR_REDIRECT] 
2026-05-09 10:59:28,854 [ERROR] LogOutputStream:75 - [STDERR_REDIRECT] [Fatal Error] :1:1: Premature end of file.
2026-05-09 10:59:28,854 [ERROR] LogOutputStream:75 - [STDERR_REDIRECT] 
2026-05-09 10:59:29,839 [ERROR] LogOutputStream:75 - [STDERR_REDIRECT] [Fatal Error] :1:1: Premature end of file.
2026-05-09 10:59:29,841 [ERROR] LogOutputStream:75 - [STDERR_REDIRECT] 
2026-05-09 10:59:30,809 [ERROR] LogOutputStream:75 - [STDERR_REDIRECT] [Fatal Error] :1:1: Premature end of file.
2026-05-09 10:59:30,809 [ERROR] LogOutputStream:75 - [STDERR_REDIRECT] 
2026-05-09 10:59:31,842 [ERROR] LogOutputStream:75 - [STDERR_REDIRECT] [Fatal Error] :1:1: Premature end of file.
2026-05-09 10:59:31,842 [ERROR] LogOutputStream:75 - [STDERR_REDIRECT] 
2026-05-09 10:59:32,840 [ERROR] LogOutputStream:75 - [STDERR_REDIRECT] [Fatal Error] :1:1: Premature end of file.
2026-05-09 10:59:32,841 [ERROR] LogOutputStream:75 - [STDERR_REDIRECT] 
2026-05-09 10:59:33,849 [ERROR] LogOutputStream:75 - [STDERR_REDIRECT] [Fatal Error] :1:1: Premature end of file.
2026-05-09 10:59:33,849 [ERROR] LogOutputStream:75 - [STDERR_REDIRECT] 
2026-05-09 10:59:34,859 [ERROR] LogOutputStream:75 - [STDERR_REDIRECT] [Fatal Error] :1:1: Premature end of file.
2026-05-09 10:59:34,860 [ERROR] LogOutputStream:75 - [STDERR_REDIRECT] 
2026-05-09 10:59:35,865 [ERROR] LogOutputStream:75 - [STDERR_REDIRECT] [Fatal Error] :1:1: Premature end of file.
2026-05-09 10:59:35,866 [ERROR] LogOutputStream:75 - [STDERR_REDIRECT] 
2026-05-09 10:59:36,843 [ERROR] LogOutputStream:75 - [STDERR_REDIRECT] [Fatal Error] :1:1: Premature end of file.
2026-05-09 10:59:36,843 [ERROR] LogOutputStream:75 - [STDERR_REDIRECT] 
2026-05-09 10:59:37,863 [ERROR] LogOutputStream:75 - [STDERR_REDIRECT] [Fatal Error] :1:1: Premature end of file.
2026-05-09 10:59:37,864 [ERROR] LogOutputStream:75 - [STDERR_REDIRECT] 
2026-05-09 10:59:38,858 [ERROR] LogOutputStream:75 - [STDERR_REDIRECT] [Fatal Error] :1:1: Premature end of file.
2026-05-09 10:59:38,858 [ERROR] LogOutputStream:75 - [STDERR_REDIRECT] 
2026-05-09 10:59:39,814 [ERROR] LogOutputStream:75 - [STDERR_REDIRECT] [Fatal Error] :1:1: Premature end of file.
2026-05-09 10:59:39,815 [ERROR] LogOutputStream:75 - [STDERR_REDIRECT] 
2026-05-09 10:59:40,836 [ERROR] LogOutputStream:75 - [STDERR_REDIRECT] [Fatal Error] :1:1: Premature end of file.
2026-05-09 10:59:40,836 [ERROR] LogOutputStream:75 - [STDERR_REDIRECT] 
2026-05-09 10:59:41,834 [ERROR] LogOutputStream:75 - [STDERR_REDIRECT] [Fatal Error] :1:1: Premature end of file.
2026-05-09 10:59:41,834 [ERROR] LogOutputStream:75 - [STDERR_REDIRECT] 
2026-05-09 10:59:42,833 [ERROR] LogOutputStream:75 - [STDERR_REDIRECT] [Fatal Error] :1:1: Premature end of file.
2026-05-09 10:59:42,833 [ERROR] LogOutputStream:75 - [STDERR_REDIRECT] 
2026-05-09 10:59:43,822 [ERROR] LogOutputStream:75 - [STDERR_REDIRECT] [Fatal Error] :1:1: Premature end of file.
2026-05-09 10:59:43,822 [ERROR] LogOutputStream:75 - [STDERR_REDIRECT] 
2026-05-09 10:59:44,837 [ERROR] LogOutputStream:75 - [STDERR_REDIRECT] [Fatal Error] :1:1: Premature end of file.
2026-05-09 10:59:44,838 [ERROR] LogOutputStream:75 - [STDERR_REDIRECT] 
2026-05-09 10:59:45,864 [ERROR] LogOutputStream:75 - [STDERR_REDIRECT] [Fatal Error] :1:1: Premature end of file.
2026-05-09 10:59:45,866 [ERROR] LogOutputStream:75 - [STDERR_REDIRECT] 
2026-05-09 10:59:46,847 [ERROR] LogOutputStream:75 - [STDERR_REDIRECT] [Fatal Error] :1:1: Premature end of file.
2026-05-09 10:59:46,848 [ERROR] LogOutputStream:75 - [STDERR_REDIRECT] 
2026-05-09 10:59:47,856 [ERROR] LogOutputStream:75 - [STDERR_REDIRECT] [Fatal Error] :1:1: Premature end of file.
2026-05-09 10:59:47,857 [ERROR] LogOutputStream:75 - [STDERR_REDIRECT] 
2026-05-09 10:59:48,837 [ERROR] LogOutputStream:75 - [STDERR_REDIRECT] [Fatal Error] :1:1: Premature end of file.
2026-05-09 10:59:48,838 [ERROR] LogOutputStream:75 - [STDERR_REDIRECT] 
2026-05-09 10:59:49,823 [ERROR] LogOutputStream:75 - [STDERR_REDIRECT] [Fatal Error] :1:1: Premature end of file.
2026-05-09 10:59:49,824 [ERROR] LogOutputStream:75 - [STDERR_REDIRECT] 
2026-05-09 10:59:50,829 [ERROR] LogOutputStream:75 - [STDERR_REDIRECT] [Fatal Error] :1:1: Premature end of file.
2026-05-09 10:59:50,829 [ERROR] LogOutputStream:75 - [STDERR_REDIRECT] 
2026-05-09 10:59:51,820 [ERROR] LogOutputStream:75 - [STDERR_REDIRECT] [Fatal Error] :1:1: Premature end of file.
2026-05-09 10:59:51,820 [ERROR] LogOutputStream:75 - [STDERR_REDIRECT] 
2026-05-09 10:59:52,819 [ERROR] LogOutputStream:75 - [STDERR_REDIRECT] [Fatal Error] :1:1: Premature end of file.
2026-05-09 10:59:52,820 [ERROR] LogOutputStream:75 - [STDERR_REDIRECT] 
2026-05-09 10:59:53,836 [ERROR] LogOutputStream:75 - [STDERR_REDIRECT] [Fatal Error] :1:1: Premature end of file.
2026-05-09 10:59:53,836 [ERROR] LogOutputStream:75 - [STDERR_REDIRECT] 
2026-05-09 10:59:54,839 [ERROR] LogOutputStream:75 - [STDERR_REDIRECT] [Fatal Error] :1:1: Premature end of file.
2026-05-09 10:59:54,839 [ERROR] LogOutputStream:75 - [STDERR_REDIRECT] 
2026-05-09 10:59:55,837 [ERROR] LogOutputStream:75 - [STDERR_REDIRECT] [Fatal Error] :1:1: Premature end of file.
2026-05-09 10:59:55,837 [ERROR] LogOutputStream:75 - [STDERR_REDIRECT] 
2026-05-09 10:59:56,833 [ERROR] LogOutputStream:75 - [STDERR_REDIRECT] [Fatal Error] :1:1: Premature end of file.
2026-05-09 10:59:56,833 [ERROR] LogOutputStream:75 - [STDERR_REDIRECT] 
2026-05-09 10:59:57,848 [ERROR] LogOutputStream:75 - [STDERR_REDIRECT] [Fatal Error] :1:1: Premature end of file.
2026-05-09 10:59:57,848 [ERROR] LogOutputStream:75 - [STDERR_REDIRECT] 
2026-05-09 10:59:58,832 [ERROR] LogOutputStream:75 - [STDERR_REDIRECT] [Fatal Error] :1:1: Premature end of file.
2026-05-09 10:59:58,832 [ERROR] LogOutputStream:75 - [STDERR_REDIRECT] 
2026-05-09 10:59:59,819 [ERROR] LogOutputStream:75 - [STDERR_REDIRECT] [Fatal Error] :1:1: Premature end of file.
2026-05-09 10:59:59,819 [ERROR] LogOutputStream:75 - [STDERR_REDIRECT] 
2026-05-09 11:00:00,840 [ERROR] LogOutputStream:75 - [STDERR_REDIRECT] [Fatal Error] :1:1: Premature end of file.
2026-05-09 11:00:00,840 [ERROR] LogOutputStream:75 - [STDERR_REDIRECT] 
2026-05-09 11:00:01,812 [ERROR] LogOutputStream:75 - [STDERR_REDIRECT] [Fatal Error] :1:1: Premature end of file.
2026-05-09 11:00:01,812 [ERROR] LogOutputStream:75 - [STDERR_REDIRECT] 
2026-05-09 11:00:02,820 [ERROR] LogOutputStream:75 - [STDERR_REDIRECT] [Fatal Error] :1:1: Premature end of file.
2026-05-09 11:00:02,820 [ERROR] LogOutputStream:75 - [STDERR_REDIRECT] 
2026-05-09 11:00:03,860 [ERROR] LogOutputStream:75 - [STDERR_REDIRECT] [Fatal Error] :1:1: Premature end of file.
2026-05-09 11:00:03,860 [ERROR] LogOutputStream:75 - [STDERR_REDIRECT] 
2026-05-09 11:00:04,839 [ERROR] LogOutputStream:75 - [STDERR_REDIRECT] [Fatal Error] :1:1: Premature end of file.
2026-05-09 11:00:04,840 [ERROR] LogOutputStream:75 - [STDERR_REDIRECT] 
2026-05-09 11:00:05,810 [ERROR] LogOutputStream:75 - [STDERR_REDIRECT] [Fatal Error] :1:1: Premature end of file.
2026-05-09 11:00:05,810 [ERROR] LogOutputStream:75 - [STDERR_REDIRECT] 
2026-05-09 11:00:06,837 [ERROR] LogOutputStream:75 - [STDERR_REDIRECT] [Fatal Error] :1:1: Premature end of file.
2026-05-09 11:00:06,837 [ERROR] LogOutputStream:75 - [STDERR_REDIRECT] 
2026-05-09 11:00:07,830 [ERROR] LogOutputStream:75 - [STDERR_REDIRECT] [Fatal Error] :1:1: Premature end of file.
2026-05-09 11:00:07,831 [ERROR] LogOutputStream:75 - [STDERR_REDIRECT] 
2026-05-09 11:00:08,841 [ERROR] LogOutputStream:75 - [STDERR_REDIRECT] [Fatal Error] :1:1: Premature end of file.
2026-05-09 11:00:08,841 [ERROR] LogOutputStream:75 - [STDERR_REDIRECT] 
2026-05-09 11:00:09,834 [ERROR] LogOutputStream:75 - [STDERR_REDIRECT] [Fatal Error] :1:1: Premature end of file.
2026-05-09 11:00:09,834 [ERROR] LogOutputStream:75 - [STDERR_REDIRECT] 
2026-05-09 11:00:10,840 [ERROR] LogOutputStream:75 - [STDERR_REDIRECT] [Fatal Error] :1:1: Premature end of file.
2026-05-09 11:00:10,841 [ERROR] LogOutputStream:75 - [STDERR_REDIRECT] 
2026-05-09 11:00:11,844 [ERROR] LogOutputStream:75 - [STDERR_REDIRECT] [Fatal Error] :1:1: Premature end of file.
2026-05-09 11:00:11,844 [ERROR] LogOutputStream:75 - [STDERR_REDIRECT] 
2026-05-09 11:00:12,847 [ERROR] LogOutputStream:75 - [STDERR_REDIRECT] [Fatal Error] :1:1: Premature end of file.
2026-05-09 11:00:12,847 [ERROR] LogOutputStream:75 - [STDERR_REDIRECT] 
2026-05-09 11:00:13,837 [ERROR] LogOutputStream:75 - [STDERR_REDIRECT] [Fatal Error] :1:1: Premature end of file.
2026-05-09 11:00:13,837 [ERROR] LogOutputStream:75 - [STDERR_REDIRECT] 
2026-05-09 11:00:14,859 [ERROR] LogOutputStream:75 - [STDERR_REDIRECT] [Fatal Error] :1:1: Premature end of file.
2026-05-09 11:00:14,859 [ERROR] LogOutputStream:75 - [STDERR_REDIRECT] 
2026-05-09 11:00:15,847 [ERROR] LogOutputStream:75 - [STDERR_REDIRECT] [Fatal Error] :1:1: Premature end of file.
2026-05-09 11:00:15,848 [ERROR] LogOutputStream:75 - [STDERR_REDIRECT] 
2026-05-09 11:00:16,838 [ERROR] LogOutputStream:75 - [STDERR_REDIRECT] [Fatal Error] :1:1: Premature end of file.
2026-05-09 11:00:16,838 [ERROR] LogOutputStream:75 - [STDERR_REDIRECT] 
2026-05-09 11:00:17,836 [ERROR] LogOutputStream:75 - [STDERR_REDIRECT] [Fatal Error] :1:1: Premature end of file.
2026-05-09 11:00:17,836 [ERROR] LogOutputStream:75 - [STDERR_REDIRECT] 
2026-05-09 11:00:18,837 [ERROR] LogOutputStream:75 - [STDERR_REDIRECT] [Fatal Error] :1:1: Premature end of file.
2026-05-09 11:00:18,837 [ERROR] LogOutputStream:75 - [STDERR_REDIRECT] 
2026-05-09 11:00:19,811 [ERROR] LogOutputStream:75 - [STDERR_REDIRECT] [Fatal Error] :1:1: Premature end of file.
2026-05-09 11:00:19,811 [ERROR] LogOutputStream:75 - [STDERR_REDIRECT] 
2026-05-09 11:00:20,834 [ERROR] LogOutputStream:75 - [STDERR_REDIRECT] [Fatal Error] :1:1: Premature end of file.
2026-05-09 11:00:20,834 [ERROR] LogOutputStream:75 - [STDERR_REDIRECT] 
2026-05-09 11:00:21,838 [ERROR] LogOutputStream:75 - [STDERR_REDIRECT] [Fatal Error] :1:1: Premature end of file.
2026-05-09 11:00:21,838 [ERROR] LogOutputStream:75 - [STDERR_REDIRECT] 
2026-05-09 11:00:22,845 [ERROR] LogOutputStream:75 - [STDERR_REDIRECT] [Fatal Error] :1:1: Premature end of file.
2026-05-09 11:00:22,845 [ERROR] LogOutputStream:75 - [STDERR_REDIRECT] 
2026-05-09 11:00:23,807 [ERROR] LogOutputStream:75 - [STDERR_REDIRECT] [Fatal Error] :1:1: Premature end of file.
2026-05-09 11:00:23,807 [ERROR] LogOutputStream:75 - [STDERR_REDIRECT] 
2026-05-09 11:00:24,830 [ERROR] LogOutputStream:75 - [STDERR_REDIRECT] [Fatal Error] :1:1: Premature end of file.
2026-05-09 11:00:24,831 [ERROR] LogOutputStream:75 - [STDERR_REDIRECT] 
2026-05-09 11:00:25,845 [ERROR] LogOutputStream:75 - [STDERR_REDIRECT] [Fatal Error] :1:1: Premature end of file.
2026-05-09 11:00:25,845 [ERROR] LogOutputStream:75 - [STDERR_REDIRECT] 
2026-05-09 11:00:26,841 [ERROR] LogOutputStream:75 - [STDERR_REDIRECT] [Fatal Error] :1:1: Premature end of file.
2026-05-09 11:00:26,842 [ERROR] LogOutputStream:75 - [STDERR_REDIRECT] 
2026-05-09 11:00:27,842 [ERROR] LogOutputStream:75 - [STDERR_REDIRECT] [Fatal Error] :1:1: Premature end of file.
2026-05-09 11:00:27,842 [ERROR] LogOutputStream:75 - [STDERR_REDIRECT] 
2026-05-09 11:00:28,828 [ERROR] LogOutputStream:75 - [STDERR_REDIRECT] [Fatal Error] :1:1: Premature end of file.
2026-05-09 11:00:28,829 [ERROR] LogOutputStream:75 - [STDERR_REDIRECT] 
2026-05-09 11:00:29,861 [ERROR] LogOutputStream:75 - [STDERR_REDIRECT] [Fatal Error] :1:1: Premature end of file.
2026-05-09 11:00:29,861 [ERROR] LogOutputStream:75 - [STDERR_REDIRECT] 
2026-05-09 11:00:30,836 [ERROR] LogOutputStream:75 - [STDERR_REDIRECT] [Fatal Error] :1:1: Premature end of file.
2026-05-09 11:00:30,837 [ERROR] LogOutputStream:75 - [STDERR_REDIRECT] 
2026-05-09 11:00:31,821 [ERROR] LogOutputStream:75 - [STDERR_REDIRECT] [Fatal Error] :1:1: Premature end of file.
2026-05-09 11:00:31,821 [ERROR] LogOutputStream:75 - [STDERR_REDIRECT] 
2026-05-09 11:00:32,841 [ERROR] LogOutputStream:75 - [STDERR_REDIRECT] [Fatal Error] :1:1: Premature end of file.
2026-05-09 11:00:32,841 [ERROR] LogOutputStream:75 - [STDERR_REDIRECT] 
2026-05-09 11:00:33,863 [ERROR] LogOutputStream:75 - [STDERR_REDIRECT] [Fatal Error] :1:1: Premature end of file.
2026-05-09 11:00:33,863 [ERROR] LogOutputStream:75 - [STDERR_REDIRECT] 
2026-05-09 11:00:34,821 [ERROR] LogOutputStream:75 - [STDERR_REDIRECT] [Fatal Error] :1:1: Premature end of file.
2026-05-09 11:00:34,821 [ERROR] LogOutputStream:75 - [STDERR_REDIRECT] 
2026-05-09 11:00:35,830 [ERROR] LogOutputStream:75 - [STDERR_REDIRECT] [Fatal Error] :1:1: Premature end of file.
2026-05-09 11:00:35,830 [ERROR] LogOutputStream:75 - [STDERR_REDIRECT] 
2026-05-09 11:00:36,830 [ERROR] LogOutputStream:75 - [STDERR_REDIRECT] [Fatal Error] :1:1: Premature end of file.
2026-05-09 11:00:36,831 [ERROR] LogOutputStream:75 - [STDERR_REDIRECT] 
2026-05-09 11:00:37,832 [ERROR] LogOutputStream:75 - [STDERR_REDIRECT] [Fatal Error] :1:1: Premature end of file.
2026-05-09 11:00:37,832 [ERROR] LogOutputStream:75 - [STDERR_REDIRECT] 
2026-05-09 11:00:38,829 [ERROR] LogOutputStream:75 - [STDERR_REDIRECT] [Fatal Error] :1:1: Premature end of file.
2026-05-09 11:00:38,830 [ERROR] LogOutputStream:75 - [STDERR_REDIRECT] 
2026-05-09 11:00:39,848 [ERROR] LogOutputStream:75 - [STDERR_REDIRECT] [Fatal Error] :1:1: Premature end of file.
2026-05-09 11:00:39,848 [ERROR] LogOutputStream:75 - [STDERR_REDIRECT] 
2026-05-09 11:00:40,821 [ERROR] LogOutputStream:75 - [STDERR_REDIRECT] [Fatal Error] :1:1: Premature end of file.
2026-05-09 11:00:40,822 [ERROR] LogOutputStream:75 - [STDERR_REDIRECT] 
2026-05-09 11:00:41,825 [ERROR] LogOutputStream:75 - [STDERR_REDIRECT] [Fatal Error] :1:1: Premature end of file.
2026-05-09 11:00:41,825 [ERROR] LogOutputStream:75 - [STDERR_REDIRECT] 
2026-05-09 11:00:42,823 [ERROR] LogOutputStream:75 - [STDERR_REDIRECT] [Fatal Error] :1:1: Premature end of file.
2026-05-09 11:00:42,823 [ERROR] LogOutputStream:75 - [STDERR_REDIRECT] 
2026-05-09 11:00:43,804 [ERROR] LogOutputStream:75 - [STDERR_REDIRECT] [Fatal Error] :1:1: Premature end of file.
2026-05-09 11:00:43,804 [ERROR] LogOutputStream:75 - [STDERR_REDIRECT] 
2026-05-09 11:00:44,825 [ERROR] LogOutputStream:75 - [STDERR_REDIRECT] [Fatal Error] :1:1: Premature end of file.
2026-05-09 11:00:44,825 [ERROR] LogOutputStream:75 - [STDERR_REDIRECT] 
2026-05-09 11:00:45,831 [ERROR] LogOutputStream:75 - [STDERR_REDIRECT] [Fatal Error] :1:1: Premature end of file.
2026-05-09 11:00:45,832 [ERROR] LogOutputStream:75 - [STDERR_REDIRECT] 
2026-05-09 11:00:46,843 [ERROR] LogOutputStream:75 - [STDERR_REDIRECT] [Fatal Error] :1:1: Premature end of file.
2026-05-09 11:00:46,844 [ERROR] LogOutputStream:75 - [STDERR_REDIRECT] 
2026-05-09 11:00:47,816 [ERROR] LogOutputStream:75 - [STDERR_REDIRECT] [Fatal Error] :1:1: Premature end of file.
2026-05-09 11:00:47,816 [ERROR] LogOutputStream:75 - [STDERR_REDIRECT] 
2026-05-09 11:00:48,827 [ERROR] LogOutputStream:75 - [STDERR_REDIRECT] [Fatal Error] :1:1: Premature end of file.
2026-05-09 11:00:48,827 [ERROR] LogOutputStream:75 - [STDERR_REDIRECT] 
2026-05-09 11:00:49,816 [ERROR] LogOutputStream:75 - [STDERR_REDIRECT] [Fatal Error] :1:1: Premature end of file.
2026-05-09 11:00:49,816 [ERROR] LogOutputStream:75 - [STDERR_REDIRECT] 
2026-05-09 11:00:50,830 [ERROR] LogOutputStream:75 - [STDERR_REDIRECT] [Fatal Error] :1:1: Premature end of file.
2026-05-09 11:00:50,830 [ERROR] LogOutputStream:75 - [STDERR_REDIRECT] 
2026-05-09 11:00:51,815 [ERROR] LogOutputStream:75 - [STDERR_REDIRECT] [Fatal Error] :1:1: Premature end of file.
2026-05-09 11:00:51,815 [ERROR] LogOutputStream:75 - [STDERR_REDIRECT] 
2026-05-09 11:00:52,835 [ERROR] LogOutputStream:75 - [STDERR_REDIRECT] [Fatal Error] :1:1: Premature end of file.
2026-05-09 11:00:52,835 [ERROR] LogOutputStream:75 - [STDERR_REDIRECT] 
2026-05-09 11:00:53,806 [ERROR] LogOutputStream:75 - [STDERR_REDIRECT] [Fatal Error] :1:1: Premature end of file.
2026-05-09 11:00:53,806 [ERROR] LogOutputStream:75 - [STDERR_REDIRECT] 
2026-05-09 11:00:54,820 [ERROR] LogOutputStream:75 - [STDERR_REDIRECT] [Fatal Error] :1:1: Premature end of file.
2026-05-09 11:00:54,820 [ERROR] LogOutputStream:75 - [STDERR_REDIRECT] 
2026-05-09 11:00:55,830 [ERROR] LogOutputStream:75 - [STDERR_REDIRECT] [Fatal Error] :1:1: Premature end of file.
2026-05-09 11:00:55,830 [ERROR] LogOutputStream:75 - [STDERR_REDIRECT] 
2026-05-09 11:00:56,824 [ERROR] LogOutputStream:75 - [STDERR_REDIRECT] [Fatal Error] :1:1: Premature end of file.
2026-05-09 11:00:56,824 [ERROR] LogOutputStream:75 - [STDERR_REDIRECT] 
2026-05-09 11:00:57,820 [ERROR] LogOutputStream:75 - [STDERR_REDIRECT] [Fatal Error] :1:1: Premature end of file.
2026-05-09 11:00:57,820 [ERROR] LogOutputStream:75 - [STDERR_REDIRECT] 
2026-05-09 11:00:58,829 [ERROR] LogOutputStream:75 - [STDERR_REDIRECT] [Fatal Error] :1:1: Premature end of file.
2026-05-09 11:00:58,829 [ERROR] LogOutputStream:75 - [STDERR_REDIRECT] 
2026-05-09 11:00:59,842 [ERROR] LogOutputStream:75 - [STDERR_REDIRECT] [Fatal Error] :1:1: Premature end of file.
2026-05-09 11:00:59,842 [ERROR] LogOutputStream:75 - [STDERR_REDIRECT] 
2026-05-09 11:01:00,841 [ERROR] LogOutputStream:75 - [STDERR_REDIRECT] [Fatal Error] :1:1: Premature end of file.
2026-05-09 11:01:00,841 [ERROR] LogOutputStream:75 - [STDERR_REDIRECT] 
2026-05-09 11:01:01,844 [ERROR] LogOutputStream:75 - [STDERR_REDIRECT] [Fatal Error] :1:1: Premature end of file.
2026-05-09 11:01:01,844 [ERROR] LogOutputStream:75 - [STDERR_REDIRECT] 
2026-05-09 11:01:02,842 [ERROR] LogOutputStream:75 - [STDERR_REDIRECT] [Fatal Error] :1:1: Premature end of file.
2026-05-09 11:01:02,842 [ERROR] LogOutputStream:75 - [STDERR_REDIRECT] 
2026-05-09 11:01:03,815 [ERROR] LogOutputStream:75 - [STDERR_REDIRECT] [Fatal Error] :1:1: Premature end of file.
2026-05-09 11:01:03,815 [ERROR] LogOutputStream:75 - [STDERR_REDIRECT] 
2026-05-09 11:01:04,812 [ERROR] LogOutputStream:75 - [STDERR_REDIRECT] [Fatal Error] :1:1: Premature end of file.
2026-05-09 11:01:04,812 [ERROR] LogOutputStream:75 - [STDERR_REDIRECT] 
2026-05-09 11:01:05,822 [ERROR] LogOutputStream:75 - [STDERR_REDIRECT] [Fatal Error] :1:1: Premature end of file.
2026-05-09 11:01:05,822 [ERROR] LogOutputStream:75 - [STDERR_REDIRECT] 
2026-05-09 11:01:06,839 [ERROR] LogOutputStream:75 - [STDERR_REDIRECT] [Fatal Error] :1:1: Premature end of file.
2026-05-09 11:01:06,839 [ERROR] LogOutputStream:75 - [STDERR_REDIRECT] 
2026-05-09 11:01:07,838 [ERROR] LogOutputStream:75 - [STDERR_REDIRECT] [Fatal Error] :1:1: Premature end of file.
2026-05-09 11:01:07,839 [ERROR] LogOutputStream:75 - [STDERR_REDIRECT] 
2026-05-09 11:01:08,824 [ERROR] LogOutputStream:75 - [STDERR_REDIRECT] [Fatal Error] :1:1: Premature end of file.
2026-05-09 11:01:08,824 [ERROR] LogOutputStream:75 - [STDERR_REDIRECT] 
2026-05-09 11:01:09,816 [ERROR] LogOutputStream:75 - [STDERR_REDIRECT] [Fatal Error] :1:1: Premature end of file.
2026-05-09 11:01:09,816 [ERROR] LogOutputStream:75 - [STDERR_REDIRECT] 
2026-05-09 11:01:10,831 [ERROR] LogOutputStream:75 - [STDERR_REDIRECT] [Fatal Error] :1:1: Premature end of file.
2026-05-09 11:01:10,831 [ERROR] LogOutputStream:75 - [STDERR_REDIRECT] 
2026-05-09 11:01:11,831 [ERROR] LogOutputStream:75 - [STDERR_REDIRECT] [Fatal Error] :1:1: Premature end of file.
2026-05-09 11:01:11,831 [ERROR] LogOutputStream:75 - [STDERR_REDIRECT] 
2026-05-09 11:01:12,836 [ERROR] LogOutputStream:75 - [STDERR_REDIRECT] [Fatal Error] :1:1: Premature end of file.
2026-05-09 11:01:12,836 [ERROR] LogOutputStream:75 - [STDERR_REDIRECT] 
2026-05-09 11:01:13,822 [ERROR] LogOutputStream:75 - [STDERR_REDIRECT] [Fatal Error] :1:1: Premature end of file.
2026-05-09 11:01:13,822 [ERROR] LogOutputStream:75 - [STDERR_REDIRECT] 
2026-05-09 11:01:14,820 [ERROR] LogOutputStream:75 - [STDERR_REDIRECT] [Fatal Error] :1:1: Premature end of file.
2026-05-09 11:01:14,821 [ERROR] LogOutputStream:75 - [STDERR_REDIRECT] 
2026-05-09 11:01:15,823 [ERROR] LogOutputStream:75 - [STDERR_REDIRECT] [Fatal Error] :1:1: Premature end of file.
2026-05-09 11:01:15,823 [ERROR] LogOutputStream:75 - [STDERR_REDIRECT] 
2026-05-09 11:01:16,821 [ERROR] LogOutputStream:75 - [STDERR_REDIRECT] [Fatal Error] :1:1: Premature end of file.
2026-05-09 11:01:16,821 [ERROR] LogOutputStream:75 - [STDERR_REDIRECT] 
2026-05-09 11:01:17,816 [ERROR] LogOutputStream:75 - [STDERR_REDIRECT] [Fatal Error] :1:1: Premature end of file.
2026-05-09 11:01:17,816 [ERROR] LogOutputStream:75 - [STDERR_REDIRECT] 
2026-05-09 11:01:18,816 [ERROR] LogOutputStream:75 - [STDERR_REDIRECT] [Fatal Error] :1:1: Premature end of file.
2026-05-09 11:01:18,816 [ERROR] LogOutputStream:75 - [STDERR_REDIRECT] 
2026-05-09 11:01:19,828 [ERROR] LogOutputStream:75 - [STDERR_REDIRECT] [Fatal Error] :1:1: Premature end of file.
2026-05-09 11:01:19,828 [ERROR] LogOutputStream:75 - [STDERR_REDIRECT] 
2026-05-09 11:01:20,836 [ERROR] LogOutputStream:75 - [STDERR_REDIRECT] [Fatal Error] :1:1: Premature end of file.
2026-05-09 11:01:20,837 [ERROR] LogOutputStream:75 - [STDERR_REDIRECT] 
2026-05-09 11:01:21,834 [ERROR] LogOutputStream:75 - [STDERR_REDIRECT] [Fatal Error] :1:1: Premature end of file.
2026-05-09 11:01:21,834 [ERROR] LogOutputStream:75 - [STDERR_REDIRECT] 
2026-05-09 11:01:22,812 [ERROR] LogOutputStream:75 - [STDERR_REDIRECT] [Fatal Error] :1:1: Premature end of file.
2026-05-09 11:01:22,813 [ERROR] LogOutputStream:75 - [STDERR_REDIRECT] 
2026-05-09 11:01:23,829 [ERROR] LogOutputStream:75 - [STDERR_REDIRECT] [Fatal Error] :1:1: Premature end of file.
2026-05-09 11:01:23,829 [ERROR] LogOutputStream:75 - [STDERR_REDIRECT] 
2026-05-09 11:01:24,818 [ERROR] LogOutputStream:75 - [STDERR_REDIRECT] [Fatal Error] :1:1: Premature end of file.
2026-05-09 11:01:24,818 [ERROR] LogOutputStream:75 - [STDERR_REDIRECT] 
2026-05-09 11:01:25,824 [ERROR] LogOutputStream:75 - [STDERR_REDIRECT] [Fatal Error] :1:1: Premature end of file.
2026-05-09 11:01:25,824 [ERROR] LogOutputStream:75 - [STDERR_REDIRECT] 
2026-05-09 11:01:26,837 [ERROR] LogOutputStream:75 - [STDERR_REDIRECT] [Fatal Error] :1:1: Premature end of file.
2026-05-09 11:01:26,837 [ERROR] LogOutputStream:75 - [STDERR_REDIRECT] 
2026-05-09 11:01:27,833 [ERROR] LogOutputStream:75 - [STDERR_REDIRECT] [Fatal Error] :1:1: Premature end of file.
2026-05-09 11:01:27,833 [ERROR] LogOutputStream:75 - [STDERR_REDIRECT] 
2026-05-09 11:01:28,835 [ERROR] LogOutputStream:75 - [STDERR_REDIRECT] [Fatal Error] :1:1: Premature end of file.
2026-05-09 11:01:28,836 [ERROR] LogOutputStream:75 - [STDERR_REDIRECT] 
2026-05-09 11:01:29,833 [ERROR] LogOutputStream:75 - [STDERR_REDIRECT] [Fatal Error] :1:1: Premature end of file.
2026-05-09 11:01:29,834 [ERROR] LogOutputStream:75 - [STDERR_REDIRECT] 
2026-05-09 11:01:30,838 [ERROR] LogOutputStream:75 - [STDERR_REDIRECT] [Fatal Error] :1:1: Premature end of file.
2026-05-09 11:01:30,838 [ERROR] LogOutputStream:75 - [STDERR_REDIRECT] 
2026-05-09 11:01:31,835 [ERROR] LogOutputStream:75 - [STDERR_REDIRECT] [Fatal Error] :1:1: Premature end of file.
2026-05-09 11:01:31,835 [ERROR] LogOutputStream:75 - [STDERR_REDIRECT] 
2026-05-09 11:01:32,828 [ERROR] LogOutputStream:75 - [STDERR_REDIRECT] [Fatal Error] :1:1: Premature end of file.
2026-05-09 11:01:32,829 [ERROR] LogOutputStream:75 - [STDERR_REDIRECT] 
2026-05-09 11:01:33,833 [ERROR] LogOutputStream:75 - [STDERR_REDIRECT] [Fatal Error] :1:1: Premature end of file.
2026-05-09 11:01:33,833 [ERROR] LogOutputStream:75 - [STDERR_REDIRECT] 
2026-05-09 11:01:34,855 [ERROR] LogOutputStream:75 - [STDERR_REDIRECT] [Fatal Error] :1:1: Premature end of file.
2026-05-09 11:01:34,856 [ERROR] LogOutputStream:75 - [STDERR_REDIRECT] 
2026-05-09 11:01:35,839 [ERROR] LogOutputStream:75 - [STDERR_REDIRECT] [Fatal Error] :1:1: Premature end of file.
2026-05-09 11:01:35,839 [ERROR] LogOutputStream:75 - [STDERR_REDIRECT] 
2026-05-09 11:01:36,833 [ERROR] LogOutputStream:75 - [STDERR_REDIRECT] [Fatal Error] :1:1: Premature end of file.
2026-05-09 11:01:36,834 [ERROR] LogOutputStream:75 - [STDERR_REDIRECT] 
2026-05-09 11:01:37,804 [ERROR] LogOutputStream:75 - [STDERR_REDIRECT] [Fatal Error] :1:1: Premature end of file.
2026-05-09 11:01:37,804 [ERROR] LogOutputStream:75 - [STDERR_REDIRECT] 
2026-05-09 11:01:38,831 [ERROR] LogOutputStream:75 - [STDERR_REDIRECT] [Fatal Error] :1:1: Premature end of file.
2026-05-09 11:01:38,832 [ERROR] LogOutputStream:75 - [STDERR_REDIRECT] 
2026-05-09 11:01:39,826 [ERROR] LogOutputStream:75 - [STDERR_REDIRECT] [Fatal Error] :1:1: Premature end of file.
2026-05-09 11:01:39,826 [ERROR] LogOutputStream:75 - [STDERR_REDIRECT] 
2026-05-09 11:01:40,840 [ERROR] LogOutputStream:75 - [STDERR_REDIRECT] [Fatal Error] :1:1: Premature end of file.
2026-05-09 11:01:40,840 [ERROR] LogOutputStream:75 - [STDERR_REDIRECT] 
2026-05-09 11:01:41,847 [ERROR] LogOutputStream:75 - [STDERR_REDIRECT] [Fatal Error] :1:1: Premature end of file.
2026-05-09 11:01:41,847 [ERROR] LogOutputStream:75 - [STDERR_REDIRECT] 
2026-05-09 11:01:42,841 [ERROR] LogOutputStream:75 - [STDERR_REDIRECT] [Fatal Error] :1:1: Premature end of file.
2026-05-09 11:01:42,842 [ERROR] LogOutputStream:75 - [STDERR_REDIRECT] 
2026-05-09 11:01:43,832 [ERROR] LogOutputStream:75 - [STDERR_REDIRECT] [Fatal Error] :1:1: Premature end of file.
2026-05-09 11:01:43,833 [ERROR] LogOutputStream:75 - [STDERR_REDIRECT] 
2026-05-09 11:01:44,824 [ERROR] LogOutputStream:75 - [STDERR_REDIRECT] [Fatal Error] :1:1: Premature end of file.
2026-05-09 11:01:44,824 [ERROR] LogOutputStream:75 - [STDERR_REDIRECT] 
2026-05-09 11:01:45,813 [ERROR] LogOutputStream:75 - [STDERR_REDIRECT] [Fatal Error] :1:1: Premature end of file.
2026-05-09 11:01:45,813 [ERROR] LogOutputStream:75 - [STDERR_REDIRECT] 
2026-05-09 11:01:46,836 [ERROR] LogOutputStream:75 - [STDERR_REDIRECT] [Fatal Error] :1:1: Premature end of file.
2026-05-09 11:01:46,837 [ERROR] LogOutputStream:75 - [STDERR_REDIRECT] 
2026-05-09 11:01:47,818 [ERROR] LogOutputStream:75 - [STDERR_REDIRECT] [Fatal Error] :1:1: Premature end of file.
2026-05-09 11:01:47,818 [ERROR] LogOutputStream:75 - [STDERR_REDIRECT] 
2026-05-09 11:01:48,812 [ERROR] LogOutputStream:75 - [STDERR_REDIRECT] [Fatal Error] :1:1: Premature end of file.
2026-05-09 11:01:48,812 [ERROR] LogOutputStream:75 - [STDERR_REDIRECT] 
2026-05-09 11:01:49,831 [ERROR] LogOutputStream:75 - [STDERR_REDIRECT] [Fatal Error] :1:1: Premature end of file.
2026-05-09 11:01:49,831 [ERROR] LogOutputStream:75 - [STDERR_REDIRECT] 
2026-05-09 11:01:50,830 [ERROR] LogOutputStream:75 - [STDERR_REDIRECT] [Fatal Error] :1:1: Premature end of file.
2026-05-09 11:01:50,830 [ERROR] LogOutputStream:75 - [STDERR_REDIRECT] 
2026-05-09 11:01:51,817 [ERROR] LogOutputStream:75 - [STDERR_REDIRECT] [Fatal Error] :1:1: Premature end of file.
2026-05-09 11:01:51,817 [ERROR] LogOutputStream:75 - [STDERR_REDIRECT] 
2026-05-09 11:01:52,818 [ERROR] LogOutputStream:75 - [STDERR_REDIRECT] [Fatal Error] :1:1: Premature end of file.
2026-05-09 11:01:52,819 [ERROR] LogOutputStream:75 - [STDERR_REDIRECT] 
2026-05-09 11:01:53,837 [ERROR] LogOutputStream:75 - [STDERR_REDIRECT] [Fatal Error] :1:1: Premature end of file.
2026-05-09 11:01:53,837 [ERROR] LogOutputStream:75 - [STDERR_REDIRECT] 
2026-05-09 11:01:54,846 [ERROR] LogOutputStream:75 - [STDERR_REDIRECT] [Fatal Error] :1:1: Premature end of file.
2026-05-09 11:01:54,846 [ERROR] LogOutputStream:75 - [STDERR_REDIRECT] 
2026-05-09 11:01:55,826 [ERROR] LogOutputStream:75 - [STDERR_REDIRECT] [Fatal Error] :1:1: Premature end of file.
2026-05-09 11:01:55,826 [ERROR] LogOutputStream:75 - [STDERR_REDIRECT] 
2026-05-09 11:01:56,829 [ERROR] LogOutputStream:75 - [STDERR_REDIRECT] [Fatal Error] :1:1: Premature end of file.
2026-05-09 11:01:56,831 [ERROR] LogOutputStream:75 - [STDERR_REDIRECT] 
2026-05-09 11:01:57,826 [ERROR] LogOutputStream:75 - [STDERR_REDIRECT] [Fatal Error] :1:1: Premature end of file.
2026-05-09 11:01:57,827 [ERROR] LogOutputStream:75 - [STDERR_REDIRECT] 
2026-05-09 11:01:58,832 [ERROR] LogOutputStream:75 - [STDERR_REDIRECT] [Fatal Error] :1:1: Premature end of file.
2026-05-09 11:01:58,832 [ERROR] LogOutputStream:75 - [STDERR_REDIRECT] 
2026-05-09 11:01:59,829 [ERROR] LogOutputStream:75 - [STDERR_REDIRECT] [Fatal Error] :1:1: Premature end of file.
2026-05-09 11:01:59,830 [ERROR] LogOutputStream:75 - [STDERR_REDIRECT] 
2026-05-09 11:02:00,833 [ERROR] LogOutputStream:75 - [STDERR_REDIRECT] [Fatal Error] :1:1: Premature end of file.
2026-05-09 11:02:00,834 [ERROR] LogOutputStream:75 - [STDERR_REDIRECT] 
2026-05-09 11:02:01,831 [ERROR] LogOutputStream:75 - [STDERR_REDIRECT] [Fatal Error] :1:1: Premature end of file.
2026-05-09 11:02:01,832 [ERROR] LogOutputStream:75 - [STDERR_REDIRECT] 
2026-05-09 11:02:02,831 [ERROR] LogOutputStream:75 - [STDERR_REDIRECT] [Fatal Error] :1:1: Premature end of file.
2026-05-09 11:02:02,832 [ERROR] LogOutputStream:75 - [STDERR_REDIRECT] 
2026-05-09 11:02:03,829 [ERROR] LogOutputStream:75 - [STDERR_REDIRECT] [Fatal Error] :1:1: Premature end of file.
2026-05-09 11:02:03,829 [ERROR] LogOutputStream:75 - [STDERR_REDIRECT] 
2026-05-09 11:02:04,831 [ERROR] LogOutputStream:75 - [STDERR_REDIRECT] [Fatal Error] :1:1: Premature end of file.
2026-05-09 11:02:04,831 [ERROR] LogOutputStream:75 - [STDERR_REDIRECT] 
2026-05-09 11:02:05,853 [ERROR] LogOutputStream:75 - [STDERR_REDIRECT] [Fatal Error] :1:1: Premature end of file.
2026-05-09 11:02:05,854 [ERROR] LogOutputStream:75 - [STDERR_REDIRECT] 
2026-05-09 11:02:06,824 [ERROR] LogOutputStream:75 - [STDERR_REDIRECT] [Fatal Error] :1:1: Premature end of file.
2026-05-09 11:02:06,824 [ERROR] LogOutputStream:75 - [STDERR_REDIRECT] 
2026-05-09 11:02:07,825 [ERROR] LogOutputStream:75 - [STDERR_REDIRECT] [Fatal Error] :1:1: Premature end of file.
2026-05-09 11:02:07,826 [ERROR] LogOutputStream:75 - [STDERR_REDIRECT] 
2026-05-09 11:02:08,838 [ERROR] LogOutputStream:75 - [STDERR_REDIRECT] [Fatal Error] :1:1: Premature end of file.
2026-05-09 11:02:08,839 [ERROR] LogOutputStream:75 - [STDERR_REDIRECT] 
2026-05-09 11:02:09,826 [ERROR] LogOutputStream:75 - [STDERR_REDIRECT] [Fatal Error] :1:1: Premature end of file.
2026-05-09 11:02:09,826 [ERROR] LogOutputStream:75 - [STDERR_REDIRECT] 
2026-05-09 11:02:10,838 [ERROR] LogOutputStream:75 - [STDERR_REDIRECT] [Fatal Error] :1:1: Premature end of file.
2026-05-09 11:02:10,839 [ERROR] LogOutputStream:75 - [STDERR_REDIRECT] 
2026-05-09 11:02:11,809 [ERROR] LogOutputStream:75 - [STDERR_REDIRECT] [Fatal Error] :1:1: Premature end of file.
2026-05-09 11:02:11,809 [ERROR] LogOutputStream:75 - [STDERR_REDIRECT] 
2026-05-09 11:02:12,838 [ERROR] LogOutputStream:75 - [STDERR_REDIRECT] [Fatal Error] :1:1: Premature end of file.
2026-05-09 11:02:12,839 [ERROR] LogOutputStream:75 - [STDERR_REDIRECT] 
2026-05-09 11:02:13,831 [ERROR] LogOutputStream:75 - [STDERR_REDIRECT] [Fatal Error] :1:1: Premature end of file.
2026-05-09 11:02:13,832 [ERROR] LogOutputStream:75 - [STDERR_REDIRECT] 
2026-05-09 11:02:14,836 [ERROR] LogOutputStream:75 - [STDERR_REDIRECT] [Fatal Error] :1:1: Premature end of file.
2026-05-09 11:02:14,836 [ERROR] LogOutputStream:75 - [STDERR_REDIRECT] 
2026-05-09 11:02:15,842 [ERROR] LogOutputStream:75 - [STDERR_REDIRECT] [Fatal Error] :1:1: Premature end of file.
2026-05-09 11:02:15,842 [ERROR] LogOutputStream:75 - [STDERR_REDIRECT] 
2026-05-09 11:02:16,808 [ERROR] LogOutputStream:75 - [STDERR_REDIRECT] [Fatal Error] :1:1: Premature end of file.
2026-05-09 11:02:16,808 [ERROR] LogOutputStream:75 - [STDERR_REDIRECT] 
2026-05-09 11:02:17,826 [ERROR] LogOutputStream:75 - [STDERR_REDIRECT] [Fatal Error] :1:1: Premature end of file.
2026-05-09 11:02:17,826 [ERROR] LogOutputStream:75 - [STDERR_REDIRECT] 
2026-05-09 11:02:18,818 [ERROR] LogOutputStream:75 - [STDERR_REDIRECT] [Fatal Error] :1:1: Premature end of file.
2026-05-09 11:02:18,819 [ERROR] LogOutputStream:75 - [STDERR_REDIRECT] 
2026-05-09 11:02:19,818 [ERROR] LogOutputStream:75 - [STDERR_REDIRECT] [Fatal Error] :1:1: Premature end of file.
2026-05-09 11:02:19,818 [ERROR] LogOutputStream:75 - [STDERR_REDIRECT] 
2026-05-09 11:02:20,819 [ERROR] LogOutputStream:75 - [STDERR_REDIRECT] [Fatal Error] :1:1: Premature end of file.
2026-05-09 11:02:20,819 [ERROR] LogOutputStream:75 - [STDERR_REDIRECT] 
2026-05-09 11:02:21,832 [ERROR] LogOutputStream:75 - [STDERR_REDIRECT] [Fatal Error] :1:1: Premature end of file.
2026-05-09 11:02:21,832 [ERROR] LogOutputStream:75 - [STDERR_REDIRECT] 
2026-05-09 11:02:22,836 [ERROR] LogOutputStream:75 - [STDERR_REDIRECT] [Fatal Error] :1:1: Premature end of file.
2026-05-09 11:02:22,837 [ERROR] LogOutputStream:75 - [STDERR_REDIRECT] 
2026-05-09 11:02:23,835 [ERROR] LogOutputStream:75 - [STDERR_REDIRECT] [Fatal Error] :1:1: Premature end of file.
2026-05-09 11:02:23,835 [ERROR] LogOutputStream:75 - [STDERR_REDIRECT] 
2026-05-09 11:02:24,818 [ERROR] LogOutputStream:75 - [STDERR_REDIRECT] [Fatal Error] :1:1: Premature end of file.
2026-05-09 11:02:24,819 [ERROR] LogOutputStream:75 - [STDERR_REDIRECT] 
2026-05-09 11:02:25,849 [ERROR] LogOutputStream:75 - [STDERR_REDIRECT] [Fatal Error] :1:1: Premature end of file.
2026-05-09 11:02:25,849 [ERROR] LogOutputStream:75 - [STDERR_REDIRECT] 
2026-05-09 11:02:26,833 [ERROR] LogOutputStream:75 - [STDERR_REDIRECT] [Fatal Error] :1:1: Premature end of file.
2026-05-09 11:02:26,834 [ERROR] LogOutputStream:75 - [STDERR_REDIRECT] 
2026-05-09 11:02:27,838 [ERROR] LogOutputStream:75 - [STDERR_REDIRECT] [Fatal Error] :1:1: Premature end of file.
2026-05-09 11:02:27,838 [ERROR] LogOutputStream:75 - [STDERR_REDIRECT] 
2026-05-09 11:02:28,833 [ERROR] LogOutputStream:75 - [STDERR_REDIRECT] [Fatal Error] :1:1: Premature end of file.
2026-05-09 11:02:28,834 [ERROR] LogOutputStream:75 - [STDERR_REDIRECT] 
2026-05-09 11:02:29,828 [ERROR] LogOutputStream:75 - [STDERR_REDIRECT] [Fatal Error] :1:1: Premature end of file.
2026-05-09 11:02:29,828 [ERROR] LogOutputStream:75 - [STDERR_REDIRECT] 
2026-05-09 11:02:30,823 [ERROR] LogOutputStream:75 - [STDERR_REDIRECT] [Fatal Error] :1:1: Premature end of file.
2026-05-09 11:02:30,824 [ERROR] LogOutputStream:75 - [STDERR_REDIRECT] 
2026-05-09 11:02:31,832 [ERROR] LogOutputStream:75 - [STDERR_REDIRECT] [Fatal Error] :1:1: Premature end of file.
2026-05-09 11:02:31,833 [ERROR] LogOutputStream:75 - [STDERR_REDIRECT] 
2026-05-09 11:02:32,831 [ERROR] LogOutputStream:75 - [STDERR_REDIRECT] [Fatal Error] :1:1: Premature end of file.
2026-05-09 11:02:32,831 [ERROR] LogOutputStream:75 - [STDERR_REDIRECT] 
2026-05-09 11:02:33,830 [ERROR] LogOutputStream:75 - [STDERR_REDIRECT] [Fatal Error] :1:1: Premature end of file.
2026-05-09 11:02:33,830 [ERROR] LogOutputStream:75 - [STDERR_REDIRECT] 
2026-05-09 11:02:34,833 [ERROR] LogOutputStream:75 - [STDERR_REDIRECT] [Fatal Error] :1:1: Premature end of file.
2026-05-09 11:02:34,833 [ERROR] LogOutputStream:75 - [STDERR_REDIRECT] 
2026-05-09 11:02:35,843 [ERROR] LogOutputStream:75 - [STDERR_REDIRECT] [Fatal Error] :1:1: Premature end of file.
2026-05-09 11:02:35,843 [ERROR] LogOutputStream:75 - [STDERR_REDIRECT] 
2026-05-09 11:02:36,838 [ERROR] LogOutputStream:75 - [STDERR_REDIRECT] [Fatal Error] :1:1: Premature end of file.
2026-05-09 11:02:36,838 [ERROR] LogOutputStream:75 - [STDERR_REDIRECT] 
2026-05-09 11:02:37,799 [ERROR] LogOutputStream:75 - [STDERR_REDIRECT] [Fatal Error] :1:1: Premature end of file.
2026-05-09 11:02:37,799 [ERROR] LogOutputStream:75 - [STDERR_REDIRECT] 
2026-05-09 11:02:38,834 [ERROR] LogOutputStream:75 - [STDERR_REDIRECT] [Fatal Error] :1:1: Premature end of file.
2026-05-09 11:02:38,834 [ERROR] LogOutputStream:75 - [STDERR_REDIRECT] 
2026-05-09 11:02:39,830 [ERROR] LogOutputStream:75 - [STDERR_REDIRECT] [Fatal Error] :1:1: Premature end of file.
2026-05-09 11:02:39,830 [ERROR] LogOutputStream:75 - [STDERR_REDIRECT] 
2026-05-09 11:02:40,836 [ERROR] LogOutputStream:75 - [STDERR_REDIRECT] [Fatal Error] :1:1: Premature end of file.
2026-05-09 11:02:40,837 [ERROR] LogOutputStream:75 - [STDERR_REDIRECT] 
2026-05-09 11:02:41,842 [ERROR] LogOutputStream:75 - [STDERR_REDIRECT] [Fatal Error] :1:1: Premature end of file.
2026-05-09 11:02:41,842 [ERROR] LogOutputStream:75 - [STDERR_REDIRECT] 
2026-05-09 11:02:42,831 [ERROR] LogOutputStream:75 - [STDERR_REDIRECT] [Fatal Error] :1:1: Premature end of file.
2026-05-09 11:02:42,831 [ERROR] LogOutputStream:75 - [STDERR_REDIRECT] 
2026-05-09 11:02:43,834 [ERROR] LogOutputStream:75 - [STDERR_REDIRECT] [Fatal Error] :1:1: Premature end of file.
2026-05-09 11:02:43,836 [ERROR] LogOutputStream:75 - [STDERR_REDIRECT] 
2026-05-09 11:02:44,826 [ERROR] LogOutputStream:75 - [STDERR_REDIRECT] [Fatal Error] :1:1: Premature end of file.
2026-05-09 11:02:44,826 [ERROR] LogOutputStream:75 - [STDERR_REDIRECT] 
2026-05-09 11:02:45,859 [ERROR] LogOutputStream:75 - [STDERR_REDIRECT] [Fatal Error] :1:1: Premature end of file.
2026-05-09 11:02:45,859 [ERROR] LogOutputStream:75 - [STDERR_REDIRECT] 
2026-05-09 11:02:46,846 [ERROR] LogOutputStream:75 - [STDERR_REDIRECT] [Fatal Error] :1:1: Premature end of file.
2026-05-09 11:02:46,847 [ERROR] LogOutputStream:75 - [STDERR_REDIRECT] 
2026-05-09 11:02:47,832 [ERROR] LogOutputStream:75 - [STDERR_REDIRECT] [Fatal Error] :1:1: Premature end of file.
2026-05-09 11:02:47,832 [ERROR] LogOutputStream:75 - [STDERR_REDIRECT] 
2026-05-09 11:02:48,828 [ERROR] LogOutputStream:75 - [STDERR_REDIRECT] [Fatal Error] :1:1: Premature end of file.
2026-05-09 11:02:48,829 [ERROR] LogOutputStream:75 - [STDERR_REDIRECT] 
2026-05-09 11:02:49,836 [ERROR] LogOutputStream:75 - [STDERR_REDIRECT] [Fatal Error] :1:1: Premature end of file.
2026-05-09 11:02:49,837 [ERROR] LogOutputStream:75 - [STDERR_REDIRECT] 
2026-05-09 11:02:50,829 [ERROR] LogOutputStream:75 - [STDERR_REDIRECT] [Fatal Error] :1:1: Premature end of file.
2026-05-09 11:02:50,829 [ERROR] LogOutputStream:75 - [STDERR_REDIRECT] 
2026-05-09 11:02:51,823 [ERROR] LogOutputStream:75 - [STDERR_REDIRECT] [Fatal Error] :1:1: Premature end of file.
2026-05-09 11:02:51,823 [ERROR] LogOutputStream:75 - [STDERR_REDIRECT] 
2026-05-09 11:02:52,832 [ERROR] LogOutputStream:75 - [STDERR_REDIRECT] [Fatal Error] :1:1: Premature end of file.
2026-05-09 11:02:52,832 [ERROR] LogOutputStream:75 - [STDERR_REDIRECT] 
2026-05-09 11:02:53,836 [ERROR] LogOutputStream:75 - [STDERR_REDIRECT] [Fatal Error] :1:1: Premature end of file.
2026-05-09 11:02:53,837 [ERROR] LogOutputStream:75 - [STDERR_REDIRECT] 
2026-05-09 11:02:54,813 [ERROR] LogOutputStream:75 - [STDERR_REDIRECT] [Fatal Error] :1:1: Premature end of file.
2026-05-09 11:02:54,814 [ERROR] LogOutputStream:75 - [STDERR_REDIRECT] 
2026-05-09 11:02:55,821 [ERROR] LogOutputStream:75 - [STDERR_REDIRECT] [Fatal Error] :1:1: Premature end of file.
2026-05-09 11:02:55,821 [ERROR] LogOutputStream:75 - [STDERR_REDIRECT] 
2026-05-09 11:02:56,842 [ERROR] LogOutputStream:75 - [STDERR_REDIRECT] [Fatal Error] :1:1: Premature end of file.
2026-05-09 11:02:56,842 [ERROR] LogOutputStream:75 - [STDERR_REDIRECT] 
2026-05-09 11:02:57,844 [ERROR] LogOutputStream:75 - [STDERR_REDIRECT] [Fatal Error] :1:1: Premature end of file.
2026-05-09 11:02:57,844 [ERROR] LogOutputStream:75 - [STDERR_REDIRECT] 
2026-05-09 11:02:58,834 [ERROR] LogOutputStream:75 - [STDERR_REDIRECT] [Fatal Error] :1:1: Premature end of file.
2026-05-09 11:02:58,836 [ERROR] LogOutputStream:75 - [STDERR_REDIRECT] 
2026-05-09 11:02:59,826 [ERROR] LogOutputStream:75 - [STDERR_REDIRECT] [Fatal Error] :1:1: Premature end of file.
2026-05-09 11:02:59,826 [ERROR] LogOutputStream:75 - [STDERR_REDIRECT] 
2026-05-09 11:03:00,856 [ERROR] LogOutputStream:75 - [STDERR_REDIRECT] [Fatal Error] :1:1: Premature end of file.
2026-05-09 11:03:00,856 [ERROR] LogOutputStream:75 - [STDERR_REDIRECT] 
2026-05-09 11:03:01,865 [ERROR] LogOutputStream:75 - [STDERR_REDIRECT] [Fatal Error] :1:1: Premature end of file.
2026-05-09 11:03:01,865 [ERROR] LogOutputStream:75 - [STDERR_REDIRECT] 
2026-05-09 11:03:02,835 [ERROR] LogOutputStream:75 - [STDERR_REDIRECT] [Fatal Error] :1:1: Premature end of file.
2026-05-09 11:03:02,835 [ERROR] LogOutputStream:75 - [STDERR_REDIRECT] 
2026-05-09 11:03:03,839 [ERROR] LogOutputStream:75 - [STDERR_REDIRECT] [Fatal Error] :1:1: Premature end of file.
2026-05-09 11:03:03,840 [ERROR] LogOutputStream:75 - [STDERR_REDIRECT] 
2026-05-09 11:03:04,828 [ERROR] LogOutputStream:75 - [STDERR_REDIRECT] [Fatal Error] :1:1: Premature end of file.
2026-05-09 11:03:04,829 [ERROR] LogOutputStream:75 - [STDERR_REDIRECT] 
2026-05-09 11:03:05,851 [ERROR] LogOutputStream:75 - [STDERR_REDIRECT] [Fatal Error] :1:1: Premature end of file.
2026-05-09 11:03:05,851 [ERROR] LogOutputStream:75 - [STDERR_REDIRECT] 
2026-05-09 11:03:06,831 [ERROR] LogOutputStream:75 - [STDERR_REDIRECT] [Fatal Error] :1:1: Premature end of file.
2026-05-09 11:03:06,831 [ERROR] LogOutputStream:75 - [STDERR_REDIRECT] 
2026-05-09 11:03:07,841 [ERROR] LogOutputStream:75 - [STDERR_REDIRECT] [Fatal Error] :1:1: Premature end of file.
2026-05-09 11:03:07,841 [ERROR] LogOutputStream:75 - [STDERR_REDIRECT] 
2026-05-09 11:03:08,828 [ERROR] LogOutputStream:75 - [STDERR_REDIRECT] [Fatal Error] :1:1: Premature end of file.
2026-05-09 11:03:08,828 [ERROR] LogOutputStream:75 - [STDERR_REDIRECT] 
2026-05-09 11:03:09,818 [ERROR] LogOutputStream:75 - [STDERR_REDIRECT] [Fatal Error] :1:1: Premature end of file.
2026-05-09 11:03:09,818 [ERROR] LogOutputStream:75 - [STDERR_REDIRECT] 
2026-05-09 11:03:10,839 [ERROR] LogOutputStream:75 - [STDERR_REDIRECT] [Fatal Error] :1:1: Premature end of file.
2026-05-09 11:03:10,840 [ERROR] LogOutputStream:75 - [STDERR_REDIRECT] 
2026-05-09 11:03:11,847 [ERROR] LogOutputStream:75 - [STDERR_REDIRECT] [Fatal Error] :1:1: Premature end of file.
2026-05-09 11:03:11,906 [ERROR] LogOutputStream:75 - [STDERR_REDIRECT] 
2026-05-09 11:03:12,835 [ERROR] LogOutputStream:75 - [STDERR_REDIRECT] [Fatal Error] :1:1: Premature end of file.
2026-05-09 11:03:12,835 [ERROR] LogOutputStream:75 - [STDERR_REDIRECT] 
2026-05-09 11:03:13,822 [ERROR] LogOutputStream:75 - [STDERR_REDIRECT] [Fatal Error] :1:1: Premature end of file.
2026-05-09 11:03:13,822 [ERROR] LogOutputStream:75 - [STDERR_REDIRECT] 
2026-05-09 11:03:14,845 [ERROR] LogOutputStream:75 - [STDERR_REDIRECT] [Fatal Error] :1:1: Premature end of file.
2026-05-09 11:03:14,845 [ERROR] LogOutputStream:75 - [STDERR_REDIRECT] 
2026-05-09 11:03:15,836 [ERROR] LogOutputStream:75 - [STDERR_REDIRECT] [Fatal Error] :1:1: Premature end of file.
2026-05-09 11:03:15,836 [ERROR] LogOutputStream:75 - [STDERR_REDIRECT] 
2026-05-09 11:03:16,828 [ERROR] LogOutputStream:75 - [STDERR_REDIRECT] [Fatal Error] :1:1: Premature end of file.
2026-05-09 11:03:16,828 [ERROR] LogOutputStream:75 - [STDERR_REDIRECT] 
2026-05-09 11:03:17,828 [ERROR] LogOutputStream:75 - [STDERR_REDIRECT] [Fatal Error] :1:1: Premature end of file.
2026-05-09 11:03:17,829 [ERROR] LogOutputStream:75 - [STDERR_REDIRECT] 
2026-05-09 11:03:18,838 [ERROR] LogOutputStream:75 - [STDERR_REDIRECT] [Fatal Error] :1:1: Premature end of file.
2026-05-09 11:03:18,838 [ERROR] LogOutputStream:75 - [STDERR_REDIRECT] 
2026-05-09 11:03:19,834 [ERROR] LogOutputStream:75 - [STDERR_REDIRECT] [Fatal Error] :1:1: Premature end of file.
2026-05-09 11:03:19,834 [ERROR] LogOutputStream:75 - [STDERR_REDIRECT] 
2026-05-09 11:03:20,834 [ERROR] LogOutputStream:75 - [STDERR_REDIRECT] [Fatal Error] :1:1: Premature end of file.
2026-05-09 11:03:20,834 [ERROR] LogOutputStream:75 - [STDERR_REDIRECT] 
2026-05-09 11:03:21,814 [ERROR] LogOutputStream:75 - [STDERR_REDIRECT] [Fatal Error] :1:1: Premature end of file.
2026-05-09 11:03:21,814 [ERROR] LogOutputStream:75 - [STDERR_REDIRECT] 
2026-05-09 11:03:22,834 [ERROR] LogOutputStream:75 - [STDERR_REDIRECT] [Fatal Error] :1:1: Premature end of file.
2026-05-09 11:03:22,836 [ERROR] LogOutputStream:75 - [STDERR_REDIRECT] 
2026-05-09 11:03:23,835 [ERROR] LogOutputStream:75 - [STDERR_REDIRECT] [Fatal Error] :1:1: Premature end of file.
2026-05-09 11:03:23,835 [ERROR] LogOutputStream:75 - [STDERR_REDIRECT] 
2026-05-09 11:03:24,844 [ERROR] LogOutputStream:75 - [STDERR_REDIRECT] [Fatal Error] :1:1: Premature end of file.
2026-05-09 11:03:24,844 [ERROR] LogOutputStream:75 - [STDERR_REDIRECT] 
2026-05-09 11:03:25,830 [ERROR] LogOutputStream:75 - [STDERR_REDIRECT] [Fatal Error] :1:1: Premature end of file.
2026-05-09 11:03:25,831 [ERROR] LogOutputStream:75 - [STDERR_REDIRECT] 
2026-05-09 11:03:26,813 [ERROR] LogOutputStream:75 - [STDERR_REDIRECT] [Fatal Error] :1:1: Premature end of file.
2026-05-09 11:03:26,815 [ERROR] LogOutputStream:75 - [STDERR_REDIRECT] 
2026-05-09 11:03:27,839 [ERROR] LogOutputStream:75 - [STDERR_REDIRECT] [Fatal Error] :1:1: Premature end of file.
2026-05-09 11:03:27,840 [ERROR] LogOutputStream:75 - [STDERR_REDIRECT] 
2026-05-09 11:03:28,848 [ERROR] LogOutputStream:75 - [STDERR_REDIRECT] [Fatal Error] :1:1: Premature end of file.
2026-05-09 11:03:28,849 [ERROR] LogOutputStream:75 - [STDERR_REDIRECT] 
2026-05-09 11:03:29,843 [ERROR] LogOutputStream:75 - [STDERR_REDIRECT] [Fatal Error] :1:1: Premature end of file.
2026-05-09 11:03:29,843 [ERROR] LogOutputStream:75 - [STDERR_REDIRECT] 
2026-05-09 11:03:30,838 [ERROR] LogOutputStream:75 - [STDERR_REDIRECT] [Fatal Error] :1:1: Premature end of file.
2026-05-09 11:03:30,838 [ERROR] LogOutputStream:75 - [STDERR_REDIRECT] 
2026-05-09 11:03:31,835 [ERROR] LogOutputStream:75 - [STDERR_REDIRECT] [Fatal Error] :1:1: Premature end of file.
2026-05-09 11:03:31,836 [ERROR] LogOutputStream:75 - [STDERR_REDIRECT] 
2026-05-09 11:03:32,830 [ERROR] LogOutputStream:75 - [STDERR_REDIRECT] [Fatal Error] :1:1: Premature end of file.
2026-05-09 11:03:32,830 [ERROR] LogOutputStream:75 - [STDERR_REDIRECT] 
2026-05-09 11:03:33,831 [ERROR] LogOutputStream:75 - [STDERR_REDIRECT] [Fatal Error] :1:1: Premature end of file.
2026-05-09 11:03:33,831 [ERROR] LogOutputStream:75 - [STDERR_REDIRECT] 
2026-05-09 11:03:34,824 [ERROR] LogOutputStream:75 - [STDERR_REDIRECT] [Fatal Error] :1:1: Premature end of file.
2026-05-09 11:03:34,824 [ERROR] LogOutputStream:75 - [STDERR_REDIRECT] 
2026-05-09 11:03:35,846 [ERROR] LogOutputStream:75 - [STDERR_REDIRECT] [Fatal Error] :1:1: Premature end of file.
2026-05-09 11:03:35,847 [ERROR] LogOutputStream:75 - [STDERR_REDIRECT] 
2026-05-09 11:03:36,830 [ERROR] LogOutputStream:75 - [STDERR_REDIRECT] [Fatal Error] :1:1: Premature end of file.
2026-05-09 11:03:36,830 [ERROR] LogOutputStream:75 - [STDERR_REDIRECT] 
2026-05-09 11:03:37,834 [ERROR] LogOutputStream:75 - [STDERR_REDIRECT] [Fatal Error] :1:1: Premature end of file.
2026-05-09 11:03:37,834 [ERROR] LogOutputStream:75 - [STDERR_REDIRECT] 
2026-05-09 11:03:38,844 [ERROR] LogOutputStream:75 - [STDERR_REDIRECT] [Fatal Error] :1:1: Premature end of file.
2026-05-09 11:03:38,845 [ERROR] LogOutputStream:75 - [STDERR_REDIRECT] 
2026-05-09 11:03:39,835 [ERROR] LogOutputStream:75 - [STDERR_REDIRECT] [Fatal Error] :1:1: Premature end of file.
2026-05-09 11:03:39,835 [ERROR] LogOutputStream:75 - [STDERR_REDIRECT] 
2026-05-09 11:03:40,828 [ERROR] LogOutputStream:75 - [STDERR_REDIRECT] [Fatal Error] :1:1: Premature end of file.
2026-05-09 11:03:40,828 [ERROR] LogOutputStream:75 - [STDERR_REDIRECT] 
2026-05-09 11:03:41,830 [ERROR] LogOutputStream:75 - [STDERR_REDIRECT] [Fatal Error] :1:1: Premature end of file.
2026-05-09 11:03:41,830 [ERROR] LogOutputStream:75 - [STDERR_REDIRECT] 
2026-05-09 11:03:42,854 [ERROR] LogOutputStream:75 - [STDERR_REDIRECT] [Fatal Error] :1:1: Premature end of file.
2026-05-09 11:03:42,856 [ERROR] LogOutputStream:75 - [STDERR_REDIRECT] 
2026-05-09 11:03:43,838 [ERROR] LogOutputStream:75 - [STDERR_REDIRECT] [Fatal Error] :1:1: Premature end of file.
2026-05-09 11:03:43,838 [ERROR] LogOutputStream:75 - [STDERR_REDIRECT] 
2026-05-09 11:03:44,811 [ERROR] LogOutputStream:75 - [STDERR_REDIRECT] [Fatal Error] :1:1: Premature end of file.
2026-05-09 11:03:44,811 [ERROR] LogOutputStream:75 - [STDERR_REDIRECT] 
2026-05-09 11:03:45,850 [ERROR] LogOutputStream:75 - [STDERR_REDIRECT] [Fatal Error] :1:1: Premature end of file.
2026-05-09 11:03:45,851 [ERROR] LogOutputStream:75 - [STDERR_REDIRECT] 
2026-05-09 11:03:46,834 [ERROR] LogOutputStream:75 - [STDERR_REDIRECT] [Fatal Error] :1:1: Premature end of file.
2026-05-09 11:03:46,834 [ERROR] LogOutputStream:75 - [STDERR_REDIRECT] 
2026-05-09 11:03:47,818 [ERROR] LogOutputStream:75 - [STDERR_REDIRECT] [Fatal Error] :1:1: Premature end of file.
2026-05-09 11:03:47,819 [ERROR] LogOutputStream:75 - [STDERR_REDIRECT] 
2026-05-09 11:03:48,827 [ERROR] LogOutputStream:75 - [STDERR_REDIRECT] [Fatal Error] :1:1: Premature end of file.
2026-05-09 11:03:48,827 [ERROR] LogOutputStream:75 - [STDERR_REDIRECT] 
2026-05-09 11:03:49,819 [ERROR] LogOutputStream:75 - [STDERR_REDIRECT] [Fatal Error] :1:1: Premature end of file.
2026-05-09 11:03:49,820 [ERROR] LogOutputStream:75 - [STDERR_REDIRECT] 
2026-05-09 11:03:50,825 [ERROR] LogOutputStream:75 - [STDERR_REDIRECT] [Fatal Error] :1:1: Premature end of file.
2026-05-09 11:03:50,825 [ERROR] LogOutputStream:75 - [STDERR_REDIRECT] 
2026-05-09 11:03:51,824 [ERROR] LogOutputStream:75 - [STDERR_REDIRECT] [Fatal Error] :1:1: Premature end of file.
2026-05-09 11:03:51,824 [ERROR] LogOutputStream:75 - [STDERR_REDIRECT] 
2026-05-09 11:03:52,831 [ERROR] LogOutputStream:75 - [STDERR_REDIRECT] [Fatal Error] :1:1: Premature end of file.
2026-05-09 11:03:52,831 [ERROR] LogOutputStream:75 - [STDERR_REDIRECT] 
2026-05-09 11:03:53,837 [ERROR] LogOutputStream:75 - [STDERR_REDIRECT] [Fatal Error] :1:1: Premature end of file.
2026-05-09 11:03:53,837 [ERROR] LogOutputStream:75 - [STDERR_REDIRECT] 
2026-05-09 11:03:54,829 [ERROR] LogOutputStream:75 - [STDERR_REDIRECT] [Fatal Error] :1:1: Premature end of file.
2026-05-09 11:03:54,829 [ERROR] LogOutputStream:75 - [STDERR_REDIRECT] 
2026-05-09 11:03:55,850 [ERROR] LogOutputStream:75 - [STDERR_REDIRECT] [Fatal Error] :1:1: Premature end of file.
2026-05-09 11:03:55,851 [ERROR] LogOutputStream:75 - [STDERR_REDIRECT] 
2026-05-09 11:03:56,822 [ERROR] LogOutputStream:75 - [STDERR_REDIRECT] [Fatal Error] :1:1: Premature end of file.
2026-05-09 11:03:56,822 [ERROR] LogOutputStream:75 - [STDERR_REDIRECT] 
2026-05-09 11:03:57,844 [ERROR] LogOutputStream:75 - [STDERR_REDIRECT] [Fatal Error] :1:1: Premature end of file.
2026-05-09 11:03:57,844 [ERROR] LogOutputStream:75 - [STDERR_REDIRECT] 
2026-05-09 11:03:58,832 [ERROR] LogOutputStream:75 - [STDERR_REDIRECT] [Fatal Error] :1:1: Premature end of file.
2026-05-09 11:03:58,832 [ERROR] LogOutputStream:75 - [STDERR_REDIRECT] 
2026-05-09 11:03:59,840 [ERROR] LogOutputStream:75 - [STDERR_REDIRECT] [Fatal Error] :1:1: Premature end of file.
2026-05-09 11:03:59,840 [ERROR] LogOutputStream:75 - [STDERR_REDIRECT] 
2026-05-09 11:04:00,836 [ERROR] LogOutputStream:75 - [STDERR_REDIRECT] [Fatal Error] :1:1: Premature end of file.
2026-05-09 11:04:00,836 [ERROR] LogOutputStream:75 - [STDERR_REDIRECT] 
2026-05-09 11:04:01,833 [ERROR] LogOutputStream:75 - [STDERR_REDIRECT] [Fatal Error] :1:1: Premature end of file.
2026-05-09 11:04:01,834 [ERROR] LogOutputStream:75 - [STDERR_REDIRECT] 
2026-05-09 11:04:02,833 [ERROR] LogOutputStream:75 - [STDERR_REDIRECT] [Fatal Error] :1:1: Premature end of file.
2026-05-09 11:04:02,833 [ERROR] LogOutputStream:75 - [STDERR_REDIRECT] 
2026-05-09 11:04:03,831 [ERROR] LogOutputStream:75 - [STDERR_REDIRECT] [Fatal Error] :1:1: Premature end of file.
2026-05-09 11:04:03,831 [ERROR] LogOutputStream:75 - [STDERR_REDIRECT] 
2026-05-09 11:04:04,842 [ERROR] LogOutputStream:75 - [STDERR_REDIRECT] [Fatal Error] :1:1: Premature end of file.
2026-05-09 11:04:04,842 [ERROR] LogOutputStream:75 - [STDERR_REDIRECT] 
2026-05-09 11:04:05,839 [ERROR] LogOutputStream:75 - [STDERR_REDIRECT] [Fatal Error] :1:1: Premature end of file.
2026-05-09 11:04:05,839 [ERROR] LogOutputStream:75 - [STDERR_REDIRECT] 
2026-05-09 11:04:06,838 [ERROR] LogOutputStream:75 - [STDERR_REDIRECT] [Fatal Error] :1:1: Premature end of file.
2026-05-09 11:04:06,838 [ERROR] LogOutputStream:75 - [STDERR_REDIRECT] 
2026-05-09 11:04:07,836 [ERROR] LogOutputStream:75 - [STDERR_REDIRECT] [Fatal Error] :1:1: Premature end of file.
2026-05-09 11:04:07,837 [ERROR] LogOutputStream:75 - [STDERR_REDIRECT] 
2026-05-09 11:04:08,844 [ERROR] LogOutputStream:75 - [STDERR_REDIRECT] [Fatal Error] :1:1: Premature end of file.
2026-05-09 11:04:08,844 [ERROR] LogOutputStream:75 - [STDERR_REDIRECT] 
2026-05-09 11:04:09,828 [ERROR] LogOutputStream:75 - [STDERR_REDIRECT] [Fatal Error] :1:1: Premature end of file.
2026-05-09 11:04:09,829 [ERROR] LogOutputStream:75 - [STDERR_REDIRECT] 
2026-05-09 11:04:10,835 [ERROR] LogOutputStream:75 - [STDERR_REDIRECT] [Fatal Error] :1:1: Premature end of file.
2026-05-09 11:04:10,835 [ERROR] LogOutputStream:75 - [STDERR_REDIRECT] 
2026-05-09 11:04:11,828 [ERROR] LogOutputStream:75 - [STDERR_REDIRECT] [Fatal Error] :1:1: Premature end of file.
2026-05-09 11:04:11,829 [ERROR] LogOutputStream:75 - [STDERR_REDIRECT] 
2026-05-09 11:04:12,836 [ERROR] LogOutputStream:75 - [STDERR_REDIRECT] [Fatal Error] :1:1: Premature end of file.
2026-05-09 11:04:12,836 [ERROR] LogOutputStream:75 - [STDERR_REDIRECT] 
2026-05-09 11:04:13,858 [ERROR] LogOutputStream:75 - [STDERR_REDIRECT] [Fatal Error] :1:1: Premature end of file.
2026-05-09 11:04:13,858 [ERROR] LogOutputStream:75 - [STDERR_REDIRECT] 
2026-05-09 11:04:14,830 [ERROR] LogOutputStream:75 - [STDERR_REDIRECT] [Fatal Error] :1:1: Premature end of file.
2026-05-09 11:04:14,830 [ERROR] LogOutputStream:75 - [STDERR_REDIRECT] 
2026-05-09 11:04:15,840 [ERROR] LogOutputStream:75 - [STDERR_REDIRECT] [Fatal Error] :1:1: Premature end of file.
2026-05-09 11:04:15,841 [ERROR] LogOutputStream:75 - [STDERR_REDIRECT] 
2026-05-09 11:04:16,842 [ERROR] LogOutputStream:75 - [STDERR_REDIRECT] [Fatal Error] :1:1: Premature end of file.
2026-05-09 11:04:16,843 [ERROR] LogOutputStream:75 - [STDERR_REDIRECT] 
2026-05-09 11:04:17,846 [ERROR] LogOutputStream:75 - [STDERR_REDIRECT] [Fatal Error] :1:1: Premature end of file.
2026-05-09 11:04:17,846 [ERROR] LogOutputStream:75 - [STDERR_REDIRECT] 
2026-05-09 11:04:18,829 [ERROR] LogOutputStream:75 - [STDERR_REDIRECT] [Fatal Error] :1:1: Premature end of file.
2026-05-09 11:04:18,829 [ERROR] LogOutputStream:75 - [STDERR_REDIRECT] 
2026-05-09 11:04:19,840 [ERROR] LogOutputStream:75 - [STDERR_REDIRECT] [Fatal Error] :1:1: Premature end of file.
2026-05-09 11:04:19,840 [ERROR] LogOutputStream:75 - [STDERR_REDIRECT] 
2026-05-09 11:04:20,823 [ERROR] LogOutputStream:75 - [STDERR_REDIRECT] [Fatal Error] :1:1: Premature end of file.
2026-05-09 11:04:20,824 [ERROR] LogOutputStream:75 - [STDERR_REDIRECT] 
2026-05-09 11:04:21,836 [ERROR] LogOutputStream:75 - [STDERR_REDIRECT] [Fatal Error] :1:1: Premature end of file.
2026-05-09 11:04:21,836 [ERROR] LogOutputStream:75 - [STDERR_REDIRECT] 
2026-05-09 11:04:22,830 [ERROR] LogOutputStream:75 - [STDERR_REDIRECT] [Fatal Error] :1:1: Premature end of file.
2026-05-09 11:04:22,830 [ERROR] LogOutputStream:75 - [STDERR_REDIRECT] 
2026-05-09 11:04:23,831 [ERROR] LogOutputStream:75 - [STDERR_REDIRECT] [Fatal Error] :1:1: Premature end of file.
2026-05-09 11:04:23,831 [ERROR] LogOutputStream:75 - [STDERR_REDIRECT] 
2026-05-09 11:04:24,840 [ERROR] LogOutputStream:75 - [STDERR_REDIRECT] [Fatal Error] :1:1: Premature end of file.
2026-05-09 11:04:24,841 [ERROR] LogOutputStream:75 - [STDERR_REDIRECT] 
2026-05-09 11:04:25,814 [ERROR] LogOutputStream:75 - [STDERR_REDIRECT] [Fatal Error] :1:1: Premature end of file.
2026-05-09 11:04:25,814 [ERROR] LogOutputStream:75 - [STDERR_REDIRECT] 
2026-05-09 11:04:26,822 [ERROR] LogOutputStream:75 - [STDERR_REDIRECT] [Fatal Error] :1:1: Premature end of file.
2026-05-09 11:04:26,822 [ERROR] LogOutputStream:75 - [STDERR_REDIRECT] 
2026-05-09 11:04:27,817 [ERROR] LogOutputStream:75 - [STDERR_REDIRECT] [Fatal Error] :1:1: Premature end of file.
2026-05-09 11:04:27,817 [ERROR] LogOutputStream:75 - [STDERR_REDIRECT] 
2026-05-09 11:04:28,831 [ERROR] LogOutputStream:75 - [STDERR_REDIRECT] [Fatal Error] :1:1: Premature end of file.
2026-05-09 11:04:28,832 [ERROR] LogOutputStream:75 - [STDERR_REDIRECT] 
2026-05-09 11:04:29,830 [ERROR] LogOutputStream:75 - [STDERR_REDIRECT] [Fatal Error] :1:1: Premature end of file.
2026-05-09 11:04:29,831 [ERROR] LogOutputStream:75 - [STDERR_REDIRECT] 
2026-05-09 11:04:30,834 [ERROR] LogOutputStream:75 - [STDERR_REDIRECT] [Fatal Error] :1:1: Premature end of file.
2026-05-09 11:04:30,836 [ERROR] LogOutputStream:75 - [STDERR_REDIRECT] 
2026-05-09 11:04:31,837 [ERROR] LogOutputStream:75 - [STDERR_REDIRECT] [Fatal Error] :1:1: Premature end of file.
2026-05-09 11:04:31,838 [ERROR] LogOutputStream:75 - [STDERR_REDIRECT] 
2026-05-09 11:04:32,830 [ERROR] LogOutputStream:75 - [STDERR_REDIRECT] [Fatal Error] :1:1: Premature end of file.
2026-05-09 11:04:32,831 [ERROR] LogOutputStream:75 - [STDERR_REDIRECT] 
2026-05-09 11:04:33,838 [ERROR] LogOutputStream:75 - [STDERR_REDIRECT] [Fatal Error] :1:1: Premature end of file.
2026-05-09 11:04:33,838 [ERROR] LogOutputStream:75 - [STDERR_REDIRECT] 
2026-05-09 11:04:34,807 [ERROR] LogOutputStream:75 - [STDERR_REDIRECT] [Fatal Error] :1:1: Premature end of file.
2026-05-09 11:04:34,807 [ERROR] LogOutputStream:75 - [STDERR_REDIRECT] 
2026-05-09 11:04:35,828 [ERROR] LogOutputStream:75 - [STDERR_REDIRECT] [Fatal Error] :1:1: Premature end of file.
2026-05-09 11:04:35,828 [ERROR] LogOutputStream:75 - [STDERR_REDIRECT] 
2026-05-09 11:04:36,829 [ERROR] LogOutputStream:75 - [STDERR_REDIRECT] [Fatal Error] :1:1: Premature end of file.
2026-05-09 11:04:36,829 [ERROR] LogOutputStream:75 - [STDERR_REDIRECT] 
2026-05-09 11:04:37,829 [ERROR] LogOutputStream:75 - [STDERR_REDIRECT] [Fatal Error] :1:1: Premature end of file.
2026-05-09 11:04:37,829 [ERROR] LogOutputStream:75 - [STDERR_REDIRECT] 
2026-05-09 11:04:38,840 [ERROR] LogOutputStream:75 - [STDERR_REDIRECT] [Fatal Error] :1:1: Premature end of file.
2026-05-09 11:04:38,840 [ERROR] LogOutputStream:75 - [STDERR_REDIRECT] 
2026-05-09 11:04:39,831 [ERROR] LogOutputStream:75 - [STDERR_REDIRECT] [Fatal Error] :1:1: Premature end of file.
2026-05-09 11:04:39,833 [ERROR] LogOutputStream:75 - [STDERR_REDIRECT] 
2026-05-09 11:04:40,834 [ERROR] LogOutputStream:75 - [STDERR_REDIRECT] [Fatal Error] :1:1: Premature end of file.
2026-05-09 11:04:40,834 [ERROR] LogOutputStream:75 - [STDERR_REDIRECT] 
2026-05-09 11:04:41,828 [ERROR] LogOutputStream:75 - [STDERR_REDIRECT] [Fatal Error] :1:1: Premature end of file.
2026-05-09 11:04:41,829 [ERROR] LogOutputStream:75 - [STDERR_REDIRECT] 
2026-05-09 11:04:42,822 [ERROR] LogOutputStream:75 - [STDERR_REDIRECT] [Fatal Error] :1:1: Premature end of file.
2026-05-09 11:04:42,822 [ERROR] LogOutputStream:75 - [STDERR_REDIRECT] 
2026-05-09 11:04:43,834 [ERROR] LogOutputStream:75 - [STDERR_REDIRECT] [Fatal Error] :1:1: Premature end of file.
2026-05-09 11:04:43,836 [ERROR] LogOutputStream:75 - [STDERR_REDIRECT] 
2026-05-09 11:04:44,834 [ERROR] LogOutputStream:75 - [STDERR_REDIRECT] [Fatal Error] :1:1: Premature end of file.
2026-05-09 11:04:44,835 [ERROR] LogOutputStream:75 - [STDERR_REDIRECT] 
2026-05-09 11:04:45,829 [ERROR] LogOutputStream:75 - [STDERR_REDIRECT] [Fatal Error] :1:1: Premature end of file.
2026-05-09 11:04:45,829 [ERROR] LogOutputStream:75 - [STDERR_REDIRECT] 
2026-05-09 11:04:46,844 [ERROR] LogOutputStream:75 - [STDERR_REDIRECT] [Fatal Error] :1:1: Premature end of file.
2026-05-09 11:04:46,844 [ERROR] LogOutputStream:75 - [STDERR_REDIRECT] 
2026-05-09 11:04:47,830 [ERROR] LogOutputStream:75 - [STDERR_REDIRECT] [Fatal Error] :1:1: Premature end of file.
2026-05-09 11:04:47,830 [ERROR] LogOutputStream:75 - [STDERR_REDIRECT] 
2026-05-09 11:04:48,826 [ERROR] LogOutputStream:75 - [STDERR_REDIRECT] [Fatal Error] :1:1: Premature end of file.
2026-05-09 11:04:48,826 [ERROR] LogOutputStream:75 - [STDERR_REDIRECT] 
2026-05-09 11:04:49,817 [ERROR] LogOutputStream:75 - [STDERR_REDIRECT] [Fatal Error] :1:1: Premature end of file.
2026-05-09 11:04:49,817 [ERROR] LogOutputStream:75 - [STDERR_REDIRECT] 
2026-05-09 11:04:50,827 [ERROR] LogOutputStream:75 - [STDERR_REDIRECT] [Fatal Error] :1:1: Premature end of file.
2026-05-09 11:04:50,828 [ERROR] LogOutputStream:75 - [STDERR_REDIRECT] 
2026-05-09 11:04:51,841 [ERROR] LogOutputStream:75 - [STDERR_REDIRECT] [Fatal Error] :1:1: Premature end of file.
2026-05-09 11:04:51,841 [ERROR] LogOutputStream:75 - [STDERR_REDIRECT] 
2026-05-09 11:04:52,816 [ERROR] LogOutputStream:75 - [STDERR_REDIRECT] [Fatal Error] :1:1: Premature end of file.
2026-05-09 11:04:52,817 [ERROR] LogOutputStream:75 - [STDERR_REDIRECT] 
2026-05-09 11:04:53,827 [ERROR] LogOutputStream:75 - [STDERR_REDIRECT] [Fatal Error] :1:1: Premature end of file.
2026-05-09 11:04:53,828 [ERROR] LogOutputStream:75 - [STDERR_REDIRECT] 
2026-05-09 11:04:54,824 [ERROR] LogOutputStream:75 - [STDERR_REDIRECT] [Fatal Error] :1:1: Premature end of file.
2026-05-09 11:04:54,825 [ERROR] LogOutputStream:75 - [STDERR_REDIRECT] 
2026-05-09 11:04:55,847 [ERROR] LogOutputStream:75 - [STDERR_REDIRECT] [Fatal Error] :1:1: Premature end of file.
2026-05-09 11:04:55,847 [ERROR] LogOutputStream:75 - [STDERR_REDIRECT] 
2026-05-09 11:04:56,829 [ERROR] LogOutputStream:75 - [STDERR_REDIRECT] [Fatal Error] :1:1: Premature end of file.
2026-05-09 11:04:56,829 [ERROR] LogOutputStream:75 - [STDERR_REDIRECT] 
2026-05-09 11:04:57,830 [ERROR] LogOutputStream:75 - [STDERR_REDIRECT] [Fatal Error] :1:1: Premature end of file.
2026-05-09 11:04:57,830 [ERROR] LogOutputStream:75 - [STDERR_REDIRECT] 
2026-05-09 11:04:58,823 [ERROR] LogOutputStream:75 - [STDERR_REDIRECT] [Fatal Error] :1:1: Premature end of file.
2026-05-09 11:04:58,823 [ERROR] LogOutputStream:75 - [STDERR_REDIRECT] 
2026-05-09 11:04:59,827 [ERROR] LogOutputStream:75 - [STDERR_REDIRECT] [Fatal Error] :1:1: Premature end of file.
2026-05-09 11:04:59,827 [ERROR] LogOutputStream:75 - [STDERR_REDIRECT] 
2026-05-09 11:05:00,841 [ERROR] LogOutputStream:75 - [STDERR_REDIRECT] [Fatal Error] :1:1: Premature end of file.
2026-05-09 11:05:00,842 [ERROR] LogOutputStream:75 - [STDERR_REDIRECT] 
2026-05-09 11:05:01,831 [ERROR] LogOutputStream:75 - [STDERR_REDIRECT] [Fatal Error] :1:1: Premature end of file.
2026-05-09 11:05:01,832 [ERROR] LogOutputStream:75 - [STDERR_REDIRECT] 
2026-05-09 11:05:02,838 [ERROR] LogOutputStream:75 - [STDERR_REDIRECT] [Fatal Error] :1:1: Premature end of file.
2026-05-09 11:05:02,839 [ERROR] LogOutputStream:75 - [STDERR_REDIRECT] 
2026-05-09 11:05:03,837 [ERROR] LogOutputStream:75 - [STDERR_REDIRECT] [Fatal Error] :1:1: Premature end of file.
2026-05-09 11:05:03,838 [ERROR] LogOutputStream:75 - [STDERR_REDIRECT] 
2026-05-09 11:05:04,827 [ERROR] LogOutputStream:75 - [STDERR_REDIRECT] [Fatal Error] :1:1: Premature end of file.
2026-05-09 11:05:04,827 [ERROR] LogOutputStream:75 - [STDERR_REDIRECT] 
2026-05-09 11:05:05,832 [ERROR] LogOutputStream:75 - [STDERR_REDIRECT] [Fatal Error] :1:1: Premature end of file.
2026-05-09 11:05:05,833 [ERROR] LogOutputStream:75 - [STDERR_REDIRECT] 
2026-05-09 11:05:06,834 [ERROR] LogOutputStream:75 - [STDERR_REDIRECT] [Fatal Error] :1:1: Premature end of file.
2026-05-09 11:05:06,834 [ERROR] LogOutputStream:75 - [STDERR_REDIRECT] 
2026-05-09 11:05:07,811 [ERROR] LogOutputStream:75 - [STDERR_REDIRECT] [Fatal Error] :1:1: Premature end of file.
2026-05-09 11:05:07,811 [ERROR] LogOutputStream:75 - [STDERR_REDIRECT] 
2026-05-09 11:05:08,832 [ERROR] LogOutputStream:75 - [STDERR_REDIRECT] [Fatal Error] :1:1: Premature end of file.
2026-05-09 11:05:08,832 [ERROR] LogOutputStream:75 - [STDERR_REDIRECT] 
2026-05-09 11:05:09,825 [ERROR] LogOutputStream:75 - [STDERR_REDIRECT] [Fatal Error] :1:1: Premature end of file.
2026-05-09 11:05:09,826 [ERROR] LogOutputStream:75 - [STDERR_REDIRECT] 
2026-05-09 11:05:10,833 [ERROR] LogOutputStream:75 - [STDERR_REDIRECT] [Fatal Error] :1:1: Premature end of file.
2026-05-09 11:05:10,833 [ERROR] LogOutputStream:75 - [STDERR_REDIRECT] 
2026-05-09 11:05:11,836 [ERROR] LogOutputStream:75 - [STDERR_REDIRECT] [Fatal Error] :1:1: Premature end of file.
2026-05-09 11:05:11,836 [ERROR] LogOutputStream:75 - [STDERR_REDIRECT] 
2026-05-09 11:05:12,831 [ERROR] LogOutputStream:75 - [STDERR_REDIRECT] [Fatal Error] :1:1: Premature end of file.
2026-05-09 11:05:12,831 [ERROR] LogOutputStream:75 - [STDERR_REDIRECT] 
2026-05-09 11:05:13,844 [ERROR] LogOutputStream:75 - [STDERR_REDIRECT] [Fatal Error] :1:1: Premature end of file.
2026-05-09 11:05:13,844 [ERROR] LogOutputStream:75 - [STDERR_REDIRECT] 
2026-05-09 11:05:14,834 [ERROR] LogOutputStream:75 - [STDERR_REDIRECT] [Fatal Error] :1:1: Premature end of file.
2026-05-09 11:05:14,834 [ERROR] LogOutputStream:75 - [STDERR_REDIRECT] 
2026-05-09 11:05:15,833 [ERROR] LogOutputStream:75 - [STDERR_REDIRECT] [Fatal Error] :1:1: Premature end of file.
2026-05-09 11:05:15,833 [ERROR] LogOutputStream:75 - [STDERR_REDIRECT] 
2026-05-09 11:05:16,836 [ERROR] LogOutputStream:75 - [STDERR_REDIRECT] [Fatal Error] :1:1: Premature end of file.
2026-05-09 11:05:16,836 [ERROR] LogOutputStream:75 - [STDERR_REDIRECT] 
2026-05-09 11:05:17,826 [ERROR] LogOutputStream:75 - [STDERR_REDIRECT] [Fatal Error] :1:1: Premature end of file.
2026-05-09 11:05:17,827 [ERROR] LogOutputStream:75 - [STDERR_REDIRECT] 
2026-05-09 11:05:18,824 [ERROR] LogOutputStream:75 - [STDERR_REDIRECT] [Fatal Error] :1:1: Premature end of file.
2026-05-09 11:05:18,824 [ERROR] LogOutputStream:75 - [STDERR_REDIRECT] 
2026-05-09 11:05:19,822 [ERROR] LogOutputStream:75 - [STDERR_REDIRECT] [Fatal Error] :1:1: Premature end of file.
2026-05-09 11:05:19,822 [ERROR] LogOutputStream:75 - [STDERR_REDIRECT] 
2026-05-09 11:05:20,824 [ERROR] LogOutputStream:75 - [STDERR_REDIRECT] [Fatal Error] :1:1: Premature end of file.
2026-05-09 11:05:20,824 [ERROR] LogOutputStream:75 - [STDERR_REDIRECT] 
2026-05-09 11:05:21,826 [ERROR] LogOutputStream:75 - [STDERR_REDIRECT] [Fatal Error] :1:1: Premature end of file.
2026-05-09 11:05:21,827 [ERROR] LogOutputStream:75 - [STDERR_REDIRECT] 
2026-05-09 11:05:22,830 [ERROR] LogOutputStream:75 - [STDERR_REDIRECT] [Fatal Error] :1:1: Premature end of file.
2026-05-09 11:05:22,830 [ERROR] LogOutputStream:75 - [STDERR_REDIRECT] 
2026-05-09 11:05:23,836 [ERROR] LogOutputStream:75 - [STDERR_REDIRECT] [Fatal Error] :1:1: Premature end of file.
2026-05-09 11:05:23,837 [ERROR] LogOutputStream:75 - [STDERR_REDIRECT] 
2026-05-09 11:05:24,837 [ERROR] LogOutputStream:75 - [STDERR_REDIRECT] [Fatal Error] :1:1: Premature end of file.
2026-05-09 11:05:24,837 [ERROR] LogOutputStream:75 - [STDERR_REDIRECT] 
2026-05-09 11:05:25,817 [ERROR] LogOutputStream:75 - [STDERR_REDIRECT] [Fatal Error] :1:1: Premature end of file.
2026-05-09 11:05:25,817 [ERROR] LogOutputStream:75 - [STDERR_REDIRECT] 
2026-05-09 11:05:26,829 [ERROR] LogOutputStream:75 - [STDERR_REDIRECT] [Fatal Error] :1:1: Premature end of file.
2026-05-09 11:05:26,829 [ERROR] LogOutputStream:75 - [STDERR_REDIRECT] 
2026-05-09 11:05:27,837 [ERROR] LogOutputStream:75 - [STDERR_REDIRECT] [Fatal Error] :1:1: Premature end of file.
2026-05-09 11:05:27,837 [ERROR] LogOutputStream:75 - [STDERR_REDIRECT] 
2026-05-09 11:05:28,831 [ERROR] LogOutputStream:75 - [STDERR_REDIRECT] [Fatal Error] :1:1: Premature end of file.
2026-05-09 11:05:28,833 [ERROR] LogOutputStream:75 - [STDERR_REDIRECT] 
2026-05-09 11:05:29,823 [ERROR] LogOutputStream:75 - [STDERR_REDIRECT] [Fatal Error] :1:1: Premature end of file.
2026-05-09 11:05:29,823 [ERROR] LogOutputStream:75 - [STDERR_REDIRECT] 
2026-05-09 11:05:30,824 [ERROR] LogOutputStream:75 - [STDERR_REDIRECT] [Fatal Error] :1:1: Premature end of file.
2026-05-09 11:05:30,824 [ERROR] LogOutputStream:75 - [STDERR_REDIRECT] 
2026-05-09 11:05:31,828 [ERROR] LogOutputStream:75 - [STDERR_REDIRECT] [Fatal Error] :1:1: Premature end of file.
2026-05-09 11:05:31,828 [ERROR] LogOutputStream:75 - [STDERR_REDIRECT] 
2026-05-09 11:05:32,807 [ERROR] LogOutputStream:75 - [STDERR_REDIRECT] [Fatal Error] :1:1: Premature end of file.
2026-05-09 11:05:32,808 [ERROR] LogOutputStream:75 - [STDERR_REDIRECT] 
2026-05-09 11:05:33,800 [ERROR] LogOutputStream:75 - [STDERR_REDIRECT] [Fatal Error] :1:1: Premature end of file.
2026-05-09 11:05:33,800 [ERROR] LogOutputStream:75 - [STDERR_REDIRECT] 
2026-05-09 11:05:34,839 [ERROR] LogOutputStream:75 - [STDERR_REDIRECT] [Fatal Error] :1:1: Premature end of file.
2026-05-09 11:05:34,839 [ERROR] LogOutputStream:75 - [STDERR_REDIRECT] 
2026-05-09 11:05:35,838 [ERROR] LogOutputStream:75 - [STDERR_REDIRECT] [Fatal Error] :1:1: Premature end of file.
2026-05-09 11:05:35,838 [ERROR] LogOutputStream:75 - [STDERR_REDIRECT] 
2026-05-09 11:05:36,837 [ERROR] LogOutputStream:75 - [STDERR_REDIRECT] [Fatal Error] :1:1: Premature end of file.
2026-05-09 11:05:36,838 [ERROR] LogOutputStream:75 - [STDERR_REDIRECT] 
2026-05-09 11:05:37,832 [ERROR] LogOutputStream:75 - [STDERR_REDIRECT] [Fatal Error] :1:1: Premature end of file.
2026-05-09 11:05:37,832 [ERROR] LogOutputStream:75 - [STDERR_REDIRECT] 
2026-05-09 11:05:38,820 [ERROR] LogOutputStream:75 - [STDERR_REDIRECT] [Fatal Error] :1:1: Premature end of file.
2026-05-09 11:05:38,820 [ERROR] LogOutputStream:75 - [STDERR_REDIRECT] 
2026-05-09 11:05:39,833 [ERROR] LogOutputStream:75 - [STDERR_REDIRECT] [Fatal Error] :1:1: Premature end of file.
2026-05-09 11:05:39,833 [ERROR] LogOutputStream:75 - [STDERR_REDIRECT] 
2026-05-09 11:05:40,827 [ERROR] LogOutputStream:75 - [STDERR_REDIRECT] [Fatal Error] :1:1: Premature end of file.
2026-05-09 11:05:40,828 [ERROR] LogOutputStream:75 - [STDERR_REDIRECT] 
2026-05-09 11:05:41,834 [ERROR] LogOutputStream:75 - [STDERR_REDIRECT] [Fatal Error] :1:1: Premature end of file.
2026-05-09 11:05:41,834 [ERROR] LogOutputStream:75 - [STDERR_REDIRECT] 
2026-05-09 11:05:42,839 [ERROR] LogOutputStream:75 - [STDERR_REDIRECT] [Fatal Error] :1:1: Premature end of file.
2026-05-09 11:05:42,839 [ERROR] LogOutputStream:75 - [STDERR_REDIRECT] 
2026-05-09 11:05:43,832 [ERROR] LogOutputStream:75 - [STDERR_REDIRECT] [Fatal Error] :1:1: Premature end of file.
2026-05-09 11:05:43,832 [ERROR] LogOutputStream:75 - [STDERR_REDIRECT] 
2026-05-09 11:05:44,830 [ERROR] LogOutputStream:75 - [STDERR_REDIRECT] [Fatal Error] :1:1: Premature end of file.
2026-05-09 11:05:44,831 [ERROR] LogOutputStream:75 - [STDERR_REDIRECT] 
2026-05-09 11:05:45,833 [ERROR] LogOutputStream:75 - [STDERR_REDIRECT] [Fatal Error] :1:1: Premature end of file.
2026-05-09 11:05:45,833 [ERROR] LogOutputStream:75 - [STDERR_REDIRECT] 
2026-05-09 11:05:46,832 [ERROR] LogOutputStream:75 - [STDERR_REDIRECT] [Fatal Error] :1:1: Premature end of file.
2026-05-09 11:05:46,833 [ERROR] LogOutputStream:75 - [STDERR_REDIRECT] 
2026-05-09 11:05:47,827 [ERROR] LogOutputStream:75 - [STDERR_REDIRECT] [Fatal Error] :1:1: Premature end of file.
2026-05-09 11:05:47,827 [ERROR] LogOutputStream:75 - [STDERR_REDIRECT] 
2026-05-09 11:05:48,841 [ERROR] LogOutputStream:75 - [STDERR_REDIRECT] [Fatal Error] :1:1: Premature end of file.
2026-05-09 11:05:48,842 [ERROR] LogOutputStream:75 - [STDERR_REDIRECT] 
2026-05-09 11:05:49,826 [ERROR] LogOutputStream:75 - [STDERR_REDIRECT] [Fatal Error] :1:1: Premature end of file.
2026-05-09 11:05:49,826 [ERROR] LogOutputStream:75 - [STDERR_REDIRECT] 
2026-05-09 11:05:50,837 [ERROR] LogOutputStream:75 - [STDERR_REDIRECT] [Fatal Error] :1:1: Premature end of file.
2026-05-09 11:05:50,837 [ERROR] LogOutputStream:75 - [STDERR_REDIRECT] 
2026-05-09 11:05:51,819 [ERROR] LogOutputStream:75 - [STDERR_REDIRECT] [Fatal Error] :1:1: Premature end of file.
2026-05-09 11:05:51,819 [ERROR] LogOutputStream:75 - [STDERR_REDIRECT] 
2026-05-09 11:05:52,827 [ERROR] LogOutputStream:75 - [STDERR_REDIRECT] [Fatal Error] :1:1: Premature end of file.
2026-05-09 11:05:52,827 [ERROR] LogOutputStream:75 - [STDERR_REDIRECT] 
2026-05-09 11:05:53,831 [ERROR] LogOutputStream:75 - [STDERR_REDIRECT] [Fatal Error] :1:1: Premature end of file.
2026-05-09 11:05:53,831 [ERROR] LogOutputStream:75 - [STDERR_REDIRECT] 
2026-05-09 11:05:54,832 [ERROR] LogOutputStream:75 - [STDERR_REDIRECT] [Fatal Error] :1:1: Premature end of file.
2026-05-09 11:05:54,832 [ERROR] LogOutputStream:75 - [STDERR_REDIRECT] 
2026-05-09 11:05:55,828 [ERROR] LogOutputStream:75 - [STDERR_REDIRECT] [Fatal Error] :1:1: Premature end of file.
2026-05-09 11:05:55,829 [ERROR] LogOutputStream:75 - [STDERR_REDIRECT] 
2026-05-09 11:05:56,830 [ERROR] LogOutputStream:75 - [STDERR_REDIRECT] [Fatal Error] :1:1: Premature end of file.
2026-05-09 11:05:56,832 [ERROR] LogOutputStream:75 - [STDERR_REDIRECT] 
2026-05-09 11:05:57,824 [ERROR] LogOutputStream:75 - [STDERR_REDIRECT] [Fatal Error] :1:1: Premature end of file.
2026-05-09 11:05:57,826 [ERROR] LogOutputStream:75 - [STDERR_REDIRECT] 
2026-05-09 11:05:58,833 [ERROR] LogOutputStream:75 - [STDERR_REDIRECT] [Fatal Error] :1:1: Premature end of file.
2026-05-09 11:05:58,833 [ERROR] LogOutputStream:75 - [STDERR_REDIRECT] 
2026-05-09 11:05:59,823 [ERROR] LogOutputStream:75 - [STDERR_REDIRECT] [Fatal Error] :1:1: Premature end of file.
2026-05-09 11:05:59,823 [ERROR] LogOutputStream:75 - [STDERR_REDIRECT] 
2026-05-09 11:06:00,830 [ERROR] LogOutputStream:75 - [STDERR_REDIRECT] [Fatal Error] :1:1: Premature end of file.
2026-05-09 11:06:00,830 [ERROR] LogOutputStream:75 - [STDERR_REDIRECT] 
2026-05-09 11:06:01,845 [ERROR] LogOutputStream:75 - [STDERR_REDIRECT] [Fatal Error] :1:1: Premature end of file.
2026-05-09 11:06:01,846 [ERROR] LogOutputStream:75 - [STDERR_REDIRECT] 
2026-05-09 11:06:02,843 [ERROR] LogOutputStream:75 - [STDERR_REDIRECT] [Fatal Error] :1:1: Premature end of file.
2026-05-09 11:06:02,843 [ERROR] LogOutputStream:75 - [STDERR_REDIRECT] 
2026-05-09 11:06:03,840 [ERROR] LogOutputStream:75 - [STDERR_REDIRECT] [Fatal Error] :1:1: Premature end of file.
2026-05-09 11:06:03,840 [ERROR] LogOutputStream:75 - [STDERR_REDIRECT] 
2026-05-09 11:06:04,836 [ERROR] LogOutputStream:75 - [STDERR_REDIRECT] [Fatal Error] :1:1: Premature end of file.
2026-05-09 11:06:04,837 [ERROR] LogOutputStream:75 - [STDERR_REDIRECT] 
2026-05-09 11:06:05,871 [ERROR] LogOutputStream:75 - [STDERR_REDIRECT] [Fatal Error] :1:1: Premature end of file.
2026-05-09 11:06:05,871 [ERROR] LogOutputStream:75 - [STDERR_REDIRECT] 
2026-05-09 11:06:06,824 [ERROR] LogOutputStream:75 - [STDERR_REDIRECT] [Fatal Error] :1:1: Premature end of file.
2026-05-09 11:06:06,824 [ERROR] LogOutputStream:75 - [STDERR_REDIRECT] 
2026-05-09 11:06:07,838 [ERROR] LogOutputStream:75 - [STDERR_REDIRECT] [Fatal Error] :1:1: Premature end of file.
2026-05-09 11:06:07,838 [ERROR] LogOutputStream:75 - [STDERR_REDIRECT] 
2026-05-09 11:06:08,842 [ERROR] LogOutputStream:75 - [STDERR_REDIRECT] [Fatal Error] :1:1: Premature end of file.
2026-05-09 11:06:08,843 [ERROR] LogOutputStream:75 - [STDERR_REDIRECT] 
2026-05-09 11:06:09,840 [ERROR] LogOutputStream:75 - [STDERR_REDIRECT] [Fatal Error] :1:1: Premature end of file.
2026-05-09 11:06:09,840 [ERROR] LogOutputStream:75 - [STDERR_REDIRECT] 
2026-05-09 11:06:10,839 [ERROR] LogOutputStream:75 - [STDERR_REDIRECT] [Fatal Error] :1:1: Premature end of file.
2026-05-09 11:06:10,839 [ERROR] LogOutputStream:75 - [STDERR_REDIRECT] 
2026-05-09 11:06:11,831 [ERROR] LogOutputStream:75 - [STDERR_REDIRECT] [Fatal Error] :1:1: Premature end of file.
2026-05-09 11:06:11,831 [ERROR] LogOutputStream:75 - [STDERR_REDIRECT] 
2026-05-09 11:06:12,831 [ERROR] LogOutputStream:75 - [STDERR_REDIRECT] [Fatal Error] :1:1: Premature end of file.
2026-05-09 11:06:12,831 [ERROR] LogOutputStream:75 - [STDERR_REDIRECT] 
2026-05-09 11:06:13,830 [ERROR] LogOutputStream:75 - [STDERR_REDIRECT] [Fatal Error] :1:1: Premature end of file.
2026-05-09 11:06:13,831 [ERROR] LogOutputStream:75 - [STDERR_REDIRECT] 
2026-05-09 11:06:14,829 [ERROR] LogOutputStream:75 - [STDERR_REDIRECT] [Fatal Error] :1:1: Premature end of file.
2026-05-09 11:06:14,830 [ERROR] LogOutputStream:75 - [STDERR_REDIRECT] 
2026-05-09 11:06:15,829 [ERROR] LogOutputStream:75 - [STDERR_REDIRECT] [Fatal Error] :1:1: Premature end of file.
2026-05-09 11:06:15,832 [ERROR] LogOutputStream:75 - [STDERR_REDIRECT] 
2026-05-09 11:06:16,832 [ERROR] LogOutputStream:75 - [STDERR_REDIRECT] [Fatal Error] :1:1: Premature end of file.
2026-05-09 11:06:16,832 [ERROR] LogOutputStream:75 - [STDERR_REDIRECT] 
2026-05-09 11:06:17,828 [ERROR] LogOutputStream:75 - [STDERR_REDIRECT] [Fatal Error] :1:1: Premature end of file.
2026-05-09 11:06:17,829 [ERROR] LogOutputStream:75 - [STDERR_REDIRECT] 
2026-05-09 11:06:18,834 [ERROR] LogOutputStream:75 - [STDERR_REDIRECT] [Fatal Error] :1:1: Premature end of file.
2026-05-09 11:06:18,834 [ERROR] LogOutputStream:75 - [STDERR_REDIRECT] 
2026-05-09 11:06:19,835 [ERROR] LogOutputStream:75 - [STDERR_REDIRECT] [Fatal Error] :1:1: Premature end of file.
2026-05-09 11:06:19,835 [ERROR] LogOutputStream:75 - [STDERR_REDIRECT] 
2026-05-09 11:06:20,852 [ERROR] LogOutputStream:75 - [STDERR_REDIRECT] [Fatal Error] :1:1: Premature end of file.
2026-05-09 11:06:20,852 [ERROR] LogOutputStream:75 - [STDERR_REDIRECT] 
2026-05-09 11:06:21,829 [ERROR] LogOutputStream:75 - [STDERR_REDIRECT] [Fatal Error] :1:1: Premature end of file.
2026-05-09 11:06:21,829 [ERROR] LogOutputStream:75 - [STDERR_REDIRECT] 
2026-05-09 11:06:22,832 [ERROR] LogOutputStream:75 - [STDERR_REDIRECT] [Fatal Error] :1:1: Premature end of file.
2026-05-09 11:06:22,833 [ERROR] LogOutputStream:75 - [STDERR_REDIRECT] 
2026-05-09 11:06:23,828 [ERROR] LogOutputStream:75 - [STDERR_REDIRECT] [Fatal Error] :1:1: Premature end of file.
2026-05-09 11:06:23,828 [ERROR] LogOutputStream:75 - [STDERR_REDIRECT] 
2026-05-09 11:06:24,819 [ERROR] LogOutputStream:75 - [STDERR_REDIRECT] [Fatal Error] :1:1: Premature end of file.
2026-05-09 11:06:24,819 [ERROR] LogOutputStream:75 - [STDERR_REDIRECT] 
2026-05-09 11:06:25,815 [ERROR] LogOutputStream:75 - [STDERR_REDIRECT] [Fatal Error] :1:1: Premature end of file.
2026-05-09 11:06:25,815 [ERROR] LogOutputStream:75 - [STDERR_REDIRECT] 
2026-05-09 11:06:26,831 [ERROR] LogOutputStream:75 - [STDERR_REDIRECT] [Fatal Error] :1:1: Premature end of file.
2026-05-09 11:06:26,831 [ERROR] LogOutputStream:75 - [STDERR_REDIRECT] 
2026-05-09 11:06:27,818 [ERROR] LogOutputStream:75 - [STDERR_REDIRECT] [Fatal Error] :1:1: Premature end of file.
2026-05-09 11:06:27,819 [ERROR] LogOutputStream:75 - [STDERR_REDIRECT] 
2026-05-09 11:06:28,857 [ERROR] LogOutputStream:75 - [STDERR_REDIRECT] [Fatal Error] :1:1: Premature end of file.
2026-05-09 11:06:28,858 [ERROR] LogOutputStream:75 - [STDERR_REDIRECT] 
2026-05-09 11:06:29,819 [ERROR] LogOutputStream:75 - [STDERR_REDIRECT] [Fatal Error] :1:1: Premature end of file.
2026-05-09 11:06:29,820 [ERROR] LogOutputStream:75 - [STDERR_REDIRECT] 
2026-05-09 11:06:30,832 [ERROR] LogOutputStream:75 - [STDERR_REDIRECT] [Fatal Error] :1:1: Premature end of file.
2026-05-09 11:06:30,832 [ERROR] LogOutputStream:75 - [STDERR_REDIRECT] 
2026-05-09 11:06:31,828 [ERROR] LogOutputStream:75 - [STDERR_REDIRECT] [Fatal Error] :1:1: Premature end of file.
2026-05-09 11:06:31,828 [ERROR] LogOutputStream:75 - [STDERR_REDIRECT] 
2026-05-09 11:06:32,820 [ERROR] LogOutputStream:75 - [STDERR_REDIRECT] [Fatal Error] :1:1: Premature end of file.
2026-05-09 11:06:32,820 [ERROR] LogOutputStream:75 - [STDERR_REDIRECT] 
2026-05-09 11:06:33,824 [ERROR] LogOutputStream:75 - [STDERR_REDIRECT] [Fatal Error] :1:1: Premature end of file.
2026-05-09 11:06:33,824 [ERROR] LogOutputStream:75 - [STDERR_REDIRECT] 
2026-05-09 11:06:34,836 [ERROR] LogOutputStream:75 - [STDERR_REDIRECT] [Fatal Error] :1:1: Premature end of file.
2026-05-09 11:06:34,836 [ERROR] LogOutputStream:75 - [STDERR_REDIRECT] 
2026-05-09 11:06:35,854 [ERROR] LogOutputStream:75 - [STDERR_REDIRECT] [Fatal Error] :1:1: Premature end of file.
2026-05-09 11:06:35,854 [ERROR] LogOutputStream:75 - [STDERR_REDIRECT] 
2026-05-09 11:06:36,842 [ERROR] LogOutputStream:75 - [STDERR_REDIRECT] [Fatal Error] :1:1: Premature end of file.
2026-05-09 11:06:36,842 [ERROR] LogOutputStream:75 - [STDERR_REDIRECT] 
2026-05-09 11:06:37,838 [ERROR] LogOutputStream:75 - [STDERR_REDIRECT] [Fatal Error] :1:1: Premature end of file.
2026-05-09 11:06:37,839 [ERROR] LogOutputStream:75 - [STDERR_REDIRECT] 
2026-05-09 11:06:38,836 [ERROR] LogOutputStream:75 - [STDERR_REDIRECT] [Fatal Error] :1:1: Premature end of file.
2026-05-09 11:06:38,837 [ERROR] LogOutputStream:75 - [STDERR_REDIRECT] 
2026-05-09 11:06:39,832 [ERROR] LogOutputStream:75 - [STDERR_REDIRECT] [Fatal Error] :1:1: Premature end of file.
2026-05-09 11:06:39,832 [ERROR] LogOutputStream:75 - [STDERR_REDIRECT] 
2026-05-09 11:06:40,835 [ERROR] LogOutputStream:75 - [STDERR_REDIRECT] [Fatal Error] :1:1: Premature end of file.
2026-05-09 11:06:40,835 [ERROR] LogOutputStream:75 - [STDERR_REDIRECT] 
2026-05-09 11:06:41,821 [ERROR] LogOutputStream:75 - [STDERR_REDIRECT] [Fatal Error] :1:1: Premature end of file.
2026-05-09 11:06:41,821 [ERROR] LogOutputStream:75 - [STDERR_REDIRECT] 
2026-05-09 11:06:42,825 [ERROR] LogOutputStream:75 - [STDERR_REDIRECT] [Fatal Error] :1:1: Premature end of file.
2026-05-09 11:06:42,825 [ERROR] LogOutputStream:75 - [STDERR_REDIRECT] 
2026-05-09 11:06:43,838 [ERROR] LogOutputStream:75 - [STDERR_REDIRECT] [Fatal Error] :1:1: Premature end of file.
2026-05-09 11:06:43,839 [ERROR] LogOutputStream:75 - [STDERR_REDIRECT] 
2026-05-09 11:06:44,833 [ERROR] LogOutputStream:75 - [STDERR_REDIRECT] [Fatal Error] :1:1: Premature end of file.
2026-05-09 11:06:44,833 [ERROR] LogOutputStream:75 - [STDERR_REDIRECT] 
2026-05-09 11:06:45,837 [ERROR] LogOutputStream:75 - [STDERR_REDIRECT] [Fatal Error] :1:1: Premature end of file.
2026-05-09 11:06:45,838 [ERROR] LogOutputStream:75 - [STDERR_REDIRECT] 
2026-05-09 11:06:46,841 [ERROR] LogOutputStream:75 - [STDERR_REDIRECT] [Fatal Error] :1:1: Premature end of file.
2026-05-09 11:06:46,842 [ERROR] LogOutputStream:75 - [STDERR_REDIRECT] 
2026-05-09 11:06:47,832 [ERROR] LogOutputStream:75 - [STDERR_REDIRECT] [Fatal Error] :1:1: Premature end of file.
2026-05-09 11:06:47,832 [ERROR] LogOutputStream:75 - [STDERR_REDIRECT] 
2026-05-09 11:06:48,840 [ERROR] LogOutputStream:75 - [STDERR_REDIRECT] [Fatal Error] :1:1: Premature end of file.
2026-05-09 11:06:48,840 [ERROR] LogOutputStream:75 - [STDERR_REDIRECT] 
2026-05-09 11:06:49,821 [ERROR] LogOutputStream:75 - [STDERR_REDIRECT] [Fatal Error] :1:1: Premature end of file.
2026-05-09 11:06:49,822 [ERROR] LogOutputStream:75 - [STDERR_REDIRECT] 
2026-05-09 11:06:50,830 [ERROR] LogOutputStream:75 - [STDERR_REDIRECT] [Fatal Error] :1:1: Premature end of file.
2026-05-09 11:06:50,830 [ERROR] LogOutputStream:75 - [STDERR_REDIRECT] 
2026-05-09 11:06:51,835 [ERROR] LogOutputStream:75 - [STDERR_REDIRECT] [Fatal Error] :1:1: Premature end of file.
2026-05-09 11:06:51,836 [ERROR] LogOutputStream:75 - [STDERR_REDIRECT] 
2026-05-09 11:06:52,826 [ERROR] LogOutputStream:75 - [STDERR_REDIRECT] [Fatal Error] :1:1: Premature end of file.
2026-05-09 11:06:52,826 [ERROR] LogOutputStream:75 - [STDERR_REDIRECT] 
2026-05-09 11:06:53,823 [ERROR] LogOutputStream:75 - [STDERR_REDIRECT] [Fatal Error] :1:1: Premature end of file.
2026-05-09 11:06:53,824 [ERROR] LogOutputStream:75 - [STDERR_REDIRECT] 
2026-05-09 11:06:54,826 [ERROR] LogOutputStream:75 - [STDERR_REDIRECT] [Fatal Error] :1:1: Premature end of file.
2026-05-09 11:06:54,826 [ERROR] LogOutputStream:75 - [STDERR_REDIRECT] 
2026-05-09 11:06:55,839 [ERROR] LogOutputStream:75 - [STDERR_REDIRECT] [Fatal Error] :1:1: Premature end of file.
2026-05-09 11:06:55,840 [ERROR] LogOutputStream:75 - [STDERR_REDIRECT] 
2026-05-09 11:06:56,825 [ERROR] LogOutputStream:75 - [STDERR_REDIRECT] [Fatal Error] :1:1: Premature end of file.
2026-05-09 11:06:56,825 [ERROR] LogOutputStream:75 - [STDERR_REDIRECT] 
2026-05-09 11:06:57,814 [ERROR] LogOutputStream:75 - [STDERR_REDIRECT] [Fatal Error] :1:1: Premature end of file.
2026-05-09 11:06:57,814 [ERROR] LogOutputStream:75 - [STDERR_REDIRECT] 
2026-05-09 11:06:58,824 [ERROR] LogOutputStream:75 - [STDERR_REDIRECT] [Fatal Error] :1:1: Premature end of file.
2026-05-09 11:06:58,824 [ERROR] LogOutputStream:75 - [STDERR_REDIRECT] 
2026-05-09 11:06:59,824 [ERROR] LogOutputStream:75 - [STDERR_REDIRECT] [Fatal Error] :1:1: Premature end of file.
2026-05-09 11:06:59,824 [ERROR] LogOutputStream:75 - [STDERR_REDIRECT] 
2026-05-09 11:07:00,853 [ERROR] LogOutputStream:75 - [STDERR_REDIRECT] [Fatal Error] :1:1: Premature end of file.
2026-05-09 11:07:00,853 [ERROR] LogOutputStream:75 - [STDERR_REDIRECT] 
2026-05-09 11:07:01,847 [ERROR] LogOutputStream:75 - [STDERR_REDIRECT] [Fatal Error] :1:1: Premature end of file.
2026-05-09 11:07:01,848 [ERROR] LogOutputStream:75 - [STDERR_REDIRECT] 
2026-05-09 11:07:02,839 [ERROR] LogOutputStream:75 - [STDERR_REDIRECT] [Fatal Error] :1:1: Premature end of file.
2026-05-09 11:07:02,839 [ERROR] LogOutputStream:75 - [STDERR_REDIRECT] 
2026-05-09 11:07:03,834 [ERROR] LogOutputStream:75 - [STDERR_REDIRECT] [Fatal Error] :1:1: Premature end of file.
2026-05-09 11:07:03,835 [ERROR] LogOutputStream:75 - [STDERR_REDIRECT] 
2026-05-09 11:07:04,811 [ERROR] LogOutputStream:75 - [STDERR_REDIRECT] [Fatal Error] :1:1: Premature end of file.
2026-05-09 11:07:04,812 [ERROR] LogOutputStream:75 - [STDERR_REDIRECT] 
2026-05-09 11:07:05,836 [ERROR] LogOutputStream:75 - [STDERR_REDIRECT] [Fatal Error] :1:1: Premature end of file.
2026-05-09 11:07:05,836 [ERROR] LogOutputStream:75 - [STDERR_REDIRECT] 
2026-05-09 11:07:06,836 [ERROR] LogOutputStream:75 - [STDERR_REDIRECT] [Fatal Error] :1:1: Premature end of file.
2026-05-09 11:07:06,837 [ERROR] LogOutputStream:75 - [STDERR_REDIRECT] 
2026-05-09 11:07:07,840 [ERROR] LogOutputStream:75 - [STDERR_REDIRECT] [Fatal Error] :1:1: Premature end of file.
2026-05-09 11:07:07,840 [ERROR] LogOutputStream:75 - [STDERR_REDIRECT] 
2026-05-09 11:07:08,846 [ERROR] LogOutputStream:75 - [STDERR_REDIRECT] [Fatal Error] :1:1: Premature end of file.
2026-05-09 11:07:08,846 [ERROR] LogOutputStream:75 - [STDERR_REDIRECT] 
2026-05-09 11:07:09,835 [ERROR] LogOutputStream:75 - [STDERR_REDIRECT] [Fatal Error] :1:1: Premature end of file.
2026-05-09 11:07:09,835 [ERROR] LogOutputStream:75 - [STDERR_REDIRECT] 
2026-05-09 11:07:10,813 [ERROR] LogOutputStream:75 - [STDERR_REDIRECT] [Fatal Error] :1:1: Premature end of file.
2026-05-09 11:07:10,813 [ERROR] LogOutputStream:75 - [STDERR_REDIRECT] 
2026-05-09 11:07:11,809 [ERROR] LogOutputStream:75 - [STDERR_REDIRECT] [Fatal Error] :1:1: Premature end of file.
2026-05-09 11:07:11,810 [ERROR] LogOutputStream:75 - [STDERR_REDIRECT] 
2026-05-09 11:07:12,798 [ERROR] LogOutputStream:75 - [STDERR_REDIRECT] [Fatal Error] :1:1: Premature end of file.
2026-05-09 11:07:12,798 [ERROR] LogOutputStream:75 - [STDERR_REDIRECT] 
2026-05-09 11:07:13,823 [ERROR] LogOutputStream:75 - [STDERR_REDIRECT] [Fatal Error] :1:1: Premature end of file.
2026-05-09 11:07:13,823 [ERROR] LogOutputStream:75 - [STDERR_REDIRECT] 
2026-05-09 11:07:14,822 [ERROR] LogOutputStream:75 - [STDERR_REDIRECT] [Fatal Error] :1:1: Premature end of file.
2026-05-09 11:07:14,822 [ERROR] LogOutputStream:75 - [STDERR_REDIRECT] 
2026-05-09 11:07:15,827 [ERROR] LogOutputStream:75 - [STDERR_REDIRECT] [Fatal Error] :1:1: Premature end of file.
2026-05-09 11:07:15,827 [ERROR] LogOutputStream:75 - [STDERR_REDIRECT] 
2026-05-09 11:07:16,820 [ERROR] LogOutputStream:75 - [STDERR_REDIRECT] [Fatal Error] :1:1: Premature end of file.
2026-05-09 11:07:16,821 [ERROR] LogOutputStream:75 - [STDERR_REDIRECT] 
2026-05-09 11:07:17,826 [ERROR] LogOutputStream:75 - [STDERR_REDIRECT] [Fatal Error] :1:1: Premature end of file.
2026-05-09 11:07:17,826 [ERROR] LogOutputStream:75 - [STDERR_REDIRECT] 
2026-05-09 11:07:18,833 [ERROR] LogOutputStream:75 - [STDERR_REDIRECT] [Fatal Error] :1:1: Premature end of file.
2026-05-09 11:07:18,834 [ERROR] LogOutputStream:75 - [STDERR_REDIRECT] 
2026-05-09 11:07:19,814 [ERROR] LogOutputStream:75 - [STDERR_REDIRECT] [Fatal Error] :1:1: Premature end of file.
2026-05-09 11:07:19,814 [ERROR] LogOutputStream:75 - [STDERR_REDIRECT] 
2026-05-09 11:07:20,797 [ERROR] LogOutputStream:75 - [STDERR_REDIRECT] [Fatal Error] :1:1: Premature end of file.
2026-05-09 11:07:20,797 [ERROR] LogOutputStream:75 - [STDERR_REDIRECT] 
2026-05-09 11:07:21,867 [ERROR] LogOutputStream:75 - [STDERR_REDIRECT] [Fatal Error] :1:1: Premature end of file.
2026-05-09 11:07:21,867 [ERROR] LogOutputStream:75 - [STDERR_REDIRECT] 
2026-05-09 11:07:22,827 [ERROR] LogOutputStream:75 - [STDERR_REDIRECT] [Fatal Error] :1:1: Premature end of file.
2026-05-09 11:07:22,827 [ERROR] LogOutputStream:75 - [STDERR_REDIRECT] 
2026-05-09 11:07:23,828 [ERROR] LogOutputStream:75 - [STDERR_REDIRECT] [Fatal Error] :1:1: Premature end of file.
2026-05-09 11:07:23,828 [ERROR] LogOutputStream:75 - [STDERR_REDIRECT] 
2026-05-09 11:07:24,823 [ERROR] LogOutputStream:75 - [STDERR_REDIRECT] [Fatal Error] :1:1: Premature end of file.
2026-05-09 11:07:24,823 [ERROR] LogOutputStream:75 - [STDERR_REDIRECT] 
2026-05-09 11:07:25,840 [ERROR] LogOutputStream:75 - [STDERR_REDIRECT] [Fatal Error] :1:1: Premature end of file.
2026-05-09 11:07:25,840 [ERROR] LogOutputStream:75 - [STDERR_REDIRECT] 
2026-05-09 11:07:26,825 [ERROR] LogOutputStream:75 - [STDERR_REDIRECT] [Fatal Error] :1:1: Premature end of file.
2026-05-09 11:07:26,825 [ERROR] LogOutputStream:75 - [STDERR_REDIRECT] 
2026-05-09 11:07:27,799 [ERROR] LogOutputStream:75 - [STDERR_REDIRECT] [Fatal Error] :1:1: Premature end of file.
2026-05-09 11:07:27,799 [ERROR] LogOutputStream:75 - [STDERR_REDIRECT] 
2026-05-09 11:07:28,825 [ERROR] LogOutputStream:75 - [STDERR_REDIRECT] [Fatal Error] :1:1: Premature end of file.
2026-05-09 11:07:28,825 [ERROR] LogOutputStream:75 - [STDERR_REDIRECT] 
2026-05-09 11:07:29,828 [ERROR] LogOutputStream:75 - [STDERR_REDIRECT] [Fatal Error] :1:1: Premature end of file.
2026-05-09 11:07:29,828 [ERROR] LogOutputStream:75 - [STDERR_REDIRECT] 
2026-05-09 11:07:30,828 [ERROR] LogOutputStream:75 - [STDERR_REDIRECT] [Fatal Error] :1:1: Premature end of file.
2026-05-09 11:07:30,828 [ERROR] LogOutputStream:75 - [STDERR_REDIRECT] 
2026-05-09 11:07:31,820 [ERROR] LogOutputStream:75 - [STDERR_REDIRECT] [Fatal Error] :1:1: Premature end of file.
2026-05-09 11:07:31,821 [ERROR] LogOutputStream:75 - [STDERR_REDIRECT] 
2026-05-09 11:07:32,817 [ERROR] LogOutputStream:75 - [STDERR_REDIRECT] [Fatal Error] :1:1: Premature end of file.
2026-05-09 11:07:32,817 [ERROR] LogOutputStream:75 - [STDERR_REDIRECT] 
2026-05-09 11:07:33,817 [ERROR] LogOutputStream:75 - [STDERR_REDIRECT] [Fatal Error] :1:1: Premature end of file.
2026-05-09 11:07:33,817 [ERROR] LogOutputStream:75 - [STDERR_REDIRECT] 
2026-05-09 11:07:34,813 [ERROR] LogOutputStream:75 - [STDERR_REDIRECT] [Fatal Error] :1:1: Premature end of file.
2026-05-09 11:07:34,813 [ERROR] LogOutputStream:75 - [STDERR_REDIRECT] 
2026-05-09 11:07:35,818 [ERROR] LogOutputStream:75 - [STDERR_REDIRECT] [Fatal Error] :1:1: Premature end of file.
2026-05-09 11:07:35,818 [ERROR] LogOutputStream:75 - [STDERR_REDIRECT] 
2026-05-09 11:07:36,824 [ERROR] LogOutputStream:75 - [STDERR_REDIRECT] [Fatal Error] :1:1: Premature end of file.
2026-05-09 11:07:36,824 [ERROR] LogOutputStream:75 - [STDERR_REDIRECT] 
2026-05-09 11:07:37,820 [ERROR] LogOutputStream:75 - [STDERR_REDIRECT] [Fatal Error] :1:1: Premature end of file.
2026-05-09 11:07:37,820 [ERROR] LogOutputStream:75 - [STDERR_REDIRECT] 
2026-05-09 11:07:38,820 [ERROR] LogOutputStream:75 - [STDERR_REDIRECT] [Fatal Error] :1:1: Premature end of file.
2026-05-09 11:07:38,820 [ERROR] LogOutputStream:75 - [STDERR_REDIRECT] 
2026-05-09 11:07:39,811 [ERROR] LogOutputStream:75 - [STDERR_REDIRECT] [Fatal Error] :1:1: Premature end of file.
2026-05-09 11:07:39,811 [ERROR] LogOutputStream:75 - [STDERR_REDIRECT] 
2026-05-09 11:07:40,831 [ERROR] LogOutputStream:75 - [STDERR_REDIRECT] [Fatal Error] :1:1: Premature end of file.
2026-05-09 11:07:40,831 [ERROR] LogOutputStream:75 - [STDERR_REDIRECT] 
2026-05-09 11:07:41,824 [ERROR] LogOutputStream:75 - [STDERR_REDIRECT] [Fatal Error] :1:1: Premature end of file.
2026-05-09 11:07:41,824 [ERROR] LogOutputStream:75 - [STDERR_REDIRECT] 
2026-05-09 11:07:42,812 [ERROR] LogOutputStream:75 - [STDERR_REDIRECT] [Fatal Error] :1:1: Premature end of file.
2026-05-09 11:07:42,812 [ERROR] LogOutputStream:75 - [STDERR_REDIRECT] 
2026-05-09 11:07:43,816 [ERROR] LogOutputStream:75 - [STDERR_REDIRECT] [Fatal Error] :1:1: Premature end of file.
2026-05-09 11:07:43,816 [ERROR] LogOutputStream:75 - [STDERR_REDIRECT] 
2026-05-09 11:07:44,814 [ERROR] LogOutputStream:75 - [STDERR_REDIRECT] [Fatal Error] :1:1: Premature end of file.
2026-05-09 11:07:44,815 [ERROR] LogOutputStream:75 - [STDERR_REDIRECT] 
2026-05-09 11:07:45,828 [ERROR] LogOutputStream:75 - [STDERR_REDIRECT] [Fatal Error] :1:1: Premature end of file.
2026-05-09 11:07:45,828 [ERROR] LogOutputStream:75 - [STDERR_REDIRECT] 
2026-05-09 11:07:46,821 [ERROR] LogOutputStream:75 - [STDERR_REDIRECT] [Fatal Error] :1:1: Premature end of file.
2026-05-09 11:07:46,821 [ERROR] LogOutputStream:75 - [STDERR_REDIRECT] 
2026-05-09 11:07:47,823 [ERROR] LogOutputStream:75 - [STDERR_REDIRECT] [Fatal Error] :1:1: Premature end of file.
2026-05-09 11:07:47,825 [ERROR] LogOutputStream:75 - [STDERR_REDIRECT] 
2026-05-09 11:07:48,824 [ERROR] LogOutputStream:75 - [STDERR_REDIRECT] [Fatal Error] :1:1: Premature end of file.
2026-05-09 11:07:48,824 [ERROR] LogOutputStream:75 - [STDERR_REDIRECT] 
2026-05-09 11:07:49,820 [ERROR] LogOutputStream:75 - [STDERR_REDIRECT] [Fatal Error] :1:1: Premature end of file.
2026-05-09 11:07:49,820 [ERROR] LogOutputStream:75 - [STDERR_REDIRECT] 
2026-05-09 11:07:50,835 [ERROR] LogOutputStream:75 - [STDERR_REDIRECT] [Fatal Error] :1:1: Premature end of file.
2026-05-09 11:07:50,835 [ERROR] LogOutputStream:75 - [STDERR_REDIRECT] 
2026-05-09 11:07:51,824 [ERROR] LogOutputStream:75 - [STDERR_REDIRECT] [Fatal Error] :1:1: Premature end of file.
2026-05-09 11:07:51,824 [ERROR] LogOutputStream:75 - [STDERR_REDIRECT] 
2026-05-09 11:07:52,823 [ERROR] LogOutputStream:75 - [STDERR_REDIRECT] [Fatal Error] :1:1: Premature end of file.
2026-05-09 11:07:52,823 [ERROR] LogOutputStream:75 - [STDERR_REDIRECT] 
2026-05-09 11:07:53,824 [ERROR] LogOutputStream:75 - [STDERR_REDIRECT] [Fatal Error] :1:1: Premature end of file.
2026-05-09 11:07:53,824 [ERROR] LogOutputStream:75 - [STDERR_REDIRECT] 
2026-05-09 11:07:54,830 [ERROR] LogOutputStream:75 - [STDERR_REDIRECT] [Fatal Error] :1:1: Premature end of file.
2026-05-09 11:07:54,830 [ERROR] LogOutputStream:75 - [STDERR_REDIRECT] 
2026-05-09 11:07:55,829 [ERROR] LogOutputStream:75 - [STDERR_REDIRECT] [Fatal Error] :1:1: Premature end of file.
2026-05-09 11:07:55,830 [ERROR] LogOutputStream:75 - [STDERR_REDIRECT] 
2026-05-09 11:07:56,826 [ERROR] LogOutputStream:75 - [STDERR_REDIRECT] [Fatal Error] :1:1: Premature end of file.
2026-05-09 11:07:56,826 [ERROR] LogOutputStream:75 - [STDERR_REDIRECT] 
2026-05-09 11:07:57,825 [ERROR] LogOutputStream:75 - [STDERR_REDIRECT] [Fatal Error] :1:1: Premature end of file.
2026-05-09 11:07:57,825 [ERROR] LogOutputStream:75 - [STDERR_REDIRECT] 
2026-05-09 11:07:58,822 [ERROR] LogOutputStream:75 - [STDERR_REDIRECT] [Fatal Error] :1:1: Premature end of file.
2026-05-09 11:07:58,822 [ERROR] LogOutputStream:75 - [STDERR_REDIRECT] 
2026-05-09 11:07:59,820 [ERROR] LogOutputStream:75 - [STDERR_REDIRECT] [Fatal Error] :1:1: Premature end of file.
2026-05-09 11:07:59,820 [ERROR] LogOutputStream:75 - [STDERR_REDIRECT] 
2026-05-09 11:08:00,819 [ERROR] LogOutputStream:75 - [STDERR_REDIRECT] [Fatal Error] :1:1: Premature end of file.
2026-05-09 11:08:00,819 [ERROR] LogOutputStream:75 - [STDERR_REDIRECT] 
2026-05-09 11:08:01,822 [ERROR] LogOutputStream:75 - [STDERR_REDIRECT] [Fatal Error] :1:1: Premature end of file.
2026-05-09 11:08:01,822 [ERROR] LogOutputStream:75 - [STDERR_REDIRECT] 
2026-05-09 11:08:02,821 [ERROR] LogOutputStream:75 - [STDERR_REDIRECT] [Fatal Error] :1:1: Premature end of file.
2026-05-09 11:08:02,821 [ERROR] LogOutputStream:75 - [STDERR_REDIRECT] 
2026-05-09 11:08:03,814 [ERROR] LogOutputStream:75 - [STDERR_REDIRECT] [Fatal Error] :1:1: Premature end of file.
2026-05-09 11:08:03,814 [ERROR] LogOutputStream:75 - [STDERR_REDIRECT] 
2026-05-09 11:08:04,828 [ERROR] LogOutputStream:75 - [STDERR_REDIRECT] [Fatal Error] :1:1: Premature end of file.
2026-05-09 11:08:04,828 [ERROR] LogOutputStream:75 - [STDERR_REDIRECT] 
2026-05-09 11:08:05,828 [ERROR] LogOutputStream:75 - [STDERR_REDIRECT] [Fatal Error] :1:1: Premature end of file.
2026-05-09 11:08:05,830 [ERROR] LogOutputStream:75 - [STDERR_REDIRECT] 
2026-05-09 11:08:06,822 [ERROR] LogOutputStream:75 - [STDERR_REDIRECT] [Fatal Error] :1:1: Premature end of file.
2026-05-09 11:08:06,822 [ERROR] LogOutputStream:75 - [STDERR_REDIRECT] 
2026-05-09 11:08:07,817 [ERROR] LogOutputStream:75 - [STDERR_REDIRECT] [Fatal Error] :1:1: Premature end of file.
2026-05-09 11:08:07,817 [ERROR] LogOutputStream:75 - [STDERR_REDIRECT] 
2026-05-09 11:08:08,813 [ERROR] LogOutputStream:75 - [STDERR_REDIRECT] [Fatal Error] :1:1: Premature end of file.
2026-05-09 11:08:08,813 [ERROR] LogOutputStream:75 - [STDERR_REDIRECT] 
2026-05-09 11:08:09,814 [ERROR] LogOutputStream:75 - [STDERR_REDIRECT] [Fatal Error] :1:1: Premature end of file.
2026-05-09 11:08:09,814 [ERROR] LogOutputStream:75 - [STDERR_REDIRECT] 
2026-05-09 11:08:10,816 [ERROR] LogOutputStream:75 - [STDERR_REDIRECT] [Fatal Error] :1:1: Premature end of file.
2026-05-09 11:08:10,816 [ERROR] LogOutputStream:75 - [STDERR_REDIRECT] 
2026-05-09 11:08:11,824 [ERROR] LogOutputStream:75 - [STDERR_REDIRECT] [Fatal Error] :1:1: Premature end of file.
2026-05-09 11:08:11,824 [ERROR] LogOutputStream:75 - [STDERR_REDIRECT] 
2026-05-09 11:08:12,818 [ERROR] LogOutputStream:75 - [STDERR_REDIRECT] [Fatal Error] :1:1: Premature end of file.
2026-05-09 11:08:12,818 [ERROR] LogOutputStream:75 - [STDERR_REDIRECT] 
2026-05-09 11:08:13,818 [ERROR] LogOutputStream:75 - [STDERR_REDIRECT] [Fatal Error] :1:1: Premature end of file.
2026-05-09 11:08:13,818 [ERROR] LogOutputStream:75 - [STDERR_REDIRECT] 
2026-05-09 11:08:14,822 [ERROR] LogOutputStream:75 - [STDERR_REDIRECT] [Fatal Error] :1:1: Premature end of file.
2026-05-09 11:08:14,822 [ERROR] LogOutputStream:75 - [STDERR_REDIRECT] 
2026-05-09 11:08:15,833 [ERROR] LogOutputStream:75 - [STDERR_REDIRECT] [Fatal Error] :1:1: Premature end of file.
2026-05-09 11:08:15,833 [ERROR] LogOutputStream:75 - [STDERR_REDIRECT] 
2026-05-09 11:08:16,813 [ERROR] LogOutputStream:75 - [STDERR_REDIRECT] [Fatal Error] :1:1: Premature end of file.
2026-05-09 11:08:16,813 [ERROR] LogOutputStream:75 - [STDERR_REDIRECT] 
2026-05-09 11:08:17,824 [ERROR] LogOutputStream:75 - [STDERR_REDIRECT] [Fatal Error] :1:1: Premature end of file.
2026-05-09 11:08:17,824 [ERROR] LogOutputStream:75 - [STDERR_REDIRECT] 
2026-05-09 11:08:18,820 [ERROR] LogOutputStream:75 - [STDERR_REDIRECT] [Fatal Error] :1:1: Premature end of file.
2026-05-09 11:08:18,820 [ERROR] LogOutputStream:75 - [STDERR_REDIRECT] 
2026-05-09 11:08:19,810 [ERROR] LogOutputStream:75 - [STDERR_REDIRECT] [Fatal Error] :1:1: Premature end of file.
2026-05-09 11:08:19,810 [ERROR] LogOutputStream:75 - [STDERR_REDIRECT] 
2026-05-09 11:08:20,815 [ERROR] LogOutputStream:75 - [STDERR_REDIRECT] [Fatal Error] :1:1: Premature end of file.
2026-05-09 11:08:20,815 [ERROR] LogOutputStream:75 - [STDERR_REDIRECT] 
2026-05-09 11:08:21,847 [ERROR] LogOutputStream:75 - [STDERR_REDIRECT] [Fatal Error] :1:1: Premature end of file.
2026-05-09 11:08:21,847 [ERROR] LogOutputStream:75 - [STDERR_REDIRECT] 
2026-05-09 11:08:22,824 [ERROR] LogOutputStream:75 - [STDERR_REDIRECT] [Fatal Error] :1:1: Premature end of file.
2026-05-09 11:08:22,824 [ERROR] LogOutputStream:75 - [STDERR_REDIRECT] 
2026-05-09 11:08:23,822 [ERROR] LogOutputStream:75 - [STDERR_REDIRECT] [Fatal Error] :1:1: Premature end of file.
2026-05-09 11:08:23,822 [ERROR] LogOutputStream:75 - [STDERR_REDIRECT] 
2026-05-09 11:08:24,833 [ERROR] LogOutputStream:75 - [STDERR_REDIRECT] [Fatal Error] :1:1: Premature end of file.
2026-05-09 11:08:24,833 [ERROR] LogOutputStream:75 - [STDERR_REDIRECT] 
2026-05-09 11:08:25,837 [ERROR] LogOutputStream:75 - [STDERR_REDIRECT] [Fatal Error] :1:1: Premature end of file.
2026-05-09 11:08:25,837 [ERROR] LogOutputStream:75 - [STDERR_REDIRECT] 
2026-05-09 11:08:26,838 [ERROR] LogOutputStream:75 - [STDERR_REDIRECT] [Fatal Error] :1:1: Premature end of file.
2026-05-09 11:08:26,839 [ERROR] LogOutputStream:75 - [STDERR_REDIRECT] 
2026-05-09 11:08:27,833 [ERROR] LogOutputStream:75 - [STDERR_REDIRECT] [Fatal Error] :1:1: Premature end of file.
2026-05-09 11:08:27,834 [ERROR] LogOutputStream:75 - [STDERR_REDIRECT] 
2026-05-09 11:08:28,827 [ERROR] LogOutputStream:75 - [STDERR_REDIRECT] [Fatal Error] :1:1: Premature end of file.
2026-05-09 11:08:28,827 [ERROR] LogOutputStream:75 - [STDERR_REDIRECT] 
2026-05-09 11:08:29,825 [ERROR] LogOutputStream:75 - [STDERR_REDIRECT] [Fatal Error] :1:1: Premature end of file.
2026-05-09 11:08:29,825 [ERROR] LogOutputStream:75 - [STDERR_REDIRECT] 
2026-05-09 11:08:30,838 [ERROR] LogOutputStream:75 - [STDERR_REDIRECT] [Fatal Error] :1:1: Premature end of file.
2026-05-09 11:08:30,838 [ERROR] LogOutputStream:75 - [STDERR_REDIRECT] 
2026-05-09 11:08:31,823 [ERROR] LogOutputStream:75 - [STDERR_REDIRECT] [Fatal Error] :1:1: Premature end of file.
2026-05-09 11:08:31,823 [ERROR] LogOutputStream:75 - [STDERR_REDIRECT] 
2026-05-09 11:08:32,832 [ERROR] LogOutputStream:75 - [STDERR_REDIRECT] [Fatal Error] :1:1: Premature end of file.
2026-05-09 11:08:32,832 [ERROR] LogOutputStream:75 - [STDERR_REDIRECT] 
2026-05-09 11:08:33,794 [ERROR] LogOutputStream:75 - [STDERR_REDIRECT] [Fatal Error] :1:1: Premature end of file.
2026-05-09 11:08:33,794 [ERROR] LogOutputStream:75 - [STDERR_REDIRECT] 
2026-05-09 11:08:34,822 [ERROR] LogOutputStream:75 - [STDERR_REDIRECT] [Fatal Error] :1:1: Premature end of file.
2026-05-09 11:08:34,822 [ERROR] LogOutputStream:75 - [STDERR_REDIRECT] 
2026-05-09 11:08:35,830 [ERROR] LogOutputStream:75 - [STDERR_REDIRECT] [Fatal Error] :1:1: Premature end of file.
2026-05-09 11:08:35,830 [ERROR] LogOutputStream:75 - [STDERR_REDIRECT] 
2026-05-09 11:08:36,817 [ERROR] LogOutputStream:75 - [STDERR_REDIRECT] [Fatal Error] :1:1: Premature end of file.
2026-05-09 11:08:36,817 [ERROR] LogOutputStream:75 - [STDERR_REDIRECT] 
2026-05-09 11:08:37,816 [ERROR] LogOutputStream:75 - [STDERR_REDIRECT] [Fatal Error] :1:1: Premature end of file.
2026-05-09 11:08:37,816 [ERROR] LogOutputStream:75 - [STDERR_REDIRECT] 
2026-05-09 11:08:38,821 [ERROR] LogOutputStream:75 - [STDERR_REDIRECT] [Fatal Error] :1:1: Premature end of file.
2026-05-09 11:08:38,821 [ERROR] LogOutputStream:75 - [STDERR_REDIRECT] 
2026-05-09 11:08:39,814 [ERROR] LogOutputStream:75 - [STDERR_REDIRECT] [Fatal Error] :1:1: Premature end of file.
2026-05-09 11:08:39,814 [ERROR] LogOutputStream:75 - [STDERR_REDIRECT] 
2026-05-09 11:08:40,815 [ERROR] LogOutputStream:75 - [STDERR_REDIRECT] [Fatal Error] :1:1: Premature end of file.
2026-05-09 11:08:40,815 [ERROR] LogOutputStream:75 - [STDERR_REDIRECT] 
2026-05-09 11:08:41,829 [ERROR] LogOutputStream:75 - [STDERR_REDIRECT] [Fatal Error] :1:1: Premature end of file.
2026-05-09 11:08:41,829 [ERROR] LogOutputStream:75 - [STDERR_REDIRECT] 
2026-05-09 11:08:42,819 [ERROR] LogOutputStream:75 - [STDERR_REDIRECT] [Fatal Error] :1:1: Premature end of file.
2026-05-09 11:08:42,819 [ERROR] LogOutputStream:75 - [STDERR_REDIRECT] 
2026-05-09 11:08:43,813 [ERROR] LogOutputStream:75 - [STDERR_REDIRECT] [Fatal Error] :1:1: Premature end of file.
2026-05-09 11:08:43,813 [ERROR] LogOutputStream:75 - [STDERR_REDIRECT] 
2026-05-09 11:08:44,822 [ERROR] LogOutputStream:75 - [STDERR_REDIRECT] [Fatal Error] :1:1: Premature end of file.
2026-05-09 11:08:44,822 [ERROR] LogOutputStream:75 - [STDERR_REDIRECT] 
2026-05-09 11:08:45,810 [ERROR] LogOutputStream:75 - [STDERR_REDIRECT] [Fatal Error] :1:1: Premature end of file.
2026-05-09 11:08:45,810 [ERROR] LogOutputStream:75 - [STDERR_REDIRECT] 
2026-05-09 11:08:46,818 [ERROR] LogOutputStream:75 - [STDERR_REDIRECT] [Fatal Error] :1:1: Premature end of file.
2026-05-09 11:08:46,818 [ERROR] LogOutputStream:75 - [STDERR_REDIRECT] 
2026-05-09 11:08:47,833 [ERROR] LogOutputStream:75 - [STDERR_REDIRECT] [Fatal Error] :1:1: Premature end of file.
2026-05-09 11:08:47,834 [ERROR] LogOutputStream:75 - [STDERR_REDIRECT] 
2026-05-09 11:08:48,850 [ERROR] LogOutputStream:75 - [STDERR_REDIRECT] [Fatal Error] :1:1: Premature end of file.
2026-05-09 11:08:48,850 [ERROR] LogOutputStream:75 - [STDERR_REDIRECT] 
2026-05-09 11:08:49,829 [ERROR] LogOutputStream:75 - [STDERR_REDIRECT] [Fatal Error] :1:1: Premature end of file.
2026-05-09 11:08:49,829 [ERROR] LogOutputStream:75 - [STDERR_REDIRECT] 
2026-05-09 11:08:50,814 [ERROR] LogOutputStream:75 - [STDERR_REDIRECT] [Fatal Error] :1:1: Premature end of file.
2026-05-09 11:08:50,814 [ERROR] LogOutputStream:75 - [STDERR_REDIRECT] 
2026-05-09 11:08:51,795 [ERROR] LogOutputStream:75 - [STDERR_REDIRECT] [Fatal Error] :1:1: Premature end of file.
2026-05-09 11:08:51,795 [ERROR] LogOutputStream:75 - [STDERR_REDIRECT] 
2026-05-09 11:08:52,834 [ERROR] LogOutputStream:75 - [STDERR_REDIRECT] [Fatal Error] :1:1: Premature end of file.
2026-05-09 11:08:52,834 [ERROR] LogOutputStream:75 - [STDERR_REDIRECT] 
2026-05-09 11:08:53,830 [ERROR] LogOutputStream:75 - [STDERR_REDIRECT] [Fatal Error] :1:1: Premature end of file.
2026-05-09 11:08:53,831 [ERROR] LogOutputStream:75 - [STDERR_REDIRECT] 
2026-05-09 11:08:54,798 [ERROR] LogOutputStream:75 - [STDERR_REDIRECT] [Fatal Error] :1:1: Premature end of file.
2026-05-09 11:08:54,798 [ERROR] LogOutputStream:75 - [STDERR_REDIRECT] 
2026-05-09 11:08:55,818 [ERROR] LogOutputStream:75 - [STDERR_REDIRECT] [Fatal Error] :1:1: Premature end of file.
2026-05-09 11:08:55,818 [ERROR] LogOutputStream:75 - [STDERR_REDIRECT] 
2026-05-09 11:08:56,801 [ERROR] LogOutputStream:75 - [STDERR_REDIRECT] [Fatal Error] :1:1: Premature end of file.
2026-05-09 11:08:56,801 [ERROR] LogOutputStream:75 - [STDERR_REDIRECT] 
2026-05-09 11:08:57,820 [ERROR] LogOutputStream:75 - [STDERR_REDIRECT] [Fatal Error] :1:1: Premature end of file.
2026-05-09 11:08:57,820 [ERROR] LogOutputStream:75 - [STDERR_REDIRECT] 
2026-05-09 11:08:58,838 [ERROR] LogOutputStream:75 - [STDERR_REDIRECT] [Fatal Error] :1:1: Premature end of file.
2026-05-09 11:08:58,838 [ERROR] LogOutputStream:75 - [STDERR_REDIRECT] 
2026-05-09 11:08:59,831 [ERROR] LogOutputStream:75 - [STDERR_REDIRECT] [Fatal Error] :1:1: Premature end of file.
2026-05-09 11:08:59,831 [ERROR] LogOutputStream:75 - [STDERR_REDIRECT] 
2026-05-09 11:09:00,823 [ERROR] LogOutputStream:75 - [STDERR_REDIRECT] [Fatal Error] :1:1: Premature end of file.
2026-05-09 11:09:00,823 [ERROR] LogOutputStream:75 - [STDERR_REDIRECT] 
2026-05-09 11:09:01,826 [ERROR] LogOutputStream:75 - [STDERR_REDIRECT] [Fatal Error] :1:1: Premature end of file.
2026-05-09 11:09:01,826 [ERROR] LogOutputStream:75 - [STDERR_REDIRECT] 
2026-05-09 11:09:02,824 [ERROR] LogOutputStream:75 - [STDERR_REDIRECT] [Fatal Error] :1:1: Premature end of file.
2026-05-09 11:09:02,824 [ERROR] LogOutputStream:75 - [STDERR_REDIRECT] 
2026-05-09 11:09:03,798 [ERROR] LogOutputStream:75 - [STDERR_REDIRECT] [Fatal Error] :1:1: Premature end of file.
2026-05-09 11:09:03,798 [ERROR] LogOutputStream:75 - [STDERR_REDIRECT] 
2026-05-09 11:09:04,809 [ERROR] LogOutputStream:75 - [STDERR_REDIRECT] [Fatal Error] :1:1: Premature end of file.
2026-05-09 11:09:04,809 [ERROR] LogOutputStream:75 - [STDERR_REDIRECT] 
2026-05-09 11:09:05,808 [ERROR] LogOutputStream:75 - [STDERR_REDIRECT] [Fatal Error] :1:1: Premature end of file.
2026-05-09 11:09:05,808 [ERROR] LogOutputStream:75 - [STDERR_REDIRECT] 
2026-05-09 11:09:06,813 [ERROR] LogOutputStream:75 - [STDERR_REDIRECT] [Fatal Error] :1:1: Premature end of file.
2026-05-09 11:09:06,813 [ERROR] LogOutputStream:75 - [STDERR_REDIRECT] 
2026-05-09 11:09:07,810 [ERROR] LogOutputStream:75 - [STDERR_REDIRECT] [Fatal Error] :1:1: Premature end of file.
2026-05-09 11:09:07,811 [ERROR] LogOutputStream:75 - [STDERR_REDIRECT] 
2026-05-09 11:09:08,807 [ERROR] LogOutputStream:75 - [STDERR_REDIRECT] [Fatal Error] :1:1: Premature end of file.
2026-05-09 11:09:08,807 [ERROR] LogOutputStream:75 - [STDERR_REDIRECT] 
2026-05-09 11:09:09,814 [ERROR] LogOutputStream:75 - [STDERR_REDIRECT] [Fatal Error] :1:1: Premature end of file.
2026-05-09 11:09:09,814 [ERROR] LogOutputStream:75 - [STDERR_REDIRECT] 
2026-05-09 11:09:10,817 [ERROR] LogOutputStream:75 - [STDERR_REDIRECT] [Fatal Error] :1:1: Premature end of file.
2026-05-09 11:09:10,817 [ERROR] LogOutputStream:75 - [STDERR_REDIRECT] 
2026-05-09 11:09:11,826 [ERROR] LogOutputStream:75 - [STDERR_REDIRECT] [Fatal Error] :1:1: Premature end of file.
2026-05-09 11:09:11,826 [ERROR] LogOutputStream:75 - [STDERR_REDIRECT] 
2026-05-09 11:09:12,817 [ERROR] LogOutputStream:75 - [STDERR_REDIRECT] [Fatal Error] :1:1: Premature end of file.
2026-05-09 11:09:12,818 [ERROR] LogOutputStream:75 - [STDERR_REDIRECT] 
2026-05-09 11:09:13,863 [ERROR] LogOutputStream:75 - [STDERR_REDIRECT] [Fatal Error] :1:1: Premature end of file.
2026-05-09 11:09:13,864 [ERROR] LogOutputStream:75 - [STDERR_REDIRECT] 
2026-05-09 11:09:14,816 [ERROR] LogOutputStream:75 - [STDERR_REDIRECT] [Fatal Error] :1:1: Premature end of file.
2026-05-09 11:09:14,816 [ERROR] LogOutputStream:75 - [STDERR_REDIRECT] 
2026-05-09 11:09:15,838 [ERROR] LogOutputStream:75 - [STDERR_REDIRECT] [Fatal Error] :1:1: Premature end of file.
2026-05-09 11:09:15,838 [ERROR] LogOutputStream:75 - [STDERR_REDIRECT] 
2026-05-09 11:09:16,818 [ERROR] LogOutputStream:75 - [STDERR_REDIRECT] [Fatal Error] :1:1: Premature end of file.
2026-05-09 11:09:16,818 [ERROR] LogOutputStream:75 - [STDERR_REDIRECT] 
2026-05-09 11:09:17,833 [ERROR] LogOutputStream:75 - [STDERR_REDIRECT] [Fatal Error] :1:1: Premature end of file.
2026-05-09 11:09:17,833 [ERROR] LogOutputStream:75 - [STDERR_REDIRECT] 
2026-05-09 11:09:18,816 [ERROR] LogOutputStream:75 - [STDERR_REDIRECT] [Fatal Error] :1:1: Premature end of file.
2026-05-09 11:09:18,816 [ERROR] LogOutputStream:75 - [STDERR_REDIRECT] 
2026-05-09 11:09:19,820 [ERROR] LogOutputStream:75 - [STDERR_REDIRECT] [Fatal Error] :1:1: Premature end of file.
2026-05-09 11:09:19,820 [ERROR] LogOutputStream:75 - [STDERR_REDIRECT] 
2026-05-09 11:09:20,828 [ERROR] LogOutputStream:75 - [STDERR_REDIRECT] [Fatal Error] :1:1: Premature end of file.
2026-05-09 11:09:20,829 [ERROR] LogOutputStream:75 - [STDERR_REDIRECT] 
2026-05-09 11:09:21,829 [ERROR] LogOutputStream:75 - [STDERR_REDIRECT] [Fatal Error] :1:1: Premature end of file.
2026-05-09 11:09:21,829 [ERROR] LogOutputStream:75 - [STDERR_REDIRECT] 
2026-05-09 11:09:22,822 [ERROR] LogOutputStream:75 - [STDERR_REDIRECT] [Fatal Error] :1:1: Premature end of file.
2026-05-09 11:09:22,822 [ERROR] LogOutputStream:75 - [STDERR_REDIRECT] 
2026-05-09 11:09:23,833 [ERROR] LogOutputStream:75 - [STDERR_REDIRECT] [Fatal Error] :1:1: Premature end of file.
2026-05-09 11:09:23,833 [ERROR] LogOutputStream:75 - [STDERR_REDIRECT] 
2026-05-09 11:09:24,826 [ERROR] LogOutputStream:75 - [STDERR_REDIRECT] [Fatal Error] :1:1: Premature end of file.
2026-05-09 11:09:24,826 [ERROR] LogOutputStream:75 - [STDERR_REDIRECT] 
2026-05-09 11:09:25,828 [ERROR] LogOutputStream:75 - [STDERR_REDIRECT] [Fatal Error] :1:1: Premature end of file.
2026-05-09 11:09:25,828 [ERROR] LogOutputStream:75 - [STDERR_REDIRECT] 
2026-05-09 11:09:26,828 [ERROR] LogOutputStream:75 - [STDERR_REDIRECT] [Fatal Error] :1:1: Premature end of file.
2026-05-09 11:09:26,828 [ERROR] LogOutputStream:75 - [STDERR_REDIRECT] 
2026-05-09 11:09:27,831 [ERROR] LogOutputStream:75 - [STDERR_REDIRECT] [Fatal Error] :1:1: Premature end of file.
2026-05-09 11:09:27,831 [ERROR] LogOutputStream:75 - [STDERR_REDIRECT] 
2026-05-09 11:09:28,822 [ERROR] LogOutputStream:75 - [STDERR_REDIRECT] [Fatal Error] :1:1: Premature end of file.
2026-05-09 11:09:28,822 [ERROR] LogOutputStream:75 - [STDERR_REDIRECT] 
2026-05-09 11:09:29,823 [ERROR] LogOutputStream:75 - [STDERR_REDIRECT] [Fatal Error] :1:1: Premature end of file.
2026-05-09 11:09:29,823 [ERROR] LogOutputStream:75 - [STDERR_REDIRECT] 
2026-05-09 11:09:30,813 [ERROR] LogOutputStream:75 - [STDERR_REDIRECT] [Fatal Error] :1:1: Premature end of file.
2026-05-09 11:09:30,814 [ERROR] LogOutputStream:75 - [STDERR_REDIRECT] 
2026-05-09 11:09:31,825 [ERROR] LogOutputStream:75 - [STDERR_REDIRECT] [Fatal Error] :1:1: Premature end of file.
2026-05-09 11:09:31,825 [ERROR] LogOutputStream:75 - [STDERR_REDIRECT] 
2026-05-09 11:09:32,801 [ERROR] LogOutputStream:75 - [STDERR_REDIRECT] [Fatal Error] :1:1: Premature end of file.
2026-05-09 11:09:32,802 [ERROR] LogOutputStream:75 - [STDERR_REDIRECT] 
2026-05-09 11:09:33,824 [ERROR] LogOutputStream:75 - [STDERR_REDIRECT] [Fatal Error] :1:1: Premature end of file.
2026-05-09 11:09:33,824 [ERROR] LogOutputStream:75 - [STDERR_REDIRECT] 
2026-05-09 11:09:34,821 [ERROR] LogOutputStream:75 - [STDERR_REDIRECT] [Fatal Error] :1:1: Premature end of file.
2026-05-09 11:09:34,821 [ERROR] LogOutputStream:75 - [STDERR_REDIRECT] 
2026-05-09 11:09:35,828 [ERROR] LogOutputStream:75 - [STDERR_REDIRECT] [Fatal Error] :1:1: Premature end of file.
2026-05-09 11:09:35,828 [ERROR] LogOutputStream:75 - [STDERR_REDIRECT] 
2026-05-09 11:09:36,820 [ERROR] LogOutputStream:75 - [STDERR_REDIRECT] [Fatal Error] :1:1: Premature end of file.
2026-05-09 11:09:36,821 [ERROR] LogOutputStream:75 - [STDERR_REDIRECT] 
2026-05-09 11:09:37,820 [ERROR] LogOutputStream:75 - [STDERR_REDIRECT] [Fatal Error] :1:1: Premature end of file.
2026-05-09 11:09:37,821 [ERROR] LogOutputStream:75 - [STDERR_REDIRECT] 
2026-05-09 11:09:38,821 [ERROR] LogOutputStream:75 - [STDERR_REDIRECT] [Fatal Error] :1:1: Premature end of file.
2026-05-09 11:09:38,821 [ERROR] LogOutputStream:75 - [STDERR_REDIRECT] 
2026-05-09 11:09:39,822 [ERROR] LogOutputStream:75 - [STDERR_REDIRECT] [Fatal Error] :1:1: Premature end of file.
2026-05-09 11:09:39,822 [ERROR] LogOutputStream:75 - [STDERR_REDIRECT] 
2026-05-09 11:09:40,826 [ERROR] LogOutputStream:75 - [STDERR_REDIRECT] [Fatal Error] :1:1: Premature end of file.
2026-05-09 11:09:40,826 [ERROR] LogOutputStream:75 - [STDERR_REDIRECT] 
2026-05-09 11:09:41,820 [ERROR] LogOutputStream:75 - [STDERR_REDIRECT] [Fatal Error] :1:1: Premature end of file.
2026-05-09 11:09:41,820 [ERROR] LogOutputStream:75 - [STDERR_REDIRECT] 
2026-05-09 11:09:42,823 [ERROR] LogOutputStream:75 - [STDERR_REDIRECT] [Fatal Error] :1:1: Premature end of file.
2026-05-09 11:09:42,823 [ERROR] LogOutputStream:75 - [STDERR_REDIRECT] 
2026-05-09 11:09:43,829 [ERROR] LogOutputStream:75 - [STDERR_REDIRECT] [Fatal Error] :1:1: Premature end of file.
2026-05-09 11:09:43,829 [ERROR] LogOutputStream:75 - [STDERR_REDIRECT] 
2026-05-09 11:09:44,815 [ERROR] LogOutputStream:75 - [STDERR_REDIRECT] [Fatal Error] :1:1: Premature end of file.
2026-05-09 11:09:44,816 [ERROR] LogOutputStream:75 - [STDERR_REDIRECT] 
2026-05-09 11:09:45,834 [ERROR] LogOutputStream:75 - [STDERR_REDIRECT] [Fatal Error] :1:1: Premature end of file.
2026-05-09 11:09:45,834 [ERROR] LogOutputStream:75 - [STDERR_REDIRECT] 
2026-05-09 11:09:46,816 [ERROR] LogOutputStream:75 - [STDERR_REDIRECT] [Fatal Error] :1:1: Premature end of file.
2026-05-09 11:09:46,816 [ERROR] LogOutputStream:75 - [STDERR_REDIRECT] 
2026-05-09 11:09:47,822 [ERROR] LogOutputStream:75 - [STDERR_REDIRECT] [Fatal Error] :1:1: Premature end of file.
2026-05-09 11:09:47,823 [ERROR] LogOutputStream:75 - [STDERR_REDIRECT] 
2026-05-09 11:09:48,826 [ERROR] LogOutputStream:75 - [STDERR_REDIRECT] [Fatal Error] :1:1: Premature end of file.
2026-05-09 11:09:48,826 [ERROR] LogOutputStream:75 - [STDERR_REDIRECT] 
2026-05-09 11:09:49,824 [ERROR] LogOutputStream:75 - [STDERR_REDIRECT] [Fatal Error] :1:1: Premature end of file.
2026-05-09 11:09:49,824 [ERROR] LogOutputStream:75 - [STDERR_REDIRECT] 
2026-05-09 11:09:50,818 [ERROR] LogOutputStream:75 - [STDERR_REDIRECT] [Fatal Error] :1:1: Premature end of file.
2026-05-09 11:09:50,818 [ERROR] LogOutputStream:75 - [STDERR_REDIRECT] 
2026-05-09 11:09:51,824 [ERROR] LogOutputStream:75 - [STDERR_REDIRECT] [Fatal Error] :1:1: Premature end of file.
2026-05-09 11:09:51,824 [ERROR] LogOutputStream:75 - [STDERR_REDIRECT] 
2026-05-09 11:09:52,821 [ERROR] LogOutputStream:75 - [STDERR_REDIRECT] [Fatal Error] :1:1: Premature end of file.
2026-05-09 11:09:52,821 [ERROR] LogOutputStream:75 - [STDERR_REDIRECT] 
2026-05-09 11:09:53,820 [ERROR] LogOutputStream:75 - [STDERR_REDIRECT] [Fatal Error] :1:1: Premature end of file.
2026-05-09 11:09:53,820 [ERROR] LogOutputStream:75 - [STDERR_REDIRECT] 
2026-05-09 11:09:54,839 [ERROR] LogOutputStream:75 - [STDERR_REDIRECT] [Fatal Error] :1:1: Premature end of file.
2026-05-09 11:09:54,839 [ERROR] LogOutputStream:75 - [STDERR_REDIRECT] 
2026-05-09 11:09:55,845 [ERROR] LogOutputStream:75 - [STDERR_REDIRECT] [Fatal Error] :1:1: Premature end of file.
2026-05-09 11:09:55,845 [ERROR] LogOutputStream:75 - [STDERR_REDIRECT] 
2026-05-09 11:09:56,824 [ERROR] LogOutputStream:75 - [STDERR_REDIRECT] [Fatal Error] :1:1: Premature end of file.
2026-05-09 11:09:56,824 [ERROR] LogOutputStream:75 - [STDERR_REDIRECT] 
2026-05-09 11:09:57,821 [ERROR] LogOutputStream:75 - [STDERR_REDIRECT] [Fatal Error] :1:1: Premature end of file.
2026-05-09 11:09:57,821 [ERROR] LogOutputStream:75 - [STDERR_REDIRECT] 
2026-05-09 11:09:58,831 [ERROR] LogOutputStream:75 - [STDERR_REDIRECT] [Fatal Error] :1:1: Premature end of file.
2026-05-09 11:09:58,831 [ERROR] LogOutputStream:75 - [STDERR_REDIRECT] 
2026-05-09 11:09:59,809 [ERROR] LogOutputStream:75 - [STDERR_REDIRECT] [Fatal Error] :1:1: Premature end of file.
2026-05-09 11:09:59,809 [ERROR] LogOutputStream:75 - [STDERR_REDIRECT] 
2026-05-09 11:10:00,830 [ERROR] LogOutputStream:75 - [STDERR_REDIRECT] [Fatal Error] :1:1: Premature end of file.
2026-05-09 11:10:00,830 [ERROR] LogOutputStream:75 - [STDERR_REDIRECT] 
2026-05-09 11:10:01,842 [ERROR] LogOutputStream:75 - [STDERR_REDIRECT] [Fatal Error] :1:1: Premature end of file.
2026-05-09 11:10:01,842 [ERROR] LogOutputStream:75 - [STDERR_REDIRECT] 
2026-05-09 11:10:02,811 [ERROR] LogOutputStream:75 - [STDERR_REDIRECT] [Fatal Error] :1:1: Premature end of file.
2026-05-09 11:10:02,811 [ERROR] LogOutputStream:75 - [STDERR_REDIRECT] 
2026-05-09 11:10:03,803 [ERROR] LogOutputStream:75 - [STDERR_REDIRECT] [Fatal Error] :1:1: Premature end of file.
2026-05-09 11:10:03,803 [ERROR] LogOutputStream:75 - [STDERR_REDIRECT] 
2026-05-09 11:10:04,832 [ERROR] LogOutputStream:75 - [STDERR_REDIRECT] [Fatal Error] :1:1: Premature end of file.
2026-05-09 11:10:04,833 [ERROR] LogOutputStream:75 - [STDERR_REDIRECT] 
2026-05-09 11:10:05,837 [ERROR] LogOutputStream:75 - [STDERR_REDIRECT] [Fatal Error] :1:1: Premature end of file.
2026-05-09 11:10:05,837 [ERROR] LogOutputStream:75 - [STDERR_REDIRECT] 
2026-05-09 11:10:06,825 [ERROR] LogOutputStream:75 - [STDERR_REDIRECT] [Fatal Error] :1:1: Premature end of file.
2026-05-09 11:10:06,825 [ERROR] LogOutputStream:75 - [STDERR_REDIRECT] 
2026-05-09 11:10:07,835 [ERROR] LogOutputStream:75 - [STDERR_REDIRECT] [Fatal Error] :1:1: Premature end of file.
2026-05-09 11:10:07,835 [ERROR] LogOutputStream:75 - [STDERR_REDIRECT] 
2026-05-09 11:10:08,813 [ERROR] LogOutputStream:75 - [STDERR_REDIRECT] [Fatal Error] :1:1: Premature end of file.
2026-05-09 11:10:08,813 [ERROR] LogOutputStream:75 - [STDERR_REDIRECT] 
2026-05-09 11:10:09,819 [ERROR] LogOutputStream:75 - [STDERR_REDIRECT] [Fatal Error] :1:1: Premature end of file.
2026-05-09 11:10:09,819 [ERROR] LogOutputStream:75 - [STDERR_REDIRECT] 
2026-05-09 11:10:10,814 [ERROR] LogOutputStream:75 - [STDERR_REDIRECT] [Fatal Error] :1:1: Premature end of file.
2026-05-09 11:10:10,814 [ERROR] LogOutputStream:75 - [STDERR_REDIRECT] 
2026-05-09 11:10:11,847 [ERROR] LogOutputStream:75 - [STDERR_REDIRECT] [Fatal Error] :1:1: Premature end of file.
2026-05-09 11:10:11,849 [ERROR] LogOutputStream:75 - [STDERR_REDIRECT] 
2026-05-09 11:10:12,811 [ERROR] LogOutputStream:75 - [STDERR_REDIRECT] [Fatal Error] :1:1: Premature end of file.
2026-05-09 11:10:12,811 [ERROR] LogOutputStream:75 - [STDERR_REDIRECT] 
2026-05-09 11:10:13,823 [ERROR] LogOutputStream:75 - [STDERR_REDIRECT] [Fatal Error] :1:1: Premature end of file.
2026-05-09 11:10:13,823 [ERROR] LogOutputStream:75 - [STDERR_REDIRECT] 
2026-05-09 11:10:14,802 [ERROR] LogOutputStream:75 - [STDERR_REDIRECT] [Fatal Error] :1:1: Premature end of file.
2026-05-09 11:10:14,802 [ERROR] LogOutputStream:75 - [STDERR_REDIRECT] 
2026-05-09 11:10:15,821 [ERROR] LogOutputStream:75 - [STDERR_REDIRECT] [Fatal Error] :1:1: Premature end of file.
2026-05-09 11:10:15,821 [ERROR] LogOutputStream:75 - [STDERR_REDIRECT] 
2026-05-09 11:10:16,811 [ERROR] LogOutputStream:75 - [STDERR_REDIRECT] [Fatal Error] :1:1: Premature end of file.
2026-05-09 11:10:16,811 [ERROR] LogOutputStream:75 - [STDERR_REDIRECT] 
2026-05-09 11:10:17,816 [ERROR] LogOutputStream:75 - [STDERR_REDIRECT] [Fatal Error] :1:1: Premature end of file.
2026-05-09 11:10:17,816 [ERROR] LogOutputStream:75 - [STDERR_REDIRECT] 
2026-05-09 11:10:18,815 [ERROR] LogOutputStream:75 - [STDERR_REDIRECT] [Fatal Error] :1:1: Premature end of file.
2026-05-09 11:10:18,815 [ERROR] LogOutputStream:75 - [STDERR_REDIRECT] 
2026-05-09 11:10:19,814 [ERROR] LogOutputStream:75 - [STDERR_REDIRECT] [Fatal Error] :1:1: Premature end of file.
2026-05-09 11:10:19,814 [ERROR] LogOutputStream:75 - [STDERR_REDIRECT] 
2026-05-09 11:10:20,818 [ERROR] LogOutputStream:75 - [STDERR_REDIRECT] [Fatal Error] :1:1: Premature end of file.
2026-05-09 11:10:20,818 [ERROR] LogOutputStream:75 - [STDERR_REDIRECT] 
2026-05-09 11:10:21,824 [ERROR] LogOutputStream:75 - [STDERR_REDIRECT] [Fatal Error] :1:1: Premature end of file.
2026-05-09 11:10:21,824 [ERROR] LogOutputStream:75 - [STDERR_REDIRECT] 
2026-05-09 11:10:22,823 [ERROR] LogOutputStream:75 - [STDERR_REDIRECT] [Fatal Error] :1:1: Premature end of file.
2026-05-09 11:10:22,823 [ERROR] LogOutputStream:75 - [STDERR_REDIRECT] 
2026-05-09 11:10:23,821 [ERROR] LogOutputStream:75 - [STDERR_REDIRECT] [Fatal Error] :1:1: Premature end of file.
2026-05-09 11:10:23,821 [ERROR] LogOutputStream:75 - [STDERR_REDIRECT] 
2026-05-09 11:10:24,817 [ERROR] LogOutputStream:75 - [STDERR_REDIRECT] [Fatal Error] :1:1: Premature end of file.
2026-05-09 11:10:24,817 [ERROR] LogOutputStream:75 - [STDERR_REDIRECT] 
2026-05-09 11:10:25,845 [ERROR] LogOutputStream:75 - [STDERR_REDIRECT] [Fatal Error] :1:1: Premature end of file.
2026-05-09 11:10:25,845 [ERROR] LogOutputStream:75 - [STDERR_REDIRECT] 
2026-05-09 11:10:26,812 [ERROR] LogOutputStream:75 - [STDERR_REDIRECT] [Fatal Error] :1:1: Premature end of file.
2026-05-09 11:10:26,813 [ERROR] LogOutputStream:75 - [STDERR_REDIRECT] 
2026-05-09 11:10:27,821 [ERROR] LogOutputStream:75 - [STDERR_REDIRECT] [Fatal Error] :1:1: Premature end of file.
2026-05-09 11:10:27,822 [ERROR] LogOutputStream:75 - [STDERR_REDIRECT] 
2026-05-09 11:10:28,814 [ERROR] LogOutputStream:75 - [STDERR_REDIRECT] [Fatal Error] :1:1: Premature end of file.
2026-05-09 11:10:28,814 [ERROR] LogOutputStream:75 - [STDERR_REDIRECT] 
2026-05-09 11:10:29,818 [ERROR] LogOutputStream:75 - [STDERR_REDIRECT] [Fatal Error] :1:1: Premature end of file.
2026-05-09 11:10:29,818 [ERROR] LogOutputStream:75 - [STDERR_REDIRECT] 
2026-05-09 11:10:30,794 [ERROR] LogOutputStream:75 - [STDERR_REDIRECT] [Fatal Error] :1:1: Premature end of file.
2026-05-09 11:10:30,794 [ERROR] LogOutputStream:75 - [STDERR_REDIRECT] 
2026-05-09 11:10:31,826 [ERROR] LogOutputStream:75 - [STDERR_REDIRECT] [Fatal Error] :1:1: Premature end of file.
2026-05-09 11:10:31,826 [ERROR] LogOutputStream:75 - [STDERR_REDIRECT] 
2026-05-09 11:10:32,811 [ERROR] LogOutputStream:75 - [STDERR_REDIRECT] [Fatal Error] :1:1: Premature end of file.
2026-05-09 11:10:32,811 [ERROR] LogOutputStream:75 - [STDERR_REDIRECT] 
2026-05-09 11:10:33,826 [ERROR] LogOutputStream:75 - [STDERR_REDIRECT] [Fatal Error] :1:1: Premature end of file.
2026-05-09 11:10:33,826 [ERROR] LogOutputStream:75 - [STDERR_REDIRECT] 
2026-05-09 11:10:34,797 [ERROR] LogOutputStream:75 - [STDERR_REDIRECT] [Fatal Error] :1:1: Premature end of file.
2026-05-09 11:10:34,797 [ERROR] LogOutputStream:75 - [STDERR_REDIRECT] 
2026-05-09 11:10:35,808 [ERROR] LogOutputStream:75 - [STDERR_REDIRECT] [Fatal Error] :1:1: Premature end of file.
2026-05-09 11:10:35,808 [ERROR] LogOutputStream:75 - [STDERR_REDIRECT] 
2026-05-09 11:10:36,835 [ERROR] LogOutputStream:75 - [STDERR_REDIRECT] [Fatal Error] :1:1: Premature end of file.
2026-05-09 11:10:36,836 [ERROR] LogOutputStream:75 - [STDERR_REDIRECT] 
2026-05-09 11:10:37,829 [ERROR] LogOutputStream:75 - [STDERR_REDIRECT] [Fatal Error] :1:1: Premature end of file.
2026-05-09 11:10:37,829 [ERROR] LogOutputStream:75 - [STDERR_REDIRECT] 
2026-05-09 11:10:38,818 [ERROR] LogOutputStream:75 - [STDERR_REDIRECT] [Fatal Error] :1:1: Premature end of file.
2026-05-09 11:10:38,818 [ERROR] LogOutputStream:75 - [STDERR_REDIRECT] 
2026-05-09 11:10:39,822 [ERROR] LogOutputStream:75 - [STDERR_REDIRECT] [Fatal Error] :1:1: Premature end of file.
2026-05-09 11:10:39,823 [ERROR] LogOutputStream:75 - [STDERR_REDIRECT] 
2026-05-09 11:10:40,824 [ERROR] LogOutputStream:75 - [STDERR_REDIRECT] [Fatal Error] :1:1: Premature end of file.
2026-05-09 11:10:40,824 [ERROR] LogOutputStream:75 - [STDERR_REDIRECT] 
2026-05-09 11:10:41,822 [ERROR] LogOutputStream:75 - [STDERR_REDIRECT] [Fatal Error] :1:1: Premature end of file.
2026-05-09 11:10:41,822 [ERROR] LogOutputStream:75 - [STDERR_REDIRECT] 
2026-05-09 11:10:42,816 [ERROR] LogOutputStream:75 - [STDERR_REDIRECT] [Fatal Error] :1:1: Premature end of file.
2026-05-09 11:10:42,816 [ERROR] LogOutputStream:75 - [STDERR_REDIRECT] 
2026-05-09 11:10:43,821 [ERROR] LogOutputStream:75 - [STDERR_REDIRECT] [Fatal Error] :1:1: Premature end of file.
2026-05-09 11:10:43,821 [ERROR] LogOutputStream:75 - [STDERR_REDIRECT] 
2026-05-09 11:10:44,819 [ERROR] LogOutputStream:75 - [STDERR_REDIRECT] [Fatal Error] :1:1: Premature end of file.
2026-05-09 11:10:44,819 [ERROR] LogOutputStream:75 - [STDERR_REDIRECT] 
2026-05-09 11:10:45,859 [ERROR] LogOutputStream:75 - [STDERR_REDIRECT] [Fatal Error] :1:1: Premature end of file.
2026-05-09 11:10:45,859 [ERROR] LogOutputStream:75 - [STDERR_REDIRECT] 
2026-05-09 11:10:46,822 [ERROR] LogOutputStream:75 - [STDERR_REDIRECT] [Fatal Error] :1:1: Premature end of file.
2026-05-09 11:10:46,822 [ERROR] LogOutputStream:75 - [STDERR_REDIRECT] 
2026-05-09 11:10:47,826 [ERROR] LogOutputStream:75 - [STDERR_REDIRECT] [Fatal Error] :1:1: Premature end of file.
2026-05-09 11:10:47,826 [ERROR] LogOutputStream:75 - [STDERR_REDIRECT] 
2026-05-09 11:10:48,824 [ERROR] LogOutputStream:75 - [STDERR_REDIRECT] [Fatal Error] :1:1: Premature end of file.
2026-05-09 11:10:48,824 [ERROR] LogOutputStream:75 - [STDERR_REDIRECT] 
2026-05-09 11:10:49,828 [ERROR] LogOutputStream:75 - [STDERR_REDIRECT] [Fatal Error] :1:1: Premature end of file.
2026-05-09 11:10:49,828 [ERROR] LogOutputStream:75 - [STDERR_REDIRECT] 
2026-05-09 11:10:50,831 [ERROR] LogOutputStream:75 - [STDERR_REDIRECT] [Fatal Error] :1:1: Premature end of file.
2026-05-09 11:10:50,831 [ERROR] LogOutputStream:75 - [STDERR_REDIRECT] 
2026-05-09 11:10:51,821 [ERROR] LogOutputStream:75 - [STDERR_REDIRECT] [Fatal Error] :1:1: Premature end of file.
2026-05-09 11:10:51,821 [ERROR] LogOutputStream:75 - [STDERR_REDIRECT] 
2026-05-09 11:10:52,815 [ERROR] LogOutputStream:75 - [STDERR_REDIRECT] [Fatal Error] :1:1: Premature end of file.
2026-05-09 11:10:52,815 [ERROR] LogOutputStream:75 - [STDERR_REDIRECT] 
2026-05-09 11:10:53,829 [ERROR] LogOutputStream:75 - [STDERR_REDIRECT] [Fatal Error] :1:1: Premature end of file.
2026-05-09 11:10:53,829 [ERROR] LogOutputStream:75 - [STDERR_REDIRECT] 
2026-05-09 11:10:54,832 [ERROR] LogOutputStream:75 - [STDERR_REDIRECT] [Fatal Error] :1:1: Premature end of file.
2026-05-09 11:10:54,833 [ERROR] LogOutputStream:75 - [STDERR_REDIRECT] 
2026-05-09 11:10:55,828 [ERROR] LogOutputStream:75 - [STDERR_REDIRECT] [Fatal Error] :1:1: Premature end of file.
2026-05-09 11:10:55,828 [ERROR] LogOutputStream:75 - [STDERR_REDIRECT] 
2026-05-09 11:10:56,821 [ERROR] LogOutputStream:75 - [STDERR_REDIRECT] [Fatal Error] :1:1: Premature end of file.
2026-05-09 11:10:56,821 [ERROR] LogOutputStream:75 - [STDERR_REDIRECT] 
2026-05-09 11:10:57,824 [ERROR] LogOutputStream:75 - [STDERR_REDIRECT] [Fatal Error] :1:1: Premature end of file.
2026-05-09 11:10:57,824 [ERROR] LogOutputStream:75 - [STDERR_REDIRECT] 
2026-05-09 11:10:58,829 [ERROR] LogOutputStream:75 - [STDERR_REDIRECT] [Fatal Error] :1:1: Premature end of file.
2026-05-09 11:10:58,829 [ERROR] LogOutputStream:75 - [STDERR_REDIRECT] 
2026-05-09 11:10:59,801 [ERROR] LogOutputStream:75 - [STDERR_REDIRECT] [Fatal Error] :1:1: Premature end of file.
2026-05-09 11:10:59,801 [ERROR] LogOutputStream:75 - [STDERR_REDIRECT] 
2026-05-09 11:11:00,848 [ERROR] LogOutputStream:75 - [STDERR_REDIRECT] [Fatal Error] :1:1: Premature end of file.
2026-05-09 11:11:00,848 [ERROR] LogOutputStream:75 - [STDERR_REDIRECT] 
2026-05-09 11:11:01,834 [ERROR] LogOutputStream:75 - [STDERR_REDIRECT] [Fatal Error] :1:1: Premature end of file.
2026-05-09 11:11:01,834 [ERROR] LogOutputStream:75 - [STDERR_REDIRECT] 
2026-05-09 11:11:02,806 [ERROR] LogOutputStream:75 - [STDERR_REDIRECT] [Fatal Error] :1:1: Premature end of file.
2026-05-09 11:11:02,806 [ERROR] LogOutputStream:75 - [STDERR_REDIRECT] 
2026-05-09 11:11:03,827 [ERROR] LogOutputStream:75 - [STDERR_REDIRECT] [Fatal Error] :1:1: Premature end of file.
2026-05-09 11:11:03,827 [ERROR] LogOutputStream:75 - [STDERR_REDIRECT] 
2026-05-09 11:11:04,833 [ERROR] LogOutputStream:75 - [STDERR_REDIRECT] [Fatal Error] :1:1: Premature end of file.
2026-05-09 11:11:04,833 [ERROR] LogOutputStream:75 - [STDERR_REDIRECT] 
2026-05-09 11:11:05,828 [ERROR] LogOutputStream:75 - [STDERR_REDIRECT] [Fatal Error] :1:1: Premature end of file.
2026-05-09 11:11:05,828 [ERROR] LogOutputStream:75 - [STDERR_REDIRECT] 
2026-05-09 11:11:06,844 [ERROR] LogOutputStream:75 - [STDERR_REDIRECT] [Fatal Error] :1:1: Premature end of file.
2026-05-09 11:11:06,844 [ERROR] LogOutputStream:75 - [STDERR_REDIRECT] 
2026-05-09 11:11:07,812 [ERROR] LogOutputStream:75 - [STDERR_REDIRECT] [Fatal Error] :1:1: Premature end of file.
2026-05-09 11:11:07,812 [ERROR] LogOutputStream:75 - [STDERR_REDIRECT] 
2026-05-09 11:11:08,828 [ERROR] LogOutputStream:75 - [STDERR_REDIRECT] [Fatal Error] :1:1: Premature end of file.
2026-05-09 11:11:08,828 [ERROR] LogOutputStream:75 - [STDERR_REDIRECT] 
2026-05-09 11:11:09,836 [ERROR] LogOutputStream:75 - [STDERR_REDIRECT] [Fatal Error] :1:1: Premature end of file.
2026-05-09 11:11:09,837 [ERROR] LogOutputStream:75 - [STDERR_REDIRECT] 
2026-05-09 11:11:10,841 [ERROR] LogOutputStream:75 - [STDERR_REDIRECT] [Fatal Error] :1:1: Premature end of file.
2026-05-09 11:11:10,841 [ERROR] LogOutputStream:75 - [STDERR_REDIRECT] 
2026-05-09 11:11:11,836 [ERROR] LogOutputStream:75 - [STDERR_REDIRECT] [Fatal Error] :1:1: Premature end of file.
2026-05-09 11:11:11,837 [ERROR] LogOutputStream:75 - [STDERR_REDIRECT] 
2026-05-09 11:11:12,844 [ERROR] LogOutputStream:75 - [STDERR_REDIRECT] [Fatal Error] :1:1: Premature end of file.
2026-05-09 11:11:12,844 [ERROR] LogOutputStream:75 - [STDERR_REDIRECT] 
2026-05-09 11:11:13,848 [ERROR] LogOutputStream:75 - [STDERR_REDIRECT] [Fatal Error] :1:1: Premature end of file.
2026-05-09 11:11:13,849 [ERROR] LogOutputStream:75 - [STDERR_REDIRECT] 
2026-05-09 11:11:14,830 [ERROR] LogOutputStream:75 - [STDERR_REDIRECT] [Fatal Error] :1:1: Premature end of file.
2026-05-09 11:11:14,830 [ERROR] LogOutputStream:75 - [STDERR_REDIRECT] 
2026-05-09 11:11:15,840 [ERROR] LogOutputStream:75 - [STDERR_REDIRECT] [Fatal Error] :1:1: Premature end of file.
2026-05-09 11:11:15,840 [ERROR] LogOutputStream:75 - [STDERR_REDIRECT] 
2026-05-09 11:11:16,826 [ERROR] LogOutputStream:75 - [STDERR_REDIRECT] [Fatal Error] :1:1: Premature end of file.
2026-05-09 11:11:16,827 [ERROR] LogOutputStream:75 - [STDERR_REDIRECT] 
2026-05-09 11:11:17,839 [ERROR] LogOutputStream:75 - [STDERR_REDIRECT] [Fatal Error] :1:1: Premature end of file.
2026-05-09 11:11:17,840 [ERROR] LogOutputStream:75 - [STDERR_REDIRECT] 
2026-05-09 11:11:18,822 [ERROR] LogOutputStream:75 - [STDERR_REDIRECT] [Fatal Error] :1:1: Premature end of file.
2026-05-09 11:11:18,823 [ERROR] LogOutputStream:75 - [STDERR_REDIRECT] 
2026-05-09 11:11:19,846 [ERROR] LogOutputStream:75 - [STDERR_REDIRECT] [Fatal Error] :1:1: Premature end of file.
2026-05-09 11:11:19,846 [ERROR] LogOutputStream:75 - [STDERR_REDIRECT] 
2026-05-09 11:11:20,832 [ERROR] LogOutputStream:75 - [STDERR_REDIRECT] [Fatal Error] :1:1: Premature end of file.
2026-05-09 11:11:20,832 [ERROR] LogOutputStream:75 - [STDERR_REDIRECT] 
2026-05-09 11:11:21,846 [ERROR] LogOutputStream:75 - [STDERR_REDIRECT] [Fatal Error] :1:1: Premature end of file.
2026-05-09 11:11:21,847 [ERROR] LogOutputStream:75 - [STDERR_REDIRECT] 
2026-05-09 11:11:22,856 [ERROR] LogOutputStream:75 - [STDERR_REDIRECT] [Fatal Error] :1:1: Premature end of file.
2026-05-09 11:11:22,856 [ERROR] LogOutputStream:75 - [STDERR_REDIRECT] 
2026-05-09 11:11:23,813 [ERROR] LogOutputStream:75 - [STDERR_REDIRECT] [Fatal Error] :1:1: Premature end of file.
2026-05-09 11:11:23,813 [ERROR] LogOutputStream:75 - [STDERR_REDIRECT] 
2026-05-09 11:11:24,837 [ERROR] LogOutputStream:75 - [STDERR_REDIRECT] [Fatal Error] :1:1: Premature end of file.
2026-05-09 11:11:24,837 [ERROR] LogOutputStream:75 - [STDERR_REDIRECT] 
2026-05-09 11:11:25,837 [ERROR] LogOutputStream:75 - [STDERR_REDIRECT] [Fatal Error] :1:1: Premature end of file.
2026-05-09 11:11:25,838 [ERROR] LogOutputStream:75 - [STDERR_REDIRECT] 
2026-05-09 11:11:26,831 [ERROR] LogOutputStream:75 - [STDERR_REDIRECT] [Fatal Error] :1:1: Premature end of file.
2026-05-09 11:11:26,831 [ERROR] LogOutputStream:75 - [STDERR_REDIRECT] 
2026-05-09 11:11:27,838 [ERROR] LogOutputStream:75 - [STDERR_REDIRECT] [Fatal Error] :1:1: Premature end of file.
2026-05-09 11:11:27,839 [ERROR] LogOutputStream:75 - [STDERR_REDIRECT] 
2026-05-09 11:11:28,844 [ERROR] LogOutputStream:75 - [STDERR_REDIRECT] [Fatal Error] :1:1: Premature end of file.
2026-05-09 11:11:28,844 [ERROR] LogOutputStream:75 - [STDERR_REDIRECT] 
2026-05-09 11:11:29,824 [ERROR] LogOutputStream:75 - [STDERR_REDIRECT] [Fatal Error] :1:1: Premature end of file.
2026-05-09 11:11:29,824 [ERROR] LogOutputStream:75 - [STDERR_REDIRECT] 
2026-05-09 11:11:30,823 [ERROR] LogOutputStream:75 - [STDERR_REDIRECT] [Fatal Error] :1:1: Premature end of file.
2026-05-09 11:11:30,823 [ERROR] LogOutputStream:75 - [STDERR_REDIRECT] 
2026-05-09 11:11:31,831 [ERROR] LogOutputStream:75 - [STDERR_REDIRECT] [Fatal Error] :1:1: Premature end of file.
2026-05-09 11:11:31,832 [ERROR] LogOutputStream:75 - [STDERR_REDIRECT] 
2026-05-09 11:11:32,847 [ERROR] LogOutputStream:75 - [STDERR_REDIRECT] [Fatal Error] :1:1: Premature end of file.
2026-05-09 11:11:32,847 [ERROR] LogOutputStream:75 - [STDERR_REDIRECT] 
2026-05-09 11:11:33,838 [ERROR] LogOutputStream:75 - [STDERR_REDIRECT] [Fatal Error] :1:1: Premature end of file.
2026-05-09 11:11:33,838 [ERROR] LogOutputStream:75 - [STDERR_REDIRECT] 
2026-05-09 11:11:34,856 [ERROR] LogOutputStream:75 - [STDERR_REDIRECT] [Fatal Error] :1:1: Premature end of file.
2026-05-09 11:11:34,856 [ERROR] LogOutputStream:75 - [STDERR_REDIRECT] 
2026-05-09 11:11:35,847 [ERROR] LogOutputStream:75 - [STDERR_REDIRECT] [Fatal Error] :1:1: Premature end of file.
2026-05-09 11:11:35,847 [ERROR] LogOutputStream:75 - [STDERR_REDIRECT] 
2026-05-09 11:11:36,839 [ERROR] LogOutputStream:75 - [STDERR_REDIRECT] [Fatal Error] :1:1: Premature end of file.
2026-05-09 11:11:36,840 [ERROR] LogOutputStream:75 - [STDERR_REDIRECT] 
2026-05-09 11:11:37,853 [ERROR] LogOutputStream:75 - [STDERR_REDIRECT] [Fatal Error] :1:1: Premature end of file.
2026-05-09 11:11:37,855 [ERROR] LogOutputStream:75 - [STDERR_REDIRECT] 
2026-05-09 11:11:38,839 [ERROR] LogOutputStream:75 - [STDERR_REDIRECT] [Fatal Error] :1:1: Premature end of file.
2026-05-09 11:11:38,839 [ERROR] LogOutputStream:75 - [STDERR_REDIRECT] 
2026-05-09 11:11:39,841 [ERROR] LogOutputStream:75 - [STDERR_REDIRECT] [Fatal Error] :1:1: Premature end of file.
2026-05-09 11:11:39,841 [ERROR] LogOutputStream:75 - [STDERR_REDIRECT] 
2026-05-09 11:11:40,805 [ERROR] LogOutputStream:75 - [STDERR_REDIRECT] [Fatal Error] :1:1: Premature end of file.
2026-05-09 11:11:40,805 [ERROR] LogOutputStream:75 - [STDERR_REDIRECT] 
2026-05-09 11:11:41,836 [ERROR] LogOutputStream:75 - [STDERR_REDIRECT] [Fatal Error] :1:1: Premature end of file.
2026-05-09 11:11:41,836 [ERROR] LogOutputStream:75 - [STDERR_REDIRECT] 
2026-05-09 11:11:42,839 [ERROR] LogOutputStream:75 - [STDERR_REDIRECT] [Fatal Error] :1:1: Premature end of file.
2026-05-09 11:11:42,839 [ERROR] LogOutputStream:75 - [STDERR_REDIRECT] 
2026-05-09 11:11:43,819 [ERROR] LogOutputStream:75 - [STDERR_REDIRECT] [Fatal Error] :1:1: Premature end of file.
2026-05-09 11:11:43,820 [ERROR] LogOutputStream:75 - [STDERR_REDIRECT] 
2026-05-09 11:11:44,832 [ERROR] LogOutputStream:75 - [STDERR_REDIRECT] [Fatal Error] :1:1: Premature end of file.
2026-05-09 11:11:44,833 [ERROR] LogOutputStream:75 - [STDERR_REDIRECT] 
2026-05-09 11:11:45,837 [ERROR] LogOutputStream:75 - [STDERR_REDIRECT] [Fatal Error] :1:1: Premature end of file.
2026-05-09 11:11:45,838 [ERROR] LogOutputStream:75 - [STDERR_REDIRECT] 
2026-05-09 11:11:46,825 [ERROR] LogOutputStream:75 - [STDERR_REDIRECT] [Fatal Error] :1:1: Premature end of file.
2026-05-09 11:11:46,825 [ERROR] LogOutputStream:75 - [STDERR_REDIRECT] 
2026-05-09 11:11:47,834 [ERROR] LogOutputStream:75 - [STDERR_REDIRECT] [Fatal Error] :1:1: Premature end of file.
2026-05-09 11:11:47,834 [ERROR] LogOutputStream:75 - [STDERR_REDIRECT] 
2026-05-09 11:11:48,824 [ERROR] LogOutputStream:75 - [STDERR_REDIRECT] [Fatal Error] :1:1: Premature end of file.
2026-05-09 11:11:48,824 [ERROR] LogOutputStream:75 - [STDERR_REDIRECT] 
2026-05-09 11:11:49,844 [ERROR] LogOutputStream:75 - [STDERR_REDIRECT] [Fatal Error] :1:1: Premature end of file.
2026-05-09 11:11:49,844 [ERROR] LogOutputStream:75 - [STDERR_REDIRECT] 
2026-05-09 11:11:50,833 [ERROR] LogOutputStream:75 - [STDERR_REDIRECT] [Fatal Error] :1:1: Premature end of file.
2026-05-09 11:11:50,834 [ERROR] LogOutputStream:75 - [STDERR_REDIRECT] 
2026-05-09 11:11:51,819 [ERROR] LogOutputStream:75 - [STDERR_REDIRECT] [Fatal Error] :1:1: Premature end of file.
2026-05-09 11:11:51,819 [ERROR] LogOutputStream:75 - [STDERR_REDIRECT] 
2026-05-09 11:11:52,823 [ERROR] LogOutputStream:75 - [STDERR_REDIRECT] [Fatal Error] :1:1: Premature end of file.
2026-05-09 11:11:52,823 [ERROR] LogOutputStream:75 - [STDERR_REDIRECT] 
2026-05-09 11:11:53,840 [ERROR] LogOutputStream:75 - [STDERR_REDIRECT] [Fatal Error] :1:1: Premature end of file.
2026-05-09 11:11:53,840 [ERROR] LogOutputStream:75 - [STDERR_REDIRECT] 
2026-05-09 11:11:54,837 [ERROR] LogOutputStream:75 - [STDERR_REDIRECT] [Fatal Error] :1:1: Premature end of file.
2026-05-09 11:11:54,837 [ERROR] LogOutputStream:75 - [STDERR_REDIRECT] 
2026-05-09 11:11:55,804 [ERROR] LogOutputStream:75 - [STDERR_REDIRECT] [Fatal Error] :1:1: Premature end of file.
2026-05-09 11:11:55,804 [ERROR] LogOutputStream:75 - [STDERR_REDIRECT] 
2026-05-09 11:11:56,818 [ERROR] LogOutputStream:75 - [STDERR_REDIRECT] [Fatal Error] :1:1: Premature end of file.
2026-05-09 11:11:56,818 [ERROR] LogOutputStream:75 - [STDERR_REDIRECT] 
2026-05-09 11:11:57,838 [ERROR] LogOutputStream:75 - [STDERR_REDIRECT] [Fatal Error] :1:1: Premature end of file.
2026-05-09 11:11:57,839 [ERROR] LogOutputStream:75 - [STDERR_REDIRECT] 
2026-05-09 11:11:58,828 [ERROR] LogOutputStream:75 - [STDERR_REDIRECT] [Fatal Error] :1:1: Premature end of file.
2026-05-09 11:11:58,830 [ERROR] LogOutputStream:75 - [STDERR_REDIRECT] 
2026-05-09 11:11:59,843 [ERROR] LogOutputStream:75 - [STDERR_REDIRECT] [Fatal Error] :1:1: Premature end of file.
2026-05-09 11:11:59,844 [ERROR] LogOutputStream:75 - [STDERR_REDIRECT] 
2026-05-09 11:12:00,841 [ERROR] LogOutputStream:75 - [STDERR_REDIRECT] [Fatal Error] :1:1: Premature end of file.
2026-05-09 11:12:00,842 [ERROR] LogOutputStream:75 - [STDERR_REDIRECT] 
2026-05-09 11:12:01,836 [ERROR] LogOutputStream:75 - [STDERR_REDIRECT] [Fatal Error] :1:1: Premature end of file.
2026-05-09 11:12:01,837 [ERROR] LogOutputStream:75 - [STDERR_REDIRECT] 
2026-05-09 11:12:02,834 [ERROR] LogOutputStream:75 - [STDERR_REDIRECT] [Fatal Error] :1:1: Premature end of file.
2026-05-09 11:12:02,834 [ERROR] LogOutputStream:75 - [STDERR_REDIRECT] 
2026-05-09 11:12:03,846 [ERROR] LogOutputStream:75 - [STDERR_REDIRECT] [Fatal Error] :1:1: Premature end of file.
2026-05-09 11:12:03,846 [ERROR] LogOutputStream:75 - [STDERR_REDIRECT] 
2026-05-09 11:12:04,839 [ERROR] LogOutputStream:75 - [STDERR_REDIRECT] [Fatal Error] :1:1: Premature end of file.
2026-05-09 11:12:04,839 [ERROR] LogOutputStream:75 - [STDERR_REDIRECT] 
2026-05-09 11:12:05,830 [ERROR] LogOutputStream:75 - [STDERR_REDIRECT] [Fatal Error] :1:1: Premature end of file.
2026-05-09 11:12:05,830 [ERROR] LogOutputStream:75 - [STDERR_REDIRECT] 
2026-05-09 11:12:06,846 [ERROR] LogOutputStream:75 - [STDERR_REDIRECT] [Fatal Error] :1:1: Premature end of file.
2026-05-09 11:12:06,846 [ERROR] LogOutputStream:75 - [STDERR_REDIRECT] 
2026-05-09 11:12:07,840 [ERROR] LogOutputStream:75 - [STDERR_REDIRECT] [Fatal Error] :1:1: Premature end of file.
2026-05-09 11:12:07,840 [ERROR] LogOutputStream:75 - [STDERR_REDIRECT] 
2026-05-09 11:12:08,837 [ERROR] LogOutputStream:75 - [STDERR_REDIRECT] [Fatal Error] :1:1: Premature end of file.
2026-05-09 11:12:08,837 [ERROR] LogOutputStream:75 - [STDERR_REDIRECT] 
2026-05-09 11:12:09,802 [ERROR] LogOutputStream:75 - [STDERR_REDIRECT] [Fatal Error] :1:1: Premature end of file.
2026-05-09 11:12:09,802 [ERROR] LogOutputStream:75 - [STDERR_REDIRECT] 
2026-05-09 11:12:10,833 [ERROR] LogOutputStream:75 - [STDERR_REDIRECT] [Fatal Error] :1:1: Premature end of file.
2026-05-09 11:12:10,833 [ERROR] LogOutputStream:75 - [STDERR_REDIRECT] 
2026-05-09 11:12:11,838 [ERROR] LogOutputStream:75 - [STDERR_REDIRECT] [Fatal Error] :1:1: Premature end of file.
2026-05-09 11:12:11,838 [ERROR] LogOutputStream:75 - [STDERR_REDIRECT] 
2026-05-09 11:12:12,838 [ERROR] LogOutputStream:75 - [STDERR_REDIRECT] [Fatal Error] :1:1: Premature end of file.
2026-05-09 11:12:12,839 [ERROR] LogOutputStream:75 - [STDERR_REDIRECT] 
2026-05-09 11:12:13,832 [ERROR] LogOutputStream:75 - [STDERR_REDIRECT] [Fatal Error] :1:1: Premature end of file.
2026-05-09 11:12:13,832 [ERROR] LogOutputStream:75 - [STDERR_REDIRECT] 
2026-05-09 11:12:14,830 [ERROR] LogOutputStream:75 - [STDERR_REDIRECT] [Fatal Error] :1:1: Premature end of file.
2026-05-09 11:12:14,830 [ERROR] LogOutputStream:75 - [STDERR_REDIRECT] 
2026-05-09 11:12:15,843 [ERROR] LogOutputStream:75 - [STDERR_REDIRECT] [Fatal Error] :1:1: Premature end of file.
2026-05-09 11:12:15,843 [ERROR] LogOutputStream:75 - [STDERR_REDIRECT] 
2026-05-09 11:12:16,840 [ERROR] LogOutputStream:75 - [STDERR_REDIRECT] [Fatal Error] :1:1: Premature end of file.
2026-05-09 11:12:16,840 [ERROR] LogOutputStream:75 - [STDERR_REDIRECT] 
2026-05-09 11:12:17,838 [ERROR] LogOutputStream:75 - [STDERR_REDIRECT] [Fatal Error] :1:1: Premature end of file.
2026-05-09 11:12:17,839 [ERROR] LogOutputStream:75 - [STDERR_REDIRECT] 
2026-05-09 11:12:18,839 [ERROR] LogOutputStream:75 - [STDERR_REDIRECT] [Fatal Error] :1:1: Premature end of file.
2026-05-09 11:12:18,840 [ERROR] LogOutputStream:75 - [STDERR_REDIRECT] 
2026-05-09 11:12:19,839 [ERROR] LogOutputStream:75 - [STDERR_REDIRECT] [Fatal Error] :1:1: Premature end of file.
2026-05-09 11:12:19,840 [ERROR] LogOutputStream:75 - [STDERR_REDIRECT] 
2026-05-09 11:12:20,829 [ERROR] LogOutputStream:75 - [STDERR_REDIRECT] [Fatal Error] :1:1: Premature end of file.
2026-05-09 11:12:20,830 [ERROR] LogOutputStream:75 - [STDERR_REDIRECT] 
2026-05-09 11:12:21,834 [ERROR] LogOutputStream:75 - [STDERR_REDIRECT] [Fatal Error] :1:1: Premature end of file.
2026-05-09 11:12:21,835 [ERROR] LogOutputStream:75 - [STDERR_REDIRECT] 
2026-05-09 11:12:22,846 [ERROR] LogOutputStream:75 - [STDERR_REDIRECT] [Fatal Error] :1:1: Premature end of file.
2026-05-09 11:12:22,847 [ERROR] LogOutputStream:75 - [STDERR_REDIRECT] 
2026-05-09 11:12:23,845 [ERROR] LogOutputStream:75 - [STDERR_REDIRECT] [Fatal Error] :1:1: Premature end of file.
2026-05-09 11:12:23,845 [ERROR] LogOutputStream:75 - [STDERR_REDIRECT] 
2026-05-09 11:12:24,830 [ERROR] LogOutputStream:75 - [STDERR_REDIRECT] [Fatal Error] :1:1: Premature end of file.
2026-05-09 11:12:24,830 [ERROR] LogOutputStream:75 - [STDERR_REDIRECT] 
2026-05-09 11:12:25,830 [ERROR] LogOutputStream:75 - [STDERR_REDIRECT] [Fatal Error] :1:1: Premature end of file.
2026-05-09 11:12:25,831 [ERROR] LogOutputStream:75 - [STDERR_REDIRECT] 
2026-05-09 11:12:26,810 [ERROR] LogOutputStream:75 - [STDERR_REDIRECT] [Fatal Error] :1:1: Premature end of file.
2026-05-09 11:12:26,810 [ERROR] LogOutputStream:75 - [STDERR_REDIRECT] 
2026-05-09 11:12:27,857 [ERROR] LogOutputStream:75 - [STDERR_REDIRECT] [Fatal Error] :1:1: Premature end of file.
2026-05-09 11:12:27,858 [ERROR] LogOutputStream:75 - [STDERR_REDIRECT] 
2026-05-09 11:12:28,827 [ERROR] LogOutputStream:75 - [STDERR_REDIRECT] [Fatal Error] :1:1: Premature end of file.
2026-05-09 11:12:28,827 [ERROR] LogOutputStream:75 - [STDERR_REDIRECT] 
2026-05-09 11:12:29,835 [ERROR] LogOutputStream:75 - [STDERR_REDIRECT] [Fatal Error] :1:1: Premature end of file.
2026-05-09 11:12:29,835 [ERROR] LogOutputStream:75 - [STDERR_REDIRECT] 
2026-05-09 11:12:30,841 [ERROR] LogOutputStream:75 - [STDERR_REDIRECT] [Fatal Error] :1:1: Premature end of file.
2026-05-09 11:12:30,841 [ERROR] LogOutputStream:75 - [STDERR_REDIRECT] 
2026-05-09 11:12:31,820 [ERROR] LogOutputStream:75 - [STDERR_REDIRECT] [Fatal Error] :1:1: Premature end of file.
2026-05-09 11:12:31,820 [ERROR] LogOutputStream:75 - [STDERR_REDIRECT] 
2026-05-09 11:12:32,811 [ERROR] LogOutputStream:75 - [STDERR_REDIRECT] [Fatal Error] :1:1: Premature end of file.
2026-05-09 11:12:32,811 [ERROR] LogOutputStream:75 - [STDERR_REDIRECT] 
2026-05-09 11:12:33,819 [ERROR] LogOutputStream:75 - [STDERR_REDIRECT] [Fatal Error] :1:1: Premature end of file.
2026-05-09 11:12:33,819 [ERROR] LogOutputStream:75 - [STDERR_REDIRECT] 
2026-05-09 11:12:34,817 [ERROR] LogOutputStream:75 - [STDERR_REDIRECT] [Fatal Error] :1:1: Premature end of file.
2026-05-09 11:12:34,817 [ERROR] LogOutputStream:75 - [STDERR_REDIRECT] 
2026-05-09 11:12:35,828 [ERROR] LogOutputStream:75 - [STDERR_REDIRECT] [Fatal Error] :1:1: Premature end of file.
2026-05-09 11:12:35,828 [ERROR] LogOutputStream:75 - [STDERR_REDIRECT] 
2026-05-09 11:12:36,808 [ERROR] LogOutputStream:75 - [STDERR_REDIRECT] [Fatal Error] :1:1: Premature end of file.
2026-05-09 11:12:36,808 [ERROR] LogOutputStream:75 - [STDERR_REDIRECT] 
2026-05-09 11:12:37,819 [ERROR] LogOutputStream:75 - [STDERR_REDIRECT] [Fatal Error] :1:1: Premature end of file.
2026-05-09 11:12:37,819 [ERROR] LogOutputStream:75 - [STDERR_REDIRECT] 
2026-05-09 11:12:38,828 [ERROR] LogOutputStream:75 - [STDERR_REDIRECT] [Fatal Error] :1:1: Premature end of file.
2026-05-09 11:12:38,828 [ERROR] LogOutputStream:75 - [STDERR_REDIRECT] 
2026-05-09 11:12:39,820 [ERROR] LogOutputStream:75 - [STDERR_REDIRECT] [Fatal Error] :1:1: Premature end of file.
2026-05-09 11:12:39,820 [ERROR] LogOutputStream:75 - [STDERR_REDIRECT] 
2026-05-09 11:12:40,823 [ERROR] LogOutputStream:75 - [STDERR_REDIRECT] [Fatal Error] :1:1: Premature end of file.
2026-05-09 11:12:40,823 [ERROR] LogOutputStream:75 - [STDERR_REDIRECT] 
2026-05-09 11:12:41,824 [ERROR] LogOutputStream:75 - [STDERR_REDIRECT] [Fatal Error] :1:1: Premature end of file.
2026-05-09 11:12:41,824 [ERROR] LogOutputStream:75 - [STDERR_REDIRECT] 
2026-05-09 11:12:42,819 [ERROR] LogOutputStream:75 - [STDERR_REDIRECT] [Fatal Error] :1:1: Premature end of file.
2026-05-09 11:12:42,819 [ERROR] LogOutputStream:75 - [STDERR_REDIRECT] 
2026-05-09 11:12:43,823 [ERROR] LogOutputStream:75 - [STDERR_REDIRECT] [Fatal Error] :1:1: Premature end of file.
2026-05-09 11:12:43,823 [ERROR] LogOutputStream:75 - [STDERR_REDIRECT] 
2026-05-09 11:12:44,829 [ERROR] LogOutputStream:75 - [STDERR_REDIRECT] [Fatal Error] :1:1: Premature end of file.
2026-05-09 11:12:44,829 [ERROR] LogOutputStream:75 - [STDERR_REDIRECT] 
2026-05-09 11:12:45,830 [ERROR] LogOutputStream:75 - [STDERR_REDIRECT] [Fatal Error] :1:1: Premature end of file.
2026-05-09 11:12:45,830 [ERROR] LogOutputStream:75 - [STDERR_REDIRECT] 
2026-05-09 11:12:46,818 [ERROR] LogOutputStream:75 - [STDERR_REDIRECT] [Fatal Error] :1:1: Premature end of file.
2026-05-09 11:12:46,818 [ERROR] LogOutputStream:75 - [STDERR_REDIRECT] 
2026-05-09 11:12:47,830 [ERROR] LogOutputStream:75 - [STDERR_REDIRECT] [Fatal Error] :1:1: Premature end of file.
2026-05-09 11:12:47,830 [ERROR] LogOutputStream:75 - [STDERR_REDIRECT] 
2026-05-09 11:12:48,819 [ERROR] LogOutputStream:75 - [STDERR_REDIRECT] [Fatal Error] :1:1: Premature end of file.
2026-05-09 11:12:48,819 [ERROR] LogOutputStream:75 - [STDERR_REDIRECT] 
2026-05-09 11:12:49,813 [ERROR] LogOutputStream:75 - [STDERR_REDIRECT] [Fatal Error] :1:1: Premature end of file.
2026-05-09 11:12:49,813 [ERROR] LogOutputStream:75 - [STDERR_REDIRECT] 
2026-05-09 11:12:50,804 [ERROR] LogOutputStream:75 - [STDERR_REDIRECT] [Fatal Error] :1:1: Premature end of file.
2026-05-09 11:12:50,804 [ERROR] LogOutputStream:75 - [STDERR_REDIRECT] 
2026-05-09 11:12:51,802 [ERROR] LogOutputStream:75 - [STDERR_REDIRECT] [Fatal Error] :1:1: Premature end of file.
2026-05-09 11:12:51,802 [ERROR] LogOutputStream:75 - [STDERR_REDIRECT] 
2026-05-09 11:12:52,794 [ERROR] LogOutputStream:75 - [STDERR_REDIRECT] [Fatal Error] :1:1: Premature end of file.
2026-05-09 11:12:52,794 [ERROR] LogOutputStream:75 - [STDERR_REDIRECT] 
2026-05-09 11:12:53,799 [ERROR] LogOutputStream:75 - [STDERR_REDIRECT] [Fatal Error] :1:1: Premature end of file.
2026-05-09 11:12:53,799 [ERROR] LogOutputStream:75 - [STDERR_REDIRECT] 
2026-05-09 11:12:54,813 [ERROR] LogOutputStream:75 - [STDERR_REDIRECT] [Fatal Error] :1:1: Premature end of file.
2026-05-09 11:12:54,814 [ERROR] LogOutputStream:75 - [STDERR_REDIRECT] 
2026-05-09 11:12:55,820 [ERROR] LogOutputStream:75 - [STDERR_REDIRECT] [Fatal Error] :1:1: Premature end of file.
2026-05-09 11:12:55,821 [ERROR] LogOutputStream:75 - [STDERR_REDIRECT] 
2026-05-09 11:12:56,819 [ERROR] LogOutputStream:75 - [STDERR_REDIRECT] [Fatal Error] :1:1: Premature end of file.
2026-05-09 11:12:56,819 [ERROR] LogOutputStream:75 - [STDERR_REDIRECT] 
2026-05-09 11:12:57,824 [ERROR] LogOutputStream:75 - [STDERR_REDIRECT] [Fatal Error] :1:1: Premature end of file.
2026-05-09 11:12:57,824 [ERROR] LogOutputStream:75 - [STDERR_REDIRECT] 
2026-05-09 11:12:58,816 [ERROR] LogOutputStream:75 - [STDERR_REDIRECT] [Fatal Error] :1:1: Premature end of file.
2026-05-09 11:12:58,816 [ERROR] LogOutputStream:75 - [STDERR_REDIRECT] 
2026-05-09 11:12:59,827 [ERROR] LogOutputStream:75 - [STDERR_REDIRECT] [Fatal Error] :1:1: Premature end of file.
2026-05-09 11:12:59,827 [ERROR] LogOutputStream:75 - [STDERR_REDIRECT] 
2026-05-09 11:13:00,808 [ERROR] LogOutputStream:75 - [STDERR_REDIRECT] [Fatal Error] :1:1: Premature end of file.
2026-05-09 11:13:00,808 [ERROR] LogOutputStream:75 - [STDERR_REDIRECT] 
2026-05-09 11:13:01,823 [ERROR] LogOutputStream:75 - [STDERR_REDIRECT] [Fatal Error] :1:1: Premature end of file.
2026-05-09 11:13:01,823 [ERROR] LogOutputStream:75 - [STDERR_REDIRECT] 
2026-05-09 11:13:02,806 [ERROR] LogOutputStream:75 - [STDERR_REDIRECT] [Fatal Error] :1:1: Premature end of file.
2026-05-09 11:13:02,806 [ERROR] LogOutputStream:75 - [STDERR_REDIRECT] 
2026-05-09 11:13:03,816 [ERROR] LogOutputStream:75 - [STDERR_REDIRECT] [Fatal Error] :1:1: Premature end of file.
2026-05-09 11:13:03,816 [ERROR] LogOutputStream:75 - [STDERR_REDIRECT] 
2026-05-09 11:13:04,800 [ERROR] LogOutputStream:75 - [STDERR_REDIRECT] [Fatal Error] :1:1: Premature end of file.
2026-05-09 11:13:04,800 [ERROR] LogOutputStream:75 - [STDERR_REDIRECT] 
2026-05-09 11:13:05,826 [ERROR] LogOutputStream:75 - [STDERR_REDIRECT] [Fatal Error] :1:1: Premature end of file.
2026-05-09 11:13:05,826 [ERROR] LogOutputStream:75 - [STDERR_REDIRECT] 
2026-05-09 11:13:06,813 [ERROR] LogOutputStream:75 - [STDERR_REDIRECT] [Fatal Error] :1:1: Premature end of file.
2026-05-09 11:13:06,814 [ERROR] LogOutputStream:75 - [STDERR_REDIRECT] 
2026-05-09 11:13:07,816 [ERROR] LogOutputStream:75 - [STDERR_REDIRECT] [Fatal Error] :1:1: Premature end of file.
2026-05-09 11:13:07,816 [ERROR] LogOutputStream:75 - [STDERR_REDIRECT] 
2026-05-09 11:13:08,822 [ERROR] LogOutputStream:75 - [STDERR_REDIRECT] [Fatal Error] :1:1: Premature end of file.
2026-05-09 11:13:08,822 [ERROR] LogOutputStream:75 - [STDERR_REDIRECT] 
2026-05-09 11:13:09,817 [ERROR] LogOutputStream:75 - [STDERR_REDIRECT] [Fatal Error] :1:1: Premature end of file.
2026-05-09 11:13:09,817 [ERROR] LogOutputStream:75 - [STDERR_REDIRECT] 
2026-05-09 11:13:10,818 [ERROR] LogOutputStream:75 - [STDERR_REDIRECT] [Fatal Error] :1:1: Premature end of file.
2026-05-09 11:13:10,818 [ERROR] LogOutputStream:75 - [STDERR_REDIRECT] 
2026-05-09 11:13:11,815 [ERROR] LogOutputStream:75 - [STDERR_REDIRECT] [Fatal Error] :1:1: Premature end of file.
2026-05-09 11:13:11,815 [ERROR] LogOutputStream:75 - [STDERR_REDIRECT] 
2026-05-09 11:13:12,813 [ERROR] LogOutputStream:75 - [STDERR_REDIRECT] [Fatal Error] :1:1: Premature end of file.
2026-05-09 11:13:12,813 [ERROR] LogOutputStream:75 - [STDERR_REDIRECT] 
2026-05-09 11:13:13,827 [ERROR] LogOutputStream:75 - [STDERR_REDIRECT] [Fatal Error] :1:1: Premature end of file.
2026-05-09 11:13:13,827 [ERROR] LogOutputStream:75 - [STDERR_REDIRECT] 
2026-05-09 11:13:14,826 [ERROR] LogOutputStream:75 - [STDERR_REDIRECT] [Fatal Error] :1:1: Premature end of file.
2026-05-09 11:13:14,826 [ERROR] LogOutputStream:75 - [STDERR_REDIRECT] 
2026-05-09 11:13:15,838 [ERROR] LogOutputStream:75 - [STDERR_REDIRECT] [Fatal Error] :1:1: Premature end of file.
2026-05-09 11:13:15,838 [ERROR] LogOutputStream:75 - [STDERR_REDIRECT] 
2026-05-09 11:13:16,821 [ERROR] LogOutputStream:75 - [STDERR_REDIRECT] [Fatal Error] :1:1: Premature end of file.
2026-05-09 11:13:16,821 [ERROR] LogOutputStream:75 - [STDERR_REDIRECT] 
2026-05-09 11:13:17,819 [ERROR] LogOutputStream:75 - [STDERR_REDIRECT] [Fatal Error] :1:1: Premature end of file.
2026-05-09 11:13:17,819 [ERROR] LogOutputStream:75 - [STDERR_REDIRECT] 
2026-05-09 11:13:18,814 [ERROR] LogOutputStream:75 - [STDERR_REDIRECT] [Fatal Error] :1:1: Premature end of file.
2026-05-09 11:13:18,814 [ERROR] LogOutputStream:75 - [STDERR_REDIRECT] 
2026-05-09 11:13:19,819 [ERROR] LogOutputStream:75 - [STDERR_REDIRECT] [Fatal Error] :1:1: Premature end of file.
2026-05-09 11:13:19,820 [ERROR] LogOutputStream:75 - [STDERR_REDIRECT] 
2026-05-09 11:13:20,819 [ERROR] LogOutputStream:75 - [STDERR_REDIRECT] [Fatal Error] :1:1: Premature end of file.
2026-05-09 11:13:20,819 [ERROR] LogOutputStream:75 - [STDERR_REDIRECT] 
2026-05-09 11:13:21,819 [ERROR] LogOutputStream:75 - [STDERR_REDIRECT] [Fatal Error] :1:1: Premature end of file.
2026-05-09 11:13:21,819 [ERROR] LogOutputStream:75 - [STDERR_REDIRECT] 
2026-05-09 11:13:22,822 [ERROR] LogOutputStream:75 - [STDERR_REDIRECT] [Fatal Error] :1:1: Premature end of file.
2026-05-09 11:13:22,823 [ERROR] LogOutputStream:75 - [STDERR_REDIRECT] 
2026-05-09 11:13:23,820 [ERROR] LogOutputStream:75 - [STDERR_REDIRECT] [Fatal Error] :1:1: Premature end of file.
2026-05-09 11:13:23,821 [ERROR] LogOutputStream:75 - [STDERR_REDIRECT] 
2026-05-09 11:13:24,821 [ERROR] LogOutputStream:75 - [STDERR_REDIRECT] [Fatal Error] :1:1: Premature end of file.
2026-05-09 11:13:24,821 [ERROR] LogOutputStream:75 - [STDERR_REDIRECT] 
2026-05-09 11:13:25,834 [ERROR] LogOutputStream:75 - [STDERR_REDIRECT] [Fatal Error] :1:1: Premature end of file.
2026-05-09 11:13:25,834 [ERROR] LogOutputStream:75 - [STDERR_REDIRECT] 
2026-05-09 11:13:26,824 [ERROR] LogOutputStream:75 - [STDERR_REDIRECT] [Fatal Error] :1:1: Premature end of file.
2026-05-09 11:13:26,824 [ERROR] LogOutputStream:75 - [STDERR_REDIRECT] 
2026-05-09 11:13:27,817 [ERROR] LogOutputStream:75 - [STDERR_REDIRECT] [Fatal Error] :1:1: Premature end of file.
2026-05-09 11:13:27,817 [ERROR] LogOutputStream:75 - [STDERR_REDIRECT] 
2026-05-09 11:13:28,811 [ERROR] LogOutputStream:75 - [STDERR_REDIRECT] [Fatal Error] :1:1: Premature end of file.
2026-05-09 11:13:28,811 [ERROR] LogOutputStream:75 - [STDERR_REDIRECT] 
2026-05-09 11:13:29,894 [ERROR] LogOutputStream:75 - [STDERR_REDIRECT] [Fatal Error] :1:1: Premature end of file.
2026-05-09 11:13:29,894 [ERROR] LogOutputStream:75 - [STDERR_REDIRECT] 
2026-05-09 11:13:30,818 [ERROR] LogOutputStream:75 - [STDERR_REDIRECT] [Fatal Error] :1:1: Premature end of file.
2026-05-09 11:13:30,818 [ERROR] LogOutputStream:75 - [STDERR_REDIRECT] 
2026-05-09 11:13:31,818 [ERROR] LogOutputStream:75 - [STDERR_REDIRECT] [Fatal Error] :1:1: Premature end of file.
2026-05-09 11:13:31,819 [ERROR] LogOutputStream:75 - [STDERR_REDIRECT] 
2026-05-09 11:13:32,816 [ERROR] LogOutputStream:75 - [STDERR_REDIRECT] [Fatal Error] :1:1: Premature end of file.
2026-05-09 11:13:32,816 [ERROR] LogOutputStream:75 - [STDERR_REDIRECT] 
2026-05-09 11:13:33,812 [ERROR] LogOutputStream:75 - [STDERR_REDIRECT] [Fatal Error] :1:1: Premature end of file.
2026-05-09 11:13:33,813 [ERROR] LogOutputStream:75 - [STDERR_REDIRECT] 
2026-05-09 11:13:34,817 [ERROR] LogOutputStream:75 - [STDERR_REDIRECT] [Fatal Error] :1:1: Premature end of file.
2026-05-09 11:13:34,817 [ERROR] LogOutputStream:75 - [STDERR_REDIRECT] 
2026-05-09 11:13:35,831 [ERROR] LogOutputStream:75 - [STDERR_REDIRECT] [Fatal Error] :1:1: Premature end of file.
2026-05-09 11:13:35,831 [ERROR] LogOutputStream:75 - [STDERR_REDIRECT] 
2026-05-09 11:13:36,826 [ERROR] LogOutputStream:75 - [STDERR_REDIRECT] [Fatal Error] :1:1: Premature end of file.
2026-05-09 11:13:36,826 [ERROR] LogOutputStream:75 - [STDERR_REDIRECT] 
2026-05-09 11:13:37,817 [ERROR] LogOutputStream:75 - [STDERR_REDIRECT] [Fatal Error] :1:1: Premature end of file.
2026-05-09 11:13:37,817 [ERROR] LogOutputStream:75 - [STDERR_REDIRECT] 
2026-05-09 11:13:38,800 [ERROR] LogOutputStream:75 - [STDERR_REDIRECT] [Fatal Error] :1:1: Premature end of file.
2026-05-09 11:13:38,800 [ERROR] LogOutputStream:75 - [STDERR_REDIRECT] 
2026-05-09 11:13:39,830 [ERROR] LogOutputStream:75 - [STDERR_REDIRECT] [Fatal Error] :1:1: Premature end of file.
2026-05-09 11:13:39,830 [ERROR] LogOutputStream:75 - [STDERR_REDIRECT] 
2026-05-09 11:13:40,827 [ERROR] LogOutputStream:75 - [STDERR_REDIRECT] [Fatal Error] :1:1: Premature end of file.
2026-05-09 11:13:40,828 [ERROR] LogOutputStream:75 - [STDERR_REDIRECT] 
2026-05-09 11:13:41,844 [ERROR] LogOutputStream:75 - [STDERR_REDIRECT] [Fatal Error] :1:1: Premature end of file.
2026-05-09 11:13:41,844 [ERROR] LogOutputStream:75 - [STDERR_REDIRECT] 
2026-05-09 11:13:42,797 [ERROR] LogOutputStream:75 - [STDERR_REDIRECT] [Fatal Error] :1:1: Premature end of file.
2026-05-09 11:13:42,797 [ERROR] LogOutputStream:75 - [STDERR_REDIRECT] 
2026-05-09 11:13:43,827 [ERROR] LogOutputStream:75 - [STDERR_REDIRECT] [Fatal Error] :1:1: Premature end of file.
2026-05-09 11:13:43,828 [ERROR] LogOutputStream:75 - [STDERR_REDIRECT] 
2026-05-09 11:13:44,815 [ERROR] LogOutputStream:75 - [STDERR_REDIRECT] [Fatal Error] :1:1: Premature end of file.
2026-05-09 11:13:44,815 [ERROR] LogOutputStream:75 - [STDERR_REDIRECT] 
2026-05-09 11:13:45,823 [ERROR] LogOutputStream:75 - [STDERR_REDIRECT] [Fatal Error] :1:1: Premature end of file.
2026-05-09 11:13:45,823 [ERROR] LogOutputStream:75 - [STDERR_REDIRECT] 
2026-05-09 11:13:46,825 [ERROR] LogOutputStream:75 - [STDERR_REDIRECT] [Fatal Error] :1:1: Premature end of file.
2026-05-09 11:13:46,826 [ERROR] LogOutputStream:75 - [STDERR_REDIRECT] 
2026-05-09 11:13:47,819 [ERROR] LogOutputStream:75 - [STDERR_REDIRECT] [Fatal Error] :1:1: Premature end of file.
2026-05-09 11:13:47,820 [ERROR] LogOutputStream:75 - [STDERR_REDIRECT] 
2026-05-09 11:13:48,821 [ERROR] LogOutputStream:75 - [STDERR_REDIRECT] [Fatal Error] :1:1: Premature end of file.
2026-05-09 11:13:48,821 [ERROR] LogOutputStream:75 - [STDERR_REDIRECT] 
2026-05-09 11:13:49,823 [ERROR] LogOutputStream:75 - [STDERR_REDIRECT] [Fatal Error] :1:1: Premature end of file.
2026-05-09 11:13:49,823 [ERROR] LogOutputStream:75 - [STDERR_REDIRECT] 
2026-05-09 11:13:50,821 [ERROR] LogOutputStream:75 - [STDERR_REDIRECT] [Fatal Error] :1:1: Premature end of file.
2026-05-09 11:13:50,821 [ERROR] LogOutputStream:75 - [STDERR_REDIRECT] 
2026-05-09 11:13:51,827 [ERROR] LogOutputStream:75 - [STDERR_REDIRECT] [Fatal Error] :1:1: Premature end of file.
2026-05-09 11:13:51,827 [ERROR] LogOutputStream:75 - [STDERR_REDIRECT] 
2026-05-09 11:13:52,819 [ERROR] LogOutputStream:75 - [STDERR_REDIRECT] [Fatal Error] :1:1: Premature end of file.
2026-05-09 11:13:52,819 [ERROR] LogOutputStream:75 - [STDERR_REDIRECT] 
2026-05-09 11:13:53,828 [ERROR] LogOutputStream:75 - [STDERR_REDIRECT] [Fatal Error] :1:1: Premature end of file.
2026-05-09 11:13:53,829 [ERROR] LogOutputStream:75 - [STDERR_REDIRECT] 
2026-05-09 11:13:54,829 [ERROR] LogOutputStream:75 - [STDERR_REDIRECT] [Fatal Error] :1:1: Premature end of file.
2026-05-09 11:13:54,829 [ERROR] LogOutputStream:75 - [STDERR_REDIRECT] 
2026-05-09 11:13:55,823 [ERROR] LogOutputStream:75 - [STDERR_REDIRECT] [Fatal Error] :1:1: Premature end of file.
2026-05-09 11:13:55,823 [ERROR] LogOutputStream:75 - [STDERR_REDIRECT] 
2026-05-09 11:13:56,808 [ERROR] LogOutputStream:75 - [STDERR_REDIRECT] [Fatal Error] :1:1: Premature end of file.
2026-05-09 11:13:56,808 [ERROR] LogOutputStream:75 - [STDERR_REDIRECT] 
2026-05-09 11:13:57,823 [ERROR] LogOutputStream:75 - [STDERR_REDIRECT] [Fatal Error] :1:1: Premature end of file.
2026-05-09 11:13:57,823 [ERROR] LogOutputStream:75 - [STDERR_REDIRECT] 
2026-05-09 11:13:58,811 [ERROR] LogOutputStream:75 - [STDERR_REDIRECT] [Fatal Error] :1:1: Premature end of file.
2026-05-09 11:13:58,811 [ERROR] LogOutputStream:75 - [STDERR_REDIRECT] 
2026-05-09 11:13:59,834 [ERROR] LogOutputStream:75 - [STDERR_REDIRECT] [Fatal Error] :1:1: Premature end of file.
2026-05-09 11:13:59,834 [ERROR] LogOutputStream:75 - [STDERR_REDIRECT] 
2026-05-09 11:14:00,821 [ERROR] LogOutputStream:75 - [STDERR_REDIRECT] [Fatal Error] :1:1: Premature end of file.
2026-05-09 11:14:00,822 [ERROR] LogOutputStream:75 - [STDERR_REDIRECT] 
2026-05-09 11:14:01,846 [ERROR] LogOutputStream:75 - [STDERR_REDIRECT] [Fatal Error] :1:1: Premature end of file.
2026-05-09 11:14:01,846 [ERROR] LogOutputStream:75 - [STDERR_REDIRECT] 
2026-05-09 11:14:02,865 [ERROR] LogOutputStream:75 - [STDERR_REDIRECT] [Fatal Error] :1:1: Premature end of file.
2026-05-09 11:14:02,865 [ERROR] LogOutputStream:75 - [STDERR_REDIRECT] 
2026-05-09 11:14:03,822 [ERROR] LogOutputStream:75 - [STDERR_REDIRECT] [Fatal Error] :1:1: Premature end of file.
2026-05-09 11:14:03,822 [ERROR] LogOutputStream:75 - [STDERR_REDIRECT] 
2026-05-09 11:14:04,821 [ERROR] LogOutputStream:75 - [STDERR_REDIRECT] [Fatal Error] :1:1: Premature end of file.
2026-05-09 11:14:04,821 [ERROR] LogOutputStream:75 - [STDERR_REDIRECT] 
2026-05-09 11:14:05,848 [ERROR] LogOutputStream:75 - [STDERR_REDIRECT] [Fatal Error] :1:1: Premature end of file.
2026-05-09 11:14:05,848 [ERROR] LogOutputStream:75 - [STDERR_REDIRECT] 
2026-05-09 11:14:06,836 [ERROR] LogOutputStream:75 - [STDERR_REDIRECT] [Fatal Error] :1:1: Premature end of file.
2026-05-09 11:14:06,836 [ERROR] LogOutputStream:75 - [STDERR_REDIRECT] 
2026-05-09 11:14:07,827 [ERROR] LogOutputStream:75 - [STDERR_REDIRECT] [Fatal Error] :1:1: Premature end of file.
2026-05-09 11:14:07,827 [ERROR] LogOutputStream:75 - [STDERR_REDIRECT] 
2026-05-09 11:14:08,829 [ERROR] LogOutputStream:75 - [STDERR_REDIRECT] [Fatal Error] :1:1: Premature end of file.
2026-05-09 11:14:08,829 [ERROR] LogOutputStream:75 - [STDERR_REDIRECT] 
2026-05-09 11:14:09,836 [ERROR] LogOutputStream:75 - [STDERR_REDIRECT] [Fatal Error] :1:1: Premature end of file.
2026-05-09 11:14:09,836 [ERROR] LogOutputStream:75 - [STDERR_REDIRECT] 
2026-05-09 11:14:10,839 [ERROR] LogOutputStream:75 - [STDERR_REDIRECT] [Fatal Error] :1:1: Premature end of file.
2026-05-09 11:14:10,839 [ERROR] LogOutputStream:75 - [STDERR_REDIRECT] 
2026-05-09 11:14:11,826 [ERROR] LogOutputStream:75 - [STDERR_REDIRECT] [Fatal Error] :1:1: Premature end of file.
2026-05-09 11:14:11,827 [ERROR] LogOutputStream:75 - [STDERR_REDIRECT] 
2026-05-09 11:14:12,832 [ERROR] LogOutputStream:75 - [STDERR_REDIRECT] [Fatal Error] :1:1: Premature end of file.
2026-05-09 11:14:12,832 [ERROR] LogOutputStream:75 - [STDERR_REDIRECT] 
2026-05-09 11:14:13,834 [ERROR] LogOutputStream:75 - [STDERR_REDIRECT] [Fatal Error] :1:1: Premature end of file.
2026-05-09 11:14:13,834 [ERROR] LogOutputStream:75 - [STDERR_REDIRECT] 
2026-05-09 11:14:14,839 [ERROR] LogOutputStream:75 - [STDERR_REDIRECT] [Fatal Error] :1:1: Premature end of file.
2026-05-09 11:14:14,839 [ERROR] LogOutputStream:75 - [STDERR_REDIRECT] 
2026-05-09 11:14:15,849 [ERROR] LogOutputStream:75 - [STDERR_REDIRECT] [Fatal Error] :1:1: Premature end of file.
2026-05-09 11:14:15,849 [ERROR] LogOutputStream:75 - [STDERR_REDIRECT] 
2026-05-09 11:14:16,827 [ERROR] LogOutputStream:75 - [STDERR_REDIRECT] [Fatal Error] :1:1: Premature end of file.
2026-05-09 11:14:16,827 [ERROR] LogOutputStream:75 - [STDERR_REDIRECT] 
2026-05-09 11:14:17,834 [ERROR] LogOutputStream:75 - [STDERR_REDIRECT] [Fatal Error] :1:1: Premature end of file.
2026-05-09 11:14:17,835 [ERROR] LogOutputStream:75 - [STDERR_REDIRECT] 
2026-05-09 11:14:18,828 [ERROR] LogOutputStream:75 - [STDERR_REDIRECT] [Fatal Error] :1:1: Premature end of file.
2026-05-09 11:14:18,828 [ERROR] LogOutputStream:75 - [STDERR_REDIRECT] 
2026-05-09 11:14:19,838 [ERROR] LogOutputStream:75 - [STDERR_REDIRECT] [Fatal Error] :1:1: Premature end of file.
2026-05-09 11:14:19,838 [ERROR] LogOutputStream:75 - [STDERR_REDIRECT] 
2026-05-09 11:14:20,831 [ERROR] LogOutputStream:75 - [STDERR_REDIRECT] [Fatal Error] :1:1: Premature end of file.
2026-05-09 11:14:20,832 [ERROR] LogOutputStream:75 - [STDERR_REDIRECT] 
2026-05-09 11:14:21,844 [ERROR] LogOutputStream:75 - [STDERR_REDIRECT] [Fatal Error] :1:1: Premature end of file.
2026-05-09 11:14:21,844 [ERROR] LogOutputStream:75 - [STDERR_REDIRECT] 
2026-05-09 11:14:22,835 [ERROR] LogOutputStream:75 - [STDERR_REDIRECT] [Fatal Error] :1:1: Premature end of file.
2026-05-09 11:14:22,836 [ERROR] LogOutputStream:75 - [STDERR_REDIRECT] 
2026-05-09 11:14:23,830 [ERROR] LogOutputStream:75 - [STDERR_REDIRECT] [Fatal Error] :1:1: Premature end of file.
2026-05-09 11:14:23,831 [ERROR] LogOutputStream:75 - [STDERR_REDIRECT] 
2026-05-09 11:14:24,803 [ERROR] LogOutputStream:75 - [STDERR_REDIRECT] [Fatal Error] :1:1: Premature end of file.
2026-05-09 11:14:24,803 [ERROR] LogOutputStream:75 - [STDERR_REDIRECT] 
2026-05-09 11:14:25,849 [ERROR] LogOutputStream:75 - [STDERR_REDIRECT] [Fatal Error] :1:1: Premature end of file.
2026-05-09 11:14:25,849 [ERROR] LogOutputStream:75 - [STDERR_REDIRECT] 
2026-05-09 11:14:26,846 [ERROR] LogOutputStream:75 - [STDERR_REDIRECT] [Fatal Error] :1:1: Premature end of file.
2026-05-09 11:14:26,846 [ERROR] LogOutputStream:75 - [STDERR_REDIRECT] 
2026-05-09 11:14:27,844 [ERROR] LogOutputStream:75 - [STDERR_REDIRECT] [Fatal Error] :1:1: Premature end of file.
2026-05-09 11:14:27,845 [ERROR] LogOutputStream:75 - [STDERR_REDIRECT] 
2026-05-09 11:14:28,840 [ERROR] LogOutputStream:75 - [STDERR_REDIRECT] [Fatal Error] :1:1: Premature end of file.
2026-05-09 11:14:28,840 [ERROR] LogOutputStream:75 - [STDERR_REDIRECT] 
2026-05-09 11:14:29,868 [ERROR] LogOutputStream:75 - [STDERR_REDIRECT] [Fatal Error] :1:1: Premature end of file.
2026-05-09 11:14:29,868 [ERROR] LogOutputStream:75 - [STDERR_REDIRECT] 
2026-05-09 11:14:30,822 [ERROR] LogOutputStream:75 - [STDERR_REDIRECT] [Fatal Error] :1:1: Premature end of file.
2026-05-09 11:14:30,823 [ERROR] LogOutputStream:75 - [STDERR_REDIRECT] 
2026-05-09 11:14:31,833 [ERROR] LogOutputStream:75 - [STDERR_REDIRECT] [Fatal Error] :1:1: Premature end of file.
2026-05-09 11:14:31,834 [ERROR] LogOutputStream:75 - [STDERR_REDIRECT] 
2026-05-09 11:14:32,830 [ERROR] LogOutputStream:75 - [STDERR_REDIRECT] [Fatal Error] :1:1: Premature end of file.
2026-05-09 11:14:32,830 [ERROR] LogOutputStream:75 - [STDERR_REDIRECT] 
2026-05-09 11:14:33,831 [ERROR] LogOutputStream:75 - [STDERR_REDIRECT] [Fatal Error] :1:1: Premature end of file.
2026-05-09 11:14:33,831 [ERROR] LogOutputStream:75 - [STDERR_REDIRECT] 
2026-05-09 11:14:34,834 [ERROR] LogOutputStream:75 - [STDERR_REDIRECT] [Fatal Error] :1:1: Premature end of file.
2026-05-09 11:14:34,836 [ERROR] LogOutputStream:75 - [STDERR_REDIRECT] 
2026-05-09 11:14:35,838 [ERROR] LogOutputStream:75 - [STDERR_REDIRECT] [Fatal Error] :1:1: Premature end of file.
2026-05-09 11:14:35,838 [ERROR] LogOutputStream:75 - [STDERR_REDIRECT] 
2026-05-09 11:14:36,829 [ERROR] LogOutputStream:75 - [STDERR_REDIRECT] [Fatal Error] :1:1: Premature end of file.
2026-05-09 11:14:36,829 [ERROR] LogOutputStream:75 - [STDERR_REDIRECT] 
2026-05-09 11:14:37,848 [ERROR] LogOutputStream:75 - [STDERR_REDIRECT] [Fatal Error] :1:1: Premature end of file.
2026-05-09 11:14:37,849 [ERROR] LogOutputStream:75 - [STDERR_REDIRECT] 
2026-05-09 11:14:38,833 [ERROR] LogOutputStream:75 - [STDERR_REDIRECT] [Fatal Error] :1:1: Premature end of file.
2026-05-09 11:14:38,834 [ERROR] LogOutputStream:75 - [STDERR_REDIRECT] 
2026-05-09 11:14:39,828 [ERROR] LogOutputStream:75 - [STDERR_REDIRECT] [Fatal Error] :1:1: Premature end of file.
2026-05-09 11:14:39,829 [ERROR] LogOutputStream:75 - [STDERR_REDIRECT] 
2026-05-09 11:14:40,844 [ERROR] LogOutputStream:75 - [STDERR_REDIRECT] [Fatal Error] :1:1: Premature end of file.
2026-05-09 11:14:40,844 [ERROR] LogOutputStream:75 - [STDERR_REDIRECT] 
2026-05-09 11:14:41,838 [ERROR] LogOutputStream:75 - [STDERR_REDIRECT] [Fatal Error] :1:1: Premature end of file.
2026-05-09 11:14:41,838 [ERROR] LogOutputStream:75 - [STDERR_REDIRECT] 
2026-05-09 11:14:42,838 [ERROR] LogOutputStream:75 - [STDERR_REDIRECT] [Fatal Error] :1:1: Premature end of file.
2026-05-09 11:14:42,839 [ERROR] LogOutputStream:75 - [STDERR_REDIRECT] 
2026-05-09 11:14:43,811 [ERROR] LogOutputStream:75 - [STDERR_REDIRECT] [Fatal Error] :1:1: Premature end of file.
2026-05-09 11:14:43,811 [ERROR] LogOutputStream:75 - [STDERR_REDIRECT] 
2026-05-09 11:14:44,842 [ERROR] LogOutputStream:75 - [STDERR_REDIRECT] [Fatal Error] :1:1: Premature end of file.
2026-05-09 11:14:44,842 [ERROR] LogOutputStream:75 - [STDERR_REDIRECT] 
2026-05-09 11:14:45,859 [ERROR] LogOutputStream:75 - [STDERR_REDIRECT] [Fatal Error] :1:1: Premature end of file.
2026-05-09 11:14:45,859 [ERROR] LogOutputStream:75 - [STDERR_REDIRECT] 
2026-05-09 11:14:46,852 [ERROR] LogOutputStream:75 - [STDERR_REDIRECT] [Fatal Error] :1:1: Premature end of file.
2026-05-09 11:14:46,853 [ERROR] LogOutputStream:75 - [STDERR_REDIRECT] 
2026-05-09 11:14:47,836 [ERROR] LogOutputStream:75 - [STDERR_REDIRECT] [Fatal Error] :1:1: Premature end of file.
2026-05-09 11:14:47,836 [ERROR] LogOutputStream:75 - [STDERR_REDIRECT] 
2026-05-09 11:14:48,830 [ERROR] LogOutputStream:75 - [STDERR_REDIRECT] [Fatal Error] :1:1: Premature end of file.
2026-05-09 11:14:48,831 [ERROR] LogOutputStream:75 - [STDERR_REDIRECT] 
2026-05-09 11:14:49,834 [ERROR] LogOutputStream:75 - [STDERR_REDIRECT] [Fatal Error] :1:1: Premature end of file.
2026-05-09 11:14:49,834 [ERROR] LogOutputStream:75 - [STDERR_REDIRECT] 
2026-05-09 11:14:50,814 [ERROR] LogOutputStream:75 - [STDERR_REDIRECT] [Fatal Error] :1:1: Premature end of file.
2026-05-09 11:14:50,814 [ERROR] LogOutputStream:75 - [STDERR_REDIRECT] 
2026-05-09 11:14:51,844 [ERROR] LogOutputStream:75 - [STDERR_REDIRECT] [Fatal Error] :1:1: Premature end of file.
2026-05-09 11:14:51,844 [ERROR] LogOutputStream:75 - [STDERR_REDIRECT] 
2026-05-09 11:14:52,798 [ERROR] LogOutputStream:75 - [STDERR_REDIRECT] [Fatal Error] :1:1: Premature end of file.
2026-05-09 11:14:52,798 [ERROR] LogOutputStream:75 - [STDERR_REDIRECT] 
2026-05-09 11:14:53,840 [ERROR] LogOutputStream:75 - [STDERR_REDIRECT] [Fatal Error] :1:1: Premature end of file.
2026-05-09 11:14:53,840 [ERROR] LogOutputStream:75 - [STDERR_REDIRECT] 
2026-05-09 11:14:54,845 [ERROR] LogOutputStream:75 - [STDERR_REDIRECT] [Fatal Error] :1:1: Premature end of file.
2026-05-09 11:14:54,846 [ERROR] LogOutputStream:75 - [STDERR_REDIRECT] 
2026-05-09 11:14:55,834 [ERROR] LogOutputStream:75 - [STDERR_REDIRECT] [Fatal Error] :1:1: Premature end of file.
2026-05-09 11:14:55,834 [ERROR] LogOutputStream:75 - [STDERR_REDIRECT] 
2026-05-09 11:14:56,831 [ERROR] LogOutputStream:75 - [STDERR_REDIRECT] [Fatal Error] :1:1: Premature end of file.
2026-05-09 11:14:56,831 [ERROR] LogOutputStream:75 - [STDERR_REDIRECT] 
2026-05-09 11:14:57,841 [ERROR] LogOutputStream:75 - [STDERR_REDIRECT] [Fatal Error] :1:1: Premature end of file.
2026-05-09 11:14:57,841 [ERROR] LogOutputStream:75 - [STDERR_REDIRECT] 
2026-05-09 11:14:58,832 [ERROR] LogOutputStream:75 - [STDERR_REDIRECT] [Fatal Error] :1:1: Premature end of file.
2026-05-09 11:14:58,833 [ERROR] LogOutputStream:75 - [STDERR_REDIRECT] 
2026-05-09 11:14:59,833 [ERROR] LogOutputStream:75 - [STDERR_REDIRECT] [Fatal Error] :1:1: Premature end of file.
2026-05-09 11:14:59,834 [ERROR] LogOutputStream:75 - [STDERR_REDIRECT] 
2026-05-09 11:15:00,854 [ERROR] LogOutputStream:75 - [STDERR_REDIRECT] [Fatal Error] :1:1: Premature end of file.
2026-05-09 11:15:00,854 [ERROR] LogOutputStream:75 - [STDERR_REDIRECT] 
2026-05-09 11:15:01,837 [ERROR] LogOutputStream:75 - [STDERR_REDIRECT] [Fatal Error] :1:1: Premature end of file.
2026-05-09 11:15:01,838 [ERROR] LogOutputStream:75 - [STDERR_REDIRECT] 
2026-05-09 11:15:02,835 [ERROR] LogOutputStream:75 - [STDERR_REDIRECT] [Fatal Error] :1:1: Premature end of file.
2026-05-09 11:15:02,836 [ERROR] LogOutputStream:75 - [STDERR_REDIRECT] 
2026-05-09 11:15:03,826 [ERROR] LogOutputStream:75 - [STDERR_REDIRECT] [Fatal Error] :1:1: Premature end of file.
2026-05-09 11:15:03,827 [ERROR] LogOutputStream:75 - [STDERR_REDIRECT] 
2026-05-09 11:15:04,854 [ERROR] LogOutputStream:75 - [STDERR_REDIRECT] [Fatal Error] :1:1: Premature end of file.
2026-05-09 11:15:04,854 [ERROR] LogOutputStream:75 - [STDERR_REDIRECT] 
2026-05-09 11:15:05,834 [ERROR] LogOutputStream:75 - [STDERR_REDIRECT] [Fatal Error] :1:1: Premature end of file.
2026-05-09 11:15:05,834 [ERROR] LogOutputStream:75 - [STDERR_REDIRECT] 
2026-05-09 11:15:06,846 [ERROR] LogOutputStream:75 - [STDERR_REDIRECT] [Fatal Error] :1:1: Premature end of file.
2026-05-09 11:15:06,846 [ERROR] LogOutputStream:75 - [STDERR_REDIRECT] 
2026-05-09 11:15:07,836 [ERROR] LogOutputStream:75 - [STDERR_REDIRECT] [Fatal Error] :1:1: Premature end of file.
2026-05-09 11:15:07,836 [ERROR] LogOutputStream:75 - [STDERR_REDIRECT] 
2026-05-09 11:15:08,839 [ERROR] LogOutputStream:75 - [STDERR_REDIRECT] [Fatal Error] :1:1: Premature end of file.
2026-05-09 11:15:08,840 [ERROR] LogOutputStream:75 - [STDERR_REDIRECT] 
2026-05-09 11:15:09,801 [ERROR] LogOutputStream:75 - [STDERR_REDIRECT] [Fatal Error] :1:1: Premature end of file.
2026-05-09 11:15:09,801 [ERROR] LogOutputStream:75 - [STDERR_REDIRECT] 
2026-05-09 11:15:10,813 [ERROR] LogOutputStream:75 - [STDERR_REDIRECT] [Fatal Error] :1:1: Premature end of file.
2026-05-09 11:15:10,813 [ERROR] LogOutputStream:75 - [STDERR_REDIRECT] 
2026-05-09 11:15:11,823 [ERROR] LogOutputStream:75 - [STDERR_REDIRECT] [Fatal Error] :1:1: Premature end of file.
2026-05-09 11:15:11,823 [ERROR] LogOutputStream:75 - [STDERR_REDIRECT] 
2026-05-09 11:15:12,839 [ERROR] LogOutputStream:75 - [STDERR_REDIRECT] [Fatal Error] :1:1: Premature end of file.
2026-05-09 11:15:12,840 [ERROR] LogOutputStream:75 - [STDERR_REDIRECT] 
2026-05-09 11:15:13,827 [ERROR] LogOutputStream:75 - [STDERR_REDIRECT] [Fatal Error] :1:1: Premature end of file.
2026-05-09 11:15:13,827 [ERROR] LogOutputStream:75 - [STDERR_REDIRECT] 
2026-05-09 11:15:14,849 [ERROR] LogOutputStream:75 - [STDERR_REDIRECT] [Fatal Error] :1:1: Premature end of file.
2026-05-09 11:15:14,853 [ERROR] LogOutputStream:75 - [STDERR_REDIRECT] 
2026-05-09 11:15:15,823 [ERROR] LogOutputStream:75 - [STDERR_REDIRECT] [Fatal Error] :1:1: Premature end of file.
2026-05-09 11:15:15,824 [ERROR] LogOutputStream:75 - [STDERR_REDIRECT] 
2026-05-09 11:15:16,821 [ERROR] LogOutputStream:75 - [STDERR_REDIRECT] [Fatal Error] :1:1: Premature end of file.
2026-05-09 11:15:16,821 [ERROR] LogOutputStream:75 - [STDERR_REDIRECT] 
2026-05-09 11:15:17,816 [ERROR] LogOutputStream:75 - [STDERR_REDIRECT] [Fatal Error] :1:1: Premature end of file.
2026-05-09 11:15:17,816 [ERROR] LogOutputStream:75 - [STDERR_REDIRECT] 
2026-05-09 11:15:18,816 [ERROR] LogOutputStream:75 - [STDERR_REDIRECT] [Fatal Error] :1:1: Premature end of file.
2026-05-09 11:15:18,816 [ERROR] LogOutputStream:75 - [STDERR_REDIRECT] 
2026-05-09 11:15:19,862 [ERROR] LogOutputStream:75 - [STDERR_REDIRECT] [Fatal Error] :1:1: Premature end of file.
2026-05-09 11:15:19,862 [ERROR] LogOutputStream:75 - [STDERR_REDIRECT] 
2026-05-09 11:15:20,813 [ERROR] LogOutputStream:75 - [STDERR_REDIRECT] [Fatal Error] :1:1: Premature end of file.
2026-05-09 11:15:20,813 [ERROR] LogOutputStream:75 - [STDERR_REDIRECT] 
2026-05-09 11:15:21,829 [ERROR] LogOutputStream:75 - [STDERR_REDIRECT] [Fatal Error] :1:1: Premature end of file.
2026-05-09 11:15:21,829 [ERROR] LogOutputStream:75 - [STDERR_REDIRECT] 
2026-05-09 11:15:22,824 [ERROR] LogOutputStream:75 - [STDERR_REDIRECT] [Fatal Error] :1:1: Premature end of file.
2026-05-09 11:15:22,824 [ERROR] LogOutputStream:75 - [STDERR_REDIRECT] 
2026-05-09 11:15:23,848 [ERROR] LogOutputStream:75 - [STDERR_REDIRECT] [Fatal Error] :1:1: Premature end of file.
2026-05-09 11:15:23,848 [ERROR] LogOutputStream:75 - [STDERR_REDIRECT] 
2026-05-09 11:15:24,851 [ERROR] LogOutputStream:75 - [STDERR_REDIRECT] [Fatal Error] :1:1: Premature end of file.
2026-05-09 11:15:24,851 [ERROR] LogOutputStream:75 - [STDERR_REDIRECT] 
2026-05-09 11:15:25,844 [ERROR] LogOutputStream:75 - [STDERR_REDIRECT] [Fatal Error] :1:1: Premature end of file.
2026-05-09 11:15:25,844 [ERROR] LogOutputStream:75 - [STDERR_REDIRECT] 
2026-05-09 11:15:26,846 [ERROR] LogOutputStream:75 - [STDERR_REDIRECT] [Fatal Error] :1:1: Premature end of file.
2026-05-09 11:15:26,846 [ERROR] LogOutputStream:75 - [STDERR_REDIRECT] 
2026-05-09 11:15:27,838 [ERROR] LogOutputStream:75 - [STDERR_REDIRECT] [Fatal Error] :1:1: Premature end of file.
2026-05-09 11:15:27,838 [ERROR] LogOutputStream:75 - [STDERR_REDIRECT] 
2026-05-09 11:15:28,819 [ERROR] LogOutputStream:75 - [STDERR_REDIRECT] [Fatal Error] :1:1: Premature end of file.
2026-05-09 11:15:28,820 [ERROR] LogOutputStream:75 - [STDERR_REDIRECT] 
2026-05-09 11:15:29,808 [ERROR] LogOutputStream:75 - [STDERR_REDIRECT] [Fatal Error] :1:1: Premature end of file.
2026-05-09 11:15:29,808 [ERROR] LogOutputStream:75 - [STDERR_REDIRECT] 
2026-05-09 11:15:30,836 [ERROR] LogOutputStream:75 - [STDERR_REDIRECT] [Fatal Error] :1:1: Premature end of file.
2026-05-09 11:15:30,836 [ERROR] LogOutputStream:75 - [STDERR_REDIRECT] 
2026-05-09 11:15:31,822 [ERROR] LogOutputStream:75 - [STDERR_REDIRECT] [Fatal Error] :1:1: Premature end of file.
2026-05-09 11:15:31,822 [ERROR] LogOutputStream:75 - [STDERR_REDIRECT] 
2026-05-09 11:15:32,853 [ERROR] LogOutputStream:75 - [STDERR_REDIRECT] [Fatal Error] :1:1: Premature end of file.
2026-05-09 11:15:32,853 [ERROR] LogOutputStream:75 - [STDERR_REDIRECT] 
2026-05-09 11:15:33,852 [ERROR] LogOutputStream:75 - [STDERR_REDIRECT] [Fatal Error] :1:1: Premature end of file.
2026-05-09 11:15:33,852 [ERROR] LogOutputStream:75 - [STDERR_REDIRECT] 
2026-05-09 11:15:34,842 [ERROR] LogOutputStream:75 - [STDERR_REDIRECT] [Fatal Error] :1:1: Premature end of file.
2026-05-09 11:15:34,842 [ERROR] LogOutputStream:75 - [STDERR_REDIRECT] 
2026-05-09 11:15:35,840 [ERROR] LogOutputStream:75 - [STDERR_REDIRECT] [Fatal Error] :1:1: Premature end of file.
2026-05-09 11:15:35,840 [ERROR] LogOutputStream:75 - [STDERR_REDIRECT] 
2026-05-09 11:15:36,832 [ERROR] LogOutputStream:75 - [STDERR_REDIRECT] [Fatal Error] :1:1: Premature end of file.
2026-05-09 11:15:36,832 [ERROR] LogOutputStream:75 - [STDERR_REDIRECT] 
2026-05-09 11:15:37,830 [ERROR] LogOutputStream:75 - [STDERR_REDIRECT] [Fatal Error] :1:1: Premature end of file.
2026-05-09 11:15:37,831 [ERROR] LogOutputStream:75 - [STDERR_REDIRECT] 
2026-05-09 11:15:38,832 [ERROR] LogOutputStream:75 - [STDERR_REDIRECT] [Fatal Error] :1:1: Premature end of file.
2026-05-09 11:15:38,833 [ERROR] LogOutputStream:75 - [STDERR_REDIRECT] 
2026-05-09 11:15:39,828 [ERROR] LogOutputStream:75 - [STDERR_REDIRECT] [Fatal Error] :1:1: Premature end of file.
2026-05-09 11:15:39,829 [ERROR] LogOutputStream:75 - [STDERR_REDIRECT] 
2026-05-09 11:15:40,830 [ERROR] LogOutputStream:75 - [STDERR_REDIRECT] [Fatal Error] :1:1: Premature end of file.
2026-05-09 11:15:40,830 [ERROR] LogOutputStream:75 - [STDERR_REDIRECT] 
2026-05-09 11:15:41,828 [ERROR] LogOutputStream:75 - [STDERR_REDIRECT] [Fatal Error] :1:1: Premature end of file.
2026-05-09 11:15:41,828 [ERROR] LogOutputStream:75 - [STDERR_REDIRECT] 
2026-05-09 11:15:42,849 [ERROR] LogOutputStream:75 - [STDERR_REDIRECT] [Fatal Error] :1:1: Premature end of file.
2026-05-09 11:15:42,849 [ERROR] LogOutputStream:75 - [STDERR_REDIRECT] 
2026-05-09 11:15:43,830 [ERROR] LogOutputStream:75 - [STDERR_REDIRECT] [Fatal Error] :1:1: Premature end of file.
2026-05-09 11:15:43,830 [ERROR] LogOutputStream:75 - [STDERR_REDIRECT] 
2026-05-09 11:15:44,817 [ERROR] LogOutputStream:75 - [STDERR_REDIRECT] [Fatal Error] :1:1: Premature end of file.
2026-05-09 11:15:44,817 [ERROR] LogOutputStream:75 - [STDERR_REDIRECT] 
2026-05-09 11:15:45,850 [ERROR] LogOutputStream:75 - [STDERR_REDIRECT] [Fatal Error] :1:1: Premature end of file.
2026-05-09 11:15:45,850 [ERROR] LogOutputStream:75 - [STDERR_REDIRECT] 
2026-05-09 11:15:46,828 [ERROR] LogOutputStream:75 - [STDERR_REDIRECT] [Fatal Error] :1:1: Premature end of file.
2026-05-09 11:15:46,828 [ERROR] LogOutputStream:75 - [STDERR_REDIRECT] 
2026-05-09 11:15:47,813 [ERROR] LogOutputStream:75 - [STDERR_REDIRECT] [Fatal Error] :1:1: Premature end of file.
2026-05-09 11:15:47,814 [ERROR] LogOutputStream:75 - [STDERR_REDIRECT] 
2026-05-09 11:15:48,837 [ERROR] LogOutputStream:75 - [STDERR_REDIRECT] [Fatal Error] :1:1: Premature end of file.
2026-05-09 11:15:48,837 [ERROR] LogOutputStream:75 - [STDERR_REDIRECT] 
2026-05-09 11:15:49,833 [ERROR] LogOutputStream:75 - [STDERR_REDIRECT] [Fatal Error] :1:1: Premature end of file.
2026-05-09 11:15:49,834 [ERROR] LogOutputStream:75 - [STDERR_REDIRECT] 
2026-05-09 11:15:50,826 [ERROR] LogOutputStream:75 - [STDERR_REDIRECT] [Fatal Error] :1:1: Premature end of file.
2026-05-09 11:15:50,826 [ERROR] LogOutputStream:75 - [STDERR_REDIRECT] 
2026-05-09 11:15:51,826 [ERROR] LogOutputStream:75 - [STDERR_REDIRECT] [Fatal Error] :1:1: Premature end of file.
2026-05-09 11:15:51,826 [ERROR] LogOutputStream:75 - [STDERR_REDIRECT] 
2026-05-09 11:15:52,818 [ERROR] LogOutputStream:75 - [STDERR_REDIRECT] [Fatal Error] :1:1: Premature end of file.
2026-05-09 11:15:52,819 [ERROR] LogOutputStream:75 - [STDERR_REDIRECT] 
2026-05-09 11:15:53,832 [ERROR] LogOutputStream:75 - [STDERR_REDIRECT] [Fatal Error] :1:1: Premature end of file.
2026-05-09 11:15:53,832 [ERROR] LogOutputStream:75 - [STDERR_REDIRECT] 
2026-05-09 11:15:54,841 [ERROR] LogOutputStream:75 - [STDERR_REDIRECT] [Fatal Error] :1:1: Premature end of file.
2026-05-09 11:15:54,842 [ERROR] LogOutputStream:75 - [STDERR_REDIRECT] 
2026-05-09 11:15:55,852 [ERROR] LogOutputStream:75 - [STDERR_REDIRECT] [Fatal Error] :1:1: Premature end of file.
2026-05-09 11:15:55,852 [ERROR] LogOutputStream:75 - [STDERR_REDIRECT] 
2026-05-09 11:15:56,832 [ERROR] LogOutputStream:75 - [STDERR_REDIRECT] [Fatal Error] :1:1: Premature end of file.
2026-05-09 11:15:56,832 [ERROR] LogOutputStream:75 - [STDERR_REDIRECT] 
2026-05-09 11:15:57,827 [ERROR] LogOutputStream:75 - [STDERR_REDIRECT] [Fatal Error] :1:1: Premature end of file.
2026-05-09 11:15:57,827 [ERROR] LogOutputStream:75 - [STDERR_REDIRECT] 
2026-05-09 11:15:58,828 [ERROR] LogOutputStream:75 - [STDERR_REDIRECT] [Fatal Error] :1:1: Premature end of file.
2026-05-09 11:15:58,828 [ERROR] LogOutputStream:75 - [STDERR_REDIRECT] 
2026-05-09 11:15:59,828 [ERROR] LogOutputStream:75 - [STDERR_REDIRECT] [Fatal Error] :1:1: Premature end of file.
2026-05-09 11:15:59,883 [ERROR] LogOutputStream:75 - [STDERR_REDIRECT] 
2026-05-09 11:16:00,845 [ERROR] LogOutputStream:75 - [STDERR_REDIRECT] [Fatal Error] :1:1: Premature end of file.
2026-05-09 11:16:00,845 [ERROR] LogOutputStream:75 - [STDERR_REDIRECT] 
2026-05-09 11:16:01,839 [ERROR] LogOutputStream:75 - [STDERR_REDIRECT] [Fatal Error] :1:1: Premature end of file.
2026-05-09 11:16:01,839 [ERROR] LogOutputStream:75 - [STDERR_REDIRECT] 
2026-05-09 11:16:02,830 [ERROR] LogOutputStream:75 - [STDERR_REDIRECT] [Fatal Error] :1:1: Premature end of file.
2026-05-09 11:16:02,830 [ERROR] LogOutputStream:75 - [STDERR_REDIRECT] 
2026-05-09 11:16:03,837 [ERROR] LogOutputStream:75 - [STDERR_REDIRECT] [Fatal Error] :1:1: Premature end of file.
2026-05-09 11:16:03,838 [ERROR] LogOutputStream:75 - [STDERR_REDIRECT] 
2026-05-09 11:16:04,833 [ERROR] LogOutputStream:75 - [STDERR_REDIRECT] [Fatal Error] :1:1: Premature end of file.
2026-05-09 11:16:04,833 [ERROR] LogOutputStream:75 - [STDERR_REDIRECT] 
2026-05-09 11:16:05,842 [ERROR] LogOutputStream:75 - [STDERR_REDIRECT] [Fatal Error] :1:1: Premature end of file.
2026-05-09 11:16:05,842 [ERROR] LogOutputStream:75 - [STDERR_REDIRECT] 
2026-05-09 11:16:06,828 [ERROR] LogOutputStream:75 - [STDERR_REDIRECT] [Fatal Error] :1:1: Premature end of file.
2026-05-09 11:16:06,828 [ERROR] LogOutputStream:75 - [STDERR_REDIRECT] 
2026-05-09 11:16:07,824 [ERROR] LogOutputStream:75 - [STDERR_REDIRECT] [Fatal Error] :1:1: Premature end of file.
2026-05-09 11:16:07,824 [ERROR] LogOutputStream:75 - [STDERR_REDIRECT] 
2026-05-09 11:16:08,872 [ERROR] LogOutputStream:75 - [STDERR_REDIRECT] [Fatal Error] :1:1: Premature end of file.
2026-05-09 11:16:08,872 [ERROR] LogOutputStream:75 - [STDERR_REDIRECT] 
2026-05-09 11:16:09,846 [ERROR] LogOutputStream:75 - [STDERR_REDIRECT] [Fatal Error] :1:1: Premature end of file.
2026-05-09 11:16:09,846 [ERROR] LogOutputStream:75 - [STDERR_REDIRECT] 
2026-05-09 11:16:10,823 [ERROR] LogOutputStream:75 - [STDERR_REDIRECT] [Fatal Error] :1:1: Premature end of file.
2026-05-09 11:16:10,823 [ERROR] LogOutputStream:75 - [STDERR_REDIRECT] 
2026-05-09 11:16:11,803 [ERROR] LogOutputStream:75 - [STDERR_REDIRECT] [Fatal Error] :1:1: Premature end of file.
2026-05-09 11:16:11,803 [ERROR] LogOutputStream:75 - [STDERR_REDIRECT] 
2026-05-09 11:16:12,819 [ERROR] LogOutputStream:75 - [STDERR_REDIRECT] [Fatal Error] :1:1: Premature end of file.
2026-05-09 11:16:12,819 [ERROR] LogOutputStream:75 - [STDERR_REDIRECT] 
2026-05-09 11:16:13,852 [ERROR] LogOutputStream:75 - [STDERR_REDIRECT] [Fatal Error] :1:1: Premature end of file.
2026-05-09 11:16:13,853 [ERROR] LogOutputStream:75 - [STDERR_REDIRECT] 
2026-05-09 11:16:14,830 [ERROR] LogOutputStream:75 - [STDERR_REDIRECT] [Fatal Error] :1:1: Premature end of file.
2026-05-09 11:16:14,830 [ERROR] LogOutputStream:75 - [STDERR_REDIRECT] 
2026-05-09 11:16:15,845 [ERROR] LogOutputStream:75 - [STDERR_REDIRECT] [Fatal Error] :1:1: Premature end of file.
2026-05-09 11:16:15,845 [ERROR] LogOutputStream:75 - [STDERR_REDIRECT] 
2026-05-09 11:16:16,800 [ERROR] LogOutputStream:75 - [STDERR_REDIRECT] [Fatal Error] :1:1: Premature end of file.
2026-05-09 11:16:16,801 [ERROR] LogOutputStream:75 - [STDERR_REDIRECT] 
2026-05-09 11:16:17,844 [ERROR] LogOutputStream:75 - [STDERR_REDIRECT] [Fatal Error] :1:1: Premature end of file.
2026-05-09 11:16:17,844 [ERROR] LogOutputStream:75 - [STDERR_REDIRECT] 
2026-05-09 11:16:18,825 [ERROR] LogOutputStream:75 - [STDERR_REDIRECT] [Fatal Error] :1:1: Premature end of file.
2026-05-09 11:16:18,825 [ERROR] LogOutputStream:75 - [STDERR_REDIRECT] 
2026-05-09 11:16:19,821 [ERROR] LogOutputStream:75 - [STDERR_REDIRECT] [Fatal Error] :1:1: Premature end of file.
2026-05-09 11:16:19,821 [ERROR] LogOutputStream:75 - [STDERR_REDIRECT] 
2026-05-09 11:16:20,821 [ERROR] LogOutputStream:75 - [STDERR_REDIRECT] [Fatal Error] :1:1: Premature end of file.
2026-05-09 11:16:20,821 [ERROR] LogOutputStream:75 - [STDERR_REDIRECT] 
2026-05-09 11:16:21,835 [ERROR] LogOutputStream:75 - [STDERR_REDIRECT] [Fatal Error] :1:1: Premature end of file.
2026-05-09 11:16:21,835 [ERROR] LogOutputStream:75 - [STDERR_REDIRECT] 
2026-05-09 11:16:22,839 [ERROR] LogOutputStream:75 - [STDERR_REDIRECT] [Fatal Error] :1:1: Premature end of file.
2026-05-09 11:16:22,839 [ERROR] LogOutputStream:75 - [STDERR_REDIRECT] 
2026-05-09 11:16:23,838 [ERROR] LogOutputStream:75 - [STDERR_REDIRECT] [Fatal Error] :1:1: Premature end of file.
2026-05-09 11:16:23,839 [ERROR] LogOutputStream:75 - [STDERR_REDIRECT] 
2026-05-09 11:16:24,828 [ERROR] LogOutputStream:75 - [STDERR_REDIRECT] [Fatal Error] :1:1: Premature end of file.
2026-05-09 11:16:24,828 [ERROR] LogOutputStream:75 - [STDERR_REDIRECT] 
2026-05-09 11:16:25,837 [ERROR] LogOutputStream:75 - [STDERR_REDIRECT] [Fatal Error] :1:1: Premature end of file.
2026-05-09 11:16:25,837 [ERROR] LogOutputStream:75 - [STDERR_REDIRECT] 
2026-05-09 11:16:26,838 [ERROR] LogOutputStream:75 - [STDERR_REDIRECT] [Fatal Error] :1:1: Premature end of file.
2026-05-09 11:16:26,838 [ERROR] LogOutputStream:75 - [STDERR_REDIRECT] 
2026-05-09 11:16:27,830 [ERROR] LogOutputStream:75 - [STDERR_REDIRECT] [Fatal Error] :1:1: Premature end of file.
2026-05-09 11:16:27,830 [ERROR] LogOutputStream:75 - [STDERR_REDIRECT] 
2026-05-09 11:16:28,822 [ERROR] LogOutputStream:75 - [STDERR_REDIRECT] [Fatal Error] :1:1: Premature end of file.
2026-05-09 11:16:28,822 [ERROR] LogOutputStream:75 - [STDERR_REDIRECT] 
2026-05-09 11:16:29,837 [ERROR] LogOutputStream:75 - [STDERR_REDIRECT] [Fatal Error] :1:1: Premature end of file.
2026-05-09 11:16:29,837 [ERROR] LogOutputStream:75 - [STDERR_REDIRECT] 
2026-05-09 11:16:30,809 [ERROR] LogOutputStream:75 - [STDERR_REDIRECT] [Fatal Error] :1:1: Premature end of file.
2026-05-09 11:16:30,809 [ERROR] LogOutputStream:75 - [STDERR_REDIRECT] 
2026-05-09 11:16:31,824 [ERROR] LogOutputStream:75 - [STDERR_REDIRECT] [Fatal Error] :1:1: Premature end of file.
2026-05-09 11:16:31,824 [ERROR] LogOutputStream:75 - [STDERR_REDIRECT] 
2026-05-09 11:16:32,834 [ERROR] LogOutputStream:75 - [STDERR_REDIRECT] [Fatal Error] :1:1: Premature end of file.
2026-05-09 11:16:32,834 [ERROR] LogOutputStream:75 - [STDERR_REDIRECT] 
2026-05-09 11:16:33,833 [ERROR] LogOutputStream:75 - [STDERR_REDIRECT] [Fatal Error] :1:1: Premature end of file.
2026-05-09 11:16:33,833 [ERROR] LogOutputStream:75 - [STDERR_REDIRECT] 
2026-05-09 11:16:34,842 [ERROR] LogOutputStream:75 - [STDERR_REDIRECT] [Fatal Error] :1:1: Premature end of file.
2026-05-09 11:16:34,842 [ERROR] LogOutputStream:75 - [STDERR_REDIRECT] 
2026-05-09 11:16:35,835 [ERROR] LogOutputStream:75 - [STDERR_REDIRECT] [Fatal Error] :1:1: Premature end of file.
2026-05-09 11:16:35,836 [ERROR] LogOutputStream:75 - [STDERR_REDIRECT] 
2026-05-09 11:16:36,833 [ERROR] LogOutputStream:75 - [STDERR_REDIRECT] [Fatal Error] :1:1: Premature end of file.
2026-05-09 11:16:36,833 [ERROR] LogOutputStream:75 - [STDERR_REDIRECT] 
2026-05-09 11:16:37,846 [ERROR] LogOutputStream:75 - [STDERR_REDIRECT] [Fatal Error] :1:1: Premature end of file.
2026-05-09 11:16:37,846 [ERROR] LogOutputStream:75 - [STDERR_REDIRECT] 
2026-05-09 11:16:38,844 [ERROR] LogOutputStream:75 - [STDERR_REDIRECT] [Fatal Error] :1:1: Premature end of file.
2026-05-09 11:16:38,845 [ERROR] LogOutputStream:75 - [STDERR_REDIRECT] 
2026-05-09 11:16:39,847 [ERROR] LogOutputStream:75 - [STDERR_REDIRECT] [Fatal Error] :1:1: Premature end of file.
2026-05-09 11:16:39,847 [ERROR] LogOutputStream:75 - [STDERR_REDIRECT] 
2026-05-09 11:16:40,833 [ERROR] LogOutputStream:75 - [STDERR_REDIRECT] [Fatal Error] :1:1: Premature end of file.
2026-05-09 11:16:40,833 [ERROR] LogOutputStream:75 - [STDERR_REDIRECT] 
2026-05-09 11:16:41,842 [ERROR] LogOutputStream:75 - [STDERR_REDIRECT] [Fatal Error] :1:1: Premature end of file.
2026-05-09 11:16:41,842 [ERROR] LogOutputStream:75 - [STDERR_REDIRECT] 
2026-05-09 11:16:42,824 [ERROR] LogOutputStream:75 - [STDERR_REDIRECT] [Fatal Error] :1:1: Premature end of file.
2026-05-09 11:16:42,824 [ERROR] LogOutputStream:75 - [STDERR_REDIRECT] 
2026-05-09 11:16:43,846 [ERROR] LogOutputStream:75 - [STDERR_REDIRECT] [Fatal Error] :1:1: Premature end of file.
2026-05-09 11:16:43,847 [ERROR] LogOutputStream:75 - [STDERR_REDIRECT] 
2026-05-09 11:16:44,842 [ERROR] LogOutputStream:75 - [STDERR_REDIRECT] [Fatal Error] :1:1: Premature end of file.
2026-05-09 11:16:44,842 [ERROR] LogOutputStream:75 - [STDERR_REDIRECT] 
2026-05-09 11:16:45,843 [ERROR] LogOutputStream:75 - [STDERR_REDIRECT] [Fatal Error] :1:1: Premature end of file.
2026-05-09 11:16:45,843 [ERROR] LogOutputStream:75 - [STDERR_REDIRECT] 
2026-05-09 11:16:46,843 [ERROR] LogOutputStream:75 - [STDERR_REDIRECT] [Fatal Error] :1:1: Premature end of file.
2026-05-09 11:16:46,843 [ERROR] LogOutputStream:75 - [STDERR_REDIRECT] 
2026-05-09 11:16:47,835 [ERROR] LogOutputStream:75 - [STDERR_REDIRECT] [Fatal Error] :1:1: Premature end of file.
2026-05-09 11:16:47,835 [ERROR] LogOutputStream:75 - [STDERR_REDIRECT] 
2026-05-09 11:16:48,824 [ERROR] LogOutputStream:75 - [STDERR_REDIRECT] [Fatal Error] :1:1: Premature end of file.
2026-05-09 11:16:48,825 [ERROR] LogOutputStream:75 - [STDERR_REDIRECT] 
2026-05-09 11:16:49,832 [ERROR] LogOutputStream:75 - [STDERR_REDIRECT] [Fatal Error] :1:1: Premature end of file.
2026-05-09 11:16:49,832 [ERROR] LogOutputStream:75 - [STDERR_REDIRECT] 
2026-05-09 11:16:50,834 [ERROR] LogOutputStream:75 - [STDERR_REDIRECT] [Fatal Error] :1:1: Premature end of file.
2026-05-09 11:16:50,834 [ERROR] LogOutputStream:75 - [STDERR_REDIRECT] 
2026-05-09 11:16:51,811 [ERROR] LogOutputStream:75 - [STDERR_REDIRECT] [Fatal Error] :1:1: Premature end of file.
2026-05-09 11:16:51,811 [ERROR] LogOutputStream:75 - [STDERR_REDIRECT] 
2026-05-09 11:16:52,824 [ERROR] LogOutputStream:75 - [STDERR_REDIRECT] [Fatal Error] :1:1: Premature end of file.
2026-05-09 11:16:52,824 [ERROR] LogOutputStream:75 - [STDERR_REDIRECT] 
2026-05-09 11:16:53,838 [ERROR] LogOutputStream:75 - [STDERR_REDIRECT] [Fatal Error] :1:1: Premature end of file.
2026-05-09 11:16:53,838 [ERROR] LogOutputStream:75 - [STDERR_REDIRECT] 
2026-05-09 11:16:54,837 [ERROR] LogOutputStream:75 - [STDERR_REDIRECT] [Fatal Error] :1:1: Premature end of file.
2026-05-09 11:16:54,837 [ERROR] LogOutputStream:75 - [STDERR_REDIRECT] 
2026-05-09 11:16:55,843 [ERROR] LogOutputStream:75 - [STDERR_REDIRECT] [Fatal Error] :1:1: Premature end of file.
2026-05-09 11:16:55,844 [ERROR] LogOutputStream:75 - [STDERR_REDIRECT] 
2026-05-09 11:16:56,813 [ERROR] LogOutputStream:75 - [STDERR_REDIRECT] [Fatal Error] :1:1: Premature end of file.
2026-05-09 11:16:56,813 [ERROR] LogOutputStream:75 - [STDERR_REDIRECT] 
2026-05-09 11:16:57,831 [ERROR] LogOutputStream:75 - [STDERR_REDIRECT] [Fatal Error] :1:1: Premature end of file.
2026-05-09 11:16:57,831 [ERROR] LogOutputStream:75 - [STDERR_REDIRECT] 
2026-05-09 11:16:58,827 [ERROR] LogOutputStream:75 - [STDERR_REDIRECT] [Fatal Error] :1:1: Premature end of file.
2026-05-09 11:16:58,827 [ERROR] LogOutputStream:75 - [STDERR_REDIRECT] 
2026-05-09 11:16:59,841 [ERROR] LogOutputStream:75 - [STDERR_REDIRECT] [Fatal Error] :1:1: Premature end of file.
2026-05-09 11:16:59,842 [ERROR] LogOutputStream:75 - [STDERR_REDIRECT] 
2026-05-09 11:17:00,847 [ERROR] LogOutputStream:75 - [STDERR_REDIRECT] [Fatal Error] :1:1: Premature end of file.
2026-05-09 11:17:00,847 [ERROR] LogOutputStream:75 - [STDERR_REDIRECT] 
2026-05-09 11:17:01,834 [ERROR] LogOutputStream:75 - [STDERR_REDIRECT] [Fatal Error] :1:1: Premature end of file.
2026-05-09 11:17:01,835 [ERROR] LogOutputStream:75 - [STDERR_REDIRECT] 
2026-05-09 11:17:02,845 [ERROR] LogOutputStream:75 - [STDERR_REDIRECT] [Fatal Error] :1:1: Premature end of file.
2026-05-09 11:17:02,845 [ERROR] LogOutputStream:75 - [STDERR_REDIRECT] 
2026-05-09 11:17:03,852 [ERROR] LogOutputStream:75 - [STDERR_REDIRECT] [Fatal Error] :1:1: Premature end of file.
2026-05-09 11:17:03,853 [ERROR] LogOutputStream:75 - [STDERR_REDIRECT] 
2026-05-09 11:17:04,827 [ERROR] LogOutputStream:75 - [STDERR_REDIRECT] [Fatal Error] :1:1: Premature end of file.
2026-05-09 11:17:04,827 [ERROR] LogOutputStream:75 - [STDERR_REDIRECT] 
2026-05-09 11:17:05,839 [ERROR] LogOutputStream:75 - [STDERR_REDIRECT] [Fatal Error] :1:1: Premature end of file.
2026-05-09 11:17:05,839 [ERROR] LogOutputStream:75 - [STDERR_REDIRECT] 
2026-05-09 11:17:06,824 [ERROR] LogOutputStream:75 - [STDERR_REDIRECT] [Fatal Error] :1:1: Premature end of file.
2026-05-09 11:17:06,824 [ERROR] LogOutputStream:75 - [STDERR_REDIRECT] 
2026-05-09 11:17:07,807 [ERROR] LogOutputStream:75 - [STDERR_REDIRECT] [Fatal Error] :1:1: Premature end of file.
2026-05-09 11:17:07,807 [ERROR] LogOutputStream:75 - [STDERR_REDIRECT] 
2026-05-09 11:17:08,834 [ERROR] LogOutputStream:75 - [STDERR_REDIRECT] [Fatal Error] :1:1: Premature end of file.
2026-05-09 11:17:08,834 [ERROR] LogOutputStream:75 - [STDERR_REDIRECT] 
2026-05-09 11:17:09,818 [ERROR] LogOutputStream:75 - [STDERR_REDIRECT] [Fatal Error] :1:1: Premature end of file.
2026-05-09 11:17:09,818 [ERROR] LogOutputStream:75 - [STDERR_REDIRECT] 
2026-05-09 11:17:10,839 [ERROR] LogOutputStream:75 - [STDERR_REDIRECT] [Fatal Error] :1:1: Premature end of file.
2026-05-09 11:17:10,841 [ERROR] LogOutputStream:75 - [STDERR_REDIRECT] 
2026-05-09 11:17:11,829 [ERROR] LogOutputStream:75 - [STDERR_REDIRECT] [Fatal Error] :1:1: Premature end of file.
2026-05-09 11:17:11,829 [ERROR] LogOutputStream:75 - [STDERR_REDIRECT] 
2026-05-09 11:17:12,815 [ERROR] LogOutputStream:75 - [STDERR_REDIRECT] [Fatal Error] :1:1: Premature end of file.
2026-05-09 11:17:12,815 [ERROR] LogOutputStream:75 - [STDERR_REDIRECT] 
2026-05-09 11:17:13,830 [ERROR] LogOutputStream:75 - [STDERR_REDIRECT] [Fatal Error] :1:1: Premature end of file.
2026-05-09 11:17:13,830 [ERROR] LogOutputStream:75 - [STDERR_REDIRECT] 
2026-05-09 11:17:14,843 [ERROR] LogOutputStream:75 - [STDERR_REDIRECT] [Fatal Error] :1:1: Premature end of file.
2026-05-09 11:17:14,844 [ERROR] LogOutputStream:75 - [STDERR_REDIRECT] 
2026-05-09 11:17:15,838 [ERROR] LogOutputStream:75 - [STDERR_REDIRECT] [Fatal Error] :1:1: Premature end of file.
2026-05-09 11:17:15,839 [ERROR] LogOutputStream:75 - [STDERR_REDIRECT] 
2026-05-09 11:17:16,832 [ERROR] LogOutputStream:75 - [STDERR_REDIRECT] [Fatal Error] :1:1: Premature end of file.
2026-05-09 11:17:16,832 [ERROR] LogOutputStream:75 - [STDERR_REDIRECT] 
2026-05-09 11:17:17,836 [ERROR] LogOutputStream:75 - [STDERR_REDIRECT] [Fatal Error] :1:1: Premature end of file.
2026-05-09 11:17:17,837 [ERROR] LogOutputStream:75 - [STDERR_REDIRECT] 
2026-05-09 11:17:18,837 [ERROR] LogOutputStream:75 - [STDERR_REDIRECT] [Fatal Error] :1:1: Premature end of file.
2026-05-09 11:17:18,837 [ERROR] LogOutputStream:75 - [STDERR_REDIRECT] 
2026-05-09 11:17:19,837 [ERROR] LogOutputStream:75 - [STDERR_REDIRECT] [Fatal Error] :1:1: Premature end of file.
2026-05-09 11:17:19,837 [ERROR] LogOutputStream:75 - [STDERR_REDIRECT] 
2026-05-09 11:17:20,839 [ERROR] LogOutputStream:75 - [STDERR_REDIRECT] [Fatal Error] :1:1: Premature end of file.
2026-05-09 11:17:20,839 [ERROR] LogOutputStream:75 - [STDERR_REDIRECT] 
2026-05-09 11:17:21,825 [ERROR] LogOutputStream:75 - [STDERR_REDIRECT] [Fatal Error] :1:1: Premature end of file.
2026-05-09 11:17:21,825 [ERROR] LogOutputStream:75 - [STDERR_REDIRECT] 
2026-05-09 11:17:22,835 [ERROR] LogOutputStream:75 - [STDERR_REDIRECT] [Fatal Error] :1:1: Premature end of file.
2026-05-09 11:17:22,835 [ERROR] LogOutputStream:75 - [STDERR_REDIRECT] 
2026-05-09 11:17:23,817 [ERROR] LogOutputStream:75 - [STDERR_REDIRECT] [Fatal Error] :1:1: Premature end of file.
2026-05-09 11:17:23,817 [ERROR] LogOutputStream:75 - [STDERR_REDIRECT] 
2026-05-09 11:17:24,834 [ERROR] LogOutputStream:75 - [STDERR_REDIRECT] [Fatal Error] :1:1: Premature end of file.
2026-05-09 11:17:24,834 [ERROR] LogOutputStream:75 - [STDERR_REDIRECT] 
2026-05-09 11:17:25,837 [ERROR] LogOutputStream:75 - [STDERR_REDIRECT] [Fatal Error] :1:1: Premature end of file.
2026-05-09 11:17:25,837 [ERROR] LogOutputStream:75 - [STDERR_REDIRECT] 
2026-05-09 11:17:26,821 [ERROR] LogOutputStream:75 - [STDERR_REDIRECT] [Fatal Error] :1:1: Premature end of file.
2026-05-09 11:17:26,821 [ERROR] LogOutputStream:75 - [STDERR_REDIRECT] 
2026-05-09 11:17:27,836 [ERROR] LogOutputStream:75 - [STDERR_REDIRECT] [Fatal Error] :1:1: Premature end of file.
2026-05-09 11:17:27,836 [ERROR] LogOutputStream:75 - [STDERR_REDIRECT] 
2026-05-09 11:17:28,843 [ERROR] LogOutputStream:75 - [STDERR_REDIRECT] [Fatal Error] :1:1: Premature end of file.
2026-05-09 11:17:28,843 [ERROR] LogOutputStream:75 - [STDERR_REDIRECT] 
2026-05-09 11:17:29,841 [ERROR] LogOutputStream:75 - [STDERR_REDIRECT] [Fatal Error] :1:1: Premature end of file.
2026-05-09 11:17:29,842 [ERROR] LogOutputStream:75 - [STDERR_REDIRECT] 
2026-05-09 11:17:30,834 [ERROR] LogOutputStream:75 - [STDERR_REDIRECT] [Fatal Error] :1:1: Premature end of file.
2026-05-09 11:17:30,835 [ERROR] LogOutputStream:75 - [STDERR_REDIRECT] 
2026-05-09 11:17:31,835 [ERROR] LogOutputStream:75 - [STDERR_REDIRECT] [Fatal Error] :1:1: Premature end of file.
2026-05-09 11:17:31,835 [ERROR] LogOutputStream:75 - [STDERR_REDIRECT] 
2026-05-09 11:17:32,835 [ERROR] LogOutputStream:75 - [STDERR_REDIRECT] [Fatal Error] :1:1: Premature end of file.
2026-05-09 11:17:32,836 [ERROR] LogOutputStream:75 - [STDERR_REDIRECT] 
2026-05-09 11:17:33,840 [ERROR] LogOutputStream:75 - [STDERR_REDIRECT] [Fatal Error] :1:1: Premature end of file.
2026-05-09 11:17:33,840 [ERROR] LogOutputStream:75 - [STDERR_REDIRECT] 
2026-05-09 11:17:34,830 [ERROR] LogOutputStream:75 - [STDERR_REDIRECT] [Fatal Error] :1:1: Premature end of file.
2026-05-09 11:17:34,831 [ERROR] LogOutputStream:75 - [STDERR_REDIRECT] 
2026-05-09 11:17:35,838 [ERROR] LogOutputStream:75 - [STDERR_REDIRECT] [Fatal Error] :1:1: Premature end of file.
2026-05-09 11:17:35,838 [ERROR] LogOutputStream:75 - [STDERR_REDIRECT] 
2026-05-09 11:17:36,848 [ERROR] LogOutputStream:75 - [STDERR_REDIRECT] [Fatal Error] :1:1: Premature end of file.
2026-05-09 11:17:36,848 [ERROR] LogOutputStream:75 - [STDERR_REDIRECT] 
2026-05-09 11:17:37,828 [ERROR] LogOutputStream:75 - [STDERR_REDIRECT] [Fatal Error] :1:1: Premature end of file.
2026-05-09 11:17:37,828 [ERROR] LogOutputStream:75 - [STDERR_REDIRECT] 
2026-05-09 11:17:38,839 [ERROR] LogOutputStream:75 - [STDERR_REDIRECT] [Fatal Error] :1:1: Premature end of file.
2026-05-09 11:17:38,841 [ERROR] LogOutputStream:75 - [STDERR_REDIRECT] 
2026-05-09 11:17:39,832 [ERROR] LogOutputStream:75 - [STDERR_REDIRECT] [Fatal Error] :1:1: Premature end of file.
2026-05-09 11:17:39,832 [ERROR] LogOutputStream:75 - [STDERR_REDIRECT] 
2026-05-09 11:17:40,839 [ERROR] LogOutputStream:75 - [STDERR_REDIRECT] [Fatal Error] :1:1: Premature end of file.
2026-05-09 11:17:40,839 [ERROR] LogOutputStream:75 - [STDERR_REDIRECT] 
2026-05-09 11:17:41,826 [ERROR] LogOutputStream:75 - [STDERR_REDIRECT] [Fatal Error] :1:1: Premature end of file.
2026-05-09 11:17:41,826 [ERROR] LogOutputStream:75 - [STDERR_REDIRECT] 
2026-05-09 11:17:42,825 [ERROR] LogOutputStream:75 - [STDERR_REDIRECT] [Fatal Error] :1:1: Premature end of file.
2026-05-09 11:17:42,825 [ERROR] LogOutputStream:75 - [STDERR_REDIRECT] 
2026-05-09 11:17:43,841 [ERROR] LogOutputStream:75 - [STDERR_REDIRECT] [Fatal Error] :1:1: Premature end of file.
2026-05-09 11:17:43,841 [ERROR] LogOutputStream:75 - [STDERR_REDIRECT] 
2026-05-09 11:17:44,835 [ERROR] LogOutputStream:75 - [STDERR_REDIRECT] [Fatal Error] :1:1: Premature end of file.
2026-05-09 11:17:44,835 [ERROR] LogOutputStream:75 - [STDERR_REDIRECT] 
2026-05-09 11:17:45,847 [ERROR] LogOutputStream:75 - [STDERR_REDIRECT] [Fatal Error] :1:1: Premature end of file.
2026-05-09 11:17:45,847 [ERROR] LogOutputStream:75 - [STDERR_REDIRECT] 
2026-05-09 11:17:46,835 [ERROR] LogOutputStream:75 - [STDERR_REDIRECT] [Fatal Error] :1:1: Premature end of file.
2026-05-09 11:17:46,836 [ERROR] LogOutputStream:75 - [STDERR_REDIRECT] 
2026-05-09 11:17:47,809 [ERROR] LogOutputStream:75 - [STDERR_REDIRECT] [Fatal Error] :1:1: Premature end of file.
2026-05-09 11:17:47,809 [ERROR] LogOutputStream:75 - [STDERR_REDIRECT] 
2026-05-09 11:17:48,831 [ERROR] LogOutputStream:75 - [STDERR_REDIRECT] [Fatal Error] :1:1: Premature end of file.
2026-05-09 11:17:48,831 [ERROR] LogOutputStream:75 - [STDERR_REDIRECT] 
2026-05-09 11:17:49,835 [ERROR] LogOutputStream:75 - [STDERR_REDIRECT] [Fatal Error] :1:1: Premature end of file.
2026-05-09 11:17:49,836 [ERROR] LogOutputStream:75 - [STDERR_REDIRECT] 
2026-05-09 11:17:50,826 [ERROR] LogOutputStream:75 - [STDERR_REDIRECT] [Fatal Error] :1:1: Premature end of file.
2026-05-09 11:17:50,826 [ERROR] LogOutputStream:75 - [STDERR_REDIRECT] 
2026-05-09 11:17:51,826 [ERROR] LogOutputStream:75 - [STDERR_REDIRECT] [Fatal Error] :1:1: Premature end of file.
2026-05-09 11:17:51,826 [ERROR] LogOutputStream:75 - [STDERR_REDIRECT] 
2026-05-09 11:17:52,842 [ERROR] LogOutputStream:75 - [STDERR_REDIRECT] [Fatal Error] :1:1: Premature end of file.
2026-05-09 11:17:52,843 [ERROR] LogOutputStream:75 - [STDERR_REDIRECT] 
2026-05-09 11:17:53,823 [ERROR] LogOutputStream:75 - [STDERR_REDIRECT] [Fatal Error] :1:1: Premature end of file.
2026-05-09 11:17:53,823 [ERROR] LogOutputStream:75 - [STDERR_REDIRECT] 
2026-05-09 11:17:54,840 [ERROR] LogOutputStream:75 - [STDERR_REDIRECT] [Fatal Error] :1:1: Premature end of file.
2026-05-09 11:17:54,840 [ERROR] LogOutputStream:75 - [STDERR_REDIRECT] 
2026-05-09 11:17:55,854 [ERROR] LogOutputStream:75 - [STDERR_REDIRECT] [Fatal Error] :1:1: Premature end of file.
2026-05-09 11:17:55,854 [ERROR] LogOutputStream:75 - [STDERR_REDIRECT] 
2026-05-09 11:17:56,844 [ERROR] LogOutputStream:75 - [STDERR_REDIRECT] [Fatal Error] :1:1: Premature end of file.
2026-05-09 11:17:56,844 [ERROR] LogOutputStream:75 - [STDERR_REDIRECT] 
2026-05-09 11:17:57,839 [ERROR] LogOutputStream:75 - [STDERR_REDIRECT] [Fatal Error] :1:1: Premature end of file.
2026-05-09 11:17:57,839 [ERROR] LogOutputStream:75 - [STDERR_REDIRECT] 
2026-05-09 11:17:58,834 [ERROR] LogOutputStream:75 - [STDERR_REDIRECT] [Fatal Error] :1:1: Premature end of file.
2026-05-09 11:17:58,834 [ERROR] LogOutputStream:75 - [STDERR_REDIRECT] 
2026-05-09 11:17:59,825 [ERROR] LogOutputStream:75 - [STDERR_REDIRECT] [Fatal Error] :1:1: Premature end of file.
2026-05-09 11:17:59,826 [ERROR] LogOutputStream:75 - [STDERR_REDIRECT] 
2026-05-09 11:18:00,846 [ERROR] LogOutputStream:75 - [STDERR_REDIRECT] [Fatal Error] :1:1: Premature end of file.
2026-05-09 11:18:00,847 [ERROR] LogOutputStream:75 - [STDERR_REDIRECT] 
2026-05-09 11:18:01,851 [ERROR] LogOutputStream:75 - [STDERR_REDIRECT] [Fatal Error] :1:1: Premature end of file.
2026-05-09 11:18:01,851 [ERROR] LogOutputStream:75 - [STDERR_REDIRECT] 
2026-05-09 11:18:02,825 [ERROR] LogOutputStream:75 - [STDERR_REDIRECT] [Fatal Error] :1:1: Premature end of file.
2026-05-09 11:18:02,825 [ERROR] LogOutputStream:75 - [STDERR_REDIRECT] 
2026-05-09 11:18:03,836 [ERROR] LogOutputStream:75 - [STDERR_REDIRECT] [Fatal Error] :1:1: Premature end of file.
2026-05-09 11:18:03,837 [ERROR] LogOutputStream:75 - [STDERR_REDIRECT] 
2026-05-09 11:18:04,824 [ERROR] LogOutputStream:75 - [STDERR_REDIRECT] [Fatal Error] :1:1: Premature end of file.
2026-05-09 11:18:04,824 [ERROR] LogOutputStream:75 - [STDERR_REDIRECT] 
2026-05-09 11:18:05,852 [ERROR] LogOutputStream:75 - [STDERR_REDIRECT] [Fatal Error] :1:1: Premature end of file.
2026-05-09 11:18:05,852 [ERROR] LogOutputStream:75 - [STDERR_REDIRECT] 
2026-05-09 11:18:06,853 [ERROR] LogOutputStream:75 - [STDERR_REDIRECT] [Fatal Error] :1:1: Premature end of file.
2026-05-09 11:18:06,854 [ERROR] LogOutputStream:75 - [STDERR_REDIRECT] 
2026-05-09 11:18:07,837 [ERROR] LogOutputStream:75 - [STDERR_REDIRECT] [Fatal Error] :1:1: Premature end of file.
2026-05-09 11:18:07,837 [ERROR] LogOutputStream:75 - [STDERR_REDIRECT] 
2026-05-09 11:18:08,835 [ERROR] LogOutputStream:75 - [STDERR_REDIRECT] [Fatal Error] :1:1: Premature end of file.
2026-05-09 11:18:08,835 [ERROR] LogOutputStream:75 - [STDERR_REDIRECT] 
2026-05-09 11:18:09,834 [ERROR] LogOutputStream:75 - [STDERR_REDIRECT] [Fatal Error] :1:1: Premature end of file.
2026-05-09 11:18:09,834 [ERROR] LogOutputStream:75 - [STDERR_REDIRECT] 
2026-05-09 11:18:10,833 [ERROR] LogOutputStream:75 - [STDERR_REDIRECT] [Fatal Error] :1:1: Premature end of file.
2026-05-09 11:18:10,834 [ERROR] LogOutputStream:75 - [STDERR_REDIRECT] 
2026-05-09 11:18:11,828 [ERROR] LogOutputStream:75 - [STDERR_REDIRECT] [Fatal Error] :1:1: Premature end of file.
2026-05-09 11:18:11,828 [ERROR] LogOutputStream:75 - [STDERR_REDIRECT] 
2026-05-09 11:18:12,841 [ERROR] LogOutputStream:75 - [STDERR_REDIRECT] [Fatal Error] :1:1: Premature end of file.
2026-05-09 11:18:12,842 [ERROR] LogOutputStream:75 - [STDERR_REDIRECT] 
2026-05-09 11:18:13,829 [ERROR] LogOutputStream:75 - [STDERR_REDIRECT] [Fatal Error] :1:1: Premature end of file.
2026-05-09 11:18:13,829 [ERROR] LogOutputStream:75 - [STDERR_REDIRECT] 
2026-05-09 11:18:14,837 [ERROR] LogOutputStream:75 - [STDERR_REDIRECT] [Fatal Error] :1:1: Premature end of file.
2026-05-09 11:18:14,837 [ERROR] LogOutputStream:75 - [STDERR_REDIRECT] 
2026-05-09 11:18:15,835 [ERROR] LogOutputStream:75 - [STDERR_REDIRECT] [Fatal Error] :1:1: Premature end of file.
2026-05-09 11:18:15,835 [ERROR] LogOutputStream:75 - [STDERR_REDIRECT] 
2026-05-09 11:18:16,841 [ERROR] LogOutputStream:75 - [STDERR_REDIRECT] [Fatal Error] :1:1: Premature end of file.
2026-05-09 11:18:16,841 [ERROR] LogOutputStream:75 - [STDERR_REDIRECT] 
2026-05-09 11:18:17,849 [ERROR] LogOutputStream:75 - [STDERR_REDIRECT] [Fatal Error] :1:1: Premature end of file.
2026-05-09 11:18:17,849 [ERROR] LogOutputStream:75 - [STDERR_REDIRECT] 
2026-05-09 11:18:18,822 [ERROR] LogOutputStream:75 - [STDERR_REDIRECT] [Fatal Error] :1:1: Premature end of file.
2026-05-09 11:18:18,822 [ERROR] LogOutputStream:75 - [STDERR_REDIRECT] 
2026-05-09 11:18:19,822 [ERROR] LogOutputStream:75 - [STDERR_REDIRECT] [Fatal Error] :1:1: Premature end of file.
2026-05-09 11:18:19,823 [ERROR] LogOutputStream:75 - [STDERR_REDIRECT] 
2026-05-09 11:18:20,828 [ERROR] LogOutputStream:75 - [STDERR_REDIRECT] [Fatal Error] :1:1: Premature end of file.
2026-05-09 11:18:20,828 [ERROR] LogOutputStream:75 - [STDERR_REDIRECT] 
2026-05-09 11:18:21,846 [ERROR] LogOutputStream:75 - [STDERR_REDIRECT] [Fatal Error] :1:1: Premature end of file.
2026-05-09 11:18:21,847 [ERROR] LogOutputStream:75 - [STDERR_REDIRECT] 
2026-05-09 11:18:22,834 [ERROR] LogOutputStream:75 - [STDERR_REDIRECT] [Fatal Error] :1:1: Premature end of file.
2026-05-09 11:18:22,834 [ERROR] LogOutputStream:75 - [STDERR_REDIRECT] 
2026-05-09 11:18:23,842 [ERROR] LogOutputStream:75 - [STDERR_REDIRECT] [Fatal Error] :1:1: Premature end of file.
2026-05-09 11:18:23,842 [ERROR] LogOutputStream:75 - [STDERR_REDIRECT] 
2026-05-09 11:18:24,808 [ERROR] LogOutputStream:75 - [STDERR_REDIRECT] [Fatal Error] :1:1: Premature end of file.
2026-05-09 11:18:24,808 [ERROR] LogOutputStream:75 - [STDERR_REDIRECT] 
2026-05-09 11:18:25,845 [ERROR] LogOutputStream:75 - [STDERR_REDIRECT] [Fatal Error] :1:1: Premature end of file.
2026-05-09 11:18:25,846 [ERROR] LogOutputStream:75 - [STDERR_REDIRECT] 
2026-05-09 11:18:26,816 [ERROR] LogOutputStream:75 - [STDERR_REDIRECT] [Fatal Error] :1:1: Premature end of file.
2026-05-09 11:18:26,816 [ERROR] LogOutputStream:75 - [STDERR_REDIRECT] 
2026-05-09 11:18:27,838 [ERROR] LogOutputStream:75 - [STDERR_REDIRECT] [Fatal Error] :1:1: Premature end of file.
2026-05-09 11:18:27,839 [ERROR] LogOutputStream:75 - [STDERR_REDIRECT] 
2026-05-09 11:18:28,838 [ERROR] LogOutputStream:75 - [STDERR_REDIRECT] [Fatal Error] :1:1: Premature end of file.
2026-05-09 11:18:28,838 [ERROR] LogOutputStream:75 - [STDERR_REDIRECT] 
2026-05-09 11:18:29,825 [ERROR] LogOutputStream:75 - [STDERR_REDIRECT] [Fatal Error] :1:1: Premature end of file.
2026-05-09 11:18:29,825 [ERROR] LogOutputStream:75 - [STDERR_REDIRECT] 
2026-05-09 11:18:30,833 [ERROR] LogOutputStream:75 - [STDERR_REDIRECT] [Fatal Error] :1:1: Premature end of file.
2026-05-09 11:18:30,834 [ERROR] LogOutputStream:75 - [STDERR_REDIRECT] 
2026-05-09 11:18:31,835 [ERROR] LogOutputStream:75 - [STDERR_REDIRECT] [Fatal Error] :1:1: Premature end of file.
2026-05-09 11:18:31,836 [ERROR] LogOutputStream:75 - [STDERR_REDIRECT] 
2026-05-09 11:18:32,824 [ERROR] LogOutputStream:75 - [STDERR_REDIRECT] [Fatal Error] :1:1: Premature end of file.
2026-05-09 11:18:32,825 [ERROR] LogOutputStream:75 - [STDERR_REDIRECT] 
2026-05-09 11:18:33,828 [ERROR] LogOutputStream:75 - [STDERR_REDIRECT] [Fatal Error] :1:1: Premature end of file.
2026-05-09 11:18:33,828 [ERROR] LogOutputStream:75 - [STDERR_REDIRECT] 
2026-05-09 11:18:34,819 [ERROR] LogOutputStream:75 - [STDERR_REDIRECT] [Fatal Error] :1:1: Premature end of file.
2026-05-09 11:18:34,819 [ERROR] LogOutputStream:75 - [STDERR_REDIRECT] 
2026-05-09 11:18:35,811 [ERROR] LogOutputStream:75 - [STDERR_REDIRECT] [Fatal Error] :1:1: Premature end of file.
2026-05-09 11:18:35,811 [ERROR] LogOutputStream:75 - [STDERR_REDIRECT] 
2026-05-09 11:18:36,839 [ERROR] LogOutputStream:75 - [STDERR_REDIRECT] [Fatal Error] :1:1: Premature end of file.
2026-05-09 11:18:36,839 [ERROR] LogOutputStream:75 - [STDERR_REDIRECT] 
2026-05-09 11:18:37,818 [ERROR] LogOutputStream:75 - [STDERR_REDIRECT] [Fatal Error] :1:1: Premature end of file.
2026-05-09 11:18:37,819 [ERROR] LogOutputStream:75 - [STDERR_REDIRECT] 
2026-05-09 11:18:38,813 [ERROR] LogOutputStream:75 - [STDERR_REDIRECT] [Fatal Error] :1:1: Premature end of file.
2026-05-09 11:18:38,813 [ERROR] LogOutputStream:75 - [STDERR_REDIRECT] 
2026-05-09 11:18:39,837 [ERROR] LogOutputStream:75 - [STDERR_REDIRECT] [Fatal Error] :1:1: Premature end of file.
2026-05-09 11:18:39,837 [ERROR] LogOutputStream:75 - [STDERR_REDIRECT] 
2026-05-09 11:18:40,827 [ERROR] LogOutputStream:75 - [STDERR_REDIRECT] [Fatal Error] :1:1: Premature end of file.
2026-05-09 11:18:40,827 [ERROR] LogOutputStream:75 - [STDERR_REDIRECT] 
2026-05-09 11:18:41,849 [ERROR] LogOutputStream:75 - [STDERR_REDIRECT] [Fatal Error] :1:1: Premature end of file.
2026-05-09 11:18:41,849 [ERROR] LogOutputStream:75 - [STDERR_REDIRECT] 
2026-05-09 11:18:42,836 [ERROR] LogOutputStream:75 - [STDERR_REDIRECT] [Fatal Error] :1:1: Premature end of file.
2026-05-09 11:18:42,837 [ERROR] LogOutputStream:75 - [STDERR_REDIRECT] 
2026-05-09 11:18:43,833 [ERROR] LogOutputStream:75 - [STDERR_REDIRECT] [Fatal Error] :1:1: Premature end of file.
2026-05-09 11:18:43,833 [ERROR] LogOutputStream:75 - [STDERR_REDIRECT] 
2026-05-09 11:18:44,841 [ERROR] LogOutputStream:75 - [STDERR_REDIRECT] [Fatal Error] :1:1: Premature end of file.
2026-05-09 11:18:44,841 [ERROR] LogOutputStream:75 - [STDERR_REDIRECT] 
2026-05-09 11:18:45,823 [ERROR] LogOutputStream:75 - [STDERR_REDIRECT] [Fatal Error] :1:1: Premature end of file.
2026-05-09 11:18:45,824 [ERROR] LogOutputStream:75 - [STDERR_REDIRECT] 
2026-05-09 11:18:46,826 [ERROR] LogOutputStream:75 - [STDERR_REDIRECT] [Fatal Error] :1:1: Premature end of file.
2026-05-09 11:18:46,826 [ERROR] LogOutputStream:75 - [STDERR_REDIRECT] 
2026-05-09 11:18:47,846 [ERROR] LogOutputStream:75 - [STDERR_REDIRECT] [Fatal Error] :1:1: Premature end of file.
2026-05-09 11:18:47,846 [ERROR] LogOutputStream:75 - [STDERR_REDIRECT] 
2026-05-09 11:18:48,806 [ERROR] LogOutputStream:75 - [STDERR_REDIRECT] [Fatal Error] :1:1: Premature end of file.
2026-05-09 11:18:48,806 [ERROR] LogOutputStream:75 - [STDERR_REDIRECT] 
2026-05-09 11:18:49,837 [ERROR] LogOutputStream:75 - [STDERR_REDIRECT] [Fatal Error] :1:1: Premature end of file.
2026-05-09 11:18:49,837 [ERROR] LogOutputStream:75 - [STDERR_REDIRECT] 
2026-05-09 11:18:50,824 [ERROR] LogOutputStream:75 - [STDERR_REDIRECT] [Fatal Error] :1:1: Premature end of file.
2026-05-09 11:18:50,824 [ERROR] LogOutputStream:75 - [STDERR_REDIRECT] 
2026-05-09 11:18:51,822 [ERROR] LogOutputStream:75 - [STDERR_REDIRECT] [Fatal Error] :1:1: Premature end of file.
2026-05-09 11:18:51,822 [ERROR] LogOutputStream:75 - [STDERR_REDIRECT] 
2026-05-09 11:18:52,832 [ERROR] LogOutputStream:75 - [STDERR_REDIRECT] [Fatal Error] :1:1: Premature end of file.
2026-05-09 11:18:52,832 [ERROR] LogOutputStream:75 - [STDERR_REDIRECT] 
2026-05-09 11:18:53,830 [ERROR] LogOutputStream:75 - [STDERR_REDIRECT] [Fatal Error] :1:1: Premature end of file.
2026-05-09 11:18:53,830 [ERROR] LogOutputStream:75 - [STDERR_REDIRECT] 
2026-05-09 11:18:54,835 [ERROR] LogOutputStream:75 - [STDERR_REDIRECT] [Fatal Error] :1:1: Premature end of file.
2026-05-09 11:18:54,835 [ERROR] LogOutputStream:75 - [STDERR_REDIRECT] 
2026-05-09 11:18:55,843 [ERROR] LogOutputStream:75 - [STDERR_REDIRECT] [Fatal Error] :1:1: Premature end of file.
2026-05-09 11:18:55,843 [ERROR] LogOutputStream:75 - [STDERR_REDIRECT] 
2026-05-09 11:18:56,831 [ERROR] LogOutputStream:75 - [STDERR_REDIRECT] [Fatal Error] :1:1: Premature end of file.
2026-05-09 11:18:56,831 [ERROR] LogOutputStream:75 - [STDERR_REDIRECT] 
2026-05-09 11:18:57,826 [ERROR] LogOutputStream:75 - [STDERR_REDIRECT] [Fatal Error] :1:1: Premature end of file.
2026-05-09 11:18:57,826 [ERROR] LogOutputStream:75 - [STDERR_REDIRECT] 
2026-05-09 11:18:58,824 [ERROR] LogOutputStream:75 - [STDERR_REDIRECT] [Fatal Error] :1:1: Premature end of file.
2026-05-09 11:18:58,824 [ERROR] LogOutputStream:75 - [STDERR_REDIRECT] 
2026-05-09 11:18:59,838 [ERROR] LogOutputStream:75 - [STDERR_REDIRECT] [Fatal Error] :1:1: Premature end of file.
2026-05-09 11:18:59,838 [ERROR] LogOutputStream:75 - [STDERR_REDIRECT] 
2026-05-09 11:19:00,823 [ERROR] LogOutputStream:75 - [STDERR_REDIRECT] [Fatal Error] :1:1: Premature end of file.
2026-05-09 11:19:00,824 [ERROR] LogOutputStream:75 - [STDERR_REDIRECT] 
2026-05-09 11:19:01,845 [ERROR] LogOutputStream:75 - [STDERR_REDIRECT] [Fatal Error] :1:1: Premature end of file.
2026-05-09 11:19:01,845 [ERROR] LogOutputStream:75 - [STDERR_REDIRECT] 
2026-05-09 11:19:02,835 [ERROR] LogOutputStream:75 - [STDERR_REDIRECT] [Fatal Error] :1:1: Premature end of file.
2026-05-09 11:19:02,836 [ERROR] LogOutputStream:75 - [STDERR_REDIRECT] 
2026-05-09 11:19:03,841 [ERROR] LogOutputStream:75 - [STDERR_REDIRECT] [Fatal Error] :1:1: Premature end of file.
2026-05-09 11:19:03,841 [ERROR] LogOutputStream:75 - [STDERR_REDIRECT] 
2026-05-09 11:19:04,830 [ERROR] LogOutputStream:75 - [STDERR_REDIRECT] [Fatal Error] :1:1: Premature end of file.
2026-05-09 11:19:04,830 [ERROR] LogOutputStream:75 - [STDERR_REDIRECT] 
2026-05-09 11:19:05,845 [ERROR] LogOutputStream:75 - [STDERR_REDIRECT] [Fatal Error] :1:1: Premature end of file.
2026-05-09 11:19:05,845 [ERROR] LogOutputStream:75 - [STDERR_REDIRECT] 
2026-05-09 11:19:06,844 [ERROR] LogOutputStream:75 - [STDERR_REDIRECT] [Fatal Error] :1:1: Premature end of file.
2026-05-09 11:19:06,844 [ERROR] LogOutputStream:75 - [STDERR_REDIRECT] 
2026-05-09 11:19:07,829 [ERROR] LogOutputStream:75 - [STDERR_REDIRECT] [Fatal Error] :1:1: Premature end of file.
2026-05-09 11:19:07,829 [ERROR] LogOutputStream:75 - [STDERR_REDIRECT] 
2026-05-09 11:19:08,835 [ERROR] LogOutputStream:75 - [STDERR_REDIRECT] [Fatal Error] :1:1: Premature end of file.
2026-05-09 11:19:08,835 [ERROR] LogOutputStream:75 - [STDERR_REDIRECT] 
2026-05-09 11:19:09,827 [ERROR] LogOutputStream:75 - [STDERR_REDIRECT] [Fatal Error] :1:1: Premature end of file.
2026-05-09 11:19:09,828 [ERROR] LogOutputStream:75 - [STDERR_REDIRECT] 
2026-05-09 11:19:10,830 [ERROR] LogOutputStream:75 - [STDERR_REDIRECT] [Fatal Error] :1:1: Premature end of file.
2026-05-09 11:19:10,830 [ERROR] LogOutputStream:75 - [STDERR_REDIRECT] 
2026-05-09 11:19:11,807 [ERROR] LogOutputStream:75 - [STDERR_REDIRECT] [Fatal Error] :1:1: Premature end of file.
2026-05-09 11:19:11,807 [ERROR] LogOutputStream:75 - [STDERR_REDIRECT] 
2026-05-09 11:19:12,812 [ERROR] LogOutputStream:75 - [STDERR_REDIRECT] [Fatal Error] :1:1: Premature end of file.
2026-05-09 11:19:12,812 [ERROR] LogOutputStream:75 - [STDERR_REDIRECT] 
2026-05-09 11:19:13,828 [ERROR] LogOutputStream:75 - [STDERR_REDIRECT] [Fatal Error] :1:1: Premature end of file.
2026-05-09 11:19:13,828 [ERROR] LogOutputStream:75 - [STDERR_REDIRECT] 
2026-05-09 11:19:14,829 [ERROR] LogOutputStream:75 - [STDERR_REDIRECT] [Fatal Error] :1:1: Premature end of file.
2026-05-09 11:19:14,830 [ERROR] LogOutputStream:75 - [STDERR_REDIRECT] 
2026-05-09 11:19:15,819 [ERROR] LogOutputStream:75 - [STDERR_REDIRECT] [Fatal Error] :1:1: Premature end of file.
2026-05-09 11:19:15,819 [ERROR] LogOutputStream:75 - [STDERR_REDIRECT] 
2026-05-09 11:19:16,841 [ERROR] LogOutputStream:75 - [STDERR_REDIRECT] [Fatal Error] :1:1: Premature end of file.
2026-05-09 11:19:16,841 [ERROR] LogOutputStream:75 - [STDERR_REDIRECT] 
2026-05-09 11:19:17,828 [ERROR] LogOutputStream:75 - [STDERR_REDIRECT] [Fatal Error] :1:1: Premature end of file.
2026-05-09 11:19:17,828 [ERROR] LogOutputStream:75 - [STDERR_REDIRECT] 
2026-05-09 11:19:18,818 [ERROR] LogOutputStream:75 - [STDERR_REDIRECT] [Fatal Error] :1:1: Premature end of file.
2026-05-09 11:19:18,818 [ERROR] LogOutputStream:75 - [STDERR_REDIRECT] 
2026-05-09 11:19:19,824 [ERROR] LogOutputStream:75 - [STDERR_REDIRECT] [Fatal Error] :1:1: Premature end of file.
2026-05-09 11:19:19,824 [ERROR] LogOutputStream:75 - [STDERR_REDIRECT] 
2026-05-09 11:19:20,835 [ERROR] LogOutputStream:75 - [STDERR_REDIRECT] [Fatal Error] :1:1: Premature end of file.
2026-05-09 11:19:20,835 [ERROR] LogOutputStream:75 - [STDERR_REDIRECT] 
2026-05-09 11:19:21,826 [ERROR] LogOutputStream:75 - [STDERR_REDIRECT] [Fatal Error] :1:1: Premature end of file.
2026-05-09 11:19:21,826 [ERROR] LogOutputStream:75 - [STDERR_REDIRECT] 
2026-05-09 11:19:22,836 [ERROR] LogOutputStream:75 - [STDERR_REDIRECT] [Fatal Error] :1:1: Premature end of file.
2026-05-09 11:19:22,836 [ERROR] LogOutputStream:75 - [STDERR_REDIRECT] 
2026-05-09 11:19:23,828 [ERROR] LogOutputStream:75 - [STDERR_REDIRECT] [Fatal Error] :1:1: Premature end of file.
2026-05-09 11:19:23,829 [ERROR] LogOutputStream:75 - [STDERR_REDIRECT] 
2026-05-09 11:19:24,832 [ERROR] LogOutputStream:75 - [STDERR_REDIRECT] [Fatal Error] :1:1: Premature end of file.
2026-05-09 11:19:24,832 [ERROR] LogOutputStream:75 - [STDERR_REDIRECT] 
2026-05-09 11:19:25,836 [ERROR] LogOutputStream:75 - [STDERR_REDIRECT] [Fatal Error] :1:1: Premature end of file.
2026-05-09 11:19:25,836 [ERROR] LogOutputStream:75 - [STDERR_REDIRECT] 
2026-05-09 11:19:26,838 [ERROR] LogOutputStream:75 - [STDERR_REDIRECT] [Fatal Error] :1:1: Premature end of file.
2026-05-09 11:19:26,838 [ERROR] LogOutputStream:75 - [STDERR_REDIRECT] 
2026-05-09 11:19:27,831 [ERROR] LogOutputStream:75 - [STDERR_REDIRECT] [Fatal Error] :1:1: Premature end of file.
2026-05-09 11:19:27,831 [ERROR] LogOutputStream:75 - [STDERR_REDIRECT] 
2026-05-09 11:19:28,828 [ERROR] LogOutputStream:75 - [STDERR_REDIRECT] [Fatal Error] :1:1: Premature end of file.
2026-05-09 11:19:28,828 [ERROR] LogOutputStream:75 - [STDERR_REDIRECT] 
2026-05-09 11:19:29,834 [ERROR] LogOutputStream:75 - [STDERR_REDIRECT] [Fatal Error] :1:1: Premature end of file.
2026-05-09 11:19:29,834 [ERROR] LogOutputStream:75 - [STDERR_REDIRECT] 
2026-05-09 11:19:30,826 [ERROR] LogOutputStream:75 - [STDERR_REDIRECT] [Fatal Error] :1:1: Premature end of file.
2026-05-09 11:19:30,827 [ERROR] LogOutputStream:75 - [STDERR_REDIRECT] 
2026-05-09 11:19:31,808 [ERROR] LogOutputStream:75 - [STDERR_REDIRECT] [Fatal Error] :1:1: Premature end of file.
2026-05-09 11:19:31,808 [ERROR] LogOutputStream:75 - [STDERR_REDIRECT] 
2026-05-09 11:19:32,831 [ERROR] LogOutputStream:75 - [STDERR_REDIRECT] [Fatal Error] :1:1: Premature end of file.
2026-05-09 11:19:32,833 [ERROR] LogOutputStream:75 - [STDERR_REDIRECT] 
2026-05-09 11:19:33,833 [ERROR] LogOutputStream:75 - [STDERR_REDIRECT] [Fatal Error] :1:1: Premature end of file.
2026-05-09 11:19:33,833 [ERROR] LogOutputStream:75 - [STDERR_REDIRECT] 
2026-05-09 11:19:34,841 [ERROR] LogOutputStream:75 - [STDERR_REDIRECT] [Fatal Error] :1:1: Premature end of file.
2026-05-09 11:19:34,841 [ERROR] LogOutputStream:75 - [STDERR_REDIRECT] 
2026-05-09 11:19:35,808 [ERROR] LogOutputStream:75 - [STDERR_REDIRECT] [Fatal Error] :1:1: Premature end of file.
2026-05-09 11:19:35,808 [ERROR] LogOutputStream:75 - [STDERR_REDIRECT] 
2026-05-09 11:19:36,845 [ERROR] LogOutputStream:75 - [STDERR_REDIRECT] [Fatal Error] :1:1: Premature end of file.
2026-05-09 11:19:36,845 [ERROR] LogOutputStream:75 - [STDERR_REDIRECT] 
2026-05-09 11:19:37,836 [ERROR] LogOutputStream:75 - [STDERR_REDIRECT] [Fatal Error] :1:1: Premature end of file.
2026-05-09 11:19:37,837 [ERROR] LogOutputStream:75 - [STDERR_REDIRECT] 
2026-05-09 11:19:38,830 [ERROR] LogOutputStream:75 - [STDERR_REDIRECT] [Fatal Error] :1:1: Premature end of file.
2026-05-09 11:19:38,831 [ERROR] LogOutputStream:75 - [STDERR_REDIRECT] 
2026-05-09 11:19:39,808 [ERROR] LogOutputStream:75 - [STDERR_REDIRECT] [Fatal Error] :1:1: Premature end of file.
2026-05-09 11:19:39,808 [ERROR] LogOutputStream:75 - [STDERR_REDIRECT] 
2026-05-09 11:19:40,838 [ERROR] LogOutputStream:75 - [STDERR_REDIRECT] [Fatal Error] :1:1: Premature end of file.
2026-05-09 11:19:40,838 [ERROR] LogOutputStream:75 - [STDERR_REDIRECT] 
2026-05-09 11:19:41,807 [ERROR] LogOutputStream:75 - [STDERR_REDIRECT] [Fatal Error] :1:1: Premature end of file.
2026-05-09 11:19:41,807 [ERROR] LogOutputStream:75 - [STDERR_REDIRECT] 
2026-05-09 11:19:42,812 [ERROR] LogOutputStream:75 - [STDERR_REDIRECT] [Fatal Error] :1:1: Premature end of file.
2026-05-09 11:19:42,812 [ERROR] LogOutputStream:75 - [STDERR_REDIRECT] 
2026-05-09 11:19:43,827 [ERROR] LogOutputStream:75 - [STDERR_REDIRECT] [Fatal Error] :1:1: Premature end of file.
2026-05-09 11:19:43,828 [ERROR] LogOutputStream:75 - [STDERR_REDIRECT] 
2026-05-09 11:19:44,819 [ERROR] LogOutputStream:75 - [STDERR_REDIRECT] [Fatal Error] :1:1: Premature end of file.
2026-05-09 11:19:44,819 [ERROR] LogOutputStream:75 - [STDERR_REDIRECT] 
2026-05-09 11:19:45,833 [ERROR] LogOutputStream:75 - [STDERR_REDIRECT] [Fatal Error] :1:1: Premature end of file.
2026-05-09 11:19:45,834 [ERROR] LogOutputStream:75 - [STDERR_REDIRECT] 
2026-05-09 11:19:46,803 [ERROR] LogOutputStream:75 - [STDERR_REDIRECT] [Fatal Error] :1:1: Premature end of file.
2026-05-09 11:19:46,803 [ERROR] LogOutputStream:75 - [STDERR_REDIRECT] 
2026-05-09 11:19:47,824 [ERROR] LogOutputStream:75 - [STDERR_REDIRECT] [Fatal Error] :1:1: Premature end of file.
2026-05-09 11:19:47,825 [ERROR] LogOutputStream:75 - [STDERR_REDIRECT] 
2026-05-09 11:19:48,836 [ERROR] LogOutputStream:75 - [STDERR_REDIRECT] [Fatal Error] :1:1: Premature end of file.
2026-05-09 11:19:48,836 [ERROR] LogOutputStream:75 - [STDERR_REDIRECT] 
2026-05-09 11:19:49,846 [ERROR] LogOutputStream:75 - [STDERR_REDIRECT] [Fatal Error] :1:1: Premature end of file.
2026-05-09 11:19:49,847 [ERROR] LogOutputStream:75 - [STDERR_REDIRECT] 
2026-05-09 11:19:50,818 [ERROR] LogOutputStream:75 - [STDERR_REDIRECT] [Fatal Error] :1:1: Premature end of file.
2026-05-09 11:19:50,818 [ERROR] LogOutputStream:75 - [STDERR_REDIRECT] 
2026-05-09 11:19:51,819 [ERROR] LogOutputStream:75 - [STDERR_REDIRECT] [Fatal Error] :1:1: Premature end of file.
2026-05-09 11:19:51,819 [ERROR] LogOutputStream:75 - [STDERR_REDIRECT] 
2026-05-09 11:19:52,814 [ERROR] LogOutputStream:75 - [STDERR_REDIRECT] [Fatal Error] :1:1: Premature end of file.
2026-05-09 11:19:52,814 [ERROR] LogOutputStream:75 - [STDERR_REDIRECT] 
2026-05-09 11:19:53,815 [ERROR] LogOutputStream:75 - [STDERR_REDIRECT] [Fatal Error] :1:1: Premature end of file.
2026-05-09 11:19:53,815 [ERROR] LogOutputStream:75 - [STDERR_REDIRECT] 
2026-05-09 11:19:54,821 [ERROR] LogOutputStream:75 - [STDERR_REDIRECT] [Fatal Error] :1:1: Premature end of file.
2026-05-09 11:19:54,821 [ERROR] LogOutputStream:75 - [STDERR_REDIRECT] 
2026-05-09 11:19:55,859 [ERROR] LogOutputStream:75 - [STDERR_REDIRECT] [Fatal Error] :1:1: Premature end of file.
2026-05-09 11:19:55,859 [ERROR] LogOutputStream:75 - [STDERR_REDIRECT] 
2026-05-09 11:19:56,808 [ERROR] LogOutputStream:75 - [STDERR_REDIRECT] [Fatal Error] :1:1: Premature end of file.
2026-05-09 11:19:56,809 [ERROR] LogOutputStream:75 - [STDERR_REDIRECT] 
2026-05-09 11:19:57,803 [ERROR] LogOutputStream:75 - [STDERR_REDIRECT] [Fatal Error] :1:1: Premature end of file.
2026-05-09 11:19:57,804 [ERROR] LogOutputStream:75 - [STDERR_REDIRECT] 
2026-05-09 11:19:58,835 [ERROR] LogOutputStream:75 - [STDERR_REDIRECT] [Fatal Error] :1:1: Premature end of file.
2026-05-09 11:19:58,836 [ERROR] LogOutputStream:75 - [STDERR_REDIRECT] 
2026-05-09 11:19:59,821 [ERROR] LogOutputStream:75 - [STDERR_REDIRECT] [Fatal Error] :1:1: Premature end of file.
2026-05-09 11:19:59,822 [ERROR] LogOutputStream:75 - [STDERR_REDIRECT] 
2026-05-09 11:20:00,812 [ERROR] LogOutputStream:75 - [STDERR_REDIRECT] [Fatal Error] :1:1: Premature end of file.
2026-05-09 11:20:00,812 [ERROR] LogOutputStream:75 - [STDERR_REDIRECT] 
2026-05-09 11:20:01,804 [ERROR] LogOutputStream:75 - [STDERR_REDIRECT] [Fatal Error] :1:1: Premature end of file.
2026-05-09 11:20:01,804 [ERROR] LogOutputStream:75 - [STDERR_REDIRECT] 
2026-05-09 11:20:02,815 [ERROR] LogOutputStream:75 - [STDERR_REDIRECT] [Fatal Error] :1:1: Premature end of file.
2026-05-09 11:20:02,815 [ERROR] LogOutputStream:75 - [STDERR_REDIRECT] 
2026-05-09 11:20:03,813 [ERROR] LogOutputStream:75 - [STDERR_REDIRECT] [Fatal Error] :1:1: Premature end of file.
2026-05-09 11:20:03,813 [ERROR] LogOutputStream:75 - [STDERR_REDIRECT] 
2026-05-09 11:20:04,828 [ERROR] LogOutputStream:75 - [STDERR_REDIRECT] [Fatal Error] :1:1: Premature end of file.
2026-05-09 11:20:04,828 [ERROR] LogOutputStream:75 - [STDERR_REDIRECT] 
2026-05-09 11:20:05,848 [ERROR] LogOutputStream:75 - [STDERR_REDIRECT] [Fatal Error] :1:1: Premature end of file.
2026-05-09 11:20:05,849 [ERROR] LogOutputStream:75 - [STDERR_REDIRECT] 
2026-05-09 11:20:06,840 [ERROR] LogOutputStream:75 - [STDERR_REDIRECT] [Fatal Error] :1:1: Premature end of file.
2026-05-09 11:20:06,840 [ERROR] LogOutputStream:75 - [STDERR_REDIRECT] 
2026-05-09 11:20:07,837 [ERROR] LogOutputStream:75 - [STDERR_REDIRECT] [Fatal Error] :1:1: Premature end of file.
2026-05-09 11:20:07,838 [ERROR] LogOutputStream:75 - [STDERR_REDIRECT] 
2026-05-09 11:20:08,838 [ERROR] LogOutputStream:75 - [STDERR_REDIRECT] [Fatal Error] :1:1: Premature end of file.
2026-05-09 11:20:08,838 [ERROR] LogOutputStream:75 - [STDERR_REDIRECT] 
2026-05-09 11:20:09,816 [ERROR] LogOutputStream:75 - [STDERR_REDIRECT] [Fatal Error] :1:1: Premature end of file.
2026-05-09 11:20:09,816 [ERROR] LogOutputStream:75 - [STDERR_REDIRECT] 
2026-05-09 11:20:10,808 [ERROR] LogOutputStream:75 - [STDERR_REDIRECT] [Fatal Error] :1:1: Premature end of file.
2026-05-09 11:20:10,808 [ERROR] LogOutputStream:75 - [STDERR_REDIRECT] 
2026-05-09 11:20:11,812 [ERROR] LogOutputStream:75 - [STDERR_REDIRECT] [Fatal Error] :1:1: Premature end of file.
2026-05-09 11:20:11,813 [ERROR] LogOutputStream:75 - [STDERR_REDIRECT] 
2026-05-09 11:20:12,639 [ERROR] LogOutputStream:75 - [STDERR_REDIRECT] 
