2026-05-02 07:54:02,180 [INFO] Activator:176 - 


2026-05-02 07:54:02,180 [INFO] Activator:177 - !SESSION log4j initialized
2026-05-02 07:54:06,459 [INFO] LogOutputStream:77 - [STDOUT_REDIRECT] 
2026-05-02 07:54:14,841 [INFO] ApplicationProperties:184 - Using Application install path: C:\ST\STM32CubeIDE_1.18.1\STM32CubeIDE\plugins\com.st.stm32cube.common.mx_6.14.1.202504091515
2026-05-02 07:54:14,854 [INFO] DbMcusXml:78 - Set database path to: C:\ST\STM32CubeIDE_1.18.1\STM32CubeIDE\plugins\com.st.stm32cube.common.mx_6.14.1.202504091515\\db\/mcu/
2026-05-02 07:54:14,855 [INFO] ApiDb:274 - Set plugin database path to: C:\ST\STM32CubeIDE_1.18.1\STM32CubeIDE\plugins\com.st.stm32cube.common.mx_6.14.1.202504091515\\db\/plugins/boardmanager/
2026-05-02 07:54:14,855 [WARN] ApiDb:259 - Overriding images path with different value:  => C:\ST\STM32CubeIDE_1.18.1\STM32CubeIDE\plugins\com.st.stm32cube.common.mx_6.14.1.202504091515\\db\/plugins/mcufinder/images/
2026-05-02 07:54:14,859 [INFO] ApiDb:250 - Set database path to: C:\Users\salem\.stmcufinder\plugins\mcufinder//mcu/
2026-05-02 07:54:14,860 [INFO] DbMcusAds:125 - Set database path to: C:\Users\salem\.stmcufinder\plugins\mcufinder//mcu/
2026-05-02 07:54:14,861 [INFO] CrossReferenceDbSqlite:203 - Set database path to: C:\Users\salem\.stmcufinder\plugins\mcufinder//mcu/cs/
2026-05-02 07:54:14,945 [INFO] RulesReader:64 - Compatibility file has been processed (302 Rules)
2026-05-02 07:54:14,992 [INFO] DbMcusXml:78 - Set database path to: C:\ST\STM32CubeIDE_1.18.1\STM32CubeIDE\plugins\com.st.stm32cube.common.mx_6.14.1.202504091515\\db\/mcu/
2026-05-02 07:54:14,993 [INFO] ApiDb:274 - Set plugin database path to: C:\ST\STM32CubeIDE_1.18.1\STM32CubeIDE\plugins\com.st.stm32cube.common.mx_6.14.1.202504091515\\db\/plugins/boardmanager/
2026-05-02 07:54:14,993 [INFO] ApiDb:261 - Set plugin images path to: C:\ST\STM32CubeIDE_1.18.1\STM32CubeIDE\plugins\com.st.stm32cube.common.mx_6.14.1.202504091515\\db\/plugins/mcufinder/images/
2026-05-02 07:54:14,993 [WARN] DbFile:41 - Overriding database path with different value: C:\Users\salem\.stmcufinder\plugins\mcufinder/ => C:\Users\salem\.stmcufinder\plugins\mcufinder
2026-05-02 07:54:14,993 [INFO] ApiDb:250 - Set database path to: C:\Users\salem\.stmcufinder\plugins\mcufinder//mcu/
2026-05-02 07:54:14,993 [WARN] DbFile:41 - Overriding database path with different value: C:\Users\salem\.stmcufinder\plugins\mcufinder/ => C:\Users\salem\.stmcufinder\plugins\mcufinder
2026-05-02 07:54:14,993 [INFO] DbMcusAds:125 - Set database path to: C:\Users\salem\.stmcufinder\plugins\mcufinder//mcu/
2026-05-02 07:54:14,993 [WARN] DbFile:41 - Overriding database path with different value: C:\Users\salem\.stmcufinder\plugins\mcufinder/ => C:\Users\salem\.stmcufinder\plugins\mcufinder
2026-05-02 07:54:14,993 [WARN] DbFile:41 - Overriding database path with different value: C:\Users\salem\.stmcufinder\plugins\mcufinder/ => C:\Users\salem\.stmcufinder\plugins\mcufinder
2026-05-02 07:54:14,993 [INFO] CrossReferenceDbSqlite:203 - Set database path to: C:\Users\salem\.stmcufinder\plugins\mcufinder//mcu/cs/
2026-05-02 07:54:15,042 [INFO] MainPanel:272 - HeapMemory: 268435456
2026-05-02 07:54:15,096 [INFO] DbMcusXml:78 - Set database path to: C:\ST\STM32CubeIDE_1.18.1\STM32CubeIDE\plugins\com.st.stm32cube.common.mx_6.14.1.202504091515\\db\/mcu/
2026-05-02 07:54:15,096 [INFO] ApiDb:274 - Set plugin database path to: C:\ST\STM32CubeIDE_1.18.1\STM32CubeIDE\plugins\com.st.stm32cube.common.mx_6.14.1.202504091515\\db\/plugins/boardmanager/
2026-05-02 07:54:15,096 [INFO] ApiDb:261 - Set plugin images path to: C:\ST\STM32CubeIDE_1.18.1\STM32CubeIDE\plugins\com.st.stm32cube.common.mx_6.14.1.202504091515\\db\/plugins/mcufinder/images/
2026-05-02 07:54:15,097 [WARN] DbFile:41 - Overriding database path with different value: C:\Users\salem\.stmcufinder\plugins\mcufinder/ => C:\Users\salem\.stmcufinder\plugins\mcufinder
2026-05-02 07:54:15,097 [INFO] ApiDb:250 - Set database path to: C:\Users\salem\.stmcufinder\plugins\mcufinder//mcu/
2026-05-02 07:54:15,097 [WARN] DbFile:41 - Overriding database path with different value: C:\Users\salem\.stmcufinder\plugins\mcufinder/ => C:\Users\salem\.stmcufinder\plugins\mcufinder
2026-05-02 07:54:15,097 [INFO] DbMcusAds:125 - Set database path to: C:\Users\salem\.stmcufinder\plugins\mcufinder//mcu/
2026-05-02 07:54:15,097 [WARN] DbFile:41 - Overriding database path with different value: C:\Users\salem\.stmcufinder\plugins\mcufinder/ => C:\Users\salem\.stmcufinder\plugins\mcufinder
2026-05-02 07:54:15,097 [WARN] DbFile:41 - Overriding database path with different value: C:\Users\salem\.stmcufinder\plugins\mcufinder/ => C:\Users\salem\.stmcufinder\plugins\mcufinder
2026-05-02 07:54:15,097 [INFO] CrossReferenceDbSqlite:203 - Set database path to: C:\Users\salem\.stmcufinder\plugins\mcufinder//mcu/cs/
2026-05-02 07:54:15,109 [INFO] ApplicationProperties:184 - Using Application install path: C:\ST\STM32CubeIDE_1.18.1\STM32CubeIDE\plugins\com.st.stm32cube.common.mx_6.14.1.202504091515
2026-05-02 07:54:15,111 [INFO] PluginManage:196 - Search for loadable plugins [exclusion list=, ]
2026-05-02 07:54:15,111 [INFO] PluginManage:310 - Check plugin analytics
2026-05-02 07:54:20,262 [INFO] AnalyticsPlugin:253 - Accepted Software Licenses: STM32CubeMX.6.13.0
2026-05-02 07:54:20,262 [INFO] AnalyticsPlugin:255 - Accepted CMSIS Pack Licenses: 
2026-05-02 07:54:20,262 [INFO] AnalyticsPlugin:257 - Accepted Firmware Licenses: FW.F4.1.28.0,FW.C0.1.3.0,FW.C0.1.4.0
2026-05-02 07:54:20,265 [INFO] PluginManage:359 - Loaded plugin analytics (category:tool,tabindex:-1)
2026-05-02 07:54:20,265 [INFO] PluginManage:310 - Check plugin cadmodel
2026-05-02 07:54:20,268 [INFO] CADModel:105 - Init CAD model plugin
2026-05-02 07:54:20,268 [INFO] PluginManage:359 - Loaded plugin cadmodel (category:power,tabindex:5)
2026-05-02 07:54:20,268 [INFO] PluginManage:310 - Check plugin clock
2026-05-02 07:54:20,274 [INFO] PluginManage:359 - Loaded plugin clock (category:base,tabindex:2)
2026-05-02 07:54:20,274 [INFO] PluginManage:310 - Check plugin ddr
2026-05-02 07:54:20,276 [INFO] PluginManage:359 - Loaded plugin ddr (category:tool,tabindex:6)
2026-05-02 07:54:20,276 [INFO] PluginManage:310 - Check plugin filemanager
2026-05-02 07:54:20,375 [INFO] PluginManage:359 - Loaded plugin filemanager (category:base,tabindex:10)
2026-05-02 07:54:20,375 [INFO] PluginManage:310 - Check plugin ipmanager
2026-05-02 07:54:20,380 [INFO] PluginManage:359 - Loaded plugin ipmanager (category:base,tabindex:5)
2026-05-02 07:54:20,380 [INFO] PluginManage:310 - Check plugin lpbam
2026-05-02 07:54:20,386 [INFO] PluginManage:359 - Loaded plugin lpbam (category:base,tabindex:0)
2026-05-02 07:54:20,386 [INFO] PluginManage:310 - Check plugin memorymap
2026-05-02 07:54:20,393 [INFO] PluginManage:359 - Loaded plugin memorymap (category:base,tabindex:4)
2026-05-02 07:54:20,393 [INFO] PluginManage:310 - Check plugin pinoutandconfiguration
2026-05-02 07:54:20,398 [INFO] PluginManage:359 - Loaded plugin pinoutandconfiguration (category:base,tabindex:1)
2026-05-02 07:54:20,398 [INFO] PluginManage:310 - Check plugin pinoutconfig
2026-05-02 07:54:20,460 [WARN] SupportedApi:132 - Cannot load RTOS API schema: s4s-elt-must-match.1: The content of 'definitions' must match (annotation?, (simpleType | complexType)?, (unique | key | keyref)*)). A problem was found starting at: attribute.
2026-05-02 07:54:20,567 [INFO] PluginManage:359 - Loaded plugin pinoutconfig (category:base,tabindex:0)
2026-05-02 07:54:20,567 [INFO] PluginManage:310 - Check plugin power
2026-05-02 07:54:20,574 [INFO] PluginManage:359 - Loaded plugin power (category:power,tabindex:4)
2026-05-02 07:54:20,574 [INFO] PluginManage:310 - Check plugin projectmanager
2026-05-02 07:54:20,587 [INFO] PluginManage:359 - Loaded plugin projectmanager (category:projectmanager,tabindex:4)
2026-05-02 07:54:20,587 [INFO] PluginManage:310 - Check plugin rif
2026-05-02 07:54:20,598 [INFO] PluginManage:359 - Loaded plugin rif (category:base,tabindex:3)
2026-05-02 07:54:20,599 [INFO] PluginManage:310 - Check plugin thirdparty
2026-05-02 07:54:20,691 [WARN] IntegrityCheckThread:84 - waiting for thirdparty lock release [integrity check]
2026-05-02 07:54:20,691 [INFO] PluginManage:359 - Loaded plugin thirdparty (category:base,tabindex:-1)
2026-05-02 07:54:20,691 [INFO] IntegrityCheckThread:86 - entering critical section [integrity check]
2026-05-02 07:54:20,691 [INFO] PluginManage:310 - Check plugin tools
2026-05-02 07:54:20,691 [INFO] ThirdPartyUpdaterWithRetryManager:70 - Updater plugin not ready yet. [1/15]
2026-05-02 07:54:20,693 [INFO] PluginManage:359 - Loaded plugin tools (category:base,tabindex:7)
2026-05-02 07:54:20,694 [INFO] PluginManage:310 - Check plugin tutovideos
2026-05-02 07:54:20,799 [INFO] PluginManage:359 - Loaded plugin tutovideos (category:base,tabindex:-1)
2026-05-02 07:54:20,799 [INFO] PluginManage:310 - Check plugin updater
2026-05-02 07:54:20,814 [INFO] PluginManage:359 - Loaded plugin updater (category:base,tabindex:12)
2026-05-02 07:54:20,814 [INFO] PluginManage:310 - Check plugin userauth
2026-05-02 07:54:20,818 [INFO] UserAuth:118 - Init User Auth plugin
2026-05-02 07:54:20,818 [INFO] PluginManage:359 - Loaded plugin userauth (category:base,tabindex:14)
2026-05-02 07:54:20,819 [INFO] PluginManage:283 - PluginManage : Loaded plugins [18]
2026-05-02 07:54:20,963 [INFO] PinOutPanel:1589 - setPackage(No Configuration,No Configuration)
2026-05-02 07:54:21,030 [INFO] CADModel:165 - CPN selected for project level
2026-05-02 07:54:21,030 [INFO] CADModel:114 - Register for checkConnection events
2026-05-02 07:54:21,042 [INFO] IPUIPlugin:80 - create IPUIPlugin
2026-05-02 07:54:21,042 [INFO] PluginManager:220 - loadIPPluginJar : add adc
2026-05-02 07:54:21,044 [INFO] IPUIPlugin:80 - create IPUIPlugin
2026-05-02 07:54:21,044 [INFO] PluginManager:220 - loadIPPluginJar : add aes
2026-05-02 07:54:21,045 [INFO] IPUIPlugin:80 - create IPUIPlugin
2026-05-02 07:54:21,046 [INFO] PluginManager:220 - loadIPPluginJar : add can
2026-05-02 07:54:21,047 [INFO] IPUIPlugin:80 - create IPUIPlugin
2026-05-02 07:54:21,047 [INFO] PluginManager:220 - loadIPPluginJar : add comp
2026-05-02 07:54:21,048 [INFO] IPUIPlugin:80 - create IPUIPlugin
2026-05-02 07:54:21,048 [INFO] PluginManager:220 - loadIPPluginJar : add cryp
2026-05-02 07:54:21,050 [INFO] IPUIPlugin:80 - create IPUIPlugin
2026-05-02 07:54:21,050 [INFO] PluginManager:220 - loadIPPluginJar : add ddr_ctrl_phy
2026-05-02 07:54:21,052 [INFO] IPUIPlugin:80 - create IPUIPlugin
2026-05-02 07:54:21,052 [INFO] PluginManager:220 - loadIPPluginJar : add dfsdm
2026-05-02 07:54:21,056 [INFO] IPUIPlugin:80 - create IPUIPlugin
2026-05-02 07:54:21,057 [INFO] PluginManager:220 - loadIPPluginJar : add dma
2026-05-02 07:54:21,059 [INFO] IPUIPlugin:80 - create IPUIPlugin
2026-05-02 07:54:21,059 [INFO] PluginManager:220 - loadIPPluginJar : add dma3
2026-05-02 07:54:21,061 [INFO] IPUIPlugin:80 - create IPUIPlugin
2026-05-02 07:54:21,061 [INFO] PluginManager:220 - loadIPPluginJar : add extmemmanager
2026-05-02 07:54:21,062 [INFO] IPUIPlugin:80 - create IPUIPlugin
2026-05-02 07:54:21,062 [INFO] PluginManager:220 - loadIPPluginJar : add fatfs
2026-05-02 07:54:21,065 [INFO] IPUIPlugin:80 - create IPUIPlugin
2026-05-02 07:54:21,065 [INFO] PluginManager:220 - loadIPPluginJar : add fmc
2026-05-02 07:54:21,070 [INFO] IPUIPlugin:80 - create IPUIPlugin
2026-05-02 07:54:21,070 [INFO] PluginManager:220 - loadIPPluginJar : add freertos
2026-05-02 07:54:21,071 [INFO] IPUIPlugin:80 - create IPUIPlugin
2026-05-02 07:54:21,071 [INFO] PluginManager:220 - loadIPPluginJar : add genericplugin
2026-05-02 07:54:21,074 [INFO] IPUIPlugin:80 - create IPUIPlugin
2026-05-02 07:54:21,074 [INFO] PluginManager:220 - loadIPPluginJar : add gfxmmu
2026-05-02 07:54:21,077 [INFO] IPUIPlugin:80 - create IPUIPlugin
2026-05-02 07:54:21,077 [INFO] PluginManager:220 - loadIPPluginJar : add gic
2026-05-02 07:54:21,080 [INFO] IPUIPlugin:80 - create IPUIPlugin
2026-05-02 07:54:21,080 [INFO] PluginManager:220 - loadIPPluginJar : add gpio
2026-05-02 07:54:21,082 [INFO] IPUIPlugin:80 - create IPUIPlugin
2026-05-02 07:54:21,082 [INFO] PluginManager:220 - loadIPPluginJar : add gtzc
2026-05-02 07:54:21,083 [INFO] IPUIPlugin:80 - create IPUIPlugin
2026-05-02 07:54:21,083 [INFO] PluginManager:220 - loadIPPluginJar : add hash
2026-05-02 07:54:21,085 [INFO] IPUIPlugin:80 - create IPUIPlugin
2026-05-02 07:54:21,085 [INFO] PluginManager:220 - loadIPPluginJar : add i2c
2026-05-02 07:54:21,087 [INFO] IPUIPlugin:80 - create IPUIPlugin
2026-05-02 07:54:21,087 [INFO] PluginManager:220 - loadIPPluginJar : add i2s
2026-05-02 07:54:21,089 [INFO] IPUIPlugin:80 - create IPUIPlugin
2026-05-02 07:54:21,089 [INFO] PluginManager:220 - loadIPPluginJar : add i3c
2026-05-02 07:54:21,091 [INFO] IPUIPlugin:80 - create IPUIPlugin
2026-05-02 07:54:21,091 [INFO] PluginManager:220 - loadIPPluginJar : add ipddr
2026-05-02 07:54:21,096 [INFO] IPUIPlugin:80 - create IPUIPlugin
2026-05-02 07:54:21,096 [INFO] PluginManager:220 - loadIPPluginJar : add linkedlist
2026-05-02 07:54:21,098 [INFO] IPUIPlugin:80 - create IPUIPlugin
2026-05-02 07:54:21,098 [INFO] PluginManager:220 - loadIPPluginJar : add lorawan
2026-05-02 07:54:21,099 [INFO] IPUIPlugin:80 - create IPUIPlugin
2026-05-02 07:54:21,099 [INFO] PluginManager:220 - loadIPPluginJar : add ltdc
2026-05-02 07:54:21,103 [INFO] IPUIPlugin:80 - create IPUIPlugin
2026-05-02 07:54:21,103 [INFO] PluginManager:220 - loadIPPluginJar : add mdma
2026-05-02 07:54:21,105 [INFO] IPUIPlugin:80 - create IPUIPlugin
2026-05-02 07:54:21,106 [INFO] PluginManager:220 - loadIPPluginJar : add nvic
2026-05-02 07:54:21,108 [INFO] IPUIPlugin:80 - create IPUIPlugin
2026-05-02 07:54:21,108 [INFO] PluginManager:220 - loadIPPluginJar : add opamp
2026-05-02 07:54:21,110 [INFO] IPUIPlugin:80 - create IPUIPlugin
2026-05-02 07:54:21,110 [INFO] PluginManager:220 - loadIPPluginJar : add openamp
2026-05-02 07:54:21,112 [INFO] IPUIPlugin:80 - create IPUIPlugin
2026-05-02 07:54:21,112 [INFO] PluginManager:220 - loadIPPluginJar : add pdm2pcm
2026-05-02 07:54:21,116 [INFO] IPUIPlugin:80 - create IPUIPlugin
2026-05-02 07:54:21,120 [INFO] PluginManager:220 - loadIPPluginJar : add plateformsettings
2026-05-02 07:54:21,121 [INFO] IPUIPlugin:80 - create IPUIPlugin
2026-05-02 07:54:21,121 [INFO] PluginManager:220 - loadIPPluginJar : add quadspi
2026-05-02 07:54:21,122 [INFO] IPUIPlugin:80 - create IPUIPlugin
2026-05-02 07:54:21,123 [INFO] PluginManager:220 - loadIPPluginJar : add radio
2026-05-02 07:54:21,125 [INFO] IPUIPlugin:80 - create IPUIPlugin
2026-05-02 07:54:21,125 [INFO] PluginManager:220 - loadIPPluginJar : add resmgrutility
2026-05-02 07:54:21,127 [INFO] IPUIPlugin:80 - create IPUIPlugin
2026-05-02 07:54:21,127 [INFO] PluginManager:220 - loadIPPluginJar : add sai
2026-05-02 07:54:21,129 [INFO] IPUIPlugin:80 - create IPUIPlugin
2026-05-02 07:54:21,129 [INFO] PluginManager:220 - loadIPPluginJar : add spi
2026-05-02 07:54:21,133 [INFO] IPUIPlugin:80 - create IPUIPlugin
2026-05-02 07:54:21,133 [INFO] PluginManager:220 - loadIPPluginJar : add stm32_wpan
2026-05-02 07:54:21,135 [INFO] IPUIPlugin:80 - create IPUIPlugin
2026-05-02 07:54:21,135 [INFO] PluginManager:220 - loadIPPluginJar : add tim
2026-05-02 07:54:21,137 [INFO] IPUIPlugin:80 - create IPUIPlugin
2026-05-02 07:54:21,137 [INFO] PluginManager:220 - loadIPPluginJar : add touchsensing
2026-05-02 07:54:21,138 [INFO] IPUIPlugin:80 - create IPUIPlugin
2026-05-02 07:54:21,138 [INFO] PluginManager:220 - loadIPPluginJar : add tracer_emb
2026-05-02 07:54:21,140 [INFO] IPUIPlugin:80 - create IPUIPlugin
2026-05-02 07:54:21,140 [INFO] PluginManager:220 - loadIPPluginJar : add ts
2026-05-02 07:54:21,141 [INFO] IPUIPlugin:80 - create IPUIPlugin
2026-05-02 07:54:21,141 [INFO] PluginManager:220 - loadIPPluginJar : add tsc
2026-05-02 07:54:21,142 [INFO] IPUIPlugin:80 - create IPUIPlugin
2026-05-02 07:54:21,142 [INFO] PluginManager:220 - loadIPPluginJar : add ucpd
2026-05-02 07:54:21,144 [INFO] IPUIPlugin:80 - create IPUIPlugin
2026-05-02 07:54:21,144 [INFO] PluginManager:220 - loadIPPluginJar : add usart
2026-05-02 07:54:21,146 [INFO] IPUIPlugin:80 - create IPUIPlugin
2026-05-02 07:54:21,146 [INFO] PluginManager:220 - loadIPPluginJar : add usbx
2026-05-02 07:54:21,258 [FATAL] Updater:351 - Updater called before beeing initialized
2026-05-02 07:54:21,290 [INFO] RulesReader:64 - Compatibility file has been processed (302 Rules)
2026-05-02 07:54:21,297 [INFO] RulesReader:64 - Compatibility file has been processed (302 Rules)
2026-05-02 07:54:21,305 [INFO] CADModel:165 - CPN selected for project level
2026-05-02 07:54:21,305 [INFO] CADModel:114 - Register for checkConnection events
2026-05-02 07:54:21,305 [FATAL] Updater:351 - Updater called before beeing initialized
2026-05-02 07:54:21,305 [ERROR] CADModel:125 - Updater not yet initialized, retry later 
2026-05-02 07:54:21,414 [FATAL] Updater:351 - Updater called before beeing initialized
2026-05-02 07:54:21,416 [INFO] CADModel:165 - CPN selected for project level
2026-05-02 07:54:21,416 [INFO] CADModel:114 - Register for checkConnection events
2026-05-02 07:54:21,416 [FATAL] Updater:351 - Updater called before beeing initialized
2026-05-02 07:54:21,416 [ERROR] CADModel:125 - Updater not yet initialized, retry later 
2026-05-02 07:54:21,436 [FATAL] Updater:351 - Updater called before beeing initialized
2026-05-02 07:54:21,515 [FATAL] Updater:351 - Updater called before beeing initialized
2026-05-02 07:54:21,517 [INFO] DbMcusAds:53 - JSON generation date=Fri Apr 10 10:19:02 CET 2026 (1775812742310)
2026-05-02 07:54:21,518 [FATAL] Updater:351 - Updater called before beeing initialized
2026-05-02 07:54:21,538 [WARN] DetailPanel:346 - Failed to get advertising image, set to default
2026-05-02 07:54:21,725 [FATAL] Updater:351 - Updater called before beeing initialized
2026-05-02 07:54:21,728 [FATAL] Updater:351 - Updater called before beeing initialized
2026-05-02 07:54:21,728 [FATAL] Updater:351 - Updater called before beeing initialized
2026-05-02 07:54:21,728 [WARN] DetailPanel:346 - Failed to get advertising image, set to default
2026-05-02 07:54:21,728 [FATAL] Updater:351 - Updater called before beeing initialized
2026-05-02 07:54:21,769 [ERROR] Updater:1198 - MainUpdater not yet initialized. External WinMGr cannot be set.
2026-05-02 07:54:21,772 [INFO] Updater:1134 - Updater Version found : 6.14.1
2026-05-02 07:54:21,783 [INFO] ApplicationProperties:184 - Using Application install path: C:\ST\STM32CubeIDE_1.18.1\STM32CubeIDE\plugins\com.st.stm32cube.common.mx_6.14.1.202504091515
2026-05-02 07:54:22,324 [INFO] MainUpdater:2872 - connection check result : 10
2026-05-02 07:54:22,326 [INFO] MainUpdater:289 - Updater Check For Update Now.
2026-05-02 07:54:22,326 [INFO] MicroXplorer:498 - Change Database Version : DB.6.0.141
2026-05-02 07:54:22,330 [INFO] McuFinderGlobals:63 - Set McuFinder mode to 2 (CubeIDE integrated)
2026-05-02 07:54:22,330 [INFO] UserAuth:484 - Internet connection configuration mode: 1
2026-05-02 07:54:22,349 [INFO] JxBrowserEngine:152 - Initiate JxBrowser Engine with user profile folder
2026-05-02 07:54:22,510 [INFO] CheckServerUpdateThread:120 - End of CheckServer Thread
2026-05-02 07:54:22,832 [INFO] WebApp:169 - Instantiating new browser for Auth
2026-05-02 07:54:23,260 [INFO] WebApp:463 - Apply proxy settings
2026-05-02 07:54:23,260 [INFO] WebApp:548 - Chromium requires no authentication
2026-05-02 07:54:23,266 [INFO] WebApp:491 - Direct internet connection detected
2026-05-02 07:54:23,281 [INFO] WebApp:894 - Register for checkConnection events
2026-05-02 07:54:23,281 [INFO] WebApp:463 - Apply proxy settings
2026-05-02 07:54:23,281 [INFO] WebApp:548 - Chromium requires no authentication
2026-05-02 07:54:23,282 [INFO] WebApp:491 - Direct internet connection detected
2026-05-02 07:54:23,441 [INFO] WebApp:225 - Starting web application
2026-05-02 07:54:23,441 [INFO] WebApp:593 - Web application path used C:\ST\STM32CubeIDE_1.18.1\STM32CubeIDE\plugins\com.st.stm32cube.common.mx_6.14.1.202504091515\db\plugins\mcufinder\reactClient1\index.html
2026-05-02 07:54:23,512 [INFO] UserAuth:484 - Internet connection configuration mode: 1
2026-05-02 07:54:23,569 [ERROR] LogOutputStream:75 - [STDERR_REDIRECT] [Fatal Error] :1:1: Premature end of file.
2026-05-02 07:54:23,569 [ERROR] LogOutputStream:75 - [STDERR_REDIRECT] 
2026-05-02 07:54:23,658 [INFO] WebApp:191 - Connection restablished
2026-05-02 07:54:23,962 [WARN] PackLoader:240 - Cannot read IP mode file for STMicroelectronics.X-CUBE-AZRTOS-H7.3.5.0
2026-05-02 07:54:23,974 [WARN] PackLoader:240 - Cannot read IP mode file for STMicroelectronics.FP-SNS-MOTENVWB1.1.4.0
2026-05-02 07:54:23,981 [WARN] PackLoader:240 - Cannot read IP mode file for STMicroelectronics.FP-ATR-ASTRA1.2.0.2
2026-05-02 07:54:23,984 [WARN] PackLoader:240 - Cannot read IP mode file for STMicroelectronics.FP-ATR-ASTRA1.2.0.1
2026-05-02 07:54:23,991 [WARN] PackLoader:240 - Cannot read IP mode file for STMicroelectronics.X-CUBE-SMBUS.2.1.0
2026-05-02 07:54:24,001 [WARN] PackLoader:240 - Cannot read IP mode file for STMicroelectronics.X-CUBE-WB05N.1.1.0
2026-05-02 07:54:24,006 [WARN] PackLoader:240 - Cannot read IP mode file for STMicroelectronics.X-CUBE-ST60.1.0.0
2026-05-02 07:54:24,024 [WARN] PackLoader:240 - Cannot read IP mode file for STMicroelectronics.X-CUBE-AZRTOS-F7.1.1.0
2026-05-02 07:54:24,030 [WARN] PackLoader:240 - Cannot read IP mode file for Cesanta.I-CUBE-Mongoose.7.19.0
2026-05-02 07:54:24,064 [WARN] PackLoader:240 - Cannot read IP mode file for STMicroelectronics.X-CUBE-MEMS1.11.0.0
2026-05-02 07:54:24,194 [ERROR] Engine:466 - C:\Users\salem\.stm32cubemx\thirdparties\pdsc\STMicroelectronics.FP-SNS-MOTENV1.5.1.0.pdsc: PDSC version is not supported
2026-05-02 07:54:24,198 [ERROR] Engine:466 - C:\Users\salem\.stm32cubemx\thirdparties\pdsc\WES.I-CUBE-Cesium.1.4.0.pdsc: PDSC version is not supported
2026-05-02 07:54:24,202 [WARN] PackLoader:240 - Cannot read IP mode file for STMicroelectronics.FP-SNS-FLIGHT1.5.0.2
2026-05-02 07:54:24,218 [WARN] PackLoader:240 - Cannot read IP mode file for Infineon.AIROC-Wi-Fi-Bluetooth-STM32.1.7.0
2026-05-02 07:54:24,236 [WARN] PackLoader:240 - Cannot read IP mode file for Infineon.AIROC-Wi-Fi-Bluetooth-STM32.1.7.1
2026-05-02 07:54:24,252 [WARN] PackLoader:240 - Cannot read IP mode file for STMicroelectronics.X-CUBE-AZRTOS-H7.3.4.0
2026-05-02 07:54:24,258 [WARN] PackLoader:240 - Cannot read IP mode file for STMicroelectronics.X-CUBE-DISPLAY.3.0.0
2026-05-02 07:54:24,264 [WARN] PackLoader:240 - Cannot read IP mode file for STMicroelectronics.X-CUBE-GNSS1.7.1.1
2026-05-02 07:54:24,266 [ERROR] Engine:466 - C:\Users\salem\.stm32cubemx\thirdparties\pdsc\STMicroelectronics.FP-SNS-MOTENVWB1.1.5.0.pdsc: PDSC version is not supported
2026-05-02 07:54:24,269 [WARN] PackLoader:240 - Cannot read IP mode file for STMicroelectronics.X-CUBE-BLE1.7.0.0
2026-05-02 07:54:24,273 [WARN] PackLoader:240 - Cannot read IP mode file for STMicroelectronics.X-CUBE-NFC10.1.0.0
2026-05-02 07:54:24,280 [WARN] PackLoader:240 - Cannot read IP mode file for STMicroelectronics.X-CUBE-BLEMGR.4.0.0
2026-05-02 07:54:24,284 [WARN] PackLoader:240 - Cannot read IP mode file for STMicroelectronics.X-CUBE-ST60.1.1.0
2026-05-02 07:54:24,289 [WARN] PackLoader:240 - Cannot read IP mode file for emotas.I-CUBE-CANOPEN.1.3.0
2026-05-02 07:54:24,293 [WARN] PackLoader:240 - Cannot read IP mode file for STMicroelectronics.X-CUBE-GNSS1.7.1.0
2026-05-02 07:54:24,297 [WARN] PackLoader:240 - Cannot read IP mode file for STMicroelectronics.X-CUBE-AI.10.0.0
2026-05-02 07:54:24,300 [ERROR] Engine:466 - C:\Users\salem\.stm32cubemx\thirdparties\pdsc\STMicroelectronics.FP-SNS-STBOX1.2.1.0.pdsc: PDSC version is not supported
2026-05-02 07:54:24,303 [WARN] PackLoader:240 - Cannot read IP mode file for STMicroelectronics.FP-SNS-SMARTAG2.1.2.0
2026-05-02 07:54:24,306 [WARN] PackLoader:240 - Cannot read IP mode file for STMicroelectronics.FP-SNS-FLIGHT1.5.1.0
2026-05-02 07:54:24,338 [WARN] PackLoader:240 - Cannot read IP mode file for STMicroelectronics.X-CUBE-MEMS1.11.1.0
2026-05-02 07:54:24,409 [INFO] LogOutputStream:77 - [STDOUT_REDIRECT] 1 : Invalid condition id : UX_CORESTACK_Condition cause : null
2026-05-02 07:54:24,409 [INFO] LogOutputStream:77 - [STDOUT_REDIRECT] 1 : Invalid condition id : UX_CORESTACK_Condition cause : null
2026-05-02 07:54:24,410 [INFO] LogOutputStream:77 - [STDOUT_REDIRECT] 1 : Invalid condition id : UX_CORESTACK_Condition cause : null
2026-05-02 07:54:24,410 [INFO] LogOutputStream:77 - [STDOUT_REDIRECT] 1 : Invalid condition id : UX_CORESTACK_Condition cause : null
2026-05-02 07:54:24,411 [INFO] LogOutputStream:77 - [STDOUT_REDIRECT] 1 : Invalid condition id : UX_CORESTACK_Condition cause : null
2026-05-02 07:54:24,413 [WARN] PackLoader:240 - Cannot read IP mode file for STMicroelectronics.X-CUBE-AZRTOS-WL.2.0.0
2026-05-02 07:54:24,417 [WARN] PackLoader:240 - Cannot read IP mode file for STMicroelectronics.FP-SNS-MOTENV1.5.0.0
2026-05-02 07:54:24,426 [WARN] PackLoader:240 - Cannot read IP mode file for STMicroelectronics.X-CUBE-AZRTOS-H7RS.1.2.0
2026-05-02 07:54:24,431 [WARN] PackLoader:240 - Cannot read IP mode file for wolfSSL.I-CUBE-wolfMQTT.1.19.0
2026-05-02 07:54:24,435 [WARN] PackLoader:240 - Cannot read IP mode file for WES.I-CUBE-Cesium.1.3.0
2026-05-02 07:54:24,438 [WARN] PackLoader:240 - Cannot read IP mode file for STMicroelectronics.X-CUBE-BLE2.3.3.0
2026-05-02 07:54:24,457 [WARN] PackLoader:240 - Cannot read IP mode file for STMicroelectronics.X-CUBE-NFC9.1.0.0
2026-05-02 07:54:24,461 [WARN] PackLoader:240 - Cannot read IP mode file for wolfSSL.I-CUBE-wolfSSL.5.8.2
2026-05-02 07:54:24,464 [WARN] PackLoader:240 - Cannot read IP mode file for STMicroelectronics.X-CUBE-BLE1.7.1.0
2026-05-02 07:54:24,466 [WARN] PackLoader:240 - Cannot read IP mode file for wolfSSL.I-CUBE-wolfMQTT.1.19.2
2026-05-02 07:54:24,467 [ERROR] Engine:466 - C:\Users\salem\.stm32cubemx\thirdparties\pdsc\STMicroelectronics.X-CUBE-FREERTOS.1.4.0.pdsc: PDSC version is not supported
2026-05-02 07:54:24,471 [WARN] PackLoader:240 - Cannot read IP mode file for STMicroelectronics.X-CUBE-EEPRMA1.5.2.0
2026-05-02 07:54:24,474 [ERROR] Engine:466 - C:\Users\salem\.stm32cubemx\thirdparties\pdsc\STMicroelectronics.X-CUBE-ST67W61.1.1.0.pdsc: PDSC version is not supported
2026-05-02 07:54:24,476 [WARN] PackLoader:240 - Cannot read IP mode file for STMicroelectronics.X-CUBE-AI.10.1.0
2026-05-02 07:54:24,478 [ERROR] Engine:466 - C:\Users\salem\.stm32cubemx\thirdparties\pdsc\STMicroelectronics.FP-SNS-STAIOTCFT.1.1.0.pdsc: PDSC version is not supported
2026-05-02 07:54:24,502 [WARN] PackLoader:240 - Cannot read IP mode file for STMicroelectronics.X-CUBE-MEMS1.12.0.0
2026-05-02 07:54:24,571 [ERROR] LogOutputStream:75 - [STDERR_REDIRECT] [Fatal Error] :1:1: Premature end of file.
2026-05-02 07:54:24,572 [ERROR] LogOutputStream:75 - [STDERR_REDIRECT] 
2026-05-02 07:54:24,594 [WARN] PackLoader:240 - Cannot read IP mode file for STMicroelectronics.X-CUBE-MEMS1.11.2.0
2026-05-02 07:54:24,654 [WARN] PackLoader:240 - Cannot read IP mode file for STMicroelectronics.X-CUBE-AZRTOS-G0.1.1.0
2026-05-02 07:54:24,659 [WARN] PackLoader:240 - Cannot read IP mode file for STMicroelectronics.X-CUBE-SAFEA1.1.2.2
2026-05-02 07:54:24,663 [WARN] PackLoader:240 - Cannot read IP mode file for STMicroelectronics.X-CUBE-NFC4.3.0.0
2026-05-02 07:54:24,668 [WARN] PackLoader:240 - Cannot read IP mode file for EmbeddedOffice.I-CUBE-FS-RTOS.1.0.1
2026-05-02 07:54:24,671 [WARN] PackLoader:240 - Cannot read IP mode file for STMicroelectronics.X-CUBE-WB05N.2.0.0
2026-05-02 07:54:24,674 [WARN] PackLoader:240 - Cannot read IP mode file for wolfSSL.I-CUBE-wolfTPM.3.8.0
2026-05-02 07:54:24,678 [WARN] PackLoader:240 - Cannot read IP mode file for STMicroelectronics.X-CUBE-TCPP.4.2.0
2026-05-02 07:54:24,681 [WARN] PackLoader:240 - Cannot read IP mode file for RealThread.X-CUBE-RT-Thread_Nano.4.1.1
2026-05-02 07:54:24,684 [WARN] PackLoader:240 - Cannot read IP mode file for STMicroelectronics.FP-ATR-SIGFOX1.3.2.0
2026-05-02 07:54:24,688 [WARN] ConditionMgr:438 - getConditionDescription Invalid condition id : Cortex-A Device cause : null
2026-05-02 07:54:24,696 [WARN] ConditionMgr:1044 - genDependencies : Invalid condition id : Cortex-A Device cause : null
2026-05-02 07:54:24,696 [WARN] ConditionMgr:1044 - genDependencies : Invalid condition id : Cortex-A Device cause : null
2026-05-02 07:54:24,696 [WARN] ConditionMgr:1044 - genDependencies : Invalid condition id : Cortex-A Device cause : null
2026-05-02 07:54:24,700 [WARN] PackLoader:240 - Cannot read IP mode file for STMicroelectronics.X-CUBE-EEPRMA1.5.1.0
2026-05-02 07:54:24,703 [ERROR] Engine:466 - C:\Users\salem\.stm32cubemx\thirdparties\pdsc\STMicroelectronics.X-CUBE-FREERTOS.1.5.0.pdsc: PDSC version is not supported
2026-05-02 07:54:24,704 [WARN] PackLoader:240 - Cannot read IP mode file for wolfSSL.I-CUBE-wolfSSL.5.7.4
2026-05-02 07:54:24,709 [WARN] PackLoader:240 - Cannot read IP mode file for wolfSSL.I-CUBE-wolfSSL.5.7.6
2026-05-02 07:54:24,713 [WARN] PackLoader:240 - Cannot read IP mode file for ITTIA_DB.I-CUBE-ITTIADB.8.9.0
2026-05-02 07:54:24,717 [WARN] PackLoader:240 - Cannot read IP mode file for STMicroelectronics.X-CUBE-NFC6.3.2.0
2026-05-02 07:54:24,724 [WARN] PackLoader:240 - Cannot read IP mode file for STMicroelectronics.X-CUBE-ST67W61.1.0.0
2026-05-02 07:54:24,728 [WARN] PackLoader:240 - Cannot read IP mode file for STMicroelectronics.X-CUBE-AI.10.2.0
2026-05-02 07:54:24,745 [WARN] PackLoader:240 - Cannot read IP mode file for STMicroelectronics.X-CUBE-MEMS1.12.1.0
2026-05-02 07:54:24,795 [WARN] PackLoader:240 - Cannot read IP mode file for SEGGER.I-CUBE-embOS.1.3.1
2026-05-02 07:54:24,810 [WARN] PackLoader:240 - Cannot read IP mode file for STMicroelectronics.X-CUBE-ALGOBUILD.1.4.0
2026-05-02 07:54:24,827 [WARN] PackLoader:240 - Cannot read IP mode file for STMicroelectronics.X-CUBE-MEMS1.11.3.0
2026-05-02 07:54:24,902 [WARN] PackLoader:240 - Cannot read IP mode file for STMicroelectronics.X-CUBE-AI.9.1.0
2026-05-02 07:54:24,905 [WARN] PackLoader:240 - Cannot read IP mode file for STMicroelectronics.X-CUBE-PM33A1.1.0.0
2026-05-02 07:54:24,915 [WARN] PackLoader:240 - Cannot read IP mode file for STMicroelectronics.X-CUBE-AZRTOS-F4.1.1.0
2026-05-02 07:54:24,919 [WARN] PackLoader:240 - Cannot read IP mode file for Avnet-IotConnect.X-CUBE-IoTC-DA16k-PMOD.1.0.0
2026-05-02 07:54:24,922 [WARN] PackLoader:240 - Cannot read IP mode file for STMicroelectronics.X-CUBE-ISPU.2.1.0
2026-05-02 07:54:24,924 [ERROR] Engine:466 - C:\Users\salem\.stm32cubemx\thirdparties\pdsc\STMicroelectronics.X-CUBE-IPS.3.2.0.pdsc: PDSC version is not supported
2026-05-02 07:54:24,927 [WARN] PackLoader:240 - Cannot read IP mode file for STMicroelectronics.eDS-WB_DPC_TT-BIDIR.2.1.1
2026-05-02 07:54:24,930 [WARN] PackLoader:240 - Cannot read IP mode file for STMicroelectronics.X-CUBE-NFC12.1.0.0
2026-05-02 07:54:24,938 [WARN] PackLoader:240 - Cannot read IP mode file for STMicroelectronics.X-CUBE-AZRTOS-L5.2.0.0
2026-05-02 07:54:24,944 [WARN] PackLoader:240 - Cannot read IP mode file for STMicroelectronics.X-CUBE-NFC6.3.1.0
2026-05-02 07:54:24,948 [WARN] PackLoader:240 - Cannot read IP mode file for STMicroelectronics.X-CUBE-DPower.1.2.0
2026-05-02 07:54:24,951 [WARN] PackLoader:240 - Cannot read IP mode file for STMicroelectronics.eDS-WB_DPC_VIENNA.1.2.0
2026-05-02 07:54:24,953 [WARN] PackLoader:240 - Cannot read IP mode file for STMicroelectronics.eDS-WB_DPC_3PH2L-BIDIR.1.1.1
2026-05-02 07:54:24,955 [ERROR] Engine:466 - C:\Users\salem\.stm32cubemx\thirdparties\pdsc\STMicroelectronics.X-CUBE-ST67W61.1.3.0.pdsc: PDSC version is not supported
2026-05-02 07:54:24,958 [WARN] PackLoader:240 - Cannot read IP mode file for STMicroelectronics.X-CUBE-FREERTOS.1.3.1
2026-05-02 07:54:24,960 [WARN] PackLoader:240 - Cannot read IP mode file for STMicroelectronics.X-CUBE-FREERTOS.1.3.0
2026-05-02 07:54:24,964 [WARN] PackLoader:240 - Cannot read IP mode file for STMicroelectronics.X-CUBE-NFC7.1.0.1
2026-05-02 07:54:24,967 [WARN] PackLoader:240 - Cannot read IP mode file for STMicroelectronics.X-CUBE-TOUCHGFX.4.26.0
2026-05-02 07:54:24,969 [WARN] PackLoader:240 - Cannot read IP mode file for STMicroelectronics.X-CUBE-TOUCHGFX.4.26.1
2026-05-02 07:54:24,973 [WARN] PackLoader:240 - Cannot read IP mode file for STMicroelectronics.FP-SNS-STAIOTCFT.1.0.0
2026-05-02 07:54:24,975 [WARN] PackLoader:240 - Cannot read IP mode file for STMicroelectronics.X-CUBE-DPower.1.3.0
2026-05-02 07:54:24,982 [WARN] ConditionMgr:438 - getConditionDescription Invalid condition id : LAN8742 Phy interface Condition cause : null
2026-05-02 07:54:24,983 [WARN] PackLoader:240 - Cannot read IP mode file for STMicroelectronics.X-CUBE-AZRTOS-L4.2.0.0
2026-05-02 07:54:24,984 [WARN] ConditionMgr:1044 - genDependencies : Invalid condition id : LAN8742 Phy interface Condition cause : null
2026-05-02 07:54:24,984 [WARN] ConditionMgr:1044 - genDependencies : Invalid condition id : LAN8742 Phy interface Condition cause : null
2026-05-02 07:54:24,984 [WARN] ConditionMgr:1044 - genDependencies : Invalid condition id : LAN8742 Phy interface Condition cause : null
2026-05-02 07:54:24,988 [WARN] PackLoader:240 - Cannot read IP mode file for STMicroelectronics.X-CUBE-SFXS2LP1.4.0.0
2026-05-02 07:54:24,992 [WARN] PackLoader:240 - Cannot read IP mode file for STMicroelectronics.X-CUBE-WB05N.2.1.0
2026-05-02 07:54:24,994 [ERROR] Engine:466 - C:\Users\salem\.stm32cubemx\thirdparties\pdsc\STMicroelectronics.X-CUBE-ST67W61.1.2.0.pdsc: PDSC version is not supported
2026-05-02 07:54:25,006 [WARN] PackLoader:240 - Cannot read IP mode file for STMicroelectronics.X-CUBE-AZRTOS-H7.3.3.0
2026-05-02 07:54:25,012 [WARN] PackLoader:240 - Cannot read IP mode file for STMicroelectronics.X-CUBE-BLEMGR.4.1.0
2026-05-02 07:54:25,017 [WARN] PackLoader:240 - Cannot read IP mode file for STMicroelectronics.X-CUBE-IPS.3.0.0
2026-05-02 07:54:25,025 [WARN] ConditionMgr:438 - getConditionDescription Invalid condition id : UX DEVICE CLASS RTOS Condition cause : null
2026-05-02 07:54:25,025 [WARN] ConditionMgr:438 - getConditionDescription Invalid condition id : UX DEVICE CLASS RTOS Condition cause : null
2026-05-02 07:54:25,025 [WARN] PackLoader:240 - Cannot read IP mode file for STMicroelectronics.X-CUBE-AZRTOS-WB.2.0.0
2026-05-02 07:54:25,026 [WARN] ConditionMgr:1044 - genDependencies : Invalid condition id : UX DEVICE CLASS RTOS Condition cause : null
2026-05-02 07:54:25,026 [WARN] ConditionMgr:1044 - genDependencies : Invalid condition id : UX DEVICE CLASS RTOS Condition cause : null
2026-05-02 07:54:25,026 [WARN] ConditionMgr:1044 - genDependencies : Invalid condition id : UX DEVICE CLASS RTOS Condition cause : null
2026-05-02 07:54:25,026 [WARN] ConditionMgr:1044 - genDependencies : Invalid condition id : UX DEVICE CLASS RTOS Condition cause : null
2026-05-02 07:54:25,026 [WARN] ConditionMgr:1044 - genDependencies : Invalid condition id : UX DEVICE CLASS RTOS Condition cause : null
2026-05-02 07:54:25,030 [WARN] PackLoader:240 - Cannot read IP mode file for STMicroelectronics.X-CUBE-GNSS1.7.0.0
2026-05-02 07:54:25,034 [WARN] PackLoader:240 - Cannot read IP mode file for STMicroelectronics.X-CUBE-GNSS1.7.0.1
2026-05-02 07:54:25,036 [WARN] PackLoader:240 - Cannot read IP mode file for STMicroelectronics.X-CUBE-TOUCHGFX.4.25.0
2026-05-02 07:54:25,040 [WARN] PackLoader:240 - Cannot read IP mode file for STMicroelectronics.FP-SNS-STBOX1.2.0.0
2026-05-02 07:54:25,042 [WARN] ConditionMgr:438 - getConditionDescription Invalid condition id : Cortex-A Device cause : null
2026-05-02 07:54:25,058 [WARN] ConditionMgr:1044 - genDependencies : Invalid condition id : Cortex-A Device cause : null
2026-05-02 07:54:25,058 [WARN] ConditionMgr:1044 - genDependencies : Invalid condition id : Cortex-A Device cause : null
2026-05-02 07:54:25,059 [WARN] ConditionMgr:1044 - genDependencies : Invalid condition id : Cortex-A Device cause : null
2026-05-02 07:54:25,065 [WARN] PackLoader:240 - Cannot read IP mode file for STMicroelectronics.X-CUBE-STSE01.2.0.0
2026-05-02 07:54:25,075 [WARN] PackLoader:240 - Cannot read IP mode file for STMicroelectronics.X-CUBE-SUBG2.5.0.0
2026-05-02 07:54:25,088 [WARN] PackLoader:240 - Cannot read IP mode file for STMicroelectronics.X-CUBE-AZRTOS-H7RS.1.1.0
2026-05-02 07:54:25,093 [WARN] PackLoader:240 - Cannot read IP mode file for Cesanta.I-CUBE-Mongoose.7.13.0
2026-05-02 07:54:25,101 [WARN] PackLoader:240 - Cannot read IP mode file for STMicroelectronics.X-CUBE-AZRTOS-G4.2.0.0
2026-05-02 07:54:25,106 [WARN] PackLoader:240 - Cannot read IP mode file for wolfSSL.I-CUBE-wolfSSH.1.4.20
2026-05-02 07:54:25,109 [WARN] PackLoader:240 - Cannot read IP mode file for STMicroelectronics.X-CUBE-NFC7.2.0.0
2026-05-02 07:54:25,115 [WARN] PackLoader:240 - Cannot read IP mode file for STMicroelectronics.X-CUBE-IPS.3.1.0
2026-05-02 07:54:25,121 [WARN] PackLoader:240 - Cannot read IP mode file for STMicroelectronics.X-CUBE-ALS.1.0.2
2026-05-02 07:54:25,123 [WARN] PackLoader:240 - Cannot read IP mode file for STMicroelectronics.X-CUBE-TOUCHGFX.4.24.2
2026-05-02 07:54:25,127 [WARN] PackLoader:240 - Cannot read IP mode file for STMicroelectronics.X-CUBE-TOUCHGFX.4.24.1
2026-05-02 07:54:25,132 [WARN] PackLoader:240 - Cannot read IP mode file for STMicroelectronics.X-CUBE-STSE01.1.0.0
2026-05-02 07:54:25,135 [WARN] PackLoader:240 - Cannot read IP mode file for wolfSSL.I-CUBE-wolfTPM.3.4.0
2026-05-02 07:54:25,140 [WARN] PackLoader:240 - Cannot read IP mode file for portGmbH.I-Cube-SoM-uGOAL.1.1.0
2026-05-02 07:54:25,150 [WARN] PackLoader:240 - Cannot read IP mode file for STMicroelectronics.X-CUBE-AZRTOS-H7RS.1.0.0
2026-05-02 07:54:25,159 [WARN] PackLoader:240 - Cannot read IP mode file for STMicroelectronics.X-CUBE-TOF1.3.4.2
2026-05-02 07:54:25,170 [WARN] PackLoader:240 - Cannot read IP mode file for STMicroelectronics.X-CUBE-TOF1.3.4.3
2026-05-02 07:54:25,178 [WARN] PackLoader:240 - Cannot read IP mode file for wolfSSL.I-CUBE-wolfSSH.1.4.17
2026-05-02 07:54:25,178 [INFO] ThirdParty:978 - Integrity check success = true
2026-05-02 07:54:25,178 [INFO] IntegrityCheckThread:100 - exiting critical section [integrity check]
2026-05-02 07:54:25,178 [INFO] IntegrityCheckThread:103 - End integrity checks thread
2026-05-02 07:54:25,555 [ERROR] LogOutputStream:75 - [STDERR_REDIRECT] [Fatal Error] :1:1: Premature end of file.
2026-05-02 07:54:25,555 [ERROR] LogOutputStream:75 - [STDERR_REDIRECT] 
2026-05-02 07:54:26,556 [ERROR] LogOutputStream:75 - [STDERR_REDIRECT] [Fatal Error] :1:1: Premature end of file.
2026-05-02 07:54:26,556 [ERROR] LogOutputStream:75 - [STDERR_REDIRECT] 
2026-05-02 07:54:27,556 [ERROR] LogOutputStream:75 - [STDERR_REDIRECT] [Fatal Error] :1:1: Premature end of file.
2026-05-02 07:54:27,557 [ERROR] LogOutputStream:75 - [STDERR_REDIRECT] 
2026-05-02 07:54:28,557 [ERROR] LogOutputStream:75 - [STDERR_REDIRECT] [Fatal Error] :1:1: Premature end of file.
2026-05-02 07:54:28,557 [ERROR] LogOutputStream:75 - [STDERR_REDIRECT] 
2026-05-02 07:54:29,554 [ERROR] LogOutputStream:75 - [STDERR_REDIRECT] [Fatal Error] :1:1: Premature end of file.
2026-05-02 07:54:29,555 [ERROR] LogOutputStream:75 - [STDERR_REDIRECT] 
2026-05-02 07:54:30,555 [ERROR] LogOutputStream:75 - [STDERR_REDIRECT] [Fatal Error] :1:1: Premature end of file.
2026-05-02 07:54:30,555 [ERROR] LogOutputStream:75 - [STDERR_REDIRECT] 
2026-05-02 07:54:31,558 [ERROR] LogOutputStream:75 - [STDERR_REDIRECT] [Fatal Error] :1:1: Premature end of file.
2026-05-02 07:54:31,558 [ERROR] LogOutputStream:75 - [STDERR_REDIRECT] 
2026-05-02 07:54:32,556 [ERROR] LogOutputStream:75 - [STDERR_REDIRECT] [Fatal Error] :1:1: Premature end of file.
2026-05-02 07:54:32,557 [ERROR] LogOutputStream:75 - [STDERR_REDIRECT] 
2026-05-02 07:54:33,555 [ERROR] LogOutputStream:75 - [STDERR_REDIRECT] [Fatal Error] :1:1: Premature end of file.
2026-05-02 07:54:33,555 [ERROR] LogOutputStream:75 - [STDERR_REDIRECT] 
2026-05-02 07:54:34,553 [ERROR] LogOutputStream:75 - [STDERR_REDIRECT] [Fatal Error] :1:1: Premature end of file.
2026-05-02 07:54:34,553 [ERROR] LogOutputStream:75 - [STDERR_REDIRECT] 
2026-05-02 07:54:35,554 [ERROR] LogOutputStream:75 - [STDERR_REDIRECT] [Fatal Error] :1:1: Premature end of file.
2026-05-02 07:54:35,554 [ERROR] LogOutputStream:75 - [STDERR_REDIRECT] 
2026-05-02 07:54:36,555 [ERROR] LogOutputStream:75 - [STDERR_REDIRECT] [Fatal Error] :1:1: Premature end of file.
2026-05-02 07:54:36,556 [ERROR] LogOutputStream:75 - [STDERR_REDIRECT] 
2026-05-02 07:54:37,556 [ERROR] LogOutputStream:75 - [STDERR_REDIRECT] [Fatal Error] :1:1: Premature end of file.
2026-05-02 07:54:37,556 [ERROR] LogOutputStream:75 - [STDERR_REDIRECT] 
2026-05-02 07:54:38,554 [ERROR] LogOutputStream:75 - [STDERR_REDIRECT] [Fatal Error] :1:1: Premature end of file.
2026-05-02 07:54:38,555 [ERROR] LogOutputStream:75 - [STDERR_REDIRECT] 
2026-05-02 07:54:39,555 [ERROR] LogOutputStream:75 - [STDERR_REDIRECT] [Fatal Error] :1:1: Premature end of file.
2026-05-02 07:54:39,556 [ERROR] LogOutputStream:75 - [STDERR_REDIRECT] 
2026-05-02 07:54:40,555 [ERROR] LogOutputStream:75 - [STDERR_REDIRECT] [Fatal Error] :1:1: Premature end of file.
2026-05-02 07:54:40,555 [ERROR] LogOutputStream:75 - [STDERR_REDIRECT] 
2026-05-02 07:54:41,556 [ERROR] LogOutputStream:75 - [STDERR_REDIRECT] [Fatal Error] :1:1: Premature end of file.
2026-05-02 07:54:41,556 [ERROR] LogOutputStream:75 - [STDERR_REDIRECT] 
2026-05-02 07:54:42,555 [ERROR] LogOutputStream:75 - [STDERR_REDIRECT] [Fatal Error] :1:1: Premature end of file.
2026-05-02 07:54:42,555 [ERROR] LogOutputStream:75 - [STDERR_REDIRECT] 
2026-05-02 07:54:43,554 [ERROR] LogOutputStream:75 - [STDERR_REDIRECT] [Fatal Error] :1:1: Premature end of file.
2026-05-02 07:54:43,555 [ERROR] LogOutputStream:75 - [STDERR_REDIRECT] 
2026-05-02 07:54:44,555 [ERROR] LogOutputStream:75 - [STDERR_REDIRECT] [Fatal Error] :1:1: Premature end of file.
2026-05-02 07:54:44,555 [ERROR] LogOutputStream:75 - [STDERR_REDIRECT] 
2026-05-02 07:54:45,555 [ERROR] LogOutputStream:75 - [STDERR_REDIRECT] [Fatal Error] :1:1: Premature end of file.
2026-05-02 07:54:45,555 [ERROR] LogOutputStream:75 - [STDERR_REDIRECT] 
2026-05-02 07:54:46,556 [ERROR] LogOutputStream:75 - [STDERR_REDIRECT] [Fatal Error] :1:1: Premature end of file.
2026-05-02 07:54:46,556 [ERROR] LogOutputStream:75 - [STDERR_REDIRECT] 
2026-05-02 07:54:47,558 [ERROR] LogOutputStream:75 - [STDERR_REDIRECT] [Fatal Error] :1:1: Premature end of file.
2026-05-02 07:54:47,559 [ERROR] LogOutputStream:75 - [STDERR_REDIRECT] 
2026-05-02 07:54:48,558 [ERROR] LogOutputStream:75 - [STDERR_REDIRECT] [Fatal Error] :1:1: Premature end of file.
2026-05-02 07:54:48,558 [ERROR] LogOutputStream:75 - [STDERR_REDIRECT] 
2026-05-02 07:54:49,556 [ERROR] LogOutputStream:75 - [STDERR_REDIRECT] [Fatal Error] :1:1: Premature end of file.
2026-05-02 07:54:49,556 [ERROR] LogOutputStream:75 - [STDERR_REDIRECT] 
2026-05-02 07:54:50,555 [ERROR] LogOutputStream:75 - [STDERR_REDIRECT] [Fatal Error] :1:1: Premature end of file.
2026-05-02 07:54:50,555 [ERROR] LogOutputStream:75 - [STDERR_REDIRECT] 
2026-05-02 07:54:51,557 [ERROR] LogOutputStream:75 - [STDERR_REDIRECT] [Fatal Error] :1:1: Premature end of file.
2026-05-02 07:54:51,557 [ERROR] LogOutputStream:75 - [STDERR_REDIRECT] 
2026-05-02 07:54:52,556 [ERROR] LogOutputStream:75 - [STDERR_REDIRECT] [Fatal Error] :1:1: Premature end of file.
2026-05-02 07:54:52,556 [ERROR] LogOutputStream:75 - [STDERR_REDIRECT] 
2026-05-02 07:54:53,556 [ERROR] LogOutputStream:75 - [STDERR_REDIRECT] [Fatal Error] :1:1: Premature end of file.
2026-05-02 07:54:53,556 [ERROR] LogOutputStream:75 - [STDERR_REDIRECT] 
2026-05-02 07:54:54,558 [ERROR] LogOutputStream:75 - [STDERR_REDIRECT] [Fatal Error] :1:1: Premature end of file.
2026-05-02 07:54:54,558 [ERROR] LogOutputStream:75 - [STDERR_REDIRECT] 
2026-05-02 07:54:55,554 [ERROR] LogOutputStream:75 - [STDERR_REDIRECT] [Fatal Error] :1:1: Premature end of file.
2026-05-02 07:54:55,554 [ERROR] LogOutputStream:75 - [STDERR_REDIRECT] 
2026-05-02 07:54:56,556 [ERROR] LogOutputStream:75 - [STDERR_REDIRECT] [Fatal Error] :1:1: Premature end of file.
2026-05-02 07:54:56,556 [ERROR] LogOutputStream:75 - [STDERR_REDIRECT] 
2026-05-02 07:54:57,556 [ERROR] LogOutputStream:75 - [STDERR_REDIRECT] [Fatal Error] :1:1: Premature end of file.
2026-05-02 07:54:57,557 [ERROR] LogOutputStream:75 - [STDERR_REDIRECT] 
2026-05-02 07:54:58,557 [ERROR] LogOutputStream:75 - [STDERR_REDIRECT] [Fatal Error] :1:1: Premature end of file.
2026-05-02 07:54:58,558 [ERROR] LogOutputStream:75 - [STDERR_REDIRECT] 
2026-05-02 07:54:59,556 [ERROR] LogOutputStream:75 - [STDERR_REDIRECT] [Fatal Error] :1:1: Premature end of file.
2026-05-02 07:54:59,557 [ERROR] LogOutputStream:75 - [STDERR_REDIRECT] 
2026-05-02 07:55:00,558 [ERROR] LogOutputStream:75 - [STDERR_REDIRECT] [Fatal Error] :1:1: Premature end of file.
2026-05-02 07:55:00,558 [ERROR] LogOutputStream:75 - [STDERR_REDIRECT] 
2026-05-02 07:55:01,554 [ERROR] LogOutputStream:75 - [STDERR_REDIRECT] [Fatal Error] :1:1: Premature end of file.
2026-05-02 07:55:01,554 [ERROR] LogOutputStream:75 - [STDERR_REDIRECT] 
2026-05-02 07:55:02,554 [ERROR] LogOutputStream:75 - [STDERR_REDIRECT] [Fatal Error] :1:1: Premature end of file.
2026-05-02 07:55:02,554 [ERROR] LogOutputStream:75 - [STDERR_REDIRECT] 
2026-05-02 07:55:03,556 [ERROR] LogOutputStream:75 - [STDERR_REDIRECT] [Fatal Error] :1:1: Premature end of file.
2026-05-02 07:55:03,556 [ERROR] LogOutputStream:75 - [STDERR_REDIRECT] 
2026-05-02 07:55:04,556 [ERROR] LogOutputStream:75 - [STDERR_REDIRECT] [Fatal Error] :1:1: Premature end of file.
2026-05-02 07:55:04,556 [ERROR] LogOutputStream:75 - [STDERR_REDIRECT] 
2026-05-02 07:55:05,555 [ERROR] LogOutputStream:75 - [STDERR_REDIRECT] [Fatal Error] :1:1: Premature end of file.
2026-05-02 07:55:05,556 [ERROR] LogOutputStream:75 - [STDERR_REDIRECT] 
2026-05-02 07:55:06,554 [ERROR] LogOutputStream:75 - [STDERR_REDIRECT] [Fatal Error] :1:1: Premature end of file.
2026-05-02 07:55:06,554 [ERROR] LogOutputStream:75 - [STDERR_REDIRECT] 
2026-05-02 07:55:07,556 [ERROR] LogOutputStream:75 - [STDERR_REDIRECT] [Fatal Error] :1:1: Premature end of file.
2026-05-02 07:55:07,556 [ERROR] LogOutputStream:75 - [STDERR_REDIRECT] 
2026-05-02 07:55:08,558 [ERROR] LogOutputStream:75 - [STDERR_REDIRECT] [Fatal Error] :1:1: Premature end of file.
2026-05-02 07:55:08,558 [ERROR] LogOutputStream:75 - [STDERR_REDIRECT] 
2026-05-02 07:55:09,559 [ERROR] LogOutputStream:75 - [STDERR_REDIRECT] [Fatal Error] :1:1: Premature end of file.
2026-05-02 07:55:09,559 [ERROR] LogOutputStream:75 - [STDERR_REDIRECT] 
2026-05-02 07:55:10,567 [ERROR] LogOutputStream:75 - [STDERR_REDIRECT] [Fatal Error] :1:1: Premature end of file.
2026-05-02 07:55:10,567 [ERROR] LogOutputStream:75 - [STDERR_REDIRECT] 
2026-05-02 07:55:11,554 [ERROR] LogOutputStream:75 - [STDERR_REDIRECT] [Fatal Error] :1:1: Premature end of file.
2026-05-02 07:55:11,554 [ERROR] LogOutputStream:75 - [STDERR_REDIRECT] 
2026-05-02 07:55:12,553 [ERROR] LogOutputStream:75 - [STDERR_REDIRECT] [Fatal Error] :1:1: Premature end of file.
2026-05-02 07:55:12,553 [ERROR] LogOutputStream:75 - [STDERR_REDIRECT] 
2026-05-02 07:55:13,564 [ERROR] LogOutputStream:75 - [STDERR_REDIRECT] [Fatal Error] :1:1: Premature end of file.
2026-05-02 07:55:13,564 [ERROR] LogOutputStream:75 - [STDERR_REDIRECT] 
2026-05-02 07:55:14,565 [ERROR] LogOutputStream:75 - [STDERR_REDIRECT] [Fatal Error] :1:1: Premature end of file.
2026-05-02 07:55:14,565 [ERROR] LogOutputStream:75 - [STDERR_REDIRECT] 
2026-05-02 07:55:15,554 [ERROR] LogOutputStream:75 - [STDERR_REDIRECT] [Fatal Error] :1:1: Premature end of file.
2026-05-02 07:55:15,554 [ERROR] LogOutputStream:75 - [STDERR_REDIRECT] 
2026-05-02 07:55:16,555 [ERROR] LogOutputStream:75 - [STDERR_REDIRECT] [Fatal Error] :1:1: Premature end of file.
2026-05-02 07:55:16,555 [ERROR] LogOutputStream:75 - [STDERR_REDIRECT] 
2026-05-02 07:55:17,555 [ERROR] LogOutputStream:75 - [STDERR_REDIRECT] [Fatal Error] :1:1: Premature end of file.
2026-05-02 07:55:17,555 [ERROR] LogOutputStream:75 - [STDERR_REDIRECT] 
2026-05-02 07:55:18,556 [ERROR] LogOutputStream:75 - [STDERR_REDIRECT] [Fatal Error] :1:1: Premature end of file.
2026-05-02 07:55:18,556 [ERROR] LogOutputStream:75 - [STDERR_REDIRECT] 
2026-05-02 07:55:19,554 [ERROR] LogOutputStream:75 - [STDERR_REDIRECT] [Fatal Error] :1:1: Premature end of file.
2026-05-02 07:55:19,554 [ERROR] LogOutputStream:75 - [STDERR_REDIRECT] 
2026-05-02 07:55:20,557 [ERROR] LogOutputStream:75 - [STDERR_REDIRECT] [Fatal Error] :1:1: Premature end of file.
2026-05-02 07:55:20,557 [ERROR] LogOutputStream:75 - [STDERR_REDIRECT] 
2026-05-02 07:55:21,556 [ERROR] LogOutputStream:75 - [STDERR_REDIRECT] [Fatal Error] :1:1: Premature end of file.
2026-05-02 07:55:21,556 [ERROR] LogOutputStream:75 - [STDERR_REDIRECT] 
2026-05-02 07:55:22,555 [ERROR] LogOutputStream:75 - [STDERR_REDIRECT] [Fatal Error] :1:1: Premature end of file.
2026-05-02 07:55:22,555 [ERROR] LogOutputStream:75 - [STDERR_REDIRECT] 
2026-05-02 07:55:23,555 [ERROR] LogOutputStream:75 - [STDERR_REDIRECT] [Fatal Error] :1:1: Premature end of file.
2026-05-02 07:55:23,555 [ERROR] LogOutputStream:75 - [STDERR_REDIRECT] 
2026-05-02 07:55:24,559 [ERROR] LogOutputStream:75 - [STDERR_REDIRECT] [Fatal Error] :1:1: Premature end of file.
2026-05-02 07:55:24,560 [ERROR] LogOutputStream:75 - [STDERR_REDIRECT] 
2026-05-02 07:55:25,559 [ERROR] LogOutputStream:75 - [STDERR_REDIRECT] [Fatal Error] :1:1: Premature end of file.
2026-05-02 07:55:25,560 [ERROR] LogOutputStream:75 - [STDERR_REDIRECT] 
2026-05-02 07:55:26,557 [ERROR] LogOutputStream:75 - [STDERR_REDIRECT] [Fatal Error] :1:1: Premature end of file.
2026-05-02 07:55:26,557 [ERROR] LogOutputStream:75 - [STDERR_REDIRECT] 
2026-05-02 07:55:27,559 [ERROR] LogOutputStream:75 - [STDERR_REDIRECT] [Fatal Error] :1:1: Premature end of file.
2026-05-02 07:55:27,560 [ERROR] LogOutputStream:75 - [STDERR_REDIRECT] 
2026-05-02 07:55:28,560 [ERROR] LogOutputStream:75 - [STDERR_REDIRECT] [Fatal Error] :1:1: Premature end of file.
2026-05-02 07:55:28,560 [ERROR] LogOutputStream:75 - [STDERR_REDIRECT] 
2026-05-02 07:55:29,555 [ERROR] LogOutputStream:75 - [STDERR_REDIRECT] [Fatal Error] :1:1: Premature end of file.
2026-05-02 07:55:29,556 [ERROR] LogOutputStream:75 - [STDERR_REDIRECT] 
2026-05-02 07:55:30,558 [ERROR] LogOutputStream:75 - [STDERR_REDIRECT] [Fatal Error] :1:1: Premature end of file.
2026-05-02 07:55:30,558 [ERROR] LogOutputStream:75 - [STDERR_REDIRECT] 
2026-05-02 07:55:31,557 [ERROR] LogOutputStream:75 - [STDERR_REDIRECT] [Fatal Error] :1:1: Premature end of file.
2026-05-02 07:55:31,557 [ERROR] LogOutputStream:75 - [STDERR_REDIRECT] 
2026-05-02 07:55:32,559 [ERROR] LogOutputStream:75 - [STDERR_REDIRECT] [Fatal Error] :1:1: Premature end of file.
2026-05-02 07:55:32,559 [ERROR] LogOutputStream:75 - [STDERR_REDIRECT] 
2026-05-02 07:55:33,554 [ERROR] LogOutputStream:75 - [STDERR_REDIRECT] [Fatal Error] :1:1: Premature end of file.
2026-05-02 07:55:33,555 [ERROR] LogOutputStream:75 - [STDERR_REDIRECT] 
2026-05-02 07:55:34,555 [ERROR] LogOutputStream:75 - [STDERR_REDIRECT] [Fatal Error] :1:1: Premature end of file.
2026-05-02 07:55:34,555 [ERROR] LogOutputStream:75 - [STDERR_REDIRECT] 
2026-05-02 07:55:35,558 [ERROR] LogOutputStream:75 - [STDERR_REDIRECT] [Fatal Error] :1:1: Premature end of file.
2026-05-02 07:55:35,558 [ERROR] LogOutputStream:75 - [STDERR_REDIRECT] 
2026-05-02 07:55:36,555 [ERROR] LogOutputStream:75 - [STDERR_REDIRECT] [Fatal Error] :1:1: Premature end of file.
2026-05-02 07:55:36,555 [ERROR] LogOutputStream:75 - [STDERR_REDIRECT] 
2026-05-02 07:55:37,556 [ERROR] LogOutputStream:75 - [STDERR_REDIRECT] [Fatal Error] :1:1: Premature end of file.
2026-05-02 07:55:37,556 [ERROR] LogOutputStream:75 - [STDERR_REDIRECT] 
2026-05-02 07:55:38,557 [ERROR] LogOutputStream:75 - [STDERR_REDIRECT] [Fatal Error] :1:1: Premature end of file.
2026-05-02 07:55:38,557 [ERROR] LogOutputStream:75 - [STDERR_REDIRECT] 
2026-05-02 07:55:39,558 [ERROR] LogOutputStream:75 - [STDERR_REDIRECT] [Fatal Error] :1:1: Premature end of file.
2026-05-02 07:55:39,558 [ERROR] LogOutputStream:75 - [STDERR_REDIRECT] 
2026-05-02 07:55:40,557 [ERROR] LogOutputStream:75 - [STDERR_REDIRECT] [Fatal Error] :1:1: Premature end of file.
2026-05-02 07:55:40,557 [ERROR] LogOutputStream:75 - [STDERR_REDIRECT] 
2026-05-02 07:55:41,556 [ERROR] LogOutputStream:75 - [STDERR_REDIRECT] [Fatal Error] :1:1: Premature end of file.
2026-05-02 07:55:41,557 [ERROR] LogOutputStream:75 - [STDERR_REDIRECT] 
2026-05-02 07:55:42,558 [ERROR] LogOutputStream:75 - [STDERR_REDIRECT] [Fatal Error] :1:1: Premature end of file.
2026-05-02 07:55:42,558 [ERROR] LogOutputStream:75 - [STDERR_REDIRECT] 
2026-05-02 07:55:43,555 [ERROR] LogOutputStream:75 - [STDERR_REDIRECT] [Fatal Error] :1:1: Premature end of file.
2026-05-02 07:55:43,555 [ERROR] LogOutputStream:75 - [STDERR_REDIRECT] 
2026-05-02 07:55:44,558 [ERROR] LogOutputStream:75 - [STDERR_REDIRECT] [Fatal Error] :1:1: Premature end of file.
2026-05-02 07:55:44,558 [ERROR] LogOutputStream:75 - [STDERR_REDIRECT] 
2026-05-02 07:55:45,559 [ERROR] LogOutputStream:75 - [STDERR_REDIRECT] [Fatal Error] :1:1: Premature end of file.
2026-05-02 07:55:45,559 [ERROR] LogOutputStream:75 - [STDERR_REDIRECT] 
2026-05-02 07:55:46,555 [ERROR] LogOutputStream:75 - [STDERR_REDIRECT] [Fatal Error] :1:1: Premature end of file.
2026-05-02 07:55:46,555 [ERROR] LogOutputStream:75 - [STDERR_REDIRECT] 
2026-05-02 07:55:47,556 [ERROR] LogOutputStream:75 - [STDERR_REDIRECT] [Fatal Error] :1:1: Premature end of file.
2026-05-02 07:55:47,556 [ERROR] LogOutputStream:75 - [STDERR_REDIRECT] 
2026-05-02 07:55:48,556 [ERROR] LogOutputStream:75 - [STDERR_REDIRECT] [Fatal Error] :1:1: Premature end of file.
2026-05-02 07:55:48,556 [ERROR] LogOutputStream:75 - [STDERR_REDIRECT] 
2026-05-02 07:55:49,557 [ERROR] LogOutputStream:75 - [STDERR_REDIRECT] [Fatal Error] :1:1: Premature end of file.
2026-05-02 07:55:49,557 [ERROR] LogOutputStream:75 - [STDERR_REDIRECT] 
2026-05-02 07:55:50,556 [ERROR] LogOutputStream:75 - [STDERR_REDIRECT] [Fatal Error] :1:1: Premature end of file.
2026-05-02 07:55:50,557 [ERROR] LogOutputStream:75 - [STDERR_REDIRECT] 
2026-05-02 07:55:51,558 [ERROR] LogOutputStream:75 - [STDERR_REDIRECT] [Fatal Error] :1:1: Premature end of file.
2026-05-02 07:55:51,558 [ERROR] LogOutputStream:75 - [STDERR_REDIRECT] 
2026-05-02 07:55:52,557 [ERROR] LogOutputStream:75 - [STDERR_REDIRECT] [Fatal Error] :1:1: Premature end of file.
2026-05-02 07:55:52,557 [ERROR] LogOutputStream:75 - [STDERR_REDIRECT] 
2026-05-02 07:55:53,557 [ERROR] LogOutputStream:75 - [STDERR_REDIRECT] [Fatal Error] :1:1: Premature end of file.
2026-05-02 07:55:53,557 [ERROR] LogOutputStream:75 - [STDERR_REDIRECT] 
2026-05-02 07:55:54,557 [ERROR] LogOutputStream:75 - [STDERR_REDIRECT] [Fatal Error] :1:1: Premature end of file.
2026-05-02 07:55:54,557 [ERROR] LogOutputStream:75 - [STDERR_REDIRECT] 
2026-05-02 07:55:55,559 [ERROR] LogOutputStream:75 - [STDERR_REDIRECT] [Fatal Error] :1:1: Premature end of file.
2026-05-02 07:55:55,560 [ERROR] LogOutputStream:75 - [STDERR_REDIRECT] 
2026-05-02 07:55:56,555 [ERROR] LogOutputStream:75 - [STDERR_REDIRECT] [Fatal Error] :1:1: Premature end of file.
2026-05-02 07:55:56,555 [ERROR] LogOutputStream:75 - [STDERR_REDIRECT] 
2026-05-02 07:55:57,558 [ERROR] LogOutputStream:75 - [STDERR_REDIRECT] [Fatal Error] :1:1: Premature end of file.
2026-05-02 07:55:57,558 [ERROR] LogOutputStream:75 - [STDERR_REDIRECT] 
2026-05-02 07:55:58,555 [ERROR] LogOutputStream:75 - [STDERR_REDIRECT] [Fatal Error] :1:1: Premature end of file.
2026-05-02 07:55:58,555 [ERROR] LogOutputStream:75 - [STDERR_REDIRECT] 
2026-05-02 07:55:59,557 [ERROR] LogOutputStream:75 - [STDERR_REDIRECT] [Fatal Error] :1:1: Premature end of file.
2026-05-02 07:55:59,557 [ERROR] LogOutputStream:75 - [STDERR_REDIRECT] 
2026-05-02 07:56:00,557 [ERROR] LogOutputStream:75 - [STDERR_REDIRECT] [Fatal Error] :1:1: Premature end of file.
2026-05-02 07:56:00,557 [ERROR] LogOutputStream:75 - [STDERR_REDIRECT] 
2026-05-02 07:56:01,557 [ERROR] LogOutputStream:75 - [STDERR_REDIRECT] [Fatal Error] :1:1: Premature end of file.
2026-05-02 07:56:01,558 [ERROR] LogOutputStream:75 - [STDERR_REDIRECT] 
2026-05-02 07:56:02,557 [ERROR] LogOutputStream:75 - [STDERR_REDIRECT] [Fatal Error] :1:1: Premature end of file.
2026-05-02 07:56:02,557 [ERROR] LogOutputStream:75 - [STDERR_REDIRECT] 
2026-05-02 07:56:03,557 [ERROR] LogOutputStream:75 - [STDERR_REDIRECT] [Fatal Error] :1:1: Premature end of file.
2026-05-02 07:56:03,557 [ERROR] LogOutputStream:75 - [STDERR_REDIRECT] 
2026-05-02 07:56:04,555 [ERROR] LogOutputStream:75 - [STDERR_REDIRECT] [Fatal Error] :1:1: Premature end of file.
2026-05-02 07:56:04,556 [ERROR] LogOutputStream:75 - [STDERR_REDIRECT] 
2026-05-02 07:56:05,556 [ERROR] LogOutputStream:75 - [STDERR_REDIRECT] [Fatal Error] :1:1: Premature end of file.
2026-05-02 07:56:05,556 [ERROR] LogOutputStream:75 - [STDERR_REDIRECT] 
2026-05-02 07:56:06,554 [ERROR] LogOutputStream:75 - [STDERR_REDIRECT] [Fatal Error] :1:1: Premature end of file.
2026-05-02 07:56:06,554 [ERROR] LogOutputStream:75 - [STDERR_REDIRECT] 
2026-05-02 07:56:07,555 [ERROR] LogOutputStream:75 - [STDERR_REDIRECT] [Fatal Error] :1:1: Premature end of file.
2026-05-02 07:56:07,555 [ERROR] LogOutputStream:75 - [STDERR_REDIRECT] 
2026-05-02 07:56:08,556 [ERROR] LogOutputStream:75 - [STDERR_REDIRECT] [Fatal Error] :1:1: Premature end of file.
2026-05-02 07:56:08,556 [ERROR] LogOutputStream:75 - [STDERR_REDIRECT] 
2026-05-02 07:56:09,555 [ERROR] LogOutputStream:75 - [STDERR_REDIRECT] [Fatal Error] :1:1: Premature end of file.
2026-05-02 07:56:09,555 [ERROR] LogOutputStream:75 - [STDERR_REDIRECT] 
2026-05-02 07:56:10,555 [ERROR] LogOutputStream:75 - [STDERR_REDIRECT] [Fatal Error] :1:1: Premature end of file.
2026-05-02 07:56:10,555 [ERROR] LogOutputStream:75 - [STDERR_REDIRECT] 
2026-05-02 07:56:11,554 [ERROR] LogOutputStream:75 - [STDERR_REDIRECT] [Fatal Error] :1:1: Premature end of file.
2026-05-02 07:56:11,555 [ERROR] LogOutputStream:75 - [STDERR_REDIRECT] 
2026-05-02 07:56:12,557 [ERROR] LogOutputStream:75 - [STDERR_REDIRECT] [Fatal Error] :1:1: Premature end of file.
2026-05-02 07:56:12,558 [ERROR] LogOutputStream:75 - [STDERR_REDIRECT] 
2026-05-02 07:56:13,556 [ERROR] LogOutputStream:75 - [STDERR_REDIRECT] [Fatal Error] :1:1: Premature end of file.
2026-05-02 07:56:13,556 [ERROR] LogOutputStream:75 - [STDERR_REDIRECT] 
2026-05-02 07:56:14,556 [ERROR] LogOutputStream:75 - [STDERR_REDIRECT] [Fatal Error] :1:1: Premature end of file.
2026-05-02 07:56:14,556 [ERROR] LogOutputStream:75 - [STDERR_REDIRECT] 
2026-05-02 07:56:15,554 [ERROR] LogOutputStream:75 - [STDERR_REDIRECT] [Fatal Error] :1:1: Premature end of file.
2026-05-02 07:56:15,554 [ERROR] LogOutputStream:75 - [STDERR_REDIRECT] 
2026-05-02 07:56:16,556 [ERROR] LogOutputStream:75 - [STDERR_REDIRECT] [Fatal Error] :1:1: Premature end of file.
2026-05-02 07:56:16,556 [ERROR] LogOutputStream:75 - [STDERR_REDIRECT] 
2026-05-02 07:56:17,556 [ERROR] LogOutputStream:75 - [STDERR_REDIRECT] [Fatal Error] :1:1: Premature end of file.
2026-05-02 07:56:17,556 [ERROR] LogOutputStream:75 - [STDERR_REDIRECT] 
2026-05-02 07:56:18,556 [ERROR] LogOutputStream:75 - [STDERR_REDIRECT] [Fatal Error] :1:1: Premature end of file.
2026-05-02 07:56:18,556 [ERROR] LogOutputStream:75 - [STDERR_REDIRECT] 
2026-05-02 07:56:19,555 [ERROR] LogOutputStream:75 - [STDERR_REDIRECT] [Fatal Error] :1:1: Premature end of file.
2026-05-02 07:56:19,555 [ERROR] LogOutputStream:75 - [STDERR_REDIRECT] 
2026-05-02 07:56:20,554 [ERROR] LogOutputStream:75 - [STDERR_REDIRECT] [Fatal Error] :1:1: Premature end of file.
2026-05-02 07:56:20,554 [ERROR] LogOutputStream:75 - [STDERR_REDIRECT] 
2026-05-02 07:56:21,556 [ERROR] LogOutputStream:75 - [STDERR_REDIRECT] [Fatal Error] :1:1: Premature end of file.
2026-05-02 07:56:21,556 [ERROR] LogOutputStream:75 - [STDERR_REDIRECT] 
2026-05-02 07:56:22,555 [ERROR] LogOutputStream:75 - [STDERR_REDIRECT] [Fatal Error] :1:1: Premature end of file.
2026-05-02 07:56:22,556 [ERROR] LogOutputStream:75 - [STDERR_REDIRECT] 
2026-05-02 07:56:23,556 [ERROR] LogOutputStream:75 - [STDERR_REDIRECT] [Fatal Error] :1:1: Premature end of file.
2026-05-02 07:56:23,557 [ERROR] LogOutputStream:75 - [STDERR_REDIRECT] 
2026-05-02 07:56:24,555 [ERROR] LogOutputStream:75 - [STDERR_REDIRECT] [Fatal Error] :1:1: Premature end of file.
2026-05-02 07:56:24,555 [ERROR] LogOutputStream:75 - [STDERR_REDIRECT] 
2026-05-02 07:56:25,554 [ERROR] LogOutputStream:75 - [STDERR_REDIRECT] [Fatal Error] :1:1: Premature end of file.
2026-05-02 07:56:25,555 [ERROR] LogOutputStream:75 - [STDERR_REDIRECT] 
2026-05-02 07:56:26,557 [ERROR] LogOutputStream:75 - [STDERR_REDIRECT] [Fatal Error] :1:1: Premature end of file.
2026-05-02 07:56:26,557 [ERROR] LogOutputStream:75 - [STDERR_REDIRECT] 
2026-05-02 07:56:27,555 [ERROR] LogOutputStream:75 - [STDERR_REDIRECT] [Fatal Error] :1:1: Premature end of file.
2026-05-02 07:56:27,555 [ERROR] LogOutputStream:75 - [STDERR_REDIRECT] 
2026-05-02 07:56:28,555 [ERROR] LogOutputStream:75 - [STDERR_REDIRECT] [Fatal Error] :1:1: Premature end of file.
2026-05-02 07:56:28,555 [ERROR] LogOutputStream:75 - [STDERR_REDIRECT] 
2026-05-02 07:56:29,554 [ERROR] LogOutputStream:75 - [STDERR_REDIRECT] [Fatal Error] :1:1: Premature end of file.
2026-05-02 07:56:29,554 [ERROR] LogOutputStream:75 - [STDERR_REDIRECT] 
2026-05-02 07:56:30,560 [ERROR] LogOutputStream:75 - [STDERR_REDIRECT] [Fatal Error] :1:1: Premature end of file.
2026-05-02 07:56:30,560 [ERROR] LogOutputStream:75 - [STDERR_REDIRECT] 
2026-05-02 07:56:31,563 [ERROR] LogOutputStream:75 - [STDERR_REDIRECT] [Fatal Error] :1:1: Premature end of file.
2026-05-02 07:56:31,563 [ERROR] LogOutputStream:75 - [STDERR_REDIRECT] 
2026-05-02 07:56:32,562 [ERROR] LogOutputStream:75 - [STDERR_REDIRECT] [Fatal Error] :1:1: Premature end of file.
2026-05-02 07:56:32,562 [ERROR] LogOutputStream:75 - [STDERR_REDIRECT] 
2026-05-02 07:56:33,563 [ERROR] LogOutputStream:75 - [STDERR_REDIRECT] [Fatal Error] :1:1: Premature end of file.
2026-05-02 07:56:33,563 [ERROR] LogOutputStream:75 - [STDERR_REDIRECT] 
2026-05-02 07:56:34,560 [ERROR] LogOutputStream:75 - [STDERR_REDIRECT] [Fatal Error] :1:1: Premature end of file.
2026-05-02 07:56:34,560 [ERROR] LogOutputStream:75 - [STDERR_REDIRECT] 
2026-05-02 07:56:35,560 [ERROR] LogOutputStream:75 - [STDERR_REDIRECT] [Fatal Error] :1:1: Premature end of file.
2026-05-02 07:56:35,561 [ERROR] LogOutputStream:75 - [STDERR_REDIRECT] 
2026-05-02 07:56:36,555 [ERROR] LogOutputStream:75 - [STDERR_REDIRECT] [Fatal Error] :1:1: Premature end of file.
2026-05-02 07:56:36,555 [ERROR] LogOutputStream:75 - [STDERR_REDIRECT] 
2026-05-02 07:56:37,563 [ERROR] LogOutputStream:75 - [STDERR_REDIRECT] [Fatal Error] :1:1: Premature end of file.
2026-05-02 07:56:37,563 [ERROR] LogOutputStream:75 - [STDERR_REDIRECT] 
2026-05-02 07:56:38,569 [ERROR] LogOutputStream:75 - [STDERR_REDIRECT] [Fatal Error] :1:1: Premature end of file.
2026-05-02 07:56:38,569 [ERROR] LogOutputStream:75 - [STDERR_REDIRECT] 
2026-05-02 07:56:39,561 [ERROR] LogOutputStream:75 - [STDERR_REDIRECT] [Fatal Error] :1:1: Premature end of file.
2026-05-02 07:56:39,561 [ERROR] LogOutputStream:75 - [STDERR_REDIRECT] 
2026-05-02 07:56:40,557 [ERROR] LogOutputStream:75 - [STDERR_REDIRECT] [Fatal Error] :1:1: Premature end of file.
2026-05-02 07:56:40,557 [ERROR] LogOutputStream:75 - [STDERR_REDIRECT] 
2026-05-02 07:56:41,558 [ERROR] LogOutputStream:75 - [STDERR_REDIRECT] [Fatal Error] :1:1: Premature end of file.
2026-05-02 07:56:41,558 [ERROR] LogOutputStream:75 - [STDERR_REDIRECT] 
2026-05-02 07:56:42,559 [ERROR] LogOutputStream:75 - [STDERR_REDIRECT] [Fatal Error] :1:1: Premature end of file.
2026-05-02 07:56:42,559 [ERROR] LogOutputStream:75 - [STDERR_REDIRECT] 
2026-05-02 07:56:43,552 [ERROR] LogOutputStream:75 - [STDERR_REDIRECT] [Fatal Error] :1:1: Premature end of file.
2026-05-02 07:56:43,552 [ERROR] LogOutputStream:75 - [STDERR_REDIRECT] 
2026-05-02 07:56:44,558 [ERROR] LogOutputStream:75 - [STDERR_REDIRECT] [Fatal Error] :1:1: Premature end of file.
2026-05-02 07:56:44,558 [ERROR] LogOutputStream:75 - [STDERR_REDIRECT] 
2026-05-02 07:56:45,555 [ERROR] LogOutputStream:75 - [STDERR_REDIRECT] [Fatal Error] :1:1: Premature end of file.
2026-05-02 07:56:45,555 [ERROR] LogOutputStream:75 - [STDERR_REDIRECT] 
2026-05-02 07:56:46,564 [ERROR] LogOutputStream:75 - [STDERR_REDIRECT] [Fatal Error] :1:1: Premature end of file.
2026-05-02 07:56:46,564 [ERROR] LogOutputStream:75 - [STDERR_REDIRECT] 
2026-05-02 07:56:47,553 [ERROR] LogOutputStream:75 - [STDERR_REDIRECT] [Fatal Error] :1:1: Premature end of file.
2026-05-02 07:56:47,553 [ERROR] LogOutputStream:75 - [STDERR_REDIRECT] 
2026-05-02 07:56:48,559 [ERROR] LogOutputStream:75 - [STDERR_REDIRECT] [Fatal Error] :1:1: Premature end of file.
2026-05-02 07:56:48,560 [ERROR] LogOutputStream:75 - [STDERR_REDIRECT] 
2026-05-02 07:56:49,562 [ERROR] LogOutputStream:75 - [STDERR_REDIRECT] [Fatal Error] :1:1: Premature end of file.
2026-05-02 07:56:49,562 [ERROR] LogOutputStream:75 - [STDERR_REDIRECT] 
2026-05-02 07:56:50,558 [ERROR] LogOutputStream:75 - [STDERR_REDIRECT] [Fatal Error] :1:1: Premature end of file.
2026-05-02 07:56:50,558 [ERROR] LogOutputStream:75 - [STDERR_REDIRECT] 
2026-05-02 07:56:51,561 [ERROR] LogOutputStream:75 - [STDERR_REDIRECT] [Fatal Error] :1:1: Premature end of file.
2026-05-02 07:56:51,561 [ERROR] LogOutputStream:75 - [STDERR_REDIRECT] 
2026-05-02 07:56:52,557 [ERROR] LogOutputStream:75 - [STDERR_REDIRECT] [Fatal Error] :1:1: Premature end of file.
2026-05-02 07:56:52,558 [ERROR] LogOutputStream:75 - [STDERR_REDIRECT] 
2026-05-02 07:56:53,557 [ERROR] LogOutputStream:75 - [STDERR_REDIRECT] [Fatal Error] :1:1: Premature end of file.
2026-05-02 07:56:53,557 [ERROR] LogOutputStream:75 - [STDERR_REDIRECT] 
2026-05-02 07:56:54,556 [ERROR] LogOutputStream:75 - [STDERR_REDIRECT] [Fatal Error] :1:1: Premature end of file.
2026-05-02 07:56:54,556 [ERROR] LogOutputStream:75 - [STDERR_REDIRECT] 
2026-05-02 07:56:55,555 [ERROR] LogOutputStream:75 - [STDERR_REDIRECT] [Fatal Error] :1:1: Premature end of file.
2026-05-02 07:56:55,555 [ERROR] LogOutputStream:75 - [STDERR_REDIRECT] 
2026-05-02 07:56:56,557 [ERROR] LogOutputStream:75 - [STDERR_REDIRECT] [Fatal Error] :1:1: Premature end of file.
2026-05-02 07:56:56,557 [ERROR] LogOutputStream:75 - [STDERR_REDIRECT] 
2026-05-02 07:56:57,560 [ERROR] LogOutputStream:75 - [STDERR_REDIRECT] [Fatal Error] :1:1: Premature end of file.
2026-05-02 07:56:57,560 [ERROR] LogOutputStream:75 - [STDERR_REDIRECT] 
2026-05-02 07:56:58,553 [ERROR] LogOutputStream:75 - [STDERR_REDIRECT] [Fatal Error] :1:1: Premature end of file.
2026-05-02 07:56:58,553 [ERROR] LogOutputStream:75 - [STDERR_REDIRECT] 
2026-05-02 07:56:59,560 [ERROR] LogOutputStream:75 - [STDERR_REDIRECT] [Fatal Error] :1:1: Premature end of file.
2026-05-02 07:56:59,560 [ERROR] LogOutputStream:75 - [STDERR_REDIRECT] 
2026-05-02 07:57:00,555 [ERROR] LogOutputStream:75 - [STDERR_REDIRECT] [Fatal Error] :1:1: Premature end of file.
2026-05-02 07:57:00,555 [ERROR] LogOutputStream:75 - [STDERR_REDIRECT] 
2026-05-02 07:57:01,564 [ERROR] LogOutputStream:75 - [STDERR_REDIRECT] [Fatal Error] :1:1: Premature end of file.
2026-05-02 07:57:01,565 [ERROR] LogOutputStream:75 - [STDERR_REDIRECT] 
2026-05-02 07:57:02,571 [ERROR] LogOutputStream:75 - [STDERR_REDIRECT] [Fatal Error] :1:1: Premature end of file.
2026-05-02 07:57:02,571 [ERROR] LogOutputStream:75 - [STDERR_REDIRECT] 
2026-05-02 07:57:03,554 [ERROR] LogOutputStream:75 - [STDERR_REDIRECT] [Fatal Error] :1:1: Premature end of file.
2026-05-02 07:57:03,554 [ERROR] LogOutputStream:75 - [STDERR_REDIRECT] 
2026-05-02 07:57:04,568 [ERROR] LogOutputStream:75 - [STDERR_REDIRECT] [Fatal Error] :1:1: Premature end of file.
2026-05-02 07:57:04,568 [ERROR] LogOutputStream:75 - [STDERR_REDIRECT] 
2026-05-02 07:57:05,556 [ERROR] LogOutputStream:75 - [STDERR_REDIRECT] [Fatal Error] :1:1: Premature end of file.
2026-05-02 07:57:05,556 [ERROR] LogOutputStream:75 - [STDERR_REDIRECT] 
2026-05-02 07:57:06,562 [ERROR] LogOutputStream:75 - [STDERR_REDIRECT] [Fatal Error] :1:1: Premature end of file.
2026-05-02 07:57:06,562 [ERROR] LogOutputStream:75 - [STDERR_REDIRECT] 
2026-05-02 07:57:07,559 [ERROR] LogOutputStream:75 - [STDERR_REDIRECT] [Fatal Error] :1:1: Premature end of file.
2026-05-02 07:57:07,559 [ERROR] LogOutputStream:75 - [STDERR_REDIRECT] 
2026-05-02 07:57:08,552 [ERROR] LogOutputStream:75 - [STDERR_REDIRECT] [Fatal Error] :1:1: Premature end of file.
2026-05-02 07:57:08,552 [ERROR] LogOutputStream:75 - [STDERR_REDIRECT] 
2026-05-02 07:57:09,571 [ERROR] LogOutputStream:75 - [STDERR_REDIRECT] [Fatal Error] :1:1: Premature end of file.
2026-05-02 07:57:09,571 [ERROR] LogOutputStream:75 - [STDERR_REDIRECT] 
2026-05-02 07:57:10,558 [ERROR] LogOutputStream:75 - [STDERR_REDIRECT] [Fatal Error] :1:1: Premature end of file.
2026-05-02 07:57:10,558 [ERROR] LogOutputStream:75 - [STDERR_REDIRECT] 
2026-05-02 07:57:11,557 [ERROR] LogOutputStream:75 - [STDERR_REDIRECT] [Fatal Error] :1:1: Premature end of file.
2026-05-02 07:57:11,557 [ERROR] LogOutputStream:75 - [STDERR_REDIRECT] 
2026-05-02 07:57:12,558 [ERROR] LogOutputStream:75 - [STDERR_REDIRECT] [Fatal Error] :1:1: Premature end of file.
2026-05-02 07:57:12,558 [ERROR] LogOutputStream:75 - [STDERR_REDIRECT] 
2026-05-02 07:57:13,558 [ERROR] LogOutputStream:75 - [STDERR_REDIRECT] [Fatal Error] :1:1: Premature end of file.
2026-05-02 07:57:13,558 [ERROR] LogOutputStream:75 - [STDERR_REDIRECT] 
2026-05-02 07:57:14,584 [ERROR] LogOutputStream:75 - [STDERR_REDIRECT] [Fatal Error] :1:1: Premature end of file.
2026-05-02 07:57:14,584 [ERROR] LogOutputStream:75 - [STDERR_REDIRECT] 
2026-05-02 07:57:15,564 [ERROR] LogOutputStream:75 - [STDERR_REDIRECT] [Fatal Error] :1:1: Premature end of file.
2026-05-02 07:57:15,564 [ERROR] LogOutputStream:75 - [STDERR_REDIRECT] 
2026-05-02 07:57:16,558 [ERROR] LogOutputStream:75 - [STDERR_REDIRECT] [Fatal Error] :1:1: Premature end of file.
2026-05-02 07:57:16,558 [ERROR] LogOutputStream:75 - [STDERR_REDIRECT] 
2026-05-02 07:57:17,564 [ERROR] LogOutputStream:75 - [STDERR_REDIRECT] [Fatal Error] :1:1: Premature end of file.
2026-05-02 07:57:17,564 [ERROR] LogOutputStream:75 - [STDERR_REDIRECT] 
2026-05-02 07:57:18,557 [ERROR] LogOutputStream:75 - [STDERR_REDIRECT] [Fatal Error] :1:1: Premature end of file.
2026-05-02 07:57:18,557 [ERROR] LogOutputStream:75 - [STDERR_REDIRECT] 
2026-05-02 07:57:19,563 [ERROR] LogOutputStream:75 - [STDERR_REDIRECT] [Fatal Error] :1:1: Premature end of file.
2026-05-02 07:57:19,563 [ERROR] LogOutputStream:75 - [STDERR_REDIRECT] 
2026-05-02 07:57:20,562 [ERROR] LogOutputStream:75 - [STDERR_REDIRECT] [Fatal Error] :1:1: Premature end of file.
2026-05-02 07:57:20,562 [ERROR] LogOutputStream:75 - [STDERR_REDIRECT] 
2026-05-02 07:57:21,576 [ERROR] LogOutputStream:75 - [STDERR_REDIRECT] [Fatal Error] :1:1: Premature end of file.
2026-05-02 07:57:21,576 [ERROR] LogOutputStream:75 - [STDERR_REDIRECT] 
2026-05-02 07:57:22,557 [ERROR] LogOutputStream:75 - [STDERR_REDIRECT] [Fatal Error] :1:1: Premature end of file.
2026-05-02 07:57:22,557 [ERROR] LogOutputStream:75 - [STDERR_REDIRECT] 
2026-05-02 07:57:23,552 [ERROR] LogOutputStream:75 - [STDERR_REDIRECT] [Fatal Error] :1:1: Premature end of file.
2026-05-02 07:57:23,552 [ERROR] LogOutputStream:75 - [STDERR_REDIRECT] 
2026-05-02 07:57:24,564 [ERROR] LogOutputStream:75 - [STDERR_REDIRECT] [Fatal Error] :1:1: Premature end of file.
2026-05-02 07:57:24,564 [ERROR] LogOutputStream:75 - [STDERR_REDIRECT] 
2026-05-02 07:57:25,557 [ERROR] LogOutputStream:75 - [STDERR_REDIRECT] [Fatal Error] :1:1: Premature end of file.
2026-05-02 07:57:25,557 [ERROR] LogOutputStream:75 - [STDERR_REDIRECT] 
2026-05-02 07:57:26,555 [ERROR] LogOutputStream:75 - [STDERR_REDIRECT] [Fatal Error] :1:1: Premature end of file.
2026-05-02 07:57:26,555 [ERROR] LogOutputStream:75 - [STDERR_REDIRECT] 
2026-05-02 07:57:27,607 [ERROR] LogOutputStream:75 - [STDERR_REDIRECT] [Fatal Error] :1:1: Premature end of file.
2026-05-02 07:57:27,607 [ERROR] LogOutputStream:75 - [STDERR_REDIRECT] 
2026-05-02 07:57:28,556 [ERROR] LogOutputStream:75 - [STDERR_REDIRECT] [Fatal Error] :1:1: Premature end of file.
2026-05-02 07:57:28,557 [ERROR] LogOutputStream:75 - [STDERR_REDIRECT] 
2026-05-02 07:57:29,556 [ERROR] LogOutputStream:75 - [STDERR_REDIRECT] [Fatal Error] :1:1: Premature end of file.
2026-05-02 07:57:29,556 [ERROR] LogOutputStream:75 - [STDERR_REDIRECT] 
2026-05-02 07:57:30,558 [ERROR] LogOutputStream:75 - [STDERR_REDIRECT] [Fatal Error] :1:1: Premature end of file.
2026-05-02 07:57:30,558 [ERROR] LogOutputStream:75 - [STDERR_REDIRECT] 
2026-05-02 07:57:31,556 [ERROR] LogOutputStream:75 - [STDERR_REDIRECT] [Fatal Error] :1:1: Premature end of file.
2026-05-02 07:57:31,556 [ERROR] LogOutputStream:75 - [STDERR_REDIRECT] 
2026-05-02 07:57:32,557 [ERROR] LogOutputStream:75 - [STDERR_REDIRECT] [Fatal Error] :1:1: Premature end of file.
2026-05-02 07:57:32,557 [ERROR] LogOutputStream:75 - [STDERR_REDIRECT] 
2026-05-02 07:57:33,594 [ERROR] LogOutputStream:75 - [STDERR_REDIRECT] [Fatal Error] :1:1: Premature end of file.
2026-05-02 07:57:33,594 [ERROR] LogOutputStream:75 - [STDERR_REDIRECT] 
2026-05-02 07:57:34,556 [ERROR] LogOutputStream:75 - [STDERR_REDIRECT] [Fatal Error] :1:1: Premature end of file.
2026-05-02 07:57:34,556 [ERROR] LogOutputStream:75 - [STDERR_REDIRECT] 
2026-05-02 07:57:35,558 [ERROR] LogOutputStream:75 - [STDERR_REDIRECT] [Fatal Error] :1:1: Premature end of file.
2026-05-02 07:57:35,558 [ERROR] LogOutputStream:75 - [STDERR_REDIRECT] 
2026-05-02 07:57:36,559 [ERROR] LogOutputStream:75 - [STDERR_REDIRECT] [Fatal Error] :1:1: Premature end of file.
2026-05-02 07:57:36,559 [ERROR] LogOutputStream:75 - [STDERR_REDIRECT] 
2026-05-02 07:57:37,559 [ERROR] LogOutputStream:75 - [STDERR_REDIRECT] [Fatal Error] :1:1: Premature end of file.
2026-05-02 07:57:37,559 [ERROR] LogOutputStream:75 - [STDERR_REDIRECT] 
2026-05-02 07:57:38,557 [ERROR] LogOutputStream:75 - [STDERR_REDIRECT] [Fatal Error] :1:1: Premature end of file.
2026-05-02 07:57:38,557 [ERROR] LogOutputStream:75 - [STDERR_REDIRECT] 
2026-05-02 07:57:39,556 [ERROR] LogOutputStream:75 - [STDERR_REDIRECT] [Fatal Error] :1:1: Premature end of file.
2026-05-02 07:57:39,556 [ERROR] LogOutputStream:75 - [STDERR_REDIRECT] 
2026-05-02 07:57:40,555 [ERROR] LogOutputStream:75 - [STDERR_REDIRECT] [Fatal Error] :1:1: Premature end of file.
2026-05-02 07:57:40,555 [ERROR] LogOutputStream:75 - [STDERR_REDIRECT] 
2026-05-02 07:57:41,554 [ERROR] LogOutputStream:75 - [STDERR_REDIRECT] [Fatal Error] :1:1: Premature end of file.
2026-05-02 07:57:41,555 [ERROR] LogOutputStream:75 - [STDERR_REDIRECT] 
2026-05-02 07:57:42,556 [ERROR] LogOutputStream:75 - [STDERR_REDIRECT] [Fatal Error] :1:1: Premature end of file.
2026-05-02 07:57:42,556 [ERROR] LogOutputStream:75 - [STDERR_REDIRECT] 
2026-05-02 07:57:43,557 [ERROR] LogOutputStream:75 - [STDERR_REDIRECT] [Fatal Error] :1:1: Premature end of file.
2026-05-02 07:57:43,557 [ERROR] LogOutputStream:75 - [STDERR_REDIRECT] 
2026-05-02 07:57:44,558 [ERROR] LogOutputStream:75 - [STDERR_REDIRECT] [Fatal Error] :1:1: Premature end of file.
2026-05-02 07:57:44,558 [ERROR] LogOutputStream:75 - [STDERR_REDIRECT] 
2026-05-02 07:57:45,556 [ERROR] LogOutputStream:75 - [STDERR_REDIRECT] [Fatal Error] :1:1: Premature end of file.
2026-05-02 07:57:45,556 [ERROR] LogOutputStream:75 - [STDERR_REDIRECT] 
2026-05-02 07:57:46,556 [ERROR] LogOutputStream:75 - [STDERR_REDIRECT] [Fatal Error] :1:1: Premature end of file.
2026-05-02 07:57:46,556 [ERROR] LogOutputStream:75 - [STDERR_REDIRECT] 
2026-05-02 07:57:47,553 [ERROR] LogOutputStream:75 - [STDERR_REDIRECT] [Fatal Error] :1:1: Premature end of file.
2026-05-02 07:57:47,554 [ERROR] LogOutputStream:75 - [STDERR_REDIRECT] 
2026-05-02 07:57:48,558 [ERROR] LogOutputStream:75 - [STDERR_REDIRECT] [Fatal Error] :1:1: Premature end of file.
2026-05-02 07:57:48,559 [ERROR] LogOutputStream:75 - [STDERR_REDIRECT] 
2026-05-02 07:57:49,556 [ERROR] LogOutputStream:75 - [STDERR_REDIRECT] [Fatal Error] :1:1: Premature end of file.
2026-05-02 07:57:49,556 [ERROR] LogOutputStream:75 - [STDERR_REDIRECT] 
2026-05-02 07:57:50,557 [ERROR] LogOutputStream:75 - [STDERR_REDIRECT] [Fatal Error] :1:1: Premature end of file.
2026-05-02 07:57:50,557 [ERROR] LogOutputStream:75 - [STDERR_REDIRECT] 
2026-05-02 07:57:51,557 [ERROR] LogOutputStream:75 - [STDERR_REDIRECT] [Fatal Error] :1:1: Premature end of file.
2026-05-02 07:57:51,557 [ERROR] LogOutputStream:75 - [STDERR_REDIRECT] 
2026-05-02 07:57:52,555 [ERROR] LogOutputStream:75 - [STDERR_REDIRECT] [Fatal Error] :1:1: Premature end of file.
2026-05-02 07:57:52,555 [ERROR] LogOutputStream:75 - [STDERR_REDIRECT] 
2026-05-02 07:57:53,556 [ERROR] LogOutputStream:75 - [STDERR_REDIRECT] [Fatal Error] :1:1: Premature end of file.
2026-05-02 07:57:53,556 [ERROR] LogOutputStream:75 - [STDERR_REDIRECT] 
2026-05-02 07:57:54,554 [ERROR] LogOutputStream:75 - [STDERR_REDIRECT] [Fatal Error] :1:1: Premature end of file.
2026-05-02 07:57:54,555 [ERROR] LogOutputStream:75 - [STDERR_REDIRECT] 
2026-05-02 07:57:55,554 [ERROR] LogOutputStream:75 - [STDERR_REDIRECT] [Fatal Error] :1:1: Premature end of file.
2026-05-02 07:57:55,555 [ERROR] LogOutputStream:75 - [STDERR_REDIRECT] 
2026-05-02 07:57:56,556 [ERROR] LogOutputStream:75 - [STDERR_REDIRECT] [Fatal Error] :1:1: Premature end of file.
2026-05-02 07:57:56,556 [ERROR] LogOutputStream:75 - [STDERR_REDIRECT] 
2026-05-02 07:57:57,556 [ERROR] LogOutputStream:75 - [STDERR_REDIRECT] [Fatal Error] :1:1: Premature end of file.
2026-05-02 07:57:57,556 [ERROR] LogOutputStream:75 - [STDERR_REDIRECT] 
2026-05-02 07:57:58,554 [ERROR] LogOutputStream:75 - [STDERR_REDIRECT] [Fatal Error] :1:1: Premature end of file.
2026-05-02 07:57:58,554 [ERROR] LogOutputStream:75 - [STDERR_REDIRECT] 
2026-05-02 07:57:59,559 [ERROR] LogOutputStream:75 - [STDERR_REDIRECT] [Fatal Error] :1:1: Premature end of file.
2026-05-02 07:57:59,560 [ERROR] LogOutputStream:75 - [STDERR_REDIRECT] 
2026-05-02 07:58:00,556 [ERROR] LogOutputStream:75 - [STDERR_REDIRECT] [Fatal Error] :1:1: Premature end of file.
2026-05-02 07:58:00,556 [ERROR] LogOutputStream:75 - [STDERR_REDIRECT] 
2026-05-02 07:58:01,555 [ERROR] LogOutputStream:75 - [STDERR_REDIRECT] [Fatal Error] :1:1: Premature end of file.
2026-05-02 07:58:01,555 [ERROR] LogOutputStream:75 - [STDERR_REDIRECT] 
2026-05-02 07:58:02,549 [ERROR] LogOutputStream:75 - [STDERR_REDIRECT] [Fatal Error] :1:1: Premature end of file.
2026-05-02 07:58:02,549 [ERROR] LogOutputStream:75 - [STDERR_REDIRECT] 
2026-05-02 07:58:03,568 [ERROR] LogOutputStream:75 - [STDERR_REDIRECT] [Fatal Error] :1:1: Premature end of file.
2026-05-02 07:58:03,568 [ERROR] LogOutputStream:75 - [STDERR_REDIRECT] 
2026-05-02 07:58:04,563 [ERROR] LogOutputStream:75 - [STDERR_REDIRECT] [Fatal Error] :1:1: Premature end of file.
2026-05-02 07:58:04,563 [ERROR] LogOutputStream:75 - [STDERR_REDIRECT] 
2026-05-02 07:58:05,569 [ERROR] LogOutputStream:75 - [STDERR_REDIRECT] [Fatal Error] :1:1: Premature end of file.
2026-05-02 07:58:05,569 [ERROR] LogOutputStream:75 - [STDERR_REDIRECT] 
2026-05-02 07:58:06,564 [ERROR] LogOutputStream:75 - [STDERR_REDIRECT] [Fatal Error] :1:1: Premature end of file.
2026-05-02 07:58:06,564 [ERROR] LogOutputStream:75 - [STDERR_REDIRECT] 
2026-05-02 07:58:07,563 [ERROR] LogOutputStream:75 - [STDERR_REDIRECT] [Fatal Error] :1:1: Premature end of file.
2026-05-02 07:58:07,563 [ERROR] LogOutputStream:75 - [STDERR_REDIRECT] 
2026-05-02 07:58:08,558 [ERROR] LogOutputStream:75 - [STDERR_REDIRECT] [Fatal Error] :1:1: Premature end of file.
2026-05-02 07:58:08,558 [ERROR] LogOutputStream:75 - [STDERR_REDIRECT] 
2026-05-02 07:58:09,559 [ERROR] LogOutputStream:75 - [STDERR_REDIRECT] [Fatal Error] :1:1: Premature end of file.
2026-05-02 07:58:09,559 [ERROR] LogOutputStream:75 - [STDERR_REDIRECT] 
2026-05-02 07:58:10,549 [ERROR] LogOutputStream:75 - [STDERR_REDIRECT] [Fatal Error] :1:1: Premature end of file.
2026-05-02 07:58:10,549 [ERROR] LogOutputStream:75 - [STDERR_REDIRECT] 
2026-05-02 07:58:11,560 [ERROR] LogOutputStream:75 - [STDERR_REDIRECT] [Fatal Error] :1:1: Premature end of file.
2026-05-02 07:58:11,560 [ERROR] LogOutputStream:75 - [STDERR_REDIRECT] 
2026-05-02 07:58:12,571 [ERROR] LogOutputStream:75 - [STDERR_REDIRECT] [Fatal Error] :1:1: Premature end of file.
2026-05-02 07:58:12,571 [ERROR] LogOutputStream:75 - [STDERR_REDIRECT] 
2026-05-02 07:58:13,552 [ERROR] LogOutputStream:75 - [STDERR_REDIRECT] [Fatal Error] :1:1: Premature end of file.
2026-05-02 07:58:13,552 [ERROR] LogOutputStream:75 - [STDERR_REDIRECT] 
2026-05-02 07:58:14,563 [ERROR] LogOutputStream:75 - [STDERR_REDIRECT] [Fatal Error] :1:1: Premature end of file.
2026-05-02 07:58:14,563 [ERROR] LogOutputStream:75 - [STDERR_REDIRECT] 
2026-05-02 07:58:15,559 [ERROR] LogOutputStream:75 - [STDERR_REDIRECT] [Fatal Error] :1:1: Premature end of file.
2026-05-02 07:58:15,559 [ERROR] LogOutputStream:75 - [STDERR_REDIRECT] 
2026-05-02 07:58:16,550 [ERROR] LogOutputStream:75 - [STDERR_REDIRECT] [Fatal Error] :1:1: Premature end of file.
2026-05-02 07:58:16,550 [ERROR] LogOutputStream:75 - [STDERR_REDIRECT] 
2026-05-02 07:58:17,563 [ERROR] LogOutputStream:75 - [STDERR_REDIRECT] [Fatal Error] :1:1: Premature end of file.
2026-05-02 07:58:17,563 [ERROR] LogOutputStream:75 - [STDERR_REDIRECT] 
2026-05-02 07:58:18,565 [ERROR] LogOutputStream:75 - [STDERR_REDIRECT] [Fatal Error] :1:1: Premature end of file.
2026-05-02 07:58:18,565 [ERROR] LogOutputStream:75 - [STDERR_REDIRECT] 
2026-05-02 07:58:19,555 [ERROR] LogOutputStream:75 - [STDERR_REDIRECT] [Fatal Error] :1:1: Premature end of file.
2026-05-02 07:58:19,555 [ERROR] LogOutputStream:75 - [STDERR_REDIRECT] 
2026-05-02 07:58:20,558 [ERROR] LogOutputStream:75 - [STDERR_REDIRECT] [Fatal Error] :1:1: Premature end of file.
2026-05-02 07:58:20,558 [ERROR] LogOutputStream:75 - [STDERR_REDIRECT] 
2026-05-02 07:58:21,565 [ERROR] LogOutputStream:75 - [STDERR_REDIRECT] [Fatal Error] :1:1: Premature end of file.
2026-05-02 07:58:21,566 [ERROR] LogOutputStream:75 - [STDERR_REDIRECT] 
2026-05-02 07:58:22,558 [ERROR] LogOutputStream:75 - [STDERR_REDIRECT] [Fatal Error] :1:1: Premature end of file.
2026-05-02 07:58:22,558 [ERROR] LogOutputStream:75 - [STDERR_REDIRECT] 
2026-05-02 07:58:23,563 [ERROR] LogOutputStream:75 - [STDERR_REDIRECT] [Fatal Error] :1:1: Premature end of file.
2026-05-02 07:58:23,563 [ERROR] LogOutputStream:75 - [STDERR_REDIRECT] 
2026-05-02 07:58:24,553 [ERROR] LogOutputStream:75 - [STDERR_REDIRECT] [Fatal Error] :1:1: Premature end of file.
2026-05-02 07:58:24,553 [ERROR] LogOutputStream:75 - [STDERR_REDIRECT] 
2026-05-02 07:58:25,548 [ERROR] LogOutputStream:75 - [STDERR_REDIRECT] [Fatal Error] :1:1: Premature end of file.
2026-05-02 07:58:25,548 [ERROR] LogOutputStream:75 - [STDERR_REDIRECT] 
2026-05-02 07:58:26,563 [ERROR] LogOutputStream:75 - [STDERR_REDIRECT] [Fatal Error] :1:1: Premature end of file.
2026-05-02 07:58:26,563 [ERROR] LogOutputStream:75 - [STDERR_REDIRECT] 
2026-05-02 07:58:27,559 [ERROR] LogOutputStream:75 - [STDERR_REDIRECT] [Fatal Error] :1:1: Premature end of file.
2026-05-02 07:58:27,559 [ERROR] LogOutputStream:75 - [STDERR_REDIRECT] 
2026-05-02 07:58:28,550 [ERROR] LogOutputStream:75 - [STDERR_REDIRECT] [Fatal Error] :1:1: Premature end of file.
2026-05-02 07:58:28,550 [ERROR] LogOutputStream:75 - [STDERR_REDIRECT] 
2026-05-02 07:58:29,555 [ERROR] LogOutputStream:75 - [STDERR_REDIRECT] [Fatal Error] :1:1: Premature end of file.
2026-05-02 07:58:29,555 [ERROR] LogOutputStream:75 - [STDERR_REDIRECT] 
2026-05-02 07:58:30,562 [ERROR] LogOutputStream:75 - [STDERR_REDIRECT] [Fatal Error] :1:1: Premature end of file.
2026-05-02 07:58:30,562 [ERROR] LogOutputStream:75 - [STDERR_REDIRECT] 
2026-05-02 07:58:31,556 [ERROR] LogOutputStream:75 - [STDERR_REDIRECT] [Fatal Error] :1:1: Premature end of file.
2026-05-02 07:58:31,559 [ERROR] LogOutputStream:75 - [STDERR_REDIRECT] 
2026-05-02 07:58:32,557 [ERROR] LogOutputStream:75 - [STDERR_REDIRECT] [Fatal Error] :1:1: Premature end of file.
2026-05-02 07:58:32,557 [ERROR] LogOutputStream:75 - [STDERR_REDIRECT] 
2026-05-02 07:58:33,561 [ERROR] LogOutputStream:75 - [STDERR_REDIRECT] [Fatal Error] :1:1: Premature end of file.
2026-05-02 07:58:33,561 [ERROR] LogOutputStream:75 - [STDERR_REDIRECT] 
2026-05-02 07:58:34,562 [ERROR] LogOutputStream:75 - [STDERR_REDIRECT] [Fatal Error] :1:1: Premature end of file.
2026-05-02 07:58:34,562 [ERROR] LogOutputStream:75 - [STDERR_REDIRECT] 
2026-05-02 07:58:35,553 [ERROR] LogOutputStream:75 - [STDERR_REDIRECT] [Fatal Error] :1:1: Premature end of file.
2026-05-02 07:58:35,553 [ERROR] LogOutputStream:75 - [STDERR_REDIRECT] 
2026-05-02 07:58:36,556 [ERROR] LogOutputStream:75 - [STDERR_REDIRECT] [Fatal Error] :1:1: Premature end of file.
2026-05-02 07:58:36,556 [ERROR] LogOutputStream:75 - [STDERR_REDIRECT] 
2026-05-02 07:58:37,556 [ERROR] LogOutputStream:75 - [STDERR_REDIRECT] [Fatal Error] :1:1: Premature end of file.
2026-05-02 07:58:37,556 [ERROR] LogOutputStream:75 - [STDERR_REDIRECT] 
2026-05-02 07:58:38,549 [ERROR] LogOutputStream:75 - [STDERR_REDIRECT] [Fatal Error] :1:1: Premature end of file.
2026-05-02 07:58:38,549 [ERROR] LogOutputStream:75 - [STDERR_REDIRECT] 
2026-05-02 07:58:39,549 [ERROR] LogOutputStream:75 - [STDERR_REDIRECT] [Fatal Error] :1:1: Premature end of file.
2026-05-02 07:58:39,549 [ERROR] LogOutputStream:75 - [STDERR_REDIRECT] 
2026-05-02 07:58:40,551 [ERROR] LogOutputStream:75 - [STDERR_REDIRECT] [Fatal Error] :1:1: Premature end of file.
2026-05-02 07:58:40,551 [ERROR] LogOutputStream:75 - [STDERR_REDIRECT] 
2026-05-02 07:58:41,560 [ERROR] LogOutputStream:75 - [STDERR_REDIRECT] [Fatal Error] :1:1: Premature end of file.
2026-05-02 07:58:41,560 [ERROR] LogOutputStream:75 - [STDERR_REDIRECT] 
2026-05-02 07:58:42,555 [ERROR] LogOutputStream:75 - [STDERR_REDIRECT] [Fatal Error] :1:1: Premature end of file.
2026-05-02 07:58:42,555 [ERROR] LogOutputStream:75 - [STDERR_REDIRECT] 
2026-05-02 07:58:43,579 [ERROR] LogOutputStream:75 - [STDERR_REDIRECT] [Fatal Error] :1:1: Premature end of file.
2026-05-02 07:58:43,579 [ERROR] LogOutputStream:75 - [STDERR_REDIRECT] 
2026-05-02 07:58:44,558 [ERROR] LogOutputStream:75 - [STDERR_REDIRECT] [Fatal Error] :1:1: Premature end of file.
2026-05-02 07:58:44,558 [ERROR] LogOutputStream:75 - [STDERR_REDIRECT] 
2026-05-02 07:58:45,562 [ERROR] LogOutputStream:75 - [STDERR_REDIRECT] [Fatal Error] :1:1: Premature end of file.
2026-05-02 07:58:45,562 [ERROR] LogOutputStream:75 - [STDERR_REDIRECT] 
2026-05-02 07:58:46,557 [ERROR] LogOutputStream:75 - [STDERR_REDIRECT] [Fatal Error] :1:1: Premature end of file.
2026-05-02 07:58:46,557 [ERROR] LogOutputStream:75 - [STDERR_REDIRECT] 
2026-05-02 07:58:47,559 [ERROR] LogOutputStream:75 - [STDERR_REDIRECT] [Fatal Error] :1:1: Premature end of file.
2026-05-02 07:58:47,559 [ERROR] LogOutputStream:75 - [STDERR_REDIRECT] 
2026-05-02 07:58:48,551 [ERROR] LogOutputStream:75 - [STDERR_REDIRECT] [Fatal Error] :1:1: Premature end of file.
2026-05-02 07:58:48,551 [ERROR] LogOutputStream:75 - [STDERR_REDIRECT] 
2026-05-02 07:58:49,551 [ERROR] LogOutputStream:75 - [STDERR_REDIRECT] [Fatal Error] :1:1: Premature end of file.
2026-05-02 07:58:49,551 [ERROR] LogOutputStream:75 - [STDERR_REDIRECT] 
2026-05-02 07:58:50,559 [ERROR] LogOutputStream:75 - [STDERR_REDIRECT] [Fatal Error] :1:1: Premature end of file.
2026-05-02 07:58:50,559 [ERROR] LogOutputStream:75 - [STDERR_REDIRECT] 
2026-05-02 07:58:51,555 [ERROR] LogOutputStream:75 - [STDERR_REDIRECT] [Fatal Error] :1:1: Premature end of file.
2026-05-02 07:58:51,555 [ERROR] LogOutputStream:75 - [STDERR_REDIRECT] 
2026-05-02 07:58:52,555 [ERROR] LogOutputStream:75 - [STDERR_REDIRECT] [Fatal Error] :1:1: Premature end of file.
2026-05-02 07:58:52,555 [ERROR] LogOutputStream:75 - [STDERR_REDIRECT] 
2026-05-02 07:58:53,553 [ERROR] LogOutputStream:75 - [STDERR_REDIRECT] [Fatal Error] :1:1: Premature end of file.
2026-05-02 07:58:53,553 [ERROR] LogOutputStream:75 - [STDERR_REDIRECT] 
2026-05-02 07:58:54,549 [ERROR] LogOutputStream:75 - [STDERR_REDIRECT] [Fatal Error] :1:1: Premature end of file.
2026-05-02 07:58:54,549 [ERROR] LogOutputStream:75 - [STDERR_REDIRECT] 
2026-05-02 07:58:55,549 [ERROR] LogOutputStream:75 - [STDERR_REDIRECT] [Fatal Error] :1:1: Premature end of file.
2026-05-02 07:58:55,549 [ERROR] LogOutputStream:75 - [STDERR_REDIRECT] 
2026-05-02 07:58:56,565 [ERROR] LogOutputStream:75 - [STDERR_REDIRECT] [Fatal Error] :1:1: Premature end of file.
2026-05-02 07:58:56,565 [ERROR] LogOutputStream:75 - [STDERR_REDIRECT] 
2026-05-02 07:58:57,560 [ERROR] LogOutputStream:75 - [STDERR_REDIRECT] [Fatal Error] :1:1: Premature end of file.
2026-05-02 07:58:57,560 [ERROR] LogOutputStream:75 - [STDERR_REDIRECT] 
2026-05-02 07:58:58,557 [ERROR] LogOutputStream:75 - [STDERR_REDIRECT] [Fatal Error] :1:1: Premature end of file.
2026-05-02 07:58:58,557 [ERROR] LogOutputStream:75 - [STDERR_REDIRECT] 
2026-05-02 07:58:59,569 [ERROR] LogOutputStream:75 - [STDERR_REDIRECT] [Fatal Error] :1:1: Premature end of file.
2026-05-02 07:58:59,569 [ERROR] LogOutputStream:75 - [STDERR_REDIRECT] 
2026-05-02 07:59:00,559 [ERROR] LogOutputStream:75 - [STDERR_REDIRECT] [Fatal Error] :1:1: Premature end of file.
2026-05-02 07:59:00,559 [ERROR] LogOutputStream:75 - [STDERR_REDIRECT] 
2026-05-02 07:59:01,559 [ERROR] LogOutputStream:75 - [STDERR_REDIRECT] [Fatal Error] :1:1: Premature end of file.
2026-05-02 07:59:01,559 [ERROR] LogOutputStream:75 - [STDERR_REDIRECT] 
2026-05-02 07:59:02,567 [ERROR] LogOutputStream:75 - [STDERR_REDIRECT] [Fatal Error] :1:1: Premature end of file.
2026-05-02 07:59:02,567 [ERROR] LogOutputStream:75 - [STDERR_REDIRECT] 
2026-05-02 07:59:03,555 [ERROR] LogOutputStream:75 - [STDERR_REDIRECT] [Fatal Error] :1:1: Premature end of file.
2026-05-02 07:59:03,555 [ERROR] LogOutputStream:75 - [STDERR_REDIRECT] 
2026-05-02 07:59:04,568 [ERROR] LogOutputStream:75 - [STDERR_REDIRECT] [Fatal Error] :1:1: Premature end of file.
2026-05-02 07:59:04,568 [ERROR] LogOutputStream:75 - [STDERR_REDIRECT] 
2026-05-02 07:59:05,555 [ERROR] LogOutputStream:75 - [STDERR_REDIRECT] [Fatal Error] :1:1: Premature end of file.
2026-05-02 07:59:05,555 [ERROR] LogOutputStream:75 - [STDERR_REDIRECT] 
2026-05-02 07:59:06,552 [ERROR] LogOutputStream:75 - [STDERR_REDIRECT] [Fatal Error] :1:1: Premature end of file.
2026-05-02 07:59:06,552 [ERROR] LogOutputStream:75 - [STDERR_REDIRECT] 
2026-05-02 07:59:07,553 [ERROR] LogOutputStream:75 - [STDERR_REDIRECT] [Fatal Error] :1:1: Premature end of file.
2026-05-02 07:59:07,553 [ERROR] LogOutputStream:75 - [STDERR_REDIRECT] 
2026-05-02 07:59:08,561 [ERROR] LogOutputStream:75 - [STDERR_REDIRECT] [Fatal Error] :1:1: Premature end of file.
2026-05-02 07:59:08,561 [ERROR] LogOutputStream:75 - [STDERR_REDIRECT] 
2026-05-02 07:59:09,561 [ERROR] LogOutputStream:75 - [STDERR_REDIRECT] [Fatal Error] :1:1: Premature end of file.
2026-05-02 07:59:09,561 [ERROR] LogOutputStream:75 - [STDERR_REDIRECT] 
2026-05-02 07:59:10,562 [ERROR] LogOutputStream:75 - [STDERR_REDIRECT] [Fatal Error] :1:1: Premature end of file.
2026-05-02 07:59:10,562 [ERROR] LogOutputStream:75 - [STDERR_REDIRECT] 
2026-05-02 07:59:11,560 [ERROR] LogOutputStream:75 - [STDERR_REDIRECT] [Fatal Error] :1:1: Premature end of file.
2026-05-02 07:59:11,560 [ERROR] LogOutputStream:75 - [STDERR_REDIRECT] 
2026-05-02 07:59:12,562 [ERROR] LogOutputStream:75 - [STDERR_REDIRECT] [Fatal Error] :1:1: Premature end of file.
2026-05-02 07:59:12,562 [ERROR] LogOutputStream:75 - [STDERR_REDIRECT] 
2026-05-02 07:59:13,571 [ERROR] LogOutputStream:75 - [STDERR_REDIRECT] [Fatal Error] :1:1: Premature end of file.
2026-05-02 07:59:13,571 [ERROR] LogOutputStream:75 - [STDERR_REDIRECT] 
2026-05-02 07:59:14,558 [ERROR] LogOutputStream:75 - [STDERR_REDIRECT] [Fatal Error] :1:1: Premature end of file.
2026-05-02 07:59:14,558 [ERROR] LogOutputStream:75 - [STDERR_REDIRECT] 
2026-05-02 07:59:15,561 [ERROR] LogOutputStream:75 - [STDERR_REDIRECT] [Fatal Error] :1:1: Premature end of file.
2026-05-02 07:59:15,561 [ERROR] LogOutputStream:75 - [STDERR_REDIRECT] 
2026-05-02 07:59:16,550 [ERROR] LogOutputStream:75 - [STDERR_REDIRECT] [Fatal Error] :1:1: Premature end of file.
2026-05-02 07:59:16,550 [ERROR] LogOutputStream:75 - [STDERR_REDIRECT] 
2026-05-02 07:59:17,555 [ERROR] LogOutputStream:75 - [STDERR_REDIRECT] [Fatal Error] :1:1: Premature end of file.
2026-05-02 07:59:17,555 [ERROR] LogOutputStream:75 - [STDERR_REDIRECT] 
2026-05-02 07:59:18,558 [ERROR] LogOutputStream:75 - [STDERR_REDIRECT] [Fatal Error] :1:1: Premature end of file.
2026-05-02 07:59:18,558 [ERROR] LogOutputStream:75 - [STDERR_REDIRECT] 
2026-05-02 07:59:19,564 [ERROR] LogOutputStream:75 - [STDERR_REDIRECT] [Fatal Error] :1:1: Premature end of file.
2026-05-02 07:59:19,564 [ERROR] LogOutputStream:75 - [STDERR_REDIRECT] 
2026-05-02 07:59:20,552 [ERROR] LogOutputStream:75 - [STDERR_REDIRECT] [Fatal Error] :1:1: Premature end of file.
2026-05-02 07:59:20,552 [ERROR] LogOutputStream:75 - [STDERR_REDIRECT] 
2026-05-02 07:59:21,556 [ERROR] LogOutputStream:75 - [STDERR_REDIRECT] [Fatal Error] :1:1: Premature end of file.
2026-05-02 07:59:21,556 [ERROR] LogOutputStream:75 - [STDERR_REDIRECT] 
2026-05-02 07:59:22,550 [ERROR] LogOutputStream:75 - [STDERR_REDIRECT] [Fatal Error] :1:1: Premature end of file.
2026-05-02 07:59:22,550 [ERROR] LogOutputStream:75 - [STDERR_REDIRECT] 
2026-05-02 07:59:23,553 [ERROR] LogOutputStream:75 - [STDERR_REDIRECT] [Fatal Error] :1:1: Premature end of file.
2026-05-02 07:59:23,553 [ERROR] LogOutputStream:75 - [STDERR_REDIRECT] 
2026-05-02 07:59:24,554 [ERROR] LogOutputStream:75 - [STDERR_REDIRECT] [Fatal Error] :1:1: Premature end of file.
2026-05-02 07:59:24,554 [ERROR] LogOutputStream:75 - [STDERR_REDIRECT] 
2026-05-02 07:59:25,562 [ERROR] LogOutputStream:75 - [STDERR_REDIRECT] [Fatal Error] :1:1: Premature end of file.
2026-05-02 07:59:25,562 [ERROR] LogOutputStream:75 - [STDERR_REDIRECT] 
2026-05-02 07:59:26,561 [ERROR] LogOutputStream:75 - [STDERR_REDIRECT] [Fatal Error] :1:1: Premature end of file.
2026-05-02 07:59:26,561 [ERROR] LogOutputStream:75 - [STDERR_REDIRECT] 
2026-05-02 07:59:27,550 [ERROR] LogOutputStream:75 - [STDERR_REDIRECT] [Fatal Error] :1:1: Premature end of file.
2026-05-02 07:59:27,550 [ERROR] LogOutputStream:75 - [STDERR_REDIRECT] 
2026-05-02 07:59:28,550 [ERROR] LogOutputStream:75 - [STDERR_REDIRECT] [Fatal Error] :1:1: Premature end of file.
2026-05-02 07:59:28,550 [ERROR] LogOutputStream:75 - [STDERR_REDIRECT] 
2026-05-02 07:59:29,560 [ERROR] LogOutputStream:75 - [STDERR_REDIRECT] [Fatal Error] :1:1: Premature end of file.
2026-05-02 07:59:29,560 [ERROR] LogOutputStream:75 - [STDERR_REDIRECT] 
2026-05-02 07:59:30,566 [ERROR] LogOutputStream:75 - [STDERR_REDIRECT] [Fatal Error] :1:1: Premature end of file.
2026-05-02 07:59:30,566 [ERROR] LogOutputStream:75 - [STDERR_REDIRECT] 
2026-05-02 07:59:31,558 [ERROR] LogOutputStream:75 - [STDERR_REDIRECT] [Fatal Error] :1:1: Premature end of file.
2026-05-02 07:59:31,558 [ERROR] LogOutputStream:75 - [STDERR_REDIRECT] 
2026-05-02 07:59:32,559 [ERROR] LogOutputStream:75 - [STDERR_REDIRECT] [Fatal Error] :1:1: Premature end of file.
2026-05-02 07:59:32,559 [ERROR] LogOutputStream:75 - [STDERR_REDIRECT] 
2026-05-02 07:59:33,556 [ERROR] LogOutputStream:75 - [STDERR_REDIRECT] [Fatal Error] :1:1: Premature end of file.
2026-05-02 07:59:33,556 [ERROR] LogOutputStream:75 - [STDERR_REDIRECT] 
2026-05-02 07:59:34,556 [ERROR] LogOutputStream:75 - [STDERR_REDIRECT] [Fatal Error] :1:1: Premature end of file.
2026-05-02 07:59:34,556 [ERROR] LogOutputStream:75 - [STDERR_REDIRECT] 
2026-05-02 07:59:35,559 [ERROR] LogOutputStream:75 - [STDERR_REDIRECT] [Fatal Error] :1:1: Premature end of file.
2026-05-02 07:59:35,559 [ERROR] LogOutputStream:75 - [STDERR_REDIRECT] 
2026-05-02 07:59:36,561 [ERROR] LogOutputStream:75 - [STDERR_REDIRECT] [Fatal Error] :1:1: Premature end of file.
2026-05-02 07:59:36,562 [ERROR] LogOutputStream:75 - [STDERR_REDIRECT] 
2026-05-02 07:59:37,560 [ERROR] LogOutputStream:75 - [STDERR_REDIRECT] [Fatal Error] :1:1: Premature end of file.
2026-05-02 07:59:37,560 [ERROR] LogOutputStream:75 - [STDERR_REDIRECT] 
2026-05-02 07:59:38,554 [ERROR] LogOutputStream:75 - [STDERR_REDIRECT] [Fatal Error] :1:1: Premature end of file.
2026-05-02 07:59:38,559 [ERROR] LogOutputStream:75 - [STDERR_REDIRECT] 
2026-05-02 07:59:39,561 [ERROR] LogOutputStream:75 - [STDERR_REDIRECT] [Fatal Error] :1:1: Premature end of file.
2026-05-02 07:59:39,561 [ERROR] LogOutputStream:75 - [STDERR_REDIRECT] 
2026-05-02 07:59:40,561 [ERROR] LogOutputStream:75 - [STDERR_REDIRECT] [Fatal Error] :1:1: Premature end of file.
2026-05-02 07:59:40,561 [ERROR] LogOutputStream:75 - [STDERR_REDIRECT] 
2026-05-02 07:59:41,553 [ERROR] LogOutputStream:75 - [STDERR_REDIRECT] [Fatal Error] :1:1: Premature end of file.
2026-05-02 07:59:41,553 [ERROR] LogOutputStream:75 - [STDERR_REDIRECT] 
2026-05-02 07:59:42,556 [ERROR] LogOutputStream:75 - [STDERR_REDIRECT] [Fatal Error] :1:1: Premature end of file.
2026-05-02 07:59:42,556 [ERROR] LogOutputStream:75 - [STDERR_REDIRECT] 
2026-05-02 07:59:43,560 [ERROR] LogOutputStream:75 - [STDERR_REDIRECT] [Fatal Error] :1:1: Premature end of file.
2026-05-02 07:59:43,560 [ERROR] LogOutputStream:75 - [STDERR_REDIRECT] 
2026-05-02 07:59:44,555 [ERROR] LogOutputStream:75 - [STDERR_REDIRECT] [Fatal Error] :1:1: Premature end of file.
2026-05-02 07:59:44,555 [ERROR] LogOutputStream:75 - [STDERR_REDIRECT] 
2026-05-02 07:59:45,563 [ERROR] LogOutputStream:75 - [STDERR_REDIRECT] [Fatal Error] :1:1: Premature end of file.
2026-05-02 07:59:45,563 [ERROR] LogOutputStream:75 - [STDERR_REDIRECT] 
2026-05-02 07:59:46,558 [ERROR] LogOutputStream:75 - [STDERR_REDIRECT] [Fatal Error] :1:1: Premature end of file.
2026-05-02 07:59:46,558 [ERROR] LogOutputStream:75 - [STDERR_REDIRECT] 
2026-05-02 07:59:47,556 [ERROR] LogOutputStream:75 - [STDERR_REDIRECT] [Fatal Error] :1:1: Premature end of file.
2026-05-02 07:59:47,556 [ERROR] LogOutputStream:75 - [STDERR_REDIRECT] 
2026-05-02 07:59:48,571 [ERROR] LogOutputStream:75 - [STDERR_REDIRECT] [Fatal Error] :1:1: Premature end of file.
2026-05-02 07:59:48,571 [ERROR] LogOutputStream:75 - [STDERR_REDIRECT] 
2026-05-02 07:59:49,561 [ERROR] LogOutputStream:75 - [STDERR_REDIRECT] [Fatal Error] :1:1: Premature end of file.
2026-05-02 07:59:49,561 [ERROR] LogOutputStream:75 - [STDERR_REDIRECT] 
2026-05-02 07:59:50,564 [ERROR] LogOutputStream:75 - [STDERR_REDIRECT] [Fatal Error] :1:1: Premature end of file.
2026-05-02 07:59:50,564 [ERROR] LogOutputStream:75 - [STDERR_REDIRECT] 
2026-05-02 07:59:51,554 [ERROR] LogOutputStream:75 - [STDERR_REDIRECT] [Fatal Error] :1:1: Premature end of file.
2026-05-02 07:59:51,554 [ERROR] LogOutputStream:75 - [STDERR_REDIRECT] 
2026-05-02 07:59:52,569 [ERROR] LogOutputStream:75 - [STDERR_REDIRECT] [Fatal Error] :1:1: Premature end of file.
2026-05-02 07:59:52,569 [ERROR] LogOutputStream:75 - [STDERR_REDIRECT] 
2026-05-02 07:59:53,566 [ERROR] LogOutputStream:75 - [STDERR_REDIRECT] [Fatal Error] :1:1: Premature end of file.
2026-05-02 07:59:53,566 [ERROR] LogOutputStream:75 - [STDERR_REDIRECT] 
2026-05-02 07:59:54,558 [ERROR] LogOutputStream:75 - [STDERR_REDIRECT] [Fatal Error] :1:1: Premature end of file.
2026-05-02 07:59:54,558 [ERROR] LogOutputStream:75 - [STDERR_REDIRECT] 
2026-05-02 07:59:55,567 [ERROR] LogOutputStream:75 - [STDERR_REDIRECT] [Fatal Error] :1:1: Premature end of file.
2026-05-02 07:59:55,567 [ERROR] LogOutputStream:75 - [STDERR_REDIRECT] 
2026-05-02 07:59:56,562 [ERROR] LogOutputStream:75 - [STDERR_REDIRECT] [Fatal Error] :1:1: Premature end of file.
2026-05-02 07:59:56,562 [ERROR] LogOutputStream:75 - [STDERR_REDIRECT] 
2026-05-02 07:59:57,558 [ERROR] LogOutputStream:75 - [STDERR_REDIRECT] [Fatal Error] :1:1: Premature end of file.
2026-05-02 07:59:57,560 [ERROR] LogOutputStream:75 - [STDERR_REDIRECT] 
2026-05-02 07:59:58,569 [ERROR] LogOutputStream:75 - [STDERR_REDIRECT] [Fatal Error] :1:1: Premature end of file.
2026-05-02 07:59:58,569 [ERROR] LogOutputStream:75 - [STDERR_REDIRECT] 
2026-05-02 07:59:59,558 [ERROR] LogOutputStream:75 - [STDERR_REDIRECT] [Fatal Error] :1:1: Premature end of file.
2026-05-02 07:59:59,558 [ERROR] LogOutputStream:75 - [STDERR_REDIRECT] 
2026-05-02 08:00:00,556 [ERROR] LogOutputStream:75 - [STDERR_REDIRECT] [Fatal Error] :1:1: Premature end of file.
2026-05-02 08:00:00,556 [ERROR] LogOutputStream:75 - [STDERR_REDIRECT] 
2026-05-02 08:00:01,557 [ERROR] LogOutputStream:75 - [STDERR_REDIRECT] [Fatal Error] :1:1: Premature end of file.
2026-05-02 08:00:01,558 [ERROR] LogOutputStream:75 - [STDERR_REDIRECT] 
2026-05-02 08:00:02,565 [ERROR] LogOutputStream:75 - [STDERR_REDIRECT] [Fatal Error] :1:1: Premature end of file.
2026-05-02 08:00:02,565 [ERROR] LogOutputStream:75 - [STDERR_REDIRECT] 
2026-05-02 08:00:03,563 [ERROR] LogOutputStream:75 - [STDERR_REDIRECT] [Fatal Error] :1:1: Premature end of file.
2026-05-02 08:00:03,564 [ERROR] LogOutputStream:75 - [STDERR_REDIRECT] 
2026-05-02 08:00:04,570 [ERROR] LogOutputStream:75 - [STDERR_REDIRECT] [Fatal Error] :1:1: Premature end of file.
2026-05-02 08:00:04,570 [ERROR] LogOutputStream:75 - [STDERR_REDIRECT] 
2026-05-02 08:00:05,551 [ERROR] LogOutputStream:75 - [STDERR_REDIRECT] [Fatal Error] :1:1: Premature end of file.
2026-05-02 08:00:05,551 [ERROR] LogOutputStream:75 - [STDERR_REDIRECT] 
2026-05-02 08:00:06,558 [ERROR] LogOutputStream:75 - [STDERR_REDIRECT] [Fatal Error] :1:1: Premature end of file.
2026-05-02 08:00:06,558 [ERROR] LogOutputStream:75 - [STDERR_REDIRECT] 
2026-05-02 08:00:07,563 [ERROR] LogOutputStream:75 - [STDERR_REDIRECT] [Fatal Error] :1:1: Premature end of file.
2026-05-02 08:00:07,563 [ERROR] LogOutputStream:75 - [STDERR_REDIRECT] 
2026-05-02 08:00:08,549 [ERROR] LogOutputStream:75 - [STDERR_REDIRECT] [Fatal Error] :1:1: Premature end of file.
2026-05-02 08:00:08,549 [ERROR] LogOutputStream:75 - [STDERR_REDIRECT] 
2026-05-02 08:00:09,555 [ERROR] LogOutputStream:75 - [STDERR_REDIRECT] [Fatal Error] :1:1: Premature end of file.
2026-05-02 08:00:09,555 [ERROR] LogOutputStream:75 - [STDERR_REDIRECT] 
2026-05-02 08:00:10,583 [ERROR] LogOutputStream:75 - [STDERR_REDIRECT] [Fatal Error] :1:1: Premature end of file.
2026-05-02 08:00:10,583 [ERROR] LogOutputStream:75 - [STDERR_REDIRECT] 
2026-05-02 08:00:11,561 [ERROR] LogOutputStream:75 - [STDERR_REDIRECT] [Fatal Error] :1:1: Premature end of file.
2026-05-02 08:00:11,561 [ERROR] LogOutputStream:75 - [STDERR_REDIRECT] 
2026-05-02 08:00:12,575 [ERROR] LogOutputStream:75 - [STDERR_REDIRECT] [Fatal Error] :1:1: Premature end of file.
2026-05-02 08:00:12,575 [ERROR] LogOutputStream:75 - [STDERR_REDIRECT] 
2026-05-02 08:00:13,570 [ERROR] LogOutputStream:75 - [STDERR_REDIRECT] [Fatal Error] :1:1: Premature end of file.
2026-05-02 08:00:13,570 [ERROR] LogOutputStream:75 - [STDERR_REDIRECT] 
2026-05-02 08:00:14,556 [ERROR] LogOutputStream:75 - [STDERR_REDIRECT] [Fatal Error] :1:1: Premature end of file.
2026-05-02 08:00:14,556 [ERROR] LogOutputStream:75 - [STDERR_REDIRECT] 
2026-05-02 08:00:15,560 [ERROR] LogOutputStream:75 - [STDERR_REDIRECT] [Fatal Error] :1:1: Premature end of file.
2026-05-02 08:00:15,560 [ERROR] LogOutputStream:75 - [STDERR_REDIRECT] 
2026-05-02 08:00:16,564 [ERROR] LogOutputStream:75 - [STDERR_REDIRECT] [Fatal Error] :1:1: Premature end of file.
2026-05-02 08:00:16,564 [ERROR] LogOutputStream:75 - [STDERR_REDIRECT] 
2026-05-02 08:00:17,571 [ERROR] LogOutputStream:75 - [STDERR_REDIRECT] [Fatal Error] :1:1: Premature end of file.
2026-05-02 08:00:17,572 [ERROR] LogOutputStream:75 - [STDERR_REDIRECT] 
2026-05-02 08:00:18,574 [ERROR] LogOutputStream:75 - [STDERR_REDIRECT] [Fatal Error] :1:1: Premature end of file.
2026-05-02 08:00:18,574 [ERROR] LogOutputStream:75 - [STDERR_REDIRECT] 
2026-05-02 08:00:19,553 [ERROR] LogOutputStream:75 - [STDERR_REDIRECT] [Fatal Error] :1:1: Premature end of file.
2026-05-02 08:00:19,553 [ERROR] LogOutputStream:75 - [STDERR_REDIRECT] 
2026-05-02 08:00:20,562 [ERROR] LogOutputStream:75 - [STDERR_REDIRECT] [Fatal Error] :1:1: Premature end of file.
2026-05-02 08:00:20,562 [ERROR] LogOutputStream:75 - [STDERR_REDIRECT] 
2026-05-02 08:00:21,559 [ERROR] LogOutputStream:75 - [STDERR_REDIRECT] [Fatal Error] :1:1: Premature end of file.
2026-05-02 08:00:21,559 [ERROR] LogOutputStream:75 - [STDERR_REDIRECT] 
2026-05-02 08:00:22,559 [ERROR] LogOutputStream:75 - [STDERR_REDIRECT] [Fatal Error] :1:1: Premature end of file.
2026-05-02 08:00:22,559 [ERROR] LogOutputStream:75 - [STDERR_REDIRECT] 
2026-05-02 08:00:23,567 [ERROR] LogOutputStream:75 - [STDERR_REDIRECT] [Fatal Error] :1:1: Premature end of file.
2026-05-02 08:00:23,567 [ERROR] LogOutputStream:75 - [STDERR_REDIRECT] 
2026-05-02 08:00:24,559 [ERROR] LogOutputStream:75 - [STDERR_REDIRECT] [Fatal Error] :1:1: Premature end of file.
2026-05-02 08:00:24,559 [ERROR] LogOutputStream:75 - [STDERR_REDIRECT] 
2026-05-02 08:00:25,560 [ERROR] LogOutputStream:75 - [STDERR_REDIRECT] [Fatal Error] :1:1: Premature end of file.
2026-05-02 08:00:25,560 [ERROR] LogOutputStream:75 - [STDERR_REDIRECT] 
2026-05-02 08:00:26,562 [ERROR] LogOutputStream:75 - [STDERR_REDIRECT] [Fatal Error] :1:1: Premature end of file.
2026-05-02 08:00:26,562 [ERROR] LogOutputStream:75 - [STDERR_REDIRECT] 
2026-05-02 08:00:27,562 [ERROR] LogOutputStream:75 - [STDERR_REDIRECT] [Fatal Error] :1:1: Premature end of file.
2026-05-02 08:00:27,562 [ERROR] LogOutputStream:75 - [STDERR_REDIRECT] 
2026-05-02 08:00:28,561 [ERROR] LogOutputStream:75 - [STDERR_REDIRECT] [Fatal Error] :1:1: Premature end of file.
2026-05-02 08:00:28,561 [ERROR] LogOutputStream:75 - [STDERR_REDIRECT] 
2026-05-02 08:00:29,565 [ERROR] LogOutputStream:75 - [STDERR_REDIRECT] [Fatal Error] :1:1: Premature end of file.
2026-05-02 08:00:29,566 [ERROR] LogOutputStream:75 - [STDERR_REDIRECT] 
2026-05-02 08:00:30,566 [ERROR] LogOutputStream:75 - [STDERR_REDIRECT] [Fatal Error] :1:1: Premature end of file.
2026-05-02 08:00:30,566 [ERROR] LogOutputStream:75 - [STDERR_REDIRECT] 
2026-05-02 08:00:31,565 [ERROR] LogOutputStream:75 - [STDERR_REDIRECT] [Fatal Error] :1:1: Premature end of file.
2026-05-02 08:00:31,565 [ERROR] LogOutputStream:75 - [STDERR_REDIRECT] 
2026-05-02 08:00:32,564 [ERROR] LogOutputStream:75 - [STDERR_REDIRECT] [Fatal Error] :1:1: Premature end of file.
2026-05-02 08:00:32,564 [ERROR] LogOutputStream:75 - [STDERR_REDIRECT] 
2026-05-02 08:00:33,558 [ERROR] LogOutputStream:75 - [STDERR_REDIRECT] [Fatal Error] :1:1: Premature end of file.
2026-05-02 08:00:33,558 [ERROR] LogOutputStream:75 - [STDERR_REDIRECT] 
2026-05-02 08:00:34,559 [ERROR] LogOutputStream:75 - [STDERR_REDIRECT] [Fatal Error] :1:1: Premature end of file.
2026-05-02 08:00:34,565 [ERROR] LogOutputStream:75 - [STDERR_REDIRECT] 
2026-05-02 08:00:35,560 [ERROR] LogOutputStream:75 - [STDERR_REDIRECT] [Fatal Error] :1:1: Premature end of file.
2026-05-02 08:00:35,560 [ERROR] LogOutputStream:75 - [STDERR_REDIRECT] 
2026-05-02 08:00:36,557 [ERROR] LogOutputStream:75 - [STDERR_REDIRECT] [Fatal Error] :1:1: Premature end of file.
2026-05-02 08:00:36,557 [ERROR] LogOutputStream:75 - [STDERR_REDIRECT] 
2026-05-02 08:00:37,572 [ERROR] LogOutputStream:75 - [STDERR_REDIRECT] [Fatal Error] :1:1: Premature end of file.
2026-05-02 08:00:37,572 [ERROR] LogOutputStream:75 - [STDERR_REDIRECT] 
2026-05-02 08:00:38,564 [ERROR] LogOutputStream:75 - [STDERR_REDIRECT] [Fatal Error] :1:1: Premature end of file.
2026-05-02 08:00:38,564 [ERROR] LogOutputStream:75 - [STDERR_REDIRECT] 
2026-05-02 08:00:39,560 [ERROR] LogOutputStream:75 - [STDERR_REDIRECT] [Fatal Error] :1:1: Premature end of file.
2026-05-02 08:00:39,560 [ERROR] LogOutputStream:75 - [STDERR_REDIRECT] 
2026-05-02 08:00:40,556 [ERROR] LogOutputStream:75 - [STDERR_REDIRECT] [Fatal Error] :1:1: Premature end of file.
2026-05-02 08:00:40,556 [ERROR] LogOutputStream:75 - [STDERR_REDIRECT] 
2026-05-02 08:00:41,558 [ERROR] LogOutputStream:75 - [STDERR_REDIRECT] [Fatal Error] :1:1: Premature end of file.
2026-05-02 08:00:41,558 [ERROR] LogOutputStream:75 - [STDERR_REDIRECT] 
2026-05-02 08:00:42,565 [ERROR] LogOutputStream:75 - [STDERR_REDIRECT] [Fatal Error] :1:1: Premature end of file.
2026-05-02 08:00:42,565 [ERROR] LogOutputStream:75 - [STDERR_REDIRECT] 
2026-05-02 08:00:43,555 [ERROR] LogOutputStream:75 - [STDERR_REDIRECT] [Fatal Error] :1:1: Premature end of file.
2026-05-02 08:00:43,555 [ERROR] LogOutputStream:75 - [STDERR_REDIRECT] 
2026-05-02 08:00:44,559 [ERROR] LogOutputStream:75 - [STDERR_REDIRECT] [Fatal Error] :1:1: Premature end of file.
2026-05-02 08:00:44,559 [ERROR] LogOutputStream:75 - [STDERR_REDIRECT] 
2026-05-02 08:00:45,561 [ERROR] LogOutputStream:75 - [STDERR_REDIRECT] [Fatal Error] :1:1: Premature end of file.
2026-05-02 08:00:45,568 [ERROR] LogOutputStream:75 - [STDERR_REDIRECT] 
2026-05-02 08:00:46,553 [ERROR] LogOutputStream:75 - [STDERR_REDIRECT] [Fatal Error] :1:1: Premature end of file.
2026-05-02 08:00:46,553 [ERROR] LogOutputStream:75 - [STDERR_REDIRECT] 
2026-05-02 08:00:47,556 [ERROR] LogOutputStream:75 - [STDERR_REDIRECT] [Fatal Error] :1:1: Premature end of file.
2026-05-02 08:00:47,556 [ERROR] LogOutputStream:75 - [STDERR_REDIRECT] 
2026-05-02 08:00:48,566 [ERROR] LogOutputStream:75 - [STDERR_REDIRECT] [Fatal Error] :1:1: Premature end of file.
2026-05-02 08:00:48,566 [ERROR] LogOutputStream:75 - [STDERR_REDIRECT] 
2026-05-02 08:00:49,559 [ERROR] LogOutputStream:75 - [STDERR_REDIRECT] [Fatal Error] :1:1: Premature end of file.
2026-05-02 08:00:49,559 [ERROR] LogOutputStream:75 - [STDERR_REDIRECT] 
2026-05-02 08:00:50,557 [ERROR] LogOutputStream:75 - [STDERR_REDIRECT] [Fatal Error] :1:1: Premature end of file.
2026-05-02 08:00:50,557 [ERROR] LogOutputStream:75 - [STDERR_REDIRECT] 
2026-05-02 08:00:51,558 [ERROR] LogOutputStream:75 - [STDERR_REDIRECT] [Fatal Error] :1:1: Premature end of file.
2026-05-02 08:00:51,558 [ERROR] LogOutputStream:75 - [STDERR_REDIRECT] 
2026-05-02 08:00:52,563 [ERROR] LogOutputStream:75 - [STDERR_REDIRECT] [Fatal Error] :1:1: Premature end of file.
2026-05-02 08:00:52,563 [ERROR] LogOutputStream:75 - [STDERR_REDIRECT] 
2026-05-02 08:00:53,565 [ERROR] LogOutputStream:75 - [STDERR_REDIRECT] [Fatal Error] :1:1: Premature end of file.
2026-05-02 08:00:53,565 [ERROR] LogOutputStream:75 - [STDERR_REDIRECT] 
2026-05-02 08:00:54,569 [ERROR] LogOutputStream:75 - [STDERR_REDIRECT] [Fatal Error] :1:1: Premature end of file.
2026-05-02 08:00:54,569 [ERROR] LogOutputStream:75 - [STDERR_REDIRECT] 
2026-05-02 08:00:55,548 [ERROR] LogOutputStream:75 - [STDERR_REDIRECT] [Fatal Error] :1:1: Premature end of file.
2026-05-02 08:00:55,548 [ERROR] LogOutputStream:75 - [STDERR_REDIRECT] 
2026-05-02 08:00:56,560 [ERROR] LogOutputStream:75 - [STDERR_REDIRECT] [Fatal Error] :1:1: Premature end of file.
2026-05-02 08:00:56,560 [ERROR] LogOutputStream:75 - [STDERR_REDIRECT] 
2026-05-02 08:00:57,561 [ERROR] LogOutputStream:75 - [STDERR_REDIRECT] [Fatal Error] :1:1: Premature end of file.
2026-05-02 08:00:57,561 [ERROR] LogOutputStream:75 - [STDERR_REDIRECT] 
2026-05-02 08:00:58,554 [ERROR] LogOutputStream:75 - [STDERR_REDIRECT] [Fatal Error] :1:1: Premature end of file.
2026-05-02 08:00:58,554 [ERROR] LogOutputStream:75 - [STDERR_REDIRECT] 
2026-05-02 08:00:59,556 [ERROR] LogOutputStream:75 - [STDERR_REDIRECT] [Fatal Error] :1:1: Premature end of file.
2026-05-02 08:00:59,556 [ERROR] LogOutputStream:75 - [STDERR_REDIRECT] 
2026-05-02 08:01:00,559 [ERROR] LogOutputStream:75 - [STDERR_REDIRECT] [Fatal Error] :1:1: Premature end of file.
2026-05-02 08:01:00,559 [ERROR] LogOutputStream:75 - [STDERR_REDIRECT] 
2026-05-02 08:01:01,559 [ERROR] LogOutputStream:75 - [STDERR_REDIRECT] [Fatal Error] :1:1: Premature end of file.
2026-05-02 08:01:01,559 [ERROR] LogOutputStream:75 - [STDERR_REDIRECT] 
2026-05-02 08:01:02,560 [ERROR] LogOutputStream:75 - [STDERR_REDIRECT] [Fatal Error] :1:1: Premature end of file.
2026-05-02 08:01:02,560 [ERROR] LogOutputStream:75 - [STDERR_REDIRECT] 
2026-05-02 08:01:03,570 [ERROR] LogOutputStream:75 - [STDERR_REDIRECT] [Fatal Error] :1:1: Premature end of file.
2026-05-02 08:01:03,570 [ERROR] LogOutputStream:75 - [STDERR_REDIRECT] 
2026-05-02 08:01:04,571 [ERROR] LogOutputStream:75 - [STDERR_REDIRECT] [Fatal Error] :1:1: Premature end of file.
2026-05-02 08:01:04,571 [ERROR] LogOutputStream:75 - [STDERR_REDIRECT] 
2026-05-02 08:01:05,570 [ERROR] LogOutputStream:75 - [STDERR_REDIRECT] [Fatal Error] :1:1: Premature end of file.
2026-05-02 08:01:05,570 [ERROR] LogOutputStream:75 - [STDERR_REDIRECT] 
2026-05-02 08:01:06,561 [ERROR] LogOutputStream:75 - [STDERR_REDIRECT] [Fatal Error] :1:1: Premature end of file.
2026-05-02 08:01:06,561 [ERROR] LogOutputStream:75 - [STDERR_REDIRECT] 
2026-05-02 08:01:07,565 [ERROR] LogOutputStream:75 - [STDERR_REDIRECT] [Fatal Error] :1:1: Premature end of file.
2026-05-02 08:01:07,565 [ERROR] LogOutputStream:75 - [STDERR_REDIRECT] 
2026-05-02 08:01:08,554 [ERROR] LogOutputStream:75 - [STDERR_REDIRECT] [Fatal Error] :1:1: Premature end of file.
2026-05-02 08:01:08,554 [ERROR] LogOutputStream:75 - [STDERR_REDIRECT] 
2026-05-02 08:01:09,556 [ERROR] LogOutputStream:75 - [STDERR_REDIRECT] [Fatal Error] :1:1: Premature end of file.
2026-05-02 08:01:09,556 [ERROR] LogOutputStream:75 - [STDERR_REDIRECT] 
2026-05-02 08:01:10,553 [ERROR] LogOutputStream:75 - [STDERR_REDIRECT] [Fatal Error] :1:1: Premature end of file.
2026-05-02 08:01:10,553 [ERROR] LogOutputStream:75 - [STDERR_REDIRECT] 
2026-05-02 08:01:11,550 [ERROR] LogOutputStream:75 - [STDERR_REDIRECT] [Fatal Error] :1:1: Premature end of file.
2026-05-02 08:01:11,550 [ERROR] LogOutputStream:75 - [STDERR_REDIRECT] 
2026-05-02 08:01:12,553 [ERROR] LogOutputStream:75 - [STDERR_REDIRECT] [Fatal Error] :1:1: Premature end of file.
2026-05-02 08:01:12,553 [ERROR] LogOutputStream:75 - [STDERR_REDIRECT] 
2026-05-02 08:01:13,558 [ERROR] LogOutputStream:75 - [STDERR_REDIRECT] [Fatal Error] :1:1: Premature end of file.
2026-05-02 08:01:13,558 [ERROR] LogOutputStream:75 - [STDERR_REDIRECT] 
2026-05-02 08:01:14,563 [ERROR] LogOutputStream:75 - [STDERR_REDIRECT] [Fatal Error] :1:1: Premature end of file.
2026-05-02 08:01:14,563 [ERROR] LogOutputStream:75 - [STDERR_REDIRECT] 
2026-05-02 08:01:15,565 [ERROR] LogOutputStream:75 - [STDERR_REDIRECT] [Fatal Error] :1:1: Premature end of file.
2026-05-02 08:01:15,565 [ERROR] LogOutputStream:75 - [STDERR_REDIRECT] 
2026-05-02 08:01:16,565 [ERROR] LogOutputStream:75 - [STDERR_REDIRECT] [Fatal Error] :1:1: Premature end of file.
2026-05-02 08:01:16,565 [ERROR] LogOutputStream:75 - [STDERR_REDIRECT] 
2026-05-02 08:01:17,558 [ERROR] LogOutputStream:75 - [STDERR_REDIRECT] [Fatal Error] :1:1: Premature end of file.
2026-05-02 08:01:17,558 [ERROR] LogOutputStream:75 - [STDERR_REDIRECT] 
2026-05-02 08:01:18,550 [ERROR] LogOutputStream:75 - [STDERR_REDIRECT] [Fatal Error] :1:1: Premature end of file.
2026-05-02 08:01:18,550 [ERROR] LogOutputStream:75 - [STDERR_REDIRECT] 
2026-05-02 08:01:19,552 [ERROR] LogOutputStream:75 - [STDERR_REDIRECT] [Fatal Error] :1:1: Premature end of file.
2026-05-02 08:01:19,552 [ERROR] LogOutputStream:75 - [STDERR_REDIRECT] 
2026-05-02 08:01:20,554 [ERROR] LogOutputStream:75 - [STDERR_REDIRECT] [Fatal Error] :1:1: Premature end of file.
2026-05-02 08:01:20,554 [ERROR] LogOutputStream:75 - [STDERR_REDIRECT] 
2026-05-02 08:01:21,561 [ERROR] LogOutputStream:75 - [STDERR_REDIRECT] [Fatal Error] :1:1: Premature end of file.
2026-05-02 08:01:21,561 [ERROR] LogOutputStream:75 - [STDERR_REDIRECT] 
2026-05-02 08:01:22,565 [ERROR] LogOutputStream:75 - [STDERR_REDIRECT] [Fatal Error] :1:1: Premature end of file.
2026-05-02 08:01:22,565 [ERROR] LogOutputStream:75 - [STDERR_REDIRECT] 
2026-05-02 08:01:23,559 [ERROR] LogOutputStream:75 - [STDERR_REDIRECT] [Fatal Error] :1:1: Premature end of file.
2026-05-02 08:01:23,559 [ERROR] LogOutputStream:75 - [STDERR_REDIRECT] 
2026-05-02 08:01:24,561 [ERROR] LogOutputStream:75 - [STDERR_REDIRECT] [Fatal Error] :1:1: Premature end of file.
2026-05-02 08:01:24,561 [ERROR] LogOutputStream:75 - [STDERR_REDIRECT] 
2026-05-02 08:01:25,563 [ERROR] LogOutputStream:75 - [STDERR_REDIRECT] [Fatal Error] :1:1: Premature end of file.
2026-05-02 08:01:25,563 [ERROR] LogOutputStream:75 - [STDERR_REDIRECT] 
2026-05-02 08:01:26,561 [ERROR] LogOutputStream:75 - [STDERR_REDIRECT] [Fatal Error] :1:1: Premature end of file.
2026-05-02 08:01:26,561 [ERROR] LogOutputStream:75 - [STDERR_REDIRECT] 
2026-05-02 08:01:27,557 [ERROR] LogOutputStream:75 - [STDERR_REDIRECT] [Fatal Error] :1:1: Premature end of file.
2026-05-02 08:01:27,557 [ERROR] LogOutputStream:75 - [STDERR_REDIRECT] 
2026-05-02 08:01:28,558 [ERROR] LogOutputStream:75 - [STDERR_REDIRECT] [Fatal Error] :1:1: Premature end of file.
2026-05-02 08:01:28,558 [ERROR] LogOutputStream:75 - [STDERR_REDIRECT] 
2026-05-02 08:01:29,561 [ERROR] LogOutputStream:75 - [STDERR_REDIRECT] [Fatal Error] :1:1: Premature end of file.
2026-05-02 08:01:29,561 [ERROR] LogOutputStream:75 - [STDERR_REDIRECT] 
2026-05-02 08:01:30,560 [ERROR] LogOutputStream:75 - [STDERR_REDIRECT] [Fatal Error] :1:1: Premature end of file.
2026-05-02 08:01:30,560 [ERROR] LogOutputStream:75 - [STDERR_REDIRECT] 
2026-05-02 08:01:31,558 [ERROR] LogOutputStream:75 - [STDERR_REDIRECT] [Fatal Error] :1:1: Premature end of file.
2026-05-02 08:01:31,558 [ERROR] LogOutputStream:75 - [STDERR_REDIRECT] 
2026-05-02 08:01:32,568 [ERROR] LogOutputStream:75 - [STDERR_REDIRECT] [Fatal Error] :1:1: Premature end of file.
2026-05-02 08:01:32,568 [ERROR] LogOutputStream:75 - [STDERR_REDIRECT] 
2026-05-02 08:01:33,550 [ERROR] LogOutputStream:75 - [STDERR_REDIRECT] [Fatal Error] :1:1: Premature end of file.
2026-05-02 08:01:33,550 [ERROR] LogOutputStream:75 - [STDERR_REDIRECT] 
2026-05-02 08:01:34,570 [ERROR] LogOutputStream:75 - [STDERR_REDIRECT] [Fatal Error] :1:1: Premature end of file.
2026-05-02 08:01:34,570 [ERROR] LogOutputStream:75 - [STDERR_REDIRECT] 
2026-05-02 08:01:35,557 [ERROR] LogOutputStream:75 - [STDERR_REDIRECT] [Fatal Error] :1:1: Premature end of file.
2026-05-02 08:01:35,558 [ERROR] LogOutputStream:75 - [STDERR_REDIRECT] 
2026-05-02 08:01:36,556 [ERROR] LogOutputStream:75 - [STDERR_REDIRECT] [Fatal Error] :1:1: Premature end of file.
2026-05-02 08:01:36,556 [ERROR] LogOutputStream:75 - [STDERR_REDIRECT] 
2026-05-02 08:01:37,557 [ERROR] LogOutputStream:75 - [STDERR_REDIRECT] [Fatal Error] :1:1: Premature end of file.
2026-05-02 08:01:37,557 [ERROR] LogOutputStream:75 - [STDERR_REDIRECT] 
2026-05-02 08:01:38,556 [ERROR] LogOutputStream:75 - [STDERR_REDIRECT] [Fatal Error] :1:1: Premature end of file.
2026-05-02 08:01:38,556 [ERROR] LogOutputStream:75 - [STDERR_REDIRECT] 
2026-05-02 08:01:39,556 [ERROR] LogOutputStream:75 - [STDERR_REDIRECT] [Fatal Error] :1:1: Premature end of file.
2026-05-02 08:01:39,556 [ERROR] LogOutputStream:75 - [STDERR_REDIRECT] 
2026-05-02 08:01:40,556 [ERROR] LogOutputStream:75 - [STDERR_REDIRECT] [Fatal Error] :1:1: Premature end of file.
2026-05-02 08:01:40,556 [ERROR] LogOutputStream:75 - [STDERR_REDIRECT] 
2026-05-02 08:01:41,573 [ERROR] LogOutputStream:75 - [STDERR_REDIRECT] [Fatal Error] :1:1: Premature end of file.
2026-05-02 08:01:41,573 [ERROR] LogOutputStream:75 - [STDERR_REDIRECT] 
2026-05-02 08:01:42,557 [ERROR] LogOutputStream:75 - [STDERR_REDIRECT] [Fatal Error] :1:1: Premature end of file.
2026-05-02 08:01:42,557 [ERROR] LogOutputStream:75 - [STDERR_REDIRECT] 
2026-05-02 08:01:43,559 [ERROR] LogOutputStream:75 - [STDERR_REDIRECT] [Fatal Error] :1:1: Premature end of file.
2026-05-02 08:01:43,559 [ERROR] LogOutputStream:75 - [STDERR_REDIRECT] 
2026-05-02 08:01:44,562 [ERROR] LogOutputStream:75 - [STDERR_REDIRECT] [Fatal Error] :1:1: Premature end of file.
2026-05-02 08:01:44,562 [ERROR] LogOutputStream:75 - [STDERR_REDIRECT] 
2026-05-02 08:01:45,557 [ERROR] LogOutputStream:75 - [STDERR_REDIRECT] [Fatal Error] :1:1: Premature end of file.
2026-05-02 08:01:45,557 [ERROR] LogOutputStream:75 - [STDERR_REDIRECT] 
2026-05-02 08:01:46,567 [ERROR] LogOutputStream:75 - [STDERR_REDIRECT] [Fatal Error] :1:1: Premature end of file.
2026-05-02 08:01:46,567 [ERROR] LogOutputStream:75 - [STDERR_REDIRECT] 
2026-05-02 08:01:47,557 [ERROR] LogOutputStream:75 - [STDERR_REDIRECT] [Fatal Error] :1:1: Premature end of file.
2026-05-02 08:01:47,557 [ERROR] LogOutputStream:75 - [STDERR_REDIRECT] 
2026-05-02 08:01:48,571 [ERROR] LogOutputStream:75 - [STDERR_REDIRECT] [Fatal Error] :1:1: Premature end of file.
2026-05-02 08:01:48,571 [ERROR] LogOutputStream:75 - [STDERR_REDIRECT] 
2026-05-02 08:01:49,560 [ERROR] LogOutputStream:75 - [STDERR_REDIRECT] [Fatal Error] :1:1: Premature end of file.
2026-05-02 08:01:49,560 [ERROR] LogOutputStream:75 - [STDERR_REDIRECT] 
2026-05-02 08:01:50,562 [ERROR] LogOutputStream:75 - [STDERR_REDIRECT] [Fatal Error] :1:1: Premature end of file.
2026-05-02 08:01:50,562 [ERROR] LogOutputStream:75 - [STDERR_REDIRECT] 
2026-05-02 08:01:51,554 [ERROR] LogOutputStream:75 - [STDERR_REDIRECT] [Fatal Error] :1:1: Premature end of file.
2026-05-02 08:01:51,554 [ERROR] LogOutputStream:75 - [STDERR_REDIRECT] 
2026-05-02 08:01:52,554 [ERROR] LogOutputStream:75 - [STDERR_REDIRECT] [Fatal Error] :1:1: Premature end of file.
2026-05-02 08:01:52,554 [ERROR] LogOutputStream:75 - [STDERR_REDIRECT] 
2026-05-02 08:01:53,554 [ERROR] LogOutputStream:75 - [STDERR_REDIRECT] [Fatal Error] :1:1: Premature end of file.
2026-05-02 08:01:53,554 [ERROR] LogOutputStream:75 - [STDERR_REDIRECT] 
2026-05-02 08:01:54,554 [ERROR] LogOutputStream:75 - [STDERR_REDIRECT] [Fatal Error] :1:1: Premature end of file.
2026-05-02 08:01:54,554 [ERROR] LogOutputStream:75 - [STDERR_REDIRECT] 
2026-05-02 08:01:55,562 [ERROR] LogOutputStream:75 - [STDERR_REDIRECT] [Fatal Error] :1:1: Premature end of file.
2026-05-02 08:01:55,562 [ERROR] LogOutputStream:75 - [STDERR_REDIRECT] 
2026-05-02 08:01:56,554 [ERROR] LogOutputStream:75 - [STDERR_REDIRECT] [Fatal Error] :1:1: Premature end of file.
2026-05-02 08:01:56,554 [ERROR] LogOutputStream:75 - [STDERR_REDIRECT] 
2026-05-02 08:01:57,559 [ERROR] LogOutputStream:75 - [STDERR_REDIRECT] [Fatal Error] :1:1: Premature end of file.
2026-05-02 08:01:57,559 [ERROR] LogOutputStream:75 - [STDERR_REDIRECT] 
2026-05-02 08:01:58,558 [ERROR] LogOutputStream:75 - [STDERR_REDIRECT] [Fatal Error] :1:1: Premature end of file.
2026-05-02 08:01:58,558 [ERROR] LogOutputStream:75 - [STDERR_REDIRECT] 
2026-05-02 08:01:59,559 [ERROR] LogOutputStream:75 - [STDERR_REDIRECT] [Fatal Error] :1:1: Premature end of file.
2026-05-02 08:01:59,559 [ERROR] LogOutputStream:75 - [STDERR_REDIRECT] 
2026-05-02 08:02:00,563 [ERROR] LogOutputStream:75 - [STDERR_REDIRECT] [Fatal Error] :1:1: Premature end of file.
2026-05-02 08:02:00,563 [ERROR] LogOutputStream:75 - [STDERR_REDIRECT] 
2026-05-02 08:02:01,560 [ERROR] LogOutputStream:75 - [STDERR_REDIRECT] [Fatal Error] :1:1: Premature end of file.
2026-05-02 08:02:01,560 [ERROR] LogOutputStream:75 - [STDERR_REDIRECT] 
2026-05-02 08:02:02,567 [ERROR] LogOutputStream:75 - [STDERR_REDIRECT] [Fatal Error] :1:1: Premature end of file.
2026-05-02 08:02:02,567 [ERROR] LogOutputStream:75 - [STDERR_REDIRECT] 
2026-05-02 08:02:03,560 [ERROR] LogOutputStream:75 - [STDERR_REDIRECT] [Fatal Error] :1:1: Premature end of file.
2026-05-02 08:02:03,560 [ERROR] LogOutputStream:75 - [STDERR_REDIRECT] 
2026-05-02 08:02:04,560 [ERROR] LogOutputStream:75 - [STDERR_REDIRECT] [Fatal Error] :1:1: Premature end of file.
2026-05-02 08:02:04,560 [ERROR] LogOutputStream:75 - [STDERR_REDIRECT] 
2026-05-02 08:02:05,557 [ERROR] LogOutputStream:75 - [STDERR_REDIRECT] [Fatal Error] :1:1: Premature end of file.
2026-05-02 08:02:05,557 [ERROR] LogOutputStream:75 - [STDERR_REDIRECT] 
2026-05-02 08:02:06,560 [ERROR] LogOutputStream:75 - [STDERR_REDIRECT] [Fatal Error] :1:1: Premature end of file.
2026-05-02 08:02:06,560 [ERROR] LogOutputStream:75 - [STDERR_REDIRECT] 
2026-05-02 08:02:07,562 [ERROR] LogOutputStream:75 - [STDERR_REDIRECT] [Fatal Error] :1:1: Premature end of file.
2026-05-02 08:02:07,562 [ERROR] LogOutputStream:75 - [STDERR_REDIRECT] 
2026-05-02 08:02:08,557 [ERROR] LogOutputStream:75 - [STDERR_REDIRECT] [Fatal Error] :1:1: Premature end of file.
2026-05-02 08:02:08,557 [ERROR] LogOutputStream:75 - [STDERR_REDIRECT] 
2026-05-02 08:02:09,559 [ERROR] LogOutputStream:75 - [STDERR_REDIRECT] [Fatal Error] :1:1: Premature end of file.
2026-05-02 08:02:09,559 [ERROR] LogOutputStream:75 - [STDERR_REDIRECT] 
2026-05-02 08:02:10,564 [ERROR] LogOutputStream:75 - [STDERR_REDIRECT] [Fatal Error] :1:1: Premature end of file.
2026-05-02 08:02:10,564 [ERROR] LogOutputStream:75 - [STDERR_REDIRECT] 
2026-05-02 08:02:11,557 [ERROR] LogOutputStream:75 - [STDERR_REDIRECT] [Fatal Error] :1:1: Premature end of file.
2026-05-02 08:02:11,557 [ERROR] LogOutputStream:75 - [STDERR_REDIRECT] 
2026-05-02 08:02:12,565 [ERROR] LogOutputStream:75 - [STDERR_REDIRECT] [Fatal Error] :1:1: Premature end of file.
2026-05-02 08:02:12,566 [ERROR] LogOutputStream:75 - [STDERR_REDIRECT] 
2026-05-02 08:02:13,568 [ERROR] LogOutputStream:75 - [STDERR_REDIRECT] [Fatal Error] :1:1: Premature end of file.
2026-05-02 08:02:13,568 [ERROR] LogOutputStream:75 - [STDERR_REDIRECT] 
2026-05-02 08:02:14,561 [ERROR] LogOutputStream:75 - [STDERR_REDIRECT] [Fatal Error] :1:1: Premature end of file.
2026-05-02 08:02:14,561 [ERROR] LogOutputStream:75 - [STDERR_REDIRECT] 
2026-05-02 08:02:15,561 [ERROR] LogOutputStream:75 - [STDERR_REDIRECT] [Fatal Error] :1:1: Premature end of file.
2026-05-02 08:02:15,561 [ERROR] LogOutputStream:75 - [STDERR_REDIRECT] 
2026-05-02 08:02:16,556 [ERROR] LogOutputStream:75 - [STDERR_REDIRECT] [Fatal Error] :1:1: Premature end of file.
2026-05-02 08:02:16,556 [ERROR] LogOutputStream:75 - [STDERR_REDIRECT] 
2026-05-02 08:02:17,569 [ERROR] LogOutputStream:75 - [STDERR_REDIRECT] [Fatal Error] :1:1: Premature end of file.
2026-05-02 08:02:17,569 [ERROR] LogOutputStream:75 - [STDERR_REDIRECT] 
2026-05-02 08:02:18,563 [ERROR] LogOutputStream:75 - [STDERR_REDIRECT] [Fatal Error] :1:1: Premature end of file.
2026-05-02 08:02:18,563 [ERROR] LogOutputStream:75 - [STDERR_REDIRECT] 
2026-05-02 08:02:19,561 [ERROR] LogOutputStream:75 - [STDERR_REDIRECT] [Fatal Error] :1:1: Premature end of file.
2026-05-02 08:02:19,561 [ERROR] LogOutputStream:75 - [STDERR_REDIRECT] 
2026-05-02 08:02:20,571 [ERROR] LogOutputStream:75 - [STDERR_REDIRECT] [Fatal Error] :1:1: Premature end of file.
2026-05-02 08:02:20,571 [ERROR] LogOutputStream:75 - [STDERR_REDIRECT] 
2026-05-02 08:02:21,571 [ERROR] LogOutputStream:75 - [STDERR_REDIRECT] [Fatal Error] :1:1: Premature end of file.
2026-05-02 08:02:21,572 [ERROR] LogOutputStream:75 - [STDERR_REDIRECT] 
2026-05-02 08:02:22,558 [ERROR] LogOutputStream:75 - [STDERR_REDIRECT] [Fatal Error] :1:1: Premature end of file.
2026-05-02 08:02:22,558 [ERROR] LogOutputStream:75 - [STDERR_REDIRECT] 
2026-05-02 08:02:23,565 [ERROR] LogOutputStream:75 - [STDERR_REDIRECT] [Fatal Error] :1:1: Premature end of file.
2026-05-02 08:02:23,565 [ERROR] LogOutputStream:75 - [STDERR_REDIRECT] 
2026-05-02 08:02:24,549 [ERROR] LogOutputStream:75 - [STDERR_REDIRECT] [Fatal Error] :1:1: Premature end of file.
2026-05-02 08:02:24,549 [ERROR] LogOutputStream:75 - [STDERR_REDIRECT] 
2026-05-02 08:02:25,558 [ERROR] LogOutputStream:75 - [STDERR_REDIRECT] [Fatal Error] :1:1: Premature end of file.
2026-05-02 08:02:25,558 [ERROR] LogOutputStream:75 - [STDERR_REDIRECT] 
2026-05-02 08:02:26,555 [ERROR] LogOutputStream:75 - [STDERR_REDIRECT] [Fatal Error] :1:1: Premature end of file.
2026-05-02 08:02:26,555 [ERROR] LogOutputStream:75 - [STDERR_REDIRECT] 
2026-05-02 08:02:27,558 [ERROR] LogOutputStream:75 - [STDERR_REDIRECT] [Fatal Error] :1:1: Premature end of file.
2026-05-02 08:02:27,558 [ERROR] LogOutputStream:75 - [STDERR_REDIRECT] 
2026-05-02 08:02:28,560 [ERROR] LogOutputStream:75 - [STDERR_REDIRECT] [Fatal Error] :1:1: Premature end of file.
2026-05-02 08:02:28,560 [ERROR] LogOutputStream:75 - [STDERR_REDIRECT] 
2026-05-02 08:02:29,565 [ERROR] LogOutputStream:75 - [STDERR_REDIRECT] [Fatal Error] :1:1: Premature end of file.
2026-05-02 08:02:29,565 [ERROR] LogOutputStream:75 - [STDERR_REDIRECT] 
2026-05-02 08:02:30,563 [ERROR] LogOutputStream:75 - [STDERR_REDIRECT] [Fatal Error] :1:1: Premature end of file.
2026-05-02 08:02:30,563 [ERROR] LogOutputStream:75 - [STDERR_REDIRECT] 
2026-05-02 08:02:31,573 [ERROR] LogOutputStream:75 - [STDERR_REDIRECT] [Fatal Error] :1:1: Premature end of file.
2026-05-02 08:02:31,573 [ERROR] LogOutputStream:75 - [STDERR_REDIRECT] 
2026-05-02 08:02:32,556 [ERROR] LogOutputStream:75 - [STDERR_REDIRECT] [Fatal Error] :1:1: Premature end of file.
2026-05-02 08:02:32,556 [ERROR] LogOutputStream:75 - [STDERR_REDIRECT] 
2026-05-02 08:02:33,556 [ERROR] LogOutputStream:75 - [STDERR_REDIRECT] [Fatal Error] :1:1: Premature end of file.
2026-05-02 08:02:33,556 [ERROR] LogOutputStream:75 - [STDERR_REDIRECT] 
2026-05-02 08:02:34,562 [ERROR] LogOutputStream:75 - [STDERR_REDIRECT] [Fatal Error] :1:1: Premature end of file.
2026-05-02 08:02:34,562 [ERROR] LogOutputStream:75 - [STDERR_REDIRECT] 
2026-05-02 08:02:35,559 [ERROR] LogOutputStream:75 - [STDERR_REDIRECT] [Fatal Error] :1:1: Premature end of file.
2026-05-02 08:02:35,559 [ERROR] LogOutputStream:75 - [STDERR_REDIRECT] 
2026-05-02 08:02:36,556 [ERROR] LogOutputStream:75 - [STDERR_REDIRECT] [Fatal Error] :1:1: Premature end of file.
2026-05-02 08:02:36,556 [ERROR] LogOutputStream:75 - [STDERR_REDIRECT] 
2026-05-02 08:02:37,563 [ERROR] LogOutputStream:75 - [STDERR_REDIRECT] [Fatal Error] :1:1: Premature end of file.
2026-05-02 08:02:37,563 [ERROR] LogOutputStream:75 - [STDERR_REDIRECT] 
2026-05-02 08:02:38,565 [ERROR] LogOutputStream:75 - [STDERR_REDIRECT] [Fatal Error] :1:1: Premature end of file.
2026-05-02 08:02:38,565 [ERROR] LogOutputStream:75 - [STDERR_REDIRECT] 
2026-05-02 08:02:39,550 [ERROR] LogOutputStream:75 - [STDERR_REDIRECT] [Fatal Error] :1:1: Premature end of file.
2026-05-02 08:02:39,550 [ERROR] LogOutputStream:75 - [STDERR_REDIRECT] 
2026-05-02 08:02:40,559 [ERROR] LogOutputStream:75 - [STDERR_REDIRECT] [Fatal Error] :1:1: Premature end of file.
2026-05-02 08:02:40,559 [ERROR] LogOutputStream:75 - [STDERR_REDIRECT] 
2026-05-02 08:02:41,550 [ERROR] LogOutputStream:75 - [STDERR_REDIRECT] [Fatal Error] :1:1: Premature end of file.
2026-05-02 08:02:41,550 [ERROR] LogOutputStream:75 - [STDERR_REDIRECT] 
2026-05-02 08:02:42,562 [ERROR] LogOutputStream:75 - [STDERR_REDIRECT] [Fatal Error] :1:1: Premature end of file.
2026-05-02 08:02:42,562 [ERROR] LogOutputStream:75 - [STDERR_REDIRECT] 
2026-05-02 08:02:43,567 [ERROR] LogOutputStream:75 - [STDERR_REDIRECT] [Fatal Error] :1:1: Premature end of file.
2026-05-02 08:02:43,567 [ERROR] LogOutputStream:75 - [STDERR_REDIRECT] 
2026-05-02 08:02:44,568 [ERROR] LogOutputStream:75 - [STDERR_REDIRECT] [Fatal Error] :1:1: Premature end of file.
2026-05-02 08:02:44,569 [ERROR] LogOutputStream:75 - [STDERR_REDIRECT] 
2026-05-02 08:02:45,570 [ERROR] LogOutputStream:75 - [STDERR_REDIRECT] [Fatal Error] :1:1: Premature end of file.
2026-05-02 08:02:45,570 [ERROR] LogOutputStream:75 - [STDERR_REDIRECT] 
2026-05-02 08:02:46,558 [ERROR] LogOutputStream:75 - [STDERR_REDIRECT] [Fatal Error] :1:1: Premature end of file.
2026-05-02 08:02:46,558 [ERROR] LogOutputStream:75 - [STDERR_REDIRECT] 
2026-05-02 08:02:47,563 [ERROR] LogOutputStream:75 - [STDERR_REDIRECT] [Fatal Error] :1:1: Premature end of file.
2026-05-02 08:02:47,563 [ERROR] LogOutputStream:75 - [STDERR_REDIRECT] 
2026-05-02 08:02:48,558 [ERROR] LogOutputStream:75 - [STDERR_REDIRECT] [Fatal Error] :1:1: Premature end of file.
2026-05-02 08:02:48,558 [ERROR] LogOutputStream:75 - [STDERR_REDIRECT] 
2026-05-02 08:02:49,557 [ERROR] LogOutputStream:75 - [STDERR_REDIRECT] [Fatal Error] :1:1: Premature end of file.
2026-05-02 08:02:49,557 [ERROR] LogOutputStream:75 - [STDERR_REDIRECT] 
2026-05-02 08:02:50,556 [ERROR] LogOutputStream:75 - [STDERR_REDIRECT] [Fatal Error] :1:1: Premature end of file.
2026-05-02 08:02:50,556 [ERROR] LogOutputStream:75 - [STDERR_REDIRECT] 
2026-05-02 08:02:51,555 [ERROR] LogOutputStream:75 - [STDERR_REDIRECT] [Fatal Error] :1:1: Premature end of file.
2026-05-02 08:02:51,555 [ERROR] LogOutputStream:75 - [STDERR_REDIRECT] 
2026-05-02 08:02:52,557 [ERROR] LogOutputStream:75 - [STDERR_REDIRECT] [Fatal Error] :1:1: Premature end of file.
2026-05-02 08:02:52,557 [ERROR] LogOutputStream:75 - [STDERR_REDIRECT] 
2026-05-02 08:02:53,554 [ERROR] LogOutputStream:75 - [STDERR_REDIRECT] [Fatal Error] :1:1: Premature end of file.
2026-05-02 08:02:53,554 [ERROR] LogOutputStream:75 - [STDERR_REDIRECT] 
2026-05-02 08:02:54,556 [ERROR] LogOutputStream:75 - [STDERR_REDIRECT] [Fatal Error] :1:1: Premature end of file.
2026-05-02 08:02:54,556 [ERROR] LogOutputStream:75 - [STDERR_REDIRECT] 
2026-05-02 08:02:55,557 [ERROR] LogOutputStream:75 - [STDERR_REDIRECT] [Fatal Error] :1:1: Premature end of file.
2026-05-02 08:02:55,557 [ERROR] LogOutputStream:75 - [STDERR_REDIRECT] 
2026-05-02 08:02:56,561 [ERROR] LogOutputStream:75 - [STDERR_REDIRECT] [Fatal Error] :1:1: Premature end of file.
2026-05-02 08:02:56,562 [ERROR] LogOutputStream:75 - [STDERR_REDIRECT] 
2026-05-02 08:02:57,494 [ERROR] LogOutputStream:75 - [STDERR_REDIRECT] 
