2026-04-28 23:08:35,890 [INFO] Activator:176 - 


2026-04-28 23:08:35,890 [INFO] Activator:177 - !SESSION log4j initialized
2026-04-28 23:08:39,817 [INFO] LogOutputStream:77 - [STDOUT_REDIRECT] 
2026-04-28 23:08:46,687 [INFO] ApplicationProperties:184 - Using Application install path: C:\ST\STM32CubeIDE_1.18.1\STM32CubeIDE\plugins\com.st.stm32cube.common.mx_6.14.1.202504091515
2026-04-28 23:08:46,697 [INFO] DbMcusXml:78 - Set database path to: C:\ST\STM32CubeIDE_1.18.1\STM32CubeIDE\plugins\com.st.stm32cube.common.mx_6.14.1.202504091515\\db\/mcu/
2026-04-28 23:08:46,697 [INFO] ApiDb:274 - Set plugin database path to: C:\ST\STM32CubeIDE_1.18.1\STM32CubeIDE\plugins\com.st.stm32cube.common.mx_6.14.1.202504091515\\db\/plugins/boardmanager/
2026-04-28 23:08:46,700 [WARN] ApiDb:259 - Overriding images path with different value:  => C:\ST\STM32CubeIDE_1.18.1\STM32CubeIDE\plugins\com.st.stm32cube.common.mx_6.14.1.202504091515\\db\/plugins/mcufinder/images/
2026-04-28 23:08:46,706 [INFO] ApiDb:250 - Set database path to: C:\Users\salem\.stmcufinder\plugins\mcufinder//mcu/
2026-04-28 23:08:46,706 [INFO] DbMcusAds:125 - Set database path to: C:\Users\salem\.stmcufinder\plugins\mcufinder//mcu/
2026-04-28 23:08:46,708 [INFO] CrossReferenceDbSqlite:203 - Set database path to: C:\Users\salem\.stmcufinder\plugins\mcufinder//mcu/cs/
2026-04-28 23:08:46,791 [INFO] RulesReader:64 - Compatibility file has been processed (302 Rules)
2026-04-28 23:08:46,849 [INFO] DbMcusXml:78 - Set database path to: C:\ST\STM32CubeIDE_1.18.1\STM32CubeIDE\plugins\com.st.stm32cube.common.mx_6.14.1.202504091515\\db\/mcu/
2026-04-28 23:08:46,849 [INFO] ApiDb:274 - Set plugin database path to: C:\ST\STM32CubeIDE_1.18.1\STM32CubeIDE\plugins\com.st.stm32cube.common.mx_6.14.1.202504091515\\db\/plugins/boardmanager/
2026-04-28 23:08:46,849 [INFO] ApiDb:261 - Set plugin images path to: C:\ST\STM32CubeIDE_1.18.1\STM32CubeIDE\plugins\com.st.stm32cube.common.mx_6.14.1.202504091515\\db\/plugins/mcufinder/images/
2026-04-28 23:08:46,849 [WARN] DbFile:41 - Overriding database path with different value: C:\Users\salem\.stmcufinder\plugins\mcufinder/ => C:\Users\salem\.stmcufinder\plugins\mcufinder
2026-04-28 23:08:46,849 [INFO] ApiDb:250 - Set database path to: C:\Users\salem\.stmcufinder\plugins\mcufinder//mcu/
2026-04-28 23:08:46,849 [WARN] DbFile:41 - Overriding database path with different value: C:\Users\salem\.stmcufinder\plugins\mcufinder/ => C:\Users\salem\.stmcufinder\plugins\mcufinder
2026-04-28 23:08:46,849 [INFO] DbMcusAds:125 - Set database path to: C:\Users\salem\.stmcufinder\plugins\mcufinder//mcu/
2026-04-28 23:08:46,849 [WARN] DbFile:41 - Overriding database path with different value: C:\Users\salem\.stmcufinder\plugins\mcufinder/ => C:\Users\salem\.stmcufinder\plugins\mcufinder
2026-04-28 23:08:46,849 [WARN] DbFile:41 - Overriding database path with different value: C:\Users\salem\.stmcufinder\plugins\mcufinder/ => C:\Users\salem\.stmcufinder\plugins\mcufinder
2026-04-28 23:08:46,849 [INFO] CrossReferenceDbSqlite:203 - Set database path to: C:\Users\salem\.stmcufinder\plugins\mcufinder//mcu/cs/
2026-04-28 23:08:46,906 [INFO] MainPanel:272 - HeapMemory: 268435456
2026-04-28 23:08:46,960 [INFO] DbMcusXml:78 - Set database path to: C:\ST\STM32CubeIDE_1.18.1\STM32CubeIDE\plugins\com.st.stm32cube.common.mx_6.14.1.202504091515\\db\/mcu/
2026-04-28 23:08:46,960 [INFO] ApiDb:274 - Set plugin database path to: C:\ST\STM32CubeIDE_1.18.1\STM32CubeIDE\plugins\com.st.stm32cube.common.mx_6.14.1.202504091515\\db\/plugins/boardmanager/
2026-04-28 23:08:46,960 [INFO] ApiDb:261 - Set plugin images path to: C:\ST\STM32CubeIDE_1.18.1\STM32CubeIDE\plugins\com.st.stm32cube.common.mx_6.14.1.202504091515\\db\/plugins/mcufinder/images/
2026-04-28 23:08:46,960 [WARN] DbFile:41 - Overriding database path with different value: C:\Users\salem\.stmcufinder\plugins\mcufinder/ => C:\Users\salem\.stmcufinder\plugins\mcufinder
2026-04-28 23:08:46,960 [INFO] ApiDb:250 - Set database path to: C:\Users\salem\.stmcufinder\plugins\mcufinder//mcu/
2026-04-28 23:08:46,960 [WARN] DbFile:41 - Overriding database path with different value: C:\Users\salem\.stmcufinder\plugins\mcufinder/ => C:\Users\salem\.stmcufinder\plugins\mcufinder
2026-04-28 23:08:46,960 [INFO] DbMcusAds:125 - Set database path to: C:\Users\salem\.stmcufinder\plugins\mcufinder//mcu/
2026-04-28 23:08:46,960 [WARN] DbFile:41 - Overriding database path with different value: C:\Users\salem\.stmcufinder\plugins\mcufinder/ => C:\Users\salem\.stmcufinder\plugins\mcufinder
2026-04-28 23:08:46,960 [WARN] DbFile:41 - Overriding database path with different value: C:\Users\salem\.stmcufinder\plugins\mcufinder/ => C:\Users\salem\.stmcufinder\plugins\mcufinder
2026-04-28 23:08:46,960 [INFO] CrossReferenceDbSqlite:203 - Set database path to: C:\Users\salem\.stmcufinder\plugins\mcufinder//mcu/cs/
2026-04-28 23:08:46,972 [INFO] ApplicationProperties:184 - Using Application install path: C:\ST\STM32CubeIDE_1.18.1\STM32CubeIDE\plugins\com.st.stm32cube.common.mx_6.14.1.202504091515
2026-04-28 23:08:46,973 [INFO] PluginManage:196 - Search for loadable plugins [exclusion list=, ]
2026-04-28 23:08:46,974 [INFO] PluginManage:310 - Check plugin analytics
2026-04-28 23:08:50,813 [INFO] McuFinderGlobals:63 - Set McuFinder mode to 2 (CubeIDE integrated)
2026-04-28 23:08:52,217 [INFO] AnalyticsPlugin:253 - Accepted Software Licenses: STM32CubeMX.6.13.0
2026-04-28 23:08:52,217 [INFO] AnalyticsPlugin:255 - Accepted CMSIS Pack Licenses: 
2026-04-28 23:08:52,217 [INFO] AnalyticsPlugin:257 - Accepted Firmware Licenses: FW.F4.1.28.0,FW.C0.1.3.0,FW.C0.1.4.0
2026-04-28 23:08:52,219 [INFO] PluginManage:359 - Loaded plugin analytics (category:tool,tabindex:-1)
2026-04-28 23:08:52,219 [INFO] PluginManage:310 - Check plugin cadmodel
2026-04-28 23:08:52,222 [INFO] CADModel:105 - Init CAD model plugin
2026-04-28 23:08:52,222 [INFO] PluginManage:359 - Loaded plugin cadmodel (category:power,tabindex:5)
2026-04-28 23:08:52,222 [INFO] PluginManage:310 - Check plugin clock
2026-04-28 23:08:52,228 [INFO] PluginManage:359 - Loaded plugin clock (category:base,tabindex:2)
2026-04-28 23:08:52,228 [INFO] PluginManage:310 - Check plugin ddr
2026-04-28 23:08:52,229 [INFO] PluginManage:359 - Loaded plugin ddr (category:tool,tabindex:6)
2026-04-28 23:08:52,229 [INFO] PluginManage:310 - Check plugin filemanager
2026-04-28 23:08:52,335 [INFO] PluginManage:359 - Loaded plugin filemanager (category:base,tabindex:10)
2026-04-28 23:08:52,335 [INFO] PluginManage:310 - Check plugin ipmanager
2026-04-28 23:08:52,341 [INFO] PluginManage:359 - Loaded plugin ipmanager (category:base,tabindex:5)
2026-04-28 23:08:52,341 [INFO] PluginManage:310 - Check plugin lpbam
2026-04-28 23:08:52,347 [INFO] PluginManage:359 - Loaded plugin lpbam (category:base,tabindex:0)
2026-04-28 23:08:52,347 [INFO] PluginManage:310 - Check plugin memorymap
2026-04-28 23:08:52,358 [INFO] PluginManage:359 - Loaded plugin memorymap (category:base,tabindex:4)
2026-04-28 23:08:52,358 [INFO] PluginManage:310 - Check plugin pinoutandconfiguration
2026-04-28 23:08:52,364 [INFO] PluginManage:359 - Loaded plugin pinoutandconfiguration (category:base,tabindex:1)
2026-04-28 23:08:52,364 [INFO] PluginManage:310 - Check plugin pinoutconfig
2026-04-28 23:08:52,439 [WARN] SupportedApi:132 - Cannot load RTOS API schema: s4s-elt-must-match.1: The content of 'definitions' must match (annotation?, (simpleType | complexType)?, (unique | key | keyref)*)). A problem was found starting at: attribute.
2026-04-28 23:08:52,526 [INFO] PluginManage:359 - Loaded plugin pinoutconfig (category:base,tabindex:0)
2026-04-28 23:08:52,526 [INFO] PluginManage:310 - Check plugin power
2026-04-28 23:08:52,532 [INFO] PluginManage:359 - Loaded plugin power (category:power,tabindex:4)
2026-04-28 23:08:52,532 [INFO] PluginManage:310 - Check plugin projectmanager
2026-04-28 23:08:52,543 [INFO] PluginManage:359 - Loaded plugin projectmanager (category:projectmanager,tabindex:4)
2026-04-28 23:08:52,543 [INFO] PluginManage:310 - Check plugin rif
2026-04-28 23:08:52,547 [INFO] PluginManage:359 - Loaded plugin rif (category:base,tabindex:3)
2026-04-28 23:08:52,547 [INFO] PluginManage:310 - Check plugin thirdparty
2026-04-28 23:08:52,637 [INFO] PluginManage:359 - Loaded plugin thirdparty (category:base,tabindex:-1)
2026-04-28 23:08:52,637 [WARN] IntegrityCheckThread:84 - waiting for thirdparty lock release [integrity check]
2026-04-28 23:08:52,637 [INFO] PluginManage:310 - Check plugin tools
2026-04-28 23:08:52,637 [INFO] IntegrityCheckThread:86 - entering critical section [integrity check]
2026-04-28 23:08:52,638 [INFO] ThirdPartyUpdaterWithRetryManager:70 - Updater plugin not ready yet. [1/15]
2026-04-28 23:08:52,639 [INFO] PluginManage:359 - Loaded plugin tools (category:base,tabindex:7)
2026-04-28 23:08:52,639 [INFO] PluginManage:310 - Check plugin tutovideos
2026-04-28 23:08:52,747 [INFO] PluginManage:359 - Loaded plugin tutovideos (category:base,tabindex:-1)
2026-04-28 23:08:52,747 [INFO] PluginManage:310 - Check plugin updater
2026-04-28 23:08:52,767 [INFO] PluginManage:359 - Loaded plugin updater (category:base,tabindex:12)
2026-04-28 23:08:52,767 [INFO] PluginManage:310 - Check plugin userauth
2026-04-28 23:08:52,770 [INFO] UserAuth:118 - Init User Auth plugin
2026-04-28 23:08:52,772 [INFO] PluginManage:359 - Loaded plugin userauth (category:base,tabindex:14)
2026-04-28 23:08:52,773 [INFO] PluginManage:283 - PluginManage : Loaded plugins [18]
2026-04-28 23:08:52,925 [INFO] PinOutPanel:1589 - setPackage(No Configuration,No Configuration)
2026-04-28 23:08:53,007 [INFO] CADModel:165 - CPN selected for project level
2026-04-28 23:08:53,007 [INFO] CADModel:114 - Register for checkConnection events
2026-04-28 23:08:53,022 [INFO] IPUIPlugin:80 - create IPUIPlugin
2026-04-28 23:08:53,022 [INFO] PluginManager:220 - loadIPPluginJar : add adc
2026-04-28 23:08:53,025 [INFO] IPUIPlugin:80 - create IPUIPlugin
2026-04-28 23:08:53,026 [INFO] PluginManager:220 - loadIPPluginJar : add aes
2026-04-28 23:08:53,028 [INFO] IPUIPlugin:80 - create IPUIPlugin
2026-04-28 23:08:53,028 [INFO] PluginManager:220 - loadIPPluginJar : add can
2026-04-28 23:08:53,030 [INFO] IPUIPlugin:80 - create IPUIPlugin
2026-04-28 23:08:53,030 [INFO] PluginManager:220 - loadIPPluginJar : add comp
2026-04-28 23:08:53,032 [INFO] IPUIPlugin:80 - create IPUIPlugin
2026-04-28 23:08:53,032 [INFO] PluginManager:220 - loadIPPluginJar : add cryp
2026-04-28 23:08:53,034 [INFO] IPUIPlugin:80 - create IPUIPlugin
2026-04-28 23:08:53,034 [INFO] PluginManager:220 - loadIPPluginJar : add ddr_ctrl_phy
2026-04-28 23:08:53,036 [INFO] IPUIPlugin:80 - create IPUIPlugin
2026-04-28 23:08:53,036 [INFO] PluginManager:220 - loadIPPluginJar : add dfsdm
2026-04-28 23:08:53,041 [INFO] IPUIPlugin:80 - create IPUIPlugin
2026-04-28 23:08:53,041 [INFO] PluginManager:220 - loadIPPluginJar : add dma
2026-04-28 23:08:53,044 [INFO] IPUIPlugin:80 - create IPUIPlugin
2026-04-28 23:08:53,044 [INFO] PluginManager:220 - loadIPPluginJar : add dma3
2026-04-28 23:08:53,046 [INFO] IPUIPlugin:80 - create IPUIPlugin
2026-04-28 23:08:53,046 [INFO] PluginManager:220 - loadIPPluginJar : add extmemmanager
2026-04-28 23:08:53,047 [INFO] IPUIPlugin:80 - create IPUIPlugin
2026-04-28 23:08:53,047 [INFO] PluginManager:220 - loadIPPluginJar : add fatfs
2026-04-28 23:08:53,051 [INFO] IPUIPlugin:80 - create IPUIPlugin
2026-04-28 23:08:53,051 [INFO] PluginManager:220 - loadIPPluginJar : add fmc
2026-04-28 23:08:53,055 [INFO] IPUIPlugin:80 - create IPUIPlugin
2026-04-28 23:08:53,055 [INFO] PluginManager:220 - loadIPPluginJar : add freertos
2026-04-28 23:08:53,057 [INFO] IPUIPlugin:80 - create IPUIPlugin
2026-04-28 23:08:53,057 [INFO] PluginManager:220 - loadIPPluginJar : add genericplugin
2026-04-28 23:08:53,059 [INFO] IPUIPlugin:80 - create IPUIPlugin
2026-04-28 23:08:53,059 [INFO] PluginManager:220 - loadIPPluginJar : add gfxmmu
2026-04-28 23:08:53,062 [INFO] IPUIPlugin:80 - create IPUIPlugin
2026-04-28 23:08:53,063 [INFO] PluginManager:220 - loadIPPluginJar : add gic
2026-04-28 23:08:53,065 [INFO] IPUIPlugin:80 - create IPUIPlugin
2026-04-28 23:08:53,066 [INFO] PluginManager:220 - loadIPPluginJar : add gpio
2026-04-28 23:08:53,068 [INFO] IPUIPlugin:80 - create IPUIPlugin
2026-04-28 23:08:53,068 [INFO] PluginManager:220 - loadIPPluginJar : add gtzc
2026-04-28 23:08:53,069 [INFO] IPUIPlugin:80 - create IPUIPlugin
2026-04-28 23:08:53,070 [INFO] PluginManager:220 - loadIPPluginJar : add hash
2026-04-28 23:08:53,071 [INFO] IPUIPlugin:80 - create IPUIPlugin
2026-04-28 23:08:53,071 [INFO] PluginManager:220 - loadIPPluginJar : add i2c
2026-04-28 23:08:53,074 [INFO] IPUIPlugin:80 - create IPUIPlugin
2026-04-28 23:08:53,074 [INFO] PluginManager:220 - loadIPPluginJar : add i2s
2026-04-28 23:08:53,076 [INFO] IPUIPlugin:80 - create IPUIPlugin
2026-04-28 23:08:53,076 [INFO] PluginManager:220 - loadIPPluginJar : add i3c
2026-04-28 23:08:53,079 [INFO] IPUIPlugin:80 - create IPUIPlugin
2026-04-28 23:08:53,079 [INFO] PluginManager:220 - loadIPPluginJar : add ipddr
2026-04-28 23:08:53,084 [INFO] IPUIPlugin:80 - create IPUIPlugin
2026-04-28 23:08:53,084 [INFO] PluginManager:220 - loadIPPluginJar : add linkedlist
2026-04-28 23:08:53,086 [INFO] IPUIPlugin:80 - create IPUIPlugin
2026-04-28 23:08:53,086 [INFO] PluginManager:220 - loadIPPluginJar : add lorawan
2026-04-28 23:08:53,087 [INFO] IPUIPlugin:80 - create IPUIPlugin
2026-04-28 23:08:53,087 [INFO] PluginManager:220 - loadIPPluginJar : add ltdc
2026-04-28 23:08:53,091 [INFO] IPUIPlugin:80 - create IPUIPlugin
2026-04-28 23:08:53,091 [INFO] PluginManager:220 - loadIPPluginJar : add mdma
2026-04-28 23:08:53,094 [INFO] IPUIPlugin:80 - create IPUIPlugin
2026-04-28 23:08:53,094 [INFO] PluginManager:220 - loadIPPluginJar : add nvic
2026-04-28 23:08:53,096 [INFO] IPUIPlugin:80 - create IPUIPlugin
2026-04-28 23:08:53,096 [INFO] PluginManager:220 - loadIPPluginJar : add opamp
2026-04-28 23:08:53,098 [INFO] IPUIPlugin:80 - create IPUIPlugin
2026-04-28 23:08:53,099 [INFO] PluginManager:220 - loadIPPluginJar : add openamp
2026-04-28 23:08:53,101 [INFO] IPUIPlugin:80 - create IPUIPlugin
2026-04-28 23:08:53,101 [INFO] PluginManager:220 - loadIPPluginJar : add pdm2pcm
2026-04-28 23:08:53,105 [INFO] IPUIPlugin:80 - create IPUIPlugin
2026-04-28 23:08:53,108 [INFO] PluginManager:220 - loadIPPluginJar : add plateformsettings
2026-04-28 23:08:53,109 [INFO] IPUIPlugin:80 - create IPUIPlugin
2026-04-28 23:08:53,109 [INFO] PluginManager:220 - loadIPPluginJar : add quadspi
2026-04-28 23:08:53,111 [INFO] IPUIPlugin:80 - create IPUIPlugin
2026-04-28 23:08:53,111 [INFO] PluginManager:220 - loadIPPluginJar : add radio
2026-04-28 23:08:53,114 [INFO] IPUIPlugin:80 - create IPUIPlugin
2026-04-28 23:08:53,114 [INFO] PluginManager:220 - loadIPPluginJar : add resmgrutility
2026-04-28 23:08:53,117 [INFO] IPUIPlugin:80 - create IPUIPlugin
2026-04-28 23:08:53,117 [INFO] PluginManager:220 - loadIPPluginJar : add sai
2026-04-28 23:08:53,118 [INFO] IPUIPlugin:80 - create IPUIPlugin
2026-04-28 23:08:53,118 [INFO] PluginManager:220 - loadIPPluginJar : add spi
2026-04-28 23:08:53,122 [INFO] IPUIPlugin:80 - create IPUIPlugin
2026-04-28 23:08:53,122 [INFO] PluginManager:220 - loadIPPluginJar : add stm32_wpan
2026-04-28 23:08:53,124 [INFO] IPUIPlugin:80 - create IPUIPlugin
2026-04-28 23:08:53,124 [INFO] PluginManager:220 - loadIPPluginJar : add tim
2026-04-28 23:08:53,127 [INFO] IPUIPlugin:80 - create IPUIPlugin
2026-04-28 23:08:53,127 [INFO] PluginManager:220 - loadIPPluginJar : add touchsensing
2026-04-28 23:08:53,130 [INFO] IPUIPlugin:80 - create IPUIPlugin
2026-04-28 23:08:53,130 [INFO] PluginManager:220 - loadIPPluginJar : add tracer_emb
2026-04-28 23:08:53,130 [INFO] IPUIPlugin:80 - create IPUIPlugin
2026-04-28 23:08:53,130 [INFO] PluginManager:220 - loadIPPluginJar : add ts
2026-04-28 23:08:53,131 [INFO] IPUIPlugin:80 - create IPUIPlugin
2026-04-28 23:08:53,131 [INFO] PluginManager:220 - loadIPPluginJar : add tsc
2026-04-28 23:08:53,133 [INFO] IPUIPlugin:80 - create IPUIPlugin
2026-04-28 23:08:53,133 [INFO] PluginManager:220 - loadIPPluginJar : add ucpd
2026-04-28 23:08:53,136 [INFO] IPUIPlugin:80 - create IPUIPlugin
2026-04-28 23:08:53,136 [INFO] PluginManager:220 - loadIPPluginJar : add usart
2026-04-28 23:08:53,138 [INFO] IPUIPlugin:80 - create IPUIPlugin
2026-04-28 23:08:53,138 [INFO] PluginManager:220 - loadIPPluginJar : add usbx
2026-04-28 23:08:53,250 [FATAL] Updater:351 - Updater called before beeing initialized
2026-04-28 23:08:53,279 [INFO] RulesReader:64 - Compatibility file has been processed (302 Rules)
2026-04-28 23:08:53,285 [INFO] RulesReader:64 - Compatibility file has been processed (302 Rules)
2026-04-28 23:08:53,290 [INFO] CADModel:165 - CPN selected for project level
2026-04-28 23:08:53,290 [INFO] CADModel:114 - Register for checkConnection events
2026-04-28 23:08:53,290 [FATAL] Updater:351 - Updater called before beeing initialized
2026-04-28 23:08:53,290 [ERROR] CADModel:125 - Updater not yet initialized, retry later 
2026-04-28 23:08:53,399 [FATAL] Updater:351 - Updater called before beeing initialized
2026-04-28 23:08:53,402 [INFO] CADModel:165 - CPN selected for project level
2026-04-28 23:08:53,402 [INFO] CADModel:114 - Register for checkConnection events
2026-04-28 23:08:53,402 [FATAL] Updater:351 - Updater called before beeing initialized
2026-04-28 23:08:53,402 [ERROR] CADModel:125 - Updater not yet initialized, retry later 
2026-04-28 23:08:53,414 [FATAL] Updater:351 - Updater called before beeing initialized
2026-04-28 23:08:53,489 [FATAL] Updater:351 - Updater called before beeing initialized
2026-04-28 23:08:53,493 [INFO] DbMcusAds:53 - JSON generation date=Fri Apr 10 10:19:02 CET 2026 (1775812742310)
2026-04-28 23:08:53,493 [FATAL] Updater:351 - Updater called before beeing initialized
2026-04-28 23:08:53,514 [WARN] DetailPanel:346 - Failed to get advertising image, set to default
2026-04-28 23:08:53,671 [FATAL] Updater:351 - Updater called before beeing initialized
2026-04-28 23:08:53,674 [FATAL] Updater:351 - Updater called before beeing initialized
2026-04-28 23:08:53,674 [FATAL] Updater:351 - Updater called before beeing initialized
2026-04-28 23:08:53,674 [WARN] DetailPanel:346 - Failed to get advertising image, set to default
2026-04-28 23:08:53,675 [FATAL] Updater:351 - Updater called before beeing initialized
2026-04-28 23:08:53,709 [ERROR] Updater:1198 - MainUpdater not yet initialized. External WinMGr cannot be set.
2026-04-28 23:08:53,711 [INFO] Updater:1134 - Updater Version found : 6.14.1
2026-04-28 23:08:53,727 [INFO] ApplicationProperties:184 - Using Application install path: C:\ST\STM32CubeIDE_1.18.1\STM32CubeIDE\plugins\com.st.stm32cube.common.mx_6.14.1.202504091515
2026-04-28 23:08:54,470 [INFO] MainUpdater:2872 - connection check result : 10
2026-04-28 23:08:54,471 [INFO] MainUpdater:289 - Updater Check For Update Now.
2026-04-28 23:08:54,471 [INFO] MicroXplorer:498 - Change Database Version : DB.6.0.141
2026-04-28 23:08:54,484 [INFO] McuFinderGlobals:63 - Set McuFinder mode to 2 (CubeIDE integrated)
2026-04-28 23:08:54,484 [INFO] UserAuth:484 - Internet connection configuration mode: 1
2026-04-28 23:08:54,503 [INFO] JxBrowserEngine:152 - Initiate JxBrowser Engine with user profile folder
2026-04-28 23:08:54,627 [INFO] CheckServerUpdateThread:120 - End of CheckServer Thread
2026-04-28 23:08:54,697 [INFO] MainUpdater:2872 - connection check result : 10
2026-04-28 23:08:54,705 [INFO] MainUpdater:2872 - connection check result : 10
2026-04-28 23:08:54,883 [INFO] MicroXplorer:468 - Change Database Path : 
2026-04-28 23:08:54,883 [INFO] MicroXplorer:498 - Change Database Version : DB.6.0.141
2026-04-28 23:08:54,895 [WARN] ThirdParty:871 - waiting for thirdparty lock release [close project]
2026-04-28 23:08:54,980 [INFO] WebApp:169 - Instantiating new browser for Auth
2026-04-28 23:08:55,484 [INFO] WebApp:463 - Apply proxy settings
2026-04-28 23:08:55,485 [INFO] WebApp:548 - Chromium requires no authentication
2026-04-28 23:08:55,490 [INFO] WebApp:491 - Direct internet connection detected
2026-04-28 23:08:55,507 [INFO] WebApp:894 - Register for checkConnection events
2026-04-28 23:08:55,507 [INFO] WebApp:463 - Apply proxy settings
2026-04-28 23:08:55,507 [INFO] WebApp:548 - Chromium requires no authentication
2026-04-28 23:08:55,508 [INFO] WebApp:491 - Direct internet connection detected
2026-04-28 23:08:55,610 [INFO] WebApp:225 - Starting web application
2026-04-28 23:08:55,610 [INFO] WebApp:593 - Web application path used C:\ST\STM32CubeIDE_1.18.1\STM32CubeIDE\plugins\com.st.stm32cube.common.mx_6.14.1.202504091515\db\plugins\mcufinder\reactClient1\index.html
2026-04-28 23:08:55,674 [INFO] UserAuth:484 - Internet connection configuration mode: 1
2026-04-28 23:08:55,825 [WARN] PackLoader:240 - Cannot read IP mode file for STMicroelectronics.X-CUBE-AZRTOS-H7.3.5.0
2026-04-28 23:08:55,832 [WARN] PackLoader:240 - Cannot read IP mode file for STMicroelectronics.FP-SNS-MOTENVWB1.1.4.0
2026-04-28 23:08:55,837 [WARN] PackLoader:240 - Cannot read IP mode file for STMicroelectronics.FP-ATR-ASTRA1.2.0.2
2026-04-28 23:08:55,841 [WARN] PackLoader:240 - Cannot read IP mode file for STMicroelectronics.FP-ATR-ASTRA1.2.0.1
2026-04-28 23:08:55,850 [WARN] PackLoader:240 - Cannot read IP mode file for STMicroelectronics.X-CUBE-SMBUS.2.1.0
2026-04-28 23:08:55,855 [WARN] PackLoader:240 - Cannot read IP mode file for STMicroelectronics.X-CUBE-WB05N.1.1.0
2026-04-28 23:08:55,859 [WARN] PackLoader:240 - Cannot read IP mode file for STMicroelectronics.X-CUBE-ST60.1.0.0
2026-04-28 23:08:55,870 [WARN] PackLoader:240 - Cannot read IP mode file for STMicroelectronics.X-CUBE-AZRTOS-F7.1.1.0
2026-04-28 23:08:55,874 [WARN] PackLoader:240 - Cannot read IP mode file for Cesanta.I-CUBE-Mongoose.7.19.0
2026-04-28 23:08:55,908 [WARN] PackLoader:240 - Cannot read IP mode file for STMicroelectronics.X-CUBE-MEMS1.11.0.0
2026-04-28 23:08:55,907 [ERROR] LogOutputStream:75 - [STDERR_REDIRECT] [Fatal Error] :1:1: Premature end of file.
2026-04-28 23:08:55,908 [ERROR] LogOutputStream:75 - [STDERR_REDIRECT] 
2026-04-28 23:08:55,979 [ERROR] Engine:466 - C:\Users\salem\.stm32cubemx\thirdparties\pdsc\STMicroelectronics.FP-SNS-MOTENV1.5.1.0.pdsc: PDSC version is not supported
2026-04-28 23:08:55,981 [ERROR] Engine:466 - C:\Users\salem\.stm32cubemx\thirdparties\pdsc\WES.I-CUBE-Cesium.1.4.0.pdsc: PDSC version is not supported
2026-04-28 23:08:55,984 [WARN] PackLoader:240 - Cannot read IP mode file for STMicroelectronics.FP-SNS-FLIGHT1.5.0.2
2026-04-28 23:08:55,996 [WARN] PackLoader:240 - Cannot read IP mode file for Infineon.AIROC-Wi-Fi-Bluetooth-STM32.1.7.0
2026-04-28 23:08:56,006 [WARN] PackLoader:240 - Cannot read IP mode file for Infineon.AIROC-Wi-Fi-Bluetooth-STM32.1.7.1
2026-04-28 23:08:56,017 [WARN] PackLoader:240 - Cannot read IP mode file for STMicroelectronics.X-CUBE-AZRTOS-H7.3.4.0
2026-04-28 23:08:56,022 [WARN] PackLoader:240 - Cannot read IP mode file for STMicroelectronics.X-CUBE-DISPLAY.3.0.0
2026-04-28 23:08:56,025 [ERROR] Engine:466 - C:\Users\salem\.stm32cubemx\thirdparties\pdsc\STMicroelectronics.FP-SNS-MOTENVWB1.1.5.0.pdsc: PDSC version is not supported
2026-04-28 23:08:56,028 [WARN] PackLoader:240 - Cannot read IP mode file for STMicroelectronics.X-CUBE-BLE1.7.0.0
2026-04-28 23:08:56,031 [WARN] PackLoader:240 - Cannot read IP mode file for STMicroelectronics.X-CUBE-NFC10.1.0.0
2026-04-28 23:08:56,037 [WARN] PackLoader:240 - Cannot read IP mode file for STMicroelectronics.X-CUBE-BLEMGR.4.0.0
2026-04-28 23:08:56,041 [WARN] PackLoader:240 - Cannot read IP mode file for STMicroelectronics.X-CUBE-ST60.1.1.0
2026-04-28 23:08:56,044 [WARN] PackLoader:240 - Cannot read IP mode file for emotas.I-CUBE-CANOPEN.1.3.0
2026-04-28 23:08:56,048 [WARN] PackLoader:240 - Cannot read IP mode file for STMicroelectronics.X-CUBE-GNSS1.7.1.0
2026-04-28 23:08:56,051 [WARN] PackLoader:240 - Cannot read IP mode file for STMicroelectronics.X-CUBE-AI.10.0.0
2026-04-28 23:08:56,053 [ERROR] Engine:466 - C:\Users\salem\.stm32cubemx\thirdparties\pdsc\STMicroelectronics.FP-SNS-STBOX1.2.1.0.pdsc: PDSC version is not supported
2026-04-28 23:08:56,056 [WARN] PackLoader:240 - Cannot read IP mode file for STMicroelectronics.FP-SNS-SMARTAG2.1.2.0
2026-04-28 23:08:56,058 [WARN] PackLoader:240 - Cannot read IP mode file for STMicroelectronics.FP-SNS-FLIGHT1.5.1.0
2026-04-28 23:08:56,087 [WARN] PackLoader:240 - Cannot read IP mode file for STMicroelectronics.X-CUBE-MEMS1.11.1.0
2026-04-28 23:08:56,187 [INFO] LogOutputStream:77 - [STDOUT_REDIRECT] 1 : Invalid condition id : UX_CORESTACK_Condition cause : null
2026-04-28 23:08:56,188 [INFO] LogOutputStream:77 - [STDOUT_REDIRECT] 1 : Invalid condition id : UX_CORESTACK_Condition cause : null
2026-04-28 23:08:56,190 [INFO] LogOutputStream:77 - [STDOUT_REDIRECT] 1 : Invalid condition id : UX_CORESTACK_Condition cause : null
2026-04-28 23:08:56,191 [INFO] LogOutputStream:77 - [STDOUT_REDIRECT] 1 : Invalid condition id : UX_CORESTACK_Condition cause : null
2026-04-28 23:08:56,192 [INFO] LogOutputStream:77 - [STDOUT_REDIRECT] 1 : Invalid condition id : UX_CORESTACK_Condition cause : null
2026-04-28 23:08:56,193 [WARN] PackLoader:240 - Cannot read IP mode file for STMicroelectronics.X-CUBE-AZRTOS-WL.2.0.0
2026-04-28 23:08:56,198 [WARN] PackLoader:240 - Cannot read IP mode file for STMicroelectronics.FP-SNS-MOTENV1.5.0.0
2026-04-28 23:08:56,209 [WARN] PackLoader:240 - Cannot read IP mode file for STMicroelectronics.X-CUBE-AZRTOS-H7RS.1.2.0
2026-04-28 23:08:56,214 [WARN] PackLoader:240 - Cannot read IP mode file for wolfSSL.I-CUBE-wolfMQTT.1.19.0
2026-04-28 23:08:56,222 [WARN] PackLoader:240 - Cannot read IP mode file for WES.I-CUBE-Cesium.1.3.0
2026-04-28 23:08:56,225 [WARN] PackLoader:240 - Cannot read IP mode file for STMicroelectronics.X-CUBE-BLE2.3.3.0
2026-04-28 23:08:56,245 [WARN] PackLoader:240 - Cannot read IP mode file for STMicroelectronics.X-CUBE-NFC9.1.0.0
2026-04-28 23:08:56,249 [WARN] PackLoader:240 - Cannot read IP mode file for wolfSSL.I-CUBE-wolfSSL.5.8.2
2026-04-28 23:08:56,253 [WARN] PackLoader:240 - Cannot read IP mode file for STMicroelectronics.X-CUBE-BLE1.7.1.0
2026-04-28 23:08:56,255 [WARN] PackLoader:240 - Cannot read IP mode file for wolfSSL.I-CUBE-wolfMQTT.1.19.2
2026-04-28 23:08:56,258 [ERROR] Engine:466 - C:\Users\salem\.stm32cubemx\thirdparties\pdsc\STMicroelectronics.X-CUBE-FREERTOS.1.4.0.pdsc: PDSC version is not supported
2026-04-28 23:08:56,263 [WARN] PackLoader:240 - Cannot read IP mode file for STMicroelectronics.X-CUBE-EEPRMA1.5.2.0
2026-04-28 23:08:56,265 [INFO] WebApp:191 - Connection restablished
2026-04-28 23:08:56,266 [ERROR] Engine:466 - C:\Users\salem\.stm32cubemx\thirdparties\pdsc\STMicroelectronics.X-CUBE-ST67W61.1.1.0.pdsc: PDSC version is not supported
2026-04-28 23:08:56,270 [WARN] PackLoader:240 - Cannot read IP mode file for STMicroelectronics.X-CUBE-AI.10.1.0
2026-04-28 23:08:56,272 [ERROR] Engine:466 - C:\Users\salem\.stm32cubemx\thirdparties\pdsc\STMicroelectronics.FP-SNS-STAIOTCFT.1.1.0.pdsc: PDSC version is not supported
2026-04-28 23:08:56,300 [WARN] PackLoader:240 - Cannot read IP mode file for STMicroelectronics.X-CUBE-MEMS1.12.0.0
2026-04-28 23:08:56,355 [WARN] PackLoader:240 - Cannot read IP mode file for STMicroelectronics.X-CUBE-MEMS1.11.2.0
2026-04-28 23:08:56,410 [WARN] PackLoader:240 - Cannot read IP mode file for STMicroelectronics.X-CUBE-AZRTOS-G0.1.1.0
2026-04-28 23:08:56,414 [WARN] PackLoader:240 - Cannot read IP mode file for STMicroelectronics.X-CUBE-SAFEA1.1.2.2
2026-04-28 23:08:56,418 [WARN] PackLoader:240 - Cannot read IP mode file for STMicroelectronics.X-CUBE-NFC4.3.0.0
2026-04-28 23:08:56,424 [WARN] PackLoader:240 - Cannot read IP mode file for EmbeddedOffice.I-CUBE-FS-RTOS.1.0.1
2026-04-28 23:08:56,427 [WARN] PackLoader:240 - Cannot read IP mode file for STMicroelectronics.X-CUBE-WB05N.2.0.0
2026-04-28 23:08:56,431 [WARN] PackLoader:240 - Cannot read IP mode file for wolfSSL.I-CUBE-wolfTPM.3.8.0
2026-04-28 23:08:56,435 [WARN] PackLoader:240 - Cannot read IP mode file for STMicroelectronics.X-CUBE-TCPP.4.2.0
2026-04-28 23:08:56,439 [WARN] PackLoader:240 - Cannot read IP mode file for RealThread.X-CUBE-RT-Thread_Nano.4.1.1
2026-04-28 23:08:56,441 [WARN] PackLoader:240 - Cannot read IP mode file for STMicroelectronics.FP-ATR-SIGFOX1.3.2.0
2026-04-28 23:08:56,445 [WARN] ConditionMgr:438 - getConditionDescription Invalid condition id : Cortex-A Device cause : null
2026-04-28 23:08:56,452 [WARN] ConditionMgr:1044 - genDependencies : Invalid condition id : Cortex-A Device cause : null
2026-04-28 23:08:56,452 [WARN] ConditionMgr:1044 - genDependencies : Invalid condition id : Cortex-A Device cause : null
2026-04-28 23:08:56,452 [WARN] ConditionMgr:1044 - genDependencies : Invalid condition id : Cortex-A Device cause : null
2026-04-28 23:08:56,454 [WARN] PackLoader:240 - Cannot read IP mode file for STMicroelectronics.X-CUBE-EEPRMA1.5.1.0
2026-04-28 23:08:56,456 [ERROR] Engine:466 - C:\Users\salem\.stm32cubemx\thirdparties\pdsc\STMicroelectronics.X-CUBE-FREERTOS.1.5.0.pdsc: PDSC version is not supported
2026-04-28 23:08:56,458 [WARN] PackLoader:240 - Cannot read IP mode file for wolfSSL.I-CUBE-wolfSSL.5.7.4
2026-04-28 23:08:56,461 [WARN] PackLoader:240 - Cannot read IP mode file for wolfSSL.I-CUBE-wolfSSL.5.7.6
2026-04-28 23:08:56,464 [WARN] PackLoader:240 - Cannot read IP mode file for ITTIA_DB.I-CUBE-ITTIADB.8.9.0
2026-04-28 23:08:56,468 [WARN] PackLoader:240 - Cannot read IP mode file for STMicroelectronics.X-CUBE-NFC6.3.2.0
2026-04-28 23:08:56,473 [WARN] PackLoader:240 - Cannot read IP mode file for STMicroelectronics.X-CUBE-ST67W61.1.0.0
2026-04-28 23:08:56,475 [WARN] PackLoader:240 - Cannot read IP mode file for STMicroelectronics.X-CUBE-AI.10.2.0
2026-04-28 23:08:56,487 [WARN] PackLoader:240 - Cannot read IP mode file for SEGGER.I-CUBE-embOS.1.3.1
2026-04-28 23:08:56,499 [WARN] PackLoader:240 - Cannot read IP mode file for STMicroelectronics.X-CUBE-ALGOBUILD.1.4.0
2026-04-28 23:08:56,528 [WARN] PackLoader:240 - Cannot read IP mode file for STMicroelectronics.X-CUBE-MEMS1.11.3.0
2026-04-28 23:08:56,607 [WARN] PackLoader:240 - Cannot read IP mode file for STMicroelectronics.X-CUBE-AI.9.1.0
2026-04-28 23:08:56,611 [WARN] PackLoader:240 - Cannot read IP mode file for STMicroelectronics.X-CUBE-PM33A1.1.0.0
2026-04-28 23:08:56,619 [WARN] PackLoader:240 - Cannot read IP mode file for STMicroelectronics.X-CUBE-AZRTOS-F4.1.1.0
2026-04-28 23:08:56,623 [WARN] PackLoader:240 - Cannot read IP mode file for Avnet-IotConnect.X-CUBE-IoTC-DA16k-PMOD.1.0.0
2026-04-28 23:08:56,626 [WARN] PackLoader:240 - Cannot read IP mode file for STMicroelectronics.X-CUBE-ISPU.2.1.0
2026-04-28 23:08:56,629 [ERROR] Engine:466 - C:\Users\salem\.stm32cubemx\thirdparties\pdsc\STMicroelectronics.X-CUBE-IPS.3.2.0.pdsc: PDSC version is not supported
2026-04-28 23:08:56,631 [WARN] PackLoader:240 - Cannot read IP mode file for STMicroelectronics.eDS-WB_DPC_TT-BIDIR.2.1.1
2026-04-28 23:08:56,635 [WARN] PackLoader:240 - Cannot read IP mode file for STMicroelectronics.X-CUBE-NFC12.1.0.0
2026-04-28 23:08:56,642 [WARN] PackLoader:240 - Cannot read IP mode file for STMicroelectronics.X-CUBE-AZRTOS-L5.2.0.0
2026-04-28 23:08:56,647 [WARN] PackLoader:240 - Cannot read IP mode file for STMicroelectronics.X-CUBE-NFC6.3.1.0
2026-04-28 23:08:56,651 [WARN] PackLoader:240 - Cannot read IP mode file for STMicroelectronics.X-CUBE-DPower.1.2.0
2026-04-28 23:08:56,655 [WARN] PackLoader:240 - Cannot read IP mode file for STMicroelectronics.eDS-WB_DPC_VIENNA.1.2.0
2026-04-28 23:08:56,658 [WARN] PackLoader:240 - Cannot read IP mode file for STMicroelectronics.eDS-WB_DPC_3PH2L-BIDIR.1.1.1
2026-04-28 23:08:56,661 [ERROR] Engine:466 - C:\Users\salem\.stm32cubemx\thirdparties\pdsc\STMicroelectronics.X-CUBE-ST67W61.1.3.0.pdsc: PDSC version is not supported
2026-04-28 23:08:56,664 [WARN] PackLoader:240 - Cannot read IP mode file for STMicroelectronics.X-CUBE-FREERTOS.1.3.1
2026-04-28 23:08:56,668 [WARN] PackLoader:240 - Cannot read IP mode file for STMicroelectronics.X-CUBE-FREERTOS.1.3.0
2026-04-28 23:08:56,671 [WARN] PackLoader:240 - Cannot read IP mode file for STMicroelectronics.X-CUBE-NFC7.1.0.1
2026-04-28 23:08:56,675 [WARN] PackLoader:240 - Cannot read IP mode file for STMicroelectronics.X-CUBE-TOUCHGFX.4.26.0
2026-04-28 23:08:56,677 [WARN] PackLoader:240 - Cannot read IP mode file for STMicroelectronics.X-CUBE-TOUCHGFX.4.26.1
2026-04-28 23:08:56,681 [WARN] PackLoader:240 - Cannot read IP mode file for STMicroelectronics.FP-SNS-STAIOTCFT.1.0.0
2026-04-28 23:08:56,684 [WARN] PackLoader:240 - Cannot read IP mode file for STMicroelectronics.X-CUBE-DPower.1.3.0
2026-04-28 23:08:56,692 [WARN] ConditionMgr:438 - getConditionDescription Invalid condition id : LAN8742 Phy interface Condition cause : null
2026-04-28 23:08:56,692 [WARN] PackLoader:240 - Cannot read IP mode file for STMicroelectronics.X-CUBE-AZRTOS-L4.2.0.0
2026-04-28 23:08:56,693 [WARN] ConditionMgr:1044 - genDependencies : Invalid condition id : LAN8742 Phy interface Condition cause : null
2026-04-28 23:08:56,693 [WARN] ConditionMgr:1044 - genDependencies : Invalid condition id : LAN8742 Phy interface Condition cause : null
2026-04-28 23:08:56,693 [WARN] ConditionMgr:1044 - genDependencies : Invalid condition id : LAN8742 Phy interface Condition cause : null
2026-04-28 23:08:56,699 [WARN] PackLoader:240 - Cannot read IP mode file for STMicroelectronics.X-CUBE-SFXS2LP1.4.0.0
2026-04-28 23:08:56,703 [WARN] PackLoader:240 - Cannot read IP mode file for STMicroelectronics.X-CUBE-WB05N.2.1.0
2026-04-28 23:08:56,705 [ERROR] Engine:466 - C:\Users\salem\.stm32cubemx\thirdparties\pdsc\STMicroelectronics.X-CUBE-ST67W61.1.2.0.pdsc: PDSC version is not supported
2026-04-28 23:08:56,719 [WARN] PackLoader:240 - Cannot read IP mode file for STMicroelectronics.X-CUBE-AZRTOS-H7.3.3.0
2026-04-28 23:08:56,727 [WARN] PackLoader:240 - Cannot read IP mode file for STMicroelectronics.X-CUBE-BLEMGR.4.1.0
2026-04-28 23:08:56,735 [WARN] PackLoader:240 - Cannot read IP mode file for STMicroelectronics.X-CUBE-IPS.3.0.0
2026-04-28 23:08:56,744 [ERROR] LogOutputStream:75 - [STDERR_REDIRECT] [Fatal Error] :1:1: Premature end of file.
2026-04-28 23:08:56,744 [ERROR] LogOutputStream:75 - [STDERR_REDIRECT] 
2026-04-28 23:08:56,744 [WARN] ConditionMgr:438 - getConditionDescription Invalid condition id : UX DEVICE CLASS RTOS Condition cause : null
2026-04-28 23:08:56,744 [WARN] ConditionMgr:438 - getConditionDescription Invalid condition id : UX DEVICE CLASS RTOS Condition cause : null
2026-04-28 23:08:56,746 [WARN] PackLoader:240 - Cannot read IP mode file for STMicroelectronics.X-CUBE-AZRTOS-WB.2.0.0
2026-04-28 23:08:56,746 [WARN] ConditionMgr:1044 - genDependencies : Invalid condition id : UX DEVICE CLASS RTOS Condition cause : null
2026-04-28 23:08:56,746 [WARN] ConditionMgr:1044 - genDependencies : Invalid condition id : UX DEVICE CLASS RTOS Condition cause : null
2026-04-28 23:08:56,746 [WARN] ConditionMgr:1044 - genDependencies : Invalid condition id : UX DEVICE CLASS RTOS Condition cause : null
2026-04-28 23:08:56,746 [WARN] ConditionMgr:1044 - genDependencies : Invalid condition id : UX DEVICE CLASS RTOS Condition cause : null
2026-04-28 23:08:56,746 [WARN] ConditionMgr:1044 - genDependencies : Invalid condition id : UX DEVICE CLASS RTOS Condition cause : null
2026-04-28 23:08:56,750 [WARN] PackLoader:240 - Cannot read IP mode file for STMicroelectronics.X-CUBE-GNSS1.7.0.0
2026-04-28 23:08:56,753 [WARN] PackLoader:240 - Cannot read IP mode file for STMicroelectronics.X-CUBE-GNSS1.7.0.1
2026-04-28 23:08:56,755 [WARN] PackLoader:240 - Cannot read IP mode file for STMicroelectronics.X-CUBE-TOUCHGFX.4.25.0
2026-04-28 23:08:56,759 [WARN] PackLoader:240 - Cannot read IP mode file for STMicroelectronics.FP-SNS-STBOX1.2.0.0
2026-04-28 23:08:56,761 [WARN] ConditionMgr:438 - getConditionDescription Invalid condition id : Cortex-A Device cause : null
2026-04-28 23:08:56,768 [WARN] ConditionMgr:1044 - genDependencies : Invalid condition id : Cortex-A Device cause : null
2026-04-28 23:08:56,768 [WARN] ConditionMgr:1044 - genDependencies : Invalid condition id : Cortex-A Device cause : null
2026-04-28 23:08:56,768 [WARN] ConditionMgr:1044 - genDependencies : Invalid condition id : Cortex-A Device cause : null
2026-04-28 23:08:56,773 [WARN] PackLoader:240 - Cannot read IP mode file for STMicroelectronics.X-CUBE-STSE01.2.0.0
2026-04-28 23:08:56,780 [WARN] PackLoader:240 - Cannot read IP mode file for STMicroelectronics.X-CUBE-SUBG2.5.0.0
2026-04-28 23:08:56,793 [WARN] PackLoader:240 - Cannot read IP mode file for STMicroelectronics.X-CUBE-AZRTOS-H7RS.1.1.0
2026-04-28 23:08:56,796 [WARN] PackLoader:240 - Cannot read IP mode file for Cesanta.I-CUBE-Mongoose.7.13.0
2026-04-28 23:08:56,802 [WARN] PackLoader:240 - Cannot read IP mode file for STMicroelectronics.X-CUBE-AZRTOS-G4.2.0.0
2026-04-28 23:08:56,807 [WARN] PackLoader:240 - Cannot read IP mode file for wolfSSL.I-CUBE-wolfSSH.1.4.20
2026-04-28 23:08:56,810 [WARN] PackLoader:240 - Cannot read IP mode file for STMicroelectronics.X-CUBE-NFC7.2.0.0
2026-04-28 23:08:56,816 [WARN] PackLoader:240 - Cannot read IP mode file for STMicroelectronics.X-CUBE-IPS.3.1.0
2026-04-28 23:08:56,822 [WARN] PackLoader:240 - Cannot read IP mode file for STMicroelectronics.X-CUBE-ALS.1.0.2
2026-04-28 23:08:56,824 [WARN] PackLoader:240 - Cannot read IP mode file for STMicroelectronics.X-CUBE-TOUCHGFX.4.24.2
2026-04-28 23:08:56,826 [WARN] PackLoader:240 - Cannot read IP mode file for STMicroelectronics.X-CUBE-TOUCHGFX.4.24.1
2026-04-28 23:08:56,828 [WARN] PackLoader:240 - Cannot read IP mode file for STMicroelectronics.X-CUBE-STSE01.1.0.0
2026-04-28 23:08:56,830 [WARN] PackLoader:240 - Cannot read IP mode file for wolfSSL.I-CUBE-wolfTPM.3.4.0
2026-04-28 23:08:56,833 [WARN] PackLoader:240 - Cannot read IP mode file for portGmbH.I-Cube-SoM-uGOAL.1.1.0
2026-04-28 23:08:56,840 [WARN] PackLoader:240 - Cannot read IP mode file for STMicroelectronics.X-CUBE-AZRTOS-H7RS.1.0.0
2026-04-28 23:08:56,845 [WARN] PackLoader:240 - Cannot read IP mode file for STMicroelectronics.X-CUBE-TOF1.3.4.2
2026-04-28 23:08:56,854 [WARN] PackLoader:240 - Cannot read IP mode file for STMicroelectronics.X-CUBE-TOF1.3.4.3
2026-04-28 23:08:56,861 [WARN] PackLoader:240 - Cannot read IP mode file for wolfSSL.I-CUBE-wolfSSH.1.4.17
2026-04-28 23:08:56,861 [INFO] ThirdParty:978 - Integrity check success = true
2026-04-28 23:08:56,861 [INFO] IntegrityCheckThread:100 - exiting critical section [integrity check]
2026-04-28 23:08:56,861 [INFO] IntegrityCheckThread:103 - End integrity checks thread
2026-04-28 23:08:56,861 [INFO] ThirdParty:873 - entering critical section [close project]
2026-04-28 23:08:56,862 [INFO] ThirdParty:883 - exiting critical section [close project]
2026-04-28 23:08:56,864 [INFO] PinOutPanel:1589 - setPackage(No Configuration,No Configuration)
2026-04-28 23:08:56,866 [INFO] UtilMem:75 - Begin LoadConfig() Used Memory: 266218048 Bytes (309329920)
2026-04-28 23:08:56,868 [INFO] MicroXplorer:468 - Change Database Path : 
2026-04-28 23:08:56,868 [INFO] MicroXplorer:498 - Change Database Version : DB.6.0.141
2026-04-28 23:08:56,868 [INFO] OpenFileManager:354 - Change cursor
2026-04-28 23:08:56,895 [INFO] Mcu:2011 - Initializing MCU STM32L072C(B-Z)Tx STM32L072CZTx STM32L072CZT6
2026-04-28 23:08:57,739 [ERROR] LogOutputStream:75 - [STDERR_REDIRECT] [Fatal Error] :1:1: Premature end of file.
2026-04-28 23:08:57,739 [ERROR] LogOutputStream:75 - [STDERR_REDIRECT] 
2026-04-28 23:08:57,989 [INFO] Context:756 - Trying to add GPIOservice into a context  which must be forbidden
2026-04-28 23:08:58,279 [INFO] ImportTextPane:218 - (OptionalMessage_ERROR) Pin8 (VP_RIF_VS_RIF1) cannot be retrieved for this MCU
2026-04-28 23:08:58,419 [INFO] RtosManager:558 - Registered RTOS mode: class=CMSIS, group=RTOS, mode=CMSIS_V1, owner=FREERTOS
2026-04-28 23:08:58,419 [INFO] RtosManager:558 - Registered RTOS mode: class=CMSIS, group=RTOS2, mode=CMSIS_V2, owner=FREERTOS
2026-04-28 23:08:58,419 [INFO] RtosManager:558 - Registered RTOS mode: class=RTOS, group=Core, mode=CMSIS_V1, owner=FREERTOS
2026-04-28 23:08:58,420 [INFO] RtosManager:558 - Registered RTOS mode: class=RTOS, group=Core, mode=CMSIS_V2, owner=FREERTOS
2026-04-28 23:08:58,420 [WARN] ModelIntegratedComponent:184 - Missing modes for component STMicroelectronics:FreeRTOS:0.0.1:STMicroelectronics:RTOS:FreeRTOS:Core:::10.2.0:
2026-04-28 23:08:58,426 [WARN] ModelIntegratedComponent:63 - No mode defined for component null
2026-04-28 23:08:58,427 [WARN] ModelIntegratedComponent:63 - No mode defined for component null
2026-04-28 23:08:58,427 [WARN] ModelIntegratedComponent:63 - No mode defined for component null
2026-04-28 23:08:58,427 [WARN] ModelIntegratedComponent:63 - No mode defined for component null
2026-04-28 23:08:58,427 [WARN] ModelIntegratedComponent:63 - No mode defined for component null
2026-04-28 23:08:58,427 [WARN] ModelIntegratedComponent:63 - No mode defined for component null
2026-04-28 23:08:58,427 [WARN] ModelIntegratedComponent:63 - No mode defined for component null
2026-04-28 23:08:58,427 [WARN] ModelIntegratedComponent:63 - No mode defined for component null
2026-04-28 23:08:58,427 [WARN] ModelIntegratedComponent:63 - No mode defined for component null
2026-04-28 23:08:58,427 [WARN] ModelIntegratedComponent:63 - No mode defined for component null
2026-04-28 23:08:58,427 [WARN] ModelIntegratedComponent:63 - No mode defined for component null
2026-04-28 23:08:58,427 [WARN] ModelIntegratedComponent:63 - No mode defined for component null
2026-04-28 23:08:58,427 [WARN] ModelIntegratedComponent:63 - No mode defined for component null
2026-04-28 23:08:58,427 [WARN] ModelIntegratedComponent:63 - No mode defined for component null
2026-04-28 23:08:58,427 [WARN] ModelIntegratedComponent:63 - No mode defined for component null
2026-04-28 23:08:58,427 [WARN] ModelIntegratedComponent:63 - No mode defined for component null
2026-04-28 23:08:58,427 [WARN] ModelIntegratedComponent:63 - No mode defined for component null
2026-04-28 23:08:58,427 [WARN] ModelIntegratedComponent:63 - No mode defined for component null
2026-04-28 23:08:58,427 [WARN] ModelIntegratedComponent:63 - No mode defined for component null
2026-04-28 23:08:58,427 [WARN] ModelIntegratedComponent:63 - No mode defined for component null
2026-04-28 23:08:58,427 [WARN] ModelIntegratedComponent:63 - No mode defined for component null
2026-04-28 23:08:58,427 [WARN] ModelIntegratedComponent:63 - No mode defined for component null
2026-04-28 23:08:58,427 [WARN] ModelIntegratedComponent:63 - No mode defined for component null
2026-04-28 23:08:58,427 [WARN] ModelIntegratedComponent:63 - No mode defined for component null
2026-04-28 23:08:58,427 [WARN] ModelIntegratedComponent:63 - No mode defined for component null
2026-04-28 23:08:58,427 [WARN] ModelIntegratedComponent:63 - No mode defined for component null
2026-04-28 23:08:58,427 [WARN] ModelIntegratedComponent:63 - No mode defined for component null
2026-04-28 23:08:58,427 [WARN] ModelIntegratedComponent:63 - No mode defined for component null
2026-04-28 23:08:58,427 [WARN] ModelIntegratedComponent:63 - No mode defined for component null
2026-04-28 23:08:58,427 [WARN] ModelIntegratedComponent:63 - No mode defined for component null
2026-04-28 23:08:58,427 [WARN] ModelIntegratedComponent:63 - No mode defined for component null
2026-04-28 23:08:58,427 [WARN] ModelIntegratedComponent:63 - No mode defined for component null
2026-04-28 23:08:58,427 [WARN] ModelIntegratedComponent:63 - No mode defined for component null
2026-04-28 23:08:58,427 [WARN] ModelIntegratedComponent:63 - No mode defined for component null
2026-04-28 23:08:58,427 [WARN] ModelIntegratedComponent:63 - No mode defined for component null
2026-04-28 23:08:58,427 [WARN] ModelPack:524 - Component already loaded: STMicroelectronics:HAL Drivers:0.0.0:STMicroelectronics:Device:STMicro_Driver:XSPI:HAL::0.0.1:HAL_XSPI
2026-04-28 23:08:58,585 [INFO] ThirdPartyModel:298 - Start build external matchings
2026-04-28 23:08:58,733 [ERROR] LogOutputStream:75 - [STDERR_REDIRECT] [Fatal Error] :1:1: Premature end of file.
2026-04-28 23:08:58,733 [ERROR] LogOutputStream:75 - [STDERR_REDIRECT] 
2026-04-28 23:08:59,545 [INFO] ThirdPartyModel:316 - End build external matchings
2026-04-28 23:08:59,575 [INFO] ImportTextPane:218 - (OptionalMessage_ERROR) IP (RCC) : Invalid parameter (FamilyName)
2026-04-28 23:08:59,576 [INFO] ImportTextPane:218 - (OptionalMessage_ERROR) IP (RCC) : Parameter (RTCHSEDivFreq_Value) has invalid value (4000000)
2026-04-28 23:08:59,576 [INFO] ImportTextPane:218 - (OptionalMessage_ERROR) IP (RCC) : Invalid parameter (TIMFreq_Value)
2026-04-28 23:08:59,735 [ERROR] LogOutputStream:75 - [STDERR_REDIRECT] [Fatal Error] :1:1: Premature end of file.
2026-04-28 23:08:59,735 [ERROR] LogOutputStream:75 - [STDERR_REDIRECT] 
2026-04-28 23:08:59,923 [INFO] ApiDb:581 - Connected to CubeFinder SQLite database (C:\Users\salem\.stmcufinder\plugins\mcufinder\mcu\cube-finder-db.db)
2026-04-28 23:09:00,000 [INFO] ApiDb:668 - CubeFinder database Data Model version=2.1
2026-04-28 23:09:00,000 [INFO] ApiDb:669 - CubeFinder database Configuration version=3.0.42
2026-04-28 23:09:00,000 [INFO] ApiDb:670 - CubeFinder database generation date=2026-03-11 (1773229989)
2026-04-28 23:09:00,000 [INFO] ApiDb:671 - CubeFinder database FW Pack versions=[FP-ATR-ASTRA1_V2.0.0, FP-SNS-FLIGHT1_V5.1.0, FP-SNS-MOTENV1_V5.1.0, FP-SNS-MOTENVWB1_V1.5.0, FP-SNS-SMARTAG2_V1.2.0, FP-SNS-STBOX1_V2.1.0, STM32Cube_FW_C0_V1.4.0, STM32Cube_FW_F4_V1.28.3, STM32Cube_FW_F7_V1.17.4, STM32Cube_FW_G0_V1.6.3, STM32Cube_FW_G4_V1.6.2, STM32Cube_FW_H5_V1.6.0, STM32Cube_FW_H7RS_V1.3.0, STM32Cube_FW_H7_V1.13.0, STM32Cube_FW_L0_V1.12.2, STM32Cube_FW_L4_V1.18.2, STM32Cube_FW_L5_V1.6.0, STM32Cube_FW_N6_V1.3.0, STM32Cube_FW_U0_V1.3.0, STM32Cube_FW_U3_V1.3.0, STM32Cube_FW_U5_V1.8.0, STM32Cube_FW_WB0_V1.4.0, STM32Cube_FW_WBA_V1.9.0, STM32Cube_FW_WB_V1.24.0, STM32Cube_FW_WL3_V1.4.0, STM32Cube_FW_WL_V1.5.0, X-CUBE-ALGOBUILD_V1.4.0, X-CUBE-ALS_V1.0.2, X-CUBE-AZRTOS-F4_V1.1.0, X-CUBE-AZRTOS-F7_V1.1.0, X-CUBE-AZRTOS-G0_V1.1.0, X-CUBE-AZRTOS-G4_V2.0.0, X-CUBE-AZRTOS-H7RS_V1.1.0, X-CUBE-AZRTOS-H7_V3.4.0, X-CUBE-AZRTOS-L4_V2.0.0, X-CUBE-AZRTOS-L5_V2.0.0, X-CUBE-AZRTOS-WB_V2.0.0, X-CUBE-AZRTOS-WL_V2.0.0, X-CUBE-BLE1_V7.1.0, X-CUBE-BLE2_V3.3.0, X-CUBE-BLEMGR_V4.1.0, X-CUBE-EEPRMA1_V5.2.0, X-CUBE-FREERTOS_V1.5.0, X-CUBE-GNSS1_V6.0.0, X-CUBE-MEMS1_V12.0.0, X-CUBE-NFC4_V3.0.0, X-CUBE-NFC7_V2.0.0, X-CUBE-SFXS2LP1_V4.0.0, X-CUBE-ST67W61_V1.2.0, X-CUBE-SUBG2_V5.0.0, X-CUBE-TOF1_V3.4.3]
2026-04-28 23:09:00,138 [INFO] DbBoardsSqlite:226 - include board P-NUCLEO-WB55-NUCLEO as a kit item of type 'Nucleo-64'
2026-04-28 23:09:00,138 [INFO] DbBoardsSqlite:226 - include board P-NUCLEO-WB55-USBDONGLE as a kit item of type 'Nucleo USB Dongle'
2026-04-28 23:09:00,139 [INFO] DbBoardsSqlite:226 - include board STEVAL-IDP005V1 as a kit item of type 'Evaluation Board'
2026-04-28 23:09:00,139 [INFO] DbBoardsSqlite:226 - include board STEVAL-IDP005V2 as a kit item of type 'Evaluation Board'
2026-04-28 23:09:00,515 [INFO] ApiDb:240 - Found 895 in-development CPN: [B-G473E-ZEST1S, B-WB1M-WPAN1, B-WBA5M-WPAN, B-WL5M-SUBG1, NUCLEO-C031C6, NUCLEO-C051C8, NUCLEO-C071RB, NUCLEO-C092RC, NUCLEO-H503RB, NUCLEO-H533RE, NUCLEO-H563ZI, NUCLEO-H7S3L8, NUCLEO-N657X0-Q, NUCLEO-U031R8, NUCLEO-U083RC, NUCLEO-U385RG-Q, NUCLEO-U545RE-Q, NUCLEO-U5A5ZJ-Q, NUCLEO-WB05KZ, NUCLEO-WB07CC, NUCLEO-WB09KE, NUCLEO-WBA52CG, NUCLEO-WBA55CG, NUCLEO-WBA65RI, NUCLEO-WL33CC1, NUCLEO-WL33CC2, STEVAL-PROTEUS1, STEVAL-SMARTAG2, STEVAL-STWINBX1, STM320518-EVAL, STM32C0116-DK, STM32C011D6Y3TR, STM32C011D6Y6TR, STM32C011F4P3, STM32C011F4P6, STM32C011F4U3, STM32C011F4U6TR, STM32C011F6P3, STM32C011F6P6, STM32C011F6U3, STM32C011F6U6TR, STM32C011J4M3, STM32C011J4M6, STM32C011J6M3, STM32C011J6M6, STM32C0316-DK, STM32C031C4T3, STM32C031C4T6, STM32C031C4U3, STM32C031C4U6, STM32C031C6T3, STM32C031C6T6, STM32C031C6U3, STM32C031C6U6, STM32C031F4P3, STM32C031F4P6, STM32C031F6P3, STM32C031F6P6, STM32C031G4U3, STM32C031G4U6, STM32C031G6U3, STM32C031G6U6, STM32C031K4T3, STM32C031K4T6, STM32C031K4U3, STM32C031K4U6, STM32C031K6T3, STM32C031K6T6, STM32C031K6U3, STM32C031K6U6, STM32C051C6T6, STM32C051C6U6, STM32C051C8T6, STM32C051C8U6, STM32C051D8Y6TR, STM32C051F6P6, STM32C051F8P6, STM32C051G6U6, STM32C051G8U6, STM32C051K6T6, STM32C051K6U6, STM32C051K8T6, STM32C071C8T6, STM32C071C8T6N, STM32C071C8U6, STM32C071C8U6N, STM32C071CBT6, STM32C071CBT6N, STM32C071CBU6, STM32C071CBU6N, STM32C071F8P6, STM32C071F8P6N, STM32C071FBP6, STM32C071FBP6N, STM32C071FBY6TR, STM32C071G8U6, STM32C071G8U6N, STM32C071GBU6, STM32C071GBU6N, STM32C071K8T6, STM32C071K8T6N, STM32C071K8U6, STM32C071K8U6N, STM32C071KBT6, STM32C071KBT6N, STM32C071KBU6, STM32C071KBU6N, STM32C071R8T6, STM32C071R8T6N, STM32C071RBI6N, STM32C071RBT6, STM32C071RBT6N, STM32C091CBT6, STM32C091CBU6, STM32C091CCT6, STM32C091CCU6, STM32C091ECY6TR, STM32C091FBP6, STM32C091FCP6, STM32C091GBU6, STM32C091GCU6, STM32C091KBT6, STM32C091KBU6, STM32C091KCT6, STM32C091KCU6, STM32C091RBT6, STM32C091RCI6, STM32C091RCT6, STM32C092CBT6, STM32C092CBU6, STM32C092CCT6, STM32C092CCU6, STM32C092ECY6TR, STM32C092FBP6, STM32C092FCP6, STM32C092GBU6, STM32C092GCU6, STM32C092KBT6, STM32C092KBU6, STM32C092KCT6, STM32C092KCU6, STM32C092RBT6, STM32C092RCI6, STM32C092RCT6, STM32G071K8TXN, STM32G071K8UXN, STM32G081GBU6N, STM32G081KBT6N, STM32G081KBUXN, STM32G0B1CCT6N, STM32G0B1KCT6, STM32G0B1NEY6TR, STM32G0B1RCT6N, STM32G0C1CCT6, STM32G0C1CCT6N, STM32G0C1CCU6N, STM32G0C1CET6N, STM32G0C1CEU6N, STM32G0C1KCT6, STM32G0C1NEY6TR, STM32G0C1RCI6N, STM32G0C1RCT6N, STM32G0C1REI6N, STM32G0C1RET6N, STM32G0C1VCI6, STM32G0C1VEI6, STM32G411C6T3, STM32G411C6T6, STM32G411C6U3, STM32G411C6U6, STM32G411C8T3, STM32G411C8T6, STM32G411C8U3, STM32G411C8U6, STM32G411CBT3, STM32G411CBT6, STM32G411CBU3, STM32G411CBU6, STM32G411CCT3, STM32G411CCT6, STM32G411CCU3, STM32G411CCU6, STM32G411K6T3, STM32G411K6T6, STM32G411K6U3, STM32G411K6U6, STM32G411K8T3, STM32G411K8T6, STM32G411K8U3, STM32G411K8U6, STM32G411KBT3, STM32G411KBT6, STM32G411KBU3, STM32G411KBU6, STM32G411M6T3, STM32G411M6T6, STM32G411M8T3, STM32G411M8T6, STM32G411MBT3, STM32G411MBT6, STM32G411MCT3, STM32G411MCT6, STM32G411R6T3, STM32G411R6T6, STM32G411R8T3, STM32G411R8T6, STM32G411RBT3, STM32G411RBT6, STM32G411RCT3, STM32G411RCT6, STM32G414CBT3, STM32G414CBT6, STM32G414CBU3, STM32G414CBU6, STM32G414CCT3, STM32G414CCT6, STM32G414CCU3, STM32G414CCU6, STM32G414MBT3, STM32G414MBT6, STM32G414MCT3, STM32G414MCT6, STM32G414RBT3, STM32G414RBT6, STM32G414RCT3, STM32G414RCT6, STM32G414VBT3, STM32G414VBT6, STM32G414VCT3, STM32G414VCT6, STM32G431CBT3Z, STM32G431RBT3Z, STM32G471CCT6, STM32G471CCU6, STM32G471CET3, STM32G471CET6, STM32G471CEU3, STM32G471CEU6, STM32G471MCT6, STM32G471MET3, STM32G471MET6, STM32G471MEY6TR, STM32G471QCT6, STM32G471QET3, STM32G471RCT6, STM32G471RET3, STM32G471RET6, STM32G471VCH6, STM32G471VCI6, STM32G471VCT6, STM32G471VEH3, STM32G471VEH6, STM32G471VEI3, STM32G471VEI6, STM32G471VET3, STM32G471VET6, STM32G473QET3Z, STM32G473RET3Z, STM32G474CCT6, STM32G491RET3Z, STM32H503CBT6, STM32H503CBU6, STM32H503EBY6TR, STM32H503KBU6, STM32H503RBT6, STM32H523CCT6, STM32H523CCU6, STM32H523CET6, STM32H523CEU6, STM32H523HEY6TR, STM32H523RCT6, STM32H523RET6, STM32H523VCI6, STM32H523VCT6, STM32H523VEI6, STM32H523VET6, STM32H523ZCJ6, STM32H523ZCT6, STM32H523ZEJ6, STM32H523ZET6, STM32H533CET6, STM32H533CEU6, STM32H533HEY6TR, STM32H533RET6, STM32H533VEI6, STM32H533VET6, STM32H533ZEJ6, STM32H533ZET6, STM32H562AGI6, STM32H562AII6, STM32H562IGK6, STM32H562IGT6, STM32H562IIK6, STM32H562IIT6, STM32H562RGT6, STM32H562RGV6, STM32H562RIT6, STM32H562RIV6, STM32H562VGT6, STM32H562VIT6, STM32H562ZGT6, STM32H562ZIT6, STM32H563AGI6, STM32H563AII3Q, STM32H563AII6, STM32H563IGK6, STM32H563IGT6, STM32H563IIK3Q, STM32H563IIK6, STM32H563IIT3Q, STM32H563IIT6, STM32H563MIY3QTR, STM32H563RGT6, STM32H563RGV6, STM32H563RIT6, STM32H563RIV6, STM32H563VGT6, STM32H563VIT3Q, STM32H563VIT6, STM32H563ZGT6, STM32H563ZIT3Q, STM32H563ZIT6, STM32H573AII3Q, STM32H573AII6, STM32H573I-DK, STM32H573IIK3Q, STM32H573IIK6, STM32H573IIT3Q, STM32H573IIT6, STM32H573MIY3QTR, STM32H573RIT6, STM32H573RIV6, STM32H573VIT3Q, STM32H573VIT6, STM32H573ZIT3Q, STM32H573ZIT6, STM32H7R3A8I6, STM32H7R3I8K6, STM32H7R3I8T6, STM32H7R3L8H6, STM32H7R3L8H6H, STM32H7R3R8V6, STM32H7R3V8H6, STM32H7R3V8T6, STM32H7R3V8Y6TR, STM32H7R3Z8J6, STM32H7R3Z8T6, STM32H7R7A8I6, STM32H7R7I8K6, STM32H7R7I8T6, STM32H7R7L8H6, STM32H7R7L8H6H, STM32H7R7Z8J6, STM32H7S3A8I6, STM32H7S3I8K6, STM32H7S3I8T6, STM32H7S3L8H6, STM32H7S3L8H6H, STM32H7S3R8V6, STM32H7S3V8H6, STM32H7S3V8T6, STM32H7S3V8Y6TR, STM32H7S3Z8J6, STM32H7S3Z8T6, STM32H7S78-DK, STM32H7S7A8I6, STM32H7S7I8K6, STM32H7S7I8T6, STM32H7S7L8H6, STM32H7S7L8H6H, STM32H7S7Z8J6, STM32L4R5QGI6STR, STM32MP131AAE3, STM32MP131AAF3, STM32MP131AAG3, STM32MP131CAE3, STM32MP131CAF3, STM32MP131CAG3, STM32MP131DAE7, STM32MP131DAF7, STM32MP131DAG7, STM32MP131FAE7, STM32MP131FAF7, STM32MP131FAG7, STM32MP133AAE3, STM32MP133AAF3, STM32MP133AAG3, STM32MP133CAE3, STM32MP133CAF3, STM32MP133CAG3, STM32MP133DAE7, STM32MP133DAF7, STM32MP133DAG7, STM32MP133FAE7, STM32MP133FAF7, STM32MP133FAG7, STM32MP135AAE3, STM32MP135AAF3, STM32MP135AAG3, STM32MP135CAE3, STM32MP135CAF3, STM32MP135CAG3, STM32MP135DAE7, STM32MP135DAF7, STM32MP135DAG7, STM32MP135F-DK, STM32MP135FAE7, STM32MP135FAF7, STM32MP135FAF7T, STM32MP135FAF7U, STM32MP135FAG7, STM32MP231AAJ3, STM32MP231AAK3, STM32MP231AAL3, STM32MP231CAJ3, STM32MP231CAK3, STM32MP231CAL3, STM32MP231DAJ3, STM32MP231DAK3, STM32MP231DAL3, STM32MP231FAJ3, STM32MP231FAK3, STM32MP231FAL3, STM32MP233AAJ3, STM32MP233AAK3, STM32MP233AAL3, STM32MP233CAJ3, STM32MP233CAK3, STM32MP233CAL3, STM32MP233DAJ3, STM32MP233DAK3, STM32MP233DAL3, STM32MP233FAJ3, STM32MP233FAK3, STM32MP233FAL3, STM32MP235AAJ3, STM32MP235AAK3, STM32MP235AAL3, STM32MP235CAJ3, STM32MP235CAK3, STM32MP235CAL3, STM32MP235DAJ3, STM32MP235DAK3, STM32MP235DAL3, STM32MP235FAJ3, STM32MP235FAK3, STM32MP235FAL3, STM32MP251AAI3, STM32MP251AAJ3, STM32MP251AAK3, STM32MP251AAL3, STM32MP251CAI3, STM32MP251CAJ3, STM32MP251CAK3, STM32MP251CAL3, STM32MP251DAI3, STM32MP251DAJ3, STM32MP251DAK3, STM32MP251DAL3, STM32MP251FAI3, STM32MP251FAJ3, STM32MP251FAK3, STM32MP251FAL3, STM32MP253AAI3, STM32MP253AAJ3, STM32MP253AAK3, STM32MP253AAL3, STM32MP253CAI3, STM32MP253CAJ3, STM32MP253CAK3, STM32MP253CAL3, STM32MP253DAI3, STM32MP253DAJ3, STM32MP253DAK3, STM32MP253DAL3, STM32MP253FAI3, STM32MP253FAJ3, STM32MP253FAK3, STM32MP253FAL3, STM32MP255AAI3, STM32MP255AAJ3, STM32MP255AAK3, STM32MP255AAL3, STM32MP255CAI3, STM32MP255CAJ3, STM32MP255CAK3, STM32MP255CAL3, STM32MP255DAI3, STM32MP255DAJ3, STM32MP255DAK3, STM32MP255DAL3, STM32MP255FAI3, STM32MP255FAJ3, STM32MP255FAK3, STM32MP255FAL3, STM32MP257AAI3, STM32MP257AAJ3, STM32MP257AAK3, STM32MP257AAL3, STM32MP257CAI3, STM32MP257CAJ3, STM32MP257CAK3, STM32MP257CAL3, STM32MP257DAI3, STM32MP257DAJ3, STM32MP257DAK3, STM32MP257DAL3, STM32MP257F-DK, STM32MP257F-EV1, STM32MP257FAI3, STM32MP257FAJ3, STM32MP257FAK3, STM32MP257FAL3, STM32N645A0H3Q, STM32N645B0H3Q, STM32N645I0H3Q, STM32N645L0H3Q, STM32N645X0H3Q, STM32N645Z0H3Q, STM32N647A0H3Q, STM32N647B0H3Q, STM32N647I0H3Q, STM32N647L0H3Q, STM32N647X0H3Q, STM32N647Z0H3Q, STM32N655A0H3Q, STM32N655B0H3Q, STM32N655I0H3Q, STM32N655L0H3Q, STM32N655X0H3Q, STM32N655Z0H3Q, STM32N6570-DK, STM32N657A0H3Q, STM32N657B0H3Q, STM32N657I0H3Q, STM32N657L0H3Q, STM32N657X0H3Q, STM32N657Z0H3Q, STM32U031C6T6, STM32U031C6U6, STM32U031C8T6, STM32U031C8U6, STM32U031F4P6, STM32U031F6P6, STM32U031F8P6, STM32U031G6Y6TR, STM32U031G8Y6TR, STM32U031K4U6, STM32U031K6U6, STM32U031K8U6, STM32U031R6I6, STM32U031R6T6, STM32U031R8I6, STM32U031R8T6, STM32U073C8T6, STM32U073C8U6, STM32U073CBT6, STM32U073CBU6, STM32U073CCT6, STM32U073CCU6, STM32U073H8Y6TR, STM32U073HBY6TR, STM32U073HCY6TR, STM32U073K8U6, STM32U073KBU6, STM32U073KCU6, STM32U073M8I6, STM32U073M8T6, STM32U073MBI6, STM32U073MBT6, STM32U073MCI6, STM32U073MCT6, STM32U073R8I6, STM32U073R8T6, STM32U073RBI6, STM32U073RBT6, STM32U073RCI6, STM32U073RCT6, STM32U083C-DK, STM32U083CCT6, STM32U083CCU6, STM32U083HCY6TR, STM32U083KCU6, STM32U083MCI6, STM32U083MCT6, STM32U083RCI6, STM32U083RCT6, STM32U375CET6, STM32U375CET6Q, STM32U375CEU6, STM32U375CEU6Q, STM32U375CEY6QTR, STM32U375CGT6, STM32U375CGT6Q, STM32U375CGU6, STM32U375CGU6Q, STM32U375CGY6QTR, STM32U375KEU6, STM32U375KGU6, STM32U375REI6, STM32U375REI6Q, STM32U375RET6, STM32U375RET6Q, STM32U375REY6GTR, STM32U375REY6QTR, STM32U375RGI6, STM32U375RGI6Q, STM32U375RGT6, STM32U375RGT6Q, STM32U375RGY6GTR, STM32U375RGY6QTR, STM32U375VEI6, STM32U375VEI6Q, STM32U375VET6, STM32U375VET6Q, STM32U375VGI6, STM32U375VGI6Q, STM32U375VGT6, STM32U375VGT6Q, STM32U385CGT6, STM32U385CGT6Q, STM32U385CGU6, STM32U385CGU6Q, STM32U385CGY6QTR, STM32U385KGU6, STM32U385RGI6, STM32U385RGI6Q, STM32U385RGT6, STM32U385RGT6Q, STM32U385RGY6GTR, STM32U385RGY6QTR, STM32U385VGI6, STM32U385VGI6Q, STM32U385VGT6, STM32U385VGT6Q, STM32U535CBT6, STM32U535CBT6Q, STM32U535CBU6, STM32U535CBU6Q, STM32U535CCT6, STM32U535CCT6Q, STM32U535CCU6, STM32U535CCU6Q, STM32U535CET6, STM32U535CET6Q, STM32U535CEU6, STM32U535CEU6Q, STM32U535JEY6QTR, STM32U535NCY6QTR, STM32U535NEY6QTR, STM32U535RBI6, STM32U535RBI6Q, STM32U535RBT6, STM32U535RBT6Q, STM32U535RCI6, STM32U535RCI6Q, STM32U535RCT6, STM32U535RCT6Q, STM32U535REI6, STM32U535REI6Q, STM32U535RET6, STM32U535RET6Q, STM32U535VCI6, STM32U535VCI6Q, STM32U535VCT6, STM32U535VCT6Q, STM32U535VEI6, STM32U535VEI6Q, STM32U535VET6, STM32U535VET6Q, STM32U545CET6, STM32U545CET6Q, STM32U545CEU6, STM32U545CEU6Q, STM32U545JEY6QTR, STM32U545NEY6QTR, STM32U545REI6, STM32U545REI6Q, STM32U545RET6, STM32U545RET6Q, STM32U545VEI6, STM32U545VEI6Q, STM32U545VET6, STM32U545VET6Q, STM32U595AIH6, STM32U595AIH6Q, STM32U595AJH6, STM32U595AJH6Q, STM32U595QII6, STM32U595QII6Q, STM32U595QJI6, STM32U595QJI6Q, STM32U595RIT6, STM32U595RIT6Q, STM32U595RJT6, STM32U595RJT6Q, STM32U595VIT6, STM32U595VIT6Q, STM32U595VJT6, STM32U595VJT6Q, STM32U595ZIT6, STM32U595ZIT6Q, STM32U595ZIY6QTR, STM32U595ZJT6, STM32U595ZJT6Q, STM32U595ZJY6QTR, STM32U599BJY6QTR, STM32U599NIH6Q, STM32U599NJH6Q, STM32U599VIT6Q, STM32U599VJT6, STM32U599VJT6Q, STM32U599ZIT6Q, STM32U599ZIY6QTR, STM32U599ZJT6Q, STM32U599ZJY6QTR, STM32U5A5AJH6, STM32U5A5AJH6Q, STM32U5A5QII3Q , STM32U5A5QJI6, STM32U5A5QJI6Q, STM32U5A5RJT6, STM32U5A5RJT6Q, STM32U5A5VJT6, STM32U5A5VJT6Q, STM32U5A5ZJT6, STM32U5A5ZJT6Q, STM32U5A5ZJY6QTR, STM32U5A9BJY6QTR, STM32U5A9J-DK, STM32U5A9NJH6Q, STM32U5A9VJT6Q, STM32U5A9ZJT6Q, STM32U5A9ZJY6QTR, STM32U5F7VIT6, STM32U5F7VIT6Q, STM32U5F7VJT6, STM32U5F7VJT6Q, STM32U5F9BJY6QTR, STM32U5F9NJH6Q, STM32U5F9VIT6Q, STM32U5F9VJT6Q, STM32U5F9ZIJ6QTR, STM32U5F9ZIT6Q, STM32U5F9ZJJ6QTR, STM32U5F9ZJT6Q, STM32U5G7VJT6, STM32U5G7VJT6Q, STM32U5G9BJY6QTR, STM32U5G9J-DK1, STM32U5G9J-DK2, STM32U5G9NJH6Q, STM32U5G9VJT6Q, STM32U5G9ZJJ6QTR, STM32U5G9ZJT6Q, STM32WB05KZV6TR, STM32WB05KZV7TR, STM32WB05TZF6TR, STM32WB05TZF7TR, STM32WB06CCF6TR, STM32WB06CCF7TR, STM32WB06CCV6TR, STM32WB06CCV7TR, STM32WB06KCV6TR, STM32WB06KCV7TR, STM32WB07CCF6TR, STM32WB07CCF7TR, STM32WB07CCV6TR, STM32WB07CCV7TR, STM32WB07KCV6TR, STM32WB07KCV7TR, STM32WB09KEV6TR, STM32WB09KEV7TR, STM32WB09TEF6TR, STM32WB09TEF7TR, STM32WB1MMCH6, STM32WBA50KGU6, STM32WBA50KGU6TR, STM32WBA52CEU6, STM32WBA52CEU6TR, STM32WBA52CEU7, STM32WBA52CEU7TR, STM32WBA52CGU6, STM32WBA52CGU6TR, STM32WBA52CGU6U, STM32WBA52CGU7, STM32WBA52CGU7TR, STM32WBA52KEU6, STM32WBA52KEU6TR, STM32WBA52KGU6, STM32WBA52KGU6TR, STM32WBA54CEU6, STM32WBA54CEU6TR, STM32WBA54CEU7, STM32WBA54CEU7TR, STM32WBA54CGU6, STM32WBA54CGU6TR, STM32WBA54CGU7, STM32WBA54CGU7TR, STM32WBA54KEU6, STM32WBA54KEU6TR, STM32WBA54KEU7, STM32WBA54KEU7TR, STM32WBA54KGU6, STM32WBA54KGU6TR, STM32WBA54KGU7, STM32WBA54KGU7TR, STM32WBA55CEU6, STM32WBA55CEU6TR, STM32WBA55CEU7, STM32WBA55CEU7TR, STM32WBA55CGU6, STM32WBA55CGU6TR, STM32WBA55CGU6U, STM32WBA55CGU7, STM32WBA55CGU7TR, STM32WBA55G-DK1, STM32WBA55HEF6, STM32WBA55HEF7, STM32WBA55HGF6, STM32WBA55HGF7, STM32WBA55UEI6, STM32WBA55UEI6TR, STM32WBA55UEI7, STM32WBA55UEI7TR, STM32WBA55UGI6, STM32WBA55UGI6TR, STM32WBA55UGI7, STM32WBA55UGI7TR, STM32WBA5MJGH6TR, STM32WBA62CGU6, STM32WBA62CIU6, STM32WBA62MGF6, STM32WBA62MIF6, STM32WBA62PGI6, STM32WBA62PII6, STM32WBA63CGU6, STM32WBA63CGU7, STM32WBA63CIU6, STM32WBA63CIU7, STM32WBA64CGU6, STM32WBA64CGU7, STM32WBA64CIU6, STM32WBA64CIU7, STM32WBA65CGU6, STM32WBA65CGU7, STM32WBA65CIU6, STM32WBA65CIU7, STM32WBA65I-DK1, STM32WBA65MGF6, STM32WBA65MGF7, STM32WBA65MIF6, STM32WBA65MIF7, STM32WBA65PGI6, STM32WBA65PGI7, STM32WBA65PII6, STM32WBA65PII7, STM32WBA65RGV6, STM32WBA65RGV7, STM32WBA65RIV6, STM32WBA65RIV7, STM32WL30K8V6, STM32WL30KBV6, STM32WL31C8V6, STM32WL31CBV6, STM32WL31K8V6, STM32WL31KBV6, STM32WL33C8V6, STM32WL33C8V6TR, STM32WL33C8V7, STM32WL33C8V7TR, STM32WL33CBV6, STM32WL33CBV6TR, STM32WL33CBV7, STM32WL33CBV7TR, STM32WL33CCV6, STM32WL33CCV6TR, STM32WL33CCV7, STM32WL33CCV7A, STM32WL33CCV7ATR, STM32WL33CCV7TR, STM32WL33K8V6, STM32WL33K8V6TR, STM32WL33K8V7, STM32WL33K8V7TR, STM32WL33KBV6, STM32WL33KBV6TR, STM32WL33KBV7, STM32WL33KBV7TR, STM32WL33KCV6, STM32WL33KCV6TR, STM32WL33KCV7, STM32WL33KCV7TR, STM32WL5MOCH6, STM32WL5MOCH6TR]
2026-04-28 23:09:00,518 [INFO] ApiDb:668 - CubeFinder database Data Model version=2.1
2026-04-28 23:09:00,518 [INFO] ApiDb:669 - CubeFinder database Configuration version=3.0.42
2026-04-28 23:09:00,518 [INFO] ApiDb:670 - CubeFinder database generation date=2026-03-11 (1773229989)
2026-04-28 23:09:00,518 [INFO] ApiDb:671 - CubeFinder database FW Pack versions=[FP-ATR-ASTRA1_V2.0.0, FP-SNS-FLIGHT1_V5.1.0, FP-SNS-MOTENV1_V5.1.0, FP-SNS-MOTENVWB1_V1.5.0, FP-SNS-SMARTAG2_V1.2.0, FP-SNS-STBOX1_V2.1.0, STM32Cube_FW_C0_V1.4.0, STM32Cube_FW_F4_V1.28.3, STM32Cube_FW_F7_V1.17.4, STM32Cube_FW_G0_V1.6.3, STM32Cube_FW_G4_V1.6.2, STM32Cube_FW_H5_V1.6.0, STM32Cube_FW_H7RS_V1.3.0, STM32Cube_FW_H7_V1.13.0, STM32Cube_FW_L0_V1.12.2, STM32Cube_FW_L4_V1.18.2, STM32Cube_FW_L5_V1.6.0, STM32Cube_FW_N6_V1.3.0, STM32Cube_FW_U0_V1.3.0, STM32Cube_FW_U3_V1.3.0, STM32Cube_FW_U5_V1.8.0, STM32Cube_FW_WB0_V1.4.0, STM32Cube_FW_WBA_V1.9.0, STM32Cube_FW_WB_V1.24.0, STM32Cube_FW_WL3_V1.4.0, STM32Cube_FW_WL_V1.5.0, X-CUBE-ALGOBUILD_V1.4.0, X-CUBE-ALS_V1.0.2, X-CUBE-AZRTOS-F4_V1.1.0, X-CUBE-AZRTOS-F7_V1.1.0, X-CUBE-AZRTOS-G0_V1.1.0, X-CUBE-AZRTOS-G4_V2.0.0, X-CUBE-AZRTOS-H7RS_V1.1.0, X-CUBE-AZRTOS-H7_V3.4.0, X-CUBE-AZRTOS-L4_V2.0.0, X-CUBE-AZRTOS-L5_V2.0.0, X-CUBE-AZRTOS-WB_V2.0.0, X-CUBE-AZRTOS-WL_V2.0.0, X-CUBE-BLE1_V7.1.0, X-CUBE-BLE2_V3.3.0, X-CUBE-BLEMGR_V4.1.0, X-CUBE-EEPRMA1_V5.2.0, X-CUBE-FREERTOS_V1.5.0, X-CUBE-GNSS1_V6.0.0, X-CUBE-MEMS1_V12.0.0, X-CUBE-NFC4_V3.0.0, X-CUBE-NFC7_V2.0.0, X-CUBE-SFXS2LP1_V4.0.0, X-CUBE-ST67W61_V1.2.0, X-CUBE-SUBG2_V5.0.0, X-CUBE-TOF1_V3.4.3]
2026-04-28 23:09:00,734 [ERROR] LogOutputStream:75 - [STDERR_REDIRECT] [Fatal Error] :1:1: Premature end of file.
2026-04-28 23:09:00,734 [ERROR] LogOutputStream:75 - [STDERR_REDIRECT] 
2026-04-28 23:09:01,733 [ERROR] LogOutputStream:75 - [STDERR_REDIRECT] [Fatal Error] :1:1: Premature end of file.
2026-04-28 23:09:01,733 [ERROR] LogOutputStream:75 - [STDERR_REDIRECT] 
2026-04-28 23:09:02,150 [INFO] ApiDb:240 - Found 895 in-development CPN: [B-G473E-ZEST1S, B-WB1M-WPAN1, B-WBA5M-WPAN, B-WL5M-SUBG1, NUCLEO-C031C6, NUCLEO-C051C8, NUCLEO-C071RB, NUCLEO-C092RC, NUCLEO-H503RB, NUCLEO-H533RE, NUCLEO-H563ZI, NUCLEO-H7S3L8, NUCLEO-N657X0-Q, NUCLEO-U031R8, NUCLEO-U083RC, NUCLEO-U385RG-Q, NUCLEO-U545RE-Q, NUCLEO-U5A5ZJ-Q, NUCLEO-WB05KZ, NUCLEO-WB07CC, NUCLEO-WB09KE, NUCLEO-WBA52CG, NUCLEO-WBA55CG, NUCLEO-WBA65RI, NUCLEO-WL33CC1, NUCLEO-WL33CC2, STEVAL-PROTEUS1, STEVAL-SMARTAG2, STEVAL-STWINBX1, STM320518-EVAL, STM32C0116-DK, STM32C011D6Y3TR, STM32C011D6Y6TR, STM32C011F4P3, STM32C011F4P6, STM32C011F4U3, STM32C011F4U6TR, STM32C011F6P3, STM32C011F6P6, STM32C011F6U3, STM32C011F6U6TR, STM32C011J4M3, STM32C011J4M6, STM32C011J6M3, STM32C011J6M6, STM32C0316-DK, STM32C031C4T3, STM32C031C4T6, STM32C031C4U3, STM32C031C4U6, STM32C031C6T3, STM32C031C6T6, STM32C031C6U3, STM32C031C6U6, STM32C031F4P3, STM32C031F4P6, STM32C031F6P3, STM32C031F6P6, STM32C031G4U3, STM32C031G4U6, STM32C031G6U3, STM32C031G6U6, STM32C031K4T3, STM32C031K4T6, STM32C031K4U3, STM32C031K4U6, STM32C031K6T3, STM32C031K6T6, STM32C031K6U3, STM32C031K6U6, STM32C051C6T6, STM32C051C6U6, STM32C051C8T6, STM32C051C8U6, STM32C051D8Y6TR, STM32C051F6P6, STM32C051F8P6, STM32C051G6U6, STM32C051G8U6, STM32C051K6T6, STM32C051K6U6, STM32C051K8T6, STM32C071C8T6, STM32C071C8T6N, STM32C071C8U6, STM32C071C8U6N, STM32C071CBT6, STM32C071CBT6N, STM32C071CBU6, STM32C071CBU6N, STM32C071F8P6, STM32C071F8P6N, STM32C071FBP6, STM32C071FBP6N, STM32C071FBY6TR, STM32C071G8U6, STM32C071G8U6N, STM32C071GBU6, STM32C071GBU6N, STM32C071K8T6, STM32C071K8T6N, STM32C071K8U6, STM32C071K8U6N, STM32C071KBT6, STM32C071KBT6N, STM32C071KBU6, STM32C071KBU6N, STM32C071R8T6, STM32C071R8T6N, STM32C071RBI6N, STM32C071RBT6, STM32C071RBT6N, STM32C091CBT6, STM32C091CBU6, STM32C091CCT6, STM32C091CCU6, STM32C091ECY6TR, STM32C091FBP6, STM32C091FCP6, STM32C091GBU6, STM32C091GCU6, STM32C091KBT6, STM32C091KBU6, STM32C091KCT6, STM32C091KCU6, STM32C091RBT6, STM32C091RCI6, STM32C091RCT6, STM32C092CBT6, STM32C092CBU6, STM32C092CCT6, STM32C092CCU6, STM32C092ECY6TR, STM32C092FBP6, STM32C092FCP6, STM32C092GBU6, STM32C092GCU6, STM32C092KBT6, STM32C092KBU6, STM32C092KCT6, STM32C092KCU6, STM32C092RBT6, STM32C092RCI6, STM32C092RCT6, STM32G071K8TXN, STM32G071K8UXN, STM32G081GBU6N, STM32G081KBT6N, STM32G081KBUXN, STM32G0B1CCT6N, STM32G0B1KCT6, STM32G0B1NEY6TR, STM32G0B1RCT6N, STM32G0C1CCT6, STM32G0C1CCT6N, STM32G0C1CCU6N, STM32G0C1CET6N, STM32G0C1CEU6N, STM32G0C1KCT6, STM32G0C1NEY6TR, STM32G0C1RCI6N, STM32G0C1RCT6N, STM32G0C1REI6N, STM32G0C1RET6N, STM32G0C1VCI6, STM32G0C1VEI6, STM32G411C6T3, STM32G411C6T6, STM32G411C6U3, STM32G411C6U6, STM32G411C8T3, STM32G411C8T6, STM32G411C8U3, STM32G411C8U6, STM32G411CBT3, STM32G411CBT6, STM32G411CBU3, STM32G411CBU6, STM32G411CCT3, STM32G411CCT6, STM32G411CCU3, STM32G411CCU6, STM32G411K6T3, STM32G411K6T6, STM32G411K6U3, STM32G411K6U6, STM32G411K8T3, STM32G411K8T6, STM32G411K8U3, STM32G411K8U6, STM32G411KBT3, STM32G411KBT6, STM32G411KBU3, STM32G411KBU6, STM32G411M6T3, STM32G411M6T6, STM32G411M8T3, STM32G411M8T6, STM32G411MBT3, STM32G411MBT6, STM32G411MCT3, STM32G411MCT6, STM32G411R6T3, STM32G411R6T6, STM32G411R8T3, STM32G411R8T6, STM32G411RBT3, STM32G411RBT6, STM32G411RCT3, STM32G411RCT6, STM32G414CBT3, STM32G414CBT6, STM32G414CBU3, STM32G414CBU6, STM32G414CCT3, STM32G414CCT6, STM32G414CCU3, STM32G414CCU6, STM32G414MBT3, STM32G414MBT6, STM32G414MCT3, STM32G414MCT6, STM32G414RBT3, STM32G414RBT6, STM32G414RCT3, STM32G414RCT6, STM32G414VBT3, STM32G414VBT6, STM32G414VCT3, STM32G414VCT6, STM32G431CBT3Z, STM32G431RBT3Z, STM32G471CCT6, STM32G471CCU6, STM32G471CET3, STM32G471CET6, STM32G471CEU3, STM32G471CEU6, STM32G471MCT6, STM32G471MET3, STM32G471MET6, STM32G471MEY6TR, STM32G471QCT6, STM32G471QET3, STM32G471RCT6, STM32G471RET3, STM32G471RET6, STM32G471VCH6, STM32G471VCI6, STM32G471VCT6, STM32G471VEH3, STM32G471VEH6, STM32G471VEI3, STM32G471VEI6, STM32G471VET3, STM32G471VET6, STM32G473QET3Z, STM32G473RET3Z, STM32G474CCT6, STM32G491RET3Z, STM32H503CBT6, STM32H503CBU6, STM32H503EBY6TR, STM32H503KBU6, STM32H503RBT6, STM32H523CCT6, STM32H523CCU6, STM32H523CET6, STM32H523CEU6, STM32H523HEY6TR, STM32H523RCT6, STM32H523RET6, STM32H523VCI6, STM32H523VCT6, STM32H523VEI6, STM32H523VET6, STM32H523ZCJ6, STM32H523ZCT6, STM32H523ZEJ6, STM32H523ZET6, STM32H533CET6, STM32H533CEU6, STM32H533HEY6TR, STM32H533RET6, STM32H533VEI6, STM32H533VET6, STM32H533ZEJ6, STM32H533ZET6, STM32H562AGI6, STM32H562AII6, STM32H562IGK6, STM32H562IGT6, STM32H562IIK6, STM32H562IIT6, STM32H562RGT6, STM32H562RGV6, STM32H562RIT6, STM32H562RIV6, STM32H562VGT6, STM32H562VIT6, STM32H562ZGT6, STM32H562ZIT6, STM32H563AGI6, STM32H563AII3Q, STM32H563AII6, STM32H563IGK6, STM32H563IGT6, STM32H563IIK3Q, STM32H563IIK6, STM32H563IIT3Q, STM32H563IIT6, STM32H563MIY3QTR, STM32H563RGT6, STM32H563RGV6, STM32H563RIT6, STM32H563RIV6, STM32H563VGT6, STM32H563VIT3Q, STM32H563VIT6, STM32H563ZGT6, STM32H563ZIT3Q, STM32H563ZIT6, STM32H573AII3Q, STM32H573AII6, STM32H573I-DK, STM32H573IIK3Q, STM32H573IIK6, STM32H573IIT3Q, STM32H573IIT6, STM32H573MIY3QTR, STM32H573RIT6, STM32H573RIV6, STM32H573VIT3Q, STM32H573VIT6, STM32H573ZIT3Q, STM32H573ZIT6, STM32H7R3A8I6, STM32H7R3I8K6, STM32H7R3I8T6, STM32H7R3L8H6, STM32H7R3L8H6H, STM32H7R3R8V6, STM32H7R3V8H6, STM32H7R3V8T6, STM32H7R3V8Y6TR, STM32H7R3Z8J6, STM32H7R3Z8T6, STM32H7R7A8I6, STM32H7R7I8K6, STM32H7R7I8T6, STM32H7R7L8H6, STM32H7R7L8H6H, STM32H7R7Z8J6, STM32H7S3A8I6, STM32H7S3I8K6, STM32H7S3I8T6, STM32H7S3L8H6, STM32H7S3L8H6H, STM32H7S3R8V6, STM32H7S3V8H6, STM32H7S3V8T6, STM32H7S3V8Y6TR, STM32H7S3Z8J6, STM32H7S3Z8T6, STM32H7S78-DK, STM32H7S7A8I6, STM32H7S7I8K6, STM32H7S7I8T6, STM32H7S7L8H6, STM32H7S7L8H6H, STM32H7S7Z8J6, STM32L4R5QGI6STR, STM32MP131AAE3, STM32MP131AAF3, STM32MP131AAG3, STM32MP131CAE3, STM32MP131CAF3, STM32MP131CAG3, STM32MP131DAE7, STM32MP131DAF7, STM32MP131DAG7, STM32MP131FAE7, STM32MP131FAF7, STM32MP131FAG7, STM32MP133AAE3, STM32MP133AAF3, STM32MP133AAG3, STM32MP133CAE3, STM32MP133CAF3, STM32MP133CAG3, STM32MP133DAE7, STM32MP133DAF7, STM32MP133DAG7, STM32MP133FAE7, STM32MP133FAF7, STM32MP133FAG7, STM32MP135AAE3, STM32MP135AAF3, STM32MP135AAG3, STM32MP135CAE3, STM32MP135CAF3, STM32MP135CAG3, STM32MP135DAE7, STM32MP135DAF7, STM32MP135DAG7, STM32MP135F-DK, STM32MP135FAE7, STM32MP135FAF7, STM32MP135FAF7T, STM32MP135FAF7U, STM32MP135FAG7, STM32MP231AAJ3, STM32MP231AAK3, STM32MP231AAL3, STM32MP231CAJ3, STM32MP231CAK3, STM32MP231CAL3, STM32MP231DAJ3, STM32MP231DAK3, STM32MP231DAL3, STM32MP231FAJ3, STM32MP231FAK3, STM32MP231FAL3, STM32MP233AAJ3, STM32MP233AAK3, STM32MP233AAL3, STM32MP233CAJ3, STM32MP233CAK3, STM32MP233CAL3, STM32MP233DAJ3, STM32MP233DAK3, STM32MP233DAL3, STM32MP233FAJ3, STM32MP233FAK3, STM32MP233FAL3, STM32MP235AAJ3, STM32MP235AAK3, STM32MP235AAL3, STM32MP235CAJ3, STM32MP235CAK3, STM32MP235CAL3, STM32MP235DAJ3, STM32MP235DAK3, STM32MP235DAL3, STM32MP235FAJ3, STM32MP235FAK3, STM32MP235FAL3, STM32MP251AAI3, STM32MP251AAJ3, STM32MP251AAK3, STM32MP251AAL3, STM32MP251CAI3, STM32MP251CAJ3, STM32MP251CAK3, STM32MP251CAL3, STM32MP251DAI3, STM32MP251DAJ3, STM32MP251DAK3, STM32MP251DAL3, STM32MP251FAI3, STM32MP251FAJ3, STM32MP251FAK3, STM32MP251FAL3, STM32MP253AAI3, STM32MP253AAJ3, STM32MP253AAK3, STM32MP253AAL3, STM32MP253CAI3, STM32MP253CAJ3, STM32MP253CAK3, STM32MP253CAL3, STM32MP253DAI3, STM32MP253DAJ3, STM32MP253DAK3, STM32MP253DAL3, STM32MP253FAI3, STM32MP253FAJ3, STM32MP253FAK3, STM32MP253FAL3, STM32MP255AAI3, STM32MP255AAJ3, STM32MP255AAK3, STM32MP255AAL3, STM32MP255CAI3, STM32MP255CAJ3, STM32MP255CAK3, STM32MP255CAL3, STM32MP255DAI3, STM32MP255DAJ3, STM32MP255DAK3, STM32MP255DAL3, STM32MP255FAI3, STM32MP255FAJ3, STM32MP255FAK3, STM32MP255FAL3, STM32MP257AAI3, STM32MP257AAJ3, STM32MP257AAK3, STM32MP257AAL3, STM32MP257CAI3, STM32MP257CAJ3, STM32MP257CAK3, STM32MP257CAL3, STM32MP257DAI3, STM32MP257DAJ3, STM32MP257DAK3, STM32MP257DAL3, STM32MP257F-DK, STM32MP257F-EV1, STM32MP257FAI3, STM32MP257FAJ3, STM32MP257FAK3, STM32MP257FAL3, STM32N645A0H3Q, STM32N645B0H3Q, STM32N645I0H3Q, STM32N645L0H3Q, STM32N645X0H3Q, STM32N645Z0H3Q, STM32N647A0H3Q, STM32N647B0H3Q, STM32N647I0H3Q, STM32N647L0H3Q, STM32N647X0H3Q, STM32N647Z0H3Q, STM32N655A0H3Q, STM32N655B0H3Q, STM32N655I0H3Q, STM32N655L0H3Q, STM32N655X0H3Q, STM32N655Z0H3Q, STM32N6570-DK, STM32N657A0H3Q, STM32N657B0H3Q, STM32N657I0H3Q, STM32N657L0H3Q, STM32N657X0H3Q, STM32N657Z0H3Q, STM32U031C6T6, STM32U031C6U6, STM32U031C8T6, STM32U031C8U6, STM32U031F4P6, STM32U031F6P6, STM32U031F8P6, STM32U031G6Y6TR, STM32U031G8Y6TR, STM32U031K4U6, STM32U031K6U6, STM32U031K8U6, STM32U031R6I6, STM32U031R6T6, STM32U031R8I6, STM32U031R8T6, STM32U073C8T6, STM32U073C8U6, STM32U073CBT6, STM32U073CBU6, STM32U073CCT6, STM32U073CCU6, STM32U073H8Y6TR, STM32U073HBY6TR, STM32U073HCY6TR, STM32U073K8U6, STM32U073KBU6, STM32U073KCU6, STM32U073M8I6, STM32U073M8T6, STM32U073MBI6, STM32U073MBT6, STM32U073MCI6, STM32U073MCT6, STM32U073R8I6, STM32U073R8T6, STM32U073RBI6, STM32U073RBT6, STM32U073RCI6, STM32U073RCT6, STM32U083C-DK, STM32U083CCT6, STM32U083CCU6, STM32U083HCY6TR, STM32U083KCU6, STM32U083MCI6, STM32U083MCT6, STM32U083RCI6, STM32U083RCT6, STM32U375CET6, STM32U375CET6Q, STM32U375CEU6, STM32U375CEU6Q, STM32U375CEY6QTR, STM32U375CGT6, STM32U375CGT6Q, STM32U375CGU6, STM32U375CGU6Q, STM32U375CGY6QTR, STM32U375KEU6, STM32U375KGU6, STM32U375REI6, STM32U375REI6Q, STM32U375RET6, STM32U375RET6Q, STM32U375REY6GTR, STM32U375REY6QTR, STM32U375RGI6, STM32U375RGI6Q, STM32U375RGT6, STM32U375RGT6Q, STM32U375RGY6GTR, STM32U375RGY6QTR, STM32U375VEI6, STM32U375VEI6Q, STM32U375VET6, STM32U375VET6Q, STM32U375VGI6, STM32U375VGI6Q, STM32U375VGT6, STM32U375VGT6Q, STM32U385CGT6, STM32U385CGT6Q, STM32U385CGU6, STM32U385CGU6Q, STM32U385CGY6QTR, STM32U385KGU6, STM32U385RGI6, STM32U385RGI6Q, STM32U385RGT6, STM32U385RGT6Q, STM32U385RGY6GTR, STM32U385RGY6QTR, STM32U385VGI6, STM32U385VGI6Q, STM32U385VGT6, STM32U385VGT6Q, STM32U535CBT6, STM32U535CBT6Q, STM32U535CBU6, STM32U535CBU6Q, STM32U535CCT6, STM32U535CCT6Q, STM32U535CCU6, STM32U535CCU6Q, STM32U535CET6, STM32U535CET6Q, STM32U535CEU6, STM32U535CEU6Q, STM32U535JEY6QTR, STM32U535NCY6QTR, STM32U535NEY6QTR, STM32U535RBI6, STM32U535RBI6Q, STM32U535RBT6, STM32U535RBT6Q, STM32U535RCI6, STM32U535RCI6Q, STM32U535RCT6, STM32U535RCT6Q, STM32U535REI6, STM32U535REI6Q, STM32U535RET6, STM32U535RET6Q, STM32U535VCI6, STM32U535VCI6Q, STM32U535VCT6, STM32U535VCT6Q, STM32U535VEI6, STM32U535VEI6Q, STM32U535VET6, STM32U535VET6Q, STM32U545CET6, STM32U545CET6Q, STM32U545CEU6, STM32U545CEU6Q, STM32U545JEY6QTR, STM32U545NEY6QTR, STM32U545REI6, STM32U545REI6Q, STM32U545RET6, STM32U545RET6Q, STM32U545VEI6, STM32U545VEI6Q, STM32U545VET6, STM32U545VET6Q, STM32U595AIH6, STM32U595AIH6Q, STM32U595AJH6, STM32U595AJH6Q, STM32U595QII6, STM32U595QII6Q, STM32U595QJI6, STM32U595QJI6Q, STM32U595RIT6, STM32U595RIT6Q, STM32U595RJT6, STM32U595RJT6Q, STM32U595VIT6, STM32U595VIT6Q, STM32U595VJT6, STM32U595VJT6Q, STM32U595ZIT6, STM32U595ZIT6Q, STM32U595ZIY6QTR, STM32U595ZJT6, STM32U595ZJT6Q, STM32U595ZJY6QTR, STM32U599BJY6QTR, STM32U599NIH6Q, STM32U599NJH6Q, STM32U599VIT6Q, STM32U599VJT6, STM32U599VJT6Q, STM32U599ZIT6Q, STM32U599ZIY6QTR, STM32U599ZJT6Q, STM32U599ZJY6QTR, STM32U5A5AJH6, STM32U5A5AJH6Q, STM32U5A5QII3Q , STM32U5A5QJI6, STM32U5A5QJI6Q, STM32U5A5RJT6, STM32U5A5RJT6Q, STM32U5A5VJT6, STM32U5A5VJT6Q, STM32U5A5ZJT6, STM32U5A5ZJT6Q, STM32U5A5ZJY6QTR, STM32U5A9BJY6QTR, STM32U5A9J-DK, STM32U5A9NJH6Q, STM32U5A9VJT6Q, STM32U5A9ZJT6Q, STM32U5A9ZJY6QTR, STM32U5F7VIT6, STM32U5F7VIT6Q, STM32U5F7VJT6, STM32U5F7VJT6Q, STM32U5F9BJY6QTR, STM32U5F9NJH6Q, STM32U5F9VIT6Q, STM32U5F9VJT6Q, STM32U5F9ZIJ6QTR, STM32U5F9ZIT6Q, STM32U5F9ZJJ6QTR, STM32U5F9ZJT6Q, STM32U5G7VJT6, STM32U5G7VJT6Q, STM32U5G9BJY6QTR, STM32U5G9J-DK1, STM32U5G9J-DK2, STM32U5G9NJH6Q, STM32U5G9VJT6Q, STM32U5G9ZJJ6QTR, STM32U5G9ZJT6Q, STM32WB05KZV6TR, STM32WB05KZV7TR, STM32WB05TZF6TR, STM32WB05TZF7TR, STM32WB06CCF6TR, STM32WB06CCF7TR, STM32WB06CCV6TR, STM32WB06CCV7TR, STM32WB06KCV6TR, STM32WB06KCV7TR, STM32WB07CCF6TR, STM32WB07CCF7TR, STM32WB07CCV6TR, STM32WB07CCV7TR, STM32WB07KCV6TR, STM32WB07KCV7TR, STM32WB09KEV6TR, STM32WB09KEV7TR, STM32WB09TEF6TR, STM32WB09TEF7TR, STM32WB1MMCH6, STM32WBA50KGU6, STM32WBA50KGU6TR, STM32WBA52CEU6, STM32WBA52CEU6TR, STM32WBA52CEU7, STM32WBA52CEU7TR, STM32WBA52CGU6, STM32WBA52CGU6TR, STM32WBA52CGU6U, STM32WBA52CGU7, STM32WBA52CGU7TR, STM32WBA52KEU6, STM32WBA52KEU6TR, STM32WBA52KGU6, STM32WBA52KGU6TR, STM32WBA54CEU6, STM32WBA54CEU6TR, STM32WBA54CEU7, STM32WBA54CEU7TR, STM32WBA54CGU6, STM32WBA54CGU6TR, STM32WBA54CGU7, STM32WBA54CGU7TR, STM32WBA54KEU6, STM32WBA54KEU6TR, STM32WBA54KEU7, STM32WBA54KEU7TR, STM32WBA54KGU6, STM32WBA54KGU6TR, STM32WBA54KGU7, STM32WBA54KGU7TR, STM32WBA55CEU6, STM32WBA55CEU6TR, STM32WBA55CEU7, STM32WBA55CEU7TR, STM32WBA55CGU6, STM32WBA55CGU6TR, STM32WBA55CGU6U, STM32WBA55CGU7, STM32WBA55CGU7TR, STM32WBA55G-DK1, STM32WBA55HEF6, STM32WBA55HEF7, STM32WBA55HGF6, STM32WBA55HGF7, STM32WBA55UEI6, STM32WBA55UEI6TR, STM32WBA55UEI7, STM32WBA55UEI7TR, STM32WBA55UGI6, STM32WBA55UGI6TR, STM32WBA55UGI7, STM32WBA55UGI7TR, STM32WBA5MJGH6TR, STM32WBA62CGU6, STM32WBA62CIU6, STM32WBA62MGF6, STM32WBA62MIF6, STM32WBA62PGI6, STM32WBA62PII6, STM32WBA63CGU6, STM32WBA63CGU7, STM32WBA63CIU6, STM32WBA63CIU7, STM32WBA64CGU6, STM32WBA64CGU7, STM32WBA64CIU6, STM32WBA64CIU7, STM32WBA65CGU6, STM32WBA65CGU7, STM32WBA65CIU6, STM32WBA65CIU7, STM32WBA65I-DK1, STM32WBA65MGF6, STM32WBA65MGF7, STM32WBA65MIF6, STM32WBA65MIF7, STM32WBA65PGI6, STM32WBA65PGI7, STM32WBA65PII6, STM32WBA65PII7, STM32WBA65RGV6, STM32WBA65RGV7, STM32WBA65RIV6, STM32WBA65RIV7, STM32WL30K8V6, STM32WL30KBV6, STM32WL31C8V6, STM32WL31CBV6, STM32WL31K8V6, STM32WL31KBV6, STM32WL33C8V6, STM32WL33C8V6TR, STM32WL33C8V7, STM32WL33C8V7TR, STM32WL33CBV6, STM32WL33CBV6TR, STM32WL33CBV7, STM32WL33CBV7TR, STM32WL33CCV6, STM32WL33CCV6TR, STM32WL33CCV7, STM32WL33CCV7A, STM32WL33CCV7ATR, STM32WL33CCV7TR, STM32WL33K8V6, STM32WL33K8V6TR, STM32WL33K8V7, STM32WL33K8V7TR, STM32WL33KBV6, STM32WL33KBV6TR, STM32WL33KBV7, STM32WL33KBV7TR, STM32WL33KCV6, STM32WL33KCV6TR, STM32WL33KCV7, STM32WL33KCV7TR, STM32WL5MOCH6, STM32WL5MOCH6TR]
2026-04-28 23:09:02,155 [INFO] DbMcus:218 - Found 5051 MCUs, 4964 are supported
2026-04-28 23:09:02,157 [INFO] ApiDb:423 - Load user favorites file C:\Users\salem/.stm32cubeide/favorites.mcus.txt: 0 item(s)
2026-04-28 23:09:02,157 [INFO] ApiDb:427 - User favorites MCUs=[]
2026-04-28 23:09:02,157 [INFO] DbMcus:224 - Set 0 / 0 favorites MCUs
2026-04-28 23:09:02,527 [INFO] BoardInfo:889 - No configuration file found for board NUCLEO-H5E5ZJ
2026-04-28 23:09:02,528 [INFO] DbBoards:161 - Board is not supported: NUCLEO-H5E5ZJ
2026-04-28 23:09:02,574 [INFO] BoardInfo:889 - No configuration file found for board NUCLEO-U3C5ZI-Q
2026-04-28 23:09:02,575 [INFO] DbBoards:161 - Board is not supported: NUCLEO-U3C5ZI-Q
2026-04-28 23:09:02,589 [INFO] BoardInfo:889 - No configuration file found for board NUCLEO-WBA25CE1
2026-04-28 23:09:02,590 [INFO] DbBoards:161 - Board is not supported: NUCLEO-WBA25CE1
2026-04-28 23:09:02,598 [INFO] BoardInfo:889 - No configuration file found for board NUCLEO-WL3RKB1
2026-04-28 23:09:02,599 [INFO] DbBoards:161 - Board is not supported: NUCLEO-WL3RKB1
2026-04-28 23:09:02,600 [INFO] BoardInfo:889 - No configuration file found for board NUCLEO-WL3RKB2
2026-04-28 23:09:02,601 [INFO] DbBoards:161 - Board is not supported: NUCLEO-WL3RKB2
2026-04-28 23:09:02,608 [INFO] BoardInfo:889 - No configuration file found for board P-NUCLEO-WB55
2026-04-28 23:09:02,609 [INFO] DbBoards:161 - Kit is not supported: P-NUCLEO-WB55
2026-04-28 23:09:02,614 [INFO] BoardInfo:889 - No configuration file found for board STEVAL-BFA001V1B
2026-04-28 23:09:02,616 [INFO] DbBoards:161 - Kit is not supported: STEVAL-BFA001V1B
2026-04-28 23:09:02,617 [INFO] BoardInfo:889 - No configuration file found for board STEVAL-BFA001V2B
2026-04-28 23:09:02,618 [INFO] DbBoards:161 - Kit is not supported: STEVAL-BFA001V2B
2026-04-28 23:09:02,714 [INFO] BoardInfo:889 - No configuration file found for board STM32H5F5J-DK
2026-04-28 23:09:02,715 [INFO] DbBoards:161 - Board is not supported: STM32H5F5J-DK
2026-04-28 23:09:02,732 [ERROR] LogOutputStream:75 - [STDERR_REDIRECT] [Fatal Error] :1:1: Premature end of file.
2026-04-28 23:09:02,732 [ERROR] LogOutputStream:75 - [STDERR_REDIRECT] 
2026-04-28 23:09:02,768 [INFO] BoardInfo:889 - No configuration file found for board STM32MP215F-DK
2026-04-28 23:09:02,769 [INFO] DbBoards:161 - Board is not supported: STM32MP215F-DK
2026-04-28 23:09:02,787 [INFO] DbBoards:168 - Found 218 boards, 208 are supported
2026-04-28 23:09:02,787 [INFO] DbBoards:169 - Found 218 boards, 43 of them is supported for  Bsp
2026-04-28 23:09:02,793 [INFO] ApiDb:423 - Load user favorites file C:\Users\salem/.stm32cubeide/favorites.boards.txt: 0 item(s)
2026-04-28 23:09:02,793 [INFO] ApiDb:427 - User favorites Boards=[]
2026-04-28 23:09:02,793 [INFO] DbBoards:198 - Set 0 / 0 favorites Boards
2026-04-28 23:09:02,848 [INFO] UtilMem:75 - End LoadConfig() Used Memory: 277808704 Bytes (350224384)
2026-04-28 23:09:02,973 [WARN] ThirdParty:833 - waiting for thirdparty lock release [change project]
2026-04-28 23:09:02,973 [INFO] ThirdParty:835 - entering critical section [change project]
2026-04-28 23:09:02,973 [INFO] ThirdParty:1030 - CMSIS Pack Vendor :STMicroelectronics X-CUBE-AZRTOS-H7 3.5.0
2026-04-28 23:09:02,973 [INFO] ThirdParty:1030 - CMSIS Pack Vendor :STMicroelectronics X-CUBE-PM33A1 1.0.0
2026-04-28 23:09:02,973 [INFO] ThirdParty:1030 - CMSIS Pack Vendor :STMicroelectronics USBPD 4.1
2026-04-28 23:09:02,973 [INFO] ThirdParty:1030 - CMSIS Pack Vendor :STMicroelectronics USB_HOST 2.0.0
2026-04-28 23:09:02,973 [INFO] ThirdParty:1030 - CMSIS Pack Vendor :STMicroelectronics FP-SNS-MOTENVWB1 1.4.0
2026-04-28 23:09:02,973 [INFO] ThirdParty:1030 - CMSIS Pack Vendor :STMicroelectronics X-CUBE-AZRTOS-F4 1.1.0
2026-04-28 23:09:02,973 [INFO] ThirdParty:1030 - CMSIS Pack Vendor :STMicroelectronics LIBJPEG 8.0.0
2026-04-28 23:09:02,973 [INFO] ThirdParty:1030 - CMSIS Pack Vendor :STMicroelectronics FP-ATR-ASTRA1 2.0.2
2026-04-28 23:09:02,973 [INFO] ThirdParty:1030 - CMSIS Pack Vendor :STMicroelectronics FP-ATR-ASTRA1 2.0.1
2026-04-28 23:09:02,973 [INFO] ThirdParty:1030 - CMSIS Pack Vendor :Avnet-IotConnect X-CUBE-IoTC-DA16k-PMOD 1.0.0
2026-04-28 23:09:02,973 [INFO] ThirdParty:1030 - CMSIS Pack Vendor :STMicroelectronics X-CUBE-SMBUS 2.1.0
2026-04-28 23:09:02,973 [INFO] ThirdParty:1030 - CMSIS Pack Vendor :STMicroelectronics X-CUBE-WB05N 1.1.0
2026-04-28 23:09:02,973 [INFO] ThirdParty:1030 - CMSIS Pack Vendor :STMicroelectronics X-CUBE-ISPU 2.1.0
2026-04-28 23:09:02,973 [INFO] ThirdParty:1030 - CMSIS Pack Vendor :STMicroelectronics eDS-WB_DPC_TT-BIDIR 2.1.1
2026-04-28 23:09:02,973 [INFO] ThirdParty:1030 - CMSIS Pack Vendor :STMicroelectronics X-CUBE-ST60 1.0.0
2026-04-28 23:09:02,973 [INFO] ThirdParty:1030 - CMSIS Pack Vendor :STMicroelectronics X-CUBE-NFC12 1.0.0
2026-04-28 23:09:02,973 [INFO] ThirdParty:1030 - CMSIS Pack Vendor :STMicroelectronics X-CUBE-AZRTOS-F7 1.1.0
2026-04-28 23:09:02,973 [INFO] ThirdParty:1030 - CMSIS Pack Vendor :STMicroelectronics X-CUBE-AZRTOS-L5 2.0.0
2026-04-28 23:09:02,973 [INFO] ThirdParty:1030 - CMSIS Pack Vendor :STMicroelectronics USB_DEVICE 2.0.0
2026-04-28 23:09:02,973 [INFO] ThirdParty:1030 - CMSIS Pack Vendor :STMicroelectronics X-CUBE-NFC6 3.1.0
2026-04-28 23:09:02,973 [INFO] ThirdParty:1030 - CMSIS Pack Vendor :Cesanta I-CUBE-Mongoose 7.19.0
2026-04-28 23:09:02,973 [INFO] ThirdParty:1030 - CMSIS Pack Vendor :STMicroelectronics X-CUBE-MEMS1 11.0.0
2026-04-28 23:09:02,973 [INFO] ThirdParty:1030 - CMSIS Pack Vendor :STMicroelectronics FreeRTOS 0.0.1
2026-04-28 23:09:02,973 [INFO] ThirdParty:1030 - CMSIS Pack Vendor :STMicroelectronics X-CUBE-DPower 1.2.0
2026-04-28 23:09:02,973 [INFO] ThirdParty:1030 - CMSIS Pack Vendor :STMicroelectronics eDS-WB_DPC_VIENNA 1.2.0
2026-04-28 23:09:02,973 [INFO] ThirdParty:1030 - CMSIS Pack Vendor :STMicroelectronics FP-SNS-FLIGHT1 5.0.2
2026-04-28 23:09:02,973 [INFO] ThirdParty:1030 - CMSIS Pack Vendor :STMicroelectronics eDS-WB_DPC_3PH2L-BIDIR 1.1.1
2026-04-28 23:09:02,974 [INFO] ThirdParty:1030 - CMSIS Pack Vendor :Infineon AIROC-Wi-Fi-Bluetooth-STM32 1.7.0
2026-04-28 23:09:02,974 [INFO] ThirdParty:1030 - CMSIS Pack Vendor :Infineon AIROC-Wi-Fi-Bluetooth-STM32 1.7.1
2026-04-28 23:09:02,974 [INFO] ThirdParty:1030 - CMSIS Pack Vendor :STMicroelectronics PDM2PCM 3.3.0
2026-04-28 23:09:02,974 [INFO] ThirdParty:1030 - CMSIS Pack Vendor :STMicroelectronics X-CUBE-AZRTOS-H7 3.4.0
2026-04-28 23:09:02,974 [INFO] ThirdParty:1030 - CMSIS Pack Vendor :STMicroelectronics X-CUBE-DISPLAY 3.0.0
2026-04-28 23:09:02,974 [INFO] ThirdParty:1030 - CMSIS Pack Vendor :STMicroelectronics X-CUBE-BLE1 7.0.0
2026-04-28 23:09:02,974 [INFO] ThirdParty:1030 - CMSIS Pack Vendor :STMicroelectronics X-CUBE-NFC10 1.0.0
2026-04-28 23:09:02,974 [INFO] ThirdParty:1030 - CMSIS Pack Vendor :STMicroelectronics X-CUBE-BLEMGR 4.0.0
2026-04-28 23:09:02,974 [INFO] ThirdParty:1030 - CMSIS Pack Vendor :STMicroelectronics X-CUBE-FREERTOS 1.3.1
2026-04-28 23:09:02,974 [INFO] ThirdParty:1030 - CMSIS Pack Vendor :STMicroelectronics HAL Drivers 0.0.0
2026-04-28 23:09:02,974 [INFO] ThirdParty:1030 - CMSIS Pack Vendor :STMicroelectronics X-CUBE-ST60 1.1.0
2026-04-28 23:09:02,974 [INFO] ThirdParty:1030 - CMSIS Pack Vendor :emotas I-CUBE-CANOPEN 1.3.0
2026-04-28 23:09:02,974 [INFO] ThirdParty:1030 - CMSIS Pack Vendor :STMicroelectronics X-CUBE-FREERTOS 1.3.0
2026-04-28 23:09:02,974 [INFO] ThirdParty:1030 - CMSIS Pack Vendor :STMicroelectronics X-CUBE-NFC7 1.0.1
2026-04-28 23:09:02,974 [INFO] ThirdParty:1030 - CMSIS Pack Vendor :STMicroelectronics MBEDTLS 2.14.1
2026-04-28 23:09:02,974 [INFO] ThirdParty:1030 - CMSIS Pack Vendor :STMicroelectronics X-CUBE-GNSS1 7.1.0
2026-04-28 23:09:02,974 [INFO] ThirdParty:1030 - CMSIS Pack Vendor :STMicroelectronics X-CUBE-TOUCHGFX 4.26.0
2026-04-28 23:09:02,974 [INFO] ThirdParty:1030 - CMSIS Pack Vendor :STMicroelectronics X-CUBE-TOUCHGFX 4.26.1
2026-04-28 23:09:02,974 [INFO] ThirdParty:1030 - CMSIS Pack Vendor :STMicroelectronics X-CUBE-AI 10.0.0
2026-04-28 23:09:02,974 [INFO] ThirdParty:1030 - CMSIS Pack Vendor :STMicroelectronics FP-SNS-STAIOTCFT 1.0.0
2026-04-28 23:09:02,974 [INFO] ThirdParty:1030 - CMSIS Pack Vendor :STMicroelectronics FP-SNS-SMARTAG2 1.2.0
2026-04-28 23:09:02,974 [INFO] ThirdParty:1030 - CMSIS Pack Vendor :STMicroelectronics FP-SNS-FLIGHT1 5.1.0
2026-04-28 23:09:02,974 [INFO] ThirdParty:1030 - CMSIS Pack Vendor :STMicroelectronics X-CUBE-MEMS1 11.1.0
2026-04-28 23:09:02,974 [INFO] ThirdParty:1030 - CMSIS Pack Vendor :STMicroelectronics X-CUBE-AZRTOS-WL 2.0.0
2026-04-28 23:09:02,974 [INFO] ThirdParty:1030 - CMSIS Pack Vendor :STMicroelectronics X-CUBE-DPower 1.3.0
2026-04-28 23:09:02,974 [INFO] ThirdParty:1030 - CMSIS Pack Vendor :STMicroelectronics FP-SNS-MOTENV1 5.0.0
2026-04-28 23:09:02,974 [INFO] ThirdParty:1030 - CMSIS Pack Vendor :STMicroelectronics USB_DEVICE 1.0.0
2026-04-28 23:09:02,974 [INFO] ThirdParty:1030 - CMSIS Pack Vendor :STMicroelectronics X-CUBE-AZRTOS-H7RS 1.2.0
2026-04-28 23:09:02,974 [INFO] ThirdParty:1030 - CMSIS Pack Vendor :wolfSSL I-CUBE-wolfMQTT 1.19.0
2026-04-28 23:09:02,974 [INFO] ThirdParty:1030 - CMSIS Pack Vendor :STMicroelectronics X-CUBE-AZRTOS-L4 2.0.0
2026-04-28 23:09:02,974 [INFO] ThirdParty:1030 - CMSIS Pack Vendor :STMicroelectronics ThreadX 0.0.2
2026-04-28 23:09:02,974 [INFO] ThirdParty:1030 - CMSIS Pack Vendor :WES I-CUBE-Cesium 1.3.0
2026-04-28 23:09:02,974 [INFO] ThirdParty:1030 - CMSIS Pack Vendor :STMicroelectronics lwIP 2.1.2
2026-04-28 23:09:02,974 [INFO] ThirdParty:1030 - CMSIS Pack Vendor :STMicroelectronics X-CUBE-SFXS2LP1 4.0.0
2026-04-28 23:09:02,974 [INFO] ThirdParty:1030 - CMSIS Pack Vendor :STMicroelectronics X-CUBE-BLE2 3.3.0
2026-04-28 23:09:02,974 [INFO] ThirdParty:1030 - CMSIS Pack Vendor :Avnet-IOTCONNECT X-CUBE-iotc-st67-sdk 1.0.0
2026-04-28 23:09:02,974 [INFO] ThirdParty:1030 - CMSIS Pack Vendor :STMicroelectronics PDM2PCM 3.2.0
2026-04-28 23:09:02,974 [INFO] ThirdParty:1030 - CMSIS Pack Vendor :STMicroelectronics X-CUBE-WB05N 2.1.0
2026-04-28 23:09:02,974 [INFO] ThirdParty:1030 - CMSIS Pack Vendor :STMicroelectronics X-CUBE-AZRTOS-H7 3.3.0
2026-04-28 23:09:02,974 [INFO] ThirdParty:1030 - CMSIS Pack Vendor :STMicroelectronics X-CUBE-NFC9 1.0.0
2026-04-28 23:09:02,974 [INFO] ThirdParty:1030 - CMSIS Pack Vendor :wolfSSL I-CUBE-wolfSSL 5.8.2
2026-04-28 23:09:02,975 [INFO] ThirdParty:1030 - CMSIS Pack Vendor :STMicroelectronics X-CUBE-BLE1 7.1.0
2026-04-28 23:09:02,975 [INFO] ThirdParty:1030 - CMSIS Pack Vendor :wolfSSL I-CUBE-wolfMQTT 1.19.2
2026-04-28 23:09:02,975 [INFO] ThirdParty:1030 - CMSIS Pack Vendor :STMicroelectronics USB_DEVICE 3.0.0
2026-04-28 23:09:02,975 [INFO] ThirdParty:1030 - CMSIS Pack Vendor :STMicroelectronics X-CUBE-EEPRMA1 5.2.0
2026-04-28 23:09:02,975 [INFO] ThirdParty:1030 - CMSIS Pack Vendor :STMicroelectronics X-CUBE-BLEMGR 4.1.0
2026-04-28 23:09:02,975 [INFO] ThirdParty:1030 - CMSIS Pack Vendor :STMicroelectronics X-CUBE-IPS 3.0.0
2026-04-28 23:09:02,975 [INFO] ThirdParty:1030 - CMSIS Pack Vendor :STMicroelectronics X-CUBE-AZRTOS-WB 2.0.0
2026-04-28 23:09:02,975 [INFO] ThirdParty:1030 - CMSIS Pack Vendor :STMicroelectronics X-CUBE-GNSS1 7.0.0
2026-04-28 23:09:02,975 [INFO] ThirdParty:1030 - CMSIS Pack Vendor :STMicroelectronics X-CUBE-GNSS1 7.0.1
2026-04-28 23:09:02,975 [INFO] ThirdParty:1030 - CMSIS Pack Vendor :STMicroelectronics X-CUBE-TOUCHGFX 4.25.0
2026-04-28 23:09:02,975 [INFO] ThirdParty:1030 - CMSIS Pack Vendor :STMicroelectronics X-CUBE-AI 10.1.0
2026-04-28 23:09:02,975 [INFO] ThirdParty:1030 - CMSIS Pack Vendor :STMicroelectronics FP-SNS-STBOX1 2.0.0
2026-04-28 23:09:02,975 [INFO] ThirdParty:1030 - CMSIS Pack Vendor :quantropi X-CUBE-qispace-sdk-base 2.1.0
2026-04-28 23:09:02,975 [INFO] ThirdParty:1030 - CMSIS Pack Vendor :STMicroelectronics X-CUBE-MEMS1 12.0.0
2026-04-28 23:09:02,975 [INFO] ThirdParty:1030 - CMSIS Pack Vendor :STMicroelectronics X-CUBE-STSE01 2.0.0
2026-04-28 23:09:02,975 [INFO] ThirdParty:1030 - CMSIS Pack Vendor :STMicroelectronics X-CUBE-MEMS1 11.2.0
2026-04-28 23:09:02,975 [INFO] ThirdParty:1030 - CMSIS Pack Vendor :STMicroelectronics X-CUBE-AZRTOS-G0 1.1.0
2026-04-28 23:09:02,975 [INFO] ThirdParty:1030 - CMSIS Pack Vendor :STMicroelectronics X-CUBE-SAFEA1 1.2.2
2026-04-28 23:09:02,975 [INFO] ThirdParty:1030 - CMSIS Pack Vendor :STMicroelectronics X-CUBE-NFC4 3.0.0
2026-04-28 23:09:02,975 [INFO] ThirdParty:1030 - CMSIS Pack Vendor :STMicroelectronics X-CUBE-SUBG2 5.0.0
2026-04-28 23:09:02,975 [INFO] ThirdParty:1030 - CMSIS Pack Vendor :STMicroelectronics X-CUBE-AZRTOS-H7RS 1.1.0
2026-04-28 23:09:02,975 [INFO] ThirdParty:1030 - CMSIS Pack Vendor :STMicroelectronics STM32_WPAN 1.0.0
2026-04-28 23:09:02,975 [INFO] ThirdParty:1030 - CMSIS Pack Vendor :EmbeddedOffice I-CUBE-FS-RTOS 1.0.1
2026-04-28 23:09:02,975 [INFO] ThirdParty:1030 - CMSIS Pack Vendor :STMicroelectronics lwIP 2.0.3
2026-04-28 23:09:02,975 [INFO] ThirdParty:1030 - CMSIS Pack Vendor :Cesanta I-CUBE-Mongoose 7.13.0
2026-04-28 23:09:02,975 [INFO] ThirdParty:1030 - CMSIS Pack Vendor :STMicroelectronics USB_HOST 1.0.0
2026-04-28 23:09:02,975 [INFO] ThirdParty:1030 - CMSIS Pack Vendor :STMicroelectronics X-CUBE-AZRTOS-G4 2.0.0
2026-04-28 23:09:02,975 [INFO] ThirdParty:1030 - CMSIS Pack Vendor :STMicroelectronics X-CUBE-WB05N 2.0.0
2026-04-28 23:09:02,975 [INFO] ThirdParty:1030 - CMSIS Pack Vendor :STMicroelectronics PDM2PCM 3.1.0
2026-04-28 23:09:02,975 [INFO] ThirdParty:1030 - CMSIS Pack Vendor :wolfSSL I-CUBE-wolfTPM 3.8.0
2026-04-28 23:09:02,975 [INFO] ThirdParty:1030 - CMSIS Pack Vendor :wolfSSL I-CUBE-wolfSSH 1.4.20
2026-04-28 23:09:02,975 [INFO] ThirdParty:1030 - CMSIS Pack Vendor :STMicroelectronics X-CUBE-NFC7 2.0.0
2026-04-28 23:09:02,975 [INFO] ThirdParty:1030 - CMSIS Pack Vendor :STMicroelectronics X-CUBE-TCPP 4.2.0
2026-04-28 23:09:02,975 [INFO] ThirdParty:1030 - CMSIS Pack Vendor :RealThread X-CUBE-RT-Thread_Nano 4.1.1
2026-04-28 23:09:02,975 [INFO] ThirdParty:1030 - CMSIS Pack Vendor :STMicroelectronics FP-ATR-SIGFOX1 3.2.0
2026-04-28 23:09:02,975 [INFO] ThirdParty:1030 - CMSIS Pack Vendor :quantropi X-CUBE-qispace-sdk-base 1.9.3
2026-04-28 23:09:02,975 [INFO] ThirdParty:1030 - CMSIS Pack Vendor :STMicroelectronics X-CUBE-EEPRMA1 5.1.0
2026-04-28 23:09:02,975 [INFO] ThirdParty:1030 - CMSIS Pack Vendor :STMicroelectronics MBEDTLS 2.16.2
2026-04-28 23:09:02,975 [INFO] ThirdParty:1030 - CMSIS Pack Vendor :STMicroelectronics X-CUBE-IPS 3.1.0
2026-04-28 23:09:02,975 [INFO] ThirdParty:1030 - CMSIS Pack Vendor :STMicroelectronics X-CUBE-ALS 1.0.2
2026-04-28 23:09:02,975 [INFO] ThirdParty:1030 - CMSIS Pack Vendor :wolfSSL I-CUBE-wolfSSL 5.7.4
2026-04-28 23:09:02,975 [INFO] ThirdParty:1030 - CMSIS Pack Vendor :wolfSSL I-CUBE-wolfSSL 5.7.6
2026-04-28 23:09:02,975 [INFO] ThirdParty:1030 - CMSIS Pack Vendor :ITTIA_DB I-CUBE-ITTIADB 8.9.0
2026-04-28 23:09:02,975 [INFO] ThirdParty:1030 - CMSIS Pack Vendor :STMicroelectronics X-CUBE-TOUCHGFX 4.24.2
2026-04-28 23:09:02,975 [INFO] ThirdParty:1030 - CMSIS Pack Vendor :STMicroelectronics X-CUBE-TOUCHGFX 4.24.1
2026-04-28 23:09:02,975 [INFO] ThirdParty:1030 - CMSIS Pack Vendor :STMicroelectronics X-CUBE-STSE01 1.0.0
2026-04-28 23:09:02,975 [INFO] ThirdParty:1030 - CMSIS Pack Vendor :wolfSSL I-CUBE-wolfTPM 3.4.0
2026-04-28 23:09:02,976 [INFO] ThirdParty:1030 - CMSIS Pack Vendor :portGmbH I-Cube-SoM-uGOAL 1.1.0
2026-04-28 23:09:02,976 [INFO] ThirdParty:1030 - CMSIS Pack Vendor :STMicroelectronics X-CUBE-NFC6 3.2.0
2026-04-28 23:09:02,976 [INFO] ThirdParty:1030 - CMSIS Pack Vendor :STMicroelectronics X-CUBE-ST67W61 1.0.0
2026-04-28 23:09:02,976 [INFO] ThirdParty:1030 - CMSIS Pack Vendor :STMicroelectronics X-CUBE-AI 10.2.0
2026-04-28 23:09:02,976 [INFO] ThirdParty:1030 - CMSIS Pack Vendor :STMicroelectronics ThreadX 1.0.0
2026-04-28 23:09:02,976 [INFO] ThirdParty:1030 - CMSIS Pack Vendor :SEGGER I-CUBE-embOS 1.3.1
2026-04-28 23:09:02,976 [INFO] ThirdParty:1030 - CMSIS Pack Vendor :STMicroelectronics X-CUBE-ALGOBUILD 1.4.0
2026-04-28 23:09:02,976 [INFO] ThirdParty:1030 - CMSIS Pack Vendor :STMicroelectronics X-CUBE-MEMS1 11.3.0
2026-04-28 23:09:02,976 [INFO] ThirdParty:1030 - CMSIS Pack Vendor :STMicroelectronics X-CUBE-AZRTOS-H7RS 1.0.0
2026-04-28 23:09:02,976 [INFO] ThirdParty:1030 - CMSIS Pack Vendor :STMicroelectronics X-CUBE-TOF1 3.4.2
2026-04-28 23:09:02,976 [INFO] ThirdParty:1030 - CMSIS Pack Vendor :STMicroelectronics X-CUBE-TOF1 3.4.3
2026-04-28 23:09:02,976 [INFO] ThirdParty:1030 - CMSIS Pack Vendor :STMicroelectronics X-CUBE-AI 9.1.0
2026-04-28 23:09:02,976 [INFO] ThirdParty:1030 - CMSIS Pack Vendor :wolfSSL I-CUBE-wolfSSH 1.4.17
2026-04-28 23:09:02,976 [INFO] ThirdParty:841 - exiting critical section [change project]
2026-04-28 23:09:03,276 [INFO] PinOutPanel:1589 - setPackage(No Configuration,No Configuration)
2026-04-28 23:09:03,278 [INFO] PinOutPanel:1589 - setPackage(STM32L072CZTx,LQFP48)
2026-04-28 23:09:03,600 [INFO] UtilMem:75 - Before build in PCC Used Memory: 212066144 Bytes (379584512)
2026-04-28 23:09:03,735 [ERROR] LogOutputStream:75 - [STDERR_REDIRECT] [Fatal Error] :1:1: Premature end of file.
2026-04-28 23:09:03,735 [ERROR] LogOutputStream:75 - [STDERR_REDIRECT] 
2026-04-28 23:09:04,311 [INFO] UtilMem:75 - After build in PCC Used Memory: 283975432 Bytes (379584512)
2026-04-28 23:09:04,335 [INFO] IPUIPlugin:80 - create IPUIPlugin
2026-04-28 23:09:04,335 [INFO] IPUIPlugin:80 - create IPUIPlugin
2026-04-28 23:09:04,335 [INFO] IPUIPlugin:80 - create IPUIPlugin
2026-04-28 23:09:04,335 [INFO] IPUIPlugin:80 - create IPUIPlugin
2026-04-28 23:09:04,336 [INFO] IPUIPlugin:80 - create IPUIPlugin
2026-04-28 23:09:04,336 [INFO] IPUIPlugin:80 - create IPUIPlugin
2026-04-28 23:09:04,336 [INFO] IPUIPlugin:80 - create IPUIPlugin
2026-04-28 23:09:04,336 [INFO] IPUIPlugin:80 - create IPUIPlugin
2026-04-28 23:09:04,336 [INFO] IPUIPlugin:80 - create IPUIPlugin
2026-04-28 23:09:04,336 [INFO] IPUIPlugin:80 - create IPUIPlugin
2026-04-28 23:09:04,336 [INFO] IPUIPlugin:80 - create IPUIPlugin
2026-04-28 23:09:04,336 [INFO] IPUIPlugin:80 - create IPUIPlugin
2026-04-28 23:09:04,336 [INFO] IPUIPlugin:80 - create IPUIPlugin
2026-04-28 23:09:04,337 [INFO] IPUIPlugin:80 - create IPUIPlugin
2026-04-28 23:09:04,337 [INFO] IPUIPlugin:80 - create IPUIPlugin
2026-04-28 23:09:04,337 [INFO] IPUIPlugin:80 - create IPUIPlugin
2026-04-28 23:09:04,337 [INFO] IPUIPlugin:80 - create IPUIPlugin
2026-04-28 23:09:04,337 [INFO] IPUIPlugin:80 - create IPUIPlugin
2026-04-28 23:09:04,337 [INFO] IPUIPlugin:80 - create IPUIPlugin
2026-04-28 23:09:04,337 [INFO] IPUIPlugin:80 - create IPUIPlugin
2026-04-28 23:09:04,337 [INFO] IPUIPlugin:80 - create IPUIPlugin
2026-04-28 23:09:04,337 [INFO] IPUIPlugin:80 - create IPUIPlugin
2026-04-28 23:09:04,338 [INFO] IPUIPlugin:80 - create IPUIPlugin
2026-04-28 23:09:04,338 [INFO] IPUIPlugin:80 - create IPUIPlugin
2026-04-28 23:09:04,338 [INFO] IPUIPlugin:80 - create IPUIPlugin
2026-04-28 23:09:04,338 [INFO] IPUIPlugin:80 - create IPUIPlugin
2026-04-28 23:09:04,338 [INFO] IPUIPlugin:80 - create IPUIPlugin
2026-04-28 23:09:04,338 [INFO] IPUIPlugin:80 - create IPUIPlugin
2026-04-28 23:09:04,338 [INFO] IPUIPlugin:80 - create IPUIPlugin
2026-04-28 23:09:04,338 [INFO] IPUIPlugin:80 - create IPUIPlugin
2026-04-28 23:09:04,339 [INFO] IPUIPlugin:80 - create IPUIPlugin
2026-04-28 23:09:04,339 [INFO] IPUIPlugin:80 - create IPUIPlugin
2026-04-28 23:09:04,339 [INFO] IPUIPlugin:80 - create IPUIPlugin
2026-04-28 23:09:04,339 [INFO] IPUIPlugin:80 - create IPUIPlugin
2026-04-28 23:09:04,339 [INFO] IPUIPlugin:80 - create IPUIPlugin
2026-04-28 23:09:04,339 [INFO] IPUIPlugin:80 - create IPUIPlugin
2026-04-28 23:09:04,339 [INFO] IPUIPlugin:80 - create IPUIPlugin
2026-04-28 23:09:04,340 [INFO] IPUIPlugin:80 - create IPUIPlugin
2026-04-28 23:09:04,533 [INFO] CADModel:165 - CPN selected for project levelSTM32L072CZT6
2026-04-28 23:09:04,533 [INFO] CADModel:114 - Register for checkConnection events
2026-04-28 23:09:04,583 [INFO] OpenFileManager:385 - Restore cursor
2026-04-28 23:09:04,737 [ERROR] LogOutputStream:75 - [STDERR_REDIRECT] [Fatal Error] :1:1: Premature end of file.
2026-04-28 23:09:04,737 [ERROR] LogOutputStream:75 - [STDERR_REDIRECT] 
2026-04-28 23:09:05,736 [ERROR] LogOutputStream:75 - [STDERR_REDIRECT] [Fatal Error] :1:1: Premature end of file.
2026-04-28 23:09:05,736 [ERROR] LogOutputStream:75 - [STDERR_REDIRECT] 
2026-04-28 23:09:06,741 [ERROR] LogOutputStream:75 - [STDERR_REDIRECT] [Fatal Error] :1:1: Premature end of file.
2026-04-28 23:09:06,741 [ERROR] LogOutputStream:75 - [STDERR_REDIRECT] 
2026-04-28 23:09:07,739 [ERROR] LogOutputStream:75 - [STDERR_REDIRECT] [Fatal Error] :1:1: Premature end of file.
2026-04-28 23:09:07,739 [ERROR] LogOutputStream:75 - [STDERR_REDIRECT] 
2026-04-28 23:09:08,733 [ERROR] LogOutputStream:75 - [STDERR_REDIRECT] [Fatal Error] :1:1: Premature end of file.
2026-04-28 23:09:08,733 [ERROR] LogOutputStream:75 - [STDERR_REDIRECT] 
2026-04-28 23:09:09,734 [ERROR] LogOutputStream:75 - [STDERR_REDIRECT] [Fatal Error] :1:1: Premature end of file.
2026-04-28 23:09:09,734 [ERROR] LogOutputStream:75 - [STDERR_REDIRECT] 
2026-04-28 23:09:10,733 [ERROR] LogOutputStream:75 - [STDERR_REDIRECT] [Fatal Error] :1:1: Premature end of file.
2026-04-28 23:09:10,733 [ERROR] LogOutputStream:75 - [STDERR_REDIRECT] 
2026-04-28 23:09:11,735 [ERROR] LogOutputStream:75 - [STDERR_REDIRECT] [Fatal Error] :1:1: Premature end of file.
2026-04-28 23:09:11,735 [ERROR] LogOutputStream:75 - [STDERR_REDIRECT] 
2026-04-28 23:09:12,733 [ERROR] LogOutputStream:75 - [STDERR_REDIRECT] [Fatal Error] :1:1: Premature end of file.
2026-04-28 23:09:12,733 [ERROR] LogOutputStream:75 - [STDERR_REDIRECT] 
2026-04-28 23:09:13,733 [ERROR] LogOutputStream:75 - [STDERR_REDIRECT] [Fatal Error] :1:1: Premature end of file.
2026-04-28 23:09:13,733 [ERROR] LogOutputStream:75 - [STDERR_REDIRECT] 
2026-04-28 23:09:14,733 [ERROR] LogOutputStream:75 - [STDERR_REDIRECT] [Fatal Error] :1:1: Premature end of file.
2026-04-28 23:09:14,733 [ERROR] LogOutputStream:75 - [STDERR_REDIRECT] 
2026-04-28 23:09:15,731 [ERROR] LogOutputStream:75 - [STDERR_REDIRECT] [Fatal Error] :1:1: Premature end of file.
2026-04-28 23:09:15,731 [ERROR] LogOutputStream:75 - [STDERR_REDIRECT] 
2026-04-28 23:09:16,732 [ERROR] LogOutputStream:75 - [STDERR_REDIRECT] [Fatal Error] :1:1: Premature end of file.
2026-04-28 23:09:16,733 [ERROR] LogOutputStream:75 - [STDERR_REDIRECT] 
2026-04-28 23:09:17,734 [ERROR] LogOutputStream:75 - [STDERR_REDIRECT] [Fatal Error] :1:1: Premature end of file.
2026-04-28 23:09:17,734 [ERROR] LogOutputStream:75 - [STDERR_REDIRECT] 
2026-04-28 23:09:18,382 [INFO] MainUpdater:2872 - connection check result : 10
2026-04-28 23:09:18,382 [INFO] MainUpdater:2872 - connection check result : 10
2026-04-28 23:09:18,579 [INFO] MicroXplorer:468 - Change Database Path : 
2026-04-28 23:09:18,579 [INFO] MicroXplorer:498 - Change Database Version : DB.6.0.141
2026-04-28 23:09:18,590 [ERROR] ProjectManagerView:395 - 
java.lang.NullPointerException: Cannot invoke "javax.swing.JTextField.getText()" because the return value of "java.util.List.get(int)" is null
	at com.st.microxplorer.plugins.projectmanager.gui.ProjectChoiceTab$9.caretUpdate(ProjectChoiceTab.java:2678) ~[filemanager.jar:?]
	at javax.swing.text.JTextComponent.fireCaretUpdate(JTextComponent.java:408) ~[?:?]
	at javax.swing.text.JTextComponent$MutableCaretEvent.fire(JTextComponent.java:4484) ~[?:?]
	at javax.swing.text.JTextComponent$MutableCaretEvent.stateChanged(JTextComponent.java:4506) ~[?:?]
	at javax.swing.text.DefaultCaret.fireStateChanged(DefaultCaret.java:857) ~[?:?]
	at javax.swing.text.DefaultCaret.changeCaretPosition(DefaultCaret.java:1343) ~[?:?]
	at javax.swing.text.DefaultCaret.handleSetDot(DefaultCaret.java:1242) ~[?:?]
	at javax.swing.text.DefaultCaret.setDot(DefaultCaret.java:1223) ~[?:?]
	at javax.swing.text.DefaultCaret$Handler.insertUpdate(DefaultCaret.java:1819) ~[?:?]
	at javax.swing.text.AbstractDocument.fireInsertUpdate(AbstractDocument.java:227) ~[?:?]
	at javax.swing.text.AbstractDocument.handleInsertString(AbstractDocument.java:781) ~[?:?]
	at javax.swing.text.AbstractDocument.insertString(AbstractDocument.java:740) ~[?:?]
	at javax.swing.text.PlainDocument.insertString(PlainDocument.java:131) ~[?:?]
	at javax.swing.text.AbstractDocument.replace(AbstractDocument.java:699) ~[?:?]
	at javax.swing.text.JTextComponent.setText(JTextComponent.java:1725) ~[?:?]
	at com.st.microxplorer.plugins.projectmanager.gui.ProjectChoiceTab.createHeapStackFields(ProjectChoiceTab.java:979) ~[filemanager.jar:?]
	at com.st.microxplorer.plugins.projectmanager.gui.ProjectChoiceTab.buildLinkSettingsPanel(ProjectChoiceTab.java:3766) ~[filemanager.jar:?]
	at com.st.microxplorer.plugins.projectmanager.gui.ProjectChoiceTab.defineWindowsFields(ProjectChoiceTab.java:1962) ~[filemanager.jar:?]
	at com.st.microxplorer.plugins.projectmanager.gui.ProjectChoiceTab.updateSettings(ProjectChoiceTab.java:555) ~[filemanager.jar:?]
	at com.st.microxplorer.plugins.projectmanager.gui.ProjectSettingsPanel.UpdateDialog(ProjectSettingsPanel.java:245) ~[filemanager.jar:?]
	at com.st.microxplorer.plugins.projectmanager.ProjectManagerView.propertyChange(ProjectManagerView.java:392) ~[filemanager.jar:?]
	at java.beans.PropertyChangeSupport.fire(PropertyChangeSupport.java:343) ~[?:?]
	at java.beans.PropertyChangeSupport.firePropertyChange(PropertyChangeSupport.java:335) ~[?:?]
	at java.beans.PropertyChangeSupport.firePropertyChange(PropertyChangeSupport.java:268) ~[?:?]
	at com.st.microxplorer.util.MXPropertyChangeSupport.firePropertyChange(MXPropertyChangeSupport.java:54) ~[STM32CubeMX.jar:?]
	at com.st.microxplorer.mxsystem.MxSystem.closeConfig(MxSystem.java:899) ~[STM32CubeMX.jar:?]
	at com.st.microxplorer.maingui.MainPanel.closeConfig(MainPanel.java:789) ~[STM32CubeMX.jar:?]
	at com.st.microxplorer.plugins.filemanager.engine.OpenFileManager.loadConfigurationFile(OpenFileManager.java:287) ~[filemanager.jar:?]
	at com.st.microxplorer.plugins.filemanager.engine.MainFileManager.userLoadConfig(MainFileManager.java:341) ~[filemanager.jar:?]
	at com.st.microxplorer.plugins.filemanager.engine.MainFileManager.userLoadConfig(MainFileManager.java:319) ~[filemanager.jar:?]
	at com.st.microxplorer.plugins.filemanager.FileManagerView.getSpecificTask(FileManagerView.java:246) ~[filemanager.jar:?]
	at com.st.stm32cube.common.mx.editor.CubeMxEditor.getMxTabbedPaneInstance(CubeMxEditor.java:1198) ~[com.st.stm32cube.common.mx_6.14.1.202504091515/:?]
	at com.st.stm32cube.common.mx.editor.CubeMxEditor$12$1.createSwingComponent(CubeMxEditor.java:1068) ~[com.st.stm32cube.common.mx_6.14.1.202504091515/:?]
	at com.st.stm32cube.common.mx.oss.core.awtswtbridge.EmbeddedSwingComposite.doComponentCreation(EmbeddedSwingComposite.java:492) ~[com.st.stm32cube.common.mx.oss_6.14.1.202504091515/:?]
	at com.st.stm32cube.common.mx.oss.core.awtswtbridge.EmbeddedSwingComposite$4.run(EmbeddedSwingComposite.java:291) ~[com.st.stm32cube.common.mx.oss_6.14.1.202504091515/:?]
	at com.st.stm32cube.common.mx.oss.core.awtswtbridge.AwtEnvironment$2.run(AwtEnvironment.java:166) ~[com.st.stm32cube.common.mx.oss_6.14.1.202504091515/:?]
	at java.awt.event.InvocationEvent.dispatch(InvocationEvent.java:318) ~[?:?]
	at java.awt.EventQueue.dispatchEventImpl(EventQueue.java:773) ~[?:?]
	at java.awt.EventQueue$4.run(EventQueue.java:720) ~[?:?]
	at java.awt.EventQueue$4.run(EventQueue.java:714) ~[?:?]
	at java.security.AccessController.doPrivileged(AccessController.java:400) ~[?:?]
	at java.security.ProtectionDomain$JavaSecurityAccessImpl.doIntersectionPrivilege(ProtectionDomain.java:87) ~[?:?]
	at java.awt.EventQueue.dispatchEvent(EventQueue.java:742) ~[?:?]
	at java.awt.EventDispatchThread.pumpOneEventForFilters(EventDispatchThread.java:203) ~[?:?]
	at java.awt.EventDispatchThread.pumpEventsForFilter(EventDispatchThread.java:124) ~[?:?]
	at java.awt.EventDispatchThread.pumpEventsForHierarchy(EventDispatchThread.java:113) ~[?:?]
	at java.awt.EventDispatchThread.pumpEvents(EventDispatchThread.java:109) ~[?:?]
	at java.awt.EventDispatchThread.pumpEvents(EventDispatchThread.java:101) ~[?:?]
	at java.awt.EventDispatchThread.run(EventDispatchThread.java:90) ~[?:?]
2026-04-28 23:09:18,598 [WARN] ThirdParty:871 - waiting for thirdparty lock release [close project]
2026-04-28 23:09:18,598 [INFO] ThirdParty:873 - entering critical section [close project]
2026-04-28 23:09:18,598 [INFO] ThirdParty:883 - exiting critical section [close project]
2026-04-28 23:09:18,600 [INFO] PinOutPanel:1589 - setPackage(No Configuration,No Configuration)
2026-04-28 23:09:18,609 [INFO] UtilMem:75 - Begin LoadConfig() Used Memory: 326784304 Bytes (419430400)
2026-04-28 23:09:18,609 [INFO] MicroXplorer:468 - Change Database Path : 
2026-04-28 23:09:18,609 [INFO] MicroXplorer:498 - Change Database Version : DB.6.0.141
2026-04-28 23:09:18,609 [INFO] OpenFileManager:354 - Change cursor
2026-04-28 23:09:18,615 [INFO] Mcu:2011 - Initializing MCU STM32L072C(B-Z)Tx STM32L072CZTx STM32L072CZT6
2026-04-28 23:09:18,738 [ERROR] LogOutputStream:75 - [STDERR_REDIRECT] [Fatal Error] :1:1: Premature end of file.
2026-04-28 23:09:18,738 [ERROR] LogOutputStream:75 - [STDERR_REDIRECT] 
2026-04-28 23:09:19,180 [INFO] Context:756 - Trying to add GPIOservice into a context  which must be forbidden
2026-04-28 23:09:19,306 [INFO] ImportTextPane:218 - (OptionalMessage_ERROR) Pin10 (VP_RIF_VS_RIF1) cannot be retrieved for this MCU
2026-04-28 23:09:19,352 [INFO] RtosManager:558 - Registered RTOS mode: class=CMSIS, group=RTOS, mode=CMSIS_V1, owner=FREERTOS
2026-04-28 23:09:19,352 [INFO] RtosManager:558 - Registered RTOS mode: class=CMSIS, group=RTOS2, mode=CMSIS_V2, owner=FREERTOS
2026-04-28 23:09:19,352 [INFO] RtosManager:558 - Registered RTOS mode: class=RTOS, group=Core, mode=CMSIS_V1, owner=FREERTOS
2026-04-28 23:09:19,352 [INFO] RtosManager:558 - Registered RTOS mode: class=RTOS, group=Core, mode=CMSIS_V2, owner=FREERTOS
2026-04-28 23:09:19,352 [WARN] ModelIntegratedComponent:184 - Missing modes for component STMicroelectronics:FreeRTOS:0.0.1:STMicroelectronics:RTOS:FreeRTOS:Core:::10.2.0:
2026-04-28 23:09:19,355 [WARN] ModelIntegratedComponent:63 - No mode defined for component null
2026-04-28 23:09:19,355 [WARN] ModelIntegratedComponent:63 - No mode defined for component null
2026-04-28 23:09:19,355 [WARN] ModelIntegratedComponent:63 - No mode defined for component null
2026-04-28 23:09:19,355 [WARN] ModelIntegratedComponent:63 - No mode defined for component null
2026-04-28 23:09:19,355 [WARN] ModelIntegratedComponent:63 - No mode defined for component null
2026-04-28 23:09:19,355 [WARN] ModelIntegratedComponent:63 - No mode defined for component null
2026-04-28 23:09:19,355 [WARN] ModelIntegratedComponent:63 - No mode defined for component null
2026-04-28 23:09:19,355 [WARN] ModelIntegratedComponent:63 - No mode defined for component null
2026-04-28 23:09:19,355 [WARN] ModelIntegratedComponent:63 - No mode defined for component null
2026-04-28 23:09:19,355 [WARN] ModelIntegratedComponent:63 - No mode defined for component null
2026-04-28 23:09:19,355 [WARN] ModelIntegratedComponent:63 - No mode defined for component null
2026-04-28 23:09:19,355 [WARN] ModelIntegratedComponent:63 - No mode defined for component null
2026-04-28 23:09:19,355 [WARN] ModelIntegratedComponent:63 - No mode defined for component null
2026-04-28 23:09:19,355 [WARN] ModelIntegratedComponent:63 - No mode defined for component null
2026-04-28 23:09:19,355 [WARN] ModelIntegratedComponent:63 - No mode defined for component null
2026-04-28 23:09:19,355 [WARN] ModelIntegratedComponent:63 - No mode defined for component null
2026-04-28 23:09:19,355 [WARN] ModelIntegratedComponent:63 - No mode defined for component null
2026-04-28 23:09:19,355 [WARN] ModelIntegratedComponent:63 - No mode defined for component null
2026-04-28 23:09:19,355 [WARN] ModelIntegratedComponent:63 - No mode defined for component null
2026-04-28 23:09:19,355 [WARN] ModelIntegratedComponent:63 - No mode defined for component null
2026-04-28 23:09:19,355 [WARN] ModelIntegratedComponent:63 - No mode defined for component null
2026-04-28 23:09:19,355 [WARN] ModelIntegratedComponent:63 - No mode defined for component null
2026-04-28 23:09:19,355 [WARN] ModelIntegratedComponent:63 - No mode defined for component null
2026-04-28 23:09:19,356 [WARN] ModelIntegratedComponent:63 - No mode defined for component null
2026-04-28 23:09:19,356 [WARN] ModelIntegratedComponent:63 - No mode defined for component null
2026-04-28 23:09:19,356 [WARN] ModelIntegratedComponent:63 - No mode defined for component null
2026-04-28 23:09:19,356 [WARN] ModelIntegratedComponent:63 - No mode defined for component null
2026-04-28 23:09:19,356 [WARN] ModelIntegratedComponent:63 - No mode defined for component null
2026-04-28 23:09:19,356 [WARN] ModelIntegratedComponent:63 - No mode defined for component null
2026-04-28 23:09:19,356 [WARN] ModelIntegratedComponent:63 - No mode defined for component null
2026-04-28 23:09:19,356 [WARN] ModelIntegratedComponent:63 - No mode defined for component null
2026-04-28 23:09:19,356 [WARN] ModelIntegratedComponent:63 - No mode defined for component null
2026-04-28 23:09:19,356 [WARN] ModelIntegratedComponent:63 - No mode defined for component null
2026-04-28 23:09:19,356 [WARN] ModelIntegratedComponent:63 - No mode defined for component null
2026-04-28 23:09:19,356 [WARN] ModelIntegratedComponent:63 - No mode defined for component null
2026-04-28 23:09:19,356 [WARN] ModelPack:524 - Component already loaded: STMicroelectronics:HAL Drivers:0.0.0:STMicroelectronics:Device:STMicro_Driver:XSPI:HAL::0.0.1:HAL_XSPI
2026-04-28 23:09:19,484 [INFO] ThirdPartyModel:298 - Start build external matchings
2026-04-28 23:09:19,733 [ERROR] LogOutputStream:75 - [STDERR_REDIRECT] [Fatal Error] :1:1: Premature end of file.
2026-04-28 23:09:19,733 [ERROR] LogOutputStream:75 - [STDERR_REDIRECT] 
2026-04-28 23:09:20,445 [INFO] ThirdPartyModel:316 - End build external matchings
2026-04-28 23:09:20,652 [INFO] UtilMem:75 - End LoadConfig() Used Memory: 365269504 Bytes (499122176)
2026-04-28 23:09:20,695 [WARN] ThirdParty:833 - waiting for thirdparty lock release [change project]
2026-04-28 23:09:20,695 [INFO] ThirdParty:835 - entering critical section [change project]
2026-04-28 23:09:20,695 [INFO] ThirdParty:1030 - CMSIS Pack Vendor :STMicroelectronics X-CUBE-AZRTOS-H7 3.5.0
2026-04-28 23:09:20,695 [INFO] ThirdParty:1030 - CMSIS Pack Vendor :STMicroelectronics X-CUBE-PM33A1 1.0.0
2026-04-28 23:09:20,695 [INFO] ThirdParty:1030 - CMSIS Pack Vendor :STMicroelectronics USBPD 4.1
2026-04-28 23:09:20,695 [INFO] ThirdParty:1030 - CMSIS Pack Vendor :STMicroelectronics USB_HOST 2.0.0
2026-04-28 23:09:20,695 [INFO] ThirdParty:1030 - CMSIS Pack Vendor :STMicroelectronics FP-SNS-MOTENVWB1 1.4.0
2026-04-28 23:09:20,695 [INFO] ThirdParty:1030 - CMSIS Pack Vendor :STMicroelectronics X-CUBE-AZRTOS-F4 1.1.0
2026-04-28 23:09:20,695 [INFO] ThirdParty:1030 - CMSIS Pack Vendor :STMicroelectronics LIBJPEG 8.0.0
2026-04-28 23:09:20,695 [INFO] ThirdParty:1030 - CMSIS Pack Vendor :STMicroelectronics FP-ATR-ASTRA1 2.0.2
2026-04-28 23:09:20,695 [INFO] ThirdParty:1030 - CMSIS Pack Vendor :STMicroelectronics FP-ATR-ASTRA1 2.0.1
2026-04-28 23:09:20,695 [INFO] ThirdParty:1030 - CMSIS Pack Vendor :Avnet-IotConnect X-CUBE-IoTC-DA16k-PMOD 1.0.0
2026-04-28 23:09:20,695 [INFO] ThirdParty:1030 - CMSIS Pack Vendor :STMicroelectronics X-CUBE-SMBUS 2.1.0
2026-04-28 23:09:20,695 [INFO] ThirdParty:1030 - CMSIS Pack Vendor :STMicroelectronics X-CUBE-WB05N 1.1.0
2026-04-28 23:09:20,695 [INFO] ThirdParty:1030 - CMSIS Pack Vendor :STMicroelectronics X-CUBE-ISPU 2.1.0
2026-04-28 23:09:20,695 [INFO] ThirdParty:1030 - CMSIS Pack Vendor :STMicroelectronics eDS-WB_DPC_TT-BIDIR 2.1.1
2026-04-28 23:09:20,695 [INFO] ThirdParty:1030 - CMSIS Pack Vendor :STMicroelectronics X-CUBE-ST60 1.0.0
2026-04-28 23:09:20,695 [INFO] ThirdParty:1030 - CMSIS Pack Vendor :STMicroelectronics X-CUBE-NFC12 1.0.0
2026-04-28 23:09:20,695 [INFO] ThirdParty:1030 - CMSIS Pack Vendor :STMicroelectronics X-CUBE-AZRTOS-F7 1.1.0
2026-04-28 23:09:20,695 [INFO] ThirdParty:1030 - CMSIS Pack Vendor :STMicroelectronics X-CUBE-AZRTOS-L5 2.0.0
2026-04-28 23:09:20,695 [INFO] ThirdParty:1030 - CMSIS Pack Vendor :STMicroelectronics USB_DEVICE 2.0.0
2026-04-28 23:09:20,695 [INFO] ThirdParty:1030 - CMSIS Pack Vendor :STMicroelectronics X-CUBE-NFC6 3.1.0
2026-04-28 23:09:20,695 [INFO] ThirdParty:1030 - CMSIS Pack Vendor :Cesanta I-CUBE-Mongoose 7.19.0
2026-04-28 23:09:20,695 [INFO] ThirdParty:1030 - CMSIS Pack Vendor :STMicroelectronics X-CUBE-MEMS1 11.0.0
2026-04-28 23:09:20,695 [INFO] ThirdParty:1030 - CMSIS Pack Vendor :STMicroelectronics FreeRTOS 0.0.1
2026-04-28 23:09:20,695 [INFO] ThirdParty:1030 - CMSIS Pack Vendor :STMicroelectronics X-CUBE-DPower 1.2.0
2026-04-28 23:09:20,695 [INFO] ThirdParty:1030 - CMSIS Pack Vendor :STMicroelectronics eDS-WB_DPC_VIENNA 1.2.0
2026-04-28 23:09:20,695 [INFO] ThirdParty:1030 - CMSIS Pack Vendor :STMicroelectronics FP-SNS-FLIGHT1 5.0.2
2026-04-28 23:09:20,695 [INFO] ThirdParty:1030 - CMSIS Pack Vendor :STMicroelectronics eDS-WB_DPC_3PH2L-BIDIR 1.1.1
2026-04-28 23:09:20,695 [INFO] ThirdParty:1030 - CMSIS Pack Vendor :Infineon AIROC-Wi-Fi-Bluetooth-STM32 1.7.0
2026-04-28 23:09:20,695 [INFO] ThirdParty:1030 - CMSIS Pack Vendor :Infineon AIROC-Wi-Fi-Bluetooth-STM32 1.7.1
2026-04-28 23:09:20,695 [INFO] ThirdParty:1030 - CMSIS Pack Vendor :STMicroelectronics PDM2PCM 3.3.0
2026-04-28 23:09:20,695 [INFO] ThirdParty:1030 - CMSIS Pack Vendor :STMicroelectronics X-CUBE-AZRTOS-H7 3.4.0
2026-04-28 23:09:20,695 [INFO] ThirdParty:1030 - CMSIS Pack Vendor :STMicroelectronics X-CUBE-DISPLAY 3.0.0
2026-04-28 23:09:20,695 [INFO] ThirdParty:1030 - CMSIS Pack Vendor :STMicroelectronics X-CUBE-BLE1 7.0.0
2026-04-28 23:09:20,695 [INFO] ThirdParty:1030 - CMSIS Pack Vendor :STMicroelectronics X-CUBE-NFC10 1.0.0
2026-04-28 23:09:20,695 [INFO] ThirdParty:1030 - CMSIS Pack Vendor :STMicroelectronics X-CUBE-BLEMGR 4.0.0
2026-04-28 23:09:20,695 [INFO] ThirdParty:1030 - CMSIS Pack Vendor :STMicroelectronics X-CUBE-FREERTOS 1.3.1
2026-04-28 23:09:20,695 [INFO] ThirdParty:1030 - CMSIS Pack Vendor :STMicroelectronics HAL Drivers 0.0.0
2026-04-28 23:09:20,695 [INFO] ThirdParty:1030 - CMSIS Pack Vendor :STMicroelectronics X-CUBE-ST60 1.1.0
2026-04-28 23:09:20,695 [INFO] ThirdParty:1030 - CMSIS Pack Vendor :emotas I-CUBE-CANOPEN 1.3.0
2026-04-28 23:09:20,695 [INFO] ThirdParty:1030 - CMSIS Pack Vendor :STMicroelectronics X-CUBE-FREERTOS 1.3.0
2026-04-28 23:09:20,696 [INFO] ThirdParty:1030 - CMSIS Pack Vendor :STMicroelectronics X-CUBE-NFC7 1.0.1
2026-04-28 23:09:20,696 [INFO] ThirdParty:1030 - CMSIS Pack Vendor :STMicroelectronics MBEDTLS 2.14.1
2026-04-28 23:09:20,696 [INFO] ThirdParty:1030 - CMSIS Pack Vendor :STMicroelectronics X-CUBE-GNSS1 7.1.0
2026-04-28 23:09:20,696 [INFO] ThirdParty:1030 - CMSIS Pack Vendor :STMicroelectronics X-CUBE-TOUCHGFX 4.26.0
2026-04-28 23:09:20,696 [INFO] ThirdParty:1030 - CMSIS Pack Vendor :STMicroelectronics X-CUBE-TOUCHGFX 4.26.1
2026-04-28 23:09:20,696 [INFO] ThirdParty:1030 - CMSIS Pack Vendor :STMicroelectronics X-CUBE-AI 10.0.0
2026-04-28 23:09:20,696 [INFO] ThirdParty:1030 - CMSIS Pack Vendor :STMicroelectronics FP-SNS-STAIOTCFT 1.0.0
2026-04-28 23:09:20,696 [INFO] ThirdParty:1030 - CMSIS Pack Vendor :STMicroelectronics FP-SNS-SMARTAG2 1.2.0
2026-04-28 23:09:20,696 [INFO] ThirdParty:1030 - CMSIS Pack Vendor :STMicroelectronics FP-SNS-FLIGHT1 5.1.0
2026-04-28 23:09:20,696 [INFO] ThirdParty:1030 - CMSIS Pack Vendor :STMicroelectronics X-CUBE-MEMS1 11.1.0
2026-04-28 23:09:20,696 [INFO] ThirdParty:1030 - CMSIS Pack Vendor :STMicroelectronics X-CUBE-AZRTOS-WL 2.0.0
2026-04-28 23:09:20,696 [INFO] ThirdParty:1030 - CMSIS Pack Vendor :STMicroelectronics X-CUBE-DPower 1.3.0
2026-04-28 23:09:20,696 [INFO] ThirdParty:1030 - CMSIS Pack Vendor :STMicroelectronics FP-SNS-MOTENV1 5.0.0
2026-04-28 23:09:20,696 [INFO] ThirdParty:1030 - CMSIS Pack Vendor :STMicroelectronics USB_DEVICE 1.0.0
2026-04-28 23:09:20,696 [INFO] ThirdParty:1030 - CMSIS Pack Vendor :STMicroelectronics X-CUBE-AZRTOS-H7RS 1.2.0
2026-04-28 23:09:20,696 [INFO] ThirdParty:1030 - CMSIS Pack Vendor :wolfSSL I-CUBE-wolfMQTT 1.19.0
2026-04-28 23:09:20,696 [INFO] ThirdParty:1030 - CMSIS Pack Vendor :STMicroelectronics X-CUBE-AZRTOS-L4 2.0.0
2026-04-28 23:09:20,696 [INFO] ThirdParty:1030 - CMSIS Pack Vendor :STMicroelectronics ThreadX 0.0.2
2026-04-28 23:09:20,696 [INFO] ThirdParty:1030 - CMSIS Pack Vendor :WES I-CUBE-Cesium 1.3.0
2026-04-28 23:09:20,696 [INFO] ThirdParty:1030 - CMSIS Pack Vendor :STMicroelectronics lwIP 2.1.2
2026-04-28 23:09:20,696 [INFO] ThirdParty:1030 - CMSIS Pack Vendor :STMicroelectronics X-CUBE-SFXS2LP1 4.0.0
2026-04-28 23:09:20,696 [INFO] ThirdParty:1030 - CMSIS Pack Vendor :STMicroelectronics X-CUBE-BLE2 3.3.0
2026-04-28 23:09:20,696 [INFO] ThirdParty:1030 - CMSIS Pack Vendor :Avnet-IOTCONNECT X-CUBE-iotc-st67-sdk 1.0.0
2026-04-28 23:09:20,696 [INFO] ThirdParty:1030 - CMSIS Pack Vendor :STMicroelectronics PDM2PCM 3.2.0
2026-04-28 23:09:20,696 [INFO] ThirdParty:1030 - CMSIS Pack Vendor :STMicroelectronics X-CUBE-WB05N 2.1.0
2026-04-28 23:09:20,696 [INFO] ThirdParty:1030 - CMSIS Pack Vendor :STMicroelectronics X-CUBE-AZRTOS-H7 3.3.0
2026-04-28 23:09:20,696 [INFO] ThirdParty:1030 - CMSIS Pack Vendor :STMicroelectronics X-CUBE-NFC9 1.0.0
2026-04-28 23:09:20,696 [INFO] ThirdParty:1030 - CMSIS Pack Vendor :wolfSSL I-CUBE-wolfSSL 5.8.2
2026-04-28 23:09:20,696 [INFO] ThirdParty:1030 - CMSIS Pack Vendor :STMicroelectronics X-CUBE-BLE1 7.1.0
2026-04-28 23:09:20,696 [INFO] ThirdParty:1030 - CMSIS Pack Vendor :wolfSSL I-CUBE-wolfMQTT 1.19.2
2026-04-28 23:09:20,696 [INFO] ThirdParty:1030 - CMSIS Pack Vendor :STMicroelectronics USB_DEVICE 3.0.0
2026-04-28 23:09:20,697 [INFO] ThirdParty:1030 - CMSIS Pack Vendor :STMicroelectronics X-CUBE-EEPRMA1 5.2.0
2026-04-28 23:09:20,697 [INFO] ThirdParty:1030 - CMSIS Pack Vendor :STMicroelectronics X-CUBE-BLEMGR 4.1.0
2026-04-28 23:09:20,697 [INFO] ThirdParty:1030 - CMSIS Pack Vendor :STMicroelectronics X-CUBE-IPS 3.0.0
2026-04-28 23:09:20,697 [INFO] ThirdParty:1030 - CMSIS Pack Vendor :STMicroelectronics X-CUBE-AZRTOS-WB 2.0.0
2026-04-28 23:09:20,697 [INFO] ThirdParty:1030 - CMSIS Pack Vendor :STMicroelectronics X-CUBE-GNSS1 7.0.0
2026-04-28 23:09:20,697 [INFO] ThirdParty:1030 - CMSIS Pack Vendor :STMicroelectronics X-CUBE-GNSS1 7.0.1
2026-04-28 23:09:20,697 [INFO] ThirdParty:1030 - CMSIS Pack Vendor :STMicroelectronics X-CUBE-TOUCHGFX 4.25.0
2026-04-28 23:09:20,697 [INFO] ThirdParty:1030 - CMSIS Pack Vendor :STMicroelectronics X-CUBE-AI 10.1.0
2026-04-28 23:09:20,697 [INFO] ThirdParty:1030 - CMSIS Pack Vendor :STMicroelectronics FP-SNS-STBOX1 2.0.0
2026-04-28 23:09:20,697 [INFO] ThirdParty:1030 - CMSIS Pack Vendor :quantropi X-CUBE-qispace-sdk-base 2.1.0
2026-04-28 23:09:20,697 [INFO] ThirdParty:1030 - CMSIS Pack Vendor :STMicroelectronics X-CUBE-MEMS1 12.0.0
2026-04-28 23:09:20,697 [INFO] ThirdParty:1030 - CMSIS Pack Vendor :STMicroelectronics X-CUBE-STSE01 2.0.0
2026-04-28 23:09:20,697 [INFO] ThirdParty:1030 - CMSIS Pack Vendor :STMicroelectronics X-CUBE-MEMS1 11.2.0
2026-04-28 23:09:20,697 [INFO] ThirdParty:1030 - CMSIS Pack Vendor :STMicroelectronics X-CUBE-AZRTOS-G0 1.1.0
2026-04-28 23:09:20,697 [INFO] ThirdParty:1030 - CMSIS Pack Vendor :STMicroelectronics X-CUBE-SAFEA1 1.2.2
2026-04-28 23:09:20,697 [INFO] ThirdParty:1030 - CMSIS Pack Vendor :STMicroelectronics X-CUBE-NFC4 3.0.0
2026-04-28 23:09:20,697 [INFO] ThirdParty:1030 - CMSIS Pack Vendor :STMicroelectronics X-CUBE-SUBG2 5.0.0
2026-04-28 23:09:20,697 [INFO] ThirdParty:1030 - CMSIS Pack Vendor :STMicroelectronics X-CUBE-AZRTOS-H7RS 1.1.0
2026-04-28 23:09:20,697 [INFO] ThirdParty:1030 - CMSIS Pack Vendor :STMicroelectronics STM32_WPAN 1.0.0
2026-04-28 23:09:20,697 [INFO] ThirdParty:1030 - CMSIS Pack Vendor :EmbeddedOffice I-CUBE-FS-RTOS 1.0.1
2026-04-28 23:09:20,697 [INFO] ThirdParty:1030 - CMSIS Pack Vendor :STMicroelectronics lwIP 2.0.3
2026-04-28 23:09:20,697 [INFO] ThirdParty:1030 - CMSIS Pack Vendor :Cesanta I-CUBE-Mongoose 7.13.0
2026-04-28 23:09:20,698 [INFO] ThirdParty:1030 - CMSIS Pack Vendor :STMicroelectronics USB_HOST 1.0.0
2026-04-28 23:09:20,698 [INFO] ThirdParty:1030 - CMSIS Pack Vendor :STMicroelectronics X-CUBE-AZRTOS-G4 2.0.0
2026-04-28 23:09:20,698 [INFO] ThirdParty:1030 - CMSIS Pack Vendor :STMicroelectronics X-CUBE-WB05N 2.0.0
2026-04-28 23:09:20,698 [INFO] ThirdParty:1030 - CMSIS Pack Vendor :STMicroelectronics PDM2PCM 3.1.0
2026-04-28 23:09:20,698 [INFO] ThirdParty:1030 - CMSIS Pack Vendor :wolfSSL I-CUBE-wolfTPM 3.8.0
2026-04-28 23:09:20,698 [INFO] ThirdParty:1030 - CMSIS Pack Vendor :wolfSSL I-CUBE-wolfSSH 1.4.20
2026-04-28 23:09:20,698 [INFO] ThirdParty:1030 - CMSIS Pack Vendor :STMicroelectronics X-CUBE-NFC7 2.0.0
2026-04-28 23:09:20,698 [INFO] ThirdParty:1030 - CMSIS Pack Vendor :STMicroelectronics X-CUBE-TCPP 4.2.0
2026-04-28 23:09:20,698 [INFO] ThirdParty:1030 - CMSIS Pack Vendor :RealThread X-CUBE-RT-Thread_Nano 4.1.1
2026-04-28 23:09:20,698 [INFO] ThirdParty:1030 - CMSIS Pack Vendor :STMicroelectronics FP-ATR-SIGFOX1 3.2.0
2026-04-28 23:09:20,698 [INFO] ThirdParty:1030 - CMSIS Pack Vendor :quantropi X-CUBE-qispace-sdk-base 1.9.3
2026-04-28 23:09:20,698 [INFO] ThirdParty:1030 - CMSIS Pack Vendor :STMicroelectronics X-CUBE-EEPRMA1 5.1.0
2026-04-28 23:09:20,698 [INFO] ThirdParty:1030 - CMSIS Pack Vendor :STMicroelectronics MBEDTLS 2.16.2
2026-04-28 23:09:20,698 [INFO] ThirdParty:1030 - CMSIS Pack Vendor :STMicroelectronics X-CUBE-IPS 3.1.0
2026-04-28 23:09:20,698 [INFO] ThirdParty:1030 - CMSIS Pack Vendor :STMicroelectronics X-CUBE-ALS 1.0.2
2026-04-28 23:09:20,698 [INFO] ThirdParty:1030 - CMSIS Pack Vendor :wolfSSL I-CUBE-wolfSSL 5.7.4
2026-04-28 23:09:20,698 [INFO] ThirdParty:1030 - CMSIS Pack Vendor :wolfSSL I-CUBE-wolfSSL 5.7.6
2026-04-28 23:09:20,698 [INFO] ThirdParty:1030 - CMSIS Pack Vendor :ITTIA_DB I-CUBE-ITTIADB 8.9.0
2026-04-28 23:09:20,698 [INFO] ThirdParty:1030 - CMSIS Pack Vendor :STMicroelectronics X-CUBE-TOUCHGFX 4.24.2
2026-04-28 23:09:20,698 [INFO] ThirdParty:1030 - CMSIS Pack Vendor :STMicroelectronics X-CUBE-TOUCHGFX 4.24.1
2026-04-28 23:09:20,699 [INFO] ThirdParty:1030 - CMSIS Pack Vendor :STMicroelectronics X-CUBE-STSE01 1.0.0
2026-04-28 23:09:20,699 [INFO] ThirdParty:1030 - CMSIS Pack Vendor :wolfSSL I-CUBE-wolfTPM 3.4.0
2026-04-28 23:09:20,699 [INFO] ThirdParty:1030 - CMSIS Pack Vendor :portGmbH I-Cube-SoM-uGOAL 1.1.0
2026-04-28 23:09:20,699 [INFO] ThirdParty:1030 - CMSIS Pack Vendor :STMicroelectronics X-CUBE-NFC6 3.2.0
2026-04-28 23:09:20,699 [INFO] ThirdParty:1030 - CMSIS Pack Vendor :STMicroelectronics X-CUBE-ST67W61 1.0.0
2026-04-28 23:09:20,699 [INFO] ThirdParty:1030 - CMSIS Pack Vendor :STMicroelectronics X-CUBE-AI 10.2.0
2026-04-28 23:09:20,699 [INFO] ThirdParty:1030 - CMSIS Pack Vendor :STMicroelectronics ThreadX 1.0.0
2026-04-28 23:09:20,699 [INFO] ThirdParty:1030 - CMSIS Pack Vendor :SEGGER I-CUBE-embOS 1.3.1
2026-04-28 23:09:20,699 [INFO] ThirdParty:1030 - CMSIS Pack Vendor :STMicroelectronics X-CUBE-ALGOBUILD 1.4.0
2026-04-28 23:09:20,699 [INFO] ThirdParty:1030 - CMSIS Pack Vendor :STMicroelectronics X-CUBE-MEMS1 11.3.0
2026-04-28 23:09:20,699 [INFO] ThirdParty:1030 - CMSIS Pack Vendor :STMicroelectronics X-CUBE-AZRTOS-H7RS 1.0.0
2026-04-28 23:09:20,699 [INFO] ThirdParty:1030 - CMSIS Pack Vendor :STMicroelectronics X-CUBE-TOF1 3.4.2
2026-04-28 23:09:20,699 [INFO] ThirdParty:1030 - CMSIS Pack Vendor :STMicroelectronics X-CUBE-TOF1 3.4.3
2026-04-28 23:09:20,699 [INFO] ThirdParty:1030 - CMSIS Pack Vendor :STMicroelectronics X-CUBE-AI 9.1.0
2026-04-28 23:09:20,699 [INFO] ThirdParty:1030 - CMSIS Pack Vendor :wolfSSL I-CUBE-wolfSSH 1.4.17
2026-04-28 23:09:20,699 [INFO] ThirdParty:841 - exiting critical section [change project]
2026-04-28 23:09:20,739 [ERROR] LogOutputStream:75 - [STDERR_REDIRECT] [Fatal Error] :1:1: Premature end of file.
2026-04-28 23:09:20,739 [ERROR] LogOutputStream:75 - [STDERR_REDIRECT] 
2026-04-28 23:09:20,818 [INFO] PinOutPanel:1589 - setPackage(No Configuration,No Configuration)
2026-04-28 23:09:20,818 [INFO] PinOutPanel:1589 - setPackage(STM32L072CZTx,LQFP48)
2026-04-28 23:09:20,966 [INFO] UtilMem:75 - Before build in PCC Used Memory: 312204672 Bytes (499122176)
2026-04-28 23:09:21,126 [INFO] UtilMem:75 - After build in PCC Used Memory: 381410688 Bytes (499122176)
2026-04-28 23:09:21,175 [INFO] ApiDbMcu:508 - Load IP Config File for FATFS
2026-04-28 23:09:21,188 [INFO] IPUIPlugin:80 - create IPUIPlugin
2026-04-28 23:09:21,188 [INFO] IPUIPlugin:80 - create IPUIPlugin
2026-04-28 23:09:21,188 [INFO] IPUIPlugin:80 - create IPUIPlugin
2026-04-28 23:09:21,189 [INFO] IPUIPlugin:80 - create IPUIPlugin
2026-04-28 23:09:21,189 [INFO] IPUIPlugin:80 - create IPUIPlugin
2026-04-28 23:09:21,189 [INFO] IPUIPlugin:80 - create IPUIPlugin
2026-04-28 23:09:21,189 [INFO] IPUIPlugin:80 - create IPUIPlugin
2026-04-28 23:09:21,189 [INFO] IPUIPlugin:80 - create IPUIPlugin
2026-04-28 23:09:21,189 [INFO] IPUIPlugin:80 - create IPUIPlugin
2026-04-28 23:09:21,189 [INFO] IPUIPlugin:80 - create IPUIPlugin
2026-04-28 23:09:21,189 [INFO] IPUIPlugin:80 - create IPUIPlugin
2026-04-28 23:09:21,189 [INFO] IPUIPlugin:80 - create IPUIPlugin
2026-04-28 23:09:21,189 [INFO] IPUIPlugin:80 - create IPUIPlugin
2026-04-28 23:09:21,189 [INFO] IPUIPlugin:80 - create IPUIPlugin
2026-04-28 23:09:21,189 [INFO] IPUIPlugin:80 - create IPUIPlugin
2026-04-28 23:09:21,189 [INFO] IPUIPlugin:80 - create IPUIPlugin
2026-04-28 23:09:21,189 [INFO] IPUIPlugin:80 - create IPUIPlugin
2026-04-28 23:09:21,189 [INFO] IPUIPlugin:80 - create IPUIPlugin
2026-04-28 23:09:21,189 [INFO] IPUIPlugin:80 - create IPUIPlugin
2026-04-28 23:09:21,189 [INFO] IPUIPlugin:80 - create IPUIPlugin
2026-04-28 23:09:21,190 [INFO] IPUIPlugin:80 - create IPUIPlugin
2026-04-28 23:09:21,190 [INFO] IPUIPlugin:80 - create IPUIPlugin
2026-04-28 23:09:21,190 [INFO] IPUIPlugin:80 - create IPUIPlugin
2026-04-28 23:09:21,190 [INFO] IPUIPlugin:80 - create IPUIPlugin
2026-04-28 23:09:21,190 [INFO] IPUIPlugin:80 - create IPUIPlugin
2026-04-28 23:09:21,190 [INFO] IPUIPlugin:80 - create IPUIPlugin
2026-04-28 23:09:21,190 [INFO] IPUIPlugin:80 - create IPUIPlugin
2026-04-28 23:09:21,191 [INFO] IPUIPlugin:80 - create IPUIPlugin
2026-04-28 23:09:21,191 [INFO] IPUIPlugin:80 - create IPUIPlugin
2026-04-28 23:09:21,191 [INFO] IPUIPlugin:80 - create IPUIPlugin
2026-04-28 23:09:21,191 [INFO] IPUIPlugin:80 - create IPUIPlugin
2026-04-28 23:09:21,191 [INFO] IPUIPlugin:80 - create IPUIPlugin
2026-04-28 23:09:21,191 [INFO] IPUIPlugin:80 - create IPUIPlugin
2026-04-28 23:09:21,191 [INFO] IPUIPlugin:80 - create IPUIPlugin
2026-04-28 23:09:21,191 [INFO] IPUIPlugin:80 - create IPUIPlugin
2026-04-28 23:09:21,191 [INFO] IPUIPlugin:80 - create IPUIPlugin
2026-04-28 23:09:21,191 [INFO] IPUIPlugin:80 - create IPUIPlugin
2026-04-28 23:09:21,191 [INFO] IPUIPlugin:80 - create IPUIPlugin
2026-04-28 23:09:21,241 [INFO] CADModel:165 - CPN selected for project levelSTM32L072CZT6
2026-04-28 23:09:21,241 [INFO] CADModel:114 - Register for checkConnection events
2026-04-28 23:09:21,293 [INFO] OpenFileManager:385 - Restore cursor
2026-04-28 23:09:21,731 [ERROR] LogOutputStream:75 - [STDERR_REDIRECT] [Fatal Error] :1:1: Premature end of file.
2026-04-28 23:09:21,732 [ERROR] LogOutputStream:75 - [STDERR_REDIRECT] 
2026-04-28 23:09:22,736 [ERROR] LogOutputStream:75 - [STDERR_REDIRECT] [Fatal Error] :1:1: Premature end of file.
2026-04-28 23:09:22,737 [ERROR] LogOutputStream:75 - [STDERR_REDIRECT] 
2026-04-28 23:09:23,741 [ERROR] LogOutputStream:75 - [STDERR_REDIRECT] [Fatal Error] :1:1: Premature end of file.
2026-04-28 23:09:23,741 [ERROR] LogOutputStream:75 - [STDERR_REDIRECT] 
2026-04-28 23:09:24,732 [ERROR] LogOutputStream:75 - [STDERR_REDIRECT] [Fatal Error] :1:1: Premature end of file.
2026-04-28 23:09:24,732 [ERROR] LogOutputStream:75 - [STDERR_REDIRECT] 
2026-04-28 23:09:25,733 [ERROR] LogOutputStream:75 - [STDERR_REDIRECT] [Fatal Error] :1:1: Premature end of file.
2026-04-28 23:09:25,733 [ERROR] LogOutputStream:75 - [STDERR_REDIRECT] 
2026-04-28 23:09:26,731 [ERROR] LogOutputStream:75 - [STDERR_REDIRECT] [Fatal Error] :1:1: Premature end of file.
2026-04-28 23:09:26,732 [ERROR] LogOutputStream:75 - [STDERR_REDIRECT] 
2026-04-28 23:09:27,733 [ERROR] LogOutputStream:75 - [STDERR_REDIRECT] [Fatal Error] :1:1: Premature end of file.
2026-04-28 23:09:27,733 [ERROR] LogOutputStream:75 - [STDERR_REDIRECT] 
2026-04-28 23:09:28,732 [ERROR] LogOutputStream:75 - [STDERR_REDIRECT] [Fatal Error] :1:1: Premature end of file.
2026-04-28 23:09:28,732 [ERROR] LogOutputStream:75 - [STDERR_REDIRECT] 
2026-04-28 23:09:29,733 [ERROR] LogOutputStream:75 - [STDERR_REDIRECT] [Fatal Error] :1:1: Premature end of file.
2026-04-28 23:09:29,733 [ERROR] LogOutputStream:75 - [STDERR_REDIRECT] 
2026-04-28 23:09:30,732 [ERROR] LogOutputStream:75 - [STDERR_REDIRECT] [Fatal Error] :1:1: Premature end of file.
2026-04-28 23:09:30,732 [ERROR] LogOutputStream:75 - [STDERR_REDIRECT] 
2026-04-28 23:09:31,733 [ERROR] LogOutputStream:75 - [STDERR_REDIRECT] [Fatal Error] :1:1: Premature end of file.
2026-04-28 23:09:31,733 [ERROR] LogOutputStream:75 - [STDERR_REDIRECT] 
2026-04-28 23:09:32,754 [ERROR] LogOutputStream:75 - [STDERR_REDIRECT] [Fatal Error] :1:1: Premature end of file.
2026-04-28 23:09:32,754 [ERROR] LogOutputStream:75 - [STDERR_REDIRECT] 
2026-04-28 23:09:33,733 [ERROR] LogOutputStream:75 - [STDERR_REDIRECT] [Fatal Error] :1:1: Premature end of file.
2026-04-28 23:09:33,733 [ERROR] LogOutputStream:75 - [STDERR_REDIRECT] 
2026-04-28 23:09:34,730 [ERROR] LogOutputStream:75 - [STDERR_REDIRECT] [Fatal Error] :1:1: Premature end of file.
2026-04-28 23:09:34,731 [ERROR] LogOutputStream:75 - [STDERR_REDIRECT] 
2026-04-28 23:09:35,731 [ERROR] LogOutputStream:75 - [STDERR_REDIRECT] [Fatal Error] :1:1: Premature end of file.
2026-04-28 23:09:35,732 [ERROR] LogOutputStream:75 - [STDERR_REDIRECT] 
2026-04-28 23:09:36,740 [ERROR] LogOutputStream:75 - [STDERR_REDIRECT] [Fatal Error] :1:1: Premature end of file.
2026-04-28 23:09:36,740 [ERROR] LogOutputStream:75 - [STDERR_REDIRECT] 
2026-04-28 23:09:37,753 [ERROR] LogOutputStream:75 - [STDERR_REDIRECT] [Fatal Error] :1:1: Premature end of file.
2026-04-28 23:09:37,753 [ERROR] LogOutputStream:75 - [STDERR_REDIRECT] 
2026-04-28 23:09:38,732 [ERROR] LogOutputStream:75 - [STDERR_REDIRECT] [Fatal Error] :1:1: Premature end of file.
2026-04-28 23:09:38,732 [ERROR] LogOutputStream:75 - [STDERR_REDIRECT] 
2026-04-28 23:09:39,733 [ERROR] LogOutputStream:75 - [STDERR_REDIRECT] [Fatal Error] :1:1: Premature end of file.
2026-04-28 23:09:39,733 [ERROR] LogOutputStream:75 - [STDERR_REDIRECT] 
2026-04-28 23:09:40,734 [ERROR] LogOutputStream:75 - [STDERR_REDIRECT] [Fatal Error] :1:1: Premature end of file.
2026-04-28 23:09:40,734 [ERROR] LogOutputStream:75 - [STDERR_REDIRECT] 
2026-04-28 23:09:41,733 [ERROR] LogOutputStream:75 - [STDERR_REDIRECT] [Fatal Error] :1:1: Premature end of file.
2026-04-28 23:09:41,733 [ERROR] LogOutputStream:75 - [STDERR_REDIRECT] 
2026-04-28 23:09:42,733 [ERROR] LogOutputStream:75 - [STDERR_REDIRECT] [Fatal Error] :1:1: Premature end of file.
2026-04-28 23:09:42,734 [ERROR] LogOutputStream:75 - [STDERR_REDIRECT] 
2026-04-28 23:09:43,733 [ERROR] LogOutputStream:75 - [STDERR_REDIRECT] [Fatal Error] :1:1: Premature end of file.
2026-04-28 23:09:43,733 [ERROR] LogOutputStream:75 - [STDERR_REDIRECT] 
2026-04-28 23:09:44,734 [ERROR] LogOutputStream:75 - [STDERR_REDIRECT] [Fatal Error] :1:1: Premature end of file.
2026-04-28 23:09:44,734 [ERROR] LogOutputStream:75 - [STDERR_REDIRECT] 
2026-04-28 23:09:45,733 [ERROR] LogOutputStream:75 - [STDERR_REDIRECT] [Fatal Error] :1:1: Premature end of file.
2026-04-28 23:09:45,733 [ERROR] LogOutputStream:75 - [STDERR_REDIRECT] 
2026-04-28 23:09:46,734 [ERROR] LogOutputStream:75 - [STDERR_REDIRECT] [Fatal Error] :1:1: Premature end of file.
2026-04-28 23:09:46,734 [ERROR] LogOutputStream:75 - [STDERR_REDIRECT] 
2026-04-28 23:09:47,734 [ERROR] LogOutputStream:75 - [STDERR_REDIRECT] [Fatal Error] :1:1: Premature end of file.
2026-04-28 23:09:47,734 [ERROR] LogOutputStream:75 - [STDERR_REDIRECT] 
2026-04-28 23:09:48,734 [ERROR] LogOutputStream:75 - [STDERR_REDIRECT] [Fatal Error] :1:1: Premature end of file.
2026-04-28 23:09:48,734 [ERROR] LogOutputStream:75 - [STDERR_REDIRECT] 
2026-04-28 23:09:49,735 [ERROR] LogOutputStream:75 - [STDERR_REDIRECT] [Fatal Error] :1:1: Premature end of file.
2026-04-28 23:09:49,735 [ERROR] LogOutputStream:75 - [STDERR_REDIRECT] 
2026-04-28 23:09:50,748 [ERROR] LogOutputStream:75 - [STDERR_REDIRECT] [Fatal Error] :1:1: Premature end of file.
2026-04-28 23:09:50,748 [ERROR] LogOutputStream:75 - [STDERR_REDIRECT] 
2026-04-28 23:09:51,731 [ERROR] LogOutputStream:75 - [STDERR_REDIRECT] [Fatal Error] :1:1: Premature end of file.
2026-04-28 23:09:51,731 [ERROR] LogOutputStream:75 - [STDERR_REDIRECT] 
2026-04-28 23:09:52,734 [ERROR] LogOutputStream:75 - [STDERR_REDIRECT] [Fatal Error] :1:1: Premature end of file.
2026-04-28 23:09:52,734 [ERROR] LogOutputStream:75 - [STDERR_REDIRECT] 
2026-04-28 23:09:53,732 [ERROR] LogOutputStream:75 - [STDERR_REDIRECT] [Fatal Error] :1:1: Premature end of file.
2026-04-28 23:09:53,732 [ERROR] LogOutputStream:75 - [STDERR_REDIRECT] 
2026-04-28 23:09:54,734 [ERROR] LogOutputStream:75 - [STDERR_REDIRECT] [Fatal Error] :1:1: Premature end of file.
2026-04-28 23:09:54,734 [ERROR] LogOutputStream:75 - [STDERR_REDIRECT] 
2026-04-28 23:09:55,731 [ERROR] LogOutputStream:75 - [STDERR_REDIRECT] [Fatal Error] :1:1: Premature end of file.
2026-04-28 23:09:55,731 [ERROR] LogOutputStream:75 - [STDERR_REDIRECT] 
2026-04-28 23:09:56,734 [ERROR] LogOutputStream:75 - [STDERR_REDIRECT] [Fatal Error] :1:1: Premature end of file.
2026-04-28 23:09:56,734 [ERROR] LogOutputStream:75 - [STDERR_REDIRECT] 
2026-04-28 23:09:57,732 [ERROR] LogOutputStream:75 - [STDERR_REDIRECT] [Fatal Error] :1:1: Premature end of file.
2026-04-28 23:09:57,732 [ERROR] LogOutputStream:75 - [STDERR_REDIRECT] 
2026-04-28 23:09:58,733 [ERROR] LogOutputStream:75 - [STDERR_REDIRECT] [Fatal Error] :1:1: Premature end of file.
2026-04-28 23:09:58,734 [ERROR] LogOutputStream:75 - [STDERR_REDIRECT] 
2026-04-28 23:09:59,731 [ERROR] LogOutputStream:75 - [STDERR_REDIRECT] [Fatal Error] :1:1: Premature end of file.
2026-04-28 23:09:59,731 [ERROR] LogOutputStream:75 - [STDERR_REDIRECT] 
2026-04-28 23:10:00,732 [ERROR] LogOutputStream:75 - [STDERR_REDIRECT] [Fatal Error] :1:1: Premature end of file.
2026-04-28 23:10:00,733 [ERROR] LogOutputStream:75 - [STDERR_REDIRECT] 
2026-04-28 23:10:01,732 [ERROR] LogOutputStream:75 - [STDERR_REDIRECT] [Fatal Error] :1:1: Premature end of file.
2026-04-28 23:10:01,732 [ERROR] LogOutputStream:75 - [STDERR_REDIRECT] 
2026-04-28 23:10:02,733 [ERROR] LogOutputStream:75 - [STDERR_REDIRECT] [Fatal Error] :1:1: Premature end of file.
2026-04-28 23:10:02,733 [ERROR] LogOutputStream:75 - [STDERR_REDIRECT] 
2026-04-28 23:10:03,732 [ERROR] LogOutputStream:75 - [STDERR_REDIRECT] [Fatal Error] :1:1: Premature end of file.
2026-04-28 23:10:03,732 [ERROR] LogOutputStream:75 - [STDERR_REDIRECT] 
2026-04-28 23:10:04,735 [ERROR] LogOutputStream:75 - [STDERR_REDIRECT] [Fatal Error] :1:1: Premature end of file.
2026-04-28 23:10:04,735 [ERROR] LogOutputStream:75 - [STDERR_REDIRECT] 
2026-04-28 23:10:05,732 [ERROR] LogOutputStream:75 - [STDERR_REDIRECT] [Fatal Error] :1:1: Premature end of file.
2026-04-28 23:10:05,733 [ERROR] LogOutputStream:75 - [STDERR_REDIRECT] 
2026-04-28 23:10:06,734 [ERROR] LogOutputStream:75 - [STDERR_REDIRECT] [Fatal Error] :1:1: Premature end of file.
2026-04-28 23:10:06,734 [ERROR] LogOutputStream:75 - [STDERR_REDIRECT] 
2026-04-28 23:10:07,734 [ERROR] LogOutputStream:75 - [STDERR_REDIRECT] [Fatal Error] :1:1: Premature end of file.
2026-04-28 23:10:07,734 [ERROR] LogOutputStream:75 - [STDERR_REDIRECT] 
2026-04-28 23:10:08,734 [ERROR] LogOutputStream:75 - [STDERR_REDIRECT] [Fatal Error] :1:1: Premature end of file.
2026-04-28 23:10:08,734 [ERROR] LogOutputStream:75 - [STDERR_REDIRECT] 
2026-04-28 23:10:09,733 [ERROR] LogOutputStream:75 - [STDERR_REDIRECT] [Fatal Error] :1:1: Premature end of file.
2026-04-28 23:10:09,733 [ERROR] LogOutputStream:75 - [STDERR_REDIRECT] 
2026-04-28 23:10:10,733 [ERROR] LogOutputStream:75 - [STDERR_REDIRECT] [Fatal Error] :1:1: Premature end of file.
2026-04-28 23:10:10,733 [ERROR] LogOutputStream:75 - [STDERR_REDIRECT] 
2026-04-28 23:10:11,736 [ERROR] LogOutputStream:75 - [STDERR_REDIRECT] [Fatal Error] :1:1: Premature end of file.
2026-04-28 23:10:11,736 [ERROR] LogOutputStream:75 - [STDERR_REDIRECT] 
2026-04-28 23:10:12,734 [ERROR] LogOutputStream:75 - [STDERR_REDIRECT] [Fatal Error] :1:1: Premature end of file.
2026-04-28 23:10:12,734 [ERROR] LogOutputStream:75 - [STDERR_REDIRECT] 
2026-04-28 23:10:13,735 [ERROR] LogOutputStream:75 - [STDERR_REDIRECT] [Fatal Error] :1:1: Premature end of file.
2026-04-28 23:10:13,735 [ERROR] LogOutputStream:75 - [STDERR_REDIRECT] 
2026-04-28 23:10:14,734 [ERROR] LogOutputStream:75 - [STDERR_REDIRECT] [Fatal Error] :1:1: Premature end of file.
2026-04-28 23:10:14,734 [ERROR] LogOutputStream:75 - [STDERR_REDIRECT] 
2026-04-28 23:10:15,738 [ERROR] LogOutputStream:75 - [STDERR_REDIRECT] [Fatal Error] :1:1: Premature end of file.
2026-04-28 23:10:15,738 [ERROR] LogOutputStream:75 - [STDERR_REDIRECT] 
2026-04-28 23:10:16,734 [ERROR] LogOutputStream:75 - [STDERR_REDIRECT] [Fatal Error] :1:1: Premature end of file.
2026-04-28 23:10:16,734 [ERROR] LogOutputStream:75 - [STDERR_REDIRECT] 
2026-04-28 23:10:17,735 [ERROR] LogOutputStream:75 - [STDERR_REDIRECT] [Fatal Error] :1:1: Premature end of file.
2026-04-28 23:10:17,735 [ERROR] LogOutputStream:75 - [STDERR_REDIRECT] 
2026-04-28 23:10:18,732 [ERROR] LogOutputStream:75 - [STDERR_REDIRECT] [Fatal Error] :1:1: Premature end of file.
2026-04-28 23:10:18,733 [ERROR] LogOutputStream:75 - [STDERR_REDIRECT] 
2026-04-28 23:10:19,733 [ERROR] LogOutputStream:75 - [STDERR_REDIRECT] [Fatal Error] :1:1: Premature end of file.
2026-04-28 23:10:19,733 [ERROR] LogOutputStream:75 - [STDERR_REDIRECT] 
2026-04-28 23:10:20,733 [ERROR] LogOutputStream:75 - [STDERR_REDIRECT] [Fatal Error] :1:1: Premature end of file.
2026-04-28 23:10:20,733 [ERROR] LogOutputStream:75 - [STDERR_REDIRECT] 
2026-04-28 23:10:21,731 [ERROR] LogOutputStream:75 - [STDERR_REDIRECT] [Fatal Error] :1:1: Premature end of file.
2026-04-28 23:10:21,731 [ERROR] LogOutputStream:75 - [STDERR_REDIRECT] 
2026-04-28 23:10:22,734 [ERROR] LogOutputStream:75 - [STDERR_REDIRECT] [Fatal Error] :1:1: Premature end of file.
2026-04-28 23:10:22,734 [ERROR] LogOutputStream:75 - [STDERR_REDIRECT] 
2026-04-28 23:10:23,733 [ERROR] LogOutputStream:75 - [STDERR_REDIRECT] [Fatal Error] :1:1: Premature end of file.
2026-04-28 23:10:23,733 [ERROR] LogOutputStream:75 - [STDERR_REDIRECT] 
2026-04-28 23:10:24,732 [ERROR] LogOutputStream:75 - [STDERR_REDIRECT] [Fatal Error] :1:1: Premature end of file.
2026-04-28 23:10:24,733 [ERROR] LogOutputStream:75 - [STDERR_REDIRECT] 
2026-04-28 23:10:25,734 [ERROR] LogOutputStream:75 - [STDERR_REDIRECT] [Fatal Error] :1:1: Premature end of file.
2026-04-28 23:10:25,734 [ERROR] LogOutputStream:75 - [STDERR_REDIRECT] 
2026-04-28 23:10:26,735 [ERROR] LogOutputStream:75 - [STDERR_REDIRECT] [Fatal Error] :1:1: Premature end of file.
2026-04-28 23:10:26,735 [ERROR] LogOutputStream:75 - [STDERR_REDIRECT] 
2026-04-28 23:10:27,734 [ERROR] LogOutputStream:75 - [STDERR_REDIRECT] [Fatal Error] :1:1: Premature end of file.
2026-04-28 23:10:27,734 [ERROR] LogOutputStream:75 - [STDERR_REDIRECT] 
2026-04-28 23:10:28,735 [ERROR] LogOutputStream:75 - [STDERR_REDIRECT] [Fatal Error] :1:1: Premature end of file.
2026-04-28 23:10:28,736 [ERROR] LogOutputStream:75 - [STDERR_REDIRECT] 
2026-04-28 23:10:29,736 [ERROR] LogOutputStream:75 - [STDERR_REDIRECT] [Fatal Error] :1:1: Premature end of file.
2026-04-28 23:10:29,737 [ERROR] LogOutputStream:75 - [STDERR_REDIRECT] 
2026-04-28 23:10:30,759 [ERROR] LogOutputStream:75 - [STDERR_REDIRECT] [Fatal Error] :1:1: Premature end of file.
2026-04-28 23:10:30,760 [ERROR] LogOutputStream:75 - [STDERR_REDIRECT] 
2026-04-28 23:10:31,734 [ERROR] LogOutputStream:75 - [STDERR_REDIRECT] [Fatal Error] :1:1: Premature end of file.
2026-04-28 23:10:31,734 [ERROR] LogOutputStream:75 - [STDERR_REDIRECT] 
2026-04-28 23:10:32,734 [ERROR] LogOutputStream:75 - [STDERR_REDIRECT] [Fatal Error] :1:1: Premature end of file.
2026-04-28 23:10:32,734 [ERROR] LogOutputStream:75 - [STDERR_REDIRECT] 
2026-04-28 23:10:33,734 [ERROR] LogOutputStream:75 - [STDERR_REDIRECT] [Fatal Error] :1:1: Premature end of file.
2026-04-28 23:10:33,734 [ERROR] LogOutputStream:75 - [STDERR_REDIRECT] 
2026-04-28 23:10:34,735 [ERROR] LogOutputStream:75 - [STDERR_REDIRECT] [Fatal Error] :1:1: Premature end of file.
2026-04-28 23:10:34,735 [ERROR] LogOutputStream:75 - [STDERR_REDIRECT] 
2026-04-28 23:10:35,735 [ERROR] LogOutputStream:75 - [STDERR_REDIRECT] [Fatal Error] :1:1: Premature end of file.
2026-04-28 23:10:35,735 [ERROR] LogOutputStream:75 - [STDERR_REDIRECT] 
2026-04-28 23:10:36,735 [ERROR] LogOutputStream:75 - [STDERR_REDIRECT] [Fatal Error] :1:1: Premature end of file.
2026-04-28 23:10:36,735 [ERROR] LogOutputStream:75 - [STDERR_REDIRECT] 
2026-04-28 23:10:37,735 [ERROR] LogOutputStream:75 - [STDERR_REDIRECT] [Fatal Error] :1:1: Premature end of file.
2026-04-28 23:10:37,735 [ERROR] LogOutputStream:75 - [STDERR_REDIRECT] 
2026-04-28 23:10:38,734 [ERROR] LogOutputStream:75 - [STDERR_REDIRECT] [Fatal Error] :1:1: Premature end of file.
2026-04-28 23:10:38,734 [ERROR] LogOutputStream:75 - [STDERR_REDIRECT] 
2026-04-28 23:10:39,734 [ERROR] LogOutputStream:75 - [STDERR_REDIRECT] [Fatal Error] :1:1: Premature end of file.
2026-04-28 23:10:39,734 [ERROR] LogOutputStream:75 - [STDERR_REDIRECT] 
2026-04-28 23:10:40,736 [ERROR] LogOutputStream:75 - [STDERR_REDIRECT] [Fatal Error] :1:1: Premature end of file.
2026-04-28 23:10:40,736 [ERROR] LogOutputStream:75 - [STDERR_REDIRECT] 
2026-04-28 23:10:41,733 [ERROR] LogOutputStream:75 - [STDERR_REDIRECT] [Fatal Error] :1:1: Premature end of file.
2026-04-28 23:10:41,733 [ERROR] LogOutputStream:75 - [STDERR_REDIRECT] 
2026-04-28 23:10:42,734 [ERROR] LogOutputStream:75 - [STDERR_REDIRECT] [Fatal Error] :1:1: Premature end of file.
2026-04-28 23:10:42,734 [ERROR] LogOutputStream:75 - [STDERR_REDIRECT] 
2026-04-28 23:10:43,736 [ERROR] LogOutputStream:75 - [STDERR_REDIRECT] [Fatal Error] :1:1: Premature end of file.
2026-04-28 23:10:43,736 [ERROR] LogOutputStream:75 - [STDERR_REDIRECT] 
2026-04-28 23:10:44,733 [ERROR] LogOutputStream:75 - [STDERR_REDIRECT] [Fatal Error] :1:1: Premature end of file.
2026-04-28 23:10:44,733 [ERROR] LogOutputStream:75 - [STDERR_REDIRECT] 
2026-04-28 23:10:45,732 [ERROR] LogOutputStream:75 - [STDERR_REDIRECT] [Fatal Error] :1:1: Premature end of file.
2026-04-28 23:10:45,732 [ERROR] LogOutputStream:75 - [STDERR_REDIRECT] 
2026-04-28 23:10:46,731 [ERROR] LogOutputStream:75 - [STDERR_REDIRECT] [Fatal Error] :1:1: Premature end of file.
2026-04-28 23:10:46,732 [ERROR] LogOutputStream:75 - [STDERR_REDIRECT] 
2026-04-28 23:10:47,733 [ERROR] LogOutputStream:75 - [STDERR_REDIRECT] [Fatal Error] :1:1: Premature end of file.
2026-04-28 23:10:47,733 [ERROR] LogOutputStream:75 - [STDERR_REDIRECT] 
2026-04-28 23:10:48,733 [ERROR] LogOutputStream:75 - [STDERR_REDIRECT] [Fatal Error] :1:1: Premature end of file.
2026-04-28 23:10:48,733 [ERROR] LogOutputStream:75 - [STDERR_REDIRECT] 
2026-04-28 23:10:49,734 [ERROR] LogOutputStream:75 - [STDERR_REDIRECT] [Fatal Error] :1:1: Premature end of file.
2026-04-28 23:10:49,734 [ERROR] LogOutputStream:75 - [STDERR_REDIRECT] 
2026-04-28 23:10:50,732 [ERROR] LogOutputStream:75 - [STDERR_REDIRECT] [Fatal Error] :1:1: Premature end of file.
2026-04-28 23:10:50,732 [ERROR] LogOutputStream:75 - [STDERR_REDIRECT] 
2026-04-28 23:10:51,732 [ERROR] LogOutputStream:75 - [STDERR_REDIRECT] [Fatal Error] :1:1: Premature end of file.
2026-04-28 23:10:51,732 [ERROR] LogOutputStream:75 - [STDERR_REDIRECT] 
2026-04-28 23:10:52,734 [ERROR] LogOutputStream:75 - [STDERR_REDIRECT] [Fatal Error] :1:1: Premature end of file.
2026-04-28 23:10:52,735 [ERROR] LogOutputStream:75 - [STDERR_REDIRECT] 
2026-04-28 23:10:53,732 [ERROR] LogOutputStream:75 - [STDERR_REDIRECT] [Fatal Error] :1:1: Premature end of file.
2026-04-28 23:10:53,732 [ERROR] LogOutputStream:75 - [STDERR_REDIRECT] 
2026-04-28 23:10:54,736 [ERROR] LogOutputStream:75 - [STDERR_REDIRECT] [Fatal Error] :1:1: Premature end of file.
2026-04-28 23:10:54,736 [ERROR] LogOutputStream:75 - [STDERR_REDIRECT] 
2026-04-28 23:10:55,733 [ERROR] LogOutputStream:75 - [STDERR_REDIRECT] [Fatal Error] :1:1: Premature end of file.
2026-04-28 23:10:55,733 [ERROR] LogOutputStream:75 - [STDERR_REDIRECT] 
2026-04-28 23:10:56,731 [ERROR] LogOutputStream:75 - [STDERR_REDIRECT] [Fatal Error] :1:1: Premature end of file.
2026-04-28 23:10:56,731 [ERROR] LogOutputStream:75 - [STDERR_REDIRECT] 
2026-04-28 23:10:57,733 [ERROR] LogOutputStream:75 - [STDERR_REDIRECT] [Fatal Error] :1:1: Premature end of file.
2026-04-28 23:10:57,733 [ERROR] LogOutputStream:75 - [STDERR_REDIRECT] 
2026-04-28 23:10:58,733 [ERROR] LogOutputStream:75 - [STDERR_REDIRECT] [Fatal Error] :1:1: Premature end of file.
2026-04-28 23:10:58,734 [ERROR] LogOutputStream:75 - [STDERR_REDIRECT] 
2026-04-28 23:10:59,732 [ERROR] LogOutputStream:75 - [STDERR_REDIRECT] [Fatal Error] :1:1: Premature end of file.
2026-04-28 23:10:59,732 [ERROR] LogOutputStream:75 - [STDERR_REDIRECT] 
2026-04-28 23:11:00,732 [ERROR] LogOutputStream:75 - [STDERR_REDIRECT] [Fatal Error] :1:1: Premature end of file.
2026-04-28 23:11:00,733 [ERROR] LogOutputStream:75 - [STDERR_REDIRECT] 
2026-04-28 23:11:01,732 [ERROR] LogOutputStream:75 - [STDERR_REDIRECT] [Fatal Error] :1:1: Premature end of file.
2026-04-28 23:11:01,732 [ERROR] LogOutputStream:75 - [STDERR_REDIRECT] 
2026-04-28 23:11:02,733 [ERROR] LogOutputStream:75 - [STDERR_REDIRECT] [Fatal Error] :1:1: Premature end of file.
2026-04-28 23:11:02,733 [ERROR] LogOutputStream:75 - [STDERR_REDIRECT] 
2026-04-28 23:11:03,735 [ERROR] LogOutputStream:75 - [STDERR_REDIRECT] [Fatal Error] :1:1: Premature end of file.
2026-04-28 23:11:03,735 [ERROR] LogOutputStream:75 - [STDERR_REDIRECT] 
2026-04-28 23:11:04,731 [ERROR] LogOutputStream:75 - [STDERR_REDIRECT] [Fatal Error] :1:1: Premature end of file.
2026-04-28 23:11:04,731 [ERROR] LogOutputStream:75 - [STDERR_REDIRECT] 
2026-04-28 23:11:05,733 [ERROR] LogOutputStream:75 - [STDERR_REDIRECT] [Fatal Error] :1:1: Premature end of file.
2026-04-28 23:11:05,733 [ERROR] LogOutputStream:75 - [STDERR_REDIRECT] 
2026-04-28 23:11:06,731 [ERROR] LogOutputStream:75 - [STDERR_REDIRECT] [Fatal Error] :1:1: Premature end of file.
2026-04-28 23:11:06,731 [ERROR] LogOutputStream:75 - [STDERR_REDIRECT] 
2026-04-28 23:11:07,734 [ERROR] LogOutputStream:75 - [STDERR_REDIRECT] [Fatal Error] :1:1: Premature end of file.
2026-04-28 23:11:07,734 [ERROR] LogOutputStream:75 - [STDERR_REDIRECT] 
2026-04-28 23:11:08,732 [ERROR] LogOutputStream:75 - [STDERR_REDIRECT] [Fatal Error] :1:1: Premature end of file.
2026-04-28 23:11:08,732 [ERROR] LogOutputStream:75 - [STDERR_REDIRECT] 
2026-04-28 23:11:09,734 [ERROR] LogOutputStream:75 - [STDERR_REDIRECT] [Fatal Error] :1:1: Premature end of file.
2026-04-28 23:11:09,734 [ERROR] LogOutputStream:75 - [STDERR_REDIRECT] 
2026-04-28 23:11:10,733 [ERROR] LogOutputStream:75 - [STDERR_REDIRECT] [Fatal Error] :1:1: Premature end of file.
2026-04-28 23:11:10,734 [ERROR] LogOutputStream:75 - [STDERR_REDIRECT] 
2026-04-28 23:11:11,734 [ERROR] LogOutputStream:75 - [STDERR_REDIRECT] [Fatal Error] :1:1: Premature end of file.
2026-04-28 23:11:11,734 [ERROR] LogOutputStream:75 - [STDERR_REDIRECT] 
2026-04-28 23:11:12,735 [ERROR] LogOutputStream:75 - [STDERR_REDIRECT] [Fatal Error] :1:1: Premature end of file.
2026-04-28 23:11:12,735 [ERROR] LogOutputStream:75 - [STDERR_REDIRECT] 
2026-04-28 23:11:13,734 [ERROR] LogOutputStream:75 - [STDERR_REDIRECT] [Fatal Error] :1:1: Premature end of file.
2026-04-28 23:11:13,734 [ERROR] LogOutputStream:75 - [STDERR_REDIRECT] 
2026-04-28 23:11:14,734 [ERROR] LogOutputStream:75 - [STDERR_REDIRECT] [Fatal Error] :1:1: Premature end of file.
2026-04-28 23:11:14,734 [ERROR] LogOutputStream:75 - [STDERR_REDIRECT] 
2026-04-28 23:11:15,732 [ERROR] LogOutputStream:75 - [STDERR_REDIRECT] [Fatal Error] :1:1: Premature end of file.
2026-04-28 23:11:15,732 [ERROR] LogOutputStream:75 - [STDERR_REDIRECT] 
2026-04-28 23:11:16,735 [ERROR] LogOutputStream:75 - [STDERR_REDIRECT] [Fatal Error] :1:1: Premature end of file.
2026-04-28 23:11:16,735 [ERROR] LogOutputStream:75 - [STDERR_REDIRECT] 
2026-04-28 23:11:17,732 [ERROR] LogOutputStream:75 - [STDERR_REDIRECT] [Fatal Error] :1:1: Premature end of file.
2026-04-28 23:11:17,763 [ERROR] LogOutputStream:75 - [STDERR_REDIRECT] 
2026-04-28 23:11:18,731 [ERROR] LogOutputStream:75 - [STDERR_REDIRECT] [Fatal Error] :1:1: Premature end of file.
2026-04-28 23:11:18,732 [ERROR] LogOutputStream:75 - [STDERR_REDIRECT] 
2026-04-28 23:11:19,733 [ERROR] LogOutputStream:75 - [STDERR_REDIRECT] [Fatal Error] :1:1: Premature end of file.
2026-04-28 23:11:19,733 [ERROR] LogOutputStream:75 - [STDERR_REDIRECT] 
2026-04-28 23:11:20,733 [ERROR] LogOutputStream:75 - [STDERR_REDIRECT] [Fatal Error] :1:1: Premature end of file.
2026-04-28 23:11:20,733 [ERROR] LogOutputStream:75 - [STDERR_REDIRECT] 
2026-04-28 23:11:21,732 [ERROR] LogOutputStream:75 - [STDERR_REDIRECT] [Fatal Error] :1:1: Premature end of file.
2026-04-28 23:11:21,732 [ERROR] LogOutputStream:75 - [STDERR_REDIRECT] 
2026-04-28 23:11:22,735 [ERROR] LogOutputStream:75 - [STDERR_REDIRECT] [Fatal Error] :1:1: Premature end of file.
2026-04-28 23:11:22,735 [ERROR] LogOutputStream:75 - [STDERR_REDIRECT] 
2026-04-28 23:11:23,731 [ERROR] LogOutputStream:75 - [STDERR_REDIRECT] [Fatal Error] :1:1: Premature end of file.
2026-04-28 23:11:23,731 [ERROR] LogOutputStream:75 - [STDERR_REDIRECT] 
2026-04-28 23:11:24,733 [ERROR] LogOutputStream:75 - [STDERR_REDIRECT] [Fatal Error] :1:1: Premature end of file.
2026-04-28 23:11:24,733 [ERROR] LogOutputStream:75 - [STDERR_REDIRECT] 
2026-04-28 23:11:25,733 [ERROR] LogOutputStream:75 - [STDERR_REDIRECT] [Fatal Error] :1:1: Premature end of file.
2026-04-28 23:11:25,733 [ERROR] LogOutputStream:75 - [STDERR_REDIRECT] 
2026-04-28 23:11:26,734 [ERROR] LogOutputStream:75 - [STDERR_REDIRECT] [Fatal Error] :1:1: Premature end of file.
2026-04-28 23:11:26,734 [ERROR] LogOutputStream:75 - [STDERR_REDIRECT] 
2026-04-28 23:11:27,734 [ERROR] LogOutputStream:75 - [STDERR_REDIRECT] [Fatal Error] :1:1: Premature end of file.
2026-04-28 23:11:27,735 [ERROR] LogOutputStream:75 - [STDERR_REDIRECT] 
2026-04-28 23:11:28,733 [ERROR] LogOutputStream:75 - [STDERR_REDIRECT] [Fatal Error] :1:1: Premature end of file.
2026-04-28 23:11:28,733 [ERROR] LogOutputStream:75 - [STDERR_REDIRECT] 
2026-04-28 23:11:29,734 [ERROR] LogOutputStream:75 - [STDERR_REDIRECT] [Fatal Error] :1:1: Premature end of file.
2026-04-28 23:11:29,734 [ERROR] LogOutputStream:75 - [STDERR_REDIRECT] 
2026-04-28 23:11:30,732 [ERROR] LogOutputStream:75 - [STDERR_REDIRECT] [Fatal Error] :1:1: Premature end of file.
2026-04-28 23:11:30,732 [ERROR] LogOutputStream:75 - [STDERR_REDIRECT] 
2026-04-28 23:11:31,733 [ERROR] LogOutputStream:75 - [STDERR_REDIRECT] [Fatal Error] :1:1: Premature end of file.
2026-04-28 23:11:31,733 [ERROR] LogOutputStream:75 - [STDERR_REDIRECT] 
2026-04-28 23:11:32,734 [ERROR] LogOutputStream:75 - [STDERR_REDIRECT] [Fatal Error] :1:1: Premature end of file.
2026-04-28 23:11:32,734 [ERROR] LogOutputStream:75 - [STDERR_REDIRECT] 
2026-04-28 23:11:33,734 [ERROR] LogOutputStream:75 - [STDERR_REDIRECT] [Fatal Error] :1:1: Premature end of file.
2026-04-28 23:11:33,734 [ERROR] LogOutputStream:75 - [STDERR_REDIRECT] 
2026-04-28 23:11:34,732 [ERROR] LogOutputStream:75 - [STDERR_REDIRECT] [Fatal Error] :1:1: Premature end of file.
2026-04-28 23:11:34,733 [ERROR] LogOutputStream:75 - [STDERR_REDIRECT] 
2026-04-28 23:11:35,735 [ERROR] LogOutputStream:75 - [STDERR_REDIRECT] [Fatal Error] :1:1: Premature end of file.
2026-04-28 23:11:35,735 [ERROR] LogOutputStream:75 - [STDERR_REDIRECT] 
2026-04-28 23:11:36,733 [ERROR] LogOutputStream:75 - [STDERR_REDIRECT] [Fatal Error] :1:1: Premature end of file.
2026-04-28 23:11:36,734 [ERROR] LogOutputStream:75 - [STDERR_REDIRECT] 
2026-04-28 23:11:37,734 [ERROR] LogOutputStream:75 - [STDERR_REDIRECT] [Fatal Error] :1:1: Premature end of file.
2026-04-28 23:11:37,736 [ERROR] LogOutputStream:75 - [STDERR_REDIRECT] 
2026-04-28 23:11:38,733 [ERROR] LogOutputStream:75 - [STDERR_REDIRECT] [Fatal Error] :1:1: Premature end of file.
2026-04-28 23:11:38,733 [ERROR] LogOutputStream:75 - [STDERR_REDIRECT] 
2026-04-28 23:11:39,736 [ERROR] LogOutputStream:75 - [STDERR_REDIRECT] [Fatal Error] :1:1: Premature end of file.
2026-04-28 23:11:39,736 [ERROR] LogOutputStream:75 - [STDERR_REDIRECT] 
2026-04-28 23:11:40,227 [INFO] MainUpdater:2872 - connection check result : 10
2026-04-28 23:11:40,227 [INFO] MainUpdater:2872 - connection check result : 10
2026-04-28 23:11:40,305 [INFO] MicroXplorer:468 - Change Database Path : 
2026-04-28 23:11:40,306 [INFO] MicroXplorer:498 - Change Database Version : DB.6.0.141
2026-04-28 23:11:40,320 [ERROR] ProjectManagerView:395 - 
java.lang.NullPointerException: Cannot invoke "javax.swing.JTextField.getText()" because the return value of "java.util.List.get(int)" is null
	at com.st.microxplorer.plugins.projectmanager.gui.ProjectChoiceTab$9.caretUpdate(ProjectChoiceTab.java:2678) ~[filemanager.jar:?]
	at javax.swing.text.JTextComponent.fireCaretUpdate(JTextComponent.java:408) ~[?:?]
	at javax.swing.text.JTextComponent$MutableCaretEvent.fire(JTextComponent.java:4484) ~[?:?]
	at javax.swing.text.JTextComponent$MutableCaretEvent.stateChanged(JTextComponent.java:4506) ~[?:?]
	at javax.swing.text.DefaultCaret.fireStateChanged(DefaultCaret.java:857) ~[?:?]
	at javax.swing.text.DefaultCaret.changeCaretPosition(DefaultCaret.java:1343) ~[?:?]
	at javax.swing.text.DefaultCaret.handleSetDot(DefaultCaret.java:1242) ~[?:?]
	at javax.swing.text.DefaultCaret.setDot(DefaultCaret.java:1223) ~[?:?]
	at javax.swing.text.DefaultCaret$Handler.insertUpdate(DefaultCaret.java:1819) ~[?:?]
	at javax.swing.text.AbstractDocument.fireInsertUpdate(AbstractDocument.java:227) ~[?:?]
	at javax.swing.text.AbstractDocument.handleInsertString(AbstractDocument.java:781) ~[?:?]
	at javax.swing.text.AbstractDocument.insertString(AbstractDocument.java:740) ~[?:?]
	at javax.swing.text.PlainDocument.insertString(PlainDocument.java:131) ~[?:?]
	at javax.swing.text.AbstractDocument.replace(AbstractDocument.java:699) ~[?:?]
	at javax.swing.text.JTextComponent.setText(JTextComponent.java:1725) ~[?:?]
	at com.st.microxplorer.plugins.projectmanager.gui.ProjectChoiceTab.createHeapStackFields(ProjectChoiceTab.java:979) ~[filemanager.jar:?]
	at com.st.microxplorer.plugins.projectmanager.gui.ProjectChoiceTab.buildLinkSettingsPanel(ProjectChoiceTab.java:3766) ~[filemanager.jar:?]
	at com.st.microxplorer.plugins.projectmanager.gui.ProjectChoiceTab.defineWindowsFields(ProjectChoiceTab.java:1962) ~[filemanager.jar:?]
	at com.st.microxplorer.plugins.projectmanager.gui.ProjectChoiceTab.updateSettings(ProjectChoiceTab.java:555) ~[filemanager.jar:?]
	at com.st.microxplorer.plugins.projectmanager.gui.ProjectSettingsPanel.UpdateDialog(ProjectSettingsPanel.java:245) ~[filemanager.jar:?]
	at com.st.microxplorer.plugins.projectmanager.ProjectManagerView.propertyChange(ProjectManagerView.java:392) ~[filemanager.jar:?]
	at java.beans.PropertyChangeSupport.fire(PropertyChangeSupport.java:343) ~[?:?]
	at java.beans.PropertyChangeSupport.firePropertyChange(PropertyChangeSupport.java:335) ~[?:?]
	at java.beans.PropertyChangeSupport.firePropertyChange(PropertyChangeSupport.java:268) ~[?:?]
	at com.st.microxplorer.util.MXPropertyChangeSupport.firePropertyChange(MXPropertyChangeSupport.java:54) ~[STM32CubeMX.jar:?]
	at com.st.microxplorer.mxsystem.MxSystem.closeConfig(MxSystem.java:899) ~[STM32CubeMX.jar:?]
	at com.st.microxplorer.maingui.MainPanel.closeConfig(MainPanel.java:789) ~[STM32CubeMX.jar:?]
	at com.st.microxplorer.plugins.filemanager.engine.OpenFileManager.loadConfigurationFile(OpenFileManager.java:287) ~[filemanager.jar:?]
	at com.st.microxplorer.plugins.filemanager.engine.MainFileManager.userLoadConfig(MainFileManager.java:341) ~[filemanager.jar:?]
	at com.st.microxplorer.plugins.filemanager.engine.MainFileManager.userLoadConfig(MainFileManager.java:319) ~[filemanager.jar:?]
	at com.st.microxplorer.plugins.filemanager.FileManagerView.getSpecificTask(FileManagerView.java:246) ~[filemanager.jar:?]
	at com.st.stm32cube.common.mx.editor.CubeMxEditor.getMxTabbedPaneInstance(CubeMxEditor.java:1198) ~[com.st.stm32cube.common.mx_6.14.1.202504091515/:?]
	at com.st.stm32cube.common.mx.editor.CubeMxEditor$12$1.createSwingComponent(CubeMxEditor.java:1068) ~[com.st.stm32cube.common.mx_6.14.1.202504091515/:?]
	at com.st.stm32cube.common.mx.oss.core.awtswtbridge.EmbeddedSwingComposite.doComponentCreation(EmbeddedSwingComposite.java:492) ~[com.st.stm32cube.common.mx.oss_6.14.1.202504091515/:?]
	at com.st.stm32cube.common.mx.oss.core.awtswtbridge.EmbeddedSwingComposite$4.run(EmbeddedSwingComposite.java:291) ~[com.st.stm32cube.common.mx.oss_6.14.1.202504091515/:?]
	at com.st.stm32cube.common.mx.oss.core.awtswtbridge.AwtEnvironment$2.run(AwtEnvironment.java:166) ~[com.st.stm32cube.common.mx.oss_6.14.1.202504091515/:?]
	at java.awt.event.InvocationEvent.dispatch(InvocationEvent.java:318) ~[?:?]
	at java.awt.EventQueue.dispatchEventImpl(EventQueue.java:773) ~[?:?]
	at java.awt.EventQueue$4.run(EventQueue.java:720) ~[?:?]
	at java.awt.EventQueue$4.run(EventQueue.java:714) ~[?:?]
	at java.security.AccessController.doPrivileged(AccessController.java:400) ~[?:?]
	at java.security.ProtectionDomain$JavaSecurityAccessImpl.doIntersectionPrivilege(ProtectionDomain.java:87) ~[?:?]
	at java.awt.EventQueue.dispatchEvent(EventQueue.java:742) ~[?:?]
	at java.awt.EventDispatchThread.pumpOneEventForFilters(EventDispatchThread.java:203) ~[?:?]
	at java.awt.EventDispatchThread.pumpEventsForFilter(EventDispatchThread.java:124) ~[?:?]
	at java.awt.EventDispatchThread.pumpEventsForHierarchy(EventDispatchThread.java:113) ~[?:?]
	at java.awt.EventDispatchThread.pumpEvents(EventDispatchThread.java:109) ~[?:?]
	at java.awt.EventDispatchThread.pumpEvents(EventDispatchThread.java:101) ~[?:?]
	at java.awt.EventDispatchThread.run(EventDispatchThread.java:90) ~[?:?]
2026-04-28 23:11:40,321 [WARN] ThirdParty:871 - waiting for thirdparty lock release [close project]
2026-04-28 23:11:40,321 [INFO] ThirdParty:873 - entering critical section [close project]
2026-04-28 23:11:40,321 [INFO] ThirdParty:883 - exiting critical section [close project]
2026-04-28 23:11:40,322 [INFO] PinOutPanel:1589 - setPackage(No Configuration,No Configuration)
2026-04-28 23:11:40,325 [INFO] UtilMem:75 - Begin LoadConfig() Used Memory: 794347608 Bytes (1073741824)
2026-04-28 23:11:40,325 [INFO] MicroXplorer:468 - Change Database Path : 
2026-04-28 23:11:40,325 [INFO] MicroXplorer:498 - Change Database Version : DB.6.0.141
2026-04-28 23:11:40,325 [INFO] OpenFileManager:354 - Change cursor
2026-04-28 23:11:40,330 [INFO] Mcu:2011 - Initializing MCU STM32L072C(B-Z)Tx STM32L072CZTx STM32L072CZT6
2026-04-28 23:11:40,741 [ERROR] LogOutputStream:75 - [STDERR_REDIRECT] [Fatal Error] :1:1: Premature end of file.
2026-04-28 23:11:40,741 [ERROR] LogOutputStream:75 - [STDERR_REDIRECT] 
2026-04-28 23:11:40,917 [INFO] Context:756 - Trying to add GPIOservice into a context  which must be forbidden
2026-04-28 23:11:41,020 [INFO] ImportTextPane:218 - (OptionalMessage_ERROR) Pin10 (VP_RIF_VS_RIF1) cannot be retrieved for this MCU
2026-04-28 23:11:41,058 [INFO] RtosManager:558 - Registered RTOS mode: class=CMSIS, group=RTOS, mode=CMSIS_V1, owner=FREERTOS
2026-04-28 23:11:41,058 [INFO] RtosManager:558 - Registered RTOS mode: class=CMSIS, group=RTOS2, mode=CMSIS_V2, owner=FREERTOS
2026-04-28 23:11:41,058 [INFO] RtosManager:558 - Registered RTOS mode: class=RTOS, group=Core, mode=CMSIS_V1, owner=FREERTOS
2026-04-28 23:11:41,058 [INFO] RtosManager:558 - Registered RTOS mode: class=RTOS, group=Core, mode=CMSIS_V2, owner=FREERTOS
2026-04-28 23:11:41,058 [WARN] ModelIntegratedComponent:184 - Missing modes for component STMicroelectronics:FreeRTOS:0.0.1:STMicroelectronics:RTOS:FreeRTOS:Core:::10.2.0:
2026-04-28 23:11:41,061 [WARN] ModelIntegratedComponent:63 - No mode defined for component null
2026-04-28 23:11:41,061 [WARN] ModelIntegratedComponent:63 - No mode defined for component null
2026-04-28 23:11:41,061 [WARN] ModelIntegratedComponent:63 - No mode defined for component null
2026-04-28 23:11:41,061 [WARN] ModelIntegratedComponent:63 - No mode defined for component null
2026-04-28 23:11:41,061 [WARN] ModelIntegratedComponent:63 - No mode defined for component null
2026-04-28 23:11:41,061 [WARN] ModelIntegratedComponent:63 - No mode defined for component null
2026-04-28 23:11:41,061 [WARN] ModelIntegratedComponent:63 - No mode defined for component null
2026-04-28 23:11:41,061 [WARN] ModelIntegratedComponent:63 - No mode defined for component null
2026-04-28 23:11:41,061 [WARN] ModelIntegratedComponent:63 - No mode defined for component null
2026-04-28 23:11:41,061 [WARN] ModelIntegratedComponent:63 - No mode defined for component null
2026-04-28 23:11:41,061 [WARN] ModelIntegratedComponent:63 - No mode defined for component null
2026-04-28 23:11:41,061 [WARN] ModelIntegratedComponent:63 - No mode defined for component null
2026-04-28 23:11:41,061 [WARN] ModelIntegratedComponent:63 - No mode defined for component null
2026-04-28 23:11:41,061 [WARN] ModelIntegratedComponent:63 - No mode defined for component null
2026-04-28 23:11:41,061 [WARN] ModelIntegratedComponent:63 - No mode defined for component null
2026-04-28 23:11:41,061 [WARN] ModelIntegratedComponent:63 - No mode defined for component null
2026-04-28 23:11:41,061 [WARN] ModelIntegratedComponent:63 - No mode defined for component null
2026-04-28 23:11:41,061 [WARN] ModelIntegratedComponent:63 - No mode defined for component null
2026-04-28 23:11:41,061 [WARN] ModelIntegratedComponent:63 - No mode defined for component null
2026-04-28 23:11:41,061 [WARN] ModelIntegratedComponent:63 - No mode defined for component null
2026-04-28 23:11:41,061 [WARN] ModelIntegratedComponent:63 - No mode defined for component null
2026-04-28 23:11:41,061 [WARN] ModelIntegratedComponent:63 - No mode defined for component null
2026-04-28 23:11:41,061 [WARN] ModelIntegratedComponent:63 - No mode defined for component null
2026-04-28 23:11:41,061 [WARN] ModelIntegratedComponent:63 - No mode defined for component null
2026-04-28 23:11:41,061 [WARN] ModelIntegratedComponent:63 - No mode defined for component null
2026-04-28 23:11:41,062 [WARN] ModelIntegratedComponent:63 - No mode defined for component null
2026-04-28 23:11:41,062 [WARN] ModelIntegratedComponent:63 - No mode defined for component null
2026-04-28 23:11:41,062 [WARN] ModelIntegratedComponent:63 - No mode defined for component null
2026-04-28 23:11:41,062 [WARN] ModelIntegratedComponent:63 - No mode defined for component null
2026-04-28 23:11:41,062 [WARN] ModelIntegratedComponent:63 - No mode defined for component null
2026-04-28 23:11:41,062 [WARN] ModelIntegratedComponent:63 - No mode defined for component null
2026-04-28 23:11:41,062 [WARN] ModelIntegratedComponent:63 - No mode defined for component null
2026-04-28 23:11:41,062 [WARN] ModelIntegratedComponent:63 - No mode defined for component null
2026-04-28 23:11:41,062 [WARN] ModelIntegratedComponent:63 - No mode defined for component null
2026-04-28 23:11:41,062 [WARN] ModelIntegratedComponent:63 - No mode defined for component null
2026-04-28 23:11:41,062 [WARN] ModelPack:524 - Component already loaded: STMicroelectronics:HAL Drivers:0.0.0:STMicroelectronics:Device:STMicro_Driver:XSPI:HAL::0.0.1:HAL_XSPI
2026-04-28 23:11:41,191 [INFO] ThirdPartyModel:298 - Start build external matchings
2026-04-28 23:11:41,733 [ERROR] LogOutputStream:75 - [STDERR_REDIRECT] [Fatal Error] :1:1: Premature end of file.
2026-04-28 23:11:41,733 [ERROR] LogOutputStream:75 - [STDERR_REDIRECT] 
2026-04-28 23:11:42,142 [INFO] ThirdPartyModel:316 - End build external matchings
2026-04-28 23:11:42,316 [INFO] UtilMem:75 - End LoadConfig() Used Memory: 876421576 Bytes (1073741824)
2026-04-28 23:11:42,353 [WARN] ThirdParty:833 - waiting for thirdparty lock release [change project]
2026-04-28 23:11:42,353 [INFO] ThirdParty:835 - entering critical section [change project]
2026-04-28 23:11:42,353 [INFO] ThirdParty:1030 - CMSIS Pack Vendor :STMicroelectronics X-CUBE-AZRTOS-H7 3.5.0
2026-04-28 23:11:42,353 [INFO] ThirdParty:1030 - CMSIS Pack Vendor :STMicroelectronics X-CUBE-PM33A1 1.0.0
2026-04-28 23:11:42,353 [INFO] ThirdParty:1030 - CMSIS Pack Vendor :STMicroelectronics USBPD 4.1
2026-04-28 23:11:42,353 [INFO] ThirdParty:1030 - CMSIS Pack Vendor :STMicroelectronics USB_HOST 2.0.0
2026-04-28 23:11:42,353 [INFO] ThirdParty:1030 - CMSIS Pack Vendor :STMicroelectronics FP-SNS-MOTENVWB1 1.4.0
2026-04-28 23:11:42,354 [INFO] ThirdParty:1030 - CMSIS Pack Vendor :STMicroelectronics X-CUBE-AZRTOS-F4 1.1.0
2026-04-28 23:11:42,354 [INFO] ThirdParty:1030 - CMSIS Pack Vendor :STMicroelectronics LIBJPEG 8.0.0
2026-04-28 23:11:42,354 [INFO] ThirdParty:1030 - CMSIS Pack Vendor :STMicroelectronics FP-ATR-ASTRA1 2.0.2
2026-04-28 23:11:42,354 [INFO] ThirdParty:1030 - CMSIS Pack Vendor :STMicroelectronics FP-ATR-ASTRA1 2.0.1
2026-04-28 23:11:42,354 [INFO] ThirdParty:1030 - CMSIS Pack Vendor :Avnet-IotConnect X-CUBE-IoTC-DA16k-PMOD 1.0.0
2026-04-28 23:11:42,354 [INFO] ThirdParty:1030 - CMSIS Pack Vendor :STMicroelectronics X-CUBE-SMBUS 2.1.0
2026-04-28 23:11:42,354 [INFO] ThirdParty:1030 - CMSIS Pack Vendor :STMicroelectronics X-CUBE-WB05N 1.1.0
2026-04-28 23:11:42,354 [INFO] ThirdParty:1030 - CMSIS Pack Vendor :STMicroelectronics X-CUBE-ISPU 2.1.0
2026-04-28 23:11:42,354 [INFO] ThirdParty:1030 - CMSIS Pack Vendor :STMicroelectronics eDS-WB_DPC_TT-BIDIR 2.1.1
2026-04-28 23:11:42,354 [INFO] ThirdParty:1030 - CMSIS Pack Vendor :STMicroelectronics X-CUBE-ST60 1.0.0
2026-04-28 23:11:42,354 [INFO] ThirdParty:1030 - CMSIS Pack Vendor :STMicroelectronics X-CUBE-NFC12 1.0.0
2026-04-28 23:11:42,354 [INFO] ThirdParty:1030 - CMSIS Pack Vendor :STMicroelectronics X-CUBE-AZRTOS-F7 1.1.0
2026-04-28 23:11:42,354 [INFO] ThirdParty:1030 - CMSIS Pack Vendor :STMicroelectronics X-CUBE-AZRTOS-L5 2.0.0
2026-04-28 23:11:42,354 [INFO] ThirdParty:1030 - CMSIS Pack Vendor :STMicroelectronics USB_DEVICE 2.0.0
2026-04-28 23:11:42,354 [INFO] ThirdParty:1030 - CMSIS Pack Vendor :STMicroelectronics X-CUBE-NFC6 3.1.0
2026-04-28 23:11:42,354 [INFO] ThirdParty:1030 - CMSIS Pack Vendor :Cesanta I-CUBE-Mongoose 7.19.0
2026-04-28 23:11:42,354 [INFO] ThirdParty:1030 - CMSIS Pack Vendor :STMicroelectronics X-CUBE-MEMS1 11.0.0
2026-04-28 23:11:42,354 [INFO] ThirdParty:1030 - CMSIS Pack Vendor :STMicroelectronics FreeRTOS 0.0.1
2026-04-28 23:11:42,354 [INFO] ThirdParty:1030 - CMSIS Pack Vendor :STMicroelectronics X-CUBE-DPower 1.2.0
2026-04-28 23:11:42,354 [INFO] ThirdParty:1030 - CMSIS Pack Vendor :STMicroelectronics eDS-WB_DPC_VIENNA 1.2.0
2026-04-28 23:11:42,354 [INFO] ThirdParty:1030 - CMSIS Pack Vendor :STMicroelectronics FP-SNS-FLIGHT1 5.0.2
2026-04-28 23:11:42,354 [INFO] ThirdParty:1030 - CMSIS Pack Vendor :STMicroelectronics eDS-WB_DPC_3PH2L-BIDIR 1.1.1
2026-04-28 23:11:42,354 [INFO] ThirdParty:1030 - CMSIS Pack Vendor :Infineon AIROC-Wi-Fi-Bluetooth-STM32 1.7.0
2026-04-28 23:11:42,354 [INFO] ThirdParty:1030 - CMSIS Pack Vendor :Infineon AIROC-Wi-Fi-Bluetooth-STM32 1.7.1
2026-04-28 23:11:42,354 [INFO] ThirdParty:1030 - CMSIS Pack Vendor :STMicroelectronics PDM2PCM 3.3.0
2026-04-28 23:11:42,354 [INFO] ThirdParty:1030 - CMSIS Pack Vendor :STMicroelectronics X-CUBE-AZRTOS-H7 3.4.0
2026-04-28 23:11:42,354 [INFO] ThirdParty:1030 - CMSIS Pack Vendor :STMicroelectronics X-CUBE-DISPLAY 3.0.0
2026-04-28 23:11:42,354 [INFO] ThirdParty:1030 - CMSIS Pack Vendor :STMicroelectronics X-CUBE-BLE1 7.0.0
2026-04-28 23:11:42,354 [INFO] ThirdParty:1030 - CMSIS Pack Vendor :STMicroelectronics X-CUBE-NFC10 1.0.0
2026-04-28 23:11:42,354 [INFO] ThirdParty:1030 - CMSIS Pack Vendor :STMicroelectronics X-CUBE-BLEMGR 4.0.0
2026-04-28 23:11:42,354 [INFO] ThirdParty:1030 - CMSIS Pack Vendor :STMicroelectronics X-CUBE-FREERTOS 1.3.1
2026-04-28 23:11:42,354 [INFO] ThirdParty:1030 - CMSIS Pack Vendor :STMicroelectronics HAL Drivers 0.0.0
2026-04-28 23:11:42,354 [INFO] ThirdParty:1030 - CMSIS Pack Vendor :STMicroelectronics X-CUBE-ST60 1.1.0
2026-04-28 23:11:42,354 [INFO] ThirdParty:1030 - CMSIS Pack Vendor :emotas I-CUBE-CANOPEN 1.3.0
2026-04-28 23:11:42,354 [INFO] ThirdParty:1030 - CMSIS Pack Vendor :STMicroelectronics X-CUBE-FREERTOS 1.3.0
2026-04-28 23:11:42,354 [INFO] ThirdParty:1030 - CMSIS Pack Vendor :STMicroelectronics X-CUBE-NFC7 1.0.1
2026-04-28 23:11:42,354 [INFO] ThirdParty:1030 - CMSIS Pack Vendor :STMicroelectronics MBEDTLS 2.14.1
2026-04-28 23:11:42,354 [INFO] ThirdParty:1030 - CMSIS Pack Vendor :STMicroelectronics X-CUBE-GNSS1 7.1.0
2026-04-28 23:11:42,354 [INFO] ThirdParty:1030 - CMSIS Pack Vendor :STMicroelectronics X-CUBE-TOUCHGFX 4.26.0
2026-04-28 23:11:42,354 [INFO] ThirdParty:1030 - CMSIS Pack Vendor :STMicroelectronics X-CUBE-TOUCHGFX 4.26.1
2026-04-28 23:11:42,354 [INFO] ThirdParty:1030 - CMSIS Pack Vendor :STMicroelectronics X-CUBE-AI 10.0.0
2026-04-28 23:11:42,354 [INFO] ThirdParty:1030 - CMSIS Pack Vendor :STMicroelectronics FP-SNS-STAIOTCFT 1.0.0
2026-04-28 23:11:42,354 [INFO] ThirdParty:1030 - CMSIS Pack Vendor :STMicroelectronics FP-SNS-SMARTAG2 1.2.0
2026-04-28 23:11:42,354 [INFO] ThirdParty:1030 - CMSIS Pack Vendor :STMicroelectronics FP-SNS-FLIGHT1 5.1.0
2026-04-28 23:11:42,354 [INFO] ThirdParty:1030 - CMSIS Pack Vendor :STMicroelectronics X-CUBE-MEMS1 11.1.0
2026-04-28 23:11:42,354 [INFO] ThirdParty:1030 - CMSIS Pack Vendor :STMicroelectronics X-CUBE-AZRTOS-WL 2.0.0
2026-04-28 23:11:42,354 [INFO] ThirdParty:1030 - CMSIS Pack Vendor :STMicroelectronics X-CUBE-DPower 1.3.0
2026-04-28 23:11:42,354 [INFO] ThirdParty:1030 - CMSIS Pack Vendor :STMicroelectronics FP-SNS-MOTENV1 5.0.0
2026-04-28 23:11:42,354 [INFO] ThirdParty:1030 - CMSIS Pack Vendor :STMicroelectronics USB_DEVICE 1.0.0
2026-04-28 23:11:42,354 [INFO] ThirdParty:1030 - CMSIS Pack Vendor :STMicroelectronics X-CUBE-AZRTOS-H7RS 1.2.0
2026-04-28 23:11:42,354 [INFO] ThirdParty:1030 - CMSIS Pack Vendor :wolfSSL I-CUBE-wolfMQTT 1.19.0
2026-04-28 23:11:42,354 [INFO] ThirdParty:1030 - CMSIS Pack Vendor :STMicroelectronics X-CUBE-AZRTOS-L4 2.0.0
2026-04-28 23:11:42,354 [INFO] ThirdParty:1030 - CMSIS Pack Vendor :STMicroelectronics ThreadX 0.0.2
2026-04-28 23:11:42,354 [INFO] ThirdParty:1030 - CMSIS Pack Vendor :WES I-CUBE-Cesium 1.3.0
2026-04-28 23:11:42,354 [INFO] ThirdParty:1030 - CMSIS Pack Vendor :STMicroelectronics lwIP 2.1.2
2026-04-28 23:11:42,354 [INFO] ThirdParty:1030 - CMSIS Pack Vendor :STMicroelectronics X-CUBE-SFXS2LP1 4.0.0
2026-04-28 23:11:42,354 [INFO] ThirdParty:1030 - CMSIS Pack Vendor :STMicroelectronics X-CUBE-BLE2 3.3.0
2026-04-28 23:11:42,354 [INFO] ThirdParty:1030 - CMSIS Pack Vendor :Avnet-IOTCONNECT X-CUBE-iotc-st67-sdk 1.0.0
2026-04-28 23:11:42,354 [INFO] ThirdParty:1030 - CMSIS Pack Vendor :STMicroelectronics PDM2PCM 3.2.0
2026-04-28 23:11:42,354 [INFO] ThirdParty:1030 - CMSIS Pack Vendor :STMicroelectronics X-CUBE-WB05N 2.1.0
2026-04-28 23:11:42,354 [INFO] ThirdParty:1030 - CMSIS Pack Vendor :STMicroelectronics X-CUBE-AZRTOS-H7 3.3.0
2026-04-28 23:11:42,354 [INFO] ThirdParty:1030 - CMSIS Pack Vendor :STMicroelectronics X-CUBE-NFC9 1.0.0
2026-04-28 23:11:42,354 [INFO] ThirdParty:1030 - CMSIS Pack Vendor :wolfSSL I-CUBE-wolfSSL 5.8.2
2026-04-28 23:11:42,354 [INFO] ThirdParty:1030 - CMSIS Pack Vendor :STMicroelectronics X-CUBE-BLE1 7.1.0
2026-04-28 23:11:42,354 [INFO] ThirdParty:1030 - CMSIS Pack Vendor :wolfSSL I-CUBE-wolfMQTT 1.19.2
2026-04-28 23:11:42,354 [INFO] ThirdParty:1030 - CMSIS Pack Vendor :STMicroelectronics USB_DEVICE 3.0.0
2026-04-28 23:11:42,354 [INFO] ThirdParty:1030 - CMSIS Pack Vendor :STMicroelectronics X-CUBE-EEPRMA1 5.2.0
2026-04-28 23:11:42,354 [INFO] ThirdParty:1030 - CMSIS Pack Vendor :STMicroelectronics X-CUBE-BLEMGR 4.1.0
2026-04-28 23:11:42,354 [INFO] ThirdParty:1030 - CMSIS Pack Vendor :STMicroelectronics X-CUBE-IPS 3.0.0
2026-04-28 23:11:42,354 [INFO] ThirdParty:1030 - CMSIS Pack Vendor :STMicroelectronics X-CUBE-AZRTOS-WB 2.0.0
2026-04-28 23:11:42,354 [INFO] ThirdParty:1030 - CMSIS Pack Vendor :STMicroelectronics X-CUBE-GNSS1 7.0.0
2026-04-28 23:11:42,354 [INFO] ThirdParty:1030 - CMSIS Pack Vendor :STMicroelectronics X-CUBE-GNSS1 7.0.1
2026-04-28 23:11:42,354 [INFO] ThirdParty:1030 - CMSIS Pack Vendor :STMicroelectronics X-CUBE-TOUCHGFX 4.25.0
2026-04-28 23:11:42,354 [INFO] ThirdParty:1030 - CMSIS Pack Vendor :STMicroelectronics X-CUBE-AI 10.1.0
2026-04-28 23:11:42,354 [INFO] ThirdParty:1030 - CMSIS Pack Vendor :STMicroelectronics FP-SNS-STBOX1 2.0.0
2026-04-28 23:11:42,354 [INFO] ThirdParty:1030 - CMSIS Pack Vendor :quantropi X-CUBE-qispace-sdk-base 2.1.0
2026-04-28 23:11:42,354 [INFO] ThirdParty:1030 - CMSIS Pack Vendor :STMicroelectronics X-CUBE-MEMS1 12.0.0
2026-04-28 23:11:42,354 [INFO] ThirdParty:1030 - CMSIS Pack Vendor :STMicroelectronics X-CUBE-STSE01 2.0.0
2026-04-28 23:11:42,354 [INFO] ThirdParty:1030 - CMSIS Pack Vendor :STMicroelectronics X-CUBE-MEMS1 11.2.0
2026-04-28 23:11:42,354 [INFO] ThirdParty:1030 - CMSIS Pack Vendor :STMicroelectronics X-CUBE-AZRTOS-G0 1.1.0
2026-04-28 23:11:42,354 [INFO] ThirdParty:1030 - CMSIS Pack Vendor :STMicroelectronics X-CUBE-SAFEA1 1.2.2
2026-04-28 23:11:42,354 [INFO] ThirdParty:1030 - CMSIS Pack Vendor :STMicroelectronics X-CUBE-NFC4 3.0.0
2026-04-28 23:11:42,355 [INFO] ThirdParty:1030 - CMSIS Pack Vendor :STMicroelectronics X-CUBE-SUBG2 5.0.0
2026-04-28 23:11:42,355 [INFO] ThirdParty:1030 - CMSIS Pack Vendor :STMicroelectronics X-CUBE-AZRTOS-H7RS 1.1.0
2026-04-28 23:11:42,355 [INFO] ThirdParty:1030 - CMSIS Pack Vendor :STMicroelectronics STM32_WPAN 1.0.0
2026-04-28 23:11:42,355 [INFO] ThirdParty:1030 - CMSIS Pack Vendor :EmbeddedOffice I-CUBE-FS-RTOS 1.0.1
2026-04-28 23:11:42,355 [INFO] ThirdParty:1030 - CMSIS Pack Vendor :STMicroelectronics lwIP 2.0.3
2026-04-28 23:11:42,355 [INFO] ThirdParty:1030 - CMSIS Pack Vendor :Cesanta I-CUBE-Mongoose 7.13.0
2026-04-28 23:11:42,355 [INFO] ThirdParty:1030 - CMSIS Pack Vendor :STMicroelectronics USB_HOST 1.0.0
2026-04-28 23:11:42,355 [INFO] ThirdParty:1030 - CMSIS Pack Vendor :STMicroelectronics X-CUBE-AZRTOS-G4 2.0.0
2026-04-28 23:11:42,355 [INFO] ThirdParty:1030 - CMSIS Pack Vendor :STMicroelectronics X-CUBE-WB05N 2.0.0
2026-04-28 23:11:42,355 [INFO] ThirdParty:1030 - CMSIS Pack Vendor :STMicroelectronics PDM2PCM 3.1.0
2026-04-28 23:11:42,355 [INFO] ThirdParty:1030 - CMSIS Pack Vendor :wolfSSL I-CUBE-wolfTPM 3.8.0
2026-04-28 23:11:42,355 [INFO] ThirdParty:1030 - CMSIS Pack Vendor :wolfSSL I-CUBE-wolfSSH 1.4.20
2026-04-28 23:11:42,355 [INFO] ThirdParty:1030 - CMSIS Pack Vendor :STMicroelectronics X-CUBE-NFC7 2.0.0
2026-04-28 23:11:42,355 [INFO] ThirdParty:1030 - CMSIS Pack Vendor :STMicroelectronics X-CUBE-TCPP 4.2.0
2026-04-28 23:11:42,355 [INFO] ThirdParty:1030 - CMSIS Pack Vendor :RealThread X-CUBE-RT-Thread_Nano 4.1.1
2026-04-28 23:11:42,355 [INFO] ThirdParty:1030 - CMSIS Pack Vendor :STMicroelectronics FP-ATR-SIGFOX1 3.2.0
2026-04-28 23:11:42,355 [INFO] ThirdParty:1030 - CMSIS Pack Vendor :quantropi X-CUBE-qispace-sdk-base 1.9.3
2026-04-28 23:11:42,355 [INFO] ThirdParty:1030 - CMSIS Pack Vendor :STMicroelectronics X-CUBE-EEPRMA1 5.1.0
2026-04-28 23:11:42,355 [INFO] ThirdParty:1030 - CMSIS Pack Vendor :STMicroelectronics MBEDTLS 2.16.2
2026-04-28 23:11:42,355 [INFO] ThirdParty:1030 - CMSIS Pack Vendor :STMicroelectronics X-CUBE-IPS 3.1.0
2026-04-28 23:11:42,355 [INFO] ThirdParty:1030 - CMSIS Pack Vendor :STMicroelectronics X-CUBE-ALS 1.0.2
2026-04-28 23:11:42,355 [INFO] ThirdParty:1030 - CMSIS Pack Vendor :wolfSSL I-CUBE-wolfSSL 5.7.4
2026-04-28 23:11:42,355 [INFO] ThirdParty:1030 - CMSIS Pack Vendor :wolfSSL I-CUBE-wolfSSL 5.7.6
2026-04-28 23:11:42,355 [INFO] ThirdParty:1030 - CMSIS Pack Vendor :ITTIA_DB I-CUBE-ITTIADB 8.9.0
2026-04-28 23:11:42,355 [INFO] ThirdParty:1030 - CMSIS Pack Vendor :STMicroelectronics X-CUBE-TOUCHGFX 4.24.2
2026-04-28 23:11:42,355 [INFO] ThirdParty:1030 - CMSIS Pack Vendor :STMicroelectronics X-CUBE-TOUCHGFX 4.24.1
2026-04-28 23:11:42,355 [INFO] ThirdParty:1030 - CMSIS Pack Vendor :STMicroelectronics X-CUBE-STSE01 1.0.0
2026-04-28 23:11:42,355 [INFO] ThirdParty:1030 - CMSIS Pack Vendor :wolfSSL I-CUBE-wolfTPM 3.4.0
2026-04-28 23:11:42,355 [INFO] ThirdParty:1030 - CMSIS Pack Vendor :portGmbH I-Cube-SoM-uGOAL 1.1.0
2026-04-28 23:11:42,355 [INFO] ThirdParty:1030 - CMSIS Pack Vendor :STMicroelectronics X-CUBE-NFC6 3.2.0
2026-04-28 23:11:42,355 [INFO] ThirdParty:1030 - CMSIS Pack Vendor :STMicroelectronics X-CUBE-ST67W61 1.0.0
2026-04-28 23:11:42,355 [INFO] ThirdParty:1030 - CMSIS Pack Vendor :STMicroelectronics X-CUBE-AI 10.2.0
2026-04-28 23:11:42,355 [INFO] ThirdParty:1030 - CMSIS Pack Vendor :STMicroelectronics ThreadX 1.0.0
2026-04-28 23:11:42,355 [INFO] ThirdParty:1030 - CMSIS Pack Vendor :SEGGER I-CUBE-embOS 1.3.1
2026-04-28 23:11:42,355 [INFO] ThirdParty:1030 - CMSIS Pack Vendor :STMicroelectronics X-CUBE-ALGOBUILD 1.4.0
2026-04-28 23:11:42,355 [INFO] ThirdParty:1030 - CMSIS Pack Vendor :STMicroelectronics X-CUBE-MEMS1 11.3.0
2026-04-28 23:11:42,355 [INFO] ThirdParty:1030 - CMSIS Pack Vendor :STMicroelectronics X-CUBE-AZRTOS-H7RS 1.0.0
2026-04-28 23:11:42,355 [INFO] ThirdParty:1030 - CMSIS Pack Vendor :STMicroelectronics X-CUBE-TOF1 3.4.2
2026-04-28 23:11:42,355 [INFO] ThirdParty:1030 - CMSIS Pack Vendor :STMicroelectronics X-CUBE-TOF1 3.4.3
2026-04-28 23:11:42,355 [INFO] ThirdParty:1030 - CMSIS Pack Vendor :STMicroelectronics X-CUBE-AI 9.1.0
2026-04-28 23:11:42,355 [INFO] ThirdParty:1030 - CMSIS Pack Vendor :wolfSSL I-CUBE-wolfSSH 1.4.17
2026-04-28 23:11:42,355 [INFO] ThirdParty:841 - exiting critical section [change project]
2026-04-28 23:11:42,436 [INFO] PinOutPanel:1589 - setPackage(No Configuration,No Configuration)
2026-04-28 23:11:42,437 [INFO] PinOutPanel:1589 - setPackage(STM32L072CZTx,LQFP48)
2026-04-28 23:11:42,545 [INFO] UtilMem:75 - Before build in PCC Used Memory: 765397392 Bytes (1073741824)
2026-04-28 23:11:42,729 [INFO] UtilMem:75 - After build in PCC Used Memory: 782700944 Bytes (1073741824)
2026-04-28 23:11:42,733 [INFO] ApiDbMcu:508 - Load IP Config File for FATFS
2026-04-28 23:11:42,750 [INFO] IPUIPlugin:80 - create IPUIPlugin
2026-04-28 23:11:42,750 [INFO] IPUIPlugin:80 - create IPUIPlugin
2026-04-28 23:11:42,750 [INFO] IPUIPlugin:80 - create IPUIPlugin
2026-04-28 23:11:42,750 [INFO] IPUIPlugin:80 - create IPUIPlugin
2026-04-28 23:11:42,751 [INFO] IPUIPlugin:80 - create IPUIPlugin
2026-04-28 23:11:42,751 [INFO] IPUIPlugin:80 - create IPUIPlugin
2026-04-28 23:11:42,751 [INFO] IPUIPlugin:80 - create IPUIPlugin
2026-04-28 23:11:42,751 [INFO] IPUIPlugin:80 - create IPUIPlugin
2026-04-28 23:11:42,751 [INFO] IPUIPlugin:80 - create IPUIPlugin
2026-04-28 23:11:42,751 [INFO] IPUIPlugin:80 - create IPUIPlugin
2026-04-28 23:11:42,751 [INFO] IPUIPlugin:80 - create IPUIPlugin
2026-04-28 23:11:42,751 [INFO] IPUIPlugin:80 - create IPUIPlugin
2026-04-28 23:11:42,751 [INFO] IPUIPlugin:80 - create IPUIPlugin
2026-04-28 23:11:42,751 [INFO] IPUIPlugin:80 - create IPUIPlugin
2026-04-28 23:11:42,751 [INFO] IPUIPlugin:80 - create IPUIPlugin
2026-04-28 23:11:42,752 [INFO] IPUIPlugin:80 - create IPUIPlugin
2026-04-28 23:11:42,752 [INFO] IPUIPlugin:80 - create IPUIPlugin
2026-04-28 23:11:42,752 [INFO] IPUIPlugin:80 - create IPUIPlugin
2026-04-28 23:11:42,752 [INFO] IPUIPlugin:80 - create IPUIPlugin
2026-04-28 23:11:42,752 [INFO] IPUIPlugin:80 - create IPUIPlugin
2026-04-28 23:11:42,752 [INFO] IPUIPlugin:80 - create IPUIPlugin
2026-04-28 23:11:42,752 [INFO] IPUIPlugin:80 - create IPUIPlugin
2026-04-28 23:11:42,753 [INFO] IPUIPlugin:80 - create IPUIPlugin
2026-04-28 23:11:42,753 [INFO] IPUIPlugin:80 - create IPUIPlugin
2026-04-28 23:11:42,753 [INFO] IPUIPlugin:80 - create IPUIPlugin
2026-04-28 23:11:42,753 [INFO] IPUIPlugin:80 - create IPUIPlugin
2026-04-28 23:11:42,753 [INFO] IPUIPlugin:80 - create IPUIPlugin
2026-04-28 23:11:42,753 [INFO] IPUIPlugin:80 - create IPUIPlugin
2026-04-28 23:11:42,753 [INFO] IPUIPlugin:80 - create IPUIPlugin
2026-04-28 23:11:42,754 [INFO] IPUIPlugin:80 - create IPUIPlugin
2026-04-28 23:11:42,754 [INFO] IPUIPlugin:80 - create IPUIPlugin
2026-04-28 23:11:42,754 [INFO] IPUIPlugin:80 - create IPUIPlugin
2026-04-28 23:11:42,754 [INFO] IPUIPlugin:80 - create IPUIPlugin
2026-04-28 23:11:42,754 [INFO] IPUIPlugin:80 - create IPUIPlugin
2026-04-28 23:11:42,754 [INFO] IPUIPlugin:80 - create IPUIPlugin
2026-04-28 23:11:42,754 [INFO] IPUIPlugin:80 - create IPUIPlugin
2026-04-28 23:11:42,754 [INFO] IPUIPlugin:80 - create IPUIPlugin
2026-04-28 23:11:42,756 [INFO] IPUIPlugin:80 - create IPUIPlugin
2026-04-28 23:11:42,756 [ERROR] LogOutputStream:75 - [STDERR_REDIRECT] [Fatal Error] :1:1: Premature end of file.
2026-04-28 23:11:42,757 [ERROR] LogOutputStream:75 - [STDERR_REDIRECT] 
2026-04-28 23:11:42,819 [INFO] CADModel:165 - CPN selected for project levelSTM32L072CZT6
2026-04-28 23:11:42,820 [INFO] CADModel:114 - Register for checkConnection events
2026-04-28 23:11:42,876 [INFO] OpenFileManager:385 - Restore cursor
2026-04-28 23:11:43,734 [ERROR] LogOutputStream:75 - [STDERR_REDIRECT] [Fatal Error] :1:1: Premature end of file.
2026-04-28 23:11:43,734 [ERROR] LogOutputStream:75 - [STDERR_REDIRECT] 
2026-04-28 23:11:44,734 [ERROR] LogOutputStream:75 - [STDERR_REDIRECT] [Fatal Error] :1:1: Premature end of file.
2026-04-28 23:11:44,734 [ERROR] LogOutputStream:75 - [STDERR_REDIRECT] 
2026-04-28 23:11:45,734 [ERROR] LogOutputStream:75 - [STDERR_REDIRECT] [Fatal Error] :1:1: Premature end of file.
2026-04-28 23:11:45,734 [ERROR] LogOutputStream:75 - [STDERR_REDIRECT] 
2026-04-28 23:11:46,734 [ERROR] LogOutputStream:75 - [STDERR_REDIRECT] [Fatal Error] :1:1: Premature end of file.
2026-04-28 23:11:46,734 [ERROR] LogOutputStream:75 - [STDERR_REDIRECT] 
2026-04-28 23:11:47,732 [ERROR] LogOutputStream:75 - [STDERR_REDIRECT] [Fatal Error] :1:1: Premature end of file.
2026-04-28 23:11:47,732 [ERROR] LogOutputStream:75 - [STDERR_REDIRECT] 
2026-04-28 23:11:48,732 [ERROR] LogOutputStream:75 - [STDERR_REDIRECT] [Fatal Error] :1:1: Premature end of file.
2026-04-28 23:11:48,733 [ERROR] LogOutputStream:75 - [STDERR_REDIRECT] 
2026-04-28 23:11:49,735 [ERROR] LogOutputStream:75 - [STDERR_REDIRECT] [Fatal Error] :1:1: Premature end of file.
2026-04-28 23:11:49,735 [ERROR] LogOutputStream:75 - [STDERR_REDIRECT] 
2026-04-28 23:11:50,736 [ERROR] LogOutputStream:75 - [STDERR_REDIRECT] [Fatal Error] :1:1: Premature end of file.
2026-04-28 23:11:50,736 [ERROR] LogOutputStream:75 - [STDERR_REDIRECT] 
2026-04-28 23:11:51,733 [ERROR] LogOutputStream:75 - [STDERR_REDIRECT] [Fatal Error] :1:1: Premature end of file.
2026-04-28 23:11:51,733 [ERROR] LogOutputStream:75 - [STDERR_REDIRECT] 
2026-04-28 23:11:52,733 [ERROR] LogOutputStream:75 - [STDERR_REDIRECT] [Fatal Error] :1:1: Premature end of file.
2026-04-28 23:11:52,733 [ERROR] LogOutputStream:75 - [STDERR_REDIRECT] 
2026-04-28 23:11:53,733 [ERROR] LogOutputStream:75 - [STDERR_REDIRECT] [Fatal Error] :1:1: Premature end of file.
2026-04-28 23:11:53,733 [ERROR] LogOutputStream:75 - [STDERR_REDIRECT] 
2026-04-28 23:11:54,732 [ERROR] LogOutputStream:75 - [STDERR_REDIRECT] [Fatal Error] :1:1: Premature end of file.
2026-04-28 23:11:54,733 [ERROR] LogOutputStream:75 - [STDERR_REDIRECT] 
2026-04-28 23:11:55,736 [ERROR] LogOutputStream:75 - [STDERR_REDIRECT] [Fatal Error] :1:1: Premature end of file.
2026-04-28 23:11:55,736 [ERROR] LogOutputStream:75 - [STDERR_REDIRECT] 
2026-04-28 23:11:56,732 [ERROR] LogOutputStream:75 - [STDERR_REDIRECT] [Fatal Error] :1:1: Premature end of file.
2026-04-28 23:11:56,732 [ERROR] LogOutputStream:75 - [STDERR_REDIRECT] 
2026-04-28 23:11:57,733 [ERROR] LogOutputStream:75 - [STDERR_REDIRECT] [Fatal Error] :1:1: Premature end of file.
2026-04-28 23:11:57,733 [ERROR] LogOutputStream:75 - [STDERR_REDIRECT] 
2026-04-28 23:11:58,735 [ERROR] LogOutputStream:75 - [STDERR_REDIRECT] [Fatal Error] :1:1: Premature end of file.
2026-04-28 23:11:58,735 [ERROR] LogOutputStream:75 - [STDERR_REDIRECT] 
2026-04-28 23:11:59,734 [ERROR] LogOutputStream:75 - [STDERR_REDIRECT] [Fatal Error] :1:1: Premature end of file.
2026-04-28 23:11:59,734 [ERROR] LogOutputStream:75 - [STDERR_REDIRECT] 
2026-04-28 23:12:00,734 [ERROR] LogOutputStream:75 - [STDERR_REDIRECT] [Fatal Error] :1:1: Premature end of file.
2026-04-28 23:12:00,734 [ERROR] LogOutputStream:75 - [STDERR_REDIRECT] 
2026-04-28 23:12:01,734 [ERROR] LogOutputStream:75 - [STDERR_REDIRECT] [Fatal Error] :1:1: Premature end of file.
2026-04-28 23:12:01,734 [ERROR] LogOutputStream:75 - [STDERR_REDIRECT] 
2026-04-28 23:12:02,734 [ERROR] LogOutputStream:75 - [STDERR_REDIRECT] [Fatal Error] :1:1: Premature end of file.
2026-04-28 23:12:02,735 [ERROR] LogOutputStream:75 - [STDERR_REDIRECT] 
2026-04-28 23:12:03,734 [ERROR] LogOutputStream:75 - [STDERR_REDIRECT] [Fatal Error] :1:1: Premature end of file.
2026-04-28 23:12:03,735 [ERROR] LogOutputStream:75 - [STDERR_REDIRECT] 
2026-04-28 23:12:04,734 [ERROR] LogOutputStream:75 - [STDERR_REDIRECT] [Fatal Error] :1:1: Premature end of file.
2026-04-28 23:12:04,734 [ERROR] LogOutputStream:75 - [STDERR_REDIRECT] 
2026-04-28 23:12:05,735 [ERROR] LogOutputStream:75 - [STDERR_REDIRECT] [Fatal Error] :1:1: Premature end of file.
2026-04-28 23:12:05,735 [ERROR] LogOutputStream:75 - [STDERR_REDIRECT] 
2026-04-28 23:12:06,732 [ERROR] LogOutputStream:75 - [STDERR_REDIRECT] [Fatal Error] :1:1: Premature end of file.
2026-04-28 23:12:06,732 [ERROR] LogOutputStream:75 - [STDERR_REDIRECT] 
2026-04-28 23:12:07,732 [ERROR] LogOutputStream:75 - [STDERR_REDIRECT] [Fatal Error] :1:1: Premature end of file.
2026-04-28 23:12:07,732 [ERROR] LogOutputStream:75 - [STDERR_REDIRECT] 
2026-04-28 23:12:08,734 [ERROR] LogOutputStream:75 - [STDERR_REDIRECT] [Fatal Error] :1:1: Premature end of file.
2026-04-28 23:12:08,734 [ERROR] LogOutputStream:75 - [STDERR_REDIRECT] 
2026-04-28 23:12:09,734 [ERROR] LogOutputStream:75 - [STDERR_REDIRECT] [Fatal Error] :1:1: Premature end of file.
2026-04-28 23:12:09,734 [ERROR] LogOutputStream:75 - [STDERR_REDIRECT] 
2026-04-28 23:12:10,733 [ERROR] LogOutputStream:75 - [STDERR_REDIRECT] [Fatal Error] :1:1: Premature end of file.
2026-04-28 23:12:10,733 [ERROR] LogOutputStream:75 - [STDERR_REDIRECT] 
2026-04-28 23:12:11,737 [ERROR] LogOutputStream:75 - [STDERR_REDIRECT] [Fatal Error] :1:1: Premature end of file.
2026-04-28 23:12:11,737 [ERROR] LogOutputStream:75 - [STDERR_REDIRECT] 
2026-04-28 23:12:12,734 [ERROR] LogOutputStream:75 - [STDERR_REDIRECT] [Fatal Error] :1:1: Premature end of file.
2026-04-28 23:12:12,734 [ERROR] LogOutputStream:75 - [STDERR_REDIRECT] 
2026-04-28 23:12:13,735 [ERROR] LogOutputStream:75 - [STDERR_REDIRECT] [Fatal Error] :1:1: Premature end of file.
2026-04-28 23:12:13,735 [ERROR] LogOutputStream:75 - [STDERR_REDIRECT] 
2026-04-28 23:12:14,735 [ERROR] LogOutputStream:75 - [STDERR_REDIRECT] [Fatal Error] :1:1: Premature end of file.
2026-04-28 23:12:14,735 [ERROR] LogOutputStream:75 - [STDERR_REDIRECT] 
2026-04-28 23:12:15,734 [ERROR] LogOutputStream:75 - [STDERR_REDIRECT] [Fatal Error] :1:1: Premature end of file.
2026-04-28 23:12:15,734 [ERROR] LogOutputStream:75 - [STDERR_REDIRECT] 
2026-04-28 23:12:16,732 [ERROR] LogOutputStream:75 - [STDERR_REDIRECT] [Fatal Error] :1:1: Premature end of file.
2026-04-28 23:12:16,732 [ERROR] LogOutputStream:75 - [STDERR_REDIRECT] 
2026-04-28 23:12:17,731 [ERROR] LogOutputStream:75 - [STDERR_REDIRECT] [Fatal Error] :1:1: Premature end of file.
2026-04-28 23:12:17,731 [ERROR] LogOutputStream:75 - [STDERR_REDIRECT] 
2026-04-28 23:12:18,734 [ERROR] LogOutputStream:75 - [STDERR_REDIRECT] [Fatal Error] :1:1: Premature end of file.
2026-04-28 23:12:18,734 [ERROR] LogOutputStream:75 - [STDERR_REDIRECT] 
2026-04-28 23:12:19,734 [ERROR] LogOutputStream:75 - [STDERR_REDIRECT] [Fatal Error] :1:1: Premature end of file.
2026-04-28 23:12:19,734 [ERROR] LogOutputStream:75 - [STDERR_REDIRECT] 
2026-04-28 23:12:20,732 [ERROR] LogOutputStream:75 - [STDERR_REDIRECT] [Fatal Error] :1:1: Premature end of file.
2026-04-28 23:12:20,732 [ERROR] LogOutputStream:75 - [STDERR_REDIRECT] 
2026-04-28 23:12:21,733 [ERROR] LogOutputStream:75 - [STDERR_REDIRECT] [Fatal Error] :1:1: Premature end of file.
2026-04-28 23:12:21,733 [ERROR] LogOutputStream:75 - [STDERR_REDIRECT] 
2026-04-28 23:12:22,734 [ERROR] LogOutputStream:75 - [STDERR_REDIRECT] [Fatal Error] :1:1: Premature end of file.
2026-04-28 23:12:22,735 [ERROR] LogOutputStream:75 - [STDERR_REDIRECT] 
2026-04-28 23:12:23,734 [ERROR] LogOutputStream:75 - [STDERR_REDIRECT] [Fatal Error] :1:1: Premature end of file.
2026-04-28 23:12:23,734 [ERROR] LogOutputStream:75 - [STDERR_REDIRECT] 
2026-04-28 23:12:24,732 [ERROR] LogOutputStream:75 - [STDERR_REDIRECT] [Fatal Error] :1:1: Premature end of file.
2026-04-28 23:12:24,732 [ERROR] LogOutputStream:75 - [STDERR_REDIRECT] 
2026-04-28 23:12:25,733 [ERROR] LogOutputStream:75 - [STDERR_REDIRECT] [Fatal Error] :1:1: Premature end of file.
2026-04-28 23:12:25,733 [ERROR] LogOutputStream:75 - [STDERR_REDIRECT] 
2026-04-28 23:12:26,736 [ERROR] LogOutputStream:75 - [STDERR_REDIRECT] [Fatal Error] :1:1: Premature end of file.
2026-04-28 23:12:26,736 [ERROR] LogOutputStream:75 - [STDERR_REDIRECT] 
2026-04-28 23:12:27,732 [ERROR] LogOutputStream:75 - [STDERR_REDIRECT] [Fatal Error] :1:1: Premature end of file.
2026-04-28 23:12:27,733 [ERROR] LogOutputStream:75 - [STDERR_REDIRECT] 
2026-04-28 23:12:28,734 [ERROR] LogOutputStream:75 - [STDERR_REDIRECT] [Fatal Error] :1:1: Premature end of file.
2026-04-28 23:12:28,734 [ERROR] LogOutputStream:75 - [STDERR_REDIRECT] 
2026-04-28 23:12:29,733 [ERROR] LogOutputStream:75 - [STDERR_REDIRECT] [Fatal Error] :1:1: Premature end of file.
2026-04-28 23:12:29,734 [ERROR] LogOutputStream:75 - [STDERR_REDIRECT] 
2026-04-28 23:12:30,734 [ERROR] LogOutputStream:75 - [STDERR_REDIRECT] [Fatal Error] :1:1: Premature end of file.
2026-04-28 23:12:30,734 [ERROR] LogOutputStream:75 - [STDERR_REDIRECT] 
2026-04-28 23:12:31,733 [ERROR] LogOutputStream:75 - [STDERR_REDIRECT] [Fatal Error] :1:1: Premature end of file.
2026-04-28 23:12:31,733 [ERROR] LogOutputStream:75 - [STDERR_REDIRECT] 
2026-04-28 23:12:32,733 [ERROR] LogOutputStream:75 - [STDERR_REDIRECT] [Fatal Error] :1:1: Premature end of file.
2026-04-28 23:12:32,733 [ERROR] LogOutputStream:75 - [STDERR_REDIRECT] 
2026-04-28 23:12:33,733 [ERROR] LogOutputStream:75 - [STDERR_REDIRECT] [Fatal Error] :1:1: Premature end of file.
2026-04-28 23:12:33,733 [ERROR] LogOutputStream:75 - [STDERR_REDIRECT] 
2026-04-28 23:12:34,734 [ERROR] LogOutputStream:75 - [STDERR_REDIRECT] [Fatal Error] :1:1: Premature end of file.
2026-04-28 23:12:34,734 [ERROR] LogOutputStream:75 - [STDERR_REDIRECT] 
2026-04-28 23:12:35,732 [ERROR] LogOutputStream:75 - [STDERR_REDIRECT] [Fatal Error] :1:1: Premature end of file.
2026-04-28 23:12:35,732 [ERROR] LogOutputStream:75 - [STDERR_REDIRECT] 
2026-04-28 23:12:36,733 [ERROR] LogOutputStream:75 - [STDERR_REDIRECT] [Fatal Error] :1:1: Premature end of file.
2026-04-28 23:12:36,733 [ERROR] LogOutputStream:75 - [STDERR_REDIRECT] 
2026-04-28 23:12:37,733 [ERROR] LogOutputStream:75 - [STDERR_REDIRECT] [Fatal Error] :1:1: Premature end of file.
2026-04-28 23:12:37,733 [ERROR] LogOutputStream:75 - [STDERR_REDIRECT] 
2026-04-28 23:12:38,732 [ERROR] LogOutputStream:75 - [STDERR_REDIRECT] [Fatal Error] :1:1: Premature end of file.
2026-04-28 23:12:38,732 [ERROR] LogOutputStream:75 - [STDERR_REDIRECT] 
2026-04-28 23:12:39,733 [ERROR] LogOutputStream:75 - [STDERR_REDIRECT] [Fatal Error] :1:1: Premature end of file.
2026-04-28 23:12:39,733 [ERROR] LogOutputStream:75 - [STDERR_REDIRECT] 
2026-04-28 23:12:40,735 [ERROR] LogOutputStream:75 - [STDERR_REDIRECT] [Fatal Error] :1:1: Premature end of file.
2026-04-28 23:12:40,735 [ERROR] LogOutputStream:75 - [STDERR_REDIRECT] 
2026-04-28 23:12:41,733 [ERROR] LogOutputStream:75 - [STDERR_REDIRECT] [Fatal Error] :1:1: Premature end of file.
2026-04-28 23:12:41,733 [ERROR] LogOutputStream:75 - [STDERR_REDIRECT] 
2026-04-28 23:12:42,732 [ERROR] LogOutputStream:75 - [STDERR_REDIRECT] [Fatal Error] :1:1: Premature end of file.
2026-04-28 23:12:42,732 [ERROR] LogOutputStream:75 - [STDERR_REDIRECT] 
2026-04-28 23:12:43,734 [ERROR] LogOutputStream:75 - [STDERR_REDIRECT] [Fatal Error] :1:1: Premature end of file.
2026-04-28 23:12:43,734 [ERROR] LogOutputStream:75 - [STDERR_REDIRECT] 
2026-04-28 23:12:44,733 [ERROR] LogOutputStream:75 - [STDERR_REDIRECT] [Fatal Error] :1:1: Premature end of file.
2026-04-28 23:12:44,734 [ERROR] LogOutputStream:75 - [STDERR_REDIRECT] 
2026-04-28 23:12:45,732 [ERROR] LogOutputStream:75 - [STDERR_REDIRECT] [Fatal Error] :1:1: Premature end of file.
2026-04-28 23:12:45,732 [ERROR] LogOutputStream:75 - [STDERR_REDIRECT] 
2026-04-28 23:12:46,735 [ERROR] LogOutputStream:75 - [STDERR_REDIRECT] [Fatal Error] :1:1: Premature end of file.
2026-04-28 23:12:46,735 [ERROR] LogOutputStream:75 - [STDERR_REDIRECT] 
2026-04-28 23:12:47,733 [ERROR] LogOutputStream:75 - [STDERR_REDIRECT] [Fatal Error] :1:1: Premature end of file.
2026-04-28 23:12:47,733 [ERROR] LogOutputStream:75 - [STDERR_REDIRECT] 
2026-04-28 23:12:48,732 [ERROR] LogOutputStream:75 - [STDERR_REDIRECT] [Fatal Error] :1:1: Premature end of file.
2026-04-28 23:12:48,732 [ERROR] LogOutputStream:75 - [STDERR_REDIRECT] 
2026-04-28 23:12:49,733 [ERROR] LogOutputStream:75 - [STDERR_REDIRECT] [Fatal Error] :1:1: Premature end of file.
2026-04-28 23:12:49,733 [ERROR] LogOutputStream:75 - [STDERR_REDIRECT] 
2026-04-28 23:12:50,732 [ERROR] LogOutputStream:75 - [STDERR_REDIRECT] [Fatal Error] :1:1: Premature end of file.
2026-04-28 23:12:50,732 [ERROR] LogOutputStream:75 - [STDERR_REDIRECT] 
2026-04-28 23:12:51,734 [ERROR] LogOutputStream:75 - [STDERR_REDIRECT] [Fatal Error] :1:1: Premature end of file.
2026-04-28 23:12:51,734 [ERROR] LogOutputStream:75 - [STDERR_REDIRECT] 
2026-04-28 23:12:52,734 [ERROR] LogOutputStream:75 - [STDERR_REDIRECT] [Fatal Error] :1:1: Premature end of file.
2026-04-28 23:12:52,734 [ERROR] LogOutputStream:75 - [STDERR_REDIRECT] 
2026-04-28 23:12:53,734 [ERROR] LogOutputStream:75 - [STDERR_REDIRECT] [Fatal Error] :1:1: Premature end of file.
2026-04-28 23:12:53,734 [ERROR] LogOutputStream:75 - [STDERR_REDIRECT] 
2026-04-28 23:12:54,732 [ERROR] LogOutputStream:75 - [STDERR_REDIRECT] [Fatal Error] :1:1: Premature end of file.
2026-04-28 23:12:54,732 [ERROR] LogOutputStream:75 - [STDERR_REDIRECT] 
2026-04-28 23:12:55,734 [ERROR] LogOutputStream:75 - [STDERR_REDIRECT] [Fatal Error] :1:1: Premature end of file.
2026-04-28 23:12:55,734 [ERROR] LogOutputStream:75 - [STDERR_REDIRECT] 
2026-04-28 23:12:56,733 [ERROR] LogOutputStream:75 - [STDERR_REDIRECT] [Fatal Error] :1:1: Premature end of file.
2026-04-28 23:12:56,733 [ERROR] LogOutputStream:75 - [STDERR_REDIRECT] 
2026-04-28 23:12:57,732 [ERROR] LogOutputStream:75 - [STDERR_REDIRECT] [Fatal Error] :1:1: Premature end of file.
2026-04-28 23:12:57,732 [ERROR] LogOutputStream:75 - [STDERR_REDIRECT] 
2026-04-28 23:12:58,734 [ERROR] LogOutputStream:75 - [STDERR_REDIRECT] [Fatal Error] :1:1: Premature end of file.
2026-04-28 23:12:58,734 [ERROR] LogOutputStream:75 - [STDERR_REDIRECT] 
2026-04-28 23:12:59,732 [ERROR] LogOutputStream:75 - [STDERR_REDIRECT] [Fatal Error] :1:1: Premature end of file.
2026-04-28 23:12:59,733 [ERROR] LogOutputStream:75 - [STDERR_REDIRECT] 
2026-04-28 23:13:00,733 [ERROR] LogOutputStream:75 - [STDERR_REDIRECT] [Fatal Error] :1:1: Premature end of file.
2026-04-28 23:13:00,734 [ERROR] LogOutputStream:75 - [STDERR_REDIRECT] 
2026-04-28 23:13:01,734 [ERROR] LogOutputStream:75 - [STDERR_REDIRECT] [Fatal Error] :1:1: Premature end of file.
2026-04-28 23:13:01,734 [ERROR] LogOutputStream:75 - [STDERR_REDIRECT] 
2026-04-28 23:13:02,736 [ERROR] LogOutputStream:75 - [STDERR_REDIRECT] [Fatal Error] :1:1: Premature end of file.
2026-04-28 23:13:02,736 [ERROR] LogOutputStream:75 - [STDERR_REDIRECT] 
2026-04-28 23:13:03,733 [ERROR] LogOutputStream:75 - [STDERR_REDIRECT] [Fatal Error] :1:1: Premature end of file.
2026-04-28 23:13:03,733 [ERROR] LogOutputStream:75 - [STDERR_REDIRECT] 
2026-04-28 23:13:04,734 [ERROR] LogOutputStream:75 - [STDERR_REDIRECT] [Fatal Error] :1:1: Premature end of file.
2026-04-28 23:13:04,734 [ERROR] LogOutputStream:75 - [STDERR_REDIRECT] 
2026-04-28 23:13:05,731 [ERROR] LogOutputStream:75 - [STDERR_REDIRECT] [Fatal Error] :1:1: Premature end of file.
2026-04-28 23:13:05,731 [ERROR] LogOutputStream:75 - [STDERR_REDIRECT] 
2026-04-28 23:13:06,734 [ERROR] LogOutputStream:75 - [STDERR_REDIRECT] [Fatal Error] :1:1: Premature end of file.
2026-04-28 23:13:06,734 [ERROR] LogOutputStream:75 - [STDERR_REDIRECT] 
2026-04-28 23:13:07,732 [ERROR] LogOutputStream:75 - [STDERR_REDIRECT] [Fatal Error] :1:1: Premature end of file.
2026-04-28 23:13:07,733 [ERROR] LogOutputStream:75 - [STDERR_REDIRECT] 
2026-04-28 23:13:08,736 [ERROR] LogOutputStream:75 - [STDERR_REDIRECT] [Fatal Error] :1:1: Premature end of file.
2026-04-28 23:13:08,736 [ERROR] LogOutputStream:75 - [STDERR_REDIRECT] 
2026-04-28 23:13:09,736 [ERROR] LogOutputStream:75 - [STDERR_REDIRECT] [Fatal Error] :1:1: Premature end of file.
2026-04-28 23:13:09,736 [ERROR] LogOutputStream:75 - [STDERR_REDIRECT] 
2026-04-28 23:13:10,734 [ERROR] LogOutputStream:75 - [STDERR_REDIRECT] [Fatal Error] :1:1: Premature end of file.
2026-04-28 23:13:10,734 [ERROR] LogOutputStream:75 - [STDERR_REDIRECT] 
2026-04-28 23:13:11,734 [ERROR] LogOutputStream:75 - [STDERR_REDIRECT] [Fatal Error] :1:1: Premature end of file.
2026-04-28 23:13:11,734 [ERROR] LogOutputStream:75 - [STDERR_REDIRECT] 
2026-04-28 23:13:12,733 [ERROR] LogOutputStream:75 - [STDERR_REDIRECT] [Fatal Error] :1:1: Premature end of file.
2026-04-28 23:13:12,734 [ERROR] LogOutputStream:75 - [STDERR_REDIRECT] 
2026-04-28 23:13:13,734 [ERROR] LogOutputStream:75 - [STDERR_REDIRECT] [Fatal Error] :1:1: Premature end of file.
2026-04-28 23:13:13,734 [ERROR] LogOutputStream:75 - [STDERR_REDIRECT] 
2026-04-28 23:13:14,738 [ERROR] LogOutputStream:75 - [STDERR_REDIRECT] [Fatal Error] :1:1: Premature end of file.
2026-04-28 23:13:14,738 [ERROR] LogOutputStream:75 - [STDERR_REDIRECT] 
2026-04-28 23:13:15,733 [ERROR] LogOutputStream:75 - [STDERR_REDIRECT] [Fatal Error] :1:1: Premature end of file.
2026-04-28 23:13:15,733 [ERROR] LogOutputStream:75 - [STDERR_REDIRECT] 
2026-04-28 23:13:16,736 [ERROR] LogOutputStream:75 - [STDERR_REDIRECT] [Fatal Error] :1:1: Premature end of file.
2026-04-28 23:13:16,736 [ERROR] LogOutputStream:75 - [STDERR_REDIRECT] 
2026-04-28 23:13:17,732 [ERROR] LogOutputStream:75 - [STDERR_REDIRECT] [Fatal Error] :1:1: Premature end of file.
2026-04-28 23:13:17,732 [ERROR] LogOutputStream:75 - [STDERR_REDIRECT] 
2026-04-28 23:13:18,733 [ERROR] LogOutputStream:75 - [STDERR_REDIRECT] [Fatal Error] :1:1: Premature end of file.
2026-04-28 23:13:18,733 [ERROR] LogOutputStream:75 - [STDERR_REDIRECT] 
2026-04-28 23:13:19,733 [ERROR] LogOutputStream:75 - [STDERR_REDIRECT] [Fatal Error] :1:1: Premature end of file.
2026-04-28 23:13:19,734 [ERROR] LogOutputStream:75 - [STDERR_REDIRECT] 
2026-04-28 23:13:20,735 [ERROR] LogOutputStream:75 - [STDERR_REDIRECT] [Fatal Error] :1:1: Premature end of file.
2026-04-28 23:13:20,735 [ERROR] LogOutputStream:75 - [STDERR_REDIRECT] 
2026-04-28 23:13:21,734 [ERROR] LogOutputStream:75 - [STDERR_REDIRECT] [Fatal Error] :1:1: Premature end of file.
2026-04-28 23:13:21,734 [ERROR] LogOutputStream:75 - [STDERR_REDIRECT] 
2026-04-28 23:13:22,733 [ERROR] LogOutputStream:75 - [STDERR_REDIRECT] [Fatal Error] :1:1: Premature end of file.
2026-04-28 23:13:22,733 [ERROR] LogOutputStream:75 - [STDERR_REDIRECT] 
2026-04-28 23:13:23,733 [ERROR] LogOutputStream:75 - [STDERR_REDIRECT] [Fatal Error] :1:1: Premature end of file.
2026-04-28 23:13:23,733 [ERROR] LogOutputStream:75 - [STDERR_REDIRECT] 
2026-04-28 23:13:24,731 [ERROR] LogOutputStream:75 - [STDERR_REDIRECT] [Fatal Error] :1:1: Premature end of file.
2026-04-28 23:13:24,731 [ERROR] LogOutputStream:75 - [STDERR_REDIRECT] 
2026-04-28 23:13:25,733 [ERROR] LogOutputStream:75 - [STDERR_REDIRECT] [Fatal Error] :1:1: Premature end of file.
2026-04-28 23:13:25,735 [ERROR] LogOutputStream:75 - [STDERR_REDIRECT] 
2026-04-28 23:13:26,732 [ERROR] LogOutputStream:75 - [STDERR_REDIRECT] [Fatal Error] :1:1: Premature end of file.
2026-04-28 23:13:26,732 [ERROR] LogOutputStream:75 - [STDERR_REDIRECT] 
2026-04-28 23:13:27,733 [ERROR] LogOutputStream:75 - [STDERR_REDIRECT] [Fatal Error] :1:1: Premature end of file.
2026-04-28 23:13:27,734 [ERROR] LogOutputStream:75 - [STDERR_REDIRECT] 
2026-04-28 23:13:28,733 [ERROR] LogOutputStream:75 - [STDERR_REDIRECT] [Fatal Error] :1:1: Premature end of file.
2026-04-28 23:13:28,733 [ERROR] LogOutputStream:75 - [STDERR_REDIRECT] 
2026-04-28 23:13:29,733 [ERROR] LogOutputStream:75 - [STDERR_REDIRECT] [Fatal Error] :1:1: Premature end of file.
2026-04-28 23:13:29,733 [ERROR] LogOutputStream:75 - [STDERR_REDIRECT] 
2026-04-28 23:13:30,732 [ERROR] LogOutputStream:75 - [STDERR_REDIRECT] [Fatal Error] :1:1: Premature end of file.
2026-04-28 23:13:30,732 [ERROR] LogOutputStream:75 - [STDERR_REDIRECT] 
2026-04-28 23:13:31,732 [ERROR] LogOutputStream:75 - [STDERR_REDIRECT] [Fatal Error] :1:1: Premature end of file.
2026-04-28 23:13:31,732 [ERROR] LogOutputStream:75 - [STDERR_REDIRECT] 
2026-04-28 23:13:32,733 [ERROR] LogOutputStream:75 - [STDERR_REDIRECT] [Fatal Error] :1:1: Premature end of file.
2026-04-28 23:13:32,733 [ERROR] LogOutputStream:75 - [STDERR_REDIRECT] 
2026-04-28 23:13:33,732 [ERROR] LogOutputStream:75 - [STDERR_REDIRECT] [Fatal Error] :1:1: Premature end of file.
2026-04-28 23:13:33,733 [ERROR] LogOutputStream:75 - [STDERR_REDIRECT] 
2026-04-28 23:13:34,734 [ERROR] LogOutputStream:75 - [STDERR_REDIRECT] [Fatal Error] :1:1: Premature end of file.
2026-04-28 23:13:34,735 [ERROR] LogOutputStream:75 - [STDERR_REDIRECT] 
2026-04-28 23:13:35,733 [ERROR] LogOutputStream:75 - [STDERR_REDIRECT] [Fatal Error] :1:1: Premature end of file.
2026-04-28 23:13:35,733 [ERROR] LogOutputStream:75 - [STDERR_REDIRECT] 
2026-04-28 23:13:36,735 [ERROR] LogOutputStream:75 - [STDERR_REDIRECT] [Fatal Error] :1:1: Premature end of file.
2026-04-28 23:13:36,735 [ERROR] LogOutputStream:75 - [STDERR_REDIRECT] 
2026-04-28 23:13:37,733 [ERROR] LogOutputStream:75 - [STDERR_REDIRECT] [Fatal Error] :1:1: Premature end of file.
2026-04-28 23:13:37,733 [ERROR] LogOutputStream:75 - [STDERR_REDIRECT] 
2026-04-28 23:13:38,732 [ERROR] LogOutputStream:75 - [STDERR_REDIRECT] [Fatal Error] :1:1: Premature end of file.
2026-04-28 23:13:38,732 [ERROR] LogOutputStream:75 - [STDERR_REDIRECT] 
2026-04-28 23:13:39,735 [ERROR] LogOutputStream:75 - [STDERR_REDIRECT] [Fatal Error] :1:1: Premature end of file.
2026-04-28 23:13:39,735 [ERROR] LogOutputStream:75 - [STDERR_REDIRECT] 
2026-04-28 23:13:40,732 [ERROR] LogOutputStream:75 - [STDERR_REDIRECT] [Fatal Error] :1:1: Premature end of file.
2026-04-28 23:13:40,732 [ERROR] LogOutputStream:75 - [STDERR_REDIRECT] 
2026-04-28 23:13:41,734 [ERROR] LogOutputStream:75 - [STDERR_REDIRECT] [Fatal Error] :1:1: Premature end of file.
2026-04-28 23:13:41,734 [ERROR] LogOutputStream:75 - [STDERR_REDIRECT] 
2026-04-28 23:13:42,734 [ERROR] LogOutputStream:75 - [STDERR_REDIRECT] [Fatal Error] :1:1: Premature end of file.
2026-04-28 23:13:42,734 [ERROR] LogOutputStream:75 - [STDERR_REDIRECT] 
2026-04-28 23:13:43,734 [ERROR] LogOutputStream:75 - [STDERR_REDIRECT] [Fatal Error] :1:1: Premature end of file.
2026-04-28 23:13:43,734 [ERROR] LogOutputStream:75 - [STDERR_REDIRECT] 
2026-04-28 23:13:44,735 [ERROR] LogOutputStream:75 - [STDERR_REDIRECT] [Fatal Error] :1:1: Premature end of file.
2026-04-28 23:13:44,735 [ERROR] LogOutputStream:75 - [STDERR_REDIRECT] 
2026-04-28 23:13:45,735 [ERROR] LogOutputStream:75 - [STDERR_REDIRECT] [Fatal Error] :1:1: Premature end of file.
2026-04-28 23:13:45,735 [ERROR] LogOutputStream:75 - [STDERR_REDIRECT] 
2026-04-28 23:13:46,734 [ERROR] LogOutputStream:75 - [STDERR_REDIRECT] [Fatal Error] :1:1: Premature end of file.
2026-04-28 23:13:46,734 [ERROR] LogOutputStream:75 - [STDERR_REDIRECT] 
2026-04-28 23:13:47,733 [ERROR] LogOutputStream:75 - [STDERR_REDIRECT] [Fatal Error] :1:1: Premature end of file.
2026-04-28 23:13:47,733 [ERROR] LogOutputStream:75 - [STDERR_REDIRECT] 
2026-04-28 23:13:48,736 [ERROR] LogOutputStream:75 - [STDERR_REDIRECT] [Fatal Error] :1:1: Premature end of file.
2026-04-28 23:13:48,736 [ERROR] LogOutputStream:75 - [STDERR_REDIRECT] 
2026-04-28 23:13:49,735 [ERROR] LogOutputStream:75 - [STDERR_REDIRECT] [Fatal Error] :1:1: Premature end of file.
2026-04-28 23:13:49,735 [ERROR] LogOutputStream:75 - [STDERR_REDIRECT] 
2026-04-28 23:13:50,733 [ERROR] LogOutputStream:75 - [STDERR_REDIRECT] [Fatal Error] :1:1: Premature end of file.
2026-04-28 23:13:50,734 [ERROR] LogOutputStream:75 - [STDERR_REDIRECT] 
2026-04-28 23:13:51,736 [ERROR] LogOutputStream:75 - [STDERR_REDIRECT] [Fatal Error] :1:1: Premature end of file.
2026-04-28 23:13:51,736 [ERROR] LogOutputStream:75 - [STDERR_REDIRECT] 
2026-04-28 23:13:52,732 [ERROR] LogOutputStream:75 - [STDERR_REDIRECT] [Fatal Error] :1:1: Premature end of file.
2026-04-28 23:13:52,732 [ERROR] LogOutputStream:75 - [STDERR_REDIRECT] 
2026-04-28 23:13:53,738 [ERROR] LogOutputStream:75 - [STDERR_REDIRECT] [Fatal Error] :1:1: Premature end of file.
2026-04-28 23:13:53,738 [ERROR] LogOutputStream:75 - [STDERR_REDIRECT] 
2026-04-28 23:13:54,735 [ERROR] LogOutputStream:75 - [STDERR_REDIRECT] [Fatal Error] :1:1: Premature end of file.
2026-04-28 23:13:54,735 [ERROR] LogOutputStream:75 - [STDERR_REDIRECT] 
2026-04-28 23:13:55,733 [ERROR] LogOutputStream:75 - [STDERR_REDIRECT] [Fatal Error] :1:1: Premature end of file.
2026-04-28 23:13:55,733 [ERROR] LogOutputStream:75 - [STDERR_REDIRECT] 
2026-04-28 23:13:56,733 [ERROR] LogOutputStream:75 - [STDERR_REDIRECT] [Fatal Error] :1:1: Premature end of file.
2026-04-28 23:13:56,733 [ERROR] LogOutputStream:75 - [STDERR_REDIRECT] 
2026-04-28 23:13:57,736 [ERROR] LogOutputStream:75 - [STDERR_REDIRECT] [Fatal Error] :1:1: Premature end of file.
2026-04-28 23:13:57,736 [ERROR] LogOutputStream:75 - [STDERR_REDIRECT] 
2026-04-28 23:13:58,732 [ERROR] LogOutputStream:75 - [STDERR_REDIRECT] [Fatal Error] :1:1: Premature end of file.
2026-04-28 23:13:58,732 [ERROR] LogOutputStream:75 - [STDERR_REDIRECT] 
2026-04-28 23:13:59,734 [ERROR] LogOutputStream:75 - [STDERR_REDIRECT] [Fatal Error] :1:1: Premature end of file.
2026-04-28 23:13:59,735 [ERROR] LogOutputStream:75 - [STDERR_REDIRECT] 
2026-04-28 23:14:00,734 [ERROR] LogOutputStream:75 - [STDERR_REDIRECT] [Fatal Error] :1:1: Premature end of file.
2026-04-28 23:14:00,734 [ERROR] LogOutputStream:75 - [STDERR_REDIRECT] 
2026-04-28 23:14:01,735 [ERROR] LogOutputStream:75 - [STDERR_REDIRECT] [Fatal Error] :1:1: Premature end of file.
2026-04-28 23:14:01,735 [ERROR] LogOutputStream:75 - [STDERR_REDIRECT] 
2026-04-28 23:14:02,733 [ERROR] LogOutputStream:75 - [STDERR_REDIRECT] [Fatal Error] :1:1: Premature end of file.
2026-04-28 23:14:02,733 [ERROR] LogOutputStream:75 - [STDERR_REDIRECT] 
2026-04-28 23:14:03,733 [ERROR] LogOutputStream:75 - [STDERR_REDIRECT] [Fatal Error] :1:1: Premature end of file.
2026-04-28 23:14:03,733 [ERROR] LogOutputStream:75 - [STDERR_REDIRECT] 
2026-04-28 23:14:04,736 [ERROR] LogOutputStream:75 - [STDERR_REDIRECT] [Fatal Error] :1:1: Premature end of file.
2026-04-28 23:14:04,736 [ERROR] LogOutputStream:75 - [STDERR_REDIRECT] 
2026-04-28 23:14:05,733 [ERROR] LogOutputStream:75 - [STDERR_REDIRECT] [Fatal Error] :1:1: Premature end of file.
2026-04-28 23:14:05,733 [ERROR] LogOutputStream:75 - [STDERR_REDIRECT] 
2026-04-28 23:14:06,735 [ERROR] LogOutputStream:75 - [STDERR_REDIRECT] [Fatal Error] :1:1: Premature end of file.
2026-04-28 23:14:06,735 [ERROR] LogOutputStream:75 - [STDERR_REDIRECT] 
2026-04-28 23:14:07,733 [ERROR] LogOutputStream:75 - [STDERR_REDIRECT] [Fatal Error] :1:1: Premature end of file.
2026-04-28 23:14:07,733 [ERROR] LogOutputStream:75 - [STDERR_REDIRECT] 
2026-04-28 23:14:08,732 [ERROR] LogOutputStream:75 - [STDERR_REDIRECT] [Fatal Error] :1:1: Premature end of file.
2026-04-28 23:14:08,733 [ERROR] LogOutputStream:75 - [STDERR_REDIRECT] 
2026-04-28 23:14:09,737 [ERROR] LogOutputStream:75 - [STDERR_REDIRECT] [Fatal Error] :1:1: Premature end of file.
2026-04-28 23:14:09,738 [ERROR] LogOutputStream:75 - [STDERR_REDIRECT] 
2026-04-28 23:14:10,732 [ERROR] LogOutputStream:75 - [STDERR_REDIRECT] [Fatal Error] :1:1: Premature end of file.
2026-04-28 23:14:10,732 [ERROR] LogOutputStream:75 - [STDERR_REDIRECT] 
2026-04-28 23:14:11,734 [ERROR] LogOutputStream:75 - [STDERR_REDIRECT] [Fatal Error] :1:1: Premature end of file.
2026-04-28 23:14:11,735 [ERROR] LogOutputStream:75 - [STDERR_REDIRECT] 
2026-04-28 23:14:12,735 [ERROR] LogOutputStream:75 - [STDERR_REDIRECT] [Fatal Error] :1:1: Premature end of file.
2026-04-28 23:14:12,735 [ERROR] LogOutputStream:75 - [STDERR_REDIRECT] 
2026-04-28 23:14:13,733 [ERROR] LogOutputStream:75 - [STDERR_REDIRECT] [Fatal Error] :1:1: Premature end of file.
2026-04-28 23:14:13,734 [ERROR] LogOutputStream:75 - [STDERR_REDIRECT] 
2026-04-28 23:14:14,738 [ERROR] LogOutputStream:75 - [STDERR_REDIRECT] [Fatal Error] :1:1: Premature end of file.
2026-04-28 23:14:14,738 [ERROR] LogOutputStream:75 - [STDERR_REDIRECT] 
2026-04-28 23:14:15,734 [ERROR] LogOutputStream:75 - [STDERR_REDIRECT] [Fatal Error] :1:1: Premature end of file.
2026-04-28 23:14:15,734 [ERROR] LogOutputStream:75 - [STDERR_REDIRECT] 
2026-04-28 23:14:16,732 [ERROR] LogOutputStream:75 - [STDERR_REDIRECT] [Fatal Error] :1:1: Premature end of file.
2026-04-28 23:14:16,732 [ERROR] LogOutputStream:75 - [STDERR_REDIRECT] 
2026-04-28 23:14:17,734 [ERROR] LogOutputStream:75 - [STDERR_REDIRECT] [Fatal Error] :1:1: Premature end of file.
2026-04-28 23:14:17,734 [ERROR] LogOutputStream:75 - [STDERR_REDIRECT] 
2026-04-28 23:14:18,737 [ERROR] LogOutputStream:75 - [STDERR_REDIRECT] [Fatal Error] :1:1: Premature end of file.
2026-04-28 23:14:18,737 [ERROR] LogOutputStream:75 - [STDERR_REDIRECT] 
2026-04-28 23:14:19,733 [ERROR] LogOutputStream:75 - [STDERR_REDIRECT] [Fatal Error] :1:1: Premature end of file.
2026-04-28 23:14:19,733 [ERROR] LogOutputStream:75 - [STDERR_REDIRECT] 
2026-04-28 23:14:20,735 [ERROR] LogOutputStream:75 - [STDERR_REDIRECT] [Fatal Error] :1:1: Premature end of file.
2026-04-28 23:14:20,736 [ERROR] LogOutputStream:75 - [STDERR_REDIRECT] 
2026-04-28 23:14:21,734 [ERROR] LogOutputStream:75 - [STDERR_REDIRECT] [Fatal Error] :1:1: Premature end of file.
2026-04-28 23:14:21,734 [ERROR] LogOutputStream:75 - [STDERR_REDIRECT] 
2026-04-28 23:14:22,734 [ERROR] LogOutputStream:75 - [STDERR_REDIRECT] [Fatal Error] :1:1: Premature end of file.
2026-04-28 23:14:22,734 [ERROR] LogOutputStream:75 - [STDERR_REDIRECT] 
2026-04-28 23:14:23,733 [ERROR] LogOutputStream:75 - [STDERR_REDIRECT] [Fatal Error] :1:1: Premature end of file.
2026-04-28 23:14:23,733 [ERROR] LogOutputStream:75 - [STDERR_REDIRECT] 
2026-04-28 23:14:24,733 [ERROR] LogOutputStream:75 - [STDERR_REDIRECT] [Fatal Error] :1:1: Premature end of file.
2026-04-28 23:14:24,733 [ERROR] LogOutputStream:75 - [STDERR_REDIRECT] 
2026-04-28 23:14:25,735 [ERROR] LogOutputStream:75 - [STDERR_REDIRECT] [Fatal Error] :1:1: Premature end of file.
2026-04-28 23:14:25,735 [ERROR] LogOutputStream:75 - [STDERR_REDIRECT] 
2026-04-28 23:14:26,735 [ERROR] LogOutputStream:75 - [STDERR_REDIRECT] [Fatal Error] :1:1: Premature end of file.
2026-04-28 23:14:26,735 [ERROR] LogOutputStream:75 - [STDERR_REDIRECT] 
2026-04-28 23:14:27,734 [ERROR] LogOutputStream:75 - [STDERR_REDIRECT] [Fatal Error] :1:1: Premature end of file.
2026-04-28 23:14:27,735 [ERROR] LogOutputStream:75 - [STDERR_REDIRECT] 
2026-04-28 23:14:28,735 [ERROR] LogOutputStream:75 - [STDERR_REDIRECT] [Fatal Error] :1:1: Premature end of file.
2026-04-28 23:14:28,735 [ERROR] LogOutputStream:75 - [STDERR_REDIRECT] 
2026-04-28 23:14:29,732 [ERROR] LogOutputStream:75 - [STDERR_REDIRECT] [Fatal Error] :1:1: Premature end of file.
2026-04-28 23:14:29,733 [ERROR] LogOutputStream:75 - [STDERR_REDIRECT] 
2026-04-28 23:14:30,732 [ERROR] LogOutputStream:75 - [STDERR_REDIRECT] [Fatal Error] :1:1: Premature end of file.
2026-04-28 23:14:30,732 [ERROR] LogOutputStream:75 - [STDERR_REDIRECT] 
2026-04-28 23:14:31,734 [ERROR] LogOutputStream:75 - [STDERR_REDIRECT] [Fatal Error] :1:1: Premature end of file.
2026-04-28 23:14:31,735 [ERROR] LogOutputStream:75 - [STDERR_REDIRECT] 
2026-04-28 23:14:32,734 [ERROR] LogOutputStream:75 - [STDERR_REDIRECT] [Fatal Error] :1:1: Premature end of file.
2026-04-28 23:14:32,734 [ERROR] LogOutputStream:75 - [STDERR_REDIRECT] 
2026-04-28 23:14:33,733 [ERROR] LogOutputStream:75 - [STDERR_REDIRECT] [Fatal Error] :1:1: Premature end of file.
2026-04-28 23:14:33,733 [ERROR] LogOutputStream:75 - [STDERR_REDIRECT] 
2026-04-28 23:14:34,734 [ERROR] LogOutputStream:75 - [STDERR_REDIRECT] [Fatal Error] :1:1: Premature end of file.
2026-04-28 23:14:34,734 [ERROR] LogOutputStream:75 - [STDERR_REDIRECT] 
2026-04-28 23:14:35,735 [ERROR] LogOutputStream:75 - [STDERR_REDIRECT] [Fatal Error] :1:1: Premature end of file.
2026-04-28 23:14:35,735 [ERROR] LogOutputStream:75 - [STDERR_REDIRECT] 
2026-04-28 23:14:36,734 [ERROR] LogOutputStream:75 - [STDERR_REDIRECT] [Fatal Error] :1:1: Premature end of file.
2026-04-28 23:14:36,735 [ERROR] LogOutputStream:75 - [STDERR_REDIRECT] 
2026-04-28 23:14:37,734 [ERROR] LogOutputStream:75 - [STDERR_REDIRECT] [Fatal Error] :1:1: Premature end of file.
2026-04-28 23:14:37,734 [ERROR] LogOutputStream:75 - [STDERR_REDIRECT] 
2026-04-28 23:14:38,733 [ERROR] LogOutputStream:75 - [STDERR_REDIRECT] [Fatal Error] :1:1: Premature end of file.
2026-04-28 23:14:38,734 [ERROR] LogOutputStream:75 - [STDERR_REDIRECT] 
2026-04-28 23:14:39,736 [ERROR] LogOutputStream:75 - [STDERR_REDIRECT] [Fatal Error] :1:1: Premature end of file.
2026-04-28 23:14:39,736 [ERROR] LogOutputStream:75 - [STDERR_REDIRECT] 
2026-04-28 23:14:40,734 [ERROR] LogOutputStream:75 - [STDERR_REDIRECT] [Fatal Error] :1:1: Premature end of file.
2026-04-28 23:14:40,734 [ERROR] LogOutputStream:75 - [STDERR_REDIRECT] 
2026-04-28 23:14:41,737 [ERROR] LogOutputStream:75 - [STDERR_REDIRECT] [Fatal Error] :1:1: Premature end of file.
2026-04-28 23:14:41,737 [ERROR] LogOutputStream:75 - [STDERR_REDIRECT] 
2026-04-28 23:14:42,732 [ERROR] LogOutputStream:75 - [STDERR_REDIRECT] [Fatal Error] :1:1: Premature end of file.
2026-04-28 23:14:42,733 [ERROR] LogOutputStream:75 - [STDERR_REDIRECT] 
2026-04-28 23:14:43,734 [ERROR] LogOutputStream:75 - [STDERR_REDIRECT] [Fatal Error] :1:1: Premature end of file.
2026-04-28 23:14:43,735 [ERROR] LogOutputStream:75 - [STDERR_REDIRECT] 
2026-04-28 23:14:44,734 [ERROR] LogOutputStream:75 - [STDERR_REDIRECT] [Fatal Error] :1:1: Premature end of file.
2026-04-28 23:14:44,734 [ERROR] LogOutputStream:75 - [STDERR_REDIRECT] 
2026-04-28 23:14:45,733 [ERROR] LogOutputStream:75 - [STDERR_REDIRECT] [Fatal Error] :1:1: Premature end of file.
2026-04-28 23:14:45,733 [ERROR] LogOutputStream:75 - [STDERR_REDIRECT] 
2026-04-28 23:14:46,734 [ERROR] LogOutputStream:75 - [STDERR_REDIRECT] [Fatal Error] :1:1: Premature end of file.
2026-04-28 23:14:46,734 [ERROR] LogOutputStream:75 - [STDERR_REDIRECT] 
2026-04-28 23:14:47,735 [ERROR] LogOutputStream:75 - [STDERR_REDIRECT] [Fatal Error] :1:1: Premature end of file.
2026-04-28 23:14:47,735 [ERROR] LogOutputStream:75 - [STDERR_REDIRECT] 
2026-04-28 23:14:48,733 [ERROR] LogOutputStream:75 - [STDERR_REDIRECT] [Fatal Error] :1:1: Premature end of file.
2026-04-28 23:14:48,733 [ERROR] LogOutputStream:75 - [STDERR_REDIRECT] 
2026-04-28 23:14:49,707 [ERROR] LogOutputStream:75 - [STDERR_REDIRECT] 
