2026-05-05 10:52:56,718 [INFO] Activator:176 - 


2026-05-05 10:52:56,724 [INFO] Activator:177 - !SESSION log4j initialized
2026-05-05 10:53:06,550 [INFO] LogOutputStream:77 - [STDOUT_REDIRECT] 
2026-05-05 10:53:13,360 [ERROR] ConfigurationRetriever:142 - IOException on connection: Connect timed out
2026-05-05 10:53:13,888 [INFO] ApplicationProperties:184 - Using Application install path: C:\ST\STM32CubeIDE_1.18.1\STM32CubeIDE\plugins\com.st.stm32cube.common.mx_6.14.1.202504091515
2026-05-05 10:53:13,914 [INFO] DbMcusXml:78 - Set database path to: C:\ST\STM32CubeIDE_1.18.1\STM32CubeIDE\plugins\com.st.stm32cube.common.mx_6.14.1.202504091515\\db\/mcu/
2026-05-05 10:53:13,915 [INFO] ApiDb:274 - Set plugin database path to: C:\ST\STM32CubeIDE_1.18.1\STM32CubeIDE\plugins\com.st.stm32cube.common.mx_6.14.1.202504091515\\db\/plugins/boardmanager/
2026-05-05 10:53:13,915 [WARN] ApiDb:259 - Overriding images path with different value:  => C:\ST\STM32CubeIDE_1.18.1\STM32CubeIDE\plugins\com.st.stm32cube.common.mx_6.14.1.202504091515\\db\/plugins/mcufinder/images/
2026-05-05 10:53:13,947 [INFO] ApiDb:250 - Set database path to: C:\Users\salem\.stmcufinder\plugins\mcufinder//mcu/
2026-05-05 10:53:13,950 [INFO] DbMcusAds:125 - Set database path to: C:\Users\salem\.stmcufinder\plugins\mcufinder//mcu/
2026-05-05 10:53:13,954 [INFO] CrossReferenceDbSqlite:203 - Set database path to: C:\Users\salem\.stmcufinder\plugins\mcufinder//mcu/cs/
2026-05-05 10:53:14,112 [INFO] RulesReader:64 - Compatibility file has been processed (302 Rules)
2026-05-05 10:53:14,212 [INFO] DbMcusXml:78 - Set database path to: C:\ST\STM32CubeIDE_1.18.1\STM32CubeIDE\plugins\com.st.stm32cube.common.mx_6.14.1.202504091515\\db\/mcu/
2026-05-05 10:53:14,212 [INFO] ApiDb:274 - Set plugin database path to: C:\ST\STM32CubeIDE_1.18.1\STM32CubeIDE\plugins\com.st.stm32cube.common.mx_6.14.1.202504091515\\db\/plugins/boardmanager/
2026-05-05 10:53:14,212 [INFO] ApiDb:261 - Set plugin images path to: C:\ST\STM32CubeIDE_1.18.1\STM32CubeIDE\plugins\com.st.stm32cube.common.mx_6.14.1.202504091515\\db\/plugins/mcufinder/images/
2026-05-05 10:53:14,213 [WARN] DbFile:41 - Overriding database path with different value: C:\Users\salem\.stmcufinder\plugins\mcufinder/ => C:\Users\salem\.stmcufinder\plugins\mcufinder
2026-05-05 10:53:14,213 [INFO] ApiDb:250 - Set database path to: C:\Users\salem\.stmcufinder\plugins\mcufinder//mcu/
2026-05-05 10:53:14,213 [WARN] DbFile:41 - Overriding database path with different value: C:\Users\salem\.stmcufinder\plugins\mcufinder/ => C:\Users\salem\.stmcufinder\plugins\mcufinder
2026-05-05 10:53:14,213 [INFO] DbMcusAds:125 - Set database path to: C:\Users\salem\.stmcufinder\plugins\mcufinder//mcu/
2026-05-05 10:53:14,213 [WARN] DbFile:41 - Overriding database path with different value: C:\Users\salem\.stmcufinder\plugins\mcufinder/ => C:\Users\salem\.stmcufinder\plugins\mcufinder
2026-05-05 10:53:14,213 [WARN] DbFile:41 - Overriding database path with different value: C:\Users\salem\.stmcufinder\plugins\mcufinder/ => C:\Users\salem\.stmcufinder\plugins\mcufinder
2026-05-05 10:53:14,213 [INFO] CrossReferenceDbSqlite:203 - Set database path to: C:\Users\salem\.stmcufinder\plugins\mcufinder//mcu/cs/
2026-05-05 10:53:14,337 [INFO] MainPanel:272 - HeapMemory: 268435456
2026-05-05 10:53:14,527 [INFO] DbMcusXml:78 - Set database path to: C:\ST\STM32CubeIDE_1.18.1\STM32CubeIDE\plugins\com.st.stm32cube.common.mx_6.14.1.202504091515\\db\/mcu/
2026-05-05 10:53:14,527 [INFO] ApiDb:274 - Set plugin database path to: C:\ST\STM32CubeIDE_1.18.1\STM32CubeIDE\plugins\com.st.stm32cube.common.mx_6.14.1.202504091515\\db\/plugins/boardmanager/
2026-05-05 10:53:14,527 [INFO] ApiDb:261 - Set plugin images path to: C:\ST\STM32CubeIDE_1.18.1\STM32CubeIDE\plugins\com.st.stm32cube.common.mx_6.14.1.202504091515\\db\/plugins/mcufinder/images/
2026-05-05 10:53:14,527 [WARN] DbFile:41 - Overriding database path with different value: C:\Users\salem\.stmcufinder\plugins\mcufinder/ => C:\Users\salem\.stmcufinder\plugins\mcufinder
2026-05-05 10:53:14,527 [INFO] ApiDb:250 - Set database path to: C:\Users\salem\.stmcufinder\plugins\mcufinder//mcu/
2026-05-05 10:53:14,527 [WARN] DbFile:41 - Overriding database path with different value: C:\Users\salem\.stmcufinder\plugins\mcufinder/ => C:\Users\salem\.stmcufinder\plugins\mcufinder
2026-05-05 10:53:14,528 [INFO] DbMcusAds:125 - Set database path to: C:\Users\salem\.stmcufinder\plugins\mcufinder//mcu/
2026-05-05 10:53:14,528 [WARN] DbFile:41 - Overriding database path with different value: C:\Users\salem\.stmcufinder\plugins\mcufinder/ => C:\Users\salem\.stmcufinder\plugins\mcufinder
2026-05-05 10:53:14,528 [WARN] DbFile:41 - Overriding database path with different value: C:\Users\salem\.stmcufinder\plugins\mcufinder/ => C:\Users\salem\.stmcufinder\plugins\mcufinder
2026-05-05 10:53:14,528 [INFO] CrossReferenceDbSqlite:203 - Set database path to: C:\Users\salem\.stmcufinder\plugins\mcufinder//mcu/cs/
2026-05-05 10:53:14,557 [INFO] ApplicationProperties:184 - Using Application install path: C:\ST\STM32CubeIDE_1.18.1\STM32CubeIDE\plugins\com.st.stm32cube.common.mx_6.14.1.202504091515
2026-05-05 10:53:14,558 [INFO] PluginManage:196 - Search for loadable plugins [exclusion list=, ]
2026-05-05 10:53:14,561 [INFO] PluginManage:310 - Check plugin analytics
2026-05-05 10:53:14,832 [INFO] AnalyticsPlugin:253 - Accepted Software Licenses: STM32CubeMX.6.13.0
2026-05-05 10:53:14,833 [INFO] AnalyticsPlugin:255 - Accepted CMSIS Pack Licenses: 
2026-05-05 10:53:14,833 [INFO] AnalyticsPlugin:257 - Accepted Firmware Licenses: FW.F4.1.28.0,FW.C0.1.3.0,FW.C0.1.4.0
2026-05-05 10:53:14,837 [INFO] PluginManage:359 - Loaded plugin analytics (category:tool,tabindex:-1)
2026-05-05 10:53:14,837 [INFO] PluginManage:310 - Check plugin cadmodel
2026-05-05 10:53:14,856 [INFO] CADModel:105 - Init CAD model plugin
2026-05-05 10:53:14,856 [INFO] PluginManage:359 - Loaded plugin cadmodel (category:power,tabindex:5)
2026-05-05 10:53:14,856 [INFO] PluginManage:310 - Check plugin clock
2026-05-05 10:53:14,878 [INFO] PluginManage:359 - Loaded plugin clock (category:base,tabindex:2)
2026-05-05 10:53:14,878 [INFO] PluginManage:310 - Check plugin ddr
2026-05-05 10:53:14,881 [INFO] PluginManage:359 - Loaded plugin ddr (category:tool,tabindex:6)
2026-05-05 10:53:14,881 [INFO] PluginManage:310 - Check plugin filemanager
2026-05-05 10:53:15,111 [INFO] PluginManage:359 - Loaded plugin filemanager (category:base,tabindex:10)
2026-05-05 10:53:15,111 [INFO] PluginManage:310 - Check plugin ipmanager
2026-05-05 10:53:15,121 [INFO] PluginManage:359 - Loaded plugin ipmanager (category:base,tabindex:5)
2026-05-05 10:53:15,121 [INFO] PluginManage:310 - Check plugin lpbam
2026-05-05 10:53:15,157 [INFO] PluginManage:359 - Loaded plugin lpbam (category:base,tabindex:0)
2026-05-05 10:53:15,158 [INFO] PluginManage:310 - Check plugin memorymap
2026-05-05 10:53:15,195 [INFO] PluginManage:359 - Loaded plugin memorymap (category:base,tabindex:4)
2026-05-05 10:53:15,195 [INFO] PluginManage:310 - Check plugin pinoutandconfiguration
2026-05-05 10:53:15,236 [INFO] PluginManage:359 - Loaded plugin pinoutandconfiguration (category:base,tabindex:1)
2026-05-05 10:53:15,236 [INFO] PluginManage:310 - Check plugin pinoutconfig
2026-05-05 10:53:15,362 [ERROR] ConfigurationRetriever:142 - IOException on connection: Connect timed out
2026-05-05 10:53:15,429 [WARN] SupportedApi:132 - Cannot load RTOS API schema: s4s-elt-must-match.1: The content of 'definitions' must match (annotation?, (simpleType | complexType)?, (unique | key | keyref)*)). A problem was found starting at: attribute.
2026-05-05 10:53:15,564 [INFO] PluginManage:359 - Loaded plugin pinoutconfig (category:base,tabindex:0)
2026-05-05 10:53:15,564 [INFO] PluginManage:310 - Check plugin power
2026-05-05 10:53:15,591 [INFO] PluginManage:359 - Loaded plugin power (category:power,tabindex:4)
2026-05-05 10:53:15,591 [INFO] PluginManage:310 - Check plugin projectmanager
2026-05-05 10:53:15,613 [INFO] PluginManage:359 - Loaded plugin projectmanager (category:projectmanager,tabindex:4)
2026-05-05 10:53:15,613 [INFO] PluginManage:310 - Check plugin rif
2026-05-05 10:53:15,633 [INFO] PluginManage:359 - Loaded plugin rif (category:base,tabindex:3)
2026-05-05 10:53:15,634 [INFO] PluginManage:310 - Check plugin thirdparty
2026-05-05 10:53:16,078 [INFO] PluginManage:359 - Loaded plugin thirdparty (category:base,tabindex:-1)
2026-05-05 10:53:16,078 [WARN] IntegrityCheckThread:84 - waiting for thirdparty lock release [integrity check]
2026-05-05 10:53:16,078 [INFO] IntegrityCheckThread:86 - entering critical section [integrity check]
2026-05-05 10:53:16,078 [INFO] PluginManage:310 - Check plugin tools
2026-05-05 10:53:16,079 [INFO] ThirdPartyUpdaterWithRetryManager:70 - Updater plugin not ready yet. [1/15]
2026-05-05 10:53:16,125 [INFO] PluginManage:359 - Loaded plugin tools (category:base,tabindex:7)
2026-05-05 10:53:16,125 [INFO] PluginManage:310 - Check plugin tutovideos
2026-05-05 10:53:16,345 [INFO] PluginManage:359 - Loaded plugin tutovideos (category:base,tabindex:-1)
2026-05-05 10:53:16,345 [INFO] PluginManage:310 - Check plugin updater
2026-05-05 10:53:16,375 [INFO] PluginManage:359 - Loaded plugin updater (category:base,tabindex:12)
2026-05-05 10:53:16,375 [INFO] PluginManage:310 - Check plugin userauth
2026-05-05 10:53:16,386 [INFO] UserAuth:118 - Init User Auth plugin
2026-05-05 10:53:16,387 [INFO] PluginManage:359 - Loaded plugin userauth (category:base,tabindex:14)
2026-05-05 10:53:16,388 [INFO] PluginManage:283 - PluginManage : Loaded plugins [18]
2026-05-05 10:53:16,665 [INFO] PinOutPanel:1589 - setPackage(No Configuration,No Configuration)
2026-05-05 10:53:16,797 [INFO] CADModel:165 - CPN selected for project level
2026-05-05 10:53:16,797 [INFO] CADModel:114 - Register for checkConnection events
2026-05-05 10:53:16,827 [INFO] IPUIPlugin:80 - create IPUIPlugin
2026-05-05 10:53:16,827 [INFO] PluginManager:220 - loadIPPluginJar : add adc
2026-05-05 10:53:16,873 [INFO] IPUIPlugin:80 - create IPUIPlugin
2026-05-05 10:53:16,873 [INFO] PluginManager:220 - loadIPPluginJar : add aes
2026-05-05 10:53:16,922 [INFO] IPUIPlugin:80 - create IPUIPlugin
2026-05-05 10:53:16,922 [INFO] PluginManager:220 - loadIPPluginJar : add can
2026-05-05 10:53:16,952 [INFO] IPUIPlugin:80 - create IPUIPlugin
2026-05-05 10:53:16,952 [INFO] PluginManager:220 - loadIPPluginJar : add comp
2026-05-05 10:53:16,994 [INFO] IPUIPlugin:80 - create IPUIPlugin
2026-05-05 10:53:16,994 [INFO] PluginManager:220 - loadIPPluginJar : add cryp
2026-05-05 10:53:17,008 [INFO] IPUIPlugin:80 - create IPUIPlugin
2026-05-05 10:53:17,008 [INFO] PluginManager:220 - loadIPPluginJar : add ddr_ctrl_phy
2026-05-05 10:53:17,047 [INFO] IPUIPlugin:80 - create IPUIPlugin
2026-05-05 10:53:17,047 [INFO] PluginManager:220 - loadIPPluginJar : add dfsdm
2026-05-05 10:53:17,065 [INFO] IPUIPlugin:80 - create IPUIPlugin
2026-05-05 10:53:17,066 [INFO] PluginManager:220 - loadIPPluginJar : add dma
2026-05-05 10:53:17,117 [INFO] IPUIPlugin:80 - create IPUIPlugin
2026-05-05 10:53:17,117 [INFO] PluginManager:220 - loadIPPluginJar : add dma3
2026-05-05 10:53:17,168 [INFO] IPUIPlugin:80 - create IPUIPlugin
2026-05-05 10:53:17,168 [INFO] PluginManager:220 - loadIPPluginJar : add extmemmanager
2026-05-05 10:53:17,193 [INFO] IPUIPlugin:80 - create IPUIPlugin
2026-05-05 10:53:17,193 [INFO] PluginManager:220 - loadIPPluginJar : add fatfs
2026-05-05 10:53:17,246 [INFO] IPUIPlugin:80 - create IPUIPlugin
2026-05-05 10:53:17,247 [INFO] PluginManager:220 - loadIPPluginJar : add fmc
2026-05-05 10:53:17,261 [INFO] IPUIPlugin:80 - create IPUIPlugin
2026-05-05 10:53:17,262 [INFO] PluginManager:220 - loadIPPluginJar : add freertos
2026-05-05 10:53:17,287 [INFO] IPUIPlugin:80 - create IPUIPlugin
2026-05-05 10:53:17,287 [INFO] PluginManager:220 - loadIPPluginJar : add genericplugin
2026-05-05 10:53:17,366 [ERROR] ConfigurationRetriever:142 - IOException on connection: Connect timed out
2026-05-05 10:53:17,400 [INFO] IPUIPlugin:80 - create IPUIPlugin
2026-05-05 10:53:17,401 [INFO] PluginManager:220 - loadIPPluginJar : add gfxmmu
2026-05-05 10:53:17,560 [INFO] IPUIPlugin:80 - create IPUIPlugin
2026-05-05 10:53:17,560 [INFO] PluginManager:220 - loadIPPluginJar : add gic
2026-05-05 10:53:17,573 [INFO] IPUIPlugin:80 - create IPUIPlugin
2026-05-05 10:53:17,574 [INFO] PluginManager:220 - loadIPPluginJar : add gpio
2026-05-05 10:53:17,678 [INFO] IPUIPlugin:80 - create IPUIPlugin
2026-05-05 10:53:17,679 [INFO] PluginManager:220 - loadIPPluginJar : add gtzc
2026-05-05 10:53:17,720 [INFO] IPUIPlugin:80 - create IPUIPlugin
2026-05-05 10:53:17,721 [INFO] PluginManager:220 - loadIPPluginJar : add hash
2026-05-05 10:53:17,786 [INFO] IPUIPlugin:80 - create IPUIPlugin
2026-05-05 10:53:17,786 [INFO] PluginManager:220 - loadIPPluginJar : add i2c
2026-05-05 10:53:17,833 [INFO] IPUIPlugin:80 - create IPUIPlugin
2026-05-05 10:53:17,833 [INFO] PluginManager:220 - loadIPPluginJar : add i2s
2026-05-05 10:53:17,881 [INFO] IPUIPlugin:80 - create IPUIPlugin
2026-05-05 10:53:17,881 [INFO] PluginManager:220 - loadIPPluginJar : add i3c
2026-05-05 10:53:17,996 [INFO] IPUIPlugin:80 - create IPUIPlugin
2026-05-05 10:53:17,996 [INFO] PluginManager:220 - loadIPPluginJar : add ipddr
2026-05-05 10:53:18,110 [INFO] IPUIPlugin:80 - create IPUIPlugin
2026-05-05 10:53:18,110 [INFO] PluginManager:220 - loadIPPluginJar : add linkedlist
2026-05-05 10:53:18,162 [INFO] IPUIPlugin:80 - create IPUIPlugin
2026-05-05 10:53:18,162 [INFO] PluginManager:220 - loadIPPluginJar : add lorawan
2026-05-05 10:53:18,223 [INFO] IPUIPlugin:80 - create IPUIPlugin
2026-05-05 10:53:18,223 [INFO] PluginManager:220 - loadIPPluginJar : add ltdc
2026-05-05 10:53:18,240 [INFO] IPUIPlugin:80 - create IPUIPlugin
2026-05-05 10:53:18,240 [INFO] PluginManager:220 - loadIPPluginJar : add mdma
2026-05-05 10:53:18,253 [INFO] IPUIPlugin:80 - create IPUIPlugin
2026-05-05 10:53:18,253 [INFO] PluginManager:220 - loadIPPluginJar : add nvic
2026-05-05 10:53:18,296 [INFO] IPUIPlugin:80 - create IPUIPlugin
2026-05-05 10:53:18,296 [INFO] PluginManager:220 - loadIPPluginJar : add opamp
2026-05-05 10:53:18,374 [INFO] IPUIPlugin:80 - create IPUIPlugin
2026-05-05 10:53:18,374 [INFO] PluginManager:220 - loadIPPluginJar : add openamp
2026-05-05 10:53:18,434 [INFO] IPUIPlugin:80 - create IPUIPlugin
2026-05-05 10:53:18,435 [INFO] PluginManager:220 - loadIPPluginJar : add pdm2pcm
2026-05-05 10:53:18,452 [INFO] IPUIPlugin:80 - create IPUIPlugin
2026-05-05 10:53:18,456 [INFO] PluginManager:220 - loadIPPluginJar : add plateformsettings
2026-05-05 10:53:18,486 [INFO] IPUIPlugin:80 - create IPUIPlugin
2026-05-05 10:53:18,486 [INFO] PluginManager:220 - loadIPPluginJar : add quadspi
2026-05-05 10:53:18,538 [INFO] IPUIPlugin:80 - create IPUIPlugin
2026-05-05 10:53:18,538 [INFO] PluginManager:220 - loadIPPluginJar : add radio
2026-05-05 10:53:18,556 [INFO] IPUIPlugin:80 - create IPUIPlugin
2026-05-05 10:53:18,557 [INFO] PluginManager:220 - loadIPPluginJar : add resmgrutility
2026-05-05 10:53:18,637 [INFO] IPUIPlugin:80 - create IPUIPlugin
2026-05-05 10:53:18,637 [INFO] PluginManager:220 - loadIPPluginJar : add sai
2026-05-05 10:53:18,685 [INFO] IPUIPlugin:80 - create IPUIPlugin
2026-05-05 10:53:18,685 [INFO] PluginManager:220 - loadIPPluginJar : add spi
2026-05-05 10:53:18,772 [INFO] IPUIPlugin:80 - create IPUIPlugin
2026-05-05 10:53:18,772 [INFO] PluginManager:220 - loadIPPluginJar : add stm32_wpan
2026-05-05 10:53:18,799 [INFO] IPUIPlugin:80 - create IPUIPlugin
2026-05-05 10:53:18,799 [INFO] PluginManager:220 - loadIPPluginJar : add tim
2026-05-05 10:53:18,872 [INFO] IPUIPlugin:80 - create IPUIPlugin
2026-05-05 10:53:18,872 [INFO] PluginManager:220 - loadIPPluginJar : add touchsensing
2026-05-05 10:53:18,899 [INFO] IPUIPlugin:80 - create IPUIPlugin
2026-05-05 10:53:18,899 [INFO] PluginManager:220 - loadIPPluginJar : add tracer_emb
2026-05-05 10:53:18,927 [INFO] IPUIPlugin:80 - create IPUIPlugin
2026-05-05 10:53:18,927 [INFO] PluginManager:220 - loadIPPluginJar : add ts
2026-05-05 10:53:18,957 [INFO] IPUIPlugin:80 - create IPUIPlugin
2026-05-05 10:53:18,957 [INFO] PluginManager:220 - loadIPPluginJar : add tsc
2026-05-05 10:53:18,983 [INFO] IPUIPlugin:80 - create IPUIPlugin
2026-05-05 10:53:18,983 [INFO] PluginManager:220 - loadIPPluginJar : add ucpd
2026-05-05 10:53:19,036 [INFO] IPUIPlugin:80 - create IPUIPlugin
2026-05-05 10:53:19,036 [INFO] PluginManager:220 - loadIPPluginJar : add usart
2026-05-05 10:53:19,080 [INFO] ThirdPartyUpdaterWithRetryManager:70 - Updater plugin not ready yet. [2/15]
2026-05-05 10:53:19,092 [INFO] IPUIPlugin:80 - create IPUIPlugin
2026-05-05 10:53:19,092 [INFO] PluginManager:220 - loadIPPluginJar : add usbx
2026-05-05 10:53:19,243 [FATAL] Updater:351 - Updater called before beeing initialized
2026-05-05 10:53:19,283 [INFO] RulesReader:64 - Compatibility file has been processed (302 Rules)
2026-05-05 10:53:19,304 [INFO] RulesReader:64 - Compatibility file has been processed (302 Rules)
2026-05-05 10:53:19,330 [INFO] CADModel:165 - CPN selected for project level
2026-05-05 10:53:19,330 [INFO] CADModel:114 - Register for checkConnection events
2026-05-05 10:53:19,331 [FATAL] Updater:351 - Updater called before beeing initialized
2026-05-05 10:53:19,331 [ERROR] CADModel:125 - Updater not yet initialized, retry later 
2026-05-05 10:53:19,556 [FATAL] Updater:351 - Updater called before beeing initialized
2026-05-05 10:53:19,558 [INFO] CADModel:165 - CPN selected for project level
2026-05-05 10:53:19,558 [INFO] CADModel:114 - Register for checkConnection events
2026-05-05 10:53:19,559 [FATAL] Updater:351 - Updater called before beeing initialized
2026-05-05 10:53:19,559 [ERROR] CADModel:125 - Updater not yet initialized, retry later 
2026-05-05 10:53:19,563 [FATAL] Updater:351 - Updater called before beeing initialized
2026-05-05 10:53:19,684 [FATAL] Updater:351 - Updater called before beeing initialized
2026-05-05 10:53:19,698 [INFO] DbMcusAds:53 - JSON generation date=Fri Apr 10 10:19:02 CET 2026 (1775812742310)
2026-05-05 10:53:19,698 [FATAL] Updater:351 - Updater called before beeing initialized
2026-05-05 10:53:19,741 [WARN] DetailPanel:346 - Failed to get advertising image, set to default
2026-05-05 10:53:19,837 [ERROR] ConfigurationRetriever:142 - IOException on connection: Connect timed out
2026-05-05 10:53:19,970 [FATAL] Updater:351 - Updater called before beeing initialized
2026-05-05 10:53:19,974 [FATAL] Updater:351 - Updater called before beeing initialized
2026-05-05 10:53:19,974 [FATAL] Updater:351 - Updater called before beeing initialized
2026-05-05 10:53:19,974 [WARN] DetailPanel:346 - Failed to get advertising image, set to default
2026-05-05 10:53:19,975 [FATAL] Updater:351 - Updater called before beeing initialized
2026-05-05 10:53:20,072 [ERROR] Updater:1198 - MainUpdater not yet initialized. External WinMGr cannot be set.
2026-05-05 10:53:20,087 [INFO] Updater:1134 - Updater Version found : 6.14.1
2026-05-05 10:53:20,123 [INFO] ApplicationProperties:184 - Using Application install path: C:\ST\STM32CubeIDE_1.18.1\STM32CubeIDE\plugins\com.st.stm32cube.common.mx_6.14.1.202504091515
2026-05-05 10:53:22,080 [INFO] ThirdPartyUpdaterWithRetryManager:70 - Updater plugin not ready yet. [3/15]
2026-05-05 10:53:23,636 [INFO] MainUpdater:2872 - connection check result : 10
2026-05-05 10:53:23,637 [INFO] MainUpdater:289 - Updater Check For Update Now.
2026-05-05 10:53:23,637 [INFO] MicroXplorer:498 - Change Database Version : DB.6.0.141
2026-05-05 10:53:23,662 [INFO] McuFinderGlobals:63 - Set McuFinder mode to 2 (CubeIDE integrated)
2026-05-05 10:53:23,671 [INFO] UserAuth:484 - Internet connection configuration mode: 1
2026-05-05 10:53:23,733 [INFO] JxBrowserEngine:152 - Initiate JxBrowser Engine with user profile folder
2026-05-05 10:53:23,888 [INFO] CheckServerUpdateThread:120 - End of CheckServer Thread
2026-05-05 10:53:24,838 [ERROR] ConfigurationRetriever:142 - IOException on connection: Connect timed out
2026-05-05 10:53:25,674 [WARN] PackLoader:240 - Cannot read IP mode file for STMicroelectronics.X-CUBE-AZRTOS-H7.3.5.0
2026-05-05 10:53:25,708 [WARN] PackLoader:240 - Cannot read IP mode file for STMicroelectronics.FP-SNS-MOTENVWB1.1.4.0
2026-05-05 10:53:25,733 [WARN] PackLoader:240 - Cannot read IP mode file for STMicroelectronics.FP-ATR-ASTRA1.2.0.2
2026-05-05 10:53:25,754 [WARN] PackLoader:240 - Cannot read IP mode file for STMicroelectronics.FP-ATR-ASTRA1.2.0.1
2026-05-05 10:53:25,788 [WARN] PackLoader:240 - Cannot read IP mode file for STMicroelectronics.X-CUBE-SMBUS.2.1.0
2026-05-05 10:53:25,811 [WARN] PackLoader:240 - Cannot read IP mode file for STMicroelectronics.X-CUBE-WB05N.1.1.0
2026-05-05 10:53:25,833 [WARN] PackLoader:240 - Cannot read IP mode file for STMicroelectronics.X-CUBE-ST60.1.0.0
2026-05-05 10:53:25,875 [WARN] PackLoader:240 - Cannot read IP mode file for STMicroelectronics.X-CUBE-AZRTOS-F7.1.1.0
2026-05-05 10:53:25,897 [WARN] PackLoader:240 - Cannot read IP mode file for Cesanta.I-CUBE-Mongoose.7.19.0
2026-05-05 10:53:25,968 [WARN] PackLoader:240 - Cannot read IP mode file for STMicroelectronics.X-CUBE-MEMS1.11.0.0
2026-05-05 10:53:26,117 [ERROR] Engine:466 - C:\Users\salem\.stm32cubemx\thirdparties\pdsc\STMicroelectronics.FP-SNS-MOTENV1.5.1.0.pdsc: PDSC version is not supported
2026-05-05 10:53:26,170 [ERROR] Engine:466 - C:\Users\salem\.stm32cubemx\thirdparties\pdsc\WES.I-CUBE-Cesium.1.4.0.pdsc: PDSC version is not supported
2026-05-05 10:53:26,192 [WARN] PackLoader:240 - Cannot read IP mode file for STMicroelectronics.FP-SNS-FLIGHT1.5.0.2
2026-05-05 10:53:26,236 [WARN] PackLoader:240 - Cannot read IP mode file for Infineon.AIROC-Wi-Fi-Bluetooth-STM32.1.7.0
2026-05-05 10:53:26,273 [WARN] PackLoader:240 - Cannot read IP mode file for Infineon.AIROC-Wi-Fi-Bluetooth-STM32.1.7.1
2026-05-05 10:53:26,302 [WARN] PackLoader:240 - Cannot read IP mode file for STMicroelectronics.X-CUBE-AZRTOS-H7.3.4.0
2026-05-05 10:53:26,320 [WARN] PackLoader:240 - Cannot read IP mode file for STMicroelectronics.X-CUBE-DISPLAY.3.0.0
2026-05-05 10:53:26,332 [INFO] WebApp:169 - Instantiating new browser for Auth
2026-05-05 10:53:26,338 [WARN] PackLoader:240 - Cannot read IP mode file for STMicroelectronics.X-CUBE-GNSS1.7.1.1
2026-05-05 10:53:26,353 [ERROR] Engine:466 - C:\Users\salem\.stm32cubemx\thirdparties\pdsc\STMicroelectronics.FP-SNS-MOTENVWB1.1.5.0.pdsc: PDSC version is not supported
2026-05-05 10:53:26,379 [WARN] PackLoader:240 - Cannot read IP mode file for STMicroelectronics.X-CUBE-BLE1.7.0.0
2026-05-05 10:53:26,401 [WARN] PackLoader:240 - Cannot read IP mode file for STMicroelectronics.X-CUBE-NFC10.1.0.0
2026-05-05 10:53:26,426 [WARN] PackLoader:240 - Cannot read IP mode file for STMicroelectronics.X-CUBE-BLEMGR.4.0.0
2026-05-05 10:53:26,445 [WARN] PackLoader:240 - Cannot read IP mode file for STMicroelectronics.X-CUBE-ST60.1.1.0
2026-05-05 10:53:26,474 [WARN] PackLoader:240 - Cannot read IP mode file for emotas.I-CUBE-CANOPEN.1.3.0
2026-05-05 10:53:26,492 [WARN] PackLoader:240 - Cannot read IP mode file for STMicroelectronics.X-CUBE-GNSS1.7.1.0
2026-05-05 10:53:26,509 [WARN] PackLoader:240 - Cannot read IP mode file for STMicroelectronics.X-CUBE-AI.10.0.0
2026-05-05 10:53:26,525 [ERROR] Engine:466 - C:\Users\salem\.stm32cubemx\thirdparties\pdsc\STMicroelectronics.FP-SNS-STBOX1.2.1.0.pdsc: PDSC version is not supported
2026-05-05 10:53:26,546 [WARN] PackLoader:240 - Cannot read IP mode file for STMicroelectronics.FP-SNS-SMARTAG2.1.2.0
2026-05-05 10:53:26,564 [WARN] PackLoader:240 - Cannot read IP mode file for STMicroelectronics.FP-SNS-FLIGHT1.5.1.0
2026-05-05 10:53:26,610 [WARN] PackLoader:240 - Cannot read IP mode file for STMicroelectronics.X-CUBE-MEMS1.11.1.0
2026-05-05 10:53:26,689 [INFO] LogOutputStream:77 - [STDOUT_REDIRECT] 1 : Invalid condition id : UX_CORESTACK_Condition cause : null
2026-05-05 10:53:26,690 [INFO] LogOutputStream:77 - [STDOUT_REDIRECT] 1 : Invalid condition id : UX_CORESTACK_Condition cause : null
2026-05-05 10:53:26,691 [INFO] LogOutputStream:77 - [STDOUT_REDIRECT] 1 : Invalid condition id : UX_CORESTACK_Condition cause : null
2026-05-05 10:53:26,692 [INFO] LogOutputStream:77 - [STDOUT_REDIRECT] 1 : Invalid condition id : UX_CORESTACK_Condition cause : null
2026-05-05 10:53:26,693 [INFO] LogOutputStream:77 - [STDOUT_REDIRECT] 1 : Invalid condition id : UX_CORESTACK_Condition cause : null
2026-05-05 10:53:26,695 [WARN] PackLoader:240 - Cannot read IP mode file for STMicroelectronics.X-CUBE-AZRTOS-WL.2.0.0
2026-05-05 10:53:26,710 [WARN] PackLoader:240 - Cannot read IP mode file for STMicroelectronics.FP-SNS-MOTENV1.5.0.0
2026-05-05 10:53:26,738 [WARN] PackLoader:240 - Cannot read IP mode file for STMicroelectronics.X-CUBE-AZRTOS-H7RS.1.2.0
2026-05-05 10:53:26,753 [WARN] PackLoader:240 - Cannot read IP mode file for wolfSSL.I-CUBE-wolfMQTT.1.19.0
2026-05-05 10:53:26,769 [WARN] PackLoader:240 - Cannot read IP mode file for WES.I-CUBE-Cesium.1.3.0
2026-05-05 10:53:26,782 [WARN] PackLoader:240 - Cannot read IP mode file for STMicroelectronics.X-CUBE-BLE2.3.3.0
2026-05-05 10:53:26,835 [WARN] PackLoader:240 - Cannot read IP mode file for STMicroelectronics.X-CUBE-NFC9.1.0.0
2026-05-05 10:53:26,850 [WARN] PackLoader:240 - Cannot read IP mode file for wolfSSL.I-CUBE-wolfSSL.5.8.2
2026-05-05 10:53:26,864 [WARN] PackLoader:240 - Cannot read IP mode file for STMicroelectronics.X-CUBE-BLE1.7.1.0
2026-05-05 10:53:26,877 [WARN] PackLoader:240 - Cannot read IP mode file for wolfSSL.I-CUBE-wolfMQTT.1.19.2
2026-05-05 10:53:26,888 [ERROR] Engine:466 - C:\Users\salem\.stm32cubemx\thirdparties\pdsc\STMicroelectronics.X-CUBE-FREERTOS.1.4.0.pdsc: PDSC version is not supported
2026-05-05 10:53:26,905 [WARN] PackLoader:240 - Cannot read IP mode file for STMicroelectronics.X-CUBE-EEPRMA1.5.2.0
2026-05-05 10:53:26,918 [ERROR] Engine:466 - C:\Users\salem\.stm32cubemx\thirdparties\pdsc\STMicroelectronics.X-CUBE-ST67W61.1.1.0.pdsc: PDSC version is not supported
2026-05-05 10:53:26,931 [WARN] PackLoader:240 - Cannot read IP mode file for STMicroelectronics.X-CUBE-AI.10.1.0
2026-05-05 10:53:26,944 [ERROR] Engine:466 - C:\Users\salem\.stm32cubemx\thirdparties\pdsc\STMicroelectronics.FP-SNS-STAIOTCFT.1.1.0.pdsc: PDSC version is not supported
2026-05-05 10:53:26,982 [WARN] PackLoader:240 - Cannot read IP mode file for STMicroelectronics.X-CUBE-MEMS1.12.0.0
2026-05-05 10:53:27,067 [WARN] PackLoader:240 - Cannot read IP mode file for STMicroelectronics.X-CUBE-MEMS1.11.2.0
2026-05-05 10:53:27,177 [WARN] PackLoader:240 - Cannot read IP mode file for STMicroelectronics.X-CUBE-AZRTOS-G0.1.1.0
2026-05-05 10:53:27,195 [WARN] PackLoader:240 - Cannot read IP mode file for STMicroelectronics.X-CUBE-SAFEA1.1.2.2
2026-05-05 10:53:27,214 [WARN] PackLoader:240 - Cannot read IP mode file for STMicroelectronics.X-CUBE-NFC4.3.0.0
2026-05-05 10:53:27,239 [WARN] PackLoader:240 - Cannot read IP mode file for EmbeddedOffice.I-CUBE-FS-RTOS.1.0.1
2026-05-05 10:53:27,255 [WARN] PackLoader:240 - Cannot read IP mode file for STMicroelectronics.X-CUBE-WB05N.2.0.0
2026-05-05 10:53:27,272 [WARN] PackLoader:240 - Cannot read IP mode file for wolfSSL.I-CUBE-wolfTPM.3.8.0
2026-05-05 10:53:27,292 [WARN] PackLoader:240 - Cannot read IP mode file for STMicroelectronics.X-CUBE-TCPP.4.2.0
2026-05-05 10:53:27,312 [WARN] PackLoader:240 - Cannot read IP mode file for RealThread.X-CUBE-RT-Thread_Nano.4.1.1
2026-05-05 10:53:27,328 [WARN] PackLoader:240 - Cannot read IP mode file for STMicroelectronics.FP-ATR-SIGFOX1.3.2.0
2026-05-05 10:53:27,344 [WARN] ConditionMgr:438 - getConditionDescription Invalid condition id : Cortex-A Device cause : null
2026-05-05 10:53:27,363 [WARN] ConditionMgr:1044 - genDependencies : Invalid condition id : Cortex-A Device cause : null
2026-05-05 10:53:27,363 [WARN] ConditionMgr:1044 - genDependencies : Invalid condition id : Cortex-A Device cause : null
2026-05-05 10:53:27,363 [WARN] ConditionMgr:1044 - genDependencies : Invalid condition id : Cortex-A Device cause : null
2026-05-05 10:53:27,379 [WARN] PackLoader:240 - Cannot read IP mode file for STMicroelectronics.X-CUBE-EEPRMA1.5.1.0
2026-05-05 10:53:27,394 [ERROR] Engine:466 - C:\Users\salem\.stm32cubemx\thirdparties\pdsc\STMicroelectronics.X-CUBE-FREERTOS.1.5.0.pdsc: PDSC version is not supported
2026-05-05 10:53:27,408 [WARN] PackLoader:240 - Cannot read IP mode file for wolfSSL.I-CUBE-wolfSSL.5.7.4
2026-05-05 10:53:27,423 [WARN] PackLoader:240 - Cannot read IP mode file for wolfSSL.I-CUBE-wolfSSL.5.7.6
2026-05-05 10:53:27,440 [WARN] PackLoader:240 - Cannot read IP mode file for ITTIA_DB.I-CUBE-ITTIADB.8.9.0
2026-05-05 10:53:27,458 [WARN] PackLoader:240 - Cannot read IP mode file for STMicroelectronics.X-CUBE-NFC6.3.2.0
2026-05-05 10:53:27,479 [WARN] PackLoader:240 - Cannot read IP mode file for STMicroelectronics.X-CUBE-ST67W61.1.0.0
2026-05-05 10:53:27,493 [WARN] PackLoader:240 - Cannot read IP mode file for STMicroelectronics.X-CUBE-AI.10.2.0
2026-05-05 10:53:27,533 [WARN] PackLoader:240 - Cannot read IP mode file for STMicroelectronics.X-CUBE-MEMS1.12.1.0
2026-05-05 10:53:27,653 [WARN] PackLoader:240 - Cannot read IP mode file for SEGGER.I-CUBE-embOS.1.3.1
2026-05-05 10:53:27,702 [WARN] PackLoader:240 - Cannot read IP mode file for STMicroelectronics.X-CUBE-ALGOBUILD.1.4.0
2026-05-05 10:53:27,749 [INFO] WebApp:463 - Apply proxy settings
2026-05-05 10:53:27,749 [INFO] WebApp:548 - Chromium requires no authentication
2026-05-05 10:53:27,756 [WARN] PackLoader:240 - Cannot read IP mode file for STMicroelectronics.X-CUBE-MEMS1.11.3.0
2026-05-05 10:53:27,762 [INFO] WebApp:491 - Direct internet connection detected
2026-05-05 10:53:27,803 [INFO] WebApp:894 - Register for checkConnection events
2026-05-05 10:53:27,804 [INFO] WebApp:463 - Apply proxy settings
2026-05-05 10:53:27,804 [INFO] WebApp:548 - Chromium requires no authentication
2026-05-05 10:53:27,804 [INFO] WebApp:491 - Direct internet connection detected
2026-05-05 10:53:27,875 [WARN] PackLoader:240 - Cannot read IP mode file for STMicroelectronics.X-CUBE-AI.9.1.0
2026-05-05 10:53:27,904 [WARN] PackLoader:240 - Cannot read IP mode file for STMicroelectronics.X-CUBE-PM33A1.1.0.0
2026-05-05 10:53:27,944 [WARN] PackLoader:240 - Cannot read IP mode file for STMicroelectronics.X-CUBE-AZRTOS-F4.1.1.0
2026-05-05 10:53:27,961 [WARN] PackLoader:240 - Cannot read IP mode file for Avnet-IotConnect.X-CUBE-IoTC-DA16k-PMOD.1.0.0
2026-05-05 10:53:27,978 [WARN] PackLoader:240 - Cannot read IP mode file for STMicroelectronics.X-CUBE-ISPU.2.1.0
2026-05-05 10:53:27,993 [ERROR] Engine:466 - C:\Users\salem\.stm32cubemx\thirdparties\pdsc\STMicroelectronics.X-CUBE-IPS.3.2.0.pdsc: PDSC version is not supported
2026-05-05 10:53:28,008 [WARN] PackLoader:240 - Cannot read IP mode file for STMicroelectronics.eDS-WB_DPC_TT-BIDIR.2.1.1
2026-05-05 10:53:28,023 [WARN] PackLoader:240 - Cannot read IP mode file for STMicroelectronics.X-CUBE-NFC12.1.0.0
2026-05-05 10:53:28,048 [WARN] PackLoader:240 - Cannot read IP mode file for STMicroelectronics.X-CUBE-AZRTOS-L5.2.0.0
2026-05-05 10:53:28,064 [WARN] PackLoader:240 - Cannot read IP mode file for STMicroelectronics.X-CUBE-NFC6.3.1.0
2026-05-05 10:53:28,080 [WARN] PackLoader:240 - Cannot read IP mode file for STMicroelectronics.X-CUBE-DPower.1.2.0
2026-05-05 10:53:28,094 [WARN] PackLoader:240 - Cannot read IP mode file for STMicroelectronics.eDS-WB_DPC_VIENNA.1.2.0
2026-05-05 10:53:28,110 [WARN] PackLoader:240 - Cannot read IP mode file for STMicroelectronics.eDS-WB_DPC_3PH2L-BIDIR.1.1.1
2026-05-05 10:53:28,125 [ERROR] Engine:466 - C:\Users\salem\.stm32cubemx\thirdparties\pdsc\STMicroelectronics.X-CUBE-ST67W61.1.3.0.pdsc: PDSC version is not supported
2026-05-05 10:53:28,140 [WARN] PackLoader:240 - Cannot read IP mode file for STMicroelectronics.X-CUBE-FREERTOS.1.3.1
2026-05-05 10:53:28,155 [WARN] PackLoader:240 - Cannot read IP mode file for STMicroelectronics.X-CUBE-FREERTOS.1.3.0
2026-05-05 10:53:28,172 [WARN] PackLoader:240 - Cannot read IP mode file for STMicroelectronics.X-CUBE-NFC7.1.0.1
2026-05-05 10:53:28,192 [WARN] PackLoader:240 - Cannot read IP mode file for STMicroelectronics.X-CUBE-TOUCHGFX.4.26.0
2026-05-05 10:53:28,201 [INFO] WebApp:225 - Starting web application
2026-05-05 10:53:28,201 [INFO] WebApp:593 - Web application path used C:\ST\STM32CubeIDE_1.18.1\STM32CubeIDE\plugins\com.st.stm32cube.common.mx_6.14.1.202504091515\db\plugins\mcufinder\reactClient1\index.html
2026-05-05 10:53:28,211 [WARN] PackLoader:240 - Cannot read IP mode file for STMicroelectronics.X-CUBE-TOUCHGFX.4.26.1
2026-05-05 10:53:28,228 [WARN] PackLoader:240 - Cannot read IP mode file for STMicroelectronics.FP-SNS-STAIOTCFT.1.0.0
2026-05-05 10:53:28,245 [WARN] PackLoader:240 - Cannot read IP mode file for STMicroelectronics.X-CUBE-DPower.1.3.0
2026-05-05 10:53:28,278 [WARN] ConditionMgr:438 - getConditionDescription Invalid condition id : LAN8742 Phy interface Condition cause : null
2026-05-05 10:53:28,279 [WARN] PackLoader:240 - Cannot read IP mode file for STMicroelectronics.X-CUBE-AZRTOS-L4.2.0.0
2026-05-05 10:53:28,280 [WARN] ConditionMgr:1044 - genDependencies : Invalid condition id : LAN8742 Phy interface Condition cause : null
2026-05-05 10:53:28,280 [WARN] ConditionMgr:1044 - genDependencies : Invalid condition id : LAN8742 Phy interface Condition cause : null
2026-05-05 10:53:28,281 [WARN] ConditionMgr:1044 - genDependencies : Invalid condition id : LAN8742 Phy interface Condition cause : null
2026-05-05 10:53:28,298 [WARN] PackLoader:240 - Cannot read IP mode file for STMicroelectronics.X-CUBE-SFXS2LP1.4.0.0
2026-05-05 10:53:28,314 [WARN] PackLoader:240 - Cannot read IP mode file for STMicroelectronics.X-CUBE-WB05N.2.1.0
2026-05-05 10:53:28,329 [ERROR] Engine:466 - C:\Users\salem\.stm32cubemx\thirdparties\pdsc\STMicroelectronics.X-CUBE-ST67W61.1.2.0.pdsc: PDSC version is not supported
2026-05-05 10:53:28,365 [WARN] PackLoader:240 - Cannot read IP mode file for STMicroelectronics.X-CUBE-AZRTOS-H7.3.3.0
2026-05-05 10:53:28,387 [WARN] PackLoader:240 - Cannot read IP mode file for STMicroelectronics.X-CUBE-BLEMGR.4.1.0
2026-05-05 10:53:28,401 [INFO] UserAuth:484 - Internet connection configuration mode: 1
2026-05-05 10:53:28,420 [WARN] PackLoader:240 - Cannot read IP mode file for STMicroelectronics.X-CUBE-IPS.3.0.0
2026-05-05 10:53:28,444 [WARN] ConditionMgr:438 - getConditionDescription Invalid condition id : UX DEVICE CLASS RTOS Condition cause : null
2026-05-05 10:53:28,444 [WARN] ConditionMgr:438 - getConditionDescription Invalid condition id : UX DEVICE CLASS RTOS Condition cause : null
2026-05-05 10:53:28,445 [WARN] PackLoader:240 - Cannot read IP mode file for STMicroelectronics.X-CUBE-AZRTOS-WB.2.0.0
2026-05-05 10:53:28,446 [WARN] ConditionMgr:1044 - genDependencies : Invalid condition id : UX DEVICE CLASS RTOS Condition cause : null
2026-05-05 10:53:28,446 [WARN] ConditionMgr:1044 - genDependencies : Invalid condition id : UX DEVICE CLASS RTOS Condition cause : null
2026-05-05 10:53:28,446 [WARN] ConditionMgr:1044 - genDependencies : Invalid condition id : UX DEVICE CLASS RTOS Condition cause : null
2026-05-05 10:53:28,446 [WARN] ConditionMgr:1044 - genDependencies : Invalid condition id : UX DEVICE CLASS RTOS Condition cause : null
2026-05-05 10:53:28,446 [WARN] ConditionMgr:1044 - genDependencies : Invalid condition id : UX DEVICE CLASS RTOS Condition cause : null
2026-05-05 10:53:28,464 [WARN] PackLoader:240 - Cannot read IP mode file for STMicroelectronics.X-CUBE-GNSS1.7.0.0
2026-05-05 10:53:28,480 [WARN] PackLoader:240 - Cannot read IP mode file for STMicroelectronics.X-CUBE-GNSS1.7.0.1
2026-05-05 10:53:28,495 [WARN] PackLoader:240 - Cannot read IP mode file for STMicroelectronics.X-CUBE-TOUCHGFX.4.25.0
2026-05-05 10:53:28,510 [WARN] PackLoader:240 - Cannot read IP mode file for STMicroelectronics.FP-SNS-STBOX1.2.0.0
2026-05-05 10:53:28,524 [WARN] ConditionMgr:438 - getConditionDescription Invalid condition id : Cortex-A Device cause : null
2026-05-05 10:53:28,542 [WARN] ConditionMgr:1044 - genDependencies : Invalid condition id : Cortex-A Device cause : null
2026-05-05 10:53:28,542 [WARN] ConditionMgr:1044 - genDependencies : Invalid condition id : Cortex-A Device cause : null
2026-05-05 10:53:28,542 [WARN] ConditionMgr:1044 - genDependencies : Invalid condition id : Cortex-A Device cause : null
2026-05-05 10:53:28,558 [WARN] PackLoader:240 - Cannot read IP mode file for STMicroelectronics.X-CUBE-STSE01.2.0.0
2026-05-05 10:53:28,579 [WARN] PackLoader:240 - Cannot read IP mode file for STMicroelectronics.X-CUBE-SUBG2.5.0.0
2026-05-05 10:53:28,606 [WARN] PackLoader:240 - Cannot read IP mode file for STMicroelectronics.X-CUBE-AZRTOS-H7RS.1.1.0
2026-05-05 10:53:28,621 [WARN] PackLoader:240 - Cannot read IP mode file for Cesanta.I-CUBE-Mongoose.7.13.0
2026-05-05 10:53:28,644 [WARN] PackLoader:240 - Cannot read IP mode file for STMicroelectronics.X-CUBE-AZRTOS-G4.2.0.0
2026-05-05 10:53:28,659 [WARN] PackLoader:240 - Cannot read IP mode file for wolfSSL.I-CUBE-wolfSSH.1.4.20
2026-05-05 10:53:28,672 [WARN] PackLoader:240 - Cannot read IP mode file for STMicroelectronics.X-CUBE-NFC7.2.0.0
2026-05-05 10:53:28,692 [WARN] PackLoader:240 - Cannot read IP mode file for STMicroelectronics.X-CUBE-IPS.3.1.0
2026-05-05 10:53:28,710 [WARN] PackLoader:240 - Cannot read IP mode file for STMicroelectronics.X-CUBE-ALS.1.0.2
2026-05-05 10:53:28,727 [WARN] PackLoader:240 - Cannot read IP mode file for STMicroelectronics.X-CUBE-TOUCHGFX.4.24.2
2026-05-05 10:53:28,741 [WARN] PackLoader:240 - Cannot read IP mode file for STMicroelectronics.X-CUBE-TOUCHGFX.4.24.1
2026-05-05 10:53:28,757 [WARN] PackLoader:240 - Cannot read IP mode file for STMicroelectronics.X-CUBE-STSE01.1.0.0
2026-05-05 10:53:28,771 [WARN] PackLoader:240 - Cannot read IP mode file for wolfSSL.I-CUBE-wolfTPM.3.4.0
2026-05-05 10:53:28,787 [WARN] PackLoader:240 - Cannot read IP mode file for portGmbH.I-Cube-SoM-uGOAL.1.1.0
2026-05-05 10:53:28,822 [WARN] PackLoader:240 - Cannot read IP mode file for STMicroelectronics.X-CUBE-AZRTOS-H7RS.1.0.0
2026-05-05 10:53:28,843 [WARN] PackLoader:240 - Cannot read IP mode file for STMicroelectronics.X-CUBE-TOF1.3.4.2
2026-05-05 10:53:28,868 [WARN] PackLoader:240 - Cannot read IP mode file for STMicroelectronics.X-CUBE-TOF1.3.4.3
2026-05-05 10:53:28,885 [WARN] PackLoader:240 - Cannot read IP mode file for wolfSSL.I-CUBE-wolfSSH.1.4.17
2026-05-05 10:53:28,885 [INFO] ThirdParty:978 - Integrity check success = true
2026-05-05 10:53:28,885 [INFO] IntegrityCheckThread:100 - exiting critical section [integrity check]
2026-05-05 10:53:28,885 [INFO] IntegrityCheckThread:103 - End integrity checks thread
2026-05-05 10:53:29,551 [ERROR] LogOutputStream:75 - [STDERR_REDIRECT] [Fatal Error] :1:1: Premature end of file.
2026-05-05 10:53:29,552 [ERROR] LogOutputStream:75 - [STDERR_REDIRECT] 
2026-05-05 10:53:30,494 [ERROR] LogOutputStream:75 - [STDERR_REDIRECT] [Fatal Error] :1:1: Premature end of file.
2026-05-05 10:53:30,494 [ERROR] LogOutputStream:75 - [STDERR_REDIRECT] 
2026-05-05 10:53:31,488 [ERROR] LogOutputStream:75 - [STDERR_REDIRECT] [Fatal Error] :1:1: Premature end of file.
2026-05-05 10:53:31,488 [ERROR] LogOutputStream:75 - [STDERR_REDIRECT] 
2026-05-05 10:53:32,484 [ERROR] LogOutputStream:75 - [STDERR_REDIRECT] [Fatal Error] :1:1: Premature end of file.
2026-05-05 10:53:32,484 [ERROR] LogOutputStream:75 - [STDERR_REDIRECT] 
2026-05-05 10:53:33,496 [ERROR] LogOutputStream:75 - [STDERR_REDIRECT] [Fatal Error] :1:1: Premature end of file.
2026-05-05 10:53:33,496 [ERROR] LogOutputStream:75 - [STDERR_REDIRECT] 
2026-05-05 10:53:34,514 [ERROR] LogOutputStream:75 - [STDERR_REDIRECT] [Fatal Error] :1:1: Premature end of file.
2026-05-05 10:53:34,514 [ERROR] LogOutputStream:75 - [STDERR_REDIRECT] 
2026-05-05 10:53:35,507 [ERROR] LogOutputStream:75 - [STDERR_REDIRECT] [Fatal Error] :1:1: Premature end of file.
2026-05-05 10:53:35,507 [ERROR] LogOutputStream:75 - [STDERR_REDIRECT] 
2026-05-05 10:53:36,501 [ERROR] LogOutputStream:75 - [STDERR_REDIRECT] [Fatal Error] :1:1: Premature end of file.
2026-05-05 10:53:36,502 [ERROR] LogOutputStream:75 - [STDERR_REDIRECT] 
2026-05-05 10:53:37,506 [ERROR] LogOutputStream:75 - [STDERR_REDIRECT] [Fatal Error] :1:1: Premature end of file.
2026-05-05 10:53:37,506 [ERROR] LogOutputStream:75 - [STDERR_REDIRECT] 
2026-05-05 10:53:38,492 [ERROR] LogOutputStream:75 - [STDERR_REDIRECT] [Fatal Error] :1:1: Premature end of file.
2026-05-05 10:53:38,492 [ERROR] LogOutputStream:75 - [STDERR_REDIRECT] 
2026-05-05 10:53:39,499 [ERROR] LogOutputStream:75 - [STDERR_REDIRECT] [Fatal Error] :1:1: Premature end of file.
2026-05-05 10:53:39,500 [ERROR] LogOutputStream:75 - [STDERR_REDIRECT] 
2026-05-05 10:53:40,501 [ERROR] LogOutputStream:75 - [STDERR_REDIRECT] [Fatal Error] :1:1: Premature end of file.
2026-05-05 10:53:40,501 [ERROR] LogOutputStream:75 - [STDERR_REDIRECT] 
2026-05-05 10:53:41,491 [ERROR] LogOutputStream:75 - [STDERR_REDIRECT] [Fatal Error] :1:1: Premature end of file.
2026-05-05 10:53:41,491 [ERROR] LogOutputStream:75 - [STDERR_REDIRECT] 
2026-05-05 10:53:42,507 [ERROR] LogOutputStream:75 - [STDERR_REDIRECT] [Fatal Error] :1:1: Premature end of file.
2026-05-05 10:53:42,508 [ERROR] LogOutputStream:75 - [STDERR_REDIRECT] 
2026-05-05 10:53:43,487 [ERROR] LogOutputStream:75 - [STDERR_REDIRECT] [Fatal Error] :1:1: Premature end of file.
2026-05-05 10:53:43,487 [ERROR] LogOutputStream:75 - [STDERR_REDIRECT] 
2026-05-05 10:53:44,511 [ERROR] LogOutputStream:75 - [STDERR_REDIRECT] [Fatal Error] :1:1: Premature end of file.
2026-05-05 10:53:44,511 [ERROR] LogOutputStream:75 - [STDERR_REDIRECT] 
2026-05-05 10:53:45,204 [INFO] WebApp:191 - Connection restablished
2026-05-05 10:53:45,511 [ERROR] LogOutputStream:75 - [STDERR_REDIRECT] [Fatal Error] :1:1: Premature end of file.
2026-05-05 10:53:45,511 [ERROR] LogOutputStream:75 - [STDERR_REDIRECT] 
2026-05-05 10:53:46,496 [ERROR] LogOutputStream:75 - [STDERR_REDIRECT] [Fatal Error] :1:1: Premature end of file.
2026-05-05 10:53:46,497 [ERROR] LogOutputStream:75 - [STDERR_REDIRECT] 
2026-05-05 10:53:47,503 [ERROR] LogOutputStream:75 - [STDERR_REDIRECT] [Fatal Error] :1:1: Premature end of file.
2026-05-05 10:53:47,504 [ERROR] LogOutputStream:75 - [STDERR_REDIRECT] 
2026-05-05 10:53:48,486 [ERROR] LogOutputStream:75 - [STDERR_REDIRECT] [Fatal Error] :1:1: Premature end of file.
2026-05-05 10:53:48,487 [ERROR] LogOutputStream:75 - [STDERR_REDIRECT] 
2026-05-05 10:53:49,475 [ERROR] LogOutputStream:75 - [STDERR_REDIRECT] [Fatal Error] :1:1: Premature end of file.
2026-05-05 10:53:49,476 [ERROR] LogOutputStream:75 - [STDERR_REDIRECT] 
2026-05-05 10:53:50,495 [ERROR] LogOutputStream:75 - [STDERR_REDIRECT] [Fatal Error] :1:1: Premature end of file.
2026-05-05 10:53:50,495 [ERROR] LogOutputStream:75 - [STDERR_REDIRECT] 
2026-05-05 10:53:51,490 [ERROR] LogOutputStream:75 - [STDERR_REDIRECT] [Fatal Error] :1:1: Premature end of file.
2026-05-05 10:53:51,490 [ERROR] LogOutputStream:75 - [STDERR_REDIRECT] 
2026-05-05 10:53:51,857 [ERROR] ConfigurationRetriever:142 - IOException on connection: Connect timed out
2026-05-05 10:53:52,505 [ERROR] LogOutputStream:75 - [STDERR_REDIRECT] [Fatal Error] :1:1: Premature end of file.
2026-05-05 10:53:52,506 [ERROR] LogOutputStream:75 - [STDERR_REDIRECT] 
2026-05-05 10:53:53,489 [ERROR] LogOutputStream:75 - [STDERR_REDIRECT] [Fatal Error] :1:1: Premature end of file.
2026-05-05 10:53:53,489 [ERROR] LogOutputStream:75 - [STDERR_REDIRECT] 
2026-05-05 10:53:54,489 [ERROR] LogOutputStream:75 - [STDERR_REDIRECT] [Fatal Error] :1:1: Premature end of file.
2026-05-05 10:53:54,490 [ERROR] LogOutputStream:75 - [STDERR_REDIRECT] 
2026-05-05 10:53:55,484 [ERROR] LogOutputStream:75 - [STDERR_REDIRECT] [Fatal Error] :1:1: Premature end of file.
2026-05-05 10:53:55,485 [ERROR] LogOutputStream:75 - [STDERR_REDIRECT] 
2026-05-05 10:53:56,498 [ERROR] LogOutputStream:75 - [STDERR_REDIRECT] [Fatal Error] :1:1: Premature end of file.
2026-05-05 10:53:56,499 [ERROR] LogOutputStream:75 - [STDERR_REDIRECT] 
2026-05-05 10:53:57,495 [ERROR] LogOutputStream:75 - [STDERR_REDIRECT] [Fatal Error] :1:1: Premature end of file.
2026-05-05 10:53:57,496 [ERROR] LogOutputStream:75 - [STDERR_REDIRECT] 
2026-05-05 10:53:58,486 [ERROR] LogOutputStream:75 - [STDERR_REDIRECT] [Fatal Error] :1:1: Premature end of file.
2026-05-05 10:53:58,487 [ERROR] LogOutputStream:75 - [STDERR_REDIRECT] 
2026-05-05 10:53:59,516 [ERROR] LogOutputStream:75 - [STDERR_REDIRECT] [Fatal Error] :1:1: Premature end of file.
2026-05-05 10:53:59,516 [ERROR] LogOutputStream:75 - [STDERR_REDIRECT] 
2026-05-05 10:53:59,830 [ERROR] AdobePublisher:187 - Exception while getting the server answer: java.net.SocketTimeoutException: Read timed out
2026-05-05 10:54:00,493 [ERROR] LogOutputStream:75 - [STDERR_REDIRECT] [Fatal Error] :1:1: Premature end of file.
2026-05-05 10:54:00,493 [ERROR] LogOutputStream:75 - [STDERR_REDIRECT] 
2026-05-05 10:54:00,990 [ERROR] LogOutputStream:75 - [STDERR_REDIRECT] 
2026-05-05 23:29:43,995 [INFO] Activator:176 - 


2026-05-05 23:29:43,995 [INFO] Activator:177 - !SESSION log4j initialized
2026-05-05 23:29:47,868 [INFO] LogOutputStream:77 - [STDOUT_REDIRECT] 
2026-05-05 23:29:55,949 [INFO] ApplicationProperties:184 - Using Application install path: C:\ST\STM32CubeIDE_1.18.1\STM32CubeIDE\plugins\com.st.stm32cube.common.mx_6.14.1.202504091515
2026-05-05 23:29:55,968 [INFO] DbMcusXml:78 - Set database path to: C:\ST\STM32CubeIDE_1.18.1\STM32CubeIDE\plugins\com.st.stm32cube.common.mx_6.14.1.202504091515\\db\/mcu/
2026-05-05 23:29:55,968 [INFO] ApiDb:274 - Set plugin database path to: C:\ST\STM32CubeIDE_1.18.1\STM32CubeIDE\plugins\com.st.stm32cube.common.mx_6.14.1.202504091515\\db\/plugins/boardmanager/
2026-05-05 23:29:55,969 [WARN] ApiDb:259 - Overriding images path with different value:  => C:\ST\STM32CubeIDE_1.18.1\STM32CubeIDE\plugins\com.st.stm32cube.common.mx_6.14.1.202504091515\\db\/plugins/mcufinder/images/
2026-05-05 23:29:55,974 [INFO] ApiDb:250 - Set database path to: C:\Users\salem\.stmcufinder\plugins\mcufinder//mcu/
2026-05-05 23:29:55,975 [INFO] DbMcusAds:125 - Set database path to: C:\Users\salem\.stmcufinder\plugins\mcufinder//mcu/
2026-05-05 23:29:55,979 [INFO] CrossReferenceDbSqlite:203 - Set database path to: C:\Users\salem\.stmcufinder\plugins\mcufinder//mcu/cs/
2026-05-05 23:29:56,118 [INFO] RulesReader:64 - Compatibility file has been processed (302 Rules)
2026-05-05 23:29:56,204 [INFO] DbMcusXml:78 - Set database path to: C:\ST\STM32CubeIDE_1.18.1\STM32CubeIDE\plugins\com.st.stm32cube.common.mx_6.14.1.202504091515\\db\/mcu/
2026-05-05 23:29:56,204 [INFO] ApiDb:274 - Set plugin database path to: C:\ST\STM32CubeIDE_1.18.1\STM32CubeIDE\plugins\com.st.stm32cube.common.mx_6.14.1.202504091515\\db\/plugins/boardmanager/
2026-05-05 23:29:56,204 [INFO] ApiDb:261 - Set plugin images path to: C:\ST\STM32CubeIDE_1.18.1\STM32CubeIDE\plugins\com.st.stm32cube.common.mx_6.14.1.202504091515\\db\/plugins/mcufinder/images/
2026-05-05 23:29:56,204 [WARN] DbFile:41 - Overriding database path with different value: C:\Users\salem\.stmcufinder\plugins\mcufinder/ => C:\Users\salem\.stmcufinder\plugins\mcufinder
2026-05-05 23:29:56,204 [INFO] ApiDb:250 - Set database path to: C:\Users\salem\.stmcufinder\plugins\mcufinder//mcu/
2026-05-05 23:29:56,204 [WARN] DbFile:41 - Overriding database path with different value: C:\Users\salem\.stmcufinder\plugins\mcufinder/ => C:\Users\salem\.stmcufinder\plugins\mcufinder
2026-05-05 23:29:56,204 [INFO] DbMcusAds:125 - Set database path to: C:\Users\salem\.stmcufinder\plugins\mcufinder//mcu/
2026-05-05 23:29:56,205 [WARN] DbFile:41 - Overriding database path with different value: C:\Users\salem\.stmcufinder\plugins\mcufinder/ => C:\Users\salem\.stmcufinder\plugins\mcufinder
2026-05-05 23:29:56,205 [WARN] DbFile:41 - Overriding database path with different value: C:\Users\salem\.stmcufinder\plugins\mcufinder/ => C:\Users\salem\.stmcufinder\plugins\mcufinder
2026-05-05 23:29:56,205 [INFO] CrossReferenceDbSqlite:203 - Set database path to: C:\Users\salem\.stmcufinder\plugins\mcufinder//mcu/cs/
2026-05-05 23:29:56,263 [INFO] MainPanel:272 - HeapMemory: 268435456
2026-05-05 23:29:56,344 [INFO] DbMcusXml:78 - Set database path to: C:\ST\STM32CubeIDE_1.18.1\STM32CubeIDE\plugins\com.st.stm32cube.common.mx_6.14.1.202504091515\\db\/mcu/
2026-05-05 23:29:56,344 [INFO] ApiDb:274 - Set plugin database path to: C:\ST\STM32CubeIDE_1.18.1\STM32CubeIDE\plugins\com.st.stm32cube.common.mx_6.14.1.202504091515\\db\/plugins/boardmanager/
2026-05-05 23:29:56,344 [INFO] ApiDb:261 - Set plugin images path to: C:\ST\STM32CubeIDE_1.18.1\STM32CubeIDE\plugins\com.st.stm32cube.common.mx_6.14.1.202504091515\\db\/plugins/mcufinder/images/
2026-05-05 23:29:56,344 [WARN] DbFile:41 - Overriding database path with different value: C:\Users\salem\.stmcufinder\plugins\mcufinder/ => C:\Users\salem\.stmcufinder\plugins\mcufinder
2026-05-05 23:29:56,344 [INFO] ApiDb:250 - Set database path to: C:\Users\salem\.stmcufinder\plugins\mcufinder//mcu/
2026-05-05 23:29:56,344 [WARN] DbFile:41 - Overriding database path with different value: C:\Users\salem\.stmcufinder\plugins\mcufinder/ => C:\Users\salem\.stmcufinder\plugins\mcufinder
2026-05-05 23:29:56,345 [INFO] DbMcusAds:125 - Set database path to: C:\Users\salem\.stmcufinder\plugins\mcufinder//mcu/
2026-05-05 23:29:56,345 [WARN] DbFile:41 - Overriding database path with different value: C:\Users\salem\.stmcufinder\plugins\mcufinder/ => C:\Users\salem\.stmcufinder\plugins\mcufinder
2026-05-05 23:29:56,345 [WARN] DbFile:41 - Overriding database path with different value: C:\Users\salem\.stmcufinder\plugins\mcufinder/ => C:\Users\salem\.stmcufinder\plugins\mcufinder
2026-05-05 23:29:56,345 [INFO] CrossReferenceDbSqlite:203 - Set database path to: C:\Users\salem\.stmcufinder\plugins\mcufinder//mcu/cs/
2026-05-05 23:29:56,359 [INFO] ApplicationProperties:184 - Using Application install path: C:\ST\STM32CubeIDE_1.18.1\STM32CubeIDE\plugins\com.st.stm32cube.common.mx_6.14.1.202504091515
2026-05-05 23:29:56,361 [INFO] PluginManage:196 - Search for loadable plugins [exclusion list=, ]
2026-05-05 23:29:56,362 [INFO] PluginManage:310 - Check plugin analytics
2026-05-05 23:30:01,648 [INFO] AnalyticsPlugin:253 - Accepted Software Licenses: STM32CubeMX.6.13.0
2026-05-05 23:30:01,649 [INFO] AnalyticsPlugin:255 - Accepted CMSIS Pack Licenses: 
2026-05-05 23:30:01,650 [INFO] AnalyticsPlugin:257 - Accepted Firmware Licenses: FW.F4.1.28.0,FW.C0.1.3.0,FW.C0.1.4.0
2026-05-05 23:30:01,657 [INFO] PluginManage:359 - Loaded plugin analytics (category:tool,tabindex:-1)
2026-05-05 23:30:01,659 [INFO] PluginManage:310 - Check plugin cadmodel
2026-05-05 23:30:01,666 [INFO] CADModel:105 - Init CAD model plugin
2026-05-05 23:30:01,667 [INFO] PluginManage:359 - Loaded plugin cadmodel (category:power,tabindex:5)
2026-05-05 23:30:01,667 [INFO] PluginManage:310 - Check plugin clock
2026-05-05 23:30:01,683 [INFO] PluginManage:359 - Loaded plugin clock (category:base,tabindex:2)
2026-05-05 23:30:01,684 [INFO] PluginManage:310 - Check plugin ddr
2026-05-05 23:30:01,687 [INFO] PluginManage:359 - Loaded plugin ddr (category:tool,tabindex:6)
2026-05-05 23:30:01,688 [INFO] PluginManage:310 - Check plugin filemanager
2026-05-05 23:30:02,285 [INFO] PluginManage:359 - Loaded plugin filemanager (category:base,tabindex:10)
2026-05-05 23:30:02,285 [INFO] PluginManage:310 - Check plugin ipmanager
2026-05-05 23:30:02,336 [INFO] PluginManage:359 - Loaded plugin ipmanager (category:base,tabindex:5)
2026-05-05 23:30:02,337 [INFO] PluginManage:310 - Check plugin lpbam
2026-05-05 23:30:02,362 [INFO] PluginManage:359 - Loaded plugin lpbam (category:base,tabindex:0)
2026-05-05 23:30:02,362 [INFO] PluginManage:310 - Check plugin memorymap
2026-05-05 23:30:02,405 [INFO] PluginManage:359 - Loaded plugin memorymap (category:base,tabindex:4)
2026-05-05 23:30:02,406 [INFO] PluginManage:310 - Check plugin pinoutandconfiguration
2026-05-05 23:30:02,421 [INFO] PluginManage:359 - Loaded plugin pinoutandconfiguration (category:base,tabindex:1)
2026-05-05 23:30:02,423 [INFO] PluginManage:310 - Check plugin pinoutconfig
2026-05-05 23:30:02,624 [WARN] SupportedApi:132 - Cannot load RTOS API schema: s4s-elt-must-match.1: The content of 'definitions' must match (annotation?, (simpleType | complexType)?, (unique | key | keyref)*)). A problem was found starting at: attribute.
2026-05-05 23:30:02,921 [INFO] PluginManage:359 - Loaded plugin pinoutconfig (category:base,tabindex:0)
2026-05-05 23:30:02,921 [INFO] PluginManage:310 - Check plugin power
2026-05-05 23:30:02,937 [INFO] PluginManage:359 - Loaded plugin power (category:power,tabindex:4)
2026-05-05 23:30:02,937 [INFO] PluginManage:310 - Check plugin projectmanager
2026-05-05 23:30:02,953 [INFO] PluginManage:359 - Loaded plugin projectmanager (category:projectmanager,tabindex:4)
2026-05-05 23:30:02,969 [INFO] PluginManage:310 - Check plugin rif
2026-05-05 23:30:02,969 [INFO] PluginManage:359 - Loaded plugin rif (category:base,tabindex:3)
2026-05-05 23:30:02,969 [INFO] PluginManage:310 - Check plugin thirdparty
2026-05-05 23:30:03,237 [INFO] PluginManage:359 - Loaded plugin thirdparty (category:base,tabindex:-1)
2026-05-05 23:30:03,237 [WARN] IntegrityCheckThread:84 - waiting for thirdparty lock release [integrity check]
2026-05-05 23:30:03,238 [INFO] PluginManage:310 - Check plugin tools
2026-05-05 23:30:03,238 [INFO] IntegrityCheckThread:86 - entering critical section [integrity check]
2026-05-05 23:30:03,239 [INFO] ThirdPartyUpdaterWithRetryManager:70 - Updater plugin not ready yet. [1/15]
2026-05-05 23:30:03,243 [INFO] PluginManage:359 - Loaded plugin tools (category:base,tabindex:7)
2026-05-05 23:30:03,243 [INFO] PluginManage:310 - Check plugin tutovideos
2026-05-05 23:30:03,519 [INFO] PluginManage:359 - Loaded plugin tutovideos (category:base,tabindex:-1)
2026-05-05 23:30:03,519 [INFO] PluginManage:310 - Check plugin updater
2026-05-05 23:30:03,567 [INFO] PluginManage:359 - Loaded plugin updater (category:base,tabindex:12)
2026-05-05 23:30:03,567 [INFO] PluginManage:310 - Check plugin userauth
2026-05-05 23:30:03,575 [INFO] UserAuth:118 - Init User Auth plugin
2026-05-05 23:30:03,579 [INFO] PluginManage:359 - Loaded plugin userauth (category:base,tabindex:14)
2026-05-05 23:30:03,580 [INFO] PluginManage:283 - PluginManage : Loaded plugins [18]
2026-05-05 23:30:03,990 [INFO] PinOutPanel:1589 - setPackage(No Configuration,No Configuration)
2026-05-05 23:30:04,194 [INFO] CADModel:165 - CPN selected for project level
2026-05-05 23:30:04,194 [INFO] CADModel:114 - Register for checkConnection events
2026-05-05 23:30:04,226 [INFO] IPUIPlugin:80 - create IPUIPlugin
2026-05-05 23:30:04,238 [INFO] PluginManager:220 - loadIPPluginJar : add adc
2026-05-05 23:30:04,242 [INFO] IPUIPlugin:80 - create IPUIPlugin
2026-05-05 23:30:04,242 [INFO] PluginManager:220 - loadIPPluginJar : add aes
2026-05-05 23:30:04,247 [INFO] IPUIPlugin:80 - create IPUIPlugin
2026-05-05 23:30:04,247 [INFO] PluginManager:220 - loadIPPluginJar : add can
2026-05-05 23:30:04,252 [INFO] IPUIPlugin:80 - create IPUIPlugin
2026-05-05 23:30:04,252 [INFO] PluginManager:220 - loadIPPluginJar : add comp
2026-05-05 23:30:04,258 [INFO] IPUIPlugin:80 - create IPUIPlugin
2026-05-05 23:30:04,258 [INFO] PluginManager:220 - loadIPPluginJar : add cryp
2026-05-05 23:30:04,258 [INFO] IPUIPlugin:80 - create IPUIPlugin
2026-05-05 23:30:04,258 [INFO] PluginManager:220 - loadIPPluginJar : add ddr_ctrl_phy
2026-05-05 23:30:04,258 [INFO] IPUIPlugin:80 - create IPUIPlugin
2026-05-05 23:30:04,258 [INFO] PluginManager:220 - loadIPPluginJar : add dfsdm
2026-05-05 23:30:04,274 [INFO] IPUIPlugin:80 - create IPUIPlugin
2026-05-05 23:30:04,274 [INFO] PluginManager:220 - loadIPPluginJar : add dma
2026-05-05 23:30:04,274 [INFO] IPUIPlugin:80 - create IPUIPlugin
2026-05-05 23:30:04,274 [INFO] PluginManager:220 - loadIPPluginJar : add dma3
2026-05-05 23:30:04,290 [INFO] IPUIPlugin:80 - create IPUIPlugin
2026-05-05 23:30:04,290 [INFO] PluginManager:220 - loadIPPluginJar : add extmemmanager
2026-05-05 23:30:04,290 [INFO] IPUIPlugin:80 - create IPUIPlugin
2026-05-05 23:30:04,290 [INFO] PluginManager:220 - loadIPPluginJar : add fatfs
2026-05-05 23:30:04,290 [INFO] IPUIPlugin:80 - create IPUIPlugin
2026-05-05 23:30:04,290 [INFO] PluginManager:220 - loadIPPluginJar : add fmc
2026-05-05 23:30:04,306 [INFO] IPUIPlugin:80 - create IPUIPlugin
2026-05-05 23:30:04,306 [INFO] PluginManager:220 - loadIPPluginJar : add freertos
2026-05-05 23:30:04,306 [INFO] IPUIPlugin:80 - create IPUIPlugin
2026-05-05 23:30:04,306 [INFO] PluginManager:220 - loadIPPluginJar : add genericplugin
2026-05-05 23:30:04,306 [INFO] IPUIPlugin:80 - create IPUIPlugin
2026-05-05 23:30:04,306 [INFO] PluginManager:220 - loadIPPluginJar : add gfxmmu
2026-05-05 23:30:04,323 [INFO] IPUIPlugin:80 - create IPUIPlugin
2026-05-05 23:30:04,323 [INFO] PluginManager:220 - loadIPPluginJar : add gic
2026-05-05 23:30:04,323 [INFO] IPUIPlugin:80 - create IPUIPlugin
2026-05-05 23:30:04,323 [INFO] PluginManager:220 - loadIPPluginJar : add gpio
2026-05-05 23:30:04,338 [INFO] IPUIPlugin:80 - create IPUIPlugin
2026-05-05 23:30:04,338 [INFO] PluginManager:220 - loadIPPluginJar : add gtzc
2026-05-05 23:30:04,338 [INFO] IPUIPlugin:80 - create IPUIPlugin
2026-05-05 23:30:04,338 [INFO] PluginManager:220 - loadIPPluginJar : add hash
2026-05-05 23:30:04,338 [INFO] IPUIPlugin:80 - create IPUIPlugin
2026-05-05 23:30:04,338 [INFO] PluginManager:220 - loadIPPluginJar : add i2c
2026-05-05 23:30:04,354 [INFO] IPUIPlugin:80 - create IPUIPlugin
2026-05-05 23:30:04,354 [INFO] PluginManager:220 - loadIPPluginJar : add i2s
2026-05-05 23:30:04,354 [INFO] IPUIPlugin:80 - create IPUIPlugin
2026-05-05 23:30:04,354 [INFO] PluginManager:220 - loadIPPluginJar : add i3c
2026-05-05 23:30:04,354 [INFO] IPUIPlugin:80 - create IPUIPlugin
2026-05-05 23:30:04,354 [INFO] PluginManager:220 - loadIPPluginJar : add ipddr
2026-05-05 23:30:04,379 [INFO] IPUIPlugin:80 - create IPUIPlugin
2026-05-05 23:30:04,380 [INFO] PluginManager:220 - loadIPPluginJar : add linkedlist
2026-05-05 23:30:04,384 [INFO] IPUIPlugin:80 - create IPUIPlugin
2026-05-05 23:30:04,385 [INFO] PluginManager:220 - loadIPPluginJar : add lorawan
2026-05-05 23:30:04,387 [INFO] IPUIPlugin:80 - create IPUIPlugin
2026-05-05 23:30:04,388 [INFO] PluginManager:220 - loadIPPluginJar : add ltdc
2026-05-05 23:30:04,388 [INFO] IPUIPlugin:80 - create IPUIPlugin
2026-05-05 23:30:04,388 [INFO] PluginManager:220 - loadIPPluginJar : add mdma
2026-05-05 23:30:04,388 [INFO] IPUIPlugin:80 - create IPUIPlugin
2026-05-05 23:30:04,388 [INFO] PluginManager:220 - loadIPPluginJar : add nvic
2026-05-05 23:30:04,405 [INFO] IPUIPlugin:80 - create IPUIPlugin
2026-05-05 23:30:04,405 [INFO] PluginManager:220 - loadIPPluginJar : add opamp
2026-05-05 23:30:04,405 [INFO] IPUIPlugin:80 - create IPUIPlugin
2026-05-05 23:30:04,405 [INFO] PluginManager:220 - loadIPPluginJar : add openamp
2026-05-05 23:30:04,405 [INFO] IPUIPlugin:80 - create IPUIPlugin
2026-05-05 23:30:04,405 [INFO] PluginManager:220 - loadIPPluginJar : add pdm2pcm
2026-05-05 23:30:04,421 [INFO] IPUIPlugin:80 - create IPUIPlugin
2026-05-05 23:30:04,421 [INFO] PluginManager:220 - loadIPPluginJar : add plateformsettings
2026-05-05 23:30:04,437 [INFO] IPUIPlugin:80 - create IPUIPlugin
2026-05-05 23:30:04,437 [INFO] PluginManager:220 - loadIPPluginJar : add quadspi
2026-05-05 23:30:04,437 [INFO] IPUIPlugin:80 - create IPUIPlugin
2026-05-05 23:30:04,437 [INFO] PluginManager:220 - loadIPPluginJar : add radio
2026-05-05 23:30:04,437 [INFO] IPUIPlugin:80 - create IPUIPlugin
2026-05-05 23:30:04,437 [INFO] PluginManager:220 - loadIPPluginJar : add resmgrutility
2026-05-05 23:30:04,453 [INFO] IPUIPlugin:80 - create IPUIPlugin
2026-05-05 23:30:04,453 [INFO] PluginManager:220 - loadIPPluginJar : add sai
2026-05-05 23:30:04,453 [INFO] IPUIPlugin:80 - create IPUIPlugin
2026-05-05 23:30:04,453 [INFO] PluginManager:220 - loadIPPluginJar : add spi
2026-05-05 23:30:04,469 [INFO] IPUIPlugin:80 - create IPUIPlugin
2026-05-05 23:30:04,469 [INFO] PluginManager:220 - loadIPPluginJar : add stm32_wpan
2026-05-05 23:30:04,469 [INFO] IPUIPlugin:80 - create IPUIPlugin
2026-05-05 23:30:04,469 [INFO] PluginManager:220 - loadIPPluginJar : add tim
2026-05-05 23:30:04,469 [INFO] IPUIPlugin:80 - create IPUIPlugin
2026-05-05 23:30:04,469 [INFO] PluginManager:220 - loadIPPluginJar : add touchsensing
2026-05-05 23:30:04,469 [INFO] IPUIPlugin:80 - create IPUIPlugin
2026-05-05 23:30:04,469 [INFO] PluginManager:220 - loadIPPluginJar : add tracer_emb
2026-05-05 23:30:04,485 [INFO] IPUIPlugin:80 - create IPUIPlugin
2026-05-05 23:30:04,485 [INFO] PluginManager:220 - loadIPPluginJar : add ts
2026-05-05 23:30:04,485 [INFO] IPUIPlugin:80 - create IPUIPlugin
2026-05-05 23:30:04,485 [INFO] PluginManager:220 - loadIPPluginJar : add tsc
2026-05-05 23:30:04,485 [INFO] IPUIPlugin:80 - create IPUIPlugin
2026-05-05 23:30:04,485 [INFO] PluginManager:220 - loadIPPluginJar : add ucpd
2026-05-05 23:30:04,485 [INFO] IPUIPlugin:80 - create IPUIPlugin
2026-05-05 23:30:04,485 [INFO] PluginManager:220 - loadIPPluginJar : add usart
2026-05-05 23:30:04,485 [INFO] IPUIPlugin:80 - create IPUIPlugin
2026-05-05 23:30:04,485 [INFO] PluginManager:220 - loadIPPluginJar : add usbx
2026-05-05 23:30:04,684 [FATAL] Updater:351 - Updater called before beeing initialized
2026-05-05 23:30:04,797 [INFO] RulesReader:64 - Compatibility file has been processed (302 Rules)
2026-05-05 23:30:04,828 [INFO] RulesReader:64 - Compatibility file has been processed (302 Rules)
2026-05-05 23:30:04,844 [INFO] CADModel:165 - CPN selected for project level
2026-05-05 23:30:04,844 [INFO] CADModel:114 - Register for checkConnection events
2026-05-05 23:30:04,844 [FATAL] Updater:351 - Updater called before beeing initialized
2026-05-05 23:30:04,844 [ERROR] CADModel:125 - Updater not yet initialized, retry later 
2026-05-05 23:30:05,151 [FATAL] Updater:351 - Updater called before beeing initialized
2026-05-05 23:30:05,167 [INFO] CADModel:165 - CPN selected for project level
2026-05-05 23:30:05,167 [INFO] CADModel:114 - Register for checkConnection events
2026-05-05 23:30:05,167 [FATAL] Updater:351 - Updater called before beeing initialized
2026-05-05 23:30:05,167 [ERROR] CADModel:125 - Updater not yet initialized, retry later 
2026-05-05 23:30:05,175 [FATAL] Updater:351 - Updater called before beeing initialized
2026-05-05 23:30:05,305 [FATAL] Updater:351 - Updater called before beeing initialized
2026-05-05 23:30:05,315 [INFO] DbMcusAds:53 - JSON generation date=Fri Apr 10 10:19:02 CET 2026 (1775812742310)
2026-05-05 23:30:05,315 [FATAL] Updater:351 - Updater called before beeing initialized
2026-05-05 23:30:05,357 [WARN] DetailPanel:346 - Failed to get advertising image, set to default
2026-05-05 23:30:05,554 [FATAL] Updater:351 - Updater called before beeing initialized
2026-05-05 23:30:05,556 [FATAL] Updater:351 - Updater called before beeing initialized
2026-05-05 23:30:05,556 [FATAL] Updater:351 - Updater called before beeing initialized
2026-05-05 23:30:05,556 [WARN] DetailPanel:346 - Failed to get advertising image, set to default
2026-05-05 23:30:05,557 [FATAL] Updater:351 - Updater called before beeing initialized
2026-05-05 23:30:05,613 [ERROR] Updater:1198 - MainUpdater not yet initialized. External WinMGr cannot be set.
2026-05-05 23:30:05,615 [INFO] Updater:1134 - Updater Version found : 6.14.1
2026-05-05 23:30:05,636 [INFO] ApplicationProperties:184 - Using Application install path: C:\ST\STM32CubeIDE_1.18.1\STM32CubeIDE\plugins\com.st.stm32cube.common.mx_6.14.1.202504091515
2026-05-05 23:30:06,023 [INFO] MainUpdater:2872 - connection check result : 10
2026-05-05 23:30:06,024 [INFO] MainUpdater:289 - Updater Check For Update Now.
2026-05-05 23:30:06,024 [INFO] MicroXplorer:498 - Change Database Version : DB.6.0.141
2026-05-05 23:30:06,034 [INFO] McuFinderGlobals:63 - Set McuFinder mode to 2 (CubeIDE integrated)
2026-05-05 23:30:06,035 [INFO] UserAuth:484 - Internet connection configuration mode: 1
2026-05-05 23:30:06,055 [INFO] JxBrowserEngine:152 - Initiate JxBrowser Engine with user profile folder
2026-05-05 23:30:06,208 [INFO] CheckServerUpdateThread:120 - End of CheckServer Thread
2026-05-05 23:30:06,587 [WARN] PackLoader:240 - Cannot read IP mode file for STMicroelectronics.X-CUBE-AZRTOS-H7.3.5.0
2026-05-05 23:30:06,601 [WARN] PackLoader:240 - Cannot read IP mode file for STMicroelectronics.FP-SNS-MOTENVWB1.1.4.0
2026-05-05 23:30:06,606 [WARN] PackLoader:240 - Cannot read IP mode file for STMicroelectronics.FP-ATR-ASTRA1.2.0.2
2026-05-05 23:30:06,609 [WARN] PackLoader:240 - Cannot read IP mode file for STMicroelectronics.FP-ATR-ASTRA1.2.0.1
2026-05-05 23:30:06,624 [WARN] PackLoader:240 - Cannot read IP mode file for STMicroelectronics.X-CUBE-SMBUS.2.1.0
2026-05-05 23:30:06,634 [WARN] PackLoader:240 - Cannot read IP mode file for STMicroelectronics.X-CUBE-WB05N.1.1.0
2026-05-05 23:30:06,639 [WARN] PackLoader:240 - Cannot read IP mode file for STMicroelectronics.X-CUBE-ST60.1.0.0
2026-05-05 23:30:06,658 [WARN] PackLoader:240 - Cannot read IP mode file for STMicroelectronics.X-CUBE-AZRTOS-F7.1.1.0
2026-05-05 23:30:06,665 [WARN] PackLoader:240 - Cannot read IP mode file for Cesanta.I-CUBE-Mongoose.7.19.0
2026-05-05 23:30:06,708 [WARN] PackLoader:240 - Cannot read IP mode file for STMicroelectronics.X-CUBE-MEMS1.11.0.0
2026-05-05 23:30:06,759 [INFO] WebApp:169 - Instantiating new browser for Auth
2026-05-05 23:30:06,837 [ERROR] Engine:466 - C:\Users\salem\.stm32cubemx\thirdparties\pdsc\STMicroelectronics.FP-SNS-MOTENV1.5.1.0.pdsc: PDSC version is not supported
2026-05-05 23:30:06,843 [ERROR] Engine:466 - C:\Users\salem\.stm32cubemx\thirdparties\pdsc\WES.I-CUBE-Cesium.1.4.0.pdsc: PDSC version is not supported
2026-05-05 23:30:06,848 [WARN] PackLoader:240 - Cannot read IP mode file for STMicroelectronics.FP-SNS-FLIGHT1.5.0.2
2026-05-05 23:30:06,872 [WARN] PackLoader:240 - Cannot read IP mode file for Infineon.AIROC-Wi-Fi-Bluetooth-STM32.1.7.0
2026-05-05 23:30:06,888 [WARN] PackLoader:240 - Cannot read IP mode file for Infineon.AIROC-Wi-Fi-Bluetooth-STM32.1.7.1
2026-05-05 23:30:06,905 [WARN] PackLoader:240 - Cannot read IP mode file for STMicroelectronics.X-CUBE-AZRTOS-H7.3.4.0
2026-05-05 23:30:06,913 [WARN] PackLoader:240 - Cannot read IP mode file for STMicroelectronics.X-CUBE-DISPLAY.3.0.0
2026-05-05 23:30:06,921 [WARN] PackLoader:240 - Cannot read IP mode file for STMicroelectronics.X-CUBE-GNSS1.7.1.1
2026-05-05 23:30:06,924 [ERROR] Engine:466 - C:\Users\salem\.stm32cubemx\thirdparties\pdsc\STMicroelectronics.FP-SNS-MOTENVWB1.1.5.0.pdsc: PDSC version is not supported
2026-05-05 23:30:06,928 [WARN] PackLoader:240 - Cannot read IP mode file for STMicroelectronics.X-CUBE-BLE1.7.0.0
2026-05-05 23:30:06,934 [WARN] PackLoader:240 - Cannot read IP mode file for STMicroelectronics.X-CUBE-NFC10.1.0.0
2026-05-05 23:30:06,942 [WARN] PackLoader:240 - Cannot read IP mode file for STMicroelectronics.X-CUBE-BLEMGR.4.0.0
2026-05-05 23:30:06,947 [WARN] PackLoader:240 - Cannot read IP mode file for STMicroelectronics.X-CUBE-ST60.1.1.0
2026-05-05 23:30:06,951 [WARN] PackLoader:240 - Cannot read IP mode file for emotas.I-CUBE-CANOPEN.1.3.0
2026-05-05 23:30:06,956 [WARN] PackLoader:240 - Cannot read IP mode file for STMicroelectronics.X-CUBE-GNSS1.7.1.0
2026-05-05 23:30:06,961 [WARN] PackLoader:240 - Cannot read IP mode file for STMicroelectronics.X-CUBE-AI.10.0.0
2026-05-05 23:30:06,969 [ERROR] Engine:466 - C:\Users\salem\.stm32cubemx\thirdparties\pdsc\STMicroelectronics.FP-SNS-STBOX1.2.1.0.pdsc: PDSC version is not supported
2026-05-05 23:30:06,975 [WARN] PackLoader:240 - Cannot read IP mode file for STMicroelectronics.FP-SNS-SMARTAG2.1.2.0
2026-05-05 23:30:06,980 [WARN] PackLoader:240 - Cannot read IP mode file for STMicroelectronics.FP-SNS-FLIGHT1.5.1.0
2026-05-05 23:30:07,040 [WARN] PackLoader:240 - Cannot read IP mode file for STMicroelectronics.X-CUBE-MEMS1.11.1.0
2026-05-05 23:30:07,141 [INFO] LogOutputStream:77 - [STDOUT_REDIRECT] 1 : Invalid condition id : UX_CORESTACK_Condition cause : null
2026-05-05 23:30:07,142 [INFO] LogOutputStream:77 - [STDOUT_REDIRECT] 1 : Invalid condition id : UX_CORESTACK_Condition cause : null
2026-05-05 23:30:07,143 [INFO] LogOutputStream:77 - [STDOUT_REDIRECT] 1 : Invalid condition id : UX_CORESTACK_Condition cause : null
2026-05-05 23:30:07,144 [INFO] LogOutputStream:77 - [STDOUT_REDIRECT] 1 : Invalid condition id : UX_CORESTACK_Condition cause : null
2026-05-05 23:30:07,145 [INFO] LogOutputStream:77 - [STDOUT_REDIRECT] 1 : Invalid condition id : UX_CORESTACK_Condition cause : null
2026-05-05 23:30:07,148 [WARN] PackLoader:240 - Cannot read IP mode file for STMicroelectronics.X-CUBE-AZRTOS-WL.2.0.0
2026-05-05 23:30:07,153 [WARN] PackLoader:240 - Cannot read IP mode file for STMicroelectronics.FP-SNS-MOTENV1.5.0.0
2026-05-05 23:30:07,168 [WARN] PackLoader:240 - Cannot read IP mode file for STMicroelectronics.X-CUBE-AZRTOS-H7RS.1.2.0
2026-05-05 23:30:07,174 [WARN] PackLoader:240 - Cannot read IP mode file for wolfSSL.I-CUBE-wolfMQTT.1.19.0
2026-05-05 23:30:07,180 [WARN] PackLoader:240 - Cannot read IP mode file for WES.I-CUBE-Cesium.1.3.0
2026-05-05 23:30:07,184 [WARN] PackLoader:240 - Cannot read IP mode file for STMicroelectronics.X-CUBE-BLE2.3.3.0
2026-05-05 23:30:07,205 [WARN] PackLoader:240 - Cannot read IP mode file for STMicroelectronics.X-CUBE-NFC9.1.0.0
2026-05-05 23:30:07,209 [WARN] PackLoader:240 - Cannot read IP mode file for wolfSSL.I-CUBE-wolfSSL.5.8.2
2026-05-05 23:30:07,212 [WARN] PackLoader:240 - Cannot read IP mode file for STMicroelectronics.X-CUBE-BLE1.7.1.0
2026-05-05 23:30:07,214 [WARN] PackLoader:240 - Cannot read IP mode file for wolfSSL.I-CUBE-wolfMQTT.1.19.2
2026-05-05 23:30:07,216 [ERROR] Engine:466 - C:\Users\salem\.stm32cubemx\thirdparties\pdsc\STMicroelectronics.X-CUBE-FREERTOS.1.4.0.pdsc: PDSC version is not supported
2026-05-05 23:30:07,220 [WARN] PackLoader:240 - Cannot read IP mode file for STMicroelectronics.X-CUBE-EEPRMA1.5.2.0
2026-05-05 23:30:07,223 [ERROR] Engine:466 - C:\Users\salem\.stm32cubemx\thirdparties\pdsc\STMicroelectronics.X-CUBE-ST67W61.1.1.0.pdsc: PDSC version is not supported
2026-05-05 23:30:07,226 [WARN] PackLoader:240 - Cannot read IP mode file for STMicroelectronics.X-CUBE-AI.10.1.0
2026-05-05 23:30:07,228 [ERROR] Engine:466 - C:\Users\salem\.stm32cubemx\thirdparties\pdsc\STMicroelectronics.FP-SNS-STAIOTCFT.1.1.0.pdsc: PDSC version is not supported
2026-05-05 23:30:07,256 [WARN] PackLoader:240 - Cannot read IP mode file for STMicroelectronics.X-CUBE-MEMS1.12.0.0
2026-05-05 23:30:07,347 [WARN] PackLoader:240 - Cannot read IP mode file for STMicroelectronics.X-CUBE-MEMS1.11.2.0
2026-05-05 23:30:07,434 [WARN] PackLoader:240 - Cannot read IP mode file for STMicroelectronics.X-CUBE-AZRTOS-G0.1.1.0
2026-05-05 23:30:07,442 [WARN] PackLoader:240 - Cannot read IP mode file for STMicroelectronics.X-CUBE-SAFEA1.1.2.2
2026-05-05 23:30:07,447 [WARN] PackLoader:240 - Cannot read IP mode file for STMicroelectronics.X-CUBE-NFC4.3.0.0
2026-05-05 23:30:07,454 [WARN] PackLoader:240 - Cannot read IP mode file for EmbeddedOffice.I-CUBE-FS-RTOS.1.0.1
2026-05-05 23:30:07,469 [WARN] PackLoader:240 - Cannot read IP mode file for STMicroelectronics.X-CUBE-WB05N.2.0.0
2026-05-05 23:30:07,473 [WARN] PackLoader:240 - Cannot read IP mode file for wolfSSL.I-CUBE-wolfTPM.3.8.0
2026-05-05 23:30:07,478 [WARN] PackLoader:240 - Cannot read IP mode file for STMicroelectronics.X-CUBE-TCPP.4.2.0
2026-05-05 23:30:07,483 [WARN] PackLoader:240 - Cannot read IP mode file for RealThread.X-CUBE-RT-Thread_Nano.4.1.1
2026-05-05 23:30:07,488 [WARN] PackLoader:240 - Cannot read IP mode file for STMicroelectronics.FP-ATR-SIGFOX1.3.2.0
2026-05-05 23:30:07,491 [WARN] ConditionMgr:438 - getConditionDescription Invalid condition id : Cortex-A Device cause : null
2026-05-05 23:30:07,499 [WARN] ConditionMgr:1044 - genDependencies : Invalid condition id : Cortex-A Device cause : null
2026-05-05 23:30:07,500 [WARN] ConditionMgr:1044 - genDependencies : Invalid condition id : Cortex-A Device cause : null
2026-05-05 23:30:07,500 [WARN] ConditionMgr:1044 - genDependencies : Invalid condition id : Cortex-A Device cause : null
2026-05-05 23:30:07,503 [WARN] PackLoader:240 - Cannot read IP mode file for STMicroelectronics.X-CUBE-EEPRMA1.5.1.0
2026-05-05 23:30:07,506 [ERROR] Engine:466 - C:\Users\salem\.stm32cubemx\thirdparties\pdsc\STMicroelectronics.X-CUBE-FREERTOS.1.5.0.pdsc: PDSC version is not supported
2026-05-05 23:30:07,508 [WARN] PackLoader:240 - Cannot read IP mode file for wolfSSL.I-CUBE-wolfSSL.5.7.4
2026-05-05 23:30:07,510 [WARN] PackLoader:240 - Cannot read IP mode file for wolfSSL.I-CUBE-wolfSSL.5.7.6
2026-05-05 23:30:07,516 [WARN] PackLoader:240 - Cannot read IP mode file for ITTIA_DB.I-CUBE-ITTIADB.8.9.0
2026-05-05 23:30:07,521 [WARN] PackLoader:240 - Cannot read IP mode file for STMicroelectronics.X-CUBE-NFC6.3.2.0
2026-05-05 23:30:07,529 [WARN] PackLoader:240 - Cannot read IP mode file for STMicroelectronics.X-CUBE-ST67W61.1.0.0
2026-05-05 23:30:07,534 [WARN] PackLoader:240 - Cannot read IP mode file for STMicroelectronics.X-CUBE-AI.10.2.0
2026-05-05 23:30:07,568 [WARN] PackLoader:240 - Cannot read IP mode file for STMicroelectronics.X-CUBE-MEMS1.12.1.0
2026-05-05 23:30:07,665 [WARN] PackLoader:240 - Cannot read IP mode file for SEGGER.I-CUBE-embOS.1.3.1
2026-05-05 23:30:07,690 [WARN] PackLoader:240 - Cannot read IP mode file for STMicroelectronics.X-CUBE-ALGOBUILD.1.4.0
2026-05-05 23:30:07,721 [INFO] WebApp:463 - Apply proxy settings
2026-05-05 23:30:07,721 [INFO] WebApp:548 - Chromium requires no authentication
2026-05-05 23:30:07,723 [WARN] PackLoader:240 - Cannot read IP mode file for STMicroelectronics.X-CUBE-MEMS1.11.3.0
2026-05-05 23:30:07,733 [INFO] WebApp:491 - Direct internet connection detected
2026-05-05 23:30:07,769 [INFO] WebApp:894 - Register for checkConnection events
2026-05-05 23:30:07,769 [INFO] WebApp:463 - Apply proxy settings
2026-05-05 23:30:07,769 [INFO] WebApp:548 - Chromium requires no authentication
2026-05-05 23:30:07,770 [INFO] WebApp:491 - Direct internet connection detected
2026-05-05 23:30:07,807 [WARN] PackLoader:240 - Cannot read IP mode file for STMicroelectronics.X-CUBE-AI.9.1.0
2026-05-05 23:30:07,810 [WARN] PackLoader:240 - Cannot read IP mode file for STMicroelectronics.X-CUBE-PM33A1.1.0.0
2026-05-05 23:30:07,822 [WARN] PackLoader:240 - Cannot read IP mode file for STMicroelectronics.X-CUBE-AZRTOS-F4.1.1.0
2026-05-05 23:30:07,828 [WARN] PackLoader:240 - Cannot read IP mode file for Avnet-IotConnect.X-CUBE-IoTC-DA16k-PMOD.1.0.0
2026-05-05 23:30:07,832 [WARN] PackLoader:240 - Cannot read IP mode file for STMicroelectronics.X-CUBE-ISPU.2.1.0
2026-05-05 23:30:07,836 [ERROR] Engine:466 - C:\Users\salem\.stm32cubemx\thirdparties\pdsc\STMicroelectronics.X-CUBE-IPS.3.2.0.pdsc: PDSC version is not supported
2026-05-05 23:30:07,838 [WARN] PackLoader:240 - Cannot read IP mode file for STMicroelectronics.eDS-WB_DPC_TT-BIDIR.2.1.1
2026-05-05 23:30:07,844 [WARN] PackLoader:240 - Cannot read IP mode file for STMicroelectronics.X-CUBE-NFC12.1.0.0
2026-05-05 23:30:07,854 [WARN] PackLoader:240 - Cannot read IP mode file for STMicroelectronics.X-CUBE-AZRTOS-L5.2.0.0
2026-05-05 23:30:07,860 [WARN] PackLoader:240 - Cannot read IP mode file for STMicroelectronics.X-CUBE-NFC6.3.1.0
2026-05-05 23:30:07,868 [WARN] PackLoader:240 - Cannot read IP mode file for STMicroelectronics.X-CUBE-DPower.1.2.0
2026-05-05 23:30:07,872 [WARN] PackLoader:240 - Cannot read IP mode file for STMicroelectronics.eDS-WB_DPC_VIENNA.1.2.0
2026-05-05 23:30:07,875 [WARN] PackLoader:240 - Cannot read IP mode file for STMicroelectronics.eDS-WB_DPC_3PH2L-BIDIR.1.1.1
2026-05-05 23:30:07,877 [ERROR] Engine:466 - C:\Users\salem\.stm32cubemx\thirdparties\pdsc\STMicroelectronics.X-CUBE-ST67W61.1.3.0.pdsc: PDSC version is not supported
2026-05-05 23:30:07,881 [WARN] PackLoader:240 - Cannot read IP mode file for STMicroelectronics.X-CUBE-FREERTOS.1.3.1
2026-05-05 23:30:07,885 [WARN] PackLoader:240 - Cannot read IP mode file for STMicroelectronics.X-CUBE-FREERTOS.1.3.0
2026-05-05 23:30:07,889 [WARN] PackLoader:240 - Cannot read IP mode file for STMicroelectronics.X-CUBE-NFC7.1.0.1
2026-05-05 23:30:07,894 [WARN] PackLoader:240 - Cannot read IP mode file for STMicroelectronics.X-CUBE-TOUCHGFX.4.26.0
2026-05-05 23:30:07,897 [WARN] PackLoader:240 - Cannot read IP mode file for STMicroelectronics.X-CUBE-TOUCHGFX.4.26.1
2026-05-05 23:30:07,900 [WARN] PackLoader:240 - Cannot read IP mode file for STMicroelectronics.FP-SNS-STAIOTCFT.1.0.0
2026-05-05 23:30:07,903 [WARN] PackLoader:240 - Cannot read IP mode file for STMicroelectronics.X-CUBE-DPower.1.3.0
2026-05-05 23:30:07,914 [WARN] ConditionMgr:438 - getConditionDescription Invalid condition id : LAN8742 Phy interface Condition cause : null
2026-05-05 23:30:07,915 [WARN] PackLoader:240 - Cannot read IP mode file for STMicroelectronics.X-CUBE-AZRTOS-L4.2.0.0
2026-05-05 23:30:07,915 [WARN] ConditionMgr:1044 - genDependencies : Invalid condition id : LAN8742 Phy interface Condition cause : null
2026-05-05 23:30:07,916 [WARN] ConditionMgr:1044 - genDependencies : Invalid condition id : LAN8742 Phy interface Condition cause : null
2026-05-05 23:30:07,916 [WARN] ConditionMgr:1044 - genDependencies : Invalid condition id : LAN8742 Phy interface Condition cause : null
2026-05-05 23:30:07,921 [WARN] PackLoader:240 - Cannot read IP mode file for STMicroelectronics.X-CUBE-SFXS2LP1.4.0.0
2026-05-05 23:30:07,925 [WARN] PackLoader:240 - Cannot read IP mode file for STMicroelectronics.X-CUBE-WB05N.2.1.0
2026-05-05 23:30:07,928 [ERROR] Engine:466 - C:\Users\salem\.stm32cubemx\thirdparties\pdsc\STMicroelectronics.X-CUBE-ST67W61.1.2.0.pdsc: PDSC version is not supported
2026-05-05 23:30:07,940 [WARN] PackLoader:240 - Cannot read IP mode file for STMicroelectronics.X-CUBE-AZRTOS-H7.3.3.0
2026-05-05 23:30:07,946 [WARN] PackLoader:240 - Cannot read IP mode file for STMicroelectronics.X-CUBE-BLEMGR.4.1.0
2026-05-05 23:30:07,954 [WARN] PackLoader:240 - Cannot read IP mode file for STMicroelectronics.X-CUBE-IPS.3.0.0
2026-05-05 23:30:07,963 [WARN] ConditionMgr:438 - getConditionDescription Invalid condition id : UX DEVICE CLASS RTOS Condition cause : null
2026-05-05 23:30:07,963 [WARN] ConditionMgr:438 - getConditionDescription Invalid condition id : UX DEVICE CLASS RTOS Condition cause : null
2026-05-05 23:30:07,964 [WARN] PackLoader:240 - Cannot read IP mode file for STMicroelectronics.X-CUBE-AZRTOS-WB.2.0.0
2026-05-05 23:30:07,965 [WARN] ConditionMgr:1044 - genDependencies : Invalid condition id : UX DEVICE CLASS RTOS Condition cause : null
2026-05-05 23:30:07,965 [WARN] ConditionMgr:1044 - genDependencies : Invalid condition id : UX DEVICE CLASS RTOS Condition cause : null
2026-05-05 23:30:07,965 [WARN] ConditionMgr:1044 - genDependencies : Invalid condition id : UX DEVICE CLASS RTOS Condition cause : null
2026-05-05 23:30:07,965 [WARN] ConditionMgr:1044 - genDependencies : Invalid condition id : UX DEVICE CLASS RTOS Condition cause : null
2026-05-05 23:30:07,965 [WARN] ConditionMgr:1044 - genDependencies : Invalid condition id : UX DEVICE CLASS RTOS Condition cause : null
2026-05-05 23:30:07,968 [WARN] PackLoader:240 - Cannot read IP mode file for STMicroelectronics.X-CUBE-GNSS1.7.0.0
2026-05-05 23:30:07,972 [WARN] PackLoader:240 - Cannot read IP mode file for STMicroelectronics.X-CUBE-GNSS1.7.0.1
2026-05-05 23:30:07,975 [WARN] PackLoader:240 - Cannot read IP mode file for STMicroelectronics.X-CUBE-TOUCHGFX.4.25.0
2026-05-05 23:30:07,983 [WARN] PackLoader:240 - Cannot read IP mode file for STMicroelectronics.FP-SNS-STBOX1.2.0.0
2026-05-05 23:30:07,989 [WARN] ConditionMgr:438 - getConditionDescription Invalid condition id : Cortex-A Device cause : null
2026-05-05 23:30:07,996 [WARN] ConditionMgr:1044 - genDependencies : Invalid condition id : Cortex-A Device cause : null
2026-05-05 23:30:07,996 [WARN] ConditionMgr:1044 - genDependencies : Invalid condition id : Cortex-A Device cause : null
2026-05-05 23:30:07,996 [WARN] ConditionMgr:1044 - genDependencies : Invalid condition id : Cortex-A Device cause : null
2026-05-05 23:30:08,003 [WARN] PackLoader:240 - Cannot read IP mode file for STMicroelectronics.X-CUBE-STSE01.2.0.0
2026-05-05 23:30:08,011 [INFO] WebApp:225 - Starting web application
2026-05-05 23:30:08,011 [INFO] WebApp:593 - Web application path used C:\ST\STM32CubeIDE_1.18.1\STM32CubeIDE\plugins\com.st.stm32cube.common.mx_6.14.1.202504091515\db\plugins\mcufinder\reactClient1\index.html
2026-05-05 23:30:08,013 [WARN] PackLoader:240 - Cannot read IP mode file for STMicroelectronics.X-CUBE-SUBG2.5.0.0
2026-05-05 23:30:08,046 [WARN] PackLoader:240 - Cannot read IP mode file for STMicroelectronics.X-CUBE-AZRTOS-H7RS.1.1.0
2026-05-05 23:30:08,055 [WARN] PackLoader:240 - Cannot read IP mode file for Cesanta.I-CUBE-Mongoose.7.13.0
2026-05-05 23:30:08,067 [WARN] PackLoader:240 - Cannot read IP mode file for STMicroelectronics.X-CUBE-AZRTOS-G4.2.0.0
2026-05-05 23:30:08,073 [WARN] PackLoader:240 - Cannot read IP mode file for wolfSSL.I-CUBE-wolfSSH.1.4.20
2026-05-05 23:30:08,078 [WARN] PackLoader:240 - Cannot read IP mode file for STMicroelectronics.X-CUBE-NFC7.2.0.0
2026-05-05 23:30:08,086 [WARN] PackLoader:240 - Cannot read IP mode file for STMicroelectronics.X-CUBE-IPS.3.1.0
2026-05-05 23:30:08,094 [WARN] PackLoader:240 - Cannot read IP mode file for STMicroelectronics.X-CUBE-ALS.1.0.2
2026-05-05 23:30:08,097 [WARN] PackLoader:240 - Cannot read IP mode file for STMicroelectronics.X-CUBE-TOUCHGFX.4.24.2
2026-05-05 23:30:08,099 [WARN] PackLoader:240 - Cannot read IP mode file for STMicroelectronics.X-CUBE-TOUCHGFX.4.24.1
2026-05-05 23:30:08,103 [WARN] PackLoader:240 - Cannot read IP mode file for STMicroelectronics.X-CUBE-STSE01.1.0.0
2026-05-05 23:30:08,107 [WARN] PackLoader:240 - Cannot read IP mode file for wolfSSL.I-CUBE-wolfTPM.3.4.0
2026-05-05 23:30:08,112 [WARN] PackLoader:240 - Cannot read IP mode file for portGmbH.I-Cube-SoM-uGOAL.1.1.0
2026-05-05 23:30:08,123 [WARN] PackLoader:240 - Cannot read IP mode file for STMicroelectronics.X-CUBE-AZRTOS-H7RS.1.0.0
2026-05-05 23:30:08,124 [INFO] UserAuth:484 - Internet connection configuration mode: 1
2026-05-05 23:30:08,132 [WARN] PackLoader:240 - Cannot read IP mode file for STMicroelectronics.X-CUBE-TOF1.3.4.2
2026-05-05 23:30:08,145 [WARN] PackLoader:240 - Cannot read IP mode file for STMicroelectronics.X-CUBE-TOF1.3.4.3
2026-05-05 23:30:08,154 [WARN] PackLoader:240 - Cannot read IP mode file for wolfSSL.I-CUBE-wolfSSH.1.4.17
2026-05-05 23:30:08,155 [INFO] ThirdParty:978 - Integrity check success = true
2026-05-05 23:30:08,155 [INFO] IntegrityCheckThread:100 - exiting critical section [integrity check]
2026-05-05 23:30:08,155 [INFO] IntegrityCheckThread:103 - End integrity checks thread
2026-05-05 23:30:08,207 [ERROR] LogOutputStream:75 - [STDERR_REDIRECT] [Fatal Error] :1:1: Premature end of file.
2026-05-05 23:30:08,207 [ERROR] LogOutputStream:75 - [STDERR_REDIRECT] 
2026-05-05 23:30:08,226 [INFO] WebApp:191 - Connection restablished
2026-05-05 23:30:09,213 [ERROR] LogOutputStream:75 - [STDERR_REDIRECT] [Fatal Error] :1:1: Premature end of file.
2026-05-05 23:30:09,214 [ERROR] LogOutputStream:75 - [STDERR_REDIRECT] 
2026-05-05 23:30:10,198 [ERROR] LogOutputStream:75 - [STDERR_REDIRECT] [Fatal Error] :1:1: Premature end of file.
2026-05-05 23:30:10,198 [ERROR] LogOutputStream:75 - [STDERR_REDIRECT] 
2026-05-05 23:30:11,184 [ERROR] LogOutputStream:75 - [STDERR_REDIRECT] [Fatal Error] :1:1: Premature end of file.
2026-05-05 23:30:11,184 [ERROR] LogOutputStream:75 - [STDERR_REDIRECT] 
2026-05-05 23:30:12,195 [ERROR] LogOutputStream:75 - [STDERR_REDIRECT] [Fatal Error] :1:1: Premature end of file.
2026-05-05 23:30:12,196 [ERROR] LogOutputStream:75 - [STDERR_REDIRECT] 
2026-05-05 23:30:13,196 [ERROR] LogOutputStream:75 - [STDERR_REDIRECT] [Fatal Error] :1:1: Premature end of file.
2026-05-05 23:30:13,196 [ERROR] LogOutputStream:75 - [STDERR_REDIRECT] 
2026-05-05 23:30:14,193 [ERROR] LogOutputStream:75 - [STDERR_REDIRECT] [Fatal Error] :1:1: Premature end of file.
2026-05-05 23:30:14,193 [ERROR] LogOutputStream:75 - [STDERR_REDIRECT] 
2026-05-05 23:30:15,190 [ERROR] LogOutputStream:75 - [STDERR_REDIRECT] [Fatal Error] :1:1: Premature end of file.
2026-05-05 23:30:15,191 [ERROR] LogOutputStream:75 - [STDERR_REDIRECT] 
2026-05-05 23:30:16,208 [ERROR] LogOutputStream:75 - [STDERR_REDIRECT] [Fatal Error] :1:1: Premature end of file.
2026-05-05 23:30:16,209 [ERROR] LogOutputStream:75 - [STDERR_REDIRECT] 
2026-05-05 23:30:17,195 [ERROR] LogOutputStream:75 - [STDERR_REDIRECT] [Fatal Error] :1:1: Premature end of file.
2026-05-05 23:30:17,195 [ERROR] LogOutputStream:75 - [STDERR_REDIRECT] 
2026-05-05 23:30:18,207 [ERROR] LogOutputStream:75 - [STDERR_REDIRECT] [Fatal Error] :1:1: Premature end of file.
2026-05-05 23:30:18,207 [ERROR] LogOutputStream:75 - [STDERR_REDIRECT] 
2026-05-05 23:30:19,191 [ERROR] LogOutputStream:75 - [STDERR_REDIRECT] [Fatal Error] :1:1: Premature end of file.
2026-05-05 23:30:19,191 [ERROR] LogOutputStream:75 - [STDERR_REDIRECT] 
2026-05-05 23:30:20,196 [ERROR] LogOutputStream:75 - [STDERR_REDIRECT] [Fatal Error] :1:1: Premature end of file.
2026-05-05 23:30:20,196 [ERROR] LogOutputStream:75 - [STDERR_REDIRECT] 
2026-05-05 23:30:21,197 [ERROR] LogOutputStream:75 - [STDERR_REDIRECT] [Fatal Error] :1:1: Premature end of file.
2026-05-05 23:30:21,197 [ERROR] LogOutputStream:75 - [STDERR_REDIRECT] 
2026-05-05 23:30:22,174 [ERROR] LogOutputStream:75 - [STDERR_REDIRECT] [Fatal Error] :1:1: Premature end of file.
2026-05-05 23:30:22,175 [ERROR] LogOutputStream:75 - [STDERR_REDIRECT] 
2026-05-05 23:30:23,185 [ERROR] LogOutputStream:75 - [STDERR_REDIRECT] [Fatal Error] :1:1: Premature end of file.
2026-05-05 23:30:23,185 [ERROR] LogOutputStream:75 - [STDERR_REDIRECT] 
2026-05-05 23:30:24,196 [ERROR] LogOutputStream:75 - [STDERR_REDIRECT] [Fatal Error] :1:1: Premature end of file.
2026-05-05 23:30:24,196 [ERROR] LogOutputStream:75 - [STDERR_REDIRECT] 
2026-05-05 23:30:25,189 [ERROR] LogOutputStream:75 - [STDERR_REDIRECT] [Fatal Error] :1:1: Premature end of file.
2026-05-05 23:30:25,189 [ERROR] LogOutputStream:75 - [STDERR_REDIRECT] 
2026-05-05 23:30:26,191 [ERROR] LogOutputStream:75 - [STDERR_REDIRECT] [Fatal Error] :1:1: Premature end of file.
2026-05-05 23:30:26,191 [ERROR] LogOutputStream:75 - [STDERR_REDIRECT] 
2026-05-05 23:30:27,185 [ERROR] LogOutputStream:75 - [STDERR_REDIRECT] [Fatal Error] :1:1: Premature end of file.
2026-05-05 23:30:27,186 [ERROR] LogOutputStream:75 - [STDERR_REDIRECT] 
2026-05-05 23:30:28,202 [ERROR] LogOutputStream:75 - [STDERR_REDIRECT] [Fatal Error] :1:1: Premature end of file.
2026-05-05 23:30:28,202 [ERROR] LogOutputStream:75 - [STDERR_REDIRECT] 
2026-05-05 23:30:29,203 [ERROR] LogOutputStream:75 - [STDERR_REDIRECT] [Fatal Error] :1:1: Premature end of file.
2026-05-05 23:30:29,204 [ERROR] LogOutputStream:75 - [STDERR_REDIRECT] 
2026-05-05 23:30:30,188 [ERROR] LogOutputStream:75 - [STDERR_REDIRECT] [Fatal Error] :1:1: Premature end of file.
2026-05-05 23:30:30,188 [ERROR] LogOutputStream:75 - [STDERR_REDIRECT] 
2026-05-05 23:30:31,177 [ERROR] LogOutputStream:75 - [STDERR_REDIRECT] [Fatal Error] :1:1: Premature end of file.
2026-05-05 23:30:31,177 [ERROR] LogOutputStream:75 - [STDERR_REDIRECT] 
2026-05-05 23:30:32,189 [ERROR] LogOutputStream:75 - [STDERR_REDIRECT] [Fatal Error] :1:1: Premature end of file.
2026-05-05 23:30:32,189 [ERROR] LogOutputStream:75 - [STDERR_REDIRECT] 
2026-05-05 23:30:33,194 [ERROR] LogOutputStream:75 - [STDERR_REDIRECT] [Fatal Error] :1:1: Premature end of file.
2026-05-05 23:30:33,194 [ERROR] LogOutputStream:75 - [STDERR_REDIRECT] 
2026-05-05 23:30:34,199 [ERROR] LogOutputStream:75 - [STDERR_REDIRECT] [Fatal Error] :1:1: Premature end of file.
2026-05-05 23:30:34,199 [ERROR] LogOutputStream:75 - [STDERR_REDIRECT] 
2026-05-05 23:30:35,191 [ERROR] LogOutputStream:75 - [STDERR_REDIRECT] [Fatal Error] :1:1: Premature end of file.
2026-05-05 23:30:35,192 [ERROR] LogOutputStream:75 - [STDERR_REDIRECT] 
2026-05-05 23:30:36,175 [ERROR] LogOutputStream:75 - [STDERR_REDIRECT] [Fatal Error] :1:1: Premature end of file.
2026-05-05 23:30:36,175 [ERROR] LogOutputStream:75 - [STDERR_REDIRECT] 
2026-05-05 23:30:37,180 [ERROR] LogOutputStream:75 - [STDERR_REDIRECT] [Fatal Error] :1:1: Premature end of file.
2026-05-05 23:30:37,180 [ERROR] LogOutputStream:75 - [STDERR_REDIRECT] 
2026-05-05 23:30:38,180 [ERROR] LogOutputStream:75 - [STDERR_REDIRECT] [Fatal Error] :1:1: Premature end of file.
2026-05-05 23:30:38,180 [ERROR] LogOutputStream:75 - [STDERR_REDIRECT] 
2026-05-05 23:30:39,186 [ERROR] LogOutputStream:75 - [STDERR_REDIRECT] [Fatal Error] :1:1: Premature end of file.
2026-05-05 23:30:39,186 [ERROR] LogOutputStream:75 - [STDERR_REDIRECT] 
2026-05-05 23:30:40,212 [ERROR] LogOutputStream:75 - [STDERR_REDIRECT] [Fatal Error] :1:1: Premature end of file.
2026-05-05 23:30:40,212 [ERROR] LogOutputStream:75 - [STDERR_REDIRECT] 
2026-05-05 23:30:41,192 [ERROR] LogOutputStream:75 - [STDERR_REDIRECT] [Fatal Error] :1:1: Premature end of file.
2026-05-05 23:30:41,192 [ERROR] LogOutputStream:75 - [STDERR_REDIRECT] 
2026-05-05 23:30:42,176 [ERROR] LogOutputStream:75 - [STDERR_REDIRECT] [Fatal Error] :1:1: Premature end of file.
2026-05-05 23:30:42,176 [ERROR] LogOutputStream:75 - [STDERR_REDIRECT] 
2026-05-05 23:30:43,175 [ERROR] LogOutputStream:75 - [STDERR_REDIRECT] [Fatal Error] :1:1: Premature end of file.
2026-05-05 23:30:43,175 [ERROR] LogOutputStream:75 - [STDERR_REDIRECT] 
2026-05-05 23:30:44,176 [ERROR] LogOutputStream:75 - [STDERR_REDIRECT] [Fatal Error] :1:1: Premature end of file.
2026-05-05 23:30:44,176 [ERROR] LogOutputStream:75 - [STDERR_REDIRECT] 
2026-05-05 23:30:45,179 [ERROR] LogOutputStream:75 - [STDERR_REDIRECT] [Fatal Error] :1:1: Premature end of file.
2026-05-05 23:30:45,179 [ERROR] LogOutputStream:75 - [STDERR_REDIRECT] 
2026-05-05 23:30:46,192 [ERROR] LogOutputStream:75 - [STDERR_REDIRECT] [Fatal Error] :1:1: Premature end of file.
2026-05-05 23:30:46,192 [ERROR] LogOutputStream:75 - [STDERR_REDIRECT] 
2026-05-05 23:30:47,200 [ERROR] LogOutputStream:75 - [STDERR_REDIRECT] [Fatal Error] :1:1: Premature end of file.
2026-05-05 23:30:47,200 [ERROR] LogOutputStream:75 - [STDERR_REDIRECT] 
2026-05-05 23:30:48,183 [ERROR] LogOutputStream:75 - [STDERR_REDIRECT] [Fatal Error] :1:1: Premature end of file.
2026-05-05 23:30:48,183 [ERROR] LogOutputStream:75 - [STDERR_REDIRECT] 
2026-05-05 23:30:49,176 [ERROR] LogOutputStream:75 - [STDERR_REDIRECT] [Fatal Error] :1:1: Premature end of file.
2026-05-05 23:30:49,177 [ERROR] LogOutputStream:75 - [STDERR_REDIRECT] 
2026-05-05 23:30:50,192 [ERROR] LogOutputStream:75 - [STDERR_REDIRECT] [Fatal Error] :1:1: Premature end of file.
2026-05-05 23:30:50,192 [ERROR] LogOutputStream:75 - [STDERR_REDIRECT] 
2026-05-05 23:30:51,185 [ERROR] LogOutputStream:75 - [STDERR_REDIRECT] [Fatal Error] :1:1: Premature end of file.
2026-05-05 23:30:51,185 [ERROR] LogOutputStream:75 - [STDERR_REDIRECT] 
2026-05-05 23:30:52,184 [ERROR] LogOutputStream:75 - [STDERR_REDIRECT] [Fatal Error] :1:1: Premature end of file.
2026-05-05 23:30:52,184 [ERROR] LogOutputStream:75 - [STDERR_REDIRECT] 
2026-05-05 23:30:53,176 [ERROR] LogOutputStream:75 - [STDERR_REDIRECT] [Fatal Error] :1:1: Premature end of file.
2026-05-05 23:30:53,176 [ERROR] LogOutputStream:75 - [STDERR_REDIRECT] 
2026-05-05 23:30:54,197 [ERROR] LogOutputStream:75 - [STDERR_REDIRECT] [Fatal Error] :1:1: Premature end of file.
2026-05-05 23:30:54,197 [ERROR] LogOutputStream:75 - [STDERR_REDIRECT] 
2026-05-05 23:30:55,199 [ERROR] LogOutputStream:75 - [STDERR_REDIRECT] [Fatal Error] :1:1: Premature end of file.
2026-05-05 23:30:55,199 [ERROR] LogOutputStream:75 - [STDERR_REDIRECT] 
2026-05-05 23:30:56,177 [ERROR] LogOutputStream:75 - [STDERR_REDIRECT] [Fatal Error] :1:1: Premature end of file.
2026-05-05 23:30:56,177 [ERROR] LogOutputStream:75 - [STDERR_REDIRECT] 
2026-05-05 23:30:57,178 [ERROR] LogOutputStream:75 - [STDERR_REDIRECT] [Fatal Error] :1:1: Premature end of file.
2026-05-05 23:30:57,178 [ERROR] LogOutputStream:75 - [STDERR_REDIRECT] 
2026-05-05 23:30:58,175 [ERROR] LogOutputStream:75 - [STDERR_REDIRECT] [Fatal Error] :1:1: Premature end of file.
2026-05-05 23:30:58,175 [ERROR] LogOutputStream:75 - [STDERR_REDIRECT] 
2026-05-05 23:30:59,182 [ERROR] LogOutputStream:75 - [STDERR_REDIRECT] [Fatal Error] :1:1: Premature end of file.
2026-05-05 23:30:59,183 [ERROR] LogOutputStream:75 - [STDERR_REDIRECT] 
2026-05-05 23:31:00,198 [ERROR] LogOutputStream:75 - [STDERR_REDIRECT] [Fatal Error] :1:1: Premature end of file.
2026-05-05 23:31:00,198 [ERROR] LogOutputStream:75 - [STDERR_REDIRECT] 
2026-05-05 23:31:01,176 [ERROR] LogOutputStream:75 - [STDERR_REDIRECT] [Fatal Error] :1:1: Premature end of file.
2026-05-05 23:31:01,176 [ERROR] LogOutputStream:75 - [STDERR_REDIRECT] 
2026-05-05 23:31:02,177 [ERROR] LogOutputStream:75 - [STDERR_REDIRECT] [Fatal Error] :1:1: Premature end of file.
2026-05-05 23:31:02,177 [ERROR] LogOutputStream:75 - [STDERR_REDIRECT] 
2026-05-05 23:31:03,203 [ERROR] LogOutputStream:75 - [STDERR_REDIRECT] [Fatal Error] :1:1: Premature end of file.
2026-05-05 23:31:03,203 [ERROR] LogOutputStream:75 - [STDERR_REDIRECT] 
2026-05-05 23:31:04,177 [ERROR] LogOutputStream:75 - [STDERR_REDIRECT] [Fatal Error] :1:1: Premature end of file.
2026-05-05 23:31:04,177 [ERROR] LogOutputStream:75 - [STDERR_REDIRECT] 
2026-05-05 23:31:05,197 [ERROR] LogOutputStream:75 - [STDERR_REDIRECT] [Fatal Error] :1:1: Premature end of file.
2026-05-05 23:31:05,197 [ERROR] LogOutputStream:75 - [STDERR_REDIRECT] 
2026-05-05 23:31:06,186 [ERROR] LogOutputStream:75 - [STDERR_REDIRECT] [Fatal Error] :1:1: Premature end of file.
2026-05-05 23:31:06,187 [ERROR] LogOutputStream:75 - [STDERR_REDIRECT] 
2026-05-05 23:31:07,195 [ERROR] LogOutputStream:75 - [STDERR_REDIRECT] [Fatal Error] :1:1: Premature end of file.
2026-05-05 23:31:07,195 [ERROR] LogOutputStream:75 - [STDERR_REDIRECT] 
2026-05-05 23:31:08,179 [ERROR] LogOutputStream:75 - [STDERR_REDIRECT] [Fatal Error] :1:1: Premature end of file.
2026-05-05 23:31:08,179 [ERROR] LogOutputStream:75 - [STDERR_REDIRECT] 
2026-05-05 23:31:09,195 [ERROR] LogOutputStream:75 - [STDERR_REDIRECT] [Fatal Error] :1:1: Premature end of file.
2026-05-05 23:31:09,196 [ERROR] LogOutputStream:75 - [STDERR_REDIRECT] 
2026-05-05 23:31:10,198 [ERROR] LogOutputStream:75 - [STDERR_REDIRECT] [Fatal Error] :1:1: Premature end of file.
2026-05-05 23:31:10,199 [ERROR] LogOutputStream:75 - [STDERR_REDIRECT] 
2026-05-05 23:31:11,176 [ERROR] LogOutputStream:75 - [STDERR_REDIRECT] [Fatal Error] :1:1: Premature end of file.
2026-05-05 23:31:11,176 [ERROR] LogOutputStream:75 - [STDERR_REDIRECT] 
2026-05-05 23:31:12,200 [ERROR] LogOutputStream:75 - [STDERR_REDIRECT] [Fatal Error] :1:1: Premature end of file.
2026-05-05 23:31:12,201 [ERROR] LogOutputStream:75 - [STDERR_REDIRECT] 
2026-05-05 23:31:13,187 [ERROR] LogOutputStream:75 - [STDERR_REDIRECT] [Fatal Error] :1:1: Premature end of file.
2026-05-05 23:31:13,187 [ERROR] LogOutputStream:75 - [STDERR_REDIRECT] 
2026-05-05 23:31:14,192 [ERROR] LogOutputStream:75 - [STDERR_REDIRECT] [Fatal Error] :1:1: Premature end of file.
2026-05-05 23:31:14,194 [ERROR] LogOutputStream:75 - [STDERR_REDIRECT] 
2026-05-05 23:31:15,194 [ERROR] LogOutputStream:75 - [STDERR_REDIRECT] [Fatal Error] :1:1: Premature end of file.
2026-05-05 23:31:15,194 [ERROR] LogOutputStream:75 - [STDERR_REDIRECT] 
2026-05-05 23:31:16,176 [ERROR] LogOutputStream:75 - [STDERR_REDIRECT] [Fatal Error] :1:1: Premature end of file.
2026-05-05 23:31:16,176 [ERROR] LogOutputStream:75 - [STDERR_REDIRECT] 
2026-05-05 23:31:17,183 [ERROR] LogOutputStream:75 - [STDERR_REDIRECT] [Fatal Error] :1:1: Premature end of file.
2026-05-05 23:31:17,184 [ERROR] LogOutputStream:75 - [STDERR_REDIRECT] 
2026-05-05 23:31:18,187 [ERROR] LogOutputStream:75 - [STDERR_REDIRECT] [Fatal Error] :1:1: Premature end of file.
2026-05-05 23:31:18,187 [ERROR] LogOutputStream:75 - [STDERR_REDIRECT] 
2026-05-05 23:31:19,180 [ERROR] LogOutputStream:75 - [STDERR_REDIRECT] [Fatal Error] :1:1: Premature end of file.
2026-05-05 23:31:19,181 [ERROR] LogOutputStream:75 - [STDERR_REDIRECT] 
2026-05-05 23:31:20,175 [ERROR] LogOutputStream:75 - [STDERR_REDIRECT] [Fatal Error] :1:1: Premature end of file.
2026-05-05 23:31:20,175 [ERROR] LogOutputStream:75 - [STDERR_REDIRECT] 
2026-05-05 23:31:21,176 [ERROR] LogOutputStream:75 - [STDERR_REDIRECT] [Fatal Error] :1:1: Premature end of file.
2026-05-05 23:31:21,176 [ERROR] LogOutputStream:75 - [STDERR_REDIRECT] 
2026-05-05 23:31:22,178 [ERROR] LogOutputStream:75 - [STDERR_REDIRECT] [Fatal Error] :1:1: Premature end of file.
2026-05-05 23:31:22,178 [ERROR] LogOutputStream:75 - [STDERR_REDIRECT] 
2026-05-05 23:31:23,175 [ERROR] LogOutputStream:75 - [STDERR_REDIRECT] [Fatal Error] :1:1: Premature end of file.
2026-05-05 23:31:23,175 [ERROR] LogOutputStream:75 - [STDERR_REDIRECT] 
2026-05-05 23:31:24,187 [ERROR] LogOutputStream:75 - [STDERR_REDIRECT] [Fatal Error] :1:1: Premature end of file.
2026-05-05 23:31:24,188 [ERROR] LogOutputStream:75 - [STDERR_REDIRECT] 
2026-05-05 23:31:25,190 [ERROR] LogOutputStream:75 - [STDERR_REDIRECT] [Fatal Error] :1:1: Premature end of file.
2026-05-05 23:31:25,190 [ERROR] LogOutputStream:75 - [STDERR_REDIRECT] 
2026-05-05 23:31:26,195 [ERROR] LogOutputStream:75 - [STDERR_REDIRECT] [Fatal Error] :1:1: Premature end of file.
2026-05-05 23:31:26,195 [ERROR] LogOutputStream:75 - [STDERR_REDIRECT] 
2026-05-05 23:31:27,189 [ERROR] LogOutputStream:75 - [STDERR_REDIRECT] [Fatal Error] :1:1: Premature end of file.
2026-05-05 23:31:27,190 [ERROR] LogOutputStream:75 - [STDERR_REDIRECT] 
2026-05-05 23:31:28,208 [ERROR] LogOutputStream:75 - [STDERR_REDIRECT] [Fatal Error] :1:1: Premature end of file.
2026-05-05 23:31:28,209 [ERROR] LogOutputStream:75 - [STDERR_REDIRECT] 
2026-05-05 23:31:29,199 [ERROR] LogOutputStream:75 - [STDERR_REDIRECT] [Fatal Error] :1:1: Premature end of file.
2026-05-05 23:31:29,201 [ERROR] LogOutputStream:75 - [STDERR_REDIRECT] 
2026-05-05 23:31:30,192 [ERROR] LogOutputStream:75 - [STDERR_REDIRECT] [Fatal Error] :1:1: Premature end of file.
2026-05-05 23:31:30,192 [ERROR] LogOutputStream:75 - [STDERR_REDIRECT] 
2026-05-05 23:31:31,192 [ERROR] LogOutputStream:75 - [STDERR_REDIRECT] [Fatal Error] :1:1: Premature end of file.
2026-05-05 23:31:31,192 [ERROR] LogOutputStream:75 - [STDERR_REDIRECT] 
2026-05-05 23:31:32,212 [ERROR] LogOutputStream:75 - [STDERR_REDIRECT] [Fatal Error] :1:1: Premature end of file.
2026-05-05 23:31:32,213 [ERROR] LogOutputStream:75 - [STDERR_REDIRECT] 
2026-05-05 23:31:33,193 [ERROR] LogOutputStream:75 - [STDERR_REDIRECT] [Fatal Error] :1:1: Premature end of file.
2026-05-05 23:31:33,193 [ERROR] LogOutputStream:75 - [STDERR_REDIRECT] 
2026-05-05 23:31:34,194 [ERROR] LogOutputStream:75 - [STDERR_REDIRECT] [Fatal Error] :1:1: Premature end of file.
2026-05-05 23:31:34,194 [ERROR] LogOutputStream:75 - [STDERR_REDIRECT] 
2026-05-05 23:31:35,197 [ERROR] LogOutputStream:75 - [STDERR_REDIRECT] [Fatal Error] :1:1: Premature end of file.
2026-05-05 23:31:35,197 [ERROR] LogOutputStream:75 - [STDERR_REDIRECT] 
2026-05-05 23:31:36,192 [ERROR] LogOutputStream:75 - [STDERR_REDIRECT] [Fatal Error] :1:1: Premature end of file.
2026-05-05 23:31:36,193 [ERROR] LogOutputStream:75 - [STDERR_REDIRECT] 
2026-05-05 23:31:37,224 [ERROR] LogOutputStream:75 - [STDERR_REDIRECT] [Fatal Error] :1:1: Premature end of file.
2026-05-05 23:31:37,225 [ERROR] LogOutputStream:75 - [STDERR_REDIRECT] 
2026-05-05 23:31:38,217 [ERROR] LogOutputStream:75 - [STDERR_REDIRECT] [Fatal Error] :1:1: Premature end of file.
2026-05-05 23:31:38,217 [ERROR] LogOutputStream:75 - [STDERR_REDIRECT] 
2026-05-05 23:31:39,232 [ERROR] LogOutputStream:75 - [STDERR_REDIRECT] [Fatal Error] :1:1: Premature end of file.
2026-05-05 23:31:39,233 [ERROR] LogOutputStream:75 - [STDERR_REDIRECT] 
2026-05-05 23:31:40,219 [ERROR] LogOutputStream:75 - [STDERR_REDIRECT] [Fatal Error] :1:1: Premature end of file.
2026-05-05 23:31:40,220 [ERROR] LogOutputStream:75 - [STDERR_REDIRECT] 
2026-05-05 23:31:41,225 [ERROR] LogOutputStream:75 - [STDERR_REDIRECT] [Fatal Error] :1:1: Premature end of file.
2026-05-05 23:31:41,225 [ERROR] LogOutputStream:75 - [STDERR_REDIRECT] 
2026-05-05 23:31:42,216 [ERROR] LogOutputStream:75 - [STDERR_REDIRECT] [Fatal Error] :1:1: Premature end of file.
2026-05-05 23:31:42,217 [ERROR] LogOutputStream:75 - [STDERR_REDIRECT] 
2026-05-05 23:31:43,237 [ERROR] LogOutputStream:75 - [STDERR_REDIRECT] [Fatal Error] :1:1: Premature end of file.
2026-05-05 23:31:43,238 [ERROR] LogOutputStream:75 - [STDERR_REDIRECT] 
2026-05-05 23:31:44,211 [ERROR] LogOutputStream:75 - [STDERR_REDIRECT] [Fatal Error] :1:1: Premature end of file.
2026-05-05 23:31:44,211 [ERROR] LogOutputStream:75 - [STDERR_REDIRECT] 
2026-05-05 23:31:45,232 [ERROR] LogOutputStream:75 - [STDERR_REDIRECT] [Fatal Error] :1:1: Premature end of file.
2026-05-05 23:31:45,233 [ERROR] LogOutputStream:75 - [STDERR_REDIRECT] 
2026-05-05 23:31:46,205 [ERROR] LogOutputStream:75 - [STDERR_REDIRECT] [Fatal Error] :1:1: Premature end of file.
2026-05-05 23:31:46,206 [ERROR] LogOutputStream:75 - [STDERR_REDIRECT] 
2026-05-05 23:31:47,235 [ERROR] LogOutputStream:75 - [STDERR_REDIRECT] [Fatal Error] :1:1: Premature end of file.
2026-05-05 23:31:47,235 [ERROR] LogOutputStream:75 - [STDERR_REDIRECT] 
2026-05-05 23:31:48,249 [ERROR] LogOutputStream:75 - [STDERR_REDIRECT] [Fatal Error] :1:1: Premature end of file.
2026-05-05 23:31:48,249 [ERROR] LogOutputStream:75 - [STDERR_REDIRECT] 
2026-05-05 23:31:49,198 [ERROR] LogOutputStream:75 - [STDERR_REDIRECT] [Fatal Error] :1:1: Premature end of file.
2026-05-05 23:31:49,198 [ERROR] LogOutputStream:75 - [STDERR_REDIRECT] 
2026-05-05 23:31:50,195 [ERROR] LogOutputStream:75 - [STDERR_REDIRECT] [Fatal Error] :1:1: Premature end of file.
2026-05-05 23:31:50,195 [ERROR] LogOutputStream:75 - [STDERR_REDIRECT] 
2026-05-05 23:31:51,189 [ERROR] LogOutputStream:75 - [STDERR_REDIRECT] [Fatal Error] :1:1: Premature end of file.
2026-05-05 23:31:51,190 [ERROR] LogOutputStream:75 - [STDERR_REDIRECT] 
2026-05-05 23:31:52,207 [ERROR] LogOutputStream:75 - [STDERR_REDIRECT] [Fatal Error] :1:1: Premature end of file.
2026-05-05 23:31:52,208 [ERROR] LogOutputStream:75 - [STDERR_REDIRECT] 
2026-05-05 23:31:53,197 [ERROR] LogOutputStream:75 - [STDERR_REDIRECT] [Fatal Error] :1:1: Premature end of file.
2026-05-05 23:31:53,197 [ERROR] LogOutputStream:75 - [STDERR_REDIRECT] 
2026-05-05 23:31:54,189 [ERROR] LogOutputStream:75 - [STDERR_REDIRECT] [Fatal Error] :1:1: Premature end of file.
2026-05-05 23:31:54,190 [ERROR] LogOutputStream:75 - [STDERR_REDIRECT] 
2026-05-05 23:31:55,182 [ERROR] LogOutputStream:75 - [STDERR_REDIRECT] [Fatal Error] :1:1: Premature end of file.
2026-05-05 23:31:55,182 [ERROR] LogOutputStream:75 - [STDERR_REDIRECT] 
2026-05-05 23:31:56,194 [ERROR] LogOutputStream:75 - [STDERR_REDIRECT] [Fatal Error] :1:1: Premature end of file.
2026-05-05 23:31:56,195 [ERROR] LogOutputStream:75 - [STDERR_REDIRECT] 
2026-05-05 23:31:57,192 [ERROR] LogOutputStream:75 - [STDERR_REDIRECT] [Fatal Error] :1:1: Premature end of file.
2026-05-05 23:31:57,193 [ERROR] LogOutputStream:75 - [STDERR_REDIRECT] 
2026-05-05 23:31:58,201 [ERROR] LogOutputStream:75 - [STDERR_REDIRECT] [Fatal Error] :1:1: Premature end of file.
2026-05-05 23:31:58,202 [ERROR] LogOutputStream:75 - [STDERR_REDIRECT] 
2026-05-05 23:31:59,234 [ERROR] LogOutputStream:75 - [STDERR_REDIRECT] [Fatal Error] :1:1: Premature end of file.
2026-05-05 23:31:59,234 [ERROR] LogOutputStream:75 - [STDERR_REDIRECT] 
2026-05-05 23:32:00,216 [ERROR] LogOutputStream:75 - [STDERR_REDIRECT] [Fatal Error] :1:1: Premature end of file.
2026-05-05 23:32:00,216 [ERROR] LogOutputStream:75 - [STDERR_REDIRECT] 
2026-05-05 23:32:01,224 [ERROR] LogOutputStream:75 - [STDERR_REDIRECT] [Fatal Error] :1:1: Premature end of file.
2026-05-05 23:32:01,224 [ERROR] LogOutputStream:75 - [STDERR_REDIRECT] 
2026-05-05 23:32:02,200 [ERROR] LogOutputStream:75 - [STDERR_REDIRECT] [Fatal Error] :1:1: Premature end of file.
2026-05-05 23:32:02,200 [ERROR] LogOutputStream:75 - [STDERR_REDIRECT] 
2026-05-05 23:32:03,233 [ERROR] LogOutputStream:75 - [STDERR_REDIRECT] [Fatal Error] :1:1: Premature end of file.
2026-05-05 23:32:03,234 [ERROR] LogOutputStream:75 - [STDERR_REDIRECT] 
2026-05-05 23:32:04,218 [ERROR] LogOutputStream:75 - [STDERR_REDIRECT] [Fatal Error] :1:1: Premature end of file.
2026-05-05 23:32:04,219 [ERROR] LogOutputStream:75 - [STDERR_REDIRECT] 
2026-05-05 23:32:05,227 [ERROR] LogOutputStream:75 - [STDERR_REDIRECT] [Fatal Error] :1:1: Premature end of file.
2026-05-05 23:32:05,228 [ERROR] LogOutputStream:75 - [STDERR_REDIRECT] 
2026-05-05 23:32:06,218 [ERROR] LogOutputStream:75 - [STDERR_REDIRECT] [Fatal Error] :1:1: Premature end of file.
2026-05-05 23:32:06,219 [ERROR] LogOutputStream:75 - [STDERR_REDIRECT] 
2026-05-05 23:32:07,218 [ERROR] LogOutputStream:75 - [STDERR_REDIRECT] [Fatal Error] :1:1: Premature end of file.
2026-05-05 23:32:07,219 [ERROR] LogOutputStream:75 - [STDERR_REDIRECT] 
2026-05-05 23:32:08,193 [ERROR] LogOutputStream:75 - [STDERR_REDIRECT] [Fatal Error] :1:1: Premature end of file.
2026-05-05 23:32:08,194 [ERROR] LogOutputStream:75 - [STDERR_REDIRECT] 
2026-05-05 23:32:09,208 [ERROR] LogOutputStream:75 - [STDERR_REDIRECT] [Fatal Error] :1:1: Premature end of file.
2026-05-05 23:32:09,209 [ERROR] LogOutputStream:75 - [STDERR_REDIRECT] 
2026-05-05 23:32:10,185 [ERROR] LogOutputStream:75 - [STDERR_REDIRECT] [Fatal Error] :1:1: Premature end of file.
2026-05-05 23:32:10,185 [ERROR] LogOutputStream:75 - [STDERR_REDIRECT] 
2026-05-05 23:32:11,238 [ERROR] LogOutputStream:75 - [STDERR_REDIRECT] [Fatal Error] :1:1: Premature end of file.
2026-05-05 23:32:11,239 [ERROR] LogOutputStream:75 - [STDERR_REDIRECT] 
2026-05-05 23:32:12,213 [ERROR] LogOutputStream:75 - [STDERR_REDIRECT] [Fatal Error] :1:1: Premature end of file.
2026-05-05 23:32:12,214 [ERROR] LogOutputStream:75 - [STDERR_REDIRECT] 
2026-05-05 23:32:13,224 [ERROR] LogOutputStream:75 - [STDERR_REDIRECT] [Fatal Error] :1:1: Premature end of file.
2026-05-05 23:32:13,225 [ERROR] LogOutputStream:75 - [STDERR_REDIRECT] 
2026-05-05 23:32:14,234 [ERROR] LogOutputStream:75 - [STDERR_REDIRECT] [Fatal Error] :1:1: Premature end of file.
2026-05-05 23:32:14,235 [ERROR] LogOutputStream:75 - [STDERR_REDIRECT] 
2026-05-05 23:32:15,230 [ERROR] LogOutputStream:75 - [STDERR_REDIRECT] [Fatal Error] :1:1: Premature end of file.
2026-05-05 23:32:15,230 [ERROR] LogOutputStream:75 - [STDERR_REDIRECT] 
2026-05-05 23:32:16,212 [ERROR] LogOutputStream:75 - [STDERR_REDIRECT] [Fatal Error] :1:1: Premature end of file.
2026-05-05 23:32:16,212 [ERROR] LogOutputStream:75 - [STDERR_REDIRECT] 
2026-05-05 23:32:17,226 [ERROR] LogOutputStream:75 - [STDERR_REDIRECT] [Fatal Error] :1:1: Premature end of file.
2026-05-05 23:32:17,227 [ERROR] LogOutputStream:75 - [STDERR_REDIRECT] 
2026-05-05 23:32:18,190 [ERROR] LogOutputStream:75 - [STDERR_REDIRECT] [Fatal Error] :1:1: Premature end of file.
2026-05-05 23:32:18,190 [ERROR] LogOutputStream:75 - [STDERR_REDIRECT] 
2026-05-05 23:32:19,226 [ERROR] LogOutputStream:75 - [STDERR_REDIRECT] [Fatal Error] :1:1: Premature end of file.
2026-05-05 23:32:19,227 [ERROR] LogOutputStream:75 - [STDERR_REDIRECT] 
2026-05-05 23:32:20,247 [ERROR] LogOutputStream:75 - [STDERR_REDIRECT] [Fatal Error] :1:1: Premature end of file.
2026-05-05 23:32:20,248 [ERROR] LogOutputStream:75 - [STDERR_REDIRECT] 
2026-05-05 23:32:21,229 [ERROR] LogOutputStream:75 - [STDERR_REDIRECT] [Fatal Error] :1:1: Premature end of file.
2026-05-05 23:32:21,230 [ERROR] LogOutputStream:75 - [STDERR_REDIRECT] 
2026-05-05 23:32:22,224 [ERROR] LogOutputStream:75 - [STDERR_REDIRECT] [Fatal Error] :1:1: Premature end of file.
2026-05-05 23:32:22,225 [ERROR] LogOutputStream:75 - [STDERR_REDIRECT] 
2026-05-05 23:32:23,207 [ERROR] LogOutputStream:75 - [STDERR_REDIRECT] [Fatal Error] :1:1: Premature end of file.
2026-05-05 23:32:23,207 [ERROR] LogOutputStream:75 - [STDERR_REDIRECT] 
2026-05-05 23:32:24,209 [ERROR] LogOutputStream:75 - [STDERR_REDIRECT] [Fatal Error] :1:1: Premature end of file.
2026-05-05 23:32:24,209 [ERROR] LogOutputStream:75 - [STDERR_REDIRECT] 
2026-05-05 23:32:25,218 [ERROR] LogOutputStream:75 - [STDERR_REDIRECT] [Fatal Error] :1:1: Premature end of file.
2026-05-05 23:32:25,219 [ERROR] LogOutputStream:75 - [STDERR_REDIRECT] 
2026-05-05 23:32:26,199 [ERROR] LogOutputStream:75 - [STDERR_REDIRECT] [Fatal Error] :1:1: Premature end of file.
2026-05-05 23:32:26,200 [ERROR] LogOutputStream:75 - [STDERR_REDIRECT] 
2026-05-05 23:32:27,214 [ERROR] LogOutputStream:75 - [STDERR_REDIRECT] [Fatal Error] :1:1: Premature end of file.
2026-05-05 23:32:27,215 [ERROR] LogOutputStream:75 - [STDERR_REDIRECT] 
2026-05-05 23:32:28,206 [ERROR] LogOutputStream:75 - [STDERR_REDIRECT] [Fatal Error] :1:1: Premature end of file.
2026-05-05 23:32:28,207 [ERROR] LogOutputStream:75 - [STDERR_REDIRECT] 
2026-05-05 23:32:29,213 [ERROR] LogOutputStream:75 - [STDERR_REDIRECT] [Fatal Error] :1:1: Premature end of file.
2026-05-05 23:32:29,213 [ERROR] LogOutputStream:75 - [STDERR_REDIRECT] 
2026-05-05 23:32:30,220 [ERROR] LogOutputStream:75 - [STDERR_REDIRECT] [Fatal Error] :1:1: Premature end of file.
2026-05-05 23:32:30,221 [ERROR] LogOutputStream:75 - [STDERR_REDIRECT] 
2026-05-05 23:32:31,208 [ERROR] LogOutputStream:75 - [STDERR_REDIRECT] [Fatal Error] :1:1: Premature end of file.
2026-05-05 23:32:31,208 [ERROR] LogOutputStream:75 - [STDERR_REDIRECT] 
2026-05-05 23:32:32,213 [ERROR] LogOutputStream:75 - [STDERR_REDIRECT] [Fatal Error] :1:1: Premature end of file.
2026-05-05 23:32:32,213 [ERROR] LogOutputStream:75 - [STDERR_REDIRECT] 
2026-05-05 23:32:33,228 [ERROR] LogOutputStream:75 - [STDERR_REDIRECT] [Fatal Error] :1:1: Premature end of file.
2026-05-05 23:32:33,228 [ERROR] LogOutputStream:75 - [STDERR_REDIRECT] 
2026-05-05 23:32:34,221 [ERROR] LogOutputStream:75 - [STDERR_REDIRECT] [Fatal Error] :1:1: Premature end of file.
2026-05-05 23:32:34,221 [ERROR] LogOutputStream:75 - [STDERR_REDIRECT] 
2026-05-05 23:32:35,215 [ERROR] LogOutputStream:75 - [STDERR_REDIRECT] [Fatal Error] :1:1: Premature end of file.
2026-05-05 23:32:35,215 [ERROR] LogOutputStream:75 - [STDERR_REDIRECT] 
2026-05-05 23:32:36,220 [ERROR] LogOutputStream:75 - [STDERR_REDIRECT] [Fatal Error] :1:1: Premature end of file.
2026-05-05 23:32:36,220 [ERROR] LogOutputStream:75 - [STDERR_REDIRECT] 
2026-05-05 23:32:37,220 [ERROR] LogOutputStream:75 - [STDERR_REDIRECT] [Fatal Error] :1:1: Premature end of file.
2026-05-05 23:32:37,220 [ERROR] LogOutputStream:75 - [STDERR_REDIRECT] 
2026-05-05 23:32:38,209 [ERROR] LogOutputStream:75 - [STDERR_REDIRECT] [Fatal Error] :1:1: Premature end of file.
2026-05-05 23:32:38,209 [ERROR] LogOutputStream:75 - [STDERR_REDIRECT] 
2026-05-05 23:32:39,220 [ERROR] LogOutputStream:75 - [STDERR_REDIRECT] [Fatal Error] :1:1: Premature end of file.
2026-05-05 23:32:39,220 [ERROR] LogOutputStream:75 - [STDERR_REDIRECT] 
2026-05-05 23:32:40,237 [ERROR] LogOutputStream:75 - [STDERR_REDIRECT] [Fatal Error] :1:1: Premature end of file.
2026-05-05 23:32:40,237 [ERROR] LogOutputStream:75 - [STDERR_REDIRECT] 
2026-05-05 23:32:41,207 [ERROR] LogOutputStream:75 - [STDERR_REDIRECT] [Fatal Error] :1:1: Premature end of file.
2026-05-05 23:32:41,207 [ERROR] LogOutputStream:75 - [STDERR_REDIRECT] 
2026-05-05 23:32:42,192 [ERROR] LogOutputStream:75 - [STDERR_REDIRECT] [Fatal Error] :1:1: Premature end of file.
2026-05-05 23:32:42,193 [ERROR] LogOutputStream:75 - [STDERR_REDIRECT] 
2026-05-05 23:32:43,192 [ERROR] LogOutputStream:75 - [STDERR_REDIRECT] [Fatal Error] :1:1: Premature end of file.
2026-05-05 23:32:43,193 [ERROR] LogOutputStream:75 - [STDERR_REDIRECT] 
2026-05-05 23:32:44,192 [ERROR] LogOutputStream:75 - [STDERR_REDIRECT] [Fatal Error] :1:1: Premature end of file.
2026-05-05 23:32:44,192 [ERROR] LogOutputStream:75 - [STDERR_REDIRECT] 
2026-05-05 23:32:45,192 [ERROR] LogOutputStream:75 - [STDERR_REDIRECT] [Fatal Error] :1:1: Premature end of file.
2026-05-05 23:32:45,193 [ERROR] LogOutputStream:75 - [STDERR_REDIRECT] 
2026-05-05 23:32:46,201 [ERROR] LogOutputStream:75 - [STDERR_REDIRECT] [Fatal Error] :1:1: Premature end of file.
2026-05-05 23:32:46,202 [ERROR] LogOutputStream:75 - [STDERR_REDIRECT] 
2026-05-05 23:32:47,212 [ERROR] LogOutputStream:75 - [STDERR_REDIRECT] [Fatal Error] :1:1: Premature end of file.
2026-05-05 23:32:47,213 [ERROR] LogOutputStream:75 - [STDERR_REDIRECT] 
2026-05-05 23:32:48,197 [ERROR] LogOutputStream:75 - [STDERR_REDIRECT] [Fatal Error] :1:1: Premature end of file.
2026-05-05 23:32:48,197 [ERROR] LogOutputStream:75 - [STDERR_REDIRECT] 
2026-05-05 23:32:49,194 [ERROR] LogOutputStream:75 - [STDERR_REDIRECT] [Fatal Error] :1:1: Premature end of file.
2026-05-05 23:32:49,194 [ERROR] LogOutputStream:75 - [STDERR_REDIRECT] 
2026-05-05 23:32:50,187 [ERROR] LogOutputStream:75 - [STDERR_REDIRECT] [Fatal Error] :1:1: Premature end of file.
2026-05-05 23:32:50,188 [ERROR] LogOutputStream:75 - [STDERR_REDIRECT] 
2026-05-05 23:32:51,205 [ERROR] LogOutputStream:75 - [STDERR_REDIRECT] [Fatal Error] :1:1: Premature end of file.
2026-05-05 23:32:51,205 [ERROR] LogOutputStream:75 - [STDERR_REDIRECT] 
2026-05-05 23:32:52,198 [ERROR] LogOutputStream:75 - [STDERR_REDIRECT] [Fatal Error] :1:1: Premature end of file.
2026-05-05 23:32:52,198 [ERROR] LogOutputStream:75 - [STDERR_REDIRECT] 
2026-05-05 23:32:53,208 [ERROR] LogOutputStream:75 - [STDERR_REDIRECT] [Fatal Error] :1:1: Premature end of file.
2026-05-05 23:32:53,209 [ERROR] LogOutputStream:75 - [STDERR_REDIRECT] 
2026-05-05 23:32:54,182 [ERROR] LogOutputStream:75 - [STDERR_REDIRECT] [Fatal Error] :1:1: Premature end of file.
2026-05-05 23:32:54,182 [ERROR] LogOutputStream:75 - [STDERR_REDIRECT] 
2026-05-05 23:32:55,179 [ERROR] LogOutputStream:75 - [STDERR_REDIRECT] [Fatal Error] :1:1: Premature end of file.
2026-05-05 23:32:55,179 [ERROR] LogOutputStream:75 - [STDERR_REDIRECT] 
2026-05-05 23:32:56,178 [ERROR] LogOutputStream:75 - [STDERR_REDIRECT] [Fatal Error] :1:1: Premature end of file.
2026-05-05 23:32:56,179 [ERROR] LogOutputStream:75 - [STDERR_REDIRECT] 
2026-05-05 23:32:57,191 [ERROR] LogOutputStream:75 - [STDERR_REDIRECT] [Fatal Error] :1:1: Premature end of file.
2026-05-05 23:32:57,191 [ERROR] LogOutputStream:75 - [STDERR_REDIRECT] 
2026-05-05 23:32:58,180 [ERROR] LogOutputStream:75 - [STDERR_REDIRECT] [Fatal Error] :1:1: Premature end of file.
2026-05-05 23:32:58,181 [ERROR] LogOutputStream:75 - [STDERR_REDIRECT] 
2026-05-05 23:32:59,194 [ERROR] LogOutputStream:75 - [STDERR_REDIRECT] [Fatal Error] :1:1: Premature end of file.
2026-05-05 23:32:59,194 [ERROR] LogOutputStream:75 - [STDERR_REDIRECT] 
2026-05-05 23:33:00,177 [ERROR] LogOutputStream:75 - [STDERR_REDIRECT] [Fatal Error] :1:1: Premature end of file.
2026-05-05 23:33:00,177 [ERROR] LogOutputStream:75 - [STDERR_REDIRECT] 
2026-05-05 23:33:01,183 [ERROR] LogOutputStream:75 - [STDERR_REDIRECT] [Fatal Error] :1:1: Premature end of file.
2026-05-05 23:33:01,183 [ERROR] LogOutputStream:75 - [STDERR_REDIRECT] 
2026-05-05 23:33:02,194 [ERROR] LogOutputStream:75 - [STDERR_REDIRECT] [Fatal Error] :1:1: Premature end of file.
2026-05-05 23:33:02,194 [ERROR] LogOutputStream:75 - [STDERR_REDIRECT] 
2026-05-05 23:33:03,177 [ERROR] LogOutputStream:75 - [STDERR_REDIRECT] [Fatal Error] :1:1: Premature end of file.
2026-05-05 23:33:03,177 [ERROR] LogOutputStream:75 - [STDERR_REDIRECT] 
2026-05-05 23:33:04,175 [ERROR] LogOutputStream:75 - [STDERR_REDIRECT] [Fatal Error] :1:1: Premature end of file.
2026-05-05 23:33:04,175 [ERROR] LogOutputStream:75 - [STDERR_REDIRECT] 
2026-05-05 23:33:05,195 [ERROR] LogOutputStream:75 - [STDERR_REDIRECT] [Fatal Error] :1:1: Premature end of file.
2026-05-05 23:33:05,195 [ERROR] LogOutputStream:75 - [STDERR_REDIRECT] 
2026-05-05 23:33:06,179 [ERROR] LogOutputStream:75 - [STDERR_REDIRECT] [Fatal Error] :1:1: Premature end of file.
2026-05-05 23:33:06,179 [ERROR] LogOutputStream:75 - [STDERR_REDIRECT] 
2026-05-05 23:33:07,198 [ERROR] LogOutputStream:75 - [STDERR_REDIRECT] [Fatal Error] :1:1: Premature end of file.
2026-05-05 23:33:07,198 [ERROR] LogOutputStream:75 - [STDERR_REDIRECT] 
2026-05-05 23:33:08,194 [ERROR] LogOutputStream:75 - [STDERR_REDIRECT] [Fatal Error] :1:1: Premature end of file.
2026-05-05 23:33:08,194 [ERROR] LogOutputStream:75 - [STDERR_REDIRECT] 
2026-05-05 23:33:09,199 [ERROR] LogOutputStream:75 - [STDERR_REDIRECT] [Fatal Error] :1:1: Premature end of file.
2026-05-05 23:33:09,200 [ERROR] LogOutputStream:75 - [STDERR_REDIRECT] 
2026-05-05 23:33:10,191 [ERROR] LogOutputStream:75 - [STDERR_REDIRECT] [Fatal Error] :1:1: Premature end of file.
2026-05-05 23:33:10,191 [ERROR] LogOutputStream:75 - [STDERR_REDIRECT] 
2026-05-05 23:33:11,197 [ERROR] LogOutputStream:75 - [STDERR_REDIRECT] [Fatal Error] :1:1: Premature end of file.
2026-05-05 23:33:11,197 [ERROR] LogOutputStream:75 - [STDERR_REDIRECT] 
2026-05-05 23:33:12,192 [ERROR] LogOutputStream:75 - [STDERR_REDIRECT] [Fatal Error] :1:1: Premature end of file.
2026-05-05 23:33:12,192 [ERROR] LogOutputStream:75 - [STDERR_REDIRECT] 
2026-05-05 23:33:13,201 [ERROR] LogOutputStream:75 - [STDERR_REDIRECT] [Fatal Error] :1:1: Premature end of file.
2026-05-05 23:33:13,201 [ERROR] LogOutputStream:75 - [STDERR_REDIRECT] 
2026-05-05 23:33:14,184 [ERROR] LogOutputStream:75 - [STDERR_REDIRECT] [Fatal Error] :1:1: Premature end of file.
2026-05-05 23:33:14,184 [ERROR] LogOutputStream:75 - [STDERR_REDIRECT] 
2026-05-05 23:33:15,209 [ERROR] LogOutputStream:75 - [STDERR_REDIRECT] [Fatal Error] :1:1: Premature end of file.
2026-05-05 23:33:15,209 [ERROR] LogOutputStream:75 - [STDERR_REDIRECT] 
2026-05-05 23:33:16,197 [ERROR] LogOutputStream:75 - [STDERR_REDIRECT] [Fatal Error] :1:1: Premature end of file.
2026-05-05 23:33:16,197 [ERROR] LogOutputStream:75 - [STDERR_REDIRECT] 
2026-05-05 23:33:17,202 [ERROR] LogOutputStream:75 - [STDERR_REDIRECT] [Fatal Error] :1:1: Premature end of file.
2026-05-05 23:33:17,202 [ERROR] LogOutputStream:75 - [STDERR_REDIRECT] 
2026-05-05 23:33:18,208 [ERROR] LogOutputStream:75 - [STDERR_REDIRECT] [Fatal Error] :1:1: Premature end of file.
2026-05-05 23:33:18,209 [ERROR] LogOutputStream:75 - [STDERR_REDIRECT] 
2026-05-05 23:33:19,205 [ERROR] LogOutputStream:75 - [STDERR_REDIRECT] [Fatal Error] :1:1: Premature end of file.
2026-05-05 23:33:19,205 [ERROR] LogOutputStream:75 - [STDERR_REDIRECT] 
2026-05-05 23:33:20,202 [ERROR] LogOutputStream:75 - [STDERR_REDIRECT] [Fatal Error] :1:1: Premature end of file.
2026-05-05 23:33:20,204 [ERROR] LogOutputStream:75 - [STDERR_REDIRECT] 
2026-05-05 23:33:21,182 [ERROR] LogOutputStream:75 - [STDERR_REDIRECT] [Fatal Error] :1:1: Premature end of file.
2026-05-05 23:33:21,182 [ERROR] LogOutputStream:75 - [STDERR_REDIRECT] 
2026-05-05 23:33:22,195 [ERROR] LogOutputStream:75 - [STDERR_REDIRECT] [Fatal Error] :1:1: Premature end of file.
2026-05-05 23:33:22,196 [ERROR] LogOutputStream:75 - [STDERR_REDIRECT] 
2026-05-05 23:33:23,202 [ERROR] LogOutputStream:75 - [STDERR_REDIRECT] [Fatal Error] :1:1: Premature end of file.
2026-05-05 23:33:23,203 [ERROR] LogOutputStream:75 - [STDERR_REDIRECT] 
2026-05-05 23:33:24,177 [ERROR] LogOutputStream:75 - [STDERR_REDIRECT] [Fatal Error] :1:1: Premature end of file.
2026-05-05 23:33:24,178 [ERROR] LogOutputStream:75 - [STDERR_REDIRECT] 
2026-05-05 23:33:25,182 [ERROR] LogOutputStream:75 - [STDERR_REDIRECT] [Fatal Error] :1:1: Premature end of file.
2026-05-05 23:33:25,182 [ERROR] LogOutputStream:75 - [STDERR_REDIRECT] 
2026-05-05 23:33:26,178 [ERROR] LogOutputStream:75 - [STDERR_REDIRECT] [Fatal Error] :1:1: Premature end of file.
2026-05-05 23:33:26,178 [ERROR] LogOutputStream:75 - [STDERR_REDIRECT] 
2026-05-05 23:33:27,196 [ERROR] LogOutputStream:75 - [STDERR_REDIRECT] [Fatal Error] :1:1: Premature end of file.
2026-05-05 23:33:27,196 [ERROR] LogOutputStream:75 - [STDERR_REDIRECT] 
2026-05-05 23:33:28,177 [ERROR] LogOutputStream:75 - [STDERR_REDIRECT] [Fatal Error] :1:1: Premature end of file.
2026-05-05 23:33:28,177 [ERROR] LogOutputStream:75 - [STDERR_REDIRECT] 
2026-05-05 23:33:29,182 [ERROR] LogOutputStream:75 - [STDERR_REDIRECT] [Fatal Error] :1:1: Premature end of file.
2026-05-05 23:33:29,182 [ERROR] LogOutputStream:75 - [STDERR_REDIRECT] 
2026-05-05 23:33:30,209 [ERROR] LogOutputStream:75 - [STDERR_REDIRECT] [Fatal Error] :1:1: Premature end of file.
2026-05-05 23:33:30,209 [ERROR] LogOutputStream:75 - [STDERR_REDIRECT] 
2026-05-05 23:33:31,180 [ERROR] LogOutputStream:75 - [STDERR_REDIRECT] [Fatal Error] :1:1: Premature end of file.
2026-05-05 23:33:31,180 [ERROR] LogOutputStream:75 - [STDERR_REDIRECT] 
2026-05-05 23:33:32,177 [ERROR] LogOutputStream:75 - [STDERR_REDIRECT] [Fatal Error] :1:1: Premature end of file.
2026-05-05 23:33:32,178 [ERROR] LogOutputStream:75 - [STDERR_REDIRECT] 
2026-05-05 23:33:33,174 [ERROR] LogOutputStream:75 - [STDERR_REDIRECT] [Fatal Error] :1:1: Premature end of file.
2026-05-05 23:33:33,175 [ERROR] LogOutputStream:75 - [STDERR_REDIRECT] 
2026-05-05 23:33:34,179 [ERROR] LogOutputStream:75 - [STDERR_REDIRECT] [Fatal Error] :1:1: Premature end of file.
2026-05-05 23:33:34,179 [ERROR] LogOutputStream:75 - [STDERR_REDIRECT] 
2026-05-05 23:33:35,197 [ERROR] LogOutputStream:75 - [STDERR_REDIRECT] [Fatal Error] :1:1: Premature end of file.
2026-05-05 23:33:35,197 [ERROR] LogOutputStream:75 - [STDERR_REDIRECT] 
2026-05-05 23:33:36,175 [ERROR] LogOutputStream:75 - [STDERR_REDIRECT] [Fatal Error] :1:1: Premature end of file.
2026-05-05 23:33:36,175 [ERROR] LogOutputStream:75 - [STDERR_REDIRECT] 
2026-05-05 23:33:37,194 [ERROR] LogOutputStream:75 - [STDERR_REDIRECT] [Fatal Error] :1:1: Premature end of file.
2026-05-05 23:33:37,195 [ERROR] LogOutputStream:75 - [STDERR_REDIRECT] 
2026-05-05 23:33:38,178 [ERROR] LogOutputStream:75 - [STDERR_REDIRECT] [Fatal Error] :1:1: Premature end of file.
2026-05-05 23:33:38,179 [ERROR] LogOutputStream:75 - [STDERR_REDIRECT] 
2026-05-05 23:33:39,178 [ERROR] LogOutputStream:75 - [STDERR_REDIRECT] [Fatal Error] :1:1: Premature end of file.
2026-05-05 23:33:39,178 [ERROR] LogOutputStream:75 - [STDERR_REDIRECT] 
2026-05-05 23:33:40,178 [ERROR] LogOutputStream:75 - [STDERR_REDIRECT] [Fatal Error] :1:1: Premature end of file.
2026-05-05 23:33:40,179 [ERROR] LogOutputStream:75 - [STDERR_REDIRECT] 
2026-05-05 23:33:41,194 [ERROR] LogOutputStream:75 - [STDERR_REDIRECT] [Fatal Error] :1:1: Premature end of file.
2026-05-05 23:33:41,195 [ERROR] LogOutputStream:75 - [STDERR_REDIRECT] 
2026-05-05 23:33:42,191 [ERROR] LogOutputStream:75 - [STDERR_REDIRECT] [Fatal Error] :1:1: Premature end of file.
2026-05-05 23:33:42,191 [ERROR] LogOutputStream:75 - [STDERR_REDIRECT] 
2026-05-05 23:33:43,183 [ERROR] LogOutputStream:75 - [STDERR_REDIRECT] [Fatal Error] :1:1: Premature end of file.
2026-05-05 23:33:43,183 [ERROR] LogOutputStream:75 - [STDERR_REDIRECT] 
2026-05-05 23:33:44,183 [ERROR] LogOutputStream:75 - [STDERR_REDIRECT] [Fatal Error] :1:1: Premature end of file.
2026-05-05 23:33:44,183 [ERROR] LogOutputStream:75 - [STDERR_REDIRECT] 
2026-05-05 23:33:45,177 [ERROR] LogOutputStream:75 - [STDERR_REDIRECT] [Fatal Error] :1:1: Premature end of file.
2026-05-05 23:33:45,177 [ERROR] LogOutputStream:75 - [STDERR_REDIRECT] 
2026-05-05 23:33:46,178 [ERROR] LogOutputStream:75 - [STDERR_REDIRECT] [Fatal Error] :1:1: Premature end of file.
2026-05-05 23:33:46,178 [ERROR] LogOutputStream:75 - [STDERR_REDIRECT] 
2026-05-05 23:33:47,200 [ERROR] LogOutputStream:75 - [STDERR_REDIRECT] [Fatal Error] :1:1: Premature end of file.
2026-05-05 23:33:47,200 [ERROR] LogOutputStream:75 - [STDERR_REDIRECT] 
2026-05-05 23:33:48,184 [ERROR] LogOutputStream:75 - [STDERR_REDIRECT] [Fatal Error] :1:1: Premature end of file.
2026-05-05 23:33:48,184 [ERROR] LogOutputStream:75 - [STDERR_REDIRECT] 
2026-05-05 23:33:49,178 [ERROR] LogOutputStream:75 - [STDERR_REDIRECT] [Fatal Error] :1:1: Premature end of file.
2026-05-05 23:33:49,178 [ERROR] LogOutputStream:75 - [STDERR_REDIRECT] 
2026-05-05 23:33:50,195 [ERROR] LogOutputStream:75 - [STDERR_REDIRECT] [Fatal Error] :1:1: Premature end of file.
2026-05-05 23:33:50,195 [ERROR] LogOutputStream:75 - [STDERR_REDIRECT] 
2026-05-05 23:33:51,200 [ERROR] LogOutputStream:75 - [STDERR_REDIRECT] [Fatal Error] :1:1: Premature end of file.
2026-05-05 23:33:51,201 [ERROR] LogOutputStream:75 - [STDERR_REDIRECT] 
2026-05-05 23:33:52,184 [ERROR] LogOutputStream:75 - [STDERR_REDIRECT] [Fatal Error] :1:1: Premature end of file.
2026-05-05 23:33:52,184 [ERROR] LogOutputStream:75 - [STDERR_REDIRECT] 
2026-05-05 23:33:53,224 [ERROR] LogOutputStream:75 - [STDERR_REDIRECT] [Fatal Error] :1:1: Premature end of file.
2026-05-05 23:33:53,225 [ERROR] LogOutputStream:75 - [STDERR_REDIRECT] 
2026-05-05 23:33:54,179 [ERROR] LogOutputStream:75 - [STDERR_REDIRECT] [Fatal Error] :1:1: Premature end of file.
2026-05-05 23:33:54,180 [ERROR] LogOutputStream:75 - [STDERR_REDIRECT] 
2026-05-05 23:33:55,178 [ERROR] LogOutputStream:75 - [STDERR_REDIRECT] [Fatal Error] :1:1: Premature end of file.
2026-05-05 23:33:55,178 [ERROR] LogOutputStream:75 - [STDERR_REDIRECT] 
2026-05-05 23:33:56,176 [ERROR] LogOutputStream:75 - [STDERR_REDIRECT] [Fatal Error] :1:1: Premature end of file.
2026-05-05 23:33:56,176 [ERROR] LogOutputStream:75 - [STDERR_REDIRECT] 
2026-05-05 23:33:57,189 [ERROR] LogOutputStream:75 - [STDERR_REDIRECT] [Fatal Error] :1:1: Premature end of file.
2026-05-05 23:33:57,189 [ERROR] LogOutputStream:75 - [STDERR_REDIRECT] 
2026-05-05 23:33:58,174 [ERROR] LogOutputStream:75 - [STDERR_REDIRECT] [Fatal Error] :1:1: Premature end of file.
2026-05-05 23:33:58,174 [ERROR] LogOutputStream:75 - [STDERR_REDIRECT] 
2026-05-05 23:33:59,177 [ERROR] LogOutputStream:75 - [STDERR_REDIRECT] [Fatal Error] :1:1: Premature end of file.
2026-05-05 23:33:59,177 [ERROR] LogOutputStream:75 - [STDERR_REDIRECT] 
2026-05-05 23:34:00,194 [ERROR] LogOutputStream:75 - [STDERR_REDIRECT] [Fatal Error] :1:1: Premature end of file.
2026-05-05 23:34:00,194 [ERROR] LogOutputStream:75 - [STDERR_REDIRECT] 
2026-05-05 23:34:01,181 [ERROR] LogOutputStream:75 - [STDERR_REDIRECT] [Fatal Error] :1:1: Premature end of file.
2026-05-05 23:34:01,181 [ERROR] LogOutputStream:75 - [STDERR_REDIRECT] 
2026-05-05 23:34:02,175 [ERROR] LogOutputStream:75 - [STDERR_REDIRECT] [Fatal Error] :1:1: Premature end of file.
2026-05-05 23:34:02,175 [ERROR] LogOutputStream:75 - [STDERR_REDIRECT] 
2026-05-05 23:34:03,188 [ERROR] LogOutputStream:75 - [STDERR_REDIRECT] [Fatal Error] :1:1: Premature end of file.
2026-05-05 23:34:03,188 [ERROR] LogOutputStream:75 - [STDERR_REDIRECT] 
2026-05-05 23:34:04,174 [ERROR] LogOutputStream:75 - [STDERR_REDIRECT] [Fatal Error] :1:1: Premature end of file.
2026-05-05 23:34:04,175 [ERROR] LogOutputStream:75 - [STDERR_REDIRECT] 
2026-05-05 23:34:05,207 [ERROR] LogOutputStream:75 - [STDERR_REDIRECT] [Fatal Error] :1:1: Premature end of file.
2026-05-05 23:34:05,207 [ERROR] LogOutputStream:75 - [STDERR_REDIRECT] 
2026-05-05 23:34:06,202 [ERROR] LogOutputStream:75 - [STDERR_REDIRECT] [Fatal Error] :1:1: Premature end of file.
2026-05-05 23:34:06,203 [ERROR] LogOutputStream:75 - [STDERR_REDIRECT] 
2026-05-05 23:34:07,197 [ERROR] LogOutputStream:75 - [STDERR_REDIRECT] [Fatal Error] :1:1: Premature end of file.
2026-05-05 23:34:07,197 [ERROR] LogOutputStream:75 - [STDERR_REDIRECT] 
2026-05-05 23:34:08,210 [ERROR] LogOutputStream:75 - [STDERR_REDIRECT] [Fatal Error] :1:1: Premature end of file.
2026-05-05 23:34:08,210 [ERROR] LogOutputStream:75 - [STDERR_REDIRECT] 
2026-05-05 23:34:09,180 [ERROR] LogOutputStream:75 - [STDERR_REDIRECT] [Fatal Error] :1:1: Premature end of file.
2026-05-05 23:34:09,180 [ERROR] LogOutputStream:75 - [STDERR_REDIRECT] 
2026-05-05 23:34:10,331 [ERROR] LogOutputStream:75 - [STDERR_REDIRECT] [Fatal Error] :1:1: Premature end of file.
2026-05-05 23:34:10,331 [ERROR] LogOutputStream:75 - [STDERR_REDIRECT] 
2026-05-05 23:34:11,180 [ERROR] LogOutputStream:75 - [STDERR_REDIRECT] [Fatal Error] :1:1: Premature end of file.
2026-05-05 23:34:11,181 [ERROR] LogOutputStream:75 - [STDERR_REDIRECT] 
2026-05-05 23:34:12,178 [ERROR] LogOutputStream:75 - [STDERR_REDIRECT] [Fatal Error] :1:1: Premature end of file.
2026-05-05 23:34:12,178 [ERROR] LogOutputStream:75 - [STDERR_REDIRECT] 
2026-05-05 23:34:13,181 [ERROR] LogOutputStream:75 - [STDERR_REDIRECT] [Fatal Error] :1:1: Premature end of file.
2026-05-05 23:34:13,181 [ERROR] LogOutputStream:75 - [STDERR_REDIRECT] 
2026-05-05 23:34:14,178 [ERROR] LogOutputStream:75 - [STDERR_REDIRECT] [Fatal Error] :1:1: Premature end of file.
2026-05-05 23:34:14,179 [ERROR] LogOutputStream:75 - [STDERR_REDIRECT] 
2026-05-05 23:34:15,175 [ERROR] LogOutputStream:75 - [STDERR_REDIRECT] [Fatal Error] :1:1: Premature end of file.
2026-05-05 23:34:15,175 [ERROR] LogOutputStream:75 - [STDERR_REDIRECT] 
2026-05-05 23:34:16,179 [ERROR] LogOutputStream:75 - [STDERR_REDIRECT] [Fatal Error] :1:1: Premature end of file.
2026-05-05 23:34:16,180 [ERROR] LogOutputStream:75 - [STDERR_REDIRECT] 
2026-05-05 23:34:17,177 [ERROR] LogOutputStream:75 - [STDERR_REDIRECT] [Fatal Error] :1:1: Premature end of file.
2026-05-05 23:34:17,177 [ERROR] LogOutputStream:75 - [STDERR_REDIRECT] 
2026-05-05 23:34:18,177 [ERROR] LogOutputStream:75 - [STDERR_REDIRECT] [Fatal Error] :1:1: Premature end of file.
2026-05-05 23:34:18,178 [ERROR] LogOutputStream:75 - [STDERR_REDIRECT] 
2026-05-05 23:34:19,177 [ERROR] LogOutputStream:75 - [STDERR_REDIRECT] [Fatal Error] :1:1: Premature end of file.
2026-05-05 23:34:19,178 [ERROR] LogOutputStream:75 - [STDERR_REDIRECT] 
2026-05-05 23:34:20,177 [ERROR] LogOutputStream:75 - [STDERR_REDIRECT] [Fatal Error] :1:1: Premature end of file.
2026-05-05 23:34:20,177 [ERROR] LogOutputStream:75 - [STDERR_REDIRECT] 
2026-05-05 23:34:21,177 [ERROR] LogOutputStream:75 - [STDERR_REDIRECT] [Fatal Error] :1:1: Premature end of file.
2026-05-05 23:34:21,177 [ERROR] LogOutputStream:75 - [STDERR_REDIRECT] 
2026-05-05 23:34:22,178 [ERROR] LogOutputStream:75 - [STDERR_REDIRECT] [Fatal Error] :1:1: Premature end of file.
2026-05-05 23:34:22,178 [ERROR] LogOutputStream:75 - [STDERR_REDIRECT] 
2026-05-05 23:34:23,222 [ERROR] LogOutputStream:75 - [STDERR_REDIRECT] [Fatal Error] :1:1: Premature end of file.
2026-05-05 23:34:23,222 [ERROR] LogOutputStream:75 - [STDERR_REDIRECT] 
2026-05-05 23:34:24,176 [ERROR] LogOutputStream:75 - [STDERR_REDIRECT] [Fatal Error] :1:1: Premature end of file.
2026-05-05 23:34:24,176 [ERROR] LogOutputStream:75 - [STDERR_REDIRECT] 
2026-05-05 23:34:25,177 [ERROR] LogOutputStream:75 - [STDERR_REDIRECT] [Fatal Error] :1:1: Premature end of file.
2026-05-05 23:34:25,177 [ERROR] LogOutputStream:75 - [STDERR_REDIRECT] 
2026-05-05 23:34:26,180 [ERROR] LogOutputStream:75 - [STDERR_REDIRECT] [Fatal Error] :1:1: Premature end of file.
2026-05-05 23:34:26,180 [ERROR] LogOutputStream:75 - [STDERR_REDIRECT] 
2026-05-05 23:34:27,175 [ERROR] LogOutputStream:75 - [STDERR_REDIRECT] [Fatal Error] :1:1: Premature end of file.
2026-05-05 23:34:27,175 [ERROR] LogOutputStream:75 - [STDERR_REDIRECT] 
2026-05-05 23:34:28,179 [ERROR] LogOutputStream:75 - [STDERR_REDIRECT] [Fatal Error] :1:1: Premature end of file.
2026-05-05 23:34:28,179 [ERROR] LogOutputStream:75 - [STDERR_REDIRECT] 
2026-05-05 23:34:29,176 [ERROR] LogOutputStream:75 - [STDERR_REDIRECT] [Fatal Error] :1:1: Premature end of file.
2026-05-05 23:34:29,176 [ERROR] LogOutputStream:75 - [STDERR_REDIRECT] 
2026-05-05 23:34:30,178 [ERROR] LogOutputStream:75 - [STDERR_REDIRECT] [Fatal Error] :1:1: Premature end of file.
2026-05-05 23:34:30,178 [ERROR] LogOutputStream:75 - [STDERR_REDIRECT] 
2026-05-05 23:34:31,174 [ERROR] LogOutputStream:75 - [STDERR_REDIRECT] [Fatal Error] :1:1: Premature end of file.
2026-05-05 23:34:31,174 [ERROR] LogOutputStream:75 - [STDERR_REDIRECT] 
2026-05-05 23:34:32,320 [ERROR] LogOutputStream:75 - [STDERR_REDIRECT] [Fatal Error] :1:1: Premature end of file.
2026-05-05 23:34:32,320 [ERROR] LogOutputStream:75 - [STDERR_REDIRECT] 
2026-05-05 23:34:33,187 [ERROR] LogOutputStream:75 - [STDERR_REDIRECT] [Fatal Error] :1:1: Premature end of file.
2026-05-05 23:34:33,187 [ERROR] LogOutputStream:75 - [STDERR_REDIRECT] 
2026-05-05 23:34:34,188 [ERROR] LogOutputStream:75 - [STDERR_REDIRECT] [Fatal Error] :1:1: Premature end of file.
2026-05-05 23:34:34,189 [ERROR] LogOutputStream:75 - [STDERR_REDIRECT] 
2026-05-05 23:34:35,178 [ERROR] LogOutputStream:75 - [STDERR_REDIRECT] [Fatal Error] :1:1: Premature end of file.
2026-05-05 23:34:35,179 [ERROR] LogOutputStream:75 - [STDERR_REDIRECT] 
2026-05-05 23:34:36,184 [ERROR] LogOutputStream:75 - [STDERR_REDIRECT] [Fatal Error] :1:1: Premature end of file.
2026-05-05 23:34:36,184 [ERROR] LogOutputStream:75 - [STDERR_REDIRECT] 
2026-05-05 23:34:37,185 [ERROR] LogOutputStream:75 - [STDERR_REDIRECT] [Fatal Error] :1:1: Premature end of file.
2026-05-05 23:34:37,185 [ERROR] LogOutputStream:75 - [STDERR_REDIRECT] 
2026-05-05 23:34:38,179 [ERROR] LogOutputStream:75 - [STDERR_REDIRECT] [Fatal Error] :1:1: Premature end of file.
2026-05-05 23:34:38,179 [ERROR] LogOutputStream:75 - [STDERR_REDIRECT] 
2026-05-05 23:34:39,179 [ERROR] LogOutputStream:75 - [STDERR_REDIRECT] [Fatal Error] :1:1: Premature end of file.
2026-05-05 23:34:39,179 [ERROR] LogOutputStream:75 - [STDERR_REDIRECT] 
2026-05-05 23:34:40,206 [ERROR] LogOutputStream:75 - [STDERR_REDIRECT] [Fatal Error] :1:1: Premature end of file.
2026-05-05 23:34:40,206 [ERROR] LogOutputStream:75 - [STDERR_REDIRECT] 
2026-05-05 23:34:41,177 [ERROR] LogOutputStream:75 - [STDERR_REDIRECT] [Fatal Error] :1:1: Premature end of file.
2026-05-05 23:34:41,177 [ERROR] LogOutputStream:75 - [STDERR_REDIRECT] 
2026-05-05 23:34:42,197 [ERROR] LogOutputStream:75 - [STDERR_REDIRECT] [Fatal Error] :1:1: Premature end of file.
2026-05-05 23:34:42,197 [ERROR] LogOutputStream:75 - [STDERR_REDIRECT] 
2026-05-05 23:34:43,181 [ERROR] LogOutputStream:75 - [STDERR_REDIRECT] [Fatal Error] :1:1: Premature end of file.
2026-05-05 23:34:43,181 [ERROR] LogOutputStream:75 - [STDERR_REDIRECT] 
2026-05-05 23:34:44,185 [ERROR] LogOutputStream:75 - [STDERR_REDIRECT] [Fatal Error] :1:1: Premature end of file.
2026-05-05 23:34:44,186 [ERROR] LogOutputStream:75 - [STDERR_REDIRECT] 
2026-05-05 23:34:45,178 [ERROR] LogOutputStream:75 - [STDERR_REDIRECT] [Fatal Error] :1:1: Premature end of file.
2026-05-05 23:34:45,178 [ERROR] LogOutputStream:75 - [STDERR_REDIRECT] 
2026-05-05 23:34:46,206 [ERROR] LogOutputStream:75 - [STDERR_REDIRECT] [Fatal Error] :1:1: Premature end of file.
2026-05-05 23:34:46,207 [ERROR] LogOutputStream:75 - [STDERR_REDIRECT] 
2026-05-05 23:34:47,196 [ERROR] LogOutputStream:75 - [STDERR_REDIRECT] [Fatal Error] :1:1: Premature end of file.
2026-05-05 23:34:47,196 [ERROR] LogOutputStream:75 - [STDERR_REDIRECT] 
2026-05-05 23:34:48,222 [ERROR] LogOutputStream:75 - [STDERR_REDIRECT] [Fatal Error] :1:1: Premature end of file.
2026-05-05 23:34:48,223 [ERROR] LogOutputStream:75 - [STDERR_REDIRECT] 
2026-05-05 23:34:49,196 [ERROR] LogOutputStream:75 - [STDERR_REDIRECT] [Fatal Error] :1:1: Premature end of file.
2026-05-05 23:34:49,196 [ERROR] LogOutputStream:75 - [STDERR_REDIRECT] 
2026-05-05 23:34:50,203 [ERROR] LogOutputStream:75 - [STDERR_REDIRECT] [Fatal Error] :1:1: Premature end of file.
2026-05-05 23:34:50,203 [ERROR] LogOutputStream:75 - [STDERR_REDIRECT] 
2026-05-05 23:34:51,192 [ERROR] LogOutputStream:75 - [STDERR_REDIRECT] [Fatal Error] :1:1: Premature end of file.
2026-05-05 23:34:51,192 [ERROR] LogOutputStream:75 - [STDERR_REDIRECT] 
2026-05-05 23:34:52,203 [ERROR] LogOutputStream:75 - [STDERR_REDIRECT] [Fatal Error] :1:1: Premature end of file.
2026-05-05 23:34:52,204 [ERROR] LogOutputStream:75 - [STDERR_REDIRECT] 
2026-05-05 23:34:53,194 [ERROR] LogOutputStream:75 - [STDERR_REDIRECT] [Fatal Error] :1:1: Premature end of file.
2026-05-05 23:34:53,194 [ERROR] LogOutputStream:75 - [STDERR_REDIRECT] 
2026-05-05 23:34:54,191 [ERROR] LogOutputStream:75 - [STDERR_REDIRECT] [Fatal Error] :1:1: Premature end of file.
2026-05-05 23:34:54,191 [ERROR] LogOutputStream:75 - [STDERR_REDIRECT] 
2026-05-05 23:34:55,198 [ERROR] LogOutputStream:75 - [STDERR_REDIRECT] [Fatal Error] :1:1: Premature end of file.
2026-05-05 23:34:55,198 [ERROR] LogOutputStream:75 - [STDERR_REDIRECT] 
2026-05-05 23:34:56,204 [ERROR] LogOutputStream:75 - [STDERR_REDIRECT] [Fatal Error] :1:1: Premature end of file.
2026-05-05 23:34:56,204 [ERROR] LogOutputStream:75 - [STDERR_REDIRECT] 
2026-05-05 23:34:57,199 [ERROR] LogOutputStream:75 - [STDERR_REDIRECT] [Fatal Error] :1:1: Premature end of file.
2026-05-05 23:34:57,199 [ERROR] LogOutputStream:75 - [STDERR_REDIRECT] 
2026-05-05 23:34:58,203 [ERROR] LogOutputStream:75 - [STDERR_REDIRECT] [Fatal Error] :1:1: Premature end of file.
2026-05-05 23:34:58,203 [ERROR] LogOutputStream:75 - [STDERR_REDIRECT] 
2026-05-05 23:34:59,207 [ERROR] LogOutputStream:75 - [STDERR_REDIRECT] [Fatal Error] :1:1: Premature end of file.
2026-05-05 23:34:59,207 [ERROR] LogOutputStream:75 - [STDERR_REDIRECT] 
2026-05-05 23:35:00,195 [ERROR] LogOutputStream:75 - [STDERR_REDIRECT] [Fatal Error] :1:1: Premature end of file.
2026-05-05 23:35:00,195 [ERROR] LogOutputStream:75 - [STDERR_REDIRECT] 
2026-05-05 23:35:01,204 [ERROR] LogOutputStream:75 - [STDERR_REDIRECT] [Fatal Error] :1:1: Premature end of file.
2026-05-05 23:35:01,205 [ERROR] LogOutputStream:75 - [STDERR_REDIRECT] 
2026-05-05 23:35:02,191 [ERROR] LogOutputStream:75 - [STDERR_REDIRECT] [Fatal Error] :1:1: Premature end of file.
2026-05-05 23:35:02,191 [ERROR] LogOutputStream:75 - [STDERR_REDIRECT] 
2026-05-05 23:35:03,196 [ERROR] LogOutputStream:75 - [STDERR_REDIRECT] [Fatal Error] :1:1: Premature end of file.
2026-05-05 23:35:03,196 [ERROR] LogOutputStream:75 - [STDERR_REDIRECT] 
2026-05-05 23:35:04,207 [ERROR] LogOutputStream:75 - [STDERR_REDIRECT] [Fatal Error] :1:1: Premature end of file.
2026-05-05 23:35:04,207 [ERROR] LogOutputStream:75 - [STDERR_REDIRECT] 
2026-05-05 23:35:05,203 [ERROR] LogOutputStream:75 - [STDERR_REDIRECT] [Fatal Error] :1:1: Premature end of file.
2026-05-05 23:35:05,203 [ERROR] LogOutputStream:75 - [STDERR_REDIRECT] 
2026-05-05 23:35:06,203 [ERROR] LogOutputStream:75 - [STDERR_REDIRECT] [Fatal Error] :1:1: Premature end of file.
2026-05-05 23:35:06,203 [ERROR] LogOutputStream:75 - [STDERR_REDIRECT] 
2026-05-05 23:35:07,222 [ERROR] LogOutputStream:75 - [STDERR_REDIRECT] [Fatal Error] :1:1: Premature end of file.
2026-05-05 23:35:07,222 [ERROR] LogOutputStream:75 - [STDERR_REDIRECT] 
2026-05-05 23:35:08,194 [ERROR] LogOutputStream:75 - [STDERR_REDIRECT] [Fatal Error] :1:1: Premature end of file.
2026-05-05 23:35:08,195 [ERROR] LogOutputStream:75 - [STDERR_REDIRECT] 
2026-05-05 23:35:09,212 [ERROR] LogOutputStream:75 - [STDERR_REDIRECT] [Fatal Error] :1:1: Premature end of file.
2026-05-05 23:35:09,212 [ERROR] LogOutputStream:75 - [STDERR_REDIRECT] 
2026-05-05 23:35:10,204 [ERROR] LogOutputStream:75 - [STDERR_REDIRECT] [Fatal Error] :1:1: Premature end of file.
2026-05-05 23:35:10,204 [ERROR] LogOutputStream:75 - [STDERR_REDIRECT] 
2026-05-05 23:35:11,200 [ERROR] LogOutputStream:75 - [STDERR_REDIRECT] [Fatal Error] :1:1: Premature end of file.
2026-05-05 23:35:11,201 [ERROR] LogOutputStream:75 - [STDERR_REDIRECT] 
2026-05-05 23:35:12,192 [ERROR] LogOutputStream:75 - [STDERR_REDIRECT] [Fatal Error] :1:1: Premature end of file.
2026-05-05 23:35:12,192 [ERROR] LogOutputStream:75 - [STDERR_REDIRECT] 
2026-05-05 23:35:13,202 [ERROR] LogOutputStream:75 - [STDERR_REDIRECT] [Fatal Error] :1:1: Premature end of file.
2026-05-05 23:35:13,203 [ERROR] LogOutputStream:75 - [STDERR_REDIRECT] 
2026-05-05 23:35:14,195 [ERROR] LogOutputStream:75 - [STDERR_REDIRECT] [Fatal Error] :1:1: Premature end of file.
2026-05-05 23:35:14,195 [ERROR] LogOutputStream:75 - [STDERR_REDIRECT] 
2026-05-05 23:35:15,197 [ERROR] LogOutputStream:75 - [STDERR_REDIRECT] [Fatal Error] :1:1: Premature end of file.
2026-05-05 23:35:15,197 [ERROR] LogOutputStream:75 - [STDERR_REDIRECT] 
2026-05-05 23:35:16,188 [ERROR] LogOutputStream:75 - [STDERR_REDIRECT] [Fatal Error] :1:1: Premature end of file.
2026-05-05 23:35:16,188 [ERROR] LogOutputStream:75 - [STDERR_REDIRECT] 
2026-05-05 23:35:17,187 [ERROR] LogOutputStream:75 - [STDERR_REDIRECT] [Fatal Error] :1:1: Premature end of file.
2026-05-05 23:35:17,188 [ERROR] LogOutputStream:75 - [STDERR_REDIRECT] 
2026-05-05 23:35:18,196 [ERROR] LogOutputStream:75 - [STDERR_REDIRECT] [Fatal Error] :1:1: Premature end of file.
2026-05-05 23:35:18,196 [ERROR] LogOutputStream:75 - [STDERR_REDIRECT] 
2026-05-05 23:35:19,203 [ERROR] LogOutputStream:75 - [STDERR_REDIRECT] [Fatal Error] :1:1: Premature end of file.
2026-05-05 23:35:19,203 [ERROR] LogOutputStream:75 - [STDERR_REDIRECT] 
2026-05-05 23:35:20,191 [ERROR] LogOutputStream:75 - [STDERR_REDIRECT] [Fatal Error] :1:1: Premature end of file.
2026-05-05 23:35:20,191 [ERROR] LogOutputStream:75 - [STDERR_REDIRECT] 
2026-05-05 23:35:21,196 [ERROR] LogOutputStream:75 - [STDERR_REDIRECT] [Fatal Error] :1:1: Premature end of file.
2026-05-05 23:35:21,196 [ERROR] LogOutputStream:75 - [STDERR_REDIRECT] 
2026-05-05 23:35:22,191 [ERROR] LogOutputStream:75 - [STDERR_REDIRECT] [Fatal Error] :1:1: Premature end of file.
2026-05-05 23:35:22,191 [ERROR] LogOutputStream:75 - [STDERR_REDIRECT] 
2026-05-05 23:35:23,200 [ERROR] LogOutputStream:75 - [STDERR_REDIRECT] [Fatal Error] :1:1: Premature end of file.
2026-05-05 23:35:23,200 [ERROR] LogOutputStream:75 - [STDERR_REDIRECT] 
2026-05-05 23:35:24,212 [ERROR] LogOutputStream:75 - [STDERR_REDIRECT] [Fatal Error] :1:1: Premature end of file.
2026-05-05 23:35:24,212 [ERROR] LogOutputStream:75 - [STDERR_REDIRECT] 
2026-05-05 23:35:25,206 [ERROR] LogOutputStream:75 - [STDERR_REDIRECT] [Fatal Error] :1:1: Premature end of file.
2026-05-05 23:35:25,206 [ERROR] LogOutputStream:75 - [STDERR_REDIRECT] 
2026-05-05 23:35:26,202 [ERROR] LogOutputStream:75 - [STDERR_REDIRECT] [Fatal Error] :1:1: Premature end of file.
2026-05-05 23:35:26,202 [ERROR] LogOutputStream:75 - [STDERR_REDIRECT] 
2026-05-05 23:35:27,187 [ERROR] LogOutputStream:75 - [STDERR_REDIRECT] [Fatal Error] :1:1: Premature end of file.
2026-05-05 23:35:27,187 [ERROR] LogOutputStream:75 - [STDERR_REDIRECT] 
2026-05-05 23:35:28,203 [ERROR] LogOutputStream:75 - [STDERR_REDIRECT] [Fatal Error] :1:1: Premature end of file.
2026-05-05 23:35:28,203 [ERROR] LogOutputStream:75 - [STDERR_REDIRECT] 
2026-05-05 23:35:29,221 [ERROR] LogOutputStream:75 - [STDERR_REDIRECT] [Fatal Error] :1:1: Premature end of file.
2026-05-05 23:35:29,221 [ERROR] LogOutputStream:75 - [STDERR_REDIRECT] 
2026-05-05 23:35:30,209 [ERROR] LogOutputStream:75 - [STDERR_REDIRECT] [Fatal Error] :1:1: Premature end of file.
2026-05-05 23:35:30,209 [ERROR] LogOutputStream:75 - [STDERR_REDIRECT] 
2026-05-05 23:35:31,211 [ERROR] LogOutputStream:75 - [STDERR_REDIRECT] [Fatal Error] :1:1: Premature end of file.
2026-05-05 23:35:31,212 [ERROR] LogOutputStream:75 - [STDERR_REDIRECT] 
2026-05-05 23:35:32,188 [ERROR] LogOutputStream:75 - [STDERR_REDIRECT] [Fatal Error] :1:1: Premature end of file.
2026-05-05 23:35:32,188 [ERROR] LogOutputStream:75 - [STDERR_REDIRECT] 
2026-05-05 23:35:33,188 [ERROR] LogOutputStream:75 - [STDERR_REDIRECT] [Fatal Error] :1:1: Premature end of file.
2026-05-05 23:35:33,188 [ERROR] LogOutputStream:75 - [STDERR_REDIRECT] 
2026-05-05 23:35:34,201 [ERROR] LogOutputStream:75 - [STDERR_REDIRECT] [Fatal Error] :1:1: Premature end of file.
2026-05-05 23:35:34,202 [ERROR] LogOutputStream:75 - [STDERR_REDIRECT] 
2026-05-05 23:35:35,195 [ERROR] LogOutputStream:75 - [STDERR_REDIRECT] [Fatal Error] :1:1: Premature end of file.
2026-05-05 23:35:35,195 [ERROR] LogOutputStream:75 - [STDERR_REDIRECT] 
2026-05-05 23:35:36,187 [ERROR] LogOutputStream:75 - [STDERR_REDIRECT] [Fatal Error] :1:1: Premature end of file.
2026-05-05 23:35:36,187 [ERROR] LogOutputStream:75 - [STDERR_REDIRECT] 
2026-05-05 23:35:37,197 [ERROR] LogOutputStream:75 - [STDERR_REDIRECT] [Fatal Error] :1:1: Premature end of file.
2026-05-05 23:35:37,197 [ERROR] LogOutputStream:75 - [STDERR_REDIRECT] 
2026-05-05 23:35:38,186 [ERROR] LogOutputStream:75 - [STDERR_REDIRECT] [Fatal Error] :1:1: Premature end of file.
2026-05-05 23:35:38,187 [ERROR] LogOutputStream:75 - [STDERR_REDIRECT] 
2026-05-05 23:35:39,186 [ERROR] LogOutputStream:75 - [STDERR_REDIRECT] [Fatal Error] :1:1: Premature end of file.
2026-05-05 23:35:39,186 [ERROR] LogOutputStream:75 - [STDERR_REDIRECT] 
2026-05-05 23:35:40,193 [ERROR] LogOutputStream:75 - [STDERR_REDIRECT] [Fatal Error] :1:1: Premature end of file.
2026-05-05 23:35:40,193 [ERROR] LogOutputStream:75 - [STDERR_REDIRECT] 
2026-05-05 23:35:41,198 [ERROR] LogOutputStream:75 - [STDERR_REDIRECT] [Fatal Error] :1:1: Premature end of file.
2026-05-05 23:35:41,198 [ERROR] LogOutputStream:75 - [STDERR_REDIRECT] 
2026-05-05 23:35:42,199 [ERROR] LogOutputStream:75 - [STDERR_REDIRECT] [Fatal Error] :1:1: Premature end of file.
2026-05-05 23:35:42,200 [ERROR] LogOutputStream:75 - [STDERR_REDIRECT] 
2026-05-05 23:35:43,204 [ERROR] LogOutputStream:75 - [STDERR_REDIRECT] [Fatal Error] :1:1: Premature end of file.
2026-05-05 23:35:43,204 [ERROR] LogOutputStream:75 - [STDERR_REDIRECT] 
2026-05-05 23:35:44,201 [ERROR] LogOutputStream:75 - [STDERR_REDIRECT] [Fatal Error] :1:1: Premature end of file.
2026-05-05 23:35:44,201 [ERROR] LogOutputStream:75 - [STDERR_REDIRECT] 
2026-05-05 23:35:45,192 [ERROR] LogOutputStream:75 - [STDERR_REDIRECT] [Fatal Error] :1:1: Premature end of file.
2026-05-05 23:35:45,192 [ERROR] LogOutputStream:75 - [STDERR_REDIRECT] 
2026-05-05 23:35:46,201 [ERROR] LogOutputStream:75 - [STDERR_REDIRECT] [Fatal Error] :1:1: Premature end of file.
2026-05-05 23:35:46,202 [ERROR] LogOutputStream:75 - [STDERR_REDIRECT] 
2026-05-05 23:35:47,194 [ERROR] LogOutputStream:75 - [STDERR_REDIRECT] [Fatal Error] :1:1: Premature end of file.
2026-05-05 23:35:47,194 [ERROR] LogOutputStream:75 - [STDERR_REDIRECT] 
2026-05-05 23:35:48,199 [ERROR] LogOutputStream:75 - [STDERR_REDIRECT] [Fatal Error] :1:1: Premature end of file.
2026-05-05 23:35:48,199 [ERROR] LogOutputStream:75 - [STDERR_REDIRECT] 
2026-05-05 23:35:49,198 [ERROR] LogOutputStream:75 - [STDERR_REDIRECT] [Fatal Error] :1:1: Premature end of file.
2026-05-05 23:35:49,198 [ERROR] LogOutputStream:75 - [STDERR_REDIRECT] 
2026-05-05 23:35:50,192 [ERROR] LogOutputStream:75 - [STDERR_REDIRECT] [Fatal Error] :1:1: Premature end of file.
2026-05-05 23:35:50,192 [ERROR] LogOutputStream:75 - [STDERR_REDIRECT] 
2026-05-05 23:35:51,208 [ERROR] LogOutputStream:75 - [STDERR_REDIRECT] [Fatal Error] :1:1: Premature end of file.
2026-05-05 23:35:51,208 [ERROR] LogOutputStream:75 - [STDERR_REDIRECT] 
2026-05-05 23:35:52,199 [ERROR] LogOutputStream:75 - [STDERR_REDIRECT] [Fatal Error] :1:1: Premature end of file.
2026-05-05 23:35:52,199 [ERROR] LogOutputStream:75 - [STDERR_REDIRECT] 
2026-05-05 23:35:53,218 [ERROR] LogOutputStream:75 - [STDERR_REDIRECT] [Fatal Error] :1:1: Premature end of file.
2026-05-05 23:35:53,219 [ERROR] LogOutputStream:75 - [STDERR_REDIRECT] 
2026-05-05 23:35:54,191 [ERROR] LogOutputStream:75 - [STDERR_REDIRECT] [Fatal Error] :1:1: Premature end of file.
2026-05-05 23:35:54,191 [ERROR] LogOutputStream:75 - [STDERR_REDIRECT] 
2026-05-05 23:35:55,200 [ERROR] LogOutputStream:75 - [STDERR_REDIRECT] [Fatal Error] :1:1: Premature end of file.
2026-05-05 23:35:55,200 [ERROR] LogOutputStream:75 - [STDERR_REDIRECT] 
2026-05-05 23:35:56,192 [ERROR] LogOutputStream:75 - [STDERR_REDIRECT] [Fatal Error] :1:1: Premature end of file.
2026-05-05 23:35:56,192 [ERROR] LogOutputStream:75 - [STDERR_REDIRECT] 
2026-05-05 23:35:57,191 [ERROR] LogOutputStream:75 - [STDERR_REDIRECT] [Fatal Error] :1:1: Premature end of file.
2026-05-05 23:35:57,191 [ERROR] LogOutputStream:75 - [STDERR_REDIRECT] 
2026-05-05 23:35:58,200 [ERROR] LogOutputStream:75 - [STDERR_REDIRECT] [Fatal Error] :1:1: Premature end of file.
2026-05-05 23:35:58,200 [ERROR] LogOutputStream:75 - [STDERR_REDIRECT] 
2026-05-05 23:35:59,213 [ERROR] LogOutputStream:75 - [STDERR_REDIRECT] [Fatal Error] :1:1: Premature end of file.
2026-05-05 23:35:59,213 [ERROR] LogOutputStream:75 - [STDERR_REDIRECT] 
2026-05-05 23:36:00,199 [ERROR] LogOutputStream:75 - [STDERR_REDIRECT] [Fatal Error] :1:1: Premature end of file.
2026-05-05 23:36:00,200 [ERROR] LogOutputStream:75 - [STDERR_REDIRECT] 
2026-05-05 23:36:01,197 [ERROR] LogOutputStream:75 - [STDERR_REDIRECT] [Fatal Error] :1:1: Premature end of file.
2026-05-05 23:36:01,197 [ERROR] LogOutputStream:75 - [STDERR_REDIRECT] 
2026-05-05 23:36:02,202 [ERROR] LogOutputStream:75 - [STDERR_REDIRECT] [Fatal Error] :1:1: Premature end of file.
2026-05-05 23:36:02,202 [ERROR] LogOutputStream:75 - [STDERR_REDIRECT] 
2026-05-05 23:36:03,201 [ERROR] LogOutputStream:75 - [STDERR_REDIRECT] [Fatal Error] :1:1: Premature end of file.
2026-05-05 23:36:03,203 [ERROR] LogOutputStream:75 - [STDERR_REDIRECT] 
2026-05-05 23:36:04,195 [ERROR] LogOutputStream:75 - [STDERR_REDIRECT] [Fatal Error] :1:1: Premature end of file.
2026-05-05 23:36:04,196 [ERROR] LogOutputStream:75 - [STDERR_REDIRECT] 
2026-05-05 23:36:05,208 [ERROR] LogOutputStream:75 - [STDERR_REDIRECT] [Fatal Error] :1:1: Premature end of file.
2026-05-05 23:36:05,208 [ERROR] LogOutputStream:75 - [STDERR_REDIRECT] 
2026-05-05 23:36:06,210 [ERROR] LogOutputStream:75 - [STDERR_REDIRECT] [Fatal Error] :1:1: Premature end of file.
2026-05-05 23:36:06,210 [ERROR] LogOutputStream:75 - [STDERR_REDIRECT] 
2026-05-05 23:36:07,194 [ERROR] LogOutputStream:75 - [STDERR_REDIRECT] [Fatal Error] :1:1: Premature end of file.
2026-05-05 23:36:07,194 [ERROR] LogOutputStream:75 - [STDERR_REDIRECT] 
2026-05-05 23:36:08,199 [ERROR] LogOutputStream:75 - [STDERR_REDIRECT] [Fatal Error] :1:1: Premature end of file.
2026-05-05 23:36:08,199 [ERROR] LogOutputStream:75 - [STDERR_REDIRECT] 
2026-05-05 23:36:09,218 [ERROR] LogOutputStream:75 - [STDERR_REDIRECT] [Fatal Error] :1:1: Premature end of file.
2026-05-05 23:36:09,219 [ERROR] LogOutputStream:75 - [STDERR_REDIRECT] 
2026-05-05 23:36:10,205 [ERROR] LogOutputStream:75 - [STDERR_REDIRECT] [Fatal Error] :1:1: Premature end of file.
2026-05-05 23:36:10,205 [ERROR] LogOutputStream:75 - [STDERR_REDIRECT] 
2026-05-05 23:36:11,199 [ERROR] LogOutputStream:75 - [STDERR_REDIRECT] [Fatal Error] :1:1: Premature end of file.
2026-05-05 23:36:11,200 [ERROR] LogOutputStream:75 - [STDERR_REDIRECT] 
2026-05-05 23:36:12,204 [ERROR] LogOutputStream:75 - [STDERR_REDIRECT] [Fatal Error] :1:1: Premature end of file.
2026-05-05 23:36:12,204 [ERROR] LogOutputStream:75 - [STDERR_REDIRECT] 
2026-05-05 23:36:13,197 [ERROR] LogOutputStream:75 - [STDERR_REDIRECT] [Fatal Error] :1:1: Premature end of file.
2026-05-05 23:36:13,197 [ERROR] LogOutputStream:75 - [STDERR_REDIRECT] 
2026-05-05 23:36:14,204 [ERROR] LogOutputStream:75 - [STDERR_REDIRECT] [Fatal Error] :1:1: Premature end of file.
2026-05-05 23:36:14,204 [ERROR] LogOutputStream:75 - [STDERR_REDIRECT] 
2026-05-05 23:36:15,189 [ERROR] LogOutputStream:75 - [STDERR_REDIRECT] [Fatal Error] :1:1: Premature end of file.
2026-05-05 23:36:15,190 [ERROR] LogOutputStream:75 - [STDERR_REDIRECT] 
2026-05-05 23:36:16,188 [ERROR] LogOutputStream:75 - [STDERR_REDIRECT] [Fatal Error] :1:1: Premature end of file.
2026-05-05 23:36:16,188 [ERROR] LogOutputStream:75 - [STDERR_REDIRECT] 
2026-05-05 23:36:17,201 [ERROR] LogOutputStream:75 - [STDERR_REDIRECT] [Fatal Error] :1:1: Premature end of file.
2026-05-05 23:36:17,201 [ERROR] LogOutputStream:75 - [STDERR_REDIRECT] 
2026-05-05 23:36:18,195 [ERROR] LogOutputStream:75 - [STDERR_REDIRECT] [Fatal Error] :1:1: Premature end of file.
2026-05-05 23:36:18,195 [ERROR] LogOutputStream:75 - [STDERR_REDIRECT] 
2026-05-05 23:36:19,193 [ERROR] LogOutputStream:75 - [STDERR_REDIRECT] [Fatal Error] :1:1: Premature end of file.
2026-05-05 23:36:19,193 [ERROR] LogOutputStream:75 - [STDERR_REDIRECT] 
2026-05-05 23:36:20,192 [ERROR] LogOutputStream:75 - [STDERR_REDIRECT] [Fatal Error] :1:1: Premature end of file.
2026-05-05 23:36:20,193 [ERROR] LogOutputStream:75 - [STDERR_REDIRECT] 
2026-05-05 23:36:21,202 [ERROR] LogOutputStream:75 - [STDERR_REDIRECT] [Fatal Error] :1:1: Premature end of file.
2026-05-05 23:36:21,203 [ERROR] LogOutputStream:75 - [STDERR_REDIRECT] 
2026-05-05 23:36:22,197 [ERROR] LogOutputStream:75 - [STDERR_REDIRECT] [Fatal Error] :1:1: Premature end of file.
2026-05-05 23:36:22,197 [ERROR] LogOutputStream:75 - [STDERR_REDIRECT] 
2026-05-05 23:36:23,195 [ERROR] LogOutputStream:75 - [STDERR_REDIRECT] [Fatal Error] :1:1: Premature end of file.
2026-05-05 23:36:23,196 [ERROR] LogOutputStream:75 - [STDERR_REDIRECT] 
2026-05-05 23:36:24,194 [ERROR] LogOutputStream:75 - [STDERR_REDIRECT] [Fatal Error] :1:1: Premature end of file.
2026-05-05 23:36:24,194 [ERROR] LogOutputStream:75 - [STDERR_REDIRECT] 
2026-05-05 23:36:25,181 [ERROR] LogOutputStream:75 - [STDERR_REDIRECT] [Fatal Error] :1:1: Premature end of file.
2026-05-05 23:36:25,181 [ERROR] LogOutputStream:75 - [STDERR_REDIRECT] 
2026-05-05 23:36:26,176 [ERROR] LogOutputStream:75 - [STDERR_REDIRECT] [Fatal Error] :1:1: Premature end of file.
2026-05-05 23:36:26,176 [ERROR] LogOutputStream:75 - [STDERR_REDIRECT] 
2026-05-05 23:36:27,191 [ERROR] LogOutputStream:75 - [STDERR_REDIRECT] [Fatal Error] :1:1: Premature end of file.
2026-05-05 23:36:27,191 [ERROR] LogOutputStream:75 - [STDERR_REDIRECT] 
2026-05-05 23:36:28,196 [ERROR] LogOutputStream:75 - [STDERR_REDIRECT] [Fatal Error] :1:1: Premature end of file.
2026-05-05 23:36:28,196 [ERROR] LogOutputStream:75 - [STDERR_REDIRECT] 
2026-05-05 23:36:29,201 [ERROR] LogOutputStream:75 - [STDERR_REDIRECT] [Fatal Error] :1:1: Premature end of file.
2026-05-05 23:36:29,201 [ERROR] LogOutputStream:75 - [STDERR_REDIRECT] 
2026-05-05 23:36:30,197 [ERROR] LogOutputStream:75 - [STDERR_REDIRECT] [Fatal Error] :1:1: Premature end of file.
2026-05-05 23:36:30,197 [ERROR] LogOutputStream:75 - [STDERR_REDIRECT] 
2026-05-05 23:36:31,191 [ERROR] LogOutputStream:75 - [STDERR_REDIRECT] [Fatal Error] :1:1: Premature end of file.
2026-05-05 23:36:31,192 [ERROR] LogOutputStream:75 - [STDERR_REDIRECT] 
2026-05-05 23:36:32,194 [ERROR] LogOutputStream:75 - [STDERR_REDIRECT] [Fatal Error] :1:1: Premature end of file.
2026-05-05 23:36:32,195 [ERROR] LogOutputStream:75 - [STDERR_REDIRECT] 
2026-05-05 23:36:33,197 [ERROR] LogOutputStream:75 - [STDERR_REDIRECT] [Fatal Error] :1:1: Premature end of file.
2026-05-05 23:36:33,198 [ERROR] LogOutputStream:75 - [STDERR_REDIRECT] 
2026-05-05 23:36:34,187 [ERROR] LogOutputStream:75 - [STDERR_REDIRECT] [Fatal Error] :1:1: Premature end of file.
2026-05-05 23:36:34,187 [ERROR] LogOutputStream:75 - [STDERR_REDIRECT] 
2026-05-05 23:36:35,197 [ERROR] LogOutputStream:75 - [STDERR_REDIRECT] [Fatal Error] :1:1: Premature end of file.
2026-05-05 23:36:35,197 [ERROR] LogOutputStream:75 - [STDERR_REDIRECT] 
2026-05-05 23:36:36,204 [ERROR] LogOutputStream:75 - [STDERR_REDIRECT] [Fatal Error] :1:1: Premature end of file.
2026-05-05 23:36:36,205 [ERROR] LogOutputStream:75 - [STDERR_REDIRECT] 
2026-05-05 23:36:37,183 [ERROR] LogOutputStream:75 - [STDERR_REDIRECT] [Fatal Error] :1:1: Premature end of file.
2026-05-05 23:36:37,183 [ERROR] LogOutputStream:75 - [STDERR_REDIRECT] 
2026-05-05 23:36:38,177 [ERROR] LogOutputStream:75 - [STDERR_REDIRECT] [Fatal Error] :1:1: Premature end of file.
2026-05-05 23:36:38,177 [ERROR] LogOutputStream:75 - [STDERR_REDIRECT] 
2026-05-05 23:36:39,218 [ERROR] LogOutputStream:75 - [STDERR_REDIRECT] [Fatal Error] :1:1: Premature end of file.
2026-05-05 23:36:39,218 [ERROR] LogOutputStream:75 - [STDERR_REDIRECT] 
2026-05-05 23:36:40,218 [ERROR] LogOutputStream:75 - [STDERR_REDIRECT] [Fatal Error] :1:1: Premature end of file.
2026-05-05 23:36:40,218 [ERROR] LogOutputStream:75 - [STDERR_REDIRECT] 
2026-05-05 23:36:41,220 [ERROR] LogOutputStream:75 - [STDERR_REDIRECT] [Fatal Error] :1:1: Premature end of file.
2026-05-05 23:36:41,222 [ERROR] LogOutputStream:75 - [STDERR_REDIRECT] 
2026-05-05 23:36:42,207 [ERROR] LogOutputStream:75 - [STDERR_REDIRECT] [Fatal Error] :1:1: Premature end of file.
2026-05-05 23:36:42,223 [ERROR] LogOutputStream:75 - [STDERR_REDIRECT] 
2026-05-05 23:36:43,228 [ERROR] LogOutputStream:75 - [STDERR_REDIRECT] [Fatal Error] :1:1: Premature end of file.
2026-05-05 23:36:43,228 [ERROR] LogOutputStream:75 - [STDERR_REDIRECT] 
2026-05-05 23:36:44,201 [ERROR] LogOutputStream:75 - [STDERR_REDIRECT] [Fatal Error] :1:1: Premature end of file.
2026-05-05 23:36:44,201 [ERROR] LogOutputStream:75 - [STDERR_REDIRECT] 
2026-05-05 23:36:45,207 [ERROR] LogOutputStream:75 - [STDERR_REDIRECT] [Fatal Error] :1:1: Premature end of file.
2026-05-05 23:36:45,207 [ERROR] LogOutputStream:75 - [STDERR_REDIRECT] 
2026-05-05 23:36:46,227 [ERROR] LogOutputStream:75 - [STDERR_REDIRECT] [Fatal Error] :1:1: Premature end of file.
2026-05-05 23:36:46,227 [ERROR] LogOutputStream:75 - [STDERR_REDIRECT] 
2026-05-05 23:36:47,201 [ERROR] LogOutputStream:75 - [STDERR_REDIRECT] [Fatal Error] :1:1: Premature end of file.
2026-05-05 23:36:47,201 [ERROR] LogOutputStream:75 - [STDERR_REDIRECT] 
2026-05-05 23:36:48,206 [ERROR] LogOutputStream:75 - [STDERR_REDIRECT] [Fatal Error] :1:1: Premature end of file.
2026-05-05 23:36:48,206 [ERROR] LogOutputStream:75 - [STDERR_REDIRECT] 
2026-05-05 23:36:49,232 [ERROR] LogOutputStream:75 - [STDERR_REDIRECT] [Fatal Error] :1:1: Premature end of file.
2026-05-05 23:36:49,232 [ERROR] LogOutputStream:75 - [STDERR_REDIRECT] 
2026-05-05 23:36:50,214 [ERROR] LogOutputStream:75 - [STDERR_REDIRECT] [Fatal Error] :1:1: Premature end of file.
2026-05-05 23:36:50,225 [ERROR] LogOutputStream:75 - [STDERR_REDIRECT] 
2026-05-05 23:36:51,205 [ERROR] LogOutputStream:75 - [STDERR_REDIRECT] [Fatal Error] :1:1: Premature end of file.
2026-05-05 23:36:51,205 [ERROR] LogOutputStream:75 - [STDERR_REDIRECT] 
2026-05-05 23:36:52,211 [ERROR] LogOutputStream:75 - [STDERR_REDIRECT] [Fatal Error] :1:1: Premature end of file.
2026-05-05 23:36:52,211 [ERROR] LogOutputStream:75 - [STDERR_REDIRECT] 
2026-05-05 23:36:53,216 [ERROR] LogOutputStream:75 - [STDERR_REDIRECT] [Fatal Error] :1:1: Premature end of file.
2026-05-05 23:36:53,216 [ERROR] LogOutputStream:75 - [STDERR_REDIRECT] 
2026-05-05 23:36:54,203 [ERROR] LogOutputStream:75 - [STDERR_REDIRECT] [Fatal Error] :1:1: Premature end of file.
2026-05-05 23:36:54,203 [ERROR] LogOutputStream:75 - [STDERR_REDIRECT] 
2026-05-05 23:36:55,207 [ERROR] LogOutputStream:75 - [STDERR_REDIRECT] [Fatal Error] :1:1: Premature end of file.
2026-05-05 23:36:55,207 [ERROR] LogOutputStream:75 - [STDERR_REDIRECT] 
2026-05-05 23:36:56,216 [ERROR] LogOutputStream:75 - [STDERR_REDIRECT] [Fatal Error] :1:1: Premature end of file.
2026-05-05 23:36:56,216 [ERROR] LogOutputStream:75 - [STDERR_REDIRECT] 
2026-05-05 23:36:57,243 [ERROR] LogOutputStream:75 - [STDERR_REDIRECT] [Fatal Error] :1:1: Premature end of file.
2026-05-05 23:36:57,243 [ERROR] LogOutputStream:75 - [STDERR_REDIRECT] 
2026-05-05 23:36:58,230 [ERROR] LogOutputStream:75 - [STDERR_REDIRECT] [Fatal Error] :1:1: Premature end of file.
2026-05-05 23:36:58,230 [ERROR] LogOutputStream:75 - [STDERR_REDIRECT] 
2026-05-05 23:36:59,185 [ERROR] LogOutputStream:75 - [STDERR_REDIRECT] [Fatal Error] :1:1: Premature end of file.
2026-05-05 23:36:59,185 [ERROR] LogOutputStream:75 - [STDERR_REDIRECT] 
2026-05-05 23:37:00,187 [ERROR] LogOutputStream:75 - [STDERR_REDIRECT] [Fatal Error] :1:1: Premature end of file.
2026-05-05 23:37:00,187 [ERROR] LogOutputStream:75 - [STDERR_REDIRECT] 
2026-05-05 23:37:01,179 [ERROR] LogOutputStream:75 - [STDERR_REDIRECT] [Fatal Error] :1:1: Premature end of file.
2026-05-05 23:37:01,179 [ERROR] LogOutputStream:75 - [STDERR_REDIRECT] 
2026-05-05 23:37:02,187 [ERROR] LogOutputStream:75 - [STDERR_REDIRECT] [Fatal Error] :1:1: Premature end of file.
2026-05-05 23:37:02,188 [ERROR] LogOutputStream:75 - [STDERR_REDIRECT] 
2026-05-05 23:37:03,198 [ERROR] LogOutputStream:75 - [STDERR_REDIRECT] [Fatal Error] :1:1: Premature end of file.
2026-05-05 23:37:03,198 [ERROR] LogOutputStream:75 - [STDERR_REDIRECT] 
2026-05-05 23:37:04,194 [ERROR] LogOutputStream:75 - [STDERR_REDIRECT] [Fatal Error] :1:1: Premature end of file.
2026-05-05 23:37:04,194 [ERROR] LogOutputStream:75 - [STDERR_REDIRECT] 
2026-05-05 23:37:05,191 [ERROR] LogOutputStream:75 - [STDERR_REDIRECT] [Fatal Error] :1:1: Premature end of file.
2026-05-05 23:37:05,191 [ERROR] LogOutputStream:75 - [STDERR_REDIRECT] 
2026-05-05 23:37:06,206 [ERROR] LogOutputStream:75 - [STDERR_REDIRECT] [Fatal Error] :1:1: Premature end of file.
2026-05-05 23:37:06,207 [ERROR] LogOutputStream:75 - [STDERR_REDIRECT] 
2026-05-05 23:37:07,196 [ERROR] LogOutputStream:75 - [STDERR_REDIRECT] [Fatal Error] :1:1: Premature end of file.
2026-05-05 23:37:07,196 [ERROR] LogOutputStream:75 - [STDERR_REDIRECT] 
2026-05-05 23:37:08,188 [ERROR] LogOutputStream:75 - [STDERR_REDIRECT] [Fatal Error] :1:1: Premature end of file.
2026-05-05 23:37:08,188 [ERROR] LogOutputStream:75 - [STDERR_REDIRECT] 
2026-05-05 23:37:09,196 [ERROR] LogOutputStream:75 - [STDERR_REDIRECT] [Fatal Error] :1:1: Premature end of file.
2026-05-05 23:37:09,196 [ERROR] LogOutputStream:75 - [STDERR_REDIRECT] 
2026-05-05 23:37:10,192 [ERROR] LogOutputStream:75 - [STDERR_REDIRECT] [Fatal Error] :1:1: Premature end of file.
2026-05-05 23:37:10,192 [ERROR] LogOutputStream:75 - [STDERR_REDIRECT] 
2026-05-05 23:37:11,191 [ERROR] LogOutputStream:75 - [STDERR_REDIRECT] [Fatal Error] :1:1: Premature end of file.
2026-05-05 23:37:11,191 [ERROR] LogOutputStream:75 - [STDERR_REDIRECT] 
2026-05-05 23:37:12,202 [ERROR] LogOutputStream:75 - [STDERR_REDIRECT] [Fatal Error] :1:1: Premature end of file.
2026-05-05 23:37:12,202 [ERROR] LogOutputStream:75 - [STDERR_REDIRECT] 
2026-05-05 23:37:13,202 [ERROR] LogOutputStream:75 - [STDERR_REDIRECT] [Fatal Error] :1:1: Premature end of file.
2026-05-05 23:37:13,202 [ERROR] LogOutputStream:75 - [STDERR_REDIRECT] 
2026-05-05 23:37:14,741 [ERROR] LogOutputStream:75 - [STDERR_REDIRECT] [Fatal Error] :1:1: Premature end of file.
2026-05-05 23:37:14,741 [ERROR] LogOutputStream:75 - [STDERR_REDIRECT] 
2026-05-05 23:37:15,192 [ERROR] LogOutputStream:75 - [STDERR_REDIRECT] [Fatal Error] :1:1: Premature end of file.
2026-05-05 23:37:15,192 [ERROR] LogOutputStream:75 - [STDERR_REDIRECT] 
2026-05-05 23:37:16,202 [ERROR] LogOutputStream:75 - [STDERR_REDIRECT] [Fatal Error] :1:1: Premature end of file.
2026-05-05 23:37:16,202 [ERROR] LogOutputStream:75 - [STDERR_REDIRECT] 
2026-05-05 23:37:17,207 [ERROR] LogOutputStream:75 - [STDERR_REDIRECT] [Fatal Error] :1:1: Premature end of file.
2026-05-05 23:37:17,208 [ERROR] LogOutputStream:75 - [STDERR_REDIRECT] 
2026-05-05 23:37:18,195 [ERROR] LogOutputStream:75 - [STDERR_REDIRECT] [Fatal Error] :1:1: Premature end of file.
2026-05-05 23:37:18,195 [ERROR] LogOutputStream:75 - [STDERR_REDIRECT] 
2026-05-05 23:37:19,186 [ERROR] LogOutputStream:75 - [STDERR_REDIRECT] [Fatal Error] :1:1: Premature end of file.
2026-05-05 23:37:19,187 [ERROR] LogOutputStream:75 - [STDERR_REDIRECT] 
2026-05-05 23:37:20,191 [ERROR] LogOutputStream:75 - [STDERR_REDIRECT] [Fatal Error] :1:1: Premature end of file.
2026-05-05 23:37:20,191 [ERROR] LogOutputStream:75 - [STDERR_REDIRECT] 
2026-05-05 23:37:21,197 [ERROR] LogOutputStream:75 - [STDERR_REDIRECT] [Fatal Error] :1:1: Premature end of file.
2026-05-05 23:37:21,197 [ERROR] LogOutputStream:75 - [STDERR_REDIRECT] 
2026-05-05 23:37:22,198 [ERROR] LogOutputStream:75 - [STDERR_REDIRECT] [Fatal Error] :1:1: Premature end of file.
2026-05-05 23:37:22,198 [ERROR] LogOutputStream:75 - [STDERR_REDIRECT] 
2026-05-05 23:37:23,190 [ERROR] LogOutputStream:75 - [STDERR_REDIRECT] [Fatal Error] :1:1: Premature end of file.
2026-05-05 23:37:23,191 [ERROR] LogOutputStream:75 - [STDERR_REDIRECT] 
2026-05-05 23:37:24,195 [ERROR] LogOutputStream:75 - [STDERR_REDIRECT] [Fatal Error] :1:1: Premature end of file.
2026-05-05 23:37:24,195 [ERROR] LogOutputStream:75 - [STDERR_REDIRECT] 
2026-05-05 23:37:25,195 [ERROR] LogOutputStream:75 - [STDERR_REDIRECT] [Fatal Error] :1:1: Premature end of file.
2026-05-05 23:37:25,196 [ERROR] LogOutputStream:75 - [STDERR_REDIRECT] 
2026-05-05 23:37:26,207 [ERROR] LogOutputStream:75 - [STDERR_REDIRECT] [Fatal Error] :1:1: Premature end of file.
2026-05-05 23:37:26,207 [ERROR] LogOutputStream:75 - [STDERR_REDIRECT] 
2026-05-05 23:37:27,192 [ERROR] LogOutputStream:75 - [STDERR_REDIRECT] [Fatal Error] :1:1: Premature end of file.
2026-05-05 23:37:27,193 [ERROR] LogOutputStream:75 - [STDERR_REDIRECT] 
2026-05-05 23:37:28,191 [ERROR] LogOutputStream:75 - [STDERR_REDIRECT] [Fatal Error] :1:1: Premature end of file.
2026-05-05 23:37:28,191 [ERROR] LogOutputStream:75 - [STDERR_REDIRECT] 
2026-05-05 23:37:29,202 [ERROR] LogOutputStream:75 - [STDERR_REDIRECT] [Fatal Error] :1:1: Premature end of file.
2026-05-05 23:37:29,202 [ERROR] LogOutputStream:75 - [STDERR_REDIRECT] 
2026-05-05 23:37:30,201 [ERROR] LogOutputStream:75 - [STDERR_REDIRECT] [Fatal Error] :1:1: Premature end of file.
2026-05-05 23:37:30,202 [ERROR] LogOutputStream:75 - [STDERR_REDIRECT] 
2026-05-05 23:37:31,212 [ERROR] LogOutputStream:75 - [STDERR_REDIRECT] [Fatal Error] :1:1: Premature end of file.
2026-05-05 23:37:31,213 [ERROR] LogOutputStream:75 - [STDERR_REDIRECT] 
2026-05-05 23:37:32,204 [ERROR] LogOutputStream:75 - [STDERR_REDIRECT] [Fatal Error] :1:1: Premature end of file.
2026-05-05 23:37:32,205 [ERROR] LogOutputStream:75 - [STDERR_REDIRECT] 
2026-05-05 23:37:33,193 [ERROR] LogOutputStream:75 - [STDERR_REDIRECT] [Fatal Error] :1:1: Premature end of file.
2026-05-05 23:37:33,193 [ERROR] LogOutputStream:75 - [STDERR_REDIRECT] 
2026-05-05 23:37:34,191 [ERROR] LogOutputStream:75 - [STDERR_REDIRECT] [Fatal Error] :1:1: Premature end of file.
2026-05-05 23:37:34,191 [ERROR] LogOutputStream:75 - [STDERR_REDIRECT] 
2026-05-05 23:37:35,203 [ERROR] LogOutputStream:75 - [STDERR_REDIRECT] [Fatal Error] :1:1: Premature end of file.
2026-05-05 23:37:35,203 [ERROR] LogOutputStream:75 - [STDERR_REDIRECT] 
2026-05-05 23:37:36,180 [ERROR] LogOutputStream:75 - [STDERR_REDIRECT] [Fatal Error] :1:1: Premature end of file.
2026-05-05 23:37:36,180 [ERROR] LogOutputStream:75 - [STDERR_REDIRECT] 
2026-05-05 23:37:37,182 [ERROR] LogOutputStream:75 - [STDERR_REDIRECT] [Fatal Error] :1:1: Premature end of file.
2026-05-05 23:37:37,182 [ERROR] LogOutputStream:75 - [STDERR_REDIRECT] 
2026-05-05 23:37:38,178 [ERROR] LogOutputStream:75 - [STDERR_REDIRECT] [Fatal Error] :1:1: Premature end of file.
2026-05-05 23:37:38,179 [ERROR] LogOutputStream:75 - [STDERR_REDIRECT] 
2026-05-05 23:37:39,177 [ERROR] LogOutputStream:75 - [STDERR_REDIRECT] [Fatal Error] :1:1: Premature end of file.
2026-05-05 23:37:39,177 [ERROR] LogOutputStream:75 - [STDERR_REDIRECT] 
2026-05-05 23:37:40,189 [ERROR] LogOutputStream:75 - [STDERR_REDIRECT] [Fatal Error] :1:1: Premature end of file.
2026-05-05 23:37:40,190 [ERROR] LogOutputStream:75 - [STDERR_REDIRECT] 
2026-05-05 23:37:41,191 [ERROR] LogOutputStream:75 - [STDERR_REDIRECT] [Fatal Error] :1:1: Premature end of file.
2026-05-05 23:37:41,191 [ERROR] LogOutputStream:75 - [STDERR_REDIRECT] 
2026-05-05 23:37:42,181 [ERROR] LogOutputStream:75 - [STDERR_REDIRECT] [Fatal Error] :1:1: Premature end of file.
2026-05-05 23:37:42,182 [ERROR] LogOutputStream:75 - [STDERR_REDIRECT] 
2026-05-05 23:37:43,206 [ERROR] LogOutputStream:75 - [STDERR_REDIRECT] [Fatal Error] :1:1: Premature end of file.
2026-05-05 23:37:43,207 [ERROR] LogOutputStream:75 - [STDERR_REDIRECT] 
2026-05-05 23:37:44,196 [ERROR] LogOutputStream:75 - [STDERR_REDIRECT] [Fatal Error] :1:1: Premature end of file.
2026-05-05 23:37:44,196 [ERROR] LogOutputStream:75 - [STDERR_REDIRECT] 
2026-05-05 23:37:45,201 [ERROR] LogOutputStream:75 - [STDERR_REDIRECT] [Fatal Error] :1:1: Premature end of file.
2026-05-05 23:37:45,201 [ERROR] LogOutputStream:75 - [STDERR_REDIRECT] 
2026-05-05 23:37:46,196 [ERROR] LogOutputStream:75 - [STDERR_REDIRECT] [Fatal Error] :1:1: Premature end of file.
2026-05-05 23:37:46,196 [ERROR] LogOutputStream:75 - [STDERR_REDIRECT] 
2026-05-05 23:37:47,211 [ERROR] LogOutputStream:75 - [STDERR_REDIRECT] [Fatal Error] :1:1: Premature end of file.
2026-05-05 23:37:47,211 [ERROR] LogOutputStream:75 - [STDERR_REDIRECT] 
2026-05-05 23:37:48,210 [ERROR] LogOutputStream:75 - [STDERR_REDIRECT] [Fatal Error] :1:1: Premature end of file.
2026-05-05 23:37:48,210 [ERROR] LogOutputStream:75 - [STDERR_REDIRECT] 
2026-05-05 23:37:49,201 [ERROR] LogOutputStream:75 - [STDERR_REDIRECT] [Fatal Error] :1:1: Premature end of file.
2026-05-05 23:37:49,202 [ERROR] LogOutputStream:75 - [STDERR_REDIRECT] 
2026-05-05 23:37:50,205 [ERROR] LogOutputStream:75 - [STDERR_REDIRECT] [Fatal Error] :1:1: Premature end of file.
2026-05-05 23:37:50,206 [ERROR] LogOutputStream:75 - [STDERR_REDIRECT] 
2026-05-05 23:37:51,193 [ERROR] LogOutputStream:75 - [STDERR_REDIRECT] [Fatal Error] :1:1: Premature end of file.
2026-05-05 23:37:51,193 [ERROR] LogOutputStream:75 - [STDERR_REDIRECT] 
2026-05-05 23:37:52,199 [ERROR] LogOutputStream:75 - [STDERR_REDIRECT] [Fatal Error] :1:1: Premature end of file.
2026-05-05 23:37:52,200 [ERROR] LogOutputStream:75 - [STDERR_REDIRECT] 
2026-05-05 23:37:53,188 [ERROR] LogOutputStream:75 - [STDERR_REDIRECT] [Fatal Error] :1:1: Premature end of file.
2026-05-05 23:37:53,188 [ERROR] LogOutputStream:75 - [STDERR_REDIRECT] 
2026-05-05 23:37:54,188 [ERROR] LogOutputStream:75 - [STDERR_REDIRECT] [Fatal Error] :1:1: Premature end of file.
2026-05-05 23:37:54,188 [ERROR] LogOutputStream:75 - [STDERR_REDIRECT] 
2026-05-05 23:37:55,177 [ERROR] LogOutputStream:75 - [STDERR_REDIRECT] [Fatal Error] :1:1: Premature end of file.
2026-05-05 23:37:55,177 [ERROR] LogOutputStream:75 - [STDERR_REDIRECT] 
2026-05-05 23:37:56,177 [ERROR] LogOutputStream:75 - [STDERR_REDIRECT] [Fatal Error] :1:1: Premature end of file.
2026-05-05 23:37:56,177 [ERROR] LogOutputStream:75 - [STDERR_REDIRECT] 
2026-05-05 23:37:57,185 [ERROR] LogOutputStream:75 - [STDERR_REDIRECT] [Fatal Error] :1:1: Premature end of file.
2026-05-05 23:37:57,186 [ERROR] LogOutputStream:75 - [STDERR_REDIRECT] 
2026-05-05 23:37:58,177 [ERROR] LogOutputStream:75 - [STDERR_REDIRECT] [Fatal Error] :1:1: Premature end of file.
2026-05-05 23:37:58,177 [ERROR] LogOutputStream:75 - [STDERR_REDIRECT] 
2026-05-05 23:37:59,179 [ERROR] LogOutputStream:75 - [STDERR_REDIRECT] [Fatal Error] :1:1: Premature end of file.
2026-05-05 23:37:59,179 [ERROR] LogOutputStream:75 - [STDERR_REDIRECT] 
2026-05-05 23:38:00,193 [ERROR] LogOutputStream:75 - [STDERR_REDIRECT] [Fatal Error] :1:1: Premature end of file.
2026-05-05 23:38:00,193 [ERROR] LogOutputStream:75 - [STDERR_REDIRECT] 
2026-05-05 23:38:01,202 [ERROR] LogOutputStream:75 - [STDERR_REDIRECT] [Fatal Error] :1:1: Premature end of file.
2026-05-05 23:38:01,203 [ERROR] LogOutputStream:75 - [STDERR_REDIRECT] 
2026-05-05 23:38:02,196 [ERROR] LogOutputStream:75 - [STDERR_REDIRECT] [Fatal Error] :1:1: Premature end of file.
2026-05-05 23:38:02,207 [ERROR] LogOutputStream:75 - [STDERR_REDIRECT] 
2026-05-05 23:38:03,168 [ERROR] LogOutputStream:75 - [STDERR_REDIRECT] [Fatal Error] :1:1: Premature end of file.
2026-05-05 23:38:03,168 [ERROR] LogOutputStream:75 - [STDERR_REDIRECT] 
2026-05-05 23:38:04,188 [ERROR] LogOutputStream:75 - [STDERR_REDIRECT] [Fatal Error] :1:1: Premature end of file.
2026-05-05 23:38:04,188 [ERROR] LogOutputStream:75 - [STDERR_REDIRECT] 
2026-05-05 23:38:05,222 [ERROR] LogOutputStream:75 - [STDERR_REDIRECT] [Fatal Error] :1:1: Premature end of file.
2026-05-05 23:38:05,229 [ERROR] LogOutputStream:75 - [STDERR_REDIRECT] 
2026-05-05 23:38:06,174 [ERROR] LogOutputStream:75 - [STDERR_REDIRECT] [Fatal Error] :1:1: Premature end of file.
2026-05-05 23:38:06,174 [ERROR] LogOutputStream:75 - [STDERR_REDIRECT] 
2026-05-05 23:38:07,183 [ERROR] LogOutputStream:75 - [STDERR_REDIRECT] [Fatal Error] :1:1: Premature end of file.
2026-05-05 23:38:07,183 [ERROR] LogOutputStream:75 - [STDERR_REDIRECT] 
2026-05-05 23:38:08,180 [ERROR] LogOutputStream:75 - [STDERR_REDIRECT] [Fatal Error] :1:1: Premature end of file.
2026-05-05 23:38:08,180 [ERROR] LogOutputStream:75 - [STDERR_REDIRECT] 
2026-05-05 23:38:09,211 [ERROR] LogOutputStream:75 - [STDERR_REDIRECT] [Fatal Error] :1:1: Premature end of file.
2026-05-05 23:38:09,217 [ERROR] LogOutputStream:75 - [STDERR_REDIRECT] 
2026-05-05 23:38:10,204 [ERROR] LogOutputStream:75 - [STDERR_REDIRECT] [Fatal Error] :1:1: Premature end of file.
2026-05-05 23:38:10,205 [ERROR] LogOutputStream:75 - [STDERR_REDIRECT] 
2026-05-05 23:38:11,189 [ERROR] LogOutputStream:75 - [STDERR_REDIRECT] [Fatal Error] :1:1: Premature end of file.
2026-05-05 23:38:11,194 [ERROR] LogOutputStream:75 - [STDERR_REDIRECT] 
2026-05-05 23:38:12,259 [ERROR] LogOutputStream:75 - [STDERR_REDIRECT] [Fatal Error] :1:1: Premature end of file.
2026-05-05 23:38:12,259 [ERROR] LogOutputStream:75 - [STDERR_REDIRECT] 
2026-05-05 23:38:13,193 [ERROR] LogOutputStream:75 - [STDERR_REDIRECT] [Fatal Error] :1:1: Premature end of file.
2026-05-05 23:38:13,193 [ERROR] LogOutputStream:75 - [STDERR_REDIRECT] 
2026-05-05 23:38:14,170 [ERROR] LogOutputStream:75 - [STDERR_REDIRECT] [Fatal Error] :1:1: Premature end of file.
2026-05-05 23:38:14,170 [ERROR] LogOutputStream:75 - [STDERR_REDIRECT] 
2026-05-05 23:38:15,205 [ERROR] LogOutputStream:75 - [STDERR_REDIRECT] [Fatal Error] :1:1: Premature end of file.
2026-05-05 23:38:15,205 [ERROR] LogOutputStream:75 - [STDERR_REDIRECT] 
2026-05-05 23:38:16,179 [ERROR] LogOutputStream:75 - [STDERR_REDIRECT] [Fatal Error] :1:1: Premature end of file.
2026-05-05 23:38:16,179 [ERROR] LogOutputStream:75 - [STDERR_REDIRECT] 
2026-05-05 23:38:17,177 [ERROR] LogOutputStream:75 - [STDERR_REDIRECT] [Fatal Error] :1:1: Premature end of file.
2026-05-05 23:38:17,181 [ERROR] LogOutputStream:75 - [STDERR_REDIRECT] 
2026-05-05 23:38:18,185 [ERROR] LogOutputStream:75 - [STDERR_REDIRECT] [Fatal Error] :1:1: Premature end of file.
2026-05-05 23:38:18,185 [ERROR] LogOutputStream:75 - [STDERR_REDIRECT] 
2026-05-05 23:38:19,188 [ERROR] LogOutputStream:75 - [STDERR_REDIRECT] [Fatal Error] :1:1: Premature end of file.
2026-05-05 23:38:19,188 [ERROR] LogOutputStream:75 - [STDERR_REDIRECT] 
2026-05-05 23:38:20,183 [ERROR] LogOutputStream:75 - [STDERR_REDIRECT] [Fatal Error] :1:1: Premature end of file.
2026-05-05 23:38:20,184 [ERROR] LogOutputStream:75 - [STDERR_REDIRECT] 
2026-05-05 23:38:21,169 [ERROR] LogOutputStream:75 - [STDERR_REDIRECT] [Fatal Error] :1:1: Premature end of file.
2026-05-05 23:38:21,169 [ERROR] LogOutputStream:75 - [STDERR_REDIRECT] 
2026-05-05 23:38:22,178 [ERROR] LogOutputStream:75 - [STDERR_REDIRECT] [Fatal Error] :1:1: Premature end of file.
2026-05-05 23:38:22,178 [ERROR] LogOutputStream:75 - [STDERR_REDIRECT] 
2026-05-05 23:38:23,222 [ERROR] LogOutputStream:75 - [STDERR_REDIRECT] [Fatal Error] :1:1: Premature end of file.
2026-05-05 23:38:23,222 [ERROR] LogOutputStream:75 - [STDERR_REDIRECT] 
2026-05-05 23:38:24,194 [ERROR] LogOutputStream:75 - [STDERR_REDIRECT] [Fatal Error] :1:1: Premature end of file.
2026-05-05 23:38:24,194 [ERROR] LogOutputStream:75 - [STDERR_REDIRECT] 
2026-05-05 23:38:25,184 [ERROR] LogOutputStream:75 - [STDERR_REDIRECT] [Fatal Error] :1:1: Premature end of file.
2026-05-05 23:38:25,184 [ERROR] LogOutputStream:75 - [STDERR_REDIRECT] 
2026-05-05 23:38:26,170 [ERROR] LogOutputStream:75 - [STDERR_REDIRECT] [Fatal Error] :1:1: Premature end of file.
2026-05-05 23:38:26,170 [ERROR] LogOutputStream:75 - [STDERR_REDIRECT] 
2026-05-05 23:38:27,191 [ERROR] LogOutputStream:75 - [STDERR_REDIRECT] [Fatal Error] :1:1: Premature end of file.
2026-05-05 23:38:27,191 [ERROR] LogOutputStream:75 - [STDERR_REDIRECT] 
2026-05-05 23:38:28,202 [ERROR] LogOutputStream:75 - [STDERR_REDIRECT] [Fatal Error] :1:1: Premature end of file.
2026-05-05 23:38:28,202 [ERROR] LogOutputStream:75 - [STDERR_REDIRECT] 
2026-05-05 23:38:29,219 [ERROR] LogOutputStream:75 - [STDERR_REDIRECT] [Fatal Error] :1:1: Premature end of file.
2026-05-05 23:38:29,219 [ERROR] LogOutputStream:75 - [STDERR_REDIRECT] 
2026-05-05 23:38:30,178 [ERROR] LogOutputStream:75 - [STDERR_REDIRECT] [Fatal Error] :1:1: Premature end of file.
2026-05-05 23:38:30,178 [ERROR] LogOutputStream:75 - [STDERR_REDIRECT] 
2026-05-05 23:38:31,186 [ERROR] LogOutputStream:75 - [STDERR_REDIRECT] [Fatal Error] :1:1: Premature end of file.
2026-05-05 23:38:31,186 [ERROR] LogOutputStream:75 - [STDERR_REDIRECT] 
2026-05-05 23:38:32,194 [ERROR] LogOutputStream:75 - [STDERR_REDIRECT] [Fatal Error] :1:1: Premature end of file.
2026-05-05 23:38:32,194 [ERROR] LogOutputStream:75 - [STDERR_REDIRECT] 
2026-05-05 23:38:33,199 [ERROR] LogOutputStream:75 - [STDERR_REDIRECT] [Fatal Error] :1:1: Premature end of file.
2026-05-05 23:38:33,200 [ERROR] LogOutputStream:75 - [STDERR_REDIRECT] 
2026-05-05 23:38:34,179 [ERROR] LogOutputStream:75 - [STDERR_REDIRECT] [Fatal Error] :1:1: Premature end of file.
2026-05-05 23:38:34,179 [ERROR] LogOutputStream:75 - [STDERR_REDIRECT] 
2026-05-05 23:38:35,187 [ERROR] LogOutputStream:75 - [STDERR_REDIRECT] [Fatal Error] :1:1: Premature end of file.
2026-05-05 23:38:35,188 [ERROR] LogOutputStream:75 - [STDERR_REDIRECT] 
2026-05-05 23:38:36,185 [ERROR] LogOutputStream:75 - [STDERR_REDIRECT] [Fatal Error] :1:1: Premature end of file.
2026-05-05 23:38:36,185 [ERROR] LogOutputStream:75 - [STDERR_REDIRECT] 
2026-05-05 23:38:37,211 [ERROR] LogOutputStream:75 - [STDERR_REDIRECT] [Fatal Error] :1:1: Premature end of file.
2026-05-05 23:38:37,212 [ERROR] LogOutputStream:75 - [STDERR_REDIRECT] 
2026-05-05 23:38:38,206 [ERROR] LogOutputStream:75 - [STDERR_REDIRECT] [Fatal Error] :1:1: Premature end of file.
2026-05-05 23:38:38,206 [ERROR] LogOutputStream:75 - [STDERR_REDIRECT] 
2026-05-05 23:38:39,191 [ERROR] LogOutputStream:75 - [STDERR_REDIRECT] [Fatal Error] :1:1: Premature end of file.
2026-05-05 23:38:39,191 [ERROR] LogOutputStream:75 - [STDERR_REDIRECT] 
2026-05-05 23:38:40,194 [ERROR] LogOutputStream:75 - [STDERR_REDIRECT] [Fatal Error] :1:1: Premature end of file.
2026-05-05 23:38:40,194 [ERROR] LogOutputStream:75 - [STDERR_REDIRECT] 
2026-05-05 23:38:41,186 [ERROR] LogOutputStream:75 - [STDERR_REDIRECT] [Fatal Error] :1:1: Premature end of file.
2026-05-05 23:38:41,187 [ERROR] LogOutputStream:75 - [STDERR_REDIRECT] 
2026-05-05 23:38:42,186 [ERROR] LogOutputStream:75 - [STDERR_REDIRECT] [Fatal Error] :1:1: Premature end of file.
2026-05-05 23:38:42,186 [ERROR] LogOutputStream:75 - [STDERR_REDIRECT] 
2026-05-05 23:38:43,199 [ERROR] LogOutputStream:75 - [STDERR_REDIRECT] [Fatal Error] :1:1: Premature end of file.
2026-05-05 23:38:43,199 [ERROR] LogOutputStream:75 - [STDERR_REDIRECT] 
2026-05-05 23:38:44,210 [ERROR] LogOutputStream:75 - [STDERR_REDIRECT] [Fatal Error] :1:1: Premature end of file.
2026-05-05 23:38:44,210 [ERROR] LogOutputStream:75 - [STDERR_REDIRECT] 
2026-05-05 23:38:45,178 [ERROR] LogOutputStream:75 - [STDERR_REDIRECT] [Fatal Error] :1:1: Premature end of file.
2026-05-05 23:38:45,184 [ERROR] LogOutputStream:75 - [STDERR_REDIRECT] 
2026-05-05 23:38:46,212 [ERROR] LogOutputStream:75 - [STDERR_REDIRECT] [Fatal Error] :1:1: Premature end of file.
2026-05-05 23:38:46,213 [ERROR] LogOutputStream:75 - [STDERR_REDIRECT] 
2026-05-05 23:38:47,193 [ERROR] LogOutputStream:75 - [STDERR_REDIRECT] [Fatal Error] :1:1: Premature end of file.
2026-05-05 23:38:47,193 [ERROR] LogOutputStream:75 - [STDERR_REDIRECT] 
2026-05-05 23:38:48,228 [ERROR] LogOutputStream:75 - [STDERR_REDIRECT] [Fatal Error] :1:1: Premature end of file.
2026-05-05 23:38:48,228 [ERROR] LogOutputStream:75 - [STDERR_REDIRECT] 
2026-05-05 23:38:49,184 [ERROR] LogOutputStream:75 - [STDERR_REDIRECT] [Fatal Error] :1:1: Premature end of file.
2026-05-05 23:38:49,184 [ERROR] LogOutputStream:75 - [STDERR_REDIRECT] 
2026-05-05 23:38:50,184 [ERROR] LogOutputStream:75 - [STDERR_REDIRECT] [Fatal Error] :1:1: Premature end of file.
2026-05-05 23:38:50,184 [ERROR] LogOutputStream:75 - [STDERR_REDIRECT] 
2026-05-05 23:38:51,208 [ERROR] LogOutputStream:75 - [STDERR_REDIRECT] [Fatal Error] :1:1: Premature end of file.
2026-05-05 23:38:51,208 [ERROR] LogOutputStream:75 - [STDERR_REDIRECT] 
2026-05-05 23:38:52,183 [ERROR] LogOutputStream:75 - [STDERR_REDIRECT] [Fatal Error] :1:1: Premature end of file.
2026-05-05 23:38:52,184 [ERROR] LogOutputStream:75 - [STDERR_REDIRECT] 
2026-05-05 23:38:53,184 [ERROR] LogOutputStream:75 - [STDERR_REDIRECT] [Fatal Error] :1:1: Premature end of file.
2026-05-05 23:38:53,184 [ERROR] LogOutputStream:75 - [STDERR_REDIRECT] 
2026-05-05 23:38:54,184 [ERROR] LogOutputStream:75 - [STDERR_REDIRECT] [Fatal Error] :1:1: Premature end of file.
2026-05-05 23:38:54,184 [ERROR] LogOutputStream:75 - [STDERR_REDIRECT] 
2026-05-05 23:38:55,170 [ERROR] LogOutputStream:75 - [STDERR_REDIRECT] [Fatal Error] :1:1: Premature end of file.
2026-05-05 23:38:55,170 [ERROR] LogOutputStream:75 - [STDERR_REDIRECT] 
2026-05-05 23:38:56,204 [ERROR] LogOutputStream:75 - [STDERR_REDIRECT] [Fatal Error] :1:1: Premature end of file.
2026-05-05 23:38:56,204 [ERROR] LogOutputStream:75 - [STDERR_REDIRECT] 
2026-05-05 23:38:57,202 [ERROR] LogOutputStream:75 - [STDERR_REDIRECT] [Fatal Error] :1:1: Premature end of file.
2026-05-05 23:38:57,202 [ERROR] LogOutputStream:75 - [STDERR_REDIRECT] 
2026-05-05 23:38:58,221 [ERROR] LogOutputStream:75 - [STDERR_REDIRECT] [Fatal Error] :1:1: Premature end of file.
2026-05-05 23:38:58,222 [ERROR] LogOutputStream:75 - [STDERR_REDIRECT] 
2026-05-05 23:38:59,239 [ERROR] LogOutputStream:75 - [STDERR_REDIRECT] [Fatal Error] :1:1: Premature end of file.
2026-05-05 23:38:59,240 [ERROR] LogOutputStream:75 - [STDERR_REDIRECT] 
2026-05-05 23:39:00,185 [ERROR] LogOutputStream:75 - [STDERR_REDIRECT] [Fatal Error] :1:1: Premature end of file.
2026-05-05 23:39:00,185 [ERROR] LogOutputStream:75 - [STDERR_REDIRECT] 
2026-05-05 23:39:01,231 [ERROR] LogOutputStream:75 - [STDERR_REDIRECT] [Fatal Error] :1:1: Premature end of file.
2026-05-05 23:39:01,231 [ERROR] LogOutputStream:75 - [STDERR_REDIRECT] 
2026-05-05 23:39:02,204 [ERROR] LogOutputStream:75 - [STDERR_REDIRECT] [Fatal Error] :1:1: Premature end of file.
2026-05-05 23:39:02,204 [ERROR] LogOutputStream:75 - [STDERR_REDIRECT] 
2026-05-05 23:39:03,187 [ERROR] LogOutputStream:75 - [STDERR_REDIRECT] [Fatal Error] :1:1: Premature end of file.
2026-05-05 23:39:03,187 [ERROR] LogOutputStream:75 - [STDERR_REDIRECT] 
2026-05-05 23:39:04,211 [ERROR] LogOutputStream:75 - [STDERR_REDIRECT] [Fatal Error] :1:1: Premature end of file.
2026-05-05 23:39:04,212 [ERROR] LogOutputStream:75 - [STDERR_REDIRECT] 
2026-05-05 23:39:05,175 [ERROR] LogOutputStream:75 - [STDERR_REDIRECT] [Fatal Error] :1:1: Premature end of file.
2026-05-05 23:39:05,175 [ERROR] LogOutputStream:75 - [STDERR_REDIRECT] 
2026-05-05 23:39:06,178 [ERROR] LogOutputStream:75 - [STDERR_REDIRECT] [Fatal Error] :1:1: Premature end of file.
2026-05-05 23:39:06,178 [ERROR] LogOutputStream:75 - [STDERR_REDIRECT] 
2026-05-05 23:39:07,188 [ERROR] LogOutputStream:75 - [STDERR_REDIRECT] [Fatal Error] :1:1: Premature end of file.
2026-05-05 23:39:07,189 [ERROR] LogOutputStream:75 - [STDERR_REDIRECT] 
2026-05-05 23:39:08,432 [ERROR] LogOutputStream:75 - [STDERR_REDIRECT] [Fatal Error] :1:1: Premature end of file.
2026-05-05 23:39:08,432 [ERROR] LogOutputStream:75 - [STDERR_REDIRECT] 
2026-05-05 23:39:09,197 [ERROR] LogOutputStream:75 - [STDERR_REDIRECT] [Fatal Error] :1:1: Premature end of file.
2026-05-05 23:39:09,198 [ERROR] LogOutputStream:75 - [STDERR_REDIRECT] 
2026-05-05 23:39:10,174 [ERROR] LogOutputStream:75 - [STDERR_REDIRECT] [Fatal Error] :1:1: Premature end of file.
2026-05-05 23:39:10,181 [ERROR] LogOutputStream:75 - [STDERR_REDIRECT] 
2026-05-05 23:39:11,186 [ERROR] LogOutputStream:75 - [STDERR_REDIRECT] [Fatal Error] :1:1: Premature end of file.
2026-05-05 23:39:11,186 [ERROR] LogOutputStream:75 - [STDERR_REDIRECT] 
2026-05-05 23:39:12,204 [ERROR] LogOutputStream:75 - [STDERR_REDIRECT] [Fatal Error] :1:1: Premature end of file.
2026-05-05 23:39:12,204 [ERROR] LogOutputStream:75 - [STDERR_REDIRECT] 
2026-05-05 23:39:13,186 [ERROR] LogOutputStream:75 - [STDERR_REDIRECT] [Fatal Error] :1:1: Premature end of file.
2026-05-05 23:39:13,186 [ERROR] LogOutputStream:75 - [STDERR_REDIRECT] 
2026-05-05 23:39:14,185 [ERROR] LogOutputStream:75 - [STDERR_REDIRECT] [Fatal Error] :1:1: Premature end of file.
2026-05-05 23:39:14,185 [ERROR] LogOutputStream:75 - [STDERR_REDIRECT] 
2026-05-05 23:39:15,179 [ERROR] LogOutputStream:75 - [STDERR_REDIRECT] [Fatal Error] :1:1: Premature end of file.
2026-05-05 23:39:15,179 [ERROR] LogOutputStream:75 - [STDERR_REDIRECT] 
2026-05-05 23:39:16,202 [ERROR] LogOutputStream:75 - [STDERR_REDIRECT] [Fatal Error] :1:1: Premature end of file.
2026-05-05 23:39:16,202 [ERROR] LogOutputStream:75 - [STDERR_REDIRECT] 
2026-05-05 23:39:17,207 [ERROR] LogOutputStream:75 - [STDERR_REDIRECT] [Fatal Error] :1:1: Premature end of file.
2026-05-05 23:39:17,208 [ERROR] LogOutputStream:75 - [STDERR_REDIRECT] 
2026-05-05 23:39:18,185 [ERROR] LogOutputStream:75 - [STDERR_REDIRECT] [Fatal Error] :1:1: Premature end of file.
2026-05-05 23:39:18,185 [ERROR] LogOutputStream:75 - [STDERR_REDIRECT] 
2026-05-05 23:39:19,223 [ERROR] LogOutputStream:75 - [STDERR_REDIRECT] [Fatal Error] :1:1: Premature end of file.
2026-05-05 23:39:19,224 [ERROR] LogOutputStream:75 - [STDERR_REDIRECT] 
2026-05-05 23:39:20,175 [ERROR] LogOutputStream:75 - [STDERR_REDIRECT] [Fatal Error] :1:1: Premature end of file.
2026-05-05 23:39:20,175 [ERROR] LogOutputStream:75 - [STDERR_REDIRECT] 
2026-05-05 23:39:21,183 [ERROR] LogOutputStream:75 - [STDERR_REDIRECT] [Fatal Error] :1:1: Premature end of file.
2026-05-05 23:39:21,183 [ERROR] LogOutputStream:75 - [STDERR_REDIRECT] 
2026-05-05 23:39:22,186 [ERROR] LogOutputStream:75 - [STDERR_REDIRECT] [Fatal Error] :1:1: Premature end of file.
2026-05-05 23:39:22,186 [ERROR] LogOutputStream:75 - [STDERR_REDIRECT] 
2026-05-05 23:39:23,193 [ERROR] LogOutputStream:75 - [STDERR_REDIRECT] [Fatal Error] :1:1: Premature end of file.
2026-05-05 23:39:23,193 [ERROR] LogOutputStream:75 - [STDERR_REDIRECT] 
2026-05-05 23:39:24,568 [ERROR] LogOutputStream:75 - [STDERR_REDIRECT] [Fatal Error] :1:1: Premature end of file.
2026-05-05 23:39:24,569 [ERROR] LogOutputStream:75 - [STDERR_REDIRECT] 
2026-05-05 23:39:25,200 [ERROR] LogOutputStream:75 - [STDERR_REDIRECT] [Fatal Error] :1:1: Premature end of file.
2026-05-05 23:39:25,201 [ERROR] LogOutputStream:75 - [STDERR_REDIRECT] 
2026-05-05 23:39:26,179 [ERROR] LogOutputStream:75 - [STDERR_REDIRECT] [Fatal Error] :1:1: Premature end of file.
2026-05-05 23:39:26,179 [ERROR] LogOutputStream:75 - [STDERR_REDIRECT] 
2026-05-05 23:39:27,174 [ERROR] LogOutputStream:75 - [STDERR_REDIRECT] [Fatal Error] :1:1: Premature end of file.
2026-05-05 23:39:27,174 [ERROR] LogOutputStream:75 - [STDERR_REDIRECT] 
2026-05-05 23:39:28,180 [ERROR] LogOutputStream:75 - [STDERR_REDIRECT] [Fatal Error] :1:1: Premature end of file.
2026-05-05 23:39:28,181 [ERROR] LogOutputStream:75 - [STDERR_REDIRECT] 
2026-05-05 23:39:29,201 [ERROR] LogOutputStream:75 - [STDERR_REDIRECT] [Fatal Error] :1:1: Premature end of file.
2026-05-05 23:39:29,202 [ERROR] LogOutputStream:75 - [STDERR_REDIRECT] 
2026-05-05 23:39:30,217 [ERROR] LogOutputStream:75 - [STDERR_REDIRECT] [Fatal Error] :1:1: Premature end of file.
2026-05-05 23:39:30,217 [ERROR] LogOutputStream:75 - [STDERR_REDIRECT] 
2026-05-05 23:39:31,194 [ERROR] LogOutputStream:75 - [STDERR_REDIRECT] [Fatal Error] :1:1: Premature end of file.
2026-05-05 23:39:31,195 [ERROR] LogOutputStream:75 - [STDERR_REDIRECT] 
2026-05-05 23:39:32,211 [ERROR] LogOutputStream:75 - [STDERR_REDIRECT] [Fatal Error] :1:1: Premature end of file.
2026-05-05 23:39:32,215 [ERROR] LogOutputStream:75 - [STDERR_REDIRECT] 
2026-05-05 23:39:33,186 [ERROR] LogOutputStream:75 - [STDERR_REDIRECT] [Fatal Error] :1:1: Premature end of file.
2026-05-05 23:39:33,187 [ERROR] LogOutputStream:75 - [STDERR_REDIRECT] 
2026-05-05 23:39:34,185 [ERROR] LogOutputStream:75 - [STDERR_REDIRECT] [Fatal Error] :1:1: Premature end of file.
2026-05-05 23:39:34,186 [ERROR] LogOutputStream:75 - [STDERR_REDIRECT] 
2026-05-05 23:39:35,185 [ERROR] LogOutputStream:75 - [STDERR_REDIRECT] [Fatal Error] :1:1: Premature end of file.
2026-05-05 23:39:35,185 [ERROR] LogOutputStream:75 - [STDERR_REDIRECT] 
2026-05-05 23:39:36,221 [ERROR] LogOutputStream:75 - [STDERR_REDIRECT] [Fatal Error] :1:1: Premature end of file.
2026-05-05 23:39:36,221 [ERROR] LogOutputStream:75 - [STDERR_REDIRECT] 
2026-05-05 23:39:37,211 [ERROR] LogOutputStream:75 - [STDERR_REDIRECT] [Fatal Error] :1:1: Premature end of file.
2026-05-05 23:39:37,211 [ERROR] LogOutputStream:75 - [STDERR_REDIRECT] 
2026-05-05 23:39:38,187 [ERROR] LogOutputStream:75 - [STDERR_REDIRECT] [Fatal Error] :1:1: Premature end of file.
2026-05-05 23:39:38,187 [ERROR] LogOutputStream:75 - [STDERR_REDIRECT] 
2026-05-05 23:39:39,212 [ERROR] LogOutputStream:75 - [STDERR_REDIRECT] [Fatal Error] :1:1: Premature end of file.
2026-05-05 23:39:39,219 [ERROR] LogOutputStream:75 - [STDERR_REDIRECT] 
2026-05-05 23:39:40,184 [ERROR] LogOutputStream:75 - [STDERR_REDIRECT] [Fatal Error] :1:1: Premature end of file.
2026-05-05 23:39:40,184 [ERROR] LogOutputStream:75 - [STDERR_REDIRECT] 
2026-05-05 23:39:41,191 [ERROR] LogOutputStream:75 - [STDERR_REDIRECT] [Fatal Error] :1:1: Premature end of file.
2026-05-05 23:39:41,191 [ERROR] LogOutputStream:75 - [STDERR_REDIRECT] 
2026-05-05 23:39:42,203 [ERROR] LogOutputStream:75 - [STDERR_REDIRECT] [Fatal Error] :1:1: Premature end of file.
2026-05-05 23:39:42,203 [ERROR] LogOutputStream:75 - [STDERR_REDIRECT] 
2026-05-05 23:39:43,215 [ERROR] LogOutputStream:75 - [STDERR_REDIRECT] [Fatal Error] :1:1: Premature end of file.
2026-05-05 23:39:43,215 [ERROR] LogOutputStream:75 - [STDERR_REDIRECT] 
2026-05-05 23:39:44,211 [ERROR] LogOutputStream:75 - [STDERR_REDIRECT] [Fatal Error] :1:1: Premature end of file.
2026-05-05 23:39:44,211 [ERROR] LogOutputStream:75 - [STDERR_REDIRECT] 
2026-05-05 23:39:45,209 [ERROR] LogOutputStream:75 - [STDERR_REDIRECT] [Fatal Error] :1:1: Premature end of file.
2026-05-05 23:39:45,209 [ERROR] LogOutputStream:75 - [STDERR_REDIRECT] 
2026-05-05 23:39:46,217 [ERROR] LogOutputStream:75 - [STDERR_REDIRECT] [Fatal Error] :1:1: Premature end of file.
2026-05-05 23:39:46,217 [ERROR] LogOutputStream:75 - [STDERR_REDIRECT] 
2026-05-05 23:39:47,226 [ERROR] LogOutputStream:75 - [STDERR_REDIRECT] [Fatal Error] :1:1: Premature end of file.
2026-05-05 23:39:47,226 [ERROR] LogOutputStream:75 - [STDERR_REDIRECT] 
2026-05-05 23:39:48,239 [ERROR] LogOutputStream:75 - [STDERR_REDIRECT] [Fatal Error] :1:1: Premature end of file.
2026-05-05 23:39:48,240 [ERROR] LogOutputStream:75 - [STDERR_REDIRECT] 
2026-05-05 23:39:49,204 [ERROR] LogOutputStream:75 - [STDERR_REDIRECT] [Fatal Error] :1:1: Premature end of file.
2026-05-05 23:39:49,204 [ERROR] LogOutputStream:75 - [STDERR_REDIRECT] 
2026-05-05 23:39:50,210 [ERROR] LogOutputStream:75 - [STDERR_REDIRECT] [Fatal Error] :1:1: Premature end of file.
2026-05-05 23:39:50,210 [ERROR] LogOutputStream:75 - [STDERR_REDIRECT] 
2026-05-05 23:39:51,210 [ERROR] LogOutputStream:75 - [STDERR_REDIRECT] [Fatal Error] :1:1: Premature end of file.
2026-05-05 23:39:51,210 [ERROR] LogOutputStream:75 - [STDERR_REDIRECT] 
2026-05-05 23:39:52,196 [ERROR] LogOutputStream:75 - [STDERR_REDIRECT] [Fatal Error] :1:1: Premature end of file.
2026-05-05 23:39:52,196 [ERROR] LogOutputStream:75 - [STDERR_REDIRECT] 
2026-05-05 23:39:53,200 [ERROR] LogOutputStream:75 - [STDERR_REDIRECT] [Fatal Error] :1:1: Premature end of file.
2026-05-05 23:39:53,200 [ERROR] LogOutputStream:75 - [STDERR_REDIRECT] 
2026-05-05 23:39:54,202 [ERROR] LogOutputStream:75 - [STDERR_REDIRECT] [Fatal Error] :1:1: Premature end of file.
2026-05-05 23:39:54,202 [ERROR] LogOutputStream:75 - [STDERR_REDIRECT] 
2026-05-05 23:39:55,212 [ERROR] LogOutputStream:75 - [STDERR_REDIRECT] [Fatal Error] :1:1: Premature end of file.
2026-05-05 23:39:55,212 [ERROR] LogOutputStream:75 - [STDERR_REDIRECT] 
2026-05-05 23:39:56,210 [ERROR] LogOutputStream:75 - [STDERR_REDIRECT] [Fatal Error] :1:1: Premature end of file.
2026-05-05 23:39:56,210 [ERROR] LogOutputStream:75 - [STDERR_REDIRECT] 
2026-05-05 23:39:57,203 [ERROR] LogOutputStream:75 - [STDERR_REDIRECT] [Fatal Error] :1:1: Premature end of file.
2026-05-05 23:39:57,203 [ERROR] LogOutputStream:75 - [STDERR_REDIRECT] 
2026-05-05 23:39:58,210 [ERROR] LogOutputStream:75 - [STDERR_REDIRECT] [Fatal Error] :1:1: Premature end of file.
2026-05-05 23:39:58,210 [ERROR] LogOutputStream:75 - [STDERR_REDIRECT] 
2026-05-05 23:39:59,220 [ERROR] LogOutputStream:75 - [STDERR_REDIRECT] [Fatal Error] :1:1: Premature end of file.
2026-05-05 23:39:59,220 [ERROR] LogOutputStream:75 - [STDERR_REDIRECT] 
2026-05-05 23:40:00,218 [ERROR] LogOutputStream:75 - [STDERR_REDIRECT] [Fatal Error] :1:1: Premature end of file.
2026-05-05 23:40:00,223 [ERROR] LogOutputStream:75 - [STDERR_REDIRECT] 
2026-05-05 23:40:01,216 [ERROR] LogOutputStream:75 - [STDERR_REDIRECT] [Fatal Error] :1:1: Premature end of file.
2026-05-05 23:40:01,216 [ERROR] LogOutputStream:75 - [STDERR_REDIRECT] 
2026-05-05 23:40:02,204 [ERROR] LogOutputStream:75 - [STDERR_REDIRECT] [Fatal Error] :1:1: Premature end of file.
2026-05-05 23:40:02,204 [ERROR] LogOutputStream:75 - [STDERR_REDIRECT] 
2026-05-05 23:40:03,196 [ERROR] LogOutputStream:75 - [STDERR_REDIRECT] [Fatal Error] :1:1: Premature end of file.
2026-05-05 23:40:03,196 [ERROR] LogOutputStream:75 - [STDERR_REDIRECT] 
2026-05-05 23:40:04,201 [ERROR] LogOutputStream:75 - [STDERR_REDIRECT] [Fatal Error] :1:1: Premature end of file.
2026-05-05 23:40:04,201 [ERROR] LogOutputStream:75 - [STDERR_REDIRECT] 
2026-05-05 23:40:05,231 [ERROR] LogOutputStream:75 - [STDERR_REDIRECT] [Fatal Error] :1:1: Premature end of file.
2026-05-05 23:40:05,231 [ERROR] LogOutputStream:75 - [STDERR_REDIRECT] 
2026-05-05 23:40:06,201 [ERROR] LogOutputStream:75 - [STDERR_REDIRECT] [Fatal Error] :1:1: Premature end of file.
2026-05-05 23:40:06,201 [ERROR] LogOutputStream:75 - [STDERR_REDIRECT] 
2026-05-05 23:40:07,203 [ERROR] LogOutputStream:75 - [STDERR_REDIRECT] [Fatal Error] :1:1: Premature end of file.
2026-05-05 23:40:07,203 [ERROR] LogOutputStream:75 - [STDERR_REDIRECT] 
2026-05-05 23:40:08,180 [ERROR] LogOutputStream:75 - [STDERR_REDIRECT] [Fatal Error] :1:1: Premature end of file.
2026-05-05 23:40:08,180 [ERROR] LogOutputStream:75 - [STDERR_REDIRECT] 
2026-05-05 23:40:09,189 [ERROR] LogOutputStream:75 - [STDERR_REDIRECT] [Fatal Error] :1:1: Premature end of file.
2026-05-05 23:40:09,190 [ERROR] LogOutputStream:75 - [STDERR_REDIRECT] 
2026-05-05 23:40:10,185 [ERROR] LogOutputStream:75 - [STDERR_REDIRECT] [Fatal Error] :1:1: Premature end of file.
2026-05-05 23:40:10,185 [ERROR] LogOutputStream:75 - [STDERR_REDIRECT] 
2026-05-05 23:40:11,180 [ERROR] LogOutputStream:75 - [STDERR_REDIRECT] [Fatal Error] :1:1: Premature end of file.
2026-05-05 23:40:11,180 [ERROR] LogOutputStream:75 - [STDERR_REDIRECT] 
2026-05-05 23:40:12,179 [ERROR] LogOutputStream:75 - [STDERR_REDIRECT] [Fatal Error] :1:1: Premature end of file.
2026-05-05 23:40:12,179 [ERROR] LogOutputStream:75 - [STDERR_REDIRECT] 
2026-05-05 23:40:13,205 [ERROR] LogOutputStream:75 - [STDERR_REDIRECT] [Fatal Error] :1:1: Premature end of file.
2026-05-05 23:40:13,205 [ERROR] LogOutputStream:75 - [STDERR_REDIRECT] 
2026-05-05 23:40:14,197 [ERROR] LogOutputStream:75 - [STDERR_REDIRECT] [Fatal Error] :1:1: Premature end of file.
2026-05-05 23:40:14,198 [ERROR] LogOutputStream:75 - [STDERR_REDIRECT] 
2026-05-05 23:40:15,207 [ERROR] LogOutputStream:75 - [STDERR_REDIRECT] [Fatal Error] :1:1: Premature end of file.
2026-05-05 23:40:15,207 [ERROR] LogOutputStream:75 - [STDERR_REDIRECT] 
2026-05-05 23:40:16,188 [ERROR] LogOutputStream:75 - [STDERR_REDIRECT] [Fatal Error] :1:1: Premature end of file.
2026-05-05 23:40:16,188 [ERROR] LogOutputStream:75 - [STDERR_REDIRECT] 
2026-05-05 23:40:17,181 [ERROR] LogOutputStream:75 - [STDERR_REDIRECT] [Fatal Error] :1:1: Premature end of file.
2026-05-05 23:40:17,181 [ERROR] LogOutputStream:75 - [STDERR_REDIRECT] 
2026-05-05 23:40:18,188 [ERROR] LogOutputStream:75 - [STDERR_REDIRECT] [Fatal Error] :1:1: Premature end of file.
2026-05-05 23:40:18,188 [ERROR] LogOutputStream:75 - [STDERR_REDIRECT] 
2026-05-05 23:40:19,187 [ERROR] LogOutputStream:75 - [STDERR_REDIRECT] [Fatal Error] :1:1: Premature end of file.
2026-05-05 23:40:19,187 [ERROR] LogOutputStream:75 - [STDERR_REDIRECT] 
2026-05-05 23:40:20,205 [ERROR] LogOutputStream:75 - [STDERR_REDIRECT] [Fatal Error] :1:1: Premature end of file.
2026-05-05 23:40:20,205 [ERROR] LogOutputStream:75 - [STDERR_REDIRECT] 
2026-05-05 23:40:21,172 [ERROR] LogOutputStream:75 - [STDERR_REDIRECT] [Fatal Error] :1:1: Premature end of file.
2026-05-05 23:40:21,172 [ERROR] LogOutputStream:75 - [STDERR_REDIRECT] 
2026-05-05 23:40:22,193 [ERROR] LogOutputStream:75 - [STDERR_REDIRECT] [Fatal Error] :1:1: Premature end of file.
2026-05-05 23:40:22,193 [ERROR] LogOutputStream:75 - [STDERR_REDIRECT] 
2026-05-05 23:40:23,202 [ERROR] LogOutputStream:75 - [STDERR_REDIRECT] [Fatal Error] :1:1: Premature end of file.
2026-05-05 23:40:23,202 [ERROR] LogOutputStream:75 - [STDERR_REDIRECT] 
2026-05-05 23:40:24,197 [ERROR] LogOutputStream:75 - [STDERR_REDIRECT] [Fatal Error] :1:1: Premature end of file.
2026-05-05 23:40:24,197 [ERROR] LogOutputStream:75 - [STDERR_REDIRECT] 
2026-05-05 23:40:25,220 [ERROR] LogOutputStream:75 - [STDERR_REDIRECT] [Fatal Error] :1:1: Premature end of file.
2026-05-05 23:40:25,220 [ERROR] LogOutputStream:75 - [STDERR_REDIRECT] 
2026-05-05 23:40:26,185 [ERROR] LogOutputStream:75 - [STDERR_REDIRECT] [Fatal Error] :1:1: Premature end of file.
2026-05-05 23:40:26,185 [ERROR] LogOutputStream:75 - [STDERR_REDIRECT] 
2026-05-05 23:40:27,194 [ERROR] LogOutputStream:75 - [STDERR_REDIRECT] [Fatal Error] :1:1: Premature end of file.
2026-05-05 23:40:27,194 [ERROR] LogOutputStream:75 - [STDERR_REDIRECT] 
2026-05-05 23:40:28,185 [ERROR] LogOutputStream:75 - [STDERR_REDIRECT] [Fatal Error] :1:1: Premature end of file.
2026-05-05 23:40:28,185 [ERROR] LogOutputStream:75 - [STDERR_REDIRECT] 
2026-05-05 23:40:29,182 [ERROR] LogOutputStream:75 - [STDERR_REDIRECT] [Fatal Error] :1:1: Premature end of file.
2026-05-05 23:40:29,182 [ERROR] LogOutputStream:75 - [STDERR_REDIRECT] 
2026-05-05 23:40:30,192 [ERROR] LogOutputStream:75 - [STDERR_REDIRECT] [Fatal Error] :1:1: Premature end of file.
2026-05-05 23:40:30,192 [ERROR] LogOutputStream:75 - [STDERR_REDIRECT] 
2026-05-05 23:40:31,195 [ERROR] LogOutputStream:75 - [STDERR_REDIRECT] [Fatal Error] :1:1: Premature end of file.
2026-05-05 23:40:31,195 [ERROR] LogOutputStream:75 - [STDERR_REDIRECT] 
2026-05-05 23:40:32,184 [ERROR] LogOutputStream:75 - [STDERR_REDIRECT] [Fatal Error] :1:1: Premature end of file.
2026-05-05 23:40:32,184 [ERROR] LogOutputStream:75 - [STDERR_REDIRECT] 
2026-05-05 23:40:33,197 [ERROR] LogOutputStream:75 - [STDERR_REDIRECT] [Fatal Error] :1:1: Premature end of file.
2026-05-05 23:40:33,197 [ERROR] LogOutputStream:75 - [STDERR_REDIRECT] 
2026-05-05 23:40:34,193 [ERROR] LogOutputStream:75 - [STDERR_REDIRECT] [Fatal Error] :1:1: Premature end of file.
2026-05-05 23:40:34,193 [ERROR] LogOutputStream:75 - [STDERR_REDIRECT] 
2026-05-05 23:40:35,178 [ERROR] LogOutputStream:75 - [STDERR_REDIRECT] [Fatal Error] :1:1: Premature end of file.
2026-05-05 23:40:35,178 [ERROR] LogOutputStream:75 - [STDERR_REDIRECT] 
2026-05-05 23:40:36,209 [ERROR] LogOutputStream:75 - [STDERR_REDIRECT] [Fatal Error] :1:1: Premature end of file.
2026-05-05 23:40:36,209 [ERROR] LogOutputStream:75 - [STDERR_REDIRECT] 
2026-05-05 23:40:37,204 [ERROR] LogOutputStream:75 - [STDERR_REDIRECT] [Fatal Error] :1:1: Premature end of file.
2026-05-05 23:40:37,204 [ERROR] LogOutputStream:75 - [STDERR_REDIRECT] 
2026-05-05 23:40:38,207 [ERROR] LogOutputStream:75 - [STDERR_REDIRECT] [Fatal Error] :1:1: Premature end of file.
2026-05-05 23:40:38,207 [ERROR] LogOutputStream:75 - [STDERR_REDIRECT] 
2026-05-05 23:40:39,225 [ERROR] LogOutputStream:75 - [STDERR_REDIRECT] [Fatal Error] :1:1: Premature end of file.
2026-05-05 23:40:39,225 [ERROR] LogOutputStream:75 - [STDERR_REDIRECT] 
2026-05-05 23:40:40,207 [ERROR] LogOutputStream:75 - [STDERR_REDIRECT] [Fatal Error] :1:1: Premature end of file.
2026-05-05 23:40:40,207 [ERROR] LogOutputStream:75 - [STDERR_REDIRECT] 
2026-05-05 23:40:41,208 [ERROR] LogOutputStream:75 - [STDERR_REDIRECT] [Fatal Error] :1:1: Premature end of file.
2026-05-05 23:40:41,208 [ERROR] LogOutputStream:75 - [STDERR_REDIRECT] 
2026-05-05 23:40:42,214 [ERROR] LogOutputStream:75 - [STDERR_REDIRECT] [Fatal Error] :1:1: Premature end of file.
2026-05-05 23:40:42,214 [ERROR] LogOutputStream:75 - [STDERR_REDIRECT] 
2026-05-05 23:40:43,222 [ERROR] LogOutputStream:75 - [STDERR_REDIRECT] [Fatal Error] :1:1: Premature end of file.
2026-05-05 23:40:43,222 [ERROR] LogOutputStream:75 - [STDERR_REDIRECT] 
2026-05-05 23:40:44,199 [ERROR] LogOutputStream:75 - [STDERR_REDIRECT] [Fatal Error] :1:1: Premature end of file.
2026-05-05 23:40:44,199 [ERROR] LogOutputStream:75 - [STDERR_REDIRECT] 
2026-05-05 23:40:45,226 [ERROR] LogOutputStream:75 - [STDERR_REDIRECT] [Fatal Error] :1:1: Premature end of file.
2026-05-05 23:40:45,226 [ERROR] LogOutputStream:75 - [STDERR_REDIRECT] 
2026-05-05 23:40:46,217 [ERROR] LogOutputStream:75 - [STDERR_REDIRECT] [Fatal Error] :1:1: Premature end of file.
2026-05-05 23:40:46,218 [ERROR] LogOutputStream:75 - [STDERR_REDIRECT] 
2026-05-05 23:40:47,225 [ERROR] LogOutputStream:75 - [STDERR_REDIRECT] [Fatal Error] :1:1: Premature end of file.
2026-05-05 23:40:47,225 [ERROR] LogOutputStream:75 - [STDERR_REDIRECT] 
2026-05-05 23:40:48,207 [ERROR] LogOutputStream:75 - [STDERR_REDIRECT] [Fatal Error] :1:1: Premature end of file.
2026-05-05 23:40:48,207 [ERROR] LogOutputStream:75 - [STDERR_REDIRECT] 
2026-05-05 23:40:49,226 [ERROR] LogOutputStream:75 - [STDERR_REDIRECT] [Fatal Error] :1:1: Premature end of file.
2026-05-05 23:40:49,226 [ERROR] LogOutputStream:75 - [STDERR_REDIRECT] 
2026-05-05 23:40:50,214 [ERROR] LogOutputStream:75 - [STDERR_REDIRECT] [Fatal Error] :1:1: Premature end of file.
2026-05-05 23:40:50,214 [ERROR] LogOutputStream:75 - [STDERR_REDIRECT] 
2026-05-05 23:40:51,218 [ERROR] LogOutputStream:75 - [STDERR_REDIRECT] [Fatal Error] :1:1: Premature end of file.
2026-05-05 23:40:51,218 [ERROR] LogOutputStream:75 - [STDERR_REDIRECT] 
2026-05-05 23:40:52,208 [ERROR] LogOutputStream:75 - [STDERR_REDIRECT] [Fatal Error] :1:1: Premature end of file.
2026-05-05 23:40:52,208 [ERROR] LogOutputStream:75 - [STDERR_REDIRECT] 
2026-05-05 23:40:53,190 [ERROR] LogOutputStream:75 - [STDERR_REDIRECT] [Fatal Error] :1:1: Premature end of file.
2026-05-05 23:40:53,190 [ERROR] LogOutputStream:75 - [STDERR_REDIRECT] 
2026-05-05 23:40:54,191 [ERROR] LogOutputStream:75 - [STDERR_REDIRECT] [Fatal Error] :1:1: Premature end of file.
2026-05-05 23:40:54,191 [ERROR] LogOutputStream:75 - [STDERR_REDIRECT] 
2026-05-05 23:40:55,181 [ERROR] LogOutputStream:75 - [STDERR_REDIRECT] [Fatal Error] :1:1: Premature end of file.
2026-05-05 23:40:55,181 [ERROR] LogOutputStream:75 - [STDERR_REDIRECT] 
2026-05-05 23:40:56,174 [ERROR] LogOutputStream:75 - [STDERR_REDIRECT] [Fatal Error] :1:1: Premature end of file.
2026-05-05 23:40:56,174 [ERROR] LogOutputStream:75 - [STDERR_REDIRECT] 
2026-05-05 23:40:57,174 [ERROR] LogOutputStream:75 - [STDERR_REDIRECT] [Fatal Error] :1:1: Premature end of file.
2026-05-05 23:40:57,174 [ERROR] LogOutputStream:75 - [STDERR_REDIRECT] 
2026-05-05 23:40:58,173 [ERROR] LogOutputStream:75 - [STDERR_REDIRECT] [Fatal Error] :1:1: Premature end of file.
2026-05-05 23:40:58,173 [ERROR] LogOutputStream:75 - [STDERR_REDIRECT] 
2026-05-05 23:40:59,188 [ERROR] LogOutputStream:75 - [STDERR_REDIRECT] [Fatal Error] :1:1: Premature end of file.
2026-05-05 23:40:59,188 [ERROR] LogOutputStream:75 - [STDERR_REDIRECT] 
2026-05-05 23:41:00,201 [ERROR] LogOutputStream:75 - [STDERR_REDIRECT] [Fatal Error] :1:1: Premature end of file.
2026-05-05 23:41:00,201 [ERROR] LogOutputStream:75 - [STDERR_REDIRECT] 
2026-05-05 23:41:01,214 [ERROR] LogOutputStream:75 - [STDERR_REDIRECT] [Fatal Error] :1:1: Premature end of file.
2026-05-05 23:41:01,214 [ERROR] LogOutputStream:75 - [STDERR_REDIRECT] 
2026-05-05 23:41:02,202 [ERROR] LogOutputStream:75 - [STDERR_REDIRECT] [Fatal Error] :1:1: Premature end of file.
2026-05-05 23:41:02,202 [ERROR] LogOutputStream:75 - [STDERR_REDIRECT] 
2026-05-05 23:41:03,227 [ERROR] LogOutputStream:75 - [STDERR_REDIRECT] [Fatal Error] :1:1: Premature end of file.
2026-05-05 23:41:03,227 [ERROR] LogOutputStream:75 - [STDERR_REDIRECT] 
2026-05-05 23:41:04,203 [ERROR] LogOutputStream:75 - [STDERR_REDIRECT] [Fatal Error] :1:1: Premature end of file.
2026-05-05 23:41:04,203 [ERROR] LogOutputStream:75 - [STDERR_REDIRECT] 
2026-05-05 23:41:05,218 [ERROR] LogOutputStream:75 - [STDERR_REDIRECT] [Fatal Error] :1:1: Premature end of file.
2026-05-05 23:41:05,219 [ERROR] LogOutputStream:75 - [STDERR_REDIRECT] 
2026-05-05 23:41:06,223 [ERROR] LogOutputStream:75 - [STDERR_REDIRECT] [Fatal Error] :1:1: Premature end of file.
2026-05-05 23:41:06,223 [ERROR] LogOutputStream:75 - [STDERR_REDIRECT] 
2026-05-05 23:41:07,205 [ERROR] LogOutputStream:75 - [STDERR_REDIRECT] [Fatal Error] :1:1: Premature end of file.
2026-05-05 23:41:07,205 [ERROR] LogOutputStream:75 - [STDERR_REDIRECT] 
2026-05-05 23:41:08,218 [ERROR] LogOutputStream:75 - [STDERR_REDIRECT] [Fatal Error] :1:1: Premature end of file.
2026-05-05 23:41:08,218 [ERROR] LogOutputStream:75 - [STDERR_REDIRECT] 
2026-05-05 23:41:09,202 [ERROR] LogOutputStream:75 - [STDERR_REDIRECT] [Fatal Error] :1:1: Premature end of file.
2026-05-05 23:41:09,202 [ERROR] LogOutputStream:75 - [STDERR_REDIRECT] 
2026-05-05 23:41:10,210 [ERROR] LogOutputStream:75 - [STDERR_REDIRECT] [Fatal Error] :1:1: Premature end of file.
2026-05-05 23:41:10,210 [ERROR] LogOutputStream:75 - [STDERR_REDIRECT] 
2026-05-05 23:41:11,202 [ERROR] LogOutputStream:75 - [STDERR_REDIRECT] [Fatal Error] :1:1: Premature end of file.
2026-05-05 23:41:11,202 [ERROR] LogOutputStream:75 - [STDERR_REDIRECT] 
2026-05-05 23:41:12,206 [ERROR] LogOutputStream:75 - [STDERR_REDIRECT] [Fatal Error] :1:1: Premature end of file.
2026-05-05 23:41:12,206 [ERROR] LogOutputStream:75 - [STDERR_REDIRECT] 
2026-05-05 23:41:13,203 [ERROR] LogOutputStream:75 - [STDERR_REDIRECT] [Fatal Error] :1:1: Premature end of file.
2026-05-05 23:41:13,203 [ERROR] LogOutputStream:75 - [STDERR_REDIRECT] 
2026-05-05 23:41:14,210 [ERROR] LogOutputStream:75 - [STDERR_REDIRECT] [Fatal Error] :1:1: Premature end of file.
2026-05-05 23:41:14,210 [ERROR] LogOutputStream:75 - [STDERR_REDIRECT] 
2026-05-05 23:41:15,203 [ERROR] LogOutputStream:75 - [STDERR_REDIRECT] [Fatal Error] :1:1: Premature end of file.
2026-05-05 23:41:15,203 [ERROR] LogOutputStream:75 - [STDERR_REDIRECT] 
2026-05-05 23:41:16,203 [ERROR] LogOutputStream:75 - [STDERR_REDIRECT] [Fatal Error] :1:1: Premature end of file.
2026-05-05 23:41:16,203 [ERROR] LogOutputStream:75 - [STDERR_REDIRECT] 
2026-05-05 23:41:17,198 [ERROR] LogOutputStream:75 - [STDERR_REDIRECT] [Fatal Error] :1:1: Premature end of file.
2026-05-05 23:41:17,198 [ERROR] LogOutputStream:75 - [STDERR_REDIRECT] 
2026-05-05 23:41:18,212 [ERROR] LogOutputStream:75 - [STDERR_REDIRECT] [Fatal Error] :1:1: Premature end of file.
2026-05-05 23:41:18,212 [ERROR] LogOutputStream:75 - [STDERR_REDIRECT] 
2026-05-05 23:41:19,221 [ERROR] LogOutputStream:75 - [STDERR_REDIRECT] [Fatal Error] :1:1: Premature end of file.
2026-05-05 23:41:19,221 [ERROR] LogOutputStream:75 - [STDERR_REDIRECT] 
2026-05-05 23:41:20,221 [ERROR] LogOutputStream:75 - [STDERR_REDIRECT] [Fatal Error] :1:1: Premature end of file.
2026-05-05 23:41:20,222 [ERROR] LogOutputStream:75 - [STDERR_REDIRECT] 
2026-05-05 23:41:21,205 [ERROR] LogOutputStream:75 - [STDERR_REDIRECT] [Fatal Error] :1:1: Premature end of file.
2026-05-05 23:41:21,205 [ERROR] LogOutputStream:75 - [STDERR_REDIRECT] 
2026-05-05 23:41:22,217 [ERROR] LogOutputStream:75 - [STDERR_REDIRECT] [Fatal Error] :1:1: Premature end of file.
2026-05-05 23:41:22,217 [ERROR] LogOutputStream:75 - [STDERR_REDIRECT] 
2026-05-05 23:41:23,205 [ERROR] LogOutputStream:75 - [STDERR_REDIRECT] [Fatal Error] :1:1: Premature end of file.
2026-05-05 23:41:23,205 [ERROR] LogOutputStream:75 - [STDERR_REDIRECT] 
2026-05-05 23:41:24,191 [ERROR] LogOutputStream:75 - [STDERR_REDIRECT] [Fatal Error] :1:1: Premature end of file.
2026-05-05 23:41:24,191 [ERROR] LogOutputStream:75 - [STDERR_REDIRECT] 
2026-05-05 23:41:25,181 [ERROR] LogOutputStream:75 - [STDERR_REDIRECT] [Fatal Error] :1:1: Premature end of file.
2026-05-05 23:41:25,181 [ERROR] LogOutputStream:75 - [STDERR_REDIRECT] 
2026-05-05 23:41:26,197 [ERROR] LogOutputStream:75 - [STDERR_REDIRECT] [Fatal Error] :1:1: Premature end of file.
2026-05-05 23:41:26,198 [ERROR] LogOutputStream:75 - [STDERR_REDIRECT] 
2026-05-05 23:41:27,179 [ERROR] LogOutputStream:75 - [STDERR_REDIRECT] [Fatal Error] :1:1: Premature end of file.
2026-05-05 23:41:27,179 [ERROR] LogOutputStream:75 - [STDERR_REDIRECT] 
2026-05-05 23:41:28,179 [ERROR] LogOutputStream:75 - [STDERR_REDIRECT] [Fatal Error] :1:1: Premature end of file.
2026-05-05 23:41:28,179 [ERROR] LogOutputStream:75 - [STDERR_REDIRECT] 
2026-05-05 23:41:29,182 [ERROR] LogOutputStream:75 - [STDERR_REDIRECT] [Fatal Error] :1:1: Premature end of file.
2026-05-05 23:41:29,183 [ERROR] LogOutputStream:75 - [STDERR_REDIRECT] 
2026-05-05 23:41:30,203 [ERROR] LogOutputStream:75 - [STDERR_REDIRECT] [Fatal Error] :1:1: Premature end of file.
2026-05-05 23:41:30,203 [ERROR] LogOutputStream:75 - [STDERR_REDIRECT] 
2026-05-05 23:41:31,183 [ERROR] LogOutputStream:75 - [STDERR_REDIRECT] [Fatal Error] :1:1: Premature end of file.
2026-05-05 23:41:31,183 [ERROR] LogOutputStream:75 - [STDERR_REDIRECT] 
2026-05-05 23:41:32,225 [ERROR] LogOutputStream:75 - [STDERR_REDIRECT] [Fatal Error] :1:1: Premature end of file.
2026-05-05 23:41:32,225 [ERROR] LogOutputStream:75 - [STDERR_REDIRECT] 
2026-05-05 23:41:33,193 [ERROR] LogOutputStream:75 - [STDERR_REDIRECT] [Fatal Error] :1:1: Premature end of file.
2026-05-05 23:41:33,193 [ERROR] LogOutputStream:75 - [STDERR_REDIRECT] 
2026-05-05 23:41:34,181 [ERROR] LogOutputStream:75 - [STDERR_REDIRECT] [Fatal Error] :1:1: Premature end of file.
2026-05-05 23:41:34,181 [ERROR] LogOutputStream:75 - [STDERR_REDIRECT] 
2026-05-05 23:41:35,184 [ERROR] LogOutputStream:75 - [STDERR_REDIRECT] [Fatal Error] :1:1: Premature end of file.
2026-05-05 23:41:35,184 [ERROR] LogOutputStream:75 - [STDERR_REDIRECT] 
2026-05-05 23:41:36,187 [ERROR] LogOutputStream:75 - [STDERR_REDIRECT] [Fatal Error] :1:1: Premature end of file.
2026-05-05 23:41:36,187 [ERROR] LogOutputStream:75 - [STDERR_REDIRECT] 
2026-05-05 23:41:37,506 [ERROR] LogOutputStream:75 - [STDERR_REDIRECT] [Fatal Error] :1:1: Premature end of file.
2026-05-05 23:41:37,521 [ERROR] LogOutputStream:75 - [STDERR_REDIRECT] 
2026-05-05 23:41:38,185 [ERROR] LogOutputStream:75 - [STDERR_REDIRECT] [Fatal Error] :1:1: Premature end of file.
2026-05-05 23:41:38,185 [ERROR] LogOutputStream:75 - [STDERR_REDIRECT] 
2026-05-05 23:41:39,182 [ERROR] LogOutputStream:75 - [STDERR_REDIRECT] [Fatal Error] :1:1: Premature end of file.
2026-05-05 23:41:39,182 [ERROR] LogOutputStream:75 - [STDERR_REDIRECT] 
2026-05-05 23:41:40,179 [ERROR] LogOutputStream:75 - [STDERR_REDIRECT] [Fatal Error] :1:1: Premature end of file.
2026-05-05 23:41:40,179 [ERROR] LogOutputStream:75 - [STDERR_REDIRECT] 
2026-05-05 23:41:41,215 [ERROR] LogOutputStream:75 - [STDERR_REDIRECT] [Fatal Error] :1:1: Premature end of file.
2026-05-05 23:41:41,215 [ERROR] LogOutputStream:75 - [STDERR_REDIRECT] 
2026-05-05 23:41:42,209 [ERROR] LogOutputStream:75 - [STDERR_REDIRECT] [Fatal Error] :1:1: Premature end of file.
2026-05-05 23:41:42,210 [ERROR] LogOutputStream:75 - [STDERR_REDIRECT] 
2026-05-05 23:41:43,235 [ERROR] LogOutputStream:75 - [STDERR_REDIRECT] [Fatal Error] :1:1: Premature end of file.
2026-05-05 23:41:43,235 [ERROR] LogOutputStream:75 - [STDERR_REDIRECT] 
2026-05-05 23:41:44,213 [ERROR] LogOutputStream:75 - [STDERR_REDIRECT] [Fatal Error] :1:1: Premature end of file.
2026-05-05 23:41:44,213 [ERROR] LogOutputStream:75 - [STDERR_REDIRECT] 
2026-05-05 23:41:45,219 [ERROR] LogOutputStream:75 - [STDERR_REDIRECT] [Fatal Error] :1:1: Premature end of file.
2026-05-05 23:41:45,219 [ERROR] LogOutputStream:75 - [STDERR_REDIRECT] 
2026-05-05 23:41:46,212 [ERROR] LogOutputStream:75 - [STDERR_REDIRECT] [Fatal Error] :1:1: Premature end of file.
2026-05-05 23:41:46,212 [ERROR] LogOutputStream:75 - [STDERR_REDIRECT] 
2026-05-05 23:41:47,218 [ERROR] LogOutputStream:75 - [STDERR_REDIRECT] [Fatal Error] :1:1: Premature end of file.
2026-05-05 23:41:47,218 [ERROR] LogOutputStream:75 - [STDERR_REDIRECT] 
2026-05-05 23:41:48,195 [ERROR] LogOutputStream:75 - [STDERR_REDIRECT] [Fatal Error] :1:1: Premature end of file.
2026-05-05 23:41:48,195 [ERROR] LogOutputStream:75 - [STDERR_REDIRECT] 
2026-05-05 23:41:49,247 [ERROR] LogOutputStream:75 - [STDERR_REDIRECT] [Fatal Error] :1:1: Premature end of file.
2026-05-05 23:41:49,247 [ERROR] LogOutputStream:75 - [STDERR_REDIRECT] 
2026-05-05 23:41:50,236 [ERROR] LogOutputStream:75 - [STDERR_REDIRECT] [Fatal Error] :1:1: Premature end of file.
2026-05-05 23:41:50,238 [ERROR] LogOutputStream:75 - [STDERR_REDIRECT] 
2026-05-05 23:41:51,207 [ERROR] LogOutputStream:75 - [STDERR_REDIRECT] [Fatal Error] :1:1: Premature end of file.
2026-05-05 23:41:51,207 [ERROR] LogOutputStream:75 - [STDERR_REDIRECT] 
2026-05-05 23:41:52,191 [ERROR] LogOutputStream:75 - [STDERR_REDIRECT] [Fatal Error] :1:1: Premature end of file.
2026-05-05 23:41:52,191 [ERROR] LogOutputStream:75 - [STDERR_REDIRECT] 
2026-05-05 23:41:53,193 [ERROR] LogOutputStream:75 - [STDERR_REDIRECT] [Fatal Error] :1:1: Premature end of file.
2026-05-05 23:41:53,193 [ERROR] LogOutputStream:75 - [STDERR_REDIRECT] 
2026-05-05 23:41:54,184 [ERROR] LogOutputStream:75 - [STDERR_REDIRECT] [Fatal Error] :1:1: Premature end of file.
2026-05-05 23:41:54,184 [ERROR] LogOutputStream:75 - [STDERR_REDIRECT] 
2026-05-05 23:41:55,177 [ERROR] LogOutputStream:75 - [STDERR_REDIRECT] [Fatal Error] :1:1: Premature end of file.
2026-05-05 23:41:55,177 [ERROR] LogOutputStream:75 - [STDERR_REDIRECT] 
2026-05-05 23:41:56,200 [ERROR] LogOutputStream:75 - [STDERR_REDIRECT] [Fatal Error] :1:1: Premature end of file.
2026-05-05 23:41:56,200 [ERROR] LogOutputStream:75 - [STDERR_REDIRECT] 
2026-05-05 23:41:57,186 [ERROR] LogOutputStream:75 - [STDERR_REDIRECT] [Fatal Error] :1:1: Premature end of file.
2026-05-05 23:41:57,187 [ERROR] LogOutputStream:75 - [STDERR_REDIRECT] 
2026-05-05 23:41:58,439 [ERROR] LogOutputStream:75 - [STDERR_REDIRECT] [Fatal Error] :1:1: Premature end of file.
2026-05-05 23:41:58,439 [ERROR] LogOutputStream:75 - [STDERR_REDIRECT] 
2026-05-05 23:41:59,304 [ERROR] LogOutputStream:75 - [STDERR_REDIRECT] [Fatal Error] :1:1: Premature end of file.
2026-05-05 23:41:59,304 [ERROR] LogOutputStream:75 - [STDERR_REDIRECT] 
2026-05-05 23:42:00,178 [ERROR] LogOutputStream:75 - [STDERR_REDIRECT] [Fatal Error] :1:1: Premature end of file.
2026-05-05 23:42:00,178 [ERROR] LogOutputStream:75 - [STDERR_REDIRECT] 
2026-05-05 23:42:01,183 [ERROR] LogOutputStream:75 - [STDERR_REDIRECT] [Fatal Error] :1:1: Premature end of file.
2026-05-05 23:42:01,183 [ERROR] LogOutputStream:75 - [STDERR_REDIRECT] 
2026-05-05 23:42:02,177 [ERROR] LogOutputStream:75 - [STDERR_REDIRECT] [Fatal Error] :1:1: Premature end of file.
2026-05-05 23:42:02,177 [ERROR] LogOutputStream:75 - [STDERR_REDIRECT] 
2026-05-05 23:42:03,181 [ERROR] LogOutputStream:75 - [STDERR_REDIRECT] [Fatal Error] :1:1: Premature end of file.
2026-05-05 23:42:03,181 [ERROR] LogOutputStream:75 - [STDERR_REDIRECT] 
2026-05-05 23:42:04,210 [ERROR] LogOutputStream:75 - [STDERR_REDIRECT] [Fatal Error] :1:1: Premature end of file.
2026-05-05 23:42:04,210 [ERROR] LogOutputStream:75 - [STDERR_REDIRECT] 
2026-05-05 23:42:05,247 [ERROR] LogOutputStream:75 - [STDERR_REDIRECT] [Fatal Error] :1:1: Premature end of file.
2026-05-05 23:42:05,247 [ERROR] LogOutputStream:75 - [STDERR_REDIRECT] 
2026-05-05 23:42:06,210 [ERROR] LogOutputStream:75 - [STDERR_REDIRECT] [Fatal Error] :1:1: Premature end of file.
2026-05-05 23:42:06,213 [ERROR] LogOutputStream:75 - [STDERR_REDIRECT] 
2026-05-05 23:42:07,206 [ERROR] LogOutputStream:75 - [STDERR_REDIRECT] [Fatal Error] :1:1: Premature end of file.
2026-05-05 23:42:07,206 [ERROR] LogOutputStream:75 - [STDERR_REDIRECT] 
2026-05-05 23:42:08,208 [ERROR] LogOutputStream:75 - [STDERR_REDIRECT] [Fatal Error] :1:1: Premature end of file.
2026-05-05 23:42:08,209 [ERROR] LogOutputStream:75 - [STDERR_REDIRECT] 
2026-05-05 23:42:09,217 [ERROR] LogOutputStream:75 - [STDERR_REDIRECT] [Fatal Error] :1:1: Premature end of file.
2026-05-05 23:42:09,225 [ERROR] LogOutputStream:75 - [STDERR_REDIRECT] 
2026-05-05 23:42:10,202 [ERROR] LogOutputStream:75 - [STDERR_REDIRECT] [Fatal Error] :1:1: Premature end of file.
2026-05-05 23:42:10,202 [ERROR] LogOutputStream:75 - [STDERR_REDIRECT] 
2026-05-05 23:42:11,213 [ERROR] LogOutputStream:75 - [STDERR_REDIRECT] [Fatal Error] :1:1: Premature end of file.
2026-05-05 23:42:11,213 [ERROR] LogOutputStream:75 - [STDERR_REDIRECT] 
2026-05-05 23:42:12,212 [ERROR] LogOutputStream:75 - [STDERR_REDIRECT] [Fatal Error] :1:1: Premature end of file.
2026-05-05 23:42:12,212 [ERROR] LogOutputStream:75 - [STDERR_REDIRECT] 
2026-05-05 23:42:13,202 [ERROR] LogOutputStream:75 - [STDERR_REDIRECT] [Fatal Error] :1:1: Premature end of file.
2026-05-05 23:42:13,202 [ERROR] LogOutputStream:75 - [STDERR_REDIRECT] 
2026-05-05 23:42:14,201 [ERROR] LogOutputStream:75 - [STDERR_REDIRECT] [Fatal Error] :1:1: Premature end of file.
2026-05-05 23:42:14,201 [ERROR] LogOutputStream:75 - [STDERR_REDIRECT] 
2026-05-05 23:42:15,197 [ERROR] LogOutputStream:75 - [STDERR_REDIRECT] [Fatal Error] :1:1: Premature end of file.
2026-05-05 23:42:15,197 [ERROR] LogOutputStream:75 - [STDERR_REDIRECT] 
2026-05-05 23:42:16,201 [ERROR] LogOutputStream:75 - [STDERR_REDIRECT] [Fatal Error] :1:1: Premature end of file.
2026-05-05 23:42:16,201 [ERROR] LogOutputStream:75 - [STDERR_REDIRECT] 
2026-05-05 23:42:17,220 [ERROR] LogOutputStream:75 - [STDERR_REDIRECT] [Fatal Error] :1:1: Premature end of file.
2026-05-05 23:42:17,220 [ERROR] LogOutputStream:75 - [STDERR_REDIRECT] 
2026-05-05 23:42:18,214 [ERROR] LogOutputStream:75 - [STDERR_REDIRECT] [Fatal Error] :1:1: Premature end of file.
2026-05-05 23:42:18,214 [ERROR] LogOutputStream:75 - [STDERR_REDIRECT] 
2026-05-05 23:42:19,218 [ERROR] LogOutputStream:75 - [STDERR_REDIRECT] [Fatal Error] :1:1: Premature end of file.
2026-05-05 23:42:19,218 [ERROR] LogOutputStream:75 - [STDERR_REDIRECT] 
2026-05-05 23:42:20,200 [ERROR] LogOutputStream:75 - [STDERR_REDIRECT] [Fatal Error] :1:1: Premature end of file.
2026-05-05 23:42:20,200 [ERROR] LogOutputStream:75 - [STDERR_REDIRECT] 
2026-05-05 23:42:21,213 [ERROR] LogOutputStream:75 - [STDERR_REDIRECT] [Fatal Error] :1:1: Premature end of file.
2026-05-05 23:42:21,213 [ERROR] LogOutputStream:75 - [STDERR_REDIRECT] 
2026-05-05 23:42:22,204 [ERROR] LogOutputStream:75 - [STDERR_REDIRECT] [Fatal Error] :1:1: Premature end of file.
2026-05-05 23:42:22,204 [ERROR] LogOutputStream:75 - [STDERR_REDIRECT] 
2026-05-05 23:42:23,210 [ERROR] LogOutputStream:75 - [STDERR_REDIRECT] [Fatal Error] :1:1: Premature end of file.
2026-05-05 23:42:23,210 [ERROR] LogOutputStream:75 - [STDERR_REDIRECT] 
2026-05-05 23:42:24,208 [ERROR] LogOutputStream:75 - [STDERR_REDIRECT] [Fatal Error] :1:1: Premature end of file.
2026-05-05 23:42:24,208 [ERROR] LogOutputStream:75 - [STDERR_REDIRECT] 
2026-05-05 23:42:25,209 [ERROR] LogOutputStream:75 - [STDERR_REDIRECT] [Fatal Error] :1:1: Premature end of file.
2026-05-05 23:42:25,209 [ERROR] LogOutputStream:75 - [STDERR_REDIRECT] 
2026-05-05 23:42:26,198 [ERROR] LogOutputStream:75 - [STDERR_REDIRECT] [Fatal Error] :1:1: Premature end of file.
2026-05-05 23:42:26,198 [ERROR] LogOutputStream:75 - [STDERR_REDIRECT] 
2026-05-05 23:42:27,202 [ERROR] LogOutputStream:75 - [STDERR_REDIRECT] [Fatal Error] :1:1: Premature end of file.
2026-05-05 23:42:27,202 [ERROR] LogOutputStream:75 - [STDERR_REDIRECT] 
2026-05-05 23:42:28,226 [ERROR] LogOutputStream:75 - [STDERR_REDIRECT] [Fatal Error] :1:1: Premature end of file.
2026-05-05 23:42:28,226 [ERROR] LogOutputStream:75 - [STDERR_REDIRECT] 
2026-05-05 23:42:29,209 [ERROR] LogOutputStream:75 - [STDERR_REDIRECT] [Fatal Error] :1:1: Premature end of file.
2026-05-05 23:42:29,210 [ERROR] LogOutputStream:75 - [STDERR_REDIRECT] 
2026-05-05 23:42:30,223 [ERROR] LogOutputStream:75 - [STDERR_REDIRECT] [Fatal Error] :1:1: Premature end of file.
2026-05-05 23:42:30,224 [ERROR] LogOutputStream:75 - [STDERR_REDIRECT] 
2026-05-05 23:42:31,218 [ERROR] LogOutputStream:75 - [STDERR_REDIRECT] [Fatal Error] :1:1: Premature end of file.
2026-05-05 23:42:31,218 [ERROR] LogOutputStream:75 - [STDERR_REDIRECT] 
2026-05-05 23:42:32,209 [ERROR] LogOutputStream:75 - [STDERR_REDIRECT] [Fatal Error] :1:1: Premature end of file.
2026-05-05 23:42:32,209 [ERROR] LogOutputStream:75 - [STDERR_REDIRECT] 
2026-05-05 23:42:33,209 [ERROR] LogOutputStream:75 - [STDERR_REDIRECT] [Fatal Error] :1:1: Premature end of file.
2026-05-05 23:42:33,209 [ERROR] LogOutputStream:75 - [STDERR_REDIRECT] 
2026-05-05 23:42:34,225 [ERROR] LogOutputStream:75 - [STDERR_REDIRECT] [Fatal Error] :1:1: Premature end of file.
2026-05-05 23:42:34,225 [ERROR] LogOutputStream:75 - [STDERR_REDIRECT] 
2026-05-05 23:42:35,215 [ERROR] LogOutputStream:75 - [STDERR_REDIRECT] [Fatal Error] :1:1: Premature end of file.
2026-05-05 23:42:35,215 [ERROR] LogOutputStream:75 - [STDERR_REDIRECT] 
2026-05-05 23:42:36,233 [ERROR] LogOutputStream:75 - [STDERR_REDIRECT] [Fatal Error] :1:1: Premature end of file.
2026-05-05 23:42:36,233 [ERROR] LogOutputStream:75 - [STDERR_REDIRECT] 
2026-05-05 23:42:37,179 [ERROR] LogOutputStream:75 - [STDERR_REDIRECT] [Fatal Error] :1:1: Premature end of file.
2026-05-05 23:42:37,179 [ERROR] LogOutputStream:75 - [STDERR_REDIRECT] 
2026-05-05 23:42:38,187 [ERROR] LogOutputStream:75 - [STDERR_REDIRECT] [Fatal Error] :1:1: Premature end of file.
2026-05-05 23:42:38,187 [ERROR] LogOutputStream:75 - [STDERR_REDIRECT] 
2026-05-05 23:42:39,228 [ERROR] LogOutputStream:75 - [STDERR_REDIRECT] [Fatal Error] :1:1: Premature end of file.
2026-05-05 23:42:39,228 [ERROR] LogOutputStream:75 - [STDERR_REDIRECT] 
2026-05-05 23:42:40,216 [ERROR] LogOutputStream:75 - [STDERR_REDIRECT] [Fatal Error] :1:1: Premature end of file.
2026-05-05 23:42:40,217 [ERROR] LogOutputStream:75 - [STDERR_REDIRECT] 
2026-05-05 23:42:41,212 [ERROR] LogOutputStream:75 - [STDERR_REDIRECT] [Fatal Error] :1:1: Premature end of file.
2026-05-05 23:42:41,212 [ERROR] LogOutputStream:75 - [STDERR_REDIRECT] 
2026-05-05 23:42:42,215 [ERROR] LogOutputStream:75 - [STDERR_REDIRECT] [Fatal Error] :1:1: Premature end of file.
2026-05-05 23:42:42,215 [ERROR] LogOutputStream:75 - [STDERR_REDIRECT] 
2026-05-05 23:42:43,183 [ERROR] LogOutputStream:75 - [STDERR_REDIRECT] [Fatal Error] :1:1: Premature end of file.
2026-05-05 23:42:43,183 [ERROR] LogOutputStream:75 - [STDERR_REDIRECT] 
2026-05-05 23:42:44,181 [ERROR] LogOutputStream:75 - [STDERR_REDIRECT] [Fatal Error] :1:1: Premature end of file.
2026-05-05 23:42:44,181 [ERROR] LogOutputStream:75 - [STDERR_REDIRECT] 
2026-05-05 23:42:45,214 [ERROR] LogOutputStream:75 - [STDERR_REDIRECT] [Fatal Error] :1:1: Premature end of file.
2026-05-05 23:42:45,215 [ERROR] LogOutputStream:75 - [STDERR_REDIRECT] 
2026-05-05 23:42:46,180 [ERROR] LogOutputStream:75 - [STDERR_REDIRECT] [Fatal Error] :1:1: Premature end of file.
2026-05-05 23:42:46,180 [ERROR] LogOutputStream:75 - [STDERR_REDIRECT] 
2026-05-05 23:42:47,194 [ERROR] LogOutputStream:75 - [STDERR_REDIRECT] [Fatal Error] :1:1: Premature end of file.
2026-05-05 23:42:47,194 [ERROR] LogOutputStream:75 - [STDERR_REDIRECT] 
2026-05-05 23:42:48,179 [ERROR] LogOutputStream:75 - [STDERR_REDIRECT] [Fatal Error] :1:1: Premature end of file.
2026-05-05 23:42:48,186 [ERROR] LogOutputStream:75 - [STDERR_REDIRECT] 
2026-05-05 23:42:49,180 [ERROR] LogOutputStream:75 - [STDERR_REDIRECT] [Fatal Error] :1:1: Premature end of file.
2026-05-05 23:42:49,180 [ERROR] LogOutputStream:75 - [STDERR_REDIRECT] 
2026-05-05 23:42:50,191 [ERROR] LogOutputStream:75 - [STDERR_REDIRECT] [Fatal Error] :1:1: Premature end of file.
2026-05-05 23:42:50,191 [ERROR] LogOutputStream:75 - [STDERR_REDIRECT] 
2026-05-05 23:42:51,176 [ERROR] LogOutputStream:75 - [STDERR_REDIRECT] [Fatal Error] :1:1: Premature end of file.
2026-05-05 23:42:51,176 [ERROR] LogOutputStream:75 - [STDERR_REDIRECT] 
2026-05-05 23:42:52,180 [ERROR] LogOutputStream:75 - [STDERR_REDIRECT] [Fatal Error] :1:1: Premature end of file.
2026-05-05 23:42:52,180 [ERROR] LogOutputStream:75 - [STDERR_REDIRECT] 
2026-05-05 23:42:53,194 [ERROR] LogOutputStream:75 - [STDERR_REDIRECT] [Fatal Error] :1:1: Premature end of file.
2026-05-05 23:42:53,194 [ERROR] LogOutputStream:75 - [STDERR_REDIRECT] 
2026-05-05 23:42:54,215 [ERROR] LogOutputStream:75 - [STDERR_REDIRECT] [Fatal Error] :1:1: Premature end of file.
2026-05-05 23:42:54,220 [ERROR] LogOutputStream:75 - [STDERR_REDIRECT] 
2026-05-05 23:42:55,198 [ERROR] LogOutputStream:75 - [STDERR_REDIRECT] [Fatal Error] :1:1: Premature end of file.
2026-05-05 23:42:55,198 [ERROR] LogOutputStream:75 - [STDERR_REDIRECT] 
2026-05-05 23:42:56,229 [ERROR] LogOutputStream:75 - [STDERR_REDIRECT] [Fatal Error] :1:1: Premature end of file.
2026-05-05 23:42:56,229 [ERROR] LogOutputStream:75 - [STDERR_REDIRECT] 
2026-05-05 23:42:57,183 [ERROR] LogOutputStream:75 - [STDERR_REDIRECT] [Fatal Error] :1:1: Premature end of file.
2026-05-05 23:42:57,183 [ERROR] LogOutputStream:75 - [STDERR_REDIRECT] 
2026-05-05 23:42:58,198 [ERROR] LogOutputStream:75 - [STDERR_REDIRECT] [Fatal Error] :1:1: Premature end of file.
2026-05-05 23:42:58,198 [ERROR] LogOutputStream:75 - [STDERR_REDIRECT] 
2026-05-05 23:42:59,185 [ERROR] LogOutputStream:75 - [STDERR_REDIRECT] [Fatal Error] :1:1: Premature end of file.
2026-05-05 23:42:59,186 [ERROR] LogOutputStream:75 - [STDERR_REDIRECT] 
2026-05-05 23:43:00,183 [ERROR] LogOutputStream:75 - [STDERR_REDIRECT] [Fatal Error] :1:1: Premature end of file.
2026-05-05 23:43:00,184 [ERROR] LogOutputStream:75 - [STDERR_REDIRECT] 
2026-05-05 23:43:01,180 [ERROR] LogOutputStream:75 - [STDERR_REDIRECT] [Fatal Error] :1:1: Premature end of file.
2026-05-05 23:43:01,180 [ERROR] LogOutputStream:75 - [STDERR_REDIRECT] 
2026-05-05 23:43:02,192 [ERROR] LogOutputStream:75 - [STDERR_REDIRECT] [Fatal Error] :1:1: Premature end of file.
2026-05-05 23:43:02,192 [ERROR] LogOutputStream:75 - [STDERR_REDIRECT] 
2026-05-05 23:43:03,186 [ERROR] LogOutputStream:75 - [STDERR_REDIRECT] [Fatal Error] :1:1: Premature end of file.
2026-05-05 23:43:03,186 [ERROR] LogOutputStream:75 - [STDERR_REDIRECT] 
2026-05-05 23:43:04,196 [ERROR] LogOutputStream:75 - [STDERR_REDIRECT] [Fatal Error] :1:1: Premature end of file.
2026-05-05 23:43:04,197 [ERROR] LogOutputStream:75 - [STDERR_REDIRECT] 
2026-05-05 23:43:05,189 [ERROR] LogOutputStream:75 - [STDERR_REDIRECT] [Fatal Error] :1:1: Premature end of file.
2026-05-05 23:43:05,189 [ERROR] LogOutputStream:75 - [STDERR_REDIRECT] 
2026-05-05 23:43:06,191 [ERROR] LogOutputStream:75 - [STDERR_REDIRECT] [Fatal Error] :1:1: Premature end of file.
2026-05-05 23:43:06,191 [ERROR] LogOutputStream:75 - [STDERR_REDIRECT] 
2026-05-05 23:43:07,182 [ERROR] LogOutputStream:75 - [STDERR_REDIRECT] [Fatal Error] :1:1: Premature end of file.
2026-05-05 23:43:07,182 [ERROR] LogOutputStream:75 - [STDERR_REDIRECT] 
2026-05-05 23:43:08,177 [ERROR] LogOutputStream:75 - [STDERR_REDIRECT] [Fatal Error] :1:1: Premature end of file.
2026-05-05 23:43:08,177 [ERROR] LogOutputStream:75 - [STDERR_REDIRECT] 
2026-05-05 23:43:09,200 [ERROR] LogOutputStream:75 - [STDERR_REDIRECT] [Fatal Error] :1:1: Premature end of file.
2026-05-05 23:43:09,200 [ERROR] LogOutputStream:75 - [STDERR_REDIRECT] 
2026-05-05 23:43:10,219 [ERROR] LogOutputStream:75 - [STDERR_REDIRECT] [Fatal Error] :1:1: Premature end of file.
2026-05-05 23:43:10,219 [ERROR] LogOutputStream:75 - [STDERR_REDIRECT] 
2026-05-05 23:43:11,207 [ERROR] LogOutputStream:75 - [STDERR_REDIRECT] [Fatal Error] :1:1: Premature end of file.
2026-05-05 23:43:11,207 [ERROR] LogOutputStream:75 - [STDERR_REDIRECT] 
2026-05-05 23:43:12,200 [ERROR] LogOutputStream:75 - [STDERR_REDIRECT] [Fatal Error] :1:1: Premature end of file.
2026-05-05 23:43:12,200 [ERROR] LogOutputStream:75 - [STDERR_REDIRECT] 
2026-05-05 23:43:13,186 [ERROR] LogOutputStream:75 - [STDERR_REDIRECT] [Fatal Error] :1:1: Premature end of file.
2026-05-05 23:43:13,186 [ERROR] LogOutputStream:75 - [STDERR_REDIRECT] 
2026-05-05 23:43:14,203 [ERROR] LogOutputStream:75 - [STDERR_REDIRECT] [Fatal Error] :1:1: Premature end of file.
2026-05-05 23:43:14,203 [ERROR] LogOutputStream:75 - [STDERR_REDIRECT] 
2026-05-05 23:43:15,183 [ERROR] LogOutputStream:75 - [STDERR_REDIRECT] [Fatal Error] :1:1: Premature end of file.
2026-05-05 23:43:15,183 [ERROR] LogOutputStream:75 - [STDERR_REDIRECT] 
2026-05-05 23:43:16,196 [ERROR] LogOutputStream:75 - [STDERR_REDIRECT] [Fatal Error] :1:1: Premature end of file.
2026-05-05 23:43:16,196 [ERROR] LogOutputStream:75 - [STDERR_REDIRECT] 
2026-05-05 23:43:17,216 [ERROR] LogOutputStream:75 - [STDERR_REDIRECT] [Fatal Error] :1:1: Premature end of file.
2026-05-05 23:43:17,217 [ERROR] LogOutputStream:75 - [STDERR_REDIRECT] 
2026-05-05 23:43:18,196 [ERROR] LogOutputStream:75 - [STDERR_REDIRECT] [Fatal Error] :1:1: Premature end of file.
2026-05-05 23:43:18,196 [ERROR] LogOutputStream:75 - [STDERR_REDIRECT] 
2026-05-05 23:43:19,231 [ERROR] LogOutputStream:75 - [STDERR_REDIRECT] [Fatal Error] :1:1: Premature end of file.
2026-05-05 23:43:19,232 [ERROR] LogOutputStream:75 - [STDERR_REDIRECT] 
2026-05-05 23:43:20,227 [ERROR] LogOutputStream:75 - [STDERR_REDIRECT] [Fatal Error] :1:1: Premature end of file.
2026-05-05 23:43:20,227 [ERROR] LogOutputStream:75 - [STDERR_REDIRECT] 
2026-05-05 23:43:21,204 [ERROR] LogOutputStream:75 - [STDERR_REDIRECT] [Fatal Error] :1:1: Premature end of file.
2026-05-05 23:43:21,205 [ERROR] LogOutputStream:75 - [STDERR_REDIRECT] 
2026-05-05 23:43:22,215 [ERROR] LogOutputStream:75 - [STDERR_REDIRECT] [Fatal Error] :1:1: Premature end of file.
2026-05-05 23:43:22,215 [ERROR] LogOutputStream:75 - [STDERR_REDIRECT] 
2026-05-05 23:43:23,208 [ERROR] LogOutputStream:75 - [STDERR_REDIRECT] [Fatal Error] :1:1: Premature end of file.
2026-05-05 23:43:23,208 [ERROR] LogOutputStream:75 - [STDERR_REDIRECT] 
2026-05-05 23:43:24,208 [ERROR] LogOutputStream:75 - [STDERR_REDIRECT] [Fatal Error] :1:1: Premature end of file.
2026-05-05 23:43:24,209 [ERROR] LogOutputStream:75 - [STDERR_REDIRECT] 
2026-05-05 23:43:25,233 [ERROR] LogOutputStream:75 - [STDERR_REDIRECT] [Fatal Error] :1:1: Premature end of file.
2026-05-05 23:43:25,233 [ERROR] LogOutputStream:75 - [STDERR_REDIRECT] 
2026-05-05 23:43:26,221 [ERROR] LogOutputStream:75 - [STDERR_REDIRECT] [Fatal Error] :1:1: Premature end of file.
2026-05-05 23:43:26,221 [ERROR] LogOutputStream:75 - [STDERR_REDIRECT] 
2026-05-05 23:43:27,240 [ERROR] LogOutputStream:75 - [STDERR_REDIRECT] [Fatal Error] :1:1: Premature end of file.
2026-05-05 23:43:27,241 [ERROR] LogOutputStream:75 - [STDERR_REDIRECT] 
2026-05-05 23:43:28,221 [ERROR] LogOutputStream:75 - [STDERR_REDIRECT] [Fatal Error] :1:1: Premature end of file.
2026-05-05 23:43:28,221 [ERROR] LogOutputStream:75 - [STDERR_REDIRECT] 
2026-05-05 23:43:29,241 [ERROR] LogOutputStream:75 - [STDERR_REDIRECT] [Fatal Error] :1:1: Premature end of file.
2026-05-05 23:43:29,242 [ERROR] LogOutputStream:75 - [STDERR_REDIRECT] 
2026-05-05 23:43:30,205 [ERROR] LogOutputStream:75 - [STDERR_REDIRECT] [Fatal Error] :1:1: Premature end of file.
2026-05-05 23:43:30,205 [ERROR] LogOutputStream:75 - [STDERR_REDIRECT] 
2026-05-05 23:43:31,212 [ERROR] LogOutputStream:75 - [STDERR_REDIRECT] [Fatal Error] :1:1: Premature end of file.
2026-05-05 23:43:31,212 [ERROR] LogOutputStream:75 - [STDERR_REDIRECT] 
2026-05-05 23:43:32,198 [ERROR] LogOutputStream:75 - [STDERR_REDIRECT] [Fatal Error] :1:1: Premature end of file.
2026-05-05 23:43:32,198 [ERROR] LogOutputStream:75 - [STDERR_REDIRECT] 
2026-05-05 23:43:33,205 [ERROR] LogOutputStream:75 - [STDERR_REDIRECT] [Fatal Error] :1:1: Premature end of file.
2026-05-05 23:43:33,205 [ERROR] LogOutputStream:75 - [STDERR_REDIRECT] 
2026-05-05 23:43:34,224 [ERROR] LogOutputStream:75 - [STDERR_REDIRECT] [Fatal Error] :1:1: Premature end of file.
2026-05-05 23:43:34,224 [ERROR] LogOutputStream:75 - [STDERR_REDIRECT] 
2026-05-05 23:43:35,210 [ERROR] LogOutputStream:75 - [STDERR_REDIRECT] [Fatal Error] :1:1: Premature end of file.
2026-05-05 23:43:35,210 [ERROR] LogOutputStream:75 - [STDERR_REDIRECT] 
2026-05-05 23:43:36,212 [ERROR] LogOutputStream:75 - [STDERR_REDIRECT] [Fatal Error] :1:1: Premature end of file.
2026-05-05 23:43:36,212 [ERROR] LogOutputStream:75 - [STDERR_REDIRECT] 
2026-05-05 23:43:37,203 [ERROR] LogOutputStream:75 - [STDERR_REDIRECT] [Fatal Error] :1:1: Premature end of file.
2026-05-05 23:43:37,203 [ERROR] LogOutputStream:75 - [STDERR_REDIRECT] 
2026-05-05 23:43:38,227 [ERROR] LogOutputStream:75 - [STDERR_REDIRECT] [Fatal Error] :1:1: Premature end of file.
2026-05-05 23:43:38,227 [ERROR] LogOutputStream:75 - [STDERR_REDIRECT] 
2026-05-05 23:43:39,223 [ERROR] LogOutputStream:75 - [STDERR_REDIRECT] [Fatal Error] :1:1: Premature end of file.
2026-05-05 23:43:39,223 [ERROR] LogOutputStream:75 - [STDERR_REDIRECT] 
2026-05-05 23:43:40,199 [ERROR] LogOutputStream:75 - [STDERR_REDIRECT] [Fatal Error] :1:1: Premature end of file.
2026-05-05 23:43:40,199 [ERROR] LogOutputStream:75 - [STDERR_REDIRECT] 
2026-05-05 23:43:41,224 [ERROR] LogOutputStream:75 - [STDERR_REDIRECT] [Fatal Error] :1:1: Premature end of file.
2026-05-05 23:43:41,225 [ERROR] LogOutputStream:75 - [STDERR_REDIRECT] 
2026-05-05 23:43:42,209 [ERROR] LogOutputStream:75 - [STDERR_REDIRECT] [Fatal Error] :1:1: Premature end of file.
2026-05-05 23:43:42,209 [ERROR] LogOutputStream:75 - [STDERR_REDIRECT] 
2026-05-05 23:43:43,215 [ERROR] LogOutputStream:75 - [STDERR_REDIRECT] [Fatal Error] :1:1: Premature end of file.
2026-05-05 23:43:43,215 [ERROR] LogOutputStream:75 - [STDERR_REDIRECT] 
2026-05-05 23:43:44,173 [ERROR] LogOutputStream:75 - [STDERR_REDIRECT] [Fatal Error] :1:1: Premature end of file.
2026-05-05 23:43:44,173 [ERROR] LogOutputStream:75 - [STDERR_REDIRECT] 
2026-05-05 23:43:45,202 [ERROR] LogOutputStream:75 - [STDERR_REDIRECT] [Fatal Error] :1:1: Premature end of file.
2026-05-05 23:43:45,202 [ERROR] LogOutputStream:75 - [STDERR_REDIRECT] 
2026-05-05 23:43:46,187 [ERROR] LogOutputStream:75 - [STDERR_REDIRECT] [Fatal Error] :1:1: Premature end of file.
2026-05-05 23:43:46,187 [ERROR] LogOutputStream:75 - [STDERR_REDIRECT] 
2026-05-05 23:43:47,207 [ERROR] LogOutputStream:75 - [STDERR_REDIRECT] [Fatal Error] :1:1: Premature end of file.
2026-05-05 23:43:47,207 [ERROR] LogOutputStream:75 - [STDERR_REDIRECT] 
2026-05-05 23:43:48,236 [ERROR] LogOutputStream:75 - [STDERR_REDIRECT] [Fatal Error] :1:1: Premature end of file.
2026-05-05 23:43:48,236 [ERROR] LogOutputStream:75 - [STDERR_REDIRECT] 
2026-05-05 23:43:49,229 [ERROR] LogOutputStream:75 - [STDERR_REDIRECT] [Fatal Error] :1:1: Premature end of file.
2026-05-05 23:43:49,229 [ERROR] LogOutputStream:75 - [STDERR_REDIRECT] 
2026-05-05 23:43:50,205 [ERROR] LogOutputStream:75 - [STDERR_REDIRECT] [Fatal Error] :1:1: Premature end of file.
2026-05-05 23:43:50,206 [ERROR] LogOutputStream:75 - [STDERR_REDIRECT] 
2026-05-05 23:43:51,223 [ERROR] LogOutputStream:75 - [STDERR_REDIRECT] [Fatal Error] :1:1: Premature end of file.
2026-05-05 23:43:51,223 [ERROR] LogOutputStream:75 - [STDERR_REDIRECT] 
2026-05-05 23:43:52,216 [ERROR] LogOutputStream:75 - [STDERR_REDIRECT] [Fatal Error] :1:1: Premature end of file.
2026-05-05 23:43:52,216 [ERROR] LogOutputStream:75 - [STDERR_REDIRECT] 
2026-05-05 23:43:53,217 [ERROR] LogOutputStream:75 - [STDERR_REDIRECT] [Fatal Error] :1:1: Premature end of file.
2026-05-05 23:43:53,217 [ERROR] LogOutputStream:75 - [STDERR_REDIRECT] 
2026-05-05 23:43:54,209 [ERROR] LogOutputStream:75 - [STDERR_REDIRECT] [Fatal Error] :1:1: Premature end of file.
2026-05-05 23:43:54,209 [ERROR] LogOutputStream:75 - [STDERR_REDIRECT] 
2026-05-05 23:43:55,219 [ERROR] LogOutputStream:75 - [STDERR_REDIRECT] [Fatal Error] :1:1: Premature end of file.
2026-05-05 23:43:55,219 [ERROR] LogOutputStream:75 - [STDERR_REDIRECT] 
2026-05-05 23:43:56,205 [ERROR] LogOutputStream:75 - [STDERR_REDIRECT] [Fatal Error] :1:1: Premature end of file.
2026-05-05 23:43:56,205 [ERROR] LogOutputStream:75 - [STDERR_REDIRECT] 
2026-05-05 23:43:57,188 [ERROR] LogOutputStream:75 - [STDERR_REDIRECT] [Fatal Error] :1:1: Premature end of file.
2026-05-05 23:43:57,201 [ERROR] LogOutputStream:75 - [STDERR_REDIRECT] 
2026-05-05 23:43:58,222 [ERROR] LogOutputStream:75 - [STDERR_REDIRECT] [Fatal Error] :1:1: Premature end of file.
2026-05-05 23:43:58,222 [ERROR] LogOutputStream:75 - [STDERR_REDIRECT] 
2026-05-05 23:43:59,223 [ERROR] LogOutputStream:75 - [STDERR_REDIRECT] [Fatal Error] :1:1: Premature end of file.
2026-05-05 23:43:59,223 [ERROR] LogOutputStream:75 - [STDERR_REDIRECT] 
2026-05-05 23:44:00,210 [ERROR] LogOutputStream:75 - [STDERR_REDIRECT] [Fatal Error] :1:1: Premature end of file.
2026-05-05 23:44:00,210 [ERROR] LogOutputStream:75 - [STDERR_REDIRECT] 
2026-05-05 23:44:01,227 [ERROR] LogOutputStream:75 - [STDERR_REDIRECT] [Fatal Error] :1:1: Premature end of file.
2026-05-05 23:44:01,227 [ERROR] LogOutputStream:75 - [STDERR_REDIRECT] 
2026-05-05 23:44:02,194 [ERROR] LogOutputStream:75 - [STDERR_REDIRECT] [Fatal Error] :1:1: Premature end of file.
2026-05-05 23:44:02,205 [ERROR] LogOutputStream:75 - [STDERR_REDIRECT] 
2026-05-05 23:44:03,221 [ERROR] LogOutputStream:75 - [STDERR_REDIRECT] [Fatal Error] :1:1: Premature end of file.
2026-05-05 23:44:03,221 [ERROR] LogOutputStream:75 - [STDERR_REDIRECT] 
2026-05-05 23:44:04,208 [ERROR] LogOutputStream:75 - [STDERR_REDIRECT] [Fatal Error] :1:1: Premature end of file.
2026-05-05 23:44:04,208 [ERROR] LogOutputStream:75 - [STDERR_REDIRECT] 
2026-05-05 23:44:05,216 [ERROR] LogOutputStream:75 - [STDERR_REDIRECT] [Fatal Error] :1:1: Premature end of file.
2026-05-05 23:44:05,216 [ERROR] LogOutputStream:75 - [STDERR_REDIRECT] 
2026-05-05 23:44:06,206 [ERROR] LogOutputStream:75 - [STDERR_REDIRECT] [Fatal Error] :1:1: Premature end of file.
2026-05-05 23:44:06,206 [ERROR] LogOutputStream:75 - [STDERR_REDIRECT] 
2026-05-05 23:44:07,210 [ERROR] LogOutputStream:75 - [STDERR_REDIRECT] [Fatal Error] :1:1: Premature end of file.
2026-05-05 23:44:07,219 [ERROR] LogOutputStream:75 - [STDERR_REDIRECT] 
2026-05-05 23:44:08,200 [ERROR] LogOutputStream:75 - [STDERR_REDIRECT] [Fatal Error] :1:1: Premature end of file.
2026-05-05 23:44:08,200 [ERROR] LogOutputStream:75 - [STDERR_REDIRECT] 
2026-05-05 23:44:09,227 [ERROR] LogOutputStream:75 - [STDERR_REDIRECT] [Fatal Error] :1:1: Premature end of file.
2026-05-05 23:44:09,227 [ERROR] LogOutputStream:75 - [STDERR_REDIRECT] 
2026-05-05 23:44:10,208 [ERROR] LogOutputStream:75 - [STDERR_REDIRECT] [Fatal Error] :1:1: Premature end of file.
2026-05-05 23:44:10,208 [ERROR] LogOutputStream:75 - [STDERR_REDIRECT] 
2026-05-05 23:44:11,229 [ERROR] LogOutputStream:75 - [STDERR_REDIRECT] [Fatal Error] :1:1: Premature end of file.
2026-05-05 23:44:11,229 [ERROR] LogOutputStream:75 - [STDERR_REDIRECT] 
2026-05-05 23:44:12,206 [ERROR] LogOutputStream:75 - [STDERR_REDIRECT] [Fatal Error] :1:1: Premature end of file.
2026-05-05 23:44:12,206 [ERROR] LogOutputStream:75 - [STDERR_REDIRECT] 
2026-05-05 23:44:13,222 [ERROR] LogOutputStream:75 - [STDERR_REDIRECT] [Fatal Error] :1:1: Premature end of file.
2026-05-05 23:44:13,223 [ERROR] LogOutputStream:75 - [STDERR_REDIRECT] 
2026-05-05 23:44:14,202 [ERROR] LogOutputStream:75 - [STDERR_REDIRECT] [Fatal Error] :1:1: Premature end of file.
2026-05-05 23:44:14,202 [ERROR] LogOutputStream:75 - [STDERR_REDIRECT] 
2026-05-05 23:44:15,200 [ERROR] LogOutputStream:75 - [STDERR_REDIRECT] [Fatal Error] :1:1: Premature end of file.
2026-05-05 23:44:15,200 [ERROR] LogOutputStream:75 - [STDERR_REDIRECT] 
2026-05-05 23:44:16,240 [ERROR] LogOutputStream:75 - [STDERR_REDIRECT] [Fatal Error] :1:1: Premature end of file.
2026-05-05 23:44:16,240 [ERROR] LogOutputStream:75 - [STDERR_REDIRECT] 
2026-05-05 23:44:17,207 [ERROR] LogOutputStream:75 - [STDERR_REDIRECT] [Fatal Error] :1:1: Premature end of file.
2026-05-05 23:44:17,207 [ERROR] LogOutputStream:75 - [STDERR_REDIRECT] 
2026-05-05 23:44:18,206 [ERROR] LogOutputStream:75 - [STDERR_REDIRECT] [Fatal Error] :1:1: Premature end of file.
2026-05-05 23:44:18,206 [ERROR] LogOutputStream:75 - [STDERR_REDIRECT] 
2026-05-05 23:44:19,228 [ERROR] LogOutputStream:75 - [STDERR_REDIRECT] [Fatal Error] :1:1: Premature end of file.
2026-05-05 23:44:19,228 [ERROR] LogOutputStream:75 - [STDERR_REDIRECT] 
2026-05-05 23:44:20,246 [ERROR] LogOutputStream:75 - [STDERR_REDIRECT] [Fatal Error] :1:1: Premature end of file.
2026-05-05 23:44:20,246 [ERROR] LogOutputStream:75 - [STDERR_REDIRECT] 
2026-05-05 23:44:21,202 [ERROR] LogOutputStream:75 - [STDERR_REDIRECT] [Fatal Error] :1:1: Premature end of file.
2026-05-05 23:44:21,202 [ERROR] LogOutputStream:75 - [STDERR_REDIRECT] 
2026-05-05 23:44:22,225 [ERROR] LogOutputStream:75 - [STDERR_REDIRECT] [Fatal Error] :1:1: Premature end of file.
2026-05-05 23:44:22,225 [ERROR] LogOutputStream:75 - [STDERR_REDIRECT] 
2026-05-05 23:44:23,196 [ERROR] LogOutputStream:75 - [STDERR_REDIRECT] [Fatal Error] :1:1: Premature end of file.
2026-05-05 23:44:23,196 [ERROR] LogOutputStream:75 - [STDERR_REDIRECT] 
2026-05-05 23:44:24,205 [ERROR] LogOutputStream:75 - [STDERR_REDIRECT] [Fatal Error] :1:1: Premature end of file.
2026-05-05 23:44:24,205 [ERROR] LogOutputStream:75 - [STDERR_REDIRECT] 
2026-05-05 23:44:25,206 [ERROR] LogOutputStream:75 - [STDERR_REDIRECT] [Fatal Error] :1:1: Premature end of file.
2026-05-05 23:44:25,206 [ERROR] LogOutputStream:75 - [STDERR_REDIRECT] 
2026-05-05 23:44:26,212 [ERROR] LogOutputStream:75 - [STDERR_REDIRECT] [Fatal Error] :1:1: Premature end of file.
2026-05-05 23:44:26,212 [ERROR] LogOutputStream:75 - [STDERR_REDIRECT] 
2026-05-05 23:44:27,208 [ERROR] LogOutputStream:75 - [STDERR_REDIRECT] [Fatal Error] :1:1: Premature end of file.
2026-05-05 23:44:27,208 [ERROR] LogOutputStream:75 - [STDERR_REDIRECT] 
2026-05-05 23:44:28,224 [ERROR] LogOutputStream:75 - [STDERR_REDIRECT] [Fatal Error] :1:1: Premature end of file.
2026-05-05 23:44:28,224 [ERROR] LogOutputStream:75 - [STDERR_REDIRECT] 
2026-05-05 23:44:29,215 [ERROR] LogOutputStream:75 - [STDERR_REDIRECT] [Fatal Error] :1:1: Premature end of file.
2026-05-05 23:44:29,215 [ERROR] LogOutputStream:75 - [STDERR_REDIRECT] 
2026-05-05 23:44:30,203 [ERROR] LogOutputStream:75 - [STDERR_REDIRECT] [Fatal Error] :1:1: Premature end of file.
2026-05-05 23:44:30,203 [ERROR] LogOutputStream:75 - [STDERR_REDIRECT] 
2026-05-05 23:44:31,250 [ERROR] LogOutputStream:75 - [STDERR_REDIRECT] [Fatal Error] :1:1: Premature end of file.
2026-05-05 23:44:31,250 [ERROR] LogOutputStream:75 - [STDERR_REDIRECT] 
2026-05-05 23:44:32,227 [ERROR] LogOutputStream:75 - [STDERR_REDIRECT] [Fatal Error] :1:1: Premature end of file.
2026-05-05 23:44:32,228 [ERROR] LogOutputStream:75 - [STDERR_REDIRECT] 
2026-05-05 23:44:33,204 [ERROR] LogOutputStream:75 - [STDERR_REDIRECT] [Fatal Error] :1:1: Premature end of file.
2026-05-05 23:44:33,204 [ERROR] LogOutputStream:75 - [STDERR_REDIRECT] 
2026-05-05 23:44:34,215 [ERROR] LogOutputStream:75 - [STDERR_REDIRECT] [Fatal Error] :1:1: Premature end of file.
2026-05-05 23:44:34,215 [ERROR] LogOutputStream:75 - [STDERR_REDIRECT] 
2026-05-05 23:44:35,243 [ERROR] LogOutputStream:75 - [STDERR_REDIRECT] [Fatal Error] :1:1: Premature end of file.
2026-05-05 23:44:35,243 [ERROR] LogOutputStream:75 - [STDERR_REDIRECT] 
2026-05-05 23:44:36,209 [ERROR] LogOutputStream:75 - [STDERR_REDIRECT] [Fatal Error] :1:1: Premature end of file.
2026-05-05 23:44:36,209 [ERROR] LogOutputStream:75 - [STDERR_REDIRECT] 
2026-05-05 23:44:37,206 [ERROR] LogOutputStream:75 - [STDERR_REDIRECT] [Fatal Error] :1:1: Premature end of file.
2026-05-05 23:44:37,207 [ERROR] LogOutputStream:75 - [STDERR_REDIRECT] 
2026-05-05 23:44:38,205 [ERROR] LogOutputStream:75 - [STDERR_REDIRECT] [Fatal Error] :1:1: Premature end of file.
2026-05-05 23:44:38,206 [ERROR] LogOutputStream:75 - [STDERR_REDIRECT] 
2026-05-05 23:44:39,213 [ERROR] LogOutputStream:75 - [STDERR_REDIRECT] [Fatal Error] :1:1: Premature end of file.
2026-05-05 23:44:39,213 [ERROR] LogOutputStream:75 - [STDERR_REDIRECT] 
2026-05-05 23:44:40,230 [ERROR] LogOutputStream:75 - [STDERR_REDIRECT] [Fatal Error] :1:1: Premature end of file.
2026-05-05 23:44:40,233 [ERROR] LogOutputStream:75 - [STDERR_REDIRECT] 
2026-05-05 23:44:41,216 [ERROR] LogOutputStream:75 - [STDERR_REDIRECT] [Fatal Error] :1:1: Premature end of file.
2026-05-05 23:44:41,216 [ERROR] LogOutputStream:75 - [STDERR_REDIRECT] 
2026-05-05 23:44:42,211 [ERROR] LogOutputStream:75 - [STDERR_REDIRECT] [Fatal Error] :1:1: Premature end of file.
2026-05-05 23:44:42,211 [ERROR] LogOutputStream:75 - [STDERR_REDIRECT] 
2026-05-05 23:44:43,210 [ERROR] LogOutputStream:75 - [STDERR_REDIRECT] [Fatal Error] :1:1: Premature end of file.
2026-05-05 23:44:43,210 [ERROR] LogOutputStream:75 - [STDERR_REDIRECT] 
2026-05-05 23:44:44,202 [ERROR] LogOutputStream:75 - [STDERR_REDIRECT] [Fatal Error] :1:1: Premature end of file.
2026-05-05 23:44:44,202 [ERROR] LogOutputStream:75 - [STDERR_REDIRECT] 
2026-05-05 23:44:45,202 [ERROR] LogOutputStream:75 - [STDERR_REDIRECT] [Fatal Error] :1:1: Premature end of file.
2026-05-05 23:44:45,202 [ERROR] LogOutputStream:75 - [STDERR_REDIRECT] 
2026-05-05 23:44:46,189 [ERROR] LogOutputStream:75 - [STDERR_REDIRECT] [Fatal Error] :1:1: Premature end of file.
2026-05-05 23:44:46,189 [ERROR] LogOutputStream:75 - [STDERR_REDIRECT] 
2026-05-05 23:44:47,210 [ERROR] LogOutputStream:75 - [STDERR_REDIRECT] [Fatal Error] :1:1: Premature end of file.
2026-05-05 23:44:47,212 [ERROR] LogOutputStream:75 - [STDERR_REDIRECT] 
2026-05-05 23:44:48,183 [ERROR] LogOutputStream:75 - [STDERR_REDIRECT] [Fatal Error] :1:1: Premature end of file.
2026-05-05 23:44:48,183 [ERROR] LogOutputStream:75 - [STDERR_REDIRECT] 
2026-05-05 23:44:49,187 [ERROR] LogOutputStream:75 - [STDERR_REDIRECT] [Fatal Error] :1:1: Premature end of file.
2026-05-05 23:44:49,187 [ERROR] LogOutputStream:75 - [STDERR_REDIRECT] 
2026-05-05 23:44:50,191 [ERROR] LogOutputStream:75 - [STDERR_REDIRECT] [Fatal Error] :1:1: Premature end of file.
2026-05-05 23:44:50,191 [ERROR] LogOutputStream:75 - [STDERR_REDIRECT] 
2026-05-05 23:44:51,181 [ERROR] LogOutputStream:75 - [STDERR_REDIRECT] [Fatal Error] :1:1: Premature end of file.
2026-05-05 23:44:51,181 [ERROR] LogOutputStream:75 - [STDERR_REDIRECT] 
2026-05-05 23:44:52,177 [ERROR] LogOutputStream:75 - [STDERR_REDIRECT] [Fatal Error] :1:1: Premature end of file.
2026-05-05 23:44:52,177 [ERROR] LogOutputStream:75 - [STDERR_REDIRECT] 
2026-05-05 23:44:53,180 [ERROR] LogOutputStream:75 - [STDERR_REDIRECT] [Fatal Error] :1:1: Premature end of file.
2026-05-05 23:44:53,180 [ERROR] LogOutputStream:75 - [STDERR_REDIRECT] 
2026-05-05 23:44:54,489 [ERROR] LogOutputStream:75 - [STDERR_REDIRECT] [Fatal Error] :1:1: Premature end of file.
2026-05-05 23:44:54,489 [ERROR] LogOutputStream:75 - [STDERR_REDIRECT] 
2026-05-05 23:44:55,213 [ERROR] LogOutputStream:75 - [STDERR_REDIRECT] [Fatal Error] :1:1: Premature end of file.
2026-05-05 23:44:55,213 [ERROR] LogOutputStream:75 - [STDERR_REDIRECT] 
2026-05-05 23:44:56,281 [ERROR] LogOutputStream:75 - [STDERR_REDIRECT] [Fatal Error] :1:1: Premature end of file.
2026-05-05 23:44:56,281 [ERROR] LogOutputStream:75 - [STDERR_REDIRECT] 
2026-05-05 23:44:57,208 [ERROR] LogOutputStream:75 - [STDERR_REDIRECT] [Fatal Error] :1:1: Premature end of file.
2026-05-05 23:44:57,208 [ERROR] LogOutputStream:75 - [STDERR_REDIRECT] 
2026-05-05 23:44:58,184 [ERROR] LogOutputStream:75 - [STDERR_REDIRECT] [Fatal Error] :1:1: Premature end of file.
2026-05-05 23:44:58,184 [ERROR] LogOutputStream:75 - [STDERR_REDIRECT] 
2026-05-05 23:44:59,205 [ERROR] LogOutputStream:75 - [STDERR_REDIRECT] [Fatal Error] :1:1: Premature end of file.
2026-05-05 23:44:59,205 [ERROR] LogOutputStream:75 - [STDERR_REDIRECT] 
2026-05-05 23:45:00,203 [ERROR] LogOutputStream:75 - [STDERR_REDIRECT] [Fatal Error] :1:1: Premature end of file.
2026-05-05 23:45:00,203 [ERROR] LogOutputStream:75 - [STDERR_REDIRECT] 
2026-05-05 23:45:01,203 [ERROR] LogOutputStream:75 - [STDERR_REDIRECT] [Fatal Error] :1:1: Premature end of file.
2026-05-05 23:45:01,203 [ERROR] LogOutputStream:75 - [STDERR_REDIRECT] 
2026-05-05 23:45:02,198 [ERROR] LogOutputStream:75 - [STDERR_REDIRECT] [Fatal Error] :1:1: Premature end of file.
2026-05-05 23:45:02,198 [ERROR] LogOutputStream:75 - [STDERR_REDIRECT] 
2026-05-05 23:45:03,288 [ERROR] LogOutputStream:75 - [STDERR_REDIRECT] [Fatal Error] :1:1: Premature end of file.
2026-05-05 23:45:03,288 [ERROR] LogOutputStream:75 - [STDERR_REDIRECT] 
2026-05-05 23:45:04,181 [ERROR] LogOutputStream:75 - [STDERR_REDIRECT] [Fatal Error] :1:1: Premature end of file.
2026-05-05 23:45:04,181 [ERROR] LogOutputStream:75 - [STDERR_REDIRECT] 
2026-05-05 23:45:05,200 [ERROR] LogOutputStream:75 - [STDERR_REDIRECT] [Fatal Error] :1:1: Premature end of file.
2026-05-05 23:45:05,200 [ERROR] LogOutputStream:75 - [STDERR_REDIRECT] 
2026-05-05 23:45:06,219 [ERROR] LogOutputStream:75 - [STDERR_REDIRECT] [Fatal Error] :1:1: Premature end of file.
2026-05-05 23:45:06,219 [ERROR] LogOutputStream:75 - [STDERR_REDIRECT] 
2026-05-05 23:45:07,191 [ERROR] LogOutputStream:75 - [STDERR_REDIRECT] [Fatal Error] :1:1: Premature end of file.
2026-05-05 23:45:07,191 [ERROR] LogOutputStream:75 - [STDERR_REDIRECT] 
2026-05-05 23:45:08,194 [ERROR] LogOutputStream:75 - [STDERR_REDIRECT] [Fatal Error] :1:1: Premature end of file.
2026-05-05 23:45:08,195 [ERROR] LogOutputStream:75 - [STDERR_REDIRECT] 
2026-05-05 23:45:09,185 [ERROR] LogOutputStream:75 - [STDERR_REDIRECT] [Fatal Error] :1:1: Premature end of file.
2026-05-05 23:45:09,185 [ERROR] LogOutputStream:75 - [STDERR_REDIRECT] 
2026-05-05 23:45:10,191 [ERROR] LogOutputStream:75 - [STDERR_REDIRECT] [Fatal Error] :1:1: Premature end of file.
2026-05-05 23:45:10,191 [ERROR] LogOutputStream:75 - [STDERR_REDIRECT] 
2026-05-05 23:45:11,194 [ERROR] LogOutputStream:75 - [STDERR_REDIRECT] [Fatal Error] :1:1: Premature end of file.
2026-05-05 23:45:11,194 [ERROR] LogOutputStream:75 - [STDERR_REDIRECT] 
2026-05-05 23:45:12,196 [ERROR] LogOutputStream:75 - [STDERR_REDIRECT] [Fatal Error] :1:1: Premature end of file.
2026-05-05 23:45:12,197 [ERROR] LogOutputStream:75 - [STDERR_REDIRECT] 
2026-05-05 23:45:13,185 [ERROR] LogOutputStream:75 - [STDERR_REDIRECT] [Fatal Error] :1:1: Premature end of file.
2026-05-05 23:45:13,185 [ERROR] LogOutputStream:75 - [STDERR_REDIRECT] 
2026-05-05 23:45:14,178 [ERROR] LogOutputStream:75 - [STDERR_REDIRECT] [Fatal Error] :1:1: Premature end of file.
2026-05-05 23:45:14,178 [ERROR] LogOutputStream:75 - [STDERR_REDIRECT] 
2026-05-05 23:45:15,192 [ERROR] LogOutputStream:75 - [STDERR_REDIRECT] [Fatal Error] :1:1: Premature end of file.
2026-05-05 23:45:15,193 [ERROR] LogOutputStream:75 - [STDERR_REDIRECT] 
2026-05-05 23:45:16,191 [ERROR] LogOutputStream:75 - [STDERR_REDIRECT] [Fatal Error] :1:1: Premature end of file.
2026-05-05 23:45:16,191 [ERROR] LogOutputStream:75 - [STDERR_REDIRECT] 
2026-05-05 23:45:17,183 [ERROR] LogOutputStream:75 - [STDERR_REDIRECT] [Fatal Error] :1:1: Premature end of file.
2026-05-05 23:45:17,183 [ERROR] LogOutputStream:75 - [STDERR_REDIRECT] 
2026-05-05 23:45:18,186 [ERROR] LogOutputStream:75 - [STDERR_REDIRECT] [Fatal Error] :1:1: Premature end of file.
2026-05-05 23:45:18,186 [ERROR] LogOutputStream:75 - [STDERR_REDIRECT] 
2026-05-05 23:45:19,192 [ERROR] LogOutputStream:75 - [STDERR_REDIRECT] [Fatal Error] :1:1: Premature end of file.
2026-05-05 23:45:19,192 [ERROR] LogOutputStream:75 - [STDERR_REDIRECT] 
2026-05-05 23:45:20,188 [ERROR] LogOutputStream:75 - [STDERR_REDIRECT] [Fatal Error] :1:1: Premature end of file.
2026-05-05 23:45:20,188 [ERROR] LogOutputStream:75 - [STDERR_REDIRECT] 
2026-05-05 23:45:21,190 [ERROR] LogOutputStream:75 - [STDERR_REDIRECT] [Fatal Error] :1:1: Premature end of file.
2026-05-05 23:45:21,190 [ERROR] LogOutputStream:75 - [STDERR_REDIRECT] 
2026-05-05 23:45:22,187 [ERROR] LogOutputStream:75 - [STDERR_REDIRECT] [Fatal Error] :1:1: Premature end of file.
2026-05-05 23:45:22,188 [ERROR] LogOutputStream:75 - [STDERR_REDIRECT] 
2026-05-05 23:45:23,191 [ERROR] LogOutputStream:75 - [STDERR_REDIRECT] [Fatal Error] :1:1: Premature end of file.
2026-05-05 23:45:23,192 [ERROR] LogOutputStream:75 - [STDERR_REDIRECT] 
2026-05-05 23:45:24,192 [ERROR] LogOutputStream:75 - [STDERR_REDIRECT] [Fatal Error] :1:1: Premature end of file.
2026-05-05 23:45:24,192 [ERROR] LogOutputStream:75 - [STDERR_REDIRECT] 
2026-05-05 23:45:25,182 [ERROR] LogOutputStream:75 - [STDERR_REDIRECT] [Fatal Error] :1:1: Premature end of file.
2026-05-05 23:45:25,183 [ERROR] LogOutputStream:75 - [STDERR_REDIRECT] 
2026-05-05 23:45:26,194 [ERROR] LogOutputStream:75 - [STDERR_REDIRECT] [Fatal Error] :1:1: Premature end of file.
2026-05-05 23:45:26,194 [ERROR] LogOutputStream:75 - [STDERR_REDIRECT] 
2026-05-05 23:45:27,177 [ERROR] LogOutputStream:75 - [STDERR_REDIRECT] [Fatal Error] :1:1: Premature end of file.
2026-05-05 23:45:27,177 [ERROR] LogOutputStream:75 - [STDERR_REDIRECT] 
2026-05-05 23:45:28,178 [ERROR] LogOutputStream:75 - [STDERR_REDIRECT] [Fatal Error] :1:1: Premature end of file.
2026-05-05 23:45:28,178 [ERROR] LogOutputStream:75 - [STDERR_REDIRECT] 
2026-05-05 23:45:29,200 [ERROR] LogOutputStream:75 - [STDERR_REDIRECT] [Fatal Error] :1:1: Premature end of file.
2026-05-05 23:45:29,201 [ERROR] LogOutputStream:75 - [STDERR_REDIRECT] 
2026-05-05 23:45:30,196 [ERROR] LogOutputStream:75 - [STDERR_REDIRECT] [Fatal Error] :1:1: Premature end of file.
2026-05-05 23:45:30,197 [ERROR] LogOutputStream:75 - [STDERR_REDIRECT] 
2026-05-05 23:45:31,189 [ERROR] LogOutputStream:75 - [STDERR_REDIRECT] [Fatal Error] :1:1: Premature end of file.
2026-05-05 23:45:31,189 [ERROR] LogOutputStream:75 - [STDERR_REDIRECT] 
2026-05-05 23:45:32,187 [ERROR] LogOutputStream:75 - [STDERR_REDIRECT] [Fatal Error] :1:1: Premature end of file.
2026-05-05 23:45:32,187 [ERROR] LogOutputStream:75 - [STDERR_REDIRECT] 
2026-05-05 23:45:33,195 [ERROR] LogOutputStream:75 - [STDERR_REDIRECT] [Fatal Error] :1:1: Premature end of file.
2026-05-05 23:45:33,195 [ERROR] LogOutputStream:75 - [STDERR_REDIRECT] 
2026-05-05 23:45:34,192 [ERROR] LogOutputStream:75 - [STDERR_REDIRECT] [Fatal Error] :1:1: Premature end of file.
2026-05-05 23:45:34,192 [ERROR] LogOutputStream:75 - [STDERR_REDIRECT] 
2026-05-05 23:45:35,192 [ERROR] LogOutputStream:75 - [STDERR_REDIRECT] [Fatal Error] :1:1: Premature end of file.
2026-05-05 23:45:35,192 [ERROR] LogOutputStream:75 - [STDERR_REDIRECT] 
2026-05-05 23:45:36,184 [ERROR] LogOutputStream:75 - [STDERR_REDIRECT] [Fatal Error] :1:1: Premature end of file.
2026-05-05 23:45:36,185 [ERROR] LogOutputStream:75 - [STDERR_REDIRECT] 
2026-05-05 23:45:37,196 [ERROR] LogOutputStream:75 - [STDERR_REDIRECT] [Fatal Error] :1:1: Premature end of file.
2026-05-05 23:45:37,196 [ERROR] LogOutputStream:75 - [STDERR_REDIRECT] 
2026-05-05 23:45:38,183 [ERROR] LogOutputStream:75 - [STDERR_REDIRECT] [Fatal Error] :1:1: Premature end of file.
2026-05-05 23:45:38,183 [ERROR] LogOutputStream:75 - [STDERR_REDIRECT] 
2026-05-05 23:45:39,197 [ERROR] LogOutputStream:75 - [STDERR_REDIRECT] [Fatal Error] :1:1: Premature end of file.
2026-05-05 23:45:39,197 [ERROR] LogOutputStream:75 - [STDERR_REDIRECT] 
2026-05-05 23:45:40,196 [ERROR] LogOutputStream:75 - [STDERR_REDIRECT] [Fatal Error] :1:1: Premature end of file.
2026-05-05 23:45:40,196 [ERROR] LogOutputStream:75 - [STDERR_REDIRECT] 
2026-05-05 23:45:41,181 [ERROR] LogOutputStream:75 - [STDERR_REDIRECT] [Fatal Error] :1:1: Premature end of file.
2026-05-05 23:45:41,181 [ERROR] LogOutputStream:75 - [STDERR_REDIRECT] 
2026-05-05 23:45:42,191 [ERROR] LogOutputStream:75 - [STDERR_REDIRECT] [Fatal Error] :1:1: Premature end of file.
2026-05-05 23:45:42,191 [ERROR] LogOutputStream:75 - [STDERR_REDIRECT] 
2026-05-05 23:45:43,186 [ERROR] LogOutputStream:75 - [STDERR_REDIRECT] [Fatal Error] :1:1: Premature end of file.
2026-05-05 23:45:43,186 [ERROR] LogOutputStream:75 - [STDERR_REDIRECT] 
2026-05-05 23:45:44,191 [ERROR] LogOutputStream:75 - [STDERR_REDIRECT] [Fatal Error] :1:1: Premature end of file.
2026-05-05 23:45:44,191 [ERROR] LogOutputStream:75 - [STDERR_REDIRECT] 
2026-05-05 23:45:45,180 [ERROR] LogOutputStream:75 - [STDERR_REDIRECT] [Fatal Error] :1:1: Premature end of file.
2026-05-05 23:45:45,180 [ERROR] LogOutputStream:75 - [STDERR_REDIRECT] 
2026-05-05 23:45:46,191 [ERROR] LogOutputStream:75 - [STDERR_REDIRECT] [Fatal Error] :1:1: Premature end of file.
2026-05-05 23:45:46,191 [ERROR] LogOutputStream:75 - [STDERR_REDIRECT] 
2026-05-05 23:45:47,183 [ERROR] LogOutputStream:75 - [STDERR_REDIRECT] [Fatal Error] :1:1: Premature end of file.
2026-05-05 23:45:47,183 [ERROR] LogOutputStream:75 - [STDERR_REDIRECT] 
2026-05-05 23:45:48,194 [ERROR] LogOutputStream:75 - [STDERR_REDIRECT] [Fatal Error] :1:1: Premature end of file.
2026-05-05 23:45:48,194 [ERROR] LogOutputStream:75 - [STDERR_REDIRECT] 
2026-05-05 23:45:49,180 [ERROR] LogOutputStream:75 - [STDERR_REDIRECT] [Fatal Error] :1:1: Premature end of file.
2026-05-05 23:45:49,180 [ERROR] LogOutputStream:75 - [STDERR_REDIRECT] 
2026-05-05 23:45:50,192 [ERROR] LogOutputStream:75 - [STDERR_REDIRECT] [Fatal Error] :1:1: Premature end of file.
2026-05-05 23:45:50,192 [ERROR] LogOutputStream:75 - [STDERR_REDIRECT] 
2026-05-05 23:45:51,187 [ERROR] LogOutputStream:75 - [STDERR_REDIRECT] [Fatal Error] :1:1: Premature end of file.
2026-05-05 23:45:51,187 [ERROR] LogOutputStream:75 - [STDERR_REDIRECT] 
2026-05-05 23:45:52,190 [ERROR] LogOutputStream:75 - [STDERR_REDIRECT] [Fatal Error] :1:1: Premature end of file.
2026-05-05 23:45:52,190 [ERROR] LogOutputStream:75 - [STDERR_REDIRECT] 
2026-05-05 23:45:53,191 [ERROR] LogOutputStream:75 - [STDERR_REDIRECT] [Fatal Error] :1:1: Premature end of file.
2026-05-05 23:45:53,192 [ERROR] LogOutputStream:75 - [STDERR_REDIRECT] 
2026-05-05 23:45:54,199 [ERROR] LogOutputStream:75 - [STDERR_REDIRECT] [Fatal Error] :1:1: Premature end of file.
2026-05-05 23:45:54,199 [ERROR] LogOutputStream:75 - [STDERR_REDIRECT] 
2026-05-05 23:45:55,213 [ERROR] LogOutputStream:75 - [STDERR_REDIRECT] [Fatal Error] :1:1: Premature end of file.
2026-05-05 23:45:55,213 [ERROR] LogOutputStream:75 - [STDERR_REDIRECT] 
2026-05-05 23:45:56,311 [ERROR] LogOutputStream:75 - [STDERR_REDIRECT] [Fatal Error] :1:1: Premature end of file.
2026-05-05 23:45:56,311 [ERROR] LogOutputStream:75 - [STDERR_REDIRECT] 
2026-05-05 23:45:57,215 [ERROR] LogOutputStream:75 - [STDERR_REDIRECT] [Fatal Error] :1:1: Premature end of file.
2026-05-05 23:45:57,215 [ERROR] LogOutputStream:75 - [STDERR_REDIRECT] 
2026-05-05 23:45:58,189 [ERROR] LogOutputStream:75 - [STDERR_REDIRECT] [Fatal Error] :1:1: Premature end of file.
2026-05-05 23:45:58,189 [ERROR] LogOutputStream:75 - [STDERR_REDIRECT] 
2026-05-05 23:45:59,188 [ERROR] LogOutputStream:75 - [STDERR_REDIRECT] [Fatal Error] :1:1: Premature end of file.
2026-05-05 23:45:59,188 [ERROR] LogOutputStream:75 - [STDERR_REDIRECT] 
2026-05-05 23:46:00,220 [ERROR] LogOutputStream:75 - [STDERR_REDIRECT] [Fatal Error] :1:1: Premature end of file.
2026-05-05 23:46:00,220 [ERROR] LogOutputStream:75 - [STDERR_REDIRECT] 
2026-05-05 23:46:01,190 [ERROR] LogOutputStream:75 - [STDERR_REDIRECT] [Fatal Error] :1:1: Premature end of file.
2026-05-05 23:46:01,190 [ERROR] LogOutputStream:75 - [STDERR_REDIRECT] 
2026-05-05 23:46:02,190 [ERROR] LogOutputStream:75 - [STDERR_REDIRECT] [Fatal Error] :1:1: Premature end of file.
2026-05-05 23:46:02,190 [ERROR] LogOutputStream:75 - [STDERR_REDIRECT] 
2026-05-05 23:46:03,178 [ERROR] LogOutputStream:75 - [STDERR_REDIRECT] [Fatal Error] :1:1: Premature end of file.
2026-05-05 23:46:03,178 [ERROR] LogOutputStream:75 - [STDERR_REDIRECT] 
2026-05-05 23:46:04,188 [ERROR] LogOutputStream:75 - [STDERR_REDIRECT] [Fatal Error] :1:1: Premature end of file.
2026-05-05 23:46:04,188 [ERROR] LogOutputStream:75 - [STDERR_REDIRECT] 
2026-05-05 23:46:05,195 [ERROR] LogOutputStream:75 - [STDERR_REDIRECT] [Fatal Error] :1:1: Premature end of file.
2026-05-05 23:46:05,195 [ERROR] LogOutputStream:75 - [STDERR_REDIRECT] 
2026-05-05 23:46:06,192 [ERROR] LogOutputStream:75 - [STDERR_REDIRECT] [Fatal Error] :1:1: Premature end of file.
2026-05-05 23:46:06,192 [ERROR] LogOutputStream:75 - [STDERR_REDIRECT] 
2026-05-05 23:46:07,201 [ERROR] LogOutputStream:75 - [STDERR_REDIRECT] [Fatal Error] :1:1: Premature end of file.
2026-05-05 23:46:07,201 [ERROR] LogOutputStream:75 - [STDERR_REDIRECT] 
2026-05-05 23:46:08,187 [ERROR] LogOutputStream:75 - [STDERR_REDIRECT] [Fatal Error] :1:1: Premature end of file.
2026-05-05 23:46:08,187 [ERROR] LogOutputStream:75 - [STDERR_REDIRECT] 
2026-05-05 23:46:09,221 [ERROR] LogOutputStream:75 - [STDERR_REDIRECT] [Fatal Error] :1:1: Premature end of file.
2026-05-05 23:46:09,221 [ERROR] LogOutputStream:75 - [STDERR_REDIRECT] 
2026-05-05 23:46:10,203 [ERROR] LogOutputStream:75 - [STDERR_REDIRECT] [Fatal Error] :1:1: Premature end of file.
2026-05-05 23:46:10,203 [ERROR] LogOutputStream:75 - [STDERR_REDIRECT] 
2026-05-05 23:46:11,205 [ERROR] LogOutputStream:75 - [STDERR_REDIRECT] [Fatal Error] :1:1: Premature end of file.
2026-05-05 23:46:11,205 [ERROR] LogOutputStream:75 - [STDERR_REDIRECT] 
2026-05-05 23:46:12,219 [ERROR] LogOutputStream:75 - [STDERR_REDIRECT] [Fatal Error] :1:1: Premature end of file.
2026-05-05 23:46:12,219 [ERROR] LogOutputStream:75 - [STDERR_REDIRECT] 
2026-05-05 23:46:13,200 [ERROR] LogOutputStream:75 - [STDERR_REDIRECT] [Fatal Error] :1:1: Premature end of file.
2026-05-05 23:46:13,200 [ERROR] LogOutputStream:75 - [STDERR_REDIRECT] 
2026-05-05 23:46:14,205 [ERROR] LogOutputStream:75 - [STDERR_REDIRECT] [Fatal Error] :1:1: Premature end of file.
2026-05-05 23:46:14,205 [ERROR] LogOutputStream:75 - [STDERR_REDIRECT] 
2026-05-05 23:46:15,225 [ERROR] LogOutputStream:75 - [STDERR_REDIRECT] [Fatal Error] :1:1: Premature end of file.
2026-05-05 23:46:15,225 [ERROR] LogOutputStream:75 - [STDERR_REDIRECT] 
2026-05-05 23:46:16,205 [ERROR] LogOutputStream:75 - [STDERR_REDIRECT] [Fatal Error] :1:1: Premature end of file.
2026-05-05 23:46:16,205 [ERROR] LogOutputStream:75 - [STDERR_REDIRECT] 
2026-05-05 23:46:17,204 [ERROR] LogOutputStream:75 - [STDERR_REDIRECT] [Fatal Error] :1:1: Premature end of file.
2026-05-05 23:46:17,204 [ERROR] LogOutputStream:75 - [STDERR_REDIRECT] 
2026-05-05 23:46:18,205 [ERROR] LogOutputStream:75 - [STDERR_REDIRECT] [Fatal Error] :1:1: Premature end of file.
2026-05-05 23:46:18,205 [ERROR] LogOutputStream:75 - [STDERR_REDIRECT] 
2026-05-05 23:46:19,223 [ERROR] LogOutputStream:75 - [STDERR_REDIRECT] [Fatal Error] :1:1: Premature end of file.
2026-05-05 23:46:19,223 [ERROR] LogOutputStream:75 - [STDERR_REDIRECT] 
2026-05-05 23:46:20,219 [ERROR] LogOutputStream:75 - [STDERR_REDIRECT] [Fatal Error] :1:1: Premature end of file.
2026-05-05 23:46:20,219 [ERROR] LogOutputStream:75 - [STDERR_REDIRECT] 
2026-05-05 23:46:21,213 [ERROR] LogOutputStream:75 - [STDERR_REDIRECT] [Fatal Error] :1:1: Premature end of file.
2026-05-05 23:46:21,213 [ERROR] LogOutputStream:75 - [STDERR_REDIRECT] 
2026-05-05 23:46:22,213 [ERROR] LogOutputStream:75 - [STDERR_REDIRECT] [Fatal Error] :1:1: Premature end of file.
2026-05-05 23:46:22,213 [ERROR] LogOutputStream:75 - [STDERR_REDIRECT] 
2026-05-05 23:46:23,223 [ERROR] LogOutputStream:75 - [STDERR_REDIRECT] [Fatal Error] :1:1: Premature end of file.
2026-05-05 23:46:23,223 [ERROR] LogOutputStream:75 - [STDERR_REDIRECT] 
2026-05-05 23:46:24,183 [ERROR] LogOutputStream:75 - [STDERR_REDIRECT] [Fatal Error] :1:1: Premature end of file.
2026-05-05 23:46:24,183 [ERROR] LogOutputStream:75 - [STDERR_REDIRECT] 
2026-05-05 23:46:25,211 [ERROR] LogOutputStream:75 - [STDERR_REDIRECT] [Fatal Error] :1:1: Premature end of file.
2026-05-05 23:46:25,211 [ERROR] LogOutputStream:75 - [STDERR_REDIRECT] 
2026-05-05 23:46:26,168 [ERROR] LogOutputStream:75 - [STDERR_REDIRECT] [Fatal Error] :1:1: Premature end of file.
2026-05-05 23:46:26,168 [ERROR] LogOutputStream:75 - [STDERR_REDIRECT] 
2026-05-05 23:46:27,178 [ERROR] LogOutputStream:75 - [STDERR_REDIRECT] [Fatal Error] :1:1: Premature end of file.
2026-05-05 23:46:27,178 [ERROR] LogOutputStream:75 - [STDERR_REDIRECT] 
2026-05-05 23:46:28,177 [ERROR] LogOutputStream:75 - [STDERR_REDIRECT] [Fatal Error] :1:1: Premature end of file.
2026-05-05 23:46:28,177 [ERROR] LogOutputStream:75 - [STDERR_REDIRECT] 
2026-05-05 23:46:29,181 [ERROR] LogOutputStream:75 - [STDERR_REDIRECT] [Fatal Error] :1:1: Premature end of file.
2026-05-05 23:46:29,181 [ERROR] LogOutputStream:75 - [STDERR_REDIRECT] 
2026-05-05 23:46:30,196 [ERROR] LogOutputStream:75 - [STDERR_REDIRECT] [Fatal Error] :1:1: Premature end of file.
2026-05-05 23:46:30,196 [ERROR] LogOutputStream:75 - [STDERR_REDIRECT] 
2026-05-05 23:46:31,185 [ERROR] LogOutputStream:75 - [STDERR_REDIRECT] [Fatal Error] :1:1: Premature end of file.
2026-05-05 23:46:31,185 [ERROR] LogOutputStream:75 - [STDERR_REDIRECT] 
2026-05-05 23:46:32,482 [ERROR] LogOutputStream:75 - [STDERR_REDIRECT] [Fatal Error] :1:1: Premature end of file.
2026-05-05 23:46:32,482 [ERROR] LogOutputStream:75 - [STDERR_REDIRECT] 
2026-05-05 23:46:33,216 [ERROR] LogOutputStream:75 - [STDERR_REDIRECT] [Fatal Error] :1:1: Premature end of file.
2026-05-05 23:46:33,216 [ERROR] LogOutputStream:75 - [STDERR_REDIRECT] 
2026-05-05 23:46:34,292 [ERROR] LogOutputStream:75 - [STDERR_REDIRECT] [Fatal Error] :1:1: Premature end of file.
2026-05-05 23:46:34,292 [ERROR] LogOutputStream:75 - [STDERR_REDIRECT] 
2026-05-05 23:46:35,509 [ERROR] LogOutputStream:75 - [STDERR_REDIRECT] [Fatal Error] :1:1: Premature end of file.
2026-05-05 23:46:35,511 [ERROR] LogOutputStream:75 - [STDERR_REDIRECT] 
2026-05-05 23:46:36,189 [ERROR] LogOutputStream:75 - [STDERR_REDIRECT] [Fatal Error] :1:1: Premature end of file.
2026-05-05 23:46:36,190 [ERROR] LogOutputStream:75 - [STDERR_REDIRECT] 
2026-05-05 23:46:37,189 [ERROR] LogOutputStream:75 - [STDERR_REDIRECT] [Fatal Error] :1:1: Premature end of file.
2026-05-05 23:46:37,189 [ERROR] LogOutputStream:75 - [STDERR_REDIRECT] 
2026-05-05 23:46:38,208 [ERROR] LogOutputStream:75 - [STDERR_REDIRECT] [Fatal Error] :1:1: Premature end of file.
2026-05-05 23:46:38,209 [ERROR] LogOutputStream:75 - [STDERR_REDIRECT] 
2026-05-05 23:46:39,181 [ERROR] LogOutputStream:75 - [STDERR_REDIRECT] [Fatal Error] :1:1: Premature end of file.
2026-05-05 23:46:39,181 [ERROR] LogOutputStream:75 - [STDERR_REDIRECT] 
2026-05-05 23:46:40,187 [ERROR] LogOutputStream:75 - [STDERR_REDIRECT] [Fatal Error] :1:1: Premature end of file.
2026-05-05 23:46:40,187 [ERROR] LogOutputStream:75 - [STDERR_REDIRECT] 
2026-05-05 23:46:41,210 [ERROR] LogOutputStream:75 - [STDERR_REDIRECT] [Fatal Error] :1:1: Premature end of file.
2026-05-05 23:46:41,210 [ERROR] LogOutputStream:75 - [STDERR_REDIRECT] 
2026-05-05 23:46:42,209 [ERROR] LogOutputStream:75 - [STDERR_REDIRECT] [Fatal Error] :1:1: Premature end of file.
2026-05-05 23:46:42,209 [ERROR] LogOutputStream:75 - [STDERR_REDIRECT] 
2026-05-05 23:46:43,205 [ERROR] LogOutputStream:75 - [STDERR_REDIRECT] [Fatal Error] :1:1: Premature end of file.
2026-05-05 23:46:43,205 [ERROR] LogOutputStream:75 - [STDERR_REDIRECT] 
2026-05-05 23:46:44,210 [ERROR] LogOutputStream:75 - [STDERR_REDIRECT] [Fatal Error] :1:1: Premature end of file.
2026-05-05 23:46:44,211 [ERROR] LogOutputStream:75 - [STDERR_REDIRECT] 
2026-05-05 23:46:45,205 [ERROR] LogOutputStream:75 - [STDERR_REDIRECT] [Fatal Error] :1:1: Premature end of file.
2026-05-05 23:46:45,205 [ERROR] LogOutputStream:75 - [STDERR_REDIRECT] 
2026-05-05 23:46:46,208 [ERROR] LogOutputStream:75 - [STDERR_REDIRECT] [Fatal Error] :1:1: Premature end of file.
2026-05-05 23:46:46,208 [ERROR] LogOutputStream:75 - [STDERR_REDIRECT] 
2026-05-05 23:46:47,214 [ERROR] LogOutputStream:75 - [STDERR_REDIRECT] [Fatal Error] :1:1: Premature end of file.
2026-05-05 23:46:47,214 [ERROR] LogOutputStream:75 - [STDERR_REDIRECT] 
2026-05-05 23:46:48,205 [ERROR] LogOutputStream:75 - [STDERR_REDIRECT] [Fatal Error] :1:1: Premature end of file.
2026-05-05 23:46:48,205 [ERROR] LogOutputStream:75 - [STDERR_REDIRECT] 
2026-05-05 23:46:49,210 [ERROR] LogOutputStream:75 - [STDERR_REDIRECT] [Fatal Error] :1:1: Premature end of file.
2026-05-05 23:46:49,210 [ERROR] LogOutputStream:75 - [STDERR_REDIRECT] 
2026-05-05 23:46:50,198 [ERROR] LogOutputStream:75 - [STDERR_REDIRECT] [Fatal Error] :1:1: Premature end of file.
2026-05-05 23:46:50,199 [ERROR] LogOutputStream:75 - [STDERR_REDIRECT] 
2026-05-05 23:46:51,214 [ERROR] LogOutputStream:75 - [STDERR_REDIRECT] [Fatal Error] :1:1: Premature end of file.
2026-05-05 23:46:51,214 [ERROR] LogOutputStream:75 - [STDERR_REDIRECT] 
2026-05-05 23:46:52,206 [ERROR] LogOutputStream:75 - [STDERR_REDIRECT] [Fatal Error] :1:1: Premature end of file.
2026-05-05 23:46:52,207 [ERROR] LogOutputStream:75 - [STDERR_REDIRECT] 
2026-05-05 23:46:53,200 [ERROR] LogOutputStream:75 - [STDERR_REDIRECT] [Fatal Error] :1:1: Premature end of file.
2026-05-05 23:46:53,200 [ERROR] LogOutputStream:75 - [STDERR_REDIRECT] 
2026-05-05 23:46:54,210 [ERROR] LogOutputStream:75 - [STDERR_REDIRECT] [Fatal Error] :1:1: Premature end of file.
2026-05-05 23:46:54,210 [ERROR] LogOutputStream:75 - [STDERR_REDIRECT] 
2026-05-05 23:46:55,209 [ERROR] LogOutputStream:75 - [STDERR_REDIRECT] [Fatal Error] :1:1: Premature end of file.
2026-05-05 23:46:55,210 [ERROR] LogOutputStream:75 - [STDERR_REDIRECT] 
2026-05-05 23:46:56,201 [ERROR] LogOutputStream:75 - [STDERR_REDIRECT] [Fatal Error] :1:1: Premature end of file.
2026-05-05 23:46:56,202 [ERROR] LogOutputStream:75 - [STDERR_REDIRECT] 
2026-05-05 23:46:57,188 [ERROR] LogOutputStream:75 - [STDERR_REDIRECT] [Fatal Error] :1:1: Premature end of file.
2026-05-05 23:46:57,188 [ERROR] LogOutputStream:75 - [STDERR_REDIRECT] 
2026-05-05 23:46:58,207 [ERROR] LogOutputStream:75 - [STDERR_REDIRECT] [Fatal Error] :1:1: Premature end of file.
2026-05-05 23:46:58,208 [ERROR] LogOutputStream:75 - [STDERR_REDIRECT] 
2026-05-05 23:46:59,209 [ERROR] LogOutputStream:75 - [STDERR_REDIRECT] [Fatal Error] :1:1: Premature end of file.
2026-05-05 23:46:59,210 [ERROR] LogOutputStream:75 - [STDERR_REDIRECT] 
2026-05-05 23:47:00,207 [ERROR] LogOutputStream:75 - [STDERR_REDIRECT] [Fatal Error] :1:1: Premature end of file.
2026-05-05 23:47:00,207 [ERROR] LogOutputStream:75 - [STDERR_REDIRECT] 
2026-05-05 23:47:01,253 [ERROR] LogOutputStream:75 - [STDERR_REDIRECT] [Fatal Error] :1:1: Premature end of file.
2026-05-05 23:47:01,253 [ERROR] LogOutputStream:75 - [STDERR_REDIRECT] 
2026-05-05 23:47:02,223 [ERROR] LogOutputStream:75 - [STDERR_REDIRECT] [Fatal Error] :1:1: Premature end of file.
2026-05-05 23:47:02,223 [ERROR] LogOutputStream:75 - [STDERR_REDIRECT] 
2026-05-05 23:47:03,198 [ERROR] LogOutputStream:75 - [STDERR_REDIRECT] [Fatal Error] :1:1: Premature end of file.
2026-05-05 23:47:03,198 [ERROR] LogOutputStream:75 - [STDERR_REDIRECT] 
2026-05-05 23:47:04,219 [ERROR] LogOutputStream:75 - [STDERR_REDIRECT] [Fatal Error] :1:1: Premature end of file.
2026-05-05 23:47:04,220 [ERROR] LogOutputStream:75 - [STDERR_REDIRECT] 
2026-05-05 23:47:05,216 [ERROR] LogOutputStream:75 - [STDERR_REDIRECT] [Fatal Error] :1:1: Premature end of file.
2026-05-05 23:47:05,216 [ERROR] LogOutputStream:75 - [STDERR_REDIRECT] 
2026-05-05 23:47:06,207 [ERROR] LogOutputStream:75 - [STDERR_REDIRECT] [Fatal Error] :1:1: Premature end of file.
2026-05-05 23:47:06,207 [ERROR] LogOutputStream:75 - [STDERR_REDIRECT] 
2026-05-05 23:47:07,215 [ERROR] LogOutputStream:75 - [STDERR_REDIRECT] [Fatal Error] :1:1: Premature end of file.
2026-05-05 23:47:07,215 [ERROR] LogOutputStream:75 - [STDERR_REDIRECT] 
2026-05-05 23:47:08,215 [ERROR] LogOutputStream:75 - [STDERR_REDIRECT] [Fatal Error] :1:1: Premature end of file.
2026-05-05 23:47:08,215 [ERROR] LogOutputStream:75 - [STDERR_REDIRECT] 
2026-05-05 23:47:09,214 [ERROR] LogOutputStream:75 - [STDERR_REDIRECT] [Fatal Error] :1:1: Premature end of file.
2026-05-05 23:47:09,215 [ERROR] LogOutputStream:75 - [STDERR_REDIRECT] 
2026-05-05 23:47:10,224 [ERROR] LogOutputStream:75 - [STDERR_REDIRECT] [Fatal Error] :1:1: Premature end of file.
2026-05-05 23:47:10,224 [ERROR] LogOutputStream:75 - [STDERR_REDIRECT] 
2026-05-05 23:47:11,202 [ERROR] LogOutputStream:75 - [STDERR_REDIRECT] [Fatal Error] :1:1: Premature end of file.
2026-05-05 23:47:11,202 [ERROR] LogOutputStream:75 - [STDERR_REDIRECT] 
2026-05-05 23:47:12,194 [ERROR] LogOutputStream:75 - [STDERR_REDIRECT] [Fatal Error] :1:1: Premature end of file.
2026-05-05 23:47:12,194 [ERROR] LogOutputStream:75 - [STDERR_REDIRECT] 
2026-05-05 23:47:13,200 [ERROR] LogOutputStream:75 - [STDERR_REDIRECT] [Fatal Error] :1:1: Premature end of file.
2026-05-05 23:47:13,200 [ERROR] LogOutputStream:75 - [STDERR_REDIRECT] 
2026-05-05 23:47:14,212 [ERROR] LogOutputStream:75 - [STDERR_REDIRECT] [Fatal Error] :1:1: Premature end of file.
2026-05-05 23:47:14,212 [ERROR] LogOutputStream:75 - [STDERR_REDIRECT] 
2026-05-05 23:47:15,203 [ERROR] LogOutputStream:75 - [STDERR_REDIRECT] [Fatal Error] :1:1: Premature end of file.
2026-05-05 23:47:15,204 [ERROR] LogOutputStream:75 - [STDERR_REDIRECT] 
2026-05-05 23:47:16,192 [ERROR] LogOutputStream:75 - [STDERR_REDIRECT] [Fatal Error] :1:1: Premature end of file.
2026-05-05 23:47:16,192 [ERROR] LogOutputStream:75 - [STDERR_REDIRECT] 
2026-05-05 23:47:17,233 [ERROR] LogOutputStream:75 - [STDERR_REDIRECT] [Fatal Error] :1:1: Premature end of file.
2026-05-05 23:47:17,233 [ERROR] LogOutputStream:75 - [STDERR_REDIRECT] 
2026-05-05 23:47:18,204 [ERROR] LogOutputStream:75 - [STDERR_REDIRECT] [Fatal Error] :1:1: Premature end of file.
2026-05-05 23:47:18,204 [ERROR] LogOutputStream:75 - [STDERR_REDIRECT] 
2026-05-05 23:47:19,230 [ERROR] LogOutputStream:75 - [STDERR_REDIRECT] [Fatal Error] :1:1: Premature end of file.
2026-05-05 23:47:19,230 [ERROR] LogOutputStream:75 - [STDERR_REDIRECT] 
2026-05-05 23:47:20,213 [ERROR] LogOutputStream:75 - [STDERR_REDIRECT] [Fatal Error] :1:1: Premature end of file.
2026-05-05 23:47:20,213 [ERROR] LogOutputStream:75 - [STDERR_REDIRECT] 
2026-05-05 23:47:21,215 [ERROR] LogOutputStream:75 - [STDERR_REDIRECT] [Fatal Error] :1:1: Premature end of file.
2026-05-05 23:47:21,216 [ERROR] LogOutputStream:75 - [STDERR_REDIRECT] 
2026-05-05 23:47:22,233 [ERROR] LogOutputStream:75 - [STDERR_REDIRECT] [Fatal Error] :1:1: Premature end of file.
2026-05-05 23:47:22,234 [ERROR] LogOutputStream:75 - [STDERR_REDIRECT] 
2026-05-05 23:47:23,211 [ERROR] LogOutputStream:75 - [STDERR_REDIRECT] [Fatal Error] :1:1: Premature end of file.
2026-05-05 23:47:23,211 [ERROR] LogOutputStream:75 - [STDERR_REDIRECT] 
2026-05-05 23:47:24,206 [ERROR] LogOutputStream:75 - [STDERR_REDIRECT] [Fatal Error] :1:1: Premature end of file.
2026-05-05 23:47:24,207 [ERROR] LogOutputStream:75 - [STDERR_REDIRECT] 
2026-05-05 23:47:25,205 [ERROR] LogOutputStream:75 - [STDERR_REDIRECT] [Fatal Error] :1:1: Premature end of file.
2026-05-05 23:47:25,205 [ERROR] LogOutputStream:75 - [STDERR_REDIRECT] 
2026-05-05 23:47:26,206 [ERROR] LogOutputStream:75 - [STDERR_REDIRECT] [Fatal Error] :1:1: Premature end of file.
2026-05-05 23:47:26,206 [ERROR] LogOutputStream:75 - [STDERR_REDIRECT] 
2026-05-05 23:47:27,203 [ERROR] LogOutputStream:75 - [STDERR_REDIRECT] [Fatal Error] :1:1: Premature end of file.
2026-05-05 23:47:27,203 [ERROR] LogOutputStream:75 - [STDERR_REDIRECT] 
2026-05-05 23:47:28,199 [ERROR] LogOutputStream:75 - [STDERR_REDIRECT] [Fatal Error] :1:1: Premature end of file.
2026-05-05 23:47:28,199 [ERROR] LogOutputStream:75 - [STDERR_REDIRECT] 
2026-05-05 23:47:29,203 [ERROR] LogOutputStream:75 - [STDERR_REDIRECT] [Fatal Error] :1:1: Premature end of file.
2026-05-05 23:47:29,203 [ERROR] LogOutputStream:75 - [STDERR_REDIRECT] 
2026-05-05 23:47:30,211 [ERROR] LogOutputStream:75 - [STDERR_REDIRECT] [Fatal Error] :1:1: Premature end of file.
2026-05-05 23:47:30,211 [ERROR] LogOutputStream:75 - [STDERR_REDIRECT] 
2026-05-05 23:47:31,208 [ERROR] LogOutputStream:75 - [STDERR_REDIRECT] [Fatal Error] :1:1: Premature end of file.
2026-05-05 23:47:31,208 [ERROR] LogOutputStream:75 - [STDERR_REDIRECT] 
2026-05-05 23:47:32,206 [ERROR] LogOutputStream:75 - [STDERR_REDIRECT] [Fatal Error] :1:1: Premature end of file.
2026-05-05 23:47:32,206 [ERROR] LogOutputStream:75 - [STDERR_REDIRECT] 
2026-05-05 23:47:33,210 [ERROR] LogOutputStream:75 - [STDERR_REDIRECT] [Fatal Error] :1:1: Premature end of file.
2026-05-05 23:47:33,210 [ERROR] LogOutputStream:75 - [STDERR_REDIRECT] 
2026-05-05 23:47:34,205 [ERROR] LogOutputStream:75 - [STDERR_REDIRECT] [Fatal Error] :1:1: Premature end of file.
2026-05-05 23:47:34,205 [ERROR] LogOutputStream:75 - [STDERR_REDIRECT] 
2026-05-05 23:47:35,214 [ERROR] LogOutputStream:75 - [STDERR_REDIRECT] [Fatal Error] :1:1: Premature end of file.
2026-05-05 23:47:35,214 [ERROR] LogOutputStream:75 - [STDERR_REDIRECT] 
2026-05-05 23:47:36,191 [ERROR] LogOutputStream:75 - [STDERR_REDIRECT] [Fatal Error] :1:1: Premature end of file.
2026-05-05 23:47:36,202 [ERROR] LogOutputStream:75 - [STDERR_REDIRECT] 
2026-05-05 23:47:37,195 [ERROR] LogOutputStream:75 - [STDERR_REDIRECT] [Fatal Error] :1:1: Premature end of file.
2026-05-05 23:47:37,195 [ERROR] LogOutputStream:75 - [STDERR_REDIRECT] 
2026-05-05 23:47:38,216 [ERROR] LogOutputStream:75 - [STDERR_REDIRECT] [Fatal Error] :1:1: Premature end of file.
2026-05-05 23:47:38,216 [ERROR] LogOutputStream:75 - [STDERR_REDIRECT] 
2026-05-05 23:47:39,274 [ERROR] LogOutputStream:75 - [STDERR_REDIRECT] [Fatal Error] :1:1: Premature end of file.
2026-05-05 23:47:39,275 [ERROR] LogOutputStream:75 - [STDERR_REDIRECT] 
2026-05-05 23:47:40,230 [ERROR] LogOutputStream:75 - [STDERR_REDIRECT] [Fatal Error] :1:1: Premature end of file.
2026-05-05 23:47:40,230 [ERROR] LogOutputStream:75 - [STDERR_REDIRECT] 
2026-05-05 23:47:41,216 [ERROR] LogOutputStream:75 - [STDERR_REDIRECT] [Fatal Error] :1:1: Premature end of file.
2026-05-05 23:47:41,216 [ERROR] LogOutputStream:75 - [STDERR_REDIRECT] 
2026-05-05 23:47:42,315 [ERROR] LogOutputStream:75 - [STDERR_REDIRECT] [Fatal Error] :1:1: Premature end of file.
2026-05-05 23:47:42,315 [ERROR] LogOutputStream:75 - [STDERR_REDIRECT] 
2026-05-05 23:47:43,248 [ERROR] LogOutputStream:75 - [STDERR_REDIRECT] [Fatal Error] :1:1: Premature end of file.
2026-05-05 23:47:43,248 [ERROR] LogOutputStream:75 - [STDERR_REDIRECT] 
2026-05-05 23:47:44,233 [ERROR] LogOutputStream:75 - [STDERR_REDIRECT] [Fatal Error] :1:1: Premature end of file.
2026-05-05 23:47:44,233 [ERROR] LogOutputStream:75 - [STDERR_REDIRECT] 
2026-05-05 23:47:45,245 [ERROR] LogOutputStream:75 - [STDERR_REDIRECT] [Fatal Error] :1:1: Premature end of file.
2026-05-05 23:47:45,245 [ERROR] LogOutputStream:75 - [STDERR_REDIRECT] 
2026-05-05 23:47:46,182 [ERROR] LogOutputStream:75 - [STDERR_REDIRECT] [Fatal Error] :1:1: Premature end of file.
2026-05-05 23:47:46,182 [ERROR] LogOutputStream:75 - [STDERR_REDIRECT] 
2026-05-05 23:47:47,216 [ERROR] LogOutputStream:75 - [STDERR_REDIRECT] [Fatal Error] :1:1: Premature end of file.
2026-05-05 23:47:47,216 [ERROR] LogOutputStream:75 - [STDERR_REDIRECT] 
2026-05-05 23:47:48,209 [ERROR] LogOutputStream:75 - [STDERR_REDIRECT] [Fatal Error] :1:1: Premature end of file.
2026-05-05 23:47:48,211 [ERROR] LogOutputStream:75 - [STDERR_REDIRECT] 
2026-05-05 23:47:49,230 [ERROR] LogOutputStream:75 - [STDERR_REDIRECT] [Fatal Error] :1:1: Premature end of file.
2026-05-05 23:47:49,230 [ERROR] LogOutputStream:75 - [STDERR_REDIRECT] 
2026-05-05 23:47:50,215 [ERROR] LogOutputStream:75 - [STDERR_REDIRECT] [Fatal Error] :1:1: Premature end of file.
2026-05-05 23:47:50,217 [ERROR] LogOutputStream:75 - [STDERR_REDIRECT] 
2026-05-05 23:47:51,189 [ERROR] LogOutputStream:75 - [STDERR_REDIRECT] [Fatal Error] :1:1: Premature end of file.
2026-05-05 23:47:51,189 [ERROR] LogOutputStream:75 - [STDERR_REDIRECT] 
2026-05-05 23:47:52,202 [ERROR] LogOutputStream:75 - [STDERR_REDIRECT] [Fatal Error] :1:1: Premature end of file.
2026-05-05 23:47:52,202 [ERROR] LogOutputStream:75 - [STDERR_REDIRECT] 
2026-05-05 23:47:53,197 [ERROR] LogOutputStream:75 - [STDERR_REDIRECT] [Fatal Error] :1:1: Premature end of file.
2026-05-05 23:47:53,197 [ERROR] LogOutputStream:75 - [STDERR_REDIRECT] 
2026-05-05 23:47:54,201 [ERROR] LogOutputStream:75 - [STDERR_REDIRECT] [Fatal Error] :1:1: Premature end of file.
2026-05-05 23:47:54,201 [ERROR] LogOutputStream:75 - [STDERR_REDIRECT] 
2026-05-05 23:47:55,202 [ERROR] LogOutputStream:75 - [STDERR_REDIRECT] [Fatal Error] :1:1: Premature end of file.
2026-05-05 23:47:55,202 [ERROR] LogOutputStream:75 - [STDERR_REDIRECT] 
2026-05-05 23:47:56,186 [ERROR] LogOutputStream:75 - [STDERR_REDIRECT] [Fatal Error] :1:1: Premature end of file.
2026-05-05 23:47:56,186 [ERROR] LogOutputStream:75 - [STDERR_REDIRECT] 
2026-05-05 23:47:57,212 [ERROR] LogOutputStream:75 - [STDERR_REDIRECT] [Fatal Error] :1:1: Premature end of file.
2026-05-05 23:47:57,212 [ERROR] LogOutputStream:75 - [STDERR_REDIRECT] 
2026-05-05 23:47:58,215 [ERROR] LogOutputStream:75 - [STDERR_REDIRECT] [Fatal Error] :1:1: Premature end of file.
2026-05-05 23:47:58,215 [ERROR] LogOutputStream:75 - [STDERR_REDIRECT] 
2026-05-05 23:47:59,206 [ERROR] LogOutputStream:75 - [STDERR_REDIRECT] [Fatal Error] :1:1: Premature end of file.
2026-05-05 23:47:59,208 [ERROR] LogOutputStream:75 - [STDERR_REDIRECT] 
2026-05-05 23:48:00,222 [ERROR] LogOutputStream:75 - [STDERR_REDIRECT] [Fatal Error] :1:1: Premature end of file.
2026-05-05 23:48:00,222 [ERROR] LogOutputStream:75 - [STDERR_REDIRECT] 
2026-05-05 23:48:01,209 [ERROR] LogOutputStream:75 - [STDERR_REDIRECT] [Fatal Error] :1:1: Premature end of file.
2026-05-05 23:48:01,209 [ERROR] LogOutputStream:75 - [STDERR_REDIRECT] 
2026-05-05 23:48:02,197 [ERROR] LogOutputStream:75 - [STDERR_REDIRECT] [Fatal Error] :1:1: Premature end of file.
2026-05-05 23:48:02,197 [ERROR] LogOutputStream:75 - [STDERR_REDIRECT] 
2026-05-05 23:48:03,233 [ERROR] LogOutputStream:75 - [STDERR_REDIRECT] [Fatal Error] :1:1: Premature end of file.
2026-05-05 23:48:03,233 [ERROR] LogOutputStream:75 - [STDERR_REDIRECT] 
2026-05-05 23:48:04,209 [ERROR] LogOutputStream:75 - [STDERR_REDIRECT] [Fatal Error] :1:1: Premature end of file.
2026-05-05 23:48:04,209 [ERROR] LogOutputStream:75 - [STDERR_REDIRECT] 
2026-05-05 23:48:05,216 [ERROR] LogOutputStream:75 - [STDERR_REDIRECT] [Fatal Error] :1:1: Premature end of file.
2026-05-05 23:48:05,216 [ERROR] LogOutputStream:75 - [STDERR_REDIRECT] 
2026-05-05 23:48:06,219 [ERROR] LogOutputStream:75 - [STDERR_REDIRECT] [Fatal Error] :1:1: Premature end of file.
2026-05-05 23:48:06,219 [ERROR] LogOutputStream:75 - [STDERR_REDIRECT] 
2026-05-05 23:48:07,217 [ERROR] LogOutputStream:75 - [STDERR_REDIRECT] [Fatal Error] :1:1: Premature end of file.
2026-05-05 23:48:07,217 [ERROR] LogOutputStream:75 - [STDERR_REDIRECT] 
2026-05-05 23:48:08,215 [ERROR] LogOutputStream:75 - [STDERR_REDIRECT] [Fatal Error] :1:1: Premature end of file.
2026-05-05 23:48:08,215 [ERROR] LogOutputStream:75 - [STDERR_REDIRECT] 
2026-05-05 23:48:09,220 [ERROR] LogOutputStream:75 - [STDERR_REDIRECT] [Fatal Error] :1:1: Premature end of file.
2026-05-05 23:48:09,220 [ERROR] LogOutputStream:75 - [STDERR_REDIRECT] 
2026-05-05 23:48:10,223 [ERROR] LogOutputStream:75 - [STDERR_REDIRECT] [Fatal Error] :1:1: Premature end of file.
2026-05-05 23:48:10,223 [ERROR] LogOutputStream:75 - [STDERR_REDIRECT] 
2026-05-05 23:48:11,210 [ERROR] LogOutputStream:75 - [STDERR_REDIRECT] [Fatal Error] :1:1: Premature end of file.
2026-05-05 23:48:11,210 [ERROR] LogOutputStream:75 - [STDERR_REDIRECT] 
2026-05-05 23:48:12,213 [ERROR] LogOutputStream:75 - [STDERR_REDIRECT] [Fatal Error] :1:1: Premature end of file.
2026-05-05 23:48:12,213 [ERROR] LogOutputStream:75 - [STDERR_REDIRECT] 
2026-05-05 23:48:13,217 [ERROR] LogOutputStream:75 - [STDERR_REDIRECT] [Fatal Error] :1:1: Premature end of file.
2026-05-05 23:48:13,217 [ERROR] LogOutputStream:75 - [STDERR_REDIRECT] 
2026-05-05 23:48:14,211 [ERROR] LogOutputStream:75 - [STDERR_REDIRECT] [Fatal Error] :1:1: Premature end of file.
2026-05-05 23:48:14,211 [ERROR] LogOutputStream:75 - [STDERR_REDIRECT] 
2026-05-05 23:48:15,217 [ERROR] LogOutputStream:75 - [STDERR_REDIRECT] [Fatal Error] :1:1: Premature end of file.
2026-05-05 23:48:15,217 [ERROR] LogOutputStream:75 - [STDERR_REDIRECT] 
2026-05-05 23:48:16,203 [ERROR] LogOutputStream:75 - [STDERR_REDIRECT] [Fatal Error] :1:1: Premature end of file.
2026-05-05 23:48:16,203 [ERROR] LogOutputStream:75 - [STDERR_REDIRECT] 
2026-05-05 23:48:17,189 [ERROR] LogOutputStream:75 - [STDERR_REDIRECT] [Fatal Error] :1:1: Premature end of file.
2026-05-05 23:48:17,189 [ERROR] LogOutputStream:75 - [STDERR_REDIRECT] 
2026-05-05 23:48:18,208 [ERROR] LogOutputStream:75 - [STDERR_REDIRECT] [Fatal Error] :1:1: Premature end of file.
2026-05-05 23:48:18,208 [ERROR] LogOutputStream:75 - [STDERR_REDIRECT] 
2026-05-05 23:48:18,399 [INFO] WebApp:194 - Connection lost
2026-05-05 23:48:19,083 [INFO] WebApp:191 - Connection restablished
2026-05-05 23:48:19,243 [ERROR] LogOutputStream:75 - [STDERR_REDIRECT] [Fatal Error] :1:1: Premature end of file.
2026-05-05 23:48:19,243 [ERROR] LogOutputStream:75 - [STDERR_REDIRECT] 
2026-05-05 23:48:20,000 [INFO] WebApp:194 - Connection lost
2026-05-05 23:48:20,159 [INFO] WebApp:191 - Connection restablished
2026-05-05 23:48:20,239 [ERROR] LogOutputStream:75 - [STDERR_REDIRECT] [Fatal Error] :1:1: Premature end of file.
2026-05-05 23:48:20,239 [ERROR] LogOutputStream:75 - [STDERR_REDIRECT] 
2026-05-05 23:48:21,194 [ERROR] LogOutputStream:75 - [STDERR_REDIRECT] [Fatal Error] :1:1: Premature end of file.
2026-05-05 23:48:21,194 [ERROR] LogOutputStream:75 - [STDERR_REDIRECT] 
2026-05-05 23:48:22,189 [ERROR] LogOutputStream:75 - [STDERR_REDIRECT] [Fatal Error] :1:1: Premature end of file.
2026-05-05 23:48:22,189 [ERROR] LogOutputStream:75 - [STDERR_REDIRECT] 
2026-05-05 23:48:23,197 [ERROR] LogOutputStream:75 - [STDERR_REDIRECT] [Fatal Error] :1:1: Premature end of file.
2026-05-05 23:48:23,197 [ERROR] LogOutputStream:75 - [STDERR_REDIRECT] 
2026-05-05 23:48:24,212 [ERROR] LogOutputStream:75 - [STDERR_REDIRECT] [Fatal Error] :1:1: Premature end of file.
2026-05-05 23:48:24,212 [ERROR] LogOutputStream:75 - [STDERR_REDIRECT] 
2026-05-05 23:48:25,185 [ERROR] LogOutputStream:75 - [STDERR_REDIRECT] [Fatal Error] :1:1: Premature end of file.
2026-05-05 23:48:25,185 [ERROR] LogOutputStream:75 - [STDERR_REDIRECT] 
2026-05-05 23:48:26,272 [ERROR] LogOutputStream:75 - [STDERR_REDIRECT] [Fatal Error] :1:1: Premature end of file.
2026-05-05 23:48:26,272 [ERROR] LogOutputStream:75 - [STDERR_REDIRECT] 
2026-05-05 23:48:26,272 [INFO] WebApp:194 - Connection lost
2026-05-05 23:48:26,499 [INFO] WebApp:191 - Connection restablished
2026-05-05 23:48:27,204 [ERROR] LogOutputStream:75 - [STDERR_REDIRECT] [Fatal Error] :1:1: Premature end of file.
2026-05-05 23:48:27,204 [ERROR] LogOutputStream:75 - [STDERR_REDIRECT] 
2026-05-05 23:48:28,224 [ERROR] LogOutputStream:75 - [STDERR_REDIRECT] [Fatal Error] :1:1: Premature end of file.
2026-05-05 23:48:28,225 [ERROR] LogOutputStream:75 - [STDERR_REDIRECT] 
2026-05-05 23:48:29,206 [ERROR] LogOutputStream:75 - [STDERR_REDIRECT] [Fatal Error] :1:1: Premature end of file.
2026-05-05 23:48:29,206 [ERROR] LogOutputStream:75 - [STDERR_REDIRECT] 
2026-05-05 23:48:30,190 [ERROR] LogOutputStream:75 - [STDERR_REDIRECT] [Fatal Error] :1:1: Premature end of file.
2026-05-05 23:48:30,190 [ERROR] LogOutputStream:75 - [STDERR_REDIRECT] 
2026-05-05 23:48:31,213 [ERROR] LogOutputStream:75 - [STDERR_REDIRECT] [Fatal Error] :1:1: Premature end of file.
2026-05-05 23:48:31,213 [ERROR] LogOutputStream:75 - [STDERR_REDIRECT] 
2026-05-05 23:48:32,210 [ERROR] LogOutputStream:75 - [STDERR_REDIRECT] [Fatal Error] :1:1: Premature end of file.
2026-05-05 23:48:32,212 [ERROR] LogOutputStream:75 - [STDERR_REDIRECT] 
2026-05-05 23:48:33,215 [ERROR] LogOutputStream:75 - [STDERR_REDIRECT] [Fatal Error] :1:1: Premature end of file.
2026-05-05 23:48:33,215 [ERROR] LogOutputStream:75 - [STDERR_REDIRECT] 
2026-05-05 23:48:34,214 [ERROR] LogOutputStream:75 - [STDERR_REDIRECT] [Fatal Error] :1:1: Premature end of file.
2026-05-05 23:48:34,214 [ERROR] LogOutputStream:75 - [STDERR_REDIRECT] 
2026-05-05 23:48:35,202 [ERROR] LogOutputStream:75 - [STDERR_REDIRECT] [Fatal Error] :1:1: Premature end of file.
2026-05-05 23:48:35,202 [ERROR] LogOutputStream:75 - [STDERR_REDIRECT] 
2026-05-05 23:48:36,240 [ERROR] LogOutputStream:75 - [STDERR_REDIRECT] [Fatal Error] :1:1: Premature end of file.
2026-05-05 23:48:36,240 [ERROR] LogOutputStream:75 - [STDERR_REDIRECT] 
2026-05-05 23:48:37,206 [ERROR] LogOutputStream:75 - [STDERR_REDIRECT] [Fatal Error] :1:1: Premature end of file.
2026-05-05 23:48:37,209 [ERROR] LogOutputStream:75 - [STDERR_REDIRECT] 
2026-05-05 23:48:38,210 [ERROR] LogOutputStream:75 - [STDERR_REDIRECT] [Fatal Error] :1:1: Premature end of file.
2026-05-05 23:48:38,210 [ERROR] LogOutputStream:75 - [STDERR_REDIRECT] 
2026-05-05 23:48:39,216 [ERROR] LogOutputStream:75 - [STDERR_REDIRECT] [Fatal Error] :1:1: Premature end of file.
2026-05-05 23:48:39,232 [ERROR] LogOutputStream:75 - [STDERR_REDIRECT] 
2026-05-05 23:48:40,203 [ERROR] LogOutputStream:75 - [STDERR_REDIRECT] [Fatal Error] :1:1: Premature end of file.
2026-05-05 23:48:40,203 [ERROR] LogOutputStream:75 - [STDERR_REDIRECT] 
2026-05-05 23:48:41,208 [ERROR] LogOutputStream:75 - [STDERR_REDIRECT] [Fatal Error] :1:1: Premature end of file.
2026-05-05 23:48:41,208 [ERROR] LogOutputStream:75 - [STDERR_REDIRECT] 
2026-05-05 23:48:42,230 [ERROR] LogOutputStream:75 - [STDERR_REDIRECT] [Fatal Error] :1:1: Premature end of file.
2026-05-05 23:48:42,230 [ERROR] LogOutputStream:75 - [STDERR_REDIRECT] 
2026-05-05 23:48:43,212 [ERROR] LogOutputStream:75 - [STDERR_REDIRECT] [Fatal Error] :1:1: Premature end of file.
2026-05-05 23:48:43,212 [ERROR] LogOutputStream:75 - [STDERR_REDIRECT] 
2026-05-05 23:48:44,201 [ERROR] LogOutputStream:75 - [STDERR_REDIRECT] [Fatal Error] :1:1: Premature end of file.
2026-05-05 23:48:44,201 [ERROR] LogOutputStream:75 - [STDERR_REDIRECT] 
2026-05-05 23:48:45,202 [ERROR] LogOutputStream:75 - [STDERR_REDIRECT] [Fatal Error] :1:1: Premature end of file.
2026-05-05 23:48:45,202 [ERROR] LogOutputStream:75 - [STDERR_REDIRECT] 
2026-05-05 23:48:46,207 [ERROR] LogOutputStream:75 - [STDERR_REDIRECT] [Fatal Error] :1:1: Premature end of file.
2026-05-05 23:48:46,207 [ERROR] LogOutputStream:75 - [STDERR_REDIRECT] 
2026-05-05 23:48:47,209 [ERROR] LogOutputStream:75 - [STDERR_REDIRECT] [Fatal Error] :1:1: Premature end of file.
2026-05-05 23:48:47,209 [ERROR] LogOutputStream:75 - [STDERR_REDIRECT] 
2026-05-05 23:48:48,217 [ERROR] LogOutputStream:75 - [STDERR_REDIRECT] [Fatal Error] :1:1: Premature end of file.
2026-05-05 23:48:48,217 [ERROR] LogOutputStream:75 - [STDERR_REDIRECT] 
2026-05-05 23:48:49,254 [ERROR] LogOutputStream:75 - [STDERR_REDIRECT] [Fatal Error] :1:1: Premature end of file.
2026-05-05 23:48:49,254 [ERROR] LogOutputStream:75 - [STDERR_REDIRECT] 
2026-05-05 23:48:50,220 [ERROR] LogOutputStream:75 - [STDERR_REDIRECT] [Fatal Error] :1:1: Premature end of file.
2026-05-05 23:48:50,220 [ERROR] LogOutputStream:75 - [STDERR_REDIRECT] 
2026-05-05 23:48:51,215 [ERROR] LogOutputStream:75 - [STDERR_REDIRECT] [Fatal Error] :1:1: Premature end of file.
2026-05-05 23:48:51,215 [ERROR] LogOutputStream:75 - [STDERR_REDIRECT] 
2026-05-05 23:48:52,264 [ERROR] LogOutputStream:75 - [STDERR_REDIRECT] [Fatal Error] :1:1: Premature end of file.
2026-05-05 23:48:52,264 [ERROR] LogOutputStream:75 - [STDERR_REDIRECT] 
2026-05-05 23:48:53,209 [ERROR] LogOutputStream:75 - [STDERR_REDIRECT] [Fatal Error] :1:1: Premature end of file.
2026-05-05 23:48:53,214 [ERROR] LogOutputStream:75 - [STDERR_REDIRECT] 
2026-05-05 23:48:54,209 [ERROR] LogOutputStream:75 - [STDERR_REDIRECT] [Fatal Error] :1:1: Premature end of file.
2026-05-05 23:48:54,209 [ERROR] LogOutputStream:75 - [STDERR_REDIRECT] 
2026-05-05 23:48:55,216 [ERROR] LogOutputStream:75 - [STDERR_REDIRECT] [Fatal Error] :1:1: Premature end of file.
2026-05-05 23:48:55,216 [ERROR] LogOutputStream:75 - [STDERR_REDIRECT] 
2026-05-05 23:48:56,221 [ERROR] LogOutputStream:75 - [STDERR_REDIRECT] [Fatal Error] :1:1: Premature end of file.
2026-05-05 23:48:56,221 [ERROR] LogOutputStream:75 - [STDERR_REDIRECT] 
2026-05-05 23:48:57,212 [ERROR] LogOutputStream:75 - [STDERR_REDIRECT] [Fatal Error] :1:1: Premature end of file.
2026-05-05 23:48:57,212 [ERROR] LogOutputStream:75 - [STDERR_REDIRECT] 
2026-05-05 23:48:58,234 [ERROR] LogOutputStream:75 - [STDERR_REDIRECT] [Fatal Error] :1:1: Premature end of file.
2026-05-05 23:48:58,234 [ERROR] LogOutputStream:75 - [STDERR_REDIRECT] 
2026-05-05 23:48:59,207 [ERROR] LogOutputStream:75 - [STDERR_REDIRECT] [Fatal Error] :1:1: Premature end of file.
2026-05-05 23:48:59,207 [ERROR] LogOutputStream:75 - [STDERR_REDIRECT] 
2026-05-05 23:49:00,213 [ERROR] LogOutputStream:75 - [STDERR_REDIRECT] [Fatal Error] :1:1: Premature end of file.
2026-05-05 23:49:00,213 [ERROR] LogOutputStream:75 - [STDERR_REDIRECT] 
2026-05-05 23:49:01,243 [ERROR] LogOutputStream:75 - [STDERR_REDIRECT] [Fatal Error] :1:1: Premature end of file.
2026-05-05 23:49:01,243 [ERROR] LogOutputStream:75 - [STDERR_REDIRECT] 
2026-05-05 23:49:02,202 [ERROR] LogOutputStream:75 - [STDERR_REDIRECT] [Fatal Error] :1:1: Premature end of file.
2026-05-05 23:49:02,202 [ERROR] LogOutputStream:75 - [STDERR_REDIRECT] 
2026-05-05 23:49:03,208 [ERROR] LogOutputStream:75 - [STDERR_REDIRECT] [Fatal Error] :1:1: Premature end of file.
2026-05-05 23:49:03,208 [ERROR] LogOutputStream:75 - [STDERR_REDIRECT] 
2026-05-05 23:49:04,214 [ERROR] LogOutputStream:75 - [STDERR_REDIRECT] [Fatal Error] :1:1: Premature end of file.
2026-05-05 23:49:04,214 [ERROR] LogOutputStream:75 - [STDERR_REDIRECT] 
2026-05-05 23:49:05,221 [ERROR] LogOutputStream:75 - [STDERR_REDIRECT] [Fatal Error] :1:1: Premature end of file.
2026-05-05 23:49:05,221 [ERROR] LogOutputStream:75 - [STDERR_REDIRECT] 
2026-05-05 23:49:06,224 [ERROR] LogOutputStream:75 - [STDERR_REDIRECT] [Fatal Error] :1:1: Premature end of file.
2026-05-05 23:49:06,224 [ERROR] LogOutputStream:75 - [STDERR_REDIRECT] 
2026-05-05 23:49:07,213 [ERROR] LogOutputStream:75 - [STDERR_REDIRECT] [Fatal Error] :1:1: Premature end of file.
2026-05-05 23:49:07,213 [ERROR] LogOutputStream:75 - [STDERR_REDIRECT] 
2026-05-05 23:49:08,202 [ERROR] LogOutputStream:75 - [STDERR_REDIRECT] [Fatal Error] :1:1: Premature end of file.
2026-05-05 23:49:08,202 [ERROR] LogOutputStream:75 - [STDERR_REDIRECT] 
2026-05-05 23:49:09,240 [ERROR] LogOutputStream:75 - [STDERR_REDIRECT] [Fatal Error] :1:1: Premature end of file.
2026-05-05 23:49:09,240 [ERROR] LogOutputStream:75 - [STDERR_REDIRECT] 
2026-05-05 23:49:10,220 [ERROR] LogOutputStream:75 - [STDERR_REDIRECT] [Fatal Error] :1:1: Premature end of file.
2026-05-05 23:49:10,220 [ERROR] LogOutputStream:75 - [STDERR_REDIRECT] 
2026-05-05 23:49:11,208 [ERROR] LogOutputStream:75 - [STDERR_REDIRECT] [Fatal Error] :1:1: Premature end of file.
2026-05-05 23:49:11,208 [ERROR] LogOutputStream:75 - [STDERR_REDIRECT] 
2026-05-05 23:49:12,214 [ERROR] LogOutputStream:75 - [STDERR_REDIRECT] [Fatal Error] :1:1: Premature end of file.
2026-05-05 23:49:12,214 [ERROR] LogOutputStream:75 - [STDERR_REDIRECT] 
2026-05-05 23:49:13,202 [ERROR] LogOutputStream:75 - [STDERR_REDIRECT] [Fatal Error] :1:1: Premature end of file.
2026-05-05 23:49:13,202 [ERROR] LogOutputStream:75 - [STDERR_REDIRECT] 
2026-05-05 23:49:14,211 [ERROR] LogOutputStream:75 - [STDERR_REDIRECT] [Fatal Error] :1:1: Premature end of file.
2026-05-05 23:49:14,211 [ERROR] LogOutputStream:75 - [STDERR_REDIRECT] 
2026-05-05 23:49:15,232 [ERROR] LogOutputStream:75 - [STDERR_REDIRECT] [Fatal Error] :1:1: Premature end of file.
2026-05-05 23:49:15,232 [ERROR] LogOutputStream:75 - [STDERR_REDIRECT] 
2026-05-05 23:49:16,210 [ERROR] LogOutputStream:75 - [STDERR_REDIRECT] [Fatal Error] :1:1: Premature end of file.
2026-05-05 23:49:16,210 [ERROR] LogOutputStream:75 - [STDERR_REDIRECT] 
2026-05-05 23:49:17,235 [ERROR] LogOutputStream:75 - [STDERR_REDIRECT] [Fatal Error] :1:1: Premature end of file.
2026-05-05 23:49:17,235 [ERROR] LogOutputStream:75 - [STDERR_REDIRECT] 
2026-05-05 23:49:18,228 [ERROR] LogOutputStream:75 - [STDERR_REDIRECT] [Fatal Error] :1:1: Premature end of file.
2026-05-05 23:49:18,228 [ERROR] LogOutputStream:75 - [STDERR_REDIRECT] 
2026-05-05 23:49:19,224 [ERROR] LogOutputStream:75 - [STDERR_REDIRECT] [Fatal Error] :1:1: Premature end of file.
2026-05-05 23:49:19,224 [ERROR] LogOutputStream:75 - [STDERR_REDIRECT] 
2026-05-05 23:49:20,226 [ERROR] LogOutputStream:75 - [STDERR_REDIRECT] [Fatal Error] :1:1: Premature end of file.
2026-05-05 23:49:20,226 [ERROR] LogOutputStream:75 - [STDERR_REDIRECT] 
2026-05-05 23:49:21,210 [ERROR] LogOutputStream:75 - [STDERR_REDIRECT] [Fatal Error] :1:1: Premature end of file.
2026-05-05 23:49:21,210 [ERROR] LogOutputStream:75 - [STDERR_REDIRECT] 
2026-05-05 23:49:22,204 [ERROR] LogOutputStream:75 - [STDERR_REDIRECT] [Fatal Error] :1:1: Premature end of file.
2026-05-05 23:49:22,204 [ERROR] LogOutputStream:75 - [STDERR_REDIRECT] 
2026-05-05 23:49:23,186 [ERROR] LogOutputStream:75 - [STDERR_REDIRECT] [Fatal Error] :1:1: Premature end of file.
2026-05-05 23:49:23,186 [ERROR] LogOutputStream:75 - [STDERR_REDIRECT] 
2026-05-05 23:49:24,230 [ERROR] LogOutputStream:75 - [STDERR_REDIRECT] [Fatal Error] :1:1: Premature end of file.
2026-05-05 23:49:24,232 [ERROR] LogOutputStream:75 - [STDERR_REDIRECT] 
2026-05-05 23:49:25,209 [ERROR] LogOutputStream:75 - [STDERR_REDIRECT] [Fatal Error] :1:1: Premature end of file.
2026-05-05 23:49:25,209 [ERROR] LogOutputStream:75 - [STDERR_REDIRECT] 
2026-05-05 23:49:26,223 [ERROR] LogOutputStream:75 - [STDERR_REDIRECT] [Fatal Error] :1:1: Premature end of file.
2026-05-05 23:49:26,223 [ERROR] LogOutputStream:75 - [STDERR_REDIRECT] 
2026-05-05 23:49:27,204 [ERROR] LogOutputStream:75 - [STDERR_REDIRECT] [Fatal Error] :1:1: Premature end of file.
2026-05-05 23:49:27,204 [ERROR] LogOutputStream:75 - [STDERR_REDIRECT] 
2026-05-05 23:49:28,224 [ERROR] LogOutputStream:75 - [STDERR_REDIRECT] [Fatal Error] :1:1: Premature end of file.
2026-05-05 23:49:28,226 [ERROR] LogOutputStream:75 - [STDERR_REDIRECT] 
2026-05-05 23:49:29,204 [ERROR] LogOutputStream:75 - [STDERR_REDIRECT] [Fatal Error] :1:1: Premature end of file.
2026-05-05 23:49:29,204 [ERROR] LogOutputStream:75 - [STDERR_REDIRECT] 
2026-05-05 23:49:30,232 [ERROR] LogOutputStream:75 - [STDERR_REDIRECT] [Fatal Error] :1:1: Premature end of file.
2026-05-05 23:49:30,232 [ERROR] LogOutputStream:75 - [STDERR_REDIRECT] 
2026-05-05 23:49:31,217 [ERROR] LogOutputStream:75 - [STDERR_REDIRECT] [Fatal Error] :1:1: Premature end of file.
2026-05-05 23:49:31,217 [ERROR] LogOutputStream:75 - [STDERR_REDIRECT] 
2026-05-05 23:49:32,241 [ERROR] LogOutputStream:75 - [STDERR_REDIRECT] [Fatal Error] :1:1: Premature end of file.
2026-05-05 23:49:32,242 [ERROR] LogOutputStream:75 - [STDERR_REDIRECT] 
2026-05-05 23:49:33,227 [ERROR] LogOutputStream:75 - [STDERR_REDIRECT] [Fatal Error] :1:1: Premature end of file.
2026-05-05 23:49:33,228 [ERROR] LogOutputStream:75 - [STDERR_REDIRECT] 
2026-05-05 23:49:34,206 [ERROR] LogOutputStream:75 - [STDERR_REDIRECT] [Fatal Error] :1:1: Premature end of file.
2026-05-05 23:49:34,206 [ERROR] LogOutputStream:75 - [STDERR_REDIRECT] 
2026-05-05 23:49:35,222 [ERROR] LogOutputStream:75 - [STDERR_REDIRECT] [Fatal Error] :1:1: Premature end of file.
2026-05-05 23:49:35,222 [ERROR] LogOutputStream:75 - [STDERR_REDIRECT] 
2026-05-05 23:49:36,202 [ERROR] LogOutputStream:75 - [STDERR_REDIRECT] [Fatal Error] :1:1: Premature end of file.
2026-05-05 23:49:36,202 [ERROR] LogOutputStream:75 - [STDERR_REDIRECT] 
2026-05-05 23:49:37,224 [ERROR] LogOutputStream:75 - [STDERR_REDIRECT] [Fatal Error] :1:1: Premature end of file.
2026-05-05 23:49:37,224 [ERROR] LogOutputStream:75 - [STDERR_REDIRECT] 
2026-05-05 23:49:38,214 [ERROR] LogOutputStream:75 - [STDERR_REDIRECT] [Fatal Error] :1:1: Premature end of file.
2026-05-05 23:49:38,214 [ERROR] LogOutputStream:75 - [STDERR_REDIRECT] 
2026-05-05 23:49:39,208 [ERROR] LogOutputStream:75 - [STDERR_REDIRECT] [Fatal Error] :1:1: Premature end of file.
2026-05-05 23:49:39,208 [ERROR] LogOutputStream:75 - [STDERR_REDIRECT] 
2026-05-05 23:49:40,208 [ERROR] LogOutputStream:75 - [STDERR_REDIRECT] [Fatal Error] :1:1: Premature end of file.
2026-05-05 23:49:40,208 [ERROR] LogOutputStream:75 - [STDERR_REDIRECT] 
2026-05-05 23:49:41,223 [ERROR] LogOutputStream:75 - [STDERR_REDIRECT] [Fatal Error] :1:1: Premature end of file.
2026-05-05 23:49:41,223 [ERROR] LogOutputStream:75 - [STDERR_REDIRECT] 
2026-05-05 23:49:42,208 [ERROR] LogOutputStream:75 - [STDERR_REDIRECT] [Fatal Error] :1:1: Premature end of file.
2026-05-05 23:49:42,208 [ERROR] LogOutputStream:75 - [STDERR_REDIRECT] 
2026-05-05 23:49:43,214 [ERROR] LogOutputStream:75 - [STDERR_REDIRECT] [Fatal Error] :1:1: Premature end of file.
2026-05-05 23:49:43,214 [ERROR] LogOutputStream:75 - [STDERR_REDIRECT] 
2026-05-05 23:49:44,204 [ERROR] LogOutputStream:75 - [STDERR_REDIRECT] [Fatal Error] :1:1: Premature end of file.
2026-05-05 23:49:44,204 [ERROR] LogOutputStream:75 - [STDERR_REDIRECT] 
2026-05-05 23:49:45,214 [ERROR] LogOutputStream:75 - [STDERR_REDIRECT] [Fatal Error] :1:1: Premature end of file.
2026-05-05 23:49:45,214 [ERROR] LogOutputStream:75 - [STDERR_REDIRECT] 
2026-05-05 23:49:46,221 [ERROR] LogOutputStream:75 - [STDERR_REDIRECT] [Fatal Error] :1:1: Premature end of file.
2026-05-05 23:49:46,221 [ERROR] LogOutputStream:75 - [STDERR_REDIRECT] 
2026-05-05 23:49:47,243 [ERROR] LogOutputStream:75 - [STDERR_REDIRECT] [Fatal Error] :1:1: Premature end of file.
2026-05-05 23:49:47,243 [ERROR] LogOutputStream:75 - [STDERR_REDIRECT] 
2026-05-05 23:49:48,216 [ERROR] LogOutputStream:75 - [STDERR_REDIRECT] [Fatal Error] :1:1: Premature end of file.
2026-05-05 23:49:48,216 [ERROR] LogOutputStream:75 - [STDERR_REDIRECT] 
2026-05-05 23:49:49,191 [ERROR] LogOutputStream:75 - [STDERR_REDIRECT] [Fatal Error] :1:1: Premature end of file.
2026-05-05 23:49:49,191 [ERROR] LogOutputStream:75 - [STDERR_REDIRECT] 
2026-05-05 23:49:50,188 [ERROR] LogOutputStream:75 - [STDERR_REDIRECT] [Fatal Error] :1:1: Premature end of file.
2026-05-05 23:49:50,188 [ERROR] LogOutputStream:75 - [STDERR_REDIRECT] 
2026-05-05 23:49:51,194 [ERROR] LogOutputStream:75 - [STDERR_REDIRECT] [Fatal Error] :1:1: Premature end of file.
2026-05-05 23:49:51,194 [ERROR] LogOutputStream:75 - [STDERR_REDIRECT] 
2026-05-05 23:49:52,187 [ERROR] LogOutputStream:75 - [STDERR_REDIRECT] [Fatal Error] :1:1: Premature end of file.
2026-05-05 23:49:52,187 [ERROR] LogOutputStream:75 - [STDERR_REDIRECT] 
2026-05-05 23:49:52,513 [ERROR] LogOutputStream:75 - [STDERR_REDIRECT] 
