2026-04-29 06:59:17,968 [INFO] Activator:176 - 


2026-04-29 06:59:17,973 [INFO] Activator:177 - !SESSION log4j initialized
2026-04-29 06:59:23,430 [INFO] LogOutputStream:77 - [STDOUT_REDIRECT] 
2026-04-29 06:59:32,061 [INFO] ApplicationProperties:184 - Using Application install path: C:\ST\STM32CubeIDE_1.18.1\STM32CubeIDE\plugins\com.st.stm32cube.common.mx_6.14.1.202504091515
2026-04-29 06:59:32,076 [INFO] DbMcusXml:78 - Set database path to: C:\ST\STM32CubeIDE_1.18.1\STM32CubeIDE\plugins\com.st.stm32cube.common.mx_6.14.1.202504091515\\db\/mcu/
2026-04-29 06:59:32,076 [INFO] ApiDb:274 - Set plugin database path to: C:\ST\STM32CubeIDE_1.18.1\STM32CubeIDE\plugins\com.st.stm32cube.common.mx_6.14.1.202504091515\\db\/plugins/boardmanager/
2026-04-29 06:59:32,076 [WARN] ApiDb:259 - Overriding images path with different value:  => C:\ST\STM32CubeIDE_1.18.1\STM32CubeIDE\plugins\com.st.stm32cube.common.mx_6.14.1.202504091515\\db\/plugins/mcufinder/images/
2026-04-29 06:59:32,089 [INFO] ApiDb:250 - Set database path to: C:\Users\salem\.stmcufinder\plugins\mcufinder//mcu/
2026-04-29 06:59:32,090 [INFO] DbMcusAds:125 - Set database path to: C:\Users\salem\.stmcufinder\plugins\mcufinder//mcu/
2026-04-29 06:59:32,092 [INFO] CrossReferenceDbSqlite:203 - Set database path to: C:\Users\salem\.stmcufinder\plugins\mcufinder//mcu/cs/
2026-04-29 06:59:32,189 [INFO] RulesReader:64 - Compatibility file has been processed (302 Rules)
2026-04-29 06:59:32,256 [INFO] DbMcusXml:78 - Set database path to: C:\ST\STM32CubeIDE_1.18.1\STM32CubeIDE\plugins\com.st.stm32cube.common.mx_6.14.1.202504091515\\db\/mcu/
2026-04-29 06:59:32,256 [INFO] ApiDb:274 - Set plugin database path to: C:\ST\STM32CubeIDE_1.18.1\STM32CubeIDE\plugins\com.st.stm32cube.common.mx_6.14.1.202504091515\\db\/plugins/boardmanager/
2026-04-29 06:59:32,256 [INFO] ApiDb:261 - Set plugin images path to: C:\ST\STM32CubeIDE_1.18.1\STM32CubeIDE\plugins\com.st.stm32cube.common.mx_6.14.1.202504091515\\db\/plugins/mcufinder/images/
2026-04-29 06:59:32,256 [WARN] DbFile:41 - Overriding database path with different value: C:\Users\salem\.stmcufinder\plugins\mcufinder/ => C:\Users\salem\.stmcufinder\plugins\mcufinder
2026-04-29 06:59:32,256 [INFO] ApiDb:250 - Set database path to: C:\Users\salem\.stmcufinder\plugins\mcufinder//mcu/
2026-04-29 06:59:32,256 [WARN] DbFile:41 - Overriding database path with different value: C:\Users\salem\.stmcufinder\plugins\mcufinder/ => C:\Users\salem\.stmcufinder\plugins\mcufinder
2026-04-29 06:59:32,256 [INFO] DbMcusAds:125 - Set database path to: C:\Users\salem\.stmcufinder\plugins\mcufinder//mcu/
2026-04-29 06:59:32,256 [WARN] DbFile:41 - Overriding database path with different value: C:\Users\salem\.stmcufinder\plugins\mcufinder/ => C:\Users\salem\.stmcufinder\plugins\mcufinder
2026-04-29 06:59:32,256 [WARN] DbFile:41 - Overriding database path with different value: C:\Users\salem\.stmcufinder\plugins\mcufinder/ => C:\Users\salem\.stmcufinder\plugins\mcufinder
2026-04-29 06:59:32,257 [INFO] CrossReferenceDbSqlite:203 - Set database path to: C:\Users\salem\.stmcufinder\plugins\mcufinder//mcu/cs/
2026-04-29 06:59:32,319 [INFO] MainPanel:272 - HeapMemory: 268435456
2026-04-29 06:59:32,417 [INFO] DbMcusXml:78 - Set database path to: C:\ST\STM32CubeIDE_1.18.1\STM32CubeIDE\plugins\com.st.stm32cube.common.mx_6.14.1.202504091515\\db\/mcu/
2026-04-29 06:59:32,417 [INFO] ApiDb:274 - Set plugin database path to: C:\ST\STM32CubeIDE_1.18.1\STM32CubeIDE\plugins\com.st.stm32cube.common.mx_6.14.1.202504091515\\db\/plugins/boardmanager/
2026-04-29 06:59:32,417 [INFO] ApiDb:261 - Set plugin images path to: C:\ST\STM32CubeIDE_1.18.1\STM32CubeIDE\plugins\com.st.stm32cube.common.mx_6.14.1.202504091515\\db\/plugins/mcufinder/images/
2026-04-29 06:59:32,417 [WARN] DbFile:41 - Overriding database path with different value: C:\Users\salem\.stmcufinder\plugins\mcufinder/ => C:\Users\salem\.stmcufinder\plugins\mcufinder
2026-04-29 06:59:32,417 [INFO] ApiDb:250 - Set database path to: C:\Users\salem\.stmcufinder\plugins\mcufinder//mcu/
2026-04-29 06:59:32,417 [WARN] DbFile:41 - Overriding database path with different value: C:\Users\salem\.stmcufinder\plugins\mcufinder/ => C:\Users\salem\.stmcufinder\plugins\mcufinder
2026-04-29 06:59:32,417 [INFO] DbMcusAds:125 - Set database path to: C:\Users\salem\.stmcufinder\plugins\mcufinder//mcu/
2026-04-29 06:59:32,417 [WARN] DbFile:41 - Overriding database path with different value: C:\Users\salem\.stmcufinder\plugins\mcufinder/ => C:\Users\salem\.stmcufinder\plugins\mcufinder
2026-04-29 06:59:32,417 [WARN] DbFile:41 - Overriding database path with different value: C:\Users\salem\.stmcufinder\plugins\mcufinder/ => C:\Users\salem\.stmcufinder\plugins\mcufinder
2026-04-29 06:59:32,417 [INFO] CrossReferenceDbSqlite:203 - Set database path to: C:\Users\salem\.stmcufinder\plugins\mcufinder//mcu/cs/
2026-04-29 06:59:32,436 [INFO] ApplicationProperties:184 - Using Application install path: C:\ST\STM32CubeIDE_1.18.1\STM32CubeIDE\plugins\com.st.stm32cube.common.mx_6.14.1.202504091515
2026-04-29 06:59:32,437 [INFO] PluginManage:196 - Search for loadable plugins [exclusion list=, ]
2026-04-29 06:59:32,438 [INFO] PluginManage:310 - Check plugin analytics
2026-04-29 06:59:37,738 [INFO] AnalyticsPlugin:253 - Accepted Software Licenses: STM32CubeMX.6.13.0
2026-04-29 06:59:37,738 [INFO] AnalyticsPlugin:255 - Accepted CMSIS Pack Licenses: 
2026-04-29 06:59:37,738 [INFO] AnalyticsPlugin:257 - Accepted Firmware Licenses: FW.F4.1.28.0,FW.C0.1.3.0,FW.C0.1.4.0
2026-04-29 06:59:37,740 [INFO] PluginManage:359 - Loaded plugin analytics (category:tool,tabindex:-1)
2026-04-29 06:59:37,741 [INFO] PluginManage:310 - Check plugin cadmodel
2026-04-29 06:59:37,758 [INFO] CADModel:105 - Init CAD model plugin
2026-04-29 06:59:37,758 [INFO] PluginManage:359 - Loaded plugin cadmodel (category:power,tabindex:5)
2026-04-29 06:59:37,758 [INFO] PluginManage:310 - Check plugin clock
2026-04-29 06:59:37,779 [INFO] PluginManage:359 - Loaded plugin clock (category:base,tabindex:2)
2026-04-29 06:59:37,779 [INFO] PluginManage:310 - Check plugin ddr
2026-04-29 06:59:37,783 [INFO] PluginManage:359 - Loaded plugin ddr (category:tool,tabindex:6)
2026-04-29 06:59:37,783 [INFO] PluginManage:310 - Check plugin filemanager
2026-04-29 06:59:37,894 [INFO] PluginManage:359 - Loaded plugin filemanager (category:base,tabindex:10)
2026-04-29 06:59:37,894 [INFO] PluginManage:310 - Check plugin ipmanager
2026-04-29 06:59:37,900 [INFO] PluginManage:359 - Loaded plugin ipmanager (category:base,tabindex:5)
2026-04-29 06:59:37,900 [INFO] PluginManage:310 - Check plugin lpbam
2026-04-29 06:59:37,915 [INFO] PluginManage:359 - Loaded plugin lpbam (category:base,tabindex:0)
2026-04-29 06:59:37,915 [INFO] PluginManage:310 - Check plugin memorymap
2026-04-29 06:59:37,938 [INFO] PluginManage:359 - Loaded plugin memorymap (category:base,tabindex:4)
2026-04-29 06:59:37,939 [INFO] PluginManage:310 - Check plugin pinoutandconfiguration
2026-04-29 06:59:37,954 [INFO] PluginManage:359 - Loaded plugin pinoutandconfiguration (category:base,tabindex:1)
2026-04-29 06:59:37,955 [INFO] PluginManage:310 - Check plugin pinoutconfig
2026-04-29 06:59:38,031 [WARN] SupportedApi:132 - Cannot load RTOS API schema: s4s-elt-must-match.1: The content of 'definitions' must match (annotation?, (simpleType | complexType)?, (unique | key | keyref)*)). A problem was found starting at: attribute.
2026-04-29 06:59:38,151 [INFO] PluginManage:359 - Loaded plugin pinoutconfig (category:base,tabindex:0)
2026-04-29 06:59:38,151 [INFO] PluginManage:310 - Check plugin power
2026-04-29 06:59:38,170 [INFO] PluginManage:359 - Loaded plugin power (category:power,tabindex:4)
2026-04-29 06:59:38,171 [INFO] PluginManage:310 - Check plugin projectmanager
2026-04-29 06:59:38,183 [INFO] PluginManage:359 - Loaded plugin projectmanager (category:projectmanager,tabindex:4)
2026-04-29 06:59:38,183 [INFO] PluginManage:310 - Check plugin rif
2026-04-29 06:59:38,198 [INFO] PluginManage:359 - Loaded plugin rif (category:base,tabindex:3)
2026-04-29 06:59:38,199 [INFO] PluginManage:310 - Check plugin thirdparty
2026-04-29 06:59:38,447 [INFO] PluginManage:359 - Loaded plugin thirdparty (category:base,tabindex:-1)
2026-04-29 06:59:38,447 [WARN] IntegrityCheckThread:84 - waiting for thirdparty lock release [integrity check]
2026-04-29 06:59:38,447 [INFO] PluginManage:310 - Check plugin tools
2026-04-29 06:59:38,447 [INFO] IntegrityCheckThread:86 - entering critical section [integrity check]
2026-04-29 06:59:38,447 [INFO] ThirdPartyUpdaterWithRetryManager:70 - Updater plugin not ready yet. [1/15]
2026-04-29 06:59:38,477 [INFO] PluginManage:359 - Loaded plugin tools (category:base,tabindex:7)
2026-04-29 06:59:38,477 [INFO] PluginManage:310 - Check plugin tutovideos
2026-04-29 06:59:38,623 [INFO] PluginManage:359 - Loaded plugin tutovideos (category:base,tabindex:-1)
2026-04-29 06:59:38,623 [INFO] PluginManage:310 - Check plugin updater
2026-04-29 06:59:38,640 [INFO] PluginManage:359 - Loaded plugin updater (category:base,tabindex:12)
2026-04-29 06:59:38,640 [INFO] PluginManage:310 - Check plugin userauth
2026-04-29 06:59:38,644 [INFO] UserAuth:118 - Init User Auth plugin
2026-04-29 06:59:38,645 [INFO] PluginManage:359 - Loaded plugin userauth (category:base,tabindex:14)
2026-04-29 06:59:38,645 [INFO] PluginManage:283 - PluginManage : Loaded plugins [18]
2026-04-29 06:59:38,832 [INFO] PinOutPanel:1589 - setPackage(No Configuration,No Configuration)
2026-04-29 06:59:38,896 [INFO] CADModel:165 - CPN selected for project level
2026-04-29 06:59:38,897 [INFO] CADModel:114 - Register for checkConnection events
2026-04-29 06:59:38,920 [INFO] IPUIPlugin:80 - create IPUIPlugin
2026-04-29 06:59:38,920 [INFO] PluginManager:220 - loadIPPluginJar : add adc
2026-04-29 06:59:38,951 [INFO] IPUIPlugin:80 - create IPUIPlugin
2026-04-29 06:59:38,951 [INFO] PluginManager:220 - loadIPPluginJar : add aes
2026-04-29 06:59:38,985 [INFO] IPUIPlugin:80 - create IPUIPlugin
2026-04-29 06:59:38,985 [INFO] PluginManager:220 - loadIPPluginJar : add can
2026-04-29 06:59:39,007 [INFO] IPUIPlugin:80 - create IPUIPlugin
2026-04-29 06:59:39,007 [INFO] PluginManager:220 - loadIPPluginJar : add comp
2026-04-29 06:59:39,035 [INFO] IPUIPlugin:80 - create IPUIPlugin
2026-04-29 06:59:39,035 [INFO] PluginManager:220 - loadIPPluginJar : add cryp
2026-04-29 06:59:39,046 [INFO] IPUIPlugin:80 - create IPUIPlugin
2026-04-29 06:59:39,046 [INFO] PluginManager:220 - loadIPPluginJar : add ddr_ctrl_phy
2026-04-29 06:59:39,072 [INFO] IPUIPlugin:80 - create IPUIPlugin
2026-04-29 06:59:39,072 [INFO] PluginManager:220 - loadIPPluginJar : add dfsdm
2026-04-29 06:59:39,085 [INFO] IPUIPlugin:80 - create IPUIPlugin
2026-04-29 06:59:39,086 [INFO] PluginManager:220 - loadIPPluginJar : add dma
2026-04-29 06:59:39,118 [INFO] IPUIPlugin:80 - create IPUIPlugin
2026-04-29 06:59:39,118 [INFO] PluginManager:220 - loadIPPluginJar : add dma3
2026-04-29 06:59:39,154 [INFO] IPUIPlugin:80 - create IPUIPlugin
2026-04-29 06:59:39,154 [INFO] PluginManager:220 - loadIPPluginJar : add extmemmanager
2026-04-29 06:59:39,172 [INFO] IPUIPlugin:80 - create IPUIPlugin
2026-04-29 06:59:39,172 [INFO] PluginManager:220 - loadIPPluginJar : add fatfs
2026-04-29 06:59:39,211 [INFO] IPUIPlugin:80 - create IPUIPlugin
2026-04-29 06:59:39,212 [INFO] PluginManager:220 - loadIPPluginJar : add fmc
2026-04-29 06:59:39,224 [INFO] IPUIPlugin:80 - create IPUIPlugin
2026-04-29 06:59:39,224 [INFO] PluginManager:220 - loadIPPluginJar : add freertos
2026-04-29 06:59:39,243 [INFO] IPUIPlugin:80 - create IPUIPlugin
2026-04-29 06:59:39,243 [INFO] PluginManager:220 - loadIPPluginJar : add genericplugin
2026-04-29 06:59:39,315 [INFO] IPUIPlugin:80 - create IPUIPlugin
2026-04-29 06:59:39,315 [INFO] PluginManager:220 - loadIPPluginJar : add gfxmmu
2026-04-29 06:59:39,416 [INFO] IPUIPlugin:80 - create IPUIPlugin
2026-04-29 06:59:39,416 [INFO] PluginManager:220 - loadIPPluginJar : add gic
2026-04-29 06:59:39,428 [INFO] IPUIPlugin:80 - create IPUIPlugin
2026-04-29 06:59:39,428 [INFO] PluginManager:220 - loadIPPluginJar : add gpio
2026-04-29 06:59:39,499 [INFO] IPUIPlugin:80 - create IPUIPlugin
2026-04-29 06:59:39,499 [INFO] PluginManager:220 - loadIPPluginJar : add gtzc
2026-04-29 06:59:39,527 [INFO] IPUIPlugin:80 - create IPUIPlugin
2026-04-29 06:59:39,527 [INFO] PluginManager:220 - loadIPPluginJar : add hash
2026-04-29 06:59:39,570 [INFO] IPUIPlugin:80 - create IPUIPlugin
2026-04-29 06:59:39,570 [INFO] PluginManager:220 - loadIPPluginJar : add i2c
2026-04-29 06:59:39,602 [INFO] IPUIPlugin:80 - create IPUIPlugin
2026-04-29 06:59:39,602 [INFO] PluginManager:220 - loadIPPluginJar : add i2s
2026-04-29 06:59:39,636 [INFO] IPUIPlugin:80 - create IPUIPlugin
2026-04-29 06:59:39,637 [INFO] PluginManager:220 - loadIPPluginJar : add i3c
2026-04-29 06:59:39,715 [INFO] IPUIPlugin:80 - create IPUIPlugin
2026-04-29 06:59:39,715 [INFO] PluginManager:220 - loadIPPluginJar : add ipddr
2026-04-29 06:59:39,788 [INFO] IPUIPlugin:80 - create IPUIPlugin
2026-04-29 06:59:39,789 [INFO] PluginManager:220 - loadIPPluginJar : add linkedlist
2026-04-29 06:59:39,818 [INFO] IPUIPlugin:80 - create IPUIPlugin
2026-04-29 06:59:39,819 [INFO] PluginManager:220 - loadIPPluginJar : add lorawan
2026-04-29 06:59:39,848 [INFO] IPUIPlugin:80 - create IPUIPlugin
2026-04-29 06:59:39,849 [INFO] PluginManager:220 - loadIPPluginJar : add ltdc
2026-04-29 06:59:39,861 [INFO] IPUIPlugin:80 - create IPUIPlugin
2026-04-29 06:59:39,861 [INFO] PluginManager:220 - loadIPPluginJar : add mdma
2026-04-29 06:59:39,872 [INFO] IPUIPlugin:80 - create IPUIPlugin
2026-04-29 06:59:39,872 [INFO] PluginManager:220 - loadIPPluginJar : add nvic
2026-04-29 06:59:39,902 [INFO] IPUIPlugin:80 - create IPUIPlugin
2026-04-29 06:59:39,902 [INFO] PluginManager:220 - loadIPPluginJar : add opamp
2026-04-29 06:59:39,956 [INFO] IPUIPlugin:80 - create IPUIPlugin
2026-04-29 06:59:39,956 [INFO] PluginManager:220 - loadIPPluginJar : add openamp
2026-04-29 06:59:39,994 [INFO] IPUIPlugin:80 - create IPUIPlugin
2026-04-29 06:59:39,994 [INFO] PluginManager:220 - loadIPPluginJar : add pdm2pcm
2026-04-29 06:59:40,007 [INFO] IPUIPlugin:80 - create IPUIPlugin
2026-04-29 06:59:40,009 [INFO] PluginManager:220 - loadIPPluginJar : add plateformsettings
2026-04-29 06:59:40,028 [INFO] IPUIPlugin:80 - create IPUIPlugin
2026-04-29 06:59:40,028 [INFO] PluginManager:220 - loadIPPluginJar : add quadspi
2026-04-29 06:59:40,050 [INFO] IPUIPlugin:80 - create IPUIPlugin
2026-04-29 06:59:40,050 [INFO] PluginManager:220 - loadIPPluginJar : add radio
2026-04-29 06:59:40,061 [INFO] IPUIPlugin:80 - create IPUIPlugin
2026-04-29 06:59:40,061 [INFO] PluginManager:220 - loadIPPluginJar : add resmgrutility
2026-04-29 06:59:40,100 [INFO] IPUIPlugin:80 - create IPUIPlugin
2026-04-29 06:59:40,100 [INFO] PluginManager:220 - loadIPPluginJar : add sai
2026-04-29 06:59:40,132 [INFO] IPUIPlugin:80 - create IPUIPlugin
2026-04-29 06:59:40,132 [INFO] PluginManager:220 - loadIPPluginJar : add spi
2026-04-29 06:59:40,193 [INFO] IPUIPlugin:80 - create IPUIPlugin
2026-04-29 06:59:40,193 [INFO] PluginManager:220 - loadIPPluginJar : add stm32_wpan
2026-04-29 06:59:40,214 [INFO] IPUIPlugin:80 - create IPUIPlugin
2026-04-29 06:59:40,214 [INFO] PluginManager:220 - loadIPPluginJar : add tim
2026-04-29 06:59:40,263 [INFO] IPUIPlugin:80 - create IPUIPlugin
2026-04-29 06:59:40,263 [INFO] PluginManager:220 - loadIPPluginJar : add touchsensing
2026-04-29 06:59:40,283 [INFO] IPUIPlugin:80 - create IPUIPlugin
2026-04-29 06:59:40,283 [INFO] PluginManager:220 - loadIPPluginJar : add tracer_emb
2026-04-29 06:59:40,303 [INFO] IPUIPlugin:80 - create IPUIPlugin
2026-04-29 06:59:40,304 [INFO] PluginManager:220 - loadIPPluginJar : add ts
2026-04-29 06:59:40,323 [INFO] IPUIPlugin:80 - create IPUIPlugin
2026-04-29 06:59:40,323 [INFO] PluginManager:220 - loadIPPluginJar : add tsc
2026-04-29 06:59:40,342 [INFO] IPUIPlugin:80 - create IPUIPlugin
2026-04-29 06:59:40,343 [INFO] PluginManager:220 - loadIPPluginJar : add ucpd
2026-04-29 06:59:40,379 [INFO] IPUIPlugin:80 - create IPUIPlugin
2026-04-29 06:59:40,379 [INFO] PluginManager:220 - loadIPPluginJar : add usart
2026-04-29 06:59:40,415 [INFO] IPUIPlugin:80 - create IPUIPlugin
2026-04-29 06:59:40,415 [INFO] PluginManager:220 - loadIPPluginJar : add usbx
2026-04-29 06:59:40,525 [FATAL] Updater:351 - Updater called before beeing initialized
2026-04-29 06:59:40,555 [INFO] RulesReader:64 - Compatibility file has been processed (302 Rules)
2026-04-29 06:59:40,563 [INFO] RulesReader:64 - Compatibility file has been processed (302 Rules)
2026-04-29 06:59:40,572 [INFO] CADModel:165 - CPN selected for project level
2026-04-29 06:59:40,572 [INFO] CADModel:114 - Register for checkConnection events
2026-04-29 06:59:40,572 [FATAL] Updater:351 - Updater called before beeing initialized
2026-04-29 06:59:40,572 [ERROR] CADModel:125 - Updater not yet initialized, retry later 
2026-04-29 06:59:40,685 [FATAL] Updater:351 - Updater called before beeing initialized
2026-04-29 06:59:40,687 [INFO] CADModel:165 - CPN selected for project level
2026-04-29 06:59:40,687 [INFO] CADModel:114 - Register for checkConnection events
2026-04-29 06:59:40,687 [FATAL] Updater:351 - Updater called before beeing initialized
2026-04-29 06:59:40,687 [ERROR] CADModel:125 - Updater not yet initialized, retry later 
2026-04-29 06:59:40,690 [FATAL] Updater:351 - Updater called before beeing initialized
2026-04-29 06:59:40,777 [FATAL] Updater:351 - Updater called before beeing initialized
2026-04-29 06:59:40,786 [INFO] DbMcusAds:53 - JSON generation date=Fri Apr 10 10:19:02 CET 2026 (1775812742310)
2026-04-29 06:59:40,786 [FATAL] Updater:351 - Updater called before beeing initialized
2026-04-29 06:59:40,811 [WARN] DetailPanel:346 - Failed to get advertising image, set to default
2026-04-29 06:59:40,963 [FATAL] Updater:351 - Updater called before beeing initialized
2026-04-29 06:59:40,965 [FATAL] Updater:351 - Updater called before beeing initialized
2026-04-29 06:59:40,965 [FATAL] Updater:351 - Updater called before beeing initialized
2026-04-29 06:59:40,965 [WARN] DetailPanel:346 - Failed to get advertising image, set to default
2026-04-29 06:59:40,966 [FATAL] Updater:351 - Updater called before beeing initialized
2026-04-29 06:59:41,013 [ERROR] Updater:1198 - MainUpdater not yet initialized. External WinMGr cannot be set.
2026-04-29 06:59:41,023 [INFO] Updater:1134 - Updater Version found : 6.14.1
2026-04-29 06:59:41,039 [INFO] ApplicationProperties:184 - Using Application install path: C:\ST\STM32CubeIDE_1.18.1\STM32CubeIDE\plugins\com.st.stm32cube.common.mx_6.14.1.202504091515
2026-04-29 06:59:41,449 [INFO] ThirdPartyUpdaterWithRetryManager:70 - Updater plugin not ready yet. [2/15]
2026-04-29 06:59:42,059 [INFO] MainUpdater:2872 - connection check result : 10
2026-04-29 06:59:42,061 [INFO] MainUpdater:289 - Updater Check For Update Now.
2026-04-29 06:59:42,061 [INFO] MicroXplorer:498 - Change Database Version : DB.6.0.141
2026-04-29 06:59:42,092 [INFO] McuFinderGlobals:63 - Set McuFinder mode to 2 (CubeIDE integrated)
2026-04-29 06:59:42,106 [INFO] UserAuth:484 - Internet connection configuration mode: 1
2026-04-29 06:59:42,145 [INFO] JxBrowserEngine:152 - Initiate JxBrowser Engine with user profile folder
2026-04-29 06:59:42,274 [INFO] CheckServerUpdateThread:120 - End of CheckServer Thread
2026-04-29 06:59:43,767 [INFO] WebApp:169 - Instantiating new browser for Auth
2026-04-29 06:59:44,473 [INFO] WebApp:463 - Apply proxy settings
2026-04-29 06:59:44,473 [INFO] WebApp:548 - Chromium requires no authentication
2026-04-29 06:59:44,489 [INFO] WebApp:491 - Direct internet connection detected
2026-04-29 06:59:44,521 [INFO] WebApp:894 - Register for checkConnection events
2026-04-29 06:59:44,521 [INFO] WebApp:463 - Apply proxy settings
2026-04-29 06:59:44,521 [INFO] WebApp:548 - Chromium requires no authentication
2026-04-29 06:59:44,521 [INFO] WebApp:491 - Direct internet connection detected
2026-04-29 06:59:44,716 [INFO] WebApp:225 - Starting web application
2026-04-29 06:59:44,716 [INFO] WebApp:593 - Web application path used C:\ST\STM32CubeIDE_1.18.1\STM32CubeIDE\plugins\com.st.stm32cube.common.mx_6.14.1.202504091515\db\plugins\mcufinder\reactClient1\index.html
2026-04-29 06:59:44,748 [WARN] PackLoader:240 - Cannot read IP mode file for STMicroelectronics.X-CUBE-AZRTOS-H7.3.5.0
2026-04-29 06:59:44,768 [WARN] PackLoader:240 - Cannot read IP mode file for STMicroelectronics.FP-SNS-MOTENVWB1.1.4.0
2026-04-29 06:59:44,784 [WARN] PackLoader:240 - Cannot read IP mode file for STMicroelectronics.FP-ATR-ASTRA1.2.0.2
2026-04-29 06:59:44,797 [WARN] PackLoader:240 - Cannot read IP mode file for STMicroelectronics.FP-ATR-ASTRA1.2.0.1
2026-04-29 06:59:44,815 [WARN] PackLoader:240 - Cannot read IP mode file for STMicroelectronics.X-CUBE-SMBUS.2.1.0
2026-04-29 06:59:44,829 [WARN] PackLoader:240 - Cannot read IP mode file for STMicroelectronics.X-CUBE-WB05N.1.1.0
2026-04-29 06:59:44,844 [WARN] PackLoader:240 - Cannot read IP mode file for STMicroelectronics.X-CUBE-ST60.1.0.0
2026-04-29 06:59:44,852 [INFO] UserAuth:484 - Internet connection configuration mode: 1
2026-04-29 06:59:44,875 [WARN] PackLoader:240 - Cannot read IP mode file for STMicroelectronics.X-CUBE-AZRTOS-F7.1.1.0
2026-04-29 06:59:44,891 [WARN] PackLoader:240 - Cannot read IP mode file for Cesanta.I-CUBE-Mongoose.7.19.0
2026-04-29 06:59:44,940 [WARN] PackLoader:240 - Cannot read IP mode file for STMicroelectronics.X-CUBE-MEMS1.11.0.0
2026-04-29 06:59:45,001 [ERROR] LogOutputStream:75 - [STDERR_REDIRECT] [Fatal Error] :1:1: Premature end of file.
2026-04-29 06:59:45,002 [ERROR] LogOutputStream:75 - [STDERR_REDIRECT] 
2026-04-29 06:59:45,060 [ERROR] Engine:466 - C:\Users\salem\.stm32cubemx\thirdparties\pdsc\STMicroelectronics.FP-SNS-MOTENV1.5.1.0.pdsc: PDSC version is not supported
2026-04-29 06:59:45,072 [ERROR] Engine:466 - C:\Users\salem\.stm32cubemx\thirdparties\pdsc\WES.I-CUBE-Cesium.1.4.0.pdsc: PDSC version is not supported
2026-04-29 06:59:45,085 [WARN] PackLoader:240 - Cannot read IP mode file for STMicroelectronics.FP-SNS-FLIGHT1.5.0.2
2026-04-29 06:59:45,108 [WARN] PackLoader:240 - Cannot read IP mode file for Infineon.AIROC-Wi-Fi-Bluetooth-STM32.1.7.0
2026-04-29 06:59:45,136 [WARN] PackLoader:240 - Cannot read IP mode file for Infineon.AIROC-Wi-Fi-Bluetooth-STM32.1.7.1
2026-04-29 06:59:45,164 [INFO] WebApp:191 - Connection restablished
2026-04-29 06:59:45,169 [WARN] PackLoader:240 - Cannot read IP mode file for STMicroelectronics.X-CUBE-AZRTOS-H7.3.4.0
2026-04-29 06:59:45,184 [WARN] PackLoader:240 - Cannot read IP mode file for STMicroelectronics.X-CUBE-DISPLAY.3.0.0
2026-04-29 06:59:45,196 [ERROR] Engine:466 - C:\Users\salem\.stm32cubemx\thirdparties\pdsc\STMicroelectronics.FP-SNS-MOTENVWB1.1.5.0.pdsc: PDSC version is not supported
2026-04-29 06:59:45,208 [WARN] PackLoader:240 - Cannot read IP mode file for STMicroelectronics.X-CUBE-BLE1.7.0.0
2026-04-29 06:59:45,220 [WARN] PackLoader:240 - Cannot read IP mode file for STMicroelectronics.X-CUBE-NFC10.1.0.0
2026-04-29 06:59:45,237 [WARN] PackLoader:240 - Cannot read IP mode file for STMicroelectronics.X-CUBE-BLEMGR.4.0.0
2026-04-29 06:59:45,249 [WARN] PackLoader:240 - Cannot read IP mode file for STMicroelectronics.X-CUBE-ST60.1.1.0
2026-04-29 06:59:45,262 [WARN] PackLoader:240 - Cannot read IP mode file for emotas.I-CUBE-CANOPEN.1.3.0
2026-04-29 06:59:45,274 [WARN] PackLoader:240 - Cannot read IP mode file for STMicroelectronics.X-CUBE-GNSS1.7.1.0
2026-04-29 06:59:45,287 [WARN] PackLoader:240 - Cannot read IP mode file for STMicroelectronics.X-CUBE-AI.10.0.0
2026-04-29 06:59:45,298 [ERROR] Engine:466 - C:\Users\salem\.stm32cubemx\thirdparties\pdsc\STMicroelectronics.FP-SNS-STBOX1.2.1.0.pdsc: PDSC version is not supported
2026-04-29 06:59:45,310 [WARN] PackLoader:240 - Cannot read IP mode file for STMicroelectronics.FP-SNS-SMARTAG2.1.2.0
2026-04-29 06:59:45,321 [WARN] PackLoader:240 - Cannot read IP mode file for STMicroelectronics.FP-SNS-FLIGHT1.5.1.0
2026-04-29 06:59:45,352 [WARN] PackLoader:240 - Cannot read IP mode file for STMicroelectronics.X-CUBE-MEMS1.11.1.0
2026-04-29 06:59:45,426 [INFO] LogOutputStream:77 - [STDOUT_REDIRECT] 1 : Invalid condition id : UX_CORESTACK_Condition cause : null
2026-04-29 06:59:45,426 [INFO] LogOutputStream:77 - [STDOUT_REDIRECT] 1 : Invalid condition id : UX_CORESTACK_Condition cause : null
2026-04-29 06:59:45,427 [INFO] LogOutputStream:77 - [STDOUT_REDIRECT] 1 : Invalid condition id : UX_CORESTACK_Condition cause : null
2026-04-29 06:59:45,427 [INFO] LogOutputStream:77 - [STDOUT_REDIRECT] 1 : Invalid condition id : UX_CORESTACK_Condition cause : null
2026-04-29 06:59:45,428 [INFO] LogOutputStream:77 - [STDOUT_REDIRECT] 1 : Invalid condition id : UX_CORESTACK_Condition cause : null
2026-04-29 06:59:45,429 [WARN] PackLoader:240 - Cannot read IP mode file for STMicroelectronics.X-CUBE-AZRTOS-WL.2.0.0
2026-04-29 06:59:45,441 [WARN] PackLoader:240 - Cannot read IP mode file for STMicroelectronics.FP-SNS-MOTENV1.5.0.0
2026-04-29 06:59:45,462 [WARN] PackLoader:240 - Cannot read IP mode file for STMicroelectronics.X-CUBE-AZRTOS-H7RS.1.2.0
2026-04-29 06:59:45,477 [WARN] PackLoader:240 - Cannot read IP mode file for wolfSSL.I-CUBE-wolfMQTT.1.19.0
2026-04-29 06:59:45,491 [WARN] PackLoader:240 - Cannot read IP mode file for WES.I-CUBE-Cesium.1.3.0
2026-04-29 06:59:45,505 [WARN] PackLoader:240 - Cannot read IP mode file for STMicroelectronics.X-CUBE-BLE2.3.3.0
2026-04-29 06:59:45,552 [WARN] PackLoader:240 - Cannot read IP mode file for STMicroelectronics.X-CUBE-NFC9.1.0.0
2026-04-29 06:59:45,564 [WARN] PackLoader:240 - Cannot read IP mode file for wolfSSL.I-CUBE-wolfSSL.5.8.2
2026-04-29 06:59:45,576 [WARN] PackLoader:240 - Cannot read IP mode file for STMicroelectronics.X-CUBE-BLE1.7.1.0
2026-04-29 06:59:45,586 [WARN] PackLoader:240 - Cannot read IP mode file for wolfSSL.I-CUBE-wolfMQTT.1.19.2
2026-04-29 06:59:45,596 [ERROR] Engine:466 - C:\Users\salem\.stm32cubemx\thirdparties\pdsc\STMicroelectronics.X-CUBE-FREERTOS.1.4.0.pdsc: PDSC version is not supported
2026-04-29 06:59:45,607 [WARN] PackLoader:240 - Cannot read IP mode file for STMicroelectronics.X-CUBE-EEPRMA1.5.2.0
2026-04-29 06:59:45,618 [ERROR] Engine:466 - C:\Users\salem\.stm32cubemx\thirdparties\pdsc\STMicroelectronics.X-CUBE-ST67W61.1.1.0.pdsc: PDSC version is not supported
2026-04-29 06:59:45,629 [WARN] PackLoader:240 - Cannot read IP mode file for STMicroelectronics.X-CUBE-AI.10.1.0
2026-04-29 06:59:45,640 [ERROR] Engine:466 - C:\Users\salem\.stm32cubemx\thirdparties\pdsc\STMicroelectronics.FP-SNS-STAIOTCFT.1.1.0.pdsc: PDSC version is not supported
2026-04-29 06:59:45,672 [WARN] PackLoader:240 - Cannot read IP mode file for STMicroelectronics.X-CUBE-MEMS1.12.0.0
2026-04-29 06:59:45,796 [WARN] PackLoader:240 - Cannot read IP mode file for STMicroelectronics.X-CUBE-MEMS1.11.2.0
2026-04-29 06:59:45,887 [WARN] PackLoader:240 - Cannot read IP mode file for STMicroelectronics.X-CUBE-AZRTOS-G0.1.1.0
2026-04-29 06:59:45,903 [WARN] PackLoader:240 - Cannot read IP mode file for STMicroelectronics.X-CUBE-SAFEA1.1.2.2
2026-04-29 06:59:45,917 [WARN] PackLoader:240 - Cannot read IP mode file for STMicroelectronics.X-CUBE-NFC4.3.0.0
2026-04-29 06:59:45,930 [ERROR] LogOutputStream:75 - [STDERR_REDIRECT] [Fatal Error] :1:1: Premature end of file.
2026-04-29 06:59:45,930 [ERROR] LogOutputStream:75 - [STDERR_REDIRECT] 
2026-04-29 06:59:45,935 [WARN] PackLoader:240 - Cannot read IP mode file for EmbeddedOffice.I-CUBE-FS-RTOS.1.0.1
2026-04-29 06:59:45,945 [WARN] PackLoader:240 - Cannot read IP mode file for STMicroelectronics.X-CUBE-WB05N.2.0.0
2026-04-29 06:59:45,955 [WARN] PackLoader:240 - Cannot read IP mode file for wolfSSL.I-CUBE-wolfTPM.3.8.0
2026-04-29 06:59:45,967 [WARN] PackLoader:240 - Cannot read IP mode file for STMicroelectronics.X-CUBE-TCPP.4.2.0
2026-04-29 06:59:45,978 [WARN] PackLoader:240 - Cannot read IP mode file for RealThread.X-CUBE-RT-Thread_Nano.4.1.1
2026-04-29 06:59:45,989 [WARN] PackLoader:240 - Cannot read IP mode file for STMicroelectronics.FP-ATR-SIGFOX1.3.2.0
2026-04-29 06:59:45,999 [WARN] ConditionMgr:438 - getConditionDescription Invalid condition id : Cortex-A Device cause : null
2026-04-29 06:59:46,013 [WARN] ConditionMgr:1044 - genDependencies : Invalid condition id : Cortex-A Device cause : null
2026-04-29 06:59:46,013 [WARN] ConditionMgr:1044 - genDependencies : Invalid condition id : Cortex-A Device cause : null
2026-04-29 06:59:46,013 [WARN] ConditionMgr:1044 - genDependencies : Invalid condition id : Cortex-A Device cause : null
2026-04-29 06:59:46,024 [WARN] PackLoader:240 - Cannot read IP mode file for STMicroelectronics.X-CUBE-EEPRMA1.5.1.0
2026-04-29 06:59:46,035 [ERROR] Engine:466 - C:\Users\salem\.stm32cubemx\thirdparties\pdsc\STMicroelectronics.X-CUBE-FREERTOS.1.5.0.pdsc: PDSC version is not supported
2026-04-29 06:59:46,045 [WARN] PackLoader:240 - Cannot read IP mode file for wolfSSL.I-CUBE-wolfSSL.5.7.4
2026-04-29 06:59:46,055 [WARN] PackLoader:240 - Cannot read IP mode file for wolfSSL.I-CUBE-wolfSSL.5.7.6
2026-04-29 06:59:46,067 [WARN] PackLoader:240 - Cannot read IP mode file for ITTIA_DB.I-CUBE-ITTIADB.8.9.0
2026-04-29 06:59:46,079 [WARN] PackLoader:240 - Cannot read IP mode file for STMicroelectronics.X-CUBE-NFC6.3.2.0
2026-04-29 06:59:46,093 [WARN] PackLoader:240 - Cannot read IP mode file for STMicroelectronics.X-CUBE-ST67W61.1.0.0
2026-04-29 06:59:46,103 [WARN] PackLoader:240 - Cannot read IP mode file for STMicroelectronics.X-CUBE-AI.10.2.0
2026-04-29 06:59:46,125 [WARN] PackLoader:240 - Cannot read IP mode file for SEGGER.I-CUBE-embOS.1.3.1
2026-04-29 06:59:46,152 [WARN] PackLoader:240 - Cannot read IP mode file for STMicroelectronics.X-CUBE-ALGOBUILD.1.4.0
2026-04-29 06:59:46,180 [WARN] PackLoader:240 - Cannot read IP mode file for STMicroelectronics.X-CUBE-MEMS1.11.3.0
2026-04-29 06:59:46,246 [WARN] PackLoader:240 - Cannot read IP mode file for STMicroelectronics.X-CUBE-AI.9.1.0
2026-04-29 06:59:46,258 [WARN] PackLoader:240 - Cannot read IP mode file for STMicroelectronics.X-CUBE-PM33A1.1.0.0
2026-04-29 06:59:46,278 [WARN] PackLoader:240 - Cannot read IP mode file for STMicroelectronics.X-CUBE-AZRTOS-F4.1.1.0
2026-04-29 06:59:46,290 [WARN] PackLoader:240 - Cannot read IP mode file for Avnet-IotConnect.X-CUBE-IoTC-DA16k-PMOD.1.0.0
2026-04-29 06:59:46,301 [WARN] PackLoader:240 - Cannot read IP mode file for STMicroelectronics.X-CUBE-ISPU.2.1.0
2026-04-29 06:59:46,315 [ERROR] Engine:466 - C:\Users\salem\.stm32cubemx\thirdparties\pdsc\STMicroelectronics.X-CUBE-IPS.3.2.0.pdsc: PDSC version is not supported
2026-04-29 06:59:46,330 [WARN] PackLoader:240 - Cannot read IP mode file for STMicroelectronics.eDS-WB_DPC_TT-BIDIR.2.1.1
2026-04-29 06:59:46,345 [WARN] PackLoader:240 - Cannot read IP mode file for STMicroelectronics.X-CUBE-NFC12.1.0.0
2026-04-29 06:59:46,375 [WARN] PackLoader:240 - Cannot read IP mode file for STMicroelectronics.X-CUBE-AZRTOS-L5.2.0.0
2026-04-29 06:59:46,394 [WARN] PackLoader:240 - Cannot read IP mode file for STMicroelectronics.X-CUBE-NFC6.3.1.0
2026-04-29 06:59:46,410 [WARN] PackLoader:240 - Cannot read IP mode file for STMicroelectronics.X-CUBE-DPower.1.2.0
2026-04-29 06:59:46,421 [WARN] PackLoader:240 - Cannot read IP mode file for STMicroelectronics.eDS-WB_DPC_VIENNA.1.2.0
2026-04-29 06:59:46,434 [WARN] PackLoader:240 - Cannot read IP mode file for STMicroelectronics.eDS-WB_DPC_3PH2L-BIDIR.1.1.1
2026-04-29 06:59:46,446 [ERROR] Engine:466 - C:\Users\salem\.stm32cubemx\thirdparties\pdsc\STMicroelectronics.X-CUBE-ST67W61.1.3.0.pdsc: PDSC version is not supported
2026-04-29 06:59:46,457 [WARN] PackLoader:240 - Cannot read IP mode file for STMicroelectronics.X-CUBE-FREERTOS.1.3.1
2026-04-29 06:59:46,468 [WARN] PackLoader:240 - Cannot read IP mode file for STMicroelectronics.X-CUBE-FREERTOS.1.3.0
2026-04-29 06:59:46,479 [WARN] PackLoader:240 - Cannot read IP mode file for STMicroelectronics.X-CUBE-NFC7.1.0.1
2026-04-29 06:59:46,492 [WARN] PackLoader:240 - Cannot read IP mode file for STMicroelectronics.X-CUBE-TOUCHGFX.4.26.0
2026-04-29 06:59:46,503 [WARN] PackLoader:240 - Cannot read IP mode file for STMicroelectronics.X-CUBE-TOUCHGFX.4.26.1
2026-04-29 06:59:46,513 [WARN] PackLoader:240 - Cannot read IP mode file for STMicroelectronics.FP-SNS-STAIOTCFT.1.0.0
2026-04-29 06:59:46,524 [WARN] PackLoader:240 - Cannot read IP mode file for STMicroelectronics.X-CUBE-DPower.1.3.0
2026-04-29 06:59:46,542 [WARN] ConditionMgr:438 - getConditionDescription Invalid condition id : LAN8742 Phy interface Condition cause : null
2026-04-29 06:59:46,543 [WARN] PackLoader:240 - Cannot read IP mode file for STMicroelectronics.X-CUBE-AZRTOS-L4.2.0.0
2026-04-29 06:59:46,543 [WARN] ConditionMgr:1044 - genDependencies : Invalid condition id : LAN8742 Phy interface Condition cause : null
2026-04-29 06:59:46,543 [WARN] ConditionMgr:1044 - genDependencies : Invalid condition id : LAN8742 Phy interface Condition cause : null
2026-04-29 06:59:46,543 [WARN] ConditionMgr:1044 - genDependencies : Invalid condition id : LAN8742 Phy interface Condition cause : null
2026-04-29 06:59:46,555 [WARN] PackLoader:240 - Cannot read IP mode file for STMicroelectronics.X-CUBE-SFXS2LP1.4.0.0
2026-04-29 06:59:46,566 [WARN] PackLoader:240 - Cannot read IP mode file for STMicroelectronics.X-CUBE-WB05N.2.1.0
2026-04-29 06:59:46,576 [ERROR] Engine:466 - C:\Users\salem\.stm32cubemx\thirdparties\pdsc\STMicroelectronics.X-CUBE-ST67W61.1.2.0.pdsc: PDSC version is not supported
2026-04-29 06:59:46,593 [WARN] PackLoader:240 - Cannot read IP mode file for STMicroelectronics.X-CUBE-AZRTOS-H7.3.3.0
2026-04-29 06:59:46,607 [WARN] PackLoader:240 - Cannot read IP mode file for STMicroelectronics.X-CUBE-BLEMGR.4.1.0
2026-04-29 06:59:46,620 [WARN] PackLoader:240 - Cannot read IP mode file for STMicroelectronics.X-CUBE-IPS.3.0.0
2026-04-29 06:59:46,636 [WARN] ConditionMgr:438 - getConditionDescription Invalid condition id : UX DEVICE CLASS RTOS Condition cause : null
2026-04-29 06:59:46,636 [WARN] ConditionMgr:438 - getConditionDescription Invalid condition id : UX DEVICE CLASS RTOS Condition cause : null
2026-04-29 06:59:46,637 [WARN] PackLoader:240 - Cannot read IP mode file for STMicroelectronics.X-CUBE-AZRTOS-WB.2.0.0
2026-04-29 06:59:46,637 [WARN] ConditionMgr:1044 - genDependencies : Invalid condition id : UX DEVICE CLASS RTOS Condition cause : null
2026-04-29 06:59:46,637 [WARN] ConditionMgr:1044 - genDependencies : Invalid condition id : UX DEVICE CLASS RTOS Condition cause : null
2026-04-29 06:59:46,637 [WARN] ConditionMgr:1044 - genDependencies : Invalid condition id : UX DEVICE CLASS RTOS Condition cause : null
2026-04-29 06:59:46,637 [WARN] ConditionMgr:1044 - genDependencies : Invalid condition id : UX DEVICE CLASS RTOS Condition cause : null
2026-04-29 06:59:46,637 [WARN] ConditionMgr:1044 - genDependencies : Invalid condition id : UX DEVICE CLASS RTOS Condition cause : null
2026-04-29 06:59:46,649 [WARN] PackLoader:240 - Cannot read IP mode file for STMicroelectronics.X-CUBE-GNSS1.7.0.0
2026-04-29 06:59:46,660 [WARN] PackLoader:240 - Cannot read IP mode file for STMicroelectronics.X-CUBE-GNSS1.7.0.1
2026-04-29 06:59:46,672 [WARN] PackLoader:240 - Cannot read IP mode file for STMicroelectronics.X-CUBE-TOUCHGFX.4.25.0
2026-04-29 06:59:46,684 [WARN] PackLoader:240 - Cannot read IP mode file for STMicroelectronics.FP-SNS-STBOX1.2.0.0
2026-04-29 06:59:46,694 [WARN] ConditionMgr:438 - getConditionDescription Invalid condition id : Cortex-A Device cause : null
2026-04-29 06:59:46,707 [WARN] ConditionMgr:1044 - genDependencies : Invalid condition id : Cortex-A Device cause : null
2026-04-29 06:59:46,707 [WARN] ConditionMgr:1044 - genDependencies : Invalid condition id : Cortex-A Device cause : null
2026-04-29 06:59:46,707 [WARN] ConditionMgr:1044 - genDependencies : Invalid condition id : Cortex-A Device cause : null
2026-04-29 06:59:46,719 [WARN] PackLoader:240 - Cannot read IP mode file for STMicroelectronics.X-CUBE-STSE01.2.0.0
2026-04-29 06:59:46,734 [WARN] PackLoader:240 - Cannot read IP mode file for STMicroelectronics.X-CUBE-SUBG2.5.0.0
2026-04-29 06:59:46,761 [WARN] PackLoader:240 - Cannot read IP mode file for STMicroelectronics.X-CUBE-AZRTOS-H7RS.1.1.0
2026-04-29 06:59:46,773 [WARN] PackLoader:240 - Cannot read IP mode file for Cesanta.I-CUBE-Mongoose.7.13.0
2026-04-29 06:59:46,790 [WARN] PackLoader:240 - Cannot read IP mode file for STMicroelectronics.X-CUBE-AZRTOS-G4.2.0.0
2026-04-29 06:59:46,802 [WARN] PackLoader:240 - Cannot read IP mode file for wolfSSL.I-CUBE-wolfSSH.1.4.20
2026-04-29 06:59:46,812 [WARN] PackLoader:240 - Cannot read IP mode file for STMicroelectronics.X-CUBE-NFC7.2.0.0
2026-04-29 06:59:46,831 [WARN] PackLoader:240 - Cannot read IP mode file for STMicroelectronics.X-CUBE-IPS.3.1.0
2026-04-29 06:59:46,844 [WARN] PackLoader:240 - Cannot read IP mode file for STMicroelectronics.X-CUBE-ALS.1.0.2
2026-04-29 06:59:46,853 [WARN] PackLoader:240 - Cannot read IP mode file for STMicroelectronics.X-CUBE-TOUCHGFX.4.24.2
2026-04-29 06:59:46,864 [WARN] PackLoader:240 - Cannot read IP mode file for STMicroelectronics.X-CUBE-TOUCHGFX.4.24.1
2026-04-29 06:59:46,875 [WARN] PackLoader:240 - Cannot read IP mode file for STMicroelectronics.X-CUBE-STSE01.1.0.0
2026-04-29 06:59:46,885 [WARN] PackLoader:240 - Cannot read IP mode file for wolfSSL.I-CUBE-wolfTPM.3.4.0
2026-04-29 06:59:46,896 [WARN] PackLoader:240 - Cannot read IP mode file for portGmbH.I-Cube-SoM-uGOAL.1.1.0
2026-04-29 06:59:46,916 [WARN] PackLoader:240 - Cannot read IP mode file for STMicroelectronics.X-CUBE-AZRTOS-H7RS.1.0.0
2026-04-29 06:59:46,928 [ERROR] LogOutputStream:75 - [STDERR_REDIRECT] [Fatal Error] :1:1: Premature end of file.
2026-04-29 06:59:46,928 [ERROR] LogOutputStream:75 - [STDERR_REDIRECT] 
2026-04-29 06:59:46,931 [WARN] PackLoader:240 - Cannot read IP mode file for STMicroelectronics.X-CUBE-TOF1.3.4.2
2026-04-29 06:59:46,949 [WARN] PackLoader:240 - Cannot read IP mode file for STMicroelectronics.X-CUBE-TOF1.3.4.3
2026-04-29 06:59:46,964 [WARN] PackLoader:240 - Cannot read IP mode file for wolfSSL.I-CUBE-wolfSSH.1.4.17
2026-04-29 06:59:46,964 [INFO] ThirdParty:978 - Integrity check success = true
2026-04-29 06:59:46,964 [INFO] IntegrityCheckThread:100 - exiting critical section [integrity check]
2026-04-29 06:59:46,964 [INFO] IntegrityCheckThread:103 - End integrity checks thread
2026-04-29 06:59:47,947 [ERROR] LogOutputStream:75 - [STDERR_REDIRECT] [Fatal Error] :1:1: Premature end of file.
2026-04-29 06:59:47,947 [ERROR] LogOutputStream:75 - [STDERR_REDIRECT] 
2026-04-29 06:59:48,923 [ERROR] LogOutputStream:75 - [STDERR_REDIRECT] [Fatal Error] :1:1: Premature end of file.
2026-04-29 06:59:48,923 [ERROR] LogOutputStream:75 - [STDERR_REDIRECT] 
2026-04-29 06:59:49,943 [ERROR] LogOutputStream:75 - [STDERR_REDIRECT] [Fatal Error] :1:1: Premature end of file.
2026-04-29 06:59:49,944 [ERROR] LogOutputStream:75 - [STDERR_REDIRECT] 
2026-04-29 06:59:50,935 [ERROR] LogOutputStream:75 - [STDERR_REDIRECT] [Fatal Error] :1:1: Premature end of file.
2026-04-29 06:59:50,935 [ERROR] LogOutputStream:75 - [STDERR_REDIRECT] 
2026-04-29 06:59:51,945 [ERROR] LogOutputStream:75 - [STDERR_REDIRECT] [Fatal Error] :1:1: Premature end of file.
2026-04-29 06:59:51,945 [ERROR] LogOutputStream:75 - [STDERR_REDIRECT] 
2026-04-29 06:59:52,942 [ERROR] LogOutputStream:75 - [STDERR_REDIRECT] [Fatal Error] :1:1: Premature end of file.
2026-04-29 06:59:52,942 [ERROR] LogOutputStream:75 - [STDERR_REDIRECT] 
2026-04-29 06:59:53,946 [ERROR] LogOutputStream:75 - [STDERR_REDIRECT] [Fatal Error] :1:1: Premature end of file.
2026-04-29 06:59:53,947 [ERROR] LogOutputStream:75 - [STDERR_REDIRECT] 
2026-04-29 06:59:54,943 [ERROR] LogOutputStream:75 - [STDERR_REDIRECT] [Fatal Error] :1:1: Premature end of file.
2026-04-29 06:59:54,943 [ERROR] LogOutputStream:75 - [STDERR_REDIRECT] 
2026-04-29 06:59:55,941 [ERROR] LogOutputStream:75 - [STDERR_REDIRECT] [Fatal Error] :1:1: Premature end of file.
2026-04-29 06:59:55,942 [ERROR] LogOutputStream:75 - [STDERR_REDIRECT] 
2026-04-29 06:59:56,937 [ERROR] LogOutputStream:75 - [STDERR_REDIRECT] [Fatal Error] :1:1: Premature end of file.
2026-04-29 06:59:56,937 [ERROR] LogOutputStream:75 - [STDERR_REDIRECT] 
2026-04-29 06:59:57,942 [ERROR] LogOutputStream:75 - [STDERR_REDIRECT] [Fatal Error] :1:1: Premature end of file.
2026-04-29 06:59:57,942 [ERROR] LogOutputStream:75 - [STDERR_REDIRECT] 
2026-04-29 06:59:58,949 [ERROR] LogOutputStream:75 - [STDERR_REDIRECT] [Fatal Error] :1:1: Premature end of file.
2026-04-29 06:59:58,950 [ERROR] LogOutputStream:75 - [STDERR_REDIRECT] 
2026-04-29 06:59:59,939 [ERROR] LogOutputStream:75 - [STDERR_REDIRECT] [Fatal Error] :1:1: Premature end of file.
2026-04-29 06:59:59,940 [ERROR] LogOutputStream:75 - [STDERR_REDIRECT] 
2026-04-29 07:00:00,942 [ERROR] LogOutputStream:75 - [STDERR_REDIRECT] [Fatal Error] :1:1: Premature end of file.
2026-04-29 07:00:00,942 [ERROR] LogOutputStream:75 - [STDERR_REDIRECT] 
2026-04-29 07:00:01,947 [ERROR] LogOutputStream:75 - [STDERR_REDIRECT] [Fatal Error] :1:1: Premature end of file.
2026-04-29 07:00:01,948 [ERROR] LogOutputStream:75 - [STDERR_REDIRECT] 
2026-04-29 07:00:02,939 [ERROR] LogOutputStream:75 - [STDERR_REDIRECT] [Fatal Error] :1:1: Premature end of file.
2026-04-29 07:00:02,939 [ERROR] LogOutputStream:75 - [STDERR_REDIRECT] 
2026-04-29 07:00:03,936 [ERROR] LogOutputStream:75 - [STDERR_REDIRECT] [Fatal Error] :1:1: Premature end of file.
2026-04-29 07:00:03,937 [ERROR] LogOutputStream:75 - [STDERR_REDIRECT] 
2026-04-29 07:00:04,941 [ERROR] LogOutputStream:75 - [STDERR_REDIRECT] [Fatal Error] :1:1: Premature end of file.
2026-04-29 07:00:04,941 [ERROR] LogOutputStream:75 - [STDERR_REDIRECT] 
2026-04-29 07:00:05,944 [ERROR] LogOutputStream:75 - [STDERR_REDIRECT] [Fatal Error] :1:1: Premature end of file.
2026-04-29 07:00:05,944 [ERROR] LogOutputStream:75 - [STDERR_REDIRECT] 
2026-04-29 07:00:06,945 [ERROR] LogOutputStream:75 - [STDERR_REDIRECT] [Fatal Error] :1:1: Premature end of file.
2026-04-29 07:00:06,945 [ERROR] LogOutputStream:75 - [STDERR_REDIRECT] 
2026-04-29 07:00:07,938 [ERROR] LogOutputStream:75 - [STDERR_REDIRECT] [Fatal Error] :1:1: Premature end of file.
2026-04-29 07:00:07,939 [ERROR] LogOutputStream:75 - [STDERR_REDIRECT] 
2026-04-29 07:00:08,940 [ERROR] LogOutputStream:75 - [STDERR_REDIRECT] [Fatal Error] :1:1: Premature end of file.
2026-04-29 07:00:08,940 [ERROR] LogOutputStream:75 - [STDERR_REDIRECT] 
2026-04-29 07:00:09,936 [ERROR] LogOutputStream:75 - [STDERR_REDIRECT] [Fatal Error] :1:1: Premature end of file.
2026-04-29 07:00:09,937 [ERROR] LogOutputStream:75 - [STDERR_REDIRECT] 
2026-04-29 07:00:10,941 [ERROR] LogOutputStream:75 - [STDERR_REDIRECT] [Fatal Error] :1:1: Premature end of file.
2026-04-29 07:00:10,941 [ERROR] LogOutputStream:75 - [STDERR_REDIRECT] 
2026-04-29 07:00:11,930 [ERROR] LogOutputStream:75 - [STDERR_REDIRECT] [Fatal Error] :1:1: Premature end of file.
2026-04-29 07:00:11,930 [ERROR] LogOutputStream:75 - [STDERR_REDIRECT] 
2026-04-29 07:00:12,930 [ERROR] LogOutputStream:75 - [STDERR_REDIRECT] [Fatal Error] :1:1: Premature end of file.
2026-04-29 07:00:12,930 [ERROR] LogOutputStream:75 - [STDERR_REDIRECT] 
2026-04-29 07:00:13,935 [ERROR] LogOutputStream:75 - [STDERR_REDIRECT] [Fatal Error] :1:1: Premature end of file.
2026-04-29 07:00:13,935 [ERROR] LogOutputStream:75 - [STDERR_REDIRECT] 
2026-04-29 07:00:14,939 [ERROR] LogOutputStream:75 - [STDERR_REDIRECT] [Fatal Error] :1:1: Premature end of file.
2026-04-29 07:00:14,939 [ERROR] LogOutputStream:75 - [STDERR_REDIRECT] 
2026-04-29 07:00:15,936 [ERROR] LogOutputStream:75 - [STDERR_REDIRECT] [Fatal Error] :1:1: Premature end of file.
2026-04-29 07:00:15,936 [ERROR] LogOutputStream:75 - [STDERR_REDIRECT] 
2026-04-29 07:00:16,945 [ERROR] LogOutputStream:75 - [STDERR_REDIRECT] [Fatal Error] :1:1: Premature end of file.
2026-04-29 07:00:16,945 [ERROR] LogOutputStream:75 - [STDERR_REDIRECT] 
2026-04-29 07:00:17,938 [ERROR] LogOutputStream:75 - [STDERR_REDIRECT] [Fatal Error] :1:1: Premature end of file.
2026-04-29 07:00:17,939 [ERROR] LogOutputStream:75 - [STDERR_REDIRECT] 
2026-04-29 07:00:18,945 [ERROR] LogOutputStream:75 - [STDERR_REDIRECT] [Fatal Error] :1:1: Premature end of file.
2026-04-29 07:00:18,945 [ERROR] LogOutputStream:75 - [STDERR_REDIRECT] 
2026-04-29 07:00:19,939 [ERROR] LogOutputStream:75 - [STDERR_REDIRECT] [Fatal Error] :1:1: Premature end of file.
2026-04-29 07:00:19,940 [ERROR] LogOutputStream:75 - [STDERR_REDIRECT] 
2026-04-29 07:00:20,939 [ERROR] LogOutputStream:75 - [STDERR_REDIRECT] [Fatal Error] :1:1: Premature end of file.
2026-04-29 07:00:20,939 [ERROR] LogOutputStream:75 - [STDERR_REDIRECT] 
2026-04-29 07:00:21,941 [ERROR] LogOutputStream:75 - [STDERR_REDIRECT] [Fatal Error] :1:1: Premature end of file.
2026-04-29 07:00:21,941 [ERROR] LogOutputStream:75 - [STDERR_REDIRECT] 
2026-04-29 07:00:22,932 [ERROR] LogOutputStream:75 - [STDERR_REDIRECT] [Fatal Error] :1:1: Premature end of file.
2026-04-29 07:00:22,932 [ERROR] LogOutputStream:75 - [STDERR_REDIRECT] 
2026-04-29 07:00:23,941 [ERROR] LogOutputStream:75 - [STDERR_REDIRECT] [Fatal Error] :1:1: Premature end of file.
2026-04-29 07:00:23,942 [ERROR] LogOutputStream:75 - [STDERR_REDIRECT] 
2026-04-29 07:00:24,938 [ERROR] LogOutputStream:75 - [STDERR_REDIRECT] [Fatal Error] :1:1: Premature end of file.
2026-04-29 07:00:24,938 [ERROR] LogOutputStream:75 - [STDERR_REDIRECT] 
2026-04-29 07:00:25,935 [ERROR] LogOutputStream:75 - [STDERR_REDIRECT] [Fatal Error] :1:1: Premature end of file.
2026-04-29 07:00:25,936 [ERROR] LogOutputStream:75 - [STDERR_REDIRECT] 
2026-04-29 07:00:26,945 [ERROR] LogOutputStream:75 - [STDERR_REDIRECT] [Fatal Error] :1:1: Premature end of file.
2026-04-29 07:00:26,945 [ERROR] LogOutputStream:75 - [STDERR_REDIRECT] 
2026-04-29 07:00:27,937 [ERROR] LogOutputStream:75 - [STDERR_REDIRECT] [Fatal Error] :1:1: Premature end of file.
2026-04-29 07:00:27,937 [ERROR] LogOutputStream:75 - [STDERR_REDIRECT] 
2026-04-29 07:00:28,935 [ERROR] LogOutputStream:75 - [STDERR_REDIRECT] [Fatal Error] :1:1: Premature end of file.
2026-04-29 07:00:28,935 [ERROR] LogOutputStream:75 - [STDERR_REDIRECT] 
2026-04-29 07:00:29,938 [ERROR] LogOutputStream:75 - [STDERR_REDIRECT] [Fatal Error] :1:1: Premature end of file.
2026-04-29 07:00:29,938 [ERROR] LogOutputStream:75 - [STDERR_REDIRECT] 
2026-04-29 07:00:30,943 [ERROR] LogOutputStream:75 - [STDERR_REDIRECT] [Fatal Error] :1:1: Premature end of file.
2026-04-29 07:00:30,943 [ERROR] LogOutputStream:75 - [STDERR_REDIRECT] 
2026-04-29 07:00:31,941 [ERROR] LogOutputStream:75 - [STDERR_REDIRECT] [Fatal Error] :1:1: Premature end of file.
2026-04-29 07:00:31,941 [ERROR] LogOutputStream:75 - [STDERR_REDIRECT] 
2026-04-29 07:00:32,922 [ERROR] LogOutputStream:75 - [STDERR_REDIRECT] [Fatal Error] :1:1: Premature end of file.
2026-04-29 07:00:32,922 [ERROR] LogOutputStream:75 - [STDERR_REDIRECT] 
2026-04-29 07:00:33,941 [ERROR] LogOutputStream:75 - [STDERR_REDIRECT] [Fatal Error] :1:1: Premature end of file.
2026-04-29 07:00:33,941 [ERROR] LogOutputStream:75 - [STDERR_REDIRECT] 
2026-04-29 07:00:34,933 [ERROR] LogOutputStream:75 - [STDERR_REDIRECT] [Fatal Error] :1:1: Premature end of file.
2026-04-29 07:00:34,933 [ERROR] LogOutputStream:75 - [STDERR_REDIRECT] 
2026-04-29 07:00:35,936 [ERROR] LogOutputStream:75 - [STDERR_REDIRECT] [Fatal Error] :1:1: Premature end of file.
2026-04-29 07:00:35,936 [ERROR] LogOutputStream:75 - [STDERR_REDIRECT] 
2026-04-29 07:00:36,943 [ERROR] LogOutputStream:75 - [STDERR_REDIRECT] [Fatal Error] :1:1: Premature end of file.
2026-04-29 07:00:36,943 [ERROR] LogOutputStream:75 - [STDERR_REDIRECT] 
2026-04-29 07:00:37,932 [ERROR] LogOutputStream:75 - [STDERR_REDIRECT] [Fatal Error] :1:1: Premature end of file.
2026-04-29 07:00:37,933 [ERROR] LogOutputStream:75 - [STDERR_REDIRECT] 
2026-04-29 07:00:38,936 [ERROR] LogOutputStream:75 - [STDERR_REDIRECT] [Fatal Error] :1:1: Premature end of file.
2026-04-29 07:00:38,936 [ERROR] LogOutputStream:75 - [STDERR_REDIRECT] 
2026-04-29 07:00:39,929 [ERROR] LogOutputStream:75 - [STDERR_REDIRECT] [Fatal Error] :1:1: Premature end of file.
2026-04-29 07:00:39,930 [ERROR] LogOutputStream:75 - [STDERR_REDIRECT] 
2026-04-29 07:00:40,934 [ERROR] LogOutputStream:75 - [STDERR_REDIRECT] [Fatal Error] :1:1: Premature end of file.
2026-04-29 07:00:40,934 [ERROR] LogOutputStream:75 - [STDERR_REDIRECT] 
2026-04-29 07:00:41,943 [ERROR] LogOutputStream:75 - [STDERR_REDIRECT] [Fatal Error] :1:1: Premature end of file.
2026-04-29 07:00:41,943 [ERROR] LogOutputStream:75 - [STDERR_REDIRECT] 
2026-04-29 07:00:42,932 [ERROR] LogOutputStream:75 - [STDERR_REDIRECT] [Fatal Error] :1:1: Premature end of file.
2026-04-29 07:00:42,932 [ERROR] LogOutputStream:75 - [STDERR_REDIRECT] 
2026-04-29 07:00:43,922 [ERROR] LogOutputStream:75 - [STDERR_REDIRECT] [Fatal Error] :1:1: Premature end of file.
2026-04-29 07:00:43,922 [ERROR] LogOutputStream:75 - [STDERR_REDIRECT] 
2026-04-29 07:00:44,937 [ERROR] LogOutputStream:75 - [STDERR_REDIRECT] [Fatal Error] :1:1: Premature end of file.
2026-04-29 07:00:44,937 [ERROR] LogOutputStream:75 - [STDERR_REDIRECT] 
2026-04-29 07:00:45,944 [ERROR] LogOutputStream:75 - [STDERR_REDIRECT] [Fatal Error] :1:1: Premature end of file.
2026-04-29 07:00:45,944 [ERROR] LogOutputStream:75 - [STDERR_REDIRECT] 
2026-04-29 07:00:46,924 [ERROR] LogOutputStream:75 - [STDERR_REDIRECT] [Fatal Error] :1:1: Premature end of file.
2026-04-29 07:00:46,924 [ERROR] LogOutputStream:75 - [STDERR_REDIRECT] 
2026-04-29 07:00:47,926 [ERROR] LogOutputStream:75 - [STDERR_REDIRECT] [Fatal Error] :1:1: Premature end of file.
2026-04-29 07:00:47,927 [ERROR] LogOutputStream:75 - [STDERR_REDIRECT] 
2026-04-29 07:00:49,008 [ERROR] LogOutputStream:75 - [STDERR_REDIRECT] [Fatal Error] :1:1: Premature end of file.
2026-04-29 07:00:49,009 [ERROR] LogOutputStream:75 - [STDERR_REDIRECT] 
2026-04-29 07:00:49,946 [ERROR] LogOutputStream:75 - [STDERR_REDIRECT] [Fatal Error] :1:1: Premature end of file.
2026-04-29 07:00:49,946 [ERROR] LogOutputStream:75 - [STDERR_REDIRECT] 
2026-04-29 07:00:50,950 [ERROR] LogOutputStream:75 - [STDERR_REDIRECT] [Fatal Error] :1:1: Premature end of file.
2026-04-29 07:00:50,950 [ERROR] LogOutputStream:75 - [STDERR_REDIRECT] 
2026-04-29 07:00:51,935 [ERROR] LogOutputStream:75 - [STDERR_REDIRECT] [Fatal Error] :1:1: Premature end of file.
2026-04-29 07:00:51,936 [ERROR] LogOutputStream:75 - [STDERR_REDIRECT] 
2026-04-29 07:00:52,969 [ERROR] LogOutputStream:75 - [STDERR_REDIRECT] [Fatal Error] :1:1: Premature end of file.
2026-04-29 07:00:52,969 [ERROR] LogOutputStream:75 - [STDERR_REDIRECT] 
2026-04-29 07:00:53,956 [ERROR] LogOutputStream:75 - [STDERR_REDIRECT] [Fatal Error] :1:1: Premature end of file.
2026-04-29 07:00:53,956 [ERROR] LogOutputStream:75 - [STDERR_REDIRECT] 
2026-04-29 07:00:54,933 [ERROR] LogOutputStream:75 - [STDERR_REDIRECT] [Fatal Error] :1:1: Premature end of file.
2026-04-29 07:00:54,933 [ERROR] LogOutputStream:75 - [STDERR_REDIRECT] 
2026-04-29 07:00:55,952 [ERROR] LogOutputStream:75 - [STDERR_REDIRECT] [Fatal Error] :1:1: Premature end of file.
2026-04-29 07:00:55,953 [ERROR] LogOutputStream:75 - [STDERR_REDIRECT] 
2026-04-29 07:00:56,961 [ERROR] LogOutputStream:75 - [STDERR_REDIRECT] [Fatal Error] :1:1: Premature end of file.
2026-04-29 07:00:56,961 [ERROR] LogOutputStream:75 - [STDERR_REDIRECT] 
2026-04-29 07:00:57,934 [ERROR] LogOutputStream:75 - [STDERR_REDIRECT] [Fatal Error] :1:1: Premature end of file.
2026-04-29 07:00:57,944 [ERROR] LogOutputStream:75 - [STDERR_REDIRECT] 
2026-04-29 07:00:58,938 [ERROR] LogOutputStream:75 - [STDERR_REDIRECT] [Fatal Error] :1:1: Premature end of file.
2026-04-29 07:00:58,938 [ERROR] LogOutputStream:75 - [STDERR_REDIRECT] 
2026-04-29 07:00:59,941 [ERROR] LogOutputStream:75 - [STDERR_REDIRECT] [Fatal Error] :1:1: Premature end of file.
2026-04-29 07:00:59,941 [ERROR] LogOutputStream:75 - [STDERR_REDIRECT] 
2026-04-29 07:01:00,981 [ERROR] LogOutputStream:75 - [STDERR_REDIRECT] [Fatal Error] :1:1: Premature end of file.
2026-04-29 07:01:00,981 [ERROR] LogOutputStream:75 - [STDERR_REDIRECT] 
2026-04-29 07:01:01,944 [ERROR] LogOutputStream:75 - [STDERR_REDIRECT] [Fatal Error] :1:1: Premature end of file.
2026-04-29 07:01:01,945 [ERROR] LogOutputStream:75 - [STDERR_REDIRECT] 
2026-04-29 07:01:02,929 [ERROR] LogOutputStream:75 - [STDERR_REDIRECT] [Fatal Error] :1:1: Premature end of file.
2026-04-29 07:01:02,931 [ERROR] LogOutputStream:75 - [STDERR_REDIRECT] 
2026-04-29 07:01:03,963 [ERROR] LogOutputStream:75 - [STDERR_REDIRECT] [Fatal Error] :1:1: Premature end of file.
2026-04-29 07:01:03,963 [ERROR] LogOutputStream:75 - [STDERR_REDIRECT] 
2026-04-29 07:01:04,971 [ERROR] LogOutputStream:75 - [STDERR_REDIRECT] [Fatal Error] :1:1: Premature end of file.
2026-04-29 07:01:04,976 [ERROR] LogOutputStream:75 - [STDERR_REDIRECT] 
2026-04-29 07:01:05,935 [ERROR] LogOutputStream:75 - [STDERR_REDIRECT] [Fatal Error] :1:1: Premature end of file.
2026-04-29 07:01:05,935 [ERROR] LogOutputStream:75 - [STDERR_REDIRECT] 
2026-04-29 07:01:06,952 [ERROR] LogOutputStream:75 - [STDERR_REDIRECT] [Fatal Error] :1:1: Premature end of file.
2026-04-29 07:01:06,952 [ERROR] LogOutputStream:75 - [STDERR_REDIRECT] 
2026-04-29 07:01:07,957 [ERROR] LogOutputStream:75 - [STDERR_REDIRECT] [Fatal Error] :1:1: Premature end of file.
2026-04-29 07:01:07,957 [ERROR] LogOutputStream:75 - [STDERR_REDIRECT] 
2026-04-29 07:01:08,931 [ERROR] LogOutputStream:75 - [STDERR_REDIRECT] [Fatal Error] :1:1: Premature end of file.
2026-04-29 07:01:08,931 [ERROR] LogOutputStream:75 - [STDERR_REDIRECT] 
2026-04-29 07:01:10,243 [ERROR] LogOutputStream:75 - [STDERR_REDIRECT] [Fatal Error] :1:1: Premature end of file.
2026-04-29 07:01:10,243 [ERROR] LogOutputStream:75 - [STDERR_REDIRECT] 
2026-04-29 07:01:10,978 [ERROR] LogOutputStream:75 - [STDERR_REDIRECT] [Fatal Error] :1:1: Premature end of file.
2026-04-29 07:01:10,978 [ERROR] LogOutputStream:75 - [STDERR_REDIRECT] 
2026-04-29 07:01:11,953 [ERROR] LogOutputStream:75 - [STDERR_REDIRECT] [Fatal Error] :1:1: Premature end of file.
2026-04-29 07:01:11,955 [ERROR] LogOutputStream:75 - [STDERR_REDIRECT] 
2026-04-29 07:01:12,948 [ERROR] LogOutputStream:75 - [STDERR_REDIRECT] [Fatal Error] :1:1: Premature end of file.
2026-04-29 07:01:12,949 [ERROR] LogOutputStream:75 - [STDERR_REDIRECT] 
2026-04-29 07:01:13,956 [ERROR] LogOutputStream:75 - [STDERR_REDIRECT] [Fatal Error] :1:1: Premature end of file.
2026-04-29 07:01:13,956 [ERROR] LogOutputStream:75 - [STDERR_REDIRECT] 
2026-04-29 07:01:14,948 [ERROR] LogOutputStream:75 - [STDERR_REDIRECT] [Fatal Error] :1:1: Premature end of file.
2026-04-29 07:01:14,950 [ERROR] LogOutputStream:75 - [STDERR_REDIRECT] 
2026-04-29 07:01:15,954 [ERROR] LogOutputStream:75 - [STDERR_REDIRECT] [Fatal Error] :1:1: Premature end of file.
2026-04-29 07:01:15,956 [ERROR] LogOutputStream:75 - [STDERR_REDIRECT] 
2026-04-29 07:01:16,950 [ERROR] LogOutputStream:75 - [STDERR_REDIRECT] [Fatal Error] :1:1: Premature end of file.
2026-04-29 07:01:16,951 [ERROR] LogOutputStream:75 - [STDERR_REDIRECT] 
2026-04-29 07:01:17,978 [ERROR] LogOutputStream:75 - [STDERR_REDIRECT] [Fatal Error] :1:1: Premature end of file.
2026-04-29 07:01:17,978 [ERROR] LogOutputStream:75 - [STDERR_REDIRECT] 
2026-04-29 07:01:18,942 [ERROR] LogOutputStream:75 - [STDERR_REDIRECT] [Fatal Error] :1:1: Premature end of file.
2026-04-29 07:01:18,943 [ERROR] LogOutputStream:75 - [STDERR_REDIRECT] 
2026-04-29 07:01:19,950 [ERROR] LogOutputStream:75 - [STDERR_REDIRECT] [Fatal Error] :1:1: Premature end of file.
2026-04-29 07:01:19,950 [ERROR] LogOutputStream:75 - [STDERR_REDIRECT] 
2026-04-29 07:01:20,966 [ERROR] LogOutputStream:75 - [STDERR_REDIRECT] [Fatal Error] :1:1: Premature end of file.
2026-04-29 07:01:20,966 [ERROR] LogOutputStream:75 - [STDERR_REDIRECT] 
2026-04-29 07:01:21,937 [ERROR] LogOutputStream:75 - [STDERR_REDIRECT] [Fatal Error] :1:1: Premature end of file.
2026-04-29 07:01:21,937 [ERROR] LogOutputStream:75 - [STDERR_REDIRECT] 
2026-04-29 07:01:22,963 [ERROR] LogOutputStream:75 - [STDERR_REDIRECT] [Fatal Error] :1:1: Premature end of file.
2026-04-29 07:01:22,963 [ERROR] LogOutputStream:75 - [STDERR_REDIRECT] 
2026-04-29 07:01:23,933 [ERROR] LogOutputStream:75 - [STDERR_REDIRECT] [Fatal Error] :1:1: Premature end of file.
2026-04-29 07:01:23,933 [ERROR] LogOutputStream:75 - [STDERR_REDIRECT] 
2026-04-29 07:01:24,953 [ERROR] LogOutputStream:75 - [STDERR_REDIRECT] [Fatal Error] :1:1: Premature end of file.
2026-04-29 07:01:24,953 [ERROR] LogOutputStream:75 - [STDERR_REDIRECT] 
2026-04-29 07:01:25,945 [ERROR] LogOutputStream:75 - [STDERR_REDIRECT] [Fatal Error] :1:1: Premature end of file.
2026-04-29 07:01:25,945 [ERROR] LogOutputStream:75 - [STDERR_REDIRECT] 
2026-04-29 07:01:26,954 [ERROR] LogOutputStream:75 - [STDERR_REDIRECT] [Fatal Error] :1:1: Premature end of file.
2026-04-29 07:01:26,956 [ERROR] LogOutputStream:75 - [STDERR_REDIRECT] 
2026-04-29 07:01:27,961 [ERROR] LogOutputStream:75 - [STDERR_REDIRECT] [Fatal Error] :1:1: Premature end of file.
2026-04-29 07:01:27,963 [ERROR] LogOutputStream:75 - [STDERR_REDIRECT] 
2026-04-29 07:01:28,957 [ERROR] LogOutputStream:75 - [STDERR_REDIRECT] [Fatal Error] :1:1: Premature end of file.
2026-04-29 07:01:28,957 [ERROR] LogOutputStream:75 - [STDERR_REDIRECT] 
2026-04-29 07:01:29,960 [ERROR] LogOutputStream:75 - [STDERR_REDIRECT] [Fatal Error] :1:1: Premature end of file.
2026-04-29 07:01:29,961 [ERROR] LogOutputStream:75 - [STDERR_REDIRECT] 
2026-04-29 07:01:30,970 [ERROR] LogOutputStream:75 - [STDERR_REDIRECT] [Fatal Error] :1:1: Premature end of file.
2026-04-29 07:01:30,970 [ERROR] LogOutputStream:75 - [STDERR_REDIRECT] 
2026-04-29 07:01:31,947 [ERROR] LogOutputStream:75 - [STDERR_REDIRECT] [Fatal Error] :1:1: Premature end of file.
2026-04-29 07:01:31,947 [ERROR] LogOutputStream:75 - [STDERR_REDIRECT] 
2026-04-29 07:01:32,967 [ERROR] LogOutputStream:75 - [STDERR_REDIRECT] [Fatal Error] :1:1: Premature end of file.
2026-04-29 07:01:32,969 [ERROR] LogOutputStream:75 - [STDERR_REDIRECT] 
2026-04-29 07:01:33,962 [ERROR] LogOutputStream:75 - [STDERR_REDIRECT] [Fatal Error] :1:1: Premature end of file.
2026-04-29 07:01:33,962 [ERROR] LogOutputStream:75 - [STDERR_REDIRECT] 
2026-04-29 07:01:34,975 [ERROR] LogOutputStream:75 - [STDERR_REDIRECT] [Fatal Error] :1:1: Premature end of file.
2026-04-29 07:01:34,976 [ERROR] LogOutputStream:75 - [STDERR_REDIRECT] 
2026-04-29 07:01:35,995 [ERROR] LogOutputStream:75 - [STDERR_REDIRECT] [Fatal Error] :1:1: Premature end of file.
2026-04-29 07:01:35,997 [ERROR] LogOutputStream:75 - [STDERR_REDIRECT] 
2026-04-29 07:01:36,961 [ERROR] LogOutputStream:75 - [STDERR_REDIRECT] [Fatal Error] :1:1: Premature end of file.
2026-04-29 07:01:36,961 [ERROR] LogOutputStream:75 - [STDERR_REDIRECT] 
2026-04-29 07:01:37,953 [ERROR] LogOutputStream:75 - [STDERR_REDIRECT] [Fatal Error] :1:1: Premature end of file.
2026-04-29 07:01:37,953 [ERROR] LogOutputStream:75 - [STDERR_REDIRECT] 
2026-04-29 07:01:38,961 [ERROR] LogOutputStream:75 - [STDERR_REDIRECT] [Fatal Error] :1:1: Premature end of file.
2026-04-29 07:01:38,962 [ERROR] LogOutputStream:75 - [STDERR_REDIRECT] 
2026-04-29 07:01:39,960 [ERROR] LogOutputStream:75 - [STDERR_REDIRECT] [Fatal Error] :1:1: Premature end of file.
2026-04-29 07:01:39,960 [ERROR] LogOutputStream:75 - [STDERR_REDIRECT] 
2026-04-29 07:01:40,948 [ERROR] LogOutputStream:75 - [STDERR_REDIRECT] [Fatal Error] :1:1: Premature end of file.
2026-04-29 07:01:40,948 [ERROR] LogOutputStream:75 - [STDERR_REDIRECT] 
2026-04-29 07:01:41,948 [ERROR] LogOutputStream:75 - [STDERR_REDIRECT] [Fatal Error] :1:1: Premature end of file.
2026-04-29 07:01:41,950 [ERROR] LogOutputStream:75 - [STDERR_REDIRECT] 
2026-04-29 07:01:42,969 [ERROR] LogOutputStream:75 - [STDERR_REDIRECT] [Fatal Error] :1:1: Premature end of file.
2026-04-29 07:01:42,969 [ERROR] LogOutputStream:75 - [STDERR_REDIRECT] 
2026-04-29 07:01:43,947 [ERROR] LogOutputStream:75 - [STDERR_REDIRECT] [Fatal Error] :1:1: Premature end of file.
2026-04-29 07:01:43,948 [ERROR] LogOutputStream:75 - [STDERR_REDIRECT] 
2026-04-29 07:01:44,957 [ERROR] LogOutputStream:75 - [STDERR_REDIRECT] [Fatal Error] :1:1: Premature end of file.
2026-04-29 07:01:44,957 [ERROR] LogOutputStream:75 - [STDERR_REDIRECT] 
2026-04-29 07:01:45,927 [ERROR] LogOutputStream:75 - [STDERR_REDIRECT] [Fatal Error] :1:1: Premature end of file.
2026-04-29 07:01:45,927 [ERROR] LogOutputStream:75 - [STDERR_REDIRECT] 
2026-04-29 07:01:46,924 [ERROR] LogOutputStream:75 - [STDERR_REDIRECT] [Fatal Error] :1:1: Premature end of file.
2026-04-29 07:01:46,924 [ERROR] LogOutputStream:75 - [STDERR_REDIRECT] 
2026-04-29 07:01:47,958 [ERROR] LogOutputStream:75 - [STDERR_REDIRECT] [Fatal Error] :1:1: Premature end of file.
2026-04-29 07:01:47,958 [ERROR] LogOutputStream:75 - [STDERR_REDIRECT] 
2026-04-29 07:01:48,933 [ERROR] LogOutputStream:75 - [STDERR_REDIRECT] [Fatal Error] :1:1: Premature end of file.
2026-04-29 07:01:48,933 [ERROR] LogOutputStream:75 - [STDERR_REDIRECT] 
2026-04-29 07:01:49,959 [ERROR] LogOutputStream:75 - [STDERR_REDIRECT] [Fatal Error] :1:1: Premature end of file.
2026-04-29 07:01:49,959 [ERROR] LogOutputStream:75 - [STDERR_REDIRECT] 
2026-04-29 07:01:50,981 [ERROR] LogOutputStream:75 - [STDERR_REDIRECT] [Fatal Error] :1:1: Premature end of file.
2026-04-29 07:01:50,983 [ERROR] LogOutputStream:75 - [STDERR_REDIRECT] 
2026-04-29 07:01:51,965 [ERROR] LogOutputStream:75 - [STDERR_REDIRECT] [Fatal Error] :1:1: Premature end of file.
2026-04-29 07:01:51,965 [ERROR] LogOutputStream:75 - [STDERR_REDIRECT] 
2026-04-29 07:01:52,949 [ERROR] LogOutputStream:75 - [STDERR_REDIRECT] [Fatal Error] :1:1: Premature end of file.
2026-04-29 07:01:52,949 [ERROR] LogOutputStream:75 - [STDERR_REDIRECT] 
2026-04-29 07:01:53,959 [ERROR] LogOutputStream:75 - [STDERR_REDIRECT] [Fatal Error] :1:1: Premature end of file.
2026-04-29 07:01:53,959 [ERROR] LogOutputStream:75 - [STDERR_REDIRECT] 
2026-04-29 07:01:54,936 [ERROR] LogOutputStream:75 - [STDERR_REDIRECT] [Fatal Error] :1:1: Premature end of file.
2026-04-29 07:01:54,936 [ERROR] LogOutputStream:75 - [STDERR_REDIRECT] 
2026-04-29 07:01:55,933 [ERROR] LogOutputStream:75 - [STDERR_REDIRECT] [Fatal Error] :1:1: Premature end of file.
2026-04-29 07:01:55,933 [ERROR] LogOutputStream:75 - [STDERR_REDIRECT] 
2026-04-29 07:01:56,950 [ERROR] LogOutputStream:75 - [STDERR_REDIRECT] [Fatal Error] :1:1: Premature end of file.
2026-04-29 07:01:56,950 [ERROR] LogOutputStream:75 - [STDERR_REDIRECT] 
2026-04-29 07:01:57,953 [ERROR] LogOutputStream:75 - [STDERR_REDIRECT] [Fatal Error] :1:1: Premature end of file.
2026-04-29 07:01:57,953 [ERROR] LogOutputStream:75 - [STDERR_REDIRECT] 
2026-04-29 07:01:58,941 [ERROR] LogOutputStream:75 - [STDERR_REDIRECT] [Fatal Error] :1:1: Premature end of file.
2026-04-29 07:01:58,941 [ERROR] LogOutputStream:75 - [STDERR_REDIRECT] 
2026-04-29 07:01:59,961 [ERROR] LogOutputStream:75 - [STDERR_REDIRECT] [Fatal Error] :1:1: Premature end of file.
2026-04-29 07:01:59,961 [ERROR] LogOutputStream:75 - [STDERR_REDIRECT] 
2026-04-29 07:02:00,955 [ERROR] LogOutputStream:75 - [STDERR_REDIRECT] [Fatal Error] :1:1: Premature end of file.
2026-04-29 07:02:00,955 [ERROR] LogOutputStream:75 - [STDERR_REDIRECT] 
2026-04-29 07:02:01,958 [ERROR] LogOutputStream:75 - [STDERR_REDIRECT] [Fatal Error] :1:1: Premature end of file.
2026-04-29 07:02:01,958 [ERROR] LogOutputStream:75 - [STDERR_REDIRECT] 
2026-04-29 07:02:02,957 [ERROR] LogOutputStream:75 - [STDERR_REDIRECT] [Fatal Error] :1:1: Premature end of file.
2026-04-29 07:02:02,957 [ERROR] LogOutputStream:75 - [STDERR_REDIRECT] 
2026-04-29 07:02:03,960 [ERROR] LogOutputStream:75 - [STDERR_REDIRECT] [Fatal Error] :1:1: Premature end of file.
2026-04-29 07:02:03,960 [ERROR] LogOutputStream:75 - [STDERR_REDIRECT] 
2026-04-29 07:02:04,949 [ERROR] LogOutputStream:75 - [STDERR_REDIRECT] [Fatal Error] :1:1: Premature end of file.
2026-04-29 07:02:04,949 [ERROR] LogOutputStream:75 - [STDERR_REDIRECT] 
2026-04-29 07:02:05,948 [ERROR] LogOutputStream:75 - [STDERR_REDIRECT] [Fatal Error] :1:1: Premature end of file.
2026-04-29 07:02:05,948 [ERROR] LogOutputStream:75 - [STDERR_REDIRECT] 
2026-04-29 07:02:06,960 [ERROR] LogOutputStream:75 - [STDERR_REDIRECT] [Fatal Error] :1:1: Premature end of file.
2026-04-29 07:02:06,960 [ERROR] LogOutputStream:75 - [STDERR_REDIRECT] 
2026-04-29 07:02:07,951 [ERROR] LogOutputStream:75 - [STDERR_REDIRECT] [Fatal Error] :1:1: Premature end of file.
2026-04-29 07:02:07,951 [ERROR] LogOutputStream:75 - [STDERR_REDIRECT] 
2026-04-29 07:02:08,952 [ERROR] LogOutputStream:75 - [STDERR_REDIRECT] [Fatal Error] :1:1: Premature end of file.
2026-04-29 07:02:08,952 [ERROR] LogOutputStream:75 - [STDERR_REDIRECT] 
2026-04-29 07:02:09,950 [ERROR] LogOutputStream:75 - [STDERR_REDIRECT] [Fatal Error] :1:1: Premature end of file.
2026-04-29 07:02:09,950 [ERROR] LogOutputStream:75 - [STDERR_REDIRECT] 
2026-04-29 07:02:11,024 [ERROR] LogOutputStream:75 - [STDERR_REDIRECT] [Fatal Error] :1:1: Premature end of file.
2026-04-29 07:02:11,024 [ERROR] LogOutputStream:75 - [STDERR_REDIRECT] 
2026-04-29 07:02:12,029 [ERROR] LogOutputStream:75 - [STDERR_REDIRECT] [Fatal Error] :1:1: Premature end of file.
2026-04-29 07:02:12,029 [ERROR] LogOutputStream:75 - [STDERR_REDIRECT] 
2026-04-29 07:02:12,984 [ERROR] LogOutputStream:75 - [STDERR_REDIRECT] [Fatal Error] :1:1: Premature end of file.
2026-04-29 07:02:12,984 [ERROR] LogOutputStream:75 - [STDERR_REDIRECT] 
2026-04-29 07:02:13,946 [ERROR] LogOutputStream:75 - [STDERR_REDIRECT] [Fatal Error] :1:1: Premature end of file.
2026-04-29 07:02:13,946 [ERROR] LogOutputStream:75 - [STDERR_REDIRECT] 
2026-04-29 07:02:15,041 [ERROR] LogOutputStream:75 - [STDERR_REDIRECT] [Fatal Error] :1:1: Premature end of file.
2026-04-29 07:02:15,041 [ERROR] LogOutputStream:75 - [STDERR_REDIRECT] 
2026-04-29 07:02:15,949 [ERROR] LogOutputStream:75 - [STDERR_REDIRECT] [Fatal Error] :1:1: Premature end of file.
2026-04-29 07:02:15,949 [ERROR] LogOutputStream:75 - [STDERR_REDIRECT] 
2026-04-29 07:02:16,944 [ERROR] LogOutputStream:75 - [STDERR_REDIRECT] [Fatal Error] :1:1: Premature end of file.
2026-04-29 07:02:16,947 [ERROR] LogOutputStream:75 - [STDERR_REDIRECT] 
2026-04-29 07:02:17,947 [ERROR] LogOutputStream:75 - [STDERR_REDIRECT] [Fatal Error] :1:1: Premature end of file.
2026-04-29 07:02:17,947 [ERROR] LogOutputStream:75 - [STDERR_REDIRECT] 
2026-04-29 07:02:18,986 [ERROR] LogOutputStream:75 - [STDERR_REDIRECT] [Fatal Error] :1:1: Premature end of file.
2026-04-29 07:02:18,990 [ERROR] LogOutputStream:75 - [STDERR_REDIRECT] 
2026-04-29 07:02:19,962 [ERROR] LogOutputStream:75 - [STDERR_REDIRECT] [Fatal Error] :1:1: Premature end of file.
2026-04-29 07:02:19,963 [ERROR] LogOutputStream:75 - [STDERR_REDIRECT] 
2026-04-29 07:02:20,955 [ERROR] LogOutputStream:75 - [STDERR_REDIRECT] [Fatal Error] :1:1: Premature end of file.
2026-04-29 07:02:20,956 [ERROR] LogOutputStream:75 - [STDERR_REDIRECT] 
2026-04-29 07:02:22,106 [ERROR] LogOutputStream:75 - [STDERR_REDIRECT] [Fatal Error] :1:1: Premature end of file.
2026-04-29 07:02:22,107 [ERROR] LogOutputStream:75 - [STDERR_REDIRECT] 
2026-04-29 07:02:22,971 [ERROR] LogOutputStream:75 - [STDERR_REDIRECT] [Fatal Error] :1:1: Premature end of file.
2026-04-29 07:02:22,971 [ERROR] LogOutputStream:75 - [STDERR_REDIRECT] 
2026-04-29 07:02:23,961 [ERROR] LogOutputStream:75 - [STDERR_REDIRECT] [Fatal Error] :1:1: Premature end of file.
2026-04-29 07:02:23,961 [ERROR] LogOutputStream:75 - [STDERR_REDIRECT] 
2026-04-29 07:02:24,976 [ERROR] LogOutputStream:75 - [STDERR_REDIRECT] [Fatal Error] :1:1: Premature end of file.
2026-04-29 07:02:24,976 [ERROR] LogOutputStream:75 - [STDERR_REDIRECT] 
2026-04-29 07:02:25,963 [ERROR] LogOutputStream:75 - [STDERR_REDIRECT] [Fatal Error] :1:1: Premature end of file.
2026-04-29 07:02:25,963 [ERROR] LogOutputStream:75 - [STDERR_REDIRECT] 
2026-04-29 07:02:26,953 [ERROR] LogOutputStream:75 - [STDERR_REDIRECT] [Fatal Error] :1:1: Premature end of file.
2026-04-29 07:02:26,953 [ERROR] LogOutputStream:75 - [STDERR_REDIRECT] 
2026-04-29 07:02:27,956 [ERROR] LogOutputStream:75 - [STDERR_REDIRECT] [Fatal Error] :1:1: Premature end of file.
2026-04-29 07:02:27,956 [ERROR] LogOutputStream:75 - [STDERR_REDIRECT] 
2026-04-29 07:02:28,948 [ERROR] LogOutputStream:75 - [STDERR_REDIRECT] [Fatal Error] :1:1: Premature end of file.
2026-04-29 07:02:28,948 [ERROR] LogOutputStream:75 - [STDERR_REDIRECT] 
2026-04-29 07:02:29,946 [ERROR] LogOutputStream:75 - [STDERR_REDIRECT] [Fatal Error] :1:1: Premature end of file.
2026-04-29 07:02:29,946 [ERROR] LogOutputStream:75 - [STDERR_REDIRECT] 
2026-04-29 07:02:30,982 [ERROR] LogOutputStream:75 - [STDERR_REDIRECT] [Fatal Error] :1:1: Premature end of file.
2026-04-29 07:02:30,984 [ERROR] LogOutputStream:75 - [STDERR_REDIRECT] 
2026-04-29 07:02:31,960 [ERROR] LogOutputStream:75 - [STDERR_REDIRECT] [Fatal Error] :1:1: Premature end of file.
2026-04-29 07:02:31,960 [ERROR] LogOutputStream:75 - [STDERR_REDIRECT] 
2026-04-29 07:02:32,923 [ERROR] LogOutputStream:75 - [STDERR_REDIRECT] [Fatal Error] :1:1: Premature end of file.
2026-04-29 07:02:32,923 [ERROR] LogOutputStream:75 - [STDERR_REDIRECT] 
2026-04-29 07:02:33,947 [ERROR] LogOutputStream:75 - [STDERR_REDIRECT] [Fatal Error] :1:1: Premature end of file.
2026-04-29 07:02:33,947 [ERROR] LogOutputStream:75 - [STDERR_REDIRECT] 
2026-04-29 07:02:34,980 [ERROR] LogOutputStream:75 - [STDERR_REDIRECT] [Fatal Error] :1:1: Premature end of file.
2026-04-29 07:02:34,980 [ERROR] LogOutputStream:75 - [STDERR_REDIRECT] 
2026-04-29 07:02:35,961 [ERROR] LogOutputStream:75 - [STDERR_REDIRECT] [Fatal Error] :1:1: Premature end of file.
2026-04-29 07:02:35,961 [ERROR] LogOutputStream:75 - [STDERR_REDIRECT] 
2026-04-29 07:02:36,952 [ERROR] LogOutputStream:75 - [STDERR_REDIRECT] [Fatal Error] :1:1: Premature end of file.
2026-04-29 07:02:36,952 [ERROR] LogOutputStream:75 - [STDERR_REDIRECT] 
2026-04-29 07:02:37,960 [ERROR] LogOutputStream:75 - [STDERR_REDIRECT] [Fatal Error] :1:1: Premature end of file.
2026-04-29 07:02:37,961 [ERROR] LogOutputStream:75 - [STDERR_REDIRECT] 
2026-04-29 07:02:38,972 [ERROR] LogOutputStream:75 - [STDERR_REDIRECT] [Fatal Error] :1:1: Premature end of file.
2026-04-29 07:02:38,972 [ERROR] LogOutputStream:75 - [STDERR_REDIRECT] 
2026-04-29 07:02:39,956 [ERROR] LogOutputStream:75 - [STDERR_REDIRECT] [Fatal Error] :1:1: Premature end of file.
2026-04-29 07:02:39,957 [ERROR] LogOutputStream:75 - [STDERR_REDIRECT] 
2026-04-29 07:02:40,968 [ERROR] LogOutputStream:75 - [STDERR_REDIRECT] [Fatal Error] :1:1: Premature end of file.
2026-04-29 07:02:40,968 [ERROR] LogOutputStream:75 - [STDERR_REDIRECT] 
2026-04-29 07:02:41,957 [ERROR] LogOutputStream:75 - [STDERR_REDIRECT] [Fatal Error] :1:1: Premature end of file.
2026-04-29 07:02:41,957 [ERROR] LogOutputStream:75 - [STDERR_REDIRECT] 
2026-04-29 07:02:42,972 [ERROR] LogOutputStream:75 - [STDERR_REDIRECT] [Fatal Error] :1:1: Premature end of file.
2026-04-29 07:02:42,972 [ERROR] LogOutputStream:75 - [STDERR_REDIRECT] 
2026-04-29 07:02:43,958 [ERROR] LogOutputStream:75 - [STDERR_REDIRECT] [Fatal Error] :1:1: Premature end of file.
2026-04-29 07:02:43,958 [ERROR] LogOutputStream:75 - [STDERR_REDIRECT] 
2026-04-29 07:02:44,976 [ERROR] LogOutputStream:75 - [STDERR_REDIRECT] [Fatal Error] :1:1: Premature end of file.
2026-04-29 07:02:44,976 [ERROR] LogOutputStream:75 - [STDERR_REDIRECT] 
2026-04-29 07:02:45,957 [ERROR] LogOutputStream:75 - [STDERR_REDIRECT] [Fatal Error] :1:1: Premature end of file.
2026-04-29 07:02:45,957 [ERROR] LogOutputStream:75 - [STDERR_REDIRECT] 
2026-04-29 07:02:46,956 [ERROR] LogOutputStream:75 - [STDERR_REDIRECT] [Fatal Error] :1:1: Premature end of file.
2026-04-29 07:02:46,956 [ERROR] LogOutputStream:75 - [STDERR_REDIRECT] 
2026-04-29 07:02:47,963 [ERROR] LogOutputStream:75 - [STDERR_REDIRECT] [Fatal Error] :1:1: Premature end of file.
2026-04-29 07:02:47,963 [ERROR] LogOutputStream:75 - [STDERR_REDIRECT] 
2026-04-29 07:02:48,948 [ERROR] LogOutputStream:75 - [STDERR_REDIRECT] [Fatal Error] :1:1: Premature end of file.
2026-04-29 07:02:48,948 [ERROR] LogOutputStream:75 - [STDERR_REDIRECT] 
2026-04-29 07:02:49,948 [ERROR] LogOutputStream:75 - [STDERR_REDIRECT] [Fatal Error] :1:1: Premature end of file.
2026-04-29 07:02:49,948 [ERROR] LogOutputStream:75 - [STDERR_REDIRECT] 
2026-04-29 07:02:50,973 [ERROR] LogOutputStream:75 - [STDERR_REDIRECT] [Fatal Error] :1:1: Premature end of file.
2026-04-29 07:02:50,973 [ERROR] LogOutputStream:75 - [STDERR_REDIRECT] 
2026-04-29 07:02:51,935 [ERROR] LogOutputStream:75 - [STDERR_REDIRECT] [Fatal Error] :1:1: Premature end of file.
2026-04-29 07:02:51,935 [ERROR] LogOutputStream:75 - [STDERR_REDIRECT] 
2026-04-29 07:02:52,971 [ERROR] LogOutputStream:75 - [STDERR_REDIRECT] [Fatal Error] :1:1: Premature end of file.
2026-04-29 07:02:52,971 [ERROR] LogOutputStream:75 - [STDERR_REDIRECT] 
2026-04-29 07:02:53,973 [ERROR] LogOutputStream:75 - [STDERR_REDIRECT] [Fatal Error] :1:1: Premature end of file.
2026-04-29 07:02:53,974 [ERROR] LogOutputStream:75 - [STDERR_REDIRECT] 
2026-04-29 07:02:54,978 [ERROR] LogOutputStream:75 - [STDERR_REDIRECT] [Fatal Error] :1:1: Premature end of file.
2026-04-29 07:02:54,978 [ERROR] LogOutputStream:75 - [STDERR_REDIRECT] 
2026-04-29 07:02:55,954 [ERROR] LogOutputStream:75 - [STDERR_REDIRECT] [Fatal Error] :1:1: Premature end of file.
2026-04-29 07:02:55,955 [ERROR] LogOutputStream:75 - [STDERR_REDIRECT] 
2026-04-29 07:02:56,953 [ERROR] LogOutputStream:75 - [STDERR_REDIRECT] [Fatal Error] :1:1: Premature end of file.
2026-04-29 07:02:56,953 [ERROR] LogOutputStream:75 - [STDERR_REDIRECT] 
2026-04-29 07:02:57,944 [ERROR] LogOutputStream:75 - [STDERR_REDIRECT] [Fatal Error] :1:1: Premature end of file.
2026-04-29 07:02:57,944 [ERROR] LogOutputStream:75 - [STDERR_REDIRECT] 
2026-04-29 07:02:58,945 [ERROR] LogOutputStream:75 - [STDERR_REDIRECT] [Fatal Error] :1:1: Premature end of file.
2026-04-29 07:02:58,946 [ERROR] LogOutputStream:75 - [STDERR_REDIRECT] 
2026-04-29 07:02:59,956 [ERROR] LogOutputStream:75 - [STDERR_REDIRECT] [Fatal Error] :1:1: Premature end of file.
2026-04-29 07:02:59,956 [ERROR] LogOutputStream:75 - [STDERR_REDIRECT] 
2026-04-29 07:03:00,970 [ERROR] LogOutputStream:75 - [STDERR_REDIRECT] [Fatal Error] :1:1: Premature end of file.
2026-04-29 07:03:00,970 [ERROR] LogOutputStream:75 - [STDERR_REDIRECT] 
2026-04-29 07:03:01,947 [ERROR] LogOutputStream:75 - [STDERR_REDIRECT] [Fatal Error] :1:1: Premature end of file.
2026-04-29 07:03:01,947 [ERROR] LogOutputStream:75 - [STDERR_REDIRECT] 
2026-04-29 07:03:02,933 [ERROR] LogOutputStream:75 - [STDERR_REDIRECT] [Fatal Error] :1:1: Premature end of file.
2026-04-29 07:03:02,933 [ERROR] LogOutputStream:75 - [STDERR_REDIRECT] 
2026-04-29 07:03:03,955 [ERROR] LogOutputStream:75 - [STDERR_REDIRECT] [Fatal Error] :1:1: Premature end of file.
2026-04-29 07:03:03,955 [ERROR] LogOutputStream:75 - [STDERR_REDIRECT] 
2026-04-29 07:03:04,957 [ERROR] LogOutputStream:75 - [STDERR_REDIRECT] [Fatal Error] :1:1: Premature end of file.
2026-04-29 07:03:04,957 [ERROR] LogOutputStream:75 - [STDERR_REDIRECT] 
2026-04-29 07:03:05,961 [ERROR] LogOutputStream:75 - [STDERR_REDIRECT] [Fatal Error] :1:1: Premature end of file.
2026-04-29 07:03:05,961 [ERROR] LogOutputStream:75 - [STDERR_REDIRECT] 
2026-04-29 07:03:06,949 [ERROR] LogOutputStream:75 - [STDERR_REDIRECT] [Fatal Error] :1:1: Premature end of file.
2026-04-29 07:03:06,949 [ERROR] LogOutputStream:75 - [STDERR_REDIRECT] 
2026-04-29 07:03:07,948 [ERROR] LogOutputStream:75 - [STDERR_REDIRECT] [Fatal Error] :1:1: Premature end of file.
2026-04-29 07:03:07,948 [ERROR] LogOutputStream:75 - [STDERR_REDIRECT] 
2026-04-29 07:03:08,977 [ERROR] LogOutputStream:75 - [STDERR_REDIRECT] [Fatal Error] :1:1: Premature end of file.
2026-04-29 07:03:08,982 [ERROR] LogOutputStream:75 - [STDERR_REDIRECT] 
2026-04-29 07:03:09,975 [ERROR] LogOutputStream:75 - [STDERR_REDIRECT] [Fatal Error] :1:1: Premature end of file.
2026-04-29 07:03:09,975 [ERROR] LogOutputStream:75 - [STDERR_REDIRECT] 
2026-04-29 07:03:10,956 [ERROR] LogOutputStream:75 - [STDERR_REDIRECT] [Fatal Error] :1:1: Premature end of file.
2026-04-29 07:03:10,956 [ERROR] LogOutputStream:75 - [STDERR_REDIRECT] 
2026-04-29 07:03:11,964 [ERROR] LogOutputStream:75 - [STDERR_REDIRECT] [Fatal Error] :1:1: Premature end of file.
2026-04-29 07:03:11,964 [ERROR] LogOutputStream:75 - [STDERR_REDIRECT] 
2026-04-29 07:03:12,967 [ERROR] LogOutputStream:75 - [STDERR_REDIRECT] [Fatal Error] :1:1: Premature end of file.
2026-04-29 07:03:12,967 [ERROR] LogOutputStream:75 - [STDERR_REDIRECT] 
2026-04-29 07:03:13,955 [ERROR] LogOutputStream:75 - [STDERR_REDIRECT] [Fatal Error] :1:1: Premature end of file.
2026-04-29 07:03:13,955 [ERROR] LogOutputStream:75 - [STDERR_REDIRECT] 
2026-04-29 07:03:14,976 [ERROR] LogOutputStream:75 - [STDERR_REDIRECT] [Fatal Error] :1:1: Premature end of file.
2026-04-29 07:03:14,976 [ERROR] LogOutputStream:75 - [STDERR_REDIRECT] 
2026-04-29 07:03:15,959 [ERROR] LogOutputStream:75 - [STDERR_REDIRECT] [Fatal Error] :1:1: Premature end of file.
2026-04-29 07:03:15,959 [ERROR] LogOutputStream:75 - [STDERR_REDIRECT] 
2026-04-29 07:03:16,970 [ERROR] LogOutputStream:75 - [STDERR_REDIRECT] [Fatal Error] :1:1: Premature end of file.
2026-04-29 07:03:16,970 [ERROR] LogOutputStream:75 - [STDERR_REDIRECT] 
2026-04-29 07:03:17,953 [ERROR] LogOutputStream:75 - [STDERR_REDIRECT] [Fatal Error] :1:1: Premature end of file.
2026-04-29 07:03:17,953 [ERROR] LogOutputStream:75 - [STDERR_REDIRECT] 
2026-04-29 07:03:18,949 [ERROR] LogOutputStream:75 - [STDERR_REDIRECT] [Fatal Error] :1:1: Premature end of file.
2026-04-29 07:03:18,949 [ERROR] LogOutputStream:75 - [STDERR_REDIRECT] 
2026-04-29 07:03:19,953 [ERROR] LogOutputStream:75 - [STDERR_REDIRECT] [Fatal Error] :1:1: Premature end of file.
2026-04-29 07:03:19,953 [ERROR] LogOutputStream:75 - [STDERR_REDIRECT] 
2026-04-29 07:03:20,983 [ERROR] LogOutputStream:75 - [STDERR_REDIRECT] [Fatal Error] :1:1: Premature end of file.
2026-04-29 07:03:20,983 [ERROR] LogOutputStream:75 - [STDERR_REDIRECT] 
2026-04-29 07:03:21,962 [ERROR] LogOutputStream:75 - [STDERR_REDIRECT] [Fatal Error] :1:1: Premature end of file.
2026-04-29 07:03:21,962 [ERROR] LogOutputStream:75 - [STDERR_REDIRECT] 
2026-04-29 07:03:22,966 [ERROR] LogOutputStream:75 - [STDERR_REDIRECT] [Fatal Error] :1:1: Premature end of file.
2026-04-29 07:03:22,966 [ERROR] LogOutputStream:75 - [STDERR_REDIRECT] 
2026-04-29 07:03:23,955 [ERROR] LogOutputStream:75 - [STDERR_REDIRECT] [Fatal Error] :1:1: Premature end of file.
2026-04-29 07:03:23,955 [ERROR] LogOutputStream:75 - [STDERR_REDIRECT] 
2026-04-29 07:03:24,968 [ERROR] LogOutputStream:75 - [STDERR_REDIRECT] [Fatal Error] :1:1: Premature end of file.
2026-04-29 07:03:24,968 [ERROR] LogOutputStream:75 - [STDERR_REDIRECT] 
2026-04-29 07:03:25,952 [ERROR] LogOutputStream:75 - [STDERR_REDIRECT] [Fatal Error] :1:1: Premature end of file.
2026-04-29 07:03:25,952 [ERROR] LogOutputStream:75 - [STDERR_REDIRECT] 
2026-04-29 07:03:26,969 [ERROR] LogOutputStream:75 - [STDERR_REDIRECT] [Fatal Error] :1:1: Premature end of file.
2026-04-29 07:03:26,969 [ERROR] LogOutputStream:75 - [STDERR_REDIRECT] 
2026-04-29 07:03:27,973 [ERROR] LogOutputStream:75 - [STDERR_REDIRECT] [Fatal Error] :1:1: Premature end of file.
2026-04-29 07:03:27,973 [ERROR] LogOutputStream:75 - [STDERR_REDIRECT] 
2026-04-29 07:03:28,975 [ERROR] LogOutputStream:75 - [STDERR_REDIRECT] [Fatal Error] :1:1: Premature end of file.
2026-04-29 07:03:28,975 [ERROR] LogOutputStream:75 - [STDERR_REDIRECT] 
2026-04-29 07:03:29,950 [ERROR] LogOutputStream:75 - [STDERR_REDIRECT] [Fatal Error] :1:1: Premature end of file.
2026-04-29 07:03:29,950 [ERROR] LogOutputStream:75 - [STDERR_REDIRECT] 
2026-04-29 07:03:30,965 [ERROR] LogOutputStream:75 - [STDERR_REDIRECT] [Fatal Error] :1:1: Premature end of file.
2026-04-29 07:03:30,967 [ERROR] LogOutputStream:75 - [STDERR_REDIRECT] 
2026-04-29 07:03:31,952 [ERROR] LogOutputStream:75 - [STDERR_REDIRECT] [Fatal Error] :1:1: Premature end of file.
2026-04-29 07:03:31,952 [ERROR] LogOutputStream:75 - [STDERR_REDIRECT] 
2026-04-29 07:03:32,941 [ERROR] LogOutputStream:75 - [STDERR_REDIRECT] [Fatal Error] :1:1: Premature end of file.
2026-04-29 07:03:32,942 [ERROR] LogOutputStream:75 - [STDERR_REDIRECT] 
2026-04-29 07:03:33,939 [ERROR] LogOutputStream:75 - [STDERR_REDIRECT] [Fatal Error] :1:1: Premature end of file.
2026-04-29 07:03:33,939 [ERROR] LogOutputStream:75 - [STDERR_REDIRECT] 
2026-04-29 07:03:34,937 [ERROR] LogOutputStream:75 - [STDERR_REDIRECT] [Fatal Error] :1:1: Premature end of file.
2026-04-29 07:03:34,938 [ERROR] LogOutputStream:75 - [STDERR_REDIRECT] 
2026-04-29 07:03:35,930 [ERROR] LogOutputStream:75 - [STDERR_REDIRECT] [Fatal Error] :1:1: Premature end of file.
2026-04-29 07:03:35,930 [ERROR] LogOutputStream:75 - [STDERR_REDIRECT] 
2026-04-29 07:03:36,933 [ERROR] LogOutputStream:75 - [STDERR_REDIRECT] [Fatal Error] :1:1: Premature end of file.
2026-04-29 07:03:36,933 [ERROR] LogOutputStream:75 - [STDERR_REDIRECT] 
2026-04-29 07:03:37,948 [ERROR] LogOutputStream:75 - [STDERR_REDIRECT] [Fatal Error] :1:1: Premature end of file.
2026-04-29 07:03:37,948 [ERROR] LogOutputStream:75 - [STDERR_REDIRECT] 
2026-04-29 07:03:38,944 [ERROR] LogOutputStream:75 - [STDERR_REDIRECT] [Fatal Error] :1:1: Premature end of file.
2026-04-29 07:03:38,944 [ERROR] LogOutputStream:75 - [STDERR_REDIRECT] 
2026-04-29 07:03:39,943 [ERROR] LogOutputStream:75 - [STDERR_REDIRECT] [Fatal Error] :1:1: Premature end of file.
2026-04-29 07:03:39,943 [ERROR] LogOutputStream:75 - [STDERR_REDIRECT] 
2026-04-29 07:03:40,932 [ERROR] LogOutputStream:75 - [STDERR_REDIRECT] [Fatal Error] :1:1: Premature end of file.
2026-04-29 07:03:40,933 [ERROR] LogOutputStream:75 - [STDERR_REDIRECT] 
2026-04-29 07:03:41,940 [ERROR] LogOutputStream:75 - [STDERR_REDIRECT] [Fatal Error] :1:1: Premature end of file.
2026-04-29 07:03:41,941 [ERROR] LogOutputStream:75 - [STDERR_REDIRECT] 
2026-04-29 07:03:42,943 [ERROR] LogOutputStream:75 - [STDERR_REDIRECT] [Fatal Error] :1:1: Premature end of file.
2026-04-29 07:03:42,944 [ERROR] LogOutputStream:75 - [STDERR_REDIRECT] 
2026-04-29 07:03:43,935 [ERROR] LogOutputStream:75 - [STDERR_REDIRECT] [Fatal Error] :1:1: Premature end of file.
2026-04-29 07:03:43,935 [ERROR] LogOutputStream:75 - [STDERR_REDIRECT] 
2026-04-29 07:03:44,938 [ERROR] LogOutputStream:75 - [STDERR_REDIRECT] [Fatal Error] :1:1: Premature end of file.
2026-04-29 07:03:44,938 [ERROR] LogOutputStream:75 - [STDERR_REDIRECT] 
2026-04-29 07:03:45,943 [ERROR] LogOutputStream:75 - [STDERR_REDIRECT] [Fatal Error] :1:1: Premature end of file.
2026-04-29 07:03:45,943 [ERROR] LogOutputStream:75 - [STDERR_REDIRECT] 
2026-04-29 07:03:46,940 [ERROR] LogOutputStream:75 - [STDERR_REDIRECT] [Fatal Error] :1:1: Premature end of file.
2026-04-29 07:03:46,940 [ERROR] LogOutputStream:75 - [STDERR_REDIRECT] 
2026-04-29 07:03:47,942 [ERROR] LogOutputStream:75 - [STDERR_REDIRECT] [Fatal Error] :1:1: Premature end of file.
2026-04-29 07:03:47,943 [ERROR] LogOutputStream:75 - [STDERR_REDIRECT] 
2026-04-29 07:03:48,944 [ERROR] LogOutputStream:75 - [STDERR_REDIRECT] [Fatal Error] :1:1: Premature end of file.
2026-04-29 07:03:48,945 [ERROR] LogOutputStream:75 - [STDERR_REDIRECT] 
2026-04-29 07:03:49,939 [ERROR] LogOutputStream:75 - [STDERR_REDIRECT] [Fatal Error] :1:1: Premature end of file.
2026-04-29 07:03:49,940 [ERROR] LogOutputStream:75 - [STDERR_REDIRECT] 
2026-04-29 07:03:50,938 [ERROR] LogOutputStream:75 - [STDERR_REDIRECT] [Fatal Error] :1:1: Premature end of file.
2026-04-29 07:03:50,938 [ERROR] LogOutputStream:75 - [STDERR_REDIRECT] 
2026-04-29 07:03:51,940 [ERROR] LogOutputStream:75 - [STDERR_REDIRECT] [Fatal Error] :1:1: Premature end of file.
2026-04-29 07:03:51,940 [ERROR] LogOutputStream:75 - [STDERR_REDIRECT] 
2026-04-29 07:03:52,940 [ERROR] LogOutputStream:75 - [STDERR_REDIRECT] [Fatal Error] :1:1: Premature end of file.
2026-04-29 07:03:52,941 [ERROR] LogOutputStream:75 - [STDERR_REDIRECT] 
2026-04-29 07:03:53,941 [ERROR] LogOutputStream:75 - [STDERR_REDIRECT] [Fatal Error] :1:1: Premature end of file.
2026-04-29 07:03:53,941 [ERROR] LogOutputStream:75 - [STDERR_REDIRECT] 
2026-04-29 07:03:54,946 [ERROR] LogOutputStream:75 - [STDERR_REDIRECT] [Fatal Error] :1:1: Premature end of file.
2026-04-29 07:03:54,946 [ERROR] LogOutputStream:75 - [STDERR_REDIRECT] 
2026-04-29 07:03:55,954 [ERROR] LogOutputStream:75 - [STDERR_REDIRECT] [Fatal Error] :1:1: Premature end of file.
2026-04-29 07:03:55,954 [ERROR] LogOutputStream:75 - [STDERR_REDIRECT] 
2026-04-29 07:03:56,937 [ERROR] LogOutputStream:75 - [STDERR_REDIRECT] [Fatal Error] :1:1: Premature end of file.
2026-04-29 07:03:56,937 [ERROR] LogOutputStream:75 - [STDERR_REDIRECT] 
2026-04-29 07:03:57,934 [ERROR] LogOutputStream:75 - [STDERR_REDIRECT] [Fatal Error] :1:1: Premature end of file.
2026-04-29 07:03:57,935 [ERROR] LogOutputStream:75 - [STDERR_REDIRECT] 
2026-04-29 07:03:58,936 [ERROR] LogOutputStream:75 - [STDERR_REDIRECT] [Fatal Error] :1:1: Premature end of file.
2026-04-29 07:03:58,936 [ERROR] LogOutputStream:75 - [STDERR_REDIRECT] 
2026-04-29 07:03:59,954 [ERROR] LogOutputStream:75 - [STDERR_REDIRECT] [Fatal Error] :1:1: Premature end of file.
2026-04-29 07:03:59,954 [ERROR] LogOutputStream:75 - [STDERR_REDIRECT] 
2026-04-29 07:04:00,924 [ERROR] LogOutputStream:75 - [STDERR_REDIRECT] [Fatal Error] :1:1: Premature end of file.
2026-04-29 07:04:00,924 [ERROR] LogOutputStream:75 - [STDERR_REDIRECT] 
2026-04-29 07:04:01,922 [ERROR] LogOutputStream:75 - [STDERR_REDIRECT] [Fatal Error] :1:1: Premature end of file.
2026-04-29 07:04:01,922 [ERROR] LogOutputStream:75 - [STDERR_REDIRECT] 
2026-04-29 07:04:02,943 [ERROR] LogOutputStream:75 - [STDERR_REDIRECT] [Fatal Error] :1:1: Premature end of file.
2026-04-29 07:04:02,943 [ERROR] LogOutputStream:75 - [STDERR_REDIRECT] 
2026-04-29 07:04:03,943 [ERROR] LogOutputStream:75 - [STDERR_REDIRECT] [Fatal Error] :1:1: Premature end of file.
2026-04-29 07:04:03,943 [ERROR] LogOutputStream:75 - [STDERR_REDIRECT] 
2026-04-29 07:04:04,948 [ERROR] LogOutputStream:75 - [STDERR_REDIRECT] [Fatal Error] :1:1: Premature end of file.
2026-04-29 07:04:04,948 [ERROR] LogOutputStream:75 - [STDERR_REDIRECT] 
2026-04-29 07:04:05,926 [ERROR] LogOutputStream:75 - [STDERR_REDIRECT] [Fatal Error] :1:1: Premature end of file.
2026-04-29 07:04:05,926 [ERROR] LogOutputStream:75 - [STDERR_REDIRECT] 
2026-04-29 07:04:06,947 [ERROR] LogOutputStream:75 - [STDERR_REDIRECT] [Fatal Error] :1:1: Premature end of file.
2026-04-29 07:04:06,947 [ERROR] LogOutputStream:75 - [STDERR_REDIRECT] 
2026-04-29 07:04:07,927 [ERROR] LogOutputStream:75 - [STDERR_REDIRECT] [Fatal Error] :1:1: Premature end of file.
2026-04-29 07:04:07,927 [ERROR] LogOutputStream:75 - [STDERR_REDIRECT] 
2026-04-29 07:04:08,940 [ERROR] LogOutputStream:75 - [STDERR_REDIRECT] [Fatal Error] :1:1: Premature end of file.
2026-04-29 07:04:08,941 [ERROR] LogOutputStream:75 - [STDERR_REDIRECT] 
2026-04-29 07:04:09,944 [ERROR] LogOutputStream:75 - [STDERR_REDIRECT] [Fatal Error] :1:1: Premature end of file.
2026-04-29 07:04:09,944 [ERROR] LogOutputStream:75 - [STDERR_REDIRECT] 
2026-04-29 07:04:10,956 [ERROR] LogOutputStream:75 - [STDERR_REDIRECT] [Fatal Error] :1:1: Premature end of file.
2026-04-29 07:04:10,956 [ERROR] LogOutputStream:75 - [STDERR_REDIRECT] 
2026-04-29 07:04:11,943 [ERROR] LogOutputStream:75 - [STDERR_REDIRECT] [Fatal Error] :1:1: Premature end of file.
2026-04-29 07:04:11,943 [ERROR] LogOutputStream:75 - [STDERR_REDIRECT] 
2026-04-29 07:04:12,947 [ERROR] LogOutputStream:75 - [STDERR_REDIRECT] [Fatal Error] :1:1: Premature end of file.
2026-04-29 07:04:12,947 [ERROR] LogOutputStream:75 - [STDERR_REDIRECT] 
2026-04-29 07:04:13,939 [ERROR] LogOutputStream:75 - [STDERR_REDIRECT] [Fatal Error] :1:1: Premature end of file.
2026-04-29 07:04:13,939 [ERROR] LogOutputStream:75 - [STDERR_REDIRECT] 
2026-04-29 07:04:14,943 [ERROR] LogOutputStream:75 - [STDERR_REDIRECT] [Fatal Error] :1:1: Premature end of file.
2026-04-29 07:04:14,944 [ERROR] LogOutputStream:75 - [STDERR_REDIRECT] 
2026-04-29 07:04:15,945 [ERROR] LogOutputStream:75 - [STDERR_REDIRECT] [Fatal Error] :1:1: Premature end of file.
2026-04-29 07:04:15,945 [ERROR] LogOutputStream:75 - [STDERR_REDIRECT] 
2026-04-29 07:04:16,945 [ERROR] LogOutputStream:75 - [STDERR_REDIRECT] [Fatal Error] :1:1: Premature end of file.
2026-04-29 07:04:16,946 [ERROR] LogOutputStream:75 - [STDERR_REDIRECT] 
2026-04-29 07:04:17,936 [ERROR] LogOutputStream:75 - [STDERR_REDIRECT] [Fatal Error] :1:1: Premature end of file.
2026-04-29 07:04:17,937 [ERROR] LogOutputStream:75 - [STDERR_REDIRECT] 
2026-04-29 07:04:18,946 [ERROR] LogOutputStream:75 - [STDERR_REDIRECT] [Fatal Error] :1:1: Premature end of file.
2026-04-29 07:04:18,947 [ERROR] LogOutputStream:75 - [STDERR_REDIRECT] 
2026-04-29 07:04:19,921 [ERROR] LogOutputStream:75 - [STDERR_REDIRECT] [Fatal Error] :1:1: Premature end of file.
2026-04-29 07:04:19,922 [ERROR] LogOutputStream:75 - [STDERR_REDIRECT] 
2026-04-29 07:04:20,935 [ERROR] LogOutputStream:75 - [STDERR_REDIRECT] [Fatal Error] :1:1: Premature end of file.
2026-04-29 07:04:20,935 [ERROR] LogOutputStream:75 - [STDERR_REDIRECT] 
2026-04-29 07:04:21,947 [ERROR] LogOutputStream:75 - [STDERR_REDIRECT] [Fatal Error] :1:1: Premature end of file.
2026-04-29 07:04:21,947 [ERROR] LogOutputStream:75 - [STDERR_REDIRECT] 
2026-04-29 07:04:22,929 [ERROR] LogOutputStream:75 - [STDERR_REDIRECT] [Fatal Error] :1:1: Premature end of file.
2026-04-29 07:04:22,929 [ERROR] LogOutputStream:75 - [STDERR_REDIRECT] 
2026-04-29 07:04:23,937 [ERROR] LogOutputStream:75 - [STDERR_REDIRECT] [Fatal Error] :1:1: Premature end of file.
2026-04-29 07:04:23,937 [ERROR] LogOutputStream:75 - [STDERR_REDIRECT] 
2026-04-29 07:04:24,945 [ERROR] LogOutputStream:75 - [STDERR_REDIRECT] [Fatal Error] :1:1: Premature end of file.
2026-04-29 07:04:24,945 [ERROR] LogOutputStream:75 - [STDERR_REDIRECT] 
2026-04-29 07:04:25,946 [ERROR] LogOutputStream:75 - [STDERR_REDIRECT] [Fatal Error] :1:1: Premature end of file.
2026-04-29 07:04:25,946 [ERROR] LogOutputStream:75 - [STDERR_REDIRECT] 
2026-04-29 07:04:26,944 [ERROR] LogOutputStream:75 - [STDERR_REDIRECT] [Fatal Error] :1:1: Premature end of file.
2026-04-29 07:04:26,944 [ERROR] LogOutputStream:75 - [STDERR_REDIRECT] 
2026-04-29 07:04:27,939 [ERROR] LogOutputStream:75 - [STDERR_REDIRECT] [Fatal Error] :1:1: Premature end of file.
2026-04-29 07:04:27,939 [ERROR] LogOutputStream:75 - [STDERR_REDIRECT] 
2026-04-29 07:04:28,939 [ERROR] LogOutputStream:75 - [STDERR_REDIRECT] [Fatal Error] :1:1: Premature end of file.
2026-04-29 07:04:28,939 [ERROR] LogOutputStream:75 - [STDERR_REDIRECT] 
2026-04-29 07:04:29,942 [ERROR] LogOutputStream:75 - [STDERR_REDIRECT] [Fatal Error] :1:1: Premature end of file.
2026-04-29 07:04:29,942 [ERROR] LogOutputStream:75 - [STDERR_REDIRECT] 
2026-04-29 07:04:30,948 [ERROR] LogOutputStream:75 - [STDERR_REDIRECT] [Fatal Error] :1:1: Premature end of file.
2026-04-29 07:04:30,948 [ERROR] LogOutputStream:75 - [STDERR_REDIRECT] 
2026-04-29 07:04:31,958 [ERROR] LogOutputStream:75 - [STDERR_REDIRECT] [Fatal Error] :1:1: Premature end of file.
2026-04-29 07:04:31,958 [ERROR] LogOutputStream:75 - [STDERR_REDIRECT] 
2026-04-29 07:04:32,942 [ERROR] LogOutputStream:75 - [STDERR_REDIRECT] [Fatal Error] :1:1: Premature end of file.
2026-04-29 07:04:32,942 [ERROR] LogOutputStream:75 - [STDERR_REDIRECT] 
2026-04-29 07:04:33,946 [ERROR] LogOutputStream:75 - [STDERR_REDIRECT] [Fatal Error] :1:1: Premature end of file.
2026-04-29 07:04:33,946 [ERROR] LogOutputStream:75 - [STDERR_REDIRECT] 
2026-04-29 07:04:34,939 [ERROR] LogOutputStream:75 - [STDERR_REDIRECT] [Fatal Error] :1:1: Premature end of file.
2026-04-29 07:04:34,939 [ERROR] LogOutputStream:75 - [STDERR_REDIRECT] 
2026-04-29 07:04:35,944 [ERROR] LogOutputStream:75 - [STDERR_REDIRECT] [Fatal Error] :1:1: Premature end of file.
2026-04-29 07:04:35,944 [ERROR] LogOutputStream:75 - [STDERR_REDIRECT] 
2026-04-29 07:04:36,944 [ERROR] LogOutputStream:75 - [STDERR_REDIRECT] [Fatal Error] :1:1: Premature end of file.
2026-04-29 07:04:36,945 [ERROR] LogOutputStream:75 - [STDERR_REDIRECT] 
2026-04-29 07:04:37,934 [ERROR] LogOutputStream:75 - [STDERR_REDIRECT] [Fatal Error] :1:1: Premature end of file.
2026-04-29 07:04:37,934 [ERROR] LogOutputStream:75 - [STDERR_REDIRECT] 
2026-04-29 07:04:38,929 [ERROR] LogOutputStream:75 - [STDERR_REDIRECT] [Fatal Error] :1:1: Premature end of file.
2026-04-29 07:04:38,929 [ERROR] LogOutputStream:75 - [STDERR_REDIRECT] 
2026-04-29 07:04:39,937 [ERROR] LogOutputStream:75 - [STDERR_REDIRECT] [Fatal Error] :1:1: Premature end of file.
2026-04-29 07:04:39,937 [ERROR] LogOutputStream:75 - [STDERR_REDIRECT] 
2026-04-29 07:04:40,944 [ERROR] LogOutputStream:75 - [STDERR_REDIRECT] [Fatal Error] :1:1: Premature end of file.
2026-04-29 07:04:40,944 [ERROR] LogOutputStream:75 - [STDERR_REDIRECT] 
2026-04-29 07:04:41,935 [ERROR] LogOutputStream:75 - [STDERR_REDIRECT] [Fatal Error] :1:1: Premature end of file.
2026-04-29 07:04:41,936 [ERROR] LogOutputStream:75 - [STDERR_REDIRECT] 
2026-04-29 07:04:42,928 [ERROR] LogOutputStream:75 - [STDERR_REDIRECT] [Fatal Error] :1:1: Premature end of file.
2026-04-29 07:04:42,928 [ERROR] LogOutputStream:75 - [STDERR_REDIRECT] 
2026-04-29 07:04:43,925 [ERROR] LogOutputStream:75 - [STDERR_REDIRECT] [Fatal Error] :1:1: Premature end of file.
2026-04-29 07:04:43,925 [ERROR] LogOutputStream:75 - [STDERR_REDIRECT] 
2026-04-29 07:04:44,951 [ERROR] LogOutputStream:75 - [STDERR_REDIRECT] [Fatal Error] :1:1: Premature end of file.
2026-04-29 07:04:44,951 [ERROR] LogOutputStream:75 - [STDERR_REDIRECT] 
2026-04-29 07:04:45,927 [ERROR] LogOutputStream:75 - [STDERR_REDIRECT] [Fatal Error] :1:1: Premature end of file.
2026-04-29 07:04:45,927 [ERROR] LogOutputStream:75 - [STDERR_REDIRECT] 
2026-04-29 07:04:46,949 [ERROR] LogOutputStream:75 - [STDERR_REDIRECT] [Fatal Error] :1:1: Premature end of file.
2026-04-29 07:04:46,949 [ERROR] LogOutputStream:75 - [STDERR_REDIRECT] 
2026-04-29 07:04:47,936 [ERROR] LogOutputStream:75 - [STDERR_REDIRECT] [Fatal Error] :1:1: Premature end of file.
2026-04-29 07:04:47,936 [ERROR] LogOutputStream:75 - [STDERR_REDIRECT] 
2026-04-29 07:04:48,954 [ERROR] LogOutputStream:75 - [STDERR_REDIRECT] [Fatal Error] :1:1: Premature end of file.
2026-04-29 07:04:48,954 [ERROR] LogOutputStream:75 - [STDERR_REDIRECT] 
2026-04-29 07:04:49,941 [ERROR] LogOutputStream:75 - [STDERR_REDIRECT] [Fatal Error] :1:1: Premature end of file.
2026-04-29 07:04:49,941 [ERROR] LogOutputStream:75 - [STDERR_REDIRECT] 
2026-04-29 07:04:50,941 [ERROR] LogOutputStream:75 - [STDERR_REDIRECT] [Fatal Error] :1:1: Premature end of file.
2026-04-29 07:04:50,941 [ERROR] LogOutputStream:75 - [STDERR_REDIRECT] 
2026-04-29 07:04:51,936 [ERROR] LogOutputStream:75 - [STDERR_REDIRECT] [Fatal Error] :1:1: Premature end of file.
2026-04-29 07:04:51,936 [ERROR] LogOutputStream:75 - [STDERR_REDIRECT] 
2026-04-29 07:04:52,937 [ERROR] LogOutputStream:75 - [STDERR_REDIRECT] [Fatal Error] :1:1: Premature end of file.
2026-04-29 07:04:52,937 [ERROR] LogOutputStream:75 - [STDERR_REDIRECT] 
2026-04-29 07:04:53,944 [ERROR] LogOutputStream:75 - [STDERR_REDIRECT] [Fatal Error] :1:1: Premature end of file.
2026-04-29 07:04:53,944 [ERROR] LogOutputStream:75 - [STDERR_REDIRECT] 
2026-04-29 07:04:54,948 [ERROR] LogOutputStream:75 - [STDERR_REDIRECT] [Fatal Error] :1:1: Premature end of file.
2026-04-29 07:04:54,948 [ERROR] LogOutputStream:75 - [STDERR_REDIRECT] 
2026-04-29 07:04:55,942 [ERROR] LogOutputStream:75 - [STDERR_REDIRECT] [Fatal Error] :1:1: Premature end of file.
2026-04-29 07:04:55,943 [ERROR] LogOutputStream:75 - [STDERR_REDIRECT] 
2026-04-29 07:04:56,945 [ERROR] LogOutputStream:75 - [STDERR_REDIRECT] [Fatal Error] :1:1: Premature end of file.
2026-04-29 07:04:56,946 [ERROR] LogOutputStream:75 - [STDERR_REDIRECT] 
2026-04-29 07:04:57,937 [ERROR] LogOutputStream:75 - [STDERR_REDIRECT] [Fatal Error] :1:1: Premature end of file.
2026-04-29 07:04:57,938 [ERROR] LogOutputStream:75 - [STDERR_REDIRECT] 
2026-04-29 07:04:58,946 [ERROR] LogOutputStream:75 - [STDERR_REDIRECT] [Fatal Error] :1:1: Premature end of file.
2026-04-29 07:04:58,946 [ERROR] LogOutputStream:75 - [STDERR_REDIRECT] 
2026-04-29 07:04:59,941 [ERROR] LogOutputStream:75 - [STDERR_REDIRECT] [Fatal Error] :1:1: Premature end of file.
2026-04-29 07:04:59,941 [ERROR] LogOutputStream:75 - [STDERR_REDIRECT] 
2026-04-29 07:05:00,941 [ERROR] LogOutputStream:75 - [STDERR_REDIRECT] [Fatal Error] :1:1: Premature end of file.
2026-04-29 07:05:00,941 [ERROR] LogOutputStream:75 - [STDERR_REDIRECT] 
2026-04-29 07:05:01,942 [ERROR] LogOutputStream:75 - [STDERR_REDIRECT] [Fatal Error] :1:1: Premature end of file.
2026-04-29 07:05:01,942 [ERROR] LogOutputStream:75 - [STDERR_REDIRECT] 
2026-04-29 07:05:02,939 [ERROR] LogOutputStream:75 - [STDERR_REDIRECT] [Fatal Error] :1:1: Premature end of file.
2026-04-29 07:05:02,939 [ERROR] LogOutputStream:75 - [STDERR_REDIRECT] 
2026-04-29 07:05:03,941 [ERROR] LogOutputStream:75 - [STDERR_REDIRECT] [Fatal Error] :1:1: Premature end of file.
2026-04-29 07:05:03,941 [ERROR] LogOutputStream:75 - [STDERR_REDIRECT] 
2026-04-29 07:05:04,945 [ERROR] LogOutputStream:75 - [STDERR_REDIRECT] [Fatal Error] :1:1: Premature end of file.
2026-04-29 07:05:04,945 [ERROR] LogOutputStream:75 - [STDERR_REDIRECT] 
2026-04-29 07:05:05,945 [ERROR] LogOutputStream:75 - [STDERR_REDIRECT] [Fatal Error] :1:1: Premature end of file.
2026-04-29 07:05:05,945 [ERROR] LogOutputStream:75 - [STDERR_REDIRECT] 
2026-04-29 07:05:06,941 [ERROR] LogOutputStream:75 - [STDERR_REDIRECT] [Fatal Error] :1:1: Premature end of file.
2026-04-29 07:05:06,942 [ERROR] LogOutputStream:75 - [STDERR_REDIRECT] 
2026-04-29 07:05:07,938 [ERROR] LogOutputStream:75 - [STDERR_REDIRECT] [Fatal Error] :1:1: Premature end of file.
2026-04-29 07:05:07,938 [ERROR] LogOutputStream:75 - [STDERR_REDIRECT] 
2026-04-29 07:05:08,947 [ERROR] LogOutputStream:75 - [STDERR_REDIRECT] [Fatal Error] :1:1: Premature end of file.
2026-04-29 07:05:08,947 [ERROR] LogOutputStream:75 - [STDERR_REDIRECT] 
2026-04-29 07:05:09,943 [ERROR] LogOutputStream:75 - [STDERR_REDIRECT] [Fatal Error] :1:1: Premature end of file.
2026-04-29 07:05:09,944 [ERROR] LogOutputStream:75 - [STDERR_REDIRECT] 
2026-04-29 07:05:10,945 [ERROR] LogOutputStream:75 - [STDERR_REDIRECT] [Fatal Error] :1:1: Premature end of file.
2026-04-29 07:05:10,946 [ERROR] LogOutputStream:75 - [STDERR_REDIRECT] 
2026-04-29 07:05:11,952 [ERROR] LogOutputStream:75 - [STDERR_REDIRECT] [Fatal Error] :1:1: Premature end of file.
2026-04-29 07:05:11,953 [ERROR] LogOutputStream:75 - [STDERR_REDIRECT] 
2026-04-29 07:05:12,939 [ERROR] LogOutputStream:75 - [STDERR_REDIRECT] [Fatal Error] :1:1: Premature end of file.
2026-04-29 07:05:12,939 [ERROR] LogOutputStream:75 - [STDERR_REDIRECT] 
2026-04-29 07:05:13,944 [ERROR] LogOutputStream:75 - [STDERR_REDIRECT] [Fatal Error] :1:1: Premature end of file.
2026-04-29 07:05:13,944 [ERROR] LogOutputStream:75 - [STDERR_REDIRECT] 
2026-04-29 07:05:14,945 [ERROR] LogOutputStream:75 - [STDERR_REDIRECT] [Fatal Error] :1:1: Premature end of file.
2026-04-29 07:05:14,945 [ERROR] LogOutputStream:75 - [STDERR_REDIRECT] 
2026-04-29 07:05:15,941 [ERROR] LogOutputStream:75 - [STDERR_REDIRECT] [Fatal Error] :1:1: Premature end of file.
2026-04-29 07:05:15,942 [ERROR] LogOutputStream:75 - [STDERR_REDIRECT] 
2026-04-29 07:05:16,949 [ERROR] LogOutputStream:75 - [STDERR_REDIRECT] [Fatal Error] :1:1: Premature end of file.
2026-04-29 07:05:16,949 [ERROR] LogOutputStream:75 - [STDERR_REDIRECT] 
2026-04-29 07:05:17,943 [ERROR] LogOutputStream:75 - [STDERR_REDIRECT] [Fatal Error] :1:1: Premature end of file.
2026-04-29 07:05:17,943 [ERROR] LogOutputStream:75 - [STDERR_REDIRECT] 
2026-04-29 07:05:18,955 [ERROR] LogOutputStream:75 - [STDERR_REDIRECT] [Fatal Error] :1:1: Premature end of file.
2026-04-29 07:05:18,956 [ERROR] LogOutputStream:75 - [STDERR_REDIRECT] 
2026-04-29 07:05:19,930 [ERROR] LogOutputStream:75 - [STDERR_REDIRECT] [Fatal Error] :1:1: Premature end of file.
2026-04-29 07:05:19,930 [ERROR] LogOutputStream:75 - [STDERR_REDIRECT] 
2026-04-29 07:05:20,936 [ERROR] LogOutputStream:75 - [STDERR_REDIRECT] [Fatal Error] :1:1: Premature end of file.
2026-04-29 07:05:20,936 [ERROR] LogOutputStream:75 - [STDERR_REDIRECT] 
2026-04-29 07:05:21,944 [ERROR] LogOutputStream:75 - [STDERR_REDIRECT] [Fatal Error] :1:1: Premature end of file.
2026-04-29 07:05:21,944 [ERROR] LogOutputStream:75 - [STDERR_REDIRECT] 
2026-04-29 07:05:22,934 [ERROR] LogOutputStream:75 - [STDERR_REDIRECT] [Fatal Error] :1:1: Premature end of file.
2026-04-29 07:05:22,934 [ERROR] LogOutputStream:75 - [STDERR_REDIRECT] 
2026-04-29 07:05:23,941 [ERROR] LogOutputStream:75 - [STDERR_REDIRECT] [Fatal Error] :1:1: Premature end of file.
2026-04-29 07:05:23,941 [ERROR] LogOutputStream:75 - [STDERR_REDIRECT] 
2026-04-29 07:05:24,951 [ERROR] LogOutputStream:75 - [STDERR_REDIRECT] [Fatal Error] :1:1: Premature end of file.
2026-04-29 07:05:24,951 [ERROR] LogOutputStream:75 - [STDERR_REDIRECT] 
2026-04-29 07:05:25,941 [ERROR] LogOutputStream:75 - [STDERR_REDIRECT] [Fatal Error] :1:1: Premature end of file.
2026-04-29 07:05:25,941 [ERROR] LogOutputStream:75 - [STDERR_REDIRECT] 
2026-04-29 07:05:26,947 [ERROR] LogOutputStream:75 - [STDERR_REDIRECT] [Fatal Error] :1:1: Premature end of file.
2026-04-29 07:05:26,947 [ERROR] LogOutputStream:75 - [STDERR_REDIRECT] 
2026-04-29 07:05:27,949 [ERROR] LogOutputStream:75 - [STDERR_REDIRECT] [Fatal Error] :1:1: Premature end of file.
2026-04-29 07:05:27,949 [ERROR] LogOutputStream:75 - [STDERR_REDIRECT] 
2026-04-29 07:05:28,944 [ERROR] LogOutputStream:75 - [STDERR_REDIRECT] [Fatal Error] :1:1: Premature end of file.
2026-04-29 07:05:28,944 [ERROR] LogOutputStream:75 - [STDERR_REDIRECT] 
2026-04-29 07:05:29,924 [ERROR] LogOutputStream:75 - [STDERR_REDIRECT] [Fatal Error] :1:1: Premature end of file.
2026-04-29 07:05:29,925 [ERROR] LogOutputStream:75 - [STDERR_REDIRECT] 
2026-04-29 07:05:30,926 [ERROR] LogOutputStream:75 - [STDERR_REDIRECT] [Fatal Error] :1:1: Premature end of file.
2026-04-29 07:05:30,926 [ERROR] LogOutputStream:75 - [STDERR_REDIRECT] 
2026-04-29 07:05:31,927 [ERROR] LogOutputStream:75 - [STDERR_REDIRECT] [Fatal Error] :1:1: Premature end of file.
2026-04-29 07:05:31,927 [ERROR] LogOutputStream:75 - [STDERR_REDIRECT] 
2026-04-29 07:05:32,962 [ERROR] LogOutputStream:75 - [STDERR_REDIRECT] [Fatal Error] :1:1: Premature end of file.
2026-04-29 07:05:32,972 [ERROR] LogOutputStream:75 - [STDERR_REDIRECT] 
2026-04-29 07:05:33,929 [ERROR] LogOutputStream:75 - [STDERR_REDIRECT] [Fatal Error] :1:1: Premature end of file.
2026-04-29 07:05:33,930 [ERROR] LogOutputStream:75 - [STDERR_REDIRECT] 
2026-04-29 07:05:34,940 [ERROR] LogOutputStream:75 - [STDERR_REDIRECT] [Fatal Error] :1:1: Premature end of file.
2026-04-29 07:05:34,941 [ERROR] LogOutputStream:75 - [STDERR_REDIRECT] 
2026-04-29 07:05:35,940 [ERROR] LogOutputStream:75 - [STDERR_REDIRECT] [Fatal Error] :1:1: Premature end of file.
2026-04-29 07:05:35,940 [ERROR] LogOutputStream:75 - [STDERR_REDIRECT] 
2026-04-29 07:05:36,958 [ERROR] LogOutputStream:75 - [STDERR_REDIRECT] [Fatal Error] :1:1: Premature end of file.
2026-04-29 07:05:36,958 [ERROR] LogOutputStream:75 - [STDERR_REDIRECT] 
2026-04-29 07:05:37,940 [ERROR] LogOutputStream:75 - [STDERR_REDIRECT] [Fatal Error] :1:1: Premature end of file.
2026-04-29 07:05:37,941 [ERROR] LogOutputStream:75 - [STDERR_REDIRECT] 
2026-04-29 07:05:38,952 [ERROR] LogOutputStream:75 - [STDERR_REDIRECT] [Fatal Error] :1:1: Premature end of file.
2026-04-29 07:05:38,952 [ERROR] LogOutputStream:75 - [STDERR_REDIRECT] 
2026-04-29 07:05:39,943 [ERROR] LogOutputStream:75 - [STDERR_REDIRECT] [Fatal Error] :1:1: Premature end of file.
2026-04-29 07:05:39,943 [ERROR] LogOutputStream:75 - [STDERR_REDIRECT] 
2026-04-29 07:05:40,943 [ERROR] LogOutputStream:75 - [STDERR_REDIRECT] [Fatal Error] :1:1: Premature end of file.
2026-04-29 07:05:40,944 [ERROR] LogOutputStream:75 - [STDERR_REDIRECT] 
2026-04-29 07:05:41,934 [ERROR] LogOutputStream:75 - [STDERR_REDIRECT] [Fatal Error] :1:1: Premature end of file.
2026-04-29 07:05:41,934 [ERROR] LogOutputStream:75 - [STDERR_REDIRECT] 
2026-04-29 07:05:42,949 [ERROR] LogOutputStream:75 - [STDERR_REDIRECT] [Fatal Error] :1:1: Premature end of file.
2026-04-29 07:05:42,949 [ERROR] LogOutputStream:75 - [STDERR_REDIRECT] 
2026-04-29 07:05:43,938 [ERROR] LogOutputStream:75 - [STDERR_REDIRECT] [Fatal Error] :1:1: Premature end of file.
2026-04-29 07:05:43,938 [ERROR] LogOutputStream:75 - [STDERR_REDIRECT] 
2026-04-29 07:05:44,955 [ERROR] LogOutputStream:75 - [STDERR_REDIRECT] [Fatal Error] :1:1: Premature end of file.
2026-04-29 07:05:44,955 [ERROR] LogOutputStream:75 - [STDERR_REDIRECT] 
2026-04-29 07:05:45,947 [ERROR] LogOutputStream:75 - [STDERR_REDIRECT] [Fatal Error] :1:1: Premature end of file.
2026-04-29 07:05:45,947 [ERROR] LogOutputStream:75 - [STDERR_REDIRECT] 
2026-04-29 07:05:46,946 [ERROR] LogOutputStream:75 - [STDERR_REDIRECT] [Fatal Error] :1:1: Premature end of file.
2026-04-29 07:05:46,946 [ERROR] LogOutputStream:75 - [STDERR_REDIRECT] 
2026-04-29 07:05:47,948 [ERROR] LogOutputStream:75 - [STDERR_REDIRECT] [Fatal Error] :1:1: Premature end of file.
2026-04-29 07:05:47,948 [ERROR] LogOutputStream:75 - [STDERR_REDIRECT] 
2026-04-29 07:05:48,942 [ERROR] LogOutputStream:75 - [STDERR_REDIRECT] [Fatal Error] :1:1: Premature end of file.
2026-04-29 07:05:48,942 [ERROR] LogOutputStream:75 - [STDERR_REDIRECT] 
2026-04-29 07:05:49,946 [ERROR] LogOutputStream:75 - [STDERR_REDIRECT] [Fatal Error] :1:1: Premature end of file.
2026-04-29 07:05:49,946 [ERROR] LogOutputStream:75 - [STDERR_REDIRECT] 
2026-04-29 07:05:50,924 [ERROR] LogOutputStream:75 - [STDERR_REDIRECT] [Fatal Error] :1:1: Premature end of file.
2026-04-29 07:05:50,924 [ERROR] LogOutputStream:75 - [STDERR_REDIRECT] 
2026-04-29 07:05:51,957 [ERROR] LogOutputStream:75 - [STDERR_REDIRECT] [Fatal Error] :1:1: Premature end of file.
2026-04-29 07:05:51,957 [ERROR] LogOutputStream:75 - [STDERR_REDIRECT] 
2026-04-29 07:05:52,946 [ERROR] LogOutputStream:75 - [STDERR_REDIRECT] [Fatal Error] :1:1: Premature end of file.
2026-04-29 07:05:52,946 [ERROR] LogOutputStream:75 - [STDERR_REDIRECT] 
2026-04-29 07:05:53,945 [ERROR] LogOutputStream:75 - [STDERR_REDIRECT] [Fatal Error] :1:1: Premature end of file.
2026-04-29 07:05:53,945 [ERROR] LogOutputStream:75 - [STDERR_REDIRECT] 
2026-04-29 07:05:54,947 [ERROR] LogOutputStream:75 - [STDERR_REDIRECT] [Fatal Error] :1:1: Premature end of file.
2026-04-29 07:05:54,948 [ERROR] LogOutputStream:75 - [STDERR_REDIRECT] 
2026-04-29 07:05:55,942 [ERROR] LogOutputStream:75 - [STDERR_REDIRECT] [Fatal Error] :1:1: Premature end of file.
2026-04-29 07:05:55,942 [ERROR] LogOutputStream:75 - [STDERR_REDIRECT] 
2026-04-29 07:05:56,937 [ERROR] LogOutputStream:75 - [STDERR_REDIRECT] [Fatal Error] :1:1: Premature end of file.
2026-04-29 07:05:56,937 [ERROR] LogOutputStream:75 - [STDERR_REDIRECT] 
2026-04-29 07:05:57,938 [ERROR] LogOutputStream:75 - [STDERR_REDIRECT] [Fatal Error] :1:1: Premature end of file.
2026-04-29 07:05:57,938 [ERROR] LogOutputStream:75 - [STDERR_REDIRECT] 
2026-04-29 07:05:58,940 [ERROR] LogOutputStream:75 - [STDERR_REDIRECT] [Fatal Error] :1:1: Premature end of file.
2026-04-29 07:05:58,941 [ERROR] LogOutputStream:75 - [STDERR_REDIRECT] 
2026-04-29 07:05:59,948 [ERROR] LogOutputStream:75 - [STDERR_REDIRECT] [Fatal Error] :1:1: Premature end of file.
2026-04-29 07:05:59,948 [ERROR] LogOutputStream:75 - [STDERR_REDIRECT] 
2026-04-29 07:06:00,954 [ERROR] LogOutputStream:75 - [STDERR_REDIRECT] [Fatal Error] :1:1: Premature end of file.
2026-04-29 07:06:00,954 [ERROR] LogOutputStream:75 - [STDERR_REDIRECT] 
2026-04-29 07:06:01,937 [ERROR] LogOutputStream:75 - [STDERR_REDIRECT] [Fatal Error] :1:1: Premature end of file.
2026-04-29 07:06:01,937 [ERROR] LogOutputStream:75 - [STDERR_REDIRECT] 
2026-04-29 07:06:02,941 [ERROR] LogOutputStream:75 - [STDERR_REDIRECT] [Fatal Error] :1:1: Premature end of file.
2026-04-29 07:06:02,942 [ERROR] LogOutputStream:75 - [STDERR_REDIRECT] 
2026-04-29 07:06:03,923 [ERROR] LogOutputStream:75 - [STDERR_REDIRECT] [Fatal Error] :1:1: Premature end of file.
2026-04-29 07:06:03,923 [ERROR] LogOutputStream:75 - [STDERR_REDIRECT] 
2026-04-29 07:06:04,945 [ERROR] LogOutputStream:75 - [STDERR_REDIRECT] [Fatal Error] :1:1: Premature end of file.
2026-04-29 07:06:04,945 [ERROR] LogOutputStream:75 - [STDERR_REDIRECT] 
2026-04-29 07:06:05,954 [ERROR] LogOutputStream:75 - [STDERR_REDIRECT] [Fatal Error] :1:1: Premature end of file.
2026-04-29 07:06:05,954 [ERROR] LogOutputStream:75 - [STDERR_REDIRECT] 
2026-04-29 07:06:06,944 [ERROR] LogOutputStream:75 - [STDERR_REDIRECT] [Fatal Error] :1:1: Premature end of file.
2026-04-29 07:06:06,944 [ERROR] LogOutputStream:75 - [STDERR_REDIRECT] 
2026-04-29 07:06:07,942 [ERROR] LogOutputStream:75 - [STDERR_REDIRECT] [Fatal Error] :1:1: Premature end of file.
2026-04-29 07:06:07,943 [ERROR] LogOutputStream:75 - [STDERR_REDIRECT] 
2026-04-29 07:06:08,950 [ERROR] LogOutputStream:75 - [STDERR_REDIRECT] [Fatal Error] :1:1: Premature end of file.
2026-04-29 07:06:08,950 [ERROR] LogOutputStream:75 - [STDERR_REDIRECT] 
2026-04-29 07:06:09,946 [ERROR] LogOutputStream:75 - [STDERR_REDIRECT] [Fatal Error] :1:1: Premature end of file.
2026-04-29 07:06:09,946 [ERROR] LogOutputStream:75 - [STDERR_REDIRECT] 
2026-04-29 07:06:10,924 [ERROR] LogOutputStream:75 - [STDERR_REDIRECT] [Fatal Error] :1:1: Premature end of file.
2026-04-29 07:06:10,924 [ERROR] LogOutputStream:75 - [STDERR_REDIRECT] 
2026-04-29 07:06:11,954 [ERROR] LogOutputStream:75 - [STDERR_REDIRECT] [Fatal Error] :1:1: Premature end of file.
2026-04-29 07:06:11,954 [ERROR] LogOutputStream:75 - [STDERR_REDIRECT] 
2026-04-29 07:06:12,934 [ERROR] LogOutputStream:75 - [STDERR_REDIRECT] [Fatal Error] :1:1: Premature end of file.
2026-04-29 07:06:12,934 [ERROR] LogOutputStream:75 - [STDERR_REDIRECT] 
2026-04-29 07:06:13,948 [ERROR] LogOutputStream:75 - [STDERR_REDIRECT] [Fatal Error] :1:1: Premature end of file.
2026-04-29 07:06:13,948 [ERROR] LogOutputStream:75 - [STDERR_REDIRECT] 
2026-04-29 07:06:14,945 [ERROR] LogOutputStream:75 - [STDERR_REDIRECT] [Fatal Error] :1:1: Premature end of file.
2026-04-29 07:06:14,945 [ERROR] LogOutputStream:75 - [STDERR_REDIRECT] 
2026-04-29 07:06:15,943 [ERROR] LogOutputStream:75 - [STDERR_REDIRECT] [Fatal Error] :1:1: Premature end of file.
2026-04-29 07:06:15,944 [ERROR] LogOutputStream:75 - [STDERR_REDIRECT] 
2026-04-29 07:06:16,938 [ERROR] LogOutputStream:75 - [STDERR_REDIRECT] [Fatal Error] :1:1: Premature end of file.
2026-04-29 07:06:16,938 [ERROR] LogOutputStream:75 - [STDERR_REDIRECT] 
2026-04-29 07:06:17,943 [ERROR] LogOutputStream:75 - [STDERR_REDIRECT] [Fatal Error] :1:1: Premature end of file.
2026-04-29 07:06:17,943 [ERROR] LogOutputStream:75 - [STDERR_REDIRECT] 
2026-04-29 07:06:18,923 [ERROR] LogOutputStream:75 - [STDERR_REDIRECT] [Fatal Error] :1:1: Premature end of file.
2026-04-29 07:06:18,923 [ERROR] LogOutputStream:75 - [STDERR_REDIRECT] 
2026-04-29 07:06:19,953 [ERROR] LogOutputStream:75 - [STDERR_REDIRECT] [Fatal Error] :1:1: Premature end of file.
2026-04-29 07:06:19,953 [ERROR] LogOutputStream:75 - [STDERR_REDIRECT] 
2026-04-29 07:06:20,925 [ERROR] LogOutputStream:75 - [STDERR_REDIRECT] [Fatal Error] :1:1: Premature end of file.
2026-04-29 07:06:20,925 [ERROR] LogOutputStream:75 - [STDERR_REDIRECT] 
2026-04-29 07:06:21,945 [ERROR] LogOutputStream:75 - [STDERR_REDIRECT] [Fatal Error] :1:1: Premature end of file.
2026-04-29 07:06:21,945 [ERROR] LogOutputStream:75 - [STDERR_REDIRECT] 
2026-04-29 07:06:22,939 [ERROR] LogOutputStream:75 - [STDERR_REDIRECT] [Fatal Error] :1:1: Premature end of file.
2026-04-29 07:06:22,939 [ERROR] LogOutputStream:75 - [STDERR_REDIRECT] 
2026-04-29 07:06:23,938 [ERROR] LogOutputStream:75 - [STDERR_REDIRECT] [Fatal Error] :1:1: Premature end of file.
2026-04-29 07:06:23,938 [ERROR] LogOutputStream:75 - [STDERR_REDIRECT] 
2026-04-29 07:06:24,940 [ERROR] LogOutputStream:75 - [STDERR_REDIRECT] [Fatal Error] :1:1: Premature end of file.
2026-04-29 07:06:24,940 [ERROR] LogOutputStream:75 - [STDERR_REDIRECT] 
2026-04-29 07:06:25,955 [ERROR] LogOutputStream:75 - [STDERR_REDIRECT] [Fatal Error] :1:1: Premature end of file.
2026-04-29 07:06:25,955 [ERROR] LogOutputStream:75 - [STDERR_REDIRECT] 
2026-04-29 07:06:26,942 [ERROR] LogOutputStream:75 - [STDERR_REDIRECT] [Fatal Error] :1:1: Premature end of file.
2026-04-29 07:06:26,942 [ERROR] LogOutputStream:75 - [STDERR_REDIRECT] 
2026-04-29 07:06:27,946 [ERROR] LogOutputStream:75 - [STDERR_REDIRECT] [Fatal Error] :1:1: Premature end of file.
2026-04-29 07:06:27,946 [ERROR] LogOutputStream:75 - [STDERR_REDIRECT] 
2026-04-29 07:06:28,936 [ERROR] LogOutputStream:75 - [STDERR_REDIRECT] [Fatal Error] :1:1: Premature end of file.
2026-04-29 07:06:28,936 [ERROR] LogOutputStream:75 - [STDERR_REDIRECT] 
2026-04-29 07:06:29,949 [ERROR] LogOutputStream:75 - [STDERR_REDIRECT] [Fatal Error] :1:1: Premature end of file.
2026-04-29 07:06:29,950 [ERROR] LogOutputStream:75 - [STDERR_REDIRECT] 
2026-04-29 07:06:30,937 [ERROR] LogOutputStream:75 - [STDERR_REDIRECT] [Fatal Error] :1:1: Premature end of file.
2026-04-29 07:06:30,937 [ERROR] LogOutputStream:75 - [STDERR_REDIRECT] 
2026-04-29 07:06:31,942 [ERROR] LogOutputStream:75 - [STDERR_REDIRECT] [Fatal Error] :1:1: Premature end of file.
2026-04-29 07:06:31,942 [ERROR] LogOutputStream:75 - [STDERR_REDIRECT] 
2026-04-29 07:06:32,942 [ERROR] LogOutputStream:75 - [STDERR_REDIRECT] [Fatal Error] :1:1: Premature end of file.
2026-04-29 07:06:32,942 [ERROR] LogOutputStream:75 - [STDERR_REDIRECT] 
2026-04-29 07:06:33,947 [ERROR] LogOutputStream:75 - [STDERR_REDIRECT] [Fatal Error] :1:1: Premature end of file.
2026-04-29 07:06:33,947 [ERROR] LogOutputStream:75 - [STDERR_REDIRECT] 
2026-04-29 07:06:34,944 [ERROR] LogOutputStream:75 - [STDERR_REDIRECT] [Fatal Error] :1:1: Premature end of file.
2026-04-29 07:06:34,944 [ERROR] LogOutputStream:75 - [STDERR_REDIRECT] 
2026-04-29 07:06:35,948 [ERROR] LogOutputStream:75 - [STDERR_REDIRECT] [Fatal Error] :1:1: Premature end of file.
2026-04-29 07:06:35,948 [ERROR] LogOutputStream:75 - [STDERR_REDIRECT] 
2026-04-29 07:06:36,949 [ERROR] LogOutputStream:75 - [STDERR_REDIRECT] [Fatal Error] :1:1: Premature end of file.
2026-04-29 07:06:36,949 [ERROR] LogOutputStream:75 - [STDERR_REDIRECT] 
2026-04-29 07:06:37,949 [ERROR] LogOutputStream:75 - [STDERR_REDIRECT] [Fatal Error] :1:1: Premature end of file.
2026-04-29 07:06:37,949 [ERROR] LogOutputStream:75 - [STDERR_REDIRECT] 
2026-04-29 07:06:38,946 [ERROR] LogOutputStream:75 - [STDERR_REDIRECT] [Fatal Error] :1:1: Premature end of file.
2026-04-29 07:06:38,946 [ERROR] LogOutputStream:75 - [STDERR_REDIRECT] 
2026-04-29 07:06:39,941 [ERROR] LogOutputStream:75 - [STDERR_REDIRECT] [Fatal Error] :1:1: Premature end of file.
2026-04-29 07:06:39,941 [ERROR] LogOutputStream:75 - [STDERR_REDIRECT] 
2026-04-29 07:06:40,940 [ERROR] LogOutputStream:75 - [STDERR_REDIRECT] [Fatal Error] :1:1: Premature end of file.
2026-04-29 07:06:40,940 [ERROR] LogOutputStream:75 - [STDERR_REDIRECT] 
2026-04-29 07:06:41,938 [ERROR] LogOutputStream:75 - [STDERR_REDIRECT] [Fatal Error] :1:1: Premature end of file.
2026-04-29 07:06:41,938 [ERROR] LogOutputStream:75 - [STDERR_REDIRECT] 
2026-04-29 07:06:42,949 [ERROR] LogOutputStream:75 - [STDERR_REDIRECT] [Fatal Error] :1:1: Premature end of file.
2026-04-29 07:06:42,950 [ERROR] LogOutputStream:75 - [STDERR_REDIRECT] 
2026-04-29 07:06:43,956 [ERROR] LogOutputStream:75 - [STDERR_REDIRECT] [Fatal Error] :1:1: Premature end of file.
2026-04-29 07:06:43,956 [ERROR] LogOutputStream:75 - [STDERR_REDIRECT] 
2026-04-29 07:06:44,941 [ERROR] LogOutputStream:75 - [STDERR_REDIRECT] [Fatal Error] :1:1: Premature end of file.
2026-04-29 07:06:44,941 [ERROR] LogOutputStream:75 - [STDERR_REDIRECT] 
2026-04-29 07:06:45,932 [ERROR] LogOutputStream:75 - [STDERR_REDIRECT] [Fatal Error] :1:1: Premature end of file.
2026-04-29 07:06:45,932 [ERROR] LogOutputStream:75 - [STDERR_REDIRECT] 
2026-04-29 07:06:46,950 [ERROR] LogOutputStream:75 - [STDERR_REDIRECT] [Fatal Error] :1:1: Premature end of file.
2026-04-29 07:06:46,950 [ERROR] LogOutputStream:75 - [STDERR_REDIRECT] 
2026-04-29 07:06:47,944 [ERROR] LogOutputStream:75 - [STDERR_REDIRECT] [Fatal Error] :1:1: Premature end of file.
2026-04-29 07:06:47,945 [ERROR] LogOutputStream:75 - [STDERR_REDIRECT] 
2026-04-29 07:06:48,940 [ERROR] LogOutputStream:75 - [STDERR_REDIRECT] [Fatal Error] :1:1: Premature end of file.
2026-04-29 07:06:48,941 [ERROR] LogOutputStream:75 - [STDERR_REDIRECT] 
2026-04-29 07:06:49,953 [ERROR] LogOutputStream:75 - [STDERR_REDIRECT] [Fatal Error] :1:1: Premature end of file.
2026-04-29 07:06:49,954 [ERROR] LogOutputStream:75 - [STDERR_REDIRECT] 
2026-04-29 07:06:50,938 [ERROR] LogOutputStream:75 - [STDERR_REDIRECT] [Fatal Error] :1:1: Premature end of file.
2026-04-29 07:06:50,938 [ERROR] LogOutputStream:75 - [STDERR_REDIRECT] 
2026-04-29 07:06:51,926 [ERROR] LogOutputStream:75 - [STDERR_REDIRECT] [Fatal Error] :1:1: Premature end of file.
2026-04-29 07:06:51,926 [ERROR] LogOutputStream:75 - [STDERR_REDIRECT] 
2026-04-29 07:06:52,939 [ERROR] LogOutputStream:75 - [STDERR_REDIRECT] [Fatal Error] :1:1: Premature end of file.
2026-04-29 07:06:52,939 [ERROR] LogOutputStream:75 - [STDERR_REDIRECT] 
2026-04-29 07:06:53,942 [ERROR] LogOutputStream:75 - [STDERR_REDIRECT] [Fatal Error] :1:1: Premature end of file.
2026-04-29 07:06:53,943 [ERROR] LogOutputStream:75 - [STDERR_REDIRECT] 
2026-04-29 07:06:54,959 [ERROR] LogOutputStream:75 - [STDERR_REDIRECT] [Fatal Error] :1:1: Premature end of file.
2026-04-29 07:06:54,959 [ERROR] LogOutputStream:75 - [STDERR_REDIRECT] 
2026-04-29 07:06:55,943 [ERROR] LogOutputStream:75 - [STDERR_REDIRECT] [Fatal Error] :1:1: Premature end of file.
2026-04-29 07:06:55,943 [ERROR] LogOutputStream:75 - [STDERR_REDIRECT] 
2026-04-29 07:06:56,945 [ERROR] LogOutputStream:75 - [STDERR_REDIRECT] [Fatal Error] :1:1: Premature end of file.
2026-04-29 07:06:56,945 [ERROR] LogOutputStream:75 - [STDERR_REDIRECT] 
2026-04-29 07:06:57,946 [ERROR] LogOutputStream:75 - [STDERR_REDIRECT] [Fatal Error] :1:1: Premature end of file.
2026-04-29 07:06:57,947 [ERROR] LogOutputStream:75 - [STDERR_REDIRECT] 
2026-04-29 07:06:58,941 [ERROR] LogOutputStream:75 - [STDERR_REDIRECT] [Fatal Error] :1:1: Premature end of file.
2026-04-29 07:06:58,941 [ERROR] LogOutputStream:75 - [STDERR_REDIRECT] 
2026-04-29 07:06:59,938 [ERROR] LogOutputStream:75 - [STDERR_REDIRECT] [Fatal Error] :1:1: Premature end of file.
2026-04-29 07:06:59,939 [ERROR] LogOutputStream:75 - [STDERR_REDIRECT] 
2026-04-29 07:07:00,923 [ERROR] LogOutputStream:75 - [STDERR_REDIRECT] [Fatal Error] :1:1: Premature end of file.
2026-04-29 07:07:00,923 [ERROR] LogOutputStream:75 - [STDERR_REDIRECT] 
2026-04-29 07:07:01,937 [ERROR] LogOutputStream:75 - [STDERR_REDIRECT] [Fatal Error] :1:1: Premature end of file.
2026-04-29 07:07:01,937 [ERROR] LogOutputStream:75 - [STDERR_REDIRECT] 
2026-04-29 07:07:02,945 [ERROR] LogOutputStream:75 - [STDERR_REDIRECT] [Fatal Error] :1:1: Premature end of file.
2026-04-29 07:07:02,945 [ERROR] LogOutputStream:75 - [STDERR_REDIRECT] 
2026-04-29 07:07:03,927 [ERROR] LogOutputStream:75 - [STDERR_REDIRECT] [Fatal Error] :1:1: Premature end of file.
2026-04-29 07:07:03,927 [ERROR] LogOutputStream:75 - [STDERR_REDIRECT] 
2026-04-29 07:07:04,948 [ERROR] LogOutputStream:75 - [STDERR_REDIRECT] [Fatal Error] :1:1: Premature end of file.
2026-04-29 07:07:04,948 [ERROR] LogOutputStream:75 - [STDERR_REDIRECT] 
2026-04-29 07:07:05,944 [ERROR] LogOutputStream:75 - [STDERR_REDIRECT] [Fatal Error] :1:1: Premature end of file.
2026-04-29 07:07:05,944 [ERROR] LogOutputStream:75 - [STDERR_REDIRECT] 
2026-04-29 07:07:06,943 [ERROR] LogOutputStream:75 - [STDERR_REDIRECT] [Fatal Error] :1:1: Premature end of file.
2026-04-29 07:07:06,943 [ERROR] LogOutputStream:75 - [STDERR_REDIRECT] 
2026-04-29 07:07:07,942 [ERROR] LogOutputStream:75 - [STDERR_REDIRECT] [Fatal Error] :1:1: Premature end of file.
2026-04-29 07:07:07,942 [ERROR] LogOutputStream:75 - [STDERR_REDIRECT] 
2026-04-29 07:07:08,941 [ERROR] LogOutputStream:75 - [STDERR_REDIRECT] [Fatal Error] :1:1: Premature end of file.
2026-04-29 07:07:08,942 [ERROR] LogOutputStream:75 - [STDERR_REDIRECT] 
2026-04-29 07:07:09,921 [ERROR] LogOutputStream:75 - [STDERR_REDIRECT] [Fatal Error] :1:1: Premature end of file.
2026-04-29 07:07:09,921 [ERROR] LogOutputStream:75 - [STDERR_REDIRECT] 
2026-04-29 07:07:10,945 [ERROR] LogOutputStream:75 - [STDERR_REDIRECT] [Fatal Error] :1:1: Premature end of file.
2026-04-29 07:07:10,945 [ERROR] LogOutputStream:75 - [STDERR_REDIRECT] 
2026-04-29 07:07:11,944 [ERROR] LogOutputStream:75 - [STDERR_REDIRECT] [Fatal Error] :1:1: Premature end of file.
2026-04-29 07:07:11,944 [ERROR] LogOutputStream:75 - [STDERR_REDIRECT] 
2026-04-29 07:07:12,943 [ERROR] LogOutputStream:75 - [STDERR_REDIRECT] [Fatal Error] :1:1: Premature end of file.
2026-04-29 07:07:12,943 [ERROR] LogOutputStream:75 - [STDERR_REDIRECT] 
2026-04-29 07:07:13,952 [ERROR] LogOutputStream:75 - [STDERR_REDIRECT] [Fatal Error] :1:1: Premature end of file.
2026-04-29 07:07:13,952 [ERROR] LogOutputStream:75 - [STDERR_REDIRECT] 
2026-04-29 07:07:14,949 [ERROR] LogOutputStream:75 - [STDERR_REDIRECT] [Fatal Error] :1:1: Premature end of file.
2026-04-29 07:07:14,949 [ERROR] LogOutputStream:75 - [STDERR_REDIRECT] 
2026-04-29 07:07:15,940 [ERROR] LogOutputStream:75 - [STDERR_REDIRECT] [Fatal Error] :1:1: Premature end of file.
2026-04-29 07:07:15,940 [ERROR] LogOutputStream:75 - [STDERR_REDIRECT] 
2026-04-29 07:07:16,934 [ERROR] LogOutputStream:75 - [STDERR_REDIRECT] [Fatal Error] :1:1: Premature end of file.
2026-04-29 07:07:16,934 [ERROR] LogOutputStream:75 - [STDERR_REDIRECT] 
2026-04-29 07:07:17,941 [ERROR] LogOutputStream:75 - [STDERR_REDIRECT] [Fatal Error] :1:1: Premature end of file.
2026-04-29 07:07:17,941 [ERROR] LogOutputStream:75 - [STDERR_REDIRECT] 
2026-04-29 07:07:18,944 [ERROR] LogOutputStream:75 - [STDERR_REDIRECT] [Fatal Error] :1:1: Premature end of file.
2026-04-29 07:07:18,944 [ERROR] LogOutputStream:75 - [STDERR_REDIRECT] 
2026-04-29 07:07:19,948 [ERROR] LogOutputStream:75 - [STDERR_REDIRECT] [Fatal Error] :1:1: Premature end of file.
2026-04-29 07:07:19,948 [ERROR] LogOutputStream:75 - [STDERR_REDIRECT] 
2026-04-29 07:07:20,941 [ERROR] LogOutputStream:75 - [STDERR_REDIRECT] [Fatal Error] :1:1: Premature end of file.
2026-04-29 07:07:20,941 [ERROR] LogOutputStream:75 - [STDERR_REDIRECT] 
2026-04-29 07:07:21,940 [ERROR] LogOutputStream:75 - [STDERR_REDIRECT] [Fatal Error] :1:1: Premature end of file.
2026-04-29 07:07:21,940 [ERROR] LogOutputStream:75 - [STDERR_REDIRECT] 
2026-04-29 07:07:22,942 [ERROR] LogOutputStream:75 - [STDERR_REDIRECT] [Fatal Error] :1:1: Premature end of file.
2026-04-29 07:07:22,942 [ERROR] LogOutputStream:75 - [STDERR_REDIRECT] 
2026-04-29 07:07:23,928 [ERROR] LogOutputStream:75 - [STDERR_REDIRECT] [Fatal Error] :1:1: Premature end of file.
2026-04-29 07:07:23,928 [ERROR] LogOutputStream:75 - [STDERR_REDIRECT] 
2026-04-29 07:07:24,943 [ERROR] LogOutputStream:75 - [STDERR_REDIRECT] [Fatal Error] :1:1: Premature end of file.
2026-04-29 07:07:24,943 [ERROR] LogOutputStream:75 - [STDERR_REDIRECT] 
2026-04-29 07:07:25,948 [ERROR] LogOutputStream:75 - [STDERR_REDIRECT] [Fatal Error] :1:1: Premature end of file.
2026-04-29 07:07:25,949 [ERROR] LogOutputStream:75 - [STDERR_REDIRECT] 
2026-04-29 07:07:26,941 [ERROR] LogOutputStream:75 - [STDERR_REDIRECT] [Fatal Error] :1:1: Premature end of file.
2026-04-29 07:07:26,941 [ERROR] LogOutputStream:75 - [STDERR_REDIRECT] 
2026-04-29 07:07:27,942 [ERROR] LogOutputStream:75 - [STDERR_REDIRECT] [Fatal Error] :1:1: Premature end of file.
2026-04-29 07:07:27,943 [ERROR] LogOutputStream:75 - [STDERR_REDIRECT] 
2026-04-29 07:07:28,935 [ERROR] LogOutputStream:75 - [STDERR_REDIRECT] [Fatal Error] :1:1: Premature end of file.
2026-04-29 07:07:28,935 [ERROR] LogOutputStream:75 - [STDERR_REDIRECT] 
2026-04-29 07:07:29,939 [ERROR] LogOutputStream:75 - [STDERR_REDIRECT] [Fatal Error] :1:1: Premature end of file.
2026-04-29 07:07:29,940 [ERROR] LogOutputStream:75 - [STDERR_REDIRECT] 
2026-04-29 07:07:30,943 [ERROR] LogOutputStream:75 - [STDERR_REDIRECT] [Fatal Error] :1:1: Premature end of file.
2026-04-29 07:07:30,943 [ERROR] LogOutputStream:75 - [STDERR_REDIRECT] 
2026-04-29 07:07:31,941 [ERROR] LogOutputStream:75 - [STDERR_REDIRECT] [Fatal Error] :1:1: Premature end of file.
2026-04-29 07:07:31,941 [ERROR] LogOutputStream:75 - [STDERR_REDIRECT] 
2026-04-29 07:07:32,937 [ERROR] LogOutputStream:75 - [STDERR_REDIRECT] [Fatal Error] :1:1: Premature end of file.
2026-04-29 07:07:32,938 [ERROR] LogOutputStream:75 - [STDERR_REDIRECT] 
2026-04-29 07:07:33,927 [ERROR] LogOutputStream:75 - [STDERR_REDIRECT] [Fatal Error] :1:1: Premature end of file.
2026-04-29 07:07:33,927 [ERROR] LogOutputStream:75 - [STDERR_REDIRECT] 
2026-04-29 07:07:34,921 [ERROR] LogOutputStream:75 - [STDERR_REDIRECT] [Fatal Error] :1:1: Premature end of file.
2026-04-29 07:07:34,921 [ERROR] LogOutputStream:75 - [STDERR_REDIRECT] 
2026-04-29 07:07:35,952 [ERROR] LogOutputStream:75 - [STDERR_REDIRECT] [Fatal Error] :1:1: Premature end of file.
2026-04-29 07:07:35,953 [ERROR] LogOutputStream:75 - [STDERR_REDIRECT] 
2026-04-29 07:07:36,954 [ERROR] LogOutputStream:75 - [STDERR_REDIRECT] [Fatal Error] :1:1: Premature end of file.
2026-04-29 07:07:36,954 [ERROR] LogOutputStream:75 - [STDERR_REDIRECT] 
2026-04-29 07:07:37,941 [ERROR] LogOutputStream:75 - [STDERR_REDIRECT] [Fatal Error] :1:1: Premature end of file.
2026-04-29 07:07:37,942 [ERROR] LogOutputStream:75 - [STDERR_REDIRECT] 
2026-04-29 07:07:38,939 [ERROR] LogOutputStream:75 - [STDERR_REDIRECT] [Fatal Error] :1:1: Premature end of file.
2026-04-29 07:07:38,940 [ERROR] LogOutputStream:75 - [STDERR_REDIRECT] 
2026-04-29 07:07:39,932 [ERROR] LogOutputStream:75 - [STDERR_REDIRECT] [Fatal Error] :1:1: Premature end of file.
2026-04-29 07:07:39,932 [ERROR] LogOutputStream:75 - [STDERR_REDIRECT] 
2026-04-29 07:07:40,946 [ERROR] LogOutputStream:75 - [STDERR_REDIRECT] [Fatal Error] :1:1: Premature end of file.
2026-04-29 07:07:40,946 [ERROR] LogOutputStream:75 - [STDERR_REDIRECT] 
2026-04-29 07:07:41,938 [ERROR] LogOutputStream:75 - [STDERR_REDIRECT] [Fatal Error] :1:1: Premature end of file.
2026-04-29 07:07:41,939 [ERROR] LogOutputStream:75 - [STDERR_REDIRECT] 
2026-04-29 07:07:42,921 [ERROR] LogOutputStream:75 - [STDERR_REDIRECT] [Fatal Error] :1:1: Premature end of file.
2026-04-29 07:07:42,921 [ERROR] LogOutputStream:75 - [STDERR_REDIRECT] 
2026-04-29 07:07:43,944 [ERROR] LogOutputStream:75 - [STDERR_REDIRECT] [Fatal Error] :1:1: Premature end of file.
2026-04-29 07:07:43,944 [ERROR] LogOutputStream:75 - [STDERR_REDIRECT] 
2026-04-29 07:07:44,933 [ERROR] LogOutputStream:75 - [STDERR_REDIRECT] [Fatal Error] :1:1: Premature end of file.
2026-04-29 07:07:44,933 [ERROR] LogOutputStream:75 - [STDERR_REDIRECT] 
2026-04-29 07:07:45,932 [ERROR] LogOutputStream:75 - [STDERR_REDIRECT] [Fatal Error] :1:1: Premature end of file.
2026-04-29 07:07:45,932 [ERROR] LogOutputStream:75 - [STDERR_REDIRECT] 
2026-04-29 07:07:46,934 [ERROR] LogOutputStream:75 - [STDERR_REDIRECT] [Fatal Error] :1:1: Premature end of file.
2026-04-29 07:07:46,934 [ERROR] LogOutputStream:75 - [STDERR_REDIRECT] 
2026-04-29 07:07:47,944 [ERROR] LogOutputStream:75 - [STDERR_REDIRECT] [Fatal Error] :1:1: Premature end of file.
2026-04-29 07:07:47,944 [ERROR] LogOutputStream:75 - [STDERR_REDIRECT] 
2026-04-29 07:07:48,937 [ERROR] LogOutputStream:75 - [STDERR_REDIRECT] [Fatal Error] :1:1: Premature end of file.
2026-04-29 07:07:48,938 [ERROR] LogOutputStream:75 - [STDERR_REDIRECT] 
2026-04-29 07:07:49,937 [ERROR] LogOutputStream:75 - [STDERR_REDIRECT] [Fatal Error] :1:1: Premature end of file.
2026-04-29 07:07:49,937 [ERROR] LogOutputStream:75 - [STDERR_REDIRECT] 
2026-04-29 07:07:50,941 [ERROR] LogOutputStream:75 - [STDERR_REDIRECT] [Fatal Error] :1:1: Premature end of file.
2026-04-29 07:07:50,941 [ERROR] LogOutputStream:75 - [STDERR_REDIRECT] 
2026-04-29 07:07:51,939 [ERROR] LogOutputStream:75 - [STDERR_REDIRECT] [Fatal Error] :1:1: Premature end of file.
2026-04-29 07:07:51,940 [ERROR] LogOutputStream:75 - [STDERR_REDIRECT] 
2026-04-29 07:07:52,922 [ERROR] LogOutputStream:75 - [STDERR_REDIRECT] [Fatal Error] :1:1: Premature end of file.
2026-04-29 07:07:52,922 [ERROR] LogOutputStream:75 - [STDERR_REDIRECT] 
2026-04-29 07:07:53,932 [ERROR] LogOutputStream:75 - [STDERR_REDIRECT] [Fatal Error] :1:1: Premature end of file.
2026-04-29 07:07:53,932 [ERROR] LogOutputStream:75 - [STDERR_REDIRECT] 
2026-04-29 07:07:54,945 [ERROR] LogOutputStream:75 - [STDERR_REDIRECT] [Fatal Error] :1:1: Premature end of file.
2026-04-29 07:07:54,945 [ERROR] LogOutputStream:75 - [STDERR_REDIRECT] 
2026-04-29 07:07:55,945 [ERROR] LogOutputStream:75 - [STDERR_REDIRECT] [Fatal Error] :1:1: Premature end of file.
2026-04-29 07:07:55,945 [ERROR] LogOutputStream:75 - [STDERR_REDIRECT] 
2026-04-29 07:07:56,940 [ERROR] LogOutputStream:75 - [STDERR_REDIRECT] [Fatal Error] :1:1: Premature end of file.
2026-04-29 07:07:56,940 [ERROR] LogOutputStream:75 - [STDERR_REDIRECT] 
2026-04-29 07:07:57,940 [ERROR] LogOutputStream:75 - [STDERR_REDIRECT] [Fatal Error] :1:1: Premature end of file.
2026-04-29 07:07:57,940 [ERROR] LogOutputStream:75 - [STDERR_REDIRECT] 
2026-04-29 07:07:58,942 [ERROR] LogOutputStream:75 - [STDERR_REDIRECT] [Fatal Error] :1:1: Premature end of file.
2026-04-29 07:07:58,942 [ERROR] LogOutputStream:75 - [STDERR_REDIRECT] 
2026-04-29 07:07:59,923 [ERROR] LogOutputStream:75 - [STDERR_REDIRECT] [Fatal Error] :1:1: Premature end of file.
2026-04-29 07:07:59,923 [ERROR] LogOutputStream:75 - [STDERR_REDIRECT] 
2026-04-29 07:08:00,922 [ERROR] LogOutputStream:75 - [STDERR_REDIRECT] [Fatal Error] :1:1: Premature end of file.
2026-04-29 07:08:00,922 [ERROR] LogOutputStream:75 - [STDERR_REDIRECT] 
2026-04-29 07:08:01,920 [ERROR] LogOutputStream:75 - [STDERR_REDIRECT] [Fatal Error] :1:1: Premature end of file.
2026-04-29 07:08:01,921 [ERROR] LogOutputStream:75 - [STDERR_REDIRECT] 
2026-04-29 07:08:02,942 [ERROR] LogOutputStream:75 - [STDERR_REDIRECT] [Fatal Error] :1:1: Premature end of file.
2026-04-29 07:08:02,942 [ERROR] LogOutputStream:75 - [STDERR_REDIRECT] 
2026-04-29 07:08:03,926 [ERROR] LogOutputStream:75 - [STDERR_REDIRECT] [Fatal Error] :1:1: Premature end of file.
2026-04-29 07:08:03,926 [ERROR] LogOutputStream:75 - [STDERR_REDIRECT] 
2026-04-29 07:08:04,953 [ERROR] LogOutputStream:75 - [STDERR_REDIRECT] [Fatal Error] :1:1: Premature end of file.
2026-04-29 07:08:04,953 [ERROR] LogOutputStream:75 - [STDERR_REDIRECT] 
2026-04-29 07:08:05,941 [ERROR] LogOutputStream:75 - [STDERR_REDIRECT] [Fatal Error] :1:1: Premature end of file.
2026-04-29 07:08:05,943 [ERROR] LogOutputStream:75 - [STDERR_REDIRECT] 
2026-04-29 07:08:06,938 [ERROR] LogOutputStream:75 - [STDERR_REDIRECT] [Fatal Error] :1:1: Premature end of file.
2026-04-29 07:08:06,939 [ERROR] LogOutputStream:75 - [STDERR_REDIRECT] 
2026-04-29 07:08:07,938 [ERROR] LogOutputStream:75 - [STDERR_REDIRECT] [Fatal Error] :1:1: Premature end of file.
2026-04-29 07:08:07,939 [ERROR] LogOutputStream:75 - [STDERR_REDIRECT] 
2026-04-29 07:08:08,941 [ERROR] LogOutputStream:75 - [STDERR_REDIRECT] [Fatal Error] :1:1: Premature end of file.
2026-04-29 07:08:08,941 [ERROR] LogOutputStream:75 - [STDERR_REDIRECT] 
2026-04-29 07:08:09,943 [ERROR] LogOutputStream:75 - [STDERR_REDIRECT] [Fatal Error] :1:1: Premature end of file.
2026-04-29 07:08:09,943 [ERROR] LogOutputStream:75 - [STDERR_REDIRECT] 
2026-04-29 07:08:10,946 [ERROR] LogOutputStream:75 - [STDERR_REDIRECT] [Fatal Error] :1:1: Premature end of file.
2026-04-29 07:08:10,946 [ERROR] LogOutputStream:75 - [STDERR_REDIRECT] 
2026-04-29 07:08:11,939 [ERROR] LogOutputStream:75 - [STDERR_REDIRECT] [Fatal Error] :1:1: Premature end of file.
2026-04-29 07:08:11,939 [ERROR] LogOutputStream:75 - [STDERR_REDIRECT] 
2026-04-29 07:08:12,938 [ERROR] LogOutputStream:75 - [STDERR_REDIRECT] [Fatal Error] :1:1: Premature end of file.
2026-04-29 07:08:12,938 [ERROR] LogOutputStream:75 - [STDERR_REDIRECT] 
2026-04-29 07:08:13,932 [ERROR] LogOutputStream:75 - [STDERR_REDIRECT] [Fatal Error] :1:1: Premature end of file.
2026-04-29 07:08:13,932 [ERROR] LogOutputStream:75 - [STDERR_REDIRECT] 
2026-04-29 07:08:14,935 [ERROR] LogOutputStream:75 - [STDERR_REDIRECT] [Fatal Error] :1:1: Premature end of file.
2026-04-29 07:08:14,935 [ERROR] LogOutputStream:75 - [STDERR_REDIRECT] 
2026-04-29 07:08:15,932 [ERROR] LogOutputStream:75 - [STDERR_REDIRECT] [Fatal Error] :1:1: Premature end of file.
2026-04-29 07:08:15,932 [ERROR] LogOutputStream:75 - [STDERR_REDIRECT] 
2026-04-29 07:08:16,921 [ERROR] LogOutputStream:75 - [STDERR_REDIRECT] [Fatal Error] :1:1: Premature end of file.
2026-04-29 07:08:16,921 [ERROR] LogOutputStream:75 - [STDERR_REDIRECT] 
2026-04-29 07:08:17,944 [ERROR] LogOutputStream:75 - [STDERR_REDIRECT] [Fatal Error] :1:1: Premature end of file.
2026-04-29 07:08:17,944 [ERROR] LogOutputStream:75 - [STDERR_REDIRECT] 
2026-04-29 07:08:18,949 [ERROR] LogOutputStream:75 - [STDERR_REDIRECT] [Fatal Error] :1:1: Premature end of file.
2026-04-29 07:08:18,949 [ERROR] LogOutputStream:75 - [STDERR_REDIRECT] 
2026-04-29 07:08:19,940 [ERROR] LogOutputStream:75 - [STDERR_REDIRECT] [Fatal Error] :1:1: Premature end of file.
2026-04-29 07:08:19,940 [ERROR] LogOutputStream:75 - [STDERR_REDIRECT] 
2026-04-29 07:08:20,939 [ERROR] LogOutputStream:75 - [STDERR_REDIRECT] [Fatal Error] :1:1: Premature end of file.
2026-04-29 07:08:20,939 [ERROR] LogOutputStream:75 - [STDERR_REDIRECT] 
2026-04-29 07:08:21,946 [ERROR] LogOutputStream:75 - [STDERR_REDIRECT] [Fatal Error] :1:1: Premature end of file.
2026-04-29 07:08:21,946 [ERROR] LogOutputStream:75 - [STDERR_REDIRECT] 
2026-04-29 07:08:22,962 [ERROR] LogOutputStream:75 - [STDERR_REDIRECT] [Fatal Error] :1:1: Premature end of file.
2026-04-29 07:08:22,962 [ERROR] LogOutputStream:75 - [STDERR_REDIRECT] 
2026-04-29 07:08:23,952 [ERROR] LogOutputStream:75 - [STDERR_REDIRECT] [Fatal Error] :1:1: Premature end of file.
2026-04-29 07:08:23,952 [ERROR] LogOutputStream:75 - [STDERR_REDIRECT] 
2026-04-29 07:08:24,947 [ERROR] LogOutputStream:75 - [STDERR_REDIRECT] [Fatal Error] :1:1: Premature end of file.
2026-04-29 07:08:24,947 [ERROR] LogOutputStream:75 - [STDERR_REDIRECT] 
2026-04-29 07:08:25,940 [ERROR] LogOutputStream:75 - [STDERR_REDIRECT] [Fatal Error] :1:1: Premature end of file.
2026-04-29 07:08:25,940 [ERROR] LogOutputStream:75 - [STDERR_REDIRECT] 
2026-04-29 07:08:26,946 [ERROR] LogOutputStream:75 - [STDERR_REDIRECT] [Fatal Error] :1:1: Premature end of file.
2026-04-29 07:08:26,946 [ERROR] LogOutputStream:75 - [STDERR_REDIRECT] 
2026-04-29 07:08:27,941 [ERROR] LogOutputStream:75 - [STDERR_REDIRECT] [Fatal Error] :1:1: Premature end of file.
2026-04-29 07:08:27,941 [ERROR] LogOutputStream:75 - [STDERR_REDIRECT] 
2026-04-29 07:08:28,942 [ERROR] LogOutputStream:75 - [STDERR_REDIRECT] [Fatal Error] :1:1: Premature end of file.
2026-04-29 07:08:28,942 [ERROR] LogOutputStream:75 - [STDERR_REDIRECT] 
2026-04-29 07:08:29,941 [ERROR] LogOutputStream:75 - [STDERR_REDIRECT] [Fatal Error] :1:1: Premature end of file.
2026-04-29 07:08:29,942 [ERROR] LogOutputStream:75 - [STDERR_REDIRECT] 
2026-04-29 07:08:30,939 [ERROR] LogOutputStream:75 - [STDERR_REDIRECT] [Fatal Error] :1:1: Premature end of file.
2026-04-29 07:08:30,939 [ERROR] LogOutputStream:75 - [STDERR_REDIRECT] 
2026-04-29 07:08:31,937 [ERROR] LogOutputStream:75 - [STDERR_REDIRECT] [Fatal Error] :1:1: Premature end of file.
2026-04-29 07:08:31,937 [ERROR] LogOutputStream:75 - [STDERR_REDIRECT] 
2026-04-29 07:08:32,942 [ERROR] LogOutputStream:75 - [STDERR_REDIRECT] [Fatal Error] :1:1: Premature end of file.
2026-04-29 07:08:32,942 [ERROR] LogOutputStream:75 - [STDERR_REDIRECT] 
2026-04-29 07:08:33,946 [ERROR] LogOutputStream:75 - [STDERR_REDIRECT] [Fatal Error] :1:1: Premature end of file.
2026-04-29 07:08:33,946 [ERROR] LogOutputStream:75 - [STDERR_REDIRECT] 
2026-04-29 07:08:34,933 [ERROR] LogOutputStream:75 - [STDERR_REDIRECT] [Fatal Error] :1:1: Premature end of file.
2026-04-29 07:08:34,933 [ERROR] LogOutputStream:75 - [STDERR_REDIRECT] 
2026-04-29 07:08:35,951 [ERROR] LogOutputStream:75 - [STDERR_REDIRECT] [Fatal Error] :1:1: Premature end of file.
2026-04-29 07:08:35,951 [ERROR] LogOutputStream:75 - [STDERR_REDIRECT] 
2026-04-29 07:08:36,951 [ERROR] LogOutputStream:75 - [STDERR_REDIRECT] [Fatal Error] :1:1: Premature end of file.
2026-04-29 07:08:36,951 [ERROR] LogOutputStream:75 - [STDERR_REDIRECT] 
2026-04-29 07:08:37,934 [ERROR] LogOutputStream:75 - [STDERR_REDIRECT] [Fatal Error] :1:1: Premature end of file.
2026-04-29 07:08:37,934 [ERROR] LogOutputStream:75 - [STDERR_REDIRECT] 
2026-04-29 07:08:38,953 [ERROR] LogOutputStream:75 - [STDERR_REDIRECT] [Fatal Error] :1:1: Premature end of file.
2026-04-29 07:08:38,953 [ERROR] LogOutputStream:75 - [STDERR_REDIRECT] 
2026-04-29 07:08:39,951 [ERROR] LogOutputStream:75 - [STDERR_REDIRECT] [Fatal Error] :1:1: Premature end of file.
2026-04-29 07:08:39,951 [ERROR] LogOutputStream:75 - [STDERR_REDIRECT] 
2026-04-29 07:08:40,955 [ERROR] LogOutputStream:75 - [STDERR_REDIRECT] [Fatal Error] :1:1: Premature end of file.
2026-04-29 07:08:40,955 [ERROR] LogOutputStream:75 - [STDERR_REDIRECT] 
2026-04-29 07:08:41,942 [ERROR] LogOutputStream:75 - [STDERR_REDIRECT] [Fatal Error] :1:1: Premature end of file.
2026-04-29 07:08:41,942 [ERROR] LogOutputStream:75 - [STDERR_REDIRECT] 
2026-04-29 07:08:42,943 [ERROR] LogOutputStream:75 - [STDERR_REDIRECT] [Fatal Error] :1:1: Premature end of file.
2026-04-29 07:08:42,943 [ERROR] LogOutputStream:75 - [STDERR_REDIRECT] 
2026-04-29 07:08:43,960 [ERROR] LogOutputStream:75 - [STDERR_REDIRECT] [Fatal Error] :1:1: Premature end of file.
2026-04-29 07:08:43,960 [ERROR] LogOutputStream:75 - [STDERR_REDIRECT] 
2026-04-29 07:08:44,939 [ERROR] LogOutputStream:75 - [STDERR_REDIRECT] [Fatal Error] :1:1: Premature end of file.
2026-04-29 07:08:44,939 [ERROR] LogOutputStream:75 - [STDERR_REDIRECT] 
2026-04-29 07:08:45,949 [ERROR] LogOutputStream:75 - [STDERR_REDIRECT] [Fatal Error] :1:1: Premature end of file.
2026-04-29 07:08:45,949 [ERROR] LogOutputStream:75 - [STDERR_REDIRECT] 
2026-04-29 07:08:46,946 [ERROR] LogOutputStream:75 - [STDERR_REDIRECT] [Fatal Error] :1:1: Premature end of file.
2026-04-29 07:08:46,946 [ERROR] LogOutputStream:75 - [STDERR_REDIRECT] 
2026-04-29 07:08:47,948 [ERROR] LogOutputStream:75 - [STDERR_REDIRECT] [Fatal Error] :1:1: Premature end of file.
2026-04-29 07:08:47,949 [ERROR] LogOutputStream:75 - [STDERR_REDIRECT] 
2026-04-29 07:08:48,942 [ERROR] LogOutputStream:75 - [STDERR_REDIRECT] [Fatal Error] :1:1: Premature end of file.
2026-04-29 07:08:48,942 [ERROR] LogOutputStream:75 - [STDERR_REDIRECT] 
2026-04-29 07:08:49,949 [ERROR] LogOutputStream:75 - [STDERR_REDIRECT] [Fatal Error] :1:1: Premature end of file.
2026-04-29 07:08:49,949 [ERROR] LogOutputStream:75 - [STDERR_REDIRECT] 
2026-04-29 07:08:50,945 [ERROR] LogOutputStream:75 - [STDERR_REDIRECT] [Fatal Error] :1:1: Premature end of file.
2026-04-29 07:08:50,945 [ERROR] LogOutputStream:75 - [STDERR_REDIRECT] 
2026-04-29 07:08:51,932 [ERROR] LogOutputStream:75 - [STDERR_REDIRECT] [Fatal Error] :1:1: Premature end of file.
2026-04-29 07:08:51,932 [ERROR] LogOutputStream:75 - [STDERR_REDIRECT] 
2026-04-29 07:08:52,949 [ERROR] LogOutputStream:75 - [STDERR_REDIRECT] [Fatal Error] :1:1: Premature end of file.
2026-04-29 07:08:52,949 [ERROR] LogOutputStream:75 - [STDERR_REDIRECT] 
2026-04-29 07:08:53,951 [ERROR] LogOutputStream:75 - [STDERR_REDIRECT] [Fatal Error] :1:1: Premature end of file.
2026-04-29 07:08:53,952 [ERROR] LogOutputStream:75 - [STDERR_REDIRECT] 
2026-04-29 07:08:54,952 [ERROR] LogOutputStream:75 - [STDERR_REDIRECT] [Fatal Error] :1:1: Premature end of file.
2026-04-29 07:08:54,952 [ERROR] LogOutputStream:75 - [STDERR_REDIRECT] 
2026-04-29 07:08:55,948 [ERROR] LogOutputStream:75 - [STDERR_REDIRECT] [Fatal Error] :1:1: Premature end of file.
2026-04-29 07:08:55,948 [ERROR] LogOutputStream:75 - [STDERR_REDIRECT] 
2026-04-29 07:08:56,947 [ERROR] LogOutputStream:75 - [STDERR_REDIRECT] [Fatal Error] :1:1: Premature end of file.
2026-04-29 07:08:56,948 [ERROR] LogOutputStream:75 - [STDERR_REDIRECT] 
2026-04-29 07:08:57,954 [ERROR] LogOutputStream:75 - [STDERR_REDIRECT] [Fatal Error] :1:1: Premature end of file.
2026-04-29 07:08:57,955 [ERROR] LogOutputStream:75 - [STDERR_REDIRECT] 
2026-04-29 07:08:58,945 [ERROR] LogOutputStream:75 - [STDERR_REDIRECT] [Fatal Error] :1:1: Premature end of file.
2026-04-29 07:08:58,945 [ERROR] LogOutputStream:75 - [STDERR_REDIRECT] 
2026-04-29 07:08:59,934 [ERROR] LogOutputStream:75 - [STDERR_REDIRECT] [Fatal Error] :1:1: Premature end of file.
2026-04-29 07:08:59,934 [ERROR] LogOutputStream:75 - [STDERR_REDIRECT] 
2026-04-29 07:09:00,955 [ERROR] LogOutputStream:75 - [STDERR_REDIRECT] [Fatal Error] :1:1: Premature end of file.
2026-04-29 07:09:00,955 [ERROR] LogOutputStream:75 - [STDERR_REDIRECT] 
2026-04-29 07:09:01,942 [ERROR] LogOutputStream:75 - [STDERR_REDIRECT] [Fatal Error] :1:1: Premature end of file.
2026-04-29 07:09:01,942 [ERROR] LogOutputStream:75 - [STDERR_REDIRECT] 
2026-04-29 07:09:02,942 [ERROR] LogOutputStream:75 - [STDERR_REDIRECT] [Fatal Error] :1:1: Premature end of file.
2026-04-29 07:09:02,942 [ERROR] LogOutputStream:75 - [STDERR_REDIRECT] 
2026-04-29 07:09:03,943 [ERROR] LogOutputStream:75 - [STDERR_REDIRECT] [Fatal Error] :1:1: Premature end of file.
2026-04-29 07:09:03,943 [ERROR] LogOutputStream:75 - [STDERR_REDIRECT] 
2026-04-29 07:09:04,953 [ERROR] LogOutputStream:75 - [STDERR_REDIRECT] [Fatal Error] :1:1: Premature end of file.
2026-04-29 07:09:04,953 [ERROR] LogOutputStream:75 - [STDERR_REDIRECT] 
2026-04-29 07:09:05,956 [ERROR] LogOutputStream:75 - [STDERR_REDIRECT] [Fatal Error] :1:1: Premature end of file.
2026-04-29 07:09:05,956 [ERROR] LogOutputStream:75 - [STDERR_REDIRECT] 
2026-04-29 07:09:06,943 [ERROR] LogOutputStream:75 - [STDERR_REDIRECT] [Fatal Error] :1:1: Premature end of file.
2026-04-29 07:09:06,943 [ERROR] LogOutputStream:75 - [STDERR_REDIRECT] 
2026-04-29 07:09:07,938 [ERROR] LogOutputStream:75 - [STDERR_REDIRECT] [Fatal Error] :1:1: Premature end of file.
2026-04-29 07:09:07,938 [ERROR] LogOutputStream:75 - [STDERR_REDIRECT] 
2026-04-29 07:09:08,961 [ERROR] LogOutputStream:75 - [STDERR_REDIRECT] [Fatal Error] :1:1: Premature end of file.
2026-04-29 07:09:08,962 [ERROR] LogOutputStream:75 - [STDERR_REDIRECT] 
2026-04-29 07:09:09,942 [ERROR] LogOutputStream:75 - [STDERR_REDIRECT] [Fatal Error] :1:1: Premature end of file.
2026-04-29 07:09:09,942 [ERROR] LogOutputStream:75 - [STDERR_REDIRECT] 
2026-04-29 07:09:10,943 [ERROR] LogOutputStream:75 - [STDERR_REDIRECT] [Fatal Error] :1:1: Premature end of file.
2026-04-29 07:09:10,943 [ERROR] LogOutputStream:75 - [STDERR_REDIRECT] 
2026-04-29 07:09:11,950 [ERROR] LogOutputStream:75 - [STDERR_REDIRECT] [Fatal Error] :1:1: Premature end of file.
2026-04-29 07:09:11,950 [ERROR] LogOutputStream:75 - [STDERR_REDIRECT] 
2026-04-29 07:09:12,937 [ERROR] LogOutputStream:75 - [STDERR_REDIRECT] [Fatal Error] :1:1: Premature end of file.
2026-04-29 07:09:12,937 [ERROR] LogOutputStream:75 - [STDERR_REDIRECT] 
2026-04-29 07:09:13,944 [ERROR] LogOutputStream:75 - [STDERR_REDIRECT] [Fatal Error] :1:1: Premature end of file.
2026-04-29 07:09:13,945 [ERROR] LogOutputStream:75 - [STDERR_REDIRECT] 
2026-04-29 07:09:14,955 [ERROR] LogOutputStream:75 - [STDERR_REDIRECT] [Fatal Error] :1:1: Premature end of file.
2026-04-29 07:09:14,955 [ERROR] LogOutputStream:75 - [STDERR_REDIRECT] 
2026-04-29 07:09:15,947 [ERROR] LogOutputStream:75 - [STDERR_REDIRECT] [Fatal Error] :1:1: Premature end of file.
2026-04-29 07:09:15,947 [ERROR] LogOutputStream:75 - [STDERR_REDIRECT] 
2026-04-29 07:09:16,947 [ERROR] LogOutputStream:75 - [STDERR_REDIRECT] [Fatal Error] :1:1: Premature end of file.
2026-04-29 07:09:16,947 [ERROR] LogOutputStream:75 - [STDERR_REDIRECT] 
2026-04-29 07:09:17,934 [ERROR] LogOutputStream:75 - [STDERR_REDIRECT] [Fatal Error] :1:1: Premature end of file.
2026-04-29 07:09:17,934 [ERROR] LogOutputStream:75 - [STDERR_REDIRECT] 
2026-04-29 07:09:18,950 [ERROR] LogOutputStream:75 - [STDERR_REDIRECT] [Fatal Error] :1:1: Premature end of file.
2026-04-29 07:09:18,951 [ERROR] LogOutputStream:75 - [STDERR_REDIRECT] 
2026-04-29 07:09:19,946 [ERROR] LogOutputStream:75 - [STDERR_REDIRECT] [Fatal Error] :1:1: Premature end of file.
2026-04-29 07:09:19,946 [ERROR] LogOutputStream:75 - [STDERR_REDIRECT] 
2026-04-29 07:09:20,949 [ERROR] LogOutputStream:75 - [STDERR_REDIRECT] [Fatal Error] :1:1: Premature end of file.
2026-04-29 07:09:20,949 [ERROR] LogOutputStream:75 - [STDERR_REDIRECT] 
2026-04-29 07:09:21,939 [ERROR] LogOutputStream:75 - [STDERR_REDIRECT] [Fatal Error] :1:1: Premature end of file.
2026-04-29 07:09:21,939 [ERROR] LogOutputStream:75 - [STDERR_REDIRECT] 
2026-04-29 07:09:22,954 [ERROR] LogOutputStream:75 - [STDERR_REDIRECT] [Fatal Error] :1:1: Premature end of file.
2026-04-29 07:09:22,954 [ERROR] LogOutputStream:75 - [STDERR_REDIRECT] 
2026-04-29 07:09:23,950 [ERROR] LogOutputStream:75 - [STDERR_REDIRECT] [Fatal Error] :1:1: Premature end of file.
2026-04-29 07:09:23,950 [ERROR] LogOutputStream:75 - [STDERR_REDIRECT] 
2026-04-29 07:09:24,948 [ERROR] LogOutputStream:75 - [STDERR_REDIRECT] [Fatal Error] :1:1: Premature end of file.
2026-04-29 07:09:24,948 [ERROR] LogOutputStream:75 - [STDERR_REDIRECT] 
2026-04-29 07:09:25,946 [ERROR] LogOutputStream:75 - [STDERR_REDIRECT] [Fatal Error] :1:1: Premature end of file.
2026-04-29 07:09:25,946 [ERROR] LogOutputStream:75 - [STDERR_REDIRECT] 
2026-04-29 07:09:26,945 [ERROR] LogOutputStream:75 - [STDERR_REDIRECT] [Fatal Error] :1:1: Premature end of file.
2026-04-29 07:09:26,945 [ERROR] LogOutputStream:75 - [STDERR_REDIRECT] 
2026-04-29 07:09:27,942 [ERROR] LogOutputStream:75 - [STDERR_REDIRECT] [Fatal Error] :1:1: Premature end of file.
2026-04-29 07:09:27,942 [ERROR] LogOutputStream:75 - [STDERR_REDIRECT] 
2026-04-29 07:09:28,945 [ERROR] LogOutputStream:75 - [STDERR_REDIRECT] [Fatal Error] :1:1: Premature end of file.
2026-04-29 07:09:28,945 [ERROR] LogOutputStream:75 - [STDERR_REDIRECT] 
2026-04-29 07:09:29,947 [ERROR] LogOutputStream:75 - [STDERR_REDIRECT] [Fatal Error] :1:1: Premature end of file.
2026-04-29 07:09:29,947 [ERROR] LogOutputStream:75 - [STDERR_REDIRECT] 
2026-04-29 07:09:30,936 [ERROR] LogOutputStream:75 - [STDERR_REDIRECT] [Fatal Error] :1:1: Premature end of file.
2026-04-29 07:09:30,936 [ERROR] LogOutputStream:75 - [STDERR_REDIRECT] 
2026-04-29 07:09:31,948 [ERROR] LogOutputStream:75 - [STDERR_REDIRECT] [Fatal Error] :1:1: Premature end of file.
2026-04-29 07:09:31,948 [ERROR] LogOutputStream:75 - [STDERR_REDIRECT] 
2026-04-29 07:09:32,952 [ERROR] LogOutputStream:75 - [STDERR_REDIRECT] [Fatal Error] :1:1: Premature end of file.
2026-04-29 07:09:32,952 [ERROR] LogOutputStream:75 - [STDERR_REDIRECT] 
2026-04-29 07:09:33,948 [ERROR] LogOutputStream:75 - [STDERR_REDIRECT] [Fatal Error] :1:1: Premature end of file.
2026-04-29 07:09:33,949 [ERROR] LogOutputStream:75 - [STDERR_REDIRECT] 
2026-04-29 07:09:34,945 [ERROR] LogOutputStream:75 - [STDERR_REDIRECT] [Fatal Error] :1:1: Premature end of file.
2026-04-29 07:09:34,945 [ERROR] LogOutputStream:75 - [STDERR_REDIRECT] 
2026-04-29 07:09:35,952 [ERROR] LogOutputStream:75 - [STDERR_REDIRECT] [Fatal Error] :1:1: Premature end of file.
2026-04-29 07:09:35,952 [ERROR] LogOutputStream:75 - [STDERR_REDIRECT] 
2026-04-29 07:09:36,946 [ERROR] LogOutputStream:75 - [STDERR_REDIRECT] [Fatal Error] :1:1: Premature end of file.
2026-04-29 07:09:36,946 [ERROR] LogOutputStream:75 - [STDERR_REDIRECT] 
2026-04-29 07:09:37,954 [ERROR] LogOutputStream:75 - [STDERR_REDIRECT] [Fatal Error] :1:1: Premature end of file.
2026-04-29 07:09:37,954 [ERROR] LogOutputStream:75 - [STDERR_REDIRECT] 
2026-04-29 07:09:38,941 [ERROR] LogOutputStream:75 - [STDERR_REDIRECT] [Fatal Error] :1:1: Premature end of file.
2026-04-29 07:09:38,941 [ERROR] LogOutputStream:75 - [STDERR_REDIRECT] 
2026-04-29 07:09:39,937 [ERROR] LogOutputStream:75 - [STDERR_REDIRECT] [Fatal Error] :1:1: Premature end of file.
2026-04-29 07:09:39,937 [ERROR] LogOutputStream:75 - [STDERR_REDIRECT] 
2026-04-29 07:09:40,946 [ERROR] LogOutputStream:75 - [STDERR_REDIRECT] [Fatal Error] :1:1: Premature end of file.
2026-04-29 07:09:40,946 [ERROR] LogOutputStream:75 - [STDERR_REDIRECT] 
2026-04-29 07:09:41,939 [ERROR] LogOutputStream:75 - [STDERR_REDIRECT] [Fatal Error] :1:1: Premature end of file.
2026-04-29 07:09:41,939 [ERROR] LogOutputStream:75 - [STDERR_REDIRECT] 
2026-04-29 07:09:42,941 [ERROR] LogOutputStream:75 - [STDERR_REDIRECT] [Fatal Error] :1:1: Premature end of file.
2026-04-29 07:09:42,941 [ERROR] LogOutputStream:75 - [STDERR_REDIRECT] 
2026-04-29 07:09:43,951 [ERROR] LogOutputStream:75 - [STDERR_REDIRECT] [Fatal Error] :1:1: Premature end of file.
2026-04-29 07:09:43,951 [ERROR] LogOutputStream:75 - [STDERR_REDIRECT] 
2026-04-29 07:09:44,953 [ERROR] LogOutputStream:75 - [STDERR_REDIRECT] [Fatal Error] :1:1: Premature end of file.
2026-04-29 07:09:44,953 [ERROR] LogOutputStream:75 - [STDERR_REDIRECT] 
2026-04-29 07:09:45,958 [ERROR] LogOutputStream:75 - [STDERR_REDIRECT] [Fatal Error] :1:1: Premature end of file.
2026-04-29 07:09:45,958 [ERROR] LogOutputStream:75 - [STDERR_REDIRECT] 
2026-04-29 07:09:46,945 [ERROR] LogOutputStream:75 - [STDERR_REDIRECT] [Fatal Error] :1:1: Premature end of file.
2026-04-29 07:09:46,945 [ERROR] LogOutputStream:75 - [STDERR_REDIRECT] 
2026-04-29 07:09:47,952 [ERROR] LogOutputStream:75 - [STDERR_REDIRECT] [Fatal Error] :1:1: Premature end of file.
2026-04-29 07:09:47,952 [ERROR] LogOutputStream:75 - [STDERR_REDIRECT] 
2026-04-29 07:09:48,942 [ERROR] LogOutputStream:75 - [STDERR_REDIRECT] [Fatal Error] :1:1: Premature end of file.
2026-04-29 07:09:48,942 [ERROR] LogOutputStream:75 - [STDERR_REDIRECT] 
2026-04-29 07:09:49,948 [ERROR] LogOutputStream:75 - [STDERR_REDIRECT] [Fatal Error] :1:1: Premature end of file.
2026-04-29 07:09:49,948 [ERROR] LogOutputStream:75 - [STDERR_REDIRECT] 
2026-04-29 07:09:50,955 [ERROR] LogOutputStream:75 - [STDERR_REDIRECT] [Fatal Error] :1:1: Premature end of file.
2026-04-29 07:09:50,956 [ERROR] LogOutputStream:75 - [STDERR_REDIRECT] 
2026-04-29 07:09:51,933 [ERROR] LogOutputStream:75 - [STDERR_REDIRECT] [Fatal Error] :1:1: Premature end of file.
2026-04-29 07:09:51,933 [ERROR] LogOutputStream:75 - [STDERR_REDIRECT] 
2026-04-29 07:09:52,950 [ERROR] LogOutputStream:75 - [STDERR_REDIRECT] [Fatal Error] :1:1: Premature end of file.
2026-04-29 07:09:52,950 [ERROR] LogOutputStream:75 - [STDERR_REDIRECT] 
2026-04-29 07:09:53,941 [ERROR] LogOutputStream:75 - [STDERR_REDIRECT] [Fatal Error] :1:1: Premature end of file.
2026-04-29 07:09:53,941 [ERROR] LogOutputStream:75 - [STDERR_REDIRECT] 
2026-04-29 07:09:54,955 [ERROR] LogOutputStream:75 - [STDERR_REDIRECT] [Fatal Error] :1:1: Premature end of file.
2026-04-29 07:09:54,955 [ERROR] LogOutputStream:75 - [STDERR_REDIRECT] 
2026-04-29 07:09:55,947 [ERROR] LogOutputStream:75 - [STDERR_REDIRECT] [Fatal Error] :1:1: Premature end of file.
2026-04-29 07:09:55,947 [ERROR] LogOutputStream:75 - [STDERR_REDIRECT] 
2026-04-29 07:09:56,936 [ERROR] LogOutputStream:75 - [STDERR_REDIRECT] [Fatal Error] :1:1: Premature end of file.
2026-04-29 07:09:56,937 [ERROR] LogOutputStream:75 - [STDERR_REDIRECT] 
2026-04-29 07:09:57,949 [ERROR] LogOutputStream:75 - [STDERR_REDIRECT] [Fatal Error] :1:1: Premature end of file.
2026-04-29 07:09:57,949 [ERROR] LogOutputStream:75 - [STDERR_REDIRECT] 
2026-04-29 07:09:58,943 [ERROR] LogOutputStream:75 - [STDERR_REDIRECT] [Fatal Error] :1:1: Premature end of file.
2026-04-29 07:09:58,943 [ERROR] LogOutputStream:75 - [STDERR_REDIRECT] 
2026-04-29 07:09:59,947 [ERROR] LogOutputStream:75 - [STDERR_REDIRECT] [Fatal Error] :1:1: Premature end of file.
2026-04-29 07:09:59,947 [ERROR] LogOutputStream:75 - [STDERR_REDIRECT] 
2026-04-29 07:10:00,955 [ERROR] LogOutputStream:75 - [STDERR_REDIRECT] [Fatal Error] :1:1: Premature end of file.
2026-04-29 07:10:00,955 [ERROR] LogOutputStream:75 - [STDERR_REDIRECT] 
2026-04-29 07:10:01,941 [ERROR] LogOutputStream:75 - [STDERR_REDIRECT] [Fatal Error] :1:1: Premature end of file.
2026-04-29 07:10:01,941 [ERROR] LogOutputStream:75 - [STDERR_REDIRECT] 
2026-04-29 07:10:02,948 [ERROR] LogOutputStream:75 - [STDERR_REDIRECT] [Fatal Error] :1:1: Premature end of file.
2026-04-29 07:10:02,948 [ERROR] LogOutputStream:75 - [STDERR_REDIRECT] 
2026-04-29 07:10:03,936 [ERROR] LogOutputStream:75 - [STDERR_REDIRECT] [Fatal Error] :1:1: Premature end of file.
2026-04-29 07:10:03,936 [ERROR] LogOutputStream:75 - [STDERR_REDIRECT] 
2026-04-29 07:10:04,947 [ERROR] LogOutputStream:75 - [STDERR_REDIRECT] [Fatal Error] :1:1: Premature end of file.
2026-04-29 07:10:04,947 [ERROR] LogOutputStream:75 - [STDERR_REDIRECT] 
2026-04-29 07:10:05,940 [ERROR] LogOutputStream:75 - [STDERR_REDIRECT] [Fatal Error] :1:1: Premature end of file.
2026-04-29 07:10:05,940 [ERROR] LogOutputStream:75 - [STDERR_REDIRECT] 
2026-04-29 07:10:06,941 [ERROR] LogOutputStream:75 - [STDERR_REDIRECT] [Fatal Error] :1:1: Premature end of file.
2026-04-29 07:10:06,941 [ERROR] LogOutputStream:75 - [STDERR_REDIRECT] 
2026-04-29 07:10:07,938 [ERROR] LogOutputStream:75 - [STDERR_REDIRECT] [Fatal Error] :1:1: Premature end of file.
2026-04-29 07:10:07,938 [ERROR] LogOutputStream:75 - [STDERR_REDIRECT] 
2026-04-29 07:10:08,942 [ERROR] LogOutputStream:75 - [STDERR_REDIRECT] [Fatal Error] :1:1: Premature end of file.
2026-04-29 07:10:08,942 [ERROR] LogOutputStream:75 - [STDERR_REDIRECT] 
2026-04-29 07:10:09,939 [ERROR] LogOutputStream:75 - [STDERR_REDIRECT] [Fatal Error] :1:1: Premature end of file.
2026-04-29 07:10:09,939 [ERROR] LogOutputStream:75 - [STDERR_REDIRECT] 
2026-04-29 07:10:10,941 [ERROR] LogOutputStream:75 - [STDERR_REDIRECT] [Fatal Error] :1:1: Premature end of file.
2026-04-29 07:10:10,941 [ERROR] LogOutputStream:75 - [STDERR_REDIRECT] 
2026-04-29 07:10:11,936 [ERROR] LogOutputStream:75 - [STDERR_REDIRECT] [Fatal Error] :1:1: Premature end of file.
2026-04-29 07:10:11,937 [ERROR] LogOutputStream:75 - [STDERR_REDIRECT] 
2026-04-29 07:10:12,959 [ERROR] LogOutputStream:75 - [STDERR_REDIRECT] [Fatal Error] :1:1: Premature end of file.
2026-04-29 07:10:12,959 [ERROR] LogOutputStream:75 - [STDERR_REDIRECT] 
2026-04-29 07:10:13,947 [ERROR] LogOutputStream:75 - [STDERR_REDIRECT] [Fatal Error] :1:1: Premature end of file.
2026-04-29 07:10:13,947 [ERROR] LogOutputStream:75 - [STDERR_REDIRECT] 
2026-04-29 07:10:14,963 [ERROR] LogOutputStream:75 - [STDERR_REDIRECT] [Fatal Error] :1:1: Premature end of file.
2026-04-29 07:10:14,963 [ERROR] LogOutputStream:75 - [STDERR_REDIRECT] 
2026-04-29 07:10:15,942 [ERROR] LogOutputStream:75 - [STDERR_REDIRECT] [Fatal Error] :1:1: Premature end of file.
2026-04-29 07:10:15,942 [ERROR] LogOutputStream:75 - [STDERR_REDIRECT] 
2026-04-29 07:10:16,943 [ERROR] LogOutputStream:75 - [STDERR_REDIRECT] [Fatal Error] :1:1: Premature end of file.
2026-04-29 07:10:16,943 [ERROR] LogOutputStream:75 - [STDERR_REDIRECT] 
2026-04-29 07:10:17,955 [ERROR] LogOutputStream:75 - [STDERR_REDIRECT] [Fatal Error] :1:1: Premature end of file.
2026-04-29 07:10:17,956 [ERROR] LogOutputStream:75 - [STDERR_REDIRECT] 
2026-04-29 07:10:18,945 [ERROR] LogOutputStream:75 - [STDERR_REDIRECT] [Fatal Error] :1:1: Premature end of file.
2026-04-29 07:10:18,945 [ERROR] LogOutputStream:75 - [STDERR_REDIRECT] 
2026-04-29 07:10:19,946 [ERROR] LogOutputStream:75 - [STDERR_REDIRECT] [Fatal Error] :1:1: Premature end of file.
2026-04-29 07:10:19,946 [ERROR] LogOutputStream:75 - [STDERR_REDIRECT] 
2026-04-29 07:10:20,958 [ERROR] LogOutputStream:75 - [STDERR_REDIRECT] [Fatal Error] :1:1: Premature end of file.
2026-04-29 07:10:20,958 [ERROR] LogOutputStream:75 - [STDERR_REDIRECT] 
2026-04-29 07:10:21,941 [ERROR] LogOutputStream:75 - [STDERR_REDIRECT] [Fatal Error] :1:1: Premature end of file.
2026-04-29 07:10:21,941 [ERROR] LogOutputStream:75 - [STDERR_REDIRECT] 
2026-04-29 07:10:22,951 [ERROR] LogOutputStream:75 - [STDERR_REDIRECT] [Fatal Error] :1:1: Premature end of file.
2026-04-29 07:10:22,951 [ERROR] LogOutputStream:75 - [STDERR_REDIRECT] 
2026-04-29 07:10:23,944 [ERROR] LogOutputStream:75 - [STDERR_REDIRECT] [Fatal Error] :1:1: Premature end of file.
2026-04-29 07:10:23,944 [ERROR] LogOutputStream:75 - [STDERR_REDIRECT] 
2026-04-29 07:10:24,957 [ERROR] LogOutputStream:75 - [STDERR_REDIRECT] [Fatal Error] :1:1: Premature end of file.
2026-04-29 07:10:24,958 [ERROR] LogOutputStream:75 - [STDERR_REDIRECT] 
2026-04-29 07:10:25,949 [ERROR] LogOutputStream:75 - [STDERR_REDIRECT] [Fatal Error] :1:1: Premature end of file.
2026-04-29 07:10:25,949 [ERROR] LogOutputStream:75 - [STDERR_REDIRECT] 
2026-04-29 07:10:26,942 [ERROR] LogOutputStream:75 - [STDERR_REDIRECT] [Fatal Error] :1:1: Premature end of file.
2026-04-29 07:10:26,942 [ERROR] LogOutputStream:75 - [STDERR_REDIRECT] 
2026-04-29 07:10:27,952 [ERROR] LogOutputStream:75 - [STDERR_REDIRECT] [Fatal Error] :1:1: Premature end of file.
2026-04-29 07:10:27,952 [ERROR] LogOutputStream:75 - [STDERR_REDIRECT] 
2026-04-29 07:10:28,951 [ERROR] LogOutputStream:75 - [STDERR_REDIRECT] [Fatal Error] :1:1: Premature end of file.
2026-04-29 07:10:28,951 [ERROR] LogOutputStream:75 - [STDERR_REDIRECT] 
2026-04-29 07:10:29,951 [ERROR] LogOutputStream:75 - [STDERR_REDIRECT] [Fatal Error] :1:1: Premature end of file.
2026-04-29 07:10:29,952 [ERROR] LogOutputStream:75 - [STDERR_REDIRECT] 
2026-04-29 07:10:30,945 [ERROR] LogOutputStream:75 - [STDERR_REDIRECT] [Fatal Error] :1:1: Premature end of file.
2026-04-29 07:10:30,945 [ERROR] LogOutputStream:75 - [STDERR_REDIRECT] 
2026-04-29 07:10:31,943 [ERROR] LogOutputStream:75 - [STDERR_REDIRECT] [Fatal Error] :1:1: Premature end of file.
2026-04-29 07:10:31,943 [ERROR] LogOutputStream:75 - [STDERR_REDIRECT] 
2026-04-29 07:10:32,950 [ERROR] LogOutputStream:75 - [STDERR_REDIRECT] [Fatal Error] :1:1: Premature end of file.
2026-04-29 07:10:32,950 [ERROR] LogOutputStream:75 - [STDERR_REDIRECT] 
2026-04-29 07:10:33,947 [ERROR] LogOutputStream:75 - [STDERR_REDIRECT] [Fatal Error] :1:1: Premature end of file.
2026-04-29 07:10:33,947 [ERROR] LogOutputStream:75 - [STDERR_REDIRECT] 
2026-04-29 07:10:34,951 [ERROR] LogOutputStream:75 - [STDERR_REDIRECT] [Fatal Error] :1:1: Premature end of file.
2026-04-29 07:10:34,951 [ERROR] LogOutputStream:75 - [STDERR_REDIRECT] 
2026-04-29 07:10:35,950 [ERROR] LogOutputStream:75 - [STDERR_REDIRECT] [Fatal Error] :1:1: Premature end of file.
2026-04-29 07:10:35,950 [ERROR] LogOutputStream:75 - [STDERR_REDIRECT] 
2026-04-29 07:10:36,944 [ERROR] LogOutputStream:75 - [STDERR_REDIRECT] [Fatal Error] :1:1: Premature end of file.
2026-04-29 07:10:36,944 [ERROR] LogOutputStream:75 - [STDERR_REDIRECT] 
2026-04-29 07:10:37,952 [ERROR] LogOutputStream:75 - [STDERR_REDIRECT] [Fatal Error] :1:1: Premature end of file.
2026-04-29 07:10:37,952 [ERROR] LogOutputStream:75 - [STDERR_REDIRECT] 
2026-04-29 07:10:38,945 [ERROR] LogOutputStream:75 - [STDERR_REDIRECT] [Fatal Error] :1:1: Premature end of file.
2026-04-29 07:10:38,945 [ERROR] LogOutputStream:75 - [STDERR_REDIRECT] 
2026-04-29 07:10:39,942 [ERROR] LogOutputStream:75 - [STDERR_REDIRECT] [Fatal Error] :1:1: Premature end of file.
2026-04-29 07:10:39,942 [ERROR] LogOutputStream:75 - [STDERR_REDIRECT] 
2026-04-29 07:10:40,946 [ERROR] LogOutputStream:75 - [STDERR_REDIRECT] [Fatal Error] :1:1: Premature end of file.
2026-04-29 07:10:40,946 [ERROR] LogOutputStream:75 - [STDERR_REDIRECT] 
2026-04-29 07:10:41,942 [ERROR] LogOutputStream:75 - [STDERR_REDIRECT] [Fatal Error] :1:1: Premature end of file.
2026-04-29 07:10:41,942 [ERROR] LogOutputStream:75 - [STDERR_REDIRECT] 
2026-04-29 07:10:42,952 [ERROR] LogOutputStream:75 - [STDERR_REDIRECT] [Fatal Error] :1:1: Premature end of file.
2026-04-29 07:10:42,952 [ERROR] LogOutputStream:75 - [STDERR_REDIRECT] 
2026-04-29 07:10:43,948 [ERROR] LogOutputStream:75 - [STDERR_REDIRECT] [Fatal Error] :1:1: Premature end of file.
2026-04-29 07:10:43,948 [ERROR] LogOutputStream:75 - [STDERR_REDIRECT] 
2026-04-29 07:10:44,944 [ERROR] LogOutputStream:75 - [STDERR_REDIRECT] [Fatal Error] :1:1: Premature end of file.
2026-04-29 07:10:44,944 [ERROR] LogOutputStream:75 - [STDERR_REDIRECT] 
2026-04-29 07:10:45,942 [ERROR] LogOutputStream:75 - [STDERR_REDIRECT] [Fatal Error] :1:1: Premature end of file.
2026-04-29 07:10:45,942 [ERROR] LogOutputStream:75 - [STDERR_REDIRECT] 
2026-04-29 07:10:46,941 [ERROR] LogOutputStream:75 - [STDERR_REDIRECT] [Fatal Error] :1:1: Premature end of file.
2026-04-29 07:10:46,941 [ERROR] LogOutputStream:75 - [STDERR_REDIRECT] 
2026-04-29 07:10:47,948 [ERROR] LogOutputStream:75 - [STDERR_REDIRECT] [Fatal Error] :1:1: Premature end of file.
2026-04-29 07:10:47,948 [ERROR] LogOutputStream:75 - [STDERR_REDIRECT] 
2026-04-29 07:10:48,938 [ERROR] LogOutputStream:75 - [STDERR_REDIRECT] [Fatal Error] :1:1: Premature end of file.
2026-04-29 07:10:48,938 [ERROR] LogOutputStream:75 - [STDERR_REDIRECT] 
2026-04-29 07:10:49,941 [ERROR] LogOutputStream:75 - [STDERR_REDIRECT] [Fatal Error] :1:1: Premature end of file.
2026-04-29 07:10:49,941 [ERROR] LogOutputStream:75 - [STDERR_REDIRECT] 
2026-04-29 07:10:50,936 [ERROR] LogOutputStream:75 - [STDERR_REDIRECT] [Fatal Error] :1:1: Premature end of file.
2026-04-29 07:10:50,936 [ERROR] LogOutputStream:75 - [STDERR_REDIRECT] 
2026-04-29 07:10:51,951 [ERROR] LogOutputStream:75 - [STDERR_REDIRECT] [Fatal Error] :1:1: Premature end of file.
2026-04-29 07:10:51,951 [ERROR] LogOutputStream:75 - [STDERR_REDIRECT] 
2026-04-29 07:10:52,946 [ERROR] LogOutputStream:75 - [STDERR_REDIRECT] [Fatal Error] :1:1: Premature end of file.
2026-04-29 07:10:52,946 [ERROR] LogOutputStream:75 - [STDERR_REDIRECT] 
2026-04-29 07:10:53,945 [ERROR] LogOutputStream:75 - [STDERR_REDIRECT] [Fatal Error] :1:1: Premature end of file.
2026-04-29 07:10:53,945 [ERROR] LogOutputStream:75 - [STDERR_REDIRECT] 
2026-04-29 07:10:54,929 [ERROR] LogOutputStream:75 - [STDERR_REDIRECT] [Fatal Error] :1:1: Premature end of file.
2026-04-29 07:10:54,930 [ERROR] LogOutputStream:75 - [STDERR_REDIRECT] 
2026-04-29 07:10:55,927 [ERROR] LogOutputStream:75 - [STDERR_REDIRECT] [Fatal Error] :1:1: Premature end of file.
2026-04-29 07:10:55,928 [ERROR] LogOutputStream:75 - [STDERR_REDIRECT] 
2026-04-29 07:10:56,936 [ERROR] LogOutputStream:75 - [STDERR_REDIRECT] [Fatal Error] :1:1: Premature end of file.
2026-04-29 07:10:56,936 [ERROR] LogOutputStream:75 - [STDERR_REDIRECT] 
2026-04-29 07:10:57,941 [ERROR] LogOutputStream:75 - [STDERR_REDIRECT] [Fatal Error] :1:1: Premature end of file.
2026-04-29 07:10:57,941 [ERROR] LogOutputStream:75 - [STDERR_REDIRECT] 
2026-04-29 07:10:58,924 [ERROR] LogOutputStream:75 - [STDERR_REDIRECT] [Fatal Error] :1:1: Premature end of file.
2026-04-29 07:10:58,924 [ERROR] LogOutputStream:75 - [STDERR_REDIRECT] 
2026-04-29 07:10:59,947 [ERROR] LogOutputStream:75 - [STDERR_REDIRECT] [Fatal Error] :1:1: Premature end of file.
2026-04-29 07:10:59,947 [ERROR] LogOutputStream:75 - [STDERR_REDIRECT] 
2026-04-29 07:11:00,930 [ERROR] LogOutputStream:75 - [STDERR_REDIRECT] [Fatal Error] :1:1: Premature end of file.
2026-04-29 07:11:00,930 [ERROR] LogOutputStream:75 - [STDERR_REDIRECT] 
2026-04-29 07:11:01,943 [ERROR] LogOutputStream:75 - [STDERR_REDIRECT] [Fatal Error] :1:1: Premature end of file.
2026-04-29 07:11:01,943 [ERROR] LogOutputStream:75 - [STDERR_REDIRECT] 
2026-04-29 07:11:02,939 [ERROR] LogOutputStream:75 - [STDERR_REDIRECT] [Fatal Error] :1:1: Premature end of file.
2026-04-29 07:11:02,939 [ERROR] LogOutputStream:75 - [STDERR_REDIRECT] 
2026-04-29 07:11:03,948 [ERROR] LogOutputStream:75 - [STDERR_REDIRECT] [Fatal Error] :1:1: Premature end of file.
2026-04-29 07:11:03,948 [ERROR] LogOutputStream:75 - [STDERR_REDIRECT] 
2026-04-29 07:11:04,948 [ERROR] LogOutputStream:75 - [STDERR_REDIRECT] [Fatal Error] :1:1: Premature end of file.
2026-04-29 07:11:04,948 [ERROR] LogOutputStream:75 - [STDERR_REDIRECT] 
2026-04-29 07:11:05,943 [ERROR] LogOutputStream:75 - [STDERR_REDIRECT] [Fatal Error] :1:1: Premature end of file.
2026-04-29 07:11:05,943 [ERROR] LogOutputStream:75 - [STDERR_REDIRECT] 
2026-04-29 07:11:06,934 [ERROR] LogOutputStream:75 - [STDERR_REDIRECT] [Fatal Error] :1:1: Premature end of file.
2026-04-29 07:11:06,934 [ERROR] LogOutputStream:75 - [STDERR_REDIRECT] 
2026-04-29 07:11:07,944 [ERROR] LogOutputStream:75 - [STDERR_REDIRECT] [Fatal Error] :1:1: Premature end of file.
2026-04-29 07:11:07,944 [ERROR] LogOutputStream:75 - [STDERR_REDIRECT] 
2026-04-29 07:11:08,933 [ERROR] LogOutputStream:75 - [STDERR_REDIRECT] [Fatal Error] :1:1: Premature end of file.
2026-04-29 07:11:08,934 [ERROR] LogOutputStream:75 - [STDERR_REDIRECT] 
2026-04-29 07:11:09,941 [ERROR] LogOutputStream:75 - [STDERR_REDIRECT] [Fatal Error] :1:1: Premature end of file.
2026-04-29 07:11:09,941 [ERROR] LogOutputStream:75 - [STDERR_REDIRECT] 
2026-04-29 07:11:10,950 [ERROR] LogOutputStream:75 - [STDERR_REDIRECT] [Fatal Error] :1:1: Premature end of file.
2026-04-29 07:11:10,950 [ERROR] LogOutputStream:75 - [STDERR_REDIRECT] 
2026-04-29 07:11:11,933 [ERROR] LogOutputStream:75 - [STDERR_REDIRECT] [Fatal Error] :1:1: Premature end of file.
2026-04-29 07:11:11,933 [ERROR] LogOutputStream:75 - [STDERR_REDIRECT] 
2026-04-29 07:11:12,936 [ERROR] LogOutputStream:75 - [STDERR_REDIRECT] [Fatal Error] :1:1: Premature end of file.
2026-04-29 07:11:12,936 [ERROR] LogOutputStream:75 - [STDERR_REDIRECT] 
2026-04-29 07:11:13,940 [ERROR] LogOutputStream:75 - [STDERR_REDIRECT] [Fatal Error] :1:1: Premature end of file.
2026-04-29 07:11:13,940 [ERROR] LogOutputStream:75 - [STDERR_REDIRECT] 
2026-04-29 07:11:14,943 [ERROR] LogOutputStream:75 - [STDERR_REDIRECT] [Fatal Error] :1:1: Premature end of file.
2026-04-29 07:11:14,943 [ERROR] LogOutputStream:75 - [STDERR_REDIRECT] 
2026-04-29 07:11:15,938 [ERROR] LogOutputStream:75 - [STDERR_REDIRECT] [Fatal Error] :1:1: Premature end of file.
2026-04-29 07:11:15,938 [ERROR] LogOutputStream:75 - [STDERR_REDIRECT] 
2026-04-29 07:11:16,941 [ERROR] LogOutputStream:75 - [STDERR_REDIRECT] [Fatal Error] :1:1: Premature end of file.
2026-04-29 07:11:16,941 [ERROR] LogOutputStream:75 - [STDERR_REDIRECT] 
2026-04-29 07:11:17,945 [ERROR] LogOutputStream:75 - [STDERR_REDIRECT] [Fatal Error] :1:1: Premature end of file.
2026-04-29 07:11:17,945 [ERROR] LogOutputStream:75 - [STDERR_REDIRECT] 
2026-04-29 07:11:18,933 [ERROR] LogOutputStream:75 - [STDERR_REDIRECT] [Fatal Error] :1:1: Premature end of file.
2026-04-29 07:11:18,933 [ERROR] LogOutputStream:75 - [STDERR_REDIRECT] 
2026-04-29 07:11:19,947 [ERROR] LogOutputStream:75 - [STDERR_REDIRECT] [Fatal Error] :1:1: Premature end of file.
2026-04-29 07:11:19,947 [ERROR] LogOutputStream:75 - [STDERR_REDIRECT] 
2026-04-29 07:11:20,943 [ERROR] LogOutputStream:75 - [STDERR_REDIRECT] [Fatal Error] :1:1: Premature end of file.
2026-04-29 07:11:20,944 [ERROR] LogOutputStream:75 - [STDERR_REDIRECT] 
2026-04-29 07:11:21,955 [ERROR] LogOutputStream:75 - [STDERR_REDIRECT] [Fatal Error] :1:1: Premature end of file.
2026-04-29 07:11:21,955 [ERROR] LogOutputStream:75 - [STDERR_REDIRECT] 
2026-04-29 07:11:22,922 [ERROR] LogOutputStream:75 - [STDERR_REDIRECT] [Fatal Error] :1:1: Premature end of file.
2026-04-29 07:11:22,922 [ERROR] LogOutputStream:75 - [STDERR_REDIRECT] 
2026-04-29 07:11:23,949 [ERROR] LogOutputStream:75 - [STDERR_REDIRECT] [Fatal Error] :1:1: Premature end of file.
2026-04-29 07:11:23,949 [ERROR] LogOutputStream:75 - [STDERR_REDIRECT] 
2026-04-29 07:11:24,947 [ERROR] LogOutputStream:75 - [STDERR_REDIRECT] [Fatal Error] :1:1: Premature end of file.
2026-04-29 07:11:24,947 [ERROR] LogOutputStream:75 - [STDERR_REDIRECT] 
2026-04-29 07:11:25,943 [ERROR] LogOutputStream:75 - [STDERR_REDIRECT] [Fatal Error] :1:1: Premature end of file.
2026-04-29 07:11:25,944 [ERROR] LogOutputStream:75 - [STDERR_REDIRECT] 
2026-04-29 07:11:26,938 [ERROR] LogOutputStream:75 - [STDERR_REDIRECT] [Fatal Error] :1:1: Premature end of file.
2026-04-29 07:11:26,938 [ERROR] LogOutputStream:75 - [STDERR_REDIRECT] 
2026-04-29 07:11:27,932 [ERROR] LogOutputStream:75 - [STDERR_REDIRECT] [Fatal Error] :1:1: Premature end of file.
2026-04-29 07:11:27,932 [ERROR] LogOutputStream:75 - [STDERR_REDIRECT] 
2026-04-29 07:11:28,949 [ERROR] LogOutputStream:75 - [STDERR_REDIRECT] [Fatal Error] :1:1: Premature end of file.
2026-04-29 07:11:28,949 [ERROR] LogOutputStream:75 - [STDERR_REDIRECT] 
2026-04-29 07:11:29,939 [ERROR] LogOutputStream:75 - [STDERR_REDIRECT] [Fatal Error] :1:1: Premature end of file.
2026-04-29 07:11:29,940 [ERROR] LogOutputStream:75 - [STDERR_REDIRECT] 
2026-04-29 07:11:30,956 [ERROR] LogOutputStream:75 - [STDERR_REDIRECT] [Fatal Error] :1:1: Premature end of file.
2026-04-29 07:11:30,956 [ERROR] LogOutputStream:75 - [STDERR_REDIRECT] 
2026-04-29 07:11:31,947 [ERROR] LogOutputStream:75 - [STDERR_REDIRECT] [Fatal Error] :1:1: Premature end of file.
2026-04-29 07:11:31,947 [ERROR] LogOutputStream:75 - [STDERR_REDIRECT] 
2026-04-29 07:11:32,943 [ERROR] LogOutputStream:75 - [STDERR_REDIRECT] [Fatal Error] :1:1: Premature end of file.
2026-04-29 07:11:32,943 [ERROR] LogOutputStream:75 - [STDERR_REDIRECT] 
2026-04-29 07:11:33,933 [ERROR] LogOutputStream:75 - [STDERR_REDIRECT] [Fatal Error] :1:1: Premature end of file.
2026-04-29 07:11:33,933 [ERROR] LogOutputStream:75 - [STDERR_REDIRECT] 
2026-04-29 07:11:34,941 [ERROR] LogOutputStream:75 - [STDERR_REDIRECT] [Fatal Error] :1:1: Premature end of file.
2026-04-29 07:11:34,941 [ERROR] LogOutputStream:75 - [STDERR_REDIRECT] 
2026-04-29 07:11:35,936 [ERROR] LogOutputStream:75 - [STDERR_REDIRECT] [Fatal Error] :1:1: Premature end of file.
2026-04-29 07:11:35,936 [ERROR] LogOutputStream:75 - [STDERR_REDIRECT] 
2026-04-29 07:11:36,925 [ERROR] LogOutputStream:75 - [STDERR_REDIRECT] [Fatal Error] :1:1: Premature end of file.
2026-04-29 07:11:36,925 [ERROR] LogOutputStream:75 - [STDERR_REDIRECT] 
2026-04-29 07:11:37,941 [ERROR] LogOutputStream:75 - [STDERR_REDIRECT] [Fatal Error] :1:1: Premature end of file.
2026-04-29 07:11:37,941 [ERROR] LogOutputStream:75 - [STDERR_REDIRECT] 
2026-04-29 07:11:38,937 [ERROR] LogOutputStream:75 - [STDERR_REDIRECT] [Fatal Error] :1:1: Premature end of file.
2026-04-29 07:11:38,937 [ERROR] LogOutputStream:75 - [STDERR_REDIRECT] 
2026-04-29 07:11:39,943 [ERROR] LogOutputStream:75 - [STDERR_REDIRECT] [Fatal Error] :1:1: Premature end of file.
2026-04-29 07:11:39,943 [ERROR] LogOutputStream:75 - [STDERR_REDIRECT] 
2026-04-29 07:11:40,949 [ERROR] LogOutputStream:75 - [STDERR_REDIRECT] [Fatal Error] :1:1: Premature end of file.
2026-04-29 07:11:40,949 [ERROR] LogOutputStream:75 - [STDERR_REDIRECT] 
2026-04-29 07:11:41,941 [ERROR] LogOutputStream:75 - [STDERR_REDIRECT] [Fatal Error] :1:1: Premature end of file.
2026-04-29 07:11:41,941 [ERROR] LogOutputStream:75 - [STDERR_REDIRECT] 
2026-04-29 07:11:42,929 [ERROR] LogOutputStream:75 - [STDERR_REDIRECT] [Fatal Error] :1:1: Premature end of file.
2026-04-29 07:11:42,929 [ERROR] LogOutputStream:75 - [STDERR_REDIRECT] 
2026-04-29 07:11:43,941 [ERROR] LogOutputStream:75 - [STDERR_REDIRECT] [Fatal Error] :1:1: Premature end of file.
2026-04-29 07:11:43,941 [ERROR] LogOutputStream:75 - [STDERR_REDIRECT] 
2026-04-29 07:11:44,947 [ERROR] LogOutputStream:75 - [STDERR_REDIRECT] [Fatal Error] :1:1: Premature end of file.
2026-04-29 07:11:44,947 [ERROR] LogOutputStream:75 - [STDERR_REDIRECT] 
2026-04-29 07:11:45,940 [ERROR] LogOutputStream:75 - [STDERR_REDIRECT] [Fatal Error] :1:1: Premature end of file.
2026-04-29 07:11:45,940 [ERROR] LogOutputStream:75 - [STDERR_REDIRECT] 
2026-04-29 07:11:46,945 [ERROR] LogOutputStream:75 - [STDERR_REDIRECT] [Fatal Error] :1:1: Premature end of file.
2026-04-29 07:11:46,945 [ERROR] LogOutputStream:75 - [STDERR_REDIRECT] 
2026-04-29 07:11:47,947 [ERROR] LogOutputStream:75 - [STDERR_REDIRECT] [Fatal Error] :1:1: Premature end of file.
2026-04-29 07:11:47,948 [ERROR] LogOutputStream:75 - [STDERR_REDIRECT] 
2026-04-29 07:11:48,938 [ERROR] LogOutputStream:75 - [STDERR_REDIRECT] [Fatal Error] :1:1: Premature end of file.
2026-04-29 07:11:48,938 [ERROR] LogOutputStream:75 - [STDERR_REDIRECT] 
2026-04-29 07:11:49,938 [ERROR] LogOutputStream:75 - [STDERR_REDIRECT] [Fatal Error] :1:1: Premature end of file.
2026-04-29 07:11:49,938 [ERROR] LogOutputStream:75 - [STDERR_REDIRECT] 
2026-04-29 07:11:50,941 [ERROR] LogOutputStream:75 - [STDERR_REDIRECT] [Fatal Error] :1:1: Premature end of file.
2026-04-29 07:11:50,942 [ERROR] LogOutputStream:75 - [STDERR_REDIRECT] 
2026-04-29 07:11:51,943 [ERROR] LogOutputStream:75 - [STDERR_REDIRECT] [Fatal Error] :1:1: Premature end of file.
2026-04-29 07:11:51,944 [ERROR] LogOutputStream:75 - [STDERR_REDIRECT] 
2026-04-29 07:11:52,942 [ERROR] LogOutputStream:75 - [STDERR_REDIRECT] [Fatal Error] :1:1: Premature end of file.
2026-04-29 07:11:52,942 [ERROR] LogOutputStream:75 - [STDERR_REDIRECT] 
2026-04-29 07:11:53,942 [ERROR] LogOutputStream:75 - [STDERR_REDIRECT] [Fatal Error] :1:1: Premature end of file.
2026-04-29 07:11:53,942 [ERROR] LogOutputStream:75 - [STDERR_REDIRECT] 
2026-04-29 07:11:54,952 [ERROR] LogOutputStream:75 - [STDERR_REDIRECT] [Fatal Error] :1:1: Premature end of file.
2026-04-29 07:11:54,952 [ERROR] LogOutputStream:75 - [STDERR_REDIRECT] 
2026-04-29 07:11:55,940 [ERROR] LogOutputStream:75 - [STDERR_REDIRECT] [Fatal Error] :1:1: Premature end of file.
2026-04-29 07:11:55,941 [ERROR] LogOutputStream:75 - [STDERR_REDIRECT] 
2026-04-29 07:11:56,937 [ERROR] LogOutputStream:75 - [STDERR_REDIRECT] [Fatal Error] :1:1: Premature end of file.
2026-04-29 07:11:56,937 [ERROR] LogOutputStream:75 - [STDERR_REDIRECT] 
2026-04-29 07:11:57,955 [ERROR] LogOutputStream:75 - [STDERR_REDIRECT] [Fatal Error] :1:1: Premature end of file.
2026-04-29 07:11:57,955 [ERROR] LogOutputStream:75 - [STDERR_REDIRECT] 
2026-04-29 07:11:58,935 [ERROR] LogOutputStream:75 - [STDERR_REDIRECT] [Fatal Error] :1:1: Premature end of file.
2026-04-29 07:11:58,935 [ERROR] LogOutputStream:75 - [STDERR_REDIRECT] 
2026-04-29 07:11:59,945 [ERROR] LogOutputStream:75 - [STDERR_REDIRECT] [Fatal Error] :1:1: Premature end of file.
2026-04-29 07:11:59,945 [ERROR] LogOutputStream:75 - [STDERR_REDIRECT] 
2026-04-29 07:12:00,948 [ERROR] LogOutputStream:75 - [STDERR_REDIRECT] [Fatal Error] :1:1: Premature end of file.
2026-04-29 07:12:00,949 [ERROR] LogOutputStream:75 - [STDERR_REDIRECT] 
2026-04-29 07:12:01,938 [ERROR] LogOutputStream:75 - [STDERR_REDIRECT] [Fatal Error] :1:1: Premature end of file.
2026-04-29 07:12:01,939 [ERROR] LogOutputStream:75 - [STDERR_REDIRECT] 
2026-04-29 07:12:02,946 [ERROR] LogOutputStream:75 - [STDERR_REDIRECT] [Fatal Error] :1:1: Premature end of file.
2026-04-29 07:12:02,946 [ERROR] LogOutputStream:75 - [STDERR_REDIRECT] 
2026-04-29 07:12:03,936 [ERROR] LogOutputStream:75 - [STDERR_REDIRECT] [Fatal Error] :1:1: Premature end of file.
2026-04-29 07:12:03,937 [ERROR] LogOutputStream:75 - [STDERR_REDIRECT] 
2026-04-29 07:12:04,958 [ERROR] LogOutputStream:75 - [STDERR_REDIRECT] [Fatal Error] :1:1: Premature end of file.
2026-04-29 07:12:04,959 [ERROR] LogOutputStream:75 - [STDERR_REDIRECT] 
2026-04-29 07:12:05,950 [ERROR] LogOutputStream:75 - [STDERR_REDIRECT] [Fatal Error] :1:1: Premature end of file.
2026-04-29 07:12:05,951 [ERROR] LogOutputStream:75 - [STDERR_REDIRECT] 
2026-04-29 07:12:06,923 [ERROR] LogOutputStream:75 - [STDERR_REDIRECT] [Fatal Error] :1:1: Premature end of file.
2026-04-29 07:12:06,924 [ERROR] LogOutputStream:75 - [STDERR_REDIRECT] 
2026-04-29 07:12:07,923 [ERROR] LogOutputStream:75 - [STDERR_REDIRECT] [Fatal Error] :1:1: Premature end of file.
2026-04-29 07:12:07,923 [ERROR] LogOutputStream:75 - [STDERR_REDIRECT] 
2026-04-29 07:12:08,944 [ERROR] LogOutputStream:75 - [STDERR_REDIRECT] [Fatal Error] :1:1: Premature end of file.
2026-04-29 07:12:08,944 [ERROR] LogOutputStream:75 - [STDERR_REDIRECT] 
2026-04-29 07:12:09,937 [ERROR] LogOutputStream:75 - [STDERR_REDIRECT] [Fatal Error] :1:1: Premature end of file.
2026-04-29 07:12:09,938 [ERROR] LogOutputStream:75 - [STDERR_REDIRECT] 
2026-04-29 07:12:10,950 [ERROR] LogOutputStream:75 - [STDERR_REDIRECT] [Fatal Error] :1:1: Premature end of file.
2026-04-29 07:12:10,950 [ERROR] LogOutputStream:75 - [STDERR_REDIRECT] 
2026-04-29 07:12:11,949 [ERROR] LogOutputStream:75 - [STDERR_REDIRECT] [Fatal Error] :1:1: Premature end of file.
2026-04-29 07:12:11,949 [ERROR] LogOutputStream:75 - [STDERR_REDIRECT] 
2026-04-29 07:12:12,939 [ERROR] LogOutputStream:75 - [STDERR_REDIRECT] [Fatal Error] :1:1: Premature end of file.
2026-04-29 07:12:12,939 [ERROR] LogOutputStream:75 - [STDERR_REDIRECT] 
2026-04-29 07:12:13,944 [ERROR] LogOutputStream:75 - [STDERR_REDIRECT] [Fatal Error] :1:1: Premature end of file.
2026-04-29 07:12:13,944 [ERROR] LogOutputStream:75 - [STDERR_REDIRECT] 
2026-04-29 07:12:14,959 [ERROR] LogOutputStream:75 - [STDERR_REDIRECT] [Fatal Error] :1:1: Premature end of file.
2026-04-29 07:12:14,959 [ERROR] LogOutputStream:75 - [STDERR_REDIRECT] 
2026-04-29 07:12:15,946 [ERROR] LogOutputStream:75 - [STDERR_REDIRECT] [Fatal Error] :1:1: Premature end of file.
2026-04-29 07:12:15,946 [ERROR] LogOutputStream:75 - [STDERR_REDIRECT] 
2026-04-29 07:12:16,949 [ERROR] LogOutputStream:75 - [STDERR_REDIRECT] [Fatal Error] :1:1: Premature end of file.
2026-04-29 07:12:16,949 [ERROR] LogOutputStream:75 - [STDERR_REDIRECT] 
2026-04-29 07:12:17,945 [ERROR] LogOutputStream:75 - [STDERR_REDIRECT] [Fatal Error] :1:1: Premature end of file.
2026-04-29 07:12:17,945 [ERROR] LogOutputStream:75 - [STDERR_REDIRECT] 
2026-04-29 07:12:18,934 [ERROR] LogOutputStream:75 - [STDERR_REDIRECT] [Fatal Error] :1:1: Premature end of file.
2026-04-29 07:12:18,934 [ERROR] LogOutputStream:75 - [STDERR_REDIRECT] 
2026-04-29 07:12:19,943 [ERROR] LogOutputStream:75 - [STDERR_REDIRECT] [Fatal Error] :1:1: Premature end of file.
2026-04-29 07:12:19,943 [ERROR] LogOutputStream:75 - [STDERR_REDIRECT] 
2026-04-29 07:12:20,934 [ERROR] LogOutputStream:75 - [STDERR_REDIRECT] [Fatal Error] :1:1: Premature end of file.
2026-04-29 07:12:20,934 [ERROR] LogOutputStream:75 - [STDERR_REDIRECT] 
2026-04-29 07:12:21,943 [ERROR] LogOutputStream:75 - [STDERR_REDIRECT] [Fatal Error] :1:1: Premature end of file.
2026-04-29 07:12:21,943 [ERROR] LogOutputStream:75 - [STDERR_REDIRECT] 
2026-04-29 07:12:22,944 [ERROR] LogOutputStream:75 - [STDERR_REDIRECT] [Fatal Error] :1:1: Premature end of file.
2026-04-29 07:12:22,944 [ERROR] LogOutputStream:75 - [STDERR_REDIRECT] 
2026-04-29 07:12:23,942 [ERROR] LogOutputStream:75 - [STDERR_REDIRECT] [Fatal Error] :1:1: Premature end of file.
2026-04-29 07:12:23,942 [ERROR] LogOutputStream:75 - [STDERR_REDIRECT] 
2026-04-29 07:12:24,946 [ERROR] LogOutputStream:75 - [STDERR_REDIRECT] [Fatal Error] :1:1: Premature end of file.
2026-04-29 07:12:24,946 [ERROR] LogOutputStream:75 - [STDERR_REDIRECT] 
2026-04-29 07:12:25,947 [ERROR] LogOutputStream:75 - [STDERR_REDIRECT] [Fatal Error] :1:1: Premature end of file.
2026-04-29 07:12:25,948 [ERROR] LogOutputStream:75 - [STDERR_REDIRECT] 
2026-04-29 07:12:26,944 [ERROR] LogOutputStream:75 - [STDERR_REDIRECT] [Fatal Error] :1:1: Premature end of file.
2026-04-29 07:12:26,944 [ERROR] LogOutputStream:75 - [STDERR_REDIRECT] 
2026-04-29 07:12:27,942 [ERROR] LogOutputStream:75 - [STDERR_REDIRECT] [Fatal Error] :1:1: Premature end of file.
2026-04-29 07:12:27,942 [ERROR] LogOutputStream:75 - [STDERR_REDIRECT] 
2026-04-29 07:12:28,949 [ERROR] LogOutputStream:75 - [STDERR_REDIRECT] [Fatal Error] :1:1: Premature end of file.
2026-04-29 07:12:28,950 [ERROR] LogOutputStream:75 - [STDERR_REDIRECT] 
2026-04-29 07:12:29,936 [ERROR] LogOutputStream:75 - [STDERR_REDIRECT] [Fatal Error] :1:1: Premature end of file.
2026-04-29 07:12:29,937 [ERROR] LogOutputStream:75 - [STDERR_REDIRECT] 
2026-04-29 07:12:30,939 [ERROR] LogOutputStream:75 - [STDERR_REDIRECT] [Fatal Error] :1:1: Premature end of file.
2026-04-29 07:12:30,939 [ERROR] LogOutputStream:75 - [STDERR_REDIRECT] 
2026-04-29 07:12:31,935 [ERROR] LogOutputStream:75 - [STDERR_REDIRECT] [Fatal Error] :1:1: Premature end of file.
2026-04-29 07:12:31,936 [ERROR] LogOutputStream:75 - [STDERR_REDIRECT] 
2026-04-29 07:12:32,933 [ERROR] LogOutputStream:75 - [STDERR_REDIRECT] [Fatal Error] :1:1: Premature end of file.
2026-04-29 07:12:32,933 [ERROR] LogOutputStream:75 - [STDERR_REDIRECT] 
2026-04-29 07:12:33,954 [ERROR] LogOutputStream:75 - [STDERR_REDIRECT] [Fatal Error] :1:1: Premature end of file.
2026-04-29 07:12:33,954 [ERROR] LogOutputStream:75 - [STDERR_REDIRECT] 
2026-04-29 07:12:34,940 [ERROR] LogOutputStream:75 - [STDERR_REDIRECT] [Fatal Error] :1:1: Premature end of file.
2026-04-29 07:12:34,940 [ERROR] LogOutputStream:75 - [STDERR_REDIRECT] 
2026-04-29 07:12:35,939 [ERROR] LogOutputStream:75 - [STDERR_REDIRECT] [Fatal Error] :1:1: Premature end of file.
2026-04-29 07:12:35,939 [ERROR] LogOutputStream:75 - [STDERR_REDIRECT] 
2026-04-29 07:12:36,942 [ERROR] LogOutputStream:75 - [STDERR_REDIRECT] [Fatal Error] :1:1: Premature end of file.
2026-04-29 07:12:36,942 [ERROR] LogOutputStream:75 - [STDERR_REDIRECT] 
2026-04-29 07:12:37,948 [ERROR] LogOutputStream:75 - [STDERR_REDIRECT] [Fatal Error] :1:1: Premature end of file.
2026-04-29 07:12:37,948 [ERROR] LogOutputStream:75 - [STDERR_REDIRECT] 
2026-04-29 07:12:38,946 [ERROR] LogOutputStream:75 - [STDERR_REDIRECT] [Fatal Error] :1:1: Premature end of file.
2026-04-29 07:12:38,947 [ERROR] LogOutputStream:75 - [STDERR_REDIRECT] 
2026-04-29 07:12:39,935 [ERROR] LogOutputStream:75 - [STDERR_REDIRECT] [Fatal Error] :1:1: Premature end of file.
2026-04-29 07:12:39,935 [ERROR] LogOutputStream:75 - [STDERR_REDIRECT] 
2026-04-29 07:12:40,950 [ERROR] LogOutputStream:75 - [STDERR_REDIRECT] [Fatal Error] :1:1: Premature end of file.
2026-04-29 07:12:40,951 [ERROR] LogOutputStream:75 - [STDERR_REDIRECT] 
2026-04-29 07:12:41,943 [ERROR] LogOutputStream:75 - [STDERR_REDIRECT] [Fatal Error] :1:1: Premature end of file.
2026-04-29 07:12:41,943 [ERROR] LogOutputStream:75 - [STDERR_REDIRECT] 
2026-04-29 07:12:42,955 [ERROR] LogOutputStream:75 - [STDERR_REDIRECT] [Fatal Error] :1:1: Premature end of file.
2026-04-29 07:12:42,955 [ERROR] LogOutputStream:75 - [STDERR_REDIRECT] 
2026-04-29 07:12:43,958 [ERROR] LogOutputStream:75 - [STDERR_REDIRECT] [Fatal Error] :1:1: Premature end of file.
2026-04-29 07:12:43,958 [ERROR] LogOutputStream:75 - [STDERR_REDIRECT] 
2026-04-29 07:12:44,948 [ERROR] LogOutputStream:75 - [STDERR_REDIRECT] [Fatal Error] :1:1: Premature end of file.
2026-04-29 07:12:44,948 [ERROR] LogOutputStream:75 - [STDERR_REDIRECT] 
2026-04-29 07:12:45,933 [ERROR] LogOutputStream:75 - [STDERR_REDIRECT] [Fatal Error] :1:1: Premature end of file.
2026-04-29 07:12:45,933 [ERROR] LogOutputStream:75 - [STDERR_REDIRECT] 
2026-04-29 07:12:46,946 [ERROR] LogOutputStream:75 - [STDERR_REDIRECT] [Fatal Error] :1:1: Premature end of file.
2026-04-29 07:12:46,947 [ERROR] LogOutputStream:75 - [STDERR_REDIRECT] 
2026-04-29 07:12:47,940 [ERROR] LogOutputStream:75 - [STDERR_REDIRECT] [Fatal Error] :1:1: Premature end of file.
2026-04-29 07:12:47,940 [ERROR] LogOutputStream:75 - [STDERR_REDIRECT] 
2026-04-29 07:12:48,944 [ERROR] LogOutputStream:75 - [STDERR_REDIRECT] [Fatal Error] :1:1: Premature end of file.
2026-04-29 07:12:48,944 [ERROR] LogOutputStream:75 - [STDERR_REDIRECT] 
2026-04-29 07:12:49,924 [ERROR] LogOutputStream:75 - [STDERR_REDIRECT] [Fatal Error] :1:1: Premature end of file.
2026-04-29 07:12:49,925 [ERROR] LogOutputStream:75 - [STDERR_REDIRECT] 
2026-04-29 07:12:50,921 [ERROR] LogOutputStream:75 - [STDERR_REDIRECT] [Fatal Error] :1:1: Premature end of file.
2026-04-29 07:12:50,921 [ERROR] LogOutputStream:75 - [STDERR_REDIRECT] 
2026-04-29 07:12:51,921 [ERROR] LogOutputStream:75 - [STDERR_REDIRECT] [Fatal Error] :1:1: Premature end of file.
2026-04-29 07:12:51,922 [ERROR] LogOutputStream:75 - [STDERR_REDIRECT] 
2026-04-29 07:12:52,947 [ERROR] LogOutputStream:75 - [STDERR_REDIRECT] [Fatal Error] :1:1: Premature end of file.
2026-04-29 07:12:52,947 [ERROR] LogOutputStream:75 - [STDERR_REDIRECT] 
2026-04-29 07:12:53,954 [ERROR] LogOutputStream:75 - [STDERR_REDIRECT] [Fatal Error] :1:1: Premature end of file.
2026-04-29 07:12:53,954 [ERROR] LogOutputStream:75 - [STDERR_REDIRECT] 
2026-04-29 07:12:54,957 [ERROR] LogOutputStream:75 - [STDERR_REDIRECT] [Fatal Error] :1:1: Premature end of file.
2026-04-29 07:12:54,958 [ERROR] LogOutputStream:75 - [STDERR_REDIRECT] 
2026-04-29 07:12:55,947 [ERROR] LogOutputStream:75 - [STDERR_REDIRECT] [Fatal Error] :1:1: Premature end of file.
2026-04-29 07:12:55,949 [ERROR] LogOutputStream:75 - [STDERR_REDIRECT] 
2026-04-29 07:12:56,944 [ERROR] LogOutputStream:75 - [STDERR_REDIRECT] [Fatal Error] :1:1: Premature end of file.
2026-04-29 07:12:56,944 [ERROR] LogOutputStream:75 - [STDERR_REDIRECT] 
2026-04-29 07:12:57,953 [ERROR] LogOutputStream:75 - [STDERR_REDIRECT] [Fatal Error] :1:1: Premature end of file.
2026-04-29 07:12:57,953 [ERROR] LogOutputStream:75 - [STDERR_REDIRECT] 
2026-04-29 07:12:58,957 [ERROR] LogOutputStream:75 - [STDERR_REDIRECT] [Fatal Error] :1:1: Premature end of file.
2026-04-29 07:12:58,957 [ERROR] LogOutputStream:75 - [STDERR_REDIRECT] 
2026-04-29 07:12:59,947 [ERROR] LogOutputStream:75 - [STDERR_REDIRECT] [Fatal Error] :1:1: Premature end of file.
2026-04-29 07:12:59,947 [ERROR] LogOutputStream:75 - [STDERR_REDIRECT] 
2026-04-29 07:13:00,951 [ERROR] LogOutputStream:75 - [STDERR_REDIRECT] [Fatal Error] :1:1: Premature end of file.
2026-04-29 07:13:00,951 [ERROR] LogOutputStream:75 - [STDERR_REDIRECT] 
2026-04-29 07:13:01,945 [ERROR] LogOutputStream:75 - [STDERR_REDIRECT] [Fatal Error] :1:1: Premature end of file.
2026-04-29 07:13:01,945 [ERROR] LogOutputStream:75 - [STDERR_REDIRECT] 
2026-04-29 07:13:02,949 [ERROR] LogOutputStream:75 - [STDERR_REDIRECT] [Fatal Error] :1:1: Premature end of file.
2026-04-29 07:13:02,949 [ERROR] LogOutputStream:75 - [STDERR_REDIRECT] 
2026-04-29 07:13:03,957 [ERROR] LogOutputStream:75 - [STDERR_REDIRECT] [Fatal Error] :1:1: Premature end of file.
2026-04-29 07:13:03,958 [ERROR] LogOutputStream:75 - [STDERR_REDIRECT] 
2026-04-29 07:13:04,954 [ERROR] LogOutputStream:75 - [STDERR_REDIRECT] [Fatal Error] :1:1: Premature end of file.
2026-04-29 07:13:04,954 [ERROR] LogOutputStream:75 - [STDERR_REDIRECT] 
2026-04-29 07:13:05,945 [ERROR] LogOutputStream:75 - [STDERR_REDIRECT] [Fatal Error] :1:1: Premature end of file.
2026-04-29 07:13:05,945 [ERROR] LogOutputStream:75 - [STDERR_REDIRECT] 
2026-04-29 07:13:06,949 [ERROR] LogOutputStream:75 - [STDERR_REDIRECT] [Fatal Error] :1:1: Premature end of file.
2026-04-29 07:13:06,950 [ERROR] LogOutputStream:75 - [STDERR_REDIRECT] 
2026-04-29 07:13:07,944 [ERROR] LogOutputStream:75 - [STDERR_REDIRECT] [Fatal Error] :1:1: Premature end of file.
2026-04-29 07:13:07,944 [ERROR] LogOutputStream:75 - [STDERR_REDIRECT] 
2026-04-29 07:13:08,949 [ERROR] LogOutputStream:75 - [STDERR_REDIRECT] [Fatal Error] :1:1: Premature end of file.
2026-04-29 07:13:08,949 [ERROR] LogOutputStream:75 - [STDERR_REDIRECT] 
2026-04-29 07:13:09,943 [ERROR] LogOutputStream:75 - [STDERR_REDIRECT] [Fatal Error] :1:1: Premature end of file.
2026-04-29 07:13:09,943 [ERROR] LogOutputStream:75 - [STDERR_REDIRECT] 
2026-04-29 07:13:10,945 [ERROR] LogOutputStream:75 - [STDERR_REDIRECT] [Fatal Error] :1:1: Premature end of file.
2026-04-29 07:13:10,945 [ERROR] LogOutputStream:75 - [STDERR_REDIRECT] 
2026-04-29 07:13:11,951 [ERROR] LogOutputStream:75 - [STDERR_REDIRECT] [Fatal Error] :1:1: Premature end of file.
2026-04-29 07:13:11,951 [ERROR] LogOutputStream:75 - [STDERR_REDIRECT] 
2026-04-29 07:13:12,945 [ERROR] LogOutputStream:75 - [STDERR_REDIRECT] [Fatal Error] :1:1: Premature end of file.
2026-04-29 07:13:12,945 [ERROR] LogOutputStream:75 - [STDERR_REDIRECT] 
2026-04-29 07:13:13,949 [ERROR] LogOutputStream:75 - [STDERR_REDIRECT] [Fatal Error] :1:1: Premature end of file.
2026-04-29 07:13:13,949 [ERROR] LogOutputStream:75 - [STDERR_REDIRECT] 
2026-04-29 07:13:14,971 [ERROR] LogOutputStream:75 - [STDERR_REDIRECT] [Fatal Error] :1:1: Premature end of file.
2026-04-29 07:13:14,971 [ERROR] LogOutputStream:75 - [STDERR_REDIRECT] 
2026-04-29 07:13:15,941 [ERROR] LogOutputStream:75 - [STDERR_REDIRECT] [Fatal Error] :1:1: Premature end of file.
2026-04-29 07:13:15,941 [ERROR] LogOutputStream:75 - [STDERR_REDIRECT] 
2026-04-29 07:13:16,954 [ERROR] LogOutputStream:75 - [STDERR_REDIRECT] [Fatal Error] :1:1: Premature end of file.
2026-04-29 07:13:16,955 [ERROR] LogOutputStream:75 - [STDERR_REDIRECT] 
2026-04-29 07:13:17,936 [ERROR] LogOutputStream:75 - [STDERR_REDIRECT] [Fatal Error] :1:1: Premature end of file.
2026-04-29 07:13:17,936 [ERROR] LogOutputStream:75 - [STDERR_REDIRECT] 
2026-04-29 07:13:18,951 [ERROR] LogOutputStream:75 - [STDERR_REDIRECT] [Fatal Error] :1:1: Premature end of file.
2026-04-29 07:13:18,951 [ERROR] LogOutputStream:75 - [STDERR_REDIRECT] 
2026-04-29 07:13:19,941 [ERROR] LogOutputStream:75 - [STDERR_REDIRECT] [Fatal Error] :1:1: Premature end of file.
2026-04-29 07:13:19,941 [ERROR] LogOutputStream:75 - [STDERR_REDIRECT] 
2026-04-29 07:13:20,936 [ERROR] LogOutputStream:75 - [STDERR_REDIRECT] [Fatal Error] :1:1: Premature end of file.
2026-04-29 07:13:20,936 [ERROR] LogOutputStream:75 - [STDERR_REDIRECT] 
2026-04-29 07:13:21,946 [ERROR] LogOutputStream:75 - [STDERR_REDIRECT] [Fatal Error] :1:1: Premature end of file.
2026-04-29 07:13:21,946 [ERROR] LogOutputStream:75 - [STDERR_REDIRECT] 
2026-04-29 07:13:22,949 [ERROR] LogOutputStream:75 - [STDERR_REDIRECT] [Fatal Error] :1:1: Premature end of file.
2026-04-29 07:13:22,949 [ERROR] LogOutputStream:75 - [STDERR_REDIRECT] 
2026-04-29 07:13:23,945 [ERROR] LogOutputStream:75 - [STDERR_REDIRECT] [Fatal Error] :1:1: Premature end of file.
2026-04-29 07:13:23,945 [ERROR] LogOutputStream:75 - [STDERR_REDIRECT] 
2026-04-29 07:13:24,944 [ERROR] LogOutputStream:75 - [STDERR_REDIRECT] [Fatal Error] :1:1: Premature end of file.
2026-04-29 07:13:24,944 [ERROR] LogOutputStream:75 - [STDERR_REDIRECT] 
2026-04-29 07:13:25,942 [ERROR] LogOutputStream:75 - [STDERR_REDIRECT] [Fatal Error] :1:1: Premature end of file.
2026-04-29 07:13:25,942 [ERROR] LogOutputStream:75 - [STDERR_REDIRECT] 
2026-04-29 07:13:26,947 [ERROR] LogOutputStream:75 - [STDERR_REDIRECT] [Fatal Error] :1:1: Premature end of file.
2026-04-29 07:13:26,947 [ERROR] LogOutputStream:75 - [STDERR_REDIRECT] 
2026-04-29 07:13:27,946 [ERROR] LogOutputStream:75 - [STDERR_REDIRECT] [Fatal Error] :1:1: Premature end of file.
2026-04-29 07:13:27,946 [ERROR] LogOutputStream:75 - [STDERR_REDIRECT] 
2026-04-29 07:13:28,947 [ERROR] LogOutputStream:75 - [STDERR_REDIRECT] [Fatal Error] :1:1: Premature end of file.
2026-04-29 07:13:28,948 [ERROR] LogOutputStream:75 - [STDERR_REDIRECT] 
2026-04-29 07:13:29,946 [ERROR] LogOutputStream:75 - [STDERR_REDIRECT] [Fatal Error] :1:1: Premature end of file.
2026-04-29 07:13:29,946 [ERROR] LogOutputStream:75 - [STDERR_REDIRECT] 
2026-04-29 07:13:30,937 [ERROR] LogOutputStream:75 - [STDERR_REDIRECT] [Fatal Error] :1:1: Premature end of file.
2026-04-29 07:13:30,937 [ERROR] LogOutputStream:75 - [STDERR_REDIRECT] 
2026-04-29 07:13:31,944 [ERROR] LogOutputStream:75 - [STDERR_REDIRECT] [Fatal Error] :1:1: Premature end of file.
2026-04-29 07:13:31,944 [ERROR] LogOutputStream:75 - [STDERR_REDIRECT] 
2026-04-29 07:13:32,943 [ERROR] LogOutputStream:75 - [STDERR_REDIRECT] [Fatal Error] :1:1: Premature end of file.
2026-04-29 07:13:32,943 [ERROR] LogOutputStream:75 - [STDERR_REDIRECT] 
2026-04-29 07:13:33,931 [ERROR] LogOutputStream:75 - [STDERR_REDIRECT] [Fatal Error] :1:1: Premature end of file.
2026-04-29 07:13:33,931 [ERROR] LogOutputStream:75 - [STDERR_REDIRECT] 
2026-04-29 07:13:34,957 [ERROR] LogOutputStream:75 - [STDERR_REDIRECT] [Fatal Error] :1:1: Premature end of file.
2026-04-29 07:13:34,957 [ERROR] LogOutputStream:75 - [STDERR_REDIRECT] 
2026-04-29 07:13:35,941 [ERROR] LogOutputStream:75 - [STDERR_REDIRECT] [Fatal Error] :1:1: Premature end of file.
2026-04-29 07:13:35,942 [ERROR] LogOutputStream:75 - [STDERR_REDIRECT] 
2026-04-29 07:13:36,927 [ERROR] LogOutputStream:75 - [STDERR_REDIRECT] [Fatal Error] :1:1: Premature end of file.
2026-04-29 07:13:36,927 [ERROR] LogOutputStream:75 - [STDERR_REDIRECT] 
2026-04-29 07:13:37,931 [ERROR] LogOutputStream:75 - [STDERR_REDIRECT] [Fatal Error] :1:1: Premature end of file.
2026-04-29 07:13:37,931 [ERROR] LogOutputStream:75 - [STDERR_REDIRECT] 
2026-04-29 07:13:38,924 [ERROR] LogOutputStream:75 - [STDERR_REDIRECT] [Fatal Error] :1:1: Premature end of file.
2026-04-29 07:13:38,924 [ERROR] LogOutputStream:75 - [STDERR_REDIRECT] 
2026-04-29 07:13:39,959 [ERROR] LogOutputStream:75 - [STDERR_REDIRECT] [Fatal Error] :1:1: Premature end of file.
2026-04-29 07:13:39,959 [ERROR] LogOutputStream:75 - [STDERR_REDIRECT] 
2026-04-29 07:13:40,973 [ERROR] LogOutputStream:75 - [STDERR_REDIRECT] [Fatal Error] :1:1: Premature end of file.
2026-04-29 07:13:40,973 [ERROR] LogOutputStream:75 - [STDERR_REDIRECT] 
2026-04-29 07:13:41,979 [ERROR] LogOutputStream:75 - [STDERR_REDIRECT] [Fatal Error] :1:1: Premature end of file.
2026-04-29 07:13:41,979 [ERROR] LogOutputStream:75 - [STDERR_REDIRECT] 
2026-04-29 07:13:42,944 [ERROR] LogOutputStream:75 - [STDERR_REDIRECT] [Fatal Error] :1:1: Premature end of file.
2026-04-29 07:13:42,944 [ERROR] LogOutputStream:75 - [STDERR_REDIRECT] 
2026-04-29 07:13:43,947 [ERROR] LogOutputStream:75 - [STDERR_REDIRECT] [Fatal Error] :1:1: Premature end of file.
2026-04-29 07:13:43,947 [ERROR] LogOutputStream:75 - [STDERR_REDIRECT] 
2026-04-29 07:13:44,968 [ERROR] LogOutputStream:75 - [STDERR_REDIRECT] [Fatal Error] :1:1: Premature end of file.
2026-04-29 07:13:44,968 [ERROR] LogOutputStream:75 - [STDERR_REDIRECT] 
2026-04-29 07:13:45,954 [ERROR] LogOutputStream:75 - [STDERR_REDIRECT] [Fatal Error] :1:1: Premature end of file.
2026-04-29 07:13:45,954 [ERROR] LogOutputStream:75 - [STDERR_REDIRECT] 
2026-04-29 07:13:46,958 [ERROR] LogOutputStream:75 - [STDERR_REDIRECT] [Fatal Error] :1:1: Premature end of file.
2026-04-29 07:13:46,958 [ERROR] LogOutputStream:75 - [STDERR_REDIRECT] 
2026-04-29 07:13:47,985 [ERROR] LogOutputStream:75 - [STDERR_REDIRECT] [Fatal Error] :1:1: Premature end of file.
2026-04-29 07:13:47,985 [ERROR] LogOutputStream:75 - [STDERR_REDIRECT] 
2026-04-29 07:13:48,963 [ERROR] LogOutputStream:75 - [STDERR_REDIRECT] [Fatal Error] :1:1: Premature end of file.
2026-04-29 07:13:48,963 [ERROR] LogOutputStream:75 - [STDERR_REDIRECT] 
2026-04-29 07:13:49,942 [ERROR] LogOutputStream:75 - [STDERR_REDIRECT] [Fatal Error] :1:1: Premature end of file.
2026-04-29 07:13:49,942 [ERROR] LogOutputStream:75 - [STDERR_REDIRECT] 
2026-04-29 07:13:50,950 [ERROR] LogOutputStream:75 - [STDERR_REDIRECT] [Fatal Error] :1:1: Premature end of file.
2026-04-29 07:13:50,950 [ERROR] LogOutputStream:75 - [STDERR_REDIRECT] 
2026-04-29 07:13:51,951 [ERROR] LogOutputStream:75 - [STDERR_REDIRECT] [Fatal Error] :1:1: Premature end of file.
2026-04-29 07:13:51,951 [ERROR] LogOutputStream:75 - [STDERR_REDIRECT] 
2026-04-29 07:13:52,957 [ERROR] LogOutputStream:75 - [STDERR_REDIRECT] [Fatal Error] :1:1: Premature end of file.
2026-04-29 07:13:52,957 [ERROR] LogOutputStream:75 - [STDERR_REDIRECT] 
2026-04-29 07:13:53,958 [ERROR] LogOutputStream:75 - [STDERR_REDIRECT] [Fatal Error] :1:1: Premature end of file.
2026-04-29 07:13:53,958 [ERROR] LogOutputStream:75 - [STDERR_REDIRECT] 
2026-04-29 07:13:54,978 [ERROR] LogOutputStream:75 - [STDERR_REDIRECT] [Fatal Error] :1:1: Premature end of file.
2026-04-29 07:13:54,978 [ERROR] LogOutputStream:75 - [STDERR_REDIRECT] 
2026-04-29 07:13:55,969 [ERROR] LogOutputStream:75 - [STDERR_REDIRECT] [Fatal Error] :1:1: Premature end of file.
2026-04-29 07:13:55,969 [ERROR] LogOutputStream:75 - [STDERR_REDIRECT] 
2026-04-29 07:13:56,949 [ERROR] LogOutputStream:75 - [STDERR_REDIRECT] [Fatal Error] :1:1: Premature end of file.
2026-04-29 07:13:56,949 [ERROR] LogOutputStream:75 - [STDERR_REDIRECT] 
2026-04-29 07:13:57,942 [ERROR] LogOutputStream:75 - [STDERR_REDIRECT] [Fatal Error] :1:1: Premature end of file.
2026-04-29 07:13:57,942 [ERROR] LogOutputStream:75 - [STDERR_REDIRECT] 
2026-04-29 07:13:58,942 [ERROR] LogOutputStream:75 - [STDERR_REDIRECT] [Fatal Error] :1:1: Premature end of file.
2026-04-29 07:13:58,943 [ERROR] LogOutputStream:75 - [STDERR_REDIRECT] 
2026-04-29 07:13:59,942 [ERROR] LogOutputStream:75 - [STDERR_REDIRECT] [Fatal Error] :1:1: Premature end of file.
2026-04-29 07:13:59,942 [ERROR] LogOutputStream:75 - [STDERR_REDIRECT] 
2026-04-29 07:14:00,942 [ERROR] LogOutputStream:75 - [STDERR_REDIRECT] [Fatal Error] :1:1: Premature end of file.
2026-04-29 07:14:00,942 [ERROR] LogOutputStream:75 - [STDERR_REDIRECT] 
2026-04-29 07:14:01,944 [ERROR] LogOutputStream:75 - [STDERR_REDIRECT] [Fatal Error] :1:1: Premature end of file.
2026-04-29 07:14:01,944 [ERROR] LogOutputStream:75 - [STDERR_REDIRECT] 
2026-04-29 07:14:02,944 [ERROR] LogOutputStream:75 - [STDERR_REDIRECT] [Fatal Error] :1:1: Premature end of file.
2026-04-29 07:14:02,945 [ERROR] LogOutputStream:75 - [STDERR_REDIRECT] 
2026-04-29 07:14:03,944 [ERROR] LogOutputStream:75 - [STDERR_REDIRECT] [Fatal Error] :1:1: Premature end of file.
2026-04-29 07:14:03,944 [ERROR] LogOutputStream:75 - [STDERR_REDIRECT] 
2026-04-29 07:14:04,944 [ERROR] LogOutputStream:75 - [STDERR_REDIRECT] [Fatal Error] :1:1: Premature end of file.
2026-04-29 07:14:04,944 [ERROR] LogOutputStream:75 - [STDERR_REDIRECT] 
2026-04-29 07:14:05,943 [ERROR] LogOutputStream:75 - [STDERR_REDIRECT] [Fatal Error] :1:1: Premature end of file.
2026-04-29 07:14:05,943 [ERROR] LogOutputStream:75 - [STDERR_REDIRECT] 
2026-04-29 07:14:06,958 [ERROR] LogOutputStream:75 - [STDERR_REDIRECT] [Fatal Error] :1:1: Premature end of file.
2026-04-29 07:14:06,958 [ERROR] LogOutputStream:75 - [STDERR_REDIRECT] 
2026-04-29 07:14:07,943 [ERROR] LogOutputStream:75 - [STDERR_REDIRECT] [Fatal Error] :1:1: Premature end of file.
2026-04-29 07:14:07,943 [ERROR] LogOutputStream:75 - [STDERR_REDIRECT] 
2026-04-29 07:14:08,947 [ERROR] LogOutputStream:75 - [STDERR_REDIRECT] [Fatal Error] :1:1: Premature end of file.
2026-04-29 07:14:08,948 [ERROR] LogOutputStream:75 - [STDERR_REDIRECT] 
2026-04-29 07:14:09,950 [ERROR] LogOutputStream:75 - [STDERR_REDIRECT] [Fatal Error] :1:1: Premature end of file.
2026-04-29 07:14:09,950 [ERROR] LogOutputStream:75 - [STDERR_REDIRECT] 
2026-04-29 07:14:10,940 [ERROR] LogOutputStream:75 - [STDERR_REDIRECT] [Fatal Error] :1:1: Premature end of file.
2026-04-29 07:14:10,940 [ERROR] LogOutputStream:75 - [STDERR_REDIRECT] 
2026-04-29 07:14:11,945 [ERROR] LogOutputStream:75 - [STDERR_REDIRECT] [Fatal Error] :1:1: Premature end of file.
2026-04-29 07:14:11,945 [ERROR] LogOutputStream:75 - [STDERR_REDIRECT] 
2026-04-29 07:14:12,942 [ERROR] LogOutputStream:75 - [STDERR_REDIRECT] [Fatal Error] :1:1: Premature end of file.
2026-04-29 07:14:12,942 [ERROR] LogOutputStream:75 - [STDERR_REDIRECT] 
2026-04-29 07:14:13,942 [ERROR] LogOutputStream:75 - [STDERR_REDIRECT] [Fatal Error] :1:1: Premature end of file.
2026-04-29 07:14:13,942 [ERROR] LogOutputStream:75 - [STDERR_REDIRECT] 
2026-04-29 07:14:14,952 [ERROR] LogOutputStream:75 - [STDERR_REDIRECT] [Fatal Error] :1:1: Premature end of file.
2026-04-29 07:14:14,952 [ERROR] LogOutputStream:75 - [STDERR_REDIRECT] 
2026-04-29 07:14:15,946 [ERROR] LogOutputStream:75 - [STDERR_REDIRECT] [Fatal Error] :1:1: Premature end of file.
2026-04-29 07:14:15,946 [ERROR] LogOutputStream:75 - [STDERR_REDIRECT] 
2026-04-29 07:14:16,943 [ERROR] LogOutputStream:75 - [STDERR_REDIRECT] [Fatal Error] :1:1: Premature end of file.
2026-04-29 07:14:16,943 [ERROR] LogOutputStream:75 - [STDERR_REDIRECT] 
2026-04-29 07:14:17,947 [ERROR] LogOutputStream:75 - [STDERR_REDIRECT] [Fatal Error] :1:1: Premature end of file.
2026-04-29 07:14:17,948 [ERROR] LogOutputStream:75 - [STDERR_REDIRECT] 
2026-04-29 07:14:18,943 [ERROR] LogOutputStream:75 - [STDERR_REDIRECT] [Fatal Error] :1:1: Premature end of file.
2026-04-29 07:14:18,943 [ERROR] LogOutputStream:75 - [STDERR_REDIRECT] 
2026-04-29 07:14:19,947 [ERROR] LogOutputStream:75 - [STDERR_REDIRECT] [Fatal Error] :1:1: Premature end of file.
2026-04-29 07:14:19,947 [ERROR] LogOutputStream:75 - [STDERR_REDIRECT] 
2026-04-29 07:14:20,942 [ERROR] LogOutputStream:75 - [STDERR_REDIRECT] [Fatal Error] :1:1: Premature end of file.
2026-04-29 07:14:20,942 [ERROR] LogOutputStream:75 - [STDERR_REDIRECT] 
2026-04-29 07:14:21,943 [ERROR] LogOutputStream:75 - [STDERR_REDIRECT] [Fatal Error] :1:1: Premature end of file.
2026-04-29 07:14:21,943 [ERROR] LogOutputStream:75 - [STDERR_REDIRECT] 
2026-04-29 07:14:22,940 [ERROR] LogOutputStream:75 - [STDERR_REDIRECT] [Fatal Error] :1:1: Premature end of file.
2026-04-29 07:14:22,940 [ERROR] LogOutputStream:75 - [STDERR_REDIRECT] 
2026-04-29 07:14:23,946 [ERROR] LogOutputStream:75 - [STDERR_REDIRECT] [Fatal Error] :1:1: Premature end of file.
2026-04-29 07:14:23,947 [ERROR] LogOutputStream:75 - [STDERR_REDIRECT] 
2026-04-29 07:14:24,960 [ERROR] LogOutputStream:75 - [STDERR_REDIRECT] [Fatal Error] :1:1: Premature end of file.
2026-04-29 07:14:24,960 [ERROR] LogOutputStream:75 - [STDERR_REDIRECT] 
2026-04-29 07:14:25,942 [ERROR] LogOutputStream:75 - [STDERR_REDIRECT] [Fatal Error] :1:1: Premature end of file.
2026-04-29 07:14:25,943 [ERROR] LogOutputStream:75 - [STDERR_REDIRECT] 
2026-04-29 07:14:26,938 [ERROR] LogOutputStream:75 - [STDERR_REDIRECT] [Fatal Error] :1:1: Premature end of file.
2026-04-29 07:14:26,939 [ERROR] LogOutputStream:75 - [STDERR_REDIRECT] 
2026-04-29 07:14:27,940 [ERROR] LogOutputStream:75 - [STDERR_REDIRECT] [Fatal Error] :1:1: Premature end of file.
2026-04-29 07:14:27,940 [ERROR] LogOutputStream:75 - [STDERR_REDIRECT] 
2026-04-29 07:14:28,950 [ERROR] LogOutputStream:75 - [STDERR_REDIRECT] [Fatal Error] :1:1: Premature end of file.
2026-04-29 07:14:28,950 [ERROR] LogOutputStream:75 - [STDERR_REDIRECT] 
2026-04-29 07:14:29,948 [ERROR] LogOutputStream:75 - [STDERR_REDIRECT] [Fatal Error] :1:1: Premature end of file.
2026-04-29 07:14:29,948 [ERROR] LogOutputStream:75 - [STDERR_REDIRECT] 
2026-04-29 07:14:30,957 [ERROR] LogOutputStream:75 - [STDERR_REDIRECT] [Fatal Error] :1:1: Premature end of file.
2026-04-29 07:14:30,958 [ERROR] LogOutputStream:75 - [STDERR_REDIRECT] 
2026-04-29 07:14:31,940 [ERROR] LogOutputStream:75 - [STDERR_REDIRECT] [Fatal Error] :1:1: Premature end of file.
2026-04-29 07:14:31,941 [ERROR] LogOutputStream:75 - [STDERR_REDIRECT] 
2026-04-29 07:14:32,954 [ERROR] LogOutputStream:75 - [STDERR_REDIRECT] [Fatal Error] :1:1: Premature end of file.
2026-04-29 07:14:32,955 [ERROR] LogOutputStream:75 - [STDERR_REDIRECT] 
2026-04-29 07:14:33,945 [ERROR] LogOutputStream:75 - [STDERR_REDIRECT] [Fatal Error] :1:1: Premature end of file.
2026-04-29 07:14:33,945 [ERROR] LogOutputStream:75 - [STDERR_REDIRECT] 
2026-04-29 07:14:34,952 [ERROR] LogOutputStream:75 - [STDERR_REDIRECT] [Fatal Error] :1:1: Premature end of file.
2026-04-29 07:14:34,952 [ERROR] LogOutputStream:75 - [STDERR_REDIRECT] 
2026-04-29 07:14:35,951 [ERROR] LogOutputStream:75 - [STDERR_REDIRECT] [Fatal Error] :1:1: Premature end of file.
2026-04-29 07:14:35,951 [ERROR] LogOutputStream:75 - [STDERR_REDIRECT] 
2026-04-29 07:14:36,951 [ERROR] LogOutputStream:75 - [STDERR_REDIRECT] [Fatal Error] :1:1: Premature end of file.
2026-04-29 07:14:36,951 [ERROR] LogOutputStream:75 - [STDERR_REDIRECT] 
2026-04-29 07:14:37,962 [ERROR] LogOutputStream:75 - [STDERR_REDIRECT] [Fatal Error] :1:1: Premature end of file.
2026-04-29 07:14:37,962 [ERROR] LogOutputStream:75 - [STDERR_REDIRECT] 
2026-04-29 07:14:38,948 [ERROR] LogOutputStream:75 - [STDERR_REDIRECT] [Fatal Error] :1:1: Premature end of file.
2026-04-29 07:14:38,948 [ERROR] LogOutputStream:75 - [STDERR_REDIRECT] 
2026-04-29 07:14:39,939 [ERROR] LogOutputStream:75 - [STDERR_REDIRECT] [Fatal Error] :1:1: Premature end of file.
2026-04-29 07:14:39,939 [ERROR] LogOutputStream:75 - [STDERR_REDIRECT] 
2026-04-29 07:14:40,951 [ERROR] LogOutputStream:75 - [STDERR_REDIRECT] [Fatal Error] :1:1: Premature end of file.
2026-04-29 07:14:40,952 [ERROR] LogOutputStream:75 - [STDERR_REDIRECT] 
2026-04-29 07:14:41,937 [ERROR] LogOutputStream:75 - [STDERR_REDIRECT] [Fatal Error] :1:1: Premature end of file.
2026-04-29 07:14:41,937 [ERROR] LogOutputStream:75 - [STDERR_REDIRECT] 
2026-04-29 07:14:42,949 [ERROR] LogOutputStream:75 - [STDERR_REDIRECT] [Fatal Error] :1:1: Premature end of file.
2026-04-29 07:14:42,950 [ERROR] LogOutputStream:75 - [STDERR_REDIRECT] 
2026-04-29 07:14:43,938 [ERROR] LogOutputStream:75 - [STDERR_REDIRECT] [Fatal Error] :1:1: Premature end of file.
2026-04-29 07:14:43,938 [ERROR] LogOutputStream:75 - [STDERR_REDIRECT] 
2026-04-29 07:14:44,956 [ERROR] LogOutputStream:75 - [STDERR_REDIRECT] [Fatal Error] :1:1: Premature end of file.
2026-04-29 07:14:44,957 [ERROR] LogOutputStream:75 - [STDERR_REDIRECT] 
2026-04-29 07:14:45,937 [ERROR] LogOutputStream:75 - [STDERR_REDIRECT] [Fatal Error] :1:1: Premature end of file.
2026-04-29 07:14:45,938 [ERROR] LogOutputStream:75 - [STDERR_REDIRECT] 
2026-04-29 07:14:46,939 [ERROR] LogOutputStream:75 - [STDERR_REDIRECT] [Fatal Error] :1:1: Premature end of file.
2026-04-29 07:14:46,939 [ERROR] LogOutputStream:75 - [STDERR_REDIRECT] 
2026-04-29 07:14:47,932 [ERROR] LogOutputStream:75 - [STDERR_REDIRECT] [Fatal Error] :1:1: Premature end of file.
2026-04-29 07:14:47,933 [ERROR] LogOutputStream:75 - [STDERR_REDIRECT] 
2026-04-29 07:14:48,942 [ERROR] LogOutputStream:75 - [STDERR_REDIRECT] [Fatal Error] :1:1: Premature end of file.
2026-04-29 07:14:48,942 [ERROR] LogOutputStream:75 - [STDERR_REDIRECT] 
2026-04-29 07:14:49,944 [ERROR] LogOutputStream:75 - [STDERR_REDIRECT] [Fatal Error] :1:1: Premature end of file.
2026-04-29 07:14:49,945 [ERROR] LogOutputStream:75 - [STDERR_REDIRECT] 
2026-04-29 07:14:50,926 [ERROR] LogOutputStream:75 - [STDERR_REDIRECT] [Fatal Error] :1:1: Premature end of file.
2026-04-29 07:14:50,926 [ERROR] LogOutputStream:75 - [STDERR_REDIRECT] 
2026-04-29 07:14:51,942 [ERROR] LogOutputStream:75 - [STDERR_REDIRECT] [Fatal Error] :1:1: Premature end of file.
2026-04-29 07:14:51,942 [ERROR] LogOutputStream:75 - [STDERR_REDIRECT] 
2026-04-29 07:14:52,937 [ERROR] LogOutputStream:75 - [STDERR_REDIRECT] [Fatal Error] :1:1: Premature end of file.
2026-04-29 07:14:52,937 [ERROR] LogOutputStream:75 - [STDERR_REDIRECT] 
2026-04-29 07:14:53,940 [ERROR] LogOutputStream:75 - [STDERR_REDIRECT] [Fatal Error] :1:1: Premature end of file.
2026-04-29 07:14:53,940 [ERROR] LogOutputStream:75 - [STDERR_REDIRECT] 
2026-04-29 07:14:54,949 [ERROR] LogOutputStream:75 - [STDERR_REDIRECT] [Fatal Error] :1:1: Premature end of file.
2026-04-29 07:14:54,949 [ERROR] LogOutputStream:75 - [STDERR_REDIRECT] 
2026-04-29 07:14:55,941 [ERROR] LogOutputStream:75 - [STDERR_REDIRECT] [Fatal Error] :1:1: Premature end of file.
2026-04-29 07:14:55,941 [ERROR] LogOutputStream:75 - [STDERR_REDIRECT] 
2026-04-29 07:14:56,943 [ERROR] LogOutputStream:75 - [STDERR_REDIRECT] [Fatal Error] :1:1: Premature end of file.
2026-04-29 07:14:56,943 [ERROR] LogOutputStream:75 - [STDERR_REDIRECT] 
2026-04-29 07:14:57,938 [ERROR] LogOutputStream:75 - [STDERR_REDIRECT] [Fatal Error] :1:1: Premature end of file.
2026-04-29 07:14:57,938 [ERROR] LogOutputStream:75 - [STDERR_REDIRECT] 
2026-04-29 07:14:58,941 [ERROR] LogOutputStream:75 - [STDERR_REDIRECT] [Fatal Error] :1:1: Premature end of file.
2026-04-29 07:14:58,942 [ERROR] LogOutputStream:75 - [STDERR_REDIRECT] 
2026-04-29 07:14:59,947 [ERROR] LogOutputStream:75 - [STDERR_REDIRECT] [Fatal Error] :1:1: Premature end of file.
2026-04-29 07:14:59,947 [ERROR] LogOutputStream:75 - [STDERR_REDIRECT] 
2026-04-29 07:15:00,943 [ERROR] LogOutputStream:75 - [STDERR_REDIRECT] [Fatal Error] :1:1: Premature end of file.
2026-04-29 07:15:00,943 [ERROR] LogOutputStream:75 - [STDERR_REDIRECT] 
2026-04-29 07:15:01,925 [ERROR] LogOutputStream:75 - [STDERR_REDIRECT] [Fatal Error] :1:1: Premature end of file.
2026-04-29 07:15:01,925 [ERROR] LogOutputStream:75 - [STDERR_REDIRECT] 
2026-04-29 07:15:02,948 [ERROR] LogOutputStream:75 - [STDERR_REDIRECT] [Fatal Error] :1:1: Premature end of file.
2026-04-29 07:15:02,948 [ERROR] LogOutputStream:75 - [STDERR_REDIRECT] 
2026-04-29 07:15:03,956 [ERROR] LogOutputStream:75 - [STDERR_REDIRECT] [Fatal Error] :1:1: Premature end of file.
2026-04-29 07:15:03,956 [ERROR] LogOutputStream:75 - [STDERR_REDIRECT] 
2026-04-29 07:15:04,925 [ERROR] LogOutputStream:75 - [STDERR_REDIRECT] [Fatal Error] :1:1: Premature end of file.
2026-04-29 07:15:04,925 [ERROR] LogOutputStream:75 - [STDERR_REDIRECT] 
2026-04-29 07:15:05,939 [ERROR] LogOutputStream:75 - [STDERR_REDIRECT] [Fatal Error] :1:1: Premature end of file.
2026-04-29 07:15:05,939 [ERROR] LogOutputStream:75 - [STDERR_REDIRECT] 
2026-04-29 07:15:06,968 [ERROR] LogOutputStream:75 - [STDERR_REDIRECT] [Fatal Error] :1:1: Premature end of file.
2026-04-29 07:15:06,968 [ERROR] LogOutputStream:75 - [STDERR_REDIRECT] 
2026-04-29 07:15:07,953 [ERROR] LogOutputStream:75 - [STDERR_REDIRECT] [Fatal Error] :1:1: Premature end of file.
2026-04-29 07:15:07,953 [ERROR] LogOutputStream:75 - [STDERR_REDIRECT] 
2026-04-29 07:15:08,970 [ERROR] LogOutputStream:75 - [STDERR_REDIRECT] [Fatal Error] :1:1: Premature end of file.
2026-04-29 07:15:08,970 [ERROR] LogOutputStream:75 - [STDERR_REDIRECT] 
2026-04-29 07:15:09,937 [ERROR] LogOutputStream:75 - [STDERR_REDIRECT] [Fatal Error] :1:1: Premature end of file.
2026-04-29 07:15:09,937 [ERROR] LogOutputStream:75 - [STDERR_REDIRECT] 
2026-04-29 07:15:10,924 [ERROR] LogOutputStream:75 - [STDERR_REDIRECT] [Fatal Error] :1:1: Premature end of file.
2026-04-29 07:15:10,924 [ERROR] LogOutputStream:75 - [STDERR_REDIRECT] 
2026-04-29 07:15:11,923 [ERROR] LogOutputStream:75 - [STDERR_REDIRECT] [Fatal Error] :1:1: Premature end of file.
2026-04-29 07:15:11,923 [ERROR] LogOutputStream:75 - [STDERR_REDIRECT] 
2026-04-29 07:15:12,960 [ERROR] LogOutputStream:75 - [STDERR_REDIRECT] [Fatal Error] :1:1: Premature end of file.
2026-04-29 07:15:12,960 [ERROR] LogOutputStream:75 - [STDERR_REDIRECT] 
2026-04-29 07:15:13,963 [ERROR] LogOutputStream:75 - [STDERR_REDIRECT] [Fatal Error] :1:1: Premature end of file.
2026-04-29 07:15:13,963 [ERROR] LogOutputStream:75 - [STDERR_REDIRECT] 
2026-04-29 07:15:14,947 [ERROR] LogOutputStream:75 - [STDERR_REDIRECT] [Fatal Error] :1:1: Premature end of file.
2026-04-29 07:15:14,947 [ERROR] LogOutputStream:75 - [STDERR_REDIRECT] 
2026-04-29 07:15:15,938 [ERROR] LogOutputStream:75 - [STDERR_REDIRECT] [Fatal Error] :1:1: Premature end of file.
2026-04-29 07:15:15,938 [ERROR] LogOutputStream:75 - [STDERR_REDIRECT] 
2026-04-29 07:15:16,939 [ERROR] LogOutputStream:75 - [STDERR_REDIRECT] [Fatal Error] :1:1: Premature end of file.
2026-04-29 07:15:16,939 [ERROR] LogOutputStream:75 - [STDERR_REDIRECT] 
2026-04-29 07:15:17,939 [ERROR] LogOutputStream:75 - [STDERR_REDIRECT] [Fatal Error] :1:1: Premature end of file.
2026-04-29 07:15:17,939 [ERROR] LogOutputStream:75 - [STDERR_REDIRECT] 
2026-04-29 07:15:18,947 [ERROR] LogOutputStream:75 - [STDERR_REDIRECT] [Fatal Error] :1:1: Premature end of file.
2026-04-29 07:15:18,947 [ERROR] LogOutputStream:75 - [STDERR_REDIRECT] 
2026-04-29 07:15:19,948 [ERROR] LogOutputStream:75 - [STDERR_REDIRECT] [Fatal Error] :1:1: Premature end of file.
2026-04-29 07:15:19,949 [ERROR] LogOutputStream:75 - [STDERR_REDIRECT] 
2026-04-29 07:15:20,947 [ERROR] LogOutputStream:75 - [STDERR_REDIRECT] [Fatal Error] :1:1: Premature end of file.
2026-04-29 07:15:20,947 [ERROR] LogOutputStream:75 - [STDERR_REDIRECT] 
2026-04-29 07:15:21,943 [ERROR] LogOutputStream:75 - [STDERR_REDIRECT] [Fatal Error] :1:1: Premature end of file.
2026-04-29 07:15:21,943 [ERROR] LogOutputStream:75 - [STDERR_REDIRECT] 
2026-04-29 07:15:22,943 [ERROR] LogOutputStream:75 - [STDERR_REDIRECT] [Fatal Error] :1:1: Premature end of file.
2026-04-29 07:15:22,943 [ERROR] LogOutputStream:75 - [STDERR_REDIRECT] 
2026-04-29 07:15:23,950 [ERROR] LogOutputStream:75 - [STDERR_REDIRECT] [Fatal Error] :1:1: Premature end of file.
2026-04-29 07:15:23,950 [ERROR] LogOutputStream:75 - [STDERR_REDIRECT] 
2026-04-29 07:15:24,945 [ERROR] LogOutputStream:75 - [STDERR_REDIRECT] [Fatal Error] :1:1: Premature end of file.
2026-04-29 07:15:24,946 [ERROR] LogOutputStream:75 - [STDERR_REDIRECT] 
2026-04-29 07:15:25,947 [ERROR] LogOutputStream:75 - [STDERR_REDIRECT] [Fatal Error] :1:1: Premature end of file.
2026-04-29 07:15:25,947 [ERROR] LogOutputStream:75 - [STDERR_REDIRECT] 
2026-04-29 07:15:26,948 [ERROR] LogOutputStream:75 - [STDERR_REDIRECT] [Fatal Error] :1:1: Premature end of file.
2026-04-29 07:15:26,948 [ERROR] LogOutputStream:75 - [STDERR_REDIRECT] 
2026-04-29 07:15:27,953 [ERROR] LogOutputStream:75 - [STDERR_REDIRECT] [Fatal Error] :1:1: Premature end of file.
2026-04-29 07:15:27,953 [ERROR] LogOutputStream:75 - [STDERR_REDIRECT] 
2026-04-29 07:15:28,941 [ERROR] LogOutputStream:75 - [STDERR_REDIRECT] [Fatal Error] :1:1: Premature end of file.
2026-04-29 07:15:28,941 [ERROR] LogOutputStream:75 - [STDERR_REDIRECT] 
2026-04-29 07:15:29,923 [ERROR] LogOutputStream:75 - [STDERR_REDIRECT] [Fatal Error] :1:1: Premature end of file.
2026-04-29 07:15:29,923 [ERROR] LogOutputStream:75 - [STDERR_REDIRECT] 
2026-04-29 07:15:30,922 [ERROR] LogOutputStream:75 - [STDERR_REDIRECT] [Fatal Error] :1:1: Premature end of file.
2026-04-29 07:15:30,922 [ERROR] LogOutputStream:75 - [STDERR_REDIRECT] 
2026-04-29 07:15:31,943 [ERROR] LogOutputStream:75 - [STDERR_REDIRECT] [Fatal Error] :1:1: Premature end of file.
2026-04-29 07:15:31,943 [ERROR] LogOutputStream:75 - [STDERR_REDIRECT] 
2026-04-29 07:15:32,942 [ERROR] LogOutputStream:75 - [STDERR_REDIRECT] [Fatal Error] :1:1: Premature end of file.
2026-04-29 07:15:32,942 [ERROR] LogOutputStream:75 - [STDERR_REDIRECT] 
2026-04-29 07:15:33,946 [ERROR] LogOutputStream:75 - [STDERR_REDIRECT] [Fatal Error] :1:1: Premature end of file.
2026-04-29 07:15:33,946 [ERROR] LogOutputStream:75 - [STDERR_REDIRECT] 
2026-04-29 07:15:34,941 [ERROR] LogOutputStream:75 - [STDERR_REDIRECT] [Fatal Error] :1:1: Premature end of file.
2026-04-29 07:15:34,941 [ERROR] LogOutputStream:75 - [STDERR_REDIRECT] 
2026-04-29 07:15:35,953 [ERROR] LogOutputStream:75 - [STDERR_REDIRECT] [Fatal Error] :1:1: Premature end of file.
2026-04-29 07:15:35,953 [ERROR] LogOutputStream:75 - [STDERR_REDIRECT] 
2026-04-29 07:15:36,942 [ERROR] LogOutputStream:75 - [STDERR_REDIRECT] [Fatal Error] :1:1: Premature end of file.
2026-04-29 07:15:36,942 [ERROR] LogOutputStream:75 - [STDERR_REDIRECT] 
2026-04-29 07:15:37,934 [ERROR] LogOutputStream:75 - [STDERR_REDIRECT] [Fatal Error] :1:1: Premature end of file.
2026-04-29 07:15:37,934 [ERROR] LogOutputStream:75 - [STDERR_REDIRECT] 
2026-04-29 07:15:38,944 [ERROR] LogOutputStream:75 - [STDERR_REDIRECT] [Fatal Error] :1:1: Premature end of file.
2026-04-29 07:15:38,944 [ERROR] LogOutputStream:75 - [STDERR_REDIRECT] 
2026-04-29 07:15:39,943 [ERROR] LogOutputStream:75 - [STDERR_REDIRECT] [Fatal Error] :1:1: Premature end of file.
2026-04-29 07:15:39,943 [ERROR] LogOutputStream:75 - [STDERR_REDIRECT] 
2026-04-29 07:15:40,937 [ERROR] LogOutputStream:75 - [STDERR_REDIRECT] [Fatal Error] :1:1: Premature end of file.
2026-04-29 07:15:40,937 [ERROR] LogOutputStream:75 - [STDERR_REDIRECT] 
2026-04-29 07:15:41,943 [ERROR] LogOutputStream:75 - [STDERR_REDIRECT] [Fatal Error] :1:1: Premature end of file.
2026-04-29 07:15:41,943 [ERROR] LogOutputStream:75 - [STDERR_REDIRECT] 
2026-04-29 07:15:42,940 [ERROR] LogOutputStream:75 - [STDERR_REDIRECT] [Fatal Error] :1:1: Premature end of file.
2026-04-29 07:15:42,940 [ERROR] LogOutputStream:75 - [STDERR_REDIRECT] 
2026-04-29 07:15:43,943 [ERROR] LogOutputStream:75 - [STDERR_REDIRECT] [Fatal Error] :1:1: Premature end of file.
2026-04-29 07:15:43,943 [ERROR] LogOutputStream:75 - [STDERR_REDIRECT] 
2026-04-29 07:15:44,947 [ERROR] LogOutputStream:75 - [STDERR_REDIRECT] [Fatal Error] :1:1: Premature end of file.
2026-04-29 07:15:44,947 [ERROR] LogOutputStream:75 - [STDERR_REDIRECT] 
2026-04-29 07:15:45,945 [ERROR] LogOutputStream:75 - [STDERR_REDIRECT] [Fatal Error] :1:1: Premature end of file.
2026-04-29 07:15:45,945 [ERROR] LogOutputStream:75 - [STDERR_REDIRECT] 
2026-04-29 07:15:46,937 [ERROR] LogOutputStream:75 - [STDERR_REDIRECT] [Fatal Error] :1:1: Premature end of file.
2026-04-29 07:15:46,938 [ERROR] LogOutputStream:75 - [STDERR_REDIRECT] 
2026-04-29 07:15:47,945 [ERROR] LogOutputStream:75 - [STDERR_REDIRECT] [Fatal Error] :1:1: Premature end of file.
2026-04-29 07:15:47,946 [ERROR] LogOutputStream:75 - [STDERR_REDIRECT] 
2026-04-29 07:15:48,926 [ERROR] LogOutputStream:75 - [STDERR_REDIRECT] [Fatal Error] :1:1: Premature end of file.
2026-04-29 07:15:48,926 [ERROR] LogOutputStream:75 - [STDERR_REDIRECT] 
2026-04-29 07:15:49,926 [ERROR] LogOutputStream:75 - [STDERR_REDIRECT] [Fatal Error] :1:1: Premature end of file.
2026-04-29 07:15:49,927 [ERROR] LogOutputStream:75 - [STDERR_REDIRECT] 
2026-04-29 07:15:50,936 [ERROR] LogOutputStream:75 - [STDERR_REDIRECT] [Fatal Error] :1:1: Premature end of file.
2026-04-29 07:15:50,937 [ERROR] LogOutputStream:75 - [STDERR_REDIRECT] 
2026-04-29 07:15:51,947 [ERROR] LogOutputStream:75 - [STDERR_REDIRECT] [Fatal Error] :1:1: Premature end of file.
2026-04-29 07:15:51,947 [ERROR] LogOutputStream:75 - [STDERR_REDIRECT] 
2026-04-29 07:15:52,948 [ERROR] LogOutputStream:75 - [STDERR_REDIRECT] [Fatal Error] :1:1: Premature end of file.
2026-04-29 07:15:52,948 [ERROR] LogOutputStream:75 - [STDERR_REDIRECT] 
2026-04-29 07:15:53,923 [ERROR] LogOutputStream:75 - [STDERR_REDIRECT] [Fatal Error] :1:1: Premature end of file.
2026-04-29 07:15:53,923 [ERROR] LogOutputStream:75 - [STDERR_REDIRECT] 
2026-04-29 07:15:54,925 [ERROR] LogOutputStream:75 - [STDERR_REDIRECT] [Fatal Error] :1:1: Premature end of file.
2026-04-29 07:15:54,925 [ERROR] LogOutputStream:75 - [STDERR_REDIRECT] 
2026-04-29 07:15:55,942 [ERROR] LogOutputStream:75 - [STDERR_REDIRECT] [Fatal Error] :1:1: Premature end of file.
2026-04-29 07:15:55,942 [ERROR] LogOutputStream:75 - [STDERR_REDIRECT] 
2026-04-29 07:15:56,940 [ERROR] LogOutputStream:75 - [STDERR_REDIRECT] [Fatal Error] :1:1: Premature end of file.
2026-04-29 07:15:56,940 [ERROR] LogOutputStream:75 - [STDERR_REDIRECT] 
2026-04-29 07:15:57,947 [ERROR] LogOutputStream:75 - [STDERR_REDIRECT] [Fatal Error] :1:1: Premature end of file.
2026-04-29 07:15:57,948 [ERROR] LogOutputStream:75 - [STDERR_REDIRECT] 
2026-04-29 07:15:58,940 [ERROR] LogOutputStream:75 - [STDERR_REDIRECT] [Fatal Error] :1:1: Premature end of file.
2026-04-29 07:15:58,940 [ERROR] LogOutputStream:75 - [STDERR_REDIRECT] 
2026-04-29 07:15:59,939 [ERROR] LogOutputStream:75 - [STDERR_REDIRECT] [Fatal Error] :1:1: Premature end of file.
2026-04-29 07:15:59,940 [ERROR] LogOutputStream:75 - [STDERR_REDIRECT] 
2026-04-29 07:16:00,952 [ERROR] LogOutputStream:75 - [STDERR_REDIRECT] [Fatal Error] :1:1: Premature end of file.
2026-04-29 07:16:00,952 [ERROR] LogOutputStream:75 - [STDERR_REDIRECT] 
2026-04-29 07:16:01,937 [ERROR] LogOutputStream:75 - [STDERR_REDIRECT] [Fatal Error] :1:1: Premature end of file.
2026-04-29 07:16:01,937 [ERROR] LogOutputStream:75 - [STDERR_REDIRECT] 
2026-04-29 07:16:02,945 [ERROR] LogOutputStream:75 - [STDERR_REDIRECT] [Fatal Error] :1:1: Premature end of file.
2026-04-29 07:16:02,945 [ERROR] LogOutputStream:75 - [STDERR_REDIRECT] 
2026-04-29 07:16:03,948 [ERROR] LogOutputStream:75 - [STDERR_REDIRECT] [Fatal Error] :1:1: Premature end of file.
2026-04-29 07:16:03,948 [ERROR] LogOutputStream:75 - [STDERR_REDIRECT] 
2026-04-29 07:16:04,930 [ERROR] LogOutputStream:75 - [STDERR_REDIRECT] [Fatal Error] :1:1: Premature end of file.
2026-04-29 07:16:04,930 [ERROR] LogOutputStream:75 - [STDERR_REDIRECT] 
2026-04-29 07:16:05,937 [ERROR] LogOutputStream:75 - [STDERR_REDIRECT] [Fatal Error] :1:1: Premature end of file.
2026-04-29 07:16:05,937 [ERROR] LogOutputStream:75 - [STDERR_REDIRECT] 
2026-04-29 07:16:06,948 [ERROR] LogOutputStream:75 - [STDERR_REDIRECT] [Fatal Error] :1:1: Premature end of file.
2026-04-29 07:16:06,948 [ERROR] LogOutputStream:75 - [STDERR_REDIRECT] 
2026-04-29 07:16:07,936 [ERROR] LogOutputStream:75 - [STDERR_REDIRECT] [Fatal Error] :1:1: Premature end of file.
2026-04-29 07:16:07,936 [ERROR] LogOutputStream:75 - [STDERR_REDIRECT] 
2026-04-29 07:16:08,932 [ERROR] LogOutputStream:75 - [STDERR_REDIRECT] [Fatal Error] :1:1: Premature end of file.
2026-04-29 07:16:08,932 [ERROR] LogOutputStream:75 - [STDERR_REDIRECT] 
2026-04-29 07:16:09,936 [ERROR] LogOutputStream:75 - [STDERR_REDIRECT] [Fatal Error] :1:1: Premature end of file.
2026-04-29 07:16:09,936 [ERROR] LogOutputStream:75 - [STDERR_REDIRECT] 
2026-04-29 07:16:10,944 [ERROR] LogOutputStream:75 - [STDERR_REDIRECT] [Fatal Error] :1:1: Premature end of file.
2026-04-29 07:16:10,944 [ERROR] LogOutputStream:75 - [STDERR_REDIRECT] 
2026-04-29 07:16:11,940 [ERROR] LogOutputStream:75 - [STDERR_REDIRECT] [Fatal Error] :1:1: Premature end of file.
2026-04-29 07:16:11,940 [ERROR] LogOutputStream:75 - [STDERR_REDIRECT] 
2026-04-29 07:16:12,939 [ERROR] LogOutputStream:75 - [STDERR_REDIRECT] [Fatal Error] :1:1: Premature end of file.
2026-04-29 07:16:12,939 [ERROR] LogOutputStream:75 - [STDERR_REDIRECT] 
2026-04-29 07:16:13,943 [ERROR] LogOutputStream:75 - [STDERR_REDIRECT] [Fatal Error] :1:1: Premature end of file.
2026-04-29 07:16:13,943 [ERROR] LogOutputStream:75 - [STDERR_REDIRECT] 
2026-04-29 07:16:14,953 [ERROR] LogOutputStream:75 - [STDERR_REDIRECT] [Fatal Error] :1:1: Premature end of file.
2026-04-29 07:16:14,953 [ERROR] LogOutputStream:75 - [STDERR_REDIRECT] 
2026-04-29 07:16:15,985 [ERROR] LogOutputStream:75 - [STDERR_REDIRECT] [Fatal Error] :1:1: Premature end of file.
2026-04-29 07:16:15,985 [ERROR] LogOutputStream:75 - [STDERR_REDIRECT] 
2026-04-29 07:16:16,952 [ERROR] LogOutputStream:75 - [STDERR_REDIRECT] [Fatal Error] :1:1: Premature end of file.
2026-04-29 07:16:16,952 [ERROR] LogOutputStream:75 - [STDERR_REDIRECT] 
2026-04-29 07:16:17,940 [ERROR] LogOutputStream:75 - [STDERR_REDIRECT] [Fatal Error] :1:1: Premature end of file.
2026-04-29 07:16:17,940 [ERROR] LogOutputStream:75 - [STDERR_REDIRECT] 
2026-04-29 07:16:18,941 [ERROR] LogOutputStream:75 - [STDERR_REDIRECT] [Fatal Error] :1:1: Premature end of file.
2026-04-29 07:16:18,942 [ERROR] LogOutputStream:75 - [STDERR_REDIRECT] 
2026-04-29 07:16:19,959 [ERROR] LogOutputStream:75 - [STDERR_REDIRECT] [Fatal Error] :1:1: Premature end of file.
2026-04-29 07:16:19,959 [ERROR] LogOutputStream:75 - [STDERR_REDIRECT] 
2026-04-29 07:16:20,930 [ERROR] LogOutputStream:75 - [STDERR_REDIRECT] [Fatal Error] :1:1: Premature end of file.
2026-04-29 07:16:20,931 [ERROR] LogOutputStream:75 - [STDERR_REDIRECT] 
2026-04-29 07:16:21,952 [ERROR] LogOutputStream:75 - [STDERR_REDIRECT] [Fatal Error] :1:1: Premature end of file.
2026-04-29 07:16:21,952 [ERROR] LogOutputStream:75 - [STDERR_REDIRECT] 
2026-04-29 07:16:22,944 [ERROR] LogOutputStream:75 - [STDERR_REDIRECT] [Fatal Error] :1:1: Premature end of file.
2026-04-29 07:16:22,944 [ERROR] LogOutputStream:75 - [STDERR_REDIRECT] 
2026-04-29 07:16:23,946 [ERROR] LogOutputStream:75 - [STDERR_REDIRECT] [Fatal Error] :1:1: Premature end of file.
2026-04-29 07:16:23,946 [ERROR] LogOutputStream:75 - [STDERR_REDIRECT] 
2026-04-29 07:16:24,945 [ERROR] LogOutputStream:75 - [STDERR_REDIRECT] [Fatal Error] :1:1: Premature end of file.
2026-04-29 07:16:24,945 [ERROR] LogOutputStream:75 - [STDERR_REDIRECT] 
2026-04-29 07:16:25,955 [ERROR] LogOutputStream:75 - [STDERR_REDIRECT] [Fatal Error] :1:1: Premature end of file.
2026-04-29 07:16:25,956 [ERROR] LogOutputStream:75 - [STDERR_REDIRECT] 
2026-04-29 07:16:26,941 [ERROR] LogOutputStream:75 - [STDERR_REDIRECT] [Fatal Error] :1:1: Premature end of file.
2026-04-29 07:16:26,941 [ERROR] LogOutputStream:75 - [STDERR_REDIRECT] 
2026-04-29 07:16:27,937 [ERROR] LogOutputStream:75 - [STDERR_REDIRECT] [Fatal Error] :1:1: Premature end of file.
2026-04-29 07:16:27,937 [ERROR] LogOutputStream:75 - [STDERR_REDIRECT] 
2026-04-29 07:16:28,947 [ERROR] LogOutputStream:75 - [STDERR_REDIRECT] [Fatal Error] :1:1: Premature end of file.
2026-04-29 07:16:28,947 [ERROR] LogOutputStream:75 - [STDERR_REDIRECT] 
2026-04-29 07:16:29,950 [ERROR] LogOutputStream:75 - [STDERR_REDIRECT] [Fatal Error] :1:1: Premature end of file.
2026-04-29 07:16:29,950 [ERROR] LogOutputStream:75 - [STDERR_REDIRECT] 
2026-04-29 07:16:30,945 [ERROR] LogOutputStream:75 - [STDERR_REDIRECT] [Fatal Error] :1:1: Premature end of file.
2026-04-29 07:16:30,945 [ERROR] LogOutputStream:75 - [STDERR_REDIRECT] 
2026-04-29 07:16:31,928 [ERROR] LogOutputStream:75 - [STDERR_REDIRECT] [Fatal Error] :1:1: Premature end of file.
2026-04-29 07:16:31,928 [ERROR] LogOutputStream:75 - [STDERR_REDIRECT] 
2026-04-29 07:16:32,945 [ERROR] LogOutputStream:75 - [STDERR_REDIRECT] [Fatal Error] :1:1: Premature end of file.
2026-04-29 07:16:32,945 [ERROR] LogOutputStream:75 - [STDERR_REDIRECT] 
2026-04-29 07:16:33,954 [ERROR] LogOutputStream:75 - [STDERR_REDIRECT] [Fatal Error] :1:1: Premature end of file.
2026-04-29 07:16:33,955 [ERROR] LogOutputStream:75 - [STDERR_REDIRECT] 
2026-04-29 07:16:34,948 [ERROR] LogOutputStream:75 - [STDERR_REDIRECT] [Fatal Error] :1:1: Premature end of file.
2026-04-29 07:16:34,949 [ERROR] LogOutputStream:75 - [STDERR_REDIRECT] 
2026-04-29 07:16:35,948 [ERROR] LogOutputStream:75 - [STDERR_REDIRECT] [Fatal Error] :1:1: Premature end of file.
2026-04-29 07:16:35,949 [ERROR] LogOutputStream:75 - [STDERR_REDIRECT] 
2026-04-29 07:16:36,938 [ERROR] LogOutputStream:75 - [STDERR_REDIRECT] [Fatal Error] :1:1: Premature end of file.
2026-04-29 07:16:36,938 [ERROR] LogOutputStream:75 - [STDERR_REDIRECT] 
2026-04-29 07:16:37,943 [ERROR] LogOutputStream:75 - [STDERR_REDIRECT] [Fatal Error] :1:1: Premature end of file.
2026-04-29 07:16:37,943 [ERROR] LogOutputStream:75 - [STDERR_REDIRECT] 
2026-04-29 07:16:38,931 [ERROR] LogOutputStream:75 - [STDERR_REDIRECT] [Fatal Error] :1:1: Premature end of file.
2026-04-29 07:16:38,932 [ERROR] LogOutputStream:75 - [STDERR_REDIRECT] 
2026-04-29 07:16:39,959 [ERROR] LogOutputStream:75 - [STDERR_REDIRECT] [Fatal Error] :1:1: Premature end of file.
2026-04-29 07:16:39,959 [ERROR] LogOutputStream:75 - [STDERR_REDIRECT] 
2026-04-29 07:16:40,943 [ERROR] LogOutputStream:75 - [STDERR_REDIRECT] [Fatal Error] :1:1: Premature end of file.
2026-04-29 07:16:40,943 [ERROR] LogOutputStream:75 - [STDERR_REDIRECT] 
2026-04-29 07:16:41,942 [ERROR] LogOutputStream:75 - [STDERR_REDIRECT] [Fatal Error] :1:1: Premature end of file.
2026-04-29 07:16:41,943 [ERROR] LogOutputStream:75 - [STDERR_REDIRECT] 
2026-04-29 07:16:42,938 [ERROR] LogOutputStream:75 - [STDERR_REDIRECT] [Fatal Error] :1:1: Premature end of file.
2026-04-29 07:16:42,939 [ERROR] LogOutputStream:75 - [STDERR_REDIRECT] 
2026-04-29 07:16:43,943 [ERROR] LogOutputStream:75 - [STDERR_REDIRECT] [Fatal Error] :1:1: Premature end of file.
2026-04-29 07:16:43,943 [ERROR] LogOutputStream:75 - [STDERR_REDIRECT] 
2026-04-29 07:16:44,955 [ERROR] LogOutputStream:75 - [STDERR_REDIRECT] [Fatal Error] :1:1: Premature end of file.
2026-04-29 07:16:44,955 [ERROR] LogOutputStream:75 - [STDERR_REDIRECT] 
2026-04-29 07:16:45,951 [ERROR] LogOutputStream:75 - [STDERR_REDIRECT] [Fatal Error] :1:1: Premature end of file.
2026-04-29 07:16:45,951 [ERROR] LogOutputStream:75 - [STDERR_REDIRECT] 
2026-04-29 07:16:46,947 [ERROR] LogOutputStream:75 - [STDERR_REDIRECT] [Fatal Error] :1:1: Premature end of file.
2026-04-29 07:16:46,947 [ERROR] LogOutputStream:75 - [STDERR_REDIRECT] 
2026-04-29 07:16:47,943 [ERROR] LogOutputStream:75 - [STDERR_REDIRECT] [Fatal Error] :1:1: Premature end of file.
2026-04-29 07:16:47,943 [ERROR] LogOutputStream:75 - [STDERR_REDIRECT] 
2026-04-29 07:16:48,940 [ERROR] LogOutputStream:75 - [STDERR_REDIRECT] [Fatal Error] :1:1: Premature end of file.
2026-04-29 07:16:48,940 [ERROR] LogOutputStream:75 - [STDERR_REDIRECT] 
2026-04-29 07:16:49,949 [ERROR] LogOutputStream:75 - [STDERR_REDIRECT] [Fatal Error] :1:1: Premature end of file.
2026-04-29 07:16:49,949 [ERROR] LogOutputStream:75 - [STDERR_REDIRECT] 
2026-04-29 07:16:50,944 [ERROR] LogOutputStream:75 - [STDERR_REDIRECT] [Fatal Error] :1:1: Premature end of file.
2026-04-29 07:16:50,944 [ERROR] LogOutputStream:75 - [STDERR_REDIRECT] 
2026-04-29 07:16:51,939 [ERROR] LogOutputStream:75 - [STDERR_REDIRECT] [Fatal Error] :1:1: Premature end of file.
2026-04-29 07:16:51,940 [ERROR] LogOutputStream:75 - [STDERR_REDIRECT] 
2026-04-29 07:16:52,945 [ERROR] LogOutputStream:75 - [STDERR_REDIRECT] [Fatal Error] :1:1: Premature end of file.
2026-04-29 07:16:52,945 [ERROR] LogOutputStream:75 - [STDERR_REDIRECT] 
2026-04-29 07:16:53,952 [ERROR] LogOutputStream:75 - [STDERR_REDIRECT] [Fatal Error] :1:1: Premature end of file.
2026-04-29 07:16:53,952 [ERROR] LogOutputStream:75 - [STDERR_REDIRECT] 
2026-04-29 07:16:54,953 [ERROR] LogOutputStream:75 - [STDERR_REDIRECT] [Fatal Error] :1:1: Premature end of file.
2026-04-29 07:16:54,954 [ERROR] LogOutputStream:75 - [STDERR_REDIRECT] 
2026-04-29 07:16:55,936 [ERROR] LogOutputStream:75 - [STDERR_REDIRECT] [Fatal Error] :1:1: Premature end of file.
2026-04-29 07:16:55,936 [ERROR] LogOutputStream:75 - [STDERR_REDIRECT] 
2026-04-29 07:16:56,944 [ERROR] LogOutputStream:75 - [STDERR_REDIRECT] [Fatal Error] :1:1: Premature end of file.
2026-04-29 07:16:56,945 [ERROR] LogOutputStream:75 - [STDERR_REDIRECT] 
2026-04-29 07:16:57,948 [ERROR] LogOutputStream:75 - [STDERR_REDIRECT] [Fatal Error] :1:1: Premature end of file.
2026-04-29 07:16:57,948 [ERROR] LogOutputStream:75 - [STDERR_REDIRECT] 
2026-04-29 07:16:58,945 [ERROR] LogOutputStream:75 - [STDERR_REDIRECT] [Fatal Error] :1:1: Premature end of file.
2026-04-29 07:16:58,945 [ERROR] LogOutputStream:75 - [STDERR_REDIRECT] 
2026-04-29 07:16:59,939 [ERROR] LogOutputStream:75 - [STDERR_REDIRECT] [Fatal Error] :1:1: Premature end of file.
2026-04-29 07:16:59,940 [ERROR] LogOutputStream:75 - [STDERR_REDIRECT] 
2026-04-29 07:17:00,957 [ERROR] LogOutputStream:75 - [STDERR_REDIRECT] [Fatal Error] :1:1: Premature end of file.
2026-04-29 07:17:00,957 [ERROR] LogOutputStream:75 - [STDERR_REDIRECT] 
2026-04-29 07:17:01,954 [ERROR] LogOutputStream:75 - [STDERR_REDIRECT] [Fatal Error] :1:1: Premature end of file.
2026-04-29 07:17:01,954 [ERROR] LogOutputStream:75 - [STDERR_REDIRECT] 
2026-04-29 07:17:02,947 [ERROR] LogOutputStream:75 - [STDERR_REDIRECT] [Fatal Error] :1:1: Premature end of file.
2026-04-29 07:17:02,947 [ERROR] LogOutputStream:75 - [STDERR_REDIRECT] 
2026-04-29 07:17:03,938 [ERROR] LogOutputStream:75 - [STDERR_REDIRECT] [Fatal Error] :1:1: Premature end of file.
2026-04-29 07:17:03,939 [ERROR] LogOutputStream:75 - [STDERR_REDIRECT] 
2026-04-29 07:17:04,946 [ERROR] LogOutputStream:75 - [STDERR_REDIRECT] [Fatal Error] :1:1: Premature end of file.
2026-04-29 07:17:04,947 [ERROR] LogOutputStream:75 - [STDERR_REDIRECT] 
2026-04-29 07:17:05,949 [ERROR] LogOutputStream:75 - [STDERR_REDIRECT] [Fatal Error] :1:1: Premature end of file.
2026-04-29 07:17:05,949 [ERROR] LogOutputStream:75 - [STDERR_REDIRECT] 
2026-04-29 07:17:06,945 [ERROR] LogOutputStream:75 - [STDERR_REDIRECT] [Fatal Error] :1:1: Premature end of file.
2026-04-29 07:17:06,945 [ERROR] LogOutputStream:75 - [STDERR_REDIRECT] 
2026-04-29 07:17:07,942 [ERROR] LogOutputStream:75 - [STDERR_REDIRECT] [Fatal Error] :1:1: Premature end of file.
2026-04-29 07:17:07,942 [ERROR] LogOutputStream:75 - [STDERR_REDIRECT] 
2026-04-29 07:17:08,926 [ERROR] LogOutputStream:75 - [STDERR_REDIRECT] [Fatal Error] :1:1: Premature end of file.
2026-04-29 07:17:08,926 [ERROR] LogOutputStream:75 - [STDERR_REDIRECT] 
2026-04-29 07:17:09,953 [ERROR] LogOutputStream:75 - [STDERR_REDIRECT] [Fatal Error] :1:1: Premature end of file.
2026-04-29 07:17:09,954 [ERROR] LogOutputStream:75 - [STDERR_REDIRECT] 
2026-04-29 07:17:10,943 [ERROR] LogOutputStream:75 - [STDERR_REDIRECT] [Fatal Error] :1:1: Premature end of file.
2026-04-29 07:17:10,943 [ERROR] LogOutputStream:75 - [STDERR_REDIRECT] 
2026-04-29 07:17:11,944 [ERROR] LogOutputStream:75 - [STDERR_REDIRECT] [Fatal Error] :1:1: Premature end of file.
2026-04-29 07:17:11,944 [ERROR] LogOutputStream:75 - [STDERR_REDIRECT] 
2026-04-29 07:17:12,947 [ERROR] LogOutputStream:75 - [STDERR_REDIRECT] [Fatal Error] :1:1: Premature end of file.
2026-04-29 07:17:12,947 [ERROR] LogOutputStream:75 - [STDERR_REDIRECT] 
2026-04-29 07:17:13,942 [ERROR] LogOutputStream:75 - [STDERR_REDIRECT] [Fatal Error] :1:1: Premature end of file.
2026-04-29 07:17:13,942 [ERROR] LogOutputStream:75 - [STDERR_REDIRECT] 
2026-04-29 07:17:14,946 [ERROR] LogOutputStream:75 - [STDERR_REDIRECT] [Fatal Error] :1:1: Premature end of file.
2026-04-29 07:17:14,946 [ERROR] LogOutputStream:75 - [STDERR_REDIRECT] 
2026-04-29 07:17:15,951 [ERROR] LogOutputStream:75 - [STDERR_REDIRECT] [Fatal Error] :1:1: Premature end of file.
2026-04-29 07:17:15,951 [ERROR] LogOutputStream:75 - [STDERR_REDIRECT] 
2026-04-29 07:17:16,922 [ERROR] LogOutputStream:75 - [STDERR_REDIRECT] [Fatal Error] :1:1: Premature end of file.
2026-04-29 07:17:16,922 [ERROR] LogOutputStream:75 - [STDERR_REDIRECT] 
2026-04-29 07:17:17,947 [ERROR] LogOutputStream:75 - [STDERR_REDIRECT] [Fatal Error] :1:1: Premature end of file.
2026-04-29 07:17:17,947 [ERROR] LogOutputStream:75 - [STDERR_REDIRECT] 
2026-04-29 07:17:18,943 [ERROR] LogOutputStream:75 - [STDERR_REDIRECT] [Fatal Error] :1:1: Premature end of file.
2026-04-29 07:17:18,943 [ERROR] LogOutputStream:75 - [STDERR_REDIRECT] 
2026-04-29 07:17:19,952 [ERROR] LogOutputStream:75 - [STDERR_REDIRECT] [Fatal Error] :1:1: Premature end of file.
2026-04-29 07:17:19,953 [ERROR] LogOutputStream:75 - [STDERR_REDIRECT] 
2026-04-29 07:17:20,932 [ERROR] LogOutputStream:75 - [STDERR_REDIRECT] [Fatal Error] :1:1: Premature end of file.
2026-04-29 07:17:20,933 [ERROR] LogOutputStream:75 - [STDERR_REDIRECT] 
2026-04-29 07:17:21,945 [ERROR] LogOutputStream:75 - [STDERR_REDIRECT] [Fatal Error] :1:1: Premature end of file.
2026-04-29 07:17:21,945 [ERROR] LogOutputStream:75 - [STDERR_REDIRECT] 
2026-04-29 07:17:22,920 [ERROR] LogOutputStream:75 - [STDERR_REDIRECT] [Fatal Error] :1:1: Premature end of file.
2026-04-29 07:17:22,920 [ERROR] LogOutputStream:75 - [STDERR_REDIRECT] 
2026-04-29 07:17:23,950 [ERROR] LogOutputStream:75 - [STDERR_REDIRECT] [Fatal Error] :1:1: Premature end of file.
2026-04-29 07:17:23,950 [ERROR] LogOutputStream:75 - [STDERR_REDIRECT] 
2026-04-29 07:17:24,922 [ERROR] LogOutputStream:75 - [STDERR_REDIRECT] [Fatal Error] :1:1: Premature end of file.
2026-04-29 07:17:24,922 [ERROR] LogOutputStream:75 - [STDERR_REDIRECT] 
2026-04-29 07:17:25,941 [ERROR] LogOutputStream:75 - [STDERR_REDIRECT] [Fatal Error] :1:1: Premature end of file.
2026-04-29 07:17:25,941 [ERROR] LogOutputStream:75 - [STDERR_REDIRECT] 
2026-04-29 07:17:26,927 [ERROR] LogOutputStream:75 - [STDERR_REDIRECT] [Fatal Error] :1:1: Premature end of file.
2026-04-29 07:17:26,928 [ERROR] LogOutputStream:75 - [STDERR_REDIRECT] 
2026-04-29 07:17:27,941 [ERROR] LogOutputStream:75 - [STDERR_REDIRECT] [Fatal Error] :1:1: Premature end of file.
2026-04-29 07:17:27,942 [ERROR] LogOutputStream:75 - [STDERR_REDIRECT] 
2026-04-29 07:17:28,949 [ERROR] LogOutputStream:75 - [STDERR_REDIRECT] [Fatal Error] :1:1: Premature end of file.
2026-04-29 07:17:28,949 [ERROR] LogOutputStream:75 - [STDERR_REDIRECT] 
2026-04-29 07:17:29,942 [ERROR] LogOutputStream:75 - [STDERR_REDIRECT] [Fatal Error] :1:1: Premature end of file.
2026-04-29 07:17:29,942 [ERROR] LogOutputStream:75 - [STDERR_REDIRECT] 
2026-04-29 07:17:30,948 [ERROR] LogOutputStream:75 - [STDERR_REDIRECT] [Fatal Error] :1:1: Premature end of file.
2026-04-29 07:17:30,948 [ERROR] LogOutputStream:75 - [STDERR_REDIRECT] 
2026-04-29 07:17:31,943 [ERROR] LogOutputStream:75 - [STDERR_REDIRECT] [Fatal Error] :1:1: Premature end of file.
2026-04-29 07:17:31,944 [ERROR] LogOutputStream:75 - [STDERR_REDIRECT] 
2026-04-29 07:17:32,933 [ERROR] LogOutputStream:75 - [STDERR_REDIRECT] [Fatal Error] :1:1: Premature end of file.
2026-04-29 07:17:32,933 [ERROR] LogOutputStream:75 - [STDERR_REDIRECT] 
2026-04-29 07:17:33,937 [ERROR] LogOutputStream:75 - [STDERR_REDIRECT] [Fatal Error] :1:1: Premature end of file.
2026-04-29 07:17:33,937 [ERROR] LogOutputStream:75 - [STDERR_REDIRECT] 
2026-04-29 07:17:34,938 [ERROR] LogOutputStream:75 - [STDERR_REDIRECT] [Fatal Error] :1:1: Premature end of file.
2026-04-29 07:17:34,938 [ERROR] LogOutputStream:75 - [STDERR_REDIRECT] 
2026-04-29 07:17:35,941 [ERROR] LogOutputStream:75 - [STDERR_REDIRECT] [Fatal Error] :1:1: Premature end of file.
2026-04-29 07:17:35,941 [ERROR] LogOutputStream:75 - [STDERR_REDIRECT] 
2026-04-29 07:17:36,940 [ERROR] LogOutputStream:75 - [STDERR_REDIRECT] [Fatal Error] :1:1: Premature end of file.
2026-04-29 07:17:36,941 [ERROR] LogOutputStream:75 - [STDERR_REDIRECT] 
2026-04-29 07:17:37,944 [ERROR] LogOutputStream:75 - [STDERR_REDIRECT] [Fatal Error] :1:1: Premature end of file.
2026-04-29 07:17:37,944 [ERROR] LogOutputStream:75 - [STDERR_REDIRECT] 
2026-04-29 07:17:38,922 [ERROR] LogOutputStream:75 - [STDERR_REDIRECT] [Fatal Error] :1:1: Premature end of file.
2026-04-29 07:17:38,922 [ERROR] LogOutputStream:75 - [STDERR_REDIRECT] 
2026-04-29 07:17:39,954 [ERROR] LogOutputStream:75 - [STDERR_REDIRECT] [Fatal Error] :1:1: Premature end of file.
2026-04-29 07:17:39,954 [ERROR] LogOutputStream:75 - [STDERR_REDIRECT] 
2026-04-29 07:17:40,935 [ERROR] LogOutputStream:75 - [STDERR_REDIRECT] [Fatal Error] :1:1: Premature end of file.
2026-04-29 07:17:40,935 [ERROR] LogOutputStream:75 - [STDERR_REDIRECT] 
2026-04-29 07:17:41,948 [ERROR] LogOutputStream:75 - [STDERR_REDIRECT] [Fatal Error] :1:1: Premature end of file.
2026-04-29 07:17:41,948 [ERROR] LogOutputStream:75 - [STDERR_REDIRECT] 
2026-04-29 07:17:42,941 [ERROR] LogOutputStream:75 - [STDERR_REDIRECT] [Fatal Error] :1:1: Premature end of file.
2026-04-29 07:17:42,942 [ERROR] LogOutputStream:75 - [STDERR_REDIRECT] 
2026-04-29 07:17:43,949 [ERROR] LogOutputStream:75 - [STDERR_REDIRECT] [Fatal Error] :1:1: Premature end of file.
2026-04-29 07:17:43,950 [ERROR] LogOutputStream:75 - [STDERR_REDIRECT] 
2026-04-29 07:17:44,946 [ERROR] LogOutputStream:75 - [STDERR_REDIRECT] [Fatal Error] :1:1: Premature end of file.
2026-04-29 07:17:44,946 [ERROR] LogOutputStream:75 - [STDERR_REDIRECT] 
2026-04-29 07:17:45,955 [ERROR] LogOutputStream:75 - [STDERR_REDIRECT] [Fatal Error] :1:1: Premature end of file.
2026-04-29 07:17:45,955 [ERROR] LogOutputStream:75 - [STDERR_REDIRECT] 
2026-04-29 07:17:46,935 [ERROR] LogOutputStream:75 - [STDERR_REDIRECT] [Fatal Error] :1:1: Premature end of file.
2026-04-29 07:17:46,935 [ERROR] LogOutputStream:75 - [STDERR_REDIRECT] 
2026-04-29 07:17:47,940 [ERROR] LogOutputStream:75 - [STDERR_REDIRECT] [Fatal Error] :1:1: Premature end of file.
2026-04-29 07:17:47,940 [ERROR] LogOutputStream:75 - [STDERR_REDIRECT] 
2026-04-29 07:17:48,941 [ERROR] LogOutputStream:75 - [STDERR_REDIRECT] [Fatal Error] :1:1: Premature end of file.
2026-04-29 07:17:48,941 [ERROR] LogOutputStream:75 - [STDERR_REDIRECT] 
2026-04-29 07:17:49,940 [ERROR] LogOutputStream:75 - [STDERR_REDIRECT] [Fatal Error] :1:1: Premature end of file.
2026-04-29 07:17:49,940 [ERROR] LogOutputStream:75 - [STDERR_REDIRECT] 
2026-04-29 07:17:50,945 [ERROR] LogOutputStream:75 - [STDERR_REDIRECT] [Fatal Error] :1:1: Premature end of file.
2026-04-29 07:17:50,945 [ERROR] LogOutputStream:75 - [STDERR_REDIRECT] 
2026-04-29 07:17:51,942 [ERROR] LogOutputStream:75 - [STDERR_REDIRECT] [Fatal Error] :1:1: Premature end of file.
2026-04-29 07:17:51,942 [ERROR] LogOutputStream:75 - [STDERR_REDIRECT] 
2026-04-29 07:17:52,947 [ERROR] LogOutputStream:75 - [STDERR_REDIRECT] [Fatal Error] :1:1: Premature end of file.
2026-04-29 07:17:52,947 [ERROR] LogOutputStream:75 - [STDERR_REDIRECT] 
2026-04-29 07:17:53,941 [ERROR] LogOutputStream:75 - [STDERR_REDIRECT] [Fatal Error] :1:1: Premature end of file.
2026-04-29 07:17:53,941 [ERROR] LogOutputStream:75 - [STDERR_REDIRECT] 
2026-04-29 07:17:54,948 [ERROR] LogOutputStream:75 - [STDERR_REDIRECT] [Fatal Error] :1:1: Premature end of file.
2026-04-29 07:17:54,949 [ERROR] LogOutputStream:75 - [STDERR_REDIRECT] 
2026-04-29 07:17:55,953 [ERROR] LogOutputStream:75 - [STDERR_REDIRECT] [Fatal Error] :1:1: Premature end of file.
2026-04-29 07:17:55,953 [ERROR] LogOutputStream:75 - [STDERR_REDIRECT] 
2026-04-29 07:17:56,951 [ERROR] LogOutputStream:75 - [STDERR_REDIRECT] [Fatal Error] :1:1: Premature end of file.
2026-04-29 07:17:56,951 [ERROR] LogOutputStream:75 - [STDERR_REDIRECT] 
2026-04-29 07:17:57,932 [ERROR] LogOutputStream:75 - [STDERR_REDIRECT] [Fatal Error] :1:1: Premature end of file.
2026-04-29 07:17:57,932 [ERROR] LogOutputStream:75 - [STDERR_REDIRECT] 
2026-04-29 07:17:58,944 [ERROR] LogOutputStream:75 - [STDERR_REDIRECT] [Fatal Error] :1:1: Premature end of file.
2026-04-29 07:17:58,944 [ERROR] LogOutputStream:75 - [STDERR_REDIRECT] 
2026-04-29 07:17:59,945 [ERROR] LogOutputStream:75 - [STDERR_REDIRECT] [Fatal Error] :1:1: Premature end of file.
2026-04-29 07:17:59,947 [ERROR] LogOutputStream:75 - [STDERR_REDIRECT] 
2026-04-29 07:18:00,945 [ERROR] LogOutputStream:75 - [STDERR_REDIRECT] [Fatal Error] :1:1: Premature end of file.
2026-04-29 07:18:00,945 [ERROR] LogOutputStream:75 - [STDERR_REDIRECT] 
2026-04-29 07:18:01,943 [ERROR] LogOutputStream:75 - [STDERR_REDIRECT] [Fatal Error] :1:1: Premature end of file.
2026-04-29 07:18:01,943 [ERROR] LogOutputStream:75 - [STDERR_REDIRECT] 
2026-04-29 07:18:02,945 [ERROR] LogOutputStream:75 - [STDERR_REDIRECT] [Fatal Error] :1:1: Premature end of file.
2026-04-29 07:18:02,945 [ERROR] LogOutputStream:75 - [STDERR_REDIRECT] 
2026-04-29 07:18:03,944 [ERROR] LogOutputStream:75 - [STDERR_REDIRECT] [Fatal Error] :1:1: Premature end of file.
2026-04-29 07:18:03,944 [ERROR] LogOutputStream:75 - [STDERR_REDIRECT] 
2026-04-29 07:18:04,945 [ERROR] LogOutputStream:75 - [STDERR_REDIRECT] [Fatal Error] :1:1: Premature end of file.
2026-04-29 07:18:04,945 [ERROR] LogOutputStream:75 - [STDERR_REDIRECT] 
2026-04-29 07:18:05,951 [ERROR] LogOutputStream:75 - [STDERR_REDIRECT] [Fatal Error] :1:1: Premature end of file.
2026-04-29 07:18:05,952 [ERROR] LogOutputStream:75 - [STDERR_REDIRECT] 
2026-04-29 07:18:06,944 [ERROR] LogOutputStream:75 - [STDERR_REDIRECT] [Fatal Error] :1:1: Premature end of file.
2026-04-29 07:18:06,944 [ERROR] LogOutputStream:75 - [STDERR_REDIRECT] 
2026-04-29 07:18:07,945 [ERROR] LogOutputStream:75 - [STDERR_REDIRECT] [Fatal Error] :1:1: Premature end of file.
2026-04-29 07:18:07,945 [ERROR] LogOutputStream:75 - [STDERR_REDIRECT] 
2026-04-29 07:18:08,943 [ERROR] LogOutputStream:75 - [STDERR_REDIRECT] [Fatal Error] :1:1: Premature end of file.
2026-04-29 07:18:08,943 [ERROR] LogOutputStream:75 - [STDERR_REDIRECT] 
2026-04-29 07:18:09,944 [ERROR] LogOutputStream:75 - [STDERR_REDIRECT] [Fatal Error] :1:1: Premature end of file.
2026-04-29 07:18:09,944 [ERROR] LogOutputStream:75 - [STDERR_REDIRECT] 
2026-04-29 07:18:10,942 [ERROR] LogOutputStream:75 - [STDERR_REDIRECT] [Fatal Error] :1:1: Premature end of file.
2026-04-29 07:18:10,942 [ERROR] LogOutputStream:75 - [STDERR_REDIRECT] 
2026-04-29 07:18:11,949 [ERROR] LogOutputStream:75 - [STDERR_REDIRECT] [Fatal Error] :1:1: Premature end of file.
2026-04-29 07:18:11,949 [ERROR] LogOutputStream:75 - [STDERR_REDIRECT] 
2026-04-29 07:18:12,949 [ERROR] LogOutputStream:75 - [STDERR_REDIRECT] [Fatal Error] :1:1: Premature end of file.
2026-04-29 07:18:12,949 [ERROR] LogOutputStream:75 - [STDERR_REDIRECT] 
2026-04-29 07:18:13,949 [ERROR] LogOutputStream:75 - [STDERR_REDIRECT] [Fatal Error] :1:1: Premature end of file.
2026-04-29 07:18:13,949 [ERROR] LogOutputStream:75 - [STDERR_REDIRECT] 
2026-04-29 07:18:14,944 [ERROR] LogOutputStream:75 - [STDERR_REDIRECT] [Fatal Error] :1:1: Premature end of file.
2026-04-29 07:18:14,944 [ERROR] LogOutputStream:75 - [STDERR_REDIRECT] 
2026-04-29 07:18:15,958 [ERROR] LogOutputStream:75 - [STDERR_REDIRECT] [Fatal Error] :1:1: Premature end of file.
2026-04-29 07:18:15,958 [ERROR] LogOutputStream:75 - [STDERR_REDIRECT] 
2026-04-29 07:18:16,950 [ERROR] LogOutputStream:75 - [STDERR_REDIRECT] [Fatal Error] :1:1: Premature end of file.
2026-04-29 07:18:16,950 [ERROR] LogOutputStream:75 - [STDERR_REDIRECT] 
2026-04-29 07:18:17,945 [ERROR] LogOutputStream:75 - [STDERR_REDIRECT] [Fatal Error] :1:1: Premature end of file.
2026-04-29 07:18:17,945 [ERROR] LogOutputStream:75 - [STDERR_REDIRECT] 
2026-04-29 07:18:18,942 [ERROR] LogOutputStream:75 - [STDERR_REDIRECT] [Fatal Error] :1:1: Premature end of file.
2026-04-29 07:18:18,942 [ERROR] LogOutputStream:75 - [STDERR_REDIRECT] 
2026-04-29 07:18:19,943 [ERROR] LogOutputStream:75 - [STDERR_REDIRECT] [Fatal Error] :1:1: Premature end of file.
2026-04-29 07:18:19,943 [ERROR] LogOutputStream:75 - [STDERR_REDIRECT] 
2026-04-29 07:18:20,945 [ERROR] LogOutputStream:75 - [STDERR_REDIRECT] [Fatal Error] :1:1: Premature end of file.
2026-04-29 07:18:20,945 [ERROR] LogOutputStream:75 - [STDERR_REDIRECT] 
2026-04-29 07:18:21,948 [ERROR] LogOutputStream:75 - [STDERR_REDIRECT] [Fatal Error] :1:1: Premature end of file.
2026-04-29 07:18:21,948 [ERROR] LogOutputStream:75 - [STDERR_REDIRECT] 
2026-04-29 07:18:22,948 [ERROR] LogOutputStream:75 - [STDERR_REDIRECT] [Fatal Error] :1:1: Premature end of file.
2026-04-29 07:18:22,948 [ERROR] LogOutputStream:75 - [STDERR_REDIRECT] 
2026-04-29 07:18:23,948 [ERROR] LogOutputStream:75 - [STDERR_REDIRECT] [Fatal Error] :1:1: Premature end of file.
2026-04-29 07:18:23,949 [ERROR] LogOutputStream:75 - [STDERR_REDIRECT] 
2026-04-29 07:18:24,946 [ERROR] LogOutputStream:75 - [STDERR_REDIRECT] [Fatal Error] :1:1: Premature end of file.
2026-04-29 07:18:24,947 [ERROR] LogOutputStream:75 - [STDERR_REDIRECT] 
2026-04-29 07:18:25,948 [ERROR] LogOutputStream:75 - [STDERR_REDIRECT] [Fatal Error] :1:1: Premature end of file.
2026-04-29 07:18:25,948 [ERROR] LogOutputStream:75 - [STDERR_REDIRECT] 
2026-04-29 07:18:26,947 [ERROR] LogOutputStream:75 - [STDERR_REDIRECT] [Fatal Error] :1:1: Premature end of file.
2026-04-29 07:18:26,947 [ERROR] LogOutputStream:75 - [STDERR_REDIRECT] 
2026-04-29 07:18:27,945 [ERROR] LogOutputStream:75 - [STDERR_REDIRECT] [Fatal Error] :1:1: Premature end of file.
2026-04-29 07:18:27,946 [ERROR] LogOutputStream:75 - [STDERR_REDIRECT] 
2026-04-29 07:18:28,947 [ERROR] LogOutputStream:75 - [STDERR_REDIRECT] [Fatal Error] :1:1: Premature end of file.
2026-04-29 07:18:28,948 [ERROR] LogOutputStream:75 - [STDERR_REDIRECT] 
2026-04-29 07:18:29,952 [ERROR] LogOutputStream:75 - [STDERR_REDIRECT] [Fatal Error] :1:1: Premature end of file.
2026-04-29 07:18:29,952 [ERROR] LogOutputStream:75 - [STDERR_REDIRECT] 
2026-04-29 07:18:30,949 [ERROR] LogOutputStream:75 - [STDERR_REDIRECT] [Fatal Error] :1:1: Premature end of file.
2026-04-29 07:18:30,949 [ERROR] LogOutputStream:75 - [STDERR_REDIRECT] 
2026-04-29 07:18:31,947 [ERROR] LogOutputStream:75 - [STDERR_REDIRECT] [Fatal Error] :1:1: Premature end of file.
2026-04-29 07:18:31,947 [ERROR] LogOutputStream:75 - [STDERR_REDIRECT] 
2026-04-29 07:18:32,927 [ERROR] LogOutputStream:75 - [STDERR_REDIRECT] [Fatal Error] :1:1: Premature end of file.
2026-04-29 07:18:32,928 [ERROR] LogOutputStream:75 - [STDERR_REDIRECT] 
2026-04-29 07:18:33,931 [ERROR] LogOutputStream:75 - [STDERR_REDIRECT] [Fatal Error] :1:1: Premature end of file.
2026-04-29 07:18:33,931 [ERROR] LogOutputStream:75 - [STDERR_REDIRECT] 
2026-04-29 07:18:34,943 [ERROR] LogOutputStream:75 - [STDERR_REDIRECT] [Fatal Error] :1:1: Premature end of file.
2026-04-29 07:18:34,943 [ERROR] LogOutputStream:75 - [STDERR_REDIRECT] 
2026-04-29 07:18:35,947 [ERROR] LogOutputStream:75 - [STDERR_REDIRECT] [Fatal Error] :1:1: Premature end of file.
2026-04-29 07:18:35,947 [ERROR] LogOutputStream:75 - [STDERR_REDIRECT] 
2026-04-29 07:18:36,946 [ERROR] LogOutputStream:75 - [STDERR_REDIRECT] [Fatal Error] :1:1: Premature end of file.
2026-04-29 07:18:36,946 [ERROR] LogOutputStream:75 - [STDERR_REDIRECT] 
2026-04-29 07:18:37,942 [ERROR] LogOutputStream:75 - [STDERR_REDIRECT] [Fatal Error] :1:1: Premature end of file.
2026-04-29 07:18:37,942 [ERROR] LogOutputStream:75 - [STDERR_REDIRECT] 
2026-04-29 07:18:38,945 [ERROR] LogOutputStream:75 - [STDERR_REDIRECT] [Fatal Error] :1:1: Premature end of file.
2026-04-29 07:18:38,946 [ERROR] LogOutputStream:75 - [STDERR_REDIRECT] 
2026-04-29 07:18:39,946 [ERROR] LogOutputStream:75 - [STDERR_REDIRECT] [Fatal Error] :1:1: Premature end of file.
2026-04-29 07:18:39,947 [ERROR] LogOutputStream:75 - [STDERR_REDIRECT] 
2026-04-29 07:18:40,944 [ERROR] LogOutputStream:75 - [STDERR_REDIRECT] [Fatal Error] :1:1: Premature end of file.
2026-04-29 07:18:40,944 [ERROR] LogOutputStream:75 - [STDERR_REDIRECT] 
2026-04-29 07:18:41,945 [ERROR] LogOutputStream:75 - [STDERR_REDIRECT] [Fatal Error] :1:1: Premature end of file.
2026-04-29 07:18:41,945 [ERROR] LogOutputStream:75 - [STDERR_REDIRECT] 
2026-04-29 07:18:42,939 [ERROR] LogOutputStream:75 - [STDERR_REDIRECT] [Fatal Error] :1:1: Premature end of file.
2026-04-29 07:18:42,939 [ERROR] LogOutputStream:75 - [STDERR_REDIRECT] 
2026-04-29 07:18:43,947 [ERROR] LogOutputStream:75 - [STDERR_REDIRECT] [Fatal Error] :1:1: Premature end of file.
2026-04-29 07:18:43,947 [ERROR] LogOutputStream:75 - [STDERR_REDIRECT] 
2026-04-29 07:18:44,946 [ERROR] LogOutputStream:75 - [STDERR_REDIRECT] [Fatal Error] :1:1: Premature end of file.
2026-04-29 07:18:44,946 [ERROR] LogOutputStream:75 - [STDERR_REDIRECT] 
2026-04-29 07:18:45,959 [ERROR] LogOutputStream:75 - [STDERR_REDIRECT] [Fatal Error] :1:1: Premature end of file.
2026-04-29 07:18:45,959 [ERROR] LogOutputStream:75 - [STDERR_REDIRECT] 
2026-04-29 07:18:46,947 [ERROR] LogOutputStream:75 - [STDERR_REDIRECT] [Fatal Error] :1:1: Premature end of file.
2026-04-29 07:18:46,948 [ERROR] LogOutputStream:75 - [STDERR_REDIRECT] 
2026-04-29 07:18:47,940 [ERROR] LogOutputStream:75 - [STDERR_REDIRECT] [Fatal Error] :1:1: Premature end of file.
2026-04-29 07:18:47,940 [ERROR] LogOutputStream:75 - [STDERR_REDIRECT] 
2026-04-29 07:18:48,953 [ERROR] LogOutputStream:75 - [STDERR_REDIRECT] [Fatal Error] :1:1: Premature end of file.
2026-04-29 07:18:48,953 [ERROR] LogOutputStream:75 - [STDERR_REDIRECT] 
2026-04-29 07:18:49,952 [ERROR] LogOutputStream:75 - [STDERR_REDIRECT] [Fatal Error] :1:1: Premature end of file.
2026-04-29 07:18:49,952 [ERROR] LogOutputStream:75 - [STDERR_REDIRECT] 
2026-04-29 07:18:50,953 [ERROR] LogOutputStream:75 - [STDERR_REDIRECT] [Fatal Error] :1:1: Premature end of file.
2026-04-29 07:18:50,953 [ERROR] LogOutputStream:75 - [STDERR_REDIRECT] 
2026-04-29 07:18:51,957 [ERROR] LogOutputStream:75 - [STDERR_REDIRECT] [Fatal Error] :1:1: Premature end of file.
2026-04-29 07:18:51,958 [ERROR] LogOutputStream:75 - [STDERR_REDIRECT] 
2026-04-29 07:18:52,948 [ERROR] LogOutputStream:75 - [STDERR_REDIRECT] [Fatal Error] :1:1: Premature end of file.
2026-04-29 07:18:52,948 [ERROR] LogOutputStream:75 - [STDERR_REDIRECT] 
2026-04-29 07:18:53,955 [ERROR] LogOutputStream:75 - [STDERR_REDIRECT] [Fatal Error] :1:1: Premature end of file.
2026-04-29 07:18:53,955 [ERROR] LogOutputStream:75 - [STDERR_REDIRECT] 
2026-04-29 07:18:54,946 [ERROR] LogOutputStream:75 - [STDERR_REDIRECT] [Fatal Error] :1:1: Premature end of file.
2026-04-29 07:18:54,946 [ERROR] LogOutputStream:75 - [STDERR_REDIRECT] 
2026-04-29 07:18:55,954 [ERROR] LogOutputStream:75 - [STDERR_REDIRECT] [Fatal Error] :1:1: Premature end of file.
2026-04-29 07:18:55,954 [ERROR] LogOutputStream:75 - [STDERR_REDIRECT] 
2026-04-29 07:18:56,950 [ERROR] LogOutputStream:75 - [STDERR_REDIRECT] [Fatal Error] :1:1: Premature end of file.
2026-04-29 07:18:56,950 [ERROR] LogOutputStream:75 - [STDERR_REDIRECT] 
2026-04-29 07:18:57,949 [ERROR] LogOutputStream:75 - [STDERR_REDIRECT] [Fatal Error] :1:1: Premature end of file.
2026-04-29 07:18:57,949 [ERROR] LogOutputStream:75 - [STDERR_REDIRECT] 
2026-04-29 07:18:58,950 [ERROR] LogOutputStream:75 - [STDERR_REDIRECT] [Fatal Error] :1:1: Premature end of file.
2026-04-29 07:18:58,950 [ERROR] LogOutputStream:75 - [STDERR_REDIRECT] 
2026-04-29 07:18:59,942 [ERROR] LogOutputStream:75 - [STDERR_REDIRECT] [Fatal Error] :1:1: Premature end of file.
2026-04-29 07:18:59,943 [ERROR] LogOutputStream:75 - [STDERR_REDIRECT] 
2026-04-29 07:19:00,945 [ERROR] LogOutputStream:75 - [STDERR_REDIRECT] [Fatal Error] :1:1: Premature end of file.
2026-04-29 07:19:00,945 [ERROR] LogOutputStream:75 - [STDERR_REDIRECT] 
2026-04-29 07:19:01,944 [ERROR] LogOutputStream:75 - [STDERR_REDIRECT] [Fatal Error] :1:1: Premature end of file.
2026-04-29 07:19:01,944 [ERROR] LogOutputStream:75 - [STDERR_REDIRECT] 
2026-04-29 07:19:02,943 [ERROR] LogOutputStream:75 - [STDERR_REDIRECT] [Fatal Error] :1:1: Premature end of file.
2026-04-29 07:19:02,943 [ERROR] LogOutputStream:75 - [STDERR_REDIRECT] 
2026-04-29 07:19:03,950 [ERROR] LogOutputStream:75 - [STDERR_REDIRECT] [Fatal Error] :1:1: Premature end of file.
2026-04-29 07:19:03,950 [ERROR] LogOutputStream:75 - [STDERR_REDIRECT] 
2026-04-29 07:19:04,942 [ERROR] LogOutputStream:75 - [STDERR_REDIRECT] [Fatal Error] :1:1: Premature end of file.
2026-04-29 07:19:04,942 [ERROR] LogOutputStream:75 - [STDERR_REDIRECT] 
2026-04-29 07:19:05,957 [ERROR] LogOutputStream:75 - [STDERR_REDIRECT] [Fatal Error] :1:1: Premature end of file.
2026-04-29 07:19:05,957 [ERROR] LogOutputStream:75 - [STDERR_REDIRECT] 
2026-04-29 07:19:06,939 [ERROR] LogOutputStream:75 - [STDERR_REDIRECT] [Fatal Error] :1:1: Premature end of file.
2026-04-29 07:19:06,939 [ERROR] LogOutputStream:75 - [STDERR_REDIRECT] 
2026-04-29 07:19:07,941 [ERROR] LogOutputStream:75 - [STDERR_REDIRECT] [Fatal Error] :1:1: Premature end of file.
2026-04-29 07:19:07,941 [ERROR] LogOutputStream:75 - [STDERR_REDIRECT] 
2026-04-29 07:19:08,948 [ERROR] LogOutputStream:75 - [STDERR_REDIRECT] [Fatal Error] :1:1: Premature end of file.
2026-04-29 07:19:08,948 [ERROR] LogOutputStream:75 - [STDERR_REDIRECT] 
2026-04-29 07:19:09,952 [ERROR] LogOutputStream:75 - [STDERR_REDIRECT] [Fatal Error] :1:1: Premature end of file.
2026-04-29 07:19:09,952 [ERROR] LogOutputStream:75 - [STDERR_REDIRECT] 
2026-04-29 07:19:10,936 [ERROR] LogOutputStream:75 - [STDERR_REDIRECT] [Fatal Error] :1:1: Premature end of file.
2026-04-29 07:19:10,936 [ERROR] LogOutputStream:75 - [STDERR_REDIRECT] 
2026-04-29 07:19:11,950 [ERROR] LogOutputStream:75 - [STDERR_REDIRECT] [Fatal Error] :1:1: Premature end of file.
2026-04-29 07:19:11,950 [ERROR] LogOutputStream:75 - [STDERR_REDIRECT] 
2026-04-29 07:19:12,941 [ERROR] LogOutputStream:75 - [STDERR_REDIRECT] [Fatal Error] :1:1: Premature end of file.
2026-04-29 07:19:12,942 [ERROR] LogOutputStream:75 - [STDERR_REDIRECT] 
2026-04-29 07:19:13,941 [ERROR] LogOutputStream:75 - [STDERR_REDIRECT] [Fatal Error] :1:1: Premature end of file.
2026-04-29 07:19:13,941 [ERROR] LogOutputStream:75 - [STDERR_REDIRECT] 
2026-04-29 07:19:14,944 [ERROR] LogOutputStream:75 - [STDERR_REDIRECT] [Fatal Error] :1:1: Premature end of file.
2026-04-29 07:19:14,944 [ERROR] LogOutputStream:75 - [STDERR_REDIRECT] 
2026-04-29 07:19:15,944 [ERROR] LogOutputStream:75 - [STDERR_REDIRECT] [Fatal Error] :1:1: Premature end of file.
2026-04-29 07:19:15,944 [ERROR] LogOutputStream:75 - [STDERR_REDIRECT] 
2026-04-29 07:19:16,923 [ERROR] LogOutputStream:75 - [STDERR_REDIRECT] [Fatal Error] :1:1: Premature end of file.
2026-04-29 07:19:16,923 [ERROR] LogOutputStream:75 - [STDERR_REDIRECT] 
2026-04-29 07:19:17,941 [ERROR] LogOutputStream:75 - [STDERR_REDIRECT] [Fatal Error] :1:1: Premature end of file.
2026-04-29 07:19:17,941 [ERROR] LogOutputStream:75 - [STDERR_REDIRECT] 
2026-04-29 07:19:18,948 [ERROR] LogOutputStream:75 - [STDERR_REDIRECT] [Fatal Error] :1:1: Premature end of file.
2026-04-29 07:19:18,948 [ERROR] LogOutputStream:75 - [STDERR_REDIRECT] 
2026-04-29 07:19:19,945 [ERROR] LogOutputStream:75 - [STDERR_REDIRECT] [Fatal Error] :1:1: Premature end of file.
2026-04-29 07:19:19,945 [ERROR] LogOutputStream:75 - [STDERR_REDIRECT] 
2026-04-29 07:19:20,947 [ERROR] LogOutputStream:75 - [STDERR_REDIRECT] [Fatal Error] :1:1: Premature end of file.
2026-04-29 07:19:20,947 [ERROR] LogOutputStream:75 - [STDERR_REDIRECT] 
2026-04-29 07:19:21,953 [ERROR] LogOutputStream:75 - [STDERR_REDIRECT] [Fatal Error] :1:1: Premature end of file.
2026-04-29 07:19:21,953 [ERROR] LogOutputStream:75 - [STDERR_REDIRECT] 
2026-04-29 07:19:22,940 [ERROR] LogOutputStream:75 - [STDERR_REDIRECT] [Fatal Error] :1:1: Premature end of file.
2026-04-29 07:19:22,940 [ERROR] LogOutputStream:75 - [STDERR_REDIRECT] 
2026-04-29 07:19:23,940 [ERROR] LogOutputStream:75 - [STDERR_REDIRECT] [Fatal Error] :1:1: Premature end of file.
2026-04-29 07:19:23,940 [ERROR] LogOutputStream:75 - [STDERR_REDIRECT] 
2026-04-29 07:19:24,939 [ERROR] LogOutputStream:75 - [STDERR_REDIRECT] [Fatal Error] :1:1: Premature end of file.
2026-04-29 07:19:24,939 [ERROR] LogOutputStream:75 - [STDERR_REDIRECT] 
2026-04-29 07:19:25,947 [ERROR] LogOutputStream:75 - [STDERR_REDIRECT] [Fatal Error] :1:1: Premature end of file.
2026-04-29 07:19:25,947 [ERROR] LogOutputStream:75 - [STDERR_REDIRECT] 
2026-04-29 07:19:26,947 [ERROR] LogOutputStream:75 - [STDERR_REDIRECT] [Fatal Error] :1:1: Premature end of file.
2026-04-29 07:19:26,947 [ERROR] LogOutputStream:75 - [STDERR_REDIRECT] 
2026-04-29 07:19:27,943 [ERROR] LogOutputStream:75 - [STDERR_REDIRECT] [Fatal Error] :1:1: Premature end of file.
2026-04-29 07:19:27,943 [ERROR] LogOutputStream:75 - [STDERR_REDIRECT] 
2026-04-29 07:19:28,938 [ERROR] LogOutputStream:75 - [STDERR_REDIRECT] [Fatal Error] :1:1: Premature end of file.
2026-04-29 07:19:28,938 [ERROR] LogOutputStream:75 - [STDERR_REDIRECT] 
2026-04-29 07:19:29,939 [ERROR] LogOutputStream:75 - [STDERR_REDIRECT] [Fatal Error] :1:1: Premature end of file.
2026-04-29 07:19:29,939 [ERROR] LogOutputStream:75 - [STDERR_REDIRECT] 
2026-04-29 07:19:30,947 [ERROR] LogOutputStream:75 - [STDERR_REDIRECT] [Fatal Error] :1:1: Premature end of file.
2026-04-29 07:19:30,947 [ERROR] LogOutputStream:75 - [STDERR_REDIRECT] 
2026-04-29 07:19:31,949 [ERROR] LogOutputStream:75 - [STDERR_REDIRECT] [Fatal Error] :1:1: Premature end of file.
2026-04-29 07:19:31,949 [ERROR] LogOutputStream:75 - [STDERR_REDIRECT] 
2026-04-29 07:19:32,939 [ERROR] LogOutputStream:75 - [STDERR_REDIRECT] [Fatal Error] :1:1: Premature end of file.
2026-04-29 07:19:32,939 [ERROR] LogOutputStream:75 - [STDERR_REDIRECT] 
2026-04-29 07:19:33,939 [ERROR] LogOutputStream:75 - [STDERR_REDIRECT] [Fatal Error] :1:1: Premature end of file.
2026-04-29 07:19:33,939 [ERROR] LogOutputStream:75 - [STDERR_REDIRECT] 
2026-04-29 07:19:34,954 [ERROR] LogOutputStream:75 - [STDERR_REDIRECT] [Fatal Error] :1:1: Premature end of file.
2026-04-29 07:19:34,955 [ERROR] LogOutputStream:75 - [STDERR_REDIRECT] 
2026-04-29 07:19:35,949 [ERROR] LogOutputStream:75 - [STDERR_REDIRECT] [Fatal Error] :1:1: Premature end of file.
2026-04-29 07:19:35,949 [ERROR] LogOutputStream:75 - [STDERR_REDIRECT] 
2026-04-29 07:19:36,951 [ERROR] LogOutputStream:75 - [STDERR_REDIRECT] [Fatal Error] :1:1: Premature end of file.
2026-04-29 07:19:36,951 [ERROR] LogOutputStream:75 - [STDERR_REDIRECT] 
2026-04-29 07:19:37,939 [ERROR] LogOutputStream:75 - [STDERR_REDIRECT] [Fatal Error] :1:1: Premature end of file.
2026-04-29 07:19:37,940 [ERROR] LogOutputStream:75 - [STDERR_REDIRECT] 
2026-04-29 07:19:38,946 [ERROR] LogOutputStream:75 - [STDERR_REDIRECT] [Fatal Error] :1:1: Premature end of file.
2026-04-29 07:19:38,947 [ERROR] LogOutputStream:75 - [STDERR_REDIRECT] 
2026-04-29 07:19:39,942 [ERROR] LogOutputStream:75 - [STDERR_REDIRECT] [Fatal Error] :1:1: Premature end of file.
2026-04-29 07:19:39,943 [ERROR] LogOutputStream:75 - [STDERR_REDIRECT] 
2026-04-29 07:19:40,942 [ERROR] LogOutputStream:75 - [STDERR_REDIRECT] [Fatal Error] :1:1: Premature end of file.
2026-04-29 07:19:40,942 [ERROR] LogOutputStream:75 - [STDERR_REDIRECT] 
2026-04-29 07:19:41,951 [ERROR] LogOutputStream:75 - [STDERR_REDIRECT] [Fatal Error] :1:1: Premature end of file.
2026-04-29 07:19:41,951 [ERROR] LogOutputStream:75 - [STDERR_REDIRECT] 
2026-04-29 07:19:42,946 [ERROR] LogOutputStream:75 - [STDERR_REDIRECT] [Fatal Error] :1:1: Premature end of file.
2026-04-29 07:19:42,946 [ERROR] LogOutputStream:75 - [STDERR_REDIRECT] 
2026-04-29 07:19:43,940 [ERROR] LogOutputStream:75 - [STDERR_REDIRECT] [Fatal Error] :1:1: Premature end of file.
2026-04-29 07:19:43,940 [ERROR] LogOutputStream:75 - [STDERR_REDIRECT] 
2026-04-29 07:19:44,942 [ERROR] LogOutputStream:75 - [STDERR_REDIRECT] [Fatal Error] :1:1: Premature end of file.
2026-04-29 07:19:44,943 [ERROR] LogOutputStream:75 - [STDERR_REDIRECT] 
2026-04-29 07:19:45,953 [ERROR] LogOutputStream:75 - [STDERR_REDIRECT] [Fatal Error] :1:1: Premature end of file.
2026-04-29 07:19:45,953 [ERROR] LogOutputStream:75 - [STDERR_REDIRECT] 
2026-04-29 07:19:46,944 [ERROR] LogOutputStream:75 - [STDERR_REDIRECT] [Fatal Error] :1:1: Premature end of file.
2026-04-29 07:19:46,944 [ERROR] LogOutputStream:75 - [STDERR_REDIRECT] 
2026-04-29 07:19:47,951 [ERROR] LogOutputStream:75 - [STDERR_REDIRECT] [Fatal Error] :1:1: Premature end of file.
2026-04-29 07:19:47,951 [ERROR] LogOutputStream:75 - [STDERR_REDIRECT] 
2026-04-29 07:19:48,956 [ERROR] LogOutputStream:75 - [STDERR_REDIRECT] [Fatal Error] :1:1: Premature end of file.
2026-04-29 07:19:48,956 [ERROR] LogOutputStream:75 - [STDERR_REDIRECT] 
2026-04-29 07:19:49,924 [ERROR] LogOutputStream:75 - [STDERR_REDIRECT] [Fatal Error] :1:1: Premature end of file.
2026-04-29 07:19:49,924 [ERROR] LogOutputStream:75 - [STDERR_REDIRECT] 
2026-04-29 07:19:50,942 [ERROR] LogOutputStream:75 - [STDERR_REDIRECT] [Fatal Error] :1:1: Premature end of file.
2026-04-29 07:19:50,942 [ERROR] LogOutputStream:75 - [STDERR_REDIRECT] 
2026-04-29 07:19:51,932 [ERROR] LogOutputStream:75 - [STDERR_REDIRECT] [Fatal Error] :1:1: Premature end of file.
2026-04-29 07:19:51,932 [ERROR] LogOutputStream:75 - [STDERR_REDIRECT] 
2026-04-29 07:19:52,926 [ERROR] LogOutputStream:75 - [STDERR_REDIRECT] [Fatal Error] :1:1: Premature end of file.
2026-04-29 07:19:52,926 [ERROR] LogOutputStream:75 - [STDERR_REDIRECT] 
2026-04-29 07:19:53,961 [ERROR] LogOutputStream:75 - [STDERR_REDIRECT] [Fatal Error] :1:1: Premature end of file.
2026-04-29 07:19:53,962 [ERROR] LogOutputStream:75 - [STDERR_REDIRECT] 
2026-04-29 07:19:54,939 [ERROR] LogOutputStream:75 - [STDERR_REDIRECT] [Fatal Error] :1:1: Premature end of file.
2026-04-29 07:19:54,939 [ERROR] LogOutputStream:75 - [STDERR_REDIRECT] 
2026-04-29 07:19:55,940 [ERROR] LogOutputStream:75 - [STDERR_REDIRECT] [Fatal Error] :1:1: Premature end of file.
2026-04-29 07:19:55,941 [ERROR] LogOutputStream:75 - [STDERR_REDIRECT] 
2026-04-29 07:19:56,959 [ERROR] LogOutputStream:75 - [STDERR_REDIRECT] [Fatal Error] :1:1: Premature end of file.
2026-04-29 07:19:56,959 [ERROR] LogOutputStream:75 - [STDERR_REDIRECT] 
2026-04-29 07:19:57,940 [ERROR] LogOutputStream:75 - [STDERR_REDIRECT] [Fatal Error] :1:1: Premature end of file.
2026-04-29 07:19:57,940 [ERROR] LogOutputStream:75 - [STDERR_REDIRECT] 
2026-04-29 07:19:58,934 [ERROR] LogOutputStream:75 - [STDERR_REDIRECT] [Fatal Error] :1:1: Premature end of file.
2026-04-29 07:19:58,935 [ERROR] LogOutputStream:75 - [STDERR_REDIRECT] 
2026-04-29 07:19:59,946 [ERROR] LogOutputStream:75 - [STDERR_REDIRECT] [Fatal Error] :1:1: Premature end of file.
2026-04-29 07:19:59,946 [ERROR] LogOutputStream:75 - [STDERR_REDIRECT] 
2026-04-29 07:20:00,941 [ERROR] LogOutputStream:75 - [STDERR_REDIRECT] [Fatal Error] :1:1: Premature end of file.
2026-04-29 07:20:00,941 [ERROR] LogOutputStream:75 - [STDERR_REDIRECT] 
2026-04-29 07:20:01,949 [ERROR] LogOutputStream:75 - [STDERR_REDIRECT] [Fatal Error] :1:1: Premature end of file.
2026-04-29 07:20:01,949 [ERROR] LogOutputStream:75 - [STDERR_REDIRECT] 
2026-04-29 07:20:02,943 [ERROR] LogOutputStream:75 - [STDERR_REDIRECT] [Fatal Error] :1:1: Premature end of file.
2026-04-29 07:20:02,943 [ERROR] LogOutputStream:75 - [STDERR_REDIRECT] 
2026-04-29 07:20:03,945 [ERROR] LogOutputStream:75 - [STDERR_REDIRECT] [Fatal Error] :1:1: Premature end of file.
2026-04-29 07:20:03,945 [ERROR] LogOutputStream:75 - [STDERR_REDIRECT] 
2026-04-29 07:20:04,942 [ERROR] LogOutputStream:75 - [STDERR_REDIRECT] [Fatal Error] :1:1: Premature end of file.
2026-04-29 07:20:04,942 [ERROR] LogOutputStream:75 - [STDERR_REDIRECT] 
2026-04-29 07:20:05,941 [ERROR] LogOutputStream:75 - [STDERR_REDIRECT] [Fatal Error] :1:1: Premature end of file.
2026-04-29 07:20:05,941 [ERROR] LogOutputStream:75 - [STDERR_REDIRECT] 
2026-04-29 07:20:06,940 [ERROR] LogOutputStream:75 - [STDERR_REDIRECT] [Fatal Error] :1:1: Premature end of file.
2026-04-29 07:20:06,940 [ERROR] LogOutputStream:75 - [STDERR_REDIRECT] 
2026-04-29 07:20:07,944 [ERROR] LogOutputStream:75 - [STDERR_REDIRECT] [Fatal Error] :1:1: Premature end of file.
2026-04-29 07:20:07,944 [ERROR] LogOutputStream:75 - [STDERR_REDIRECT] 
2026-04-29 07:20:08,936 [ERROR] LogOutputStream:75 - [STDERR_REDIRECT] [Fatal Error] :1:1: Premature end of file.
2026-04-29 07:20:08,936 [ERROR] LogOutputStream:75 - [STDERR_REDIRECT] 
2026-04-29 07:20:09,947 [ERROR] LogOutputStream:75 - [STDERR_REDIRECT] [Fatal Error] :1:1: Premature end of file.
2026-04-29 07:20:09,947 [ERROR] LogOutputStream:75 - [STDERR_REDIRECT] 
2026-04-29 07:20:10,944 [ERROR] LogOutputStream:75 - [STDERR_REDIRECT] [Fatal Error] :1:1: Premature end of file.
2026-04-29 07:20:10,944 [ERROR] LogOutputStream:75 - [STDERR_REDIRECT] 
2026-04-29 07:20:11,947 [ERROR] LogOutputStream:75 - [STDERR_REDIRECT] [Fatal Error] :1:1: Premature end of file.
2026-04-29 07:20:11,948 [ERROR] LogOutputStream:75 - [STDERR_REDIRECT] 
2026-04-29 07:20:12,939 [ERROR] LogOutputStream:75 - [STDERR_REDIRECT] [Fatal Error] :1:1: Premature end of file.
2026-04-29 07:20:12,940 [ERROR] LogOutputStream:75 - [STDERR_REDIRECT] 
2026-04-29 07:20:13,941 [ERROR] LogOutputStream:75 - [STDERR_REDIRECT] [Fatal Error] :1:1: Premature end of file.
2026-04-29 07:20:13,941 [ERROR] LogOutputStream:75 - [STDERR_REDIRECT] 
2026-04-29 07:20:14,947 [ERROR] LogOutputStream:75 - [STDERR_REDIRECT] [Fatal Error] :1:1: Premature end of file.
2026-04-29 07:20:14,947 [ERROR] LogOutputStream:75 - [STDERR_REDIRECT] 
2026-04-29 07:20:15,949 [ERROR] LogOutputStream:75 - [STDERR_REDIRECT] [Fatal Error] :1:1: Premature end of file.
2026-04-29 07:20:15,949 [ERROR] LogOutputStream:75 - [STDERR_REDIRECT] 
2026-04-29 07:20:16,941 [ERROR] LogOutputStream:75 - [STDERR_REDIRECT] [Fatal Error] :1:1: Premature end of file.
2026-04-29 07:20:16,941 [ERROR] LogOutputStream:75 - [STDERR_REDIRECT] 
2026-04-29 07:20:17,942 [ERROR] LogOutputStream:75 - [STDERR_REDIRECT] [Fatal Error] :1:1: Premature end of file.
2026-04-29 07:20:17,942 [ERROR] LogOutputStream:75 - [STDERR_REDIRECT] 
2026-04-29 07:20:18,943 [ERROR] LogOutputStream:75 - [STDERR_REDIRECT] [Fatal Error] :1:1: Premature end of file.
2026-04-29 07:20:18,944 [ERROR] LogOutputStream:75 - [STDERR_REDIRECT] 
2026-04-29 07:20:19,940 [ERROR] LogOutputStream:75 - [STDERR_REDIRECT] [Fatal Error] :1:1: Premature end of file.
2026-04-29 07:20:19,940 [ERROR] LogOutputStream:75 - [STDERR_REDIRECT] 
2026-04-29 07:20:20,943 [ERROR] LogOutputStream:75 - [STDERR_REDIRECT] [Fatal Error] :1:1: Premature end of file.
2026-04-29 07:20:20,943 [ERROR] LogOutputStream:75 - [STDERR_REDIRECT] 
2026-04-29 07:20:21,945 [ERROR] LogOutputStream:75 - [STDERR_REDIRECT] [Fatal Error] :1:1: Premature end of file.
2026-04-29 07:20:21,945 [ERROR] LogOutputStream:75 - [STDERR_REDIRECT] 
2026-04-29 07:20:22,949 [ERROR] LogOutputStream:75 - [STDERR_REDIRECT] [Fatal Error] :1:1: Premature end of file.
2026-04-29 07:20:22,949 [ERROR] LogOutputStream:75 - [STDERR_REDIRECT] 
2026-04-29 07:20:23,939 [ERROR] LogOutputStream:75 - [STDERR_REDIRECT] [Fatal Error] :1:1: Premature end of file.
2026-04-29 07:20:23,939 [ERROR] LogOutputStream:75 - [STDERR_REDIRECT] 
2026-04-29 07:20:24,934 [ERROR] LogOutputStream:75 - [STDERR_REDIRECT] [Fatal Error] :1:1: Premature end of file.
2026-04-29 07:20:24,934 [ERROR] LogOutputStream:75 - [STDERR_REDIRECT] 
2026-04-29 07:20:25,956 [ERROR] LogOutputStream:75 - [STDERR_REDIRECT] [Fatal Error] :1:1: Premature end of file.
2026-04-29 07:20:25,956 [ERROR] LogOutputStream:75 - [STDERR_REDIRECT] 
2026-04-29 07:20:26,938 [ERROR] LogOutputStream:75 - [STDERR_REDIRECT] [Fatal Error] :1:1: Premature end of file.
2026-04-29 07:20:26,938 [ERROR] LogOutputStream:75 - [STDERR_REDIRECT] 
2026-04-29 07:20:27,925 [ERROR] LogOutputStream:75 - [STDERR_REDIRECT] [Fatal Error] :1:1: Premature end of file.
2026-04-29 07:20:27,925 [ERROR] LogOutputStream:75 - [STDERR_REDIRECT] 
2026-04-29 07:20:28,943 [ERROR] LogOutputStream:75 - [STDERR_REDIRECT] [Fatal Error] :1:1: Premature end of file.
2026-04-29 07:20:28,944 [ERROR] LogOutputStream:75 - [STDERR_REDIRECT] 
2026-04-29 07:20:29,944 [ERROR] LogOutputStream:75 - [STDERR_REDIRECT] [Fatal Error] :1:1: Premature end of file.
2026-04-29 07:20:29,944 [ERROR] LogOutputStream:75 - [STDERR_REDIRECT] 
2026-04-29 07:20:30,943 [ERROR] LogOutputStream:75 - [STDERR_REDIRECT] [Fatal Error] :1:1: Premature end of file.
2026-04-29 07:20:30,943 [ERROR] LogOutputStream:75 - [STDERR_REDIRECT] 
2026-04-29 07:20:31,941 [ERROR] LogOutputStream:75 - [STDERR_REDIRECT] [Fatal Error] :1:1: Premature end of file.
2026-04-29 07:20:31,942 [ERROR] LogOutputStream:75 - [STDERR_REDIRECT] 
2026-04-29 07:20:32,928 [ERROR] LogOutputStream:75 - [STDERR_REDIRECT] [Fatal Error] :1:1: Premature end of file.
2026-04-29 07:20:32,928 [ERROR] LogOutputStream:75 - [STDERR_REDIRECT] 
2026-04-29 07:20:33,942 [ERROR] LogOutputStream:75 - [STDERR_REDIRECT] [Fatal Error] :1:1: Premature end of file.
2026-04-29 07:20:33,943 [ERROR] LogOutputStream:75 - [STDERR_REDIRECT] 
2026-04-29 07:20:34,941 [ERROR] LogOutputStream:75 - [STDERR_REDIRECT] [Fatal Error] :1:1: Premature end of file.
2026-04-29 07:20:34,941 [ERROR] LogOutputStream:75 - [STDERR_REDIRECT] 
2026-04-29 07:20:35,945 [ERROR] LogOutputStream:75 - [STDERR_REDIRECT] [Fatal Error] :1:1: Premature end of file.
2026-04-29 07:20:35,945 [ERROR] LogOutputStream:75 - [STDERR_REDIRECT] 
2026-04-29 07:20:36,954 [ERROR] LogOutputStream:75 - [STDERR_REDIRECT] [Fatal Error] :1:1: Premature end of file.
2026-04-29 07:20:36,955 [ERROR] LogOutputStream:75 - [STDERR_REDIRECT] 
2026-04-29 07:20:37,938 [ERROR] LogOutputStream:75 - [STDERR_REDIRECT] [Fatal Error] :1:1: Premature end of file.
2026-04-29 07:20:37,938 [ERROR] LogOutputStream:75 - [STDERR_REDIRECT] 
2026-04-29 07:20:38,942 [ERROR] LogOutputStream:75 - [STDERR_REDIRECT] [Fatal Error] :1:1: Premature end of file.
2026-04-29 07:20:38,942 [ERROR] LogOutputStream:75 - [STDERR_REDIRECT] 
2026-04-29 07:20:39,949 [ERROR] LogOutputStream:75 - [STDERR_REDIRECT] [Fatal Error] :1:1: Premature end of file.
2026-04-29 07:20:39,950 [ERROR] LogOutputStream:75 - [STDERR_REDIRECT] 
2026-04-29 07:20:40,941 [ERROR] LogOutputStream:75 - [STDERR_REDIRECT] [Fatal Error] :1:1: Premature end of file.
2026-04-29 07:20:40,941 [ERROR] LogOutputStream:75 - [STDERR_REDIRECT] 
2026-04-29 07:20:41,940 [ERROR] LogOutputStream:75 - [STDERR_REDIRECT] [Fatal Error] :1:1: Premature end of file.
2026-04-29 07:20:41,940 [ERROR] LogOutputStream:75 - [STDERR_REDIRECT] 
2026-04-29 07:20:42,936 [ERROR] LogOutputStream:75 - [STDERR_REDIRECT] [Fatal Error] :1:1: Premature end of file.
2026-04-29 07:20:42,936 [ERROR] LogOutputStream:75 - [STDERR_REDIRECT] 
2026-04-29 07:20:43,944 [ERROR] LogOutputStream:75 - [STDERR_REDIRECT] [Fatal Error] :1:1: Premature end of file.
2026-04-29 07:20:43,944 [ERROR] LogOutputStream:75 - [STDERR_REDIRECT] 
2026-04-29 07:20:44,938 [ERROR] LogOutputStream:75 - [STDERR_REDIRECT] [Fatal Error] :1:1: Premature end of file.
2026-04-29 07:20:44,938 [ERROR] LogOutputStream:75 - [STDERR_REDIRECT] 
2026-04-29 07:20:45,942 [ERROR] LogOutputStream:75 - [STDERR_REDIRECT] [Fatal Error] :1:1: Premature end of file.
2026-04-29 07:20:45,942 [ERROR] LogOutputStream:75 - [STDERR_REDIRECT] 
2026-04-29 07:20:46,946 [ERROR] LogOutputStream:75 - [STDERR_REDIRECT] [Fatal Error] :1:1: Premature end of file.
2026-04-29 07:20:46,947 [ERROR] LogOutputStream:75 - [STDERR_REDIRECT] 
2026-04-29 07:20:47,948 [ERROR] LogOutputStream:75 - [STDERR_REDIRECT] [Fatal Error] :1:1: Premature end of file.
2026-04-29 07:20:47,948 [ERROR] LogOutputStream:75 - [STDERR_REDIRECT] 
2026-04-29 07:20:48,942 [ERROR] LogOutputStream:75 - [STDERR_REDIRECT] [Fatal Error] :1:1: Premature end of file.
2026-04-29 07:20:48,942 [ERROR] LogOutputStream:75 - [STDERR_REDIRECT] 
2026-04-29 07:20:49,938 [ERROR] LogOutputStream:75 - [STDERR_REDIRECT] [Fatal Error] :1:1: Premature end of file.
2026-04-29 07:20:49,939 [ERROR] LogOutputStream:75 - [STDERR_REDIRECT] 
2026-04-29 07:20:50,935 [ERROR] LogOutputStream:75 - [STDERR_REDIRECT] [Fatal Error] :1:1: Premature end of file.
2026-04-29 07:20:50,936 [ERROR] LogOutputStream:75 - [STDERR_REDIRECT] 
2026-04-29 07:20:51,952 [ERROR] LogOutputStream:75 - [STDERR_REDIRECT] [Fatal Error] :1:1: Premature end of file.
2026-04-29 07:20:51,952 [ERROR] LogOutputStream:75 - [STDERR_REDIRECT] 
2026-04-29 07:20:52,941 [ERROR] LogOutputStream:75 - [STDERR_REDIRECT] [Fatal Error] :1:1: Premature end of file.
2026-04-29 07:20:52,941 [ERROR] LogOutputStream:75 - [STDERR_REDIRECT] 
2026-04-29 07:20:53,942 [ERROR] LogOutputStream:75 - [STDERR_REDIRECT] [Fatal Error] :1:1: Premature end of file.
2026-04-29 07:20:53,942 [ERROR] LogOutputStream:75 - [STDERR_REDIRECT] 
2026-04-29 07:20:54,962 [ERROR] LogOutputStream:75 - [STDERR_REDIRECT] [Fatal Error] :1:1: Premature end of file.
2026-04-29 07:20:54,962 [ERROR] LogOutputStream:75 - [STDERR_REDIRECT] 
2026-04-29 07:20:55,948 [ERROR] LogOutputStream:75 - [STDERR_REDIRECT] [Fatal Error] :1:1: Premature end of file.
2026-04-29 07:20:55,948 [ERROR] LogOutputStream:75 - [STDERR_REDIRECT] 
2026-04-29 07:20:56,948 [ERROR] LogOutputStream:75 - [STDERR_REDIRECT] [Fatal Error] :1:1: Premature end of file.
2026-04-29 07:20:56,948 [ERROR] LogOutputStream:75 - [STDERR_REDIRECT] 
2026-04-29 07:20:57,939 [ERROR] LogOutputStream:75 - [STDERR_REDIRECT] [Fatal Error] :1:1: Premature end of file.
2026-04-29 07:20:57,939 [ERROR] LogOutputStream:75 - [STDERR_REDIRECT] 
2026-04-29 07:20:58,941 [ERROR] LogOutputStream:75 - [STDERR_REDIRECT] [Fatal Error] :1:1: Premature end of file.
2026-04-29 07:20:58,941 [ERROR] LogOutputStream:75 - [STDERR_REDIRECT] 
2026-04-29 07:20:59,937 [ERROR] LogOutputStream:75 - [STDERR_REDIRECT] [Fatal Error] :1:1: Premature end of file.
2026-04-29 07:20:59,937 [ERROR] LogOutputStream:75 - [STDERR_REDIRECT] 
2026-04-29 07:21:00,940 [ERROR] LogOutputStream:75 - [STDERR_REDIRECT] [Fatal Error] :1:1: Premature end of file.
2026-04-29 07:21:00,940 [ERROR] LogOutputStream:75 - [STDERR_REDIRECT] 
2026-04-29 07:21:01,937 [ERROR] LogOutputStream:75 - [STDERR_REDIRECT] [Fatal Error] :1:1: Premature end of file.
2026-04-29 07:21:01,937 [ERROR] LogOutputStream:75 - [STDERR_REDIRECT] 
2026-04-29 07:21:02,948 [ERROR] LogOutputStream:75 - [STDERR_REDIRECT] [Fatal Error] :1:1: Premature end of file.
2026-04-29 07:21:02,948 [ERROR] LogOutputStream:75 - [STDERR_REDIRECT] 
2026-04-29 07:21:03,943 [ERROR] LogOutputStream:75 - [STDERR_REDIRECT] [Fatal Error] :1:1: Premature end of file.
2026-04-29 07:21:03,944 [ERROR] LogOutputStream:75 - [STDERR_REDIRECT] 
2026-04-29 07:21:04,940 [ERROR] LogOutputStream:75 - [STDERR_REDIRECT] [Fatal Error] :1:1: Premature end of file.
2026-04-29 07:21:04,940 [ERROR] LogOutputStream:75 - [STDERR_REDIRECT] 
2026-04-29 07:21:05,937 [ERROR] LogOutputStream:75 - [STDERR_REDIRECT] [Fatal Error] :1:1: Premature end of file.
2026-04-29 07:21:05,937 [ERROR] LogOutputStream:75 - [STDERR_REDIRECT] 
2026-04-29 07:21:06,945 [ERROR] LogOutputStream:75 - [STDERR_REDIRECT] [Fatal Error] :1:1: Premature end of file.
2026-04-29 07:21:06,945 [ERROR] LogOutputStream:75 - [STDERR_REDIRECT] 
2026-04-29 07:21:07,942 [ERROR] LogOutputStream:75 - [STDERR_REDIRECT] [Fatal Error] :1:1: Premature end of file.
2026-04-29 07:21:07,942 [ERROR] LogOutputStream:75 - [STDERR_REDIRECT] 
2026-04-29 07:21:08,948 [ERROR] LogOutputStream:75 - [STDERR_REDIRECT] [Fatal Error] :1:1: Premature end of file.
2026-04-29 07:21:08,948 [ERROR] LogOutputStream:75 - [STDERR_REDIRECT] 
2026-04-29 07:21:09,933 [ERROR] LogOutputStream:75 - [STDERR_REDIRECT] [Fatal Error] :1:1: Premature end of file.
2026-04-29 07:21:09,933 [ERROR] LogOutputStream:75 - [STDERR_REDIRECT] 
2026-04-29 07:21:10,940 [ERROR] LogOutputStream:75 - [STDERR_REDIRECT] [Fatal Error] :1:1: Premature end of file.
2026-04-29 07:21:10,940 [ERROR] LogOutputStream:75 - [STDERR_REDIRECT] 
2026-04-29 07:21:11,939 [ERROR] LogOutputStream:75 - [STDERR_REDIRECT] [Fatal Error] :1:1: Premature end of file.
2026-04-29 07:21:11,939 [ERROR] LogOutputStream:75 - [STDERR_REDIRECT] 
2026-04-29 07:21:12,939 [ERROR] LogOutputStream:75 - [STDERR_REDIRECT] [Fatal Error] :1:1: Premature end of file.
2026-04-29 07:21:12,939 [ERROR] LogOutputStream:75 - [STDERR_REDIRECT] 
2026-04-29 07:21:13,942 [ERROR] LogOutputStream:75 - [STDERR_REDIRECT] [Fatal Error] :1:1: Premature end of file.
2026-04-29 07:21:13,942 [ERROR] LogOutputStream:75 - [STDERR_REDIRECT] 
2026-04-29 07:21:14,945 [ERROR] LogOutputStream:75 - [STDERR_REDIRECT] [Fatal Error] :1:1: Premature end of file.
2026-04-29 07:21:14,945 [ERROR] LogOutputStream:75 - [STDERR_REDIRECT] 
2026-04-29 07:21:15,943 [ERROR] LogOutputStream:75 - [STDERR_REDIRECT] [Fatal Error] :1:1: Premature end of file.
2026-04-29 07:21:15,943 [ERROR] LogOutputStream:75 - [STDERR_REDIRECT] 
2026-04-29 07:21:16,962 [ERROR] LogOutputStream:75 - [STDERR_REDIRECT] [Fatal Error] :1:1: Premature end of file.
2026-04-29 07:21:16,962 [ERROR] LogOutputStream:75 - [STDERR_REDIRECT] 
2026-04-29 07:21:17,946 [ERROR] LogOutputStream:75 - [STDERR_REDIRECT] [Fatal Error] :1:1: Premature end of file.
2026-04-29 07:21:17,946 [ERROR] LogOutputStream:75 - [STDERR_REDIRECT] 
2026-04-29 07:21:18,938 [ERROR] LogOutputStream:75 - [STDERR_REDIRECT] [Fatal Error] :1:1: Premature end of file.
2026-04-29 07:21:18,938 [ERROR] LogOutputStream:75 - [STDERR_REDIRECT] 
2026-04-29 07:21:19,945 [ERROR] LogOutputStream:75 - [STDERR_REDIRECT] [Fatal Error] :1:1: Premature end of file.
2026-04-29 07:21:19,945 [ERROR] LogOutputStream:75 - [STDERR_REDIRECT] 
2026-04-29 07:21:20,941 [ERROR] LogOutputStream:75 - [STDERR_REDIRECT] [Fatal Error] :1:1: Premature end of file.
2026-04-29 07:21:20,942 [ERROR] LogOutputStream:75 - [STDERR_REDIRECT] 
2026-04-29 07:21:21,943 [ERROR] LogOutputStream:75 - [STDERR_REDIRECT] [Fatal Error] :1:1: Premature end of file.
2026-04-29 07:21:21,943 [ERROR] LogOutputStream:75 - [STDERR_REDIRECT] 
2026-04-29 07:21:22,950 [ERROR] LogOutputStream:75 - [STDERR_REDIRECT] [Fatal Error] :1:1: Premature end of file.
2026-04-29 07:21:22,950 [ERROR] LogOutputStream:75 - [STDERR_REDIRECT] 
2026-04-29 07:21:23,945 [ERROR] LogOutputStream:75 - [STDERR_REDIRECT] [Fatal Error] :1:1: Premature end of file.
2026-04-29 07:21:23,945 [ERROR] LogOutputStream:75 - [STDERR_REDIRECT] 
2026-04-29 07:21:24,947 [ERROR] LogOutputStream:75 - [STDERR_REDIRECT] [Fatal Error] :1:1: Premature end of file.
2026-04-29 07:21:24,947 [ERROR] LogOutputStream:75 - [STDERR_REDIRECT] 
2026-04-29 07:21:25,936 [ERROR] LogOutputStream:75 - [STDERR_REDIRECT] [Fatal Error] :1:1: Premature end of file.
2026-04-29 07:21:25,936 [ERROR] LogOutputStream:75 - [STDERR_REDIRECT] 
2026-04-29 07:21:26,947 [ERROR] LogOutputStream:75 - [STDERR_REDIRECT] [Fatal Error] :1:1: Premature end of file.
2026-04-29 07:21:26,947 [ERROR] LogOutputStream:75 - [STDERR_REDIRECT] 
2026-04-29 07:21:27,947 [ERROR] LogOutputStream:75 - [STDERR_REDIRECT] [Fatal Error] :1:1: Premature end of file.
2026-04-29 07:21:27,947 [ERROR] LogOutputStream:75 - [STDERR_REDIRECT] 
2026-04-29 07:21:28,952 [ERROR] LogOutputStream:75 - [STDERR_REDIRECT] [Fatal Error] :1:1: Premature end of file.
2026-04-29 07:21:28,952 [ERROR] LogOutputStream:75 - [STDERR_REDIRECT] 
2026-04-29 07:21:29,938 [ERROR] LogOutputStream:75 - [STDERR_REDIRECT] [Fatal Error] :1:1: Premature end of file.
2026-04-29 07:21:29,939 [ERROR] LogOutputStream:75 - [STDERR_REDIRECT] 
2026-04-29 07:21:30,950 [ERROR] LogOutputStream:75 - [STDERR_REDIRECT] [Fatal Error] :1:1: Premature end of file.
2026-04-29 07:21:30,950 [ERROR] LogOutputStream:75 - [STDERR_REDIRECT] 
2026-04-29 07:21:31,944 [ERROR] LogOutputStream:75 - [STDERR_REDIRECT] [Fatal Error] :1:1: Premature end of file.
2026-04-29 07:21:31,944 [ERROR] LogOutputStream:75 - [STDERR_REDIRECT] 
2026-04-29 07:21:32,948 [ERROR] LogOutputStream:75 - [STDERR_REDIRECT] [Fatal Error] :1:1: Premature end of file.
2026-04-29 07:21:32,948 [ERROR] LogOutputStream:75 - [STDERR_REDIRECT] 
2026-04-29 07:21:33,947 [ERROR] LogOutputStream:75 - [STDERR_REDIRECT] [Fatal Error] :1:1: Premature end of file.
2026-04-29 07:21:33,947 [ERROR] LogOutputStream:75 - [STDERR_REDIRECT] 
2026-04-29 07:21:34,950 [ERROR] LogOutputStream:75 - [STDERR_REDIRECT] [Fatal Error] :1:1: Premature end of file.
2026-04-29 07:21:34,950 [ERROR] LogOutputStream:75 - [STDERR_REDIRECT] 
2026-04-29 07:21:35,950 [ERROR] LogOutputStream:75 - [STDERR_REDIRECT] [Fatal Error] :1:1: Premature end of file.
2026-04-29 07:21:35,950 [ERROR] LogOutputStream:75 - [STDERR_REDIRECT] 
2026-04-29 07:21:36,941 [ERROR] LogOutputStream:75 - [STDERR_REDIRECT] [Fatal Error] :1:1: Premature end of file.
2026-04-29 07:21:36,941 [ERROR] LogOutputStream:75 - [STDERR_REDIRECT] 
2026-04-29 07:21:37,941 [ERROR] LogOutputStream:75 - [STDERR_REDIRECT] [Fatal Error] :1:1: Premature end of file.
2026-04-29 07:21:37,941 [ERROR] LogOutputStream:75 - [STDERR_REDIRECT] 
2026-04-29 07:21:38,943 [ERROR] LogOutputStream:75 - [STDERR_REDIRECT] [Fatal Error] :1:1: Premature end of file.
2026-04-29 07:21:38,943 [ERROR] LogOutputStream:75 - [STDERR_REDIRECT] 
2026-04-29 07:21:39,941 [ERROR] LogOutputStream:75 - [STDERR_REDIRECT] [Fatal Error] :1:1: Premature end of file.
2026-04-29 07:21:39,941 [ERROR] LogOutputStream:75 - [STDERR_REDIRECT] 
2026-04-29 07:21:40,937 [ERROR] LogOutputStream:75 - [STDERR_REDIRECT] [Fatal Error] :1:1: Premature end of file.
2026-04-29 07:21:40,937 [ERROR] LogOutputStream:75 - [STDERR_REDIRECT] 
2026-04-29 07:21:41,943 [ERROR] LogOutputStream:75 - [STDERR_REDIRECT] [Fatal Error] :1:1: Premature end of file.
2026-04-29 07:21:41,943 [ERROR] LogOutputStream:75 - [STDERR_REDIRECT] 
2026-04-29 07:21:42,937 [ERROR] LogOutputStream:75 - [STDERR_REDIRECT] [Fatal Error] :1:1: Premature end of file.
2026-04-29 07:21:42,937 [ERROR] LogOutputStream:75 - [STDERR_REDIRECT] 
2026-04-29 07:21:43,941 [ERROR] LogOutputStream:75 - [STDERR_REDIRECT] [Fatal Error] :1:1: Premature end of file.
2026-04-29 07:21:43,941 [ERROR] LogOutputStream:75 - [STDERR_REDIRECT] 
2026-04-29 07:21:44,949 [ERROR] LogOutputStream:75 - [STDERR_REDIRECT] [Fatal Error] :1:1: Premature end of file.
2026-04-29 07:21:44,949 [ERROR] LogOutputStream:75 - [STDERR_REDIRECT] 
2026-04-29 07:21:45,948 [ERROR] LogOutputStream:75 - [STDERR_REDIRECT] [Fatal Error] :1:1: Premature end of file.
2026-04-29 07:21:45,948 [ERROR] LogOutputStream:75 - [STDERR_REDIRECT] 
2026-04-29 07:21:46,949 [ERROR] LogOutputStream:75 - [STDERR_REDIRECT] [Fatal Error] :1:1: Premature end of file.
2026-04-29 07:21:46,949 [ERROR] LogOutputStream:75 - [STDERR_REDIRECT] 
2026-04-29 07:21:47,937 [ERROR] LogOutputStream:75 - [STDERR_REDIRECT] [Fatal Error] :1:1: Premature end of file.
2026-04-29 07:21:47,937 [ERROR] LogOutputStream:75 - [STDERR_REDIRECT] 
2026-04-29 07:21:48,938 [ERROR] LogOutputStream:75 - [STDERR_REDIRECT] [Fatal Error] :1:1: Premature end of file.
2026-04-29 07:21:48,939 [ERROR] LogOutputStream:75 - [STDERR_REDIRECT] 
2026-04-29 07:21:49,940 [ERROR] LogOutputStream:75 - [STDERR_REDIRECT] [Fatal Error] :1:1: Premature end of file.
2026-04-29 07:21:49,940 [ERROR] LogOutputStream:75 - [STDERR_REDIRECT] 
2026-04-29 07:21:50,939 [ERROR] LogOutputStream:75 - [STDERR_REDIRECT] [Fatal Error] :1:1: Premature end of file.
2026-04-29 07:21:50,940 [ERROR] LogOutputStream:75 - [STDERR_REDIRECT] 
2026-04-29 07:21:51,946 [ERROR] LogOutputStream:75 - [STDERR_REDIRECT] [Fatal Error] :1:1: Premature end of file.
2026-04-29 07:21:51,947 [ERROR] LogOutputStream:75 - [STDERR_REDIRECT] 
2026-04-29 07:21:52,950 [ERROR] LogOutputStream:75 - [STDERR_REDIRECT] [Fatal Error] :1:1: Premature end of file.
2026-04-29 07:21:52,951 [ERROR] LogOutputStream:75 - [STDERR_REDIRECT] 
2026-04-29 07:21:53,937 [ERROR] LogOutputStream:75 - [STDERR_REDIRECT] [Fatal Error] :1:1: Premature end of file.
2026-04-29 07:21:53,937 [ERROR] LogOutputStream:75 - [STDERR_REDIRECT] 
2026-04-29 07:21:54,941 [ERROR] LogOutputStream:75 - [STDERR_REDIRECT] [Fatal Error] :1:1: Premature end of file.
2026-04-29 07:21:54,941 [ERROR] LogOutputStream:75 - [STDERR_REDIRECT] 
2026-04-29 07:21:55,940 [ERROR] LogOutputStream:75 - [STDERR_REDIRECT] [Fatal Error] :1:1: Premature end of file.
2026-04-29 07:21:55,940 [ERROR] LogOutputStream:75 - [STDERR_REDIRECT] 
2026-04-29 07:21:56,937 [ERROR] LogOutputStream:75 - [STDERR_REDIRECT] [Fatal Error] :1:1: Premature end of file.
2026-04-29 07:21:56,937 [ERROR] LogOutputStream:75 - [STDERR_REDIRECT] 
2026-04-29 07:21:57,945 [ERROR] LogOutputStream:75 - [STDERR_REDIRECT] [Fatal Error] :1:1: Premature end of file.
2026-04-29 07:21:57,945 [ERROR] LogOutputStream:75 - [STDERR_REDIRECT] 
2026-04-29 07:21:58,944 [ERROR] LogOutputStream:75 - [STDERR_REDIRECT] [Fatal Error] :1:1: Premature end of file.
2026-04-29 07:21:58,944 [ERROR] LogOutputStream:75 - [STDERR_REDIRECT] 
2026-04-29 07:21:59,939 [ERROR] LogOutputStream:75 - [STDERR_REDIRECT] [Fatal Error] :1:1: Premature end of file.
2026-04-29 07:21:59,939 [ERROR] LogOutputStream:75 - [STDERR_REDIRECT] 
2026-04-29 07:22:00,950 [ERROR] LogOutputStream:75 - [STDERR_REDIRECT] [Fatal Error] :1:1: Premature end of file.
2026-04-29 07:22:00,950 [ERROR] LogOutputStream:75 - [STDERR_REDIRECT] 
2026-04-29 07:22:01,948 [ERROR] LogOutputStream:75 - [STDERR_REDIRECT] [Fatal Error] :1:1: Premature end of file.
2026-04-29 07:22:01,948 [ERROR] LogOutputStream:75 - [STDERR_REDIRECT] 
2026-04-29 07:22:02,940 [ERROR] LogOutputStream:75 - [STDERR_REDIRECT] [Fatal Error] :1:1: Premature end of file.
2026-04-29 07:22:02,940 [ERROR] LogOutputStream:75 - [STDERR_REDIRECT] 
2026-04-29 07:22:03,942 [ERROR] LogOutputStream:75 - [STDERR_REDIRECT] [Fatal Error] :1:1: Premature end of file.
2026-04-29 07:22:03,942 [ERROR] LogOutputStream:75 - [STDERR_REDIRECT] 
2026-04-29 07:22:04,945 [ERROR] LogOutputStream:75 - [STDERR_REDIRECT] [Fatal Error] :1:1: Premature end of file.
2026-04-29 07:22:04,945 [ERROR] LogOutputStream:75 - [STDERR_REDIRECT] 
2026-04-29 07:22:05,947 [ERROR] LogOutputStream:75 - [STDERR_REDIRECT] [Fatal Error] :1:1: Premature end of file.
2026-04-29 07:22:05,948 [ERROR] LogOutputStream:75 - [STDERR_REDIRECT] 
2026-04-29 07:22:06,940 [ERROR] LogOutputStream:75 - [STDERR_REDIRECT] [Fatal Error] :1:1: Premature end of file.
2026-04-29 07:22:06,941 [ERROR] LogOutputStream:75 - [STDERR_REDIRECT] 
2026-04-29 07:22:07,947 [ERROR] LogOutputStream:75 - [STDERR_REDIRECT] [Fatal Error] :1:1: Premature end of file.
2026-04-29 07:22:07,947 [ERROR] LogOutputStream:75 - [STDERR_REDIRECT] 
2026-04-29 07:22:08,939 [ERROR] LogOutputStream:75 - [STDERR_REDIRECT] [Fatal Error] :1:1: Premature end of file.
2026-04-29 07:22:08,939 [ERROR] LogOutputStream:75 - [STDERR_REDIRECT] 
2026-04-29 07:22:09,952 [ERROR] LogOutputStream:75 - [STDERR_REDIRECT] [Fatal Error] :1:1: Premature end of file.
2026-04-29 07:22:09,952 [ERROR] LogOutputStream:75 - [STDERR_REDIRECT] 
2026-04-29 07:22:10,938 [ERROR] LogOutputStream:75 - [STDERR_REDIRECT] [Fatal Error] :1:1: Premature end of file.
2026-04-29 07:22:10,938 [ERROR] LogOutputStream:75 - [STDERR_REDIRECT] 
2026-04-29 07:22:11,947 [ERROR] LogOutputStream:75 - [STDERR_REDIRECT] [Fatal Error] :1:1: Premature end of file.
2026-04-29 07:22:11,947 [ERROR] LogOutputStream:75 - [STDERR_REDIRECT] 
2026-04-29 07:22:12,945 [ERROR] LogOutputStream:75 - [STDERR_REDIRECT] [Fatal Error] :1:1: Premature end of file.
2026-04-29 07:22:12,945 [ERROR] LogOutputStream:75 - [STDERR_REDIRECT] 
2026-04-29 07:22:13,943 [ERROR] LogOutputStream:75 - [STDERR_REDIRECT] [Fatal Error] :1:1: Premature end of file.
2026-04-29 07:22:13,943 [ERROR] LogOutputStream:75 - [STDERR_REDIRECT] 
2026-04-29 07:22:14,944 [ERROR] LogOutputStream:75 - [STDERR_REDIRECT] [Fatal Error] :1:1: Premature end of file.
2026-04-29 07:22:14,944 [ERROR] LogOutputStream:75 - [STDERR_REDIRECT] 
2026-04-29 07:22:15,945 [ERROR] LogOutputStream:75 - [STDERR_REDIRECT] [Fatal Error] :1:1: Premature end of file.
2026-04-29 07:22:15,945 [ERROR] LogOutputStream:75 - [STDERR_REDIRECT] 
2026-04-29 07:22:16,943 [ERROR] LogOutputStream:75 - [STDERR_REDIRECT] [Fatal Error] :1:1: Premature end of file.
2026-04-29 07:22:16,943 [ERROR] LogOutputStream:75 - [STDERR_REDIRECT] 
2026-04-29 07:22:17,945 [ERROR] LogOutputStream:75 - [STDERR_REDIRECT] [Fatal Error] :1:1: Premature end of file.
2026-04-29 07:22:17,945 [ERROR] LogOutputStream:75 - [STDERR_REDIRECT] 
2026-04-29 07:22:18,946 [ERROR] LogOutputStream:75 - [STDERR_REDIRECT] [Fatal Error] :1:1: Premature end of file.
2026-04-29 07:22:18,946 [ERROR] LogOutputStream:75 - [STDERR_REDIRECT] 
2026-04-29 07:22:19,941 [ERROR] LogOutputStream:75 - [STDERR_REDIRECT] [Fatal Error] :1:1: Premature end of file.
2026-04-29 07:22:19,941 [ERROR] LogOutputStream:75 - [STDERR_REDIRECT] 
2026-04-29 07:22:20,943 [ERROR] LogOutputStream:75 - [STDERR_REDIRECT] [Fatal Error] :1:1: Premature end of file.
2026-04-29 07:22:20,943 [ERROR] LogOutputStream:75 - [STDERR_REDIRECT] 
2026-04-29 07:22:21,943 [ERROR] LogOutputStream:75 - [STDERR_REDIRECT] [Fatal Error] :1:1: Premature end of file.
2026-04-29 07:22:21,943 [ERROR] LogOutputStream:75 - [STDERR_REDIRECT] 
2026-04-29 07:22:22,945 [ERROR] LogOutputStream:75 - [STDERR_REDIRECT] [Fatal Error] :1:1: Premature end of file.
2026-04-29 07:22:22,945 [ERROR] LogOutputStream:75 - [STDERR_REDIRECT] 
2026-04-29 07:22:23,940 [ERROR] LogOutputStream:75 - [STDERR_REDIRECT] [Fatal Error] :1:1: Premature end of file.
2026-04-29 07:22:23,940 [ERROR] LogOutputStream:75 - [STDERR_REDIRECT] 
2026-04-29 07:22:24,937 [ERROR] LogOutputStream:75 - [STDERR_REDIRECT] [Fatal Error] :1:1: Premature end of file.
2026-04-29 07:22:24,937 [ERROR] LogOutputStream:75 - [STDERR_REDIRECT] 
2026-04-29 07:22:25,945 [ERROR] LogOutputStream:75 - [STDERR_REDIRECT] [Fatal Error] :1:1: Premature end of file.
2026-04-29 07:22:25,945 [ERROR] LogOutputStream:75 - [STDERR_REDIRECT] 
2026-04-29 07:22:26,943 [ERROR] LogOutputStream:75 - [STDERR_REDIRECT] [Fatal Error] :1:1: Premature end of file.
2026-04-29 07:22:26,943 [ERROR] LogOutputStream:75 - [STDERR_REDIRECT] 
2026-04-29 07:22:27,943 [ERROR] LogOutputStream:75 - [STDERR_REDIRECT] [Fatal Error] :1:1: Premature end of file.
2026-04-29 07:22:27,943 [ERROR] LogOutputStream:75 - [STDERR_REDIRECT] 
2026-04-29 07:22:28,940 [ERROR] LogOutputStream:75 - [STDERR_REDIRECT] [Fatal Error] :1:1: Premature end of file.
2026-04-29 07:22:28,940 [ERROR] LogOutputStream:75 - [STDERR_REDIRECT] 
2026-04-29 07:22:29,951 [ERROR] LogOutputStream:75 - [STDERR_REDIRECT] [Fatal Error] :1:1: Premature end of file.
2026-04-29 07:22:29,951 [ERROR] LogOutputStream:75 - [STDERR_REDIRECT] 
2026-04-29 07:22:30,940 [ERROR] LogOutputStream:75 - [STDERR_REDIRECT] [Fatal Error] :1:1: Premature end of file.
2026-04-29 07:22:30,940 [ERROR] LogOutputStream:75 - [STDERR_REDIRECT] 
2026-04-29 07:22:31,941 [ERROR] LogOutputStream:75 - [STDERR_REDIRECT] [Fatal Error] :1:1: Premature end of file.
2026-04-29 07:22:31,941 [ERROR] LogOutputStream:75 - [STDERR_REDIRECT] 
2026-04-29 07:22:32,949 [ERROR] LogOutputStream:75 - [STDERR_REDIRECT] [Fatal Error] :1:1: Premature end of file.
2026-04-29 07:22:32,949 [ERROR] LogOutputStream:75 - [STDERR_REDIRECT] 
2026-04-29 07:22:33,949 [ERROR] LogOutputStream:75 - [STDERR_REDIRECT] [Fatal Error] :1:1: Premature end of file.
2026-04-29 07:22:33,949 [ERROR] LogOutputStream:75 - [STDERR_REDIRECT] 
2026-04-29 07:22:34,924 [ERROR] LogOutputStream:75 - [STDERR_REDIRECT] [Fatal Error] :1:1: Premature end of file.
2026-04-29 07:22:34,924 [ERROR] LogOutputStream:75 - [STDERR_REDIRECT] 
2026-04-29 07:22:35,952 [ERROR] LogOutputStream:75 - [STDERR_REDIRECT] [Fatal Error] :1:1: Premature end of file.
2026-04-29 07:22:35,952 [ERROR] LogOutputStream:75 - [STDERR_REDIRECT] 
2026-04-29 07:22:36,948 [ERROR] LogOutputStream:75 - [STDERR_REDIRECT] [Fatal Error] :1:1: Premature end of file.
2026-04-29 07:22:36,948 [ERROR] LogOutputStream:75 - [STDERR_REDIRECT] 
2026-04-29 07:22:37,943 [ERROR] LogOutputStream:75 - [STDERR_REDIRECT] [Fatal Error] :1:1: Premature end of file.
2026-04-29 07:22:37,943 [ERROR] LogOutputStream:75 - [STDERR_REDIRECT] 
2026-04-29 07:22:38,940 [ERROR] LogOutputStream:75 - [STDERR_REDIRECT] [Fatal Error] :1:1: Premature end of file.
2026-04-29 07:22:38,940 [ERROR] LogOutputStream:75 - [STDERR_REDIRECT] 
2026-04-29 07:22:39,941 [ERROR] LogOutputStream:75 - [STDERR_REDIRECT] [Fatal Error] :1:1: Premature end of file.
2026-04-29 07:22:39,941 [ERROR] LogOutputStream:75 - [STDERR_REDIRECT] 
2026-04-29 07:22:40,936 [ERROR] LogOutputStream:75 - [STDERR_REDIRECT] [Fatal Error] :1:1: Premature end of file.
2026-04-29 07:22:40,936 [ERROR] LogOutputStream:75 - [STDERR_REDIRECT] 
2026-04-29 07:22:41,941 [ERROR] LogOutputStream:75 - [STDERR_REDIRECT] [Fatal Error] :1:1: Premature end of file.
2026-04-29 07:22:41,941 [ERROR] LogOutputStream:75 - [STDERR_REDIRECT] 
2026-04-29 07:22:42,947 [ERROR] LogOutputStream:75 - [STDERR_REDIRECT] [Fatal Error] :1:1: Premature end of file.
2026-04-29 07:22:42,947 [ERROR] LogOutputStream:75 - [STDERR_REDIRECT] 
2026-04-29 07:22:43,945 [ERROR] LogOutputStream:75 - [STDERR_REDIRECT] [Fatal Error] :1:1: Premature end of file.
2026-04-29 07:22:43,945 [ERROR] LogOutputStream:75 - [STDERR_REDIRECT] 
2026-04-29 07:22:44,955 [ERROR] LogOutputStream:75 - [STDERR_REDIRECT] [Fatal Error] :1:1: Premature end of file.
2026-04-29 07:22:44,956 [ERROR] LogOutputStream:75 - [STDERR_REDIRECT] 
2026-04-29 07:22:45,962 [ERROR] LogOutputStream:75 - [STDERR_REDIRECT] [Fatal Error] :1:1: Premature end of file.
2026-04-29 07:22:45,962 [ERROR] LogOutputStream:75 - [STDERR_REDIRECT] 
2026-04-29 07:22:46,940 [ERROR] LogOutputStream:75 - [STDERR_REDIRECT] [Fatal Error] :1:1: Premature end of file.
2026-04-29 07:22:46,940 [ERROR] LogOutputStream:75 - [STDERR_REDIRECT] 
2026-04-29 07:22:47,943 [ERROR] LogOutputStream:75 - [STDERR_REDIRECT] [Fatal Error] :1:1: Premature end of file.
2026-04-29 07:22:47,944 [ERROR] LogOutputStream:75 - [STDERR_REDIRECT] 
2026-04-29 07:22:48,941 [ERROR] LogOutputStream:75 - [STDERR_REDIRECT] [Fatal Error] :1:1: Premature end of file.
2026-04-29 07:22:48,942 [ERROR] LogOutputStream:75 - [STDERR_REDIRECT] 
2026-04-29 07:22:49,948 [ERROR] LogOutputStream:75 - [STDERR_REDIRECT] [Fatal Error] :1:1: Premature end of file.
2026-04-29 07:22:49,948 [ERROR] LogOutputStream:75 - [STDERR_REDIRECT] 
2026-04-29 07:22:50,946 [ERROR] LogOutputStream:75 - [STDERR_REDIRECT] [Fatal Error] :1:1: Premature end of file.
2026-04-29 07:22:50,946 [ERROR] LogOutputStream:75 - [STDERR_REDIRECT] 
2026-04-29 07:22:51,947 [ERROR] LogOutputStream:75 - [STDERR_REDIRECT] [Fatal Error] :1:1: Premature end of file.
2026-04-29 07:22:51,947 [ERROR] LogOutputStream:75 - [STDERR_REDIRECT] 
2026-04-29 07:22:52,945 [ERROR] LogOutputStream:75 - [STDERR_REDIRECT] [Fatal Error] :1:1: Premature end of file.
2026-04-29 07:22:52,945 [ERROR] LogOutputStream:75 - [STDERR_REDIRECT] 
2026-04-29 07:22:53,944 [ERROR] LogOutputStream:75 - [STDERR_REDIRECT] [Fatal Error] :1:1: Premature end of file.
2026-04-29 07:22:53,945 [ERROR] LogOutputStream:75 - [STDERR_REDIRECT] 
2026-04-29 07:22:54,945 [ERROR] LogOutputStream:75 - [STDERR_REDIRECT] [Fatal Error] :1:1: Premature end of file.
2026-04-29 07:22:54,945 [ERROR] LogOutputStream:75 - [STDERR_REDIRECT] 
2026-04-29 07:22:55,954 [ERROR] LogOutputStream:75 - [STDERR_REDIRECT] [Fatal Error] :1:1: Premature end of file.
2026-04-29 07:22:55,954 [ERROR] LogOutputStream:75 - [STDERR_REDIRECT] 
2026-04-29 07:22:56,946 [ERROR] LogOutputStream:75 - [STDERR_REDIRECT] [Fatal Error] :1:1: Premature end of file.
2026-04-29 07:22:56,946 [ERROR] LogOutputStream:75 - [STDERR_REDIRECT] 
2026-04-29 07:22:57,940 [ERROR] LogOutputStream:75 - [STDERR_REDIRECT] [Fatal Error] :1:1: Premature end of file.
2026-04-29 07:22:57,940 [ERROR] LogOutputStream:75 - [STDERR_REDIRECT] 
2026-04-29 07:22:58,945 [ERROR] LogOutputStream:75 - [STDERR_REDIRECT] [Fatal Error] :1:1: Premature end of file.
2026-04-29 07:22:58,945 [ERROR] LogOutputStream:75 - [STDERR_REDIRECT] 
2026-04-29 07:22:59,949 [ERROR] LogOutputStream:75 - [STDERR_REDIRECT] [Fatal Error] :1:1: Premature end of file.
2026-04-29 07:22:59,949 [ERROR] LogOutputStream:75 - [STDERR_REDIRECT] 
2026-04-29 07:23:00,942 [ERROR] LogOutputStream:75 - [STDERR_REDIRECT] [Fatal Error] :1:1: Premature end of file.
2026-04-29 07:23:00,943 [ERROR] LogOutputStream:75 - [STDERR_REDIRECT] 
2026-04-29 07:23:01,952 [ERROR] LogOutputStream:75 - [STDERR_REDIRECT] [Fatal Error] :1:1: Premature end of file.
2026-04-29 07:23:01,952 [ERROR] LogOutputStream:75 - [STDERR_REDIRECT] 
2026-04-29 07:23:02,944 [ERROR] LogOutputStream:75 - [STDERR_REDIRECT] [Fatal Error] :1:1: Premature end of file.
2026-04-29 07:23:02,944 [ERROR] LogOutputStream:75 - [STDERR_REDIRECT] 
2026-04-29 07:23:03,942 [ERROR] LogOutputStream:75 - [STDERR_REDIRECT] [Fatal Error] :1:1: Premature end of file.
2026-04-29 07:23:03,942 [ERROR] LogOutputStream:75 - [STDERR_REDIRECT] 
2026-04-29 07:23:04,939 [ERROR] LogOutputStream:75 - [STDERR_REDIRECT] [Fatal Error] :1:1: Premature end of file.
2026-04-29 07:23:04,939 [ERROR] LogOutputStream:75 - [STDERR_REDIRECT] 
2026-04-29 07:23:05,954 [ERROR] LogOutputStream:75 - [STDERR_REDIRECT] [Fatal Error] :1:1: Premature end of file.
2026-04-29 07:23:05,954 [ERROR] LogOutputStream:75 - [STDERR_REDIRECT] 
2026-04-29 07:23:06,943 [ERROR] LogOutputStream:75 - [STDERR_REDIRECT] [Fatal Error] :1:1: Premature end of file.
2026-04-29 07:23:06,943 [ERROR] LogOutputStream:75 - [STDERR_REDIRECT] 
2026-04-29 07:23:07,943 [ERROR] LogOutputStream:75 - [STDERR_REDIRECT] [Fatal Error] :1:1: Premature end of file.
2026-04-29 07:23:07,943 [ERROR] LogOutputStream:75 - [STDERR_REDIRECT] 
2026-04-29 07:23:08,943 [ERROR] LogOutputStream:75 - [STDERR_REDIRECT] [Fatal Error] :1:1: Premature end of file.
2026-04-29 07:23:08,943 [ERROR] LogOutputStream:75 - [STDERR_REDIRECT] 
2026-04-29 07:23:09,943 [ERROR] LogOutputStream:75 - [STDERR_REDIRECT] [Fatal Error] :1:1: Premature end of file.
2026-04-29 07:23:09,944 [ERROR] LogOutputStream:75 - [STDERR_REDIRECT] 
2026-04-29 07:23:10,945 [ERROR] LogOutputStream:75 - [STDERR_REDIRECT] [Fatal Error] :1:1: Premature end of file.
2026-04-29 07:23:10,945 [ERROR] LogOutputStream:75 - [STDERR_REDIRECT] 
2026-04-29 07:23:11,948 [ERROR] LogOutputStream:75 - [STDERR_REDIRECT] [Fatal Error] :1:1: Premature end of file.
2026-04-29 07:23:11,948 [ERROR] LogOutputStream:75 - [STDERR_REDIRECT] 
2026-04-29 07:23:12,946 [ERROR] LogOutputStream:75 - [STDERR_REDIRECT] [Fatal Error] :1:1: Premature end of file.
2026-04-29 07:23:12,946 [ERROR] LogOutputStream:75 - [STDERR_REDIRECT] 
2026-04-29 07:23:13,946 [ERROR] LogOutputStream:75 - [STDERR_REDIRECT] [Fatal Error] :1:1: Premature end of file.
2026-04-29 07:23:13,947 [ERROR] LogOutputStream:75 - [STDERR_REDIRECT] 
2026-04-29 07:23:14,949 [ERROR] LogOutputStream:75 - [STDERR_REDIRECT] [Fatal Error] :1:1: Premature end of file.
2026-04-29 07:23:14,950 [ERROR] LogOutputStream:75 - [STDERR_REDIRECT] 
2026-04-29 07:23:15,943 [ERROR] LogOutputStream:75 - [STDERR_REDIRECT] [Fatal Error] :1:1: Premature end of file.
2026-04-29 07:23:15,944 [ERROR] LogOutputStream:75 - [STDERR_REDIRECT] 
2026-04-29 07:23:16,950 [ERROR] LogOutputStream:75 - [STDERR_REDIRECT] [Fatal Error] :1:1: Premature end of file.
2026-04-29 07:23:16,950 [ERROR] LogOutputStream:75 - [STDERR_REDIRECT] 
2026-04-29 07:23:17,953 [ERROR] LogOutputStream:75 - [STDERR_REDIRECT] [Fatal Error] :1:1: Premature end of file.
2026-04-29 07:23:17,954 [ERROR] LogOutputStream:75 - [STDERR_REDIRECT] 
2026-04-29 07:23:18,950 [ERROR] LogOutputStream:75 - [STDERR_REDIRECT] [Fatal Error] :1:1: Premature end of file.
2026-04-29 07:23:18,950 [ERROR] LogOutputStream:75 - [STDERR_REDIRECT] 
2026-04-29 07:23:19,937 [ERROR] LogOutputStream:75 - [STDERR_REDIRECT] [Fatal Error] :1:1: Premature end of file.
2026-04-29 07:23:19,937 [ERROR] LogOutputStream:75 - [STDERR_REDIRECT] 
2026-04-29 07:23:20,937 [ERROR] LogOutputStream:75 - [STDERR_REDIRECT] [Fatal Error] :1:1: Premature end of file.
2026-04-29 07:23:20,937 [ERROR] LogOutputStream:75 - [STDERR_REDIRECT] 
2026-04-29 07:23:21,932 [ERROR] LogOutputStream:75 - [STDERR_REDIRECT] [Fatal Error] :1:1: Premature end of file.
2026-04-29 07:23:21,932 [ERROR] LogOutputStream:75 - [STDERR_REDIRECT] 
2026-04-29 07:23:22,937 [ERROR] LogOutputStream:75 - [STDERR_REDIRECT] [Fatal Error] :1:1: Premature end of file.
2026-04-29 07:23:22,938 [ERROR] LogOutputStream:75 - [STDERR_REDIRECT] 
2026-04-29 07:23:23,942 [ERROR] LogOutputStream:75 - [STDERR_REDIRECT] [Fatal Error] :1:1: Premature end of file.
2026-04-29 07:23:23,942 [ERROR] LogOutputStream:75 - [STDERR_REDIRECT] 
2026-04-29 07:23:24,944 [ERROR] LogOutputStream:75 - [STDERR_REDIRECT] [Fatal Error] :1:1: Premature end of file.
2026-04-29 07:23:24,945 [ERROR] LogOutputStream:75 - [STDERR_REDIRECT] 
2026-04-29 07:23:25,937 [ERROR] LogOutputStream:75 - [STDERR_REDIRECT] [Fatal Error] :1:1: Premature end of file.
2026-04-29 07:23:25,937 [ERROR] LogOutputStream:75 - [STDERR_REDIRECT] 
2026-04-29 07:23:26,942 [ERROR] LogOutputStream:75 - [STDERR_REDIRECT] [Fatal Error] :1:1: Premature end of file.
2026-04-29 07:23:26,942 [ERROR] LogOutputStream:75 - [STDERR_REDIRECT] 
2026-04-29 07:23:27,944 [ERROR] LogOutputStream:75 - [STDERR_REDIRECT] [Fatal Error] :1:1: Premature end of file.
2026-04-29 07:23:27,944 [ERROR] LogOutputStream:75 - [STDERR_REDIRECT] 
2026-04-29 07:23:28,942 [ERROR] LogOutputStream:75 - [STDERR_REDIRECT] [Fatal Error] :1:1: Premature end of file.
2026-04-29 07:23:28,942 [ERROR] LogOutputStream:75 - [STDERR_REDIRECT] 
2026-04-29 07:23:29,943 [ERROR] LogOutputStream:75 - [STDERR_REDIRECT] [Fatal Error] :1:1: Premature end of file.
2026-04-29 07:23:29,943 [ERROR] LogOutputStream:75 - [STDERR_REDIRECT] 
2026-04-29 07:23:30,937 [ERROR] LogOutputStream:75 - [STDERR_REDIRECT] [Fatal Error] :1:1: Premature end of file.
2026-04-29 07:23:30,937 [ERROR] LogOutputStream:75 - [STDERR_REDIRECT] 
2026-04-29 07:23:31,943 [ERROR] LogOutputStream:75 - [STDERR_REDIRECT] [Fatal Error] :1:1: Premature end of file.
2026-04-29 07:23:31,944 [ERROR] LogOutputStream:75 - [STDERR_REDIRECT] 
2026-04-29 07:23:32,944 [ERROR] LogOutputStream:75 - [STDERR_REDIRECT] [Fatal Error] :1:1: Premature end of file.
2026-04-29 07:23:32,944 [ERROR] LogOutputStream:75 - [STDERR_REDIRECT] 
2026-04-29 07:23:33,948 [ERROR] LogOutputStream:75 - [STDERR_REDIRECT] [Fatal Error] :1:1: Premature end of file.
2026-04-29 07:23:33,948 [ERROR] LogOutputStream:75 - [STDERR_REDIRECT] 
2026-04-29 07:23:34,935 [ERROR] LogOutputStream:75 - [STDERR_REDIRECT] [Fatal Error] :1:1: Premature end of file.
2026-04-29 07:23:34,935 [ERROR] LogOutputStream:75 - [STDERR_REDIRECT] 
2026-04-29 07:23:35,954 [ERROR] LogOutputStream:75 - [STDERR_REDIRECT] [Fatal Error] :1:1: Premature end of file.
2026-04-29 07:23:35,954 [ERROR] LogOutputStream:75 - [STDERR_REDIRECT] 
2026-04-29 07:23:36,941 [ERROR] LogOutputStream:75 - [STDERR_REDIRECT] [Fatal Error] :1:1: Premature end of file.
2026-04-29 07:23:36,941 [ERROR] LogOutputStream:75 - [STDERR_REDIRECT] 
2026-04-29 07:23:37,946 [ERROR] LogOutputStream:75 - [STDERR_REDIRECT] [Fatal Error] :1:1: Premature end of file.
2026-04-29 07:23:37,946 [ERROR] LogOutputStream:75 - [STDERR_REDIRECT] 
2026-04-29 07:23:38,939 [ERROR] LogOutputStream:75 - [STDERR_REDIRECT] [Fatal Error] :1:1: Premature end of file.
2026-04-29 07:23:38,939 [ERROR] LogOutputStream:75 - [STDERR_REDIRECT] 
2026-04-29 07:23:39,945 [ERROR] LogOutputStream:75 - [STDERR_REDIRECT] [Fatal Error] :1:1: Premature end of file.
2026-04-29 07:23:39,946 [ERROR] LogOutputStream:75 - [STDERR_REDIRECT] 
2026-04-29 07:23:40,949 [ERROR] LogOutputStream:75 - [STDERR_REDIRECT] [Fatal Error] :1:1: Premature end of file.
2026-04-29 07:23:40,949 [ERROR] LogOutputStream:75 - [STDERR_REDIRECT] 
2026-04-29 07:23:41,939 [ERROR] LogOutputStream:75 - [STDERR_REDIRECT] [Fatal Error] :1:1: Premature end of file.
2026-04-29 07:23:41,939 [ERROR] LogOutputStream:75 - [STDERR_REDIRECT] 
2026-04-29 07:23:42,947 [ERROR] LogOutputStream:75 - [STDERR_REDIRECT] [Fatal Error] :1:1: Premature end of file.
2026-04-29 07:23:42,948 [ERROR] LogOutputStream:75 - [STDERR_REDIRECT] 
2026-04-29 07:23:43,935 [ERROR] LogOutputStream:75 - [STDERR_REDIRECT] [Fatal Error] :1:1: Premature end of file.
2026-04-29 07:23:43,935 [ERROR] LogOutputStream:75 - [STDERR_REDIRECT] 
2026-04-29 07:23:44,931 [ERROR] LogOutputStream:75 - [STDERR_REDIRECT] [Fatal Error] :1:1: Premature end of file.
2026-04-29 07:23:44,931 [ERROR] LogOutputStream:75 - [STDERR_REDIRECT] 
2026-04-29 07:23:45,946 [ERROR] LogOutputStream:75 - [STDERR_REDIRECT] [Fatal Error] :1:1: Premature end of file.
2026-04-29 07:23:45,946 [ERROR] LogOutputStream:75 - [STDERR_REDIRECT] 
2026-04-29 07:23:46,945 [ERROR] LogOutputStream:75 - [STDERR_REDIRECT] [Fatal Error] :1:1: Premature end of file.
2026-04-29 07:23:46,945 [ERROR] LogOutputStream:75 - [STDERR_REDIRECT] 
2026-04-29 07:23:47,945 [ERROR] LogOutputStream:75 - [STDERR_REDIRECT] [Fatal Error] :1:1: Premature end of file.
2026-04-29 07:23:47,945 [ERROR] LogOutputStream:75 - [STDERR_REDIRECT] 
2026-04-29 07:23:48,947 [ERROR] LogOutputStream:75 - [STDERR_REDIRECT] [Fatal Error] :1:1: Premature end of file.
2026-04-29 07:23:48,947 [ERROR] LogOutputStream:75 - [STDERR_REDIRECT] 
2026-04-29 07:23:49,954 [ERROR] LogOutputStream:75 - [STDERR_REDIRECT] [Fatal Error] :1:1: Premature end of file.
2026-04-29 07:23:49,954 [ERROR] LogOutputStream:75 - [STDERR_REDIRECT] 
2026-04-29 07:23:50,941 [ERROR] LogOutputStream:75 - [STDERR_REDIRECT] [Fatal Error] :1:1: Premature end of file.
2026-04-29 07:23:50,941 [ERROR] LogOutputStream:75 - [STDERR_REDIRECT] 
2026-04-29 07:23:51,944 [ERROR] LogOutputStream:75 - [STDERR_REDIRECT] [Fatal Error] :1:1: Premature end of file.
2026-04-29 07:23:51,944 [ERROR] LogOutputStream:75 - [STDERR_REDIRECT] 
2026-04-29 07:23:52,947 [ERROR] LogOutputStream:75 - [STDERR_REDIRECT] [Fatal Error] :1:1: Premature end of file.
2026-04-29 07:23:52,947 [ERROR] LogOutputStream:75 - [STDERR_REDIRECT] 
2026-04-29 07:23:53,949 [ERROR] LogOutputStream:75 - [STDERR_REDIRECT] [Fatal Error] :1:1: Premature end of file.
2026-04-29 07:23:53,950 [ERROR] LogOutputStream:75 - [STDERR_REDIRECT] 
2026-04-29 07:23:54,943 [ERROR] LogOutputStream:75 - [STDERR_REDIRECT] [Fatal Error] :1:1: Premature end of file.
2026-04-29 07:23:54,944 [ERROR] LogOutputStream:75 - [STDERR_REDIRECT] 
2026-04-29 07:23:55,954 [ERROR] LogOutputStream:75 - [STDERR_REDIRECT] [Fatal Error] :1:1: Premature end of file.
2026-04-29 07:23:55,954 [ERROR] LogOutputStream:75 - [STDERR_REDIRECT] 
2026-04-29 07:23:56,944 [ERROR] LogOutputStream:75 - [STDERR_REDIRECT] [Fatal Error] :1:1: Premature end of file.
2026-04-29 07:23:56,944 [ERROR] LogOutputStream:75 - [STDERR_REDIRECT] 
2026-04-29 07:23:57,946 [ERROR] LogOutputStream:75 - [STDERR_REDIRECT] [Fatal Error] :1:1: Premature end of file.
2026-04-29 07:23:57,946 [ERROR] LogOutputStream:75 - [STDERR_REDIRECT] 
2026-04-29 07:23:58,952 [ERROR] LogOutputStream:75 - [STDERR_REDIRECT] [Fatal Error] :1:1: Premature end of file.
2026-04-29 07:23:58,952 [ERROR] LogOutputStream:75 - [STDERR_REDIRECT] 
2026-04-29 07:23:59,941 [ERROR] LogOutputStream:75 - [STDERR_REDIRECT] [Fatal Error] :1:1: Premature end of file.
2026-04-29 07:23:59,941 [ERROR] LogOutputStream:75 - [STDERR_REDIRECT] 
2026-04-29 07:24:00,942 [ERROR] LogOutputStream:75 - [STDERR_REDIRECT] [Fatal Error] :1:1: Premature end of file.
2026-04-29 07:24:00,942 [ERROR] LogOutputStream:75 - [STDERR_REDIRECT] 
2026-04-29 07:24:01,948 [ERROR] LogOutputStream:75 - [STDERR_REDIRECT] [Fatal Error] :1:1: Premature end of file.
2026-04-29 07:24:01,948 [ERROR] LogOutputStream:75 - [STDERR_REDIRECT] 
2026-04-29 07:24:02,952 [ERROR] LogOutputStream:75 - [STDERR_REDIRECT] [Fatal Error] :1:1: Premature end of file.
2026-04-29 07:24:02,953 [ERROR] LogOutputStream:75 - [STDERR_REDIRECT] 
2026-04-29 07:24:03,939 [ERROR] LogOutputStream:75 - [STDERR_REDIRECT] [Fatal Error] :1:1: Premature end of file.
2026-04-29 07:24:03,939 [ERROR] LogOutputStream:75 - [STDERR_REDIRECT] 
2026-04-29 07:24:04,943 [ERROR] LogOutputStream:75 - [STDERR_REDIRECT] [Fatal Error] :1:1: Premature end of file.
2026-04-29 07:24:04,943 [ERROR] LogOutputStream:75 - [STDERR_REDIRECT] 
2026-04-29 07:24:05,950 [ERROR] LogOutputStream:75 - [STDERR_REDIRECT] [Fatal Error] :1:1: Premature end of file.
2026-04-29 07:24:05,950 [ERROR] LogOutputStream:75 - [STDERR_REDIRECT] 
2026-04-29 07:24:06,940 [ERROR] LogOutputStream:75 - [STDERR_REDIRECT] [Fatal Error] :1:1: Premature end of file.
2026-04-29 07:24:06,941 [ERROR] LogOutputStream:75 - [STDERR_REDIRECT] 
2026-04-29 07:24:07,958 [ERROR] LogOutputStream:75 - [STDERR_REDIRECT] [Fatal Error] :1:1: Premature end of file.
2026-04-29 07:24:07,958 [ERROR] LogOutputStream:75 - [STDERR_REDIRECT] 
2026-04-29 07:24:08,933 [ERROR] LogOutputStream:75 - [STDERR_REDIRECT] [Fatal Error] :1:1: Premature end of file.
2026-04-29 07:24:08,933 [ERROR] LogOutputStream:75 - [STDERR_REDIRECT] 
2026-04-29 07:24:09,945 [ERROR] LogOutputStream:75 - [STDERR_REDIRECT] [Fatal Error] :1:1: Premature end of file.
2026-04-29 07:24:09,945 [ERROR] LogOutputStream:75 - [STDERR_REDIRECT] 
2026-04-29 07:24:10,943 [ERROR] LogOutputStream:75 - [STDERR_REDIRECT] [Fatal Error] :1:1: Premature end of file.
2026-04-29 07:24:10,943 [ERROR] LogOutputStream:75 - [STDERR_REDIRECT] 
2026-04-29 07:24:11,925 [ERROR] LogOutputStream:75 - [STDERR_REDIRECT] [Fatal Error] :1:1: Premature end of file.
2026-04-29 07:24:11,925 [ERROR] LogOutputStream:75 - [STDERR_REDIRECT] 
2026-04-29 07:24:12,935 [ERROR] LogOutputStream:75 - [STDERR_REDIRECT] [Fatal Error] :1:1: Premature end of file.
2026-04-29 07:24:12,935 [ERROR] LogOutputStream:75 - [STDERR_REDIRECT] 
2026-04-29 07:24:13,936 [ERROR] LogOutputStream:75 - [STDERR_REDIRECT] [Fatal Error] :1:1: Premature end of file.
2026-04-29 07:24:13,936 [ERROR] LogOutputStream:75 - [STDERR_REDIRECT] 
2026-04-29 07:24:14,939 [ERROR] LogOutputStream:75 - [STDERR_REDIRECT] [Fatal Error] :1:1: Premature end of file.
2026-04-29 07:24:14,939 [ERROR] LogOutputStream:75 - [STDERR_REDIRECT] 
2026-04-29 07:24:15,949 [ERROR] LogOutputStream:75 - [STDERR_REDIRECT] [Fatal Error] :1:1: Premature end of file.
2026-04-29 07:24:15,949 [ERROR] LogOutputStream:75 - [STDERR_REDIRECT] 
2026-04-29 07:24:16,939 [ERROR] LogOutputStream:75 - [STDERR_REDIRECT] [Fatal Error] :1:1: Premature end of file.
2026-04-29 07:24:16,939 [ERROR] LogOutputStream:75 - [STDERR_REDIRECT] 
2026-04-29 07:24:17,943 [ERROR] LogOutputStream:75 - [STDERR_REDIRECT] [Fatal Error] :1:1: Premature end of file.
2026-04-29 07:24:17,944 [ERROR] LogOutputStream:75 - [STDERR_REDIRECT] 
2026-04-29 07:24:18,945 [ERROR] LogOutputStream:75 - [STDERR_REDIRECT] [Fatal Error] :1:1: Premature end of file.
2026-04-29 07:24:18,945 [ERROR] LogOutputStream:75 - [STDERR_REDIRECT] 
2026-04-29 07:24:19,940 [ERROR] LogOutputStream:75 - [STDERR_REDIRECT] [Fatal Error] :1:1: Premature end of file.
2026-04-29 07:24:19,940 [ERROR] LogOutputStream:75 - [STDERR_REDIRECT] 
2026-04-29 07:24:20,938 [ERROR] LogOutputStream:75 - [STDERR_REDIRECT] [Fatal Error] :1:1: Premature end of file.
2026-04-29 07:24:20,938 [ERROR] LogOutputStream:75 - [STDERR_REDIRECT] 
2026-04-29 07:24:21,946 [ERROR] LogOutputStream:75 - [STDERR_REDIRECT] [Fatal Error] :1:1: Premature end of file.
2026-04-29 07:24:21,946 [ERROR] LogOutputStream:75 - [STDERR_REDIRECT] 
2026-04-29 07:24:22,937 [ERROR] LogOutputStream:75 - [STDERR_REDIRECT] [Fatal Error] :1:1: Premature end of file.
2026-04-29 07:24:22,937 [ERROR] LogOutputStream:75 - [STDERR_REDIRECT] 
2026-04-29 07:24:23,943 [ERROR] LogOutputStream:75 - [STDERR_REDIRECT] [Fatal Error] :1:1: Premature end of file.
2026-04-29 07:24:23,943 [ERROR] LogOutputStream:75 - [STDERR_REDIRECT] 
2026-04-29 07:24:24,942 [ERROR] LogOutputStream:75 - [STDERR_REDIRECT] [Fatal Error] :1:1: Premature end of file.
2026-04-29 07:24:24,943 [ERROR] LogOutputStream:75 - [STDERR_REDIRECT] 
2026-04-29 07:24:25,956 [ERROR] LogOutputStream:75 - [STDERR_REDIRECT] [Fatal Error] :1:1: Premature end of file.
2026-04-29 07:24:25,956 [ERROR] LogOutputStream:75 - [STDERR_REDIRECT] 
2026-04-29 07:24:26,944 [ERROR] LogOutputStream:75 - [STDERR_REDIRECT] [Fatal Error] :1:1: Premature end of file.
2026-04-29 07:24:26,944 [ERROR] LogOutputStream:75 - [STDERR_REDIRECT] 
2026-04-29 07:24:27,942 [ERROR] LogOutputStream:75 - [STDERR_REDIRECT] [Fatal Error] :1:1: Premature end of file.
2026-04-29 07:24:27,942 [ERROR] LogOutputStream:75 - [STDERR_REDIRECT] 
2026-04-29 07:24:28,949 [ERROR] LogOutputStream:75 - [STDERR_REDIRECT] [Fatal Error] :1:1: Premature end of file.
2026-04-29 07:24:28,950 [ERROR] LogOutputStream:75 - [STDERR_REDIRECT] 
2026-04-29 07:24:29,937 [ERROR] LogOutputStream:75 - [STDERR_REDIRECT] [Fatal Error] :1:1: Premature end of file.
2026-04-29 07:24:29,937 [ERROR] LogOutputStream:75 - [STDERR_REDIRECT] 
2026-04-29 07:24:30,947 [ERROR] LogOutputStream:75 - [STDERR_REDIRECT] [Fatal Error] :1:1: Premature end of file.
2026-04-29 07:24:30,947 [ERROR] LogOutputStream:75 - [STDERR_REDIRECT] 
2026-04-29 07:24:31,933 [ERROR] LogOutputStream:75 - [STDERR_REDIRECT] [Fatal Error] :1:1: Premature end of file.
2026-04-29 07:24:31,933 [ERROR] LogOutputStream:75 - [STDERR_REDIRECT] 
2026-04-29 07:24:32,936 [ERROR] LogOutputStream:75 - [STDERR_REDIRECT] [Fatal Error] :1:1: Premature end of file.
2026-04-29 07:24:32,936 [ERROR] LogOutputStream:75 - [STDERR_REDIRECT] 
2026-04-29 07:24:33,945 [ERROR] LogOutputStream:75 - [STDERR_REDIRECT] [Fatal Error] :1:1: Premature end of file.
2026-04-29 07:24:33,945 [ERROR] LogOutputStream:75 - [STDERR_REDIRECT] 
2026-04-29 07:24:34,948 [ERROR] LogOutputStream:75 - [STDERR_REDIRECT] [Fatal Error] :1:1: Premature end of file.
2026-04-29 07:24:34,948 [ERROR] LogOutputStream:75 - [STDERR_REDIRECT] 
2026-04-29 07:24:35,922 [ERROR] LogOutputStream:75 - [STDERR_REDIRECT] [Fatal Error] :1:1: Premature end of file.
2026-04-29 07:24:35,922 [ERROR] LogOutputStream:75 - [STDERR_REDIRECT] 
2026-04-29 07:24:36,936 [ERROR] LogOutputStream:75 - [STDERR_REDIRECT] [Fatal Error] :1:1: Premature end of file.
2026-04-29 07:24:36,936 [ERROR] LogOutputStream:75 - [STDERR_REDIRECT] 
2026-04-29 07:24:37,938 [ERROR] LogOutputStream:75 - [STDERR_REDIRECT] [Fatal Error] :1:1: Premature end of file.
2026-04-29 07:24:37,938 [ERROR] LogOutputStream:75 - [STDERR_REDIRECT] 
2026-04-29 07:24:38,956 [ERROR] LogOutputStream:75 - [STDERR_REDIRECT] [Fatal Error] :1:1: Premature end of file.
2026-04-29 07:24:38,956 [ERROR] LogOutputStream:75 - [STDERR_REDIRECT] 
2026-04-29 07:24:39,941 [ERROR] LogOutputStream:75 - [STDERR_REDIRECT] [Fatal Error] :1:1: Premature end of file.
2026-04-29 07:24:39,942 [ERROR] LogOutputStream:75 - [STDERR_REDIRECT] 
2026-04-29 07:24:40,947 [ERROR] LogOutputStream:75 - [STDERR_REDIRECT] [Fatal Error] :1:1: Premature end of file.
2026-04-29 07:24:40,947 [ERROR] LogOutputStream:75 - [STDERR_REDIRECT] 
2026-04-29 07:24:41,948 [ERROR] LogOutputStream:75 - [STDERR_REDIRECT] [Fatal Error] :1:1: Premature end of file.
2026-04-29 07:24:41,948 [ERROR] LogOutputStream:75 - [STDERR_REDIRECT] 
2026-04-29 07:24:42,946 [ERROR] LogOutputStream:75 - [STDERR_REDIRECT] [Fatal Error] :1:1: Premature end of file.
2026-04-29 07:24:42,946 [ERROR] LogOutputStream:75 - [STDERR_REDIRECT] 
2026-04-29 07:24:43,938 [ERROR] LogOutputStream:75 - [STDERR_REDIRECT] [Fatal Error] :1:1: Premature end of file.
2026-04-29 07:24:43,938 [ERROR] LogOutputStream:75 - [STDERR_REDIRECT] 
2026-04-29 07:24:44,948 [ERROR] LogOutputStream:75 - [STDERR_REDIRECT] [Fatal Error] :1:1: Premature end of file.
2026-04-29 07:24:44,948 [ERROR] LogOutputStream:75 - [STDERR_REDIRECT] 
2026-04-29 07:24:45,953 [ERROR] LogOutputStream:75 - [STDERR_REDIRECT] [Fatal Error] :1:1: Premature end of file.
2026-04-29 07:24:45,953 [ERROR] LogOutputStream:75 - [STDERR_REDIRECT] 
2026-04-29 07:24:46,946 [ERROR] LogOutputStream:75 - [STDERR_REDIRECT] [Fatal Error] :1:1: Premature end of file.
2026-04-29 07:24:46,946 [ERROR] LogOutputStream:75 - [STDERR_REDIRECT] 
2026-04-29 07:24:47,947 [ERROR] LogOutputStream:75 - [STDERR_REDIRECT] [Fatal Error] :1:1: Premature end of file.
2026-04-29 07:24:47,947 [ERROR] LogOutputStream:75 - [STDERR_REDIRECT] 
2026-04-29 07:24:48,941 [ERROR] LogOutputStream:75 - [STDERR_REDIRECT] [Fatal Error] :1:1: Premature end of file.
2026-04-29 07:24:48,941 [ERROR] LogOutputStream:75 - [STDERR_REDIRECT] 
2026-04-29 07:24:49,943 [ERROR] LogOutputStream:75 - [STDERR_REDIRECT] [Fatal Error] :1:1: Premature end of file.
2026-04-29 07:24:49,943 [ERROR] LogOutputStream:75 - [STDERR_REDIRECT] 
2026-04-29 07:24:50,928 [ERROR] LogOutputStream:75 - [STDERR_REDIRECT] [Fatal Error] :1:1: Premature end of file.
2026-04-29 07:24:50,928 [ERROR] LogOutputStream:75 - [STDERR_REDIRECT] 
2026-04-29 07:24:51,933 [ERROR] LogOutputStream:75 - [STDERR_REDIRECT] [Fatal Error] :1:1: Premature end of file.
2026-04-29 07:24:51,933 [ERROR] LogOutputStream:75 - [STDERR_REDIRECT] 
2026-04-29 07:24:52,932 [ERROR] LogOutputStream:75 - [STDERR_REDIRECT] [Fatal Error] :1:1: Premature end of file.
2026-04-29 07:24:52,932 [ERROR] LogOutputStream:75 - [STDERR_REDIRECT] 
2026-04-29 07:24:53,940 [ERROR] LogOutputStream:75 - [STDERR_REDIRECT] [Fatal Error] :1:1: Premature end of file.
2026-04-29 07:24:53,940 [ERROR] LogOutputStream:75 - [STDERR_REDIRECT] 
2026-04-29 07:24:54,945 [ERROR] LogOutputStream:75 - [STDERR_REDIRECT] [Fatal Error] :1:1: Premature end of file.
2026-04-29 07:24:54,945 [ERROR] LogOutputStream:75 - [STDERR_REDIRECT] 
2026-04-29 07:24:55,946 [ERROR] LogOutputStream:75 - [STDERR_REDIRECT] [Fatal Error] :1:1: Premature end of file.
2026-04-29 07:24:55,946 [ERROR] LogOutputStream:75 - [STDERR_REDIRECT] 
2026-04-29 07:24:56,937 [ERROR] LogOutputStream:75 - [STDERR_REDIRECT] [Fatal Error] :1:1: Premature end of file.
2026-04-29 07:24:56,937 [ERROR] LogOutputStream:75 - [STDERR_REDIRECT] 
2026-04-29 07:24:57,939 [ERROR] LogOutputStream:75 - [STDERR_REDIRECT] [Fatal Error] :1:1: Premature end of file.
2026-04-29 07:24:57,939 [ERROR] LogOutputStream:75 - [STDERR_REDIRECT] 
2026-04-29 07:24:58,952 [ERROR] LogOutputStream:75 - [STDERR_REDIRECT] [Fatal Error] :1:1: Premature end of file.
2026-04-29 07:24:58,952 [ERROR] LogOutputStream:75 - [STDERR_REDIRECT] 
2026-04-29 07:24:59,934 [ERROR] LogOutputStream:75 - [STDERR_REDIRECT] [Fatal Error] :1:1: Premature end of file.
2026-04-29 07:24:59,934 [ERROR] LogOutputStream:75 - [STDERR_REDIRECT] 
2026-04-29 07:25:00,942 [ERROR] LogOutputStream:75 - [STDERR_REDIRECT] [Fatal Error] :1:1: Premature end of file.
2026-04-29 07:25:00,943 [ERROR] LogOutputStream:75 - [STDERR_REDIRECT] 
2026-04-29 07:25:01,955 [ERROR] LogOutputStream:75 - [STDERR_REDIRECT] [Fatal Error] :1:1: Premature end of file.
2026-04-29 07:25:01,956 [ERROR] LogOutputStream:75 - [STDERR_REDIRECT] 
2026-04-29 07:25:02,953 [ERROR] LogOutputStream:75 - [STDERR_REDIRECT] [Fatal Error] :1:1: Premature end of file.
2026-04-29 07:25:02,953 [ERROR] LogOutputStream:75 - [STDERR_REDIRECT] 
2026-04-29 07:25:03,927 [ERROR] LogOutputStream:75 - [STDERR_REDIRECT] [Fatal Error] :1:1: Premature end of file.
2026-04-29 07:25:03,927 [ERROR] LogOutputStream:75 - [STDERR_REDIRECT] 
2026-04-29 07:25:04,939 [ERROR] LogOutputStream:75 - [STDERR_REDIRECT] [Fatal Error] :1:1: Premature end of file.
2026-04-29 07:25:04,939 [ERROR] LogOutputStream:75 - [STDERR_REDIRECT] 
2026-04-29 07:25:05,937 [ERROR] LogOutputStream:75 - [STDERR_REDIRECT] [Fatal Error] :1:1: Premature end of file.
2026-04-29 07:25:05,937 [ERROR] LogOutputStream:75 - [STDERR_REDIRECT] 
2026-04-29 07:25:06,939 [ERROR] LogOutputStream:75 - [STDERR_REDIRECT] [Fatal Error] :1:1: Premature end of file.
2026-04-29 07:25:06,939 [ERROR] LogOutputStream:75 - [STDERR_REDIRECT] 
2026-04-29 07:25:07,939 [ERROR] LogOutputStream:75 - [STDERR_REDIRECT] [Fatal Error] :1:1: Premature end of file.
2026-04-29 07:25:07,939 [ERROR] LogOutputStream:75 - [STDERR_REDIRECT] 
2026-04-29 07:25:08,941 [ERROR] LogOutputStream:75 - [STDERR_REDIRECT] [Fatal Error] :1:1: Premature end of file.
2026-04-29 07:25:08,941 [ERROR] LogOutputStream:75 - [STDERR_REDIRECT] 
2026-04-29 07:25:09,940 [ERROR] LogOutputStream:75 - [STDERR_REDIRECT] [Fatal Error] :1:1: Premature end of file.
2026-04-29 07:25:09,940 [ERROR] LogOutputStream:75 - [STDERR_REDIRECT] 
2026-04-29 07:25:10,942 [ERROR] LogOutputStream:75 - [STDERR_REDIRECT] [Fatal Error] :1:1: Premature end of file.
2026-04-29 07:25:10,944 [ERROR] LogOutputStream:75 - [STDERR_REDIRECT] 
2026-04-29 07:25:11,942 [ERROR] LogOutputStream:75 - [STDERR_REDIRECT] [Fatal Error] :1:1: Premature end of file.
2026-04-29 07:25:11,943 [ERROR] LogOutputStream:75 - [STDERR_REDIRECT] 
2026-04-29 07:25:12,941 [ERROR] LogOutputStream:75 - [STDERR_REDIRECT] [Fatal Error] :1:1: Premature end of file.
2026-04-29 07:25:12,941 [ERROR] LogOutputStream:75 - [STDERR_REDIRECT] 
2026-04-29 07:25:13,945 [ERROR] LogOutputStream:75 - [STDERR_REDIRECT] [Fatal Error] :1:1: Premature end of file.
2026-04-29 07:25:13,945 [ERROR] LogOutputStream:75 - [STDERR_REDIRECT] 
2026-04-29 07:25:14,941 [ERROR] LogOutputStream:75 - [STDERR_REDIRECT] [Fatal Error] :1:1: Premature end of file.
2026-04-29 07:25:14,941 [ERROR] LogOutputStream:75 - [STDERR_REDIRECT] 
2026-04-29 07:25:15,948 [ERROR] LogOutputStream:75 - [STDERR_REDIRECT] [Fatal Error] :1:1: Premature end of file.
2026-04-29 07:25:15,949 [ERROR] LogOutputStream:75 - [STDERR_REDIRECT] 
2026-04-29 07:25:16,941 [ERROR] LogOutputStream:75 - [STDERR_REDIRECT] [Fatal Error] :1:1: Premature end of file.
2026-04-29 07:25:16,941 [ERROR] LogOutputStream:75 - [STDERR_REDIRECT] 
2026-04-29 07:25:17,928 [ERROR] LogOutputStream:75 - [STDERR_REDIRECT] [Fatal Error] :1:1: Premature end of file.
2026-04-29 07:25:17,928 [ERROR] LogOutputStream:75 - [STDERR_REDIRECT] 
2026-04-29 07:25:18,940 [ERROR] LogOutputStream:75 - [STDERR_REDIRECT] [Fatal Error] :1:1: Premature end of file.
2026-04-29 07:25:18,940 [ERROR] LogOutputStream:75 - [STDERR_REDIRECT] 
2026-04-29 07:25:19,947 [ERROR] LogOutputStream:75 - [STDERR_REDIRECT] [Fatal Error] :1:1: Premature end of file.
2026-04-29 07:25:19,947 [ERROR] LogOutputStream:75 - [STDERR_REDIRECT] 
2026-04-29 07:25:20,938 [ERROR] LogOutputStream:75 - [STDERR_REDIRECT] [Fatal Error] :1:1: Premature end of file.
2026-04-29 07:25:20,938 [ERROR] LogOutputStream:75 - [STDERR_REDIRECT] 
2026-04-29 07:25:21,939 [ERROR] LogOutputStream:75 - [STDERR_REDIRECT] [Fatal Error] :1:1: Premature end of file.
2026-04-29 07:25:21,939 [ERROR] LogOutputStream:75 - [STDERR_REDIRECT] 
2026-04-29 07:25:22,939 [ERROR] LogOutputStream:75 - [STDERR_REDIRECT] [Fatal Error] :1:1: Premature end of file.
2026-04-29 07:25:22,939 [ERROR] LogOutputStream:75 - [STDERR_REDIRECT] 
2026-04-29 07:25:23,957 [ERROR] LogOutputStream:75 - [STDERR_REDIRECT] [Fatal Error] :1:1: Premature end of file.
2026-04-29 07:25:23,957 [ERROR] LogOutputStream:75 - [STDERR_REDIRECT] 
2026-04-29 07:25:24,941 [ERROR] LogOutputStream:75 - [STDERR_REDIRECT] [Fatal Error] :1:1: Premature end of file.
2026-04-29 07:25:24,942 [ERROR] LogOutputStream:75 - [STDERR_REDIRECT] 
2026-04-29 07:25:25,942 [ERROR] LogOutputStream:75 - [STDERR_REDIRECT] [Fatal Error] :1:1: Premature end of file.
2026-04-29 07:25:25,943 [ERROR] LogOutputStream:75 - [STDERR_REDIRECT] 
2026-04-29 07:25:26,922 [ERROR] LogOutputStream:75 - [STDERR_REDIRECT] [Fatal Error] :1:1: Premature end of file.
2026-04-29 07:25:26,922 [ERROR] LogOutputStream:75 - [STDERR_REDIRECT] 
2026-04-29 07:25:27,923 [ERROR] LogOutputStream:75 - [STDERR_REDIRECT] [Fatal Error] :1:1: Premature end of file.
2026-04-29 07:25:27,923 [ERROR] LogOutputStream:75 - [STDERR_REDIRECT] 
2026-04-29 07:25:28,953 [ERROR] LogOutputStream:75 - [STDERR_REDIRECT] [Fatal Error] :1:1: Premature end of file.
2026-04-29 07:25:28,953 [ERROR] LogOutputStream:75 - [STDERR_REDIRECT] 
2026-04-29 07:25:29,945 [ERROR] LogOutputStream:75 - [STDERR_REDIRECT] [Fatal Error] :1:1: Premature end of file.
2026-04-29 07:25:29,945 [ERROR] LogOutputStream:75 - [STDERR_REDIRECT] 
2026-04-29 07:25:30,947 [ERROR] LogOutputStream:75 - [STDERR_REDIRECT] [Fatal Error] :1:1: Premature end of file.
2026-04-29 07:25:30,947 [ERROR] LogOutputStream:75 - [STDERR_REDIRECT] 
2026-04-29 07:25:31,946 [ERROR] LogOutputStream:75 - [STDERR_REDIRECT] [Fatal Error] :1:1: Premature end of file.
2026-04-29 07:25:31,946 [ERROR] LogOutputStream:75 - [STDERR_REDIRECT] 
2026-04-29 07:25:32,941 [ERROR] LogOutputStream:75 - [STDERR_REDIRECT] [Fatal Error] :1:1: Premature end of file.
2026-04-29 07:25:32,941 [ERROR] LogOutputStream:75 - [STDERR_REDIRECT] 
2026-04-29 07:25:33,937 [ERROR] LogOutputStream:75 - [STDERR_REDIRECT] [Fatal Error] :1:1: Premature end of file.
2026-04-29 07:25:33,937 [ERROR] LogOutputStream:75 - [STDERR_REDIRECT] 
2026-04-29 07:25:34,938 [ERROR] LogOutputStream:75 - [STDERR_REDIRECT] [Fatal Error] :1:1: Premature end of file.
2026-04-29 07:25:34,939 [ERROR] LogOutputStream:75 - [STDERR_REDIRECT] 
2026-04-29 07:25:35,952 [ERROR] LogOutputStream:75 - [STDERR_REDIRECT] [Fatal Error] :1:1: Premature end of file.
2026-04-29 07:25:35,952 [ERROR] LogOutputStream:75 - [STDERR_REDIRECT] 
2026-04-29 07:25:36,951 [ERROR] LogOutputStream:75 - [STDERR_REDIRECT] [Fatal Error] :1:1: Premature end of file.
2026-04-29 07:25:36,951 [ERROR] LogOutputStream:75 - [STDERR_REDIRECT] 
2026-04-29 07:25:37,941 [ERROR] LogOutputStream:75 - [STDERR_REDIRECT] [Fatal Error] :1:1: Premature end of file.
2026-04-29 07:25:37,941 [ERROR] LogOutputStream:75 - [STDERR_REDIRECT] 
2026-04-29 07:25:38,944 [ERROR] LogOutputStream:75 - [STDERR_REDIRECT] [Fatal Error] :1:1: Premature end of file.
2026-04-29 07:25:38,945 [ERROR] LogOutputStream:75 - [STDERR_REDIRECT] 
2026-04-29 07:25:39,946 [ERROR] LogOutputStream:75 - [STDERR_REDIRECT] [Fatal Error] :1:1: Premature end of file.
2026-04-29 07:25:39,946 [ERROR] LogOutputStream:75 - [STDERR_REDIRECT] 
2026-04-29 07:25:40,939 [ERROR] LogOutputStream:75 - [STDERR_REDIRECT] [Fatal Error] :1:1: Premature end of file.
2026-04-29 07:25:40,939 [ERROR] LogOutputStream:75 - [STDERR_REDIRECT] 
2026-04-29 07:25:41,941 [ERROR] LogOutputStream:75 - [STDERR_REDIRECT] [Fatal Error] :1:1: Premature end of file.
2026-04-29 07:25:41,941 [ERROR] LogOutputStream:75 - [STDERR_REDIRECT] 
2026-04-29 07:25:42,956 [ERROR] LogOutputStream:75 - [STDERR_REDIRECT] [Fatal Error] :1:1: Premature end of file.
2026-04-29 07:25:42,957 [ERROR] LogOutputStream:75 - [STDERR_REDIRECT] 
2026-04-29 07:25:43,945 [ERROR] LogOutputStream:75 - [STDERR_REDIRECT] [Fatal Error] :1:1: Premature end of file.
2026-04-29 07:25:43,945 [ERROR] LogOutputStream:75 - [STDERR_REDIRECT] 
2026-04-29 07:25:44,941 [ERROR] LogOutputStream:75 - [STDERR_REDIRECT] [Fatal Error] :1:1: Premature end of file.
2026-04-29 07:25:44,941 [ERROR] LogOutputStream:75 - [STDERR_REDIRECT] 
2026-04-29 07:25:45,947 [ERROR] LogOutputStream:75 - [STDERR_REDIRECT] [Fatal Error] :1:1: Premature end of file.
2026-04-29 07:25:45,947 [ERROR] LogOutputStream:75 - [STDERR_REDIRECT] 
2026-04-29 07:25:46,934 [ERROR] LogOutputStream:75 - [STDERR_REDIRECT] [Fatal Error] :1:1: Premature end of file.
2026-04-29 07:25:46,934 [ERROR] LogOutputStream:75 - [STDERR_REDIRECT] 
2026-04-29 07:25:47,932 [ERROR] LogOutputStream:75 - [STDERR_REDIRECT] [Fatal Error] :1:1: Premature end of file.
2026-04-29 07:25:47,932 [ERROR] LogOutputStream:75 - [STDERR_REDIRECT] 
2026-04-29 07:25:48,944 [ERROR] LogOutputStream:75 - [STDERR_REDIRECT] [Fatal Error] :1:1: Premature end of file.
2026-04-29 07:25:48,945 [ERROR] LogOutputStream:75 - [STDERR_REDIRECT] 
2026-04-29 07:25:49,943 [ERROR] LogOutputStream:75 - [STDERR_REDIRECT] [Fatal Error] :1:1: Premature end of file.
2026-04-29 07:25:49,943 [ERROR] LogOutputStream:75 - [STDERR_REDIRECT] 
2026-04-29 07:25:50,941 [ERROR] LogOutputStream:75 - [STDERR_REDIRECT] [Fatal Error] :1:1: Premature end of file.
2026-04-29 07:25:50,941 [ERROR] LogOutputStream:75 - [STDERR_REDIRECT] 
2026-04-29 07:25:51,952 [ERROR] LogOutputStream:75 - [STDERR_REDIRECT] [Fatal Error] :1:1: Premature end of file.
2026-04-29 07:25:51,952 [ERROR] LogOutputStream:75 - [STDERR_REDIRECT] 
2026-04-29 07:25:52,939 [ERROR] LogOutputStream:75 - [STDERR_REDIRECT] [Fatal Error] :1:1: Premature end of file.
2026-04-29 07:25:52,939 [ERROR] LogOutputStream:75 - [STDERR_REDIRECT] 
2026-04-29 07:25:53,926 [ERROR] LogOutputStream:75 - [STDERR_REDIRECT] [Fatal Error] :1:1: Premature end of file.
2026-04-29 07:25:53,926 [ERROR] LogOutputStream:75 - [STDERR_REDIRECT] 
2026-04-29 07:25:54,938 [ERROR] LogOutputStream:75 - [STDERR_REDIRECT] [Fatal Error] :1:1: Premature end of file.
2026-04-29 07:25:54,938 [ERROR] LogOutputStream:75 - [STDERR_REDIRECT] 
2026-04-29 07:25:55,942 [ERROR] LogOutputStream:75 - [STDERR_REDIRECT] [Fatal Error] :1:1: Premature end of file.
2026-04-29 07:25:55,942 [ERROR] LogOutputStream:75 - [STDERR_REDIRECT] 
2026-04-29 07:25:56,926 [ERROR] LogOutputStream:75 - [STDERR_REDIRECT] [Fatal Error] :1:1: Premature end of file.
2026-04-29 07:25:56,926 [ERROR] LogOutputStream:75 - [STDERR_REDIRECT] 
2026-04-29 07:25:57,946 [ERROR] LogOutputStream:75 - [STDERR_REDIRECT] [Fatal Error] :1:1: Premature end of file.
2026-04-29 07:25:57,946 [ERROR] LogOutputStream:75 - [STDERR_REDIRECT] 
2026-04-29 07:25:58,930 [ERROR] LogOutputStream:75 - [STDERR_REDIRECT] [Fatal Error] :1:1: Premature end of file.
2026-04-29 07:25:58,930 [ERROR] LogOutputStream:75 - [STDERR_REDIRECT] 
2026-04-29 07:25:59,941 [ERROR] LogOutputStream:75 - [STDERR_REDIRECT] [Fatal Error] :1:1: Premature end of file.
2026-04-29 07:25:59,942 [ERROR] LogOutputStream:75 - [STDERR_REDIRECT] 
2026-04-29 07:26:00,951 [ERROR] LogOutputStream:75 - [STDERR_REDIRECT] [Fatal Error] :1:1: Premature end of file.
2026-04-29 07:26:00,951 [ERROR] LogOutputStream:75 - [STDERR_REDIRECT] 
2026-04-29 07:26:01,941 [ERROR] LogOutputStream:75 - [STDERR_REDIRECT] [Fatal Error] :1:1: Premature end of file.
2026-04-29 07:26:01,941 [ERROR] LogOutputStream:75 - [STDERR_REDIRECT] 
2026-04-29 07:26:02,948 [ERROR] LogOutputStream:75 - [STDERR_REDIRECT] [Fatal Error] :1:1: Premature end of file.
2026-04-29 07:26:02,949 [ERROR] LogOutputStream:75 - [STDERR_REDIRECT] 
2026-04-29 07:26:03,945 [ERROR] LogOutputStream:75 - [STDERR_REDIRECT] [Fatal Error] :1:1: Premature end of file.
2026-04-29 07:26:03,945 [ERROR] LogOutputStream:75 - [STDERR_REDIRECT] 
2026-04-29 07:26:04,926 [ERROR] LogOutputStream:75 - [STDERR_REDIRECT] [Fatal Error] :1:1: Premature end of file.
2026-04-29 07:26:04,926 [ERROR] LogOutputStream:75 - [STDERR_REDIRECT] 
2026-04-29 07:26:05,946 [ERROR] LogOutputStream:75 - [STDERR_REDIRECT] [Fatal Error] :1:1: Premature end of file.
2026-04-29 07:26:05,946 [ERROR] LogOutputStream:75 - [STDERR_REDIRECT] 
2026-04-29 07:26:06,948 [ERROR] LogOutputStream:75 - [STDERR_REDIRECT] [Fatal Error] :1:1: Premature end of file.
2026-04-29 07:26:07,017 [ERROR] LogOutputStream:75 - [STDERR_REDIRECT] 
2026-04-29 07:26:07,933 [ERROR] LogOutputStream:75 - [STDERR_REDIRECT] [Fatal Error] :1:1: Premature end of file.
2026-04-29 07:26:07,933 [ERROR] LogOutputStream:75 - [STDERR_REDIRECT] 
2026-04-29 07:26:08,958 [ERROR] LogOutputStream:75 - [STDERR_REDIRECT] [Fatal Error] :1:1: Premature end of file.
2026-04-29 07:26:08,958 [ERROR] LogOutputStream:75 - [STDERR_REDIRECT] 
2026-04-29 07:26:09,947 [ERROR] LogOutputStream:75 - [STDERR_REDIRECT] [Fatal Error] :1:1: Premature end of file.
2026-04-29 07:26:09,947 [ERROR] LogOutputStream:75 - [STDERR_REDIRECT] 
2026-04-29 07:26:10,941 [ERROR] LogOutputStream:75 - [STDERR_REDIRECT] [Fatal Error] :1:1: Premature end of file.
2026-04-29 07:26:10,941 [ERROR] LogOutputStream:75 - [STDERR_REDIRECT] 
2026-04-29 07:26:11,948 [ERROR] LogOutputStream:75 - [STDERR_REDIRECT] [Fatal Error] :1:1: Premature end of file.
2026-04-29 07:26:11,948 [ERROR] LogOutputStream:75 - [STDERR_REDIRECT] 
2026-04-29 07:26:12,942 [ERROR] LogOutputStream:75 - [STDERR_REDIRECT] [Fatal Error] :1:1: Premature end of file.
2026-04-29 07:26:12,942 [ERROR] LogOutputStream:75 - [STDERR_REDIRECT] 
2026-04-29 07:26:13,933 [ERROR] LogOutputStream:75 - [STDERR_REDIRECT] [Fatal Error] :1:1: Premature end of file.
2026-04-29 07:26:13,933 [ERROR] LogOutputStream:75 - [STDERR_REDIRECT] 
2026-04-29 07:26:14,943 [ERROR] LogOutputStream:75 - [STDERR_REDIRECT] [Fatal Error] :1:1: Premature end of file.
2026-04-29 07:26:14,943 [ERROR] LogOutputStream:75 - [STDERR_REDIRECT] 
2026-04-29 07:26:15,955 [ERROR] LogOutputStream:75 - [STDERR_REDIRECT] [Fatal Error] :1:1: Premature end of file.
2026-04-29 07:26:15,955 [ERROR] LogOutputStream:75 - [STDERR_REDIRECT] 
2026-04-29 07:26:16,947 [ERROR] LogOutputStream:75 - [STDERR_REDIRECT] [Fatal Error] :1:1: Premature end of file.
2026-04-29 07:26:16,947 [ERROR] LogOutputStream:75 - [STDERR_REDIRECT] 
2026-04-29 07:26:17,951 [ERROR] LogOutputStream:75 - [STDERR_REDIRECT] [Fatal Error] :1:1: Premature end of file.
2026-04-29 07:26:17,951 [ERROR] LogOutputStream:75 - [STDERR_REDIRECT] 
2026-04-29 07:26:18,948 [ERROR] LogOutputStream:75 - [STDERR_REDIRECT] [Fatal Error] :1:1: Premature end of file.
2026-04-29 07:26:18,948 [ERROR] LogOutputStream:75 - [STDERR_REDIRECT] 
2026-04-29 07:26:19,941 [ERROR] LogOutputStream:75 - [STDERR_REDIRECT] [Fatal Error] :1:1: Premature end of file.
2026-04-29 07:26:19,941 [ERROR] LogOutputStream:75 - [STDERR_REDIRECT] 
2026-04-29 07:26:20,949 [ERROR] LogOutputStream:75 - [STDERR_REDIRECT] [Fatal Error] :1:1: Premature end of file.
2026-04-29 07:26:20,949 [ERROR] LogOutputStream:75 - [STDERR_REDIRECT] 
2026-04-29 07:26:21,943 [ERROR] LogOutputStream:75 - [STDERR_REDIRECT] [Fatal Error] :1:1: Premature end of file.
2026-04-29 07:26:21,943 [ERROR] LogOutputStream:75 - [STDERR_REDIRECT] 
2026-04-29 07:26:22,946 [ERROR] LogOutputStream:75 - [STDERR_REDIRECT] [Fatal Error] :1:1: Premature end of file.
2026-04-29 07:26:22,946 [ERROR] LogOutputStream:75 - [STDERR_REDIRECT] 
2026-04-29 07:26:23,942 [ERROR] LogOutputStream:75 - [STDERR_REDIRECT] [Fatal Error] :1:1: Premature end of file.
2026-04-29 07:26:23,942 [ERROR] LogOutputStream:75 - [STDERR_REDIRECT] 
2026-04-29 07:26:24,942 [ERROR] LogOutputStream:75 - [STDERR_REDIRECT] [Fatal Error] :1:1: Premature end of file.
2026-04-29 07:26:24,943 [ERROR] LogOutputStream:75 - [STDERR_REDIRECT] 
2026-04-29 07:26:25,953 [ERROR] LogOutputStream:75 - [STDERR_REDIRECT] [Fatal Error] :1:1: Premature end of file.
2026-04-29 07:26:25,953 [ERROR] LogOutputStream:75 - [STDERR_REDIRECT] 
2026-04-29 07:26:26,946 [ERROR] LogOutputStream:75 - [STDERR_REDIRECT] [Fatal Error] :1:1: Premature end of file.
2026-04-29 07:26:26,946 [ERROR] LogOutputStream:75 - [STDERR_REDIRECT] 
2026-04-29 07:26:27,942 [ERROR] LogOutputStream:75 - [STDERR_REDIRECT] [Fatal Error] :1:1: Premature end of file.
2026-04-29 07:26:27,942 [ERROR] LogOutputStream:75 - [STDERR_REDIRECT] 
2026-04-29 07:26:28,944 [ERROR] LogOutputStream:75 - [STDERR_REDIRECT] [Fatal Error] :1:1: Premature end of file.
2026-04-29 07:26:28,944 [ERROR] LogOutputStream:75 - [STDERR_REDIRECT] 
2026-04-29 07:26:29,939 [ERROR] LogOutputStream:75 - [STDERR_REDIRECT] [Fatal Error] :1:1: Premature end of file.
2026-04-29 07:26:29,939 [ERROR] LogOutputStream:75 - [STDERR_REDIRECT] 
2026-04-29 07:26:30,940 [ERROR] LogOutputStream:75 - [STDERR_REDIRECT] [Fatal Error] :1:1: Premature end of file.
2026-04-29 07:26:30,940 [ERROR] LogOutputStream:75 - [STDERR_REDIRECT] 
2026-04-29 07:26:31,938 [ERROR] LogOutputStream:75 - [STDERR_REDIRECT] [Fatal Error] :1:1: Premature end of file.
2026-04-29 07:26:31,938 [ERROR] LogOutputStream:75 - [STDERR_REDIRECT] 
2026-04-29 07:26:32,942 [ERROR] LogOutputStream:75 - [STDERR_REDIRECT] [Fatal Error] :1:1: Premature end of file.
2026-04-29 07:26:32,942 [ERROR] LogOutputStream:75 - [STDERR_REDIRECT] 
2026-04-29 07:26:33,945 [ERROR] LogOutputStream:75 - [STDERR_REDIRECT] [Fatal Error] :1:1: Premature end of file.
2026-04-29 07:26:33,945 [ERROR] LogOutputStream:75 - [STDERR_REDIRECT] 
2026-04-29 07:26:34,941 [ERROR] LogOutputStream:75 - [STDERR_REDIRECT] [Fatal Error] :1:1: Premature end of file.
2026-04-29 07:26:34,941 [ERROR] LogOutputStream:75 - [STDERR_REDIRECT] 
2026-04-29 07:26:35,953 [ERROR] LogOutputStream:75 - [STDERR_REDIRECT] [Fatal Error] :1:1: Premature end of file.
2026-04-29 07:26:35,953 [ERROR] LogOutputStream:75 - [STDERR_REDIRECT] 
2026-04-29 07:26:36,945 [ERROR] LogOutputStream:75 - [STDERR_REDIRECT] [Fatal Error] :1:1: Premature end of file.
2026-04-29 07:26:36,945 [ERROR] LogOutputStream:75 - [STDERR_REDIRECT] 
2026-04-29 07:26:37,945 [ERROR] LogOutputStream:75 - [STDERR_REDIRECT] [Fatal Error] :1:1: Premature end of file.
2026-04-29 07:26:37,945 [ERROR] LogOutputStream:75 - [STDERR_REDIRECT] 
2026-04-29 07:26:38,939 [ERROR] LogOutputStream:75 - [STDERR_REDIRECT] [Fatal Error] :1:1: Premature end of file.
2026-04-29 07:26:38,939 [ERROR] LogOutputStream:75 - [STDERR_REDIRECT] 
2026-04-29 07:26:39,943 [ERROR] LogOutputStream:75 - [STDERR_REDIRECT] [Fatal Error] :1:1: Premature end of file.
2026-04-29 07:26:39,943 [ERROR] LogOutputStream:75 - [STDERR_REDIRECT] 
2026-04-29 07:26:40,933 [ERROR] LogOutputStream:75 - [STDERR_REDIRECT] [Fatal Error] :1:1: Premature end of file.
2026-04-29 07:26:40,934 [ERROR] LogOutputStream:75 - [STDERR_REDIRECT] 
2026-04-29 07:26:41,958 [ERROR] LogOutputStream:75 - [STDERR_REDIRECT] [Fatal Error] :1:1: Premature end of file.
2026-04-29 07:26:41,959 [ERROR] LogOutputStream:75 - [STDERR_REDIRECT] 
2026-04-29 07:26:42,942 [ERROR] LogOutputStream:75 - [STDERR_REDIRECT] [Fatal Error] :1:1: Premature end of file.
2026-04-29 07:26:42,942 [ERROR] LogOutputStream:75 - [STDERR_REDIRECT] 
2026-04-29 07:26:43,943 [ERROR] LogOutputStream:75 - [STDERR_REDIRECT] [Fatal Error] :1:1: Premature end of file.
2026-04-29 07:26:43,943 [ERROR] LogOutputStream:75 - [STDERR_REDIRECT] 
2026-04-29 07:26:44,943 [ERROR] LogOutputStream:75 - [STDERR_REDIRECT] [Fatal Error] :1:1: Premature end of file.
2026-04-29 07:26:44,943 [ERROR] LogOutputStream:75 - [STDERR_REDIRECT] 
2026-04-29 07:26:45,947 [ERROR] LogOutputStream:75 - [STDERR_REDIRECT] [Fatal Error] :1:1: Premature end of file.
2026-04-29 07:26:45,947 [ERROR] LogOutputStream:75 - [STDERR_REDIRECT] 
2026-04-29 07:26:46,944 [ERROR] LogOutputStream:75 - [STDERR_REDIRECT] [Fatal Error] :1:1: Premature end of file.
2026-04-29 07:26:46,944 [ERROR] LogOutputStream:75 - [STDERR_REDIRECT] 
2026-04-29 07:26:47,934 [ERROR] LogOutputStream:75 - [STDERR_REDIRECT] [Fatal Error] :1:1: Premature end of file.
2026-04-29 07:26:47,934 [ERROR] LogOutputStream:75 - [STDERR_REDIRECT] 
2026-04-29 07:26:48,944 [ERROR] LogOutputStream:75 - [STDERR_REDIRECT] [Fatal Error] :1:1: Premature end of file.
2026-04-29 07:26:48,944 [ERROR] LogOutputStream:75 - [STDERR_REDIRECT] 
2026-04-29 07:26:49,943 [ERROR] LogOutputStream:75 - [STDERR_REDIRECT] [Fatal Error] :1:1: Premature end of file.
2026-04-29 07:26:49,943 [ERROR] LogOutputStream:75 - [STDERR_REDIRECT] 
2026-04-29 07:26:50,941 [ERROR] LogOutputStream:75 - [STDERR_REDIRECT] [Fatal Error] :1:1: Premature end of file.
2026-04-29 07:26:50,941 [ERROR] LogOutputStream:75 - [STDERR_REDIRECT] 
2026-04-29 07:26:51,948 [ERROR] LogOutputStream:75 - [STDERR_REDIRECT] [Fatal Error] :1:1: Premature end of file.
2026-04-29 07:26:51,948 [ERROR] LogOutputStream:75 - [STDERR_REDIRECT] 
2026-04-29 07:26:52,937 [ERROR] LogOutputStream:75 - [STDERR_REDIRECT] [Fatal Error] :1:1: Premature end of file.
2026-04-29 07:26:52,937 [ERROR] LogOutputStream:75 - [STDERR_REDIRECT] 
2026-04-29 07:26:53,940 [ERROR] LogOutputStream:75 - [STDERR_REDIRECT] [Fatal Error] :1:1: Premature end of file.
2026-04-29 07:26:53,941 [ERROR] LogOutputStream:75 - [STDERR_REDIRECT] 
2026-04-29 07:26:54,943 [ERROR] LogOutputStream:75 - [STDERR_REDIRECT] [Fatal Error] :1:1: Premature end of file.
2026-04-29 07:26:54,943 [ERROR] LogOutputStream:75 - [STDERR_REDIRECT] 
2026-04-29 07:26:55,947 [ERROR] LogOutputStream:75 - [STDERR_REDIRECT] [Fatal Error] :1:1: Premature end of file.
2026-04-29 07:26:55,947 [ERROR] LogOutputStream:75 - [STDERR_REDIRECT] 
2026-04-29 07:26:56,944 [ERROR] LogOutputStream:75 - [STDERR_REDIRECT] [Fatal Error] :1:1: Premature end of file.
2026-04-29 07:26:56,944 [ERROR] LogOutputStream:75 - [STDERR_REDIRECT] 
2026-04-29 07:26:57,941 [ERROR] LogOutputStream:75 - [STDERR_REDIRECT] [Fatal Error] :1:1: Premature end of file.
2026-04-29 07:26:57,941 [ERROR] LogOutputStream:75 - [STDERR_REDIRECT] 
2026-04-29 07:26:58,945 [ERROR] LogOutputStream:75 - [STDERR_REDIRECT] [Fatal Error] :1:1: Premature end of file.
2026-04-29 07:26:58,946 [ERROR] LogOutputStream:75 - [STDERR_REDIRECT] 
2026-04-29 07:26:59,951 [ERROR] LogOutputStream:75 - [STDERR_REDIRECT] [Fatal Error] :1:1: Premature end of file.
2026-04-29 07:26:59,951 [ERROR] LogOutputStream:75 - [STDERR_REDIRECT] 
2026-04-29 07:27:00,955 [ERROR] LogOutputStream:75 - [STDERR_REDIRECT] [Fatal Error] :1:1: Premature end of file.
2026-04-29 07:27:00,955 [ERROR] LogOutputStream:75 - [STDERR_REDIRECT] 
2026-04-29 07:27:01,957 [ERROR] LogOutputStream:75 - [STDERR_REDIRECT] [Fatal Error] :1:1: Premature end of file.
2026-04-29 07:27:01,957 [ERROR] LogOutputStream:75 - [STDERR_REDIRECT] 
2026-04-29 07:27:02,942 [ERROR] LogOutputStream:75 - [STDERR_REDIRECT] [Fatal Error] :1:1: Premature end of file.
2026-04-29 07:27:02,942 [ERROR] LogOutputStream:75 - [STDERR_REDIRECT] 
2026-04-29 07:27:03,939 [ERROR] LogOutputStream:75 - [STDERR_REDIRECT] [Fatal Error] :1:1: Premature end of file.
2026-04-29 07:27:03,940 [ERROR] LogOutputStream:75 - [STDERR_REDIRECT] 
2026-04-29 07:27:04,952 [ERROR] LogOutputStream:75 - [STDERR_REDIRECT] [Fatal Error] :1:1: Premature end of file.
2026-04-29 07:27:04,952 [ERROR] LogOutputStream:75 - [STDERR_REDIRECT] 
2026-04-29 07:27:05,954 [ERROR] LogOutputStream:75 - [STDERR_REDIRECT] [Fatal Error] :1:1: Premature end of file.
2026-04-29 07:27:05,954 [ERROR] LogOutputStream:75 - [STDERR_REDIRECT] 
2026-04-29 07:27:06,947 [ERROR] LogOutputStream:75 - [STDERR_REDIRECT] [Fatal Error] :1:1: Premature end of file.
2026-04-29 07:27:06,948 [ERROR] LogOutputStream:75 - [STDERR_REDIRECT] 
2026-04-29 07:27:07,948 [ERROR] LogOutputStream:75 - [STDERR_REDIRECT] [Fatal Error] :1:1: Premature end of file.
2026-04-29 07:27:07,948 [ERROR] LogOutputStream:75 - [STDERR_REDIRECT] 
2026-04-29 07:27:08,942 [ERROR] LogOutputStream:75 - [STDERR_REDIRECT] [Fatal Error] :1:1: Premature end of file.
2026-04-29 07:27:08,943 [ERROR] LogOutputStream:75 - [STDERR_REDIRECT] 
2026-04-29 07:27:09,941 [ERROR] LogOutputStream:75 - [STDERR_REDIRECT] [Fatal Error] :1:1: Premature end of file.
2026-04-29 07:27:09,941 [ERROR] LogOutputStream:75 - [STDERR_REDIRECT] 
2026-04-29 07:27:10,945 [ERROR] LogOutputStream:75 - [STDERR_REDIRECT] [Fatal Error] :1:1: Premature end of file.
2026-04-29 07:27:10,945 [ERROR] LogOutputStream:75 - [STDERR_REDIRECT] 
2026-04-29 07:27:11,947 [ERROR] LogOutputStream:75 - [STDERR_REDIRECT] [Fatal Error] :1:1: Premature end of file.
2026-04-29 07:27:11,947 [ERROR] LogOutputStream:75 - [STDERR_REDIRECT] 
2026-04-29 07:27:12,939 [ERROR] LogOutputStream:75 - [STDERR_REDIRECT] [Fatal Error] :1:1: Premature end of file.
2026-04-29 07:27:12,939 [ERROR] LogOutputStream:75 - [STDERR_REDIRECT] 
2026-04-29 07:27:13,946 [ERROR] LogOutputStream:75 - [STDERR_REDIRECT] [Fatal Error] :1:1: Premature end of file.
2026-04-29 07:27:13,946 [ERROR] LogOutputStream:75 - [STDERR_REDIRECT] 
2026-04-29 07:27:14,946 [ERROR] LogOutputStream:75 - [STDERR_REDIRECT] [Fatal Error] :1:1: Premature end of file.
2026-04-29 07:27:14,946 [ERROR] LogOutputStream:75 - [STDERR_REDIRECT] 
2026-04-29 07:27:15,949 [ERROR] LogOutputStream:75 - [STDERR_REDIRECT] [Fatal Error] :1:1: Premature end of file.
2026-04-29 07:27:15,949 [ERROR] LogOutputStream:75 - [STDERR_REDIRECT] 
2026-04-29 07:27:16,939 [ERROR] LogOutputStream:75 - [STDERR_REDIRECT] [Fatal Error] :1:1: Premature end of file.
2026-04-29 07:27:16,939 [ERROR] LogOutputStream:75 - [STDERR_REDIRECT] 
2026-04-29 07:27:17,949 [ERROR] LogOutputStream:75 - [STDERR_REDIRECT] [Fatal Error] :1:1: Premature end of file.
2026-04-29 07:27:17,949 [ERROR] LogOutputStream:75 - [STDERR_REDIRECT] 
2026-04-29 07:27:18,944 [ERROR] LogOutputStream:75 - [STDERR_REDIRECT] [Fatal Error] :1:1: Premature end of file.
2026-04-29 07:27:18,944 [ERROR] LogOutputStream:75 - [STDERR_REDIRECT] 
2026-04-29 07:27:19,946 [ERROR] LogOutputStream:75 - [STDERR_REDIRECT] [Fatal Error] :1:1: Premature end of file.
2026-04-29 07:27:19,946 [ERROR] LogOutputStream:75 - [STDERR_REDIRECT] 
2026-04-29 07:27:20,946 [ERROR] LogOutputStream:75 - [STDERR_REDIRECT] [Fatal Error] :1:1: Premature end of file.
2026-04-29 07:27:20,946 [ERROR] LogOutputStream:75 - [STDERR_REDIRECT] 
2026-04-29 07:27:21,940 [ERROR] LogOutputStream:75 - [STDERR_REDIRECT] [Fatal Error] :1:1: Premature end of file.
2026-04-29 07:27:21,940 [ERROR] LogOutputStream:75 - [STDERR_REDIRECT] 
2026-04-29 07:27:22,941 [ERROR] LogOutputStream:75 - [STDERR_REDIRECT] [Fatal Error] :1:1: Premature end of file.
2026-04-29 07:27:22,941 [ERROR] LogOutputStream:75 - [STDERR_REDIRECT] 
2026-04-29 07:27:23,945 [ERROR] LogOutputStream:75 - [STDERR_REDIRECT] [Fatal Error] :1:1: Premature end of file.
2026-04-29 07:27:23,945 [ERROR] LogOutputStream:75 - [STDERR_REDIRECT] 
2026-04-29 07:27:24,946 [ERROR] LogOutputStream:75 - [STDERR_REDIRECT] [Fatal Error] :1:1: Premature end of file.
2026-04-29 07:27:24,946 [ERROR] LogOutputStream:75 - [STDERR_REDIRECT] 
2026-04-29 07:27:25,971 [ERROR] LogOutputStream:75 - [STDERR_REDIRECT] [Fatal Error] :1:1: Premature end of file.
2026-04-29 07:27:25,971 [ERROR] LogOutputStream:75 - [STDERR_REDIRECT] 
2026-04-29 07:27:26,938 [ERROR] LogOutputStream:75 - [STDERR_REDIRECT] [Fatal Error] :1:1: Premature end of file.
2026-04-29 07:27:26,938 [ERROR] LogOutputStream:75 - [STDERR_REDIRECT] 
2026-04-29 07:27:27,947 [ERROR] LogOutputStream:75 - [STDERR_REDIRECT] [Fatal Error] :1:1: Premature end of file.
2026-04-29 07:27:27,947 [ERROR] LogOutputStream:75 - [STDERR_REDIRECT] 
2026-04-29 07:27:28,950 [ERROR] LogOutputStream:75 - [STDERR_REDIRECT] [Fatal Error] :1:1: Premature end of file.
2026-04-29 07:27:28,950 [ERROR] LogOutputStream:75 - [STDERR_REDIRECT] 
2026-04-29 07:27:29,941 [ERROR] LogOutputStream:75 - [STDERR_REDIRECT] [Fatal Error] :1:1: Premature end of file.
2026-04-29 07:27:29,941 [ERROR] LogOutputStream:75 - [STDERR_REDIRECT] 
2026-04-29 07:27:30,942 [ERROR] LogOutputStream:75 - [STDERR_REDIRECT] [Fatal Error] :1:1: Premature end of file.
2026-04-29 07:27:30,942 [ERROR] LogOutputStream:75 - [STDERR_REDIRECT] 
2026-04-29 07:27:31,940 [ERROR] LogOutputStream:75 - [STDERR_REDIRECT] [Fatal Error] :1:1: Premature end of file.
2026-04-29 07:27:31,940 [ERROR] LogOutputStream:75 - [STDERR_REDIRECT] 
2026-04-29 07:27:32,936 [ERROR] LogOutputStream:75 - [STDERR_REDIRECT] [Fatal Error] :1:1: Premature end of file.
2026-04-29 07:27:32,937 [ERROR] LogOutputStream:75 - [STDERR_REDIRECT] 
2026-04-29 07:27:33,941 [ERROR] LogOutputStream:75 - [STDERR_REDIRECT] [Fatal Error] :1:1: Premature end of file.
2026-04-29 07:27:33,941 [ERROR] LogOutputStream:75 - [STDERR_REDIRECT] 
2026-04-29 07:27:34,943 [ERROR] LogOutputStream:75 - [STDERR_REDIRECT] [Fatal Error] :1:1: Premature end of file.
2026-04-29 07:27:34,943 [ERROR] LogOutputStream:75 - [STDERR_REDIRECT] 
2026-04-29 07:27:35,952 [ERROR] LogOutputStream:75 - [STDERR_REDIRECT] [Fatal Error] :1:1: Premature end of file.
2026-04-29 07:27:35,952 [ERROR] LogOutputStream:75 - [STDERR_REDIRECT] 
2026-04-29 07:27:36,933 [ERROR] LogOutputStream:75 - [STDERR_REDIRECT] [Fatal Error] :1:1: Premature end of file.
2026-04-29 07:27:36,933 [ERROR] LogOutputStream:75 - [STDERR_REDIRECT] 
2026-04-29 07:27:37,945 [ERROR] LogOutputStream:75 - [STDERR_REDIRECT] [Fatal Error] :1:1: Premature end of file.
2026-04-29 07:27:37,945 [ERROR] LogOutputStream:75 - [STDERR_REDIRECT] 
2026-04-29 07:27:38,941 [ERROR] LogOutputStream:75 - [STDERR_REDIRECT] [Fatal Error] :1:1: Premature end of file.
2026-04-29 07:27:38,941 [ERROR] LogOutputStream:75 - [STDERR_REDIRECT] 
2026-04-29 07:27:39,943 [ERROR] LogOutputStream:75 - [STDERR_REDIRECT] [Fatal Error] :1:1: Premature end of file.
2026-04-29 07:27:39,943 [ERROR] LogOutputStream:75 - [STDERR_REDIRECT] 
2026-04-29 07:27:40,945 [ERROR] LogOutputStream:75 - [STDERR_REDIRECT] [Fatal Error] :1:1: Premature end of file.
2026-04-29 07:27:40,946 [ERROR] LogOutputStream:75 - [STDERR_REDIRECT] 
2026-04-29 07:27:41,943 [ERROR] LogOutputStream:75 - [STDERR_REDIRECT] [Fatal Error] :1:1: Premature end of file.
2026-04-29 07:27:41,943 [ERROR] LogOutputStream:75 - [STDERR_REDIRECT] 
2026-04-29 07:27:42,935 [ERROR] LogOutputStream:75 - [STDERR_REDIRECT] [Fatal Error] :1:1: Premature end of file.
2026-04-29 07:27:42,935 [ERROR] LogOutputStream:75 - [STDERR_REDIRECT] 
2026-04-29 07:27:43,934 [ERROR] LogOutputStream:75 - [STDERR_REDIRECT] [Fatal Error] :1:1: Premature end of file.
2026-04-29 07:27:43,934 [ERROR] LogOutputStream:75 - [STDERR_REDIRECT] 
2026-04-29 07:27:44,932 [ERROR] LogOutputStream:75 - [STDERR_REDIRECT] [Fatal Error] :1:1: Premature end of file.
2026-04-29 07:27:44,933 [ERROR] LogOutputStream:75 - [STDERR_REDIRECT] 
2026-04-29 07:27:45,939 [ERROR] LogOutputStream:75 - [STDERR_REDIRECT] [Fatal Error] :1:1: Premature end of file.
2026-04-29 07:27:45,939 [ERROR] LogOutputStream:75 - [STDERR_REDIRECT] 
2026-04-29 07:27:46,948 [ERROR] LogOutputStream:75 - [STDERR_REDIRECT] [Fatal Error] :1:1: Premature end of file.
2026-04-29 07:27:46,948 [ERROR] LogOutputStream:75 - [STDERR_REDIRECT] 
2026-04-29 07:27:47,939 [ERROR] LogOutputStream:75 - [STDERR_REDIRECT] [Fatal Error] :1:1: Premature end of file.
2026-04-29 07:27:47,939 [ERROR] LogOutputStream:75 - [STDERR_REDIRECT] 
2026-04-29 07:27:48,937 [ERROR] LogOutputStream:75 - [STDERR_REDIRECT] [Fatal Error] :1:1: Premature end of file.
2026-04-29 07:27:48,937 [ERROR] LogOutputStream:75 - [STDERR_REDIRECT] 
2026-04-29 07:27:49,940 [ERROR] LogOutputStream:75 - [STDERR_REDIRECT] [Fatal Error] :1:1: Premature end of file.
2026-04-29 07:27:49,940 [ERROR] LogOutputStream:75 - [STDERR_REDIRECT] 
2026-04-29 07:27:50,949 [ERROR] LogOutputStream:75 - [STDERR_REDIRECT] [Fatal Error] :1:1: Premature end of file.
2026-04-29 07:27:50,949 [ERROR] LogOutputStream:75 - [STDERR_REDIRECT] 
2026-04-29 07:27:51,948 [ERROR] LogOutputStream:75 - [STDERR_REDIRECT] [Fatal Error] :1:1: Premature end of file.
2026-04-29 07:27:51,948 [ERROR] LogOutputStream:75 - [STDERR_REDIRECT] 
2026-04-29 07:27:52,940 [ERROR] LogOutputStream:75 - [STDERR_REDIRECT] [Fatal Error] :1:1: Premature end of file.
2026-04-29 07:27:52,940 [ERROR] LogOutputStream:75 - [STDERR_REDIRECT] 
2026-04-29 07:27:53,934 [ERROR] LogOutputStream:75 - [STDERR_REDIRECT] [Fatal Error] :1:1: Premature end of file.
2026-04-29 07:27:53,934 [ERROR] LogOutputStream:75 - [STDERR_REDIRECT] 
2026-04-29 07:27:54,936 [ERROR] LogOutputStream:75 - [STDERR_REDIRECT] [Fatal Error] :1:1: Premature end of file.
2026-04-29 07:27:54,936 [ERROR] LogOutputStream:75 - [STDERR_REDIRECT] 
2026-04-29 07:27:55,949 [ERROR] LogOutputStream:75 - [STDERR_REDIRECT] [Fatal Error] :1:1: Premature end of file.
2026-04-29 07:27:55,949 [ERROR] LogOutputStream:75 - [STDERR_REDIRECT] 
2026-04-29 07:27:56,941 [ERROR] LogOutputStream:75 - [STDERR_REDIRECT] [Fatal Error] :1:1: Premature end of file.
2026-04-29 07:27:56,941 [ERROR] LogOutputStream:75 - [STDERR_REDIRECT] 
2026-04-29 07:27:57,948 [ERROR] LogOutputStream:75 - [STDERR_REDIRECT] [Fatal Error] :1:1: Premature end of file.
2026-04-29 07:27:57,948 [ERROR] LogOutputStream:75 - [STDERR_REDIRECT] 
2026-04-29 07:27:58,943 [ERROR] LogOutputStream:75 - [STDERR_REDIRECT] [Fatal Error] :1:1: Premature end of file.
2026-04-29 07:27:58,943 [ERROR] LogOutputStream:75 - [STDERR_REDIRECT] 
2026-04-29 07:27:59,940 [ERROR] LogOutputStream:75 - [STDERR_REDIRECT] [Fatal Error] :1:1: Premature end of file.
2026-04-29 07:27:59,940 [ERROR] LogOutputStream:75 - [STDERR_REDIRECT] 
2026-04-29 07:28:00,935 [ERROR] LogOutputStream:75 - [STDERR_REDIRECT] [Fatal Error] :1:1: Premature end of file.
2026-04-29 07:28:00,935 [ERROR] LogOutputStream:75 - [STDERR_REDIRECT] 
2026-04-29 07:28:01,941 [ERROR] LogOutputStream:75 - [STDERR_REDIRECT] [Fatal Error] :1:1: Premature end of file.
2026-04-29 07:28:01,941 [ERROR] LogOutputStream:75 - [STDERR_REDIRECT] 
2026-04-29 07:28:02,947 [ERROR] LogOutputStream:75 - [STDERR_REDIRECT] [Fatal Error] :1:1: Premature end of file.
2026-04-29 07:28:02,947 [ERROR] LogOutputStream:75 - [STDERR_REDIRECT] 
2026-04-29 07:28:03,946 [ERROR] LogOutputStream:75 - [STDERR_REDIRECT] [Fatal Error] :1:1: Premature end of file.
2026-04-29 07:28:03,946 [ERROR] LogOutputStream:75 - [STDERR_REDIRECT] 
2026-04-29 07:28:04,940 [ERROR] LogOutputStream:75 - [STDERR_REDIRECT] [Fatal Error] :1:1: Premature end of file.
2026-04-29 07:28:04,940 [ERROR] LogOutputStream:75 - [STDERR_REDIRECT] 
2026-04-29 07:28:05,948 [ERROR] LogOutputStream:75 - [STDERR_REDIRECT] [Fatal Error] :1:1: Premature end of file.
2026-04-29 07:28:05,948 [ERROR] LogOutputStream:75 - [STDERR_REDIRECT] 
2026-04-29 07:28:06,936 [ERROR] LogOutputStream:75 - [STDERR_REDIRECT] [Fatal Error] :1:1: Premature end of file.
2026-04-29 07:28:06,936 [ERROR] LogOutputStream:75 - [STDERR_REDIRECT] 
2026-04-29 07:28:07,949 [ERROR] LogOutputStream:75 - [STDERR_REDIRECT] [Fatal Error] :1:1: Premature end of file.
2026-04-29 07:28:07,949 [ERROR] LogOutputStream:75 - [STDERR_REDIRECT] 
2026-04-29 07:28:08,953 [ERROR] LogOutputStream:75 - [STDERR_REDIRECT] [Fatal Error] :1:1: Premature end of file.
2026-04-29 07:28:08,953 [ERROR] LogOutputStream:75 - [STDERR_REDIRECT] 
2026-04-29 07:28:09,945 [ERROR] LogOutputStream:75 - [STDERR_REDIRECT] [Fatal Error] :1:1: Premature end of file.
2026-04-29 07:28:09,945 [ERROR] LogOutputStream:75 - [STDERR_REDIRECT] 
2026-04-29 07:28:10,940 [ERROR] LogOutputStream:75 - [STDERR_REDIRECT] [Fatal Error] :1:1: Premature end of file.
2026-04-29 07:28:10,941 [ERROR] LogOutputStream:75 - [STDERR_REDIRECT] 
2026-04-29 07:28:11,946 [ERROR] LogOutputStream:75 - [STDERR_REDIRECT] [Fatal Error] :1:1: Premature end of file.
2026-04-29 07:28:11,948 [ERROR] LogOutputStream:75 - [STDERR_REDIRECT] 
2026-04-29 07:28:12,944 [ERROR] LogOutputStream:75 - [STDERR_REDIRECT] [Fatal Error] :1:1: Premature end of file.
2026-04-29 07:28:12,944 [ERROR] LogOutputStream:75 - [STDERR_REDIRECT] 
2026-04-29 07:28:13,939 [ERROR] LogOutputStream:75 - [STDERR_REDIRECT] [Fatal Error] :1:1: Premature end of file.
2026-04-29 07:28:13,939 [ERROR] LogOutputStream:75 - [STDERR_REDIRECT] 
2026-04-29 07:28:14,950 [ERROR] LogOutputStream:75 - [STDERR_REDIRECT] [Fatal Error] :1:1: Premature end of file.
2026-04-29 07:28:14,951 [ERROR] LogOutputStream:75 - [STDERR_REDIRECT] 
2026-04-29 07:28:15,956 [ERROR] LogOutputStream:75 - [STDERR_REDIRECT] [Fatal Error] :1:1: Premature end of file.
2026-04-29 07:28:15,956 [ERROR] LogOutputStream:75 - [STDERR_REDIRECT] 
2026-04-29 07:28:16,938 [ERROR] LogOutputStream:75 - [STDERR_REDIRECT] [Fatal Error] :1:1: Premature end of file.
2026-04-29 07:28:16,938 [ERROR] LogOutputStream:75 - [STDERR_REDIRECT] 
2026-04-29 07:28:17,951 [ERROR] LogOutputStream:75 - [STDERR_REDIRECT] [Fatal Error] :1:1: Premature end of file.
2026-04-29 07:28:17,951 [ERROR] LogOutputStream:75 - [STDERR_REDIRECT] 
2026-04-29 07:28:18,938 [ERROR] LogOutputStream:75 - [STDERR_REDIRECT] [Fatal Error] :1:1: Premature end of file.
2026-04-29 07:28:18,938 [ERROR] LogOutputStream:75 - [STDERR_REDIRECT] 
2026-04-29 07:28:19,943 [ERROR] LogOutputStream:75 - [STDERR_REDIRECT] [Fatal Error] :1:1: Premature end of file.
2026-04-29 07:28:19,943 [ERROR] LogOutputStream:75 - [STDERR_REDIRECT] 
2026-04-29 07:28:20,957 [ERROR] LogOutputStream:75 - [STDERR_REDIRECT] [Fatal Error] :1:1: Premature end of file.
2026-04-29 07:28:20,957 [ERROR] LogOutputStream:75 - [STDERR_REDIRECT] 
2026-04-29 07:28:21,944 [ERROR] LogOutputStream:75 - [STDERR_REDIRECT] [Fatal Error] :1:1: Premature end of file.
2026-04-29 07:28:21,944 [ERROR] LogOutputStream:75 - [STDERR_REDIRECT] 
2026-04-29 07:28:22,935 [ERROR] LogOutputStream:75 - [STDERR_REDIRECT] [Fatal Error] :1:1: Premature end of file.
2026-04-29 07:28:22,935 [ERROR] LogOutputStream:75 - [STDERR_REDIRECT] 
2026-04-29 07:28:23,951 [ERROR] LogOutputStream:75 - [STDERR_REDIRECT] [Fatal Error] :1:1: Premature end of file.
2026-04-29 07:28:23,951 [ERROR] LogOutputStream:75 - [STDERR_REDIRECT] 
2026-04-29 07:28:24,942 [ERROR] LogOutputStream:75 - [STDERR_REDIRECT] [Fatal Error] :1:1: Premature end of file.
2026-04-29 07:28:24,943 [ERROR] LogOutputStream:75 - [STDERR_REDIRECT] 
2026-04-29 07:28:25,946 [ERROR] LogOutputStream:75 - [STDERR_REDIRECT] [Fatal Error] :1:1: Premature end of file.
2026-04-29 07:28:25,946 [ERROR] LogOutputStream:75 - [STDERR_REDIRECT] 
2026-04-29 07:28:26,944 [ERROR] LogOutputStream:75 - [STDERR_REDIRECT] [Fatal Error] :1:1: Premature end of file.
2026-04-29 07:28:26,944 [ERROR] LogOutputStream:75 - [STDERR_REDIRECT] 
2026-04-29 07:28:27,939 [ERROR] LogOutputStream:75 - [STDERR_REDIRECT] [Fatal Error] :1:1: Premature end of file.
2026-04-29 07:28:27,939 [ERROR] LogOutputStream:75 - [STDERR_REDIRECT] 
2026-04-29 07:28:28,941 [ERROR] LogOutputStream:75 - [STDERR_REDIRECT] [Fatal Error] :1:1: Premature end of file.
2026-04-29 07:28:28,941 [ERROR] LogOutputStream:75 - [STDERR_REDIRECT] 
2026-04-29 07:28:29,941 [ERROR] LogOutputStream:75 - [STDERR_REDIRECT] [Fatal Error] :1:1: Premature end of file.
2026-04-29 07:28:29,941 [ERROR] LogOutputStream:75 - [STDERR_REDIRECT] 
2026-04-29 07:28:30,942 [ERROR] LogOutputStream:75 - [STDERR_REDIRECT] [Fatal Error] :1:1: Premature end of file.
2026-04-29 07:28:30,942 [ERROR] LogOutputStream:75 - [STDERR_REDIRECT] 
2026-04-29 07:28:31,939 [ERROR] LogOutputStream:75 - [STDERR_REDIRECT] [Fatal Error] :1:1: Premature end of file.
2026-04-29 07:28:31,939 [ERROR] LogOutputStream:75 - [STDERR_REDIRECT] 
2026-04-29 07:28:32,934 [ERROR] LogOutputStream:75 - [STDERR_REDIRECT] [Fatal Error] :1:1: Premature end of file.
2026-04-29 07:28:32,935 [ERROR] LogOutputStream:75 - [STDERR_REDIRECT] 
2026-04-29 07:28:33,935 [ERROR] LogOutputStream:75 - [STDERR_REDIRECT] [Fatal Error] :1:1: Premature end of file.
2026-04-29 07:28:33,935 [ERROR] LogOutputStream:75 - [STDERR_REDIRECT] 
2026-04-29 07:28:34,952 [ERROR] LogOutputStream:75 - [STDERR_REDIRECT] [Fatal Error] :1:1: Premature end of file.
2026-04-29 07:28:34,953 [ERROR] LogOutputStream:75 - [STDERR_REDIRECT] 
2026-04-29 07:28:35,945 [ERROR] LogOutputStream:75 - [STDERR_REDIRECT] [Fatal Error] :1:1: Premature end of file.
2026-04-29 07:28:35,945 [ERROR] LogOutputStream:75 - [STDERR_REDIRECT] 
2026-04-29 07:28:36,940 [ERROR] LogOutputStream:75 - [STDERR_REDIRECT] [Fatal Error] :1:1: Premature end of file.
2026-04-29 07:28:36,940 [ERROR] LogOutputStream:75 - [STDERR_REDIRECT] 
2026-04-29 07:28:37,945 [ERROR] LogOutputStream:75 - [STDERR_REDIRECT] [Fatal Error] :1:1: Premature end of file.
2026-04-29 07:28:37,945 [ERROR] LogOutputStream:75 - [STDERR_REDIRECT] 
2026-04-29 07:28:38,950 [ERROR] LogOutputStream:75 - [STDERR_REDIRECT] [Fatal Error] :1:1: Premature end of file.
2026-04-29 07:28:38,950 [ERROR] LogOutputStream:75 - [STDERR_REDIRECT] 
2026-04-29 07:28:39,946 [ERROR] LogOutputStream:75 - [STDERR_REDIRECT] [Fatal Error] :1:1: Premature end of file.
2026-04-29 07:28:39,946 [ERROR] LogOutputStream:75 - [STDERR_REDIRECT] 
2026-04-29 07:28:40,946 [ERROR] LogOutputStream:75 - [STDERR_REDIRECT] [Fatal Error] :1:1: Premature end of file.
2026-04-29 07:28:40,946 [ERROR] LogOutputStream:75 - [STDERR_REDIRECT] 
2026-04-29 07:28:41,940 [ERROR] LogOutputStream:75 - [STDERR_REDIRECT] [Fatal Error] :1:1: Premature end of file.
2026-04-29 07:28:41,940 [ERROR] LogOutputStream:75 - [STDERR_REDIRECT] 
2026-04-29 07:28:42,946 [ERROR] LogOutputStream:75 - [STDERR_REDIRECT] [Fatal Error] :1:1: Premature end of file.
2026-04-29 07:28:42,946 [ERROR] LogOutputStream:75 - [STDERR_REDIRECT] 
2026-04-29 07:28:43,941 [ERROR] LogOutputStream:75 - [STDERR_REDIRECT] [Fatal Error] :1:1: Premature end of file.
2026-04-29 07:28:43,941 [ERROR] LogOutputStream:75 - [STDERR_REDIRECT] 
2026-04-29 07:28:44,946 [ERROR] LogOutputStream:75 - [STDERR_REDIRECT] [Fatal Error] :1:1: Premature end of file.
2026-04-29 07:28:44,946 [ERROR] LogOutputStream:75 - [STDERR_REDIRECT] 
2026-04-29 07:28:45,947 [ERROR] LogOutputStream:75 - [STDERR_REDIRECT] [Fatal Error] :1:1: Premature end of file.
2026-04-29 07:28:45,947 [ERROR] LogOutputStream:75 - [STDERR_REDIRECT] 
2026-04-29 07:28:46,947 [ERROR] LogOutputStream:75 - [STDERR_REDIRECT] [Fatal Error] :1:1: Premature end of file.
2026-04-29 07:28:46,947 [ERROR] LogOutputStream:75 - [STDERR_REDIRECT] 
2026-04-29 07:28:47,944 [ERROR] LogOutputStream:75 - [STDERR_REDIRECT] [Fatal Error] :1:1: Premature end of file.
2026-04-29 07:28:47,945 [ERROR] LogOutputStream:75 - [STDERR_REDIRECT] 
2026-04-29 07:28:48,923 [ERROR] LogOutputStream:75 - [STDERR_REDIRECT] [Fatal Error] :1:1: Premature end of file.
2026-04-29 07:28:48,923 [ERROR] LogOutputStream:75 - [STDERR_REDIRECT] 
2026-04-29 07:28:49,946 [ERROR] LogOutputStream:75 - [STDERR_REDIRECT] [Fatal Error] :1:1: Premature end of file.
2026-04-29 07:28:49,946 [ERROR] LogOutputStream:75 - [STDERR_REDIRECT] 
2026-04-29 07:28:50,935 [ERROR] LogOutputStream:75 - [STDERR_REDIRECT] [Fatal Error] :1:1: Premature end of file.
2026-04-29 07:28:50,936 [ERROR] LogOutputStream:75 - [STDERR_REDIRECT] 
2026-04-29 07:28:51,946 [ERROR] LogOutputStream:75 - [STDERR_REDIRECT] [Fatal Error] :1:1: Premature end of file.
2026-04-29 07:28:51,946 [ERROR] LogOutputStream:75 - [STDERR_REDIRECT] 
2026-04-29 07:28:52,922 [ERROR] LogOutputStream:75 - [STDERR_REDIRECT] [Fatal Error] :1:1: Premature end of file.
2026-04-29 07:28:52,922 [ERROR] LogOutputStream:75 - [STDERR_REDIRECT] 
2026-04-29 07:28:53,955 [ERROR] LogOutputStream:75 - [STDERR_REDIRECT] [Fatal Error] :1:1: Premature end of file.
2026-04-29 07:28:53,955 [ERROR] LogOutputStream:75 - [STDERR_REDIRECT] 
2026-04-29 07:28:54,947 [ERROR] LogOutputStream:75 - [STDERR_REDIRECT] [Fatal Error] :1:1: Premature end of file.
2026-04-29 07:28:54,947 [ERROR] LogOutputStream:75 - [STDERR_REDIRECT] 
2026-04-29 07:28:55,945 [ERROR] LogOutputStream:75 - [STDERR_REDIRECT] [Fatal Error] :1:1: Premature end of file.
2026-04-29 07:28:55,946 [ERROR] LogOutputStream:75 - [STDERR_REDIRECT] 
2026-04-29 07:28:56,947 [ERROR] LogOutputStream:75 - [STDERR_REDIRECT] [Fatal Error] :1:1: Premature end of file.
2026-04-29 07:28:56,947 [ERROR] LogOutputStream:75 - [STDERR_REDIRECT] 
2026-04-29 07:28:57,944 [ERROR] LogOutputStream:75 - [STDERR_REDIRECT] [Fatal Error] :1:1: Premature end of file.
2026-04-29 07:28:57,945 [ERROR] LogOutputStream:75 - [STDERR_REDIRECT] 
2026-04-29 07:28:58,948 [ERROR] LogOutputStream:75 - [STDERR_REDIRECT] [Fatal Error] :1:1: Premature end of file.
2026-04-29 07:28:58,948 [ERROR] LogOutputStream:75 - [STDERR_REDIRECT] 
2026-04-29 07:28:59,943 [ERROR] LogOutputStream:75 - [STDERR_REDIRECT] [Fatal Error] :1:1: Premature end of file.
2026-04-29 07:28:59,943 [ERROR] LogOutputStream:75 - [STDERR_REDIRECT] 
2026-04-29 07:29:00,942 [ERROR] LogOutputStream:75 - [STDERR_REDIRECT] [Fatal Error] :1:1: Premature end of file.
2026-04-29 07:29:00,942 [ERROR] LogOutputStream:75 - [STDERR_REDIRECT] 
2026-04-29 07:29:01,945 [ERROR] LogOutputStream:75 - [STDERR_REDIRECT] [Fatal Error] :1:1: Premature end of file.
2026-04-29 07:29:01,945 [ERROR] LogOutputStream:75 - [STDERR_REDIRECT] 
2026-04-29 07:29:02,941 [ERROR] LogOutputStream:75 - [STDERR_REDIRECT] [Fatal Error] :1:1: Premature end of file.
2026-04-29 07:29:02,941 [ERROR] LogOutputStream:75 - [STDERR_REDIRECT] 
2026-04-29 07:29:03,939 [ERROR] LogOutputStream:75 - [STDERR_REDIRECT] [Fatal Error] :1:1: Premature end of file.
2026-04-29 07:29:03,939 [ERROR] LogOutputStream:75 - [STDERR_REDIRECT] 
2026-04-29 07:29:04,942 [ERROR] LogOutputStream:75 - [STDERR_REDIRECT] [Fatal Error] :1:1: Premature end of file.
2026-04-29 07:29:04,943 [ERROR] LogOutputStream:75 - [STDERR_REDIRECT] 
2026-04-29 07:29:05,945 [ERROR] LogOutputStream:75 - [STDERR_REDIRECT] [Fatal Error] :1:1: Premature end of file.
2026-04-29 07:29:05,945 [ERROR] LogOutputStream:75 - [STDERR_REDIRECT] 
2026-04-29 07:29:06,943 [ERROR] LogOutputStream:75 - [STDERR_REDIRECT] [Fatal Error] :1:1: Premature end of file.
2026-04-29 07:29:06,943 [ERROR] LogOutputStream:75 - [STDERR_REDIRECT] 
2026-04-29 07:29:07,942 [ERROR] LogOutputStream:75 - [STDERR_REDIRECT] [Fatal Error] :1:1: Premature end of file.
2026-04-29 07:29:07,942 [ERROR] LogOutputStream:75 - [STDERR_REDIRECT] 
2026-04-29 07:29:08,945 [ERROR] LogOutputStream:75 - [STDERR_REDIRECT] [Fatal Error] :1:1: Premature end of file.
2026-04-29 07:29:08,945 [ERROR] LogOutputStream:75 - [STDERR_REDIRECT] 
2026-04-29 07:29:09,939 [ERROR] LogOutputStream:75 - [STDERR_REDIRECT] [Fatal Error] :1:1: Premature end of file.
2026-04-29 07:29:09,939 [ERROR] LogOutputStream:75 - [STDERR_REDIRECT] 
2026-04-29 07:29:10,944 [ERROR] LogOutputStream:75 - [STDERR_REDIRECT] [Fatal Error] :1:1: Premature end of file.
2026-04-29 07:29:10,944 [ERROR] LogOutputStream:75 - [STDERR_REDIRECT] 
2026-04-29 07:29:11,950 [ERROR] LogOutputStream:75 - [STDERR_REDIRECT] [Fatal Error] :1:1: Premature end of file.
2026-04-29 07:29:11,950 [ERROR] LogOutputStream:75 - [STDERR_REDIRECT] 
2026-04-29 07:29:12,940 [ERROR] LogOutputStream:75 - [STDERR_REDIRECT] [Fatal Error] :1:1: Premature end of file.
2026-04-29 07:29:12,940 [ERROR] LogOutputStream:75 - [STDERR_REDIRECT] 
2026-04-29 07:29:13,946 [ERROR] LogOutputStream:75 - [STDERR_REDIRECT] [Fatal Error] :1:1: Premature end of file.
2026-04-29 07:29:13,946 [ERROR] LogOutputStream:75 - [STDERR_REDIRECT] 
2026-04-29 07:29:14,945 [ERROR] LogOutputStream:75 - [STDERR_REDIRECT] [Fatal Error] :1:1: Premature end of file.
2026-04-29 07:29:14,945 [ERROR] LogOutputStream:75 - [STDERR_REDIRECT] 
2026-04-29 07:29:15,947 [ERROR] LogOutputStream:75 - [STDERR_REDIRECT] [Fatal Error] :1:1: Premature end of file.
2026-04-29 07:29:15,947 [ERROR] LogOutputStream:75 - [STDERR_REDIRECT] 
2026-04-29 07:29:16,941 [ERROR] LogOutputStream:75 - [STDERR_REDIRECT] [Fatal Error] :1:1: Premature end of file.
2026-04-29 07:29:16,942 [ERROR] LogOutputStream:75 - [STDERR_REDIRECT] 
2026-04-29 07:29:17,942 [ERROR] LogOutputStream:75 - [STDERR_REDIRECT] [Fatal Error] :1:1: Premature end of file.
2026-04-29 07:29:17,943 [ERROR] LogOutputStream:75 - [STDERR_REDIRECT] 
2026-04-29 07:29:18,949 [ERROR] LogOutputStream:75 - [STDERR_REDIRECT] [Fatal Error] :1:1: Premature end of file.
2026-04-29 07:29:18,949 [ERROR] LogOutputStream:75 - [STDERR_REDIRECT] 
2026-04-29 07:29:19,926 [ERROR] LogOutputStream:75 - [STDERR_REDIRECT] [Fatal Error] :1:1: Premature end of file.
2026-04-29 07:29:19,927 [ERROR] LogOutputStream:75 - [STDERR_REDIRECT] 
2026-04-29 07:29:20,925 [ERROR] LogOutputStream:75 - [STDERR_REDIRECT] [Fatal Error] :1:1: Premature end of file.
2026-04-29 07:29:20,925 [ERROR] LogOutputStream:75 - [STDERR_REDIRECT] 
2026-04-29 07:29:21,940 [ERROR] LogOutputStream:75 - [STDERR_REDIRECT] [Fatal Error] :1:1: Premature end of file.
2026-04-29 07:29:21,940 [ERROR] LogOutputStream:75 - [STDERR_REDIRECT] 
2026-04-29 07:29:22,934 [ERROR] LogOutputStream:75 - [STDERR_REDIRECT] [Fatal Error] :1:1: Premature end of file.
2026-04-29 07:29:22,934 [ERROR] LogOutputStream:75 - [STDERR_REDIRECT] 
2026-04-29 07:29:23,945 [ERROR] LogOutputStream:75 - [STDERR_REDIRECT] [Fatal Error] :1:1: Premature end of file.
2026-04-29 07:29:23,945 [ERROR] LogOutputStream:75 - [STDERR_REDIRECT] 
2026-04-29 07:29:24,944 [ERROR] LogOutputStream:75 - [STDERR_REDIRECT] [Fatal Error] :1:1: Premature end of file.
2026-04-29 07:29:24,944 [ERROR] LogOutputStream:75 - [STDERR_REDIRECT] 
2026-04-29 07:29:25,923 [ERROR] LogOutputStream:75 - [STDERR_REDIRECT] [Fatal Error] :1:1: Premature end of file.
2026-04-29 07:29:25,923 [ERROR] LogOutputStream:75 - [STDERR_REDIRECT] 
2026-04-29 07:29:26,953 [ERROR] LogOutputStream:75 - [STDERR_REDIRECT] [Fatal Error] :1:1: Premature end of file.
2026-04-29 07:29:26,954 [ERROR] LogOutputStream:75 - [STDERR_REDIRECT] 
2026-04-29 07:29:27,947 [ERROR] LogOutputStream:75 - [STDERR_REDIRECT] [Fatal Error] :1:1: Premature end of file.
2026-04-29 07:29:27,947 [ERROR] LogOutputStream:75 - [STDERR_REDIRECT] 
2026-04-29 07:29:28,949 [ERROR] LogOutputStream:75 - [STDERR_REDIRECT] [Fatal Error] :1:1: Premature end of file.
2026-04-29 07:29:28,949 [ERROR] LogOutputStream:75 - [STDERR_REDIRECT] 
2026-04-29 07:29:29,946 [ERROR] LogOutputStream:75 - [STDERR_REDIRECT] [Fatal Error] :1:1: Premature end of file.
2026-04-29 07:29:29,946 [ERROR] LogOutputStream:75 - [STDERR_REDIRECT] 
2026-04-29 07:29:30,934 [ERROR] LogOutputStream:75 - [STDERR_REDIRECT] [Fatal Error] :1:1: Premature end of file.
2026-04-29 07:29:30,934 [ERROR] LogOutputStream:75 - [STDERR_REDIRECT] 
2026-04-29 07:29:31,942 [ERROR] LogOutputStream:75 - [STDERR_REDIRECT] [Fatal Error] :1:1: Premature end of file.
2026-04-29 07:29:31,942 [ERROR] LogOutputStream:75 - [STDERR_REDIRECT] 
2026-04-29 07:29:32,947 [ERROR] LogOutputStream:75 - [STDERR_REDIRECT] [Fatal Error] :1:1: Premature end of file.
2026-04-29 07:29:32,947 [ERROR] LogOutputStream:75 - [STDERR_REDIRECT] 
2026-04-29 07:29:33,943 [ERROR] LogOutputStream:75 - [STDERR_REDIRECT] [Fatal Error] :1:1: Premature end of file.
2026-04-29 07:29:33,944 [ERROR] LogOutputStream:75 - [STDERR_REDIRECT] 
2026-04-29 07:29:34,943 [ERROR] LogOutputStream:75 - [STDERR_REDIRECT] [Fatal Error] :1:1: Premature end of file.
2026-04-29 07:29:34,944 [ERROR] LogOutputStream:75 - [STDERR_REDIRECT] 
2026-04-29 07:29:35,943 [ERROR] LogOutputStream:75 - [STDERR_REDIRECT] [Fatal Error] :1:1: Premature end of file.
2026-04-29 07:29:35,943 [ERROR] LogOutputStream:75 - [STDERR_REDIRECT] 
2026-04-29 07:29:36,941 [ERROR] LogOutputStream:75 - [STDERR_REDIRECT] [Fatal Error] :1:1: Premature end of file.
2026-04-29 07:29:36,941 [ERROR] LogOutputStream:75 - [STDERR_REDIRECT] 
2026-04-29 07:29:37,946 [ERROR] LogOutputStream:75 - [STDERR_REDIRECT] [Fatal Error] :1:1: Premature end of file.
2026-04-29 07:29:37,946 [ERROR] LogOutputStream:75 - [STDERR_REDIRECT] 
2026-04-29 07:29:38,942 [ERROR] LogOutputStream:75 - [STDERR_REDIRECT] [Fatal Error] :1:1: Premature end of file.
2026-04-29 07:29:38,942 [ERROR] LogOutputStream:75 - [STDERR_REDIRECT] 
2026-04-29 07:29:39,941 [ERROR] LogOutputStream:75 - [STDERR_REDIRECT] [Fatal Error] :1:1: Premature end of file.
2026-04-29 07:29:39,942 [ERROR] LogOutputStream:75 - [STDERR_REDIRECT] 
2026-04-29 07:29:40,939 [ERROR] LogOutputStream:75 - [STDERR_REDIRECT] [Fatal Error] :1:1: Premature end of file.
2026-04-29 07:29:40,939 [ERROR] LogOutputStream:75 - [STDERR_REDIRECT] 
2026-04-29 07:29:41,945 [ERROR] LogOutputStream:75 - [STDERR_REDIRECT] [Fatal Error] :1:1: Premature end of file.
2026-04-29 07:29:41,945 [ERROR] LogOutputStream:75 - [STDERR_REDIRECT] 
2026-04-29 07:29:42,946 [ERROR] LogOutputStream:75 - [STDERR_REDIRECT] [Fatal Error] :1:1: Premature end of file.
2026-04-29 07:29:42,946 [ERROR] LogOutputStream:75 - [STDERR_REDIRECT] 
2026-04-29 07:29:43,946 [ERROR] LogOutputStream:75 - [STDERR_REDIRECT] [Fatal Error] :1:1: Premature end of file.
2026-04-29 07:29:43,948 [ERROR] LogOutputStream:75 - [STDERR_REDIRECT] 
2026-04-29 07:29:44,948 [ERROR] LogOutputStream:75 - [STDERR_REDIRECT] [Fatal Error] :1:1: Premature end of file.
2026-04-29 07:29:44,948 [ERROR] LogOutputStream:75 - [STDERR_REDIRECT] 
2026-04-29 07:29:45,952 [ERROR] LogOutputStream:75 - [STDERR_REDIRECT] [Fatal Error] :1:1: Premature end of file.
2026-04-29 07:29:45,952 [ERROR] LogOutputStream:75 - [STDERR_REDIRECT] 
2026-04-29 07:29:46,938 [ERROR] LogOutputStream:75 - [STDERR_REDIRECT] [Fatal Error] :1:1: Premature end of file.
2026-04-29 07:29:46,938 [ERROR] LogOutputStream:75 - [STDERR_REDIRECT] 
2026-04-29 07:29:47,940 [ERROR] LogOutputStream:75 - [STDERR_REDIRECT] [Fatal Error] :1:1: Premature end of file.
2026-04-29 07:29:47,940 [ERROR] LogOutputStream:75 - [STDERR_REDIRECT] 
2026-04-29 07:29:48,942 [ERROR] LogOutputStream:75 - [STDERR_REDIRECT] [Fatal Error] :1:1: Premature end of file.
2026-04-29 07:29:48,943 [ERROR] LogOutputStream:75 - [STDERR_REDIRECT] 
2026-04-29 07:29:49,945 [ERROR] LogOutputStream:75 - [STDERR_REDIRECT] [Fatal Error] :1:1: Premature end of file.
2026-04-29 07:29:49,945 [ERROR] LogOutputStream:75 - [STDERR_REDIRECT] 
2026-04-29 07:29:50,945 [ERROR] LogOutputStream:75 - [STDERR_REDIRECT] [Fatal Error] :1:1: Premature end of file.
2026-04-29 07:29:50,945 [ERROR] LogOutputStream:75 - [STDERR_REDIRECT] 
2026-04-29 07:29:51,945 [ERROR] LogOutputStream:75 - [STDERR_REDIRECT] [Fatal Error] :1:1: Premature end of file.
2026-04-29 07:29:51,946 [ERROR] LogOutputStream:75 - [STDERR_REDIRECT] 
2026-04-29 07:29:52,940 [ERROR] LogOutputStream:75 - [STDERR_REDIRECT] [Fatal Error] :1:1: Premature end of file.
2026-04-29 07:29:52,940 [ERROR] LogOutputStream:75 - [STDERR_REDIRECT] 
2026-04-29 07:29:53,938 [ERROR] LogOutputStream:75 - [STDERR_REDIRECT] [Fatal Error] :1:1: Premature end of file.
2026-04-29 07:29:53,938 [ERROR] LogOutputStream:75 - [STDERR_REDIRECT] 
2026-04-29 07:29:54,958 [ERROR] LogOutputStream:75 - [STDERR_REDIRECT] [Fatal Error] :1:1: Premature end of file.
2026-04-29 07:29:54,958 [ERROR] LogOutputStream:75 - [STDERR_REDIRECT] 
2026-04-29 07:29:55,949 [ERROR] LogOutputStream:75 - [STDERR_REDIRECT] [Fatal Error] :1:1: Premature end of file.
2026-04-29 07:29:55,949 [ERROR] LogOutputStream:75 - [STDERR_REDIRECT] 
2026-04-29 07:29:56,945 [ERROR] LogOutputStream:75 - [STDERR_REDIRECT] [Fatal Error] :1:1: Premature end of file.
2026-04-29 07:29:56,945 [ERROR] LogOutputStream:75 - [STDERR_REDIRECT] 
2026-04-29 07:29:57,943 [ERROR] LogOutputStream:75 - [STDERR_REDIRECT] [Fatal Error] :1:1: Premature end of file.
2026-04-29 07:29:57,943 [ERROR] LogOutputStream:75 - [STDERR_REDIRECT] 
2026-04-29 07:29:58,940 [ERROR] LogOutputStream:75 - [STDERR_REDIRECT] [Fatal Error] :1:1: Premature end of file.
2026-04-29 07:29:58,940 [ERROR] LogOutputStream:75 - [STDERR_REDIRECT] 
2026-04-29 07:29:59,922 [ERROR] LogOutputStream:75 - [STDERR_REDIRECT] [Fatal Error] :1:1: Premature end of file.
2026-04-29 07:29:59,922 [ERROR] LogOutputStream:75 - [STDERR_REDIRECT] 
2026-04-29 07:30:00,978 [ERROR] LogOutputStream:75 - [STDERR_REDIRECT] [Fatal Error] :1:1: Premature end of file.
2026-04-29 07:30:00,979 [ERROR] LogOutputStream:75 - [STDERR_REDIRECT] 
2026-04-29 07:30:01,951 [ERROR] LogOutputStream:75 - [STDERR_REDIRECT] [Fatal Error] :1:1: Premature end of file.
2026-04-29 07:30:01,951 [ERROR] LogOutputStream:75 - [STDERR_REDIRECT] 
2026-04-29 07:30:02,943 [ERROR] LogOutputStream:75 - [STDERR_REDIRECT] [Fatal Error] :1:1: Premature end of file.
2026-04-29 07:30:02,943 [ERROR] LogOutputStream:75 - [STDERR_REDIRECT] 
2026-04-29 07:30:03,954 [ERROR] LogOutputStream:75 - [STDERR_REDIRECT] [Fatal Error] :1:1: Premature end of file.
2026-04-29 07:30:03,954 [ERROR] LogOutputStream:75 - [STDERR_REDIRECT] 
2026-04-29 07:30:04,942 [ERROR] LogOutputStream:75 - [STDERR_REDIRECT] [Fatal Error] :1:1: Premature end of file.
2026-04-29 07:30:04,942 [ERROR] LogOutputStream:75 - [STDERR_REDIRECT] 
2026-04-29 07:30:05,951 [ERROR] LogOutputStream:75 - [STDERR_REDIRECT] [Fatal Error] :1:1: Premature end of file.
2026-04-29 07:30:05,951 [ERROR] LogOutputStream:75 - [STDERR_REDIRECT] 
2026-04-29 07:30:06,940 [ERROR] LogOutputStream:75 - [STDERR_REDIRECT] [Fatal Error] :1:1: Premature end of file.
2026-04-29 07:30:06,940 [ERROR] LogOutputStream:75 - [STDERR_REDIRECT] 
2026-04-29 07:30:07,943 [ERROR] LogOutputStream:75 - [STDERR_REDIRECT] [Fatal Error] :1:1: Premature end of file.
2026-04-29 07:30:07,943 [ERROR] LogOutputStream:75 - [STDERR_REDIRECT] 
2026-04-29 07:30:08,943 [ERROR] LogOutputStream:75 - [STDERR_REDIRECT] [Fatal Error] :1:1: Premature end of file.
2026-04-29 07:30:08,944 [ERROR] LogOutputStream:75 - [STDERR_REDIRECT] 
2026-04-29 07:30:09,937 [ERROR] LogOutputStream:75 - [STDERR_REDIRECT] [Fatal Error] :1:1: Premature end of file.
2026-04-29 07:30:09,937 [ERROR] LogOutputStream:75 - [STDERR_REDIRECT] 
2026-04-29 07:30:10,941 [ERROR] LogOutputStream:75 - [STDERR_REDIRECT] [Fatal Error] :1:1: Premature end of file.
2026-04-29 07:30:10,941 [ERROR] LogOutputStream:75 - [STDERR_REDIRECT] 
2026-04-29 07:30:11,956 [ERROR] LogOutputStream:75 - [STDERR_REDIRECT] [Fatal Error] :1:1: Premature end of file.
2026-04-29 07:30:11,957 [ERROR] LogOutputStream:75 - [STDERR_REDIRECT] 
2026-04-29 07:30:12,928 [ERROR] LogOutputStream:75 - [STDERR_REDIRECT] [Fatal Error] :1:1: Premature end of file.
2026-04-29 07:30:12,928 [ERROR] LogOutputStream:75 - [STDERR_REDIRECT] 
2026-04-29 07:30:13,944 [ERROR] LogOutputStream:75 - [STDERR_REDIRECT] [Fatal Error] :1:1: Premature end of file.
2026-04-29 07:30:13,944 [ERROR] LogOutputStream:75 - [STDERR_REDIRECT] 
2026-04-29 07:30:14,944 [ERROR] LogOutputStream:75 - [STDERR_REDIRECT] [Fatal Error] :1:1: Premature end of file.
2026-04-29 07:30:14,944 [ERROR] LogOutputStream:75 - [STDERR_REDIRECT] 
2026-04-29 07:30:15,957 [ERROR] LogOutputStream:75 - [STDERR_REDIRECT] [Fatal Error] :1:1: Premature end of file.
2026-04-29 07:30:15,957 [ERROR] LogOutputStream:75 - [STDERR_REDIRECT] 
2026-04-29 07:30:16,934 [ERROR] LogOutputStream:75 - [STDERR_REDIRECT] [Fatal Error] :1:1: Premature end of file.
2026-04-29 07:30:16,934 [ERROR] LogOutputStream:75 - [STDERR_REDIRECT] 
2026-04-29 07:30:17,942 [ERROR] LogOutputStream:75 - [STDERR_REDIRECT] [Fatal Error] :1:1: Premature end of file.
2026-04-29 07:30:17,942 [ERROR] LogOutputStream:75 - [STDERR_REDIRECT] 
2026-04-29 07:30:18,944 [ERROR] LogOutputStream:75 - [STDERR_REDIRECT] [Fatal Error] :1:1: Premature end of file.
2026-04-29 07:30:18,944 [ERROR] LogOutputStream:75 - [STDERR_REDIRECT] 
2026-04-29 07:30:19,944 [ERROR] LogOutputStream:75 - [STDERR_REDIRECT] [Fatal Error] :1:1: Premature end of file.
2026-04-29 07:30:19,945 [ERROR] LogOutputStream:75 - [STDERR_REDIRECT] 
2026-04-29 07:30:20,934 [ERROR] LogOutputStream:75 - [STDERR_REDIRECT] [Fatal Error] :1:1: Premature end of file.
2026-04-29 07:30:20,934 [ERROR] LogOutputStream:75 - [STDERR_REDIRECT] 
2026-04-29 07:30:21,944 [ERROR] LogOutputStream:75 - [STDERR_REDIRECT] [Fatal Error] :1:1: Premature end of file.
2026-04-29 07:30:21,944 [ERROR] LogOutputStream:75 - [STDERR_REDIRECT] 
2026-04-29 07:30:22,943 [ERROR] LogOutputStream:75 - [STDERR_REDIRECT] [Fatal Error] :1:1: Premature end of file.
2026-04-29 07:30:22,943 [ERROR] LogOutputStream:75 - [STDERR_REDIRECT] 
2026-04-29 07:30:23,940 [ERROR] LogOutputStream:75 - [STDERR_REDIRECT] [Fatal Error] :1:1: Premature end of file.
2026-04-29 07:30:23,940 [ERROR] LogOutputStream:75 - [STDERR_REDIRECT] 
2026-04-29 07:30:24,949 [ERROR] LogOutputStream:75 - [STDERR_REDIRECT] [Fatal Error] :1:1: Premature end of file.
2026-04-29 07:30:24,949 [ERROR] LogOutputStream:75 - [STDERR_REDIRECT] 
2026-04-29 07:30:25,951 [ERROR] LogOutputStream:75 - [STDERR_REDIRECT] [Fatal Error] :1:1: Premature end of file.
2026-04-29 07:30:25,951 [ERROR] LogOutputStream:75 - [STDERR_REDIRECT] 
2026-04-29 07:30:26,939 [ERROR] LogOutputStream:75 - [STDERR_REDIRECT] [Fatal Error] :1:1: Premature end of file.
2026-04-29 07:30:26,939 [ERROR] LogOutputStream:75 - [STDERR_REDIRECT] 
2026-04-29 07:30:27,938 [ERROR] LogOutputStream:75 - [STDERR_REDIRECT] [Fatal Error] :1:1: Premature end of file.
2026-04-29 07:30:27,938 [ERROR] LogOutputStream:75 - [STDERR_REDIRECT] 
2026-04-29 07:30:28,951 [ERROR] LogOutputStream:75 - [STDERR_REDIRECT] [Fatal Error] :1:1: Premature end of file.
2026-04-29 07:30:28,951 [ERROR] LogOutputStream:75 - [STDERR_REDIRECT] 
2026-04-29 07:30:29,948 [ERROR] LogOutputStream:75 - [STDERR_REDIRECT] [Fatal Error] :1:1: Premature end of file.
2026-04-29 07:30:29,948 [ERROR] LogOutputStream:75 - [STDERR_REDIRECT] 
2026-04-29 07:30:30,941 [ERROR] LogOutputStream:75 - [STDERR_REDIRECT] [Fatal Error] :1:1: Premature end of file.
2026-04-29 07:30:30,941 [ERROR] LogOutputStream:75 - [STDERR_REDIRECT] 
2026-04-29 07:30:31,948 [ERROR] LogOutputStream:75 - [STDERR_REDIRECT] [Fatal Error] :1:1: Premature end of file.
2026-04-29 07:30:31,948 [ERROR] LogOutputStream:75 - [STDERR_REDIRECT] 
2026-04-29 07:30:32,934 [ERROR] LogOutputStream:75 - [STDERR_REDIRECT] [Fatal Error] :1:1: Premature end of file.
2026-04-29 07:30:32,934 [ERROR] LogOutputStream:75 - [STDERR_REDIRECT] 
2026-04-29 07:30:33,941 [ERROR] LogOutputStream:75 - [STDERR_REDIRECT] [Fatal Error] :1:1: Premature end of file.
2026-04-29 07:30:33,941 [ERROR] LogOutputStream:75 - [STDERR_REDIRECT] 
2026-04-29 07:30:34,941 [ERROR] LogOutputStream:75 - [STDERR_REDIRECT] [Fatal Error] :1:1: Premature end of file.
2026-04-29 07:30:34,941 [ERROR] LogOutputStream:75 - [STDERR_REDIRECT] 
2026-04-29 07:30:35,947 [ERROR] LogOutputStream:75 - [STDERR_REDIRECT] [Fatal Error] :1:1: Premature end of file.
2026-04-29 07:30:35,947 [ERROR] LogOutputStream:75 - [STDERR_REDIRECT] 
2026-04-29 07:30:36,937 [ERROR] LogOutputStream:75 - [STDERR_REDIRECT] [Fatal Error] :1:1: Premature end of file.
2026-04-29 07:30:36,937 [ERROR] LogOutputStream:75 - [STDERR_REDIRECT] 
2026-04-29 07:30:37,948 [ERROR] LogOutputStream:75 - [STDERR_REDIRECT] [Fatal Error] :1:1: Premature end of file.
2026-04-29 07:30:37,948 [ERROR] LogOutputStream:75 - [STDERR_REDIRECT] 
2026-04-29 07:30:38,924 [ERROR] LogOutputStream:75 - [STDERR_REDIRECT] [Fatal Error] :1:1: Premature end of file.
2026-04-29 07:30:38,925 [ERROR] LogOutputStream:75 - [STDERR_REDIRECT] 
2026-04-29 07:30:39,945 [ERROR] LogOutputStream:75 - [STDERR_REDIRECT] [Fatal Error] :1:1: Premature end of file.
2026-04-29 07:30:39,945 [ERROR] LogOutputStream:75 - [STDERR_REDIRECT] 
2026-04-29 07:30:40,924 [ERROR] LogOutputStream:75 - [STDERR_REDIRECT] [Fatal Error] :1:1: Premature end of file.
2026-04-29 07:30:40,924 [ERROR] LogOutputStream:75 - [STDERR_REDIRECT] 
2026-04-29 07:30:41,937 [ERROR] LogOutputStream:75 - [STDERR_REDIRECT] [Fatal Error] :1:1: Premature end of file.
2026-04-29 07:30:41,937 [ERROR] LogOutputStream:75 - [STDERR_REDIRECT] 
2026-04-29 07:30:42,940 [ERROR] LogOutputStream:75 - [STDERR_REDIRECT] [Fatal Error] :1:1: Premature end of file.
2026-04-29 07:30:42,940 [ERROR] LogOutputStream:75 - [STDERR_REDIRECT] 
2026-04-29 07:30:43,927 [ERROR] LogOutputStream:75 - [STDERR_REDIRECT] [Fatal Error] :1:1: Premature end of file.
2026-04-29 07:30:43,927 [ERROR] LogOutputStream:75 - [STDERR_REDIRECT] 
2026-04-29 07:30:44,961 [ERROR] LogOutputStream:75 - [STDERR_REDIRECT] [Fatal Error] :1:1: Premature end of file.
2026-04-29 07:30:44,962 [ERROR] LogOutputStream:75 - [STDERR_REDIRECT] 
2026-04-29 07:30:45,228 [ERROR] LogOutputStream:75 - [STDERR_REDIRECT] 
2026-04-29 16:48:14,985 [INFO] Activator:176 - 


2026-04-29 16:48:14,985 [INFO] Activator:177 - !SESSION log4j initialized
2026-04-29 16:48:19,322 [INFO] LogOutputStream:77 - [STDOUT_REDIRECT] 
2026-04-29 16:48:22,747 [INFO] ApplicationProperties:184 - Using Application install path: C:\ST\STM32CubeIDE_1.18.1\STM32CubeIDE\plugins\com.st.stm32cube.common.mx_6.14.1.202504091515
2026-04-29 16:48:22,762 [INFO] DbMcusXml:78 - Set database path to: C:\ST\STM32CubeIDE_1.18.1\STM32CubeIDE\plugins\com.st.stm32cube.common.mx_6.14.1.202504091515\\db\/mcu/
2026-04-29 16:48:22,762 [INFO] ApiDb:274 - Set plugin database path to: C:\ST\STM32CubeIDE_1.18.1\STM32CubeIDE\plugins\com.st.stm32cube.common.mx_6.14.1.202504091515\\db\/plugins/boardmanager/
2026-04-29 16:48:22,762 [WARN] ApiDb:259 - Overriding images path with different value:  => C:\ST\STM32CubeIDE_1.18.1\STM32CubeIDE\plugins\com.st.stm32cube.common.mx_6.14.1.202504091515\\db\/plugins/mcufinder/images/
2026-04-29 16:48:22,772 [INFO] ApiDb:250 - Set database path to: C:\Users\salem\.stmcufinder\plugins\mcufinder//mcu/
2026-04-29 16:48:22,773 [INFO] DbMcusAds:125 - Set database path to: C:\Users\salem\.stmcufinder\plugins\mcufinder//mcu/
2026-04-29 16:48:22,775 [INFO] CrossReferenceDbSqlite:203 - Set database path to: C:\Users\salem\.stmcufinder\plugins\mcufinder//mcu/cs/
2026-04-29 16:48:22,866 [INFO] RulesReader:64 - Compatibility file has been processed (302 Rules)
2026-04-29 16:48:22,931 [INFO] DbMcusXml:78 - Set database path to: C:\ST\STM32CubeIDE_1.18.1\STM32CubeIDE\plugins\com.st.stm32cube.common.mx_6.14.1.202504091515\\db\/mcu/
2026-04-29 16:48:22,931 [INFO] ApiDb:274 - Set plugin database path to: C:\ST\STM32CubeIDE_1.18.1\STM32CubeIDE\plugins\com.st.stm32cube.common.mx_6.14.1.202504091515\\db\/plugins/boardmanager/
2026-04-29 16:48:22,931 [INFO] ApiDb:261 - Set plugin images path to: C:\ST\STM32CubeIDE_1.18.1\STM32CubeIDE\plugins\com.st.stm32cube.common.mx_6.14.1.202504091515\\db\/plugins/mcufinder/images/
2026-04-29 16:48:22,932 [WARN] DbFile:41 - Overriding database path with different value: C:\Users\salem\.stmcufinder\plugins\mcufinder/ => C:\Users\salem\.stmcufinder\plugins\mcufinder
2026-04-29 16:48:22,932 [INFO] ApiDb:250 - Set database path to: C:\Users\salem\.stmcufinder\plugins\mcufinder//mcu/
2026-04-29 16:48:22,932 [WARN] DbFile:41 - Overriding database path with different value: C:\Users\salem\.stmcufinder\plugins\mcufinder/ => C:\Users\salem\.stmcufinder\plugins\mcufinder
2026-04-29 16:48:22,932 [INFO] DbMcusAds:125 - Set database path to: C:\Users\salem\.stmcufinder\plugins\mcufinder//mcu/
2026-04-29 16:48:22,932 [WARN] DbFile:41 - Overriding database path with different value: C:\Users\salem\.stmcufinder\plugins\mcufinder/ => C:\Users\salem\.stmcufinder\plugins\mcufinder
2026-04-29 16:48:22,932 [WARN] DbFile:41 - Overriding database path with different value: C:\Users\salem\.stmcufinder\plugins\mcufinder/ => C:\Users\salem\.stmcufinder\plugins\mcufinder
2026-04-29 16:48:22,932 [INFO] CrossReferenceDbSqlite:203 - Set database path to: C:\Users\salem\.stmcufinder\plugins\mcufinder//mcu/cs/
2026-04-29 16:48:23,012 [INFO] MainPanel:272 - HeapMemory: 268435456
2026-04-29 16:48:23,139 [INFO] DbMcusXml:78 - Set database path to: C:\ST\STM32CubeIDE_1.18.1\STM32CubeIDE\plugins\com.st.stm32cube.common.mx_6.14.1.202504091515\\db\/mcu/
2026-04-29 16:48:23,140 [INFO] ApiDb:274 - Set plugin database path to: C:\ST\STM32CubeIDE_1.18.1\STM32CubeIDE\plugins\com.st.stm32cube.common.mx_6.14.1.202504091515\\db\/plugins/boardmanager/
2026-04-29 16:48:23,140 [INFO] ApiDb:261 - Set plugin images path to: C:\ST\STM32CubeIDE_1.18.1\STM32CubeIDE\plugins\com.st.stm32cube.common.mx_6.14.1.202504091515\\db\/plugins/mcufinder/images/
2026-04-29 16:48:23,140 [WARN] DbFile:41 - Overriding database path with different value: C:\Users\salem\.stmcufinder\plugins\mcufinder/ => C:\Users\salem\.stmcufinder\plugins\mcufinder
2026-04-29 16:48:23,140 [INFO] ApiDb:250 - Set database path to: C:\Users\salem\.stmcufinder\plugins\mcufinder//mcu/
2026-04-29 16:48:23,140 [WARN] DbFile:41 - Overriding database path with different value: C:\Users\salem\.stmcufinder\plugins\mcufinder/ => C:\Users\salem\.stmcufinder\plugins\mcufinder
2026-04-29 16:48:23,140 [INFO] DbMcusAds:125 - Set database path to: C:\Users\salem\.stmcufinder\plugins\mcufinder//mcu/
2026-04-29 16:48:23,140 [WARN] DbFile:41 - Overriding database path with different value: C:\Users\salem\.stmcufinder\plugins\mcufinder/ => C:\Users\salem\.stmcufinder\plugins\mcufinder
2026-04-29 16:48:23,140 [WARN] DbFile:41 - Overriding database path with different value: C:\Users\salem\.stmcufinder\plugins\mcufinder/ => C:\Users\salem\.stmcufinder\plugins\mcufinder
2026-04-29 16:48:23,140 [INFO] CrossReferenceDbSqlite:203 - Set database path to: C:\Users\salem\.stmcufinder\plugins\mcufinder//mcu/cs/
2026-04-29 16:48:23,157 [INFO] ApplicationProperties:184 - Using Application install path: C:\ST\STM32CubeIDE_1.18.1\STM32CubeIDE\plugins\com.st.stm32cube.common.mx_6.14.1.202504091515
2026-04-29 16:48:23,158 [INFO] PluginManage:196 - Search for loadable plugins [exclusion list=, ]
2026-04-29 16:48:23,159 [INFO] PluginManage:310 - Check plugin analytics
2026-04-29 16:48:23,291 [INFO] AnalyticsPlugin:253 - Accepted Software Licenses: STM32CubeMX.6.13.0
2026-04-29 16:48:23,291 [INFO] AnalyticsPlugin:255 - Accepted CMSIS Pack Licenses: 
2026-04-29 16:48:23,291 [INFO] AnalyticsPlugin:257 - Accepted Firmware Licenses: FW.F4.1.28.0,FW.C0.1.3.0,FW.C0.1.4.0
2026-04-29 16:48:23,294 [INFO] PluginManage:359 - Loaded plugin analytics (category:tool,tabindex:-1)
2026-04-29 16:48:23,294 [INFO] PluginManage:310 - Check plugin cadmodel
2026-04-29 16:48:23,309 [INFO] CADModel:105 - Init CAD model plugin
2026-04-29 16:48:23,309 [INFO] PluginManage:359 - Loaded plugin cadmodel (category:power,tabindex:5)
2026-04-29 16:48:23,309 [INFO] PluginManage:310 - Check plugin clock
2026-04-29 16:48:23,329 [INFO] PluginManage:359 - Loaded plugin clock (category:base,tabindex:2)
2026-04-29 16:48:23,329 [INFO] PluginManage:310 - Check plugin ddr
2026-04-29 16:48:23,332 [INFO] PluginManage:359 - Loaded plugin ddr (category:tool,tabindex:6)
2026-04-29 16:48:23,332 [INFO] PluginManage:310 - Check plugin filemanager
2026-04-29 16:48:23,453 [INFO] PluginManage:359 - Loaded plugin filemanager (category:base,tabindex:10)
2026-04-29 16:48:23,453 [INFO] PluginManage:310 - Check plugin ipmanager
2026-04-29 16:48:23,458 [INFO] PluginManage:359 - Loaded plugin ipmanager (category:base,tabindex:5)
2026-04-29 16:48:23,458 [INFO] PluginManage:310 - Check plugin lpbam
2026-04-29 16:48:23,474 [INFO] PluginManage:359 - Loaded plugin lpbam (category:base,tabindex:0)
2026-04-29 16:48:23,474 [INFO] PluginManage:310 - Check plugin memorymap
2026-04-29 16:48:23,493 [INFO] PluginManage:359 - Loaded plugin memorymap (category:base,tabindex:4)
2026-04-29 16:48:23,494 [INFO] PluginManage:310 - Check plugin pinoutandconfiguration
2026-04-29 16:48:23,509 [INFO] PluginManage:359 - Loaded plugin pinoutandconfiguration (category:base,tabindex:1)
2026-04-29 16:48:23,509 [INFO] PluginManage:310 - Check plugin pinoutconfig
2026-04-29 16:48:23,585 [WARN] SupportedApi:132 - Cannot load RTOS API schema: s4s-elt-must-match.1: The content of 'definitions' must match (annotation?, (simpleType | complexType)?, (unique | key | keyref)*)). A problem was found starting at: attribute.
2026-04-29 16:48:23,712 [INFO] PluginManage:359 - Loaded plugin pinoutconfig (category:base,tabindex:0)
2026-04-29 16:48:23,712 [INFO] PluginManage:310 - Check plugin power
2026-04-29 16:48:23,733 [INFO] PluginManage:359 - Loaded plugin power (category:power,tabindex:4)
2026-04-29 16:48:23,734 [INFO] PluginManage:310 - Check plugin projectmanager
2026-04-29 16:48:23,746 [INFO] PluginManage:359 - Loaded plugin projectmanager (category:projectmanager,tabindex:4)
2026-04-29 16:48:23,746 [INFO] PluginManage:310 - Check plugin rif
2026-04-29 16:48:23,761 [INFO] PluginManage:359 - Loaded plugin rif (category:base,tabindex:3)
2026-04-29 16:48:23,761 [INFO] PluginManage:310 - Check plugin thirdparty
2026-04-29 16:48:23,977 [INFO] PluginManage:359 - Loaded plugin thirdparty (category:base,tabindex:-1)
2026-04-29 16:48:23,977 [WARN] IntegrityCheckThread:84 - waiting for thirdparty lock release [integrity check]
2026-04-29 16:48:23,977 [INFO] IntegrityCheckThread:86 - entering critical section [integrity check]
2026-04-29 16:48:23,977 [INFO] PluginManage:310 - Check plugin tools
2026-04-29 16:48:23,978 [INFO] ThirdPartyUpdaterWithRetryManager:70 - Updater plugin not ready yet. [1/15]
2026-04-29 16:48:23,980 [INFO] PluginManage:359 - Loaded plugin tools (category:base,tabindex:7)
2026-04-29 16:48:23,980 [INFO] PluginManage:310 - Check plugin tutovideos
2026-04-29 16:48:24,154 [INFO] PluginManage:359 - Loaded plugin tutovideos (category:base,tabindex:-1)
2026-04-29 16:48:24,154 [INFO] PluginManage:310 - Check plugin updater
2026-04-29 16:48:24,172 [INFO] PluginManage:359 - Loaded plugin updater (category:base,tabindex:12)
2026-04-29 16:48:24,172 [INFO] PluginManage:310 - Check plugin userauth
2026-04-29 16:48:24,177 [INFO] UserAuth:118 - Init User Auth plugin
2026-04-29 16:48:24,177 [INFO] PluginManage:359 - Loaded plugin userauth (category:base,tabindex:14)
2026-04-29 16:48:24,177 [INFO] PluginManage:283 - PluginManage : Loaded plugins [18]
2026-04-29 16:48:24,374 [INFO] PinOutPanel:1589 - setPackage(No Configuration,No Configuration)
2026-04-29 16:48:24,443 [INFO] CADModel:165 - CPN selected for project level
2026-04-29 16:48:24,443 [INFO] CADModel:114 - Register for checkConnection events
2026-04-29 16:48:24,470 [INFO] IPUIPlugin:80 - create IPUIPlugin
2026-04-29 16:48:24,470 [INFO] PluginManager:220 - loadIPPluginJar : add adc
2026-04-29 16:48:24,507 [INFO] IPUIPlugin:80 - create IPUIPlugin
2026-04-29 16:48:24,507 [INFO] PluginManager:220 - loadIPPluginJar : add aes
2026-04-29 16:48:24,547 [INFO] IPUIPlugin:80 - create IPUIPlugin
2026-04-29 16:48:24,547 [INFO] PluginManager:220 - loadIPPluginJar : add can
2026-04-29 16:48:24,550 [INFO] IPUIPlugin:80 - create IPUIPlugin
2026-04-29 16:48:24,550 [INFO] PluginManager:220 - loadIPPluginJar : add comp
2026-04-29 16:48:24,581 [INFO] IPUIPlugin:80 - create IPUIPlugin
2026-04-29 16:48:24,582 [INFO] PluginManager:220 - loadIPPluginJar : add cryp
2026-04-29 16:48:24,592 [INFO] IPUIPlugin:80 - create IPUIPlugin
2026-04-29 16:48:24,592 [INFO] PluginManager:220 - loadIPPluginJar : add ddr_ctrl_phy
2026-04-29 16:48:24,618 [INFO] IPUIPlugin:80 - create IPUIPlugin
2026-04-29 16:48:24,618 [INFO] PluginManager:220 - loadIPPluginJar : add dfsdm
2026-04-29 16:48:24,631 [INFO] IPUIPlugin:80 - create IPUIPlugin
2026-04-29 16:48:24,631 [INFO] PluginManager:220 - loadIPPluginJar : add dma
2026-04-29 16:48:24,665 [INFO] IPUIPlugin:80 - create IPUIPlugin
2026-04-29 16:48:24,665 [INFO] PluginManager:220 - loadIPPluginJar : add dma3
2026-04-29 16:48:24,703 [INFO] IPUIPlugin:80 - create IPUIPlugin
2026-04-29 16:48:24,703 [INFO] PluginManager:220 - loadIPPluginJar : add extmemmanager
2026-04-29 16:48:24,705 [INFO] IPUIPlugin:80 - create IPUIPlugin
2026-04-29 16:48:24,706 [INFO] PluginManager:220 - loadIPPluginJar : add fatfs
2026-04-29 16:48:24,745 [INFO] IPUIPlugin:80 - create IPUIPlugin
2026-04-29 16:48:24,745 [INFO] PluginManager:220 - loadIPPluginJar : add fmc
2026-04-29 16:48:24,759 [INFO] IPUIPlugin:80 - create IPUIPlugin
2026-04-29 16:48:24,759 [INFO] PluginManager:220 - loadIPPluginJar : add freertos
2026-04-29 16:48:24,777 [INFO] IPUIPlugin:80 - create IPUIPlugin
2026-04-29 16:48:24,777 [INFO] PluginManager:220 - loadIPPluginJar : add genericplugin
2026-04-29 16:48:24,849 [INFO] IPUIPlugin:80 - create IPUIPlugin
2026-04-29 16:48:24,850 [INFO] PluginManager:220 - loadIPPluginJar : add gfxmmu
2026-04-29 16:48:24,969 [INFO] IPUIPlugin:80 - create IPUIPlugin
2026-04-29 16:48:24,969 [INFO] PluginManager:220 - loadIPPluginJar : add gic
2026-04-29 16:48:24,995 [INFO] IPUIPlugin:80 - create IPUIPlugin
2026-04-29 16:48:24,995 [INFO] PluginManager:220 - loadIPPluginJar : add gpio
2026-04-29 16:48:25,078 [INFO] IPUIPlugin:80 - create IPUIPlugin
2026-04-29 16:48:25,078 [INFO] PluginManager:220 - loadIPPluginJar : add gtzc
2026-04-29 16:48:25,107 [INFO] IPUIPlugin:80 - create IPUIPlugin
2026-04-29 16:48:25,107 [INFO] PluginManager:220 - loadIPPluginJar : add hash
2026-04-29 16:48:25,152 [INFO] IPUIPlugin:80 - create IPUIPlugin
2026-04-29 16:48:25,152 [INFO] PluginManager:220 - loadIPPluginJar : add i2c
2026-04-29 16:48:25,183 [INFO] IPUIPlugin:80 - create IPUIPlugin
2026-04-29 16:48:25,183 [INFO] PluginManager:220 - loadIPPluginJar : add i2s
2026-04-29 16:48:25,217 [INFO] IPUIPlugin:80 - create IPUIPlugin
2026-04-29 16:48:25,217 [INFO] PluginManager:220 - loadIPPluginJar : add i3c
2026-04-29 16:48:25,293 [INFO] IPUIPlugin:80 - create IPUIPlugin
2026-04-29 16:48:25,293 [INFO] PluginManager:220 - loadIPPluginJar : add ipddr
2026-04-29 16:48:25,382 [INFO] IPUIPlugin:80 - create IPUIPlugin
2026-04-29 16:48:25,382 [INFO] PluginManager:220 - loadIPPluginJar : add linkedlist
2026-04-29 16:48:25,386 [INFO] IPUIPlugin:80 - create IPUIPlugin
2026-04-29 16:48:25,386 [INFO] PluginManager:220 - loadIPPluginJar : add lorawan
2026-04-29 16:48:25,419 [INFO] IPUIPlugin:80 - create IPUIPlugin
2026-04-29 16:48:25,419 [INFO] PluginManager:220 - loadIPPluginJar : add ltdc
2026-04-29 16:48:25,432 [INFO] IPUIPlugin:80 - create IPUIPlugin
2026-04-29 16:48:25,432 [INFO] PluginManager:220 - loadIPPluginJar : add mdma
2026-04-29 16:48:25,443 [INFO] IPUIPlugin:80 - create IPUIPlugin
2026-04-29 16:48:25,443 [INFO] PluginManager:220 - loadIPPluginJar : add nvic
2026-04-29 16:48:25,478 [INFO] IPUIPlugin:80 - create IPUIPlugin
2026-04-29 16:48:25,478 [INFO] PluginManager:220 - loadIPPluginJar : add opamp
2026-04-29 16:48:25,535 [INFO] IPUIPlugin:80 - create IPUIPlugin
2026-04-29 16:48:25,535 [INFO] PluginManager:220 - loadIPPluginJar : add openamp
2026-04-29 16:48:25,591 [INFO] IPUIPlugin:80 - create IPUIPlugin
2026-04-29 16:48:25,592 [INFO] PluginManager:220 - loadIPPluginJar : add pdm2pcm
2026-04-29 16:48:25,605 [INFO] IPUIPlugin:80 - create IPUIPlugin
2026-04-29 16:48:25,607 [INFO] PluginManager:220 - loadIPPluginJar : add plateformsettings
2026-04-29 16:48:25,610 [INFO] IPUIPlugin:80 - create IPUIPlugin
2026-04-29 16:48:25,610 [INFO] PluginManager:220 - loadIPPluginJar : add quadspi
2026-04-29 16:48:25,613 [INFO] IPUIPlugin:80 - create IPUIPlugin
2026-04-29 16:48:25,614 [INFO] PluginManager:220 - loadIPPluginJar : add radio
2026-04-29 16:48:25,625 [INFO] IPUIPlugin:80 - create IPUIPlugin
2026-04-29 16:48:25,625 [INFO] PluginManager:220 - loadIPPluginJar : add resmgrutility
2026-04-29 16:48:25,675 [INFO] IPUIPlugin:80 - create IPUIPlugin
2026-04-29 16:48:25,675 [INFO] PluginManager:220 - loadIPPluginJar : add sai
2026-04-29 16:48:25,710 [INFO] IPUIPlugin:80 - create IPUIPlugin
2026-04-29 16:48:25,710 [INFO] PluginManager:220 - loadIPPluginJar : add spi
2026-04-29 16:48:25,780 [INFO] IPUIPlugin:80 - create IPUIPlugin
2026-04-29 16:48:25,780 [INFO] PluginManager:220 - loadIPPluginJar : add stm32_wpan
2026-04-29 16:48:25,812 [INFO] IPUIPlugin:80 - create IPUIPlugin
2026-04-29 16:48:25,812 [INFO] PluginManager:220 - loadIPPluginJar : add tim
2026-04-29 16:48:25,871 [INFO] IPUIPlugin:80 - create IPUIPlugin
2026-04-29 16:48:25,872 [INFO] PluginManager:220 - loadIPPluginJar : add touchsensing
2026-04-29 16:48:25,894 [INFO] IPUIPlugin:80 - create IPUIPlugin
2026-04-29 16:48:25,894 [INFO] PluginManager:220 - loadIPPluginJar : add tracer_emb
2026-04-29 16:48:25,917 [INFO] IPUIPlugin:80 - create IPUIPlugin
2026-04-29 16:48:25,917 [INFO] PluginManager:220 - loadIPPluginJar : add ts
2026-04-29 16:48:25,919 [INFO] IPUIPlugin:80 - create IPUIPlugin
2026-04-29 16:48:25,919 [INFO] PluginManager:220 - loadIPPluginJar : add tsc
2026-04-29 16:48:25,923 [INFO] IPUIPlugin:80 - create IPUIPlugin
2026-04-29 16:48:25,923 [INFO] PluginManager:220 - loadIPPluginJar : add ucpd
2026-04-29 16:48:25,964 [INFO] IPUIPlugin:80 - create IPUIPlugin
2026-04-29 16:48:25,964 [INFO] PluginManager:220 - loadIPPluginJar : add usart
2026-04-29 16:48:26,005 [INFO] IPUIPlugin:80 - create IPUIPlugin
2026-04-29 16:48:26,006 [INFO] PluginManager:220 - loadIPPluginJar : add usbx
2026-04-29 16:48:26,120 [FATAL] Updater:351 - Updater called before beeing initialized
2026-04-29 16:48:26,144 [INFO] RulesReader:64 - Compatibility file has been processed (302 Rules)
2026-04-29 16:48:26,151 [INFO] RulesReader:64 - Compatibility file has been processed (302 Rules)
2026-04-29 16:48:26,159 [INFO] CADModel:165 - CPN selected for project level
2026-04-29 16:48:26,160 [INFO] CADModel:114 - Register for checkConnection events
2026-04-29 16:48:26,160 [FATAL] Updater:351 - Updater called before beeing initialized
2026-04-29 16:48:26,160 [ERROR] CADModel:125 - Updater not yet initialized, retry later 
2026-04-29 16:48:26,278 [FATAL] Updater:351 - Updater called before beeing initialized
2026-04-29 16:48:26,280 [INFO] CADModel:165 - CPN selected for project level
2026-04-29 16:48:26,280 [INFO] CADModel:114 - Register for checkConnection events
2026-04-29 16:48:26,280 [FATAL] Updater:351 - Updater called before beeing initialized
2026-04-29 16:48:26,280 [ERROR] CADModel:125 - Updater not yet initialized, retry later 
2026-04-29 16:48:26,284 [FATAL] Updater:351 - Updater called before beeing initialized
2026-04-29 16:48:26,358 [FATAL] Updater:351 - Updater called before beeing initialized
2026-04-29 16:48:26,362 [INFO] DbMcusAds:53 - JSON generation date=Fri Apr 10 10:19:02 CET 2026 (1775812742310)
2026-04-29 16:48:26,362 [FATAL] Updater:351 - Updater called before beeing initialized
2026-04-29 16:48:26,388 [WARN] DetailPanel:346 - Failed to get advertising image, set to default
2026-04-29 16:48:26,542 [FATAL] Updater:351 - Updater called before beeing initialized
2026-04-29 16:48:26,544 [FATAL] Updater:351 - Updater called before beeing initialized
2026-04-29 16:48:26,545 [FATAL] Updater:351 - Updater called before beeing initialized
2026-04-29 16:48:26,545 [WARN] DetailPanel:346 - Failed to get advertising image, set to default
2026-04-29 16:48:26,545 [FATAL] Updater:351 - Updater called before beeing initialized
2026-04-29 16:48:26,592 [ERROR] Updater:1198 - MainUpdater not yet initialized. External WinMGr cannot be set.
2026-04-29 16:48:26,601 [INFO] Updater:1134 - Updater Version found : 6.14.1
2026-04-29 16:48:26,617 [INFO] ApplicationProperties:184 - Using Application install path: C:\ST\STM32CubeIDE_1.18.1\STM32CubeIDE\plugins\com.st.stm32cube.common.mx_6.14.1.202504091515
2026-04-29 16:48:26,979 [INFO] ThirdPartyUpdaterWithRetryManager:70 - Updater plugin not ready yet. [2/15]
2026-04-29 16:48:27,098 [INFO] MainUpdater:2872 - connection check result : 10
2026-04-29 16:48:27,099 [INFO] MainUpdater:289 - Updater Check For Update Now.
2026-04-29 16:48:27,099 [INFO] MicroXplorer:498 - Change Database Version : DB.6.0.141
2026-04-29 16:48:27,116 [INFO] McuFinderGlobals:63 - Set McuFinder mode to 2 (CubeIDE integrated)
2026-04-29 16:48:27,126 [INFO] UserAuth:484 - Internet connection configuration mode: 1
2026-04-29 16:48:27,162 [INFO] JxBrowserEngine:152 - Initiate JxBrowser Engine with user profile folder
2026-04-29 16:48:27,299 [INFO] CheckServerUpdateThread:120 - End of CheckServer Thread
2026-04-29 16:48:28,931 [INFO] WebApp:169 - Instantiating new browser for Auth
2026-04-29 16:48:29,707 [INFO] WebApp:463 - Apply proxy settings
2026-04-29 16:48:29,708 [INFO] WebApp:548 - Chromium requires no authentication
2026-04-29 16:48:29,729 [INFO] WebApp:491 - Direct internet connection detected
2026-04-29 16:48:29,792 [INFO] WebApp:894 - Register for checkConnection events
2026-04-29 16:48:29,792 [INFO] WebApp:463 - Apply proxy settings
2026-04-29 16:48:29,792 [INFO] WebApp:548 - Chromium requires no authentication
2026-04-29 16:48:29,793 [INFO] WebApp:491 - Direct internet connection detected
2026-04-29 16:48:30,060 [INFO] WebApp:191 - Connection restablished
2026-04-29 16:48:30,261 [INFO] WebApp:225 - Starting web application
2026-04-29 16:48:30,261 [INFO] WebApp:593 - Web application path used C:\ST\STM32CubeIDE_1.18.1\STM32CubeIDE\plugins\com.st.stm32cube.common.mx_6.14.1.202504091515\db\plugins\mcufinder\reactClient1\index.html
2026-04-29 16:48:30,368 [WARN] PackLoader:240 - Cannot read IP mode file for STMicroelectronics.X-CUBE-AZRTOS-H7.3.5.0
2026-04-29 16:48:30,382 [WARN] PackLoader:240 - Cannot read IP mode file for STMicroelectronics.FP-SNS-MOTENVWB1.1.4.0
2026-04-29 16:48:30,400 [WARN] PackLoader:240 - Cannot read IP mode file for STMicroelectronics.FP-ATR-ASTRA1.2.0.2
2026-04-29 16:48:30,414 [INFO] UserAuth:484 - Internet connection configuration mode: 1
2026-04-29 16:48:30,415 [WARN] PackLoader:240 - Cannot read IP mode file for STMicroelectronics.FP-ATR-ASTRA1.2.0.1
2026-04-29 16:48:30,434 [WARN] PackLoader:240 - Cannot read IP mode file for STMicroelectronics.X-CUBE-SMBUS.2.1.0
2026-04-29 16:48:30,453 [WARN] PackLoader:240 - Cannot read IP mode file for STMicroelectronics.X-CUBE-WB05N.1.1.0
2026-04-29 16:48:30,471 [WARN] PackLoader:240 - Cannot read IP mode file for STMicroelectronics.X-CUBE-ST60.1.0.0
2026-04-29 16:48:30,527 [WARN] PackLoader:240 - Cannot read IP mode file for STMicroelectronics.X-CUBE-AZRTOS-F7.1.1.0
2026-04-29 16:48:30,559 [WARN] PackLoader:240 - Cannot read IP mode file for Cesanta.I-CUBE-Mongoose.7.19.0
2026-04-29 16:48:30,608 [ERROR] LogOutputStream:75 - [STDERR_REDIRECT] [Fatal Error] :1:1: Premature end of file.
2026-04-29 16:48:30,609 [ERROR] LogOutputStream:75 - [STDERR_REDIRECT] 
2026-04-29 16:48:30,617 [WARN] PackLoader:240 - Cannot read IP mode file for STMicroelectronics.X-CUBE-MEMS1.11.0.0
2026-04-29 16:48:30,728 [ERROR] Engine:466 - C:\Users\salem\.stm32cubemx\thirdparties\pdsc\STMicroelectronics.FP-SNS-MOTENV1.5.1.0.pdsc: PDSC version is not supported
2026-04-29 16:48:30,739 [ERROR] Engine:466 - C:\Users\salem\.stm32cubemx\thirdparties\pdsc\WES.I-CUBE-Cesium.1.4.0.pdsc: PDSC version is not supported
2026-04-29 16:48:30,745 [WARN] PackLoader:240 - Cannot read IP mode file for STMicroelectronics.FP-SNS-FLIGHT1.5.0.2
2026-04-29 16:48:30,773 [WARN] PackLoader:240 - Cannot read IP mode file for Infineon.AIROC-Wi-Fi-Bluetooth-STM32.1.7.0
2026-04-29 16:48:30,799 [WARN] PackLoader:240 - Cannot read IP mode file for Infineon.AIROC-Wi-Fi-Bluetooth-STM32.1.7.1
2026-04-29 16:48:30,830 [WARN] PackLoader:240 - Cannot read IP mode file for STMicroelectronics.X-CUBE-AZRTOS-H7.3.4.0
2026-04-29 16:48:30,847 [WARN] PackLoader:240 - Cannot read IP mode file for STMicroelectronics.X-CUBE-DISPLAY.3.0.0
2026-04-29 16:48:30,852 [ERROR] Engine:466 - C:\Users\salem\.stm32cubemx\thirdparties\pdsc\STMicroelectronics.FP-SNS-MOTENVWB1.1.5.0.pdsc: PDSC version is not supported
2026-04-29 16:48:30,863 [WARN] PackLoader:240 - Cannot read IP mode file for STMicroelectronics.X-CUBE-BLE1.7.0.0
2026-04-29 16:48:30,876 [WARN] PackLoader:240 - Cannot read IP mode file for STMicroelectronics.X-CUBE-NFC10.1.0.0
2026-04-29 16:48:30,891 [WARN] PackLoader:240 - Cannot read IP mode file for STMicroelectronics.X-CUBE-BLEMGR.4.0.0
2026-04-29 16:48:30,906 [WARN] PackLoader:240 - Cannot read IP mode file for STMicroelectronics.X-CUBE-ST60.1.1.0
2026-04-29 16:48:30,922 [WARN] PackLoader:240 - Cannot read IP mode file for emotas.I-CUBE-CANOPEN.1.3.0
2026-04-29 16:48:30,934 [WARN] PackLoader:240 - Cannot read IP mode file for STMicroelectronics.X-CUBE-GNSS1.7.1.0
2026-04-29 16:48:30,947 [WARN] PackLoader:240 - Cannot read IP mode file for STMicroelectronics.X-CUBE-AI.10.0.0
2026-04-29 16:48:30,980 [ERROR] Engine:466 - C:\Users\salem\.stm32cubemx\thirdparties\pdsc\STMicroelectronics.FP-SNS-STBOX1.2.1.0.pdsc: PDSC version is not supported
2026-04-29 16:48:30,993 [WARN] PackLoader:240 - Cannot read IP mode file for STMicroelectronics.FP-SNS-SMARTAG2.1.2.0
2026-04-29 16:48:30,998 [WARN] PackLoader:240 - Cannot read IP mode file for STMicroelectronics.FP-SNS-FLIGHT1.5.1.0
2026-04-29 16:48:31,032 [WARN] PackLoader:240 - Cannot read IP mode file for STMicroelectronics.X-CUBE-MEMS1.11.1.0
2026-04-29 16:48:31,106 [INFO] LogOutputStream:77 - [STDOUT_REDIRECT] 1 : Invalid condition id : UX_CORESTACK_Condition cause : null
2026-04-29 16:48:31,106 [INFO] LogOutputStream:77 - [STDOUT_REDIRECT] 1 : Invalid condition id : UX_CORESTACK_Condition cause : null
2026-04-29 16:48:31,107 [INFO] LogOutputStream:77 - [STDOUT_REDIRECT] 1 : Invalid condition id : UX_CORESTACK_Condition cause : null
2026-04-29 16:48:31,107 [INFO] LogOutputStream:77 - [STDOUT_REDIRECT] 1 : Invalid condition id : UX_CORESTACK_Condition cause : null
2026-04-29 16:48:31,108 [INFO] LogOutputStream:77 - [STDOUT_REDIRECT] 1 : Invalid condition id : UX_CORESTACK_Condition cause : null
2026-04-29 16:48:31,109 [WARN] PackLoader:240 - Cannot read IP mode file for STMicroelectronics.X-CUBE-AZRTOS-WL.2.0.0
2026-04-29 16:48:31,120 [WARN] PackLoader:240 - Cannot read IP mode file for STMicroelectronics.FP-SNS-MOTENV1.5.0.0
2026-04-29 16:48:31,141 [WARN] PackLoader:240 - Cannot read IP mode file for STMicroelectronics.X-CUBE-AZRTOS-H7RS.1.2.0
2026-04-29 16:48:31,154 [WARN] PackLoader:240 - Cannot read IP mode file for wolfSSL.I-CUBE-wolfMQTT.1.19.0
2026-04-29 16:48:31,166 [WARN] PackLoader:240 - Cannot read IP mode file for WES.I-CUBE-Cesium.1.3.0
2026-04-29 16:48:31,177 [WARN] PackLoader:240 - Cannot read IP mode file for STMicroelectronics.X-CUBE-BLE2.3.3.0
2026-04-29 16:48:31,210 [WARN] PackLoader:240 - Cannot read IP mode file for STMicroelectronics.X-CUBE-NFC9.1.0.0
2026-04-29 16:48:31,224 [WARN] PackLoader:240 - Cannot read IP mode file for wolfSSL.I-CUBE-wolfSSL.5.8.2
2026-04-29 16:48:31,237 [WARN] PackLoader:240 - Cannot read IP mode file for STMicroelectronics.X-CUBE-BLE1.7.1.0
2026-04-29 16:48:31,249 [WARN] PackLoader:240 - Cannot read IP mode file for wolfSSL.I-CUBE-wolfMQTT.1.19.2
2026-04-29 16:48:31,259 [ERROR] Engine:466 - C:\Users\salem\.stm32cubemx\thirdparties\pdsc\STMicroelectronics.X-CUBE-FREERTOS.1.4.0.pdsc: PDSC version is not supported
2026-04-29 16:48:31,274 [WARN] PackLoader:240 - Cannot read IP mode file for STMicroelectronics.X-CUBE-EEPRMA1.5.2.0
2026-04-29 16:48:31,288 [ERROR] Engine:466 - C:\Users\salem\.stm32cubemx\thirdparties\pdsc\STMicroelectronics.X-CUBE-ST67W61.1.1.0.pdsc: PDSC version is not supported
2026-04-29 16:48:31,301 [WARN] PackLoader:240 - Cannot read IP mode file for STMicroelectronics.X-CUBE-AI.10.1.0
2026-04-29 16:48:31,312 [ERROR] Engine:466 - C:\Users\salem\.stm32cubemx\thirdparties\pdsc\STMicroelectronics.FP-SNS-STAIOTCFT.1.1.0.pdsc: PDSC version is not supported
2026-04-29 16:48:31,361 [WARN] PackLoader:240 - Cannot read IP mode file for STMicroelectronics.X-CUBE-MEMS1.12.0.0
2026-04-29 16:48:31,464 [WARN] PackLoader:240 - Cannot read IP mode file for STMicroelectronics.X-CUBE-MEMS1.11.2.0
2026-04-29 16:48:31,505 [ERROR] LogOutputStream:75 - [STDERR_REDIRECT] [Fatal Error] :1:1: Premature end of file.
2026-04-29 16:48:31,505 [ERROR] LogOutputStream:75 - [STDERR_REDIRECT] 
2026-04-29 16:48:31,549 [WARN] PackLoader:240 - Cannot read IP mode file for STMicroelectronics.X-CUBE-AZRTOS-G0.1.1.0
2026-04-29 16:48:31,568 [WARN] PackLoader:240 - Cannot read IP mode file for STMicroelectronics.X-CUBE-SAFEA1.1.2.2
2026-04-29 16:48:31,582 [WARN] PackLoader:240 - Cannot read IP mode file for STMicroelectronics.X-CUBE-NFC4.3.0.0
2026-04-29 16:48:31,599 [WARN] PackLoader:240 - Cannot read IP mode file for EmbeddedOffice.I-CUBE-FS-RTOS.1.0.1
2026-04-29 16:48:31,613 [WARN] PackLoader:240 - Cannot read IP mode file for STMicroelectronics.X-CUBE-WB05N.2.0.0
2026-04-29 16:48:31,619 [WARN] PackLoader:240 - Cannot read IP mode file for wolfSSL.I-CUBE-wolfTPM.3.8.0
2026-04-29 16:48:31,632 [WARN] PackLoader:240 - Cannot read IP mode file for STMicroelectronics.X-CUBE-TCPP.4.2.0
2026-04-29 16:48:31,646 [WARN] PackLoader:240 - Cannot read IP mode file for RealThread.X-CUBE-RT-Thread_Nano.4.1.1
2026-04-29 16:48:31,657 [WARN] PackLoader:240 - Cannot read IP mode file for STMicroelectronics.FP-ATR-SIGFOX1.3.2.0
2026-04-29 16:48:31,668 [WARN] ConditionMgr:438 - getConditionDescription Invalid condition id : Cortex-A Device cause : null
2026-04-29 16:48:31,675 [WARN] ConditionMgr:1044 - genDependencies : Invalid condition id : Cortex-A Device cause : null
2026-04-29 16:48:31,676 [WARN] ConditionMgr:1044 - genDependencies : Invalid condition id : Cortex-A Device cause : null
2026-04-29 16:48:31,676 [WARN] ConditionMgr:1044 - genDependencies : Invalid condition id : Cortex-A Device cause : null
2026-04-29 16:48:31,689 [WARN] PackLoader:240 - Cannot read IP mode file for STMicroelectronics.X-CUBE-EEPRMA1.5.1.0
2026-04-29 16:48:31,700 [ERROR] Engine:466 - C:\Users\salem\.stm32cubemx\thirdparties\pdsc\STMicroelectronics.X-CUBE-FREERTOS.1.5.0.pdsc: PDSC version is not supported
2026-04-29 16:48:31,710 [WARN] PackLoader:240 - Cannot read IP mode file for wolfSSL.I-CUBE-wolfSSL.5.7.4
2026-04-29 16:48:31,721 [WARN] PackLoader:240 - Cannot read IP mode file for wolfSSL.I-CUBE-wolfSSL.5.7.6
2026-04-29 16:48:31,734 [WARN] PackLoader:240 - Cannot read IP mode file for ITTIA_DB.I-CUBE-ITTIADB.8.9.0
2026-04-29 16:48:31,749 [WARN] PackLoader:240 - Cannot read IP mode file for STMicroelectronics.X-CUBE-NFC6.3.2.0
2026-04-29 16:48:31,764 [WARN] PackLoader:240 - Cannot read IP mode file for STMicroelectronics.X-CUBE-ST67W61.1.0.0
2026-04-29 16:48:31,775 [WARN] PackLoader:240 - Cannot read IP mode file for STMicroelectronics.X-CUBE-AI.10.2.0
2026-04-29 16:48:31,796 [WARN] PackLoader:240 - Cannot read IP mode file for SEGGER.I-CUBE-embOS.1.3.1
2026-04-29 16:48:31,823 [WARN] PackLoader:240 - Cannot read IP mode file for STMicroelectronics.X-CUBE-ALGOBUILD.1.4.0
2026-04-29 16:48:31,860 [WARN] PackLoader:240 - Cannot read IP mode file for STMicroelectronics.X-CUBE-MEMS1.11.3.0
2026-04-29 16:48:31,920 [WARN] PackLoader:240 - Cannot read IP mode file for STMicroelectronics.X-CUBE-AI.9.1.0
2026-04-29 16:48:31,932 [WARN] PackLoader:240 - Cannot read IP mode file for STMicroelectronics.X-CUBE-PM33A1.1.0.0
2026-04-29 16:48:31,953 [WARN] PackLoader:240 - Cannot read IP mode file for STMicroelectronics.X-CUBE-AZRTOS-F4.1.1.0
2026-04-29 16:48:31,960 [WARN] PackLoader:240 - Cannot read IP mode file for Avnet-IotConnect.X-CUBE-IoTC-DA16k-PMOD.1.0.0
2026-04-29 16:48:31,975 [WARN] PackLoader:240 - Cannot read IP mode file for STMicroelectronics.X-CUBE-ISPU.2.1.0
2026-04-29 16:48:31,990 [ERROR] Engine:466 - C:\Users\salem\.stm32cubemx\thirdparties\pdsc\STMicroelectronics.X-CUBE-IPS.3.2.0.pdsc: PDSC version is not supported
2026-04-29 16:48:31,995 [WARN] PackLoader:240 - Cannot read IP mode file for STMicroelectronics.eDS-WB_DPC_TT-BIDIR.2.1.1
2026-04-29 16:48:32,011 [WARN] PackLoader:240 - Cannot read IP mode file for STMicroelectronics.X-CUBE-NFC12.1.0.0
2026-04-29 16:48:32,035 [WARN] PackLoader:240 - Cannot read IP mode file for STMicroelectronics.X-CUBE-AZRTOS-L5.2.0.0
2026-04-29 16:48:32,049 [WARN] PackLoader:240 - Cannot read IP mode file for STMicroelectronics.X-CUBE-NFC6.3.1.0
2026-04-29 16:48:32,066 [WARN] PackLoader:240 - Cannot read IP mode file for STMicroelectronics.X-CUBE-DPower.1.2.0
2026-04-29 16:48:32,072 [WARN] PackLoader:240 - Cannot read IP mode file for STMicroelectronics.eDS-WB_DPC_VIENNA.1.2.0
2026-04-29 16:48:32,085 [WARN] PackLoader:240 - Cannot read IP mode file for STMicroelectronics.eDS-WB_DPC_3PH2L-BIDIR.1.1.1
2026-04-29 16:48:32,100 [ERROR] Engine:466 - C:\Users\salem\.stm32cubemx\thirdparties\pdsc\STMicroelectronics.X-CUBE-ST67W61.1.3.0.pdsc: PDSC version is not supported
2026-04-29 16:48:32,117 [WARN] PackLoader:240 - Cannot read IP mode file for STMicroelectronics.X-CUBE-FREERTOS.1.3.1
2026-04-29 16:48:32,130 [WARN] PackLoader:240 - Cannot read IP mode file for STMicroelectronics.X-CUBE-FREERTOS.1.3.0
2026-04-29 16:48:32,142 [WARN] PackLoader:240 - Cannot read IP mode file for STMicroelectronics.X-CUBE-NFC7.1.0.1
2026-04-29 16:48:32,153 [WARN] PackLoader:240 - Cannot read IP mode file for STMicroelectronics.X-CUBE-TOUCHGFX.4.26.0
2026-04-29 16:48:32,163 [WARN] PackLoader:240 - Cannot read IP mode file for STMicroelectronics.X-CUBE-TOUCHGFX.4.26.1
2026-04-29 16:48:32,175 [WARN] PackLoader:240 - Cannot read IP mode file for STMicroelectronics.FP-SNS-STAIOTCFT.1.0.0
2026-04-29 16:48:32,187 [WARN] PackLoader:240 - Cannot read IP mode file for STMicroelectronics.X-CUBE-DPower.1.3.0
2026-04-29 16:48:32,208 [WARN] ConditionMgr:438 - getConditionDescription Invalid condition id : LAN8742 Phy interface Condition cause : null
2026-04-29 16:48:32,208 [WARN] PackLoader:240 - Cannot read IP mode file for STMicroelectronics.X-CUBE-AZRTOS-L4.2.0.0
2026-04-29 16:48:32,209 [WARN] ConditionMgr:1044 - genDependencies : Invalid condition id : LAN8742 Phy interface Condition cause : null
2026-04-29 16:48:32,209 [WARN] ConditionMgr:1044 - genDependencies : Invalid condition id : LAN8742 Phy interface Condition cause : null
2026-04-29 16:48:32,209 [WARN] ConditionMgr:1044 - genDependencies : Invalid condition id : LAN8742 Phy interface Condition cause : null
2026-04-29 16:48:32,225 [WARN] PackLoader:240 - Cannot read IP mode file for STMicroelectronics.X-CUBE-SFXS2LP1.4.0.0
2026-04-29 16:48:32,244 [WARN] PackLoader:240 - Cannot read IP mode file for STMicroelectronics.X-CUBE-WB05N.2.1.0
2026-04-29 16:48:32,259 [ERROR] Engine:466 - C:\Users\salem\.stm32cubemx\thirdparties\pdsc\STMicroelectronics.X-CUBE-ST67W61.1.2.0.pdsc: PDSC version is not supported
2026-04-29 16:48:32,287 [WARN] PackLoader:240 - Cannot read IP mode file for STMicroelectronics.X-CUBE-AZRTOS-H7.3.3.0
2026-04-29 16:48:32,306 [WARN] PackLoader:240 - Cannot read IP mode file for STMicroelectronics.X-CUBE-BLEMGR.4.1.0
2026-04-29 16:48:32,321 [WARN] PackLoader:240 - Cannot read IP mode file for STMicroelectronics.X-CUBE-IPS.3.0.0
2026-04-29 16:48:32,339 [WARN] ConditionMgr:438 - getConditionDescription Invalid condition id : UX DEVICE CLASS RTOS Condition cause : null
2026-04-29 16:48:32,339 [WARN] ConditionMgr:438 - getConditionDescription Invalid condition id : UX DEVICE CLASS RTOS Condition cause : null
2026-04-29 16:48:32,340 [WARN] PackLoader:240 - Cannot read IP mode file for STMicroelectronics.X-CUBE-AZRTOS-WB.2.0.0
2026-04-29 16:48:32,340 [WARN] ConditionMgr:1044 - genDependencies : Invalid condition id : UX DEVICE CLASS RTOS Condition cause : null
2026-04-29 16:48:32,341 [WARN] ConditionMgr:1044 - genDependencies : Invalid condition id : UX DEVICE CLASS RTOS Condition cause : null
2026-04-29 16:48:32,341 [WARN] ConditionMgr:1044 - genDependencies : Invalid condition id : UX DEVICE CLASS RTOS Condition cause : null
2026-04-29 16:48:32,341 [WARN] ConditionMgr:1044 - genDependencies : Invalid condition id : UX DEVICE CLASS RTOS Condition cause : null
2026-04-29 16:48:32,341 [WARN] ConditionMgr:1044 - genDependencies : Invalid condition id : UX DEVICE CLASS RTOS Condition cause : null
2026-04-29 16:48:32,351 [WARN] PackLoader:240 - Cannot read IP mode file for STMicroelectronics.X-CUBE-GNSS1.7.0.0
2026-04-29 16:48:32,362 [WARN] PackLoader:240 - Cannot read IP mode file for STMicroelectronics.X-CUBE-GNSS1.7.0.1
2026-04-29 16:48:32,374 [WARN] PackLoader:240 - Cannot read IP mode file for STMicroelectronics.X-CUBE-TOUCHGFX.4.25.0
2026-04-29 16:48:32,387 [WARN] PackLoader:240 - Cannot read IP mode file for STMicroelectronics.FP-SNS-STBOX1.2.0.0
2026-04-29 16:48:32,398 [WARN] ConditionMgr:438 - getConditionDescription Invalid condition id : Cortex-A Device cause : null
2026-04-29 16:48:32,411 [WARN] ConditionMgr:1044 - genDependencies : Invalid condition id : Cortex-A Device cause : null
2026-04-29 16:48:32,411 [WARN] ConditionMgr:1044 - genDependencies : Invalid condition id : Cortex-A Device cause : null
2026-04-29 16:48:32,411 [WARN] ConditionMgr:1044 - genDependencies : Invalid condition id : Cortex-A Device cause : null
2026-04-29 16:48:32,424 [WARN] PackLoader:240 - Cannot read IP mode file for STMicroelectronics.X-CUBE-STSE01.2.0.0
2026-04-29 16:48:32,437 [WARN] PackLoader:240 - Cannot read IP mode file for STMicroelectronics.X-CUBE-SUBG2.5.0.0
2026-04-29 16:48:32,460 [WARN] PackLoader:240 - Cannot read IP mode file for STMicroelectronics.X-CUBE-AZRTOS-H7RS.1.1.0
2026-04-29 16:48:32,479 [WARN] PackLoader:240 - Cannot read IP mode file for Cesanta.I-CUBE-Mongoose.7.13.0
2026-04-29 16:48:32,497 [ERROR] LogOutputStream:75 - [STDERR_REDIRECT] [Fatal Error] :1:1: Premature end of file.
2026-04-29 16:48:32,498 [ERROR] LogOutputStream:75 - [STDERR_REDIRECT] 
2026-04-29 16:48:32,502 [WARN] PackLoader:240 - Cannot read IP mode file for STMicroelectronics.X-CUBE-AZRTOS-G4.2.0.0
2026-04-29 16:48:32,508 [WARN] PackLoader:240 - Cannot read IP mode file for wolfSSL.I-CUBE-wolfSSH.1.4.20
2026-04-29 16:48:32,519 [WARN] PackLoader:240 - Cannot read IP mode file for STMicroelectronics.X-CUBE-NFC7.2.0.0
2026-04-29 16:48:32,534 [WARN] PackLoader:240 - Cannot read IP mode file for STMicroelectronics.X-CUBE-IPS.3.1.0
2026-04-29 16:48:32,547 [WARN] PackLoader:240 - Cannot read IP mode file for STMicroelectronics.X-CUBE-ALS.1.0.2
2026-04-29 16:48:32,558 [WARN] PackLoader:240 - Cannot read IP mode file for STMicroelectronics.X-CUBE-TOUCHGFX.4.24.2
2026-04-29 16:48:32,570 [WARN] PackLoader:240 - Cannot read IP mode file for STMicroelectronics.X-CUBE-TOUCHGFX.4.24.1
2026-04-29 16:48:32,582 [WARN] PackLoader:240 - Cannot read IP mode file for STMicroelectronics.X-CUBE-STSE01.1.0.0
2026-04-29 16:48:32,593 [WARN] PackLoader:240 - Cannot read IP mode file for wolfSSL.I-CUBE-wolfTPM.3.4.0
2026-04-29 16:48:32,607 [WARN] PackLoader:240 - Cannot read IP mode file for portGmbH.I-Cube-SoM-uGOAL.1.1.0
2026-04-29 16:48:32,625 [WARN] PackLoader:240 - Cannot read IP mode file for STMicroelectronics.X-CUBE-AZRTOS-H7RS.1.0.0
2026-04-29 16:48:32,639 [WARN] PackLoader:240 - Cannot read IP mode file for STMicroelectronics.X-CUBE-TOF1.3.4.2
2026-04-29 16:48:32,655 [WARN] PackLoader:240 - Cannot read IP mode file for STMicroelectronics.X-CUBE-TOF1.3.4.3
2026-04-29 16:48:32,669 [WARN] PackLoader:240 - Cannot read IP mode file for wolfSSL.I-CUBE-wolfSSH.1.4.17
2026-04-29 16:48:32,670 [INFO] ThirdParty:978 - Integrity check success = true
2026-04-29 16:48:32,670 [INFO] IntegrityCheckThread:100 - exiting critical section [integrity check]
2026-04-29 16:48:32,670 [INFO] IntegrityCheckThread:103 - End integrity checks thread
2026-04-29 16:48:33,481 [ERROR] LogOutputStream:75 - [STDERR_REDIRECT] [Fatal Error] :1:1: Premature end of file.
2026-04-29 16:48:33,482 [ERROR] LogOutputStream:75 - [STDERR_REDIRECT] 
2026-04-29 16:48:34,483 [ERROR] LogOutputStream:75 - [STDERR_REDIRECT] [Fatal Error] :1:1: Premature end of file.
2026-04-29 16:48:34,483 [ERROR] LogOutputStream:75 - [STDERR_REDIRECT] 
2026-04-29 16:48:35,483 [ERROR] LogOutputStream:75 - [STDERR_REDIRECT] [Fatal Error] :1:1: Premature end of file.
2026-04-29 16:48:35,483 [ERROR] LogOutputStream:75 - [STDERR_REDIRECT] 
2026-04-29 16:48:36,485 [ERROR] LogOutputStream:75 - [STDERR_REDIRECT] [Fatal Error] :1:1: Premature end of file.
2026-04-29 16:48:36,486 [ERROR] LogOutputStream:75 - [STDERR_REDIRECT] 
2026-04-29 16:48:37,481 [ERROR] LogOutputStream:75 - [STDERR_REDIRECT] [Fatal Error] :1:1: Premature end of file.
2026-04-29 16:48:37,482 [ERROR] LogOutputStream:75 - [STDERR_REDIRECT] 
2026-04-29 16:48:38,492 [ERROR] LogOutputStream:75 - [STDERR_REDIRECT] [Fatal Error] :1:1: Premature end of file.
2026-04-29 16:48:38,492 [ERROR] LogOutputStream:75 - [STDERR_REDIRECT] 
2026-04-29 16:48:39,489 [ERROR] LogOutputStream:75 - [STDERR_REDIRECT] [Fatal Error] :1:1: Premature end of file.
2026-04-29 16:48:39,489 [ERROR] LogOutputStream:75 - [STDERR_REDIRECT] 
2026-04-29 16:48:40,512 [ERROR] LogOutputStream:75 - [STDERR_REDIRECT] [Fatal Error] :1:1: Premature end of file.
2026-04-29 16:48:40,512 [ERROR] LogOutputStream:75 - [STDERR_REDIRECT] 
2026-04-29 16:48:41,498 [ERROR] LogOutputStream:75 - [STDERR_REDIRECT] [Fatal Error] :1:1: Premature end of file.
2026-04-29 16:48:41,499 [ERROR] LogOutputStream:75 - [STDERR_REDIRECT] 
2026-04-29 16:48:42,505 [ERROR] LogOutputStream:75 - [STDERR_REDIRECT] [Fatal Error] :1:1: Premature end of file.
2026-04-29 16:48:42,505 [ERROR] LogOutputStream:75 - [STDERR_REDIRECT] 
2026-04-29 16:48:43,493 [ERROR] LogOutputStream:75 - [STDERR_REDIRECT] [Fatal Error] :1:1: Premature end of file.
2026-04-29 16:48:43,494 [ERROR] LogOutputStream:75 - [STDERR_REDIRECT] 
2026-04-29 16:48:44,498 [ERROR] LogOutputStream:75 - [STDERR_REDIRECT] [Fatal Error] :1:1: Premature end of file.
2026-04-29 16:48:44,498 [ERROR] LogOutputStream:75 - [STDERR_REDIRECT] 
2026-04-29 16:48:45,500 [ERROR] LogOutputStream:75 - [STDERR_REDIRECT] [Fatal Error] :1:1: Premature end of file.
2026-04-29 16:48:45,500 [ERROR] LogOutputStream:75 - [STDERR_REDIRECT] 
2026-04-29 16:48:46,504 [ERROR] LogOutputStream:75 - [STDERR_REDIRECT] [Fatal Error] :1:1: Premature end of file.
2026-04-29 16:48:46,505 [ERROR] LogOutputStream:75 - [STDERR_REDIRECT] 
2026-04-29 16:48:47,501 [ERROR] LogOutputStream:75 - [STDERR_REDIRECT] [Fatal Error] :1:1: Premature end of file.
2026-04-29 16:48:47,501 [ERROR] LogOutputStream:75 - [STDERR_REDIRECT] 
2026-04-29 16:48:48,496 [ERROR] LogOutputStream:75 - [STDERR_REDIRECT] [Fatal Error] :1:1: Premature end of file.
2026-04-29 16:48:48,496 [ERROR] LogOutputStream:75 - [STDERR_REDIRECT] 
2026-04-29 16:48:49,501 [ERROR] LogOutputStream:75 - [STDERR_REDIRECT] [Fatal Error] :1:1: Premature end of file.
2026-04-29 16:48:49,502 [ERROR] LogOutputStream:75 - [STDERR_REDIRECT] 
2026-04-29 16:48:50,519 [ERROR] LogOutputStream:75 - [STDERR_REDIRECT] [Fatal Error] :1:1: Premature end of file.
2026-04-29 16:48:50,519 [ERROR] LogOutputStream:75 - [STDERR_REDIRECT] 
2026-04-29 16:48:51,494 [ERROR] LogOutputStream:75 - [STDERR_REDIRECT] [Fatal Error] :1:1: Premature end of file.
2026-04-29 16:48:51,494 [ERROR] LogOutputStream:75 - [STDERR_REDIRECT] 
2026-04-29 16:48:52,520 [ERROR] LogOutputStream:75 - [STDERR_REDIRECT] [Fatal Error] :1:1: Premature end of file.
2026-04-29 16:48:52,521 [ERROR] LogOutputStream:75 - [STDERR_REDIRECT] 
2026-04-29 16:48:53,494 [ERROR] LogOutputStream:75 - [STDERR_REDIRECT] [Fatal Error] :1:1: Premature end of file.
2026-04-29 16:48:53,494 [ERROR] LogOutputStream:75 - [STDERR_REDIRECT] 
2026-04-29 16:48:54,490 [ERROR] LogOutputStream:75 - [STDERR_REDIRECT] [Fatal Error] :1:1: Premature end of file.
2026-04-29 16:48:54,490 [ERROR] LogOutputStream:75 - [STDERR_REDIRECT] 
2026-04-29 16:48:55,498 [ERROR] LogOutputStream:75 - [STDERR_REDIRECT] [Fatal Error] :1:1: Premature end of file.
2026-04-29 16:48:55,499 [ERROR] LogOutputStream:75 - [STDERR_REDIRECT] 
2026-04-29 16:48:56,505 [ERROR] LogOutputStream:75 - [STDERR_REDIRECT] [Fatal Error] :1:1: Premature end of file.
2026-04-29 16:48:56,506 [ERROR] LogOutputStream:75 - [STDERR_REDIRECT] 
2026-04-29 16:48:57,499 [ERROR] LogOutputStream:75 - [STDERR_REDIRECT] [Fatal Error] :1:1: Premature end of file.
2026-04-29 16:48:57,499 [ERROR] LogOutputStream:75 - [STDERR_REDIRECT] 
2026-04-29 16:48:58,495 [ERROR] LogOutputStream:75 - [STDERR_REDIRECT] [Fatal Error] :1:1: Premature end of file.
2026-04-29 16:48:58,496 [ERROR] LogOutputStream:75 - [STDERR_REDIRECT] 
2026-04-29 16:48:59,493 [ERROR] LogOutputStream:75 - [STDERR_REDIRECT] [Fatal Error] :1:1: Premature end of file.
2026-04-29 16:48:59,493 [ERROR] LogOutputStream:75 - [STDERR_REDIRECT] 
2026-04-29 16:49:00,502 [ERROR] LogOutputStream:75 - [STDERR_REDIRECT] [Fatal Error] :1:1: Premature end of file.
2026-04-29 16:49:00,502 [ERROR] LogOutputStream:75 - [STDERR_REDIRECT] 
2026-04-29 16:49:01,503 [ERROR] LogOutputStream:75 - [STDERR_REDIRECT] [Fatal Error] :1:1: Premature end of file.
2026-04-29 16:49:01,503 [ERROR] LogOutputStream:75 - [STDERR_REDIRECT] 
2026-04-29 16:49:02,496 [ERROR] LogOutputStream:75 - [STDERR_REDIRECT] [Fatal Error] :1:1: Premature end of file.
2026-04-29 16:49:02,496 [ERROR] LogOutputStream:75 - [STDERR_REDIRECT] 
2026-04-29 16:49:03,502 [ERROR] LogOutputStream:75 - [STDERR_REDIRECT] [Fatal Error] :1:1: Premature end of file.
2026-04-29 16:49:03,502 [ERROR] LogOutputStream:75 - [STDERR_REDIRECT] 
2026-04-29 16:49:04,497 [ERROR] LogOutputStream:75 - [STDERR_REDIRECT] [Fatal Error] :1:1: Premature end of file.
2026-04-29 16:49:04,497 [ERROR] LogOutputStream:75 - [STDERR_REDIRECT] 
2026-04-29 16:49:05,500 [ERROR] LogOutputStream:75 - [STDERR_REDIRECT] [Fatal Error] :1:1: Premature end of file.
2026-04-29 16:49:05,500 [ERROR] LogOutputStream:75 - [STDERR_REDIRECT] 
2026-04-29 16:49:06,501 [ERROR] LogOutputStream:75 - [STDERR_REDIRECT] [Fatal Error] :1:1: Premature end of file.
2026-04-29 16:49:06,501 [ERROR] LogOutputStream:75 - [STDERR_REDIRECT] 
2026-04-29 16:49:07,492 [ERROR] LogOutputStream:75 - [STDERR_REDIRECT] [Fatal Error] :1:1: Premature end of file.
2026-04-29 16:49:07,492 [ERROR] LogOutputStream:75 - [STDERR_REDIRECT] 
2026-04-29 16:49:08,503 [ERROR] LogOutputStream:75 - [STDERR_REDIRECT] [Fatal Error] :1:1: Premature end of file.
2026-04-29 16:49:08,503 [ERROR] LogOutputStream:75 - [STDERR_REDIRECT] 
2026-04-29 16:49:09,481 [ERROR] LogOutputStream:75 - [STDERR_REDIRECT] [Fatal Error] :1:1: Premature end of file.
2026-04-29 16:49:09,481 [ERROR] LogOutputStream:75 - [STDERR_REDIRECT] 
2026-04-29 16:49:10,502 [ERROR] LogOutputStream:75 - [STDERR_REDIRECT] [Fatal Error] :1:1: Premature end of file.
2026-04-29 16:49:10,502 [ERROR] LogOutputStream:75 - [STDERR_REDIRECT] 
2026-04-29 16:49:11,481 [ERROR] LogOutputStream:75 - [STDERR_REDIRECT] [Fatal Error] :1:1: Premature end of file.
2026-04-29 16:49:11,481 [ERROR] LogOutputStream:75 - [STDERR_REDIRECT] 
2026-04-29 16:49:12,494 [ERROR] LogOutputStream:75 - [STDERR_REDIRECT] [Fatal Error] :1:1: Premature end of file.
2026-04-29 16:49:12,494 [ERROR] LogOutputStream:75 - [STDERR_REDIRECT] 
2026-04-29 16:49:13,501 [ERROR] LogOutputStream:75 - [STDERR_REDIRECT] [Fatal Error] :1:1: Premature end of file.
2026-04-29 16:49:13,501 [ERROR] LogOutputStream:75 - [STDERR_REDIRECT] 
2026-04-29 16:49:14,498 [ERROR] LogOutputStream:75 - [STDERR_REDIRECT] [Fatal Error] :1:1: Premature end of file.
2026-04-29 16:49:14,498 [ERROR] LogOutputStream:75 - [STDERR_REDIRECT] 
2026-04-29 16:49:15,497 [ERROR] LogOutputStream:75 - [STDERR_REDIRECT] [Fatal Error] :1:1: Premature end of file.
2026-04-29 16:49:15,499 [ERROR] LogOutputStream:75 - [STDERR_REDIRECT] 
2026-04-29 16:49:16,489 [ERROR] LogOutputStream:75 - [STDERR_REDIRECT] [Fatal Error] :1:1: Premature end of file.
2026-04-29 16:49:16,490 [ERROR] LogOutputStream:75 - [STDERR_REDIRECT] 
2026-04-29 16:49:17,497 [ERROR] LogOutputStream:75 - [STDERR_REDIRECT] [Fatal Error] :1:1: Premature end of file.
2026-04-29 16:49:17,497 [ERROR] LogOutputStream:75 - [STDERR_REDIRECT] 
2026-04-29 16:49:18,501 [ERROR] LogOutputStream:75 - [STDERR_REDIRECT] [Fatal Error] :1:1: Premature end of file.
2026-04-29 16:49:18,501 [ERROR] LogOutputStream:75 - [STDERR_REDIRECT] 
2026-04-29 16:49:19,500 [ERROR] LogOutputStream:75 - [STDERR_REDIRECT] [Fatal Error] :1:1: Premature end of file.
2026-04-29 16:49:19,500 [ERROR] LogOutputStream:75 - [STDERR_REDIRECT] 
2026-04-29 16:49:20,509 [ERROR] LogOutputStream:75 - [STDERR_REDIRECT] [Fatal Error] :1:1: Premature end of file.
2026-04-29 16:49:20,509 [ERROR] LogOutputStream:75 - [STDERR_REDIRECT] 
2026-04-29 16:49:21,498 [ERROR] LogOutputStream:75 - [STDERR_REDIRECT] [Fatal Error] :1:1: Premature end of file.
2026-04-29 16:49:21,498 [ERROR] LogOutputStream:75 - [STDERR_REDIRECT] 
2026-04-29 16:49:22,485 [ERROR] LogOutputStream:75 - [STDERR_REDIRECT] [Fatal Error] :1:1: Premature end of file.
2026-04-29 16:49:22,485 [ERROR] LogOutputStream:75 - [STDERR_REDIRECT] 
2026-04-29 16:49:23,481 [ERROR] LogOutputStream:75 - [STDERR_REDIRECT] [Fatal Error] :1:1: Premature end of file.
2026-04-29 16:49:23,481 [ERROR] LogOutputStream:75 - [STDERR_REDIRECT] 
2026-04-29 16:49:24,490 [ERROR] LogOutputStream:75 - [STDERR_REDIRECT] [Fatal Error] :1:1: Premature end of file.
2026-04-29 16:49:24,490 [ERROR] LogOutputStream:75 - [STDERR_REDIRECT] 
2026-04-29 16:49:25,486 [ERROR] LogOutputStream:75 - [STDERR_REDIRECT] [Fatal Error] :1:1: Premature end of file.
2026-04-29 16:49:25,487 [ERROR] LogOutputStream:75 - [STDERR_REDIRECT] 
2026-04-29 16:49:26,491 [ERROR] LogOutputStream:75 - [STDERR_REDIRECT] [Fatal Error] :1:1: Premature end of file.
2026-04-29 16:49:26,492 [ERROR] LogOutputStream:75 - [STDERR_REDIRECT] 
2026-04-29 16:49:27,496 [ERROR] LogOutputStream:75 - [STDERR_REDIRECT] [Fatal Error] :1:1: Premature end of file.
2026-04-29 16:49:27,496 [ERROR] LogOutputStream:75 - [STDERR_REDIRECT] 
2026-04-29 16:49:28,484 [ERROR] LogOutputStream:75 - [STDERR_REDIRECT] [Fatal Error] :1:1: Premature end of file.
2026-04-29 16:49:28,486 [ERROR] LogOutputStream:75 - [STDERR_REDIRECT] 
2026-04-29 16:49:29,496 [ERROR] LogOutputStream:75 - [STDERR_REDIRECT] [Fatal Error] :1:1: Premature end of file.
2026-04-29 16:49:29,497 [ERROR] LogOutputStream:75 - [STDERR_REDIRECT] 
2026-04-29 16:49:30,482 [ERROR] LogOutputStream:75 - [STDERR_REDIRECT] [Fatal Error] :1:1: Premature end of file.
2026-04-29 16:49:30,482 [ERROR] LogOutputStream:75 - [STDERR_REDIRECT] 
2026-04-29 16:49:31,484 [ERROR] LogOutputStream:75 - [STDERR_REDIRECT] [Fatal Error] :1:1: Premature end of file.
2026-04-29 16:49:31,484 [ERROR] LogOutputStream:75 - [STDERR_REDIRECT] 
2026-04-29 16:49:32,481 [ERROR] LogOutputStream:75 - [STDERR_REDIRECT] [Fatal Error] :1:1: Premature end of file.
2026-04-29 16:49:32,481 [ERROR] LogOutputStream:75 - [STDERR_REDIRECT] 
2026-04-29 16:49:33,493 [ERROR] LogOutputStream:75 - [STDERR_REDIRECT] [Fatal Error] :1:1: Premature end of file.
2026-04-29 16:49:33,494 [ERROR] LogOutputStream:75 - [STDERR_REDIRECT] 
2026-04-29 16:49:34,498 [ERROR] LogOutputStream:75 - [STDERR_REDIRECT] [Fatal Error] :1:1: Premature end of file.
2026-04-29 16:49:34,498 [ERROR] LogOutputStream:75 - [STDERR_REDIRECT] 
2026-04-29 16:49:35,488 [ERROR] LogOutputStream:75 - [STDERR_REDIRECT] [Fatal Error] :1:1: Premature end of file.
2026-04-29 16:49:35,488 [ERROR] LogOutputStream:75 - [STDERR_REDIRECT] 
2026-04-29 16:49:36,495 [ERROR] LogOutputStream:75 - [STDERR_REDIRECT] [Fatal Error] :1:1: Premature end of file.
2026-04-29 16:49:36,495 [ERROR] LogOutputStream:75 - [STDERR_REDIRECT] 
2026-04-29 16:49:37,493 [ERROR] LogOutputStream:75 - [STDERR_REDIRECT] [Fatal Error] :1:1: Premature end of file.
2026-04-29 16:49:37,494 [ERROR] LogOutputStream:75 - [STDERR_REDIRECT] 
2026-04-29 16:49:38,498 [ERROR] LogOutputStream:75 - [STDERR_REDIRECT] [Fatal Error] :1:1: Premature end of file.
2026-04-29 16:49:38,498 [ERROR] LogOutputStream:75 - [STDERR_REDIRECT] 
2026-04-29 16:49:39,487 [ERROR] LogOutputStream:75 - [STDERR_REDIRECT] [Fatal Error] :1:1: Premature end of file.
2026-04-29 16:49:39,488 [ERROR] LogOutputStream:75 - [STDERR_REDIRECT] 
2026-04-29 16:49:40,496 [ERROR] LogOutputStream:75 - [STDERR_REDIRECT] [Fatal Error] :1:1: Premature end of file.
2026-04-29 16:49:40,497 [ERROR] LogOutputStream:75 - [STDERR_REDIRECT] 
2026-04-29 16:49:41,480 [ERROR] LogOutputStream:75 - [STDERR_REDIRECT] [Fatal Error] :1:1: Premature end of file.
2026-04-29 16:49:41,480 [ERROR] LogOutputStream:75 - [STDERR_REDIRECT] 
2026-04-29 16:49:42,495 [ERROR] LogOutputStream:75 - [STDERR_REDIRECT] [Fatal Error] :1:1: Premature end of file.
2026-04-29 16:49:42,495 [ERROR] LogOutputStream:75 - [STDERR_REDIRECT] 
2026-04-29 16:49:43,480 [ERROR] LogOutputStream:75 - [STDERR_REDIRECT] [Fatal Error] :1:1: Premature end of file.
2026-04-29 16:49:43,481 [ERROR] LogOutputStream:75 - [STDERR_REDIRECT] 
2026-04-29 16:49:44,491 [ERROR] LogOutputStream:75 - [STDERR_REDIRECT] [Fatal Error] :1:1: Premature end of file.
2026-04-29 16:49:44,491 [ERROR] LogOutputStream:75 - [STDERR_REDIRECT] 
2026-04-29 16:49:45,494 [ERROR] LogOutputStream:75 - [STDERR_REDIRECT] [Fatal Error] :1:1: Premature end of file.
2026-04-29 16:49:45,494 [ERROR] LogOutputStream:75 - [STDERR_REDIRECT] 
2026-04-29 16:49:46,502 [ERROR] LogOutputStream:75 - [STDERR_REDIRECT] [Fatal Error] :1:1: Premature end of file.
2026-04-29 16:49:46,503 [ERROR] LogOutputStream:75 - [STDERR_REDIRECT] 
2026-04-29 16:49:47,480 [ERROR] LogOutputStream:75 - [STDERR_REDIRECT] [Fatal Error] :1:1: Premature end of file.
2026-04-29 16:49:47,480 [ERROR] LogOutputStream:75 - [STDERR_REDIRECT] 
2026-04-29 16:49:48,497 [ERROR] LogOutputStream:75 - [STDERR_REDIRECT] [Fatal Error] :1:1: Premature end of file.
2026-04-29 16:49:48,497 [ERROR] LogOutputStream:75 - [STDERR_REDIRECT] 
2026-04-29 16:49:49,504 [ERROR] LogOutputStream:75 - [STDERR_REDIRECT] [Fatal Error] :1:1: Premature end of file.
2026-04-29 16:49:49,504 [ERROR] LogOutputStream:75 - [STDERR_REDIRECT] 
2026-04-29 16:49:50,481 [ERROR] LogOutputStream:75 - [STDERR_REDIRECT] [Fatal Error] :1:1: Premature end of file.
2026-04-29 16:49:50,482 [ERROR] LogOutputStream:75 - [STDERR_REDIRECT] 
2026-04-29 16:49:51,501 [ERROR] LogOutputStream:75 - [STDERR_REDIRECT] [Fatal Error] :1:1: Premature end of file.
2026-04-29 16:49:51,502 [ERROR] LogOutputStream:75 - [STDERR_REDIRECT] 
2026-04-29 16:49:52,514 [ERROR] LogOutputStream:75 - [STDERR_REDIRECT] [Fatal Error] :1:1: Premature end of file.
2026-04-29 16:49:52,514 [ERROR] LogOutputStream:75 - [STDERR_REDIRECT] 
2026-04-29 16:49:53,503 [ERROR] LogOutputStream:75 - [STDERR_REDIRECT] [Fatal Error] :1:1: Premature end of file.
2026-04-29 16:49:53,503 [ERROR] LogOutputStream:75 - [STDERR_REDIRECT] 
2026-04-29 16:49:54,498 [ERROR] LogOutputStream:75 - [STDERR_REDIRECT] [Fatal Error] :1:1: Premature end of file.
2026-04-29 16:49:54,498 [ERROR] LogOutputStream:75 - [STDERR_REDIRECT] 
2026-04-29 16:49:55,503 [ERROR] LogOutputStream:75 - [STDERR_REDIRECT] [Fatal Error] :1:1: Premature end of file.
2026-04-29 16:49:55,503 [ERROR] LogOutputStream:75 - [STDERR_REDIRECT] 
2026-04-29 16:49:56,503 [ERROR] LogOutputStream:75 - [STDERR_REDIRECT] [Fatal Error] :1:1: Premature end of file.
2026-04-29 16:49:56,503 [ERROR] LogOutputStream:75 - [STDERR_REDIRECT] 
2026-04-29 16:49:57,487 [ERROR] LogOutputStream:75 - [STDERR_REDIRECT] [Fatal Error] :1:1: Premature end of file.
2026-04-29 16:49:57,487 [ERROR] LogOutputStream:75 - [STDERR_REDIRECT] 
2026-04-29 16:49:58,496 [ERROR] LogOutputStream:75 - [STDERR_REDIRECT] [Fatal Error] :1:1: Premature end of file.
2026-04-29 16:49:58,496 [ERROR] LogOutputStream:75 - [STDERR_REDIRECT] 
2026-04-29 16:49:59,495 [ERROR] LogOutputStream:75 - [STDERR_REDIRECT] [Fatal Error] :1:1: Premature end of file.
2026-04-29 16:49:59,496 [ERROR] LogOutputStream:75 - [STDERR_REDIRECT] 
2026-04-29 16:50:00,495 [ERROR] LogOutputStream:75 - [STDERR_REDIRECT] [Fatal Error] :1:1: Premature end of file.
2026-04-29 16:50:00,496 [ERROR] LogOutputStream:75 - [STDERR_REDIRECT] 
2026-04-29 16:50:01,502 [ERROR] LogOutputStream:75 - [STDERR_REDIRECT] [Fatal Error] :1:1: Premature end of file.
2026-04-29 16:50:01,502 [ERROR] LogOutputStream:75 - [STDERR_REDIRECT] 
2026-04-29 16:50:02,494 [ERROR] LogOutputStream:75 - [STDERR_REDIRECT] [Fatal Error] :1:1: Premature end of file.
2026-04-29 16:50:02,494 [ERROR] LogOutputStream:75 - [STDERR_REDIRECT] 
2026-04-29 16:50:03,487 [ERROR] LogOutputStream:75 - [STDERR_REDIRECT] [Fatal Error] :1:1: Premature end of file.
2026-04-29 16:50:03,487 [ERROR] LogOutputStream:75 - [STDERR_REDIRECT] 
2026-04-29 16:50:04,495 [ERROR] LogOutputStream:75 - [STDERR_REDIRECT] [Fatal Error] :1:1: Premature end of file.
2026-04-29 16:50:04,495 [ERROR] LogOutputStream:75 - [STDERR_REDIRECT] 
2026-04-29 16:50:05,489 [ERROR] LogOutputStream:75 - [STDERR_REDIRECT] [Fatal Error] :1:1: Premature end of file.
2026-04-29 16:50:05,489 [ERROR] LogOutputStream:75 - [STDERR_REDIRECT] 
2026-04-29 16:50:06,486 [ERROR] LogOutputStream:75 - [STDERR_REDIRECT] [Fatal Error] :1:1: Premature end of file.
2026-04-29 16:50:06,487 [ERROR] LogOutputStream:75 - [STDERR_REDIRECT] 
2026-04-29 16:50:07,493 [ERROR] LogOutputStream:75 - [STDERR_REDIRECT] [Fatal Error] :1:1: Premature end of file.
2026-04-29 16:50:07,493 [ERROR] LogOutputStream:75 - [STDERR_REDIRECT] 
2026-04-29 16:50:08,505 [ERROR] LogOutputStream:75 - [STDERR_REDIRECT] [Fatal Error] :1:1: Premature end of file.
2026-04-29 16:50:08,506 [ERROR] LogOutputStream:75 - [STDERR_REDIRECT] 
2026-04-29 16:50:09,480 [ERROR] LogOutputStream:75 - [STDERR_REDIRECT] [Fatal Error] :1:1: Premature end of file.
2026-04-29 16:50:09,480 [ERROR] LogOutputStream:75 - [STDERR_REDIRECT] 
2026-04-29 16:50:10,479 [ERROR] LogOutputStream:75 - [STDERR_REDIRECT] [Fatal Error] :1:1: Premature end of file.
2026-04-29 16:50:10,480 [ERROR] LogOutputStream:75 - [STDERR_REDIRECT] 
2026-04-29 16:50:11,481 [ERROR] LogOutputStream:75 - [STDERR_REDIRECT] [Fatal Error] :1:1: Premature end of file.
2026-04-29 16:50:11,481 [ERROR] LogOutputStream:75 - [STDERR_REDIRECT] 
2026-04-29 16:50:12,488 [ERROR] LogOutputStream:75 - [STDERR_REDIRECT] [Fatal Error] :1:1: Premature end of file.
2026-04-29 16:50:12,489 [ERROR] LogOutputStream:75 - [STDERR_REDIRECT] 
2026-04-29 16:50:13,484 [ERROR] LogOutputStream:75 - [STDERR_REDIRECT] [Fatal Error] :1:1: Premature end of file.
2026-04-29 16:50:13,484 [ERROR] LogOutputStream:75 - [STDERR_REDIRECT] 
2026-04-29 16:50:14,485 [ERROR] LogOutputStream:75 - [STDERR_REDIRECT] [Fatal Error] :1:1: Premature end of file.
2026-04-29 16:50:14,485 [ERROR] LogOutputStream:75 - [STDERR_REDIRECT] 
2026-04-29 16:50:15,500 [ERROR] LogOutputStream:75 - [STDERR_REDIRECT] [Fatal Error] :1:1: Premature end of file.
2026-04-29 16:50:15,501 [ERROR] LogOutputStream:75 - [STDERR_REDIRECT] 
2026-04-29 16:50:16,499 [ERROR] LogOutputStream:75 - [STDERR_REDIRECT] [Fatal Error] :1:1: Premature end of file.
2026-04-29 16:50:16,499 [ERROR] LogOutputStream:75 - [STDERR_REDIRECT] 
2026-04-29 16:50:17,481 [ERROR] LogOutputStream:75 - [STDERR_REDIRECT] [Fatal Error] :1:1: Premature end of file.
2026-04-29 16:50:17,481 [ERROR] LogOutputStream:75 - [STDERR_REDIRECT] 
2026-04-29 16:50:18,508 [ERROR] LogOutputStream:75 - [STDERR_REDIRECT] [Fatal Error] :1:1: Premature end of file.
2026-04-29 16:50:18,509 [ERROR] LogOutputStream:75 - [STDERR_REDIRECT] 
2026-04-29 16:50:19,484 [ERROR] LogOutputStream:75 - [STDERR_REDIRECT] [Fatal Error] :1:1: Premature end of file.
2026-04-29 16:50:19,484 [ERROR] LogOutputStream:75 - [STDERR_REDIRECT] 
2026-04-29 16:50:20,485 [ERROR] LogOutputStream:75 - [STDERR_REDIRECT] [Fatal Error] :1:1: Premature end of file.
2026-04-29 16:50:20,485 [ERROR] LogOutputStream:75 - [STDERR_REDIRECT] 
2026-04-29 16:50:21,486 [ERROR] LogOutputStream:75 - [STDERR_REDIRECT] [Fatal Error] :1:1: Premature end of file.
2026-04-29 16:50:21,486 [ERROR] LogOutputStream:75 - [STDERR_REDIRECT] 
2026-04-29 16:50:22,483 [ERROR] LogOutputStream:75 - [STDERR_REDIRECT] [Fatal Error] :1:1: Premature end of file.
2026-04-29 16:50:22,483 [ERROR] LogOutputStream:75 - [STDERR_REDIRECT] 
2026-04-29 16:50:23,481 [ERROR] LogOutputStream:75 - [STDERR_REDIRECT] [Fatal Error] :1:1: Premature end of file.
2026-04-29 16:50:23,482 [ERROR] LogOutputStream:75 - [STDERR_REDIRECT] 
2026-04-29 16:50:24,523 [ERROR] LogOutputStream:75 - [STDERR_REDIRECT] [Fatal Error] :1:1: Premature end of file.
2026-04-29 16:50:24,523 [ERROR] LogOutputStream:75 - [STDERR_REDIRECT] 
2026-04-29 16:50:25,501 [ERROR] LogOutputStream:75 - [STDERR_REDIRECT] [Fatal Error] :1:1: Premature end of file.
2026-04-29 16:50:25,501 [ERROR] LogOutputStream:75 - [STDERR_REDIRECT] 
2026-04-29 16:50:26,499 [ERROR] LogOutputStream:75 - [STDERR_REDIRECT] [Fatal Error] :1:1: Premature end of file.
2026-04-29 16:50:26,499 [ERROR] LogOutputStream:75 - [STDERR_REDIRECT] 
2026-04-29 16:50:27,499 [ERROR] LogOutputStream:75 - [STDERR_REDIRECT] [Fatal Error] :1:1: Premature end of file.
2026-04-29 16:50:27,499 [ERROR] LogOutputStream:75 - [STDERR_REDIRECT] 
2026-04-29 16:50:28,497 [ERROR] LogOutputStream:75 - [STDERR_REDIRECT] [Fatal Error] :1:1: Premature end of file.
2026-04-29 16:50:28,497 [ERROR] LogOutputStream:75 - [STDERR_REDIRECT] 
2026-04-29 16:50:29,482 [ERROR] LogOutputStream:75 - [STDERR_REDIRECT] [Fatal Error] :1:1: Premature end of file.
2026-04-29 16:50:29,482 [ERROR] LogOutputStream:75 - [STDERR_REDIRECT] 
2026-04-29 16:50:30,479 [ERROR] LogOutputStream:75 - [STDERR_REDIRECT] [Fatal Error] :1:1: Premature end of file.
2026-04-29 16:50:30,480 [ERROR] LogOutputStream:75 - [STDERR_REDIRECT] 
2026-04-29 16:50:31,507 [ERROR] LogOutputStream:75 - [STDERR_REDIRECT] [Fatal Error] :1:1: Premature end of file.
2026-04-29 16:50:31,507 [ERROR] LogOutputStream:75 - [STDERR_REDIRECT] 
2026-04-29 16:50:32,499 [ERROR] LogOutputStream:75 - [STDERR_REDIRECT] [Fatal Error] :1:1: Premature end of file.
2026-04-29 16:50:32,499 [ERROR] LogOutputStream:75 - [STDERR_REDIRECT] 
2026-04-29 16:50:33,498 [ERROR] LogOutputStream:75 - [STDERR_REDIRECT] [Fatal Error] :1:1: Premature end of file.
2026-04-29 16:50:33,499 [ERROR] LogOutputStream:75 - [STDERR_REDIRECT] 
2026-04-29 16:50:34,504 [ERROR] LogOutputStream:75 - [STDERR_REDIRECT] [Fatal Error] :1:1: Premature end of file.
2026-04-29 16:50:34,504 [ERROR] LogOutputStream:75 - [STDERR_REDIRECT] 
2026-04-29 16:50:35,499 [ERROR] LogOutputStream:75 - [STDERR_REDIRECT] [Fatal Error] :1:1: Premature end of file.
2026-04-29 16:50:35,499 [ERROR] LogOutputStream:75 - [STDERR_REDIRECT] 
2026-04-29 16:50:36,498 [ERROR] LogOutputStream:75 - [STDERR_REDIRECT] [Fatal Error] :1:1: Premature end of file.
2026-04-29 16:50:36,498 [ERROR] LogOutputStream:75 - [STDERR_REDIRECT] 
2026-04-29 16:50:37,498 [ERROR] LogOutputStream:75 - [STDERR_REDIRECT] [Fatal Error] :1:1: Premature end of file.
2026-04-29 16:50:37,498 [ERROR] LogOutputStream:75 - [STDERR_REDIRECT] 
2026-04-29 16:50:38,493 [ERROR] LogOutputStream:75 - [STDERR_REDIRECT] [Fatal Error] :1:1: Premature end of file.
2026-04-29 16:50:38,493 [ERROR] LogOutputStream:75 - [STDERR_REDIRECT] 
2026-04-29 16:50:39,502 [ERROR] LogOutputStream:75 - [STDERR_REDIRECT] [Fatal Error] :1:1: Premature end of file.
2026-04-29 16:50:39,503 [ERROR] LogOutputStream:75 - [STDERR_REDIRECT] 
2026-04-29 16:50:40,504 [ERROR] LogOutputStream:75 - [STDERR_REDIRECT] [Fatal Error] :1:1: Premature end of file.
2026-04-29 16:50:40,504 [ERROR] LogOutputStream:75 - [STDERR_REDIRECT] 
2026-04-29 16:50:41,496 [ERROR] LogOutputStream:75 - [STDERR_REDIRECT] [Fatal Error] :1:1: Premature end of file.
2026-04-29 16:50:41,496 [ERROR] LogOutputStream:75 - [STDERR_REDIRECT] 
2026-04-29 16:50:42,497 [ERROR] LogOutputStream:75 - [STDERR_REDIRECT] [Fatal Error] :1:1: Premature end of file.
2026-04-29 16:50:42,498 [ERROR] LogOutputStream:75 - [STDERR_REDIRECT] 
2026-04-29 16:50:43,498 [ERROR] LogOutputStream:75 - [STDERR_REDIRECT] [Fatal Error] :1:1: Premature end of file.
2026-04-29 16:50:43,498 [ERROR] LogOutputStream:75 - [STDERR_REDIRECT] 
2026-04-29 16:50:44,499 [ERROR] LogOutputStream:75 - [STDERR_REDIRECT] [Fatal Error] :1:1: Premature end of file.
2026-04-29 16:50:44,500 [ERROR] LogOutputStream:75 - [STDERR_REDIRECT] 
2026-04-29 16:50:45,496 [ERROR] LogOutputStream:75 - [STDERR_REDIRECT] [Fatal Error] :1:1: Premature end of file.
2026-04-29 16:50:45,496 [ERROR] LogOutputStream:75 - [STDERR_REDIRECT] 
2026-04-29 16:50:46,502 [ERROR] LogOutputStream:75 - [STDERR_REDIRECT] [Fatal Error] :1:1: Premature end of file.
2026-04-29 16:50:46,503 [ERROR] LogOutputStream:75 - [STDERR_REDIRECT] 
2026-04-29 16:50:47,498 [ERROR] LogOutputStream:75 - [STDERR_REDIRECT] [Fatal Error] :1:1: Premature end of file.
2026-04-29 16:50:47,499 [ERROR] LogOutputStream:75 - [STDERR_REDIRECT] 
2026-04-29 16:50:48,502 [ERROR] LogOutputStream:75 - [STDERR_REDIRECT] [Fatal Error] :1:1: Premature end of file.
2026-04-29 16:50:48,502 [ERROR] LogOutputStream:75 - [STDERR_REDIRECT] 
2026-04-29 16:50:49,501 [ERROR] LogOutputStream:75 - [STDERR_REDIRECT] [Fatal Error] :1:1: Premature end of file.
2026-04-29 16:50:49,501 [ERROR] LogOutputStream:75 - [STDERR_REDIRECT] 
2026-04-29 16:50:50,498 [ERROR] LogOutputStream:75 - [STDERR_REDIRECT] [Fatal Error] :1:1: Premature end of file.
2026-04-29 16:50:50,498 [ERROR] LogOutputStream:75 - [STDERR_REDIRECT] 
2026-04-29 16:50:51,500 [ERROR] LogOutputStream:75 - [STDERR_REDIRECT] [Fatal Error] :1:1: Premature end of file.
2026-04-29 16:50:51,500 [ERROR] LogOutputStream:75 - [STDERR_REDIRECT] 
2026-04-29 16:50:52,498 [ERROR] LogOutputStream:75 - [STDERR_REDIRECT] [Fatal Error] :1:1: Premature end of file.
2026-04-29 16:50:52,498 [ERROR] LogOutputStream:75 - [STDERR_REDIRECT] 
2026-04-29 16:50:53,494 [ERROR] LogOutputStream:75 - [STDERR_REDIRECT] [Fatal Error] :1:1: Premature end of file.
2026-04-29 16:50:53,495 [ERROR] LogOutputStream:75 - [STDERR_REDIRECT] 
2026-04-29 16:50:54,494 [ERROR] LogOutputStream:75 - [STDERR_REDIRECT] [Fatal Error] :1:1: Premature end of file.
2026-04-29 16:50:54,494 [ERROR] LogOutputStream:75 - [STDERR_REDIRECT] 
2026-04-29 16:50:55,505 [ERROR] LogOutputStream:75 - [STDERR_REDIRECT] [Fatal Error] :1:1: Premature end of file.
2026-04-29 16:50:55,505 [ERROR] LogOutputStream:75 - [STDERR_REDIRECT] 
2026-04-29 16:50:56,491 [ERROR] LogOutputStream:75 - [STDERR_REDIRECT] [Fatal Error] :1:1: Premature end of file.
2026-04-29 16:50:56,491 [ERROR] LogOutputStream:75 - [STDERR_REDIRECT] 
2026-04-29 16:50:57,507 [ERROR] LogOutputStream:75 - [STDERR_REDIRECT] [Fatal Error] :1:1: Premature end of file.
2026-04-29 16:50:57,507 [ERROR] LogOutputStream:75 - [STDERR_REDIRECT] 
2026-04-29 16:50:58,485 [ERROR] LogOutputStream:75 - [STDERR_REDIRECT] [Fatal Error] :1:1: Premature end of file.
2026-04-29 16:50:58,485 [ERROR] LogOutputStream:75 - [STDERR_REDIRECT] 
2026-04-29 16:50:59,481 [ERROR] LogOutputStream:75 - [STDERR_REDIRECT] [Fatal Error] :1:1: Premature end of file.
2026-04-29 16:50:59,481 [ERROR] LogOutputStream:75 - [STDERR_REDIRECT] 
2026-04-29 16:51:00,496 [ERROR] LogOutputStream:75 - [STDERR_REDIRECT] [Fatal Error] :1:1: Premature end of file.
2026-04-29 16:51:00,496 [ERROR] LogOutputStream:75 - [STDERR_REDIRECT] 
2026-04-29 16:51:01,496 [ERROR] LogOutputStream:75 - [STDERR_REDIRECT] [Fatal Error] :1:1: Premature end of file.
2026-04-29 16:51:01,496 [ERROR] LogOutputStream:75 - [STDERR_REDIRECT] 
2026-04-29 16:51:02,491 [ERROR] LogOutputStream:75 - [STDERR_REDIRECT] [Fatal Error] :1:1: Premature end of file.
2026-04-29 16:51:02,491 [ERROR] LogOutputStream:75 - [STDERR_REDIRECT] 
2026-04-29 16:51:03,510 [ERROR] LogOutputStream:75 - [STDERR_REDIRECT] [Fatal Error] :1:1: Premature end of file.
2026-04-29 16:51:03,510 [ERROR] LogOutputStream:75 - [STDERR_REDIRECT] 
2026-04-29 16:51:04,488 [ERROR] LogOutputStream:75 - [STDERR_REDIRECT] [Fatal Error] :1:1: Premature end of file.
2026-04-29 16:51:04,489 [ERROR] LogOutputStream:75 - [STDERR_REDIRECT] 
2026-04-29 16:51:05,508 [ERROR] LogOutputStream:75 - [STDERR_REDIRECT] [Fatal Error] :1:1: Premature end of file.
2026-04-29 16:51:05,508 [ERROR] LogOutputStream:75 - [STDERR_REDIRECT] 
2026-04-29 16:51:06,509 [ERROR] LogOutputStream:75 - [STDERR_REDIRECT] [Fatal Error] :1:1: Premature end of file.
2026-04-29 16:51:06,509 [ERROR] LogOutputStream:75 - [STDERR_REDIRECT] 
2026-04-29 16:51:07,503 [ERROR] LogOutputStream:75 - [STDERR_REDIRECT] [Fatal Error] :1:1: Premature end of file.
2026-04-29 16:51:07,504 [ERROR] LogOutputStream:75 - [STDERR_REDIRECT] 
2026-04-29 16:51:08,503 [ERROR] LogOutputStream:75 - [STDERR_REDIRECT] [Fatal Error] :1:1: Premature end of file.
2026-04-29 16:51:08,503 [ERROR] LogOutputStream:75 - [STDERR_REDIRECT] 
2026-04-29 16:51:09,497 [ERROR] LogOutputStream:75 - [STDERR_REDIRECT] [Fatal Error] :1:1: Premature end of file.
2026-04-29 16:51:09,497 [ERROR] LogOutputStream:75 - [STDERR_REDIRECT] 
2026-04-29 16:51:10,508 [ERROR] LogOutputStream:75 - [STDERR_REDIRECT] [Fatal Error] :1:1: Premature end of file.
2026-04-29 16:51:10,508 [ERROR] LogOutputStream:75 - [STDERR_REDIRECT] 
2026-04-29 16:51:11,507 [ERROR] LogOutputStream:75 - [STDERR_REDIRECT] [Fatal Error] :1:1: Premature end of file.
2026-04-29 16:51:11,507 [ERROR] LogOutputStream:75 - [STDERR_REDIRECT] 
2026-04-29 16:51:12,494 [ERROR] LogOutputStream:75 - [STDERR_REDIRECT] [Fatal Error] :1:1: Premature end of file.
2026-04-29 16:51:12,494 [ERROR] LogOutputStream:75 - [STDERR_REDIRECT] 
2026-04-29 16:51:13,502 [ERROR] LogOutputStream:75 - [STDERR_REDIRECT] [Fatal Error] :1:1: Premature end of file.
2026-04-29 16:51:13,502 [ERROR] LogOutputStream:75 - [STDERR_REDIRECT] 
2026-04-29 16:51:14,503 [ERROR] LogOutputStream:75 - [STDERR_REDIRECT] [Fatal Error] :1:1: Premature end of file.
2026-04-29 16:51:14,503 [ERROR] LogOutputStream:75 - [STDERR_REDIRECT] 
2026-04-29 16:51:15,507 [ERROR] LogOutputStream:75 - [STDERR_REDIRECT] [Fatal Error] :1:1: Premature end of file.
2026-04-29 16:51:15,507 [ERROR] LogOutputStream:75 - [STDERR_REDIRECT] 
2026-04-29 16:51:16,500 [ERROR] LogOutputStream:75 - [STDERR_REDIRECT] [Fatal Error] :1:1: Premature end of file.
2026-04-29 16:51:16,500 [ERROR] LogOutputStream:75 - [STDERR_REDIRECT] 
2026-04-29 16:51:17,504 [ERROR] LogOutputStream:75 - [STDERR_REDIRECT] [Fatal Error] :1:1: Premature end of file.
2026-04-29 16:51:17,504 [ERROR] LogOutputStream:75 - [STDERR_REDIRECT] 
2026-04-29 16:51:18,504 [ERROR] LogOutputStream:75 - [STDERR_REDIRECT] [Fatal Error] :1:1: Premature end of file.
2026-04-29 16:51:18,504 [ERROR] LogOutputStream:75 - [STDERR_REDIRECT] 
2026-04-29 16:51:19,497 [ERROR] LogOutputStream:75 - [STDERR_REDIRECT] [Fatal Error] :1:1: Premature end of file.
2026-04-29 16:51:19,497 [ERROR] LogOutputStream:75 - [STDERR_REDIRECT] 
2026-04-29 16:51:20,519 [ERROR] LogOutputStream:75 - [STDERR_REDIRECT] [Fatal Error] :1:1: Premature end of file.
2026-04-29 16:51:20,519 [ERROR] LogOutputStream:75 - [STDERR_REDIRECT] 
2026-04-29 16:51:21,499 [ERROR] LogOutputStream:75 - [STDERR_REDIRECT] [Fatal Error] :1:1: Premature end of file.
2026-04-29 16:51:21,499 [ERROR] LogOutputStream:75 - [STDERR_REDIRECT] 
2026-04-29 16:51:22,497 [ERROR] LogOutputStream:75 - [STDERR_REDIRECT] [Fatal Error] :1:1: Premature end of file.
2026-04-29 16:51:22,497 [ERROR] LogOutputStream:75 - [STDERR_REDIRECT] 
2026-04-29 16:51:23,486 [ERROR] LogOutputStream:75 - [STDERR_REDIRECT] [Fatal Error] :1:1: Premature end of file.
2026-04-29 16:51:23,487 [ERROR] LogOutputStream:75 - [STDERR_REDIRECT] 
2026-04-29 16:51:24,481 [ERROR] LogOutputStream:75 - [STDERR_REDIRECT] [Fatal Error] :1:1: Premature end of file.
2026-04-29 16:51:24,481 [ERROR] LogOutputStream:75 - [STDERR_REDIRECT] 
2026-04-29 16:51:25,484 [ERROR] LogOutputStream:75 - [STDERR_REDIRECT] [Fatal Error] :1:1: Premature end of file.
2026-04-29 16:51:25,485 [ERROR] LogOutputStream:75 - [STDERR_REDIRECT] 
2026-04-29 16:51:26,484 [ERROR] LogOutputStream:75 - [STDERR_REDIRECT] [Fatal Error] :1:1: Premature end of file.
2026-04-29 16:51:26,484 [ERROR] LogOutputStream:75 - [STDERR_REDIRECT] 
2026-04-29 16:51:27,485 [ERROR] LogOutputStream:75 - [STDERR_REDIRECT] [Fatal Error] :1:1: Premature end of file.
2026-04-29 16:51:27,485 [ERROR] LogOutputStream:75 - [STDERR_REDIRECT] 
2026-04-29 16:51:28,484 [ERROR] LogOutputStream:75 - [STDERR_REDIRECT] [Fatal Error] :1:1: Premature end of file.
2026-04-29 16:51:28,484 [ERROR] LogOutputStream:75 - [STDERR_REDIRECT] 
2026-04-29 16:51:29,498 [ERROR] LogOutputStream:75 - [STDERR_REDIRECT] [Fatal Error] :1:1: Premature end of file.
2026-04-29 16:51:29,498 [ERROR] LogOutputStream:75 - [STDERR_REDIRECT] 
2026-04-29 16:51:30,489 [ERROR] LogOutputStream:75 - [STDERR_REDIRECT] [Fatal Error] :1:1: Premature end of file.
2026-04-29 16:51:30,506 [ERROR] LogOutputStream:75 - [STDERR_REDIRECT] 
2026-04-29 16:51:31,481 [ERROR] LogOutputStream:75 - [STDERR_REDIRECT] [Fatal Error] :1:1: Premature end of file.
2026-04-29 16:51:31,481 [ERROR] LogOutputStream:75 - [STDERR_REDIRECT] 
2026-04-29 16:51:32,483 [ERROR] LogOutputStream:75 - [STDERR_REDIRECT] [Fatal Error] :1:1: Premature end of file.
2026-04-29 16:51:32,483 [ERROR] LogOutputStream:75 - [STDERR_REDIRECT] 
2026-04-29 16:51:33,493 [ERROR] LogOutputStream:75 - [STDERR_REDIRECT] [Fatal Error] :1:1: Premature end of file.
2026-04-29 16:51:33,493 [ERROR] LogOutputStream:75 - [STDERR_REDIRECT] 
2026-04-29 16:51:34,503 [ERROR] LogOutputStream:75 - [STDERR_REDIRECT] [Fatal Error] :1:1: Premature end of file.
2026-04-29 16:51:34,503 [ERROR] LogOutputStream:75 - [STDERR_REDIRECT] 
2026-04-29 16:51:35,502 [ERROR] LogOutputStream:75 - [STDERR_REDIRECT] [Fatal Error] :1:1: Premature end of file.
2026-04-29 16:51:35,502 [ERROR] LogOutputStream:75 - [STDERR_REDIRECT] 
2026-04-29 16:51:36,506 [ERROR] LogOutputStream:75 - [STDERR_REDIRECT] [Fatal Error] :1:1: Premature end of file.
2026-04-29 16:51:36,507 [ERROR] LogOutputStream:75 - [STDERR_REDIRECT] 
2026-04-29 16:51:37,500 [ERROR] LogOutputStream:75 - [STDERR_REDIRECT] [Fatal Error] :1:1: Premature end of file.
2026-04-29 16:51:37,500 [ERROR] LogOutputStream:75 - [STDERR_REDIRECT] 
2026-04-29 16:51:38,499 [ERROR] LogOutputStream:75 - [STDERR_REDIRECT] [Fatal Error] :1:1: Premature end of file.
2026-04-29 16:51:38,499 [ERROR] LogOutputStream:75 - [STDERR_REDIRECT] 
2026-04-29 16:51:39,498 [ERROR] LogOutputStream:75 - [STDERR_REDIRECT] [Fatal Error] :1:1: Premature end of file.
2026-04-29 16:51:39,498 [ERROR] LogOutputStream:75 - [STDERR_REDIRECT] 
2026-04-29 16:51:40,511 [ERROR] LogOutputStream:75 - [STDERR_REDIRECT] [Fatal Error] :1:1: Premature end of file.
2026-04-29 16:51:40,511 [ERROR] LogOutputStream:75 - [STDERR_REDIRECT] 
2026-04-29 16:51:41,503 [ERROR] LogOutputStream:75 - [STDERR_REDIRECT] [Fatal Error] :1:1: Premature end of file.
2026-04-29 16:51:41,504 [ERROR] LogOutputStream:75 - [STDERR_REDIRECT] 
2026-04-29 16:51:42,496 [ERROR] LogOutputStream:75 - [STDERR_REDIRECT] [Fatal Error] :1:1: Premature end of file.
2026-04-29 16:51:42,496 [ERROR] LogOutputStream:75 - [STDERR_REDIRECT] 
2026-04-29 16:51:43,506 [ERROR] LogOutputStream:75 - [STDERR_REDIRECT] [Fatal Error] :1:1: Premature end of file.
2026-04-29 16:51:43,507 [ERROR] LogOutputStream:75 - [STDERR_REDIRECT] 
2026-04-29 16:51:44,494 [ERROR] LogOutputStream:75 - [STDERR_REDIRECT] [Fatal Error] :1:1: Premature end of file.
2026-04-29 16:51:44,494 [ERROR] LogOutputStream:75 - [STDERR_REDIRECT] 
2026-04-29 16:51:45,501 [ERROR] LogOutputStream:75 - [STDERR_REDIRECT] [Fatal Error] :1:1: Premature end of file.
2026-04-29 16:51:45,501 [ERROR] LogOutputStream:75 - [STDERR_REDIRECT] 
2026-04-29 16:51:46,496 [ERROR] LogOutputStream:75 - [STDERR_REDIRECT] [Fatal Error] :1:1: Premature end of file.
2026-04-29 16:51:46,496 [ERROR] LogOutputStream:75 - [STDERR_REDIRECT] 
2026-04-29 16:51:47,507 [ERROR] LogOutputStream:75 - [STDERR_REDIRECT] [Fatal Error] :1:1: Premature end of file.
2026-04-29 16:51:47,507 [ERROR] LogOutputStream:75 - [STDERR_REDIRECT] 
2026-04-29 16:51:48,498 [ERROR] LogOutputStream:75 - [STDERR_REDIRECT] [Fatal Error] :1:1: Premature end of file.
2026-04-29 16:51:48,498 [ERROR] LogOutputStream:75 - [STDERR_REDIRECT] 
2026-04-29 16:51:49,505 [ERROR] LogOutputStream:75 - [STDERR_REDIRECT] [Fatal Error] :1:1: Premature end of file.
2026-04-29 16:51:49,506 [ERROR] LogOutputStream:75 - [STDERR_REDIRECT] 
2026-04-29 16:51:50,507 [ERROR] LogOutputStream:75 - [STDERR_REDIRECT] [Fatal Error] :1:1: Premature end of file.
2026-04-29 16:51:50,508 [ERROR] LogOutputStream:75 - [STDERR_REDIRECT] 
2026-04-29 16:51:51,499 [ERROR] LogOutputStream:75 - [STDERR_REDIRECT] [Fatal Error] :1:1: Premature end of file.
2026-04-29 16:51:51,499 [ERROR] LogOutputStream:75 - [STDERR_REDIRECT] 
2026-04-29 16:51:52,509 [ERROR] LogOutputStream:75 - [STDERR_REDIRECT] [Fatal Error] :1:1: Premature end of file.
2026-04-29 16:51:52,509 [ERROR] LogOutputStream:75 - [STDERR_REDIRECT] 
2026-04-29 16:51:53,497 [ERROR] LogOutputStream:75 - [STDERR_REDIRECT] [Fatal Error] :1:1: Premature end of file.
2026-04-29 16:51:53,498 [ERROR] LogOutputStream:75 - [STDERR_REDIRECT] 
2026-04-29 16:51:54,496 [ERROR] LogOutputStream:75 - [STDERR_REDIRECT] [Fatal Error] :1:1: Premature end of file.
2026-04-29 16:51:54,496 [ERROR] LogOutputStream:75 - [STDERR_REDIRECT] 
2026-04-29 16:51:55,493 [ERROR] LogOutputStream:75 - [STDERR_REDIRECT] [Fatal Error] :1:1: Premature end of file.
2026-04-29 16:51:55,493 [ERROR] LogOutputStream:75 - [STDERR_REDIRECT] 
2026-04-29 16:51:56,482 [ERROR] LogOutputStream:75 - [STDERR_REDIRECT] [Fatal Error] :1:1: Premature end of file.
2026-04-29 16:51:56,482 [ERROR] LogOutputStream:75 - [STDERR_REDIRECT] 
2026-04-29 16:51:57,504 [ERROR] LogOutputStream:75 - [STDERR_REDIRECT] [Fatal Error] :1:1: Premature end of file.
2026-04-29 16:51:57,504 [ERROR] LogOutputStream:75 - [STDERR_REDIRECT] 
2026-04-29 16:51:58,500 [ERROR] LogOutputStream:75 - [STDERR_REDIRECT] [Fatal Error] :1:1: Premature end of file.
2026-04-29 16:51:58,500 [ERROR] LogOutputStream:75 - [STDERR_REDIRECT] 
2026-04-29 16:51:59,496 [ERROR] LogOutputStream:75 - [STDERR_REDIRECT] [Fatal Error] :1:1: Premature end of file.
2026-04-29 16:51:59,496 [ERROR] LogOutputStream:75 - [STDERR_REDIRECT] 
2026-04-29 16:52:00,514 [ERROR] LogOutputStream:75 - [STDERR_REDIRECT] [Fatal Error] :1:1: Premature end of file.
2026-04-29 16:52:00,514 [ERROR] LogOutputStream:75 - [STDERR_REDIRECT] 
2026-04-29 16:52:01,508 [ERROR] LogOutputStream:75 - [STDERR_REDIRECT] [Fatal Error] :1:1: Premature end of file.
2026-04-29 16:52:01,508 [ERROR] LogOutputStream:75 - [STDERR_REDIRECT] 
2026-04-29 16:52:02,498 [ERROR] LogOutputStream:75 - [STDERR_REDIRECT] [Fatal Error] :1:1: Premature end of file.
2026-04-29 16:52:02,499 [ERROR] LogOutputStream:75 - [STDERR_REDIRECT] 
2026-04-29 16:52:03,508 [ERROR] LogOutputStream:75 - [STDERR_REDIRECT] [Fatal Error] :1:1: Premature end of file.
2026-04-29 16:52:03,508 [ERROR] LogOutputStream:75 - [STDERR_REDIRECT] 
2026-04-29 16:52:04,509 [ERROR] LogOutputStream:75 - [STDERR_REDIRECT] [Fatal Error] :1:1: Premature end of file.
2026-04-29 16:52:04,509 [ERROR] LogOutputStream:75 - [STDERR_REDIRECT] 
2026-04-29 16:52:05,503 [ERROR] LogOutputStream:75 - [STDERR_REDIRECT] [Fatal Error] :1:1: Premature end of file.
2026-04-29 16:52:05,504 [ERROR] LogOutputStream:75 - [STDERR_REDIRECT] 
2026-04-29 16:52:06,506 [ERROR] LogOutputStream:75 - [STDERR_REDIRECT] [Fatal Error] :1:1: Premature end of file.
2026-04-29 16:52:06,506 [ERROR] LogOutputStream:75 - [STDERR_REDIRECT] 
2026-04-29 16:52:07,497 [ERROR] LogOutputStream:75 - [STDERR_REDIRECT] [Fatal Error] :1:1: Premature end of file.
2026-04-29 16:52:07,497 [ERROR] LogOutputStream:75 - [STDERR_REDIRECT] 
2026-04-29 16:52:08,498 [ERROR] LogOutputStream:75 - [STDERR_REDIRECT] [Fatal Error] :1:1: Premature end of file.
2026-04-29 16:52:08,499 [ERROR] LogOutputStream:75 - [STDERR_REDIRECT] 
2026-04-29 16:52:09,498 [ERROR] LogOutputStream:75 - [STDERR_REDIRECT] [Fatal Error] :1:1: Premature end of file.
2026-04-29 16:52:09,498 [ERROR] LogOutputStream:75 - [STDERR_REDIRECT] 
2026-04-29 16:52:10,505 [ERROR] LogOutputStream:75 - [STDERR_REDIRECT] [Fatal Error] :1:1: Premature end of file.
2026-04-29 16:52:10,505 [ERROR] LogOutputStream:75 - [STDERR_REDIRECT] 
2026-04-29 16:52:11,499 [ERROR] LogOutputStream:75 - [STDERR_REDIRECT] [Fatal Error] :1:1: Premature end of file.
2026-04-29 16:52:11,499 [ERROR] LogOutputStream:75 - [STDERR_REDIRECT] 
2026-04-29 16:52:12,506 [ERROR] LogOutputStream:75 - [STDERR_REDIRECT] [Fatal Error] :1:1: Premature end of file.
2026-04-29 16:52:12,506 [ERROR] LogOutputStream:75 - [STDERR_REDIRECT] 
2026-04-29 16:52:13,502 [ERROR] LogOutputStream:75 - [STDERR_REDIRECT] [Fatal Error] :1:1: Premature end of file.
2026-04-29 16:52:13,502 [ERROR] LogOutputStream:75 - [STDERR_REDIRECT] 
2026-04-29 16:52:14,510 [ERROR] LogOutputStream:75 - [STDERR_REDIRECT] [Fatal Error] :1:1: Premature end of file.
2026-04-29 16:52:14,510 [ERROR] LogOutputStream:75 - [STDERR_REDIRECT] 
2026-04-29 16:52:15,500 [ERROR] LogOutputStream:75 - [STDERR_REDIRECT] [Fatal Error] :1:1: Premature end of file.
2026-04-29 16:52:15,500 [ERROR] LogOutputStream:75 - [STDERR_REDIRECT] 
2026-04-29 16:52:16,509 [ERROR] LogOutputStream:75 - [STDERR_REDIRECT] [Fatal Error] :1:1: Premature end of file.
2026-04-29 16:52:16,509 [ERROR] LogOutputStream:75 - [STDERR_REDIRECT] 
2026-04-29 16:52:17,495 [ERROR] LogOutputStream:75 - [STDERR_REDIRECT] [Fatal Error] :1:1: Premature end of file.
2026-04-29 16:52:17,495 [ERROR] LogOutputStream:75 - [STDERR_REDIRECT] 
2026-04-29 16:52:18,500 [ERROR] LogOutputStream:75 - [STDERR_REDIRECT] [Fatal Error] :1:1: Premature end of file.
2026-04-29 16:52:18,500 [ERROR] LogOutputStream:75 - [STDERR_REDIRECT] 
2026-04-29 16:52:19,511 [ERROR] LogOutputStream:75 - [STDERR_REDIRECT] [Fatal Error] :1:1: Premature end of file.
2026-04-29 16:52:19,511 [ERROR] LogOutputStream:75 - [STDERR_REDIRECT] 
2026-04-29 16:52:20,512 [ERROR] LogOutputStream:75 - [STDERR_REDIRECT] [Fatal Error] :1:1: Premature end of file.
2026-04-29 16:52:20,512 [ERROR] LogOutputStream:75 - [STDERR_REDIRECT] 
2026-04-29 16:52:21,498 [ERROR] LogOutputStream:75 - [STDERR_REDIRECT] [Fatal Error] :1:1: Premature end of file.
2026-04-29 16:52:21,498 [ERROR] LogOutputStream:75 - [STDERR_REDIRECT] 
2026-04-29 16:52:22,501 [ERROR] LogOutputStream:75 - [STDERR_REDIRECT] [Fatal Error] :1:1: Premature end of file.
2026-04-29 16:52:22,501 [ERROR] LogOutputStream:75 - [STDERR_REDIRECT] 
2026-04-29 16:52:23,519 [ERROR] LogOutputStream:75 - [STDERR_REDIRECT] [Fatal Error] :1:1: Premature end of file.
2026-04-29 16:52:23,519 [ERROR] LogOutputStream:75 - [STDERR_REDIRECT] 
2026-04-29 16:52:24,501 [ERROR] LogOutputStream:75 - [STDERR_REDIRECT] [Fatal Error] :1:1: Premature end of file.
2026-04-29 16:52:24,501 [ERROR] LogOutputStream:75 - [STDERR_REDIRECT] 
2026-04-29 16:52:25,484 [ERROR] LogOutputStream:75 - [STDERR_REDIRECT] [Fatal Error] :1:1: Premature end of file.
2026-04-29 16:52:25,484 [ERROR] LogOutputStream:75 - [STDERR_REDIRECT] 
2026-04-29 16:52:26,500 [ERROR] LogOutputStream:75 - [STDERR_REDIRECT] [Fatal Error] :1:1: Premature end of file.
2026-04-29 16:52:26,500 [ERROR] LogOutputStream:75 - [STDERR_REDIRECT] 
2026-04-29 16:52:27,501 [ERROR] LogOutputStream:75 - [STDERR_REDIRECT] [Fatal Error] :1:1: Premature end of file.
2026-04-29 16:52:27,501 [ERROR] LogOutputStream:75 - [STDERR_REDIRECT] 
2026-04-29 16:52:28,502 [ERROR] LogOutputStream:75 - [STDERR_REDIRECT] [Fatal Error] :1:1: Premature end of file.
2026-04-29 16:52:28,502 [ERROR] LogOutputStream:75 - [STDERR_REDIRECT] 
2026-04-29 16:52:29,503 [ERROR] LogOutputStream:75 - [STDERR_REDIRECT] [Fatal Error] :1:1: Premature end of file.
2026-04-29 16:52:29,503 [ERROR] LogOutputStream:75 - [STDERR_REDIRECT] 
2026-04-29 16:52:30,504 [ERROR] LogOutputStream:75 - [STDERR_REDIRECT] [Fatal Error] :1:1: Premature end of file.
2026-04-29 16:52:30,504 [ERROR] LogOutputStream:75 - [STDERR_REDIRECT] 
2026-04-29 16:52:31,522 [ERROR] LogOutputStream:75 - [STDERR_REDIRECT] [Fatal Error] :1:1: Premature end of file.
2026-04-29 16:52:31,523 [ERROR] LogOutputStream:75 - [STDERR_REDIRECT] 
2026-04-29 16:52:32,503 [ERROR] LogOutputStream:75 - [STDERR_REDIRECT] [Fatal Error] :1:1: Premature end of file.
2026-04-29 16:52:32,503 [ERROR] LogOutputStream:75 - [STDERR_REDIRECT] 
2026-04-29 16:52:33,514 [ERROR] LogOutputStream:75 - [STDERR_REDIRECT] [Fatal Error] :1:1: Premature end of file.
2026-04-29 16:52:33,514 [ERROR] LogOutputStream:75 - [STDERR_REDIRECT] 
2026-04-29 16:52:34,497 [ERROR] LogOutputStream:75 - [STDERR_REDIRECT] [Fatal Error] :1:1: Premature end of file.
2026-04-29 16:52:34,498 [ERROR] LogOutputStream:75 - [STDERR_REDIRECT] 
2026-04-29 16:52:35,507 [ERROR] LogOutputStream:75 - [STDERR_REDIRECT] [Fatal Error] :1:1: Premature end of file.
2026-04-29 16:52:35,507 [ERROR] LogOutputStream:75 - [STDERR_REDIRECT] 
2026-04-29 16:52:36,508 [ERROR] LogOutputStream:75 - [STDERR_REDIRECT] [Fatal Error] :1:1: Premature end of file.
2026-04-29 16:52:36,508 [ERROR] LogOutputStream:75 - [STDERR_REDIRECT] 
2026-04-29 16:52:37,494 [ERROR] LogOutputStream:75 - [STDERR_REDIRECT] [Fatal Error] :1:1: Premature end of file.
2026-04-29 16:52:37,494 [ERROR] LogOutputStream:75 - [STDERR_REDIRECT] 
2026-04-29 16:52:38,503 [ERROR] LogOutputStream:75 - [STDERR_REDIRECT] [Fatal Error] :1:1: Premature end of file.
2026-04-29 16:52:38,504 [ERROR] LogOutputStream:75 - [STDERR_REDIRECT] 
2026-04-29 16:52:39,503 [ERROR] LogOutputStream:75 - [STDERR_REDIRECT] [Fatal Error] :1:1: Premature end of file.
2026-04-29 16:52:39,503 [ERROR] LogOutputStream:75 - [STDERR_REDIRECT] 
2026-04-29 16:52:40,505 [ERROR] LogOutputStream:75 - [STDERR_REDIRECT] [Fatal Error] :1:1: Premature end of file.
2026-04-29 16:52:40,505 [ERROR] LogOutputStream:75 - [STDERR_REDIRECT] 
2026-04-29 16:52:41,505 [ERROR] LogOutputStream:75 - [STDERR_REDIRECT] [Fatal Error] :1:1: Premature end of file.
2026-04-29 16:52:41,506 [ERROR] LogOutputStream:75 - [STDERR_REDIRECT] 
2026-04-29 16:52:42,499 [ERROR] LogOutputStream:75 - [STDERR_REDIRECT] [Fatal Error] :1:1: Premature end of file.
2026-04-29 16:52:42,499 [ERROR] LogOutputStream:75 - [STDERR_REDIRECT] 
2026-04-29 16:52:43,508 [ERROR] LogOutputStream:75 - [STDERR_REDIRECT] [Fatal Error] :1:1: Premature end of file.
2026-04-29 16:52:43,508 [ERROR] LogOutputStream:75 - [STDERR_REDIRECT] 
2026-04-29 16:52:44,493 [ERROR] LogOutputStream:75 - [STDERR_REDIRECT] [Fatal Error] :1:1: Premature end of file.
2026-04-29 16:52:44,493 [ERROR] LogOutputStream:75 - [STDERR_REDIRECT] 
2026-04-29 16:52:45,482 [ERROR] LogOutputStream:75 - [STDERR_REDIRECT] [Fatal Error] :1:1: Premature end of file.
2026-04-29 16:52:45,482 [ERROR] LogOutputStream:75 - [STDERR_REDIRECT] 
2026-04-29 16:52:46,486 [ERROR] LogOutputStream:75 - [STDERR_REDIRECT] [Fatal Error] :1:1: Premature end of file.
2026-04-29 16:52:46,486 [ERROR] LogOutputStream:75 - [STDERR_REDIRECT] 
2026-04-29 16:52:47,484 [ERROR] LogOutputStream:75 - [STDERR_REDIRECT] [Fatal Error] :1:1: Premature end of file.
2026-04-29 16:52:47,484 [ERROR] LogOutputStream:75 - [STDERR_REDIRECT] 
2026-04-29 16:52:48,499 [ERROR] LogOutputStream:75 - [STDERR_REDIRECT] [Fatal Error] :1:1: Premature end of file.
2026-04-29 16:52:48,499 [ERROR] LogOutputStream:75 - [STDERR_REDIRECT] 
2026-04-29 16:52:49,485 [ERROR] LogOutputStream:75 - [STDERR_REDIRECT] [Fatal Error] :1:1: Premature end of file.
2026-04-29 16:52:49,485 [ERROR] LogOutputStream:75 - [STDERR_REDIRECT] 
2026-04-29 16:52:50,488 [ERROR] LogOutputStream:75 - [STDERR_REDIRECT] [Fatal Error] :1:1: Premature end of file.
2026-04-29 16:52:50,488 [ERROR] LogOutputStream:75 - [STDERR_REDIRECT] 
2026-04-29 16:52:51,502 [ERROR] LogOutputStream:75 - [STDERR_REDIRECT] [Fatal Error] :1:1: Premature end of file.
2026-04-29 16:52:51,502 [ERROR] LogOutputStream:75 - [STDERR_REDIRECT] 
2026-04-29 16:52:52,503 [ERROR] LogOutputStream:75 - [STDERR_REDIRECT] [Fatal Error] :1:1: Premature end of file.
2026-04-29 16:52:52,504 [ERROR] LogOutputStream:75 - [STDERR_REDIRECT] 
2026-04-29 16:52:53,503 [ERROR] LogOutputStream:75 - [STDERR_REDIRECT] [Fatal Error] :1:1: Premature end of file.
2026-04-29 16:52:53,503 [ERROR] LogOutputStream:75 - [STDERR_REDIRECT] 
2026-04-29 16:52:54,498 [ERROR] LogOutputStream:75 - [STDERR_REDIRECT] [Fatal Error] :1:1: Premature end of file.
2026-04-29 16:52:54,498 [ERROR] LogOutputStream:75 - [STDERR_REDIRECT] 
2026-04-29 16:52:55,499 [ERROR] LogOutputStream:75 - [STDERR_REDIRECT] [Fatal Error] :1:1: Premature end of file.
2026-04-29 16:52:55,499 [ERROR] LogOutputStream:75 - [STDERR_REDIRECT] 
2026-04-29 16:52:56,508 [ERROR] LogOutputStream:75 - [STDERR_REDIRECT] [Fatal Error] :1:1: Premature end of file.
2026-04-29 16:52:56,508 [ERROR] LogOutputStream:75 - [STDERR_REDIRECT] 
2026-04-29 16:52:57,504 [ERROR] LogOutputStream:75 - [STDERR_REDIRECT] [Fatal Error] :1:1: Premature end of file.
2026-04-29 16:52:57,504 [ERROR] LogOutputStream:75 - [STDERR_REDIRECT] 
2026-04-29 16:52:58,500 [ERROR] LogOutputStream:75 - [STDERR_REDIRECT] [Fatal Error] :1:1: Premature end of file.
2026-04-29 16:52:58,500 [ERROR] LogOutputStream:75 - [STDERR_REDIRECT] 
2026-04-29 16:52:59,498 [ERROR] LogOutputStream:75 - [STDERR_REDIRECT] [Fatal Error] :1:1: Premature end of file.
2026-04-29 16:52:59,498 [ERROR] LogOutputStream:75 - [STDERR_REDIRECT] 
2026-04-29 16:53:00,497 [ERROR] LogOutputStream:75 - [STDERR_REDIRECT] [Fatal Error] :1:1: Premature end of file.
2026-04-29 16:53:00,497 [ERROR] LogOutputStream:75 - [STDERR_REDIRECT] 
2026-04-29 16:53:01,511 [ERROR] LogOutputStream:75 - [STDERR_REDIRECT] [Fatal Error] :1:1: Premature end of file.
2026-04-29 16:53:01,511 [ERROR] LogOutputStream:75 - [STDERR_REDIRECT] 
2026-04-29 16:53:02,494 [ERROR] LogOutputStream:75 - [STDERR_REDIRECT] [Fatal Error] :1:1: Premature end of file.
2026-04-29 16:53:02,494 [ERROR] LogOutputStream:75 - [STDERR_REDIRECT] 
2026-04-29 16:53:03,502 [ERROR] LogOutputStream:75 - [STDERR_REDIRECT] [Fatal Error] :1:1: Premature end of file.
2026-04-29 16:53:03,502 [ERROR] LogOutputStream:75 - [STDERR_REDIRECT] 
2026-04-29 16:53:04,504 [ERROR] LogOutputStream:75 - [STDERR_REDIRECT] [Fatal Error] :1:1: Premature end of file.
2026-04-29 16:53:04,505 [ERROR] LogOutputStream:75 - [STDERR_REDIRECT] 
2026-04-29 16:53:05,505 [ERROR] LogOutputStream:75 - [STDERR_REDIRECT] [Fatal Error] :1:1: Premature end of file.
2026-04-29 16:53:05,505 [ERROR] LogOutputStream:75 - [STDERR_REDIRECT] 
2026-04-29 16:53:06,512 [ERROR] LogOutputStream:75 - [STDERR_REDIRECT] [Fatal Error] :1:1: Premature end of file.
2026-04-29 16:53:06,513 [ERROR] LogOutputStream:75 - [STDERR_REDIRECT] 
2026-04-29 16:53:07,508 [ERROR] LogOutputStream:75 - [STDERR_REDIRECT] [Fatal Error] :1:1: Premature end of file.
2026-04-29 16:53:07,509 [ERROR] LogOutputStream:75 - [STDERR_REDIRECT] 
2026-04-29 16:53:08,508 [ERROR] LogOutputStream:75 - [STDERR_REDIRECT] [Fatal Error] :1:1: Premature end of file.
2026-04-29 16:53:08,508 [ERROR] LogOutputStream:75 - [STDERR_REDIRECT] 
2026-04-29 16:53:09,492 [ERROR] LogOutputStream:75 - [STDERR_REDIRECT] [Fatal Error] :1:1: Premature end of file.
2026-04-29 16:53:09,493 [ERROR] LogOutputStream:75 - [STDERR_REDIRECT] 
2026-04-29 16:53:10,511 [ERROR] LogOutputStream:75 - [STDERR_REDIRECT] [Fatal Error] :1:1: Premature end of file.
2026-04-29 16:53:10,511 [ERROR] LogOutputStream:75 - [STDERR_REDIRECT] 
2026-04-29 16:53:11,508 [ERROR] LogOutputStream:75 - [STDERR_REDIRECT] [Fatal Error] :1:1: Premature end of file.
2026-04-29 16:53:11,509 [ERROR] LogOutputStream:75 - [STDERR_REDIRECT] 
2026-04-29 16:53:12,500 [ERROR] LogOutputStream:75 - [STDERR_REDIRECT] [Fatal Error] :1:1: Premature end of file.
2026-04-29 16:53:12,500 [ERROR] LogOutputStream:75 - [STDERR_REDIRECT] 
2026-04-29 16:53:13,490 [ERROR] LogOutputStream:75 - [STDERR_REDIRECT] [Fatal Error] :1:1: Premature end of file.
2026-04-29 16:53:13,491 [ERROR] LogOutputStream:75 - [STDERR_REDIRECT] 
2026-04-29 16:53:14,518 [ERROR] LogOutputStream:75 - [STDERR_REDIRECT] [Fatal Error] :1:1: Premature end of file.
2026-04-29 16:53:14,519 [ERROR] LogOutputStream:75 - [STDERR_REDIRECT] 
2026-04-29 16:53:15,498 [ERROR] LogOutputStream:75 - [STDERR_REDIRECT] [Fatal Error] :1:1: Premature end of file.
2026-04-29 16:53:15,498 [ERROR] LogOutputStream:75 - [STDERR_REDIRECT] 
2026-04-29 16:53:16,512 [ERROR] LogOutputStream:75 - [STDERR_REDIRECT] [Fatal Error] :1:1: Premature end of file.
2026-04-29 16:53:16,512 [ERROR] LogOutputStream:75 - [STDERR_REDIRECT] 
2026-04-29 16:53:17,509 [ERROR] LogOutputStream:75 - [STDERR_REDIRECT] [Fatal Error] :1:1: Premature end of file.
2026-04-29 16:53:17,510 [ERROR] LogOutputStream:75 - [STDERR_REDIRECT] 
2026-04-29 16:53:18,506 [ERROR] LogOutputStream:75 - [STDERR_REDIRECT] [Fatal Error] :1:1: Premature end of file.
2026-04-29 16:53:18,506 [ERROR] LogOutputStream:75 - [STDERR_REDIRECT] 
2026-04-29 16:53:19,498 [ERROR] LogOutputStream:75 - [STDERR_REDIRECT] [Fatal Error] :1:1: Premature end of file.
2026-04-29 16:53:19,498 [ERROR] LogOutputStream:75 - [STDERR_REDIRECT] 
2026-04-29 16:53:20,484 [ERROR] LogOutputStream:75 - [STDERR_REDIRECT] [Fatal Error] :1:1: Premature end of file.
2026-04-29 16:53:20,484 [ERROR] LogOutputStream:75 - [STDERR_REDIRECT] 
2026-04-29 16:53:21,488 [ERROR] LogOutputStream:75 - [STDERR_REDIRECT] [Fatal Error] :1:1: Premature end of file.
2026-04-29 16:53:21,488 [ERROR] LogOutputStream:75 - [STDERR_REDIRECT] 
2026-04-29 16:53:22,497 [ERROR] LogOutputStream:75 - [STDERR_REDIRECT] [Fatal Error] :1:1: Premature end of file.
2026-04-29 16:53:22,497 [ERROR] LogOutputStream:75 - [STDERR_REDIRECT] 
2026-04-29 16:53:23,503 [ERROR] LogOutputStream:75 - [STDERR_REDIRECT] [Fatal Error] :1:1: Premature end of file.
2026-04-29 16:53:23,503 [ERROR] LogOutputStream:75 - [STDERR_REDIRECT] 
2026-04-29 16:53:24,517 [ERROR] LogOutputStream:75 - [STDERR_REDIRECT] [Fatal Error] :1:1: Premature end of file.
2026-04-29 16:53:24,517 [ERROR] LogOutputStream:75 - [STDERR_REDIRECT] 
2026-04-29 16:53:25,502 [ERROR] LogOutputStream:75 - [STDERR_REDIRECT] [Fatal Error] :1:1: Premature end of file.
2026-04-29 16:53:25,502 [ERROR] LogOutputStream:75 - [STDERR_REDIRECT] 
2026-04-29 16:53:26,503 [ERROR] LogOutputStream:75 - [STDERR_REDIRECT] [Fatal Error] :1:1: Premature end of file.
2026-04-29 16:53:26,503 [ERROR] LogOutputStream:75 - [STDERR_REDIRECT] 
2026-04-29 16:53:27,501 [ERROR] LogOutputStream:75 - [STDERR_REDIRECT] [Fatal Error] :1:1: Premature end of file.
2026-04-29 16:53:27,501 [ERROR] LogOutputStream:75 - [STDERR_REDIRECT] 
2026-04-29 16:53:28,503 [ERROR] LogOutputStream:75 - [STDERR_REDIRECT] [Fatal Error] :1:1: Premature end of file.
2026-04-29 16:53:28,503 [ERROR] LogOutputStream:75 - [STDERR_REDIRECT] 
2026-04-29 16:53:29,505 [ERROR] LogOutputStream:75 - [STDERR_REDIRECT] [Fatal Error] :1:1: Premature end of file.
2026-04-29 16:53:29,505 [ERROR] LogOutputStream:75 - [STDERR_REDIRECT] 
2026-04-29 16:53:30,508 [ERROR] LogOutputStream:75 - [STDERR_REDIRECT] [Fatal Error] :1:1: Premature end of file.
2026-04-29 16:53:30,508 [ERROR] LogOutputStream:75 - [STDERR_REDIRECT] 
2026-04-29 16:53:31,503 [ERROR] LogOutputStream:75 - [STDERR_REDIRECT] [Fatal Error] :1:1: Premature end of file.
2026-04-29 16:53:31,503 [ERROR] LogOutputStream:75 - [STDERR_REDIRECT] 
2026-04-29 16:53:32,500 [ERROR] LogOutputStream:75 - [STDERR_REDIRECT] [Fatal Error] :1:1: Premature end of file.
2026-04-29 16:53:32,500 [ERROR] LogOutputStream:75 - [STDERR_REDIRECT] 
2026-04-29 16:53:33,503 [ERROR] LogOutputStream:75 - [STDERR_REDIRECT] [Fatal Error] :1:1: Premature end of file.
2026-04-29 16:53:33,503 [ERROR] LogOutputStream:75 - [STDERR_REDIRECT] 
2026-04-29 16:53:34,498 [ERROR] LogOutputStream:75 - [STDERR_REDIRECT] [Fatal Error] :1:1: Premature end of file.
2026-04-29 16:53:34,498 [ERROR] LogOutputStream:75 - [STDERR_REDIRECT] 
2026-04-29 16:53:35,497 [ERROR] LogOutputStream:75 - [STDERR_REDIRECT] [Fatal Error] :1:1: Premature end of file.
2026-04-29 16:53:35,498 [ERROR] LogOutputStream:75 - [STDERR_REDIRECT] 
2026-04-29 16:53:36,487 [ERROR] LogOutputStream:75 - [STDERR_REDIRECT] [Fatal Error] :1:1: Premature end of file.
2026-04-29 16:53:36,487 [ERROR] LogOutputStream:75 - [STDERR_REDIRECT] 
2026-04-29 16:53:37,500 [ERROR] LogOutputStream:75 - [STDERR_REDIRECT] [Fatal Error] :1:1: Premature end of file.
2026-04-29 16:53:37,500 [ERROR] LogOutputStream:75 - [STDERR_REDIRECT] 
2026-04-29 16:53:38,507 [ERROR] LogOutputStream:75 - [STDERR_REDIRECT] [Fatal Error] :1:1: Premature end of file.
2026-04-29 16:53:38,507 [ERROR] LogOutputStream:75 - [STDERR_REDIRECT] 
2026-04-29 16:53:39,509 [ERROR] LogOutputStream:75 - [STDERR_REDIRECT] [Fatal Error] :1:1: Premature end of file.
2026-04-29 16:53:39,509 [ERROR] LogOutputStream:75 - [STDERR_REDIRECT] 
2026-04-29 16:53:40,506 [ERROR] LogOutputStream:75 - [STDERR_REDIRECT] [Fatal Error] :1:1: Premature end of file.
2026-04-29 16:53:40,506 [ERROR] LogOutputStream:75 - [STDERR_REDIRECT] 
2026-04-29 16:53:41,498 [ERROR] LogOutputStream:75 - [STDERR_REDIRECT] [Fatal Error] :1:1: Premature end of file.
2026-04-29 16:53:41,498 [ERROR] LogOutputStream:75 - [STDERR_REDIRECT] 
2026-04-29 16:53:42,499 [ERROR] LogOutputStream:75 - [STDERR_REDIRECT] [Fatal Error] :1:1: Premature end of file.
2026-04-29 16:53:42,500 [ERROR] LogOutputStream:75 - [STDERR_REDIRECT] 
2026-04-29 16:53:43,499 [ERROR] LogOutputStream:75 - [STDERR_REDIRECT] [Fatal Error] :1:1: Premature end of file.
2026-04-29 16:53:43,499 [ERROR] LogOutputStream:75 - [STDERR_REDIRECT] 
2026-04-29 16:53:44,500 [ERROR] LogOutputStream:75 - [STDERR_REDIRECT] [Fatal Error] :1:1: Premature end of file.
2026-04-29 16:53:44,500 [ERROR] LogOutputStream:75 - [STDERR_REDIRECT] 
2026-04-29 16:53:45,498 [ERROR] LogOutputStream:75 - [STDERR_REDIRECT] [Fatal Error] :1:1: Premature end of file.
2026-04-29 16:53:45,498 [ERROR] LogOutputStream:75 - [STDERR_REDIRECT] 
2026-04-29 16:53:46,501 [ERROR] LogOutputStream:75 - [STDERR_REDIRECT] [Fatal Error] :1:1: Premature end of file.
2026-04-29 16:53:46,501 [ERROR] LogOutputStream:75 - [STDERR_REDIRECT] 
2026-04-29 16:53:47,501 [ERROR] LogOutputStream:75 - [STDERR_REDIRECT] [Fatal Error] :1:1: Premature end of file.
2026-04-29 16:53:47,501 [ERROR] LogOutputStream:75 - [STDERR_REDIRECT] 
2026-04-29 16:53:48,500 [ERROR] LogOutputStream:75 - [STDERR_REDIRECT] [Fatal Error] :1:1: Premature end of file.
2026-04-29 16:53:48,501 [ERROR] LogOutputStream:75 - [STDERR_REDIRECT] 
2026-04-29 16:53:49,497 [ERROR] LogOutputStream:75 - [STDERR_REDIRECT] [Fatal Error] :1:1: Premature end of file.
2026-04-29 16:53:49,497 [ERROR] LogOutputStream:75 - [STDERR_REDIRECT] 
2026-04-29 16:53:50,505 [ERROR] LogOutputStream:75 - [STDERR_REDIRECT] [Fatal Error] :1:1: Premature end of file.
2026-04-29 16:53:50,505 [ERROR] LogOutputStream:75 - [STDERR_REDIRECT] 
2026-04-29 16:53:51,495 [ERROR] LogOutputStream:75 - [STDERR_REDIRECT] [Fatal Error] :1:1: Premature end of file.
2026-04-29 16:53:51,495 [ERROR] LogOutputStream:75 - [STDERR_REDIRECT] 
2026-04-29 16:53:52,500 [ERROR] LogOutputStream:75 - [STDERR_REDIRECT] [Fatal Error] :1:1: Premature end of file.
2026-04-29 16:53:52,500 [ERROR] LogOutputStream:75 - [STDERR_REDIRECT] 
2026-04-29 16:53:53,503 [ERROR] LogOutputStream:75 - [STDERR_REDIRECT] [Fatal Error] :1:1: Premature end of file.
2026-04-29 16:53:53,504 [ERROR] LogOutputStream:75 - [STDERR_REDIRECT] 
2026-04-29 16:53:54,507 [ERROR] LogOutputStream:75 - [STDERR_REDIRECT] [Fatal Error] :1:1: Premature end of file.
2026-04-29 16:53:54,507 [ERROR] LogOutputStream:75 - [STDERR_REDIRECT] 
2026-04-29 16:53:55,499 [ERROR] LogOutputStream:75 - [STDERR_REDIRECT] [Fatal Error] :1:1: Premature end of file.
2026-04-29 16:53:55,499 [ERROR] LogOutputStream:75 - [STDERR_REDIRECT] 
2026-04-29 16:53:56,505 [ERROR] LogOutputStream:75 - [STDERR_REDIRECT] [Fatal Error] :1:1: Premature end of file.
2026-04-29 16:53:56,505 [ERROR] LogOutputStream:75 - [STDERR_REDIRECT] 
2026-04-29 16:53:57,507 [ERROR] LogOutputStream:75 - [STDERR_REDIRECT] [Fatal Error] :1:1: Premature end of file.
2026-04-29 16:53:57,507 [ERROR] LogOutputStream:75 - [STDERR_REDIRECT] 
2026-04-29 16:53:58,503 [ERROR] LogOutputStream:75 - [STDERR_REDIRECT] [Fatal Error] :1:1: Premature end of file.
2026-04-29 16:53:58,504 [ERROR] LogOutputStream:75 - [STDERR_REDIRECT] 
2026-04-29 16:53:59,503 [ERROR] LogOutputStream:75 - [STDERR_REDIRECT] [Fatal Error] :1:1: Premature end of file.
2026-04-29 16:53:59,504 [ERROR] LogOutputStream:75 - [STDERR_REDIRECT] 
2026-04-29 16:54:00,503 [ERROR] LogOutputStream:75 - [STDERR_REDIRECT] [Fatal Error] :1:1: Premature end of file.
2026-04-29 16:54:00,504 [ERROR] LogOutputStream:75 - [STDERR_REDIRECT] 
2026-04-29 16:54:01,504 [ERROR] LogOutputStream:75 - [STDERR_REDIRECT] [Fatal Error] :1:1: Premature end of file.
2026-04-29 16:54:01,504 [ERROR] LogOutputStream:75 - [STDERR_REDIRECT] 
2026-04-29 16:54:02,503 [ERROR] LogOutputStream:75 - [STDERR_REDIRECT] [Fatal Error] :1:1: Premature end of file.
2026-04-29 16:54:02,503 [ERROR] LogOutputStream:75 - [STDERR_REDIRECT] 
2026-04-29 16:54:03,502 [ERROR] LogOutputStream:75 - [STDERR_REDIRECT] [Fatal Error] :1:1: Premature end of file.
2026-04-29 16:54:03,502 [ERROR] LogOutputStream:75 - [STDERR_REDIRECT] 
2026-04-29 16:54:04,505 [ERROR] LogOutputStream:75 - [STDERR_REDIRECT] [Fatal Error] :1:1: Premature end of file.
2026-04-29 16:54:04,505 [ERROR] LogOutputStream:75 - [STDERR_REDIRECT] 
2026-04-29 16:54:05,502 [ERROR] LogOutputStream:75 - [STDERR_REDIRECT] [Fatal Error] :1:1: Premature end of file.
2026-04-29 16:54:05,503 [ERROR] LogOutputStream:75 - [STDERR_REDIRECT] 
2026-04-29 16:54:06,500 [ERROR] LogOutputStream:75 - [STDERR_REDIRECT] [Fatal Error] :1:1: Premature end of file.
2026-04-29 16:54:06,500 [ERROR] LogOutputStream:75 - [STDERR_REDIRECT] 
2026-04-29 16:54:07,501 [ERROR] LogOutputStream:75 - [STDERR_REDIRECT] [Fatal Error] :1:1: Premature end of file.
2026-04-29 16:54:07,501 [ERROR] LogOutputStream:75 - [STDERR_REDIRECT] 
2026-04-29 16:54:08,503 [ERROR] LogOutputStream:75 - [STDERR_REDIRECT] [Fatal Error] :1:1: Premature end of file.
2026-04-29 16:54:08,503 [ERROR] LogOutputStream:75 - [STDERR_REDIRECT] 
2026-04-29 16:54:09,505 [ERROR] LogOutputStream:75 - [STDERR_REDIRECT] [Fatal Error] :1:1: Premature end of file.
2026-04-29 16:54:09,505 [ERROR] LogOutputStream:75 - [STDERR_REDIRECT] 
2026-04-29 16:54:10,503 [ERROR] LogOutputStream:75 - [STDERR_REDIRECT] [Fatal Error] :1:1: Premature end of file.
2026-04-29 16:54:10,504 [ERROR] LogOutputStream:75 - [STDERR_REDIRECT] 
2026-04-29 16:54:11,500 [ERROR] LogOutputStream:75 - [STDERR_REDIRECT] [Fatal Error] :1:1: Premature end of file.
2026-04-29 16:54:11,501 [ERROR] LogOutputStream:75 - [STDERR_REDIRECT] 
2026-04-29 16:54:12,503 [ERROR] LogOutputStream:75 - [STDERR_REDIRECT] [Fatal Error] :1:1: Premature end of file.
2026-04-29 16:54:12,503 [ERROR] LogOutputStream:75 - [STDERR_REDIRECT] 
2026-04-29 16:54:13,499 [ERROR] LogOutputStream:75 - [STDERR_REDIRECT] [Fatal Error] :1:1: Premature end of file.
2026-04-29 16:54:13,499 [ERROR] LogOutputStream:75 - [STDERR_REDIRECT] 
2026-04-29 16:54:14,515 [ERROR] LogOutputStream:75 - [STDERR_REDIRECT] [Fatal Error] :1:1: Premature end of file.
2026-04-29 16:54:14,516 [ERROR] LogOutputStream:75 - [STDERR_REDIRECT] 
2026-04-29 16:54:15,509 [ERROR] LogOutputStream:75 - [STDERR_REDIRECT] [Fatal Error] :1:1: Premature end of file.
2026-04-29 16:54:15,510 [ERROR] LogOutputStream:75 - [STDERR_REDIRECT] 
2026-04-29 16:54:16,512 [ERROR] LogOutputStream:75 - [STDERR_REDIRECT] [Fatal Error] :1:1: Premature end of file.
2026-04-29 16:54:16,512 [ERROR] LogOutputStream:75 - [STDERR_REDIRECT] 
2026-04-29 16:54:17,495 [ERROR] LogOutputStream:75 - [STDERR_REDIRECT] [Fatal Error] :1:1: Premature end of file.
2026-04-29 16:54:17,495 [ERROR] LogOutputStream:75 - [STDERR_REDIRECT] 
2026-04-29 16:54:18,509 [ERROR] LogOutputStream:75 - [STDERR_REDIRECT] [Fatal Error] :1:1: Premature end of file.
2026-04-29 16:54:18,509 [ERROR] LogOutputStream:75 - [STDERR_REDIRECT] 
2026-04-29 16:54:19,501 [ERROR] LogOutputStream:75 - [STDERR_REDIRECT] [Fatal Error] :1:1: Premature end of file.
2026-04-29 16:54:19,502 [ERROR] LogOutputStream:75 - [STDERR_REDIRECT] 
2026-04-29 16:54:20,495 [ERROR] LogOutputStream:75 - [STDERR_REDIRECT] [Fatal Error] :1:1: Premature end of file.
2026-04-29 16:54:20,495 [ERROR] LogOutputStream:75 - [STDERR_REDIRECT] 
2026-04-29 16:54:21,515 [ERROR] LogOutputStream:75 - [STDERR_REDIRECT] [Fatal Error] :1:1: Premature end of file.
2026-04-29 16:54:21,515 [ERROR] LogOutputStream:75 - [STDERR_REDIRECT] 
2026-04-29 16:54:22,502 [ERROR] LogOutputStream:75 - [STDERR_REDIRECT] [Fatal Error] :1:1: Premature end of file.
2026-04-29 16:54:22,502 [ERROR] LogOutputStream:75 - [STDERR_REDIRECT] 
2026-04-29 16:54:23,517 [ERROR] LogOutputStream:75 - [STDERR_REDIRECT] [Fatal Error] :1:1: Premature end of file.
2026-04-29 16:54:23,517 [ERROR] LogOutputStream:75 - [STDERR_REDIRECT] 
2026-04-29 16:54:24,502 [ERROR] LogOutputStream:75 - [STDERR_REDIRECT] [Fatal Error] :1:1: Premature end of file.
2026-04-29 16:54:24,502 [ERROR] LogOutputStream:75 - [STDERR_REDIRECT] 
2026-04-29 16:54:25,511 [ERROR] LogOutputStream:75 - [STDERR_REDIRECT] [Fatal Error] :1:1: Premature end of file.
2026-04-29 16:54:25,512 [ERROR] LogOutputStream:75 - [STDERR_REDIRECT] 
2026-04-29 16:54:26,497 [ERROR] LogOutputStream:75 - [STDERR_REDIRECT] [Fatal Error] :1:1: Premature end of file.
2026-04-29 16:54:26,497 [ERROR] LogOutputStream:75 - [STDERR_REDIRECT] 
2026-04-29 16:54:27,500 [ERROR] LogOutputStream:75 - [STDERR_REDIRECT] [Fatal Error] :1:1: Premature end of file.
2026-04-29 16:54:27,500 [ERROR] LogOutputStream:75 - [STDERR_REDIRECT] 
2026-04-29 16:54:28,502 [ERROR] LogOutputStream:75 - [STDERR_REDIRECT] [Fatal Error] :1:1: Premature end of file.
2026-04-29 16:54:28,502 [ERROR] LogOutputStream:75 - [STDERR_REDIRECT] 
2026-04-29 16:54:29,503 [ERROR] LogOutputStream:75 - [STDERR_REDIRECT] [Fatal Error] :1:1: Premature end of file.
2026-04-29 16:54:29,503 [ERROR] LogOutputStream:75 - [STDERR_REDIRECT] 
2026-04-29 16:54:30,499 [ERROR] LogOutputStream:75 - [STDERR_REDIRECT] [Fatal Error] :1:1: Premature end of file.
2026-04-29 16:54:30,499 [ERROR] LogOutputStream:75 - [STDERR_REDIRECT] 
2026-04-29 16:54:31,500 [ERROR] LogOutputStream:75 - [STDERR_REDIRECT] [Fatal Error] :1:1: Premature end of file.
2026-04-29 16:54:31,500 [ERROR] LogOutputStream:75 - [STDERR_REDIRECT] 
2026-04-29 16:54:32,511 [ERROR] LogOutputStream:75 - [STDERR_REDIRECT] [Fatal Error] :1:1: Premature end of file.
2026-04-29 16:54:32,512 [ERROR] LogOutputStream:75 - [STDERR_REDIRECT] 
2026-04-29 16:54:33,499 [ERROR] LogOutputStream:75 - [STDERR_REDIRECT] [Fatal Error] :1:1: Premature end of file.
2026-04-29 16:54:33,499 [ERROR] LogOutputStream:75 - [STDERR_REDIRECT] 
2026-04-29 16:54:34,501 [ERROR] LogOutputStream:75 - [STDERR_REDIRECT] [Fatal Error] :1:1: Premature end of file.
2026-04-29 16:54:34,501 [ERROR] LogOutputStream:75 - [STDERR_REDIRECT] 
2026-04-29 16:54:35,503 [ERROR] LogOutputStream:75 - [STDERR_REDIRECT] [Fatal Error] :1:1: Premature end of file.
2026-04-29 16:54:35,503 [ERROR] LogOutputStream:75 - [STDERR_REDIRECT] 
2026-04-29 16:54:36,505 [ERROR] LogOutputStream:75 - [STDERR_REDIRECT] [Fatal Error] :1:1: Premature end of file.
2026-04-29 16:54:36,505 [ERROR] LogOutputStream:75 - [STDERR_REDIRECT] 
2026-04-29 16:54:37,505 [ERROR] LogOutputStream:75 - [STDERR_REDIRECT] [Fatal Error] :1:1: Premature end of file.
2026-04-29 16:54:37,505 [ERROR] LogOutputStream:75 - [STDERR_REDIRECT] 
2026-04-29 16:54:38,506 [ERROR] LogOutputStream:75 - [STDERR_REDIRECT] [Fatal Error] :1:1: Premature end of file.
2026-04-29 16:54:38,506 [ERROR] LogOutputStream:75 - [STDERR_REDIRECT] 
2026-04-29 16:54:39,502 [ERROR] LogOutputStream:75 - [STDERR_REDIRECT] [Fatal Error] :1:1: Premature end of file.
2026-04-29 16:54:39,503 [ERROR] LogOutputStream:75 - [STDERR_REDIRECT] 
2026-04-29 16:54:40,515 [ERROR] LogOutputStream:75 - [STDERR_REDIRECT] [Fatal Error] :1:1: Premature end of file.
2026-04-29 16:54:40,516 [ERROR] LogOutputStream:75 - [STDERR_REDIRECT] 
2026-04-29 16:54:41,502 [ERROR] LogOutputStream:75 - [STDERR_REDIRECT] [Fatal Error] :1:1: Premature end of file.
2026-04-29 16:54:41,502 [ERROR] LogOutputStream:75 - [STDERR_REDIRECT] 
2026-04-29 16:54:42,505 [ERROR] LogOutputStream:75 - [STDERR_REDIRECT] [Fatal Error] :1:1: Premature end of file.
2026-04-29 16:54:42,505 [ERROR] LogOutputStream:75 - [STDERR_REDIRECT] 
2026-04-29 16:54:43,499 [ERROR] LogOutputStream:75 - [STDERR_REDIRECT] [Fatal Error] :1:1: Premature end of file.
2026-04-29 16:54:43,499 [ERROR] LogOutputStream:75 - [STDERR_REDIRECT] 
2026-04-29 16:54:44,505 [ERROR] LogOutputStream:75 - [STDERR_REDIRECT] [Fatal Error] :1:1: Premature end of file.
2026-04-29 16:54:44,505 [ERROR] LogOutputStream:75 - [STDERR_REDIRECT] 
2026-04-29 16:54:45,506 [ERROR] LogOutputStream:75 - [STDERR_REDIRECT] [Fatal Error] :1:1: Premature end of file.
2026-04-29 16:54:45,507 [ERROR] LogOutputStream:75 - [STDERR_REDIRECT] 
2026-04-29 16:54:46,501 [ERROR] LogOutputStream:75 - [STDERR_REDIRECT] [Fatal Error] :1:1: Premature end of file.
2026-04-29 16:54:46,501 [ERROR] LogOutputStream:75 - [STDERR_REDIRECT] 
2026-04-29 16:54:47,500 [ERROR] LogOutputStream:75 - [STDERR_REDIRECT] [Fatal Error] :1:1: Premature end of file.
2026-04-29 16:54:47,501 [ERROR] LogOutputStream:75 - [STDERR_REDIRECT] 
2026-04-29 16:54:48,500 [ERROR] LogOutputStream:75 - [STDERR_REDIRECT] [Fatal Error] :1:1: Premature end of file.
2026-04-29 16:54:48,500 [ERROR] LogOutputStream:75 - [STDERR_REDIRECT] 
2026-04-29 16:54:49,497 [ERROR] LogOutputStream:75 - [STDERR_REDIRECT] [Fatal Error] :1:1: Premature end of file.
2026-04-29 16:54:49,497 [ERROR] LogOutputStream:75 - [STDERR_REDIRECT] 
2026-04-29 16:54:50,517 [ERROR] LogOutputStream:75 - [STDERR_REDIRECT] [Fatal Error] :1:1: Premature end of file.
2026-04-29 16:54:50,518 [ERROR] LogOutputStream:75 - [STDERR_REDIRECT] 
2026-04-29 16:54:51,504 [ERROR] LogOutputStream:75 - [STDERR_REDIRECT] [Fatal Error] :1:1: Premature end of file.
2026-04-29 16:54:51,504 [ERROR] LogOutputStream:75 - [STDERR_REDIRECT] 
2026-04-29 16:54:52,501 [ERROR] LogOutputStream:75 - [STDERR_REDIRECT] [Fatal Error] :1:1: Premature end of file.
2026-04-29 16:54:52,501 [ERROR] LogOutputStream:75 - [STDERR_REDIRECT] 
2026-04-29 16:54:53,502 [ERROR] LogOutputStream:75 - [STDERR_REDIRECT] [Fatal Error] :1:1: Premature end of file.
2026-04-29 16:54:53,502 [ERROR] LogOutputStream:75 - [STDERR_REDIRECT] 
2026-04-29 16:54:54,500 [ERROR] LogOutputStream:75 - [STDERR_REDIRECT] [Fatal Error] :1:1: Premature end of file.
2026-04-29 16:54:54,500 [ERROR] LogOutputStream:75 - [STDERR_REDIRECT] 
2026-04-29 16:54:55,506 [ERROR] LogOutputStream:75 - [STDERR_REDIRECT] [Fatal Error] :1:1: Premature end of file.
2026-04-29 16:54:55,506 [ERROR] LogOutputStream:75 - [STDERR_REDIRECT] 
2026-04-29 16:54:56,502 [ERROR] LogOutputStream:75 - [STDERR_REDIRECT] [Fatal Error] :1:1: Premature end of file.
2026-04-29 16:54:56,502 [ERROR] LogOutputStream:75 - [STDERR_REDIRECT] 
2026-04-29 16:54:57,499 [ERROR] LogOutputStream:75 - [STDERR_REDIRECT] [Fatal Error] :1:1: Premature end of file.
2026-04-29 16:54:57,499 [ERROR] LogOutputStream:75 - [STDERR_REDIRECT] 
2026-04-29 16:54:58,501 [ERROR] LogOutputStream:75 - [STDERR_REDIRECT] [Fatal Error] :1:1: Premature end of file.
2026-04-29 16:54:58,502 [ERROR] LogOutputStream:75 - [STDERR_REDIRECT] 
2026-04-29 16:54:59,509 [ERROR] LogOutputStream:75 - [STDERR_REDIRECT] [Fatal Error] :1:1: Premature end of file.
2026-04-29 16:54:59,509 [ERROR] LogOutputStream:75 - [STDERR_REDIRECT] 
2026-04-29 16:55:00,518 [ERROR] LogOutputStream:75 - [STDERR_REDIRECT] [Fatal Error] :1:1: Premature end of file.
2026-04-29 16:55:00,518 [ERROR] LogOutputStream:75 - [STDERR_REDIRECT] 
2026-04-29 16:55:01,509 [ERROR] LogOutputStream:75 - [STDERR_REDIRECT] [Fatal Error] :1:1: Premature end of file.
2026-04-29 16:55:01,509 [ERROR] LogOutputStream:75 - [STDERR_REDIRECT] 
2026-04-29 16:55:02,498 [ERROR] LogOutputStream:75 - [STDERR_REDIRECT] [Fatal Error] :1:1: Premature end of file.
2026-04-29 16:55:02,498 [ERROR] LogOutputStream:75 - [STDERR_REDIRECT] 
2026-04-29 16:55:03,500 [ERROR] LogOutputStream:75 - [STDERR_REDIRECT] [Fatal Error] :1:1: Premature end of file.
2026-04-29 16:55:03,500 [ERROR] LogOutputStream:75 - [STDERR_REDIRECT] 
2026-04-29 16:55:04,498 [ERROR] LogOutputStream:75 - [STDERR_REDIRECT] [Fatal Error] :1:1: Premature end of file.
2026-04-29 16:55:04,498 [ERROR] LogOutputStream:75 - [STDERR_REDIRECT] 
2026-04-29 16:55:05,507 [ERROR] LogOutputStream:75 - [STDERR_REDIRECT] [Fatal Error] :1:1: Premature end of file.
2026-04-29 16:55:05,508 [ERROR] LogOutputStream:75 - [STDERR_REDIRECT] 
2026-04-29 16:55:06,504 [ERROR] LogOutputStream:75 - [STDERR_REDIRECT] [Fatal Error] :1:1: Premature end of file.
2026-04-29 16:55:06,504 [ERROR] LogOutputStream:75 - [STDERR_REDIRECT] 
2026-04-29 16:55:07,506 [ERROR] LogOutputStream:75 - [STDERR_REDIRECT] [Fatal Error] :1:1: Premature end of file.
2026-04-29 16:55:07,507 [ERROR] LogOutputStream:75 - [STDERR_REDIRECT] 
2026-04-29 16:55:08,508 [ERROR] LogOutputStream:75 - [STDERR_REDIRECT] [Fatal Error] :1:1: Premature end of file.
2026-04-29 16:55:08,508 [ERROR] LogOutputStream:75 - [STDERR_REDIRECT] 
2026-04-29 16:55:09,513 [ERROR] LogOutputStream:75 - [STDERR_REDIRECT] [Fatal Error] :1:1: Premature end of file.
2026-04-29 16:55:09,513 [ERROR] LogOutputStream:75 - [STDERR_REDIRECT] 
2026-04-29 16:55:10,499 [ERROR] LogOutputStream:75 - [STDERR_REDIRECT] [Fatal Error] :1:1: Premature end of file.
2026-04-29 16:55:10,500 [ERROR] LogOutputStream:75 - [STDERR_REDIRECT] 
2026-04-29 16:55:11,503 [ERROR] LogOutputStream:75 - [STDERR_REDIRECT] [Fatal Error] :1:1: Premature end of file.
2026-04-29 16:55:11,504 [ERROR] LogOutputStream:75 - [STDERR_REDIRECT] 
2026-04-29 16:55:12,504 [ERROR] LogOutputStream:75 - [STDERR_REDIRECT] [Fatal Error] :1:1: Premature end of file.
2026-04-29 16:55:12,504 [ERROR] LogOutputStream:75 - [STDERR_REDIRECT] 
2026-04-29 16:55:13,501 [ERROR] LogOutputStream:75 - [STDERR_REDIRECT] [Fatal Error] :1:1: Premature end of file.
2026-04-29 16:55:13,501 [ERROR] LogOutputStream:75 - [STDERR_REDIRECT] 
2026-04-29 16:55:14,501 [ERROR] LogOutputStream:75 - [STDERR_REDIRECT] [Fatal Error] :1:1: Premature end of file.
2026-04-29 16:55:14,501 [ERROR] LogOutputStream:75 - [STDERR_REDIRECT] 
2026-04-29 16:55:15,503 [ERROR] LogOutputStream:75 - [STDERR_REDIRECT] [Fatal Error] :1:1: Premature end of file.
2026-04-29 16:55:15,503 [ERROR] LogOutputStream:75 - [STDERR_REDIRECT] 
2026-04-29 16:55:16,500 [ERROR] LogOutputStream:75 - [STDERR_REDIRECT] [Fatal Error] :1:1: Premature end of file.
2026-04-29 16:55:16,500 [ERROR] LogOutputStream:75 - [STDERR_REDIRECT] 
2026-04-29 16:55:17,502 [ERROR] LogOutputStream:75 - [STDERR_REDIRECT] [Fatal Error] :1:1: Premature end of file.
2026-04-29 16:55:17,502 [ERROR] LogOutputStream:75 - [STDERR_REDIRECT] 
2026-04-29 16:55:18,500 [ERROR] LogOutputStream:75 - [STDERR_REDIRECT] [Fatal Error] :1:1: Premature end of file.
2026-04-29 16:55:18,501 [ERROR] LogOutputStream:75 - [STDERR_REDIRECT] 
2026-04-29 16:55:19,499 [ERROR] LogOutputStream:75 - [STDERR_REDIRECT] [Fatal Error] :1:1: Premature end of file.
2026-04-29 16:55:19,499 [ERROR] LogOutputStream:75 - [STDERR_REDIRECT] 
2026-04-29 16:55:20,518 [ERROR] LogOutputStream:75 - [STDERR_REDIRECT] [Fatal Error] :1:1: Premature end of file.
2026-04-29 16:55:20,518 [ERROR] LogOutputStream:75 - [STDERR_REDIRECT] 
2026-04-29 16:55:21,500 [ERROR] LogOutputStream:75 - [STDERR_REDIRECT] [Fatal Error] :1:1: Premature end of file.
2026-04-29 16:55:21,500 [ERROR] LogOutputStream:75 - [STDERR_REDIRECT] 
2026-04-29 16:55:22,506 [ERROR] LogOutputStream:75 - [STDERR_REDIRECT] [Fatal Error] :1:1: Premature end of file.
2026-04-29 16:55:22,506 [ERROR] LogOutputStream:75 - [STDERR_REDIRECT] 
2026-04-29 16:55:23,500 [ERROR] LogOutputStream:75 - [STDERR_REDIRECT] [Fatal Error] :1:1: Premature end of file.
2026-04-29 16:55:23,500 [ERROR] LogOutputStream:75 - [STDERR_REDIRECT] 
2026-04-29 16:55:24,506 [ERROR] LogOutputStream:75 - [STDERR_REDIRECT] [Fatal Error] :1:1: Premature end of file.
2026-04-29 16:55:24,506 [ERROR] LogOutputStream:75 - [STDERR_REDIRECT] 
2026-04-29 16:55:25,516 [ERROR] LogOutputStream:75 - [STDERR_REDIRECT] [Fatal Error] :1:1: Premature end of file.
2026-04-29 16:55:25,517 [ERROR] LogOutputStream:75 - [STDERR_REDIRECT] 
2026-04-29 16:55:26,505 [ERROR] LogOutputStream:75 - [STDERR_REDIRECT] [Fatal Error] :1:1: Premature end of file.
2026-04-29 16:55:26,506 [ERROR] LogOutputStream:75 - [STDERR_REDIRECT] 
2026-04-29 16:55:27,505 [ERROR] LogOutputStream:75 - [STDERR_REDIRECT] [Fatal Error] :1:1: Premature end of file.
2026-04-29 16:55:27,505 [ERROR] LogOutputStream:75 - [STDERR_REDIRECT] 
2026-04-29 16:55:28,501 [ERROR] LogOutputStream:75 - [STDERR_REDIRECT] [Fatal Error] :1:1: Premature end of file.
2026-04-29 16:55:28,501 [ERROR] LogOutputStream:75 - [STDERR_REDIRECT] 
2026-04-29 16:55:29,502 [ERROR] LogOutputStream:75 - [STDERR_REDIRECT] [Fatal Error] :1:1: Premature end of file.
2026-04-29 16:55:29,502 [ERROR] LogOutputStream:75 - [STDERR_REDIRECT] 
2026-04-29 16:55:30,512 [ERROR] LogOutputStream:75 - [STDERR_REDIRECT] [Fatal Error] :1:1: Premature end of file.
2026-04-29 16:55:30,512 [ERROR] LogOutputStream:75 - [STDERR_REDIRECT] 
2026-04-29 16:55:31,505 [ERROR] LogOutputStream:75 - [STDERR_REDIRECT] [Fatal Error] :1:1: Premature end of file.
2026-04-29 16:55:31,506 [ERROR] LogOutputStream:75 - [STDERR_REDIRECT] 
2026-04-29 16:55:32,495 [ERROR] LogOutputStream:75 - [STDERR_REDIRECT] [Fatal Error] :1:1: Premature end of file.
2026-04-29 16:55:32,495 [ERROR] LogOutputStream:75 - [STDERR_REDIRECT] 
2026-04-29 16:55:33,497 [ERROR] LogOutputStream:75 - [STDERR_REDIRECT] [Fatal Error] :1:1: Premature end of file.
2026-04-29 16:55:33,497 [ERROR] LogOutputStream:75 - [STDERR_REDIRECT] 
2026-04-29 16:55:34,492 [ERROR] LogOutputStream:75 - [STDERR_REDIRECT] [Fatal Error] :1:1: Premature end of file.
2026-04-29 16:55:34,492 [ERROR] LogOutputStream:75 - [STDERR_REDIRECT] 
2026-04-29 16:55:35,486 [ERROR] LogOutputStream:75 - [STDERR_REDIRECT] [Fatal Error] :1:1: Premature end of file.
2026-04-29 16:55:35,486 [ERROR] LogOutputStream:75 - [STDERR_REDIRECT] 
2026-04-29 16:55:36,506 [ERROR] LogOutputStream:75 - [STDERR_REDIRECT] [Fatal Error] :1:1: Premature end of file.
2026-04-29 16:55:36,507 [ERROR] LogOutputStream:75 - [STDERR_REDIRECT] 
2026-04-29 16:55:37,502 [ERROR] LogOutputStream:75 - [STDERR_REDIRECT] [Fatal Error] :1:1: Premature end of file.
2026-04-29 16:55:37,502 [ERROR] LogOutputStream:75 - [STDERR_REDIRECT] 
2026-04-29 16:55:38,506 [ERROR] LogOutputStream:75 - [STDERR_REDIRECT] [Fatal Error] :1:1: Premature end of file.
2026-04-29 16:55:38,506 [ERROR] LogOutputStream:75 - [STDERR_REDIRECT] 
2026-04-29 16:55:39,491 [ERROR] LogOutputStream:75 - [STDERR_REDIRECT] [Fatal Error] :1:1: Premature end of file.
2026-04-29 16:55:39,491 [ERROR] LogOutputStream:75 - [STDERR_REDIRECT] 
2026-04-29 16:55:40,505 [ERROR] LogOutputStream:75 - [STDERR_REDIRECT] [Fatal Error] :1:1: Premature end of file.
2026-04-29 16:55:40,506 [ERROR] LogOutputStream:75 - [STDERR_REDIRECT] 
2026-04-29 16:55:41,502 [ERROR] LogOutputStream:75 - [STDERR_REDIRECT] [Fatal Error] :1:1: Premature end of file.
2026-04-29 16:55:41,503 [ERROR] LogOutputStream:75 - [STDERR_REDIRECT] 
2026-04-29 16:55:42,505 [ERROR] LogOutputStream:75 - [STDERR_REDIRECT] [Fatal Error] :1:1: Premature end of file.
2026-04-29 16:55:42,505 [ERROR] LogOutputStream:75 - [STDERR_REDIRECT] 
2026-04-29 16:55:43,504 [ERROR] LogOutputStream:75 - [STDERR_REDIRECT] [Fatal Error] :1:1: Premature end of file.
2026-04-29 16:55:43,504 [ERROR] LogOutputStream:75 - [STDERR_REDIRECT] 
2026-04-29 16:55:44,504 [ERROR] LogOutputStream:75 - [STDERR_REDIRECT] [Fatal Error] :1:1: Premature end of file.
2026-04-29 16:55:44,504 [ERROR] LogOutputStream:75 - [STDERR_REDIRECT] 
2026-04-29 16:55:45,518 [ERROR] LogOutputStream:75 - [STDERR_REDIRECT] [Fatal Error] :1:1: Premature end of file.
2026-04-29 16:55:45,518 [ERROR] LogOutputStream:75 - [STDERR_REDIRECT] 
2026-04-29 16:55:46,497 [ERROR] LogOutputStream:75 - [STDERR_REDIRECT] [Fatal Error] :1:1: Premature end of file.
2026-04-29 16:55:46,497 [ERROR] LogOutputStream:75 - [STDERR_REDIRECT] 
2026-04-29 16:55:47,506 [ERROR] LogOutputStream:75 - [STDERR_REDIRECT] [Fatal Error] :1:1: Premature end of file.
2026-04-29 16:55:47,506 [ERROR] LogOutputStream:75 - [STDERR_REDIRECT] 
2026-04-29 16:55:48,496 [ERROR] LogOutputStream:75 - [STDERR_REDIRECT] [Fatal Error] :1:1: Premature end of file.
2026-04-29 16:55:48,496 [ERROR] LogOutputStream:75 - [STDERR_REDIRECT] 
2026-04-29 16:55:49,498 [ERROR] LogOutputStream:75 - [STDERR_REDIRECT] [Fatal Error] :1:1: Premature end of file.
2026-04-29 16:55:49,498 [ERROR] LogOutputStream:75 - [STDERR_REDIRECT] 
2026-04-29 16:55:50,510 [ERROR] LogOutputStream:75 - [STDERR_REDIRECT] [Fatal Error] :1:1: Premature end of file.
2026-04-29 16:55:50,510 [ERROR] LogOutputStream:75 - [STDERR_REDIRECT] 
2026-04-29 16:55:51,511 [ERROR] LogOutputStream:75 - [STDERR_REDIRECT] [Fatal Error] :1:1: Premature end of file.
2026-04-29 16:55:51,511 [ERROR] LogOutputStream:75 - [STDERR_REDIRECT] 
2026-04-29 16:55:52,487 [ERROR] LogOutputStream:75 - [STDERR_REDIRECT] [Fatal Error] :1:1: Premature end of file.
2026-04-29 16:55:52,488 [ERROR] LogOutputStream:75 - [STDERR_REDIRECT] 
2026-04-29 16:55:53,501 [ERROR] LogOutputStream:75 - [STDERR_REDIRECT] [Fatal Error] :1:1: Premature end of file.
2026-04-29 16:55:53,501 [ERROR] LogOutputStream:75 - [STDERR_REDIRECT] 
2026-04-29 16:55:54,503 [ERROR] LogOutputStream:75 - [STDERR_REDIRECT] [Fatal Error] :1:1: Premature end of file.
2026-04-29 16:55:54,503 [ERROR] LogOutputStream:75 - [STDERR_REDIRECT] 
2026-04-29 16:55:55,500 [ERROR] LogOutputStream:75 - [STDERR_REDIRECT] [Fatal Error] :1:1: Premature end of file.
2026-04-29 16:55:55,500 [ERROR] LogOutputStream:75 - [STDERR_REDIRECT] 
2026-04-29 16:55:56,503 [ERROR] LogOutputStream:75 - [STDERR_REDIRECT] [Fatal Error] :1:1: Premature end of file.
2026-04-29 16:55:56,504 [ERROR] LogOutputStream:75 - [STDERR_REDIRECT] 
2026-04-29 16:55:57,489 [ERROR] LogOutputStream:75 - [STDERR_REDIRECT] [Fatal Error] :1:1: Premature end of file.
2026-04-29 16:55:57,489 [ERROR] LogOutputStream:75 - [STDERR_REDIRECT] 
2026-04-29 16:55:58,503 [ERROR] LogOutputStream:75 - [STDERR_REDIRECT] [Fatal Error] :1:1: Premature end of file.
2026-04-29 16:55:58,503 [ERROR] LogOutputStream:75 - [STDERR_REDIRECT] 
2026-04-29 16:55:59,515 [ERROR] LogOutputStream:75 - [STDERR_REDIRECT] [Fatal Error] :1:1: Premature end of file.
2026-04-29 16:55:59,515 [ERROR] LogOutputStream:75 - [STDERR_REDIRECT] 
2026-04-29 16:56:00,506 [ERROR] LogOutputStream:75 - [STDERR_REDIRECT] [Fatal Error] :1:1: Premature end of file.
2026-04-29 16:56:00,506 [ERROR] LogOutputStream:75 - [STDERR_REDIRECT] 
2026-04-29 16:56:01,503 [ERROR] LogOutputStream:75 - [STDERR_REDIRECT] [Fatal Error] :1:1: Premature end of file.
2026-04-29 16:56:01,503 [ERROR] LogOutputStream:75 - [STDERR_REDIRECT] 
2026-04-29 16:56:02,498 [ERROR] LogOutputStream:75 - [STDERR_REDIRECT] [Fatal Error] :1:1: Premature end of file.
2026-04-29 16:56:02,498 [ERROR] LogOutputStream:75 - [STDERR_REDIRECT] 
2026-04-29 16:56:03,501 [ERROR] LogOutputStream:75 - [STDERR_REDIRECT] [Fatal Error] :1:1: Premature end of file.
2026-04-29 16:56:03,501 [ERROR] LogOutputStream:75 - [STDERR_REDIRECT] 
2026-04-29 16:56:04,503 [ERROR] LogOutputStream:75 - [STDERR_REDIRECT] [Fatal Error] :1:1: Premature end of file.
2026-04-29 16:56:04,503 [ERROR] LogOutputStream:75 - [STDERR_REDIRECT] 
2026-04-29 16:56:05,504 [ERROR] LogOutputStream:75 - [STDERR_REDIRECT] [Fatal Error] :1:1: Premature end of file.
2026-04-29 16:56:05,505 [ERROR] LogOutputStream:75 - [STDERR_REDIRECT] 
2026-04-29 16:56:06,503 [ERROR] LogOutputStream:75 - [STDERR_REDIRECT] [Fatal Error] :1:1: Premature end of file.
2026-04-29 16:56:06,503 [ERROR] LogOutputStream:75 - [STDERR_REDIRECT] 
2026-04-29 16:56:07,500 [ERROR] LogOutputStream:75 - [STDERR_REDIRECT] [Fatal Error] :1:1: Premature end of file.
2026-04-29 16:56:07,500 [ERROR] LogOutputStream:75 - [STDERR_REDIRECT] 
2026-04-29 16:56:08,499 [ERROR] LogOutputStream:75 - [STDERR_REDIRECT] [Fatal Error] :1:1: Premature end of file.
2026-04-29 16:56:08,499 [ERROR] LogOutputStream:75 - [STDERR_REDIRECT] 
2026-04-29 16:56:09,492 [ERROR] LogOutputStream:75 - [STDERR_REDIRECT] [Fatal Error] :1:1: Premature end of file.
2026-04-29 16:56:09,492 [ERROR] LogOutputStream:75 - [STDERR_REDIRECT] 
2026-04-29 16:56:10,502 [ERROR] LogOutputStream:75 - [STDERR_REDIRECT] [Fatal Error] :1:1: Premature end of file.
2026-04-29 16:56:10,502 [ERROR] LogOutputStream:75 - [STDERR_REDIRECT] 
2026-04-29 16:56:11,510 [ERROR] LogOutputStream:75 - [STDERR_REDIRECT] [Fatal Error] :1:1: Premature end of file.
2026-04-29 16:56:11,510 [ERROR] LogOutputStream:75 - [STDERR_REDIRECT] 
2026-04-29 16:56:12,500 [ERROR] LogOutputStream:75 - [STDERR_REDIRECT] [Fatal Error] :1:1: Premature end of file.
2026-04-29 16:56:12,500 [ERROR] LogOutputStream:75 - [STDERR_REDIRECT] 
2026-04-29 16:56:13,507 [ERROR] LogOutputStream:75 - [STDERR_REDIRECT] [Fatal Error] :1:1: Premature end of file.
2026-04-29 16:56:13,507 [ERROR] LogOutputStream:75 - [STDERR_REDIRECT] 
2026-04-29 16:56:14,499 [ERROR] LogOutputStream:75 - [STDERR_REDIRECT] [Fatal Error] :1:1: Premature end of file.
2026-04-29 16:56:14,499 [ERROR] LogOutputStream:75 - [STDERR_REDIRECT] 
2026-04-29 16:56:15,509 [ERROR] LogOutputStream:75 - [STDERR_REDIRECT] [Fatal Error] :1:1: Premature end of file.
2026-04-29 16:56:15,509 [ERROR] LogOutputStream:75 - [STDERR_REDIRECT] 
2026-04-29 16:56:16,505 [ERROR] LogOutputStream:75 - [STDERR_REDIRECT] [Fatal Error] :1:1: Premature end of file.
2026-04-29 16:56:16,506 [ERROR] LogOutputStream:75 - [STDERR_REDIRECT] 
2026-04-29 16:56:17,499 [ERROR] LogOutputStream:75 - [STDERR_REDIRECT] [Fatal Error] :1:1: Premature end of file.
2026-04-29 16:56:17,499 [ERROR] LogOutputStream:75 - [STDERR_REDIRECT] 
2026-04-29 16:56:18,507 [ERROR] LogOutputStream:75 - [STDERR_REDIRECT] [Fatal Error] :1:1: Premature end of file.
2026-04-29 16:56:18,507 [ERROR] LogOutputStream:75 - [STDERR_REDIRECT] 
2026-04-29 16:56:19,508 [ERROR] LogOutputStream:75 - [STDERR_REDIRECT] [Fatal Error] :1:1: Premature end of file.
2026-04-29 16:56:19,508 [ERROR] LogOutputStream:75 - [STDERR_REDIRECT] 
2026-04-29 16:56:20,513 [ERROR] LogOutputStream:75 - [STDERR_REDIRECT] [Fatal Error] :1:1: Premature end of file.
2026-04-29 16:56:20,513 [ERROR] LogOutputStream:75 - [STDERR_REDIRECT] 
2026-04-29 16:56:21,499 [ERROR] LogOutputStream:75 - [STDERR_REDIRECT] [Fatal Error] :1:1: Premature end of file.
2026-04-29 16:56:21,499 [ERROR] LogOutputStream:75 - [STDERR_REDIRECT] 
2026-04-29 16:56:22,503 [ERROR] LogOutputStream:75 - [STDERR_REDIRECT] [Fatal Error] :1:1: Premature end of file.
2026-04-29 16:56:22,504 [ERROR] LogOutputStream:75 - [STDERR_REDIRECT] 
2026-04-29 16:56:23,500 [ERROR] LogOutputStream:75 - [STDERR_REDIRECT] [Fatal Error] :1:1: Premature end of file.
2026-04-29 16:56:23,500 [ERROR] LogOutputStream:75 - [STDERR_REDIRECT] 
2026-04-29 16:56:24,507 [ERROR] LogOutputStream:75 - [STDERR_REDIRECT] [Fatal Error] :1:1: Premature end of file.
2026-04-29 16:56:24,507 [ERROR] LogOutputStream:75 - [STDERR_REDIRECT] 
2026-04-29 16:56:25,514 [ERROR] LogOutputStream:75 - [STDERR_REDIRECT] [Fatal Error] :1:1: Premature end of file.
2026-04-29 16:56:25,514 [ERROR] LogOutputStream:75 - [STDERR_REDIRECT] 
2026-04-29 16:56:26,501 [ERROR] LogOutputStream:75 - [STDERR_REDIRECT] [Fatal Error] :1:1: Premature end of file.
2026-04-29 16:56:26,502 [ERROR] LogOutputStream:75 - [STDERR_REDIRECT] 
2026-04-29 16:56:27,499 [ERROR] LogOutputStream:75 - [STDERR_REDIRECT] [Fatal Error] :1:1: Premature end of file.
2026-04-29 16:56:27,499 [ERROR] LogOutputStream:75 - [STDERR_REDIRECT] 
2026-04-29 16:56:28,507 [ERROR] LogOutputStream:75 - [STDERR_REDIRECT] [Fatal Error] :1:1: Premature end of file.
2026-04-29 16:56:28,507 [ERROR] LogOutputStream:75 - [STDERR_REDIRECT] 
2026-04-29 16:56:29,505 [ERROR] LogOutputStream:75 - [STDERR_REDIRECT] [Fatal Error] :1:1: Premature end of file.
2026-04-29 16:56:29,505 [ERROR] LogOutputStream:75 - [STDERR_REDIRECT] 
2026-04-29 16:56:30,509 [ERROR] LogOutputStream:75 - [STDERR_REDIRECT] [Fatal Error] :1:1: Premature end of file.
2026-04-29 16:56:30,509 [ERROR] LogOutputStream:75 - [STDERR_REDIRECT] 
2026-04-29 16:56:31,511 [ERROR] LogOutputStream:75 - [STDERR_REDIRECT] [Fatal Error] :1:1: Premature end of file.
2026-04-29 16:56:31,511 [ERROR] LogOutputStream:75 - [STDERR_REDIRECT] 
2026-04-29 16:56:32,499 [ERROR] LogOutputStream:75 - [STDERR_REDIRECT] [Fatal Error] :1:1: Premature end of file.
2026-04-29 16:56:32,499 [ERROR] LogOutputStream:75 - [STDERR_REDIRECT] 
2026-04-29 16:56:33,506 [ERROR] LogOutputStream:75 - [STDERR_REDIRECT] [Fatal Error] :1:1: Premature end of file.
2026-04-29 16:56:33,506 [ERROR] LogOutputStream:75 - [STDERR_REDIRECT] 
2026-04-29 16:56:34,504 [ERROR] LogOutputStream:75 - [STDERR_REDIRECT] [Fatal Error] :1:1: Premature end of file.
2026-04-29 16:56:34,505 [ERROR] LogOutputStream:75 - [STDERR_REDIRECT] 
2026-04-29 16:56:35,502 [ERROR] LogOutputStream:75 - [STDERR_REDIRECT] [Fatal Error] :1:1: Premature end of file.
2026-04-29 16:56:35,502 [ERROR] LogOutputStream:75 - [STDERR_REDIRECT] 
2026-04-29 16:56:36,504 [ERROR] LogOutputStream:75 - [STDERR_REDIRECT] [Fatal Error] :1:1: Premature end of file.
2026-04-29 16:56:36,504 [ERROR] LogOutputStream:75 - [STDERR_REDIRECT] 
2026-04-29 16:56:37,505 [ERROR] LogOutputStream:75 - [STDERR_REDIRECT] [Fatal Error] :1:1: Premature end of file.
2026-04-29 16:56:37,505 [ERROR] LogOutputStream:75 - [STDERR_REDIRECT] 
2026-04-29 16:56:38,507 [ERROR] LogOutputStream:75 - [STDERR_REDIRECT] [Fatal Error] :1:1: Premature end of file.
2026-04-29 16:56:38,507 [ERROR] LogOutputStream:75 - [STDERR_REDIRECT] 
2026-04-29 16:56:39,502 [ERROR] LogOutputStream:75 - [STDERR_REDIRECT] [Fatal Error] :1:1: Premature end of file.
2026-04-29 16:56:39,502 [ERROR] LogOutputStream:75 - [STDERR_REDIRECT] 
2026-04-29 16:56:40,505 [ERROR] LogOutputStream:75 - [STDERR_REDIRECT] [Fatal Error] :1:1: Premature end of file.
2026-04-29 16:56:40,505 [ERROR] LogOutputStream:75 - [STDERR_REDIRECT] 
2026-04-29 16:56:41,514 [ERROR] LogOutputStream:75 - [STDERR_REDIRECT] [Fatal Error] :1:1: Premature end of file.
2026-04-29 16:56:41,514 [ERROR] LogOutputStream:75 - [STDERR_REDIRECT] 
2026-04-29 16:56:42,504 [ERROR] LogOutputStream:75 - [STDERR_REDIRECT] [Fatal Error] :1:1: Premature end of file.
2026-04-29 16:56:42,506 [ERROR] LogOutputStream:75 - [STDERR_REDIRECT] 
2026-04-29 16:56:43,501 [ERROR] LogOutputStream:75 - [STDERR_REDIRECT] [Fatal Error] :1:1: Premature end of file.
2026-04-29 16:56:43,501 [ERROR] LogOutputStream:75 - [STDERR_REDIRECT] 
2026-04-29 16:56:44,502 [ERROR] LogOutputStream:75 - [STDERR_REDIRECT] [Fatal Error] :1:1: Premature end of file.
2026-04-29 16:56:44,502 [ERROR] LogOutputStream:75 - [STDERR_REDIRECT] 
2026-04-29 16:56:45,499 [ERROR] LogOutputStream:75 - [STDERR_REDIRECT] [Fatal Error] :1:1: Premature end of file.
2026-04-29 16:56:45,499 [ERROR] LogOutputStream:75 - [STDERR_REDIRECT] 
2026-04-29 16:56:46,508 [ERROR] LogOutputStream:75 - [STDERR_REDIRECT] [Fatal Error] :1:1: Premature end of file.
2026-04-29 16:56:46,509 [ERROR] LogOutputStream:75 - [STDERR_REDIRECT] 
2026-04-29 16:56:47,502 [ERROR] LogOutputStream:75 - [STDERR_REDIRECT] [Fatal Error] :1:1: Premature end of file.
2026-04-29 16:56:47,502 [ERROR] LogOutputStream:75 - [STDERR_REDIRECT] 
2026-04-29 16:56:48,505 [ERROR] LogOutputStream:75 - [STDERR_REDIRECT] [Fatal Error] :1:1: Premature end of file.
2026-04-29 16:56:48,505 [ERROR] LogOutputStream:75 - [STDERR_REDIRECT] 
2026-04-29 16:56:49,505 [ERROR] LogOutputStream:75 - [STDERR_REDIRECT] [Fatal Error] :1:1: Premature end of file.
2026-04-29 16:56:49,505 [ERROR] LogOutputStream:75 - [STDERR_REDIRECT] 
2026-04-29 16:56:50,502 [ERROR] LogOutputStream:75 - [STDERR_REDIRECT] [Fatal Error] :1:1: Premature end of file.
2026-04-29 16:56:50,503 [ERROR] LogOutputStream:75 - [STDERR_REDIRECT] 
2026-04-29 16:56:51,504 [ERROR] LogOutputStream:75 - [STDERR_REDIRECT] [Fatal Error] :1:1: Premature end of file.
2026-04-29 16:56:51,504 [ERROR] LogOutputStream:75 - [STDERR_REDIRECT] 
2026-04-29 16:56:52,504 [ERROR] LogOutputStream:75 - [STDERR_REDIRECT] [Fatal Error] :1:1: Premature end of file.
2026-04-29 16:56:52,504 [ERROR] LogOutputStream:75 - [STDERR_REDIRECT] 
2026-04-29 16:56:53,500 [ERROR] LogOutputStream:75 - [STDERR_REDIRECT] [Fatal Error] :1:1: Premature end of file.
2026-04-29 16:56:53,500 [ERROR] LogOutputStream:75 - [STDERR_REDIRECT] 
2026-04-29 16:56:54,502 [ERROR] LogOutputStream:75 - [STDERR_REDIRECT] [Fatal Error] :1:1: Premature end of file.
2026-04-29 16:56:54,502 [ERROR] LogOutputStream:75 - [STDERR_REDIRECT] 
2026-04-29 16:56:55,485 [ERROR] LogOutputStream:75 - [STDERR_REDIRECT] [Fatal Error] :1:1: Premature end of file.
2026-04-29 16:56:55,485 [ERROR] LogOutputStream:75 - [STDERR_REDIRECT] 
2026-04-29 16:56:56,490 [ERROR] LogOutputStream:75 - [STDERR_REDIRECT] [Fatal Error] :1:1: Premature end of file.
2026-04-29 16:56:56,490 [ERROR] LogOutputStream:75 - [STDERR_REDIRECT] 
2026-04-29 16:56:57,485 [ERROR] LogOutputStream:75 - [STDERR_REDIRECT] [Fatal Error] :1:1: Premature end of file.
2026-04-29 16:56:57,485 [ERROR] LogOutputStream:75 - [STDERR_REDIRECT] 
2026-04-29 16:56:58,498 [ERROR] LogOutputStream:75 - [STDERR_REDIRECT] [Fatal Error] :1:1: Premature end of file.
2026-04-29 16:56:58,498 [ERROR] LogOutputStream:75 - [STDERR_REDIRECT] 
2026-04-29 16:56:59,502 [ERROR] LogOutputStream:75 - [STDERR_REDIRECT] [Fatal Error] :1:1: Premature end of file.
2026-04-29 16:56:59,502 [ERROR] LogOutputStream:75 - [STDERR_REDIRECT] 
2026-04-29 16:57:00,504 [ERROR] LogOutputStream:75 - [STDERR_REDIRECT] [Fatal Error] :1:1: Premature end of file.
2026-04-29 16:57:00,504 [ERROR] LogOutputStream:75 - [STDERR_REDIRECT] 
2026-04-29 16:57:01,509 [ERROR] LogOutputStream:75 - [STDERR_REDIRECT] [Fatal Error] :1:1: Premature end of file.
2026-04-29 16:57:01,509 [ERROR] LogOutputStream:75 - [STDERR_REDIRECT] 
2026-04-29 16:57:02,503 [ERROR] LogOutputStream:75 - [STDERR_REDIRECT] [Fatal Error] :1:1: Premature end of file.
2026-04-29 16:57:02,503 [ERROR] LogOutputStream:75 - [STDERR_REDIRECT] 
2026-04-29 16:57:03,497 [ERROR] LogOutputStream:75 - [STDERR_REDIRECT] [Fatal Error] :1:1: Premature end of file.
2026-04-29 16:57:03,497 [ERROR] LogOutputStream:75 - [STDERR_REDIRECT] 
2026-04-29 16:57:04,499 [ERROR] LogOutputStream:75 - [STDERR_REDIRECT] [Fatal Error] :1:1: Premature end of file.
2026-04-29 16:57:04,499 [ERROR] LogOutputStream:75 - [STDERR_REDIRECT] 
2026-04-29 16:57:05,499 [ERROR] LogOutputStream:75 - [STDERR_REDIRECT] [Fatal Error] :1:1: Premature end of file.
2026-04-29 16:57:05,499 [ERROR] LogOutputStream:75 - [STDERR_REDIRECT] 
2026-04-29 16:57:06,499 [ERROR] LogOutputStream:75 - [STDERR_REDIRECT] [Fatal Error] :1:1: Premature end of file.
2026-04-29 16:57:06,499 [ERROR] LogOutputStream:75 - [STDERR_REDIRECT] 
2026-04-29 16:57:07,494 [ERROR] LogOutputStream:75 - [STDERR_REDIRECT] [Fatal Error] :1:1: Premature end of file.
2026-04-29 16:57:07,494 [ERROR] LogOutputStream:75 - [STDERR_REDIRECT] 
2026-04-29 16:57:08,504 [ERROR] LogOutputStream:75 - [STDERR_REDIRECT] [Fatal Error] :1:1: Premature end of file.
2026-04-29 16:57:08,504 [ERROR] LogOutputStream:75 - [STDERR_REDIRECT] 
2026-04-29 16:57:09,498 [ERROR] LogOutputStream:75 - [STDERR_REDIRECT] [Fatal Error] :1:1: Premature end of file.
2026-04-29 16:57:09,499 [ERROR] LogOutputStream:75 - [STDERR_REDIRECT] 
2026-04-29 16:57:10,491 [ERROR] LogOutputStream:75 - [STDERR_REDIRECT] [Fatal Error] :1:1: Premature end of file.
2026-04-29 16:57:10,491 [ERROR] LogOutputStream:75 - [STDERR_REDIRECT] 
2026-04-29 16:57:11,489 [ERROR] LogOutputStream:75 - [STDERR_REDIRECT] [Fatal Error] :1:1: Premature end of file.
2026-04-29 16:57:11,489 [ERROR] LogOutputStream:75 - [STDERR_REDIRECT] 
2026-04-29 16:57:12,505 [ERROR] LogOutputStream:75 - [STDERR_REDIRECT] [Fatal Error] :1:1: Premature end of file.
2026-04-29 16:57:12,505 [ERROR] LogOutputStream:75 - [STDERR_REDIRECT] 
2026-04-29 16:57:13,506 [ERROR] LogOutputStream:75 - [STDERR_REDIRECT] [Fatal Error] :1:1: Premature end of file.
2026-04-29 16:57:13,506 [ERROR] LogOutputStream:75 - [STDERR_REDIRECT] 
2026-04-29 16:57:14,508 [ERROR] LogOutputStream:75 - [STDERR_REDIRECT] [Fatal Error] :1:1: Premature end of file.
2026-04-29 16:57:14,508 [ERROR] LogOutputStream:75 - [STDERR_REDIRECT] 
2026-04-29 16:57:15,498 [ERROR] LogOutputStream:75 - [STDERR_REDIRECT] [Fatal Error] :1:1: Premature end of file.
2026-04-29 16:57:15,498 [ERROR] LogOutputStream:75 - [STDERR_REDIRECT] 
2026-04-29 16:57:16,519 [ERROR] LogOutputStream:75 - [STDERR_REDIRECT] [Fatal Error] :1:1: Premature end of file.
2026-04-29 16:57:16,519 [ERROR] LogOutputStream:75 - [STDERR_REDIRECT] 
2026-04-29 16:57:17,501 [ERROR] LogOutputStream:75 - [STDERR_REDIRECT] [Fatal Error] :1:1: Premature end of file.
2026-04-29 16:57:17,501 [ERROR] LogOutputStream:75 - [STDERR_REDIRECT] 
2026-04-29 16:57:18,498 [ERROR] LogOutputStream:75 - [STDERR_REDIRECT] [Fatal Error] :1:1: Premature end of file.
2026-04-29 16:57:18,498 [ERROR] LogOutputStream:75 - [STDERR_REDIRECT] 
2026-04-29 16:57:19,504 [ERROR] LogOutputStream:75 - [STDERR_REDIRECT] [Fatal Error] :1:1: Premature end of file.
2026-04-29 16:57:19,504 [ERROR] LogOutputStream:75 - [STDERR_REDIRECT] 
2026-04-29 16:57:20,504 [ERROR] LogOutputStream:75 - [STDERR_REDIRECT] [Fatal Error] :1:1: Premature end of file.
2026-04-29 16:57:20,504 [ERROR] LogOutputStream:75 - [STDERR_REDIRECT] 
2026-04-29 16:57:21,508 [ERROR] LogOutputStream:75 - [STDERR_REDIRECT] [Fatal Error] :1:1: Premature end of file.
2026-04-29 16:57:21,508 [ERROR] LogOutputStream:75 - [STDERR_REDIRECT] 
2026-04-29 16:57:22,498 [ERROR] LogOutputStream:75 - [STDERR_REDIRECT] [Fatal Error] :1:1: Premature end of file.
2026-04-29 16:57:22,498 [ERROR] LogOutputStream:75 - [STDERR_REDIRECT] 
2026-04-29 16:57:23,506 [ERROR] LogOutputStream:75 - [STDERR_REDIRECT] [Fatal Error] :1:1: Premature end of file.
2026-04-29 16:57:23,509 [ERROR] LogOutputStream:75 - [STDERR_REDIRECT] 
2026-04-29 16:57:24,512 [ERROR] LogOutputStream:75 - [STDERR_REDIRECT] [Fatal Error] :1:1: Premature end of file.
2026-04-29 16:57:24,512 [ERROR] LogOutputStream:75 - [STDERR_REDIRECT] 
2026-04-29 16:57:25,521 [ERROR] LogOutputStream:75 - [STDERR_REDIRECT] [Fatal Error] :1:1: Premature end of file.
2026-04-29 16:57:25,521 [ERROR] LogOutputStream:75 - [STDERR_REDIRECT] 
2026-04-29 16:57:26,508 [ERROR] LogOutputStream:75 - [STDERR_REDIRECT] [Fatal Error] :1:1: Premature end of file.
2026-04-29 16:57:26,508 [ERROR] LogOutputStream:75 - [STDERR_REDIRECT] 
2026-04-29 16:57:27,497 [ERROR] LogOutputStream:75 - [STDERR_REDIRECT] [Fatal Error] :1:1: Premature end of file.
2026-04-29 16:57:27,497 [ERROR] LogOutputStream:75 - [STDERR_REDIRECT] 
2026-04-29 16:57:28,496 [ERROR] LogOutputStream:75 - [STDERR_REDIRECT] [Fatal Error] :1:1: Premature end of file.
2026-04-29 16:57:28,496 [ERROR] LogOutputStream:75 - [STDERR_REDIRECT] 
2026-04-29 16:57:29,502 [ERROR] LogOutputStream:75 - [STDERR_REDIRECT] [Fatal Error] :1:1: Premature end of file.
2026-04-29 16:57:29,502 [ERROR] LogOutputStream:75 - [STDERR_REDIRECT] 
2026-04-29 16:57:30,499 [ERROR] LogOutputStream:75 - [STDERR_REDIRECT] [Fatal Error] :1:1: Premature end of file.
2026-04-29 16:57:30,499 [ERROR] LogOutputStream:75 - [STDERR_REDIRECT] 
2026-04-29 16:57:31,512 [ERROR] LogOutputStream:75 - [STDERR_REDIRECT] [Fatal Error] :1:1: Premature end of file.
2026-04-29 16:57:31,512 [ERROR] LogOutputStream:75 - [STDERR_REDIRECT] 
2026-04-29 16:57:32,504 [ERROR] LogOutputStream:75 - [STDERR_REDIRECT] [Fatal Error] :1:1: Premature end of file.
2026-04-29 16:57:32,504 [ERROR] LogOutputStream:75 - [STDERR_REDIRECT] 
2026-04-29 16:57:33,509 [ERROR] LogOutputStream:75 - [STDERR_REDIRECT] [Fatal Error] :1:1: Premature end of file.
2026-04-29 16:57:33,509 [ERROR] LogOutputStream:75 - [STDERR_REDIRECT] 
2026-04-29 16:57:34,500 [ERROR] LogOutputStream:75 - [STDERR_REDIRECT] [Fatal Error] :1:1: Premature end of file.
2026-04-29 16:57:34,500 [ERROR] LogOutputStream:75 - [STDERR_REDIRECT] 
2026-04-29 16:57:35,506 [ERROR] LogOutputStream:75 - [STDERR_REDIRECT] [Fatal Error] :1:1: Premature end of file.
2026-04-29 16:57:35,506 [ERROR] LogOutputStream:75 - [STDERR_REDIRECT] 
2026-04-29 16:57:36,498 [ERROR] LogOutputStream:75 - [STDERR_REDIRECT] [Fatal Error] :1:1: Premature end of file.
2026-04-29 16:57:36,498 [ERROR] LogOutputStream:75 - [STDERR_REDIRECT] 
2026-04-29 16:57:37,503 [ERROR] LogOutputStream:75 - [STDERR_REDIRECT] [Fatal Error] :1:1: Premature end of file.
2026-04-29 16:57:37,503 [ERROR] LogOutputStream:75 - [STDERR_REDIRECT] 
2026-04-29 16:57:38,502 [ERROR] LogOutputStream:75 - [STDERR_REDIRECT] [Fatal Error] :1:1: Premature end of file.
2026-04-29 16:57:38,502 [ERROR] LogOutputStream:75 - [STDERR_REDIRECT] 
2026-04-29 16:57:39,506 [ERROR] LogOutputStream:75 - [STDERR_REDIRECT] [Fatal Error] :1:1: Premature end of file.
2026-04-29 16:57:39,506 [ERROR] LogOutputStream:75 - [STDERR_REDIRECT] 
2026-04-29 16:57:40,504 [ERROR] LogOutputStream:75 - [STDERR_REDIRECT] [Fatal Error] :1:1: Premature end of file.
2026-04-29 16:57:40,504 [ERROR] LogOutputStream:75 - [STDERR_REDIRECT] 
2026-04-29 16:57:41,515 [ERROR] LogOutputStream:75 - [STDERR_REDIRECT] [Fatal Error] :1:1: Premature end of file.
2026-04-29 16:57:41,515 [ERROR] LogOutputStream:75 - [STDERR_REDIRECT] 
2026-04-29 16:57:42,502 [ERROR] LogOutputStream:75 - [STDERR_REDIRECT] [Fatal Error] :1:1: Premature end of file.
2026-04-29 16:57:42,502 [ERROR] LogOutputStream:75 - [STDERR_REDIRECT] 
2026-04-29 16:57:43,504 [ERROR] LogOutputStream:75 - [STDERR_REDIRECT] [Fatal Error] :1:1: Premature end of file.
2026-04-29 16:57:43,504 [ERROR] LogOutputStream:75 - [STDERR_REDIRECT] 
2026-04-29 16:57:44,505 [ERROR] LogOutputStream:75 - [STDERR_REDIRECT] [Fatal Error] :1:1: Premature end of file.
2026-04-29 16:57:44,505 [ERROR] LogOutputStream:75 - [STDERR_REDIRECT] 
2026-04-29 16:57:45,506 [ERROR] LogOutputStream:75 - [STDERR_REDIRECT] [Fatal Error] :1:1: Premature end of file.
2026-04-29 16:57:45,507 [ERROR] LogOutputStream:75 - [STDERR_REDIRECT] 
2026-04-29 16:57:46,502 [ERROR] LogOutputStream:75 - [STDERR_REDIRECT] [Fatal Error] :1:1: Premature end of file.
2026-04-29 16:57:46,502 [ERROR] LogOutputStream:75 - [STDERR_REDIRECT] 
2026-04-29 16:57:47,497 [ERROR] LogOutputStream:75 - [STDERR_REDIRECT] [Fatal Error] :1:1: Premature end of file.
2026-04-29 16:57:47,498 [ERROR] LogOutputStream:75 - [STDERR_REDIRECT] 
2026-04-29 16:57:48,503 [ERROR] LogOutputStream:75 - [STDERR_REDIRECT] [Fatal Error] :1:1: Premature end of file.
2026-04-29 16:57:48,503 [ERROR] LogOutputStream:75 - [STDERR_REDIRECT] 
2026-04-29 16:57:49,494 [ERROR] LogOutputStream:75 - [STDERR_REDIRECT] [Fatal Error] :1:1: Premature end of file.
2026-04-29 16:57:49,495 [ERROR] LogOutputStream:75 - [STDERR_REDIRECT] 
2026-04-29 16:57:50,505 [ERROR] LogOutputStream:75 - [STDERR_REDIRECT] [Fatal Error] :1:1: Premature end of file.
2026-04-29 16:57:50,505 [ERROR] LogOutputStream:75 - [STDERR_REDIRECT] 
2026-04-29 16:57:51,521 [ERROR] LogOutputStream:75 - [STDERR_REDIRECT] [Fatal Error] :1:1: Premature end of file.
2026-04-29 16:57:51,521 [ERROR] LogOutputStream:75 - [STDERR_REDIRECT] 
2026-04-29 16:57:52,508 [ERROR] LogOutputStream:75 - [STDERR_REDIRECT] [Fatal Error] :1:1: Premature end of file.
2026-04-29 16:57:52,508 [ERROR] LogOutputStream:75 - [STDERR_REDIRECT] 
2026-04-29 16:57:53,501 [ERROR] LogOutputStream:75 - [STDERR_REDIRECT] [Fatal Error] :1:1: Premature end of file.
2026-04-29 16:57:53,501 [ERROR] LogOutputStream:75 - [STDERR_REDIRECT] 
2026-04-29 16:57:54,492 [ERROR] LogOutputStream:75 - [STDERR_REDIRECT] [Fatal Error] :1:1: Premature end of file.
2026-04-29 16:57:54,492 [ERROR] LogOutputStream:75 - [STDERR_REDIRECT] 
2026-04-29 16:57:55,502 [ERROR] LogOutputStream:75 - [STDERR_REDIRECT] [Fatal Error] :1:1: Premature end of file.
2026-04-29 16:57:55,503 [ERROR] LogOutputStream:75 - [STDERR_REDIRECT] 
2026-04-29 16:57:56,502 [ERROR] LogOutputStream:75 - [STDERR_REDIRECT] [Fatal Error] :1:1: Premature end of file.
2026-04-29 16:57:56,502 [ERROR] LogOutputStream:75 - [STDERR_REDIRECT] 
2026-04-29 16:57:57,505 [ERROR] LogOutputStream:75 - [STDERR_REDIRECT] [Fatal Error] :1:1: Premature end of file.
2026-04-29 16:57:57,505 [ERROR] LogOutputStream:75 - [STDERR_REDIRECT] 
2026-04-29 16:57:58,504 [ERROR] LogOutputStream:75 - [STDERR_REDIRECT] [Fatal Error] :1:1: Premature end of file.
2026-04-29 16:57:58,505 [ERROR] LogOutputStream:75 - [STDERR_REDIRECT] 
2026-04-29 16:57:59,499 [ERROR] LogOutputStream:75 - [STDERR_REDIRECT] [Fatal Error] :1:1: Premature end of file.
2026-04-29 16:57:59,499 [ERROR] LogOutputStream:75 - [STDERR_REDIRECT] 
2026-04-29 16:58:00,500 [ERROR] LogOutputStream:75 - [STDERR_REDIRECT] [Fatal Error] :1:1: Premature end of file.
2026-04-29 16:58:00,500 [ERROR] LogOutputStream:75 - [STDERR_REDIRECT] 
2026-04-29 16:58:01,512 [ERROR] LogOutputStream:75 - [STDERR_REDIRECT] [Fatal Error] :1:1: Premature end of file.
2026-04-29 16:58:01,512 [ERROR] LogOutputStream:75 - [STDERR_REDIRECT] 
2026-04-29 16:58:02,502 [ERROR] LogOutputStream:75 - [STDERR_REDIRECT] [Fatal Error] :1:1: Premature end of file.
2026-04-29 16:58:02,502 [ERROR] LogOutputStream:75 - [STDERR_REDIRECT] 
2026-04-29 16:58:03,499 [ERROR] LogOutputStream:75 - [STDERR_REDIRECT] [Fatal Error] :1:1: Premature end of file.
2026-04-29 16:58:03,499 [ERROR] LogOutputStream:75 - [STDERR_REDIRECT] 
2026-04-29 16:58:04,505 [ERROR] LogOutputStream:75 - [STDERR_REDIRECT] [Fatal Error] :1:1: Premature end of file.
2026-04-29 16:58:04,505 [ERROR] LogOutputStream:75 - [STDERR_REDIRECT] 
2026-04-29 16:58:05,501 [ERROR] LogOutputStream:75 - [STDERR_REDIRECT] [Fatal Error] :1:1: Premature end of file.
2026-04-29 16:58:05,502 [ERROR] LogOutputStream:75 - [STDERR_REDIRECT] 
2026-04-29 16:58:06,503 [ERROR] LogOutputStream:75 - [STDERR_REDIRECT] [Fatal Error] :1:1: Premature end of file.
2026-04-29 16:58:06,503 [ERROR] LogOutputStream:75 - [STDERR_REDIRECT] 
2026-04-29 16:58:07,499 [ERROR] LogOutputStream:75 - [STDERR_REDIRECT] [Fatal Error] :1:1: Premature end of file.
2026-04-29 16:58:07,499 [ERROR] LogOutputStream:75 - [STDERR_REDIRECT] 
2026-04-29 16:58:08,485 [ERROR] LogOutputStream:75 - [STDERR_REDIRECT] [Fatal Error] :1:1: Premature end of file.
2026-04-29 16:58:08,485 [ERROR] LogOutputStream:75 - [STDERR_REDIRECT] 
2026-04-29 16:58:09,499 [ERROR] LogOutputStream:75 - [STDERR_REDIRECT] [Fatal Error] :1:1: Premature end of file.
2026-04-29 16:58:09,499 [ERROR] LogOutputStream:75 - [STDERR_REDIRECT] 
2026-04-29 16:58:10,500 [ERROR] LogOutputStream:75 - [STDERR_REDIRECT] [Fatal Error] :1:1: Premature end of file.
2026-04-29 16:58:10,500 [ERROR] LogOutputStream:75 - [STDERR_REDIRECT] 
2026-04-29 16:58:11,511 [ERROR] LogOutputStream:75 - [STDERR_REDIRECT] [Fatal Error] :1:1: Premature end of file.
2026-04-29 16:58:11,511 [ERROR] LogOutputStream:75 - [STDERR_REDIRECT] 
2026-04-29 16:58:12,515 [ERROR] LogOutputStream:75 - [STDERR_REDIRECT] [Fatal Error] :1:1: Premature end of file.
2026-04-29 16:58:12,515 [ERROR] LogOutputStream:75 - [STDERR_REDIRECT] 
2026-04-29 16:58:13,518 [ERROR] LogOutputStream:75 - [STDERR_REDIRECT] [Fatal Error] :1:1: Premature end of file.
2026-04-29 16:58:13,519 [ERROR] LogOutputStream:75 - [STDERR_REDIRECT] 
2026-04-29 16:58:14,501 [ERROR] LogOutputStream:75 - [STDERR_REDIRECT] [Fatal Error] :1:1: Premature end of file.
2026-04-29 16:58:14,501 [ERROR] LogOutputStream:75 - [STDERR_REDIRECT] 
2026-04-29 16:58:15,503 [ERROR] LogOutputStream:75 - [STDERR_REDIRECT] [Fatal Error] :1:1: Premature end of file.
2026-04-29 16:58:15,503 [ERROR] LogOutputStream:75 - [STDERR_REDIRECT] 
2026-04-29 16:58:16,502 [ERROR] LogOutputStream:75 - [STDERR_REDIRECT] [Fatal Error] :1:1: Premature end of file.
2026-04-29 16:58:16,502 [ERROR] LogOutputStream:75 - [STDERR_REDIRECT] 
2026-04-29 16:58:17,504 [ERROR] LogOutputStream:75 - [STDERR_REDIRECT] [Fatal Error] :1:1: Premature end of file.
2026-04-29 16:58:17,504 [ERROR] LogOutputStream:75 - [STDERR_REDIRECT] 
2026-04-29 16:58:18,497 [ERROR] LogOutputStream:75 - [STDERR_REDIRECT] [Fatal Error] :1:1: Premature end of file.
2026-04-29 16:58:18,497 [ERROR] LogOutputStream:75 - [STDERR_REDIRECT] 
2026-04-29 16:58:19,499 [ERROR] LogOutputStream:75 - [STDERR_REDIRECT] [Fatal Error] :1:1: Premature end of file.
2026-04-29 16:58:19,499 [ERROR] LogOutputStream:75 - [STDERR_REDIRECT] 
2026-04-29 16:58:20,500 [ERROR] LogOutputStream:75 - [STDERR_REDIRECT] [Fatal Error] :1:1: Premature end of file.
2026-04-29 16:58:20,501 [ERROR] LogOutputStream:75 - [STDERR_REDIRECT] 
2026-04-29 16:58:21,507 [ERROR] LogOutputStream:75 - [STDERR_REDIRECT] [Fatal Error] :1:1: Premature end of file.
2026-04-29 16:58:21,507 [ERROR] LogOutputStream:75 - [STDERR_REDIRECT] 
2026-04-29 16:58:22,496 [ERROR] LogOutputStream:75 - [STDERR_REDIRECT] [Fatal Error] :1:1: Premature end of file.
2026-04-29 16:58:22,496 [ERROR] LogOutputStream:75 - [STDERR_REDIRECT] 
2026-04-29 16:58:23,497 [ERROR] LogOutputStream:75 - [STDERR_REDIRECT] [Fatal Error] :1:1: Premature end of file.
2026-04-29 16:58:23,497 [ERROR] LogOutputStream:75 - [STDERR_REDIRECT] 
2026-04-29 16:58:24,500 [ERROR] LogOutputStream:75 - [STDERR_REDIRECT] [Fatal Error] :1:1: Premature end of file.
2026-04-29 16:58:24,500 [ERROR] LogOutputStream:75 - [STDERR_REDIRECT] 
2026-04-29 16:58:25,504 [ERROR] LogOutputStream:75 - [STDERR_REDIRECT] [Fatal Error] :1:1: Premature end of file.
2026-04-29 16:58:25,504 [ERROR] LogOutputStream:75 - [STDERR_REDIRECT] 
2026-04-29 16:58:26,503 [ERROR] LogOutputStream:75 - [STDERR_REDIRECT] [Fatal Error] :1:1: Premature end of file.
2026-04-29 16:58:26,503 [ERROR] LogOutputStream:75 - [STDERR_REDIRECT] 
2026-04-29 16:58:27,501 [ERROR] LogOutputStream:75 - [STDERR_REDIRECT] [Fatal Error] :1:1: Premature end of file.
2026-04-29 16:58:27,501 [ERROR] LogOutputStream:75 - [STDERR_REDIRECT] 
2026-04-29 16:58:28,505 [ERROR] LogOutputStream:75 - [STDERR_REDIRECT] [Fatal Error] :1:1: Premature end of file.
2026-04-29 16:58:28,505 [ERROR] LogOutputStream:75 - [STDERR_REDIRECT] 
2026-04-29 16:58:29,500 [ERROR] LogOutputStream:75 - [STDERR_REDIRECT] [Fatal Error] :1:1: Premature end of file.
2026-04-29 16:58:29,500 [ERROR] LogOutputStream:75 - [STDERR_REDIRECT] 
2026-04-29 16:58:30,501 [ERROR] LogOutputStream:75 - [STDERR_REDIRECT] [Fatal Error] :1:1: Premature end of file.
2026-04-29 16:58:30,501 [ERROR] LogOutputStream:75 - [STDERR_REDIRECT] 
2026-04-29 16:58:31,510 [ERROR] LogOutputStream:75 - [STDERR_REDIRECT] [Fatal Error] :1:1: Premature end of file.
2026-04-29 16:58:31,510 [ERROR] LogOutputStream:75 - [STDERR_REDIRECT] 
2026-04-29 16:58:32,498 [ERROR] LogOutputStream:75 - [STDERR_REDIRECT] [Fatal Error] :1:1: Premature end of file.
2026-04-29 16:58:32,498 [ERROR] LogOutputStream:75 - [STDERR_REDIRECT] 
2026-04-29 16:58:33,501 [ERROR] LogOutputStream:75 - [STDERR_REDIRECT] [Fatal Error] :1:1: Premature end of file.
2026-04-29 16:58:33,501 [ERROR] LogOutputStream:75 - [STDERR_REDIRECT] 
2026-04-29 16:58:34,500 [ERROR] LogOutputStream:75 - [STDERR_REDIRECT] [Fatal Error] :1:1: Premature end of file.
2026-04-29 16:58:34,500 [ERROR] LogOutputStream:75 - [STDERR_REDIRECT] 
2026-04-29 16:58:35,505 [ERROR] LogOutputStream:75 - [STDERR_REDIRECT] [Fatal Error] :1:1: Premature end of file.
2026-04-29 16:58:35,505 [ERROR] LogOutputStream:75 - [STDERR_REDIRECT] 
2026-04-29 16:58:36,502 [ERROR] LogOutputStream:75 - [STDERR_REDIRECT] [Fatal Error] :1:1: Premature end of file.
2026-04-29 16:58:36,502 [ERROR] LogOutputStream:75 - [STDERR_REDIRECT] 
2026-04-29 16:58:37,508 [ERROR] LogOutputStream:75 - [STDERR_REDIRECT] [Fatal Error] :1:1: Premature end of file.
2026-04-29 16:58:37,508 [ERROR] LogOutputStream:75 - [STDERR_REDIRECT] 
2026-04-29 16:58:38,499 [ERROR] LogOutputStream:75 - [STDERR_REDIRECT] [Fatal Error] :1:1: Premature end of file.
2026-04-29 16:58:38,590 [ERROR] LogOutputStream:75 - [STDERR_REDIRECT] 
2026-04-29 16:58:39,500 [ERROR] LogOutputStream:75 - [STDERR_REDIRECT] [Fatal Error] :1:1: Premature end of file.
2026-04-29 16:58:39,500 [ERROR] LogOutputStream:75 - [STDERR_REDIRECT] 
2026-04-29 16:58:40,498 [ERROR] LogOutputStream:75 - [STDERR_REDIRECT] [Fatal Error] :1:1: Premature end of file.
2026-04-29 16:58:40,498 [ERROR] LogOutputStream:75 - [STDERR_REDIRECT] 
2026-04-29 16:58:41,508 [ERROR] LogOutputStream:75 - [STDERR_REDIRECT] [Fatal Error] :1:1: Premature end of file.
2026-04-29 16:58:41,508 [ERROR] LogOutputStream:75 - [STDERR_REDIRECT] 
2026-04-29 16:58:42,502 [ERROR] LogOutputStream:75 - [STDERR_REDIRECT] [Fatal Error] :1:1: Premature end of file.
2026-04-29 16:58:42,502 [ERROR] LogOutputStream:75 - [STDERR_REDIRECT] 
2026-04-29 16:58:43,501 [ERROR] LogOutputStream:75 - [STDERR_REDIRECT] [Fatal Error] :1:1: Premature end of file.
2026-04-29 16:58:43,501 [ERROR] LogOutputStream:75 - [STDERR_REDIRECT] 
2026-04-29 16:58:44,509 [ERROR] LogOutputStream:75 - [STDERR_REDIRECT] [Fatal Error] :1:1: Premature end of file.
2026-04-29 16:58:44,509 [ERROR] LogOutputStream:75 - [STDERR_REDIRECT] 
2026-04-29 16:58:45,508 [ERROR] LogOutputStream:75 - [STDERR_REDIRECT] [Fatal Error] :1:1: Premature end of file.
2026-04-29 16:58:45,509 [ERROR] LogOutputStream:75 - [STDERR_REDIRECT] 
2026-04-29 16:58:46,506 [ERROR] LogOutputStream:75 - [STDERR_REDIRECT] [Fatal Error] :1:1: Premature end of file.
2026-04-29 16:58:46,506 [ERROR] LogOutputStream:75 - [STDERR_REDIRECT] 
2026-04-29 16:58:47,506 [ERROR] LogOutputStream:75 - [STDERR_REDIRECT] [Fatal Error] :1:1: Premature end of file.
2026-04-29 16:58:47,506 [ERROR] LogOutputStream:75 - [STDERR_REDIRECT] 
2026-04-29 16:58:48,513 [ERROR] LogOutputStream:75 - [STDERR_REDIRECT] [Fatal Error] :1:1: Premature end of file.
2026-04-29 16:58:48,513 [ERROR] LogOutputStream:75 - [STDERR_REDIRECT] 
2026-04-29 16:58:49,504 [ERROR] LogOutputStream:75 - [STDERR_REDIRECT] [Fatal Error] :1:1: Premature end of file.
2026-04-29 16:58:49,505 [ERROR] LogOutputStream:75 - [STDERR_REDIRECT] 
2026-04-29 16:58:50,506 [ERROR] LogOutputStream:75 - [STDERR_REDIRECT] [Fatal Error] :1:1: Premature end of file.
2026-04-29 16:58:50,506 [ERROR] LogOutputStream:75 - [STDERR_REDIRECT] 
2026-04-29 16:58:51,505 [ERROR] LogOutputStream:75 - [STDERR_REDIRECT] [Fatal Error] :1:1: Premature end of file.
2026-04-29 16:58:51,506 [ERROR] LogOutputStream:75 - [STDERR_REDIRECT] 
2026-04-29 16:58:52,493 [ERROR] LogOutputStream:75 - [STDERR_REDIRECT] [Fatal Error] :1:1: Premature end of file.
2026-04-29 16:58:52,493 [ERROR] LogOutputStream:75 - [STDERR_REDIRECT] 
2026-04-29 16:58:53,499 [ERROR] LogOutputStream:75 - [STDERR_REDIRECT] [Fatal Error] :1:1: Premature end of file.
2026-04-29 16:58:53,499 [ERROR] LogOutputStream:75 - [STDERR_REDIRECT] 
2026-04-29 16:58:54,495 [ERROR] LogOutputStream:75 - [STDERR_REDIRECT] [Fatal Error] :1:1: Premature end of file.
2026-04-29 16:58:54,495 [ERROR] LogOutputStream:75 - [STDERR_REDIRECT] 
2026-04-29 16:58:55,492 [ERROR] LogOutputStream:75 - [STDERR_REDIRECT] [Fatal Error] :1:1: Premature end of file.
2026-04-29 16:58:55,492 [ERROR] LogOutputStream:75 - [STDERR_REDIRECT] 
2026-04-29 16:58:56,504 [ERROR] LogOutputStream:75 - [STDERR_REDIRECT] [Fatal Error] :1:1: Premature end of file.
2026-04-29 16:58:56,504 [ERROR] LogOutputStream:75 - [STDERR_REDIRECT] 
2026-04-29 16:58:57,488 [ERROR] LogOutputStream:75 - [STDERR_REDIRECT] [Fatal Error] :1:1: Premature end of file.
2026-04-29 16:58:57,488 [ERROR] LogOutputStream:75 - [STDERR_REDIRECT] 
2026-04-29 16:58:58,393 [INFO] WebApp:194 - Connection lost
2026-04-29 16:58:58,495 [ERROR] LogOutputStream:75 - [STDERR_REDIRECT] [Fatal Error] :1:1: Premature end of file.
2026-04-29 16:58:58,495 [ERROR] LogOutputStream:75 - [STDERR_REDIRECT] 
2026-04-29 16:58:59,504 [ERROR] LogOutputStream:75 - [STDERR_REDIRECT] [Fatal Error] :1:1: Premature end of file.
2026-04-29 16:58:59,504 [ERROR] LogOutputStream:75 - [STDERR_REDIRECT] 
2026-04-29 16:59:00,501 [ERROR] LogOutputStream:75 - [STDERR_REDIRECT] [Fatal Error] :1:1: Premature end of file.
2026-04-29 16:59:00,502 [ERROR] LogOutputStream:75 - [STDERR_REDIRECT] 
2026-04-29 16:59:01,498 [ERROR] LogOutputStream:75 - [STDERR_REDIRECT] [Fatal Error] :1:1: Premature end of file.
2026-04-29 16:59:01,498 [ERROR] LogOutputStream:75 - [STDERR_REDIRECT] 
2026-04-29 16:59:01,922 [INFO] WebApp:191 - Connection restablished
2026-04-29 16:59:02,494 [ERROR] LogOutputStream:75 - [STDERR_REDIRECT] [Fatal Error] :1:1: Premature end of file.
2026-04-29 16:59:02,494 [ERROR] LogOutputStream:75 - [STDERR_REDIRECT] 
2026-04-29 16:59:03,498 [ERROR] LogOutputStream:75 - [STDERR_REDIRECT] [Fatal Error] :1:1: Premature end of file.
2026-04-29 16:59:03,498 [ERROR] LogOutputStream:75 - [STDERR_REDIRECT] 
2026-04-29 16:59:04,511 [ERROR] LogOutputStream:75 - [STDERR_REDIRECT] [Fatal Error] :1:1: Premature end of file.
2026-04-29 16:59:04,512 [ERROR] LogOutputStream:75 - [STDERR_REDIRECT] 
2026-04-29 16:59:05,495 [ERROR] LogOutputStream:75 - [STDERR_REDIRECT] [Fatal Error] :1:1: Premature end of file.
2026-04-29 16:59:05,496 [ERROR] LogOutputStream:75 - [STDERR_REDIRECT] 
2026-04-29 16:59:05,570 [INFO] WebApp:194 - Connection lost
2026-04-29 16:59:06,505 [ERROR] LogOutputStream:75 - [STDERR_REDIRECT] [Fatal Error] :1:1: Premature end of file.
2026-04-29 16:59:06,505 [ERROR] LogOutputStream:75 - [STDERR_REDIRECT] 
2026-04-29 16:59:07,497 [ERROR] LogOutputStream:75 - [STDERR_REDIRECT] [Fatal Error] :1:1: Premature end of file.
2026-04-29 16:59:07,497 [ERROR] LogOutputStream:75 - [STDERR_REDIRECT] 
2026-04-29 16:59:07,703 [INFO] WebApp:191 - Connection restablished
2026-04-29 16:59:08,495 [ERROR] LogOutputStream:75 - [STDERR_REDIRECT] [Fatal Error] :1:1: Premature end of file.
2026-04-29 16:59:08,495 [ERROR] LogOutputStream:75 - [STDERR_REDIRECT] 
2026-04-29 16:59:09,498 [ERROR] LogOutputStream:75 - [STDERR_REDIRECT] [Fatal Error] :1:1: Premature end of file.
2026-04-29 16:59:09,498 [ERROR] LogOutputStream:75 - [STDERR_REDIRECT] 
2026-04-29 16:59:10,491 [ERROR] LogOutputStream:75 - [STDERR_REDIRECT] [Fatal Error] :1:1: Premature end of file.
2026-04-29 16:59:10,492 [ERROR] LogOutputStream:75 - [STDERR_REDIRECT] 
2026-04-29 16:59:11,510 [ERROR] LogOutputStream:75 - [STDERR_REDIRECT] [Fatal Error] :1:1: Premature end of file.
2026-04-29 16:59:11,511 [ERROR] LogOutputStream:75 - [STDERR_REDIRECT] 
2026-04-29 16:59:12,502 [ERROR] LogOutputStream:75 - [STDERR_REDIRECT] [Fatal Error] :1:1: Premature end of file.
2026-04-29 16:59:12,502 [ERROR] LogOutputStream:75 - [STDERR_REDIRECT] 
2026-04-29 16:59:13,505 [ERROR] LogOutputStream:75 - [STDERR_REDIRECT] [Fatal Error] :1:1: Premature end of file.
2026-04-29 16:59:13,505 [ERROR] LogOutputStream:75 - [STDERR_REDIRECT] 
2026-04-29 16:59:14,504 [ERROR] LogOutputStream:75 - [STDERR_REDIRECT] [Fatal Error] :1:1: Premature end of file.
2026-04-29 16:59:14,504 [ERROR] LogOutputStream:75 - [STDERR_REDIRECT] 
2026-04-29 16:59:15,503 [ERROR] LogOutputStream:75 - [STDERR_REDIRECT] [Fatal Error] :1:1: Premature end of file.
2026-04-29 16:59:15,503 [ERROR] LogOutputStream:75 - [STDERR_REDIRECT] 
2026-04-29 16:59:16,506 [ERROR] LogOutputStream:75 - [STDERR_REDIRECT] [Fatal Error] :1:1: Premature end of file.
2026-04-29 16:59:16,506 [ERROR] LogOutputStream:75 - [STDERR_REDIRECT] 
2026-04-29 16:59:17,510 [ERROR] LogOutputStream:75 - [STDERR_REDIRECT] [Fatal Error] :1:1: Premature end of file.
2026-04-29 16:59:17,510 [ERROR] LogOutputStream:75 - [STDERR_REDIRECT] 
2026-04-29 16:59:18,508 [ERROR] LogOutputStream:75 - [STDERR_REDIRECT] [Fatal Error] :1:1: Premature end of file.
2026-04-29 16:59:18,508 [ERROR] LogOutputStream:75 - [STDERR_REDIRECT] 
2026-04-29 16:59:19,498 [ERROR] LogOutputStream:75 - [STDERR_REDIRECT] [Fatal Error] :1:1: Premature end of file.
2026-04-29 16:59:19,498 [ERROR] LogOutputStream:75 - [STDERR_REDIRECT] 
2026-04-29 16:59:20,503 [ERROR] LogOutputStream:75 - [STDERR_REDIRECT] [Fatal Error] :1:1: Premature end of file.
2026-04-29 16:59:20,503 [ERROR] LogOutputStream:75 - [STDERR_REDIRECT] 
2026-04-29 16:59:21,495 [ERROR] LogOutputStream:75 - [STDERR_REDIRECT] [Fatal Error] :1:1: Premature end of file.
2026-04-29 16:59:21,496 [ERROR] LogOutputStream:75 - [STDERR_REDIRECT] 
2026-04-29 16:59:22,503 [ERROR] LogOutputStream:75 - [STDERR_REDIRECT] [Fatal Error] :1:1: Premature end of file.
2026-04-29 16:59:22,504 [ERROR] LogOutputStream:75 - [STDERR_REDIRECT] 
2026-04-29 16:59:23,501 [ERROR] LogOutputStream:75 - [STDERR_REDIRECT] [Fatal Error] :1:1: Premature end of file.
2026-04-29 16:59:23,501 [ERROR] LogOutputStream:75 - [STDERR_REDIRECT] 
2026-04-29 16:59:24,509 [ERROR] LogOutputStream:75 - [STDERR_REDIRECT] [Fatal Error] :1:1: Premature end of file.
2026-04-29 16:59:24,509 [ERROR] LogOutputStream:75 - [STDERR_REDIRECT] 
2026-04-29 16:59:25,504 [ERROR] LogOutputStream:75 - [STDERR_REDIRECT] [Fatal Error] :1:1: Premature end of file.
2026-04-29 16:59:25,504 [ERROR] LogOutputStream:75 - [STDERR_REDIRECT] 
2026-04-29 16:59:26,523 [ERROR] LogOutputStream:75 - [STDERR_REDIRECT] [Fatal Error] :1:1: Premature end of file.
2026-04-29 16:59:26,523 [ERROR] LogOutputStream:75 - [STDERR_REDIRECT] 
2026-04-29 16:59:27,508 [ERROR] LogOutputStream:75 - [STDERR_REDIRECT] [Fatal Error] :1:1: Premature end of file.
2026-04-29 16:59:27,508 [ERROR] LogOutputStream:75 - [STDERR_REDIRECT] 
2026-04-29 16:59:28,517 [ERROR] LogOutputStream:75 - [STDERR_REDIRECT] [Fatal Error] :1:1: Premature end of file.
2026-04-29 16:59:28,517 [ERROR] LogOutputStream:75 - [STDERR_REDIRECT] 
2026-04-29 16:59:29,485 [ERROR] LogOutputStream:75 - [STDERR_REDIRECT] [Fatal Error] :1:1: Premature end of file.
2026-04-29 16:59:29,486 [ERROR] LogOutputStream:75 - [STDERR_REDIRECT] 
2026-04-29 16:59:30,501 [ERROR] LogOutputStream:75 - [STDERR_REDIRECT] [Fatal Error] :1:1: Premature end of file.
2026-04-29 16:59:30,501 [ERROR] LogOutputStream:75 - [STDERR_REDIRECT] 
2026-04-29 16:59:31,499 [ERROR] LogOutputStream:75 - [STDERR_REDIRECT] [Fatal Error] :1:1: Premature end of file.
2026-04-29 16:59:31,499 [ERROR] LogOutputStream:75 - [STDERR_REDIRECT] 
2026-04-29 16:59:32,505 [ERROR] LogOutputStream:75 - [STDERR_REDIRECT] [Fatal Error] :1:1: Premature end of file.
2026-04-29 16:59:32,505 [ERROR] LogOutputStream:75 - [STDERR_REDIRECT] 
2026-04-29 16:59:33,506 [ERROR] LogOutputStream:75 - [STDERR_REDIRECT] [Fatal Error] :1:1: Premature end of file.
2026-04-29 16:59:33,506 [ERROR] LogOutputStream:75 - [STDERR_REDIRECT] 
2026-04-29 16:59:34,501 [ERROR] LogOutputStream:75 - [STDERR_REDIRECT] [Fatal Error] :1:1: Premature end of file.
2026-04-29 16:59:34,502 [ERROR] LogOutputStream:75 - [STDERR_REDIRECT] 
2026-04-29 16:59:35,503 [ERROR] LogOutputStream:75 - [STDERR_REDIRECT] [Fatal Error] :1:1: Premature end of file.
2026-04-29 16:59:35,503 [ERROR] LogOutputStream:75 - [STDERR_REDIRECT] 
2026-04-29 16:59:36,513 [ERROR] LogOutputStream:75 - [STDERR_REDIRECT] [Fatal Error] :1:1: Premature end of file.
2026-04-29 16:59:36,514 [ERROR] LogOutputStream:75 - [STDERR_REDIRECT] 
2026-04-29 16:59:37,501 [ERROR] LogOutputStream:75 - [STDERR_REDIRECT] [Fatal Error] :1:1: Premature end of file.
2026-04-29 16:59:37,501 [ERROR] LogOutputStream:75 - [STDERR_REDIRECT] 
2026-04-29 16:59:38,500 [ERROR] LogOutputStream:75 - [STDERR_REDIRECT] [Fatal Error] :1:1: Premature end of file.
2026-04-29 16:59:38,500 [ERROR] LogOutputStream:75 - [STDERR_REDIRECT] 
2026-04-29 16:59:39,513 [ERROR] LogOutputStream:75 - [STDERR_REDIRECT] [Fatal Error] :1:1: Premature end of file.
2026-04-29 16:59:39,514 [ERROR] LogOutputStream:75 - [STDERR_REDIRECT] 
2026-04-29 16:59:40,500 [ERROR] LogOutputStream:75 - [STDERR_REDIRECT] [Fatal Error] :1:1: Premature end of file.
2026-04-29 16:59:40,500 [ERROR] LogOutputStream:75 - [STDERR_REDIRECT] 
2026-04-29 16:59:41,491 [ERROR] LogOutputStream:75 - [STDERR_REDIRECT] [Fatal Error] :1:1: Premature end of file.
2026-04-29 16:59:41,491 [ERROR] LogOutputStream:75 - [STDERR_REDIRECT] 
2026-04-29 16:59:42,521 [ERROR] LogOutputStream:75 - [STDERR_REDIRECT] [Fatal Error] :1:1: Premature end of file.
2026-04-29 16:59:42,521 [ERROR] LogOutputStream:75 - [STDERR_REDIRECT] 
2026-04-29 16:59:43,500 [ERROR] LogOutputStream:75 - [STDERR_REDIRECT] [Fatal Error] :1:1: Premature end of file.
2026-04-29 16:59:43,500 [ERROR] LogOutputStream:75 - [STDERR_REDIRECT] 
2026-04-29 16:59:44,503 [ERROR] LogOutputStream:75 - [STDERR_REDIRECT] [Fatal Error] :1:1: Premature end of file.
2026-04-29 16:59:44,503 [ERROR] LogOutputStream:75 - [STDERR_REDIRECT] 
2026-04-29 16:59:45,494 [ERROR] LogOutputStream:75 - [STDERR_REDIRECT] [Fatal Error] :1:1: Premature end of file.
2026-04-29 16:59:45,494 [ERROR] LogOutputStream:75 - [STDERR_REDIRECT] 
2026-04-29 16:59:46,510 [ERROR] LogOutputStream:75 - [STDERR_REDIRECT] [Fatal Error] :1:1: Premature end of file.
2026-04-29 16:59:46,510 [ERROR] LogOutputStream:75 - [STDERR_REDIRECT] 
2026-04-29 16:59:47,500 [ERROR] LogOutputStream:75 - [STDERR_REDIRECT] [Fatal Error] :1:1: Premature end of file.
2026-04-29 16:59:47,501 [ERROR] LogOutputStream:75 - [STDERR_REDIRECT] 
2026-04-29 16:59:48,502 [ERROR] LogOutputStream:75 - [STDERR_REDIRECT] [Fatal Error] :1:1: Premature end of file.
2026-04-29 16:59:48,502 [ERROR] LogOutputStream:75 - [STDERR_REDIRECT] 
2026-04-29 16:59:49,498 [ERROR] LogOutputStream:75 - [STDERR_REDIRECT] [Fatal Error] :1:1: Premature end of file.
2026-04-29 16:59:49,498 [ERROR] LogOutputStream:75 - [STDERR_REDIRECT] 
2026-04-29 16:59:50,512 [ERROR] LogOutputStream:75 - [STDERR_REDIRECT] [Fatal Error] :1:1: Premature end of file.
2026-04-29 16:59:50,512 [ERROR] LogOutputStream:75 - [STDERR_REDIRECT] 
2026-04-29 16:59:51,516 [ERROR] LogOutputStream:75 - [STDERR_REDIRECT] [Fatal Error] :1:1: Premature end of file.
2026-04-29 16:59:51,516 [ERROR] LogOutputStream:75 - [STDERR_REDIRECT] 
2026-04-29 16:59:52,497 [ERROR] LogOutputStream:75 - [STDERR_REDIRECT] [Fatal Error] :1:1: Premature end of file.
2026-04-29 16:59:52,497 [ERROR] LogOutputStream:75 - [STDERR_REDIRECT] 
2026-04-29 16:59:53,506 [ERROR] LogOutputStream:75 - [STDERR_REDIRECT] [Fatal Error] :1:1: Premature end of file.
2026-04-29 16:59:53,506 [ERROR] LogOutputStream:75 - [STDERR_REDIRECT] 
2026-04-29 16:59:54,508 [ERROR] LogOutputStream:75 - [STDERR_REDIRECT] [Fatal Error] :1:1: Premature end of file.
2026-04-29 16:59:54,508 [ERROR] LogOutputStream:75 - [STDERR_REDIRECT] 
2026-04-29 16:59:55,502 [ERROR] LogOutputStream:75 - [STDERR_REDIRECT] [Fatal Error] :1:1: Premature end of file.
2026-04-29 16:59:55,502 [ERROR] LogOutputStream:75 - [STDERR_REDIRECT] 
2026-04-29 16:59:56,506 [ERROR] LogOutputStream:75 - [STDERR_REDIRECT] [Fatal Error] :1:1: Premature end of file.
2026-04-29 16:59:56,506 [ERROR] LogOutputStream:75 - [STDERR_REDIRECT] 
2026-04-29 16:59:57,504 [ERROR] LogOutputStream:75 - [STDERR_REDIRECT] [Fatal Error] :1:1: Premature end of file.
2026-04-29 16:59:57,504 [ERROR] LogOutputStream:75 - [STDERR_REDIRECT] 
2026-04-29 16:59:58,486 [ERROR] LogOutputStream:75 - [STDERR_REDIRECT] [Fatal Error] :1:1: Premature end of file.
2026-04-29 16:59:58,486 [ERROR] LogOutputStream:75 - [STDERR_REDIRECT] 
2026-04-29 16:59:59,510 [ERROR] LogOutputStream:75 - [STDERR_REDIRECT] [Fatal Error] :1:1: Premature end of file.
2026-04-29 16:59:59,510 [ERROR] LogOutputStream:75 - [STDERR_REDIRECT] 
2026-04-29 17:00:00,506 [ERROR] LogOutputStream:75 - [STDERR_REDIRECT] [Fatal Error] :1:1: Premature end of file.
2026-04-29 17:00:00,506 [ERROR] LogOutputStream:75 - [STDERR_REDIRECT] 
2026-04-29 17:00:01,504 [ERROR] LogOutputStream:75 - [STDERR_REDIRECT] [Fatal Error] :1:1: Premature end of file.
2026-04-29 17:00:01,504 [ERROR] LogOutputStream:75 - [STDERR_REDIRECT] 
2026-04-29 17:00:02,497 [ERROR] LogOutputStream:75 - [STDERR_REDIRECT] [Fatal Error] :1:1: Premature end of file.
2026-04-29 17:00:02,497 [ERROR] LogOutputStream:75 - [STDERR_REDIRECT] 
2026-04-29 17:00:03,501 [ERROR] LogOutputStream:75 - [STDERR_REDIRECT] [Fatal Error] :1:1: Premature end of file.
2026-04-29 17:00:03,501 [ERROR] LogOutputStream:75 - [STDERR_REDIRECT] 
2026-04-29 17:00:04,500 [ERROR] LogOutputStream:75 - [STDERR_REDIRECT] [Fatal Error] :1:1: Premature end of file.
2026-04-29 17:00:04,500 [ERROR] LogOutputStream:75 - [STDERR_REDIRECT] 
2026-04-29 17:00:05,505 [ERROR] LogOutputStream:75 - [STDERR_REDIRECT] [Fatal Error] :1:1: Premature end of file.
2026-04-29 17:00:05,505 [ERROR] LogOutputStream:75 - [STDERR_REDIRECT] 
2026-04-29 17:00:06,504 [ERROR] LogOutputStream:75 - [STDERR_REDIRECT] [Fatal Error] :1:1: Premature end of file.
2026-04-29 17:00:06,504 [ERROR] LogOutputStream:75 - [STDERR_REDIRECT] 
2026-04-29 17:00:07,484 [ERROR] LogOutputStream:75 - [STDERR_REDIRECT] [Fatal Error] :1:1: Premature end of file.
2026-04-29 17:00:07,485 [ERROR] LogOutputStream:75 - [STDERR_REDIRECT] 
2026-04-29 17:00:08,510 [ERROR] LogOutputStream:75 - [STDERR_REDIRECT] [Fatal Error] :1:1: Premature end of file.
2026-04-29 17:00:08,510 [ERROR] LogOutputStream:75 - [STDERR_REDIRECT] 
2026-04-29 17:00:09,500 [ERROR] LogOutputStream:75 - [STDERR_REDIRECT] [Fatal Error] :1:1: Premature end of file.
2026-04-29 17:00:09,500 [ERROR] LogOutputStream:75 - [STDERR_REDIRECT] 
2026-04-29 17:00:10,509 [ERROR] LogOutputStream:75 - [STDERR_REDIRECT] [Fatal Error] :1:1: Premature end of file.
2026-04-29 17:00:10,509 [ERROR] LogOutputStream:75 - [STDERR_REDIRECT] 
2026-04-29 17:00:11,505 [ERROR] LogOutputStream:75 - [STDERR_REDIRECT] [Fatal Error] :1:1: Premature end of file.
2026-04-29 17:00:11,506 [ERROR] LogOutputStream:75 - [STDERR_REDIRECT] 
2026-04-29 17:00:12,500 [ERROR] LogOutputStream:75 - [STDERR_REDIRECT] [Fatal Error] :1:1: Premature end of file.
2026-04-29 17:00:12,500 [ERROR] LogOutputStream:75 - [STDERR_REDIRECT] 
2026-04-29 17:00:13,507 [ERROR] LogOutputStream:75 - [STDERR_REDIRECT] [Fatal Error] :1:1: Premature end of file.
2026-04-29 17:00:13,507 [ERROR] LogOutputStream:75 - [STDERR_REDIRECT] 
2026-04-29 17:00:14,490 [ERROR] LogOutputStream:75 - [STDERR_REDIRECT] [Fatal Error] :1:1: Premature end of file.
2026-04-29 17:00:14,490 [ERROR] LogOutputStream:75 - [STDERR_REDIRECT] 
2026-04-29 17:00:15,490 [ERROR] LogOutputStream:75 - [STDERR_REDIRECT] [Fatal Error] :1:1: Premature end of file.
2026-04-29 17:00:15,490 [ERROR] LogOutputStream:75 - [STDERR_REDIRECT] 
2026-04-29 17:00:16,496 [ERROR] LogOutputStream:75 - [STDERR_REDIRECT] [Fatal Error] :1:1: Premature end of file.
2026-04-29 17:00:16,496 [ERROR] LogOutputStream:75 - [STDERR_REDIRECT] 
2026-04-29 17:00:17,515 [ERROR] LogOutputStream:75 - [STDERR_REDIRECT] [Fatal Error] :1:1: Premature end of file.
2026-04-29 17:00:17,515 [ERROR] LogOutputStream:75 - [STDERR_REDIRECT] 
2026-04-29 17:00:18,486 [ERROR] LogOutputStream:75 - [STDERR_REDIRECT] [Fatal Error] :1:1: Premature end of file.
2026-04-29 17:00:18,486 [ERROR] LogOutputStream:75 - [STDERR_REDIRECT] 
2026-04-29 17:00:19,509 [ERROR] LogOutputStream:75 - [STDERR_REDIRECT] [Fatal Error] :1:1: Premature end of file.
2026-04-29 17:00:19,509 [ERROR] LogOutputStream:75 - [STDERR_REDIRECT] 
2026-04-29 17:00:20,506 [ERROR] LogOutputStream:75 - [STDERR_REDIRECT] [Fatal Error] :1:1: Premature end of file.
2026-04-29 17:00:20,506 [ERROR] LogOutputStream:75 - [STDERR_REDIRECT] 
2026-04-29 17:00:21,508 [ERROR] LogOutputStream:75 - [STDERR_REDIRECT] [Fatal Error] :1:1: Premature end of file.
2026-04-29 17:00:21,509 [ERROR] LogOutputStream:75 - [STDERR_REDIRECT] 
2026-04-29 17:00:22,501 [ERROR] LogOutputStream:75 - [STDERR_REDIRECT] [Fatal Error] :1:1: Premature end of file.
2026-04-29 17:00:22,501 [ERROR] LogOutputStream:75 - [STDERR_REDIRECT] 
2026-04-29 17:00:23,499 [ERROR] LogOutputStream:75 - [STDERR_REDIRECT] [Fatal Error] :1:1: Premature end of file.
2026-04-29 17:00:23,499 [ERROR] LogOutputStream:75 - [STDERR_REDIRECT] 
2026-04-29 17:00:24,490 [ERROR] LogOutputStream:75 - [STDERR_REDIRECT] [Fatal Error] :1:1: Premature end of file.
2026-04-29 17:00:24,490 [ERROR] LogOutputStream:75 - [STDERR_REDIRECT] 
2026-04-29 17:00:25,485 [ERROR] LogOutputStream:75 - [STDERR_REDIRECT] [Fatal Error] :1:1: Premature end of file.
2026-04-29 17:00:25,485 [ERROR] LogOutputStream:75 - [STDERR_REDIRECT] 
2026-04-29 17:00:26,493 [ERROR] LogOutputStream:75 - [STDERR_REDIRECT] [Fatal Error] :1:1: Premature end of file.
2026-04-29 17:00:26,493 [ERROR] LogOutputStream:75 - [STDERR_REDIRECT] 
2026-04-29 17:00:27,498 [ERROR] LogOutputStream:75 - [STDERR_REDIRECT] [Fatal Error] :1:1: Premature end of file.
2026-04-29 17:00:27,499 [ERROR] LogOutputStream:75 - [STDERR_REDIRECT] 
2026-04-29 17:00:28,499 [ERROR] LogOutputStream:75 - [STDERR_REDIRECT] [Fatal Error] :1:1: Premature end of file.
2026-04-29 17:00:28,500 [ERROR] LogOutputStream:75 - [STDERR_REDIRECT] 
2026-04-29 17:00:29,512 [ERROR] LogOutputStream:75 - [STDERR_REDIRECT] [Fatal Error] :1:1: Premature end of file.
2026-04-29 17:00:29,512 [ERROR] LogOutputStream:75 - [STDERR_REDIRECT] 
2026-04-29 17:00:30,513 [ERROR] LogOutputStream:75 - [STDERR_REDIRECT] [Fatal Error] :1:1: Premature end of file.
2026-04-29 17:00:30,513 [ERROR] LogOutputStream:75 - [STDERR_REDIRECT] 
2026-04-29 17:00:31,515 [ERROR] LogOutputStream:75 - [STDERR_REDIRECT] [Fatal Error] :1:1: Premature end of file.
2026-04-29 17:00:31,515 [ERROR] LogOutputStream:75 - [STDERR_REDIRECT] 
2026-04-29 17:00:32,517 [ERROR] LogOutputStream:75 - [STDERR_REDIRECT] [Fatal Error] :1:1: Premature end of file.
2026-04-29 17:00:32,517 [ERROR] LogOutputStream:75 - [STDERR_REDIRECT] 
2026-04-29 17:00:33,485 [ERROR] LogOutputStream:75 - [STDERR_REDIRECT] [Fatal Error] :1:1: Premature end of file.
2026-04-29 17:00:33,485 [ERROR] LogOutputStream:75 - [STDERR_REDIRECT] 
2026-04-29 17:00:34,497 [ERROR] LogOutputStream:75 - [STDERR_REDIRECT] [Fatal Error] :1:1: Premature end of file.
2026-04-29 17:00:34,497 [ERROR] LogOutputStream:75 - [STDERR_REDIRECT] 
2026-04-29 17:00:35,499 [ERROR] LogOutputStream:75 - [STDERR_REDIRECT] [Fatal Error] :1:1: Premature end of file.
2026-04-29 17:00:35,499 [ERROR] LogOutputStream:75 - [STDERR_REDIRECT] 
2026-04-29 17:00:36,510 [ERROR] LogOutputStream:75 - [STDERR_REDIRECT] [Fatal Error] :1:1: Premature end of file.
2026-04-29 17:00:36,511 [ERROR] LogOutputStream:75 - [STDERR_REDIRECT] 
2026-04-29 17:00:37,503 [ERROR] LogOutputStream:75 - [STDERR_REDIRECT] [Fatal Error] :1:1: Premature end of file.
2026-04-29 17:00:37,503 [ERROR] LogOutputStream:75 - [STDERR_REDIRECT] 
2026-04-29 17:00:38,518 [ERROR] LogOutputStream:75 - [STDERR_REDIRECT] [Fatal Error] :1:1: Premature end of file.
2026-04-29 17:00:38,518 [ERROR] LogOutputStream:75 - [STDERR_REDIRECT] 
2026-04-29 17:00:39,524 [ERROR] LogOutputStream:75 - [STDERR_REDIRECT] [Fatal Error] :1:1: Premature end of file.
2026-04-29 17:00:39,524 [ERROR] LogOutputStream:75 - [STDERR_REDIRECT] 
2026-04-29 17:00:40,519 [ERROR] LogOutputStream:75 - [STDERR_REDIRECT] [Fatal Error] :1:1: Premature end of file.
2026-04-29 17:00:40,519 [ERROR] LogOutputStream:75 - [STDERR_REDIRECT] 
2026-04-29 17:00:41,517 [ERROR] LogOutputStream:75 - [STDERR_REDIRECT] [Fatal Error] :1:1: Premature end of file.
2026-04-29 17:00:41,517 [ERROR] LogOutputStream:75 - [STDERR_REDIRECT] 
2026-04-29 17:00:42,489 [ERROR] LogOutputStream:75 - [STDERR_REDIRECT] [Fatal Error] :1:1: Premature end of file.
2026-04-29 17:00:42,490 [ERROR] LogOutputStream:75 - [STDERR_REDIRECT] 
2026-04-29 17:00:43,517 [ERROR] LogOutputStream:75 - [STDERR_REDIRECT] [Fatal Error] :1:1: Premature end of file.
2026-04-29 17:00:43,517 [ERROR] LogOutputStream:75 - [STDERR_REDIRECT] 
2026-04-29 17:00:44,485 [ERROR] LogOutputStream:75 - [STDERR_REDIRECT] [Fatal Error] :1:1: Premature end of file.
2026-04-29 17:00:44,485 [ERROR] LogOutputStream:75 - [STDERR_REDIRECT] 
2026-04-29 17:00:45,518 [ERROR] LogOutputStream:75 - [STDERR_REDIRECT] [Fatal Error] :1:1: Premature end of file.
2026-04-29 17:00:45,518 [ERROR] LogOutputStream:75 - [STDERR_REDIRECT] 
2026-04-29 17:00:46,516 [ERROR] LogOutputStream:75 - [STDERR_REDIRECT] [Fatal Error] :1:1: Premature end of file.
2026-04-29 17:00:46,516 [ERROR] LogOutputStream:75 - [STDERR_REDIRECT] 
2026-04-29 17:00:47,525 [ERROR] LogOutputStream:75 - [STDERR_REDIRECT] [Fatal Error] :1:1: Premature end of file.
2026-04-29 17:00:47,525 [ERROR] LogOutputStream:75 - [STDERR_REDIRECT] 
2026-04-29 17:00:48,504 [ERROR] LogOutputStream:75 - [STDERR_REDIRECT] [Fatal Error] :1:1: Premature end of file.
2026-04-29 17:00:48,520 [ERROR] LogOutputStream:75 - [STDERR_REDIRECT] 
2026-04-29 17:00:49,541 [ERROR] LogOutputStream:75 - [STDERR_REDIRECT] [Fatal Error] :1:1: Premature end of file.
2026-04-29 17:00:49,541 [ERROR] LogOutputStream:75 - [STDERR_REDIRECT] 
2026-04-29 17:00:50,522 [ERROR] LogOutputStream:75 - [STDERR_REDIRECT] [Fatal Error] :1:1: Premature end of file.
2026-04-29 17:00:50,522 [ERROR] LogOutputStream:75 - [STDERR_REDIRECT] 
2026-04-29 17:00:51,516 [ERROR] LogOutputStream:75 - [STDERR_REDIRECT] [Fatal Error] :1:1: Premature end of file.
2026-04-29 17:00:51,516 [ERROR] LogOutputStream:75 - [STDERR_REDIRECT] 
2026-04-29 17:00:52,509 [ERROR] LogOutputStream:75 - [STDERR_REDIRECT] [Fatal Error] :1:1: Premature end of file.
2026-04-29 17:00:52,509 [ERROR] LogOutputStream:75 - [STDERR_REDIRECT] 
2026-04-29 17:00:53,503 [ERROR] LogOutputStream:75 - [STDERR_REDIRECT] [Fatal Error] :1:1: Premature end of file.
2026-04-29 17:00:53,503 [ERROR] LogOutputStream:75 - [STDERR_REDIRECT] 
2026-04-29 17:00:54,530 [ERROR] LogOutputStream:75 - [STDERR_REDIRECT] [Fatal Error] :1:1: Premature end of file.
2026-04-29 17:00:54,534 [ERROR] LogOutputStream:75 - [STDERR_REDIRECT] 
2026-04-29 17:00:55,520 [ERROR] LogOutputStream:75 - [STDERR_REDIRECT] [Fatal Error] :1:1: Premature end of file.
2026-04-29 17:00:55,520 [ERROR] LogOutputStream:75 - [STDERR_REDIRECT] 
2026-04-29 17:00:56,536 [ERROR] LogOutputStream:75 - [STDERR_REDIRECT] [Fatal Error] :1:1: Premature end of file.
2026-04-29 17:00:56,536 [ERROR] LogOutputStream:75 - [STDERR_REDIRECT] 
2026-04-29 17:00:57,510 [ERROR] LogOutputStream:75 - [STDERR_REDIRECT] [Fatal Error] :1:1: Premature end of file.
2026-04-29 17:00:57,510 [ERROR] LogOutputStream:75 - [STDERR_REDIRECT] 
2026-04-29 17:00:58,510 [ERROR] LogOutputStream:75 - [STDERR_REDIRECT] [Fatal Error] :1:1: Premature end of file.
2026-04-29 17:00:58,510 [ERROR] LogOutputStream:75 - [STDERR_REDIRECT] 
2026-04-29 17:00:59,508 [ERROR] LogOutputStream:75 - [STDERR_REDIRECT] [Fatal Error] :1:1: Premature end of file.
2026-04-29 17:00:59,508 [ERROR] LogOutputStream:75 - [STDERR_REDIRECT] 
2026-04-29 17:01:00,498 [ERROR] LogOutputStream:75 - [STDERR_REDIRECT] [Fatal Error] :1:1: Premature end of file.
2026-04-29 17:01:00,498 [ERROR] LogOutputStream:75 - [STDERR_REDIRECT] 
2026-04-29 17:01:01,531 [ERROR] LogOutputStream:75 - [STDERR_REDIRECT] [Fatal Error] :1:1: Premature end of file.
2026-04-29 17:01:01,531 [ERROR] LogOutputStream:75 - [STDERR_REDIRECT] 
2026-04-29 17:01:02,519 [ERROR] LogOutputStream:75 - [STDERR_REDIRECT] [Fatal Error] :1:1: Premature end of file.
2026-04-29 17:01:02,519 [ERROR] LogOutputStream:75 - [STDERR_REDIRECT] 
2026-04-29 17:01:03,509 [ERROR] LogOutputStream:75 - [STDERR_REDIRECT] [Fatal Error] :1:1: Premature end of file.
2026-04-29 17:01:03,509 [ERROR] LogOutputStream:75 - [STDERR_REDIRECT] 
2026-04-29 17:01:04,520 [ERROR] LogOutputStream:75 - [STDERR_REDIRECT] [Fatal Error] :1:1: Premature end of file.
2026-04-29 17:01:04,520 [ERROR] LogOutputStream:75 - [STDERR_REDIRECT] 
2026-04-29 17:01:05,532 [ERROR] LogOutputStream:75 - [STDERR_REDIRECT] [Fatal Error] :1:1: Premature end of file.
2026-04-29 17:01:05,532 [ERROR] LogOutputStream:75 - [STDERR_REDIRECT] 
2026-04-29 17:01:06,515 [ERROR] LogOutputStream:75 - [STDERR_REDIRECT] [Fatal Error] :1:1: Premature end of file.
2026-04-29 17:01:06,515 [ERROR] LogOutputStream:75 - [STDERR_REDIRECT] 
2026-04-29 17:01:07,507 [ERROR] LogOutputStream:75 - [STDERR_REDIRECT] [Fatal Error] :1:1: Premature end of file.
2026-04-29 17:01:07,507 [ERROR] LogOutputStream:75 - [STDERR_REDIRECT] 
2026-04-29 17:01:08,513 [ERROR] LogOutputStream:75 - [STDERR_REDIRECT] [Fatal Error] :1:1: Premature end of file.
2026-04-29 17:01:08,513 [ERROR] LogOutputStream:75 - [STDERR_REDIRECT] 
2026-04-29 17:01:09,512 [ERROR] LogOutputStream:75 - [STDERR_REDIRECT] [Fatal Error] :1:1: Premature end of file.
2026-04-29 17:01:09,512 [ERROR] LogOutputStream:75 - [STDERR_REDIRECT] 
2026-04-29 17:01:10,525 [ERROR] LogOutputStream:75 - [STDERR_REDIRECT] [Fatal Error] :1:1: Premature end of file.
2026-04-29 17:01:10,525 [ERROR] LogOutputStream:75 - [STDERR_REDIRECT] 
2026-04-29 17:01:11,544 [ERROR] LogOutputStream:75 - [STDERR_REDIRECT] [Fatal Error] :1:1: Premature end of file.
2026-04-29 17:01:11,544 [ERROR] LogOutputStream:75 - [STDERR_REDIRECT] 
2026-04-29 17:01:12,520 [ERROR] LogOutputStream:75 - [STDERR_REDIRECT] [Fatal Error] :1:1: Premature end of file.
2026-04-29 17:01:12,520 [ERROR] LogOutputStream:75 - [STDERR_REDIRECT] 
2026-04-29 17:01:13,535 [ERROR] LogOutputStream:75 - [STDERR_REDIRECT] [Fatal Error] :1:1: Premature end of file.
2026-04-29 17:01:13,535 [ERROR] LogOutputStream:75 - [STDERR_REDIRECT] 
2026-04-29 17:01:14,512 [ERROR] LogOutputStream:75 - [STDERR_REDIRECT] [Fatal Error] :1:1: Premature end of file.
2026-04-29 17:01:14,512 [ERROR] LogOutputStream:75 - [STDERR_REDIRECT] 
2026-04-29 17:01:15,536 [ERROR] LogOutputStream:75 - [STDERR_REDIRECT] [Fatal Error] :1:1: Premature end of file.
2026-04-29 17:01:15,536 [ERROR] LogOutputStream:75 - [STDERR_REDIRECT] 
2026-04-29 17:01:16,512 [ERROR] LogOutputStream:75 - [STDERR_REDIRECT] [Fatal Error] :1:1: Premature end of file.
2026-04-29 17:01:16,512 [ERROR] LogOutputStream:75 - [STDERR_REDIRECT] 
2026-04-29 17:01:17,527 [ERROR] LogOutputStream:75 - [STDERR_REDIRECT] [Fatal Error] :1:1: Premature end of file.
2026-04-29 17:01:17,527 [ERROR] LogOutputStream:75 - [STDERR_REDIRECT] 
2026-04-29 17:01:18,540 [ERROR] LogOutputStream:75 - [STDERR_REDIRECT] [Fatal Error] :1:1: Premature end of file.
2026-04-29 17:01:18,542 [ERROR] LogOutputStream:75 - [STDERR_REDIRECT] 
2026-04-29 17:01:19,522 [ERROR] LogOutputStream:75 - [STDERR_REDIRECT] [Fatal Error] :1:1: Premature end of file.
2026-04-29 17:01:19,522 [ERROR] LogOutputStream:75 - [STDERR_REDIRECT] 
2026-04-29 17:01:20,514 [ERROR] LogOutputStream:75 - [STDERR_REDIRECT] [Fatal Error] :1:1: Premature end of file.
2026-04-29 17:01:20,514 [ERROR] LogOutputStream:75 - [STDERR_REDIRECT] 
2026-04-29 17:01:21,527 [ERROR] LogOutputStream:75 - [STDERR_REDIRECT] [Fatal Error] :1:1: Premature end of file.
2026-04-29 17:01:21,527 [ERROR] LogOutputStream:75 - [STDERR_REDIRECT] 
2026-04-29 17:01:22,514 [ERROR] LogOutputStream:75 - [STDERR_REDIRECT] [Fatal Error] :1:1: Premature end of file.
2026-04-29 17:01:22,514 [ERROR] LogOutputStream:75 - [STDERR_REDIRECT] 
2026-04-29 17:01:23,542 [ERROR] LogOutputStream:75 - [STDERR_REDIRECT] [Fatal Error] :1:1: Premature end of file.
2026-04-29 17:01:23,544 [ERROR] LogOutputStream:75 - [STDERR_REDIRECT] 
2026-04-29 17:01:24,510 [ERROR] LogOutputStream:75 - [STDERR_REDIRECT] [Fatal Error] :1:1: Premature end of file.
2026-04-29 17:01:24,510 [ERROR] LogOutputStream:75 - [STDERR_REDIRECT] 
2026-04-29 17:01:25,530 [ERROR] LogOutputStream:75 - [STDERR_REDIRECT] [Fatal Error] :1:1: Premature end of file.
2026-04-29 17:01:25,530 [ERROR] LogOutputStream:75 - [STDERR_REDIRECT] 
2026-04-29 17:01:26,491 [ERROR] LogOutputStream:75 - [STDERR_REDIRECT] [Fatal Error] :1:1: Premature end of file.
2026-04-29 17:01:26,506 [ERROR] LogOutputStream:75 - [STDERR_REDIRECT] 
2026-04-29 17:01:27,506 [ERROR] LogOutputStream:75 - [STDERR_REDIRECT] [Fatal Error] :1:1: Premature end of file.
2026-04-29 17:01:27,506 [ERROR] LogOutputStream:75 - [STDERR_REDIRECT] 
2026-04-29 17:01:28,520 [ERROR] LogOutputStream:75 - [STDERR_REDIRECT] [Fatal Error] :1:1: Premature end of file.
2026-04-29 17:01:28,527 [ERROR] LogOutputStream:75 - [STDERR_REDIRECT] 
2026-04-29 17:01:29,531 [ERROR] LogOutputStream:75 - [STDERR_REDIRECT] [Fatal Error] :1:1: Premature end of file.
2026-04-29 17:01:29,531 [ERROR] LogOutputStream:75 - [STDERR_REDIRECT] 
2026-04-29 17:01:30,504 [ERROR] LogOutputStream:75 - [STDERR_REDIRECT] [Fatal Error] :1:1: Premature end of file.
2026-04-29 17:01:30,504 [ERROR] LogOutputStream:75 - [STDERR_REDIRECT] 
2026-04-29 17:01:31,486 [ERROR] LogOutputStream:75 - [STDERR_REDIRECT] [Fatal Error] :1:1: Premature end of file.
2026-04-29 17:01:31,487 [ERROR] LogOutputStream:75 - [STDERR_REDIRECT] 
2026-04-29 17:01:32,505 [ERROR] LogOutputStream:75 - [STDERR_REDIRECT] [Fatal Error] :1:1: Premature end of file.
2026-04-29 17:01:32,506 [ERROR] LogOutputStream:75 - [STDERR_REDIRECT] 
2026-04-29 17:01:33,490 [ERROR] LogOutputStream:75 - [STDERR_REDIRECT] [Fatal Error] :1:1: Premature end of file.
2026-04-29 17:01:33,490 [ERROR] LogOutputStream:75 - [STDERR_REDIRECT] 
2026-04-29 17:01:34,519 [ERROR] LogOutputStream:75 - [STDERR_REDIRECT] [Fatal Error] :1:1: Premature end of file.
2026-04-29 17:01:34,520 [ERROR] LogOutputStream:75 - [STDERR_REDIRECT] 
2026-04-29 17:01:35,521 [ERROR] LogOutputStream:75 - [STDERR_REDIRECT] [Fatal Error] :1:1: Premature end of file.
2026-04-29 17:01:35,521 [ERROR] LogOutputStream:75 - [STDERR_REDIRECT] 
2026-04-29 17:01:36,513 [ERROR] LogOutputStream:75 - [STDERR_REDIRECT] [Fatal Error] :1:1: Premature end of file.
2026-04-29 17:01:36,513 [ERROR] LogOutputStream:75 - [STDERR_REDIRECT] 
2026-04-29 17:01:37,517 [ERROR] LogOutputStream:75 - [STDERR_REDIRECT] [Fatal Error] :1:1: Premature end of file.
2026-04-29 17:01:37,517 [ERROR] LogOutputStream:75 - [STDERR_REDIRECT] 
2026-04-29 17:01:38,507 [ERROR] LogOutputStream:75 - [STDERR_REDIRECT] [Fatal Error] :1:1: Premature end of file.
2026-04-29 17:01:38,507 [ERROR] LogOutputStream:75 - [STDERR_REDIRECT] 
2026-04-29 17:01:39,513 [ERROR] LogOutputStream:75 - [STDERR_REDIRECT] [Fatal Error] :1:1: Premature end of file.
2026-04-29 17:01:39,520 [ERROR] LogOutputStream:75 - [STDERR_REDIRECT] 
2026-04-29 17:01:40,506 [ERROR] LogOutputStream:75 - [STDERR_REDIRECT] [Fatal Error] :1:1: Premature end of file.
2026-04-29 17:01:40,506 [ERROR] LogOutputStream:75 - [STDERR_REDIRECT] 
2026-04-29 17:01:41,527 [ERROR] LogOutputStream:75 - [STDERR_REDIRECT] [Fatal Error] :1:1: Premature end of file.
2026-04-29 17:01:41,527 [ERROR] LogOutputStream:75 - [STDERR_REDIRECT] 
2026-04-29 17:01:42,520 [ERROR] LogOutputStream:75 - [STDERR_REDIRECT] [Fatal Error] :1:1: Premature end of file.
2026-04-29 17:01:42,520 [ERROR] LogOutputStream:75 - [STDERR_REDIRECT] 
2026-04-29 17:01:43,510 [ERROR] LogOutputStream:75 - [STDERR_REDIRECT] [Fatal Error] :1:1: Premature end of file.
2026-04-29 17:01:43,510 [ERROR] LogOutputStream:75 - [STDERR_REDIRECT] 
2026-04-29 17:01:44,515 [ERROR] LogOutputStream:75 - [STDERR_REDIRECT] [Fatal Error] :1:1: Premature end of file.
2026-04-29 17:01:44,515 [ERROR] LogOutputStream:75 - [STDERR_REDIRECT] 
2026-04-29 17:01:45,524 [ERROR] LogOutputStream:75 - [STDERR_REDIRECT] [Fatal Error] :1:1: Premature end of file.
2026-04-29 17:01:45,524 [ERROR] LogOutputStream:75 - [STDERR_REDIRECT] 
2026-04-29 17:01:46,515 [ERROR] LogOutputStream:75 - [STDERR_REDIRECT] [Fatal Error] :1:1: Premature end of file.
2026-04-29 17:01:46,515 [ERROR] LogOutputStream:75 - [STDERR_REDIRECT] 
2026-04-29 17:01:47,506 [ERROR] LogOutputStream:75 - [STDERR_REDIRECT] [Fatal Error] :1:1: Premature end of file.
2026-04-29 17:01:47,506 [ERROR] LogOutputStream:75 - [STDERR_REDIRECT] 
2026-04-29 17:01:48,512 [ERROR] LogOutputStream:75 - [STDERR_REDIRECT] [Fatal Error] :1:1: Premature end of file.
2026-04-29 17:01:48,512 [ERROR] LogOutputStream:75 - [STDERR_REDIRECT] 
2026-04-29 17:01:49,519 [ERROR] LogOutputStream:75 - [STDERR_REDIRECT] [Fatal Error] :1:1: Premature end of file.
2026-04-29 17:01:49,519 [ERROR] LogOutputStream:75 - [STDERR_REDIRECT] 
2026-04-29 17:01:50,515 [ERROR] LogOutputStream:75 - [STDERR_REDIRECT] [Fatal Error] :1:1: Premature end of file.
2026-04-29 17:01:50,515 [ERROR] LogOutputStream:75 - [STDERR_REDIRECT] 
2026-04-29 17:01:51,532 [ERROR] LogOutputStream:75 - [STDERR_REDIRECT] [Fatal Error] :1:1: Premature end of file.
2026-04-29 17:01:51,532 [ERROR] LogOutputStream:75 - [STDERR_REDIRECT] 
2026-04-29 17:01:52,507 [ERROR] LogOutputStream:75 - [STDERR_REDIRECT] [Fatal Error] :1:1: Premature end of file.
2026-04-29 17:01:52,507 [ERROR] LogOutputStream:75 - [STDERR_REDIRECT] 
2026-04-29 17:01:53,507 [ERROR] LogOutputStream:75 - [STDERR_REDIRECT] [Fatal Error] :1:1: Premature end of file.
2026-04-29 17:01:53,507 [ERROR] LogOutputStream:75 - [STDERR_REDIRECT] 
2026-04-29 17:01:54,524 [ERROR] LogOutputStream:75 - [STDERR_REDIRECT] [Fatal Error] :1:1: Premature end of file.
2026-04-29 17:01:54,524 [ERROR] LogOutputStream:75 - [STDERR_REDIRECT] 
2026-04-29 17:01:55,510 [ERROR] LogOutputStream:75 - [STDERR_REDIRECT] [Fatal Error] :1:1: Premature end of file.
2026-04-29 17:01:55,510 [ERROR] LogOutputStream:75 - [STDERR_REDIRECT] 
2026-04-29 17:01:56,510 [ERROR] LogOutputStream:75 - [STDERR_REDIRECT] [Fatal Error] :1:1: Premature end of file.
2026-04-29 17:01:56,510 [ERROR] LogOutputStream:75 - [STDERR_REDIRECT] 
2026-04-29 17:01:57,516 [ERROR] LogOutputStream:75 - [STDERR_REDIRECT] [Fatal Error] :1:1: Premature end of file.
2026-04-29 17:01:57,516 [ERROR] LogOutputStream:75 - [STDERR_REDIRECT] 
2026-04-29 17:01:58,502 [ERROR] LogOutputStream:75 - [STDERR_REDIRECT] [Fatal Error] :1:1: Premature end of file.
2026-04-29 17:01:58,516 [ERROR] LogOutputStream:75 - [STDERR_REDIRECT] 
2026-04-29 17:01:59,515 [ERROR] LogOutputStream:75 - [STDERR_REDIRECT] [Fatal Error] :1:1: Premature end of file.
2026-04-29 17:01:59,515 [ERROR] LogOutputStream:75 - [STDERR_REDIRECT] 
2026-04-29 17:02:00,527 [ERROR] LogOutputStream:75 - [STDERR_REDIRECT] [Fatal Error] :1:1: Premature end of file.
2026-04-29 17:02:00,527 [ERROR] LogOutputStream:75 - [STDERR_REDIRECT] 
2026-04-29 17:02:01,510 [ERROR] LogOutputStream:75 - [STDERR_REDIRECT] [Fatal Error] :1:1: Premature end of file.
2026-04-29 17:02:01,510 [ERROR] LogOutputStream:75 - [STDERR_REDIRECT] 
2026-04-29 17:02:02,516 [ERROR] LogOutputStream:75 - [STDERR_REDIRECT] [Fatal Error] :1:1: Premature end of file.
2026-04-29 17:02:02,516 [ERROR] LogOutputStream:75 - [STDERR_REDIRECT] 
2026-04-29 17:02:03,517 [ERROR] LogOutputStream:75 - [STDERR_REDIRECT] [Fatal Error] :1:1: Premature end of file.
2026-04-29 17:02:03,517 [ERROR] LogOutputStream:75 - [STDERR_REDIRECT] 
2026-04-29 17:02:04,513 [ERROR] LogOutputStream:75 - [STDERR_REDIRECT] [Fatal Error] :1:1: Premature end of file.
2026-04-29 17:02:04,513 [ERROR] LogOutputStream:75 - [STDERR_REDIRECT] 
2026-04-29 17:02:05,483 [ERROR] LogOutputStream:75 - [STDERR_REDIRECT] [Fatal Error] :1:1: Premature end of file.
2026-04-29 17:02:05,483 [ERROR] LogOutputStream:75 - [STDERR_REDIRECT] 
2026-04-29 17:02:06,504 [ERROR] LogOutputStream:75 - [STDERR_REDIRECT] [Fatal Error] :1:1: Premature end of file.
2026-04-29 17:02:06,504 [ERROR] LogOutputStream:75 - [STDERR_REDIRECT] 
2026-04-29 17:02:07,511 [ERROR] LogOutputStream:75 - [STDERR_REDIRECT] [Fatal Error] :1:1: Premature end of file.
2026-04-29 17:02:07,511 [ERROR] LogOutputStream:75 - [STDERR_REDIRECT] 
2026-04-29 17:02:08,495 [ERROR] LogOutputStream:75 - [STDERR_REDIRECT] [Fatal Error] :1:1: Premature end of file.
2026-04-29 17:02:08,495 [ERROR] LogOutputStream:75 - [STDERR_REDIRECT] 
2026-04-29 17:02:09,520 [ERROR] LogOutputStream:75 - [STDERR_REDIRECT] [Fatal Error] :1:1: Premature end of file.
2026-04-29 17:02:09,520 [ERROR] LogOutputStream:75 - [STDERR_REDIRECT] 
2026-04-29 17:02:10,516 [ERROR] LogOutputStream:75 - [STDERR_REDIRECT] [Fatal Error] :1:1: Premature end of file.
2026-04-29 17:02:10,516 [ERROR] LogOutputStream:75 - [STDERR_REDIRECT] 
2026-04-29 17:02:11,524 [ERROR] LogOutputStream:75 - [STDERR_REDIRECT] [Fatal Error] :1:1: Premature end of file.
2026-04-29 17:02:11,524 [ERROR] LogOutputStream:75 - [STDERR_REDIRECT] 
2026-04-29 17:02:12,525 [ERROR] LogOutputStream:75 - [STDERR_REDIRECT] [Fatal Error] :1:1: Premature end of file.
2026-04-29 17:02:12,525 [ERROR] LogOutputStream:75 - [STDERR_REDIRECT] 
2026-04-29 17:02:13,515 [ERROR] LogOutputStream:75 - [STDERR_REDIRECT] [Fatal Error] :1:1: Premature end of file.
2026-04-29 17:02:13,515 [ERROR] LogOutputStream:75 - [STDERR_REDIRECT] 
2026-04-29 17:02:14,512 [ERROR] LogOutputStream:75 - [STDERR_REDIRECT] [Fatal Error] :1:1: Premature end of file.
2026-04-29 17:02:14,512 [ERROR] LogOutputStream:75 - [STDERR_REDIRECT] 
2026-04-29 17:02:15,517 [ERROR] LogOutputStream:75 - [STDERR_REDIRECT] [Fatal Error] :1:1: Premature end of file.
2026-04-29 17:02:15,517 [ERROR] LogOutputStream:75 - [STDERR_REDIRECT] 
2026-04-29 17:02:16,513 [ERROR] LogOutputStream:75 - [STDERR_REDIRECT] [Fatal Error] :1:1: Premature end of file.
2026-04-29 17:02:16,513 [ERROR] LogOutputStream:75 - [STDERR_REDIRECT] 
2026-04-29 17:02:17,519 [ERROR] LogOutputStream:75 - [STDERR_REDIRECT] [Fatal Error] :1:1: Premature end of file.
2026-04-29 17:02:17,519 [ERROR] LogOutputStream:75 - [STDERR_REDIRECT] 
2026-04-29 17:02:18,517 [ERROR] LogOutputStream:75 - [STDERR_REDIRECT] [Fatal Error] :1:1: Premature end of file.
2026-04-29 17:02:18,517 [ERROR] LogOutputStream:75 - [STDERR_REDIRECT] 
2026-04-29 17:02:19,509 [ERROR] LogOutputStream:75 - [STDERR_REDIRECT] [Fatal Error] :1:1: Premature end of file.
2026-04-29 17:02:19,509 [ERROR] LogOutputStream:75 - [STDERR_REDIRECT] 
2026-04-29 17:02:20,521 [ERROR] LogOutputStream:75 - [STDERR_REDIRECT] [Fatal Error] :1:1: Premature end of file.
2026-04-29 17:02:20,521 [ERROR] LogOutputStream:75 - [STDERR_REDIRECT] 
2026-04-29 17:02:21,527 [ERROR] LogOutputStream:75 - [STDERR_REDIRECT] [Fatal Error] :1:1: Premature end of file.
2026-04-29 17:02:21,527 [ERROR] LogOutputStream:75 - [STDERR_REDIRECT] 
2026-04-29 17:02:22,505 [ERROR] LogOutputStream:75 - [STDERR_REDIRECT] [Fatal Error] :1:1: Premature end of file.
2026-04-29 17:02:22,506 [ERROR] LogOutputStream:75 - [STDERR_REDIRECT] 
2026-04-29 17:02:23,512 [ERROR] LogOutputStream:75 - [STDERR_REDIRECT] [Fatal Error] :1:1: Premature end of file.
2026-04-29 17:02:23,513 [ERROR] LogOutputStream:75 - [STDERR_REDIRECT] 
2026-04-29 17:02:24,485 [ERROR] LogOutputStream:75 - [STDERR_REDIRECT] [Fatal Error] :1:1: Premature end of file.
2026-04-29 17:02:24,485 [ERROR] LogOutputStream:75 - [STDERR_REDIRECT] 
2026-04-29 17:02:25,486 [ERROR] LogOutputStream:75 - [STDERR_REDIRECT] [Fatal Error] :1:1: Premature end of file.
2026-04-29 17:02:25,486 [ERROR] LogOutputStream:75 - [STDERR_REDIRECT] 
2026-04-29 17:02:26,503 [ERROR] LogOutputStream:75 - [STDERR_REDIRECT] [Fatal Error] :1:1: Premature end of file.
2026-04-29 17:02:26,503 [ERROR] LogOutputStream:75 - [STDERR_REDIRECT] 
2026-04-29 17:02:27,539 [ERROR] LogOutputStream:75 - [STDERR_REDIRECT] [Fatal Error] :1:1: Premature end of file.
2026-04-29 17:02:27,539 [ERROR] LogOutputStream:75 - [STDERR_REDIRECT] 
2026-04-29 17:02:28,504 [ERROR] LogOutputStream:75 - [STDERR_REDIRECT] [Fatal Error] :1:1: Premature end of file.
2026-04-29 17:02:28,504 [ERROR] LogOutputStream:75 - [STDERR_REDIRECT] 
2026-04-29 17:02:29,536 [ERROR] LogOutputStream:75 - [STDERR_REDIRECT] [Fatal Error] :1:1: Premature end of file.
2026-04-29 17:02:29,536 [ERROR] LogOutputStream:75 - [STDERR_REDIRECT] 
2026-04-29 17:02:30,510 [ERROR] LogOutputStream:75 - [STDERR_REDIRECT] [Fatal Error] :1:1: Premature end of file.
2026-04-29 17:02:30,526 [ERROR] LogOutputStream:75 - [STDERR_REDIRECT] 
2026-04-29 17:02:31,511 [ERROR] LogOutputStream:75 - [STDERR_REDIRECT] [Fatal Error] :1:1: Premature end of file.
2026-04-29 17:02:31,511 [ERROR] LogOutputStream:75 - [STDERR_REDIRECT] 
2026-04-29 17:02:32,528 [ERROR] LogOutputStream:75 - [STDERR_REDIRECT] [Fatal Error] :1:1: Premature end of file.
2026-04-29 17:02:32,528 [ERROR] LogOutputStream:75 - [STDERR_REDIRECT] 
2026-04-29 17:02:33,523 [ERROR] LogOutputStream:75 - [STDERR_REDIRECT] [Fatal Error] :1:1: Premature end of file.
2026-04-29 17:02:33,523 [ERROR] LogOutputStream:75 - [STDERR_REDIRECT] 
2026-04-29 17:02:34,509 [ERROR] LogOutputStream:75 - [STDERR_REDIRECT] [Fatal Error] :1:1: Premature end of file.
2026-04-29 17:02:34,509 [ERROR] LogOutputStream:75 - [STDERR_REDIRECT] 
2026-04-29 17:02:35,518 [ERROR] LogOutputStream:75 - [STDERR_REDIRECT] [Fatal Error] :1:1: Premature end of file.
2026-04-29 17:02:35,518 [ERROR] LogOutputStream:75 - [STDERR_REDIRECT] 
2026-04-29 17:02:36,523 [ERROR] LogOutputStream:75 - [STDERR_REDIRECT] [Fatal Error] :1:1: Premature end of file.
2026-04-29 17:02:36,523 [ERROR] LogOutputStream:75 - [STDERR_REDIRECT] 
2026-04-29 17:02:37,503 [ERROR] LogOutputStream:75 - [STDERR_REDIRECT] [Fatal Error] :1:1: Premature end of file.
2026-04-29 17:02:37,503 [ERROR] LogOutputStream:75 - [STDERR_REDIRECT] 
2026-04-29 17:02:38,520 [ERROR] LogOutputStream:75 - [STDERR_REDIRECT] [Fatal Error] :1:1: Premature end of file.
2026-04-29 17:02:38,520 [ERROR] LogOutputStream:75 - [STDERR_REDIRECT] 
2026-04-29 17:02:39,521 [ERROR] LogOutputStream:75 - [STDERR_REDIRECT] [Fatal Error] :1:1: Premature end of file.
2026-04-29 17:02:39,521 [ERROR] LogOutputStream:75 - [STDERR_REDIRECT] 
2026-04-29 17:02:40,525 [ERROR] LogOutputStream:75 - [STDERR_REDIRECT] [Fatal Error] :1:1: Premature end of file.
2026-04-29 17:02:40,525 [ERROR] LogOutputStream:75 - [STDERR_REDIRECT] 
2026-04-29 17:02:41,512 [ERROR] LogOutputStream:75 - [STDERR_REDIRECT] [Fatal Error] :1:1: Premature end of file.
2026-04-29 17:02:41,512 [ERROR] LogOutputStream:75 - [STDERR_REDIRECT] 
2026-04-29 17:02:42,516 [ERROR] LogOutputStream:75 - [STDERR_REDIRECT] [Fatal Error] :1:1: Premature end of file.
2026-04-29 17:02:42,516 [ERROR] LogOutputStream:75 - [STDERR_REDIRECT] 
2026-04-29 17:02:43,506 [ERROR] LogOutputStream:75 - [STDERR_REDIRECT] [Fatal Error] :1:1: Premature end of file.
2026-04-29 17:02:43,506 [ERROR] LogOutputStream:75 - [STDERR_REDIRECT] 
2026-04-29 17:02:44,523 [ERROR] LogOutputStream:75 - [STDERR_REDIRECT] [Fatal Error] :1:1: Premature end of file.
2026-04-29 17:02:44,523 [ERROR] LogOutputStream:75 - [STDERR_REDIRECT] 
2026-04-29 17:02:45,523 [ERROR] LogOutputStream:75 - [STDERR_REDIRECT] [Fatal Error] :1:1: Premature end of file.
2026-04-29 17:02:45,523 [ERROR] LogOutputStream:75 - [STDERR_REDIRECT] 
2026-04-29 17:02:46,538 [ERROR] LogOutputStream:75 - [STDERR_REDIRECT] [Fatal Error] :1:1: Premature end of file.
2026-04-29 17:02:46,538 [ERROR] LogOutputStream:75 - [STDERR_REDIRECT] 
2026-04-29 17:02:47,521 [ERROR] LogOutputStream:75 - [STDERR_REDIRECT] [Fatal Error] :1:1: Premature end of file.
2026-04-29 17:02:47,521 [ERROR] LogOutputStream:75 - [STDERR_REDIRECT] 
2026-04-29 17:02:48,522 [ERROR] LogOutputStream:75 - [STDERR_REDIRECT] [Fatal Error] :1:1: Premature end of file.
2026-04-29 17:02:48,522 [ERROR] LogOutputStream:75 - [STDERR_REDIRECT] 
2026-04-29 17:02:49,523 [ERROR] LogOutputStream:75 - [STDERR_REDIRECT] [Fatal Error] :1:1: Premature end of file.
2026-04-29 17:02:49,523 [ERROR] LogOutputStream:75 - [STDERR_REDIRECT] 
2026-04-29 17:02:50,513 [ERROR] LogOutputStream:75 - [STDERR_REDIRECT] [Fatal Error] :1:1: Premature end of file.
2026-04-29 17:02:50,513 [ERROR] LogOutputStream:75 - [STDERR_REDIRECT] 
2026-04-29 17:02:51,535 [ERROR] LogOutputStream:75 - [STDERR_REDIRECT] [Fatal Error] :1:1: Premature end of file.
2026-04-29 17:02:51,535 [ERROR] LogOutputStream:75 - [STDERR_REDIRECT] 
2026-04-29 17:02:52,520 [ERROR] LogOutputStream:75 - [STDERR_REDIRECT] [Fatal Error] :1:1: Premature end of file.
2026-04-29 17:02:52,520 [ERROR] LogOutputStream:75 - [STDERR_REDIRECT] 
2026-04-29 17:02:53,512 [ERROR] LogOutputStream:75 - [STDERR_REDIRECT] [Fatal Error] :1:1: Premature end of file.
2026-04-29 17:02:53,512 [ERROR] LogOutputStream:75 - [STDERR_REDIRECT] 
2026-04-29 17:02:54,509 [ERROR] LogOutputStream:75 - [STDERR_REDIRECT] [Fatal Error] :1:1: Premature end of file.
2026-04-29 17:02:54,509 [ERROR] LogOutputStream:75 - [STDERR_REDIRECT] 
2026-04-29 17:02:55,514 [ERROR] LogOutputStream:75 - [STDERR_REDIRECT] [Fatal Error] :1:1: Premature end of file.
2026-04-29 17:02:55,514 [ERROR] LogOutputStream:75 - [STDERR_REDIRECT] 
2026-04-29 17:02:56,514 [ERROR] LogOutputStream:75 - [STDERR_REDIRECT] [Fatal Error] :1:1: Premature end of file.
2026-04-29 17:02:56,514 [ERROR] LogOutputStream:75 - [STDERR_REDIRECT] 
2026-04-29 17:02:57,513 [ERROR] LogOutputStream:75 - [STDERR_REDIRECT] [Fatal Error] :1:1: Premature end of file.
2026-04-29 17:02:57,513 [ERROR] LogOutputStream:75 - [STDERR_REDIRECT] 
2026-04-29 17:02:58,515 [ERROR] LogOutputStream:75 - [STDERR_REDIRECT] [Fatal Error] :1:1: Premature end of file.
2026-04-29 17:02:58,515 [ERROR] LogOutputStream:75 - [STDERR_REDIRECT] 
2026-04-29 17:02:59,519 [ERROR] LogOutputStream:75 - [STDERR_REDIRECT] [Fatal Error] :1:1: Premature end of file.
2026-04-29 17:02:59,519 [ERROR] LogOutputStream:75 - [STDERR_REDIRECT] 
2026-04-29 17:03:00,536 [ERROR] LogOutputStream:75 - [STDERR_REDIRECT] [Fatal Error] :1:1: Premature end of file.
2026-04-29 17:03:00,536 [ERROR] LogOutputStream:75 - [STDERR_REDIRECT] 
2026-04-29 17:03:01,509 [ERROR] LogOutputStream:75 - [STDERR_REDIRECT] [Fatal Error] :1:1: Premature end of file.
2026-04-29 17:03:01,509 [ERROR] LogOutputStream:75 - [STDERR_REDIRECT] 
2026-04-29 17:03:02,508 [ERROR] LogOutputStream:75 - [STDERR_REDIRECT] [Fatal Error] :1:1: Premature end of file.
2026-04-29 17:03:02,508 [ERROR] LogOutputStream:75 - [STDERR_REDIRECT] 
2026-04-29 17:03:03,511 [ERROR] LogOutputStream:75 - [STDERR_REDIRECT] [Fatal Error] :1:1: Premature end of file.
2026-04-29 17:03:03,511 [ERROR] LogOutputStream:75 - [STDERR_REDIRECT] 
2026-04-29 17:03:04,510 [ERROR] LogOutputStream:75 - [STDERR_REDIRECT] [Fatal Error] :1:1: Premature end of file.
2026-04-29 17:03:04,510 [ERROR] LogOutputStream:75 - [STDERR_REDIRECT] 
2026-04-29 17:03:05,520 [ERROR] LogOutputStream:75 - [STDERR_REDIRECT] [Fatal Error] :1:1: Premature end of file.
2026-04-29 17:03:05,520 [ERROR] LogOutputStream:75 - [STDERR_REDIRECT] 
2026-04-29 17:03:06,520 [ERROR] LogOutputStream:75 - [STDERR_REDIRECT] [Fatal Error] :1:1: Premature end of file.
2026-04-29 17:03:06,520 [ERROR] LogOutputStream:75 - [STDERR_REDIRECT] 
2026-04-29 17:03:07,512 [ERROR] LogOutputStream:75 - [STDERR_REDIRECT] [Fatal Error] :1:1: Premature end of file.
2026-04-29 17:03:07,512 [ERROR] LogOutputStream:75 - [STDERR_REDIRECT] 
2026-04-29 17:03:08,491 [ERROR] LogOutputStream:75 - [STDERR_REDIRECT] [Fatal Error] :1:1: Premature end of file.
2026-04-29 17:03:08,491 [ERROR] LogOutputStream:75 - [STDERR_REDIRECT] 
2026-04-29 17:03:09,509 [ERROR] LogOutputStream:75 - [STDERR_REDIRECT] [Fatal Error] :1:1: Premature end of file.
2026-04-29 17:03:09,509 [ERROR] LogOutputStream:75 - [STDERR_REDIRECT] 
2026-04-29 17:03:10,510 [ERROR] LogOutputStream:75 - [STDERR_REDIRECT] [Fatal Error] :1:1: Premature end of file.
2026-04-29 17:03:10,510 [ERROR] LogOutputStream:75 - [STDERR_REDIRECT] 
2026-04-29 17:03:11,522 [ERROR] LogOutputStream:75 - [STDERR_REDIRECT] [Fatal Error] :1:1: Premature end of file.
2026-04-29 17:03:11,522 [ERROR] LogOutputStream:75 - [STDERR_REDIRECT] 
2026-04-29 17:03:12,514 [ERROR] LogOutputStream:75 - [STDERR_REDIRECT] [Fatal Error] :1:1: Premature end of file.
2026-04-29 17:03:12,514 [ERROR] LogOutputStream:75 - [STDERR_REDIRECT] 
2026-04-29 17:03:13,515 [ERROR] LogOutputStream:75 - [STDERR_REDIRECT] [Fatal Error] :1:1: Premature end of file.
2026-04-29 17:03:13,515 [ERROR] LogOutputStream:75 - [STDERR_REDIRECT] 
2026-04-29 17:03:14,520 [ERROR] LogOutputStream:75 - [STDERR_REDIRECT] [Fatal Error] :1:1: Premature end of file.
2026-04-29 17:03:14,520 [ERROR] LogOutputStream:75 - [STDERR_REDIRECT] 
2026-04-29 17:03:15,508 [ERROR] LogOutputStream:75 - [STDERR_REDIRECT] [Fatal Error] :1:1: Premature end of file.
2026-04-29 17:03:15,508 [ERROR] LogOutputStream:75 - [STDERR_REDIRECT] 
2026-04-29 17:03:16,517 [ERROR] LogOutputStream:75 - [STDERR_REDIRECT] [Fatal Error] :1:1: Premature end of file.
2026-04-29 17:03:16,517 [ERROR] LogOutputStream:75 - [STDERR_REDIRECT] 
2026-04-29 17:03:17,518 [ERROR] LogOutputStream:75 - [STDERR_REDIRECT] [Fatal Error] :1:1: Premature end of file.
2026-04-29 17:03:17,518 [ERROR] LogOutputStream:75 - [STDERR_REDIRECT] 
2026-04-29 17:03:18,521 [ERROR] LogOutputStream:75 - [STDERR_REDIRECT] [Fatal Error] :1:1: Premature end of file.
2026-04-29 17:03:18,521 [ERROR] LogOutputStream:75 - [STDERR_REDIRECT] 
2026-04-29 17:03:19,508 [ERROR] LogOutputStream:75 - [STDERR_REDIRECT] [Fatal Error] :1:1: Premature end of file.
2026-04-29 17:03:19,508 [ERROR] LogOutputStream:75 - [STDERR_REDIRECT] 
2026-04-29 17:03:20,517 [ERROR] LogOutputStream:75 - [STDERR_REDIRECT] [Fatal Error] :1:1: Premature end of file.
2026-04-29 17:03:20,517 [ERROR] LogOutputStream:75 - [STDERR_REDIRECT] 
2026-04-29 17:03:21,536 [ERROR] LogOutputStream:75 - [STDERR_REDIRECT] [Fatal Error] :1:1: Premature end of file.
2026-04-29 17:03:21,536 [ERROR] LogOutputStream:75 - [STDERR_REDIRECT] 
2026-04-29 17:03:22,507 [ERROR] LogOutputStream:75 - [STDERR_REDIRECT] [Fatal Error] :1:1: Premature end of file.
2026-04-29 17:03:22,514 [ERROR] LogOutputStream:75 - [STDERR_REDIRECT] 
2026-04-29 17:03:23,510 [ERROR] LogOutputStream:75 - [STDERR_REDIRECT] [Fatal Error] :1:1: Premature end of file.
2026-04-29 17:03:23,510 [ERROR] LogOutputStream:75 - [STDERR_REDIRECT] 
2026-04-29 17:03:24,528 [ERROR] LogOutputStream:75 - [STDERR_REDIRECT] [Fatal Error] :1:1: Premature end of file.
2026-04-29 17:03:24,528 [ERROR] LogOutputStream:75 - [STDERR_REDIRECT] 
2026-04-29 17:03:25,515 [ERROR] LogOutputStream:75 - [STDERR_REDIRECT] [Fatal Error] :1:1: Premature end of file.
2026-04-29 17:03:25,515 [ERROR] LogOutputStream:75 - [STDERR_REDIRECT] 
2026-04-29 17:03:26,524 [ERROR] LogOutputStream:75 - [STDERR_REDIRECT] [Fatal Error] :1:1: Premature end of file.
2026-04-29 17:03:26,524 [ERROR] LogOutputStream:75 - [STDERR_REDIRECT] 
2026-04-29 17:03:27,510 [ERROR] LogOutputStream:75 - [STDERR_REDIRECT] [Fatal Error] :1:1: Premature end of file.
2026-04-29 17:03:27,510 [ERROR] LogOutputStream:75 - [STDERR_REDIRECT] 
2026-04-29 17:03:28,517 [ERROR] LogOutputStream:75 - [STDERR_REDIRECT] [Fatal Error] :1:1: Premature end of file.
2026-04-29 17:03:28,517 [ERROR] LogOutputStream:75 - [STDERR_REDIRECT] 
2026-04-29 17:03:29,516 [ERROR] LogOutputStream:75 - [STDERR_REDIRECT] [Fatal Error] :1:1: Premature end of file.
2026-04-29 17:03:29,516 [ERROR] LogOutputStream:75 - [STDERR_REDIRECT] 
2026-04-29 17:03:30,544 [ERROR] LogOutputStream:75 - [STDERR_REDIRECT] [Fatal Error] :1:1: Premature end of file.
2026-04-29 17:03:30,544 [ERROR] LogOutputStream:75 - [STDERR_REDIRECT] 
2026-04-29 17:03:31,522 [ERROR] LogOutputStream:75 - [STDERR_REDIRECT] [Fatal Error] :1:1: Premature end of file.
2026-04-29 17:03:31,522 [ERROR] LogOutputStream:75 - [STDERR_REDIRECT] 
2026-04-29 17:03:32,495 [ERROR] LogOutputStream:75 - [STDERR_REDIRECT] [Fatal Error] :1:1: Premature end of file.
2026-04-29 17:03:32,495 [ERROR] LogOutputStream:75 - [STDERR_REDIRECT] 
2026-04-29 17:03:33,511 [ERROR] LogOutputStream:75 - [STDERR_REDIRECT] [Fatal Error] :1:1: Premature end of file.
2026-04-29 17:03:33,511 [ERROR] LogOutputStream:75 - [STDERR_REDIRECT] 
2026-04-29 17:03:34,514 [ERROR] LogOutputStream:75 - [STDERR_REDIRECT] [Fatal Error] :1:1: Premature end of file.
2026-04-29 17:03:34,530 [ERROR] LogOutputStream:75 - [STDERR_REDIRECT] 
2026-04-29 17:03:35,507 [ERROR] LogOutputStream:75 - [STDERR_REDIRECT] [Fatal Error] :1:1: Premature end of file.
2026-04-29 17:03:35,507 [ERROR] LogOutputStream:75 - [STDERR_REDIRECT] 
2026-04-29 17:03:36,523 [ERROR] LogOutputStream:75 - [STDERR_REDIRECT] [Fatal Error] :1:1: Premature end of file.
2026-04-29 17:03:36,526 [ERROR] LogOutputStream:75 - [STDERR_REDIRECT] 
2026-04-29 17:03:37,515 [ERROR] LogOutputStream:75 - [STDERR_REDIRECT] [Fatal Error] :1:1: Premature end of file.
2026-04-29 17:03:37,515 [ERROR] LogOutputStream:75 - [STDERR_REDIRECT] 
2026-04-29 17:03:38,517 [ERROR] LogOutputStream:75 - [STDERR_REDIRECT] [Fatal Error] :1:1: Premature end of file.
2026-04-29 17:03:38,517 [ERROR] LogOutputStream:75 - [STDERR_REDIRECT] 
2026-04-29 17:03:39,508 [ERROR] LogOutputStream:75 - [STDERR_REDIRECT] [Fatal Error] :1:1: Premature end of file.
2026-04-29 17:03:39,508 [ERROR] LogOutputStream:75 - [STDERR_REDIRECT] 
2026-04-29 17:03:40,529 [ERROR] LogOutputStream:75 - [STDERR_REDIRECT] [Fatal Error] :1:1: Premature end of file.
2026-04-29 17:03:40,529 [ERROR] LogOutputStream:75 - [STDERR_REDIRECT] 
2026-04-29 17:03:41,519 [ERROR] LogOutputStream:75 - [STDERR_REDIRECT] [Fatal Error] :1:1: Premature end of file.
2026-04-29 17:03:41,519 [ERROR] LogOutputStream:75 - [STDERR_REDIRECT] 
2026-04-29 17:03:42,508 [ERROR] LogOutputStream:75 - [STDERR_REDIRECT] [Fatal Error] :1:1: Premature end of file.
2026-04-29 17:03:42,508 [ERROR] LogOutputStream:75 - [STDERR_REDIRECT] 
2026-04-29 17:03:43,514 [ERROR] LogOutputStream:75 - [STDERR_REDIRECT] [Fatal Error] :1:1: Premature end of file.
2026-04-29 17:03:43,514 [ERROR] LogOutputStream:75 - [STDERR_REDIRECT] 
2026-04-29 17:03:44,521 [ERROR] LogOutputStream:75 - [STDERR_REDIRECT] [Fatal Error] :1:1: Premature end of file.
2026-04-29 17:03:44,521 [ERROR] LogOutputStream:75 - [STDERR_REDIRECT] 
2026-04-29 17:03:45,509 [ERROR] LogOutputStream:75 - [STDERR_REDIRECT] [Fatal Error] :1:1: Premature end of file.
2026-04-29 17:03:45,509 [ERROR] LogOutputStream:75 - [STDERR_REDIRECT] 
2026-04-29 17:03:46,515 [ERROR] LogOutputStream:75 - [STDERR_REDIRECT] [Fatal Error] :1:1: Premature end of file.
2026-04-29 17:03:46,515 [ERROR] LogOutputStream:75 - [STDERR_REDIRECT] 
2026-04-29 17:03:47,521 [ERROR] LogOutputStream:75 - [STDERR_REDIRECT] [Fatal Error] :1:1: Premature end of file.
2026-04-29 17:03:47,521 [ERROR] LogOutputStream:75 - [STDERR_REDIRECT] 
2026-04-29 17:03:48,510 [ERROR] LogOutputStream:75 - [STDERR_REDIRECT] [Fatal Error] :1:1: Premature end of file.
2026-04-29 17:03:48,510 [ERROR] LogOutputStream:75 - [STDERR_REDIRECT] 
2026-04-29 17:03:49,516 [ERROR] LogOutputStream:75 - [STDERR_REDIRECT] [Fatal Error] :1:1: Premature end of file.
2026-04-29 17:03:49,516 [ERROR] LogOutputStream:75 - [STDERR_REDIRECT] 
2026-04-29 17:03:50,513 [ERROR] LogOutputStream:75 - [STDERR_REDIRECT] [Fatal Error] :1:1: Premature end of file.
2026-04-29 17:03:50,513 [ERROR] LogOutputStream:75 - [STDERR_REDIRECT] 
2026-04-29 17:03:51,516 [ERROR] LogOutputStream:75 - [STDERR_REDIRECT] [Fatal Error] :1:1: Premature end of file.
2026-04-29 17:03:51,516 [ERROR] LogOutputStream:75 - [STDERR_REDIRECT] 
2026-04-29 17:03:52,522 [ERROR] LogOutputStream:75 - [STDERR_REDIRECT] [Fatal Error] :1:1: Premature end of file.
2026-04-29 17:03:52,528 [ERROR] LogOutputStream:75 - [STDERR_REDIRECT] 
2026-04-29 17:03:53,515 [ERROR] LogOutputStream:75 - [STDERR_REDIRECT] [Fatal Error] :1:1: Premature end of file.
2026-04-29 17:03:53,515 [ERROR] LogOutputStream:75 - [STDERR_REDIRECT] 
2026-04-29 17:03:54,519 [ERROR] LogOutputStream:75 - [STDERR_REDIRECT] [Fatal Error] :1:1: Premature end of file.
2026-04-29 17:03:54,519 [ERROR] LogOutputStream:75 - [STDERR_REDIRECT] 
2026-04-29 17:03:55,507 [ERROR] LogOutputStream:75 - [STDERR_REDIRECT] [Fatal Error] :1:1: Premature end of file.
2026-04-29 17:03:55,507 [ERROR] LogOutputStream:75 - [STDERR_REDIRECT] 
2026-04-29 17:03:56,512 [ERROR] LogOutputStream:75 - [STDERR_REDIRECT] [Fatal Error] :1:1: Premature end of file.
2026-04-29 17:03:56,512 [ERROR] LogOutputStream:75 - [STDERR_REDIRECT] 
2026-04-29 17:03:57,522 [ERROR] LogOutputStream:75 - [STDERR_REDIRECT] [Fatal Error] :1:1: Premature end of file.
2026-04-29 17:03:57,522 [ERROR] LogOutputStream:75 - [STDERR_REDIRECT] 
2026-04-29 17:03:58,519 [ERROR] LogOutputStream:75 - [STDERR_REDIRECT] [Fatal Error] :1:1: Premature end of file.
2026-04-29 17:03:58,519 [ERROR] LogOutputStream:75 - [STDERR_REDIRECT] 
2026-04-29 17:03:59,491 [ERROR] LogOutputStream:75 - [STDERR_REDIRECT] [Fatal Error] :1:1: Premature end of file.
2026-04-29 17:03:59,491 [ERROR] LogOutputStream:75 - [STDERR_REDIRECT] 
2026-04-29 17:04:00,511 [ERROR] LogOutputStream:75 - [STDERR_REDIRECT] [Fatal Error] :1:1: Premature end of file.
2026-04-29 17:04:00,518 [ERROR] LogOutputStream:75 - [STDERR_REDIRECT] 
2026-04-29 17:04:01,536 [ERROR] LogOutputStream:75 - [STDERR_REDIRECT] [Fatal Error] :1:1: Premature end of file.
2026-04-29 17:04:01,536 [ERROR] LogOutputStream:75 - [STDERR_REDIRECT] 
2026-04-29 17:04:02,510 [ERROR] LogOutputStream:75 - [STDERR_REDIRECT] [Fatal Error] :1:1: Premature end of file.
2026-04-29 17:04:02,510 [ERROR] LogOutputStream:75 - [STDERR_REDIRECT] 
2026-04-29 17:04:03,519 [ERROR] LogOutputStream:75 - [STDERR_REDIRECT] [Fatal Error] :1:1: Premature end of file.
2026-04-29 17:04:03,519 [ERROR] LogOutputStream:75 - [STDERR_REDIRECT] 
2026-04-29 17:04:04,533 [ERROR] LogOutputStream:75 - [STDERR_REDIRECT] [Fatal Error] :1:1: Premature end of file.
2026-04-29 17:04:04,533 [ERROR] LogOutputStream:75 - [STDERR_REDIRECT] 
2026-04-29 17:04:05,517 [ERROR] LogOutputStream:75 - [STDERR_REDIRECT] [Fatal Error] :1:1: Premature end of file.
2026-04-29 17:04:05,517 [ERROR] LogOutputStream:75 - [STDERR_REDIRECT] 
2026-04-29 17:04:06,512 [ERROR] LogOutputStream:75 - [STDERR_REDIRECT] [Fatal Error] :1:1: Premature end of file.
2026-04-29 17:04:06,512 [ERROR] LogOutputStream:75 - [STDERR_REDIRECT] 
2026-04-29 17:04:07,519 [ERROR] LogOutputStream:75 - [STDERR_REDIRECT] [Fatal Error] :1:1: Premature end of file.
2026-04-29 17:04:07,519 [ERROR] LogOutputStream:75 - [STDERR_REDIRECT] 
2026-04-29 17:04:08,533 [ERROR] LogOutputStream:75 - [STDERR_REDIRECT] [Fatal Error] :1:1: Premature end of file.
2026-04-29 17:04:08,533 [ERROR] LogOutputStream:75 - [STDERR_REDIRECT] 
2026-04-29 17:04:09,509 [ERROR] LogOutputStream:75 - [STDERR_REDIRECT] [Fatal Error] :1:1: Premature end of file.
2026-04-29 17:04:09,509 [ERROR] LogOutputStream:75 - [STDERR_REDIRECT] 
2026-04-29 17:04:10,537 [ERROR] LogOutputStream:75 - [STDERR_REDIRECT] [Fatal Error] :1:1: Premature end of file.
2026-04-29 17:04:10,537 [ERROR] LogOutputStream:75 - [STDERR_REDIRECT] 
2026-04-29 17:04:11,528 [ERROR] LogOutputStream:75 - [STDERR_REDIRECT] [Fatal Error] :1:1: Premature end of file.
2026-04-29 17:04:11,528 [ERROR] LogOutputStream:75 - [STDERR_REDIRECT] 
2026-04-29 17:04:12,492 [ERROR] LogOutputStream:75 - [STDERR_REDIRECT] [Fatal Error] :1:1: Premature end of file.
2026-04-29 17:04:12,492 [ERROR] LogOutputStream:75 - [STDERR_REDIRECT] 
2026-04-29 17:04:13,496 [ERROR] LogOutputStream:75 - [STDERR_REDIRECT] [Fatal Error] :1:1: Premature end of file.
2026-04-29 17:04:13,496 [ERROR] LogOutputStream:75 - [STDERR_REDIRECT] 
2026-04-29 17:04:14,517 [ERROR] LogOutputStream:75 - [STDERR_REDIRECT] [Fatal Error] :1:1: Premature end of file.
2026-04-29 17:04:14,517 [ERROR] LogOutputStream:75 - [STDERR_REDIRECT] 
2026-04-29 17:04:15,524 [ERROR] LogOutputStream:75 - [STDERR_REDIRECT] [Fatal Error] :1:1: Premature end of file.
2026-04-29 17:04:15,526 [ERROR] LogOutputStream:75 - [STDERR_REDIRECT] 
2026-04-29 17:04:16,508 [ERROR] LogOutputStream:75 - [STDERR_REDIRECT] [Fatal Error] :1:1: Premature end of file.
2026-04-29 17:04:16,508 [ERROR] LogOutputStream:75 - [STDERR_REDIRECT] 
2026-04-29 17:04:17,514 [ERROR] LogOutputStream:75 - [STDERR_REDIRECT] [Fatal Error] :1:1: Premature end of file.
2026-04-29 17:04:17,514 [ERROR] LogOutputStream:75 - [STDERR_REDIRECT] 
2026-04-29 17:04:18,524 [ERROR] LogOutputStream:75 - [STDERR_REDIRECT] [Fatal Error] :1:1: Premature end of file.
2026-04-29 17:04:18,524 [ERROR] LogOutputStream:75 - [STDERR_REDIRECT] 
2026-04-29 17:04:19,520 [ERROR] LogOutputStream:75 - [STDERR_REDIRECT] [Fatal Error] :1:1: Premature end of file.
2026-04-29 17:04:19,520 [ERROR] LogOutputStream:75 - [STDERR_REDIRECT] 
2026-04-29 17:04:20,514 [ERROR] LogOutputStream:75 - [STDERR_REDIRECT] [Fatal Error] :1:1: Premature end of file.
2026-04-29 17:04:20,514 [ERROR] LogOutputStream:75 - [STDERR_REDIRECT] 
2026-04-29 17:04:21,518 [ERROR] LogOutputStream:75 - [STDERR_REDIRECT] [Fatal Error] :1:1: Premature end of file.
2026-04-29 17:04:21,518 [ERROR] LogOutputStream:75 - [STDERR_REDIRECT] 
2026-04-29 17:04:22,538 [ERROR] LogOutputStream:75 - [STDERR_REDIRECT] [Fatal Error] :1:1: Premature end of file.
2026-04-29 17:04:22,538 [ERROR] LogOutputStream:75 - [STDERR_REDIRECT] 
2026-04-29 17:04:23,507 [ERROR] LogOutputStream:75 - [STDERR_REDIRECT] [Fatal Error] :1:1: Premature end of file.
2026-04-29 17:04:23,507 [ERROR] LogOutputStream:75 - [STDERR_REDIRECT] 
2026-04-29 17:04:24,518 [ERROR] LogOutputStream:75 - [STDERR_REDIRECT] [Fatal Error] :1:1: Premature end of file.
2026-04-29 17:04:24,518 [ERROR] LogOutputStream:75 - [STDERR_REDIRECT] 
2026-04-29 17:04:25,517 [ERROR] LogOutputStream:75 - [STDERR_REDIRECT] [Fatal Error] :1:1: Premature end of file.
2026-04-29 17:04:25,517 [ERROR] LogOutputStream:75 - [STDERR_REDIRECT] 
2026-04-29 17:04:26,519 [ERROR] LogOutputStream:75 - [STDERR_REDIRECT] [Fatal Error] :1:1: Premature end of file.
2026-04-29 17:04:26,519 [ERROR] LogOutputStream:75 - [STDERR_REDIRECT] 
2026-04-29 17:04:27,523 [ERROR] LogOutputStream:75 - [STDERR_REDIRECT] [Fatal Error] :1:1: Premature end of file.
2026-04-29 17:04:27,525 [ERROR] LogOutputStream:75 - [STDERR_REDIRECT] 
2026-04-29 17:04:28,519 [ERROR] LogOutputStream:75 - [STDERR_REDIRECT] [Fatal Error] :1:1: Premature end of file.
2026-04-29 17:04:28,519 [ERROR] LogOutputStream:75 - [STDERR_REDIRECT] 
2026-04-29 17:04:29,528 [ERROR] LogOutputStream:75 - [STDERR_REDIRECT] [Fatal Error] :1:1: Premature end of file.
2026-04-29 17:04:29,528 [ERROR] LogOutputStream:75 - [STDERR_REDIRECT] 
2026-04-29 17:04:30,482 [ERROR] LogOutputStream:75 - [STDERR_REDIRECT] [Fatal Error] :1:1: Premature end of file.
2026-04-29 17:04:30,482 [ERROR] LogOutputStream:75 - [STDERR_REDIRECT] 
2026-04-29 17:04:31,523 [ERROR] LogOutputStream:75 - [STDERR_REDIRECT] [Fatal Error] :1:1: Premature end of file.
2026-04-29 17:04:31,523 [ERROR] LogOutputStream:75 - [STDERR_REDIRECT] 
2026-04-29 17:04:32,514 [ERROR] LogOutputStream:75 - [STDERR_REDIRECT] [Fatal Error] :1:1: Premature end of file.
2026-04-29 17:04:32,514 [ERROR] LogOutputStream:75 - [STDERR_REDIRECT] 
2026-04-29 17:04:33,530 [ERROR] LogOutputStream:75 - [STDERR_REDIRECT] [Fatal Error] :1:1: Premature end of file.
2026-04-29 17:04:33,530 [ERROR] LogOutputStream:75 - [STDERR_REDIRECT] 
2026-04-29 17:04:34,529 [ERROR] LogOutputStream:75 - [STDERR_REDIRECT] [Fatal Error] :1:1: Premature end of file.
2026-04-29 17:04:34,529 [ERROR] LogOutputStream:75 - [STDERR_REDIRECT] 
2026-04-29 17:04:35,535 [ERROR] LogOutputStream:75 - [STDERR_REDIRECT] [Fatal Error] :1:1: Premature end of file.
2026-04-29 17:04:35,535 [ERROR] LogOutputStream:75 - [STDERR_REDIRECT] 
2026-04-29 17:04:36,508 [ERROR] LogOutputStream:75 - [STDERR_REDIRECT] [Fatal Error] :1:1: Premature end of file.
2026-04-29 17:04:36,508 [ERROR] LogOutputStream:75 - [STDERR_REDIRECT] 
2026-04-29 17:04:37,524 [ERROR] LogOutputStream:75 - [STDERR_REDIRECT] [Fatal Error] :1:1: Premature end of file.
2026-04-29 17:04:37,524 [ERROR] LogOutputStream:75 - [STDERR_REDIRECT] 
2026-04-29 17:04:38,518 [ERROR] LogOutputStream:75 - [STDERR_REDIRECT] [Fatal Error] :1:1: Premature end of file.
2026-04-29 17:04:38,518 [ERROR] LogOutputStream:75 - [STDERR_REDIRECT] 
2026-04-29 17:04:39,519 [ERROR] LogOutputStream:75 - [STDERR_REDIRECT] [Fatal Error] :1:1: Premature end of file.
2026-04-29 17:04:39,519 [ERROR] LogOutputStream:75 - [STDERR_REDIRECT] 
2026-04-29 17:04:40,521 [ERROR] LogOutputStream:75 - [STDERR_REDIRECT] [Fatal Error] :1:1: Premature end of file.
2026-04-29 17:04:40,521 [ERROR] LogOutputStream:75 - [STDERR_REDIRECT] 
2026-04-29 17:04:41,514 [ERROR] LogOutputStream:75 - [STDERR_REDIRECT] [Fatal Error] :1:1: Premature end of file.
2026-04-29 17:04:41,514 [ERROR] LogOutputStream:75 - [STDERR_REDIRECT] 
2026-04-29 17:04:42,512 [ERROR] LogOutputStream:75 - [STDERR_REDIRECT] [Fatal Error] :1:1: Premature end of file.
2026-04-29 17:04:42,512 [ERROR] LogOutputStream:75 - [STDERR_REDIRECT] 
2026-04-29 17:04:43,517 [ERROR] LogOutputStream:75 - [STDERR_REDIRECT] [Fatal Error] :1:1: Premature end of file.
2026-04-29 17:04:43,517 [ERROR] LogOutputStream:75 - [STDERR_REDIRECT] 
2026-04-29 17:04:44,526 [ERROR] LogOutputStream:75 - [STDERR_REDIRECT] [Fatal Error] :1:1: Premature end of file.
2026-04-29 17:04:44,526 [ERROR] LogOutputStream:75 - [STDERR_REDIRECT] 
2026-04-29 17:04:45,510 [ERROR] LogOutputStream:75 - [STDERR_REDIRECT] [Fatal Error] :1:1: Premature end of file.
2026-04-29 17:04:45,510 [ERROR] LogOutputStream:75 - [STDERR_REDIRECT] 
2026-04-29 17:04:46,511 [ERROR] LogOutputStream:75 - [STDERR_REDIRECT] [Fatal Error] :1:1: Premature end of file.
2026-04-29 17:04:46,511 [ERROR] LogOutputStream:75 - [STDERR_REDIRECT] 
2026-04-29 17:04:47,514 [ERROR] LogOutputStream:75 - [STDERR_REDIRECT] [Fatal Error] :1:1: Premature end of file.
2026-04-29 17:04:47,519 [ERROR] LogOutputStream:75 - [STDERR_REDIRECT] 
2026-04-29 17:04:48,520 [ERROR] LogOutputStream:75 - [STDERR_REDIRECT] [Fatal Error] :1:1: Premature end of file.
2026-04-29 17:04:48,520 [ERROR] LogOutputStream:75 - [STDERR_REDIRECT] 
2026-04-29 17:04:49,536 [ERROR] LogOutputStream:75 - [STDERR_REDIRECT] [Fatal Error] :1:1: Premature end of file.
2026-04-29 17:04:49,536 [ERROR] LogOutputStream:75 - [STDERR_REDIRECT] 
2026-04-29 17:04:50,511 [ERROR] LogOutputStream:75 - [STDERR_REDIRECT] [Fatal Error] :1:1: Premature end of file.
2026-04-29 17:04:50,511 [ERROR] LogOutputStream:75 - [STDERR_REDIRECT] 
2026-04-29 17:04:51,533 [ERROR] LogOutputStream:75 - [STDERR_REDIRECT] [Fatal Error] :1:1: Premature end of file.
2026-04-29 17:04:51,533 [ERROR] LogOutputStream:75 - [STDERR_REDIRECT] 
2026-04-29 17:04:52,510 [ERROR] LogOutputStream:75 - [STDERR_REDIRECT] [Fatal Error] :1:1: Premature end of file.
2026-04-29 17:04:52,510 [ERROR] LogOutputStream:75 - [STDERR_REDIRECT] 
2026-04-29 17:04:53,520 [ERROR] LogOutputStream:75 - [STDERR_REDIRECT] [Fatal Error] :1:1: Premature end of file.
2026-04-29 17:04:53,520 [ERROR] LogOutputStream:75 - [STDERR_REDIRECT] 
2026-04-29 17:04:54,520 [ERROR] LogOutputStream:75 - [STDERR_REDIRECT] [Fatal Error] :1:1: Premature end of file.
2026-04-29 17:04:54,520 [ERROR] LogOutputStream:75 - [STDERR_REDIRECT] 
2026-04-29 17:04:55,526 [ERROR] LogOutputStream:75 - [STDERR_REDIRECT] [Fatal Error] :1:1: Premature end of file.
2026-04-29 17:04:55,526 [ERROR] LogOutputStream:75 - [STDERR_REDIRECT] 
2026-04-29 17:04:56,518 [ERROR] LogOutputStream:75 - [STDERR_REDIRECT] [Fatal Error] :1:1: Premature end of file.
2026-04-29 17:04:56,518 [ERROR] LogOutputStream:75 - [STDERR_REDIRECT] 
2026-04-29 17:04:57,533 [ERROR] LogOutputStream:75 - [STDERR_REDIRECT] [Fatal Error] :1:1: Premature end of file.
2026-04-29 17:04:57,533 [ERROR] LogOutputStream:75 - [STDERR_REDIRECT] 
2026-04-29 17:04:58,514 [ERROR] LogOutputStream:75 - [STDERR_REDIRECT] [Fatal Error] :1:1: Premature end of file.
2026-04-29 17:04:58,514 [ERROR] LogOutputStream:75 - [STDERR_REDIRECT] 
2026-04-29 17:04:59,504 [ERROR] LogOutputStream:75 - [STDERR_REDIRECT] [Fatal Error] :1:1: Premature end of file.
2026-04-29 17:04:59,520 [ERROR] LogOutputStream:75 - [STDERR_REDIRECT] 
2026-04-29 17:05:00,509 [ERROR] LogOutputStream:75 - [STDERR_REDIRECT] [Fatal Error] :1:1: Premature end of file.
2026-04-29 17:05:00,509 [ERROR] LogOutputStream:75 - [STDERR_REDIRECT] 
2026-04-29 17:05:01,531 [ERROR] LogOutputStream:75 - [STDERR_REDIRECT] [Fatal Error] :1:1: Premature end of file.
2026-04-29 17:05:01,531 [ERROR] LogOutputStream:75 - [STDERR_REDIRECT] 
2026-04-29 17:05:02,519 [ERROR] LogOutputStream:75 - [STDERR_REDIRECT] [Fatal Error] :1:1: Premature end of file.
2026-04-29 17:05:02,526 [ERROR] LogOutputStream:75 - [STDERR_REDIRECT] 
2026-04-29 17:05:03,507 [ERROR] LogOutputStream:75 - [STDERR_REDIRECT] [Fatal Error] :1:1: Premature end of file.
2026-04-29 17:05:03,507 [ERROR] LogOutputStream:75 - [STDERR_REDIRECT] 
2026-04-29 17:05:04,519 [ERROR] LogOutputStream:75 - [STDERR_REDIRECT] [Fatal Error] :1:1: Premature end of file.
2026-04-29 17:05:04,519 [ERROR] LogOutputStream:75 - [STDERR_REDIRECT] 
2026-04-29 17:05:05,518 [ERROR] LogOutputStream:75 - [STDERR_REDIRECT] [Fatal Error] :1:1: Premature end of file.
2026-04-29 17:05:05,518 [ERROR] LogOutputStream:75 - [STDERR_REDIRECT] 
2026-04-29 17:05:06,518 [ERROR] LogOutputStream:75 - [STDERR_REDIRECT] [Fatal Error] :1:1: Premature end of file.
2026-04-29 17:05:06,518 [ERROR] LogOutputStream:75 - [STDERR_REDIRECT] 
2026-04-29 17:05:07,523 [ERROR] LogOutputStream:75 - [STDERR_REDIRECT] [Fatal Error] :1:1: Premature end of file.
2026-04-29 17:05:07,523 [ERROR] LogOutputStream:75 - [STDERR_REDIRECT] 
2026-04-29 17:05:08,522 [ERROR] LogOutputStream:75 - [STDERR_REDIRECT] [Fatal Error] :1:1: Premature end of file.
2026-04-29 17:05:08,522 [ERROR] LogOutputStream:75 - [STDERR_REDIRECT] 
2026-04-29 17:05:09,516 [ERROR] LogOutputStream:75 - [STDERR_REDIRECT] [Fatal Error] :1:1: Premature end of file.
2026-04-29 17:05:09,516 [ERROR] LogOutputStream:75 - [STDERR_REDIRECT] 
2026-04-29 17:05:10,514 [ERROR] LogOutputStream:75 - [STDERR_REDIRECT] [Fatal Error] :1:1: Premature end of file.
2026-04-29 17:05:10,514 [ERROR] LogOutputStream:75 - [STDERR_REDIRECT] 
2026-04-29 17:05:11,540 [ERROR] LogOutputStream:75 - [STDERR_REDIRECT] [Fatal Error] :1:1: Premature end of file.
2026-04-29 17:05:11,540 [ERROR] LogOutputStream:75 - [STDERR_REDIRECT] 
2026-04-29 17:05:12,520 [ERROR] LogOutputStream:75 - [STDERR_REDIRECT] [Fatal Error] :1:1: Premature end of file.
2026-04-29 17:05:12,520 [ERROR] LogOutputStream:75 - [STDERR_REDIRECT] 
2026-04-29 17:05:13,538 [ERROR] LogOutputStream:75 - [STDERR_REDIRECT] [Fatal Error] :1:1: Premature end of file.
2026-04-29 17:05:13,544 [ERROR] LogOutputStream:75 - [STDERR_REDIRECT] 
2026-04-29 17:05:14,508 [ERROR] LogOutputStream:75 - [STDERR_REDIRECT] [Fatal Error] :1:1: Premature end of file.
2026-04-29 17:05:14,508 [ERROR] LogOutputStream:75 - [STDERR_REDIRECT] 
2026-04-29 17:05:15,513 [ERROR] LogOutputStream:75 - [STDERR_REDIRECT] [Fatal Error] :1:1: Premature end of file.
2026-04-29 17:05:15,513 [ERROR] LogOutputStream:75 - [STDERR_REDIRECT] 
2026-04-29 17:05:16,520 [ERROR] LogOutputStream:75 - [STDERR_REDIRECT] [Fatal Error] :1:1: Premature end of file.
2026-04-29 17:05:16,520 [ERROR] LogOutputStream:75 - [STDERR_REDIRECT] 
2026-04-29 17:05:17,507 [ERROR] LogOutputStream:75 - [STDERR_REDIRECT] [Fatal Error] :1:1: Premature end of file.
2026-04-29 17:05:17,507 [ERROR] LogOutputStream:75 - [STDERR_REDIRECT] 
2026-04-29 17:05:18,519 [ERROR] LogOutputStream:75 - [STDERR_REDIRECT] [Fatal Error] :1:1: Premature end of file.
2026-04-29 17:05:18,519 [ERROR] LogOutputStream:75 - [STDERR_REDIRECT] 
2026-04-29 17:05:19,516 [ERROR] LogOutputStream:75 - [STDERR_REDIRECT] [Fatal Error] :1:1: Premature end of file.
2026-04-29 17:05:19,516 [ERROR] LogOutputStream:75 - [STDERR_REDIRECT] 
2026-04-29 17:05:20,515 [ERROR] LogOutputStream:75 - [STDERR_REDIRECT] [Fatal Error] :1:1: Premature end of file.
2026-04-29 17:05:20,515 [ERROR] LogOutputStream:75 - [STDERR_REDIRECT] 
2026-04-29 17:05:21,529 [ERROR] LogOutputStream:75 - [STDERR_REDIRECT] [Fatal Error] :1:1: Premature end of file.
2026-04-29 17:05:21,529 [ERROR] LogOutputStream:75 - [STDERR_REDIRECT] 
2026-04-29 17:05:22,517 [ERROR] LogOutputStream:75 - [STDERR_REDIRECT] [Fatal Error] :1:1: Premature end of file.
2026-04-29 17:05:22,517 [ERROR] LogOutputStream:75 - [STDERR_REDIRECT] 
2026-04-29 17:05:23,522 [ERROR] LogOutputStream:75 - [STDERR_REDIRECT] [Fatal Error] :1:1: Premature end of file.
2026-04-29 17:05:23,522 [ERROR] LogOutputStream:75 - [STDERR_REDIRECT] 
2026-04-29 17:05:24,511 [ERROR] LogOutputStream:75 - [STDERR_REDIRECT] [Fatal Error] :1:1: Premature end of file.
2026-04-29 17:05:24,511 [ERROR] LogOutputStream:75 - [STDERR_REDIRECT] 
2026-04-29 17:05:25,513 [ERROR] LogOutputStream:75 - [STDERR_REDIRECT] [Fatal Error] :1:1: Premature end of file.
2026-04-29 17:05:25,513 [ERROR] LogOutputStream:75 - [STDERR_REDIRECT] 
2026-04-29 17:05:26,507 [ERROR] LogOutputStream:75 - [STDERR_REDIRECT] [Fatal Error] :1:1: Premature end of file.
2026-04-29 17:05:26,507 [ERROR] LogOutputStream:75 - [STDERR_REDIRECT] 
2026-04-29 17:05:27,549 [ERROR] LogOutputStream:75 - [STDERR_REDIRECT] [Fatal Error] :1:1: Premature end of file.
2026-04-29 17:05:27,549 [ERROR] LogOutputStream:75 - [STDERR_REDIRECT] 
2026-04-29 17:05:28,521 [ERROR] LogOutputStream:75 - [STDERR_REDIRECT] [Fatal Error] :1:1: Premature end of file.
2026-04-29 17:05:28,521 [ERROR] LogOutputStream:75 - [STDERR_REDIRECT] 
2026-04-29 17:05:29,510 [ERROR] LogOutputStream:75 - [STDERR_REDIRECT] [Fatal Error] :1:1: Premature end of file.
2026-04-29 17:05:29,510 [ERROR] LogOutputStream:75 - [STDERR_REDIRECT] 
2026-04-29 17:05:30,514 [ERROR] LogOutputStream:75 - [STDERR_REDIRECT] [Fatal Error] :1:1: Premature end of file.
2026-04-29 17:05:30,514 [ERROR] LogOutputStream:75 - [STDERR_REDIRECT] 
2026-04-29 17:05:31,517 [ERROR] LogOutputStream:75 - [STDERR_REDIRECT] [Fatal Error] :1:1: Premature end of file.
2026-04-29 17:05:31,517 [ERROR] LogOutputStream:75 - [STDERR_REDIRECT] 
2026-04-29 17:05:32,525 [ERROR] LogOutputStream:75 - [STDERR_REDIRECT] [Fatal Error] :1:1: Premature end of file.
2026-04-29 17:05:32,525 [ERROR] LogOutputStream:75 - [STDERR_REDIRECT] 
2026-04-29 17:05:33,509 [ERROR] LogOutputStream:75 - [STDERR_REDIRECT] [Fatal Error] :1:1: Premature end of file.
2026-04-29 17:05:33,509 [ERROR] LogOutputStream:75 - [STDERR_REDIRECT] 
2026-04-29 17:05:34,516 [ERROR] LogOutputStream:75 - [STDERR_REDIRECT] [Fatal Error] :1:1: Premature end of file.
2026-04-29 17:05:34,516 [ERROR] LogOutputStream:75 - [STDERR_REDIRECT] 
2026-04-29 17:05:35,513 [ERROR] LogOutputStream:75 - [STDERR_REDIRECT] [Fatal Error] :1:1: Premature end of file.
2026-04-29 17:05:35,513 [ERROR] LogOutputStream:75 - [STDERR_REDIRECT] 
2026-04-29 17:05:36,518 [ERROR] LogOutputStream:75 - [STDERR_REDIRECT] [Fatal Error] :1:1: Premature end of file.
2026-04-29 17:05:36,518 [ERROR] LogOutputStream:75 - [STDERR_REDIRECT] 
2026-04-29 17:05:37,514 [ERROR] LogOutputStream:75 - [STDERR_REDIRECT] [Fatal Error] :1:1: Premature end of file.
2026-04-29 17:05:37,514 [ERROR] LogOutputStream:75 - [STDERR_REDIRECT] 
2026-04-29 17:05:38,511 [ERROR] LogOutputStream:75 - [STDERR_REDIRECT] [Fatal Error] :1:1: Premature end of file.
2026-04-29 17:05:38,511 [ERROR] LogOutputStream:75 - [STDERR_REDIRECT] 
2026-04-29 17:05:39,518 [ERROR] LogOutputStream:75 - [STDERR_REDIRECT] [Fatal Error] :1:1: Premature end of file.
2026-04-29 17:05:39,518 [ERROR] LogOutputStream:75 - [STDERR_REDIRECT] 
2026-04-29 17:05:40,508 [ERROR] LogOutputStream:75 - [STDERR_REDIRECT] [Fatal Error] :1:1: Premature end of file.
2026-04-29 17:05:40,508 [ERROR] LogOutputStream:75 - [STDERR_REDIRECT] 
2026-04-29 17:05:41,528 [ERROR] LogOutputStream:75 - [STDERR_REDIRECT] [Fatal Error] :1:1: Premature end of file.
2026-04-29 17:05:41,528 [ERROR] LogOutputStream:75 - [STDERR_REDIRECT] 
2026-04-29 17:05:42,516 [ERROR] LogOutputStream:75 - [STDERR_REDIRECT] [Fatal Error] :1:1: Premature end of file.
2026-04-29 17:05:42,516 [ERROR] LogOutputStream:75 - [STDERR_REDIRECT] 
2026-04-29 17:05:43,542 [ERROR] LogOutputStream:75 - [STDERR_REDIRECT] [Fatal Error] :1:1: Premature end of file.
2026-04-29 17:05:43,542 [ERROR] LogOutputStream:75 - [STDERR_REDIRECT] 
2026-04-29 17:05:44,521 [ERROR] LogOutputStream:75 - [STDERR_REDIRECT] [Fatal Error] :1:1: Premature end of file.
2026-04-29 17:05:44,521 [ERROR] LogOutputStream:75 - [STDERR_REDIRECT] 
2026-04-29 17:05:45,509 [ERROR] LogOutputStream:75 - [STDERR_REDIRECT] [Fatal Error] :1:1: Premature end of file.
2026-04-29 17:05:45,509 [ERROR] LogOutputStream:75 - [STDERR_REDIRECT] 
2026-04-29 17:05:46,512 [ERROR] LogOutputStream:75 - [STDERR_REDIRECT] [Fatal Error] :1:1: Premature end of file.
2026-04-29 17:05:46,512 [ERROR] LogOutputStream:75 - [STDERR_REDIRECT] 
2026-04-29 17:05:47,521 [ERROR] LogOutputStream:75 - [STDERR_REDIRECT] [Fatal Error] :1:1: Premature end of file.
2026-04-29 17:05:47,521 [ERROR] LogOutputStream:75 - [STDERR_REDIRECT] 
2026-04-29 17:05:48,522 [ERROR] LogOutputStream:75 - [STDERR_REDIRECT] [Fatal Error] :1:1: Premature end of file.
2026-04-29 17:05:48,522 [ERROR] LogOutputStream:75 - [STDERR_REDIRECT] 
2026-04-29 17:05:49,511 [ERROR] LogOutputStream:75 - [STDERR_REDIRECT] [Fatal Error] :1:1: Premature end of file.
2026-04-29 17:05:49,511 [ERROR] LogOutputStream:75 - [STDERR_REDIRECT] 
2026-04-29 17:05:50,510 [ERROR] LogOutputStream:75 - [STDERR_REDIRECT] [Fatal Error] :1:1: Premature end of file.
2026-04-29 17:05:50,510 [ERROR] LogOutputStream:75 - [STDERR_REDIRECT] 
2026-04-29 17:05:51,529 [ERROR] LogOutputStream:75 - [STDERR_REDIRECT] [Fatal Error] :1:1: Premature end of file.
2026-04-29 17:05:51,529 [ERROR] LogOutputStream:75 - [STDERR_REDIRECT] 
2026-04-29 17:05:52,518 [ERROR] LogOutputStream:75 - [STDERR_REDIRECT] [Fatal Error] :1:1: Premature end of file.
2026-04-29 17:05:52,518 [ERROR] LogOutputStream:75 - [STDERR_REDIRECT] 
2026-04-29 17:05:53,537 [ERROR] LogOutputStream:75 - [STDERR_REDIRECT] [Fatal Error] :1:1: Premature end of file.
2026-04-29 17:05:53,537 [ERROR] LogOutputStream:75 - [STDERR_REDIRECT] 
2026-04-29 17:05:54,511 [ERROR] LogOutputStream:75 - [STDERR_REDIRECT] [Fatal Error] :1:1: Premature end of file.
2026-04-29 17:05:54,511 [ERROR] LogOutputStream:75 - [STDERR_REDIRECT] 
2026-04-29 17:05:55,517 [ERROR] LogOutputStream:75 - [STDERR_REDIRECT] [Fatal Error] :1:1: Premature end of file.
2026-04-29 17:05:55,517 [ERROR] LogOutputStream:75 - [STDERR_REDIRECT] 
2026-04-29 17:05:56,519 [ERROR] LogOutputStream:75 - [STDERR_REDIRECT] [Fatal Error] :1:1: Premature end of file.
2026-04-29 17:05:56,519 [ERROR] LogOutputStream:75 - [STDERR_REDIRECT] 
2026-04-29 17:05:57,530 [ERROR] LogOutputStream:75 - [STDERR_REDIRECT] [Fatal Error] :1:1: Premature end of file.
2026-04-29 17:05:57,530 [ERROR] LogOutputStream:75 - [STDERR_REDIRECT] 
2026-04-29 17:05:58,510 [ERROR] LogOutputStream:75 - [STDERR_REDIRECT] [Fatal Error] :1:1: Premature end of file.
2026-04-29 17:05:58,510 [ERROR] LogOutputStream:75 - [STDERR_REDIRECT] 
2026-04-29 17:05:59,511 [ERROR] LogOutputStream:75 - [STDERR_REDIRECT] [Fatal Error] :1:1: Premature end of file.
2026-04-29 17:05:59,511 [ERROR] LogOutputStream:75 - [STDERR_REDIRECT] 
2026-04-29 17:06:00,509 [ERROR] LogOutputStream:75 - [STDERR_REDIRECT] [Fatal Error] :1:1: Premature end of file.
2026-04-29 17:06:00,509 [ERROR] LogOutputStream:75 - [STDERR_REDIRECT] 
2026-04-29 17:06:01,521 [ERROR] LogOutputStream:75 - [STDERR_REDIRECT] [Fatal Error] :1:1: Premature end of file.
2026-04-29 17:06:01,521 [ERROR] LogOutputStream:75 - [STDERR_REDIRECT] 
2026-04-29 17:06:02,498 [ERROR] LogOutputStream:75 - [STDERR_REDIRECT] [Fatal Error] :1:1: Premature end of file.
2026-04-29 17:06:02,498 [ERROR] LogOutputStream:75 - [STDERR_REDIRECT] 
2026-04-29 17:06:03,519 [ERROR] LogOutputStream:75 - [STDERR_REDIRECT] [Fatal Error] :1:1: Premature end of file.
2026-04-29 17:06:03,519 [ERROR] LogOutputStream:75 - [STDERR_REDIRECT] 
2026-04-29 17:06:04,511 [ERROR] LogOutputStream:75 - [STDERR_REDIRECT] [Fatal Error] :1:1: Premature end of file.
2026-04-29 17:06:04,511 [ERROR] LogOutputStream:75 - [STDERR_REDIRECT] 
2026-04-29 17:06:05,523 [ERROR] LogOutputStream:75 - [STDERR_REDIRECT] [Fatal Error] :1:1: Premature end of file.
2026-04-29 17:06:05,523 [ERROR] LogOutputStream:75 - [STDERR_REDIRECT] 
2026-04-29 17:06:06,509 [ERROR] LogOutputStream:75 - [STDERR_REDIRECT] [Fatal Error] :1:1: Premature end of file.
2026-04-29 17:06:06,509 [ERROR] LogOutputStream:75 - [STDERR_REDIRECT] 
2026-04-29 17:06:07,498 [ERROR] LogOutputStream:75 - [STDERR_REDIRECT] [Fatal Error] :1:1: Premature end of file.
2026-04-29 17:06:07,498 [ERROR] LogOutputStream:75 - [STDERR_REDIRECT] 
2026-04-29 17:06:08,501 [ERROR] LogOutputStream:75 - [STDERR_REDIRECT] [Fatal Error] :1:1: Premature end of file.
2026-04-29 17:06:08,501 [ERROR] LogOutputStream:75 - [STDERR_REDIRECT] 
2026-04-29 17:06:09,508 [ERROR] LogOutputStream:75 - [STDERR_REDIRECT] [Fatal Error] :1:1: Premature end of file.
2026-04-29 17:06:09,508 [ERROR] LogOutputStream:75 - [STDERR_REDIRECT] 
2026-04-29 17:06:10,513 [ERROR] LogOutputStream:75 - [STDERR_REDIRECT] [Fatal Error] :1:1: Premature end of file.
2026-04-29 17:06:10,513 [ERROR] LogOutputStream:75 - [STDERR_REDIRECT] 
2026-04-29 17:06:11,532 [ERROR] LogOutputStream:75 - [STDERR_REDIRECT] [Fatal Error] :1:1: Premature end of file.
2026-04-29 17:06:11,532 [ERROR] LogOutputStream:75 - [STDERR_REDIRECT] 
2026-04-29 17:06:12,520 [ERROR] LogOutputStream:75 - [STDERR_REDIRECT] [Fatal Error] :1:1: Premature end of file.
2026-04-29 17:06:12,520 [ERROR] LogOutputStream:75 - [STDERR_REDIRECT] 
2026-04-29 17:06:13,510 [ERROR] LogOutputStream:75 - [STDERR_REDIRECT] [Fatal Error] :1:1: Premature end of file.
2026-04-29 17:06:13,510 [ERROR] LogOutputStream:75 - [STDERR_REDIRECT] 
2026-04-29 17:06:14,522 [ERROR] LogOutputStream:75 - [STDERR_REDIRECT] [Fatal Error] :1:1: Premature end of file.
2026-04-29 17:06:14,522 [ERROR] LogOutputStream:75 - [STDERR_REDIRECT] 
2026-04-29 17:06:15,523 [ERROR] LogOutputStream:75 - [STDERR_REDIRECT] [Fatal Error] :1:1: Premature end of file.
2026-04-29 17:06:15,523 [ERROR] LogOutputStream:75 - [STDERR_REDIRECT] 
2026-04-29 17:06:16,521 [ERROR] LogOutputStream:75 - [STDERR_REDIRECT] [Fatal Error] :1:1: Premature end of file.
2026-04-29 17:06:16,521 [ERROR] LogOutputStream:75 - [STDERR_REDIRECT] 
2026-04-29 17:06:17,509 [ERROR] LogOutputStream:75 - [STDERR_REDIRECT] [Fatal Error] :1:1: Premature end of file.
2026-04-29 17:06:17,509 [ERROR] LogOutputStream:75 - [STDERR_REDIRECT] 
2026-04-29 17:06:18,518 [ERROR] LogOutputStream:75 - [STDERR_REDIRECT] [Fatal Error] :1:1: Premature end of file.
2026-04-29 17:06:18,518 [ERROR] LogOutputStream:75 - [STDERR_REDIRECT] 
2026-04-29 17:06:19,517 [ERROR] LogOutputStream:75 - [STDERR_REDIRECT] [Fatal Error] :1:1: Premature end of file.
2026-04-29 17:06:19,517 [ERROR] LogOutputStream:75 - [STDERR_REDIRECT] 
2026-04-29 17:06:20,513 [ERROR] LogOutputStream:75 - [STDERR_REDIRECT] [Fatal Error] :1:1: Premature end of file.
2026-04-29 17:06:20,513 [ERROR] LogOutputStream:75 - [STDERR_REDIRECT] 
2026-04-29 17:06:21,532 [ERROR] LogOutputStream:75 - [STDERR_REDIRECT] [Fatal Error] :1:1: Premature end of file.
2026-04-29 17:06:21,532 [ERROR] LogOutputStream:75 - [STDERR_REDIRECT] 
2026-04-29 17:06:22,521 [ERROR] LogOutputStream:75 - [STDERR_REDIRECT] [Fatal Error] :1:1: Premature end of file.
2026-04-29 17:06:22,521 [ERROR] LogOutputStream:75 - [STDERR_REDIRECT] 
2026-04-29 17:06:23,509 [ERROR] LogOutputStream:75 - [STDERR_REDIRECT] [Fatal Error] :1:1: Premature end of file.
2026-04-29 17:06:23,509 [ERROR] LogOutputStream:75 - [STDERR_REDIRECT] 
2026-04-29 17:06:24,511 [ERROR] LogOutputStream:75 - [STDERR_REDIRECT] [Fatal Error] :1:1: Premature end of file.
2026-04-29 17:06:24,511 [ERROR] LogOutputStream:75 - [STDERR_REDIRECT] 
2026-04-29 17:06:25,532 [ERROR] LogOutputStream:75 - [STDERR_REDIRECT] [Fatal Error] :1:1: Premature end of file.
2026-04-29 17:06:25,532 [ERROR] LogOutputStream:75 - [STDERR_REDIRECT] 
2026-04-29 17:06:26,519 [ERROR] LogOutputStream:75 - [STDERR_REDIRECT] [Fatal Error] :1:1: Premature end of file.
2026-04-29 17:06:26,519 [ERROR] LogOutputStream:75 - [STDERR_REDIRECT] 
2026-04-29 17:06:27,508 [ERROR] LogOutputStream:75 - [STDERR_REDIRECT] [Fatal Error] :1:1: Premature end of file.
2026-04-29 17:06:27,508 [ERROR] LogOutputStream:75 - [STDERR_REDIRECT] 
2026-04-29 17:06:28,515 [ERROR] LogOutputStream:75 - [STDERR_REDIRECT] [Fatal Error] :1:1: Premature end of file.
2026-04-29 17:06:28,515 [ERROR] LogOutputStream:75 - [STDERR_REDIRECT] 
2026-04-29 17:06:29,504 [ERROR] LogOutputStream:75 - [STDERR_REDIRECT] [Fatal Error] :1:1: Premature end of file.
2026-04-29 17:06:29,504 [ERROR] LogOutputStream:75 - [STDERR_REDIRECT] 
2026-04-29 17:06:30,507 [ERROR] LogOutputStream:75 - [STDERR_REDIRECT] [Fatal Error] :1:1: Premature end of file.
2026-04-29 17:06:30,507 [ERROR] LogOutputStream:75 - [STDERR_REDIRECT] 
2026-04-29 17:06:31,531 [ERROR] LogOutputStream:75 - [STDERR_REDIRECT] [Fatal Error] :1:1: Premature end of file.
2026-04-29 17:06:31,531 [ERROR] LogOutputStream:75 - [STDERR_REDIRECT] 
2026-04-29 17:06:32,511 [ERROR] LogOutputStream:75 - [STDERR_REDIRECT] [Fatal Error] :1:1: Premature end of file.
2026-04-29 17:06:32,511 [ERROR] LogOutputStream:75 - [STDERR_REDIRECT] 
2026-04-29 17:06:33,538 [ERROR] LogOutputStream:75 - [STDERR_REDIRECT] [Fatal Error] :1:1: Premature end of file.
2026-04-29 17:06:33,538 [ERROR] LogOutputStream:75 - [STDERR_REDIRECT] 
2026-04-29 17:06:34,512 [ERROR] LogOutputStream:75 - [STDERR_REDIRECT] [Fatal Error] :1:1: Premature end of file.
2026-04-29 17:06:34,512 [ERROR] LogOutputStream:75 - [STDERR_REDIRECT] 
2026-04-29 17:06:35,519 [ERROR] LogOutputStream:75 - [STDERR_REDIRECT] [Fatal Error] :1:1: Premature end of file.
2026-04-29 17:06:35,519 [ERROR] LogOutputStream:75 - [STDERR_REDIRECT] 
2026-04-29 17:06:36,516 [ERROR] LogOutputStream:75 - [STDERR_REDIRECT] [Fatal Error] :1:1: Premature end of file.
2026-04-29 17:06:36,516 [ERROR] LogOutputStream:75 - [STDERR_REDIRECT] 
2026-04-29 17:06:37,536 [ERROR] LogOutputStream:75 - [STDERR_REDIRECT] [Fatal Error] :1:1: Premature end of file.
2026-04-29 17:06:37,537 [ERROR] LogOutputStream:75 - [STDERR_REDIRECT] 
2026-04-29 17:06:38,526 [ERROR] LogOutputStream:75 - [STDERR_REDIRECT] [Fatal Error] :1:1: Premature end of file.
2026-04-29 17:06:38,526 [ERROR] LogOutputStream:75 - [STDERR_REDIRECT] 
2026-04-29 17:06:39,519 [ERROR] LogOutputStream:75 - [STDERR_REDIRECT] [Fatal Error] :1:1: Premature end of file.
2026-04-29 17:06:39,519 [ERROR] LogOutputStream:75 - [STDERR_REDIRECT] 
2026-04-29 17:06:40,526 [ERROR] LogOutputStream:75 - [STDERR_REDIRECT] [Fatal Error] :1:1: Premature end of file.
2026-04-29 17:06:40,526 [ERROR] LogOutputStream:75 - [STDERR_REDIRECT] 
2026-04-29 17:06:41,519 [ERROR] LogOutputStream:75 - [STDERR_REDIRECT] [Fatal Error] :1:1: Premature end of file.
2026-04-29 17:06:41,519 [ERROR] LogOutputStream:75 - [STDERR_REDIRECT] 
2026-04-29 17:06:42,522 [ERROR] LogOutputStream:75 - [STDERR_REDIRECT] [Fatal Error] :1:1: Premature end of file.
2026-04-29 17:06:42,522 [ERROR] LogOutputStream:75 - [STDERR_REDIRECT] 
2026-04-29 17:06:43,520 [ERROR] LogOutputStream:75 - [STDERR_REDIRECT] [Fatal Error] :1:1: Premature end of file.
2026-04-29 17:06:43,520 [ERROR] LogOutputStream:75 - [STDERR_REDIRECT] 
2026-04-29 17:06:44,508 [ERROR] LogOutputStream:75 - [STDERR_REDIRECT] [Fatal Error] :1:1: Premature end of file.
2026-04-29 17:06:44,508 [ERROR] LogOutputStream:75 - [STDERR_REDIRECT] 
2026-04-29 17:06:45,512 [ERROR] LogOutputStream:75 - [STDERR_REDIRECT] [Fatal Error] :1:1: Premature end of file.
2026-04-29 17:06:45,512 [ERROR] LogOutputStream:75 - [STDERR_REDIRECT] 
2026-04-29 17:06:46,516 [ERROR] LogOutputStream:75 - [STDERR_REDIRECT] [Fatal Error] :1:1: Premature end of file.
2026-04-29 17:06:46,516 [ERROR] LogOutputStream:75 - [STDERR_REDIRECT] 
2026-04-29 17:06:47,535 [ERROR] LogOutputStream:75 - [STDERR_REDIRECT] [Fatal Error] :1:1: Premature end of file.
2026-04-29 17:06:47,535 [ERROR] LogOutputStream:75 - [STDERR_REDIRECT] 
2026-04-29 17:06:48,530 [ERROR] LogOutputStream:75 - [STDERR_REDIRECT] [Fatal Error] :1:1: Premature end of file.
2026-04-29 17:06:48,530 [ERROR] LogOutputStream:75 - [STDERR_REDIRECT] 
2026-04-29 17:06:49,525 [ERROR] LogOutputStream:75 - [STDERR_REDIRECT] [Fatal Error] :1:1: Premature end of file.
2026-04-29 17:06:49,525 [ERROR] LogOutputStream:75 - [STDERR_REDIRECT] 
2026-04-29 17:06:50,533 [ERROR] LogOutputStream:75 - [STDERR_REDIRECT] [Fatal Error] :1:1: Premature end of file.
2026-04-29 17:06:50,533 [ERROR] LogOutputStream:75 - [STDERR_REDIRECT] 
2026-04-29 17:06:51,524 [ERROR] LogOutputStream:75 - [STDERR_REDIRECT] [Fatal Error] :1:1: Premature end of file.
2026-04-29 17:06:51,531 [ERROR] LogOutputStream:75 - [STDERR_REDIRECT] 
2026-04-29 17:06:52,522 [ERROR] LogOutputStream:75 - [STDERR_REDIRECT] [Fatal Error] :1:1: Premature end of file.
2026-04-29 17:06:52,522 [ERROR] LogOutputStream:75 - [STDERR_REDIRECT] 
2026-04-29 17:06:53,495 [ERROR] LogOutputStream:75 - [STDERR_REDIRECT] [Fatal Error] :1:1: Premature end of file.
2026-04-29 17:06:53,508 [ERROR] LogOutputStream:75 - [STDERR_REDIRECT] 
2026-04-29 17:06:54,513 [ERROR] LogOutputStream:75 - [STDERR_REDIRECT] [Fatal Error] :1:1: Premature end of file.
2026-04-29 17:06:54,513 [ERROR] LogOutputStream:75 - [STDERR_REDIRECT] 
2026-04-29 17:06:55,516 [ERROR] LogOutputStream:75 - [STDERR_REDIRECT] [Fatal Error] :1:1: Premature end of file.
2026-04-29 17:06:55,524 [ERROR] LogOutputStream:75 - [STDERR_REDIRECT] 
2026-04-29 17:06:56,523 [ERROR] LogOutputStream:75 - [STDERR_REDIRECT] [Fatal Error] :1:1: Premature end of file.
2026-04-29 17:06:56,523 [ERROR] LogOutputStream:75 - [STDERR_REDIRECT] 
2026-04-29 17:06:57,494 [ERROR] LogOutputStream:75 - [STDERR_REDIRECT] [Fatal Error] :1:1: Premature end of file.
2026-04-29 17:06:57,494 [ERROR] LogOutputStream:75 - [STDERR_REDIRECT] 
2026-04-29 17:06:58,513 [ERROR] LogOutputStream:75 - [STDERR_REDIRECT] [Fatal Error] :1:1: Premature end of file.
2026-04-29 17:06:58,513 [ERROR] LogOutputStream:75 - [STDERR_REDIRECT] 
2026-04-29 17:06:59,516 [ERROR] LogOutputStream:75 - [STDERR_REDIRECT] [Fatal Error] :1:1: Premature end of file.
2026-04-29 17:06:59,516 [ERROR] LogOutputStream:75 - [STDERR_REDIRECT] 
2026-04-29 17:07:00,515 [ERROR] LogOutputStream:75 - [STDERR_REDIRECT] [Fatal Error] :1:1: Premature end of file.
2026-04-29 17:07:00,515 [ERROR] LogOutputStream:75 - [STDERR_REDIRECT] 
2026-04-29 17:07:01,534 [ERROR] LogOutputStream:75 - [STDERR_REDIRECT] [Fatal Error] :1:1: Premature end of file.
2026-04-29 17:07:01,534 [ERROR] LogOutputStream:75 - [STDERR_REDIRECT] 
2026-04-29 17:07:02,507 [ERROR] LogOutputStream:75 - [STDERR_REDIRECT] [Fatal Error] :1:1: Premature end of file.
2026-04-29 17:07:02,507 [ERROR] LogOutputStream:75 - [STDERR_REDIRECT] 
2026-04-29 17:07:03,510 [ERROR] LogOutputStream:75 - [STDERR_REDIRECT] [Fatal Error] :1:1: Premature end of file.
2026-04-29 17:07:03,510 [ERROR] LogOutputStream:75 - [STDERR_REDIRECT] 
2026-04-29 17:07:04,512 [ERROR] LogOutputStream:75 - [STDERR_REDIRECT] [Fatal Error] :1:1: Premature end of file.
2026-04-29 17:07:04,512 [ERROR] LogOutputStream:75 - [STDERR_REDIRECT] 
2026-04-29 17:07:05,499 [ERROR] LogOutputStream:75 - [STDERR_REDIRECT] [Fatal Error] :1:1: Premature end of file.
2026-04-29 17:07:05,499 [ERROR] LogOutputStream:75 - [STDERR_REDIRECT] 
2026-04-29 17:07:06,521 [ERROR] LogOutputStream:75 - [STDERR_REDIRECT] [Fatal Error] :1:1: Premature end of file.
2026-04-29 17:07:06,521 [ERROR] LogOutputStream:75 - [STDERR_REDIRECT] 
2026-04-29 17:07:07,516 [ERROR] LogOutputStream:75 - [STDERR_REDIRECT] [Fatal Error] :1:1: Premature end of file.
2026-04-29 17:07:07,516 [ERROR] LogOutputStream:75 - [STDERR_REDIRECT] 
2026-04-29 17:07:08,522 [ERROR] LogOutputStream:75 - [STDERR_REDIRECT] [Fatal Error] :1:1: Premature end of file.
2026-04-29 17:07:08,522 [ERROR] LogOutputStream:75 - [STDERR_REDIRECT] 
2026-04-29 17:07:09,524 [ERROR] LogOutputStream:75 - [STDERR_REDIRECT] [Fatal Error] :1:1: Premature end of file.
2026-04-29 17:07:09,525 [ERROR] LogOutputStream:75 - [STDERR_REDIRECT] 
2026-04-29 17:07:10,481 [ERROR] LogOutputStream:75 - [STDERR_REDIRECT] [Fatal Error] :1:1: Premature end of file.
2026-04-29 17:07:10,481 [ERROR] LogOutputStream:75 - [STDERR_REDIRECT] 
2026-04-29 17:07:11,529 [ERROR] LogOutputStream:75 - [STDERR_REDIRECT] [Fatal Error] :1:1: Premature end of file.
2026-04-29 17:07:11,533 [ERROR] LogOutputStream:75 - [STDERR_REDIRECT] 
2026-04-29 17:07:12,514 [ERROR] LogOutputStream:75 - [STDERR_REDIRECT] [Fatal Error] :1:1: Premature end of file.
2026-04-29 17:07:12,514 [ERROR] LogOutputStream:75 - [STDERR_REDIRECT] 
2026-04-29 17:07:13,509 [ERROR] LogOutputStream:75 - [STDERR_REDIRECT] [Fatal Error] :1:1: Premature end of file.
2026-04-29 17:07:13,509 [ERROR] LogOutputStream:75 - [STDERR_REDIRECT] 
2026-04-29 17:07:14,516 [ERROR] LogOutputStream:75 - [STDERR_REDIRECT] [Fatal Error] :1:1: Premature end of file.
2026-04-29 17:07:14,516 [ERROR] LogOutputStream:75 - [STDERR_REDIRECT] 
2026-04-29 17:07:15,513 [ERROR] LogOutputStream:75 - [STDERR_REDIRECT] [Fatal Error] :1:1: Premature end of file.
2026-04-29 17:07:15,513 [ERROR] LogOutputStream:75 - [STDERR_REDIRECT] 
2026-04-29 17:07:16,517 [ERROR] LogOutputStream:75 - [STDERR_REDIRECT] [Fatal Error] :1:1: Premature end of file.
2026-04-29 17:07:16,517 [ERROR] LogOutputStream:75 - [STDERR_REDIRECT] 
2026-04-29 17:07:17,522 [ERROR] LogOutputStream:75 - [STDERR_REDIRECT] [Fatal Error] :1:1: Premature end of file.
2026-04-29 17:07:17,522 [ERROR] LogOutputStream:75 - [STDERR_REDIRECT] 
2026-04-29 17:07:18,522 [ERROR] LogOutputStream:75 - [STDERR_REDIRECT] [Fatal Error] :1:1: Premature end of file.
2026-04-29 17:07:18,522 [ERROR] LogOutputStream:75 - [STDERR_REDIRECT] 
2026-04-29 17:07:19,511 [ERROR] LogOutputStream:75 - [STDERR_REDIRECT] [Fatal Error] :1:1: Premature end of file.
2026-04-29 17:07:19,511 [ERROR] LogOutputStream:75 - [STDERR_REDIRECT] 
2026-04-29 17:07:20,519 [ERROR] LogOutputStream:75 - [STDERR_REDIRECT] [Fatal Error] :1:1: Premature end of file.
2026-04-29 17:07:20,519 [ERROR] LogOutputStream:75 - [STDERR_REDIRECT] 
2026-04-29 17:07:21,523 [ERROR] LogOutputStream:75 - [STDERR_REDIRECT] [Fatal Error] :1:1: Premature end of file.
2026-04-29 17:07:21,523 [ERROR] LogOutputStream:75 - [STDERR_REDIRECT] 
2026-04-29 17:07:22,509 [ERROR] LogOutputStream:75 - [STDERR_REDIRECT] [Fatal Error] :1:1: Premature end of file.
2026-04-29 17:07:22,509 [ERROR] LogOutputStream:75 - [STDERR_REDIRECT] 
2026-04-29 17:07:23,513 [ERROR] LogOutputStream:75 - [STDERR_REDIRECT] [Fatal Error] :1:1: Premature end of file.
2026-04-29 17:07:23,513 [ERROR] LogOutputStream:75 - [STDERR_REDIRECT] 
2026-04-29 17:07:24,518 [ERROR] LogOutputStream:75 - [STDERR_REDIRECT] [Fatal Error] :1:1: Premature end of file.
2026-04-29 17:07:24,518 [ERROR] LogOutputStream:75 - [STDERR_REDIRECT] 
2026-04-29 17:07:25,505 [ERROR] LogOutputStream:75 - [STDERR_REDIRECT] [Fatal Error] :1:1: Premature end of file.
2026-04-29 17:07:25,505 [ERROR] LogOutputStream:75 - [STDERR_REDIRECT] 
2026-04-29 17:07:26,507 [ERROR] LogOutputStream:75 - [STDERR_REDIRECT] [Fatal Error] :1:1: Premature end of file.
2026-04-29 17:07:26,519 [ERROR] LogOutputStream:75 - [STDERR_REDIRECT] 
2026-04-29 17:07:27,508 [ERROR] LogOutputStream:75 - [STDERR_REDIRECT] [Fatal Error] :1:1: Premature end of file.
2026-04-29 17:07:27,508 [ERROR] LogOutputStream:75 - [STDERR_REDIRECT] 
2026-04-29 17:07:28,526 [ERROR] LogOutputStream:75 - [STDERR_REDIRECT] [Fatal Error] :1:1: Premature end of file.
2026-04-29 17:07:28,526 [ERROR] LogOutputStream:75 - [STDERR_REDIRECT] 
2026-04-29 17:07:29,514 [ERROR] LogOutputStream:75 - [STDERR_REDIRECT] [Fatal Error] :1:1: Premature end of file.
2026-04-29 17:07:29,514 [ERROR] LogOutputStream:75 - [STDERR_REDIRECT] 
2026-04-29 17:07:30,534 [ERROR] LogOutputStream:75 - [STDERR_REDIRECT] [Fatal Error] :1:1: Premature end of file.
2026-04-29 17:07:30,534 [ERROR] LogOutputStream:75 - [STDERR_REDIRECT] 
2026-04-29 17:07:31,491 [ERROR] LogOutputStream:75 - [STDERR_REDIRECT] [Fatal Error] :1:1: Premature end of file.
2026-04-29 17:07:31,491 [ERROR] LogOutputStream:75 - [STDERR_REDIRECT] 
2026-04-29 17:07:32,510 [ERROR] LogOutputStream:75 - [STDERR_REDIRECT] [Fatal Error] :1:1: Premature end of file.
2026-04-29 17:07:32,510 [ERROR] LogOutputStream:75 - [STDERR_REDIRECT] 
2026-04-29 17:07:33,515 [ERROR] LogOutputStream:75 - [STDERR_REDIRECT] [Fatal Error] :1:1: Premature end of file.
2026-04-29 17:07:33,515 [ERROR] LogOutputStream:75 - [STDERR_REDIRECT] 
2026-04-29 17:07:34,509 [ERROR] LogOutputStream:75 - [STDERR_REDIRECT] [Fatal Error] :1:1: Premature end of file.
2026-04-29 17:07:34,509 [ERROR] LogOutputStream:75 - [STDERR_REDIRECT] 
2026-04-29 17:07:35,518 [ERROR] LogOutputStream:75 - [STDERR_REDIRECT] [Fatal Error] :1:1: Premature end of file.
2026-04-29 17:07:35,518 [ERROR] LogOutputStream:75 - [STDERR_REDIRECT] 
2026-04-29 17:07:36,521 [ERROR] LogOutputStream:75 - [STDERR_REDIRECT] [Fatal Error] :1:1: Premature end of file.
2026-04-29 17:07:36,521 [ERROR] LogOutputStream:75 - [STDERR_REDIRECT] 
2026-04-29 17:07:37,509 [ERROR] LogOutputStream:75 - [STDERR_REDIRECT] [Fatal Error] :1:1: Premature end of file.
2026-04-29 17:07:37,509 [ERROR] LogOutputStream:75 - [STDERR_REDIRECT] 
2026-04-29 17:07:38,522 [ERROR] LogOutputStream:75 - [STDERR_REDIRECT] [Fatal Error] :1:1: Premature end of file.
2026-04-29 17:07:38,522 [ERROR] LogOutputStream:75 - [STDERR_REDIRECT] 
2026-04-29 17:07:39,510 [ERROR] LogOutputStream:75 - [STDERR_REDIRECT] [Fatal Error] :1:1: Premature end of file.
2026-04-29 17:07:39,510 [ERROR] LogOutputStream:75 - [STDERR_REDIRECT] 
2026-04-29 17:07:40,513 [ERROR] LogOutputStream:75 - [STDERR_REDIRECT] [Fatal Error] :1:1: Premature end of file.
2026-04-29 17:07:40,513 [ERROR] LogOutputStream:75 - [STDERR_REDIRECT] 
2026-04-29 17:07:41,513 [ERROR] LogOutputStream:75 - [STDERR_REDIRECT] [Fatal Error] :1:1: Premature end of file.
2026-04-29 17:07:41,513 [ERROR] LogOutputStream:75 - [STDERR_REDIRECT] 
2026-04-29 17:07:42,518 [ERROR] LogOutputStream:75 - [STDERR_REDIRECT] [Fatal Error] :1:1: Premature end of file.
2026-04-29 17:07:42,518 [ERROR] LogOutputStream:75 - [STDERR_REDIRECT] 
2026-04-29 17:07:43,509 [ERROR] LogOutputStream:75 - [STDERR_REDIRECT] [Fatal Error] :1:1: Premature end of file.
2026-04-29 17:07:43,509 [ERROR] LogOutputStream:75 - [STDERR_REDIRECT] 
2026-04-29 17:07:44,513 [ERROR] LogOutputStream:75 - [STDERR_REDIRECT] [Fatal Error] :1:1: Premature end of file.
2026-04-29 17:07:44,513 [ERROR] LogOutputStream:75 - [STDERR_REDIRECT] 
2026-04-29 17:07:45,513 [ERROR] LogOutputStream:75 - [STDERR_REDIRECT] [Fatal Error] :1:1: Premature end of file.
2026-04-29 17:07:45,513 [ERROR] LogOutputStream:75 - [STDERR_REDIRECT] 
2026-04-29 17:07:46,523 [ERROR] LogOutputStream:75 - [STDERR_REDIRECT] [Fatal Error] :1:1: Premature end of file.
2026-04-29 17:07:46,523 [ERROR] LogOutputStream:75 - [STDERR_REDIRECT] 
2026-04-29 17:07:47,512 [ERROR] LogOutputStream:75 - [STDERR_REDIRECT] [Fatal Error] :1:1: Premature end of file.
2026-04-29 17:07:47,512 [ERROR] LogOutputStream:75 - [STDERR_REDIRECT] 
2026-04-29 17:07:48,517 [ERROR] LogOutputStream:75 - [STDERR_REDIRECT] [Fatal Error] :1:1: Premature end of file.
2026-04-29 17:07:48,517 [ERROR] LogOutputStream:75 - [STDERR_REDIRECT] 
2026-04-29 17:07:49,512 [ERROR] LogOutputStream:75 - [STDERR_REDIRECT] [Fatal Error] :1:1: Premature end of file.
2026-04-29 17:07:49,512 [ERROR] LogOutputStream:75 - [STDERR_REDIRECT] 
2026-04-29 17:07:50,514 [ERROR] LogOutputStream:75 - [STDERR_REDIRECT] [Fatal Error] :1:1: Premature end of file.
2026-04-29 17:07:50,514 [ERROR] LogOutputStream:75 - [STDERR_REDIRECT] 
2026-04-29 17:07:51,521 [ERROR] LogOutputStream:75 - [STDERR_REDIRECT] [Fatal Error] :1:1: Premature end of file.
2026-04-29 17:07:51,521 [ERROR] LogOutputStream:75 - [STDERR_REDIRECT] 
2026-04-29 17:07:52,528 [ERROR] LogOutputStream:75 - [STDERR_REDIRECT] [Fatal Error] :1:1: Premature end of file.
2026-04-29 17:07:52,528 [ERROR] LogOutputStream:75 - [STDERR_REDIRECT] 
2026-04-29 17:07:53,516 [ERROR] LogOutputStream:75 - [STDERR_REDIRECT] [Fatal Error] :1:1: Premature end of file.
2026-04-29 17:07:53,516 [ERROR] LogOutputStream:75 - [STDERR_REDIRECT] 
2026-04-29 17:07:54,512 [ERROR] LogOutputStream:75 - [STDERR_REDIRECT] [Fatal Error] :1:1: Premature end of file.
2026-04-29 17:07:54,512 [ERROR] LogOutputStream:75 - [STDERR_REDIRECT] 
2026-04-29 17:07:55,516 [ERROR] LogOutputStream:75 - [STDERR_REDIRECT] [Fatal Error] :1:1: Premature end of file.
2026-04-29 17:07:55,517 [ERROR] LogOutputStream:75 - [STDERR_REDIRECT] 
2026-04-29 17:07:56,507 [ERROR] LogOutputStream:75 - [STDERR_REDIRECT] [Fatal Error] :1:1: Premature end of file.
2026-04-29 17:07:56,508 [ERROR] LogOutputStream:75 - [STDERR_REDIRECT] 
2026-04-29 17:07:57,521 [ERROR] LogOutputStream:75 - [STDERR_REDIRECT] [Fatal Error] :1:1: Premature end of file.
2026-04-29 17:07:57,521 [ERROR] LogOutputStream:75 - [STDERR_REDIRECT] 
2026-04-29 17:07:58,515 [ERROR] LogOutputStream:75 - [STDERR_REDIRECT] [Fatal Error] :1:1: Premature end of file.
2026-04-29 17:07:58,515 [ERROR] LogOutputStream:75 - [STDERR_REDIRECT] 
2026-04-29 17:07:59,517 [ERROR] LogOutputStream:75 - [STDERR_REDIRECT] [Fatal Error] :1:1: Premature end of file.
2026-04-29 17:07:59,522 [ERROR] LogOutputStream:75 - [STDERR_REDIRECT] 
2026-04-29 17:08:00,520 [ERROR] LogOutputStream:75 - [STDERR_REDIRECT] [Fatal Error] :1:1: Premature end of file.
2026-04-29 17:08:00,520 [ERROR] LogOutputStream:75 - [STDERR_REDIRECT] 
2026-04-29 17:08:01,514 [ERROR] LogOutputStream:75 - [STDERR_REDIRECT] [Fatal Error] :1:1: Premature end of file.
2026-04-29 17:08:01,514 [ERROR] LogOutputStream:75 - [STDERR_REDIRECT] 
2026-04-29 17:08:02,508 [ERROR] LogOutputStream:75 - [STDERR_REDIRECT] [Fatal Error] :1:1: Premature end of file.
2026-04-29 17:08:02,508 [ERROR] LogOutputStream:75 - [STDERR_REDIRECT] 
2026-04-29 17:08:03,513 [ERROR] LogOutputStream:75 - [STDERR_REDIRECT] [Fatal Error] :1:1: Premature end of file.
2026-04-29 17:08:03,513 [ERROR] LogOutputStream:75 - [STDERR_REDIRECT] 
2026-04-29 17:08:04,510 [ERROR] LogOutputStream:75 - [STDERR_REDIRECT] [Fatal Error] :1:1: Premature end of file.
2026-04-29 17:08:04,510 [ERROR] LogOutputStream:75 - [STDERR_REDIRECT] 
2026-04-29 17:08:05,505 [ERROR] LogOutputStream:75 - [STDERR_REDIRECT] [Fatal Error] :1:1: Premature end of file.
2026-04-29 17:08:05,505 [ERROR] LogOutputStream:75 - [STDERR_REDIRECT] 
2026-04-29 17:08:06,521 [ERROR] LogOutputStream:75 - [STDERR_REDIRECT] [Fatal Error] :1:1: Premature end of file.
2026-04-29 17:08:06,521 [ERROR] LogOutputStream:75 - [STDERR_REDIRECT] 
2026-04-29 17:08:07,511 [ERROR] LogOutputStream:75 - [STDERR_REDIRECT] [Fatal Error] :1:1: Premature end of file.
2026-04-29 17:08:07,511 [ERROR] LogOutputStream:75 - [STDERR_REDIRECT] 
2026-04-29 17:08:08,517 [ERROR] LogOutputStream:75 - [STDERR_REDIRECT] [Fatal Error] :1:1: Premature end of file.
2026-04-29 17:08:08,517 [ERROR] LogOutputStream:75 - [STDERR_REDIRECT] 
2026-04-29 17:08:09,517 [ERROR] LogOutputStream:75 - [STDERR_REDIRECT] [Fatal Error] :1:1: Premature end of file.
2026-04-29 17:08:09,517 [ERROR] LogOutputStream:75 - [STDERR_REDIRECT] 
2026-04-29 17:08:10,520 [ERROR] LogOutputStream:75 - [STDERR_REDIRECT] [Fatal Error] :1:1: Premature end of file.
2026-04-29 17:08:10,521 [ERROR] LogOutputStream:75 - [STDERR_REDIRECT] 
2026-04-29 17:08:11,530 [ERROR] LogOutputStream:75 - [STDERR_REDIRECT] [Fatal Error] :1:1: Premature end of file.
2026-04-29 17:08:11,530 [ERROR] LogOutputStream:75 - [STDERR_REDIRECT] 
2026-04-29 17:08:12,515 [ERROR] LogOutputStream:75 - [STDERR_REDIRECT] [Fatal Error] :1:1: Premature end of file.
2026-04-29 17:08:12,515 [ERROR] LogOutputStream:75 - [STDERR_REDIRECT] 
2026-04-29 17:08:13,518 [ERROR] LogOutputStream:75 - [STDERR_REDIRECT] [Fatal Error] :1:1: Premature end of file.
2026-04-29 17:08:13,518 [ERROR] LogOutputStream:75 - [STDERR_REDIRECT] 
2026-04-29 17:08:14,521 [ERROR] LogOutputStream:75 - [STDERR_REDIRECT] [Fatal Error] :1:1: Premature end of file.
2026-04-29 17:08:14,527 [ERROR] LogOutputStream:75 - [STDERR_REDIRECT] 
2026-04-29 17:08:15,513 [ERROR] LogOutputStream:75 - [STDERR_REDIRECT] [Fatal Error] :1:1: Premature end of file.
2026-04-29 17:08:15,513 [ERROR] LogOutputStream:75 - [STDERR_REDIRECT] 
2026-04-29 17:08:16,521 [ERROR] LogOutputStream:75 - [STDERR_REDIRECT] [Fatal Error] :1:1: Premature end of file.
2026-04-29 17:08:16,521 [ERROR] LogOutputStream:75 - [STDERR_REDIRECT] 
2026-04-29 17:08:17,512 [ERROR] LogOutputStream:75 - [STDERR_REDIRECT] [Fatal Error] :1:1: Premature end of file.
2026-04-29 17:08:17,512 [ERROR] LogOutputStream:75 - [STDERR_REDIRECT] 
2026-04-29 17:08:18,513 [ERROR] LogOutputStream:75 - [STDERR_REDIRECT] [Fatal Error] :1:1: Premature end of file.
2026-04-29 17:08:18,513 [ERROR] LogOutputStream:75 - [STDERR_REDIRECT] 
2026-04-29 17:08:19,515 [ERROR] LogOutputStream:75 - [STDERR_REDIRECT] [Fatal Error] :1:1: Premature end of file.
2026-04-29 17:08:19,515 [ERROR] LogOutputStream:75 - [STDERR_REDIRECT] 
2026-04-29 17:08:20,510 [ERROR] LogOutputStream:75 - [STDERR_REDIRECT] [Fatal Error] :1:1: Premature end of file.
2026-04-29 17:08:20,511 [ERROR] LogOutputStream:75 - [STDERR_REDIRECT] 
2026-04-29 17:08:21,527 [ERROR] LogOutputStream:75 - [STDERR_REDIRECT] [Fatal Error] :1:1: Premature end of file.
2026-04-29 17:08:21,527 [ERROR] LogOutputStream:75 - [STDERR_REDIRECT] 
2026-04-29 17:08:22,502 [ERROR] LogOutputStream:75 - [STDERR_REDIRECT] [Fatal Error] :1:1: Premature end of file.
2026-04-29 17:08:22,502 [ERROR] LogOutputStream:75 - [STDERR_REDIRECT] 
2026-04-29 17:08:23,511 [ERROR] LogOutputStream:75 - [STDERR_REDIRECT] [Fatal Error] :1:1: Premature end of file.
2026-04-29 17:08:23,511 [ERROR] LogOutputStream:75 - [STDERR_REDIRECT] 
2026-04-29 17:08:24,504 [ERROR] LogOutputStream:75 - [STDERR_REDIRECT] [Fatal Error] :1:1: Premature end of file.
2026-04-29 17:08:24,504 [ERROR] LogOutputStream:75 - [STDERR_REDIRECT] 
2026-04-29 17:08:25,498 [ERROR] LogOutputStream:75 - [STDERR_REDIRECT] [Fatal Error] :1:1: Premature end of file.
2026-04-29 17:08:25,498 [ERROR] LogOutputStream:75 - [STDERR_REDIRECT] 
2026-04-29 17:08:26,503 [ERROR] LogOutputStream:75 - [STDERR_REDIRECT] [Fatal Error] :1:1: Premature end of file.
2026-04-29 17:08:26,503 [ERROR] LogOutputStream:75 - [STDERR_REDIRECT] 
2026-04-29 17:08:27,509 [ERROR] LogOutputStream:75 - [STDERR_REDIRECT] [Fatal Error] :1:1: Premature end of file.
2026-04-29 17:08:27,509 [ERROR] LogOutputStream:75 - [STDERR_REDIRECT] 
2026-04-29 17:08:28,504 [ERROR] LogOutputStream:75 - [STDERR_REDIRECT] [Fatal Error] :1:1: Premature end of file.
2026-04-29 17:08:28,504 [ERROR] LogOutputStream:75 - [STDERR_REDIRECT] 
2026-04-29 17:08:29,499 [ERROR] LogOutputStream:75 - [STDERR_REDIRECT] [Fatal Error] :1:1: Premature end of file.
2026-04-29 17:08:29,500 [ERROR] LogOutputStream:75 - [STDERR_REDIRECT] 
2026-04-29 17:08:30,500 [ERROR] LogOutputStream:75 - [STDERR_REDIRECT] [Fatal Error] :1:1: Premature end of file.
2026-04-29 17:08:30,500 [ERROR] LogOutputStream:75 - [STDERR_REDIRECT] 
2026-04-29 17:08:31,505 [ERROR] LogOutputStream:75 - [STDERR_REDIRECT] [Fatal Error] :1:1: Premature end of file.
2026-04-29 17:08:31,505 [ERROR] LogOutputStream:75 - [STDERR_REDIRECT] 
2026-04-29 17:08:32,497 [ERROR] LogOutputStream:75 - [STDERR_REDIRECT] [Fatal Error] :1:1: Premature end of file.
2026-04-29 17:08:32,497 [ERROR] LogOutputStream:75 - [STDERR_REDIRECT] 
2026-04-29 17:08:33,494 [ERROR] LogOutputStream:75 - [STDERR_REDIRECT] [Fatal Error] :1:1: Premature end of file.
2026-04-29 17:08:33,494 [ERROR] LogOutputStream:75 - [STDERR_REDIRECT] 
2026-04-29 17:08:34,491 [ERROR] LogOutputStream:75 - [STDERR_REDIRECT] [Fatal Error] :1:1: Premature end of file.
2026-04-29 17:08:34,492 [ERROR] LogOutputStream:75 - [STDERR_REDIRECT] 
2026-04-29 17:08:35,481 [ERROR] LogOutputStream:75 - [STDERR_REDIRECT] [Fatal Error] :1:1: Premature end of file.
2026-04-29 17:08:35,481 [ERROR] LogOutputStream:75 - [STDERR_REDIRECT] 
2026-04-29 17:08:36,495 [ERROR] LogOutputStream:75 - [STDERR_REDIRECT] [Fatal Error] :1:1: Premature end of file.
2026-04-29 17:08:36,495 [ERROR] LogOutputStream:75 - [STDERR_REDIRECT] 
2026-04-29 17:08:37,501 [ERROR] LogOutputStream:75 - [STDERR_REDIRECT] [Fatal Error] :1:1: Premature end of file.
2026-04-29 17:08:37,501 [ERROR] LogOutputStream:75 - [STDERR_REDIRECT] 
2026-04-29 17:08:38,502 [ERROR] LogOutputStream:75 - [STDERR_REDIRECT] [Fatal Error] :1:1: Premature end of file.
2026-04-29 17:08:38,502 [ERROR] LogOutputStream:75 - [STDERR_REDIRECT] 
2026-04-29 17:08:39,500 [ERROR] LogOutputStream:75 - [STDERR_REDIRECT] [Fatal Error] :1:1: Premature end of file.
2026-04-29 17:08:39,500 [ERROR] LogOutputStream:75 - [STDERR_REDIRECT] 
2026-04-29 17:08:40,499 [ERROR] LogOutputStream:75 - [STDERR_REDIRECT] [Fatal Error] :1:1: Premature end of file.
2026-04-29 17:08:40,499 [ERROR] LogOutputStream:75 - [STDERR_REDIRECT] 
2026-04-29 17:08:41,509 [ERROR] LogOutputStream:75 - [STDERR_REDIRECT] [Fatal Error] :1:1: Premature end of file.
2026-04-29 17:08:41,509 [ERROR] LogOutputStream:75 - [STDERR_REDIRECT] 
2026-04-29 17:08:42,500 [ERROR] LogOutputStream:75 - [STDERR_REDIRECT] [Fatal Error] :1:1: Premature end of file.
2026-04-29 17:08:42,500 [ERROR] LogOutputStream:75 - [STDERR_REDIRECT] 
2026-04-29 17:08:43,501 [ERROR] LogOutputStream:75 - [STDERR_REDIRECT] [Fatal Error] :1:1: Premature end of file.
2026-04-29 17:08:43,501 [ERROR] LogOutputStream:75 - [STDERR_REDIRECT] 
2026-04-29 17:08:44,499 [ERROR] LogOutputStream:75 - [STDERR_REDIRECT] [Fatal Error] :1:1: Premature end of file.
2026-04-29 17:08:44,499 [ERROR] LogOutputStream:75 - [STDERR_REDIRECT] 
2026-04-29 17:08:45,489 [ERROR] LogOutputStream:75 - [STDERR_REDIRECT] [Fatal Error] :1:1: Premature end of file.
2026-04-29 17:08:45,490 [ERROR] LogOutputStream:75 - [STDERR_REDIRECT] 
2026-04-29 17:08:46,497 [ERROR] LogOutputStream:75 - [STDERR_REDIRECT] [Fatal Error] :1:1: Premature end of file.
2026-04-29 17:08:46,497 [ERROR] LogOutputStream:75 - [STDERR_REDIRECT] 
2026-04-29 17:08:47,494 [ERROR] LogOutputStream:75 - [STDERR_REDIRECT] [Fatal Error] :1:1: Premature end of file.
2026-04-29 17:08:47,494 [ERROR] LogOutputStream:75 - [STDERR_REDIRECT] 
2026-04-29 17:08:48,493 [ERROR] LogOutputStream:75 - [STDERR_REDIRECT] [Fatal Error] :1:1: Premature end of file.
2026-04-29 17:08:48,494 [ERROR] LogOutputStream:75 - [STDERR_REDIRECT] 
2026-04-29 17:08:49,529 [ERROR] LogOutputStream:75 - [STDERR_REDIRECT] [Fatal Error] :1:1: Premature end of file.
2026-04-29 17:08:49,529 [ERROR] LogOutputStream:75 - [STDERR_REDIRECT] 
2026-04-29 17:08:50,145 [INFO] WebApp:194 - Connection lost
2026-04-29 17:08:50,500 [ERROR] LogOutputStream:75 - [STDERR_REDIRECT] [Fatal Error] :1:1: Premature end of file.
2026-04-29 17:08:50,500 [ERROR] LogOutputStream:75 - [STDERR_REDIRECT] 
2026-04-29 17:08:51,493 [ERROR] LogOutputStream:75 - [STDERR_REDIRECT] [Fatal Error] :1:1: Premature end of file.
2026-04-29 17:08:51,493 [ERROR] LogOutputStream:75 - [STDERR_REDIRECT] 
2026-04-29 17:08:52,494 [ERROR] LogOutputStream:75 - [STDERR_REDIRECT] [Fatal Error] :1:1: Premature end of file.
2026-04-29 17:08:52,495 [ERROR] LogOutputStream:75 - [STDERR_REDIRECT] 
2026-04-29 17:08:53,483 [ERROR] LogOutputStream:75 - [STDERR_REDIRECT] [Fatal Error] :1:1: Premature end of file.
2026-04-29 17:08:53,483 [ERROR] LogOutputStream:75 - [STDERR_REDIRECT] 
2026-04-29 17:08:54,480 [ERROR] LogOutputStream:75 - [STDERR_REDIRECT] [Fatal Error] :1:1: Premature end of file.
2026-04-29 17:08:54,481 [ERROR] LogOutputStream:75 - [STDERR_REDIRECT] 
2026-04-29 17:08:55,481 [ERROR] LogOutputStream:75 - [STDERR_REDIRECT] [Fatal Error] :1:1: Premature end of file.
2026-04-29 17:08:55,482 [ERROR] LogOutputStream:75 - [STDERR_REDIRECT] 
2026-04-29 17:08:56,499 [ERROR] LogOutputStream:75 - [STDERR_REDIRECT] [Fatal Error] :1:1: Premature end of file.
2026-04-29 17:08:56,499 [ERROR] LogOutputStream:75 - [STDERR_REDIRECT] 
2026-04-29 17:08:57,490 [ERROR] LogOutputStream:75 - [STDERR_REDIRECT] [Fatal Error] :1:1: Premature end of file.
2026-04-29 17:08:57,490 [ERROR] LogOutputStream:75 - [STDERR_REDIRECT] 
2026-04-29 17:08:58,493 [ERROR] LogOutputStream:75 - [STDERR_REDIRECT] [Fatal Error] :1:1: Premature end of file.
2026-04-29 17:08:58,493 [ERROR] LogOutputStream:75 - [STDERR_REDIRECT] 
2026-04-29 17:08:59,496 [ERROR] LogOutputStream:75 - [STDERR_REDIRECT] [Fatal Error] :1:1: Premature end of file.
2026-04-29 17:08:59,496 [ERROR] LogOutputStream:75 - [STDERR_REDIRECT] 
2026-04-29 17:09:00,527 [ERROR] LogOutputStream:75 - [STDERR_REDIRECT] [Fatal Error] :1:1: Premature end of file.
2026-04-29 17:09:00,527 [ERROR] LogOutputStream:75 - [STDERR_REDIRECT] 
2026-04-29 17:09:01,510 [ERROR] LogOutputStream:75 - [STDERR_REDIRECT] [Fatal Error] :1:1: Premature end of file.
2026-04-29 17:09:01,510 [ERROR] LogOutputStream:75 - [STDERR_REDIRECT] 
2026-04-29 17:09:02,504 [ERROR] LogOutputStream:75 - [STDERR_REDIRECT] [Fatal Error] :1:1: Premature end of file.
2026-04-29 17:09:02,504 [ERROR] LogOutputStream:75 - [STDERR_REDIRECT] 
2026-04-29 17:09:03,512 [ERROR] LogOutputStream:75 - [STDERR_REDIRECT] [Fatal Error] :1:1: Premature end of file.
2026-04-29 17:09:03,512 [ERROR] LogOutputStream:75 - [STDERR_REDIRECT] 
2026-04-29 17:09:04,481 [ERROR] LogOutputStream:75 - [STDERR_REDIRECT] [Fatal Error] :1:1: Premature end of file.
2026-04-29 17:09:04,481 [ERROR] LogOutputStream:75 - [STDERR_REDIRECT] 
2026-04-29 17:09:05,488 [ERROR] LogOutputStream:75 - [STDERR_REDIRECT] [Fatal Error] :1:1: Premature end of file.
2026-04-29 17:09:05,488 [ERROR] LogOutputStream:75 - [STDERR_REDIRECT] 
2026-04-29 17:09:06,497 [ERROR] LogOutputStream:75 - [STDERR_REDIRECT] [Fatal Error] :1:1: Premature end of file.
2026-04-29 17:09:06,497 [ERROR] LogOutputStream:75 - [STDERR_REDIRECT] 
2026-04-29 17:09:07,499 [ERROR] LogOutputStream:75 - [STDERR_REDIRECT] [Fatal Error] :1:1: Premature end of file.
2026-04-29 17:09:07,499 [ERROR] LogOutputStream:75 - [STDERR_REDIRECT] 
2026-04-29 17:09:08,501 [ERROR] LogOutputStream:75 - [STDERR_REDIRECT] [Fatal Error] :1:1: Premature end of file.
2026-04-29 17:09:08,501 [ERROR] LogOutputStream:75 - [STDERR_REDIRECT] 
2026-04-29 17:09:09,498 [ERROR] LogOutputStream:75 - [STDERR_REDIRECT] [Fatal Error] :1:1: Premature end of file.
2026-04-29 17:09:09,498 [ERROR] LogOutputStream:75 - [STDERR_REDIRECT] 
2026-04-29 17:09:10,521 [ERROR] LogOutputStream:75 - [STDERR_REDIRECT] [Fatal Error] :1:1: Premature end of file.
2026-04-29 17:09:10,521 [ERROR] LogOutputStream:75 - [STDERR_REDIRECT] 
2026-04-29 17:09:11,505 [ERROR] LogOutputStream:75 - [STDERR_REDIRECT] [Fatal Error] :1:1: Premature end of file.
2026-04-29 17:09:11,505 [ERROR] LogOutputStream:75 - [STDERR_REDIRECT] 
2026-04-29 17:09:12,491 [ERROR] LogOutputStream:75 - [STDERR_REDIRECT] [Fatal Error] :1:1: Premature end of file.
2026-04-29 17:09:12,492 [ERROR] LogOutputStream:75 - [STDERR_REDIRECT] 
2026-04-29 17:09:13,494 [ERROR] LogOutputStream:75 - [STDERR_REDIRECT] [Fatal Error] :1:1: Premature end of file.
2026-04-29 17:09:13,495 [ERROR] LogOutputStream:75 - [STDERR_REDIRECT] 
2026-04-29 17:09:14,507 [ERROR] LogOutputStream:75 - [STDERR_REDIRECT] [Fatal Error] :1:1: Premature end of file.
2026-04-29 17:09:14,507 [ERROR] LogOutputStream:75 - [STDERR_REDIRECT] 
2026-04-29 17:09:15,514 [ERROR] LogOutputStream:75 - [STDERR_REDIRECT] [Fatal Error] :1:1: Premature end of file.
2026-04-29 17:09:15,514 [ERROR] LogOutputStream:75 - [STDERR_REDIRECT] 
2026-04-29 17:09:16,498 [ERROR] LogOutputStream:75 - [STDERR_REDIRECT] [Fatal Error] :1:1: Premature end of file.
2026-04-29 17:09:16,498 [ERROR] LogOutputStream:75 - [STDERR_REDIRECT] 
2026-04-29 17:09:17,503 [ERROR] LogOutputStream:75 - [STDERR_REDIRECT] [Fatal Error] :1:1: Premature end of file.
2026-04-29 17:09:17,503 [ERROR] LogOutputStream:75 - [STDERR_REDIRECT] 
2026-04-29 17:09:17,677 [INFO] WebApp:191 - Connection restablished
2026-04-29 17:09:18,497 [ERROR] LogOutputStream:75 - [STDERR_REDIRECT] [Fatal Error] :1:1: Premature end of file.
2026-04-29 17:09:18,497 [ERROR] LogOutputStream:75 - [STDERR_REDIRECT] 
2026-04-29 17:09:19,503 [ERROR] LogOutputStream:75 - [STDERR_REDIRECT] [Fatal Error] :1:1: Premature end of file.
2026-04-29 17:09:19,503 [ERROR] LogOutputStream:75 - [STDERR_REDIRECT] 
2026-04-29 17:09:20,498 [ERROR] LogOutputStream:75 - [STDERR_REDIRECT] [Fatal Error] :1:1: Premature end of file.
2026-04-29 17:09:20,498 [ERROR] LogOutputStream:75 - [STDERR_REDIRECT] 
2026-04-29 17:09:21,525 [ERROR] LogOutputStream:75 - [STDERR_REDIRECT] [Fatal Error] :1:1: Premature end of file.
2026-04-29 17:09:21,525 [ERROR] LogOutputStream:75 - [STDERR_REDIRECT] 
2026-04-29 17:09:22,497 [ERROR] LogOutputStream:75 - [STDERR_REDIRECT] [Fatal Error] :1:1: Premature end of file.
2026-04-29 17:09:22,497 [ERROR] LogOutputStream:75 - [STDERR_REDIRECT] 
2026-04-29 17:09:23,506 [ERROR] LogOutputStream:75 - [STDERR_REDIRECT] [Fatal Error] :1:1: Premature end of file.
2026-04-29 17:09:23,506 [ERROR] LogOutputStream:75 - [STDERR_REDIRECT] 
2026-04-29 17:09:24,503 [ERROR] LogOutputStream:75 - [STDERR_REDIRECT] [Fatal Error] :1:1: Premature end of file.
2026-04-29 17:09:24,503 [ERROR] LogOutputStream:75 - [STDERR_REDIRECT] 
2026-04-29 17:09:25,500 [ERROR] LogOutputStream:75 - [STDERR_REDIRECT] [Fatal Error] :1:1: Premature end of file.
2026-04-29 17:09:25,500 [ERROR] LogOutputStream:75 - [STDERR_REDIRECT] 
2026-04-29 17:09:26,500 [ERROR] LogOutputStream:75 - [STDERR_REDIRECT] [Fatal Error] :1:1: Premature end of file.
2026-04-29 17:09:26,500 [ERROR] LogOutputStream:75 - [STDERR_REDIRECT] 
2026-04-29 17:09:27,503 [ERROR] LogOutputStream:75 - [STDERR_REDIRECT] [Fatal Error] :1:1: Premature end of file.
2026-04-29 17:09:27,503 [ERROR] LogOutputStream:75 - [STDERR_REDIRECT] 
2026-04-29 17:09:28,486 [ERROR] LogOutputStream:75 - [STDERR_REDIRECT] [Fatal Error] :1:1: Premature end of file.
2026-04-29 17:09:28,486 [ERROR] LogOutputStream:75 - [STDERR_REDIRECT] 
2026-04-29 17:09:29,495 [ERROR] LogOutputStream:75 - [STDERR_REDIRECT] [Fatal Error] :1:1: Premature end of file.
2026-04-29 17:09:29,495 [ERROR] LogOutputStream:75 - [STDERR_REDIRECT] 
2026-04-29 17:09:30,489 [ERROR] LogOutputStream:75 - [STDERR_REDIRECT] [Fatal Error] :1:1: Premature end of file.
2026-04-29 17:09:30,489 [ERROR] LogOutputStream:75 - [STDERR_REDIRECT] 
2026-04-29 17:09:31,497 [ERROR] LogOutputStream:75 - [STDERR_REDIRECT] [Fatal Error] :1:1: Premature end of file.
2026-04-29 17:09:31,497 [ERROR] LogOutputStream:75 - [STDERR_REDIRECT] 
2026-04-29 17:09:32,495 [ERROR] LogOutputStream:75 - [STDERR_REDIRECT] [Fatal Error] :1:1: Premature end of file.
2026-04-29 17:09:32,495 [ERROR] LogOutputStream:75 - [STDERR_REDIRECT] 
2026-04-29 17:09:33,505 [ERROR] LogOutputStream:75 - [STDERR_REDIRECT] [Fatal Error] :1:1: Premature end of file.
2026-04-29 17:09:33,505 [ERROR] LogOutputStream:75 - [STDERR_REDIRECT] 
2026-04-29 17:09:34,507 [ERROR] LogOutputStream:75 - [STDERR_REDIRECT] [Fatal Error] :1:1: Premature end of file.
2026-04-29 17:09:34,507 [ERROR] LogOutputStream:75 - [STDERR_REDIRECT] 
2026-04-29 17:09:35,495 [ERROR] LogOutputStream:75 - [STDERR_REDIRECT] [Fatal Error] :1:1: Premature end of file.
2026-04-29 17:09:35,495 [ERROR] LogOutputStream:75 - [STDERR_REDIRECT] 
2026-04-29 17:09:36,501 [ERROR] LogOutputStream:75 - [STDERR_REDIRECT] [Fatal Error] :1:1: Premature end of file.
2026-04-29 17:09:36,501 [ERROR] LogOutputStream:75 - [STDERR_REDIRECT] 
2026-04-29 17:09:37,494 [ERROR] LogOutputStream:75 - [STDERR_REDIRECT] [Fatal Error] :1:1: Premature end of file.
2026-04-29 17:09:37,494 [ERROR] LogOutputStream:75 - [STDERR_REDIRECT] 
2026-04-29 17:09:38,498 [ERROR] LogOutputStream:75 - [STDERR_REDIRECT] [Fatal Error] :1:1: Premature end of file.
2026-04-29 17:09:38,498 [ERROR] LogOutputStream:75 - [STDERR_REDIRECT] 
2026-04-29 17:09:39,509 [ERROR] LogOutputStream:75 - [STDERR_REDIRECT] [Fatal Error] :1:1: Premature end of file.
2026-04-29 17:09:39,509 [ERROR] LogOutputStream:75 - [STDERR_REDIRECT] 
2026-04-29 17:09:40,500 [ERROR] LogOutputStream:75 - [STDERR_REDIRECT] [Fatal Error] :1:1: Premature end of file.
2026-04-29 17:09:40,500 [ERROR] LogOutputStream:75 - [STDERR_REDIRECT] 
2026-04-29 17:09:41,501 [ERROR] LogOutputStream:75 - [STDERR_REDIRECT] [Fatal Error] :1:1: Premature end of file.
2026-04-29 17:09:41,501 [ERROR] LogOutputStream:75 - [STDERR_REDIRECT] 
2026-04-29 17:09:42,494 [ERROR] LogOutputStream:75 - [STDERR_REDIRECT] [Fatal Error] :1:1: Premature end of file.
2026-04-29 17:09:42,494 [ERROR] LogOutputStream:75 - [STDERR_REDIRECT] 
2026-04-29 17:09:43,500 [ERROR] LogOutputStream:75 - [STDERR_REDIRECT] [Fatal Error] :1:1: Premature end of file.
2026-04-29 17:09:43,501 [ERROR] LogOutputStream:75 - [STDERR_REDIRECT] 
2026-04-29 17:09:44,498 [ERROR] LogOutputStream:75 - [STDERR_REDIRECT] [Fatal Error] :1:1: Premature end of file.
2026-04-29 17:09:44,498 [ERROR] LogOutputStream:75 - [STDERR_REDIRECT] 
2026-04-29 17:09:45,490 [ERROR] LogOutputStream:75 - [STDERR_REDIRECT] [Fatal Error] :1:1: Premature end of file.
2026-04-29 17:09:45,490 [ERROR] LogOutputStream:75 - [STDERR_REDIRECT] 
2026-04-29 17:09:46,495 [ERROR] LogOutputStream:75 - [STDERR_REDIRECT] [Fatal Error] :1:1: Premature end of file.
2026-04-29 17:09:46,495 [ERROR] LogOutputStream:75 - [STDERR_REDIRECT] 
2026-04-29 17:09:47,500 [ERROR] LogOutputStream:75 - [STDERR_REDIRECT] [Fatal Error] :1:1: Premature end of file.
2026-04-29 17:09:47,500 [ERROR] LogOutputStream:75 - [STDERR_REDIRECT] 
2026-04-29 17:09:48,498 [ERROR] LogOutputStream:75 - [STDERR_REDIRECT] [Fatal Error] :1:1: Premature end of file.
2026-04-29 17:09:48,498 [ERROR] LogOutputStream:75 - [STDERR_REDIRECT] 
2026-04-29 17:09:49,499 [ERROR] LogOutputStream:75 - [STDERR_REDIRECT] [Fatal Error] :1:1: Premature end of file.
2026-04-29 17:09:49,499 [ERROR] LogOutputStream:75 - [STDERR_REDIRECT] 
2026-04-29 17:09:50,497 [ERROR] LogOutputStream:75 - [STDERR_REDIRECT] [Fatal Error] :1:1: Premature end of file.
2026-04-29 17:09:50,498 [ERROR] LogOutputStream:75 - [STDERR_REDIRECT] 
2026-04-29 17:09:51,507 [ERROR] LogOutputStream:75 - [STDERR_REDIRECT] [Fatal Error] :1:1: Premature end of file.
2026-04-29 17:09:51,507 [ERROR] LogOutputStream:75 - [STDERR_REDIRECT] 
2026-04-29 17:09:52,502 [ERROR] LogOutputStream:75 - [STDERR_REDIRECT] [Fatal Error] :1:1: Premature end of file.
2026-04-29 17:09:52,502 [ERROR] LogOutputStream:75 - [STDERR_REDIRECT] 
2026-04-29 17:09:53,502 [ERROR] LogOutputStream:75 - [STDERR_REDIRECT] [Fatal Error] :1:1: Premature end of file.
2026-04-29 17:09:53,502 [ERROR] LogOutputStream:75 - [STDERR_REDIRECT] 
2026-04-29 17:09:54,496 [ERROR] LogOutputStream:75 - [STDERR_REDIRECT] [Fatal Error] :1:1: Premature end of file.
2026-04-29 17:09:54,496 [ERROR] LogOutputStream:75 - [STDERR_REDIRECT] 
2026-04-29 17:09:55,499 [ERROR] LogOutputStream:75 - [STDERR_REDIRECT] [Fatal Error] :1:1: Premature end of file.
2026-04-29 17:09:55,499 [ERROR] LogOutputStream:75 - [STDERR_REDIRECT] 
2026-04-29 17:09:56,494 [ERROR] LogOutputStream:75 - [STDERR_REDIRECT] [Fatal Error] :1:1: Premature end of file.
2026-04-29 17:09:56,494 [ERROR] LogOutputStream:75 - [STDERR_REDIRECT] 
2026-04-29 17:09:57,499 [ERROR] LogOutputStream:75 - [STDERR_REDIRECT] [Fatal Error] :1:1: Premature end of file.
2026-04-29 17:09:57,499 [ERROR] LogOutputStream:75 - [STDERR_REDIRECT] 
2026-04-29 17:09:58,496 [ERROR] LogOutputStream:75 - [STDERR_REDIRECT] [Fatal Error] :1:1: Premature end of file.
2026-04-29 17:09:58,496 [ERROR] LogOutputStream:75 - [STDERR_REDIRECT] 
2026-04-29 17:09:59,500 [ERROR] LogOutputStream:75 - [STDERR_REDIRECT] [Fatal Error] :1:1: Premature end of file.
2026-04-29 17:09:59,500 [ERROR] LogOutputStream:75 - [STDERR_REDIRECT] 
2026-04-29 17:10:00,497 [ERROR] LogOutputStream:75 - [STDERR_REDIRECT] [Fatal Error] :1:1: Premature end of file.
2026-04-29 17:10:00,497 [ERROR] LogOutputStream:75 - [STDERR_REDIRECT] 
2026-04-29 17:10:01,502 [ERROR] LogOutputStream:75 - [STDERR_REDIRECT] [Fatal Error] :1:1: Premature end of file.
2026-04-29 17:10:01,502 [ERROR] LogOutputStream:75 - [STDERR_REDIRECT] 
2026-04-29 17:10:02,496 [ERROR] LogOutputStream:75 - [STDERR_REDIRECT] [Fatal Error] :1:1: Premature end of file.
2026-04-29 17:10:02,496 [ERROR] LogOutputStream:75 - [STDERR_REDIRECT] 
2026-04-29 17:10:03,503 [ERROR] LogOutputStream:75 - [STDERR_REDIRECT] [Fatal Error] :1:1: Premature end of file.
2026-04-29 17:10:03,503 [ERROR] LogOutputStream:75 - [STDERR_REDIRECT] 
2026-04-29 17:10:04,503 [ERROR] LogOutputStream:75 - [STDERR_REDIRECT] [Fatal Error] :1:1: Premature end of file.
2026-04-29 17:10:04,503 [ERROR] LogOutputStream:75 - [STDERR_REDIRECT] 
2026-04-29 17:10:05,518 [ERROR] LogOutputStream:75 - [STDERR_REDIRECT] [Fatal Error] :1:1: Premature end of file.
2026-04-29 17:10:05,518 [ERROR] LogOutputStream:75 - [STDERR_REDIRECT] 
2026-04-29 17:10:06,502 [ERROR] LogOutputStream:75 - [STDERR_REDIRECT] [Fatal Error] :1:1: Premature end of file.
2026-04-29 17:10:06,502 [ERROR] LogOutputStream:75 - [STDERR_REDIRECT] 
2026-04-29 17:10:07,501 [ERROR] LogOutputStream:75 - [STDERR_REDIRECT] [Fatal Error] :1:1: Premature end of file.
2026-04-29 17:10:07,501 [ERROR] LogOutputStream:75 - [STDERR_REDIRECT] 
2026-04-29 17:10:08,505 [ERROR] LogOutputStream:75 - [STDERR_REDIRECT] [Fatal Error] :1:1: Premature end of file.
2026-04-29 17:10:08,505 [ERROR] LogOutputStream:75 - [STDERR_REDIRECT] 
2026-04-29 17:10:09,504 [ERROR] LogOutputStream:75 - [STDERR_REDIRECT] [Fatal Error] :1:1: Premature end of file.
2026-04-29 17:10:09,504 [ERROR] LogOutputStream:75 - [STDERR_REDIRECT] 
2026-04-29 17:10:10,496 [ERROR] LogOutputStream:75 - [STDERR_REDIRECT] [Fatal Error] :1:1: Premature end of file.
2026-04-29 17:10:10,496 [ERROR] LogOutputStream:75 - [STDERR_REDIRECT] 
2026-04-29 17:10:11,508 [ERROR] LogOutputStream:75 - [STDERR_REDIRECT] [Fatal Error] :1:1: Premature end of file.
2026-04-29 17:10:11,508 [ERROR] LogOutputStream:75 - [STDERR_REDIRECT] 
2026-04-29 17:10:12,499 [ERROR] LogOutputStream:75 - [STDERR_REDIRECT] [Fatal Error] :1:1: Premature end of file.
2026-04-29 17:10:12,499 [ERROR] LogOutputStream:75 - [STDERR_REDIRECT] 
2026-04-29 17:10:13,499 [ERROR] LogOutputStream:75 - [STDERR_REDIRECT] [Fatal Error] :1:1: Premature end of file.
2026-04-29 17:10:13,499 [ERROR] LogOutputStream:75 - [STDERR_REDIRECT] 
2026-04-29 17:10:14,501 [ERROR] LogOutputStream:75 - [STDERR_REDIRECT] [Fatal Error] :1:1: Premature end of file.
2026-04-29 17:10:14,501 [ERROR] LogOutputStream:75 - [STDERR_REDIRECT] 
2026-04-29 17:10:15,507 [ERROR] LogOutputStream:75 - [STDERR_REDIRECT] [Fatal Error] :1:1: Premature end of file.
2026-04-29 17:10:15,507 [ERROR] LogOutputStream:75 - [STDERR_REDIRECT] 
2026-04-29 17:10:16,508 [ERROR] LogOutputStream:75 - [STDERR_REDIRECT] [Fatal Error] :1:1: Premature end of file.
2026-04-29 17:10:16,509 [ERROR] LogOutputStream:75 - [STDERR_REDIRECT] 
2026-04-29 17:10:17,496 [ERROR] LogOutputStream:75 - [STDERR_REDIRECT] [Fatal Error] :1:1: Premature end of file.
2026-04-29 17:10:17,496 [ERROR] LogOutputStream:75 - [STDERR_REDIRECT] 
2026-04-29 17:10:18,495 [ERROR] LogOutputStream:75 - [STDERR_REDIRECT] [Fatal Error] :1:1: Premature end of file.
2026-04-29 17:10:18,495 [ERROR] LogOutputStream:75 - [STDERR_REDIRECT] 
2026-04-29 17:10:19,490 [ERROR] LogOutputStream:75 - [STDERR_REDIRECT] [Fatal Error] :1:1: Premature end of file.
2026-04-29 17:10:19,490 [ERROR] LogOutputStream:75 - [STDERR_REDIRECT] 
2026-04-29 17:10:20,501 [ERROR] LogOutputStream:75 - [STDERR_REDIRECT] [Fatal Error] :1:1: Premature end of file.
2026-04-29 17:10:20,501 [ERROR] LogOutputStream:75 - [STDERR_REDIRECT] 
2026-04-29 17:10:21,498 [ERROR] LogOutputStream:75 - [STDERR_REDIRECT] [Fatal Error] :1:1: Premature end of file.
2026-04-29 17:10:21,499 [ERROR] LogOutputStream:75 - [STDERR_REDIRECT] 
2026-04-29 17:10:22,501 [ERROR] LogOutputStream:75 - [STDERR_REDIRECT] [Fatal Error] :1:1: Premature end of file.
2026-04-29 17:10:22,501 [ERROR] LogOutputStream:75 - [STDERR_REDIRECT] 
2026-04-29 17:10:23,503 [ERROR] LogOutputStream:75 - [STDERR_REDIRECT] [Fatal Error] :1:1: Premature end of file.
2026-04-29 17:10:23,503 [ERROR] LogOutputStream:75 - [STDERR_REDIRECT] 
2026-04-29 17:10:24,495 [ERROR] LogOutputStream:75 - [STDERR_REDIRECT] [Fatal Error] :1:1: Premature end of file.
2026-04-29 17:10:24,495 [ERROR] LogOutputStream:75 - [STDERR_REDIRECT] 
2026-04-29 17:10:25,503 [ERROR] LogOutputStream:75 - [STDERR_REDIRECT] [Fatal Error] :1:1: Premature end of file.
2026-04-29 17:10:25,503 [ERROR] LogOutputStream:75 - [STDERR_REDIRECT] 
2026-04-29 17:10:26,496 [ERROR] LogOutputStream:75 - [STDERR_REDIRECT] [Fatal Error] :1:1: Premature end of file.
2026-04-29 17:10:26,496 [ERROR] LogOutputStream:75 - [STDERR_REDIRECT] 
2026-04-29 17:10:27,498 [ERROR] LogOutputStream:75 - [STDERR_REDIRECT] [Fatal Error] :1:1: Premature end of file.
2026-04-29 17:10:27,498 [ERROR] LogOutputStream:75 - [STDERR_REDIRECT] 
2026-04-29 17:10:28,494 [ERROR] LogOutputStream:75 - [STDERR_REDIRECT] [Fatal Error] :1:1: Premature end of file.
2026-04-29 17:10:28,494 [ERROR] LogOutputStream:75 - [STDERR_REDIRECT] 
2026-04-29 17:10:29,494 [ERROR] LogOutputStream:75 - [STDERR_REDIRECT] [Fatal Error] :1:1: Premature end of file.
2026-04-29 17:10:29,494 [ERROR] LogOutputStream:75 - [STDERR_REDIRECT] 
2026-04-29 17:10:30,495 [ERROR] LogOutputStream:75 - [STDERR_REDIRECT] [Fatal Error] :1:1: Premature end of file.
2026-04-29 17:10:30,496 [ERROR] LogOutputStream:75 - [STDERR_REDIRECT] 
2026-04-29 17:10:31,509 [ERROR] LogOutputStream:75 - [STDERR_REDIRECT] [Fatal Error] :1:1: Premature end of file.
2026-04-29 17:10:31,509 [ERROR] LogOutputStream:75 - [STDERR_REDIRECT] 
2026-04-29 17:10:32,496 [ERROR] LogOutputStream:75 - [STDERR_REDIRECT] [Fatal Error] :1:1: Premature end of file.
2026-04-29 17:10:32,497 [ERROR] LogOutputStream:75 - [STDERR_REDIRECT] 
2026-04-29 17:10:33,495 [ERROR] LogOutputStream:75 - [STDERR_REDIRECT] [Fatal Error] :1:1: Premature end of file.
2026-04-29 17:10:33,496 [ERROR] LogOutputStream:75 - [STDERR_REDIRECT] 
2026-04-29 17:10:34,500 [ERROR] LogOutputStream:75 - [STDERR_REDIRECT] [Fatal Error] :1:1: Premature end of file.
2026-04-29 17:10:34,500 [ERROR] LogOutputStream:75 - [STDERR_REDIRECT] 
2026-04-29 17:10:35,497 [ERROR] LogOutputStream:75 - [STDERR_REDIRECT] [Fatal Error] :1:1: Premature end of file.
2026-04-29 17:10:35,497 [ERROR] LogOutputStream:75 - [STDERR_REDIRECT] 
2026-04-29 17:10:36,496 [ERROR] LogOutputStream:75 - [STDERR_REDIRECT] [Fatal Error] :1:1: Premature end of file.
2026-04-29 17:10:36,496 [ERROR] LogOutputStream:75 - [STDERR_REDIRECT] 
2026-04-29 17:10:37,502 [ERROR] LogOutputStream:75 - [STDERR_REDIRECT] [Fatal Error] :1:1: Premature end of file.
2026-04-29 17:10:37,502 [ERROR] LogOutputStream:75 - [STDERR_REDIRECT] 
2026-04-29 17:10:38,499 [ERROR] LogOutputStream:75 - [STDERR_REDIRECT] [Fatal Error] :1:1: Premature end of file.
2026-04-29 17:10:38,499 [ERROR] LogOutputStream:75 - [STDERR_REDIRECT] 
2026-04-29 17:10:39,483 [ERROR] LogOutputStream:75 - [STDERR_REDIRECT] [Fatal Error] :1:1: Premature end of file.
2026-04-29 17:10:39,484 [ERROR] LogOutputStream:75 - [STDERR_REDIRECT] 
2026-04-29 17:10:40,485 [ERROR] LogOutputStream:75 - [STDERR_REDIRECT] [Fatal Error] :1:1: Premature end of file.
2026-04-29 17:10:40,485 [ERROR] LogOutputStream:75 - [STDERR_REDIRECT] 
2026-04-29 17:10:41,505 [ERROR] LogOutputStream:75 - [STDERR_REDIRECT] [Fatal Error] :1:1: Premature end of file.
2026-04-29 17:10:41,506 [ERROR] LogOutputStream:75 - [STDERR_REDIRECT] 
2026-04-29 17:10:42,485 [ERROR] LogOutputStream:75 - [STDERR_REDIRECT] [Fatal Error] :1:1: Premature end of file.
2026-04-29 17:10:42,485 [ERROR] LogOutputStream:75 - [STDERR_REDIRECT] 
2026-04-29 17:10:43,500 [ERROR] LogOutputStream:75 - [STDERR_REDIRECT] [Fatal Error] :1:1: Premature end of file.
2026-04-29 17:10:43,500 [ERROR] LogOutputStream:75 - [STDERR_REDIRECT] 
2026-04-29 17:10:44,503 [ERROR] LogOutputStream:75 - [STDERR_REDIRECT] [Fatal Error] :1:1: Premature end of file.
2026-04-29 17:10:44,503 [ERROR] LogOutputStream:75 - [STDERR_REDIRECT] 
2026-04-29 17:10:45,498 [ERROR] LogOutputStream:75 - [STDERR_REDIRECT] [Fatal Error] :1:1: Premature end of file.
2026-04-29 17:10:45,499 [ERROR] LogOutputStream:75 - [STDERR_REDIRECT] 
2026-04-29 17:10:46,496 [ERROR] LogOutputStream:75 - [STDERR_REDIRECT] [Fatal Error] :1:1: Premature end of file.
2026-04-29 17:10:46,496 [ERROR] LogOutputStream:75 - [STDERR_REDIRECT] 
2026-04-29 17:10:47,499 [ERROR] LogOutputStream:75 - [STDERR_REDIRECT] [Fatal Error] :1:1: Premature end of file.
2026-04-29 17:10:47,499 [ERROR] LogOutputStream:75 - [STDERR_REDIRECT] 
2026-04-29 17:10:48,505 [ERROR] LogOutputStream:75 - [STDERR_REDIRECT] [Fatal Error] :1:1: Premature end of file.
2026-04-29 17:10:48,505 [ERROR] LogOutputStream:75 - [STDERR_REDIRECT] 
2026-04-29 17:10:49,504 [ERROR] LogOutputStream:75 - [STDERR_REDIRECT] [Fatal Error] :1:1: Premature end of file.
2026-04-29 17:10:49,504 [ERROR] LogOutputStream:75 - [STDERR_REDIRECT] 
2026-04-29 17:10:50,494 [ERROR] LogOutputStream:75 - [STDERR_REDIRECT] [Fatal Error] :1:1: Premature end of file.
2026-04-29 17:10:50,495 [ERROR] LogOutputStream:75 - [STDERR_REDIRECT] 
2026-04-29 17:10:51,499 [ERROR] LogOutputStream:75 - [STDERR_REDIRECT] [Fatal Error] :1:1: Premature end of file.
2026-04-29 17:10:51,500 [ERROR] LogOutputStream:75 - [STDERR_REDIRECT] 
2026-04-29 17:10:52,500 [ERROR] LogOutputStream:75 - [STDERR_REDIRECT] [Fatal Error] :1:1: Premature end of file.
2026-04-29 17:10:52,500 [ERROR] LogOutputStream:75 - [STDERR_REDIRECT] 
2026-04-29 17:10:53,495 [ERROR] LogOutputStream:75 - [STDERR_REDIRECT] [Fatal Error] :1:1: Premature end of file.
2026-04-29 17:10:53,496 [ERROR] LogOutputStream:75 - [STDERR_REDIRECT] 
2026-04-29 17:10:54,502 [ERROR] LogOutputStream:75 - [STDERR_REDIRECT] [Fatal Error] :1:1: Premature end of file.
2026-04-29 17:10:54,502 [ERROR] LogOutputStream:75 - [STDERR_REDIRECT] 
2026-04-29 17:10:55,494 [ERROR] LogOutputStream:75 - [STDERR_REDIRECT] [Fatal Error] :1:1: Premature end of file.
2026-04-29 17:10:55,494 [ERROR] LogOutputStream:75 - [STDERR_REDIRECT] 
2026-04-29 17:10:56,497 [ERROR] LogOutputStream:75 - [STDERR_REDIRECT] [Fatal Error] :1:1: Premature end of file.
2026-04-29 17:10:56,497 [ERROR] LogOutputStream:75 - [STDERR_REDIRECT] 
2026-04-29 17:10:57,501 [ERROR] LogOutputStream:75 - [STDERR_REDIRECT] [Fatal Error] :1:1: Premature end of file.
2026-04-29 17:10:57,501 [ERROR] LogOutputStream:75 - [STDERR_REDIRECT] 
2026-04-29 17:10:58,499 [ERROR] LogOutputStream:75 - [STDERR_REDIRECT] [Fatal Error] :1:1: Premature end of file.
2026-04-29 17:10:58,499 [ERROR] LogOutputStream:75 - [STDERR_REDIRECT] 
2026-04-29 17:10:59,495 [ERROR] LogOutputStream:75 - [STDERR_REDIRECT] [Fatal Error] :1:1: Premature end of file.
2026-04-29 17:10:59,495 [ERROR] LogOutputStream:75 - [STDERR_REDIRECT] 
2026-04-29 17:11:00,506 [ERROR] LogOutputStream:75 - [STDERR_REDIRECT] [Fatal Error] :1:1: Premature end of file.
2026-04-29 17:11:00,506 [ERROR] LogOutputStream:75 - [STDERR_REDIRECT] 
2026-04-29 17:11:01,504 [ERROR] LogOutputStream:75 - [STDERR_REDIRECT] [Fatal Error] :1:1: Premature end of file.
2026-04-29 17:11:01,504 [ERROR] LogOutputStream:75 - [STDERR_REDIRECT] 
2026-04-29 17:11:02,496 [ERROR] LogOutputStream:75 - [STDERR_REDIRECT] [Fatal Error] :1:1: Premature end of file.
2026-04-29 17:11:02,496 [ERROR] LogOutputStream:75 - [STDERR_REDIRECT] 
2026-04-29 17:11:03,500 [ERROR] LogOutputStream:75 - [STDERR_REDIRECT] [Fatal Error] :1:1: Premature end of file.
2026-04-29 17:11:03,501 [ERROR] LogOutputStream:75 - [STDERR_REDIRECT] 
2026-04-29 17:11:04,500 [ERROR] LogOutputStream:75 - [STDERR_REDIRECT] [Fatal Error] :1:1: Premature end of file.
2026-04-29 17:11:04,500 [ERROR] LogOutputStream:75 - [STDERR_REDIRECT] 
2026-04-29 17:11:05,497 [ERROR] LogOutputStream:75 - [STDERR_REDIRECT] [Fatal Error] :1:1: Premature end of file.
2026-04-29 17:11:05,497 [ERROR] LogOutputStream:75 - [STDERR_REDIRECT] 
2026-04-29 17:11:06,497 [ERROR] LogOutputStream:75 - [STDERR_REDIRECT] [Fatal Error] :1:1: Premature end of file.
2026-04-29 17:11:06,497 [ERROR] LogOutputStream:75 - [STDERR_REDIRECT] 
2026-04-29 17:11:07,497 [ERROR] LogOutputStream:75 - [STDERR_REDIRECT] [Fatal Error] :1:1: Premature end of file.
2026-04-29 17:11:07,497 [ERROR] LogOutputStream:75 - [STDERR_REDIRECT] 
2026-04-29 17:11:08,509 [ERROR] LogOutputStream:75 - [STDERR_REDIRECT] [Fatal Error] :1:1: Premature end of file.
2026-04-29 17:11:08,509 [ERROR] LogOutputStream:75 - [STDERR_REDIRECT] 
2026-04-29 17:11:09,500 [ERROR] LogOutputStream:75 - [STDERR_REDIRECT] [Fatal Error] :1:1: Premature end of file.
2026-04-29 17:11:09,500 [ERROR] LogOutputStream:75 - [STDERR_REDIRECT] 
2026-04-29 17:11:10,495 [ERROR] LogOutputStream:75 - [STDERR_REDIRECT] [Fatal Error] :1:1: Premature end of file.
2026-04-29 17:11:10,495 [ERROR] LogOutputStream:75 - [STDERR_REDIRECT] 
2026-04-29 17:11:11,500 [ERROR] LogOutputStream:75 - [STDERR_REDIRECT] [Fatal Error] :1:1: Premature end of file.
2026-04-29 17:11:11,500 [ERROR] LogOutputStream:75 - [STDERR_REDIRECT] 
2026-04-29 17:11:12,503 [ERROR] LogOutputStream:75 - [STDERR_REDIRECT] [Fatal Error] :1:1: Premature end of file.
2026-04-29 17:11:12,503 [ERROR] LogOutputStream:75 - [STDERR_REDIRECT] 
2026-04-29 17:11:13,495 [ERROR] LogOutputStream:75 - [STDERR_REDIRECT] [Fatal Error] :1:1: Premature end of file.
2026-04-29 17:11:13,495 [ERROR] LogOutputStream:75 - [STDERR_REDIRECT] 
2026-04-29 17:11:14,492 [ERROR] LogOutputStream:75 - [STDERR_REDIRECT] [Fatal Error] :1:1: Premature end of file.
2026-04-29 17:11:14,492 [ERROR] LogOutputStream:75 - [STDERR_REDIRECT] 
2026-04-29 17:11:15,497 [ERROR] LogOutputStream:75 - [STDERR_REDIRECT] [Fatal Error] :1:1: Premature end of file.
2026-04-29 17:11:15,497 [ERROR] LogOutputStream:75 - [STDERR_REDIRECT] 
2026-04-29 17:11:16,488 [ERROR] LogOutputStream:75 - [STDERR_REDIRECT] [Fatal Error] :1:1: Premature end of file.
2026-04-29 17:11:16,488 [ERROR] LogOutputStream:75 - [STDERR_REDIRECT] 
2026-04-29 17:11:17,502 [ERROR] LogOutputStream:75 - [STDERR_REDIRECT] [Fatal Error] :1:1: Premature end of file.
2026-04-29 17:11:17,502 [ERROR] LogOutputStream:75 - [STDERR_REDIRECT] 
2026-04-29 17:11:18,499 [ERROR] LogOutputStream:75 - [STDERR_REDIRECT] [Fatal Error] :1:1: Premature end of file.
2026-04-29 17:11:18,499 [ERROR] LogOutputStream:75 - [STDERR_REDIRECT] 
2026-04-29 17:11:19,498 [ERROR] LogOutputStream:75 - [STDERR_REDIRECT] [Fatal Error] :1:1: Premature end of file.
2026-04-29 17:11:19,498 [ERROR] LogOutputStream:75 - [STDERR_REDIRECT] 
2026-04-29 17:11:20,506 [ERROR] LogOutputStream:75 - [STDERR_REDIRECT] [Fatal Error] :1:1: Premature end of file.
2026-04-29 17:11:20,507 [ERROR] LogOutputStream:75 - [STDERR_REDIRECT] 
2026-04-29 17:11:21,505 [ERROR] LogOutputStream:75 - [STDERR_REDIRECT] [Fatal Error] :1:1: Premature end of file.
2026-04-29 17:11:21,505 [ERROR] LogOutputStream:75 - [STDERR_REDIRECT] 
2026-04-29 17:11:22,484 [ERROR] LogOutputStream:75 - [STDERR_REDIRECT] [Fatal Error] :1:1: Premature end of file.
2026-04-29 17:11:22,484 [ERROR] LogOutputStream:75 - [STDERR_REDIRECT] 
2026-04-29 17:11:23,492 [ERROR] LogOutputStream:75 - [STDERR_REDIRECT] [Fatal Error] :1:1: Premature end of file.
2026-04-29 17:11:23,492 [ERROR] LogOutputStream:75 - [STDERR_REDIRECT] 
2026-04-29 17:11:24,500 [ERROR] LogOutputStream:75 - [STDERR_REDIRECT] [Fatal Error] :1:1: Premature end of file.
2026-04-29 17:11:24,500 [ERROR] LogOutputStream:75 - [STDERR_REDIRECT] 
2026-04-29 17:11:25,498 [ERROR] LogOutputStream:75 - [STDERR_REDIRECT] [Fatal Error] :1:1: Premature end of file.
2026-04-29 17:11:25,498 [ERROR] LogOutputStream:75 - [STDERR_REDIRECT] 
2026-04-29 17:11:26,501 [ERROR] LogOutputStream:75 - [STDERR_REDIRECT] [Fatal Error] :1:1: Premature end of file.
2026-04-29 17:11:26,501 [ERROR] LogOutputStream:75 - [STDERR_REDIRECT] 
2026-04-29 17:11:27,496 [ERROR] LogOutputStream:75 - [STDERR_REDIRECT] [Fatal Error] :1:1: Premature end of file.
2026-04-29 17:11:27,496 [ERROR] LogOutputStream:75 - [STDERR_REDIRECT] 
2026-04-29 17:11:28,497 [ERROR] LogOutputStream:75 - [STDERR_REDIRECT] [Fatal Error] :1:1: Premature end of file.
2026-04-29 17:11:28,497 [ERROR] LogOutputStream:75 - [STDERR_REDIRECT] 
2026-04-29 17:11:29,497 [ERROR] LogOutputStream:75 - [STDERR_REDIRECT] [Fatal Error] :1:1: Premature end of file.
2026-04-29 17:11:29,497 [ERROR] LogOutputStream:75 - [STDERR_REDIRECT] 
2026-04-29 17:11:30,501 [ERROR] LogOutputStream:75 - [STDERR_REDIRECT] [Fatal Error] :1:1: Premature end of file.
2026-04-29 17:11:30,502 [ERROR] LogOutputStream:75 - [STDERR_REDIRECT] 
2026-04-29 17:11:31,486 [ERROR] LogOutputStream:75 - [STDERR_REDIRECT] [Fatal Error] :1:1: Premature end of file.
2026-04-29 17:11:31,486 [ERROR] LogOutputStream:75 - [STDERR_REDIRECT] 
2026-04-29 17:11:32,496 [ERROR] LogOutputStream:75 - [STDERR_REDIRECT] [Fatal Error] :1:1: Premature end of file.
2026-04-29 17:11:32,497 [ERROR] LogOutputStream:75 - [STDERR_REDIRECT] 
2026-04-29 17:11:33,493 [ERROR] LogOutputStream:75 - [STDERR_REDIRECT] [Fatal Error] :1:1: Premature end of file.
2026-04-29 17:11:33,493 [ERROR] LogOutputStream:75 - [STDERR_REDIRECT] 
2026-04-29 17:11:34,497 [ERROR] LogOutputStream:75 - [STDERR_REDIRECT] [Fatal Error] :1:1: Premature end of file.
2026-04-29 17:11:34,497 [ERROR] LogOutputStream:75 - [STDERR_REDIRECT] 
2026-04-29 17:11:35,496 [ERROR] LogOutputStream:75 - [STDERR_REDIRECT] [Fatal Error] :1:1: Premature end of file.
2026-04-29 17:11:35,496 [ERROR] LogOutputStream:75 - [STDERR_REDIRECT] 
2026-04-29 17:11:36,496 [ERROR] LogOutputStream:75 - [STDERR_REDIRECT] [Fatal Error] :1:1: Premature end of file.
2026-04-29 17:11:36,496 [ERROR] LogOutputStream:75 - [STDERR_REDIRECT] 
2026-04-29 17:11:37,498 [ERROR] LogOutputStream:75 - [STDERR_REDIRECT] [Fatal Error] :1:1: Premature end of file.
2026-04-29 17:11:37,498 [ERROR] LogOutputStream:75 - [STDERR_REDIRECT] 
2026-04-29 17:11:38,508 [ERROR] LogOutputStream:75 - [STDERR_REDIRECT] [Fatal Error] :1:1: Premature end of file.
2026-04-29 17:11:38,509 [ERROR] LogOutputStream:75 - [STDERR_REDIRECT] 
2026-04-29 17:11:39,502 [ERROR] LogOutputStream:75 - [STDERR_REDIRECT] [Fatal Error] :1:1: Premature end of file.
2026-04-29 17:11:39,502 [ERROR] LogOutputStream:75 - [STDERR_REDIRECT] 
2026-04-29 17:11:40,512 [ERROR] LogOutputStream:75 - [STDERR_REDIRECT] [Fatal Error] :1:1: Premature end of file.
2026-04-29 17:11:40,512 [ERROR] LogOutputStream:75 - [STDERR_REDIRECT] 
2026-04-29 17:11:41,496 [ERROR] LogOutputStream:75 - [STDERR_REDIRECT] [Fatal Error] :1:1: Premature end of file.
2026-04-29 17:11:41,496 [ERROR] LogOutputStream:75 - [STDERR_REDIRECT] 
2026-04-29 17:11:42,498 [ERROR] LogOutputStream:75 - [STDERR_REDIRECT] [Fatal Error] :1:1: Premature end of file.
2026-04-29 17:11:42,498 [ERROR] LogOutputStream:75 - [STDERR_REDIRECT] 
2026-04-29 17:11:43,505 [ERROR] LogOutputStream:75 - [STDERR_REDIRECT] [Fatal Error] :1:1: Premature end of file.
2026-04-29 17:11:43,505 [ERROR] LogOutputStream:75 - [STDERR_REDIRECT] 
2026-04-29 17:11:44,496 [ERROR] LogOutputStream:75 - [STDERR_REDIRECT] [Fatal Error] :1:1: Premature end of file.
2026-04-29 17:11:44,496 [ERROR] LogOutputStream:75 - [STDERR_REDIRECT] 
2026-04-29 17:11:45,499 [ERROR] LogOutputStream:75 - [STDERR_REDIRECT] [Fatal Error] :1:1: Premature end of file.
2026-04-29 17:11:45,499 [ERROR] LogOutputStream:75 - [STDERR_REDIRECT] 
2026-04-29 17:11:46,500 [ERROR] LogOutputStream:75 - [STDERR_REDIRECT] [Fatal Error] :1:1: Premature end of file.
2026-04-29 17:11:46,500 [ERROR] LogOutputStream:75 - [STDERR_REDIRECT] 
2026-04-29 17:11:47,490 [ERROR] LogOutputStream:75 - [STDERR_REDIRECT] [Fatal Error] :1:1: Premature end of file.
2026-04-29 17:11:47,490 [ERROR] LogOutputStream:75 - [STDERR_REDIRECT] 
2026-04-29 17:11:48,497 [ERROR] LogOutputStream:75 - [STDERR_REDIRECT] [Fatal Error] :1:1: Premature end of file.
2026-04-29 17:11:48,497 [ERROR] LogOutputStream:75 - [STDERR_REDIRECT] 
2026-04-29 17:11:49,501 [ERROR] LogOutputStream:75 - [STDERR_REDIRECT] [Fatal Error] :1:1: Premature end of file.
2026-04-29 17:11:49,501 [ERROR] LogOutputStream:75 - [STDERR_REDIRECT] 
2026-04-29 17:11:50,503 [ERROR] LogOutputStream:75 - [STDERR_REDIRECT] [Fatal Error] :1:1: Premature end of file.
2026-04-29 17:11:50,503 [ERROR] LogOutputStream:75 - [STDERR_REDIRECT] 
2026-04-29 17:11:51,501 [ERROR] LogOutputStream:75 - [STDERR_REDIRECT] [Fatal Error] :1:1: Premature end of file.
2026-04-29 17:11:51,501 [ERROR] LogOutputStream:75 - [STDERR_REDIRECT] 
2026-04-29 17:11:52,501 [ERROR] LogOutputStream:75 - [STDERR_REDIRECT] [Fatal Error] :1:1: Premature end of file.
2026-04-29 17:11:52,501 [ERROR] LogOutputStream:75 - [STDERR_REDIRECT] 
2026-04-29 17:11:53,501 [ERROR] LogOutputStream:75 - [STDERR_REDIRECT] [Fatal Error] :1:1: Premature end of file.
2026-04-29 17:11:53,502 [ERROR] LogOutputStream:75 - [STDERR_REDIRECT] 
2026-04-29 17:11:54,498 [ERROR] LogOutputStream:75 - [STDERR_REDIRECT] [Fatal Error] :1:1: Premature end of file.
2026-04-29 17:11:54,498 [ERROR] LogOutputStream:75 - [STDERR_REDIRECT] 
2026-04-29 17:11:55,495 [ERROR] LogOutputStream:75 - [STDERR_REDIRECT] [Fatal Error] :1:1: Premature end of file.
2026-04-29 17:11:55,495 [ERROR] LogOutputStream:75 - [STDERR_REDIRECT] 
2026-04-29 17:11:56,503 [ERROR] LogOutputStream:75 - [STDERR_REDIRECT] [Fatal Error] :1:1: Premature end of file.
2026-04-29 17:11:56,503 [ERROR] LogOutputStream:75 - [STDERR_REDIRECT] 
2026-04-29 17:11:57,500 [ERROR] LogOutputStream:75 - [STDERR_REDIRECT] [Fatal Error] :1:1: Premature end of file.
2026-04-29 17:11:57,500 [ERROR] LogOutputStream:75 - [STDERR_REDIRECT] 
2026-04-29 17:11:58,531 [ERROR] LogOutputStream:75 - [STDERR_REDIRECT] [Fatal Error] :1:1: Premature end of file.
2026-04-29 17:11:58,532 [ERROR] LogOutputStream:75 - [STDERR_REDIRECT] 
2026-04-29 17:11:59,497 [ERROR] LogOutputStream:75 - [STDERR_REDIRECT] [Fatal Error] :1:1: Premature end of file.
2026-04-29 17:11:59,498 [ERROR] LogOutputStream:75 - [STDERR_REDIRECT] 
2026-04-29 17:12:00,500 [ERROR] LogOutputStream:75 - [STDERR_REDIRECT] [Fatal Error] :1:1: Premature end of file.
2026-04-29 17:12:00,500 [ERROR] LogOutputStream:75 - [STDERR_REDIRECT] 
2026-04-29 17:12:01,511 [ERROR] LogOutputStream:75 - [STDERR_REDIRECT] [Fatal Error] :1:1: Premature end of file.
2026-04-29 17:12:01,511 [ERROR] LogOutputStream:75 - [STDERR_REDIRECT] 
2026-04-29 17:12:02,496 [ERROR] LogOutputStream:75 - [STDERR_REDIRECT] [Fatal Error] :1:1: Premature end of file.
2026-04-29 17:12:02,497 [ERROR] LogOutputStream:75 - [STDERR_REDIRECT] 
2026-04-29 17:12:03,497 [ERROR] LogOutputStream:75 - [STDERR_REDIRECT] [Fatal Error] :1:1: Premature end of file.
2026-04-29 17:12:03,497 [ERROR] LogOutputStream:75 - [STDERR_REDIRECT] 
2026-04-29 17:12:04,502 [ERROR] LogOutputStream:75 - [STDERR_REDIRECT] [Fatal Error] :1:1: Premature end of file.
2026-04-29 17:12:04,502 [ERROR] LogOutputStream:75 - [STDERR_REDIRECT] 
2026-04-29 17:12:05,496 [ERROR] LogOutputStream:75 - [STDERR_REDIRECT] [Fatal Error] :1:1: Premature end of file.
2026-04-29 17:12:05,496 [ERROR] LogOutputStream:75 - [STDERR_REDIRECT] 
2026-04-29 17:12:06,498 [ERROR] LogOutputStream:75 - [STDERR_REDIRECT] [Fatal Error] :1:1: Premature end of file.
2026-04-29 17:12:06,499 [ERROR] LogOutputStream:75 - [STDERR_REDIRECT] 
2026-04-29 17:12:07,486 [ERROR] LogOutputStream:75 - [STDERR_REDIRECT] [Fatal Error] :1:1: Premature end of file.
2026-04-29 17:12:07,486 [ERROR] LogOutputStream:75 - [STDERR_REDIRECT] 
2026-04-29 17:12:08,484 [ERROR] LogOutputStream:75 - [STDERR_REDIRECT] [Fatal Error] :1:1: Premature end of file.
2026-04-29 17:12:08,484 [ERROR] LogOutputStream:75 - [STDERR_REDIRECT] 
2026-04-29 17:12:09,494 [ERROR] LogOutputStream:75 - [STDERR_REDIRECT] [Fatal Error] :1:1: Premature end of file.
2026-04-29 17:12:09,495 [ERROR] LogOutputStream:75 - [STDERR_REDIRECT] 
2026-04-29 17:12:10,495 [ERROR] LogOutputStream:75 - [STDERR_REDIRECT] [Fatal Error] :1:1: Premature end of file.
2026-04-29 17:12:10,495 [ERROR] LogOutputStream:75 - [STDERR_REDIRECT] 
2026-04-29 17:12:11,498 [ERROR] LogOutputStream:75 - [STDERR_REDIRECT] [Fatal Error] :1:1: Premature end of file.
2026-04-29 17:12:11,499 [ERROR] LogOutputStream:75 - [STDERR_REDIRECT] 
2026-04-29 17:12:12,497 [ERROR] LogOutputStream:75 - [STDERR_REDIRECT] [Fatal Error] :1:1: Premature end of file.
2026-04-29 17:12:12,497 [ERROR] LogOutputStream:75 - [STDERR_REDIRECT] 
2026-04-29 17:12:13,501 [ERROR] LogOutputStream:75 - [STDERR_REDIRECT] [Fatal Error] :1:1: Premature end of file.
2026-04-29 17:12:13,501 [ERROR] LogOutputStream:75 - [STDERR_REDIRECT] 
2026-04-29 17:12:14,494 [ERROR] LogOutputStream:75 - [STDERR_REDIRECT] [Fatal Error] :1:1: Premature end of file.
2026-04-29 17:12:14,494 [ERROR] LogOutputStream:75 - [STDERR_REDIRECT] 
2026-04-29 17:12:15,498 [ERROR] LogOutputStream:75 - [STDERR_REDIRECT] [Fatal Error] :1:1: Premature end of file.
2026-04-29 17:12:15,498 [ERROR] LogOutputStream:75 - [STDERR_REDIRECT] 
2026-04-29 17:12:16,509 [ERROR] LogOutputStream:75 - [STDERR_REDIRECT] [Fatal Error] :1:1: Premature end of file.
2026-04-29 17:12:16,509 [ERROR] LogOutputStream:75 - [STDERR_REDIRECT] 
2026-04-29 17:12:17,505 [ERROR] LogOutputStream:75 - [STDERR_REDIRECT] [Fatal Error] :1:1: Premature end of file.
2026-04-29 17:12:17,505 [ERROR] LogOutputStream:75 - [STDERR_REDIRECT] 
2026-04-29 17:12:18,497 [ERROR] LogOutputStream:75 - [STDERR_REDIRECT] [Fatal Error] :1:1: Premature end of file.
2026-04-29 17:12:18,497 [ERROR] LogOutputStream:75 - [STDERR_REDIRECT] 
2026-04-29 17:12:19,496 [ERROR] LogOutputStream:75 - [STDERR_REDIRECT] [Fatal Error] :1:1: Premature end of file.
2026-04-29 17:12:19,496 [ERROR] LogOutputStream:75 - [STDERR_REDIRECT] 
2026-04-29 17:12:20,493 [ERROR] LogOutputStream:75 - [STDERR_REDIRECT] [Fatal Error] :1:1: Premature end of file.
2026-04-29 17:12:20,494 [ERROR] LogOutputStream:75 - [STDERR_REDIRECT] 
2026-04-29 17:12:21,509 [ERROR] LogOutputStream:75 - [STDERR_REDIRECT] [Fatal Error] :1:1: Premature end of file.
2026-04-29 17:12:21,509 [ERROR] LogOutputStream:75 - [STDERR_REDIRECT] 
2026-04-29 17:12:22,503 [ERROR] LogOutputStream:75 - [STDERR_REDIRECT] [Fatal Error] :1:1: Premature end of file.
2026-04-29 17:12:22,503 [ERROR] LogOutputStream:75 - [STDERR_REDIRECT] 
2026-04-29 17:12:23,486 [ERROR] LogOutputStream:75 - [STDERR_REDIRECT] [Fatal Error] :1:1: Premature end of file.
2026-04-29 17:12:23,486 [ERROR] LogOutputStream:75 - [STDERR_REDIRECT] 
2026-04-29 17:12:24,500 [ERROR] LogOutputStream:75 - [STDERR_REDIRECT] [Fatal Error] :1:1: Premature end of file.
2026-04-29 17:12:24,500 [ERROR] LogOutputStream:75 - [STDERR_REDIRECT] 
2026-04-29 17:12:25,501 [ERROR] LogOutputStream:75 - [STDERR_REDIRECT] [Fatal Error] :1:1: Premature end of file.
2026-04-29 17:12:25,501 [ERROR] LogOutputStream:75 - [STDERR_REDIRECT] 
2026-04-29 17:12:26,501 [ERROR] LogOutputStream:75 - [STDERR_REDIRECT] [Fatal Error] :1:1: Premature end of file.
2026-04-29 17:12:26,501 [ERROR] LogOutputStream:75 - [STDERR_REDIRECT] 
2026-04-29 17:12:27,502 [ERROR] LogOutputStream:75 - [STDERR_REDIRECT] [Fatal Error] :1:1: Premature end of file.
2026-04-29 17:12:27,503 [ERROR] LogOutputStream:75 - [STDERR_REDIRECT] 
2026-04-29 17:12:28,485 [ERROR] LogOutputStream:75 - [STDERR_REDIRECT] [Fatal Error] :1:1: Premature end of file.
2026-04-29 17:12:28,485 [ERROR] LogOutputStream:75 - [STDERR_REDIRECT] 
2026-04-29 17:12:29,496 [ERROR] LogOutputStream:75 - [STDERR_REDIRECT] [Fatal Error] :1:1: Premature end of file.
2026-04-29 17:12:29,496 [ERROR] LogOutputStream:75 - [STDERR_REDIRECT] 
2026-04-29 17:12:30,492 [ERROR] LogOutputStream:75 - [STDERR_REDIRECT] [Fatal Error] :1:1: Premature end of file.
2026-04-29 17:12:30,492 [ERROR] LogOutputStream:75 - [STDERR_REDIRECT] 
2026-04-29 17:12:31,484 [ERROR] LogOutputStream:75 - [STDERR_REDIRECT] [Fatal Error] :1:1: Premature end of file.
2026-04-29 17:12:31,484 [ERROR] LogOutputStream:75 - [STDERR_REDIRECT] 
2026-04-29 17:12:32,499 [ERROR] LogOutputStream:75 - [STDERR_REDIRECT] [Fatal Error] :1:1: Premature end of file.
2026-04-29 17:12:32,499 [ERROR] LogOutputStream:75 - [STDERR_REDIRECT] 
2026-04-29 17:12:33,505 [ERROR] LogOutputStream:75 - [STDERR_REDIRECT] [Fatal Error] :1:1: Premature end of file.
2026-04-29 17:12:33,505 [ERROR] LogOutputStream:75 - [STDERR_REDIRECT] 
2026-04-29 17:12:34,493 [ERROR] LogOutputStream:75 - [STDERR_REDIRECT] [Fatal Error] :1:1: Premature end of file.
2026-04-29 17:12:34,493 [ERROR] LogOutputStream:75 - [STDERR_REDIRECT] 
2026-04-29 17:12:35,498 [ERROR] LogOutputStream:75 - [STDERR_REDIRECT] [Fatal Error] :1:1: Premature end of file.
2026-04-29 17:12:35,498 [ERROR] LogOutputStream:75 - [STDERR_REDIRECT] 
2026-04-29 17:12:36,498 [ERROR] LogOutputStream:75 - [STDERR_REDIRECT] [Fatal Error] :1:1: Premature end of file.
2026-04-29 17:12:36,498 [ERROR] LogOutputStream:75 - [STDERR_REDIRECT] 
2026-04-29 17:12:37,499 [ERROR] LogOutputStream:75 - [STDERR_REDIRECT] [Fatal Error] :1:1: Premature end of file.
2026-04-29 17:12:37,499 [ERROR] LogOutputStream:75 - [STDERR_REDIRECT] 
2026-04-29 17:12:38,501 [ERROR] LogOutputStream:75 - [STDERR_REDIRECT] [Fatal Error] :1:1: Premature end of file.
2026-04-29 17:12:38,501 [ERROR] LogOutputStream:75 - [STDERR_REDIRECT] 
2026-04-29 17:12:39,497 [ERROR] LogOutputStream:75 - [STDERR_REDIRECT] [Fatal Error] :1:1: Premature end of file.
2026-04-29 17:12:39,497 [ERROR] LogOutputStream:75 - [STDERR_REDIRECT] 
2026-04-29 17:12:40,500 [ERROR] LogOutputStream:75 - [STDERR_REDIRECT] [Fatal Error] :1:1: Premature end of file.
2026-04-29 17:12:40,500 [ERROR] LogOutputStream:75 - [STDERR_REDIRECT] 
2026-04-29 17:12:41,508 [ERROR] LogOutputStream:75 - [STDERR_REDIRECT] [Fatal Error] :1:1: Premature end of file.
2026-04-29 17:12:41,508 [ERROR] LogOutputStream:75 - [STDERR_REDIRECT] 
2026-04-29 17:12:42,496 [ERROR] LogOutputStream:75 - [STDERR_REDIRECT] [Fatal Error] :1:1: Premature end of file.
2026-04-29 17:12:42,496 [ERROR] LogOutputStream:75 - [STDERR_REDIRECT] 
2026-04-29 17:12:43,497 [ERROR] LogOutputStream:75 - [STDERR_REDIRECT] [Fatal Error] :1:1: Premature end of file.
2026-04-29 17:12:43,497 [ERROR] LogOutputStream:75 - [STDERR_REDIRECT] 
2026-04-29 17:12:44,499 [ERROR] LogOutputStream:75 - [STDERR_REDIRECT] [Fatal Error] :1:1: Premature end of file.
2026-04-29 17:12:44,499 [ERROR] LogOutputStream:75 - [STDERR_REDIRECT] 
2026-04-29 17:12:45,500 [ERROR] LogOutputStream:75 - [STDERR_REDIRECT] [Fatal Error] :1:1: Premature end of file.
2026-04-29 17:12:45,500 [ERROR] LogOutputStream:75 - [STDERR_REDIRECT] 
2026-04-29 17:12:46,504 [ERROR] LogOutputStream:75 - [STDERR_REDIRECT] [Fatal Error] :1:1: Premature end of file.
2026-04-29 17:12:46,504 [ERROR] LogOutputStream:75 - [STDERR_REDIRECT] 
2026-04-29 17:12:47,497 [ERROR] LogOutputStream:75 - [STDERR_REDIRECT] [Fatal Error] :1:1: Premature end of file.
2026-04-29 17:12:47,497 [ERROR] LogOutputStream:75 - [STDERR_REDIRECT] 
2026-04-29 17:12:48,496 [ERROR] LogOutputStream:75 - [STDERR_REDIRECT] [Fatal Error] :1:1: Premature end of file.
2026-04-29 17:12:48,496 [ERROR] LogOutputStream:75 - [STDERR_REDIRECT] 
2026-04-29 17:12:49,506 [ERROR] LogOutputStream:75 - [STDERR_REDIRECT] [Fatal Error] :1:1: Premature end of file.
2026-04-29 17:12:49,506 [ERROR] LogOutputStream:75 - [STDERR_REDIRECT] 
2026-04-29 17:12:50,487 [ERROR] LogOutputStream:75 - [STDERR_REDIRECT] [Fatal Error] :1:1: Premature end of file.
2026-04-29 17:12:50,487 [ERROR] LogOutputStream:75 - [STDERR_REDIRECT] 
2026-04-29 17:12:51,505 [ERROR] LogOutputStream:75 - [STDERR_REDIRECT] [Fatal Error] :1:1: Premature end of file.
2026-04-29 17:12:51,505 [ERROR] LogOutputStream:75 - [STDERR_REDIRECT] 
2026-04-29 17:12:52,514 [ERROR] LogOutputStream:75 - [STDERR_REDIRECT] [Fatal Error] :1:1: Premature end of file.
2026-04-29 17:12:52,514 [ERROR] LogOutputStream:75 - [STDERR_REDIRECT] 
2026-04-29 17:12:53,496 [ERROR] LogOutputStream:75 - [STDERR_REDIRECT] [Fatal Error] :1:1: Premature end of file.
2026-04-29 17:12:53,497 [ERROR] LogOutputStream:75 - [STDERR_REDIRECT] 
2026-04-29 17:12:54,496 [ERROR] LogOutputStream:75 - [STDERR_REDIRECT] [Fatal Error] :1:1: Premature end of file.
2026-04-29 17:12:54,496 [ERROR] LogOutputStream:75 - [STDERR_REDIRECT] 
2026-04-29 17:12:55,500 [ERROR] LogOutputStream:75 - [STDERR_REDIRECT] [Fatal Error] :1:1: Premature end of file.
2026-04-29 17:12:55,500 [ERROR] LogOutputStream:75 - [STDERR_REDIRECT] 
2026-04-29 17:12:56,506 [ERROR] LogOutputStream:75 - [STDERR_REDIRECT] [Fatal Error] :1:1: Premature end of file.
2026-04-29 17:12:56,507 [ERROR] LogOutputStream:75 - [STDERR_REDIRECT] 
2026-04-29 17:12:57,501 [ERROR] LogOutputStream:75 - [STDERR_REDIRECT] [Fatal Error] :1:1: Premature end of file.
2026-04-29 17:12:57,501 [ERROR] LogOutputStream:75 - [STDERR_REDIRECT] 
2026-04-29 17:12:58,499 [ERROR] LogOutputStream:75 - [STDERR_REDIRECT] [Fatal Error] :1:1: Premature end of file.
2026-04-29 17:12:58,499 [ERROR] LogOutputStream:75 - [STDERR_REDIRECT] 
2026-04-29 17:12:59,502 [ERROR] LogOutputStream:75 - [STDERR_REDIRECT] [Fatal Error] :1:1: Premature end of file.
2026-04-29 17:12:59,502 [ERROR] LogOutputStream:75 - [STDERR_REDIRECT] 
2026-04-29 17:13:00,499 [ERROR] LogOutputStream:75 - [STDERR_REDIRECT] [Fatal Error] :1:1: Premature end of file.
2026-04-29 17:13:00,499 [ERROR] LogOutputStream:75 - [STDERR_REDIRECT] 
2026-04-29 17:13:01,496 [ERROR] LogOutputStream:75 - [STDERR_REDIRECT] [Fatal Error] :1:1: Premature end of file.
2026-04-29 17:13:01,497 [ERROR] LogOutputStream:75 - [STDERR_REDIRECT] 
2026-04-29 17:13:02,506 [ERROR] LogOutputStream:75 - [STDERR_REDIRECT] [Fatal Error] :1:1: Premature end of file.
2026-04-29 17:13:02,506 [ERROR] LogOutputStream:75 - [STDERR_REDIRECT] 
2026-04-29 17:13:03,487 [ERROR] LogOutputStream:75 - [STDERR_REDIRECT] [Fatal Error] :1:1: Premature end of file.
2026-04-29 17:13:03,488 [ERROR] LogOutputStream:75 - [STDERR_REDIRECT] 
2026-04-29 17:13:04,495 [ERROR] LogOutputStream:75 - [STDERR_REDIRECT] [Fatal Error] :1:1: Premature end of file.
2026-04-29 17:13:04,495 [ERROR] LogOutputStream:75 - [STDERR_REDIRECT] 
2026-04-29 17:13:05,497 [ERROR] LogOutputStream:75 - [STDERR_REDIRECT] [Fatal Error] :1:1: Premature end of file.
2026-04-29 17:13:05,497 [ERROR] LogOutputStream:75 - [STDERR_REDIRECT] 
2026-04-29 17:13:06,501 [ERROR] LogOutputStream:75 - [STDERR_REDIRECT] [Fatal Error] :1:1: Premature end of file.
2026-04-29 17:13:06,501 [ERROR] LogOutputStream:75 - [STDERR_REDIRECT] 
2026-04-29 17:13:07,500 [ERROR] LogOutputStream:75 - [STDERR_REDIRECT] [Fatal Error] :1:1: Premature end of file.
2026-04-29 17:13:07,500 [ERROR] LogOutputStream:75 - [STDERR_REDIRECT] 
2026-04-29 17:13:08,496 [ERROR] LogOutputStream:75 - [STDERR_REDIRECT] [Fatal Error] :1:1: Premature end of file.
2026-04-29 17:13:08,496 [ERROR] LogOutputStream:75 - [STDERR_REDIRECT] 
2026-04-29 17:13:09,496 [ERROR] LogOutputStream:75 - [STDERR_REDIRECT] [Fatal Error] :1:1: Premature end of file.
2026-04-29 17:13:09,496 [ERROR] LogOutputStream:75 - [STDERR_REDIRECT] 
2026-04-29 17:13:10,494 [ERROR] LogOutputStream:75 - [STDERR_REDIRECT] [Fatal Error] :1:1: Premature end of file.
2026-04-29 17:13:10,495 [ERROR] LogOutputStream:75 - [STDERR_REDIRECT] 
2026-04-29 17:13:11,508 [ERROR] LogOutputStream:75 - [STDERR_REDIRECT] [Fatal Error] :1:1: Premature end of file.
2026-04-29 17:13:11,508 [ERROR] LogOutputStream:75 - [STDERR_REDIRECT] 
2026-04-29 17:13:12,494 [ERROR] LogOutputStream:75 - [STDERR_REDIRECT] [Fatal Error] :1:1: Premature end of file.
2026-04-29 17:13:12,494 [ERROR] LogOutputStream:75 - [STDERR_REDIRECT] 
2026-04-29 17:13:13,494 [ERROR] LogOutputStream:75 - [STDERR_REDIRECT] [Fatal Error] :1:1: Premature end of file.
2026-04-29 17:13:13,494 [ERROR] LogOutputStream:75 - [STDERR_REDIRECT] 
2026-04-29 17:13:14,501 [ERROR] LogOutputStream:75 - [STDERR_REDIRECT] [Fatal Error] :1:1: Premature end of file.
2026-04-29 17:13:14,501 [ERROR] LogOutputStream:75 - [STDERR_REDIRECT] 
2026-04-29 17:13:15,498 [ERROR] LogOutputStream:75 - [STDERR_REDIRECT] [Fatal Error] :1:1: Premature end of file.
2026-04-29 17:13:15,499 [ERROR] LogOutputStream:75 - [STDERR_REDIRECT] 
2026-04-29 17:13:16,489 [ERROR] LogOutputStream:75 - [STDERR_REDIRECT] [Fatal Error] :1:1: Premature end of file.
2026-04-29 17:13:16,489 [ERROR] LogOutputStream:75 - [STDERR_REDIRECT] 
2026-04-29 17:13:17,500 [ERROR] LogOutputStream:75 - [STDERR_REDIRECT] [Fatal Error] :1:1: Premature end of file.
2026-04-29 17:13:17,500 [ERROR] LogOutputStream:75 - [STDERR_REDIRECT] 
2026-04-29 17:13:18,502 [ERROR] LogOutputStream:75 - [STDERR_REDIRECT] [Fatal Error] :1:1: Premature end of file.
2026-04-29 17:13:18,502 [ERROR] LogOutputStream:75 - [STDERR_REDIRECT] 
2026-04-29 17:13:19,499 [ERROR] LogOutputStream:75 - [STDERR_REDIRECT] [Fatal Error] :1:1: Premature end of file.
2026-04-29 17:13:19,499 [ERROR] LogOutputStream:75 - [STDERR_REDIRECT] 
2026-04-29 17:13:20,506 [ERROR] LogOutputStream:75 - [STDERR_REDIRECT] [Fatal Error] :1:1: Premature end of file.
2026-04-29 17:13:20,506 [ERROR] LogOutputStream:75 - [STDERR_REDIRECT] 
2026-04-29 17:13:21,499 [ERROR] LogOutputStream:75 - [STDERR_REDIRECT] [Fatal Error] :1:1: Premature end of file.
2026-04-29 17:13:21,499 [ERROR] LogOutputStream:75 - [STDERR_REDIRECT] 
2026-04-29 17:13:22,500 [ERROR] LogOutputStream:75 - [STDERR_REDIRECT] [Fatal Error] :1:1: Premature end of file.
2026-04-29 17:13:22,500 [ERROR] LogOutputStream:75 - [STDERR_REDIRECT] 
2026-04-29 17:13:23,504 [ERROR] LogOutputStream:75 - [STDERR_REDIRECT] [Fatal Error] :1:1: Premature end of file.
2026-04-29 17:13:23,504 [ERROR] LogOutputStream:75 - [STDERR_REDIRECT] 
2026-04-29 17:13:24,526 [ERROR] LogOutputStream:75 - [STDERR_REDIRECT] [Fatal Error] :1:1: Premature end of file.
2026-04-29 17:13:24,529 [ERROR] LogOutputStream:75 - [STDERR_REDIRECT] 
2026-04-29 17:13:25,504 [ERROR] LogOutputStream:75 - [STDERR_REDIRECT] [Fatal Error] :1:1: Premature end of file.
2026-04-29 17:13:25,505 [ERROR] LogOutputStream:75 - [STDERR_REDIRECT] 
2026-04-29 17:13:26,510 [ERROR] LogOutputStream:75 - [STDERR_REDIRECT] [Fatal Error] :1:1: Premature end of file.
2026-04-29 17:13:26,511 [ERROR] LogOutputStream:75 - [STDERR_REDIRECT] 
2026-04-29 17:13:27,499 [ERROR] LogOutputStream:75 - [STDERR_REDIRECT] [Fatal Error] :1:1: Premature end of file.
2026-04-29 17:13:27,499 [ERROR] LogOutputStream:75 - [STDERR_REDIRECT] 
2026-04-29 17:13:28,495 [ERROR] LogOutputStream:75 - [STDERR_REDIRECT] [Fatal Error] :1:1: Premature end of file.
2026-04-29 17:13:28,495 [ERROR] LogOutputStream:75 - [STDERR_REDIRECT] 
2026-04-29 17:13:29,519 [ERROR] LogOutputStream:75 - [STDERR_REDIRECT] [Fatal Error] :1:1: Premature end of file.
2026-04-29 17:13:29,519 [ERROR] LogOutputStream:75 - [STDERR_REDIRECT] 
2026-04-29 17:13:30,503 [ERROR] LogOutputStream:75 - [STDERR_REDIRECT] [Fatal Error] :1:1: Premature end of file.
2026-04-29 17:13:30,503 [ERROR] LogOutputStream:75 - [STDERR_REDIRECT] 
2026-04-29 17:13:31,505 [ERROR] LogOutputStream:75 - [STDERR_REDIRECT] [Fatal Error] :1:1: Premature end of file.
2026-04-29 17:13:31,506 [ERROR] LogOutputStream:75 - [STDERR_REDIRECT] 
2026-04-29 17:13:32,497 [ERROR] LogOutputStream:75 - [STDERR_REDIRECT] [Fatal Error] :1:1: Premature end of file.
2026-04-29 17:13:32,497 [ERROR] LogOutputStream:75 - [STDERR_REDIRECT] 
2026-04-29 17:13:33,498 [ERROR] LogOutputStream:75 - [STDERR_REDIRECT] [Fatal Error] :1:1: Premature end of file.
2026-04-29 17:13:33,498 [ERROR] LogOutputStream:75 - [STDERR_REDIRECT] 
2026-04-29 17:13:34,503 [ERROR] LogOutputStream:75 - [STDERR_REDIRECT] [Fatal Error] :1:1: Premature end of file.
2026-04-29 17:13:34,503 [ERROR] LogOutputStream:75 - [STDERR_REDIRECT] 
2026-04-29 17:13:35,494 [ERROR] LogOutputStream:75 - [STDERR_REDIRECT] [Fatal Error] :1:1: Premature end of file.
2026-04-29 17:13:35,494 [ERROR] LogOutputStream:75 - [STDERR_REDIRECT] 
2026-04-29 17:13:36,498 [ERROR] LogOutputStream:75 - [STDERR_REDIRECT] [Fatal Error] :1:1: Premature end of file.
2026-04-29 17:13:36,498 [ERROR] LogOutputStream:75 - [STDERR_REDIRECT] 
2026-04-29 17:13:37,518 [ERROR] LogOutputStream:75 - [STDERR_REDIRECT] [Fatal Error] :1:1: Premature end of file.
2026-04-29 17:13:37,518 [ERROR] LogOutputStream:75 - [STDERR_REDIRECT] 
2026-04-29 17:13:38,513 [ERROR] LogOutputStream:75 - [STDERR_REDIRECT] [Fatal Error] :1:1: Premature end of file.
2026-04-29 17:13:38,513 [ERROR] LogOutputStream:75 - [STDERR_REDIRECT] 
2026-04-29 17:13:39,518 [ERROR] LogOutputStream:75 - [STDERR_REDIRECT] [Fatal Error] :1:1: Premature end of file.
2026-04-29 17:13:39,518 [ERROR] LogOutputStream:75 - [STDERR_REDIRECT] 
2026-04-29 17:13:40,511 [ERROR] LogOutputStream:75 - [STDERR_REDIRECT] [Fatal Error] :1:1: Premature end of file.
2026-04-29 17:13:40,511 [ERROR] LogOutputStream:75 - [STDERR_REDIRECT] 
2026-04-29 17:13:41,522 [ERROR] LogOutputStream:75 - [STDERR_REDIRECT] [Fatal Error] :1:1: Premature end of file.
2026-04-29 17:13:41,522 [ERROR] LogOutputStream:75 - [STDERR_REDIRECT] 
2026-04-29 17:13:42,527 [ERROR] LogOutputStream:75 - [STDERR_REDIRECT] [Fatal Error] :1:1: Premature end of file.
2026-04-29 17:13:42,527 [ERROR] LogOutputStream:75 - [STDERR_REDIRECT] 
2026-04-29 17:13:43,524 [ERROR] LogOutputStream:75 - [STDERR_REDIRECT] [Fatal Error] :1:1: Premature end of file.
2026-04-29 17:13:43,524 [ERROR] LogOutputStream:75 - [STDERR_REDIRECT] 
2026-04-29 17:13:44,515 [ERROR] LogOutputStream:75 - [STDERR_REDIRECT] [Fatal Error] :1:1: Premature end of file.
2026-04-29 17:13:44,522 [ERROR] LogOutputStream:75 - [STDERR_REDIRECT] 
2026-04-29 17:13:45,540 [ERROR] LogOutputStream:75 - [STDERR_REDIRECT] [Fatal Error] :1:1: Premature end of file.
2026-04-29 17:13:45,540 [ERROR] LogOutputStream:75 - [STDERR_REDIRECT] 
2026-04-29 17:13:46,501 [ERROR] LogOutputStream:75 - [STDERR_REDIRECT] [Fatal Error] :1:1: Premature end of file.
2026-04-29 17:13:46,501 [ERROR] LogOutputStream:75 - [STDERR_REDIRECT] 
2026-04-29 17:13:47,507 [ERROR] LogOutputStream:75 - [STDERR_REDIRECT] [Fatal Error] :1:1: Premature end of file.
2026-04-29 17:13:47,510 [ERROR] LogOutputStream:75 - [STDERR_REDIRECT] 
2026-04-29 17:13:48,514 [ERROR] LogOutputStream:75 - [STDERR_REDIRECT] [Fatal Error] :1:1: Premature end of file.
2026-04-29 17:13:48,514 [ERROR] LogOutputStream:75 - [STDERR_REDIRECT] 
2026-04-29 17:13:49,514 [ERROR] LogOutputStream:75 - [STDERR_REDIRECT] [Fatal Error] :1:1: Premature end of file.
2026-04-29 17:13:49,514 [ERROR] LogOutputStream:75 - [STDERR_REDIRECT] 
2026-04-29 17:13:50,491 [ERROR] LogOutputStream:75 - [STDERR_REDIRECT] [Fatal Error] :1:1: Premature end of file.
2026-04-29 17:13:50,491 [ERROR] LogOutputStream:75 - [STDERR_REDIRECT] 
2026-04-29 17:13:51,508 [ERROR] LogOutputStream:75 - [STDERR_REDIRECT] [Fatal Error] :1:1: Premature end of file.
2026-04-29 17:13:51,509 [ERROR] LogOutputStream:75 - [STDERR_REDIRECT] 
2026-04-29 17:13:52,513 [ERROR] LogOutputStream:75 - [STDERR_REDIRECT] [Fatal Error] :1:1: Premature end of file.
2026-04-29 17:13:52,513 [ERROR] LogOutputStream:75 - [STDERR_REDIRECT] 
2026-04-29 17:13:53,508 [ERROR] LogOutputStream:75 - [STDERR_REDIRECT] [Fatal Error] :1:1: Premature end of file.
2026-04-29 17:13:53,508 [ERROR] LogOutputStream:75 - [STDERR_REDIRECT] 
2026-04-29 17:13:54,527 [ERROR] LogOutputStream:75 - [STDERR_REDIRECT] [Fatal Error] :1:1: Premature end of file.
2026-04-29 17:13:54,527 [ERROR] LogOutputStream:75 - [STDERR_REDIRECT] 
2026-04-29 17:13:55,515 [ERROR] LogOutputStream:75 - [STDERR_REDIRECT] [Fatal Error] :1:1: Premature end of file.
2026-04-29 17:13:55,515 [ERROR] LogOutputStream:75 - [STDERR_REDIRECT] 
2026-04-29 17:13:56,522 [ERROR] LogOutputStream:75 - [STDERR_REDIRECT] [Fatal Error] :1:1: Premature end of file.
2026-04-29 17:13:56,522 [ERROR] LogOutputStream:75 - [STDERR_REDIRECT] 
2026-04-29 17:13:57,497 [ERROR] LogOutputStream:75 - [STDERR_REDIRECT] [Fatal Error] :1:1: Premature end of file.
2026-04-29 17:13:57,512 [ERROR] LogOutputStream:75 - [STDERR_REDIRECT] 
2026-04-29 17:13:58,513 [ERROR] LogOutputStream:75 - [STDERR_REDIRECT] [Fatal Error] :1:1: Premature end of file.
2026-04-29 17:13:58,513 [ERROR] LogOutputStream:75 - [STDERR_REDIRECT] 
2026-04-29 17:13:59,515 [ERROR] LogOutputStream:75 - [STDERR_REDIRECT] [Fatal Error] :1:1: Premature end of file.
2026-04-29 17:13:59,515 [ERROR] LogOutputStream:75 - [STDERR_REDIRECT] 
2026-04-29 17:14:00,512 [ERROR] LogOutputStream:75 - [STDERR_REDIRECT] [Fatal Error] :1:1: Premature end of file.
2026-04-29 17:14:00,512 [ERROR] LogOutputStream:75 - [STDERR_REDIRECT] 
2026-04-29 17:14:01,527 [ERROR] LogOutputStream:75 - [STDERR_REDIRECT] [Fatal Error] :1:1: Premature end of file.
2026-04-29 17:14:01,527 [ERROR] LogOutputStream:75 - [STDERR_REDIRECT] 
2026-04-29 17:14:02,513 [ERROR] LogOutputStream:75 - [STDERR_REDIRECT] [Fatal Error] :1:1: Premature end of file.
2026-04-29 17:14:02,513 [ERROR] LogOutputStream:75 - [STDERR_REDIRECT] 
2026-04-29 17:14:03,516 [ERROR] LogOutputStream:75 - [STDERR_REDIRECT] [Fatal Error] :1:1: Premature end of file.
2026-04-29 17:14:03,516 [ERROR] LogOutputStream:75 - [STDERR_REDIRECT] 
2026-04-29 17:14:04,517 [ERROR] LogOutputStream:75 - [STDERR_REDIRECT] [Fatal Error] :1:1: Premature end of file.
2026-04-29 17:14:04,517 [ERROR] LogOutputStream:75 - [STDERR_REDIRECT] 
2026-04-29 17:14:05,505 [ERROR] LogOutputStream:75 - [STDERR_REDIRECT] [Fatal Error] :1:1: Premature end of file.
2026-04-29 17:14:05,505 [ERROR] LogOutputStream:75 - [STDERR_REDIRECT] 
2026-04-29 17:14:06,515 [ERROR] LogOutputStream:75 - [STDERR_REDIRECT] [Fatal Error] :1:1: Premature end of file.
2026-04-29 17:14:06,515 [ERROR] LogOutputStream:75 - [STDERR_REDIRECT] 
2026-04-29 17:14:07,506 [ERROR] LogOutputStream:75 - [STDERR_REDIRECT] [Fatal Error] :1:1: Premature end of file.
2026-04-29 17:14:07,506 [ERROR] LogOutputStream:75 - [STDERR_REDIRECT] 
2026-04-29 17:14:08,513 [ERROR] LogOutputStream:75 - [STDERR_REDIRECT] [Fatal Error] :1:1: Premature end of file.
2026-04-29 17:14:08,513 [ERROR] LogOutputStream:75 - [STDERR_REDIRECT] 
2026-04-29 17:14:09,522 [ERROR] LogOutputStream:75 - [STDERR_REDIRECT] [Fatal Error] :1:1: Premature end of file.
2026-04-29 17:14:09,522 [ERROR] LogOutputStream:75 - [STDERR_REDIRECT] 
2026-04-29 17:14:10,519 [ERROR] LogOutputStream:75 - [STDERR_REDIRECT] [Fatal Error] :1:1: Premature end of file.
2026-04-29 17:14:10,519 [ERROR] LogOutputStream:75 - [STDERR_REDIRECT] 
2026-04-29 17:14:11,517 [ERROR] LogOutputStream:75 - [STDERR_REDIRECT] [Fatal Error] :1:1: Premature end of file.
2026-04-29 17:14:11,517 [ERROR] LogOutputStream:75 - [STDERR_REDIRECT] 
2026-04-29 17:14:12,487 [ERROR] LogOutputStream:75 - [STDERR_REDIRECT] [Fatal Error] :1:1: Premature end of file.
2026-04-29 17:14:12,487 [ERROR] LogOutputStream:75 - [STDERR_REDIRECT] 
2026-04-29 17:14:13,493 [ERROR] LogOutputStream:75 - [STDERR_REDIRECT] [Fatal Error] :1:1: Premature end of file.
2026-04-29 17:14:13,493 [ERROR] LogOutputStream:75 - [STDERR_REDIRECT] 
2026-04-29 17:14:14,524 [ERROR] LogOutputStream:75 - [STDERR_REDIRECT] [Fatal Error] :1:1: Premature end of file.
2026-04-29 17:14:14,524 [ERROR] LogOutputStream:75 - [STDERR_REDIRECT] 
2026-04-29 17:14:15,509 [ERROR] LogOutputStream:75 - [STDERR_REDIRECT] [Fatal Error] :1:1: Premature end of file.
2026-04-29 17:14:15,513 [ERROR] LogOutputStream:75 - [STDERR_REDIRECT] 
2026-04-29 17:14:16,525 [ERROR] LogOutputStream:75 - [STDERR_REDIRECT] [Fatal Error] :1:1: Premature end of file.
2026-04-29 17:14:16,525 [ERROR] LogOutputStream:75 - [STDERR_REDIRECT] 
2026-04-29 17:14:17,502 [ERROR] LogOutputStream:75 - [STDERR_REDIRECT] [Fatal Error] :1:1: Premature end of file.
2026-04-29 17:14:17,502 [ERROR] LogOutputStream:75 - [STDERR_REDIRECT] 
2026-04-29 17:14:18,547 [ERROR] LogOutputStream:75 - [STDERR_REDIRECT] [Fatal Error] :1:1: Premature end of file.
2026-04-29 17:14:18,547 [ERROR] LogOutputStream:75 - [STDERR_REDIRECT] 
2026-04-29 17:14:19,515 [ERROR] LogOutputStream:75 - [STDERR_REDIRECT] [Fatal Error] :1:1: Premature end of file.
2026-04-29 17:14:19,515 [ERROR] LogOutputStream:75 - [STDERR_REDIRECT] 
2026-04-29 17:14:20,556 [ERROR] LogOutputStream:75 - [STDERR_REDIRECT] [Fatal Error] :1:1: Premature end of file.
2026-04-29 17:14:20,556 [ERROR] LogOutputStream:75 - [STDERR_REDIRECT] 
2026-04-29 17:14:21,553 [ERROR] LogOutputStream:75 - [STDERR_REDIRECT] [Fatal Error] :1:1: Premature end of file.
2026-04-29 17:14:21,553 [ERROR] LogOutputStream:75 - [STDERR_REDIRECT] 
2026-04-29 17:14:22,509 [ERROR] LogOutputStream:75 - [STDERR_REDIRECT] [Fatal Error] :1:1: Premature end of file.
2026-04-29 17:14:22,509 [ERROR] LogOutputStream:75 - [STDERR_REDIRECT] 
2026-04-29 17:14:23,518 [ERROR] LogOutputStream:75 - [STDERR_REDIRECT] [Fatal Error] :1:1: Premature end of file.
2026-04-29 17:14:23,518 [ERROR] LogOutputStream:75 - [STDERR_REDIRECT] 
2026-04-29 17:14:24,517 [ERROR] LogOutputStream:75 - [STDERR_REDIRECT] [Fatal Error] :1:1: Premature end of file.
2026-04-29 17:14:24,526 [ERROR] LogOutputStream:75 - [STDERR_REDIRECT] 
2026-04-29 17:14:25,522 [ERROR] LogOutputStream:75 - [STDERR_REDIRECT] [Fatal Error] :1:1: Premature end of file.
2026-04-29 17:14:25,522 [ERROR] LogOutputStream:75 - [STDERR_REDIRECT] 
2026-04-29 17:14:26,524 [ERROR] LogOutputStream:75 - [STDERR_REDIRECT] [Fatal Error] :1:1: Premature end of file.
2026-04-29 17:14:26,524 [ERROR] LogOutputStream:75 - [STDERR_REDIRECT] 
2026-04-29 17:14:27,535 [ERROR] LogOutputStream:75 - [STDERR_REDIRECT] [Fatal Error] :1:1: Premature end of file.
2026-04-29 17:14:27,535 [ERROR] LogOutputStream:75 - [STDERR_REDIRECT] 
2026-04-29 17:14:28,508 [ERROR] LogOutputStream:75 - [STDERR_REDIRECT] [Fatal Error] :1:1: Premature end of file.
2026-04-29 17:14:28,508 [ERROR] LogOutputStream:75 - [STDERR_REDIRECT] 
2026-04-29 17:14:29,529 [ERROR] LogOutputStream:75 - [STDERR_REDIRECT] [Fatal Error] :1:1: Premature end of file.
2026-04-29 17:14:29,529 [ERROR] LogOutputStream:75 - [STDERR_REDIRECT] 
2026-04-29 17:14:30,516 [ERROR] LogOutputStream:75 - [STDERR_REDIRECT] [Fatal Error] :1:1: Premature end of file.
2026-04-29 17:14:30,516 [ERROR] LogOutputStream:75 - [STDERR_REDIRECT] 
2026-04-29 17:14:31,538 [ERROR] LogOutputStream:75 - [STDERR_REDIRECT] [Fatal Error] :1:1: Premature end of file.
2026-04-29 17:14:31,538 [ERROR] LogOutputStream:75 - [STDERR_REDIRECT] 
2026-04-29 17:14:32,525 [ERROR] LogOutputStream:75 - [STDERR_REDIRECT] [Fatal Error] :1:1: Premature end of file.
2026-04-29 17:14:32,525 [ERROR] LogOutputStream:75 - [STDERR_REDIRECT] 
2026-04-29 17:14:33,511 [ERROR] LogOutputStream:75 - [STDERR_REDIRECT] [Fatal Error] :1:1: Premature end of file.
2026-04-29 17:14:33,511 [ERROR] LogOutputStream:75 - [STDERR_REDIRECT] 
2026-04-29 17:14:34,532 [ERROR] LogOutputStream:75 - [STDERR_REDIRECT] [Fatal Error] :1:1: Premature end of file.
2026-04-29 17:14:34,534 [ERROR] LogOutputStream:75 - [STDERR_REDIRECT] 
2026-04-29 17:14:35,513 [ERROR] LogOutputStream:75 - [STDERR_REDIRECT] [Fatal Error] :1:1: Premature end of file.
2026-04-29 17:14:35,513 [ERROR] LogOutputStream:75 - [STDERR_REDIRECT] 
2026-04-29 17:14:36,515 [ERROR] LogOutputStream:75 - [STDERR_REDIRECT] [Fatal Error] :1:1: Premature end of file.
2026-04-29 17:14:36,523 [ERROR] LogOutputStream:75 - [STDERR_REDIRECT] 
2026-04-29 17:14:37,523 [ERROR] LogOutputStream:75 - [STDERR_REDIRECT] [Fatal Error] :1:1: Premature end of file.
2026-04-29 17:14:37,523 [ERROR] LogOutputStream:75 - [STDERR_REDIRECT] 
2026-04-29 17:14:38,522 [ERROR] LogOutputStream:75 - [STDERR_REDIRECT] [Fatal Error] :1:1: Premature end of file.
2026-04-29 17:14:38,522 [ERROR] LogOutputStream:75 - [STDERR_REDIRECT] 
2026-04-29 17:14:39,494 [ERROR] LogOutputStream:75 - [STDERR_REDIRECT] [Fatal Error] :1:1: Premature end of file.
2026-04-29 17:14:39,494 [ERROR] LogOutputStream:75 - [STDERR_REDIRECT] 
2026-04-29 17:14:40,497 [ERROR] LogOutputStream:75 - [STDERR_REDIRECT] [Fatal Error] :1:1: Premature end of file.
2026-04-29 17:14:40,497 [ERROR] LogOutputStream:75 - [STDERR_REDIRECT] 
2026-04-29 17:14:41,508 [ERROR] LogOutputStream:75 - [STDERR_REDIRECT] [Fatal Error] :1:1: Premature end of file.
2026-04-29 17:14:41,508 [ERROR] LogOutputStream:75 - [STDERR_REDIRECT] 
2026-04-29 17:14:42,527 [ERROR] LogOutputStream:75 - [STDERR_REDIRECT] [Fatal Error] :1:1: Premature end of file.
2026-04-29 17:14:42,527 [ERROR] LogOutputStream:75 - [STDERR_REDIRECT] 
2026-04-29 17:14:43,491 [ERROR] LogOutputStream:75 - [STDERR_REDIRECT] [Fatal Error] :1:1: Premature end of file.
2026-04-29 17:14:43,491 [ERROR] LogOutputStream:75 - [STDERR_REDIRECT] 
2026-04-29 17:14:44,544 [ERROR] LogOutputStream:75 - [STDERR_REDIRECT] [Fatal Error] :1:1: Premature end of file.
2026-04-29 17:14:44,544 [ERROR] LogOutputStream:75 - [STDERR_REDIRECT] 
2026-04-29 17:14:45,543 [ERROR] LogOutputStream:75 - [STDERR_REDIRECT] [Fatal Error] :1:1: Premature end of file.
2026-04-29 17:14:45,543 [ERROR] LogOutputStream:75 - [STDERR_REDIRECT] 
2026-04-29 17:14:46,508 [ERROR] LogOutputStream:75 - [STDERR_REDIRECT] [Fatal Error] :1:1: Premature end of file.
2026-04-29 17:14:46,508 [ERROR] LogOutputStream:75 - [STDERR_REDIRECT] 
2026-04-29 17:14:47,485 [ERROR] LogOutputStream:75 - [STDERR_REDIRECT] [Fatal Error] :1:1: Premature end of file.
2026-04-29 17:14:47,485 [ERROR] LogOutputStream:75 - [STDERR_REDIRECT] 
2026-04-29 17:14:48,511 [ERROR] LogOutputStream:75 - [STDERR_REDIRECT] [Fatal Error] :1:1: Premature end of file.
2026-04-29 17:14:48,511 [ERROR] LogOutputStream:75 - [STDERR_REDIRECT] 
2026-04-29 17:14:49,544 [ERROR] LogOutputStream:75 - [STDERR_REDIRECT] [Fatal Error] :1:1: Premature end of file.
2026-04-29 17:14:49,544 [ERROR] LogOutputStream:75 - [STDERR_REDIRECT] 
2026-04-29 17:14:50,505 [ERROR] LogOutputStream:75 - [STDERR_REDIRECT] [Fatal Error] :1:1: Premature end of file.
2026-04-29 17:14:50,505 [ERROR] LogOutputStream:75 - [STDERR_REDIRECT] 
2026-04-29 17:14:51,506 [ERROR] LogOutputStream:75 - [STDERR_REDIRECT] [Fatal Error] :1:1: Premature end of file.
2026-04-29 17:14:51,506 [ERROR] LogOutputStream:75 - [STDERR_REDIRECT] 
2026-04-29 17:14:52,509 [ERROR] LogOutputStream:75 - [STDERR_REDIRECT] [Fatal Error] :1:1: Premature end of file.
2026-04-29 17:14:52,509 [ERROR] LogOutputStream:75 - [STDERR_REDIRECT] 
2026-04-29 17:14:53,506 [ERROR] LogOutputStream:75 - [STDERR_REDIRECT] [Fatal Error] :1:1: Premature end of file.
2026-04-29 17:14:53,506 [ERROR] LogOutputStream:75 - [STDERR_REDIRECT] 
2026-04-29 17:14:54,499 [ERROR] LogOutputStream:75 - [STDERR_REDIRECT] [Fatal Error] :1:1: Premature end of file.
2026-04-29 17:14:54,499 [ERROR] LogOutputStream:75 - [STDERR_REDIRECT] 
2026-04-29 17:14:55,524 [ERROR] LogOutputStream:75 - [STDERR_REDIRECT] [Fatal Error] :1:1: Premature end of file.
2026-04-29 17:14:55,524 [ERROR] LogOutputStream:75 - [STDERR_REDIRECT] 
2026-04-29 17:14:56,525 [ERROR] LogOutputStream:75 - [STDERR_REDIRECT] [Fatal Error] :1:1: Premature end of file.
2026-04-29 17:14:56,525 [ERROR] LogOutputStream:75 - [STDERR_REDIRECT] 
2026-04-29 17:14:57,527 [ERROR] LogOutputStream:75 - [STDERR_REDIRECT] [Fatal Error] :1:1: Premature end of file.
2026-04-29 17:14:57,527 [ERROR] LogOutputStream:75 - [STDERR_REDIRECT] 
2026-04-29 17:14:58,492 [ERROR] LogOutputStream:75 - [STDERR_REDIRECT] [Fatal Error] :1:1: Premature end of file.
2026-04-29 17:14:58,492 [ERROR] LogOutputStream:75 - [STDERR_REDIRECT] 
2026-04-29 17:14:59,514 [ERROR] LogOutputStream:75 - [STDERR_REDIRECT] [Fatal Error] :1:1: Premature end of file.
2026-04-29 17:14:59,515 [ERROR] LogOutputStream:75 - [STDERR_REDIRECT] 
2026-04-29 17:15:00,509 [ERROR] LogOutputStream:75 - [STDERR_REDIRECT] [Fatal Error] :1:1: Premature end of file.
2026-04-29 17:15:00,509 [ERROR] LogOutputStream:75 - [STDERR_REDIRECT] 
2026-04-29 17:15:01,529 [ERROR] LogOutputStream:75 - [STDERR_REDIRECT] [Fatal Error] :1:1: Premature end of file.
2026-04-29 17:15:01,529 [ERROR] LogOutputStream:75 - [STDERR_REDIRECT] 
2026-04-29 17:15:02,510 [ERROR] LogOutputStream:75 - [STDERR_REDIRECT] [Fatal Error] :1:1: Premature end of file.
2026-04-29 17:15:02,510 [ERROR] LogOutputStream:75 - [STDERR_REDIRECT] 
2026-04-29 17:15:03,504 [ERROR] LogOutputStream:75 - [STDERR_REDIRECT] [Fatal Error] :1:1: Premature end of file.
2026-04-29 17:15:03,504 [ERROR] LogOutputStream:75 - [STDERR_REDIRECT] 
2026-04-29 17:15:04,508 [ERROR] LogOutputStream:75 - [STDERR_REDIRECT] [Fatal Error] :1:1: Premature end of file.
2026-04-29 17:15:04,508 [ERROR] LogOutputStream:75 - [STDERR_REDIRECT] 
2026-04-29 17:15:05,514 [ERROR] LogOutputStream:75 - [STDERR_REDIRECT] [Fatal Error] :1:1: Premature end of file.
2026-04-29 17:15:05,514 [ERROR] LogOutputStream:75 - [STDERR_REDIRECT] 
2026-04-29 17:15:06,547 [ERROR] LogOutputStream:75 - [STDERR_REDIRECT] [Fatal Error] :1:1: Premature end of file.
2026-04-29 17:15:06,547 [ERROR] LogOutputStream:75 - [STDERR_REDIRECT] 
2026-04-29 17:15:07,511 [ERROR] LogOutputStream:75 - [STDERR_REDIRECT] [Fatal Error] :1:1: Premature end of file.
2026-04-29 17:15:07,511 [ERROR] LogOutputStream:75 - [STDERR_REDIRECT] 
2026-04-29 17:15:08,520 [ERROR] LogOutputStream:75 - [STDERR_REDIRECT] [Fatal Error] :1:1: Premature end of file.
2026-04-29 17:15:08,520 [ERROR] LogOutputStream:75 - [STDERR_REDIRECT] 
2026-04-29 17:15:09,519 [ERROR] LogOutputStream:75 - [STDERR_REDIRECT] [Fatal Error] :1:1: Premature end of file.
2026-04-29 17:15:09,519 [ERROR] LogOutputStream:75 - [STDERR_REDIRECT] 
2026-04-29 17:15:10,513 [ERROR] LogOutputStream:75 - [STDERR_REDIRECT] [Fatal Error] :1:1: Premature end of file.
2026-04-29 17:15:10,513 [ERROR] LogOutputStream:75 - [STDERR_REDIRECT] 
2026-04-29 17:15:11,494 [ERROR] LogOutputStream:75 - [STDERR_REDIRECT] [Fatal Error] :1:1: Premature end of file.
2026-04-29 17:15:11,494 [ERROR] LogOutputStream:75 - [STDERR_REDIRECT] 
2026-04-29 17:15:12,514 [ERROR] LogOutputStream:75 - [STDERR_REDIRECT] [Fatal Error] :1:1: Premature end of file.
2026-04-29 17:15:12,514 [ERROR] LogOutputStream:75 - [STDERR_REDIRECT] 
2026-04-29 17:15:13,518 [ERROR] LogOutputStream:75 - [STDERR_REDIRECT] [Fatal Error] :1:1: Premature end of file.
2026-04-29 17:15:13,518 [ERROR] LogOutputStream:75 - [STDERR_REDIRECT] 
2026-04-29 17:15:14,539 [ERROR] LogOutputStream:75 - [STDERR_REDIRECT] [Fatal Error] :1:1: Premature end of file.
2026-04-29 17:15:14,540 [ERROR] LogOutputStream:75 - [STDERR_REDIRECT] 
2026-04-29 17:15:15,539 [ERROR] LogOutputStream:75 - [STDERR_REDIRECT] [Fatal Error] :1:1: Premature end of file.
2026-04-29 17:15:15,539 [ERROR] LogOutputStream:75 - [STDERR_REDIRECT] 
2026-04-29 17:15:16,516 [ERROR] LogOutputStream:75 - [STDERR_REDIRECT] [Fatal Error] :1:1: Premature end of file.
2026-04-29 17:15:16,516 [ERROR] LogOutputStream:75 - [STDERR_REDIRECT] 
2026-04-29 17:15:17,531 [ERROR] LogOutputStream:75 - [STDERR_REDIRECT] [Fatal Error] :1:1: Premature end of file.
2026-04-29 17:15:17,531 [ERROR] LogOutputStream:75 - [STDERR_REDIRECT] 
2026-04-29 17:15:18,528 [ERROR] LogOutputStream:75 - [STDERR_REDIRECT] [Fatal Error] :1:1: Premature end of file.
2026-04-29 17:15:18,528 [ERROR] LogOutputStream:75 - [STDERR_REDIRECT] 
2026-04-29 17:15:19,517 [ERROR] LogOutputStream:75 - [STDERR_REDIRECT] [Fatal Error] :1:1: Premature end of file.
2026-04-29 17:15:19,517 [ERROR] LogOutputStream:75 - [STDERR_REDIRECT] 
2026-04-29 17:15:20,519 [ERROR] LogOutputStream:75 - [STDERR_REDIRECT] [Fatal Error] :1:1: Premature end of file.
2026-04-29 17:15:20,519 [ERROR] LogOutputStream:75 - [STDERR_REDIRECT] 
2026-04-29 17:15:21,520 [ERROR] LogOutputStream:75 - [STDERR_REDIRECT] [Fatal Error] :1:1: Premature end of file.
2026-04-29 17:15:21,520 [ERROR] LogOutputStream:75 - [STDERR_REDIRECT] 
2026-04-29 17:15:22,507 [ERROR] LogOutputStream:75 - [STDERR_REDIRECT] [Fatal Error] :1:1: Premature end of file.
2026-04-29 17:15:22,507 [ERROR] LogOutputStream:75 - [STDERR_REDIRECT] 
2026-04-29 17:15:23,509 [ERROR] LogOutputStream:75 - [STDERR_REDIRECT] [Fatal Error] :1:1: Premature end of file.
2026-04-29 17:15:23,509 [ERROR] LogOutputStream:75 - [STDERR_REDIRECT] 
2026-04-29 17:15:24,495 [ERROR] LogOutputStream:75 - [STDERR_REDIRECT] [Fatal Error] :1:1: Premature end of file.
2026-04-29 17:15:24,495 [ERROR] LogOutputStream:75 - [STDERR_REDIRECT] 
2026-04-29 17:15:25,503 [ERROR] LogOutputStream:75 - [STDERR_REDIRECT] [Fatal Error] :1:1: Premature end of file.
2026-04-29 17:15:25,504 [ERROR] LogOutputStream:75 - [STDERR_REDIRECT] 
2026-04-29 17:15:26,511 [ERROR] LogOutputStream:75 - [STDERR_REDIRECT] [Fatal Error] :1:1: Premature end of file.
2026-04-29 17:15:26,511 [ERROR] LogOutputStream:75 - [STDERR_REDIRECT] 
2026-04-29 17:15:27,516 [ERROR] LogOutputStream:75 - [STDERR_REDIRECT] [Fatal Error] :1:1: Premature end of file.
2026-04-29 17:15:27,516 [ERROR] LogOutputStream:75 - [STDERR_REDIRECT] 
2026-04-29 17:15:28,494 [ERROR] LogOutputStream:75 - [STDERR_REDIRECT] [Fatal Error] :1:1: Premature end of file.
2026-04-29 17:15:28,494 [ERROR] LogOutputStream:75 - [STDERR_REDIRECT] 
2026-04-29 17:15:29,521 [ERROR] LogOutputStream:75 - [STDERR_REDIRECT] [Fatal Error] :1:1: Premature end of file.
2026-04-29 17:15:29,521 [ERROR] LogOutputStream:75 - [STDERR_REDIRECT] 
2026-04-29 17:15:30,550 [ERROR] LogOutputStream:75 - [STDERR_REDIRECT] [Fatal Error] :1:1: Premature end of file.
2026-04-29 17:15:30,551 [ERROR] LogOutputStream:75 - [STDERR_REDIRECT] 
2026-04-29 17:15:31,536 [ERROR] LogOutputStream:75 - [STDERR_REDIRECT] [Fatal Error] :1:1: Premature end of file.
2026-04-29 17:15:31,536 [ERROR] LogOutputStream:75 - [STDERR_REDIRECT] 
2026-04-29 17:15:32,521 [ERROR] LogOutputStream:75 - [STDERR_REDIRECT] [Fatal Error] :1:1: Premature end of file.
2026-04-29 17:15:32,521 [ERROR] LogOutputStream:75 - [STDERR_REDIRECT] 
2026-04-29 17:15:33,509 [ERROR] LogOutputStream:75 - [STDERR_REDIRECT] [Fatal Error] :1:1: Premature end of file.
2026-04-29 17:15:33,509 [ERROR] LogOutputStream:75 - [STDERR_REDIRECT] 
2026-04-29 17:15:34,514 [ERROR] LogOutputStream:75 - [STDERR_REDIRECT] [Fatal Error] :1:1: Premature end of file.
2026-04-29 17:15:34,514 [ERROR] LogOutputStream:75 - [STDERR_REDIRECT] 
2026-04-29 17:15:35,518 [ERROR] LogOutputStream:75 - [STDERR_REDIRECT] [Fatal Error] :1:1: Premature end of file.
2026-04-29 17:15:35,520 [ERROR] LogOutputStream:75 - [STDERR_REDIRECT] 
2026-04-29 17:15:36,520 [ERROR] LogOutputStream:75 - [STDERR_REDIRECT] [Fatal Error] :1:1: Premature end of file.
2026-04-29 17:15:36,520 [ERROR] LogOutputStream:75 - [STDERR_REDIRECT] 
2026-04-29 17:15:37,523 [ERROR] LogOutputStream:75 - [STDERR_REDIRECT] [Fatal Error] :1:1: Premature end of file.
2026-04-29 17:15:37,523 [ERROR] LogOutputStream:75 - [STDERR_REDIRECT] 
2026-04-29 17:15:38,515 [ERROR] LogOutputStream:75 - [STDERR_REDIRECT] [Fatal Error] :1:1: Premature end of file.
2026-04-29 17:15:38,515 [ERROR] LogOutputStream:75 - [STDERR_REDIRECT] 
2026-04-29 17:15:39,516 [ERROR] LogOutputStream:75 - [STDERR_REDIRECT] [Fatal Error] :1:1: Premature end of file.
2026-04-29 17:15:39,516 [ERROR] LogOutputStream:75 - [STDERR_REDIRECT] 
2026-04-29 17:15:40,524 [ERROR] LogOutputStream:75 - [STDERR_REDIRECT] [Fatal Error] :1:1: Premature end of file.
2026-04-29 17:15:40,524 [ERROR] LogOutputStream:75 - [STDERR_REDIRECT] 
2026-04-29 17:15:41,517 [ERROR] LogOutputStream:75 - [STDERR_REDIRECT] [Fatal Error] :1:1: Premature end of file.
2026-04-29 17:15:41,517 [ERROR] LogOutputStream:75 - [STDERR_REDIRECT] 
2026-04-29 17:15:42,520 [ERROR] LogOutputStream:75 - [STDERR_REDIRECT] [Fatal Error] :1:1: Premature end of file.
2026-04-29 17:15:42,520 [ERROR] LogOutputStream:75 - [STDERR_REDIRECT] 
2026-04-29 17:15:43,506 [ERROR] LogOutputStream:75 - [STDERR_REDIRECT] [Fatal Error] :1:1: Premature end of file.
2026-04-29 17:15:43,506 [ERROR] LogOutputStream:75 - [STDERR_REDIRECT] 
2026-04-29 17:15:44,487 [ERROR] LogOutputStream:75 - [STDERR_REDIRECT] [Fatal Error] :1:1: Premature end of file.
2026-04-29 17:15:44,487 [ERROR] LogOutputStream:75 - [STDERR_REDIRECT] 
2026-04-29 17:15:45,535 [ERROR] LogOutputStream:75 - [STDERR_REDIRECT] [Fatal Error] :1:1: Premature end of file.
2026-04-29 17:15:45,535 [ERROR] LogOutputStream:75 - [STDERR_REDIRECT] 
2026-04-29 17:15:46,526 [ERROR] LogOutputStream:75 - [STDERR_REDIRECT] [Fatal Error] :1:1: Premature end of file.
2026-04-29 17:15:46,526 [ERROR] LogOutputStream:75 - [STDERR_REDIRECT] 
2026-04-29 17:15:47,522 [ERROR] LogOutputStream:75 - [STDERR_REDIRECT] [Fatal Error] :1:1: Premature end of file.
2026-04-29 17:15:47,522 [ERROR] LogOutputStream:75 - [STDERR_REDIRECT] 
2026-04-29 17:15:48,528 [ERROR] LogOutputStream:75 - [STDERR_REDIRECT] [Fatal Error] :1:1: Premature end of file.
2026-04-29 17:15:48,528 [ERROR] LogOutputStream:75 - [STDERR_REDIRECT] 
2026-04-29 17:15:49,513 [ERROR] LogOutputStream:75 - [STDERR_REDIRECT] [Fatal Error] :1:1: Premature end of file.
2026-04-29 17:15:49,513 [ERROR] LogOutputStream:75 - [STDERR_REDIRECT] 
2026-04-29 17:15:50,512 [ERROR] LogOutputStream:75 - [STDERR_REDIRECT] [Fatal Error] :1:1: Premature end of file.
2026-04-29 17:15:50,512 [ERROR] LogOutputStream:75 - [STDERR_REDIRECT] 
2026-04-29 17:15:51,513 [ERROR] LogOutputStream:75 - [STDERR_REDIRECT] [Fatal Error] :1:1: Premature end of file.
2026-04-29 17:15:51,513 [ERROR] LogOutputStream:75 - [STDERR_REDIRECT] 
2026-04-29 17:15:52,533 [ERROR] LogOutputStream:75 - [STDERR_REDIRECT] [Fatal Error] :1:1: Premature end of file.
2026-04-29 17:15:52,533 [ERROR] LogOutputStream:75 - [STDERR_REDIRECT] 
2026-04-29 17:15:53,512 [ERROR] LogOutputStream:75 - [STDERR_REDIRECT] [Fatal Error] :1:1: Premature end of file.
2026-04-29 17:15:53,512 [ERROR] LogOutputStream:75 - [STDERR_REDIRECT] 
2026-04-29 17:15:54,477 [ERROR] LogOutputStream:75 - [STDERR_REDIRECT] [Fatal Error] :1:1: Premature end of file.
2026-04-29 17:15:54,477 [ERROR] LogOutputStream:75 - [STDERR_REDIRECT] 
2026-04-29 17:15:55,521 [ERROR] LogOutputStream:75 - [STDERR_REDIRECT] [Fatal Error] :1:1: Premature end of file.
2026-04-29 17:15:55,521 [ERROR] LogOutputStream:75 - [STDERR_REDIRECT] 
2026-04-29 17:15:56,508 [ERROR] LogOutputStream:75 - [STDERR_REDIRECT] [Fatal Error] :1:1: Premature end of file.
2026-04-29 17:15:56,508 [ERROR] LogOutputStream:75 - [STDERR_REDIRECT] 
2026-04-29 17:15:57,513 [ERROR] LogOutputStream:75 - [STDERR_REDIRECT] [Fatal Error] :1:1: Premature end of file.
2026-04-29 17:15:57,513 [ERROR] LogOutputStream:75 - [STDERR_REDIRECT] 
2026-04-29 17:15:58,516 [ERROR] LogOutputStream:75 - [STDERR_REDIRECT] [Fatal Error] :1:1: Premature end of file.
2026-04-29 17:15:58,516 [ERROR] LogOutputStream:75 - [STDERR_REDIRECT] 
2026-04-29 17:15:59,505 [ERROR] LogOutputStream:75 - [STDERR_REDIRECT] [Fatal Error] :1:1: Premature end of file.
2026-04-29 17:15:59,505 [ERROR] LogOutputStream:75 - [STDERR_REDIRECT] 
2026-04-29 17:16:00,508 [ERROR] LogOutputStream:75 - [STDERR_REDIRECT] [Fatal Error] :1:1: Premature end of file.
2026-04-29 17:16:00,508 [ERROR] LogOutputStream:75 - [STDERR_REDIRECT] 
2026-04-29 17:16:01,526 [ERROR] LogOutputStream:75 - [STDERR_REDIRECT] [Fatal Error] :1:1: Premature end of file.
2026-04-29 17:16:01,528 [ERROR] LogOutputStream:75 - [STDERR_REDIRECT] 
2026-04-29 17:16:02,533 [ERROR] LogOutputStream:75 - [STDERR_REDIRECT] [Fatal Error] :1:1: Premature end of file.
2026-04-29 17:16:02,533 [ERROR] LogOutputStream:75 - [STDERR_REDIRECT] 
2026-04-29 17:16:03,518 [ERROR] LogOutputStream:75 - [STDERR_REDIRECT] [Fatal Error] :1:1: Premature end of file.
2026-04-29 17:16:03,518 [ERROR] LogOutputStream:75 - [STDERR_REDIRECT] 
2026-04-29 17:16:04,521 [ERROR] LogOutputStream:75 - [STDERR_REDIRECT] [Fatal Error] :1:1: Premature end of file.
2026-04-29 17:16:04,521 [ERROR] LogOutputStream:75 - [STDERR_REDIRECT] 
2026-04-29 17:16:05,509 [ERROR] LogOutputStream:75 - [STDERR_REDIRECT] [Fatal Error] :1:1: Premature end of file.
2026-04-29 17:16:05,509 [ERROR] LogOutputStream:75 - [STDERR_REDIRECT] 
2026-04-29 17:16:06,528 [ERROR] LogOutputStream:75 - [STDERR_REDIRECT] [Fatal Error] :1:1: Premature end of file.
2026-04-29 17:16:06,542 [ERROR] LogOutputStream:75 - [STDERR_REDIRECT] 
2026-04-29 17:16:07,530 [ERROR] LogOutputStream:75 - [STDERR_REDIRECT] [Fatal Error] :1:1: Premature end of file.
2026-04-29 17:16:07,531 [ERROR] LogOutputStream:75 - [STDERR_REDIRECT] 
2026-04-29 17:16:08,517 [ERROR] LogOutputStream:75 - [STDERR_REDIRECT] [Fatal Error] :1:1: Premature end of file.
2026-04-29 17:16:08,517 [ERROR] LogOutputStream:75 - [STDERR_REDIRECT] 
2026-04-29 17:16:09,520 [ERROR] LogOutputStream:75 - [STDERR_REDIRECT] [Fatal Error] :1:1: Premature end of file.
2026-04-29 17:16:09,520 [ERROR] LogOutputStream:75 - [STDERR_REDIRECT] 
2026-04-29 17:16:10,515 [ERROR] LogOutputStream:75 - [STDERR_REDIRECT] [Fatal Error] :1:1: Premature end of file.
2026-04-29 17:16:10,515 [ERROR] LogOutputStream:75 - [STDERR_REDIRECT] 
2026-04-29 17:16:11,523 [ERROR] LogOutputStream:75 - [STDERR_REDIRECT] [Fatal Error] :1:1: Premature end of file.
2026-04-29 17:16:11,525 [ERROR] LogOutputStream:75 - [STDERR_REDIRECT] 
2026-04-29 17:16:12,514 [ERROR] LogOutputStream:75 - [STDERR_REDIRECT] [Fatal Error] :1:1: Premature end of file.
2026-04-29 17:16:12,514 [ERROR] LogOutputStream:75 - [STDERR_REDIRECT] 
2026-04-29 17:16:13,527 [ERROR] LogOutputStream:75 - [STDERR_REDIRECT] [Fatal Error] :1:1: Premature end of file.
2026-04-29 17:16:13,527 [ERROR] LogOutputStream:75 - [STDERR_REDIRECT] 
2026-04-29 17:16:14,519 [ERROR] LogOutputStream:75 - [STDERR_REDIRECT] [Fatal Error] :1:1: Premature end of file.
2026-04-29 17:16:14,519 [ERROR] LogOutputStream:75 - [STDERR_REDIRECT] 
2026-04-29 17:16:15,509 [ERROR] LogOutputStream:75 - [STDERR_REDIRECT] [Fatal Error] :1:1: Premature end of file.
2026-04-29 17:16:15,509 [ERROR] LogOutputStream:75 - [STDERR_REDIRECT] 
2026-04-29 17:16:16,529 [ERROR] LogOutputStream:75 - [STDERR_REDIRECT] [Fatal Error] :1:1: Premature end of file.
2026-04-29 17:16:16,529 [ERROR] LogOutputStream:75 - [STDERR_REDIRECT] 
2026-04-29 17:16:17,529 [ERROR] LogOutputStream:75 - [STDERR_REDIRECT] [Fatal Error] :1:1: Premature end of file.
2026-04-29 17:16:17,529 [ERROR] LogOutputStream:75 - [STDERR_REDIRECT] 
2026-04-29 17:16:18,476 [ERROR] LogOutputStream:75 - [STDERR_REDIRECT] [Fatal Error] :1:1: Premature end of file.
2026-04-29 17:16:18,476 [ERROR] LogOutputStream:75 - [STDERR_REDIRECT] 
2026-04-29 17:16:19,542 [ERROR] LogOutputStream:75 - [STDERR_REDIRECT] [Fatal Error] :1:1: Premature end of file.
2026-04-29 17:16:19,542 [ERROR] LogOutputStream:75 - [STDERR_REDIRECT] 
2026-04-29 17:16:20,520 [ERROR] LogOutputStream:75 - [STDERR_REDIRECT] [Fatal Error] :1:1: Premature end of file.
2026-04-29 17:16:20,521 [ERROR] LogOutputStream:75 - [STDERR_REDIRECT] 
2026-04-29 17:16:21,519 [ERROR] LogOutputStream:75 - [STDERR_REDIRECT] [Fatal Error] :1:1: Premature end of file.
2026-04-29 17:16:21,519 [ERROR] LogOutputStream:75 - [STDERR_REDIRECT] 
2026-04-29 17:16:22,521 [ERROR] LogOutputStream:75 - [STDERR_REDIRECT] [Fatal Error] :1:1: Premature end of file.
2026-04-29 17:16:22,523 [ERROR] LogOutputStream:75 - [STDERR_REDIRECT] 
2026-04-29 17:16:23,502 [ERROR] LogOutputStream:75 - [STDERR_REDIRECT] [Fatal Error] :1:1: Premature end of file.
2026-04-29 17:16:23,502 [ERROR] LogOutputStream:75 - [STDERR_REDIRECT] 
2026-04-29 17:16:24,517 [ERROR] LogOutputStream:75 - [STDERR_REDIRECT] [Fatal Error] :1:1: Premature end of file.
2026-04-29 17:16:24,517 [ERROR] LogOutputStream:75 - [STDERR_REDIRECT] 
2026-04-29 17:16:25,492 [ERROR] LogOutputStream:75 - [STDERR_REDIRECT] [Fatal Error] :1:1: Premature end of file.
2026-04-29 17:16:25,492 [ERROR] LogOutputStream:75 - [STDERR_REDIRECT] 
2026-04-29 17:16:26,527 [ERROR] LogOutputStream:75 - [STDERR_REDIRECT] [Fatal Error] :1:1: Premature end of file.
2026-04-29 17:16:26,527 [ERROR] LogOutputStream:75 - [STDERR_REDIRECT] 
2026-04-29 17:16:27,518 [ERROR] LogOutputStream:75 - [STDERR_REDIRECT] [Fatal Error] :1:1: Premature end of file.
2026-04-29 17:16:27,518 [ERROR] LogOutputStream:75 - [STDERR_REDIRECT] 
2026-04-29 17:16:28,513 [ERROR] LogOutputStream:75 - [STDERR_REDIRECT] [Fatal Error] :1:1: Premature end of file.
2026-04-29 17:16:28,513 [ERROR] LogOutputStream:75 - [STDERR_REDIRECT] 
2026-04-29 17:16:29,515 [ERROR] LogOutputStream:75 - [STDERR_REDIRECT] [Fatal Error] :1:1: Premature end of file.
2026-04-29 17:16:29,515 [ERROR] LogOutputStream:75 - [STDERR_REDIRECT] 
2026-04-29 17:16:30,508 [ERROR] LogOutputStream:75 - [STDERR_REDIRECT] [Fatal Error] :1:1: Premature end of file.
2026-04-29 17:16:30,508 [ERROR] LogOutputStream:75 - [STDERR_REDIRECT] 
2026-04-29 17:16:31,516 [ERROR] LogOutputStream:75 - [STDERR_REDIRECT] [Fatal Error] :1:1: Premature end of file.
2026-04-29 17:16:31,516 [ERROR] LogOutputStream:75 - [STDERR_REDIRECT] 
2026-04-29 17:16:32,519 [ERROR] LogOutputStream:75 - [STDERR_REDIRECT] [Fatal Error] :1:1: Premature end of file.
2026-04-29 17:16:32,519 [ERROR] LogOutputStream:75 - [STDERR_REDIRECT] 
2026-04-29 17:16:33,491 [ERROR] LogOutputStream:75 - [STDERR_REDIRECT] [Fatal Error] :1:1: Premature end of file.
2026-04-29 17:16:33,491 [ERROR] LogOutputStream:75 - [STDERR_REDIRECT] 
2026-04-29 17:16:34,526 [ERROR] LogOutputStream:75 - [STDERR_REDIRECT] [Fatal Error] :1:1: Premature end of file.
2026-04-29 17:16:34,526 [ERROR] LogOutputStream:75 - [STDERR_REDIRECT] 
2026-04-29 17:16:35,526 [ERROR] LogOutputStream:75 - [STDERR_REDIRECT] [Fatal Error] :1:1: Premature end of file.
2026-04-29 17:16:35,526 [ERROR] LogOutputStream:75 - [STDERR_REDIRECT] 
2026-04-29 17:16:36,538 [ERROR] LogOutputStream:75 - [STDERR_REDIRECT] [Fatal Error] :1:1: Premature end of file.
2026-04-29 17:16:36,538 [ERROR] LogOutputStream:75 - [STDERR_REDIRECT] 
2026-04-29 17:16:37,519 [ERROR] LogOutputStream:75 - [STDERR_REDIRECT] [Fatal Error] :1:1: Premature end of file.
2026-04-29 17:16:37,519 [ERROR] LogOutputStream:75 - [STDERR_REDIRECT] 
2026-04-29 17:16:38,527 [ERROR] LogOutputStream:75 - [STDERR_REDIRECT] [Fatal Error] :1:1: Premature end of file.
2026-04-29 17:16:38,527 [ERROR] LogOutputStream:75 - [STDERR_REDIRECT] 
2026-04-29 17:16:39,507 [ERROR] LogOutputStream:75 - [STDERR_REDIRECT] [Fatal Error] :1:1: Premature end of file.
2026-04-29 17:16:39,507 [ERROR] LogOutputStream:75 - [STDERR_REDIRECT] 
2026-04-29 17:16:40,513 [ERROR] LogOutputStream:75 - [STDERR_REDIRECT] [Fatal Error] :1:1: Premature end of file.
2026-04-29 17:16:40,513 [ERROR] LogOutputStream:75 - [STDERR_REDIRECT] 
2026-04-29 17:16:41,527 [ERROR] LogOutputStream:75 - [STDERR_REDIRECT] [Fatal Error] :1:1: Premature end of file.
2026-04-29 17:16:41,527 [ERROR] LogOutputStream:75 - [STDERR_REDIRECT] 
2026-04-29 17:16:42,539 [ERROR] LogOutputStream:75 - [STDERR_REDIRECT] [Fatal Error] :1:1: Premature end of file.
2026-04-29 17:16:42,539 [ERROR] LogOutputStream:75 - [STDERR_REDIRECT] 
2026-04-29 17:16:43,508 [ERROR] LogOutputStream:75 - [STDERR_REDIRECT] [Fatal Error] :1:1: Premature end of file.
2026-04-29 17:16:43,508 [ERROR] LogOutputStream:75 - [STDERR_REDIRECT] 
2026-04-29 17:16:44,514 [ERROR] LogOutputStream:75 - [STDERR_REDIRECT] [Fatal Error] :1:1: Premature end of file.
2026-04-29 17:16:44,514 [ERROR] LogOutputStream:75 - [STDERR_REDIRECT] 
2026-04-29 17:16:45,517 [ERROR] LogOutputStream:75 - [STDERR_REDIRECT] [Fatal Error] :1:1: Premature end of file.
2026-04-29 17:16:45,517 [ERROR] LogOutputStream:75 - [STDERR_REDIRECT] 
2026-04-29 17:16:46,525 [ERROR] LogOutputStream:75 - [STDERR_REDIRECT] [Fatal Error] :1:1: Premature end of file.
2026-04-29 17:16:46,525 [ERROR] LogOutputStream:75 - [STDERR_REDIRECT] 
2026-04-29 17:16:47,519 [ERROR] LogOutputStream:75 - [STDERR_REDIRECT] [Fatal Error] :1:1: Premature end of file.
2026-04-29 17:16:47,519 [ERROR] LogOutputStream:75 - [STDERR_REDIRECT] 
2026-04-29 17:16:48,517 [ERROR] LogOutputStream:75 - [STDERR_REDIRECT] [Fatal Error] :1:1: Premature end of file.
2026-04-29 17:16:48,517 [ERROR] LogOutputStream:75 - [STDERR_REDIRECT] 
2026-04-29 17:16:49,511 [ERROR] LogOutputStream:75 - [STDERR_REDIRECT] [Fatal Error] :1:1: Premature end of file.
2026-04-29 17:16:49,511 [ERROR] LogOutputStream:75 - [STDERR_REDIRECT] 
2026-04-29 17:16:50,517 [ERROR] LogOutputStream:75 - [STDERR_REDIRECT] [Fatal Error] :1:1: Premature end of file.
2026-04-29 17:16:50,517 [ERROR] LogOutputStream:75 - [STDERR_REDIRECT] 
2026-04-29 17:16:51,515 [ERROR] LogOutputStream:75 - [STDERR_REDIRECT] [Fatal Error] :1:1: Premature end of file.
2026-04-29 17:16:51,515 [ERROR] LogOutputStream:75 - [STDERR_REDIRECT] 
2026-04-29 17:16:52,525 [ERROR] LogOutputStream:75 - [STDERR_REDIRECT] [Fatal Error] :1:1: Premature end of file.
2026-04-29 17:16:52,525 [ERROR] LogOutputStream:75 - [STDERR_REDIRECT] 
2026-04-29 17:16:53,518 [ERROR] LogOutputStream:75 - [STDERR_REDIRECT] [Fatal Error] :1:1: Premature end of file.
2026-04-29 17:16:53,518 [ERROR] LogOutputStream:75 - [STDERR_REDIRECT] 
2026-04-29 17:16:54,511 [ERROR] LogOutputStream:75 - [STDERR_REDIRECT] [Fatal Error] :1:1: Premature end of file.
2026-04-29 17:16:54,511 [ERROR] LogOutputStream:75 - [STDERR_REDIRECT] 
2026-04-29 17:16:55,536 [ERROR] LogOutputStream:75 - [STDERR_REDIRECT] [Fatal Error] :1:1: Premature end of file.
2026-04-29 17:16:55,537 [ERROR] LogOutputStream:75 - [STDERR_REDIRECT] 
2026-04-29 17:16:56,503 [ERROR] LogOutputStream:75 - [STDERR_REDIRECT] [Fatal Error] :1:1: Premature end of file.
2026-04-29 17:16:56,503 [ERROR] LogOutputStream:75 - [STDERR_REDIRECT] 
2026-04-29 17:16:57,506 [ERROR] LogOutputStream:75 - [STDERR_REDIRECT] [Fatal Error] :1:1: Premature end of file.
2026-04-29 17:16:57,506 [ERROR] LogOutputStream:75 - [STDERR_REDIRECT] 
2026-04-29 17:16:58,507 [ERROR] LogOutputStream:75 - [STDERR_REDIRECT] [Fatal Error] :1:1: Premature end of file.
2026-04-29 17:16:58,507 [ERROR] LogOutputStream:75 - [STDERR_REDIRECT] 
2026-04-29 17:16:59,531 [ERROR] LogOutputStream:75 - [STDERR_REDIRECT] [Fatal Error] :1:1: Premature end of file.
2026-04-29 17:16:59,531 [ERROR] LogOutputStream:75 - [STDERR_REDIRECT] 
2026-04-29 17:17:00,510 [ERROR] LogOutputStream:75 - [STDERR_REDIRECT] [Fatal Error] :1:1: Premature end of file.
2026-04-29 17:17:00,517 [ERROR] LogOutputStream:75 - [STDERR_REDIRECT] 
2026-04-29 17:17:01,496 [ERROR] LogOutputStream:75 - [STDERR_REDIRECT] [Fatal Error] :1:1: Premature end of file.
2026-04-29 17:17:01,496 [ERROR] LogOutputStream:75 - [STDERR_REDIRECT] 
2026-04-29 17:17:02,515 [ERROR] LogOutputStream:75 - [STDERR_REDIRECT] [Fatal Error] :1:1: Premature end of file.
2026-04-29 17:17:02,517 [ERROR] LogOutputStream:75 - [STDERR_REDIRECT] 
2026-04-29 17:17:03,524 [ERROR] LogOutputStream:75 - [STDERR_REDIRECT] [Fatal Error] :1:1: Premature end of file.
2026-04-29 17:17:03,524 [ERROR] LogOutputStream:75 - [STDERR_REDIRECT] 
2026-04-29 17:17:04,506 [ERROR] LogOutputStream:75 - [STDERR_REDIRECT] [Fatal Error] :1:1: Premature end of file.
2026-04-29 17:17:04,506 [ERROR] LogOutputStream:75 - [STDERR_REDIRECT] 
2026-04-29 17:17:05,531 [ERROR] LogOutputStream:75 - [STDERR_REDIRECT] [Fatal Error] :1:1: Premature end of file.
2026-04-29 17:17:05,531 [ERROR] LogOutputStream:75 - [STDERR_REDIRECT] 
2026-04-29 17:17:06,501 [ERROR] LogOutputStream:75 - [STDERR_REDIRECT] [Fatal Error] :1:1: Premature end of file.
2026-04-29 17:17:06,501 [ERROR] LogOutputStream:75 - [STDERR_REDIRECT] 
2026-04-29 17:17:07,527 [ERROR] LogOutputStream:75 - [STDERR_REDIRECT] [Fatal Error] :1:1: Premature end of file.
2026-04-29 17:17:07,527 [ERROR] LogOutputStream:75 - [STDERR_REDIRECT] 
2026-04-29 17:17:08,508 [ERROR] LogOutputStream:75 - [STDERR_REDIRECT] [Fatal Error] :1:1: Premature end of file.
2026-04-29 17:17:08,508 [ERROR] LogOutputStream:75 - [STDERR_REDIRECT] 
2026-04-29 17:17:09,537 [ERROR] LogOutputStream:75 - [STDERR_REDIRECT] [Fatal Error] :1:1: Premature end of file.
2026-04-29 17:17:09,537 [ERROR] LogOutputStream:75 - [STDERR_REDIRECT] 
2026-04-29 17:17:10,545 [ERROR] LogOutputStream:75 - [STDERR_REDIRECT] [Fatal Error] :1:1: Premature end of file.
2026-04-29 17:17:10,545 [ERROR] LogOutputStream:75 - [STDERR_REDIRECT] 
2026-04-29 17:17:11,512 [ERROR] LogOutputStream:75 - [STDERR_REDIRECT] [Fatal Error] :1:1: Premature end of file.
2026-04-29 17:17:11,513 [ERROR] LogOutputStream:75 - [STDERR_REDIRECT] 
2026-04-29 17:17:12,538 [ERROR] LogOutputStream:75 - [STDERR_REDIRECT] [Fatal Error] :1:1: Premature end of file.
2026-04-29 17:17:12,538 [ERROR] LogOutputStream:75 - [STDERR_REDIRECT] 
2026-04-29 17:17:13,509 [ERROR] LogOutputStream:75 - [STDERR_REDIRECT] [Fatal Error] :1:1: Premature end of file.
2026-04-29 17:17:13,509 [ERROR] LogOutputStream:75 - [STDERR_REDIRECT] 
2026-04-29 17:17:14,517 [ERROR] LogOutputStream:75 - [STDERR_REDIRECT] [Fatal Error] :1:1: Premature end of file.
2026-04-29 17:17:14,517 [ERROR] LogOutputStream:75 - [STDERR_REDIRECT] 
2026-04-29 17:17:15,526 [ERROR] LogOutputStream:75 - [STDERR_REDIRECT] [Fatal Error] :1:1: Premature end of file.
2026-04-29 17:17:15,526 [ERROR] LogOutputStream:75 - [STDERR_REDIRECT] 
2026-04-29 17:17:16,513 [ERROR] LogOutputStream:75 - [STDERR_REDIRECT] [Fatal Error] :1:1: Premature end of file.
2026-04-29 17:17:16,514 [ERROR] LogOutputStream:75 - [STDERR_REDIRECT] 
2026-04-29 17:17:17,493 [ERROR] LogOutputStream:75 - [STDERR_REDIRECT] [Fatal Error] :1:1: Premature end of file.
2026-04-29 17:17:17,493 [ERROR] LogOutputStream:75 - [STDERR_REDIRECT] 
2026-04-29 17:17:18,510 [ERROR] LogOutputStream:75 - [STDERR_REDIRECT] [Fatal Error] :1:1: Premature end of file.
2026-04-29 17:17:18,510 [ERROR] LogOutputStream:75 - [STDERR_REDIRECT] 
2026-04-29 17:17:19,529 [ERROR] LogOutputStream:75 - [STDERR_REDIRECT] [Fatal Error] :1:1: Premature end of file.
2026-04-29 17:17:19,529 [ERROR] LogOutputStream:75 - [STDERR_REDIRECT] 
2026-04-29 17:17:20,532 [ERROR] LogOutputStream:75 - [STDERR_REDIRECT] [Fatal Error] :1:1: Premature end of file.
2026-04-29 17:17:20,532 [ERROR] LogOutputStream:75 - [STDERR_REDIRECT] 
2026-04-29 17:17:21,514 [ERROR] LogOutputStream:75 - [STDERR_REDIRECT] [Fatal Error] :1:1: Premature end of file.
2026-04-29 17:17:21,514 [ERROR] LogOutputStream:75 - [STDERR_REDIRECT] 
2026-04-29 17:17:22,517 [ERROR] LogOutputStream:75 - [STDERR_REDIRECT] [Fatal Error] :1:1: Premature end of file.
2026-04-29 17:17:22,517 [ERROR] LogOutputStream:75 - [STDERR_REDIRECT] 
2026-04-29 17:17:23,520 [ERROR] LogOutputStream:75 - [STDERR_REDIRECT] [Fatal Error] :1:1: Premature end of file.
2026-04-29 17:17:23,520 [ERROR] LogOutputStream:75 - [STDERR_REDIRECT] 
2026-04-29 17:17:24,509 [ERROR] LogOutputStream:75 - [STDERR_REDIRECT] [Fatal Error] :1:1: Premature end of file.
2026-04-29 17:17:24,509 [ERROR] LogOutputStream:75 - [STDERR_REDIRECT] 
2026-04-29 17:17:25,513 [ERROR] LogOutputStream:75 - [STDERR_REDIRECT] [Fatal Error] :1:1: Premature end of file.
2026-04-29 17:17:25,513 [ERROR] LogOutputStream:75 - [STDERR_REDIRECT] 
2026-04-29 17:17:26,510 [ERROR] LogOutputStream:75 - [STDERR_REDIRECT] [Fatal Error] :1:1: Premature end of file.
2026-04-29 17:17:26,510 [ERROR] LogOutputStream:75 - [STDERR_REDIRECT] 
2026-04-29 17:17:27,515 [ERROR] LogOutputStream:75 - [STDERR_REDIRECT] [Fatal Error] :1:1: Premature end of file.
2026-04-29 17:17:27,515 [ERROR] LogOutputStream:75 - [STDERR_REDIRECT] 
2026-04-29 17:17:28,512 [ERROR] LogOutputStream:75 - [STDERR_REDIRECT] [Fatal Error] :1:1: Premature end of file.
2026-04-29 17:17:28,512 [ERROR] LogOutputStream:75 - [STDERR_REDIRECT] 
2026-04-29 17:17:29,515 [ERROR] LogOutputStream:75 - [STDERR_REDIRECT] [Fatal Error] :1:1: Premature end of file.
2026-04-29 17:17:29,515 [ERROR] LogOutputStream:75 - [STDERR_REDIRECT] 
2026-04-29 17:17:30,535 [ERROR] LogOutputStream:75 - [STDERR_REDIRECT] [Fatal Error] :1:1: Premature end of file.
2026-04-29 17:17:30,535 [ERROR] LogOutputStream:75 - [STDERR_REDIRECT] 
2026-04-29 17:17:31,525 [ERROR] LogOutputStream:75 - [STDERR_REDIRECT] [Fatal Error] :1:1: Premature end of file.
2026-04-29 17:17:31,525 [ERROR] LogOutputStream:75 - [STDERR_REDIRECT] 
2026-04-29 17:17:32,532 [ERROR] LogOutputStream:75 - [STDERR_REDIRECT] [Fatal Error] :1:1: Premature end of file.
2026-04-29 17:17:32,532 [ERROR] LogOutputStream:75 - [STDERR_REDIRECT] 
2026-04-29 17:17:33,523 [ERROR] LogOutputStream:75 - [STDERR_REDIRECT] [Fatal Error] :1:1: Premature end of file.
2026-04-29 17:17:33,523 [ERROR] LogOutputStream:75 - [STDERR_REDIRECT] 
2026-04-29 17:17:34,514 [ERROR] LogOutputStream:75 - [STDERR_REDIRECT] [Fatal Error] :1:1: Premature end of file.
2026-04-29 17:17:34,514 [ERROR] LogOutputStream:75 - [STDERR_REDIRECT] 
2026-04-29 17:17:35,520 [ERROR] LogOutputStream:75 - [STDERR_REDIRECT] [Fatal Error] :1:1: Premature end of file.
2026-04-29 17:17:35,520 [ERROR] LogOutputStream:75 - [STDERR_REDIRECT] 
2026-04-29 17:17:36,529 [ERROR] LogOutputStream:75 - [STDERR_REDIRECT] [Fatal Error] :1:1: Premature end of file.
2026-04-29 17:17:36,529 [ERROR] LogOutputStream:75 - [STDERR_REDIRECT] 
2026-04-29 17:17:37,519 [ERROR] LogOutputStream:75 - [STDERR_REDIRECT] [Fatal Error] :1:1: Premature end of file.
2026-04-29 17:17:37,519 [ERROR] LogOutputStream:75 - [STDERR_REDIRECT] 
2026-04-29 17:17:38,520 [ERROR] LogOutputStream:75 - [STDERR_REDIRECT] [Fatal Error] :1:1: Premature end of file.
2026-04-29 17:17:38,520 [ERROR] LogOutputStream:75 - [STDERR_REDIRECT] 
2026-04-29 17:17:39,523 [ERROR] LogOutputStream:75 - [STDERR_REDIRECT] [Fatal Error] :1:1: Premature end of file.
2026-04-29 17:17:39,523 [ERROR] LogOutputStream:75 - [STDERR_REDIRECT] 
2026-04-29 17:17:40,496 [ERROR] LogOutputStream:75 - [STDERR_REDIRECT] [Fatal Error] :1:1: Premature end of file.
2026-04-29 17:17:40,496 [ERROR] LogOutputStream:75 - [STDERR_REDIRECT] 
2026-04-29 17:17:41,533 [ERROR] LogOutputStream:75 - [STDERR_REDIRECT] [Fatal Error] :1:1: Premature end of file.
2026-04-29 17:17:41,533 [ERROR] LogOutputStream:75 - [STDERR_REDIRECT] 
2026-04-29 17:17:42,538 [ERROR] LogOutputStream:75 - [STDERR_REDIRECT] [Fatal Error] :1:1: Premature end of file.
2026-04-29 17:17:42,538 [ERROR] LogOutputStream:75 - [STDERR_REDIRECT] 
2026-04-29 17:17:43,509 [ERROR] LogOutputStream:75 - [STDERR_REDIRECT] [Fatal Error] :1:1: Premature end of file.
2026-04-29 17:17:43,509 [ERROR] LogOutputStream:75 - [STDERR_REDIRECT] 
2026-04-29 17:17:44,517 [ERROR] LogOutputStream:75 - [STDERR_REDIRECT] [Fatal Error] :1:1: Premature end of file.
2026-04-29 17:17:44,517 [ERROR] LogOutputStream:75 - [STDERR_REDIRECT] 
2026-04-29 17:17:45,524 [ERROR] LogOutputStream:75 - [STDERR_REDIRECT] [Fatal Error] :1:1: Premature end of file.
2026-04-29 17:17:45,524 [ERROR] LogOutputStream:75 - [STDERR_REDIRECT] 
2026-04-29 17:17:46,525 [ERROR] LogOutputStream:75 - [STDERR_REDIRECT] [Fatal Error] :1:1: Premature end of file.
2026-04-29 17:17:46,525 [ERROR] LogOutputStream:75 - [STDERR_REDIRECT] 
2026-04-29 17:17:47,507 [ERROR] LogOutputStream:75 - [STDERR_REDIRECT] [Fatal Error] :1:1: Premature end of file.
2026-04-29 17:17:47,507 [ERROR] LogOutputStream:75 - [STDERR_REDIRECT] 
2026-04-29 17:17:48,509 [ERROR] LogOutputStream:75 - [STDERR_REDIRECT] [Fatal Error] :1:1: Premature end of file.
2026-04-29 17:17:48,509 [ERROR] LogOutputStream:75 - [STDERR_REDIRECT] 
2026-04-29 17:17:49,524 [ERROR] LogOutputStream:75 - [STDERR_REDIRECT] [Fatal Error] :1:1: Premature end of file.
2026-04-29 17:17:49,524 [ERROR] LogOutputStream:75 - [STDERR_REDIRECT] 
2026-04-29 17:17:50,516 [ERROR] LogOutputStream:75 - [STDERR_REDIRECT] [Fatal Error] :1:1: Premature end of file.
2026-04-29 17:17:50,516 [ERROR] LogOutputStream:75 - [STDERR_REDIRECT] 
2026-04-29 17:17:51,523 [ERROR] LogOutputStream:75 - [STDERR_REDIRECT] [Fatal Error] :1:1: Premature end of file.
2026-04-29 17:17:51,523 [ERROR] LogOutputStream:75 - [STDERR_REDIRECT] 
2026-04-29 17:17:52,529 [ERROR] LogOutputStream:75 - [STDERR_REDIRECT] [Fatal Error] :1:1: Premature end of file.
2026-04-29 17:17:52,529 [ERROR] LogOutputStream:75 - [STDERR_REDIRECT] 
2026-04-29 17:17:53,524 [ERROR] LogOutputStream:75 - [STDERR_REDIRECT] [Fatal Error] :1:1: Premature end of file.
2026-04-29 17:17:53,524 [ERROR] LogOutputStream:75 - [STDERR_REDIRECT] 
2026-04-29 17:17:54,508 [ERROR] LogOutputStream:75 - [STDERR_REDIRECT] [Fatal Error] :1:1: Premature end of file.
2026-04-29 17:17:54,508 [ERROR] LogOutputStream:75 - [STDERR_REDIRECT] 
2026-04-29 17:17:55,516 [ERROR] LogOutputStream:75 - [STDERR_REDIRECT] [Fatal Error] :1:1: Premature end of file.
2026-04-29 17:17:55,516 [ERROR] LogOutputStream:75 - [STDERR_REDIRECT] 
2026-04-29 17:17:56,518 [ERROR] LogOutputStream:75 - [STDERR_REDIRECT] [Fatal Error] :1:1: Premature end of file.
2026-04-29 17:17:56,518 [ERROR] LogOutputStream:75 - [STDERR_REDIRECT] 
2026-04-29 17:17:57,520 [ERROR] LogOutputStream:75 - [STDERR_REDIRECT] [Fatal Error] :1:1: Premature end of file.
2026-04-29 17:17:57,520 [ERROR] LogOutputStream:75 - [STDERR_REDIRECT] 
2026-04-29 17:17:58,531 [ERROR] LogOutputStream:75 - [STDERR_REDIRECT] [Fatal Error] :1:1: Premature end of file.
2026-04-29 17:17:58,531 [ERROR] LogOutputStream:75 - [STDERR_REDIRECT] 
2026-04-29 17:17:59,513 [ERROR] LogOutputStream:75 - [STDERR_REDIRECT] [Fatal Error] :1:1: Premature end of file.
2026-04-29 17:17:59,513 [ERROR] LogOutputStream:75 - [STDERR_REDIRECT] 
2026-04-29 17:18:00,533 [ERROR] LogOutputStream:75 - [STDERR_REDIRECT] [Fatal Error] :1:1: Premature end of file.
2026-04-29 17:18:00,533 [ERROR] LogOutputStream:75 - [STDERR_REDIRECT] 
2026-04-29 17:18:01,504 [ERROR] LogOutputStream:75 - [STDERR_REDIRECT] [Fatal Error] :1:1: Premature end of file.
2026-04-29 17:18:01,504 [ERROR] LogOutputStream:75 - [STDERR_REDIRECT] 
2026-04-29 17:18:02,534 [ERROR] LogOutputStream:75 - [STDERR_REDIRECT] [Fatal Error] :1:1: Premature end of file.
2026-04-29 17:18:02,534 [ERROR] LogOutputStream:75 - [STDERR_REDIRECT] 
2026-04-29 17:18:03,523 [ERROR] LogOutputStream:75 - [STDERR_REDIRECT] [Fatal Error] :1:1: Premature end of file.
2026-04-29 17:18:03,523 [ERROR] LogOutputStream:75 - [STDERR_REDIRECT] 
2026-04-29 17:18:04,509 [ERROR] LogOutputStream:75 - [STDERR_REDIRECT] [Fatal Error] :1:1: Premature end of file.
2026-04-29 17:18:04,509 [ERROR] LogOutputStream:75 - [STDERR_REDIRECT] 
2026-04-29 17:18:05,522 [ERROR] LogOutputStream:75 - [STDERR_REDIRECT] [Fatal Error] :1:1: Premature end of file.
2026-04-29 17:18:05,523 [ERROR] LogOutputStream:75 - [STDERR_REDIRECT] 
2026-04-29 17:18:06,509 [ERROR] LogOutputStream:75 - [STDERR_REDIRECT] [Fatal Error] :1:1: Premature end of file.
2026-04-29 17:18:06,509 [ERROR] LogOutputStream:75 - [STDERR_REDIRECT] 
2026-04-29 17:18:07,514 [ERROR] LogOutputStream:75 - [STDERR_REDIRECT] [Fatal Error] :1:1: Premature end of file.
2026-04-29 17:18:07,514 [ERROR] LogOutputStream:75 - [STDERR_REDIRECT] 
2026-04-29 17:18:08,524 [ERROR] LogOutputStream:75 - [STDERR_REDIRECT] [Fatal Error] :1:1: Premature end of file.
2026-04-29 17:18:08,524 [ERROR] LogOutputStream:75 - [STDERR_REDIRECT] 
2026-04-29 17:18:09,521 [ERROR] LogOutputStream:75 - [STDERR_REDIRECT] [Fatal Error] :1:1: Premature end of file.
2026-04-29 17:18:09,521 [ERROR] LogOutputStream:75 - [STDERR_REDIRECT] 
2026-04-29 17:18:10,509 [ERROR] LogOutputStream:75 - [STDERR_REDIRECT] [Fatal Error] :1:1: Premature end of file.
2026-04-29 17:18:10,509 [ERROR] LogOutputStream:75 - [STDERR_REDIRECT] 
2026-04-29 17:18:11,529 [ERROR] LogOutputStream:75 - [STDERR_REDIRECT] [Fatal Error] :1:1: Premature end of file.
2026-04-29 17:18:11,529 [ERROR] LogOutputStream:75 - [STDERR_REDIRECT] 
2026-04-29 17:18:12,531 [ERROR] LogOutputStream:75 - [STDERR_REDIRECT] [Fatal Error] :1:1: Premature end of file.
2026-04-29 17:18:12,531 [ERROR] LogOutputStream:75 - [STDERR_REDIRECT] 
2026-04-29 17:18:13,522 [ERROR] LogOutputStream:75 - [STDERR_REDIRECT] [Fatal Error] :1:1: Premature end of file.
2026-04-29 17:18:13,522 [ERROR] LogOutputStream:75 - [STDERR_REDIRECT] 
2026-04-29 17:18:14,529 [ERROR] LogOutputStream:75 - [STDERR_REDIRECT] [Fatal Error] :1:1: Premature end of file.
2026-04-29 17:18:14,529 [ERROR] LogOutputStream:75 - [STDERR_REDIRECT] 
2026-04-29 17:18:15,517 [ERROR] LogOutputStream:75 - [STDERR_REDIRECT] [Fatal Error] :1:1: Premature end of file.
2026-04-29 17:18:15,517 [ERROR] LogOutputStream:75 - [STDERR_REDIRECT] 
2026-04-29 17:18:16,493 [ERROR] LogOutputStream:75 - [STDERR_REDIRECT] [Fatal Error] :1:1: Premature end of file.
2026-04-29 17:18:16,504 [ERROR] LogOutputStream:75 - [STDERR_REDIRECT] 
2026-04-29 17:18:17,511 [ERROR] LogOutputStream:75 - [STDERR_REDIRECT] [Fatal Error] :1:1: Premature end of file.
2026-04-29 17:18:17,511 [ERROR] LogOutputStream:75 - [STDERR_REDIRECT] 
2026-04-29 17:18:18,510 [ERROR] LogOutputStream:75 - [STDERR_REDIRECT] [Fatal Error] :1:1: Premature end of file.
2026-04-29 17:18:18,510 [ERROR] LogOutputStream:75 - [STDERR_REDIRECT] 
2026-04-29 17:18:19,517 [ERROR] LogOutputStream:75 - [STDERR_REDIRECT] [Fatal Error] :1:1: Premature end of file.
2026-04-29 17:18:19,517 [ERROR] LogOutputStream:75 - [STDERR_REDIRECT] 
2026-04-29 17:18:20,531 [ERROR] LogOutputStream:75 - [STDERR_REDIRECT] [Fatal Error] :1:1: Premature end of file.
2026-04-29 17:18:20,531 [ERROR] LogOutputStream:75 - [STDERR_REDIRECT] 
2026-04-29 17:18:21,553 [ERROR] LogOutputStream:75 - [STDERR_REDIRECT] [Fatal Error] :1:1: Premature end of file.
2026-04-29 17:18:21,553 [ERROR] LogOutputStream:75 - [STDERR_REDIRECT] 
2026-04-29 17:18:22,508 [ERROR] LogOutputStream:75 - [STDERR_REDIRECT] [Fatal Error] :1:1: Premature end of file.
2026-04-29 17:18:22,508 [ERROR] LogOutputStream:75 - [STDERR_REDIRECT] 
2026-04-29 17:18:23,504 [ERROR] LogOutputStream:75 - [STDERR_REDIRECT] [Fatal Error] :1:1: Premature end of file.
2026-04-29 17:18:23,504 [ERROR] LogOutputStream:75 - [STDERR_REDIRECT] 
2026-04-29 17:18:24,517 [ERROR] LogOutputStream:75 - [STDERR_REDIRECT] [Fatal Error] :1:1: Premature end of file.
2026-04-29 17:18:24,518 [ERROR] LogOutputStream:75 - [STDERR_REDIRECT] 
2026-04-29 17:18:25,509 [ERROR] LogOutputStream:75 - [STDERR_REDIRECT] [Fatal Error] :1:1: Premature end of file.
2026-04-29 17:18:25,509 [ERROR] LogOutputStream:75 - [STDERR_REDIRECT] 
2026-04-29 17:18:26,536 [ERROR] LogOutputStream:75 - [STDERR_REDIRECT] [Fatal Error] :1:1: Premature end of file.
2026-04-29 17:18:26,537 [ERROR] LogOutputStream:75 - [STDERR_REDIRECT] 
2026-04-29 17:18:27,519 [ERROR] LogOutputStream:75 - [STDERR_REDIRECT] [Fatal Error] :1:1: Premature end of file.
2026-04-29 17:18:27,519 [ERROR] LogOutputStream:75 - [STDERR_REDIRECT] 
2026-04-29 17:18:28,530 [ERROR] LogOutputStream:75 - [STDERR_REDIRECT] [Fatal Error] :1:1: Premature end of file.
2026-04-29 17:18:28,530 [ERROR] LogOutputStream:75 - [STDERR_REDIRECT] 
2026-04-29 17:18:29,530 [ERROR] LogOutputStream:75 - [STDERR_REDIRECT] [Fatal Error] :1:1: Premature end of file.
2026-04-29 17:18:29,530 [ERROR] LogOutputStream:75 - [STDERR_REDIRECT] 
2026-04-29 17:18:30,511 [ERROR] LogOutputStream:75 - [STDERR_REDIRECT] [Fatal Error] :1:1: Premature end of file.
2026-04-29 17:18:30,511 [ERROR] LogOutputStream:75 - [STDERR_REDIRECT] 
2026-04-29 17:18:31,502 [ERROR] LogOutputStream:75 - [STDERR_REDIRECT] [Fatal Error] :1:1: Premature end of file.
2026-04-29 17:18:31,502 [ERROR] LogOutputStream:75 - [STDERR_REDIRECT] 
2026-04-29 17:18:32,496 [ERROR] LogOutputStream:75 - [STDERR_REDIRECT] [Fatal Error] :1:1: Premature end of file.
2026-04-29 17:18:32,496 [ERROR] LogOutputStream:75 - [STDERR_REDIRECT] 
2026-04-29 17:18:33,506 [ERROR] LogOutputStream:75 - [STDERR_REDIRECT] [Fatal Error] :1:1: Premature end of file.
2026-04-29 17:18:33,506 [ERROR] LogOutputStream:75 - [STDERR_REDIRECT] 
2026-04-29 17:18:34,498 [ERROR] LogOutputStream:75 - [STDERR_REDIRECT] [Fatal Error] :1:1: Premature end of file.
2026-04-29 17:18:34,498 [ERROR] LogOutputStream:75 - [STDERR_REDIRECT] 
2026-04-29 17:18:35,496 [ERROR] LogOutputStream:75 - [STDERR_REDIRECT] [Fatal Error] :1:1: Premature end of file.
2026-04-29 17:18:35,496 [ERROR] LogOutputStream:75 - [STDERR_REDIRECT] 
2026-04-29 17:18:36,496 [ERROR] LogOutputStream:75 - [STDERR_REDIRECT] [Fatal Error] :1:1: Premature end of file.
2026-04-29 17:18:36,496 [ERROR] LogOutputStream:75 - [STDERR_REDIRECT] 
2026-04-29 17:18:37,497 [ERROR] LogOutputStream:75 - [STDERR_REDIRECT] [Fatal Error] :1:1: Premature end of file.
2026-04-29 17:18:37,497 [ERROR] LogOutputStream:75 - [STDERR_REDIRECT] 
2026-04-29 17:18:38,503 [ERROR] LogOutputStream:75 - [STDERR_REDIRECT] [Fatal Error] :1:1: Premature end of file.
2026-04-29 17:18:38,504 [ERROR] LogOutputStream:75 - [STDERR_REDIRECT] 
2026-04-29 17:18:39,492 [ERROR] LogOutputStream:75 - [STDERR_REDIRECT] [Fatal Error] :1:1: Premature end of file.
2026-04-29 17:18:39,493 [ERROR] LogOutputStream:75 - [STDERR_REDIRECT] 
2026-04-29 17:18:40,492 [ERROR] LogOutputStream:75 - [STDERR_REDIRECT] [Fatal Error] :1:1: Premature end of file.
2026-04-29 17:18:40,492 [ERROR] LogOutputStream:75 - [STDERR_REDIRECT] 
2026-04-29 17:18:41,482 [ERROR] LogOutputStream:75 - [STDERR_REDIRECT] [Fatal Error] :1:1: Premature end of file.
2026-04-29 17:18:41,482 [ERROR] LogOutputStream:75 - [STDERR_REDIRECT] 
2026-04-29 17:18:42,497 [ERROR] LogOutputStream:75 - [STDERR_REDIRECT] [Fatal Error] :1:1: Premature end of file.
2026-04-29 17:18:42,497 [ERROR] LogOutputStream:75 - [STDERR_REDIRECT] 
2026-04-29 17:18:43,498 [ERROR] LogOutputStream:75 - [STDERR_REDIRECT] [Fatal Error] :1:1: Premature end of file.
2026-04-29 17:18:43,498 [ERROR] LogOutputStream:75 - [STDERR_REDIRECT] 
2026-04-29 17:18:44,499 [ERROR] LogOutputStream:75 - [STDERR_REDIRECT] [Fatal Error] :1:1: Premature end of file.
2026-04-29 17:18:44,499 [ERROR] LogOutputStream:75 - [STDERR_REDIRECT] 
2026-04-29 17:18:45,491 [ERROR] LogOutputStream:75 - [STDERR_REDIRECT] [Fatal Error] :1:1: Premature end of file.
2026-04-29 17:18:45,491 [ERROR] LogOutputStream:75 - [STDERR_REDIRECT] 
2026-04-29 17:18:46,488 [ERROR] LogOutputStream:75 - [STDERR_REDIRECT] [Fatal Error] :1:1: Premature end of file.
2026-04-29 17:18:46,488 [ERROR] LogOutputStream:75 - [STDERR_REDIRECT] 
2026-04-29 17:18:47,503 [ERROR] LogOutputStream:75 - [STDERR_REDIRECT] [Fatal Error] :1:1: Premature end of file.
2026-04-29 17:18:47,503 [ERROR] LogOutputStream:75 - [STDERR_REDIRECT] 
2026-04-29 17:18:48,495 [ERROR] LogOutputStream:75 - [STDERR_REDIRECT] [Fatal Error] :1:1: Premature end of file.
2026-04-29 17:18:48,495 [ERROR] LogOutputStream:75 - [STDERR_REDIRECT] 
2026-04-29 17:18:49,517 [ERROR] LogOutputStream:75 - [STDERR_REDIRECT] [Fatal Error] :1:1: Premature end of file.
2026-04-29 17:18:49,517 [ERROR] LogOutputStream:75 - [STDERR_REDIRECT] 
2026-04-29 17:18:50,494 [ERROR] LogOutputStream:75 - [STDERR_REDIRECT] [Fatal Error] :1:1: Premature end of file.
2026-04-29 17:18:50,494 [ERROR] LogOutputStream:75 - [STDERR_REDIRECT] 
2026-04-29 17:18:51,495 [ERROR] LogOutputStream:75 - [STDERR_REDIRECT] [Fatal Error] :1:1: Premature end of file.
2026-04-29 17:18:51,496 [ERROR] LogOutputStream:75 - [STDERR_REDIRECT] 
2026-04-29 17:18:52,502 [ERROR] LogOutputStream:75 - [STDERR_REDIRECT] [Fatal Error] :1:1: Premature end of file.
2026-04-29 17:18:52,502 [ERROR] LogOutputStream:75 - [STDERR_REDIRECT] 
2026-04-29 17:18:53,494 [ERROR] LogOutputStream:75 - [STDERR_REDIRECT] [Fatal Error] :1:1: Premature end of file.
2026-04-29 17:18:53,494 [ERROR] LogOutputStream:75 - [STDERR_REDIRECT] 
2026-04-29 17:18:54,501 [ERROR] LogOutputStream:75 - [STDERR_REDIRECT] [Fatal Error] :1:1: Premature end of file.
2026-04-29 17:18:54,501 [ERROR] LogOutputStream:75 - [STDERR_REDIRECT] 
2026-04-29 17:18:55,497 [ERROR] LogOutputStream:75 - [STDERR_REDIRECT] [Fatal Error] :1:1: Premature end of file.
2026-04-29 17:18:55,497 [ERROR] LogOutputStream:75 - [STDERR_REDIRECT] 
2026-04-29 17:18:56,495 [ERROR] LogOutputStream:75 - [STDERR_REDIRECT] [Fatal Error] :1:1: Premature end of file.
2026-04-29 17:18:56,495 [ERROR] LogOutputStream:75 - [STDERR_REDIRECT] 
2026-04-29 17:18:57,494 [ERROR] LogOutputStream:75 - [STDERR_REDIRECT] [Fatal Error] :1:1: Premature end of file.
2026-04-29 17:18:57,495 [ERROR] LogOutputStream:75 - [STDERR_REDIRECT] 
2026-04-29 17:18:58,502 [ERROR] LogOutputStream:75 - [STDERR_REDIRECT] [Fatal Error] :1:1: Premature end of file.
2026-04-29 17:18:58,502 [ERROR] LogOutputStream:75 - [STDERR_REDIRECT] 
2026-04-29 17:18:59,501 [ERROR] LogOutputStream:75 - [STDERR_REDIRECT] [Fatal Error] :1:1: Premature end of file.
2026-04-29 17:18:59,501 [ERROR] LogOutputStream:75 - [STDERR_REDIRECT] 
2026-04-29 17:19:00,496 [ERROR] LogOutputStream:75 - [STDERR_REDIRECT] [Fatal Error] :1:1: Premature end of file.
2026-04-29 17:19:00,496 [ERROR] LogOutputStream:75 - [STDERR_REDIRECT] 
2026-04-29 17:19:01,502 [ERROR] LogOutputStream:75 - [STDERR_REDIRECT] [Fatal Error] :1:1: Premature end of file.
2026-04-29 17:19:01,503 [ERROR] LogOutputStream:75 - [STDERR_REDIRECT] 
2026-04-29 17:19:02,495 [ERROR] LogOutputStream:75 - [STDERR_REDIRECT] [Fatal Error] :1:1: Premature end of file.
2026-04-29 17:19:02,495 [ERROR] LogOutputStream:75 - [STDERR_REDIRECT] 
2026-04-29 17:19:03,496 [ERROR] LogOutputStream:75 - [STDERR_REDIRECT] [Fatal Error] :1:1: Premature end of file.
2026-04-29 17:19:03,496 [ERROR] LogOutputStream:75 - [STDERR_REDIRECT] 
2026-04-29 17:19:04,496 [ERROR] LogOutputStream:75 - [STDERR_REDIRECT] [Fatal Error] :1:1: Premature end of file.
2026-04-29 17:19:04,496 [ERROR] LogOutputStream:75 - [STDERR_REDIRECT] 
2026-04-29 17:19:05,500 [ERROR] LogOutputStream:75 - [STDERR_REDIRECT] [Fatal Error] :1:1: Premature end of file.
2026-04-29 17:19:05,500 [ERROR] LogOutputStream:75 - [STDERR_REDIRECT] 
2026-04-29 17:19:06,495 [ERROR] LogOutputStream:75 - [STDERR_REDIRECT] [Fatal Error] :1:1: Premature end of file.
2026-04-29 17:19:06,495 [ERROR] LogOutputStream:75 - [STDERR_REDIRECT] 
2026-04-29 17:19:07,504 [ERROR] LogOutputStream:75 - [STDERR_REDIRECT] [Fatal Error] :1:1: Premature end of file.
2026-04-29 17:19:07,505 [ERROR] LogOutputStream:75 - [STDERR_REDIRECT] 
2026-04-29 17:19:08,503 [ERROR] LogOutputStream:75 - [STDERR_REDIRECT] [Fatal Error] :1:1: Premature end of file.
2026-04-29 17:19:08,503 [ERROR] LogOutputStream:75 - [STDERR_REDIRECT] 
2026-04-29 17:19:09,501 [ERROR] LogOutputStream:75 - [STDERR_REDIRECT] [Fatal Error] :1:1: Premature end of file.
2026-04-29 17:19:09,501 [ERROR] LogOutputStream:75 - [STDERR_REDIRECT] 
2026-04-29 17:19:10,495 [ERROR] LogOutputStream:75 - [STDERR_REDIRECT] [Fatal Error] :1:1: Premature end of file.
2026-04-29 17:19:10,495 [ERROR] LogOutputStream:75 - [STDERR_REDIRECT] 
2026-04-29 17:19:11,499 [ERROR] LogOutputStream:75 - [STDERR_REDIRECT] [Fatal Error] :1:1: Premature end of file.
2026-04-29 17:19:11,499 [ERROR] LogOutputStream:75 - [STDERR_REDIRECT] 
2026-04-29 17:19:12,506 [ERROR] LogOutputStream:75 - [STDERR_REDIRECT] [Fatal Error] :1:1: Premature end of file.
2026-04-29 17:19:12,506 [ERROR] LogOutputStream:75 - [STDERR_REDIRECT] 
2026-04-29 17:19:13,494 [ERROR] LogOutputStream:75 - [STDERR_REDIRECT] [Fatal Error] :1:1: Premature end of file.
2026-04-29 17:19:13,494 [ERROR] LogOutputStream:75 - [STDERR_REDIRECT] 
2026-04-29 17:19:14,500 [ERROR] LogOutputStream:75 - [STDERR_REDIRECT] [Fatal Error] :1:1: Premature end of file.
2026-04-29 17:19:14,500 [ERROR] LogOutputStream:75 - [STDERR_REDIRECT] 
2026-04-29 17:19:15,499 [ERROR] LogOutputStream:75 - [STDERR_REDIRECT] [Fatal Error] :1:1: Premature end of file.
2026-04-29 17:19:15,499 [ERROR] LogOutputStream:75 - [STDERR_REDIRECT] 
2026-04-29 17:19:16,497 [ERROR] LogOutputStream:75 - [STDERR_REDIRECT] [Fatal Error] :1:1: Premature end of file.
2026-04-29 17:19:16,498 [ERROR] LogOutputStream:75 - [STDERR_REDIRECT] 
2026-04-29 17:19:17,503 [ERROR] LogOutputStream:75 - [STDERR_REDIRECT] [Fatal Error] :1:1: Premature end of file.
2026-04-29 17:19:17,503 [ERROR] LogOutputStream:75 - [STDERR_REDIRECT] 
2026-04-29 17:19:18,500 [ERROR] LogOutputStream:75 - [STDERR_REDIRECT] [Fatal Error] :1:1: Premature end of file.
2026-04-29 17:19:18,500 [ERROR] LogOutputStream:75 - [STDERR_REDIRECT] 
2026-04-29 17:19:19,497 [ERROR] LogOutputStream:75 - [STDERR_REDIRECT] [Fatal Error] :1:1: Premature end of file.
2026-04-29 17:19:19,497 [ERROR] LogOutputStream:75 - [STDERR_REDIRECT] 
2026-04-29 17:19:20,493 [ERROR] LogOutputStream:75 - [STDERR_REDIRECT] [Fatal Error] :1:1: Premature end of file.
2026-04-29 17:19:20,493 [ERROR] LogOutputStream:75 - [STDERR_REDIRECT] 
2026-04-29 17:19:21,500 [ERROR] LogOutputStream:75 - [STDERR_REDIRECT] [Fatal Error] :1:1: Premature end of file.
2026-04-29 17:19:21,500 [ERROR] LogOutputStream:75 - [STDERR_REDIRECT] 
2026-04-29 17:19:22,500 [ERROR] LogOutputStream:75 - [STDERR_REDIRECT] [Fatal Error] :1:1: Premature end of file.
2026-04-29 17:19:22,500 [ERROR] LogOutputStream:75 - [STDERR_REDIRECT] 
2026-04-29 17:19:23,497 [ERROR] LogOutputStream:75 - [STDERR_REDIRECT] [Fatal Error] :1:1: Premature end of file.
2026-04-29 17:19:23,497 [ERROR] LogOutputStream:75 - [STDERR_REDIRECT] 
2026-04-29 17:19:24,496 [ERROR] LogOutputStream:75 - [STDERR_REDIRECT] [Fatal Error] :1:1: Premature end of file.
2026-04-29 17:19:24,496 [ERROR] LogOutputStream:75 - [STDERR_REDIRECT] 
2026-04-29 17:19:25,502 [ERROR] LogOutputStream:75 - [STDERR_REDIRECT] [Fatal Error] :1:1: Premature end of file.
2026-04-29 17:19:25,503 [ERROR] LogOutputStream:75 - [STDERR_REDIRECT] 
2026-04-29 17:19:26,506 [ERROR] LogOutputStream:75 - [STDERR_REDIRECT] [Fatal Error] :1:1: Premature end of file.
2026-04-29 17:19:26,506 [ERROR] LogOutputStream:75 - [STDERR_REDIRECT] 
2026-04-29 17:19:27,491 [ERROR] LogOutputStream:75 - [STDERR_REDIRECT] [Fatal Error] :1:1: Premature end of file.
2026-04-29 17:19:27,492 [ERROR] LogOutputStream:75 - [STDERR_REDIRECT] 
2026-04-29 17:19:28,504 [ERROR] LogOutputStream:75 - [STDERR_REDIRECT] [Fatal Error] :1:1: Premature end of file.
2026-04-29 17:19:28,504 [ERROR] LogOutputStream:75 - [STDERR_REDIRECT] 
2026-04-29 17:19:29,500 [ERROR] LogOutputStream:75 - [STDERR_REDIRECT] [Fatal Error] :1:1: Premature end of file.
2026-04-29 17:19:29,500 [ERROR] LogOutputStream:75 - [STDERR_REDIRECT] 
2026-04-29 17:19:30,503 [ERROR] LogOutputStream:75 - [STDERR_REDIRECT] [Fatal Error] :1:1: Premature end of file.
2026-04-29 17:19:30,503 [ERROR] LogOutputStream:75 - [STDERR_REDIRECT] 
2026-04-29 17:19:31,518 [ERROR] LogOutputStream:75 - [STDERR_REDIRECT] [Fatal Error] :1:1: Premature end of file.
2026-04-29 17:19:31,518 [ERROR] LogOutputStream:75 - [STDERR_REDIRECT] 
2026-04-29 17:19:32,511 [ERROR] LogOutputStream:75 - [STDERR_REDIRECT] [Fatal Error] :1:1: Premature end of file.
2026-04-29 17:19:32,511 [ERROR] LogOutputStream:75 - [STDERR_REDIRECT] 
2026-04-29 17:19:33,501 [ERROR] LogOutputStream:75 - [STDERR_REDIRECT] [Fatal Error] :1:1: Premature end of file.
2026-04-29 17:19:33,501 [ERROR] LogOutputStream:75 - [STDERR_REDIRECT] 
2026-04-29 17:19:34,498 [ERROR] LogOutputStream:75 - [STDERR_REDIRECT] [Fatal Error] :1:1: Premature end of file.
2026-04-29 17:19:34,498 [ERROR] LogOutputStream:75 - [STDERR_REDIRECT] 
2026-04-29 17:19:35,497 [ERROR] LogOutputStream:75 - [STDERR_REDIRECT] [Fatal Error] :1:1: Premature end of file.
2026-04-29 17:19:35,497 [ERROR] LogOutputStream:75 - [STDERR_REDIRECT] 
2026-04-29 17:19:36,500 [ERROR] LogOutputStream:75 - [STDERR_REDIRECT] [Fatal Error] :1:1: Premature end of file.
2026-04-29 17:19:36,500 [ERROR] LogOutputStream:75 - [STDERR_REDIRECT] 
2026-04-29 17:19:37,495 [ERROR] LogOutputStream:75 - [STDERR_REDIRECT] [Fatal Error] :1:1: Premature end of file.
2026-04-29 17:19:37,495 [ERROR] LogOutputStream:75 - [STDERR_REDIRECT] 
2026-04-29 17:19:38,499 [ERROR] LogOutputStream:75 - [STDERR_REDIRECT] [Fatal Error] :1:1: Premature end of file.
2026-04-29 17:19:38,499 [ERROR] LogOutputStream:75 - [STDERR_REDIRECT] 
2026-04-29 17:19:39,499 [ERROR] LogOutputStream:75 - [STDERR_REDIRECT] [Fatal Error] :1:1: Premature end of file.
2026-04-29 17:19:39,499 [ERROR] LogOutputStream:75 - [STDERR_REDIRECT] 
2026-04-29 17:19:40,493 [ERROR] LogOutputStream:75 - [STDERR_REDIRECT] [Fatal Error] :1:1: Premature end of file.
2026-04-29 17:19:40,493 [ERROR] LogOutputStream:75 - [STDERR_REDIRECT] 
2026-04-29 17:19:41,510 [ERROR] LogOutputStream:75 - [STDERR_REDIRECT] [Fatal Error] :1:1: Premature end of file.
2026-04-29 17:19:41,510 [ERROR] LogOutputStream:75 - [STDERR_REDIRECT] 
2026-04-29 17:19:42,494 [ERROR] LogOutputStream:75 - [STDERR_REDIRECT] [Fatal Error] :1:1: Premature end of file.
2026-04-29 17:19:42,494 [ERROR] LogOutputStream:75 - [STDERR_REDIRECT] 
2026-04-29 17:19:43,498 [ERROR] LogOutputStream:75 - [STDERR_REDIRECT] [Fatal Error] :1:1: Premature end of file.
2026-04-29 17:19:43,499 [ERROR] LogOutputStream:75 - [STDERR_REDIRECT] 
2026-04-29 17:19:44,501 [ERROR] LogOutputStream:75 - [STDERR_REDIRECT] [Fatal Error] :1:1: Premature end of file.
2026-04-29 17:19:44,501 [ERROR] LogOutputStream:75 - [STDERR_REDIRECT] 
2026-04-29 17:19:45,508 [ERROR] LogOutputStream:75 - [STDERR_REDIRECT] [Fatal Error] :1:1: Premature end of file.
2026-04-29 17:19:45,508 [ERROR] LogOutputStream:75 - [STDERR_REDIRECT] 
2026-04-29 17:19:46,498 [ERROR] LogOutputStream:75 - [STDERR_REDIRECT] [Fatal Error] :1:1: Premature end of file.
2026-04-29 17:19:46,499 [ERROR] LogOutputStream:75 - [STDERR_REDIRECT] 
2026-04-29 17:19:47,509 [ERROR] LogOutputStream:75 - [STDERR_REDIRECT] [Fatal Error] :1:1: Premature end of file.
2026-04-29 17:19:47,509 [ERROR] LogOutputStream:75 - [STDERR_REDIRECT] 
2026-04-29 17:19:48,498 [ERROR] LogOutputStream:75 - [STDERR_REDIRECT] [Fatal Error] :1:1: Premature end of file.
2026-04-29 17:19:48,499 [ERROR] LogOutputStream:75 - [STDERR_REDIRECT] 
2026-04-29 17:19:49,500 [ERROR] LogOutputStream:75 - [STDERR_REDIRECT] [Fatal Error] :1:1: Premature end of file.
2026-04-29 17:19:49,500 [ERROR] LogOutputStream:75 - [STDERR_REDIRECT] 
2026-04-29 17:19:50,501 [ERROR] LogOutputStream:75 - [STDERR_REDIRECT] [Fatal Error] :1:1: Premature end of file.
2026-04-29 17:19:50,502 [ERROR] LogOutputStream:75 - [STDERR_REDIRECT] 
2026-04-29 17:19:51,497 [ERROR] LogOutputStream:75 - [STDERR_REDIRECT] [Fatal Error] :1:1: Premature end of file.
2026-04-29 17:19:51,497 [ERROR] LogOutputStream:75 - [STDERR_REDIRECT] 
2026-04-29 17:19:52,510 [ERROR] LogOutputStream:75 - [STDERR_REDIRECT] [Fatal Error] :1:1: Premature end of file.
2026-04-29 17:19:52,511 [ERROR] LogOutputStream:75 - [STDERR_REDIRECT] 
2026-04-29 17:19:53,498 [ERROR] LogOutputStream:75 - [STDERR_REDIRECT] [Fatal Error] :1:1: Premature end of file.
2026-04-29 17:19:53,498 [ERROR] LogOutputStream:75 - [STDERR_REDIRECT] 
2026-04-29 17:19:54,499 [ERROR] LogOutputStream:75 - [STDERR_REDIRECT] [Fatal Error] :1:1: Premature end of file.
2026-04-29 17:19:54,499 [ERROR] LogOutputStream:75 - [STDERR_REDIRECT] 
2026-04-29 17:19:55,498 [ERROR] LogOutputStream:75 - [STDERR_REDIRECT] [Fatal Error] :1:1: Premature end of file.
2026-04-29 17:19:55,499 [ERROR] LogOutputStream:75 - [STDERR_REDIRECT] 
2026-04-29 17:19:56,494 [ERROR] LogOutputStream:75 - [STDERR_REDIRECT] [Fatal Error] :1:1: Premature end of file.
2026-04-29 17:19:56,494 [ERROR] LogOutputStream:75 - [STDERR_REDIRECT] 
2026-04-29 17:19:57,507 [ERROR] LogOutputStream:75 - [STDERR_REDIRECT] [Fatal Error] :1:1: Premature end of file.
2026-04-29 17:19:57,507 [ERROR] LogOutputStream:75 - [STDERR_REDIRECT] 
2026-04-29 17:19:58,516 [ERROR] LogOutputStream:75 - [STDERR_REDIRECT] [Fatal Error] :1:1: Premature end of file.
2026-04-29 17:19:58,516 [ERROR] LogOutputStream:75 - [STDERR_REDIRECT] 
2026-04-29 17:19:59,495 [ERROR] LogOutputStream:75 - [STDERR_REDIRECT] [Fatal Error] :1:1: Premature end of file.
2026-04-29 17:19:59,495 [ERROR] LogOutputStream:75 - [STDERR_REDIRECT] 
2026-04-29 17:20:00,487 [ERROR] LogOutputStream:75 - [STDERR_REDIRECT] [Fatal Error] :1:1: Premature end of file.
2026-04-29 17:20:00,488 [ERROR] LogOutputStream:75 - [STDERR_REDIRECT] 
2026-04-29 17:20:01,504 [ERROR] LogOutputStream:75 - [STDERR_REDIRECT] [Fatal Error] :1:1: Premature end of file.
2026-04-29 17:20:01,504 [ERROR] LogOutputStream:75 - [STDERR_REDIRECT] 
2026-04-29 17:20:02,495 [ERROR] LogOutputStream:75 - [STDERR_REDIRECT] [Fatal Error] :1:1: Premature end of file.
2026-04-29 17:20:02,495 [ERROR] LogOutputStream:75 - [STDERR_REDIRECT] 
2026-04-29 17:20:03,500 [ERROR] LogOutputStream:75 - [STDERR_REDIRECT] [Fatal Error] :1:1: Premature end of file.
2026-04-29 17:20:03,500 [ERROR] LogOutputStream:75 - [STDERR_REDIRECT] 
2026-04-29 17:20:04,500 [ERROR] LogOutputStream:75 - [STDERR_REDIRECT] [Fatal Error] :1:1: Premature end of file.
2026-04-29 17:20:04,500 [ERROR] LogOutputStream:75 - [STDERR_REDIRECT] 
2026-04-29 17:20:05,495 [ERROR] LogOutputStream:75 - [STDERR_REDIRECT] [Fatal Error] :1:1: Premature end of file.
2026-04-29 17:20:05,495 [ERROR] LogOutputStream:75 - [STDERR_REDIRECT] 
2026-04-29 17:20:06,499 [ERROR] LogOutputStream:75 - [STDERR_REDIRECT] [Fatal Error] :1:1: Premature end of file.
2026-04-29 17:20:06,499 [ERROR] LogOutputStream:75 - [STDERR_REDIRECT] 
2026-04-29 17:20:07,498 [ERROR] LogOutputStream:75 - [STDERR_REDIRECT] [Fatal Error] :1:1: Premature end of file.
2026-04-29 17:20:07,499 [ERROR] LogOutputStream:75 - [STDERR_REDIRECT] 
2026-04-29 17:20:08,496 [ERROR] LogOutputStream:75 - [STDERR_REDIRECT] [Fatal Error] :1:1: Premature end of file.
2026-04-29 17:20:08,496 [ERROR] LogOutputStream:75 - [STDERR_REDIRECT] 
2026-04-29 17:20:09,501 [ERROR] LogOutputStream:75 - [STDERR_REDIRECT] [Fatal Error] :1:1: Premature end of file.
2026-04-29 17:20:09,501 [ERROR] LogOutputStream:75 - [STDERR_REDIRECT] 
2026-04-29 17:20:10,500 [ERROR] LogOutputStream:75 - [STDERR_REDIRECT] [Fatal Error] :1:1: Premature end of file.
2026-04-29 17:20:10,500 [ERROR] LogOutputStream:75 - [STDERR_REDIRECT] 
2026-04-29 17:20:11,500 [ERROR] LogOutputStream:75 - [STDERR_REDIRECT] [Fatal Error] :1:1: Premature end of file.
2026-04-29 17:20:11,501 [ERROR] LogOutputStream:75 - [STDERR_REDIRECT] 
2026-04-29 17:20:12,513 [ERROR] LogOutputStream:75 - [STDERR_REDIRECT] [Fatal Error] :1:1: Premature end of file.
2026-04-29 17:20:12,513 [ERROR] LogOutputStream:75 - [STDERR_REDIRECT] 
2026-04-29 17:20:13,502 [ERROR] LogOutputStream:75 - [STDERR_REDIRECT] [Fatal Error] :1:1: Premature end of file.
2026-04-29 17:20:13,502 [ERROR] LogOutputStream:75 - [STDERR_REDIRECT] 
2026-04-29 17:20:14,498 [ERROR] LogOutputStream:75 - [STDERR_REDIRECT] [Fatal Error] :1:1: Premature end of file.
2026-04-29 17:20:14,498 [ERROR] LogOutputStream:75 - [STDERR_REDIRECT] 
2026-04-29 17:20:15,481 [ERROR] LogOutputStream:75 - [STDERR_REDIRECT] [Fatal Error] :1:1: Premature end of file.
2026-04-29 17:20:15,481 [ERROR] LogOutputStream:75 - [STDERR_REDIRECT] 
2026-04-29 17:20:16,498 [ERROR] LogOutputStream:75 - [STDERR_REDIRECT] [Fatal Error] :1:1: Premature end of file.
2026-04-29 17:20:16,498 [ERROR] LogOutputStream:75 - [STDERR_REDIRECT] 
2026-04-29 17:20:17,499 [ERROR] LogOutputStream:75 - [STDERR_REDIRECT] [Fatal Error] :1:1: Premature end of file.
2026-04-29 17:20:17,500 [ERROR] LogOutputStream:75 - [STDERR_REDIRECT] 
2026-04-29 17:20:18,500 [ERROR] LogOutputStream:75 - [STDERR_REDIRECT] [Fatal Error] :1:1: Premature end of file.
2026-04-29 17:20:18,500 [ERROR] LogOutputStream:75 - [STDERR_REDIRECT] 
2026-04-29 17:20:19,497 [ERROR] LogOutputStream:75 - [STDERR_REDIRECT] [Fatal Error] :1:1: Premature end of file.
2026-04-29 17:20:19,497 [ERROR] LogOutputStream:75 - [STDERR_REDIRECT] 
2026-04-29 17:20:20,506 [ERROR] LogOutputStream:75 - [STDERR_REDIRECT] [Fatal Error] :1:1: Premature end of file.
2026-04-29 17:20:20,506 [ERROR] LogOutputStream:75 - [STDERR_REDIRECT] 
2026-04-29 17:20:21,496 [ERROR] LogOutputStream:75 - [STDERR_REDIRECT] [Fatal Error] :1:1: Premature end of file.
2026-04-29 17:20:21,496 [ERROR] LogOutputStream:75 - [STDERR_REDIRECT] 
2026-04-29 17:20:22,516 [ERROR] LogOutputStream:75 - [STDERR_REDIRECT] [Fatal Error] :1:1: Premature end of file.
2026-04-29 17:20:22,516 [ERROR] LogOutputStream:75 - [STDERR_REDIRECT] 
2026-04-29 17:20:23,500 [ERROR] LogOutputStream:75 - [STDERR_REDIRECT] [Fatal Error] :1:1: Premature end of file.
2026-04-29 17:20:23,500 [ERROR] LogOutputStream:75 - [STDERR_REDIRECT] 
2026-04-29 17:20:24,497 [ERROR] LogOutputStream:75 - [STDERR_REDIRECT] [Fatal Error] :1:1: Premature end of file.
2026-04-29 17:20:24,497 [ERROR] LogOutputStream:75 - [STDERR_REDIRECT] 
2026-04-29 17:20:25,498 [ERROR] LogOutputStream:75 - [STDERR_REDIRECT] [Fatal Error] :1:1: Premature end of file.
2026-04-29 17:20:25,498 [ERROR] LogOutputStream:75 - [STDERR_REDIRECT] 
2026-04-29 17:20:26,496 [ERROR] LogOutputStream:75 - [STDERR_REDIRECT] [Fatal Error] :1:1: Premature end of file.
2026-04-29 17:20:26,497 [ERROR] LogOutputStream:75 - [STDERR_REDIRECT] 
2026-04-29 17:20:27,497 [ERROR] LogOutputStream:75 - [STDERR_REDIRECT] [Fatal Error] :1:1: Premature end of file.
2026-04-29 17:20:27,498 [ERROR] LogOutputStream:75 - [STDERR_REDIRECT] 
2026-04-29 17:20:28,499 [ERROR] LogOutputStream:75 - [STDERR_REDIRECT] [Fatal Error] :1:1: Premature end of file.
2026-04-29 17:20:28,499 [ERROR] LogOutputStream:75 - [STDERR_REDIRECT] 
2026-04-29 17:20:29,504 [ERROR] LogOutputStream:75 - [STDERR_REDIRECT] [Fatal Error] :1:1: Premature end of file.
2026-04-29 17:20:29,504 [ERROR] LogOutputStream:75 - [STDERR_REDIRECT] 
2026-04-29 17:20:30,500 [ERROR] LogOutputStream:75 - [STDERR_REDIRECT] [Fatal Error] :1:1: Premature end of file.
2026-04-29 17:20:30,500 [ERROR] LogOutputStream:75 - [STDERR_REDIRECT] 
2026-04-29 17:20:31,503 [ERROR] LogOutputStream:75 - [STDERR_REDIRECT] [Fatal Error] :1:1: Premature end of file.
2026-04-29 17:20:31,503 [ERROR] LogOutputStream:75 - [STDERR_REDIRECT] 
2026-04-29 17:20:32,509 [ERROR] LogOutputStream:75 - [STDERR_REDIRECT] [Fatal Error] :1:1: Premature end of file.
2026-04-29 17:20:32,510 [ERROR] LogOutputStream:75 - [STDERR_REDIRECT] 
2026-04-29 17:20:33,500 [ERROR] LogOutputStream:75 - [STDERR_REDIRECT] [Fatal Error] :1:1: Premature end of file.
2026-04-29 17:20:33,500 [ERROR] LogOutputStream:75 - [STDERR_REDIRECT] 
2026-04-29 17:20:34,501 [ERROR] LogOutputStream:75 - [STDERR_REDIRECT] [Fatal Error] :1:1: Premature end of file.
2026-04-29 17:20:34,501 [ERROR] LogOutputStream:75 - [STDERR_REDIRECT] 
2026-04-29 17:20:35,488 [ERROR] LogOutputStream:75 - [STDERR_REDIRECT] [Fatal Error] :1:1: Premature end of file.
2026-04-29 17:20:35,488 [ERROR] LogOutputStream:75 - [STDERR_REDIRECT] 
2026-04-29 17:20:36,518 [ERROR] LogOutputStream:75 - [STDERR_REDIRECT] [Fatal Error] :1:1: Premature end of file.
2026-04-29 17:20:36,518 [ERROR] LogOutputStream:75 - [STDERR_REDIRECT] 
2026-04-29 17:20:37,494 [ERROR] LogOutputStream:75 - [STDERR_REDIRECT] [Fatal Error] :1:1: Premature end of file.
2026-04-29 17:20:37,494 [ERROR] LogOutputStream:75 - [STDERR_REDIRECT] 
2026-04-29 17:20:38,496 [ERROR] LogOutputStream:75 - [STDERR_REDIRECT] [Fatal Error] :1:1: Premature end of file.
2026-04-29 17:20:38,496 [ERROR] LogOutputStream:75 - [STDERR_REDIRECT] 
2026-04-29 17:20:39,492 [ERROR] LogOutputStream:75 - [STDERR_REDIRECT] [Fatal Error] :1:1: Premature end of file.
2026-04-29 17:20:39,493 [ERROR] LogOutputStream:75 - [STDERR_REDIRECT] 
2026-04-29 17:20:40,506 [ERROR] LogOutputStream:75 - [STDERR_REDIRECT] [Fatal Error] :1:1: Premature end of file.
2026-04-29 17:20:40,506 [ERROR] LogOutputStream:75 - [STDERR_REDIRECT] 
2026-04-29 17:20:41,495 [ERROR] LogOutputStream:75 - [STDERR_REDIRECT] [Fatal Error] :1:1: Premature end of file.
2026-04-29 17:20:41,495 [ERROR] LogOutputStream:75 - [STDERR_REDIRECT] 
2026-04-29 17:20:42,504 [ERROR] LogOutputStream:75 - [STDERR_REDIRECT] [Fatal Error] :1:1: Premature end of file.
2026-04-29 17:20:42,504 [ERROR] LogOutputStream:75 - [STDERR_REDIRECT] 
2026-04-29 17:20:43,498 [ERROR] LogOutputStream:75 - [STDERR_REDIRECT] [Fatal Error] :1:1: Premature end of file.
2026-04-29 17:20:43,498 [ERROR] LogOutputStream:75 - [STDERR_REDIRECT] 
2026-04-29 17:20:44,504 [ERROR] LogOutputStream:75 - [STDERR_REDIRECT] [Fatal Error] :1:1: Premature end of file.
2026-04-29 17:20:44,504 [ERROR] LogOutputStream:75 - [STDERR_REDIRECT] 
2026-04-29 17:20:45,506 [ERROR] LogOutputStream:75 - [STDERR_REDIRECT] [Fatal Error] :1:1: Premature end of file.
2026-04-29 17:20:45,508 [ERROR] LogOutputStream:75 - [STDERR_REDIRECT] 
2026-04-29 17:20:46,502 [ERROR] LogOutputStream:75 - [STDERR_REDIRECT] [Fatal Error] :1:1: Premature end of file.
2026-04-29 17:20:46,502 [ERROR] LogOutputStream:75 - [STDERR_REDIRECT] 
2026-04-29 17:20:47,515 [ERROR] LogOutputStream:75 - [STDERR_REDIRECT] [Fatal Error] :1:1: Premature end of file.
2026-04-29 17:20:47,515 [ERROR] LogOutputStream:75 - [STDERR_REDIRECT] 
2026-04-29 17:20:48,506 [ERROR] LogOutputStream:75 - [STDERR_REDIRECT] [Fatal Error] :1:1: Premature end of file.
2026-04-29 17:20:48,506 [ERROR] LogOutputStream:75 - [STDERR_REDIRECT] 
2026-04-29 17:20:49,504 [ERROR] LogOutputStream:75 - [STDERR_REDIRECT] [Fatal Error] :1:1: Premature end of file.
2026-04-29 17:20:49,504 [ERROR] LogOutputStream:75 - [STDERR_REDIRECT] 
2026-04-29 17:20:50,503 [ERROR] LogOutputStream:75 - [STDERR_REDIRECT] [Fatal Error] :1:1: Premature end of file.
2026-04-29 17:20:50,503 [ERROR] LogOutputStream:75 - [STDERR_REDIRECT] 
2026-04-29 17:20:51,506 [ERROR] LogOutputStream:75 - [STDERR_REDIRECT] [Fatal Error] :1:1: Premature end of file.
2026-04-29 17:20:51,506 [ERROR] LogOutputStream:75 - [STDERR_REDIRECT] 
2026-04-29 17:20:52,518 [ERROR] LogOutputStream:75 - [STDERR_REDIRECT] [Fatal Error] :1:1: Premature end of file.
2026-04-29 17:20:52,519 [ERROR] LogOutputStream:75 - [STDERR_REDIRECT] 
2026-04-29 17:20:53,510 [ERROR] LogOutputStream:75 - [STDERR_REDIRECT] [Fatal Error] :1:1: Premature end of file.
2026-04-29 17:20:53,511 [ERROR] LogOutputStream:75 - [STDERR_REDIRECT] 
2026-04-29 17:20:54,508 [ERROR] LogOutputStream:75 - [STDERR_REDIRECT] [Fatal Error] :1:1: Premature end of file.
2026-04-29 17:20:54,508 [ERROR] LogOutputStream:75 - [STDERR_REDIRECT] 
2026-04-29 17:20:55,501 [ERROR] LogOutputStream:75 - [STDERR_REDIRECT] [Fatal Error] :1:1: Premature end of file.
2026-04-29 17:20:55,501 [ERROR] LogOutputStream:75 - [STDERR_REDIRECT] 
2026-04-29 17:20:56,499 [ERROR] LogOutputStream:75 - [STDERR_REDIRECT] [Fatal Error] :1:1: Premature end of file.
2026-04-29 17:20:56,499 [ERROR] LogOutputStream:75 - [STDERR_REDIRECT] 
2026-04-29 17:20:57,509 [ERROR] LogOutputStream:75 - [STDERR_REDIRECT] [Fatal Error] :1:1: Premature end of file.
2026-04-29 17:20:57,509 [ERROR] LogOutputStream:75 - [STDERR_REDIRECT] 
2026-04-29 17:20:58,501 [ERROR] LogOutputStream:75 - [STDERR_REDIRECT] [Fatal Error] :1:1: Premature end of file.
2026-04-29 17:20:58,501 [ERROR] LogOutputStream:75 - [STDERR_REDIRECT] 
2026-04-29 17:20:59,494 [ERROR] LogOutputStream:75 - [STDERR_REDIRECT] [Fatal Error] :1:1: Premature end of file.
2026-04-29 17:20:59,494 [ERROR] LogOutputStream:75 - [STDERR_REDIRECT] 
2026-04-29 17:21:00,499 [ERROR] LogOutputStream:75 - [STDERR_REDIRECT] [Fatal Error] :1:1: Premature end of file.
2026-04-29 17:21:00,499 [ERROR] LogOutputStream:75 - [STDERR_REDIRECT] 
2026-04-29 17:21:01,514 [ERROR] LogOutputStream:75 - [STDERR_REDIRECT] [Fatal Error] :1:1: Premature end of file.
2026-04-29 17:21:01,514 [ERROR] LogOutputStream:75 - [STDERR_REDIRECT] 
2026-04-29 17:21:02,503 [ERROR] LogOutputStream:75 - [STDERR_REDIRECT] [Fatal Error] :1:1: Premature end of file.
2026-04-29 17:21:02,503 [ERROR] LogOutputStream:75 - [STDERR_REDIRECT] 
2026-04-29 17:21:03,507 [ERROR] LogOutputStream:75 - [STDERR_REDIRECT] [Fatal Error] :1:1: Premature end of file.
2026-04-29 17:21:03,507 [ERROR] LogOutputStream:75 - [STDERR_REDIRECT] 
2026-04-29 17:21:04,484 [ERROR] LogOutputStream:75 - [STDERR_REDIRECT] [Fatal Error] :1:1: Premature end of file.
2026-04-29 17:21:04,485 [ERROR] LogOutputStream:75 - [STDERR_REDIRECT] 
2026-04-29 17:21:05,500 [ERROR] LogOutputStream:75 - [STDERR_REDIRECT] [Fatal Error] :1:1: Premature end of file.
2026-04-29 17:21:05,500 [ERROR] LogOutputStream:75 - [STDERR_REDIRECT] 
2026-04-29 17:21:06,506 [ERROR] LogOutputStream:75 - [STDERR_REDIRECT] [Fatal Error] :1:1: Premature end of file.
2026-04-29 17:21:06,506 [ERROR] LogOutputStream:75 - [STDERR_REDIRECT] 
2026-04-29 17:21:07,505 [ERROR] LogOutputStream:75 - [STDERR_REDIRECT] [Fatal Error] :1:1: Premature end of file.
2026-04-29 17:21:07,505 [ERROR] LogOutputStream:75 - [STDERR_REDIRECT] 
2026-04-29 17:21:08,496 [ERROR] LogOutputStream:75 - [STDERR_REDIRECT] [Fatal Error] :1:1: Premature end of file.
2026-04-29 17:21:08,497 [ERROR] LogOutputStream:75 - [STDERR_REDIRECT] 
2026-04-29 17:21:09,500 [ERROR] LogOutputStream:75 - [STDERR_REDIRECT] [Fatal Error] :1:1: Premature end of file.
2026-04-29 17:21:09,500 [ERROR] LogOutputStream:75 - [STDERR_REDIRECT] 
2026-04-29 17:21:10,497 [ERROR] LogOutputStream:75 - [STDERR_REDIRECT] [Fatal Error] :1:1: Premature end of file.
2026-04-29 17:21:10,497 [ERROR] LogOutputStream:75 - [STDERR_REDIRECT] 
2026-04-29 17:21:11,507 [ERROR] LogOutputStream:75 - [STDERR_REDIRECT] [Fatal Error] :1:1: Premature end of file.
2026-04-29 17:21:11,507 [ERROR] LogOutputStream:75 - [STDERR_REDIRECT] 
2026-04-29 17:21:12,488 [ERROR] LogOutputStream:75 - [STDERR_REDIRECT] [Fatal Error] :1:1: Premature end of file.
2026-04-29 17:21:12,489 [ERROR] LogOutputStream:75 - [STDERR_REDIRECT] 
2026-04-29 17:21:13,496 [ERROR] LogOutputStream:75 - [STDERR_REDIRECT] [Fatal Error] :1:1: Premature end of file.
2026-04-29 17:21:13,497 [ERROR] LogOutputStream:75 - [STDERR_REDIRECT] 
2026-04-29 17:21:14,495 [ERROR] LogOutputStream:75 - [STDERR_REDIRECT] [Fatal Error] :1:1: Premature end of file.
2026-04-29 17:21:14,496 [ERROR] LogOutputStream:75 - [STDERR_REDIRECT] 
2026-04-29 17:21:15,504 [ERROR] LogOutputStream:75 - [STDERR_REDIRECT] [Fatal Error] :1:1: Premature end of file.
2026-04-29 17:21:15,504 [ERROR] LogOutputStream:75 - [STDERR_REDIRECT] 
2026-04-29 17:21:16,497 [ERROR] LogOutputStream:75 - [STDERR_REDIRECT] [Fatal Error] :1:1: Premature end of file.
2026-04-29 17:21:16,497 [ERROR] LogOutputStream:75 - [STDERR_REDIRECT] 
2026-04-29 17:21:17,489 [ERROR] LogOutputStream:75 - [STDERR_REDIRECT] [Fatal Error] :1:1: Premature end of file.
2026-04-29 17:21:17,489 [ERROR] LogOutputStream:75 - [STDERR_REDIRECT] 
2026-04-29 17:21:18,491 [ERROR] LogOutputStream:75 - [STDERR_REDIRECT] [Fatal Error] :1:1: Premature end of file.
2026-04-29 17:21:18,491 [ERROR] LogOutputStream:75 - [STDERR_REDIRECT] 
2026-04-29 17:21:19,502 [ERROR] LogOutputStream:75 - [STDERR_REDIRECT] [Fatal Error] :1:1: Premature end of file.
2026-04-29 17:21:19,502 [ERROR] LogOutputStream:75 - [STDERR_REDIRECT] 
2026-04-29 17:21:20,495 [ERROR] LogOutputStream:75 - [STDERR_REDIRECT] [Fatal Error] :1:1: Premature end of file.
2026-04-29 17:21:20,495 [ERROR] LogOutputStream:75 - [STDERR_REDIRECT] 
2026-04-29 17:21:21,507 [ERROR] LogOutputStream:75 - [STDERR_REDIRECT] [Fatal Error] :1:1: Premature end of file.
2026-04-29 17:21:21,508 [ERROR] LogOutputStream:75 - [STDERR_REDIRECT] 
2026-04-29 17:21:22,505 [ERROR] LogOutputStream:75 - [STDERR_REDIRECT] [Fatal Error] :1:1: Premature end of file.
2026-04-29 17:21:22,505 [ERROR] LogOutputStream:75 - [STDERR_REDIRECT] 
2026-04-29 17:21:23,500 [ERROR] LogOutputStream:75 - [STDERR_REDIRECT] [Fatal Error] :1:1: Premature end of file.
2026-04-29 17:21:23,501 [ERROR] LogOutputStream:75 - [STDERR_REDIRECT] 
2026-04-29 17:21:24,505 [ERROR] LogOutputStream:75 - [STDERR_REDIRECT] [Fatal Error] :1:1: Premature end of file.
2026-04-29 17:21:24,505 [ERROR] LogOutputStream:75 - [STDERR_REDIRECT] 
2026-04-29 17:21:25,503 [ERROR] LogOutputStream:75 - [STDERR_REDIRECT] [Fatal Error] :1:1: Premature end of file.
2026-04-29 17:21:25,503 [ERROR] LogOutputStream:75 - [STDERR_REDIRECT] 
2026-04-29 17:21:26,513 [ERROR] LogOutputStream:75 - [STDERR_REDIRECT] [Fatal Error] :1:1: Premature end of file.
2026-04-29 17:21:26,513 [ERROR] LogOutputStream:75 - [STDERR_REDIRECT] 
2026-04-29 17:21:27,504 [ERROR] LogOutputStream:75 - [STDERR_REDIRECT] [Fatal Error] :1:1: Premature end of file.
2026-04-29 17:21:27,504 [ERROR] LogOutputStream:75 - [STDERR_REDIRECT] 
2026-04-29 17:21:28,498 [ERROR] LogOutputStream:75 - [STDERR_REDIRECT] [Fatal Error] :1:1: Premature end of file.
2026-04-29 17:21:28,498 [ERROR] LogOutputStream:75 - [STDERR_REDIRECT] 
2026-04-29 17:21:29,503 [ERROR] LogOutputStream:75 - [STDERR_REDIRECT] [Fatal Error] :1:1: Premature end of file.
2026-04-29 17:21:29,503 [ERROR] LogOutputStream:75 - [STDERR_REDIRECT] 
2026-04-29 17:21:30,506 [ERROR] LogOutputStream:75 - [STDERR_REDIRECT] [Fatal Error] :1:1: Premature end of file.
2026-04-29 17:21:30,507 [ERROR] LogOutputStream:75 - [STDERR_REDIRECT] 
2026-04-29 17:21:31,505 [ERROR] LogOutputStream:75 - [STDERR_REDIRECT] [Fatal Error] :1:1: Premature end of file.
2026-04-29 17:21:31,505 [ERROR] LogOutputStream:75 - [STDERR_REDIRECT] 
2026-04-29 17:21:32,514 [ERROR] LogOutputStream:75 - [STDERR_REDIRECT] [Fatal Error] :1:1: Premature end of file.
2026-04-29 17:21:32,514 [ERROR] LogOutputStream:75 - [STDERR_REDIRECT] 
2026-04-29 17:21:33,499 [ERROR] LogOutputStream:75 - [STDERR_REDIRECT] [Fatal Error] :1:1: Premature end of file.
2026-04-29 17:21:33,499 [ERROR] LogOutputStream:75 - [STDERR_REDIRECT] 
2026-04-29 17:21:34,501 [ERROR] LogOutputStream:75 - [STDERR_REDIRECT] [Fatal Error] :1:1: Premature end of file.
2026-04-29 17:21:34,501 [ERROR] LogOutputStream:75 - [STDERR_REDIRECT] 
2026-04-29 17:21:35,500 [ERROR] LogOutputStream:75 - [STDERR_REDIRECT] [Fatal Error] :1:1: Premature end of file.
2026-04-29 17:21:35,501 [ERROR] LogOutputStream:75 - [STDERR_REDIRECT] 
2026-04-29 17:21:36,509 [ERROR] LogOutputStream:75 - [STDERR_REDIRECT] [Fatal Error] :1:1: Premature end of file.
2026-04-29 17:21:36,509 [ERROR] LogOutputStream:75 - [STDERR_REDIRECT] 
2026-04-29 17:21:37,502 [ERROR] LogOutputStream:75 - [STDERR_REDIRECT] [Fatal Error] :1:1: Premature end of file.
2026-04-29 17:21:37,502 [ERROR] LogOutputStream:75 - [STDERR_REDIRECT] 
2026-04-29 17:21:38,505 [ERROR] LogOutputStream:75 - [STDERR_REDIRECT] [Fatal Error] :1:1: Premature end of file.
2026-04-29 17:21:38,505 [ERROR] LogOutputStream:75 - [STDERR_REDIRECT] 
2026-04-29 17:21:39,502 [ERROR] LogOutputStream:75 - [STDERR_REDIRECT] [Fatal Error] :1:1: Premature end of file.
2026-04-29 17:21:39,502 [ERROR] LogOutputStream:75 - [STDERR_REDIRECT] 
2026-04-29 17:21:40,501 [ERROR] LogOutputStream:75 - [STDERR_REDIRECT] [Fatal Error] :1:1: Premature end of file.
2026-04-29 17:21:40,502 [ERROR] LogOutputStream:75 - [STDERR_REDIRECT] 
2026-04-29 17:21:41,507 [ERROR] LogOutputStream:75 - [STDERR_REDIRECT] [Fatal Error] :1:1: Premature end of file.
2026-04-29 17:21:41,507 [ERROR] LogOutputStream:75 - [STDERR_REDIRECT] 
2026-04-29 17:21:42,509 [ERROR] LogOutputStream:75 - [STDERR_REDIRECT] [Fatal Error] :1:1: Premature end of file.
2026-04-29 17:21:42,509 [ERROR] LogOutputStream:75 - [STDERR_REDIRECT] 
2026-04-29 17:21:43,492 [ERROR] LogOutputStream:75 - [STDERR_REDIRECT] [Fatal Error] :1:1: Premature end of file.
2026-04-29 17:21:43,492 [ERROR] LogOutputStream:75 - [STDERR_REDIRECT] 
2026-04-29 17:21:44,508 [ERROR] LogOutputStream:75 - [STDERR_REDIRECT] [Fatal Error] :1:1: Premature end of file.
2026-04-29 17:21:44,508 [ERROR] LogOutputStream:75 - [STDERR_REDIRECT] 
2026-04-29 17:21:45,506 [ERROR] LogOutputStream:75 - [STDERR_REDIRECT] [Fatal Error] :1:1: Premature end of file.
2026-04-29 17:21:45,506 [ERROR] LogOutputStream:75 - [STDERR_REDIRECT] 
2026-04-29 17:21:46,505 [ERROR] LogOutputStream:75 - [STDERR_REDIRECT] [Fatal Error] :1:1: Premature end of file.
2026-04-29 17:21:46,505 [ERROR] LogOutputStream:75 - [STDERR_REDIRECT] 
2026-04-29 17:21:47,504 [ERROR] LogOutputStream:75 - [STDERR_REDIRECT] [Fatal Error] :1:1: Premature end of file.
2026-04-29 17:21:47,505 [ERROR] LogOutputStream:75 - [STDERR_REDIRECT] 
2026-04-29 17:21:48,506 [ERROR] LogOutputStream:75 - [STDERR_REDIRECT] [Fatal Error] :1:1: Premature end of file.
2026-04-29 17:21:48,506 [ERROR] LogOutputStream:75 - [STDERR_REDIRECT] 
2026-04-29 17:21:49,505 [ERROR] LogOutputStream:75 - [STDERR_REDIRECT] [Fatal Error] :1:1: Premature end of file.
2026-04-29 17:21:49,505 [ERROR] LogOutputStream:75 - [STDERR_REDIRECT] 
2026-04-29 17:21:50,508 [ERROR] LogOutputStream:75 - [STDERR_REDIRECT] [Fatal Error] :1:1: Premature end of file.
2026-04-29 17:21:50,508 [ERROR] LogOutputStream:75 - [STDERR_REDIRECT] 
2026-04-29 17:21:51,506 [ERROR] LogOutputStream:75 - [STDERR_REDIRECT] [Fatal Error] :1:1: Premature end of file.
2026-04-29 17:21:51,506 [ERROR] LogOutputStream:75 - [STDERR_REDIRECT] 
2026-04-29 17:21:52,507 [ERROR] LogOutputStream:75 - [STDERR_REDIRECT] [Fatal Error] :1:1: Premature end of file.
2026-04-29 17:21:52,507 [ERROR] LogOutputStream:75 - [STDERR_REDIRECT] 
2026-04-29 17:21:53,502 [ERROR] LogOutputStream:75 - [STDERR_REDIRECT] [Fatal Error] :1:1: Premature end of file.
2026-04-29 17:21:53,502 [ERROR] LogOutputStream:75 - [STDERR_REDIRECT] 
2026-04-29 17:21:54,501 [ERROR] LogOutputStream:75 - [STDERR_REDIRECT] [Fatal Error] :1:1: Premature end of file.
2026-04-29 17:21:54,501 [ERROR] LogOutputStream:75 - [STDERR_REDIRECT] 
2026-04-29 17:21:55,504 [ERROR] LogOutputStream:75 - [STDERR_REDIRECT] [Fatal Error] :1:1: Premature end of file.
2026-04-29 17:21:55,504 [ERROR] LogOutputStream:75 - [STDERR_REDIRECT] 
2026-04-29 17:21:56,506 [ERROR] LogOutputStream:75 - [STDERR_REDIRECT] [Fatal Error] :1:1: Premature end of file.
2026-04-29 17:21:56,506 [ERROR] LogOutputStream:75 - [STDERR_REDIRECT] 
2026-04-29 17:21:57,504 [ERROR] LogOutputStream:75 - [STDERR_REDIRECT] [Fatal Error] :1:1: Premature end of file.
2026-04-29 17:21:57,504 [ERROR] LogOutputStream:75 - [STDERR_REDIRECT] 
2026-04-29 17:21:58,506 [ERROR] LogOutputStream:75 - [STDERR_REDIRECT] [Fatal Error] :1:1: Premature end of file.
2026-04-29 17:21:58,506 [ERROR] LogOutputStream:75 - [STDERR_REDIRECT] 
2026-04-29 17:21:59,503 [ERROR] LogOutputStream:75 - [STDERR_REDIRECT] [Fatal Error] :1:1: Premature end of file.
2026-04-29 17:21:59,503 [ERROR] LogOutputStream:75 - [STDERR_REDIRECT] 
2026-04-29 17:22:00,516 [ERROR] LogOutputStream:75 - [STDERR_REDIRECT] [Fatal Error] :1:1: Premature end of file.
2026-04-29 17:22:00,516 [ERROR] LogOutputStream:75 - [STDERR_REDIRECT] 
2026-04-29 17:22:01,517 [ERROR] LogOutputStream:75 - [STDERR_REDIRECT] [Fatal Error] :1:1: Premature end of file.
2026-04-29 17:22:01,517 [ERROR] LogOutputStream:75 - [STDERR_REDIRECT] 
2026-04-29 17:22:02,503 [ERROR] LogOutputStream:75 - [STDERR_REDIRECT] [Fatal Error] :1:1: Premature end of file.
2026-04-29 17:22:02,503 [ERROR] LogOutputStream:75 - [STDERR_REDIRECT] 
2026-04-29 17:22:03,511 [ERROR] LogOutputStream:75 - [STDERR_REDIRECT] [Fatal Error] :1:1: Premature end of file.
2026-04-29 17:22:03,511 [ERROR] LogOutputStream:75 - [STDERR_REDIRECT] 
2026-04-29 17:22:04,496 [ERROR] LogOutputStream:75 - [STDERR_REDIRECT] [Fatal Error] :1:1: Premature end of file.
2026-04-29 17:22:04,496 [ERROR] LogOutputStream:75 - [STDERR_REDIRECT] 
2026-04-29 17:22:05,501 [ERROR] LogOutputStream:75 - [STDERR_REDIRECT] [Fatal Error] :1:1: Premature end of file.
2026-04-29 17:22:05,501 [ERROR] LogOutputStream:75 - [STDERR_REDIRECT] 
2026-04-29 17:22:06,497 [ERROR] LogOutputStream:75 - [STDERR_REDIRECT] [Fatal Error] :1:1: Premature end of file.
2026-04-29 17:22:06,497 [ERROR] LogOutputStream:75 - [STDERR_REDIRECT] 
2026-04-29 17:22:07,510 [ERROR] LogOutputStream:75 - [STDERR_REDIRECT] [Fatal Error] :1:1: Premature end of file.
2026-04-29 17:22:07,510 [ERROR] LogOutputStream:75 - [STDERR_REDIRECT] 
2026-04-29 17:22:08,505 [ERROR] LogOutputStream:75 - [STDERR_REDIRECT] [Fatal Error] :1:1: Premature end of file.
2026-04-29 17:22:08,505 [ERROR] LogOutputStream:75 - [STDERR_REDIRECT] 
2026-04-29 17:22:09,503 [ERROR] LogOutputStream:75 - [STDERR_REDIRECT] [Fatal Error] :1:1: Premature end of file.
2026-04-29 17:22:09,503 [ERROR] LogOutputStream:75 - [STDERR_REDIRECT] 
2026-04-29 17:22:10,504 [ERROR] LogOutputStream:75 - [STDERR_REDIRECT] [Fatal Error] :1:1: Premature end of file.
2026-04-29 17:22:10,504 [ERROR] LogOutputStream:75 - [STDERR_REDIRECT] 
2026-04-29 17:22:11,505 [ERROR] LogOutputStream:75 - [STDERR_REDIRECT] [Fatal Error] :1:1: Premature end of file.
2026-04-29 17:22:11,505 [ERROR] LogOutputStream:75 - [STDERR_REDIRECT] 
2026-04-29 17:22:12,508 [ERROR] LogOutputStream:75 - [STDERR_REDIRECT] [Fatal Error] :1:1: Premature end of file.
2026-04-29 17:22:12,508 [ERROR] LogOutputStream:75 - [STDERR_REDIRECT] 
2026-04-29 17:22:13,502 [ERROR] LogOutputStream:75 - [STDERR_REDIRECT] [Fatal Error] :1:1: Premature end of file.
2026-04-29 17:22:13,502 [ERROR] LogOutputStream:75 - [STDERR_REDIRECT] 
2026-04-29 17:22:14,500 [ERROR] LogOutputStream:75 - [STDERR_REDIRECT] [Fatal Error] :1:1: Premature end of file.
2026-04-29 17:22:14,500 [ERROR] LogOutputStream:75 - [STDERR_REDIRECT] 
2026-04-29 17:22:15,510 [ERROR] LogOutputStream:75 - [STDERR_REDIRECT] [Fatal Error] :1:1: Premature end of file.
2026-04-29 17:22:15,510 [ERROR] LogOutputStream:75 - [STDERR_REDIRECT] 
2026-04-29 17:22:16,505 [ERROR] LogOutputStream:75 - [STDERR_REDIRECT] [Fatal Error] :1:1: Premature end of file.
2026-04-29 17:22:16,505 [ERROR] LogOutputStream:75 - [STDERR_REDIRECT] 
2026-04-29 17:22:17,518 [ERROR] LogOutputStream:75 - [STDERR_REDIRECT] [Fatal Error] :1:1: Premature end of file.
2026-04-29 17:22:17,519 [ERROR] LogOutputStream:75 - [STDERR_REDIRECT] 
2026-04-29 17:22:18,508 [ERROR] LogOutputStream:75 - [STDERR_REDIRECT] [Fatal Error] :1:1: Premature end of file.
2026-04-29 17:22:18,508 [ERROR] LogOutputStream:75 - [STDERR_REDIRECT] 
2026-04-29 17:22:19,516 [ERROR] LogOutputStream:75 - [STDERR_REDIRECT] [Fatal Error] :1:1: Premature end of file.
2026-04-29 17:22:19,516 [ERROR] LogOutputStream:75 - [STDERR_REDIRECT] 
2026-04-29 17:22:20,507 [ERROR] LogOutputStream:75 - [STDERR_REDIRECT] [Fatal Error] :1:1: Premature end of file.
2026-04-29 17:22:20,507 [ERROR] LogOutputStream:75 - [STDERR_REDIRECT] 
2026-04-29 17:22:21,508 [ERROR] LogOutputStream:75 - [STDERR_REDIRECT] [Fatal Error] :1:1: Premature end of file.
2026-04-29 17:22:21,508 [ERROR] LogOutputStream:75 - [STDERR_REDIRECT] 
2026-04-29 17:22:22,512 [ERROR] LogOutputStream:75 - [STDERR_REDIRECT] [Fatal Error] :1:1: Premature end of file.
2026-04-29 17:22:22,512 [ERROR] LogOutputStream:75 - [STDERR_REDIRECT] 
2026-04-29 17:22:23,507 [ERROR] LogOutputStream:75 - [STDERR_REDIRECT] [Fatal Error] :1:1: Premature end of file.
2026-04-29 17:22:23,508 [ERROR] LogOutputStream:75 - [STDERR_REDIRECT] 
2026-04-29 17:22:24,507 [ERROR] LogOutputStream:75 - [STDERR_REDIRECT] [Fatal Error] :1:1: Premature end of file.
2026-04-29 17:22:24,507 [ERROR] LogOutputStream:75 - [STDERR_REDIRECT] 
2026-04-29 17:22:25,497 [ERROR] LogOutputStream:75 - [STDERR_REDIRECT] [Fatal Error] :1:1: Premature end of file.
2026-04-29 17:22:25,497 [ERROR] LogOutputStream:75 - [STDERR_REDIRECT] 
2026-04-29 17:22:26,502 [ERROR] LogOutputStream:75 - [STDERR_REDIRECT] [Fatal Error] :1:1: Premature end of file.
2026-04-29 17:22:26,503 [ERROR] LogOutputStream:75 - [STDERR_REDIRECT] 
2026-04-29 17:22:27,513 [ERROR] LogOutputStream:75 - [STDERR_REDIRECT] [Fatal Error] :1:1: Premature end of file.
2026-04-29 17:22:27,514 [ERROR] LogOutputStream:75 - [STDERR_REDIRECT] 
2026-04-29 17:22:28,504 [ERROR] LogOutputStream:75 - [STDERR_REDIRECT] [Fatal Error] :1:1: Premature end of file.
2026-04-29 17:22:28,504 [ERROR] LogOutputStream:75 - [STDERR_REDIRECT] 
2026-04-29 17:22:29,501 [ERROR] LogOutputStream:75 - [STDERR_REDIRECT] [Fatal Error] :1:1: Premature end of file.
2026-04-29 17:22:29,501 [ERROR] LogOutputStream:75 - [STDERR_REDIRECT] 
2026-04-29 17:22:30,502 [ERROR] LogOutputStream:75 - [STDERR_REDIRECT] [Fatal Error] :1:1: Premature end of file.
2026-04-29 17:22:30,502 [ERROR] LogOutputStream:75 - [STDERR_REDIRECT] 
2026-04-29 17:22:31,500 [ERROR] LogOutputStream:75 - [STDERR_REDIRECT] [Fatal Error] :1:1: Premature end of file.
2026-04-29 17:22:31,500 [ERROR] LogOutputStream:75 - [STDERR_REDIRECT] 
2026-04-29 17:22:32,516 [ERROR] LogOutputStream:75 - [STDERR_REDIRECT] [Fatal Error] :1:1: Premature end of file.
2026-04-29 17:22:32,516 [ERROR] LogOutputStream:75 - [STDERR_REDIRECT] 
2026-04-29 17:22:33,498 [ERROR] LogOutputStream:75 - [STDERR_REDIRECT] [Fatal Error] :1:1: Premature end of file.
2026-04-29 17:22:33,498 [ERROR] LogOutputStream:75 - [STDERR_REDIRECT] 
2026-04-29 17:22:34,500 [ERROR] LogOutputStream:75 - [STDERR_REDIRECT] [Fatal Error] :1:1: Premature end of file.
2026-04-29 17:22:34,500 [ERROR] LogOutputStream:75 - [STDERR_REDIRECT] 
2026-04-29 17:22:35,516 [ERROR] LogOutputStream:75 - [STDERR_REDIRECT] [Fatal Error] :1:1: Premature end of file.
2026-04-29 17:22:35,516 [ERROR] LogOutputStream:75 - [STDERR_REDIRECT] 
2026-04-29 17:22:36,502 [ERROR] LogOutputStream:75 - [STDERR_REDIRECT] [Fatal Error] :1:1: Premature end of file.
2026-04-29 17:22:36,502 [ERROR] LogOutputStream:75 - [STDERR_REDIRECT] 
2026-04-29 17:22:37,499 [ERROR] LogOutputStream:75 - [STDERR_REDIRECT] [Fatal Error] :1:1: Premature end of file.
2026-04-29 17:22:37,499 [ERROR] LogOutputStream:75 - [STDERR_REDIRECT] 
2026-04-29 17:22:38,504 [ERROR] LogOutputStream:75 - [STDERR_REDIRECT] [Fatal Error] :1:1: Premature end of file.
2026-04-29 17:22:38,504 [ERROR] LogOutputStream:75 - [STDERR_REDIRECT] 
2026-04-29 17:22:39,502 [ERROR] LogOutputStream:75 - [STDERR_REDIRECT] [Fatal Error] :1:1: Premature end of file.
2026-04-29 17:22:39,502 [ERROR] LogOutputStream:75 - [STDERR_REDIRECT] 
2026-04-29 17:22:40,502 [ERROR] LogOutputStream:75 - [STDERR_REDIRECT] [Fatal Error] :1:1: Premature end of file.
2026-04-29 17:22:40,502 [ERROR] LogOutputStream:75 - [STDERR_REDIRECT] 
2026-04-29 17:22:41,495 [ERROR] LogOutputStream:75 - [STDERR_REDIRECT] [Fatal Error] :1:1: Premature end of file.
2026-04-29 17:22:41,495 [ERROR] LogOutputStream:75 - [STDERR_REDIRECT] 
2026-04-29 17:22:42,505 [ERROR] LogOutputStream:75 - [STDERR_REDIRECT] [Fatal Error] :1:1: Premature end of file.
2026-04-29 17:22:42,505 [ERROR] LogOutputStream:75 - [STDERR_REDIRECT] 
2026-04-29 17:22:43,503 [ERROR] LogOutputStream:75 - [STDERR_REDIRECT] [Fatal Error] :1:1: Premature end of file.
2026-04-29 17:22:43,503 [ERROR] LogOutputStream:75 - [STDERR_REDIRECT] 
2026-04-29 17:22:44,498 [ERROR] LogOutputStream:75 - [STDERR_REDIRECT] [Fatal Error] :1:1: Premature end of file.
2026-04-29 17:22:44,498 [ERROR] LogOutputStream:75 - [STDERR_REDIRECT] 
2026-04-29 17:22:45,495 [ERROR] LogOutputStream:75 - [STDERR_REDIRECT] [Fatal Error] :1:1: Premature end of file.
2026-04-29 17:22:45,495 [ERROR] LogOutputStream:75 - [STDERR_REDIRECT] 
2026-04-29 17:22:46,482 [ERROR] LogOutputStream:75 - [STDERR_REDIRECT] [Fatal Error] :1:1: Premature end of file.
2026-04-29 17:22:46,483 [ERROR] LogOutputStream:75 - [STDERR_REDIRECT] 
2026-04-29 17:22:47,492 [ERROR] LogOutputStream:75 - [STDERR_REDIRECT] [Fatal Error] :1:1: Premature end of file.
2026-04-29 17:22:47,492 [ERROR] LogOutputStream:75 - [STDERR_REDIRECT] 
2026-04-29 17:22:48,506 [ERROR] LogOutputStream:75 - [STDERR_REDIRECT] [Fatal Error] :1:1: Premature end of file.
2026-04-29 17:22:48,506 [ERROR] LogOutputStream:75 - [STDERR_REDIRECT] 
2026-04-29 17:22:49,499 [ERROR] LogOutputStream:75 - [STDERR_REDIRECT] [Fatal Error] :1:1: Premature end of file.
2026-04-29 17:22:49,499 [ERROR] LogOutputStream:75 - [STDERR_REDIRECT] 
2026-04-29 17:22:50,504 [ERROR] LogOutputStream:75 - [STDERR_REDIRECT] [Fatal Error] :1:1: Premature end of file.
2026-04-29 17:22:50,505 [ERROR] LogOutputStream:75 - [STDERR_REDIRECT] 
2026-04-29 17:22:51,517 [ERROR] LogOutputStream:75 - [STDERR_REDIRECT] [Fatal Error] :1:1: Premature end of file.
2026-04-29 17:22:51,517 [ERROR] LogOutputStream:75 - [STDERR_REDIRECT] 
2026-04-29 17:22:52,501 [ERROR] LogOutputStream:75 - [STDERR_REDIRECT] [Fatal Error] :1:1: Premature end of file.
2026-04-29 17:22:52,501 [ERROR] LogOutputStream:75 - [STDERR_REDIRECT] 
2026-04-29 17:22:53,513 [ERROR] LogOutputStream:75 - [STDERR_REDIRECT] [Fatal Error] :1:1: Premature end of file.
2026-04-29 17:22:53,513 [ERROR] LogOutputStream:75 - [STDERR_REDIRECT] 
2026-04-29 17:22:54,506 [ERROR] LogOutputStream:75 - [STDERR_REDIRECT] [Fatal Error] :1:1: Premature end of file.
2026-04-29 17:22:54,507 [ERROR] LogOutputStream:75 - [STDERR_REDIRECT] 
2026-04-29 17:22:55,498 [ERROR] LogOutputStream:75 - [STDERR_REDIRECT] [Fatal Error] :1:1: Premature end of file.
2026-04-29 17:22:55,498 [ERROR] LogOutputStream:75 - [STDERR_REDIRECT] 
2026-04-29 17:22:56,500 [ERROR] LogOutputStream:75 - [STDERR_REDIRECT] [Fatal Error] :1:1: Premature end of file.
2026-04-29 17:22:56,500 [ERROR] LogOutputStream:75 - [STDERR_REDIRECT] 
2026-04-29 17:22:57,501 [ERROR] LogOutputStream:75 - [STDERR_REDIRECT] [Fatal Error] :1:1: Premature end of file.
2026-04-29 17:22:57,501 [ERROR] LogOutputStream:75 - [STDERR_REDIRECT] 
2026-04-29 17:22:58,512 [ERROR] LogOutputStream:75 - [STDERR_REDIRECT] [Fatal Error] :1:1: Premature end of file.
2026-04-29 17:22:58,512 [ERROR] LogOutputStream:75 - [STDERR_REDIRECT] 
2026-04-29 17:22:59,496 [ERROR] LogOutputStream:75 - [STDERR_REDIRECT] [Fatal Error] :1:1: Premature end of file.
2026-04-29 17:22:59,496 [ERROR] LogOutputStream:75 - [STDERR_REDIRECT] 
2026-04-29 17:23:00,499 [ERROR] LogOutputStream:75 - [STDERR_REDIRECT] [Fatal Error] :1:1: Premature end of file.
2026-04-29 17:23:00,500 [ERROR] LogOutputStream:75 - [STDERR_REDIRECT] 
2026-04-29 17:23:01,511 [ERROR] LogOutputStream:75 - [STDERR_REDIRECT] [Fatal Error] :1:1: Premature end of file.
2026-04-29 17:23:01,511 [ERROR] LogOutputStream:75 - [STDERR_REDIRECT] 
2026-04-29 17:23:02,504 [ERROR] LogOutputStream:75 - [STDERR_REDIRECT] [Fatal Error] :1:1: Premature end of file.
2026-04-29 17:23:02,504 [ERROR] LogOutputStream:75 - [STDERR_REDIRECT] 
2026-04-29 17:23:03,503 [ERROR] LogOutputStream:75 - [STDERR_REDIRECT] [Fatal Error] :1:1: Premature end of file.
2026-04-29 17:23:03,503 [ERROR] LogOutputStream:75 - [STDERR_REDIRECT] 
2026-04-29 17:23:04,497 [ERROR] LogOutputStream:75 - [STDERR_REDIRECT] [Fatal Error] :1:1: Premature end of file.
2026-04-29 17:23:04,497 [ERROR] LogOutputStream:75 - [STDERR_REDIRECT] 
2026-04-29 17:23:05,512 [ERROR] LogOutputStream:75 - [STDERR_REDIRECT] [Fatal Error] :1:1: Premature end of file.
2026-04-29 17:23:05,512 [ERROR] LogOutputStream:75 - [STDERR_REDIRECT] 
2026-04-29 17:23:06,503 [ERROR] LogOutputStream:75 - [STDERR_REDIRECT] [Fatal Error] :1:1: Premature end of file.
2026-04-29 17:23:06,503 [ERROR] LogOutputStream:75 - [STDERR_REDIRECT] 
2026-04-29 17:23:07,495 [ERROR] LogOutputStream:75 - [STDERR_REDIRECT] [Fatal Error] :1:1: Premature end of file.
2026-04-29 17:23:07,495 [ERROR] LogOutputStream:75 - [STDERR_REDIRECT] 
2026-04-29 17:23:08,506 [ERROR] LogOutputStream:75 - [STDERR_REDIRECT] [Fatal Error] :1:1: Premature end of file.
2026-04-29 17:23:08,506 [ERROR] LogOutputStream:75 - [STDERR_REDIRECT] 
2026-04-29 17:23:09,509 [ERROR] LogOutputStream:75 - [STDERR_REDIRECT] [Fatal Error] :1:1: Premature end of file.
2026-04-29 17:23:09,509 [ERROR] LogOutputStream:75 - [STDERR_REDIRECT] 
2026-04-29 17:23:10,482 [ERROR] LogOutputStream:75 - [STDERR_REDIRECT] [Fatal Error] :1:1: Premature end of file.
2026-04-29 17:23:10,482 [ERROR] LogOutputStream:75 - [STDERR_REDIRECT] 
2026-04-29 17:23:11,495 [ERROR] LogOutputStream:75 - [STDERR_REDIRECT] [Fatal Error] :1:1: Premature end of file.
2026-04-29 17:23:11,496 [ERROR] LogOutputStream:75 - [STDERR_REDIRECT] 
2026-04-29 17:23:12,501 [ERROR] LogOutputStream:75 - [STDERR_REDIRECT] [Fatal Error] :1:1: Premature end of file.
2026-04-29 17:23:12,501 [ERROR] LogOutputStream:75 - [STDERR_REDIRECT] 
2026-04-29 17:23:13,503 [ERROR] LogOutputStream:75 - [STDERR_REDIRECT] [Fatal Error] :1:1: Premature end of file.
2026-04-29 17:23:13,503 [ERROR] LogOutputStream:75 - [STDERR_REDIRECT] 
2026-04-29 17:23:14,516 [ERROR] LogOutputStream:75 - [STDERR_REDIRECT] [Fatal Error] :1:1: Premature end of file.
2026-04-29 17:23:14,517 [ERROR] LogOutputStream:75 - [STDERR_REDIRECT] 
2026-04-29 17:23:15,501 [ERROR] LogOutputStream:75 - [STDERR_REDIRECT] [Fatal Error] :1:1: Premature end of file.
2026-04-29 17:23:15,501 [ERROR] LogOutputStream:75 - [STDERR_REDIRECT] 
2026-04-29 17:23:16,501 [ERROR] LogOutputStream:75 - [STDERR_REDIRECT] [Fatal Error] :1:1: Premature end of file.
2026-04-29 17:23:16,501 [ERROR] LogOutputStream:75 - [STDERR_REDIRECT] 
2026-04-29 17:23:17,505 [ERROR] LogOutputStream:75 - [STDERR_REDIRECT] [Fatal Error] :1:1: Premature end of file.
2026-04-29 17:23:17,506 [ERROR] LogOutputStream:75 - [STDERR_REDIRECT] 
2026-04-29 17:23:18,503 [ERROR] LogOutputStream:75 - [STDERR_REDIRECT] [Fatal Error] :1:1: Premature end of file.
2026-04-29 17:23:18,503 [ERROR] LogOutputStream:75 - [STDERR_REDIRECT] 
2026-04-29 17:23:19,500 [ERROR] LogOutputStream:75 - [STDERR_REDIRECT] [Fatal Error] :1:1: Premature end of file.
2026-04-29 17:23:19,500 [ERROR] LogOutputStream:75 - [STDERR_REDIRECT] 
2026-04-29 17:23:20,496 [ERROR] LogOutputStream:75 - [STDERR_REDIRECT] [Fatal Error] :1:1: Premature end of file.
2026-04-29 17:23:20,496 [ERROR] LogOutputStream:75 - [STDERR_REDIRECT] 
2026-04-29 17:23:21,503 [ERROR] LogOutputStream:75 - [STDERR_REDIRECT] [Fatal Error] :1:1: Premature end of file.
2026-04-29 17:23:21,503 [ERROR] LogOutputStream:75 - [STDERR_REDIRECT] 
2026-04-29 17:23:22,516 [ERROR] LogOutputStream:75 - [STDERR_REDIRECT] [Fatal Error] :1:1: Premature end of file.
2026-04-29 17:23:22,516 [ERROR] LogOutputStream:75 - [STDERR_REDIRECT] 
2026-04-29 17:23:23,500 [ERROR] LogOutputStream:75 - [STDERR_REDIRECT] [Fatal Error] :1:1: Premature end of file.
2026-04-29 17:23:23,500 [ERROR] LogOutputStream:75 - [STDERR_REDIRECT] 
2026-04-29 17:23:24,502 [ERROR] LogOutputStream:75 - [STDERR_REDIRECT] [Fatal Error] :1:1: Premature end of file.
2026-04-29 17:23:24,502 [ERROR] LogOutputStream:75 - [STDERR_REDIRECT] 
2026-04-29 17:23:25,513 [ERROR] LogOutputStream:75 - [STDERR_REDIRECT] [Fatal Error] :1:1: Premature end of file.
2026-04-29 17:23:25,514 [ERROR] LogOutputStream:75 - [STDERR_REDIRECT] 
2026-04-29 17:23:26,495 [ERROR] LogOutputStream:75 - [STDERR_REDIRECT] [Fatal Error] :1:1: Premature end of file.
2026-04-29 17:23:26,495 [ERROR] LogOutputStream:75 - [STDERR_REDIRECT] 
2026-04-29 17:23:27,512 [ERROR] LogOutputStream:75 - [STDERR_REDIRECT] [Fatal Error] :1:1: Premature end of file.
2026-04-29 17:23:27,512 [ERROR] LogOutputStream:75 - [STDERR_REDIRECT] 
2026-04-29 17:23:28,499 [ERROR] LogOutputStream:75 - [STDERR_REDIRECT] [Fatal Error] :1:1: Premature end of file.
2026-04-29 17:23:28,499 [ERROR] LogOutputStream:75 - [STDERR_REDIRECT] 
2026-04-29 17:23:29,506 [ERROR] LogOutputStream:75 - [STDERR_REDIRECT] [Fatal Error] :1:1: Premature end of file.
2026-04-29 17:23:29,506 [ERROR] LogOutputStream:75 - [STDERR_REDIRECT] 
2026-04-29 17:23:30,501 [ERROR] LogOutputStream:75 - [STDERR_REDIRECT] [Fatal Error] :1:1: Premature end of file.
2026-04-29 17:23:30,501 [ERROR] LogOutputStream:75 - [STDERR_REDIRECT] 
2026-04-29 17:23:31,507 [ERROR] LogOutputStream:75 - [STDERR_REDIRECT] [Fatal Error] :1:1: Premature end of file.
2026-04-29 17:23:31,507 [ERROR] LogOutputStream:75 - [STDERR_REDIRECT] 
2026-04-29 17:23:32,526 [ERROR] LogOutputStream:75 - [STDERR_REDIRECT] [Fatal Error] :1:1: Premature end of file.
2026-04-29 17:23:32,526 [ERROR] LogOutputStream:75 - [STDERR_REDIRECT] 
2026-04-29 17:23:33,502 [ERROR] LogOutputStream:75 - [STDERR_REDIRECT] [Fatal Error] :1:1: Premature end of file.
2026-04-29 17:23:33,502 [ERROR] LogOutputStream:75 - [STDERR_REDIRECT] 
2026-04-29 17:23:34,496 [ERROR] LogOutputStream:75 - [STDERR_REDIRECT] [Fatal Error] :1:1: Premature end of file.
2026-04-29 17:23:34,497 [ERROR] LogOutputStream:75 - [STDERR_REDIRECT] 
2026-04-29 17:23:35,499 [ERROR] LogOutputStream:75 - [STDERR_REDIRECT] [Fatal Error] :1:1: Premature end of file.
2026-04-29 17:23:35,499 [ERROR] LogOutputStream:75 - [STDERR_REDIRECT] 
2026-04-29 17:23:36,502 [ERROR] LogOutputStream:75 - [STDERR_REDIRECT] [Fatal Error] :1:1: Premature end of file.
2026-04-29 17:23:36,502 [ERROR] LogOutputStream:75 - [STDERR_REDIRECT] 
2026-04-29 17:23:37,507 [ERROR] LogOutputStream:75 - [STDERR_REDIRECT] [Fatal Error] :1:1: Premature end of file.
2026-04-29 17:23:37,507 [ERROR] LogOutputStream:75 - [STDERR_REDIRECT] 
2026-04-29 17:23:38,503 [ERROR] LogOutputStream:75 - [STDERR_REDIRECT] [Fatal Error] :1:1: Premature end of file.
2026-04-29 17:23:38,503 [ERROR] LogOutputStream:75 - [STDERR_REDIRECT] 
2026-04-29 17:23:39,504 [ERROR] LogOutputStream:75 - [STDERR_REDIRECT] [Fatal Error] :1:1: Premature end of file.
2026-04-29 17:23:39,504 [ERROR] LogOutputStream:75 - [STDERR_REDIRECT] 
2026-04-29 17:23:40,504 [ERROR] LogOutputStream:75 - [STDERR_REDIRECT] [Fatal Error] :1:1: Premature end of file.
2026-04-29 17:23:40,504 [ERROR] LogOutputStream:75 - [STDERR_REDIRECT] 
2026-04-29 17:23:41,505 [ERROR] LogOutputStream:75 - [STDERR_REDIRECT] [Fatal Error] :1:1: Premature end of file.
2026-04-29 17:23:41,505 [ERROR] LogOutputStream:75 - [STDERR_REDIRECT] 
2026-04-29 17:23:42,495 [ERROR] LogOutputStream:75 - [STDERR_REDIRECT] [Fatal Error] :1:1: Premature end of file.
2026-04-29 17:23:42,495 [ERROR] LogOutputStream:75 - [STDERR_REDIRECT] 
2026-04-29 17:23:43,504 [ERROR] LogOutputStream:75 - [STDERR_REDIRECT] [Fatal Error] :1:1: Premature end of file.
2026-04-29 17:23:43,504 [ERROR] LogOutputStream:75 - [STDERR_REDIRECT] 
2026-04-29 17:23:44,510 [ERROR] LogOutputStream:75 - [STDERR_REDIRECT] [Fatal Error] :1:1: Premature end of file.
2026-04-29 17:23:44,510 [ERROR] LogOutputStream:75 - [STDERR_REDIRECT] 
2026-04-29 17:23:45,499 [ERROR] LogOutputStream:75 - [STDERR_REDIRECT] [Fatal Error] :1:1: Premature end of file.
2026-04-29 17:23:45,499 [ERROR] LogOutputStream:75 - [STDERR_REDIRECT] 
2026-04-29 17:23:46,503 [ERROR] LogOutputStream:75 - [STDERR_REDIRECT] [Fatal Error] :1:1: Premature end of file.
2026-04-29 17:23:46,503 [ERROR] LogOutputStream:75 - [STDERR_REDIRECT] 
2026-04-29 17:23:47,489 [ERROR] LogOutputStream:75 - [STDERR_REDIRECT] [Fatal Error] :1:1: Premature end of file.
2026-04-29 17:23:47,489 [ERROR] LogOutputStream:75 - [STDERR_REDIRECT] 
2026-04-29 17:23:48,495 [ERROR] LogOutputStream:75 - [STDERR_REDIRECT] [Fatal Error] :1:1: Premature end of file.
2026-04-29 17:23:48,496 [ERROR] LogOutputStream:75 - [STDERR_REDIRECT] 
2026-04-29 17:23:49,496 [ERROR] LogOutputStream:75 - [STDERR_REDIRECT] [Fatal Error] :1:1: Premature end of file.
2026-04-29 17:23:49,496 [ERROR] LogOutputStream:75 - [STDERR_REDIRECT] 
2026-04-29 17:23:50,497 [ERROR] LogOutputStream:75 - [STDERR_REDIRECT] [Fatal Error] :1:1: Premature end of file.
2026-04-29 17:23:50,497 [ERROR] LogOutputStream:75 - [STDERR_REDIRECT] 
2026-04-29 17:23:51,498 [ERROR] LogOutputStream:75 - [STDERR_REDIRECT] [Fatal Error] :1:1: Premature end of file.
2026-04-29 17:23:51,498 [ERROR] LogOutputStream:75 - [STDERR_REDIRECT] 
2026-04-29 17:23:52,519 [ERROR] LogOutputStream:75 - [STDERR_REDIRECT] [Fatal Error] :1:1: Premature end of file.
2026-04-29 17:23:52,519 [ERROR] LogOutputStream:75 - [STDERR_REDIRECT] 
2026-04-29 17:23:53,516 [ERROR] LogOutputStream:75 - [STDERR_REDIRECT] [Fatal Error] :1:1: Premature end of file.
2026-04-29 17:23:53,516 [ERROR] LogOutputStream:75 - [STDERR_REDIRECT] 
2026-04-29 17:23:54,498 [ERROR] LogOutputStream:75 - [STDERR_REDIRECT] [Fatal Error] :1:1: Premature end of file.
2026-04-29 17:23:54,498 [ERROR] LogOutputStream:75 - [STDERR_REDIRECT] 
2026-04-29 17:23:55,498 [ERROR] LogOutputStream:75 - [STDERR_REDIRECT] [Fatal Error] :1:1: Premature end of file.
2026-04-29 17:23:55,498 [ERROR] LogOutputStream:75 - [STDERR_REDIRECT] 
2026-04-29 17:23:56,496 [ERROR] LogOutputStream:75 - [STDERR_REDIRECT] [Fatal Error] :1:1: Premature end of file.
2026-04-29 17:23:56,496 [ERROR] LogOutputStream:75 - [STDERR_REDIRECT] 
2026-04-29 17:23:57,505 [ERROR] LogOutputStream:75 - [STDERR_REDIRECT] [Fatal Error] :1:1: Premature end of file.
2026-04-29 17:23:57,505 [ERROR] LogOutputStream:75 - [STDERR_REDIRECT] 
2026-04-29 17:23:58,500 [ERROR] LogOutputStream:75 - [STDERR_REDIRECT] [Fatal Error] :1:1: Premature end of file.
2026-04-29 17:23:58,501 [ERROR] LogOutputStream:75 - [STDERR_REDIRECT] 
2026-04-29 17:23:59,504 [ERROR] LogOutputStream:75 - [STDERR_REDIRECT] [Fatal Error] :1:1: Premature end of file.
2026-04-29 17:23:59,504 [ERROR] LogOutputStream:75 - [STDERR_REDIRECT] 
2026-04-29 17:24:00,500 [ERROR] LogOutputStream:75 - [STDERR_REDIRECT] [Fatal Error] :1:1: Premature end of file.
2026-04-29 17:24:00,500 [ERROR] LogOutputStream:75 - [STDERR_REDIRECT] 
2026-04-29 17:24:01,511 [ERROR] LogOutputStream:75 - [STDERR_REDIRECT] [Fatal Error] :1:1: Premature end of file.
2026-04-29 17:24:01,511 [ERROR] LogOutputStream:75 - [STDERR_REDIRECT] 
2026-04-29 17:24:02,501 [ERROR] LogOutputStream:75 - [STDERR_REDIRECT] [Fatal Error] :1:1: Premature end of file.
2026-04-29 17:24:02,501 [ERROR] LogOutputStream:75 - [STDERR_REDIRECT] 
2026-04-29 17:24:03,504 [ERROR] LogOutputStream:75 - [STDERR_REDIRECT] [Fatal Error] :1:1: Premature end of file.
2026-04-29 17:24:03,504 [ERROR] LogOutputStream:75 - [STDERR_REDIRECT] 
2026-04-29 17:24:04,505 [ERROR] LogOutputStream:75 - [STDERR_REDIRECT] [Fatal Error] :1:1: Premature end of file.
2026-04-29 17:24:04,505 [ERROR] LogOutputStream:75 - [STDERR_REDIRECT] 
2026-04-29 17:24:05,499 [ERROR] LogOutputStream:75 - [STDERR_REDIRECT] [Fatal Error] :1:1: Premature end of file.
2026-04-29 17:24:05,499 [ERROR] LogOutputStream:75 - [STDERR_REDIRECT] 
2026-04-29 17:24:06,511 [ERROR] LogOutputStream:75 - [STDERR_REDIRECT] [Fatal Error] :1:1: Premature end of file.
2026-04-29 17:24:06,511 [ERROR] LogOutputStream:75 - [STDERR_REDIRECT] 
2026-04-29 17:24:07,499 [ERROR] LogOutputStream:75 - [STDERR_REDIRECT] [Fatal Error] :1:1: Premature end of file.
2026-04-29 17:24:07,499 [ERROR] LogOutputStream:75 - [STDERR_REDIRECT] 
2026-04-29 17:24:08,506 [ERROR] LogOutputStream:75 - [STDERR_REDIRECT] [Fatal Error] :1:1: Premature end of file.
2026-04-29 17:24:08,506 [ERROR] LogOutputStream:75 - [STDERR_REDIRECT] 
2026-04-29 17:24:09,506 [ERROR] LogOutputStream:75 - [STDERR_REDIRECT] [Fatal Error] :1:1: Premature end of file.
2026-04-29 17:24:09,506 [ERROR] LogOutputStream:75 - [STDERR_REDIRECT] 
2026-04-29 17:24:10,500 [ERROR] LogOutputStream:75 - [STDERR_REDIRECT] [Fatal Error] :1:1: Premature end of file.
2026-04-29 17:24:10,501 [ERROR] LogOutputStream:75 - [STDERR_REDIRECT] 
2026-04-29 17:24:11,503 [ERROR] LogOutputStream:75 - [STDERR_REDIRECT] [Fatal Error] :1:1: Premature end of file.
2026-04-29 17:24:11,503 [ERROR] LogOutputStream:75 - [STDERR_REDIRECT] 
2026-04-29 17:24:12,515 [ERROR] LogOutputStream:75 - [STDERR_REDIRECT] [Fatal Error] :1:1: Premature end of file.
2026-04-29 17:24:12,515 [ERROR] LogOutputStream:75 - [STDERR_REDIRECT] 
2026-04-29 17:24:13,502 [ERROR] LogOutputStream:75 - [STDERR_REDIRECT] [Fatal Error] :1:1: Premature end of file.
2026-04-29 17:24:13,502 [ERROR] LogOutputStream:75 - [STDERR_REDIRECT] 
2026-04-29 17:24:14,505 [ERROR] LogOutputStream:75 - [STDERR_REDIRECT] [Fatal Error] :1:1: Premature end of file.
2026-04-29 17:24:14,505 [ERROR] LogOutputStream:75 - [STDERR_REDIRECT] 
2026-04-29 17:24:15,499 [ERROR] LogOutputStream:75 - [STDERR_REDIRECT] [Fatal Error] :1:1: Premature end of file.
2026-04-29 17:24:15,500 [ERROR] LogOutputStream:75 - [STDERR_REDIRECT] 
2026-04-29 17:24:16,501 [ERROR] LogOutputStream:75 - [STDERR_REDIRECT] [Fatal Error] :1:1: Premature end of file.
2026-04-29 17:24:16,502 [ERROR] LogOutputStream:75 - [STDERR_REDIRECT] 
2026-04-29 17:24:17,501 [ERROR] LogOutputStream:75 - [STDERR_REDIRECT] [Fatal Error] :1:1: Premature end of file.
2026-04-29 17:24:17,501 [ERROR] LogOutputStream:75 - [STDERR_REDIRECT] 
2026-04-29 17:24:18,506 [ERROR] LogOutputStream:75 - [STDERR_REDIRECT] [Fatal Error] :1:1: Premature end of file.
2026-04-29 17:24:18,507 [ERROR] LogOutputStream:75 - [STDERR_REDIRECT] 
2026-04-29 17:24:19,503 [ERROR] LogOutputStream:75 - [STDERR_REDIRECT] [Fatal Error] :1:1: Premature end of file.
2026-04-29 17:24:19,503 [ERROR] LogOutputStream:75 - [STDERR_REDIRECT] 
2026-04-29 17:24:20,504 [ERROR] LogOutputStream:75 - [STDERR_REDIRECT] [Fatal Error] :1:1: Premature end of file.
2026-04-29 17:24:20,505 [ERROR] LogOutputStream:75 - [STDERR_REDIRECT] 
2026-04-29 17:24:21,506 [ERROR] LogOutputStream:75 - [STDERR_REDIRECT] [Fatal Error] :1:1: Premature end of file.
2026-04-29 17:24:21,506 [ERROR] LogOutputStream:75 - [STDERR_REDIRECT] 
2026-04-29 17:24:22,513 [ERROR] LogOutputStream:75 - [STDERR_REDIRECT] [Fatal Error] :1:1: Premature end of file.
2026-04-29 17:24:22,514 [ERROR] LogOutputStream:75 - [STDERR_REDIRECT] 
2026-04-29 17:24:23,500 [ERROR] LogOutputStream:75 - [STDERR_REDIRECT] [Fatal Error] :1:1: Premature end of file.
2026-04-29 17:24:23,500 [ERROR] LogOutputStream:75 - [STDERR_REDIRECT] 
2026-04-29 17:24:24,495 [ERROR] LogOutputStream:75 - [STDERR_REDIRECT] [Fatal Error] :1:1: Premature end of file.
2026-04-29 17:24:24,496 [ERROR] LogOutputStream:75 - [STDERR_REDIRECT] 
2026-04-29 17:24:25,500 [ERROR] LogOutputStream:75 - [STDERR_REDIRECT] [Fatal Error] :1:1: Premature end of file.
2026-04-29 17:24:25,500 [ERROR] LogOutputStream:75 - [STDERR_REDIRECT] 
2026-04-29 17:24:26,504 [ERROR] LogOutputStream:75 - [STDERR_REDIRECT] [Fatal Error] :1:1: Premature end of file.
2026-04-29 17:24:26,504 [ERROR] LogOutputStream:75 - [STDERR_REDIRECT] 
2026-04-29 17:24:27,507 [ERROR] LogOutputStream:75 - [STDERR_REDIRECT] [Fatal Error] :1:1: Premature end of file.
2026-04-29 17:24:27,507 [ERROR] LogOutputStream:75 - [STDERR_REDIRECT] 
2026-04-29 17:24:28,506 [ERROR] LogOutputStream:75 - [STDERR_REDIRECT] [Fatal Error] :1:1: Premature end of file.
2026-04-29 17:24:28,506 [ERROR] LogOutputStream:75 - [STDERR_REDIRECT] 
2026-04-29 17:24:29,500 [ERROR] LogOutputStream:75 - [STDERR_REDIRECT] [Fatal Error] :1:1: Premature end of file.
2026-04-29 17:24:29,500 [ERROR] LogOutputStream:75 - [STDERR_REDIRECT] 
2026-04-29 17:24:30,504 [ERROR] LogOutputStream:75 - [STDERR_REDIRECT] [Fatal Error] :1:1: Premature end of file.
2026-04-29 17:24:30,504 [ERROR] LogOutputStream:75 - [STDERR_REDIRECT] 
2026-04-29 17:24:31,504 [ERROR] LogOutputStream:75 - [STDERR_REDIRECT] [Fatal Error] :1:1: Premature end of file.
2026-04-29 17:24:31,504 [ERROR] LogOutputStream:75 - [STDERR_REDIRECT] 
2026-04-29 17:24:32,504 [ERROR] LogOutputStream:75 - [STDERR_REDIRECT] [Fatal Error] :1:1: Premature end of file.
2026-04-29 17:24:32,504 [ERROR] LogOutputStream:75 - [STDERR_REDIRECT] 
2026-04-29 17:24:33,507 [ERROR] LogOutputStream:75 - [STDERR_REDIRECT] [Fatal Error] :1:1: Premature end of file.
2026-04-29 17:24:33,507 [ERROR] LogOutputStream:75 - [STDERR_REDIRECT] 
2026-04-29 17:24:34,509 [ERROR] LogOutputStream:75 - [STDERR_REDIRECT] [Fatal Error] :1:1: Premature end of file.
2026-04-29 17:24:34,510 [ERROR] LogOutputStream:75 - [STDERR_REDIRECT] 
2026-04-29 17:24:35,497 [ERROR] LogOutputStream:75 - [STDERR_REDIRECT] [Fatal Error] :1:1: Premature end of file.
2026-04-29 17:24:35,497 [ERROR] LogOutputStream:75 - [STDERR_REDIRECT] 
2026-04-29 17:24:36,506 [ERROR] LogOutputStream:75 - [STDERR_REDIRECT] [Fatal Error] :1:1: Premature end of file.
2026-04-29 17:24:36,506 [ERROR] LogOutputStream:75 - [STDERR_REDIRECT] 
2026-04-29 17:24:37,505 [ERROR] LogOutputStream:75 - [STDERR_REDIRECT] [Fatal Error] :1:1: Premature end of file.
2026-04-29 17:24:37,506 [ERROR] LogOutputStream:75 - [STDERR_REDIRECT] 
2026-04-29 17:24:38,498 [ERROR] LogOutputStream:75 - [STDERR_REDIRECT] [Fatal Error] :1:1: Premature end of file.
2026-04-29 17:24:38,498 [ERROR] LogOutputStream:75 - [STDERR_REDIRECT] 
2026-04-29 17:24:39,502 [ERROR] LogOutputStream:75 - [STDERR_REDIRECT] [Fatal Error] :1:1: Premature end of file.
2026-04-29 17:24:39,503 [ERROR] LogOutputStream:75 - [STDERR_REDIRECT] 
2026-04-29 17:24:40,502 [ERROR] LogOutputStream:75 - [STDERR_REDIRECT] [Fatal Error] :1:1: Premature end of file.
2026-04-29 17:24:40,502 [ERROR] LogOutputStream:75 - [STDERR_REDIRECT] 
2026-04-29 17:24:41,500 [ERROR] LogOutputStream:75 - [STDERR_REDIRECT] [Fatal Error] :1:1: Premature end of file.
2026-04-29 17:24:41,500 [ERROR] LogOutputStream:75 - [STDERR_REDIRECT] 
2026-04-29 17:24:42,515 [ERROR] LogOutputStream:75 - [STDERR_REDIRECT] [Fatal Error] :1:1: Premature end of file.
2026-04-29 17:24:42,515 [ERROR] LogOutputStream:75 - [STDERR_REDIRECT] 
2026-04-29 17:24:43,497 [ERROR] LogOutputStream:75 - [STDERR_REDIRECT] [Fatal Error] :1:1: Premature end of file.
2026-04-29 17:24:43,498 [ERROR] LogOutputStream:75 - [STDERR_REDIRECT] 
2026-04-29 17:24:44,498 [ERROR] LogOutputStream:75 - [STDERR_REDIRECT] [Fatal Error] :1:1: Premature end of file.
2026-04-29 17:24:44,499 [ERROR] LogOutputStream:75 - [STDERR_REDIRECT] 
2026-04-29 17:24:45,502 [ERROR] LogOutputStream:75 - [STDERR_REDIRECT] [Fatal Error] :1:1: Premature end of file.
2026-04-29 17:24:45,502 [ERROR] LogOutputStream:75 - [STDERR_REDIRECT] 
2026-04-29 17:24:46,503 [ERROR] LogOutputStream:75 - [STDERR_REDIRECT] [Fatal Error] :1:1: Premature end of file.
2026-04-29 17:24:46,503 [ERROR] LogOutputStream:75 - [STDERR_REDIRECT] 
2026-04-29 17:24:47,500 [ERROR] LogOutputStream:75 - [STDERR_REDIRECT] [Fatal Error] :1:1: Premature end of file.
2026-04-29 17:24:47,500 [ERROR] LogOutputStream:75 - [STDERR_REDIRECT] 
2026-04-29 17:24:48,498 [ERROR] LogOutputStream:75 - [STDERR_REDIRECT] [Fatal Error] :1:1: Premature end of file.
2026-04-29 17:24:48,499 [ERROR] LogOutputStream:75 - [STDERR_REDIRECT] 
2026-04-29 17:24:49,498 [ERROR] LogOutputStream:75 - [STDERR_REDIRECT] [Fatal Error] :1:1: Premature end of file.
2026-04-29 17:24:49,498 [ERROR] LogOutputStream:75 - [STDERR_REDIRECT] 
2026-04-29 17:24:50,511 [ERROR] LogOutputStream:75 - [STDERR_REDIRECT] [Fatal Error] :1:1: Premature end of file.
2026-04-29 17:24:50,511 [ERROR] LogOutputStream:75 - [STDERR_REDIRECT] 
2026-04-29 17:24:51,505 [ERROR] LogOutputStream:75 - [STDERR_REDIRECT] [Fatal Error] :1:1: Premature end of file.
2026-04-29 17:24:51,505 [ERROR] LogOutputStream:75 - [STDERR_REDIRECT] 
2026-04-29 17:24:52,511 [ERROR] LogOutputStream:75 - [STDERR_REDIRECT] [Fatal Error] :1:1: Premature end of file.
2026-04-29 17:24:52,511 [ERROR] LogOutputStream:75 - [STDERR_REDIRECT] 
2026-04-29 17:24:53,505 [ERROR] LogOutputStream:75 - [STDERR_REDIRECT] [Fatal Error] :1:1: Premature end of file.
2026-04-29 17:24:53,505 [ERROR] LogOutputStream:75 - [STDERR_REDIRECT] 
2026-04-29 17:24:54,501 [ERROR] LogOutputStream:75 - [STDERR_REDIRECT] [Fatal Error] :1:1: Premature end of file.
2026-04-29 17:24:54,501 [ERROR] LogOutputStream:75 - [STDERR_REDIRECT] 
2026-04-29 17:24:55,508 [ERROR] LogOutputStream:75 - [STDERR_REDIRECT] [Fatal Error] :1:1: Premature end of file.
2026-04-29 17:24:55,508 [ERROR] LogOutputStream:75 - [STDERR_REDIRECT] 
2026-04-29 17:24:56,502 [ERROR] LogOutputStream:75 - [STDERR_REDIRECT] [Fatal Error] :1:1: Premature end of file.
2026-04-29 17:24:56,502 [ERROR] LogOutputStream:75 - [STDERR_REDIRECT] 
2026-04-29 17:24:57,498 [ERROR] LogOutputStream:75 - [STDERR_REDIRECT] [Fatal Error] :1:1: Premature end of file.
2026-04-29 17:24:57,498 [ERROR] LogOutputStream:75 - [STDERR_REDIRECT] 
2026-04-29 17:24:58,507 [ERROR] LogOutputStream:75 - [STDERR_REDIRECT] [Fatal Error] :1:1: Premature end of file.
2026-04-29 17:24:58,508 [ERROR] LogOutputStream:75 - [STDERR_REDIRECT] 
2026-04-29 17:24:59,500 [ERROR] LogOutputStream:75 - [STDERR_REDIRECT] [Fatal Error] :1:1: Premature end of file.
2026-04-29 17:24:59,500 [ERROR] LogOutputStream:75 - [STDERR_REDIRECT] 
2026-04-29 17:25:00,515 [ERROR] LogOutputStream:75 - [STDERR_REDIRECT] [Fatal Error] :1:1: Premature end of file.
2026-04-29 17:25:00,515 [ERROR] LogOutputStream:75 - [STDERR_REDIRECT] 
2026-04-29 17:25:01,501 [ERROR] LogOutputStream:75 - [STDERR_REDIRECT] [Fatal Error] :1:1: Premature end of file.
2026-04-29 17:25:01,501 [ERROR] LogOutputStream:75 - [STDERR_REDIRECT] 
2026-04-29 17:25:02,498 [ERROR] LogOutputStream:75 - [STDERR_REDIRECT] [Fatal Error] :1:1: Premature end of file.
2026-04-29 17:25:02,498 [ERROR] LogOutputStream:75 - [STDERR_REDIRECT] 
2026-04-29 17:25:03,503 [ERROR] LogOutputStream:75 - [STDERR_REDIRECT] [Fatal Error] :1:1: Premature end of file.
2026-04-29 17:25:03,504 [ERROR] LogOutputStream:75 - [STDERR_REDIRECT] 
2026-04-29 17:25:04,491 [ERROR] LogOutputStream:75 - [STDERR_REDIRECT] [Fatal Error] :1:1: Premature end of file.
2026-04-29 17:25:04,491 [ERROR] LogOutputStream:75 - [STDERR_REDIRECT] 
2026-04-29 17:25:05,500 [ERROR] LogOutputStream:75 - [STDERR_REDIRECT] [Fatal Error] :1:1: Premature end of file.
2026-04-29 17:25:05,500 [ERROR] LogOutputStream:75 - [STDERR_REDIRECT] 
2026-04-29 17:25:06,494 [ERROR] LogOutputStream:75 - [STDERR_REDIRECT] [Fatal Error] :1:1: Premature end of file.
2026-04-29 17:25:06,495 [ERROR] LogOutputStream:75 - [STDERR_REDIRECT] 
2026-04-29 17:25:07,504 [ERROR] LogOutputStream:75 - [STDERR_REDIRECT] [Fatal Error] :1:1: Premature end of file.
2026-04-29 17:25:07,505 [ERROR] LogOutputStream:75 - [STDERR_REDIRECT] 
2026-04-29 17:25:08,499 [ERROR] LogOutputStream:75 - [STDERR_REDIRECT] [Fatal Error] :1:1: Premature end of file.
2026-04-29 17:25:08,499 [ERROR] LogOutputStream:75 - [STDERR_REDIRECT] 
2026-04-29 17:25:09,501 [ERROR] LogOutputStream:75 - [STDERR_REDIRECT] [Fatal Error] :1:1: Premature end of file.
2026-04-29 17:25:09,501 [ERROR] LogOutputStream:75 - [STDERR_REDIRECT] 
2026-04-29 17:25:10,506 [ERROR] LogOutputStream:75 - [STDERR_REDIRECT] [Fatal Error] :1:1: Premature end of file.
2026-04-29 17:25:10,506 [ERROR] LogOutputStream:75 - [STDERR_REDIRECT] 
2026-04-29 17:25:11,504 [ERROR] LogOutputStream:75 - [STDERR_REDIRECT] [Fatal Error] :1:1: Premature end of file.
2026-04-29 17:25:11,505 [ERROR] LogOutputStream:75 - [STDERR_REDIRECT] 
2026-04-29 17:25:12,512 [ERROR] LogOutputStream:75 - [STDERR_REDIRECT] [Fatal Error] :1:1: Premature end of file.
2026-04-29 17:25:12,513 [ERROR] LogOutputStream:75 - [STDERR_REDIRECT] 
2026-04-29 17:25:13,506 [ERROR] LogOutputStream:75 - [STDERR_REDIRECT] [Fatal Error] :1:1: Premature end of file.
2026-04-29 17:25:13,506 [ERROR] LogOutputStream:75 - [STDERR_REDIRECT] 
2026-04-29 17:25:14,506 [ERROR] LogOutputStream:75 - [STDERR_REDIRECT] [Fatal Error] :1:1: Premature end of file.
2026-04-29 17:25:14,506 [ERROR] LogOutputStream:75 - [STDERR_REDIRECT] 
2026-04-29 17:25:15,504 [ERROR] LogOutputStream:75 - [STDERR_REDIRECT] [Fatal Error] :1:1: Premature end of file.
2026-04-29 17:25:15,505 [ERROR] LogOutputStream:75 - [STDERR_REDIRECT] 
2026-04-29 17:25:16,508 [ERROR] LogOutputStream:75 - [STDERR_REDIRECT] [Fatal Error] :1:1: Premature end of file.
2026-04-29 17:25:16,508 [ERROR] LogOutputStream:75 - [STDERR_REDIRECT] 
2026-04-29 17:25:17,501 [ERROR] LogOutputStream:75 - [STDERR_REDIRECT] [Fatal Error] :1:1: Premature end of file.
2026-04-29 17:25:17,501 [ERROR] LogOutputStream:75 - [STDERR_REDIRECT] 
2026-04-29 17:25:18,504 [ERROR] LogOutputStream:75 - [STDERR_REDIRECT] [Fatal Error] :1:1: Premature end of file.
2026-04-29 17:25:18,504 [ERROR] LogOutputStream:75 - [STDERR_REDIRECT] 
2026-04-29 17:25:19,508 [ERROR] LogOutputStream:75 - [STDERR_REDIRECT] [Fatal Error] :1:1: Premature end of file.
2026-04-29 17:25:19,508 [ERROR] LogOutputStream:75 - [STDERR_REDIRECT] 
2026-04-29 17:25:20,500 [ERROR] LogOutputStream:75 - [STDERR_REDIRECT] [Fatal Error] :1:1: Premature end of file.
2026-04-29 17:25:20,500 [ERROR] LogOutputStream:75 - [STDERR_REDIRECT] 
2026-04-29 17:25:21,512 [ERROR] LogOutputStream:75 - [STDERR_REDIRECT] [Fatal Error] :1:1: Premature end of file.
2026-04-29 17:25:21,512 [ERROR] LogOutputStream:75 - [STDERR_REDIRECT] 
2026-04-29 17:25:22,503 [ERROR] LogOutputStream:75 - [STDERR_REDIRECT] [Fatal Error] :1:1: Premature end of file.
2026-04-29 17:25:22,503 [ERROR] LogOutputStream:75 - [STDERR_REDIRECT] 
2026-04-29 17:25:23,498 [ERROR] LogOutputStream:75 - [STDERR_REDIRECT] [Fatal Error] :1:1: Premature end of file.
2026-04-29 17:25:23,498 [ERROR] LogOutputStream:75 - [STDERR_REDIRECT] 
2026-04-29 17:25:24,493 [ERROR] LogOutputStream:75 - [STDERR_REDIRECT] [Fatal Error] :1:1: Premature end of file.
2026-04-29 17:25:24,493 [ERROR] LogOutputStream:75 - [STDERR_REDIRECT] 
2026-04-29 17:25:25,494 [ERROR] LogOutputStream:75 - [STDERR_REDIRECT] [Fatal Error] :1:1: Premature end of file.
2026-04-29 17:25:25,494 [ERROR] LogOutputStream:75 - [STDERR_REDIRECT] 
2026-04-29 17:25:26,506 [ERROR] LogOutputStream:75 - [STDERR_REDIRECT] [Fatal Error] :1:1: Premature end of file.
2026-04-29 17:25:26,506 [ERROR] LogOutputStream:75 - [STDERR_REDIRECT] 
2026-04-29 17:25:27,502 [ERROR] LogOutputStream:75 - [STDERR_REDIRECT] [Fatal Error] :1:1: Premature end of file.
2026-04-29 17:25:27,502 [ERROR] LogOutputStream:75 - [STDERR_REDIRECT] 
2026-04-29 17:25:28,499 [ERROR] LogOutputStream:75 - [STDERR_REDIRECT] [Fatal Error] :1:1: Premature end of file.
2026-04-29 17:25:28,499 [ERROR] LogOutputStream:75 - [STDERR_REDIRECT] 
2026-04-29 17:25:29,496 [ERROR] LogOutputStream:75 - [STDERR_REDIRECT] [Fatal Error] :1:1: Premature end of file.
2026-04-29 17:25:29,496 [ERROR] LogOutputStream:75 - [STDERR_REDIRECT] 
2026-04-29 17:25:30,499 [ERROR] LogOutputStream:75 - [STDERR_REDIRECT] [Fatal Error] :1:1: Premature end of file.
2026-04-29 17:25:30,499 [ERROR] LogOutputStream:75 - [STDERR_REDIRECT] 
2026-04-29 17:25:31,519 [ERROR] LogOutputStream:75 - [STDERR_REDIRECT] [Fatal Error] :1:1: Premature end of file.
2026-04-29 17:25:31,520 [ERROR] LogOutputStream:75 - [STDERR_REDIRECT] 
2026-04-29 17:25:32,505 [ERROR] LogOutputStream:75 - [STDERR_REDIRECT] [Fatal Error] :1:1: Premature end of file.
2026-04-29 17:25:32,505 [ERROR] LogOutputStream:75 - [STDERR_REDIRECT] 
2026-04-29 17:25:33,505 [ERROR] LogOutputStream:75 - [STDERR_REDIRECT] [Fatal Error] :1:1: Premature end of file.
2026-04-29 17:25:33,505 [ERROR] LogOutputStream:75 - [STDERR_REDIRECT] 
2026-04-29 17:25:34,503 [ERROR] LogOutputStream:75 - [STDERR_REDIRECT] [Fatal Error] :1:1: Premature end of file.
2026-04-29 17:25:34,503 [ERROR] LogOutputStream:75 - [STDERR_REDIRECT] 
2026-04-29 17:25:35,492 [ERROR] LogOutputStream:75 - [STDERR_REDIRECT] [Fatal Error] :1:1: Premature end of file.
2026-04-29 17:25:35,492 [ERROR] LogOutputStream:75 - [STDERR_REDIRECT] 
2026-04-29 17:25:36,493 [ERROR] LogOutputStream:75 - [STDERR_REDIRECT] [Fatal Error] :1:1: Premature end of file.
2026-04-29 17:25:36,493 [ERROR] LogOutputStream:75 - [STDERR_REDIRECT] 
2026-04-29 17:25:37,504 [ERROR] LogOutputStream:75 - [STDERR_REDIRECT] [Fatal Error] :1:1: Premature end of file.
2026-04-29 17:25:37,504 [ERROR] LogOutputStream:75 - [STDERR_REDIRECT] 
2026-04-29 17:25:38,505 [ERROR] LogOutputStream:75 - [STDERR_REDIRECT] [Fatal Error] :1:1: Premature end of file.
2026-04-29 17:25:38,505 [ERROR] LogOutputStream:75 - [STDERR_REDIRECT] 
2026-04-29 17:25:39,504 [ERROR] LogOutputStream:75 - [STDERR_REDIRECT] [Fatal Error] :1:1: Premature end of file.
2026-04-29 17:25:39,504 [ERROR] LogOutputStream:75 - [STDERR_REDIRECT] 
2026-04-29 17:25:40,504 [ERROR] LogOutputStream:75 - [STDERR_REDIRECT] [Fatal Error] :1:1: Premature end of file.
2026-04-29 17:25:40,505 [ERROR] LogOutputStream:75 - [STDERR_REDIRECT] 
2026-04-29 17:25:41,505 [ERROR] LogOutputStream:75 - [STDERR_REDIRECT] [Fatal Error] :1:1: Premature end of file.
2026-04-29 17:25:41,505 [ERROR] LogOutputStream:75 - [STDERR_REDIRECT] 
2026-04-29 17:25:42,506 [ERROR] LogOutputStream:75 - [STDERR_REDIRECT] [Fatal Error] :1:1: Premature end of file.
2026-04-29 17:25:42,506 [ERROR] LogOutputStream:75 - [STDERR_REDIRECT] 
2026-04-29 17:25:43,498 [ERROR] LogOutputStream:75 - [STDERR_REDIRECT] [Fatal Error] :1:1: Premature end of file.
2026-04-29 17:25:43,498 [ERROR] LogOutputStream:75 - [STDERR_REDIRECT] 
2026-04-29 17:25:44,508 [ERROR] LogOutputStream:75 - [STDERR_REDIRECT] [Fatal Error] :1:1: Premature end of file.
2026-04-29 17:25:44,509 [ERROR] LogOutputStream:75 - [STDERR_REDIRECT] 
2026-04-29 17:25:45,498 [ERROR] LogOutputStream:75 - [STDERR_REDIRECT] [Fatal Error] :1:1: Premature end of file.
2026-04-29 17:25:45,499 [ERROR] LogOutputStream:75 - [STDERR_REDIRECT] 
2026-04-29 17:25:46,513 [ERROR] LogOutputStream:75 - [STDERR_REDIRECT] [Fatal Error] :1:1: Premature end of file.
2026-04-29 17:25:46,513 [ERROR] LogOutputStream:75 - [STDERR_REDIRECT] 
2026-04-29 17:25:47,500 [ERROR] LogOutputStream:75 - [STDERR_REDIRECT] [Fatal Error] :1:1: Premature end of file.
2026-04-29 17:25:47,500 [ERROR] LogOutputStream:75 - [STDERR_REDIRECT] 
2026-04-29 17:25:48,516 [ERROR] LogOutputStream:75 - [STDERR_REDIRECT] [Fatal Error] :1:1: Premature end of file.
2026-04-29 17:25:48,517 [ERROR] LogOutputStream:75 - [STDERR_REDIRECT] 
2026-04-29 17:25:49,507 [ERROR] LogOutputStream:75 - [STDERR_REDIRECT] [Fatal Error] :1:1: Premature end of file.
2026-04-29 17:25:49,507 [ERROR] LogOutputStream:75 - [STDERR_REDIRECT] 
2026-04-29 17:25:50,525 [ERROR] LogOutputStream:75 - [STDERR_REDIRECT] [Fatal Error] :1:1: Premature end of file.
2026-04-29 17:25:50,525 [ERROR] LogOutputStream:75 - [STDERR_REDIRECT] 
2026-04-29 17:25:51,528 [ERROR] LogOutputStream:75 - [STDERR_REDIRECT] [Fatal Error] :1:1: Premature end of file.
2026-04-29 17:25:51,528 [ERROR] LogOutputStream:75 - [STDERR_REDIRECT] 
2026-04-29 17:25:52,500 [ERROR] LogOutputStream:75 - [STDERR_REDIRECT] [Fatal Error] :1:1: Premature end of file.
2026-04-29 17:25:52,500 [ERROR] LogOutputStream:75 - [STDERR_REDIRECT] 
2026-04-29 17:25:53,540 [ERROR] LogOutputStream:75 - [STDERR_REDIRECT] [Fatal Error] :1:1: Premature end of file.
2026-04-29 17:25:53,540 [ERROR] LogOutputStream:75 - [STDERR_REDIRECT] 
2026-04-29 17:25:54,499 [ERROR] LogOutputStream:75 - [STDERR_REDIRECT] [Fatal Error] :1:1: Premature end of file.
2026-04-29 17:25:54,501 [ERROR] LogOutputStream:75 - [STDERR_REDIRECT] 
2026-04-29 17:25:55,513 [ERROR] LogOutputStream:75 - [STDERR_REDIRECT] [Fatal Error] :1:1: Premature end of file.
2026-04-29 17:25:55,513 [ERROR] LogOutputStream:75 - [STDERR_REDIRECT] 
2026-04-29 17:25:56,525 [ERROR] LogOutputStream:75 - [STDERR_REDIRECT] [Fatal Error] :1:1: Premature end of file.
2026-04-29 17:25:56,525 [ERROR] LogOutputStream:75 - [STDERR_REDIRECT] 
2026-04-29 17:25:57,505 [ERROR] LogOutputStream:75 - [STDERR_REDIRECT] [Fatal Error] :1:1: Premature end of file.
2026-04-29 17:25:57,505 [ERROR] LogOutputStream:75 - [STDERR_REDIRECT] 
2026-04-29 17:25:58,512 [ERROR] LogOutputStream:75 - [STDERR_REDIRECT] [Fatal Error] :1:1: Premature end of file.
2026-04-29 17:25:58,512 [ERROR] LogOutputStream:75 - [STDERR_REDIRECT] 
2026-04-29 17:25:59,507 [ERROR] LogOutputStream:75 - [STDERR_REDIRECT] [Fatal Error] :1:1: Premature end of file.
2026-04-29 17:25:59,508 [ERROR] LogOutputStream:75 - [STDERR_REDIRECT] 
2026-04-29 17:26:00,528 [ERROR] LogOutputStream:75 - [STDERR_REDIRECT] [Fatal Error] :1:1: Premature end of file.
2026-04-29 17:26:00,528 [ERROR] LogOutputStream:75 - [STDERR_REDIRECT] 
2026-04-29 17:26:01,534 [ERROR] LogOutputStream:75 - [STDERR_REDIRECT] [Fatal Error] :1:1: Premature end of file.
2026-04-29 17:26:01,534 [ERROR] LogOutputStream:75 - [STDERR_REDIRECT] 
2026-04-29 17:26:02,516 [ERROR] LogOutputStream:75 - [STDERR_REDIRECT] [Fatal Error] :1:1: Premature end of file.
2026-04-29 17:26:02,516 [ERROR] LogOutputStream:75 - [STDERR_REDIRECT] 
2026-04-29 17:26:03,542 [ERROR] LogOutputStream:75 - [STDERR_REDIRECT] [Fatal Error] :1:1: Premature end of file.
2026-04-29 17:26:03,542 [ERROR] LogOutputStream:75 - [STDERR_REDIRECT] 
2026-04-29 17:26:04,511 [ERROR] LogOutputStream:75 - [STDERR_REDIRECT] [Fatal Error] :1:1: Premature end of file.
2026-04-29 17:26:04,511 [ERROR] LogOutputStream:75 - [STDERR_REDIRECT] 
2026-04-29 17:26:05,531 [ERROR] LogOutputStream:75 - [STDERR_REDIRECT] [Fatal Error] :1:1: Premature end of file.
2026-04-29 17:26:05,531 [ERROR] LogOutputStream:75 - [STDERR_REDIRECT] 
2026-04-29 17:26:06,565 [ERROR] LogOutputStream:75 - [STDERR_REDIRECT] [Fatal Error] :1:1: Premature end of file.
2026-04-29 17:26:06,565 [ERROR] LogOutputStream:75 - [STDERR_REDIRECT] 
2026-04-29 17:26:07,511 [ERROR] LogOutputStream:75 - [STDERR_REDIRECT] [Fatal Error] :1:1: Premature end of file.
2026-04-29 17:26:07,511 [ERROR] LogOutputStream:75 - [STDERR_REDIRECT] 
2026-04-29 17:26:08,527 [ERROR] LogOutputStream:75 - [STDERR_REDIRECT] [Fatal Error] :1:1: Premature end of file.
2026-04-29 17:26:08,527 [ERROR] LogOutputStream:75 - [STDERR_REDIRECT] 
2026-04-29 17:26:09,513 [ERROR] LogOutputStream:75 - [STDERR_REDIRECT] [Fatal Error] :1:1: Premature end of file.
2026-04-29 17:26:09,513 [ERROR] LogOutputStream:75 - [STDERR_REDIRECT] 
2026-04-29 17:26:10,512 [ERROR] LogOutputStream:75 - [STDERR_REDIRECT] [Fatal Error] :1:1: Premature end of file.
2026-04-29 17:26:10,512 [ERROR] LogOutputStream:75 - [STDERR_REDIRECT] 
2026-04-29 17:26:11,513 [ERROR] LogOutputStream:75 - [STDERR_REDIRECT] [Fatal Error] :1:1: Premature end of file.
2026-04-29 17:26:11,513 [ERROR] LogOutputStream:75 - [STDERR_REDIRECT] 
2026-04-29 17:26:12,516 [ERROR] LogOutputStream:75 - [STDERR_REDIRECT] [Fatal Error] :1:1: Premature end of file.
2026-04-29 17:26:12,517 [ERROR] LogOutputStream:75 - [STDERR_REDIRECT] 
2026-04-29 17:26:13,523 [ERROR] LogOutputStream:75 - [STDERR_REDIRECT] [Fatal Error] :1:1: Premature end of file.
2026-04-29 17:26:13,523 [ERROR] LogOutputStream:75 - [STDERR_REDIRECT] 
2026-04-29 17:26:14,496 [ERROR] LogOutputStream:75 - [STDERR_REDIRECT] [Fatal Error] :1:1: Premature end of file.
2026-04-29 17:26:14,496 [ERROR] LogOutputStream:75 - [STDERR_REDIRECT] 
2026-04-29 17:26:15,525 [ERROR] LogOutputStream:75 - [STDERR_REDIRECT] [Fatal Error] :1:1: Premature end of file.
2026-04-29 17:26:15,526 [ERROR] LogOutputStream:75 - [STDERR_REDIRECT] 
2026-04-29 17:26:16,530 [ERROR] LogOutputStream:75 - [STDERR_REDIRECT] [Fatal Error] :1:1: Premature end of file.
2026-04-29 17:26:16,530 [ERROR] LogOutputStream:75 - [STDERR_REDIRECT] 
2026-04-29 17:26:17,515 [ERROR] LogOutputStream:75 - [STDERR_REDIRECT] [Fatal Error] :1:1: Premature end of file.
2026-04-29 17:26:17,516 [ERROR] LogOutputStream:75 - [STDERR_REDIRECT] 
2026-04-29 17:26:18,523 [ERROR] LogOutputStream:75 - [STDERR_REDIRECT] [Fatal Error] :1:1: Premature end of file.
2026-04-29 17:26:18,523 [ERROR] LogOutputStream:75 - [STDERR_REDIRECT] 
2026-04-29 17:26:19,530 [ERROR] LogOutputStream:75 - [STDERR_REDIRECT] [Fatal Error] :1:1: Premature end of file.
2026-04-29 17:26:19,530 [ERROR] LogOutputStream:75 - [STDERR_REDIRECT] 
2026-04-29 17:26:20,515 [ERROR] LogOutputStream:75 - [STDERR_REDIRECT] [Fatal Error] :1:1: Premature end of file.
2026-04-29 17:26:20,515 [ERROR] LogOutputStream:75 - [STDERR_REDIRECT] 
2026-04-29 17:26:21,501 [ERROR] LogOutputStream:75 - [STDERR_REDIRECT] [Fatal Error] :1:1: Premature end of file.
2026-04-29 17:26:21,501 [ERROR] LogOutputStream:75 - [STDERR_REDIRECT] 
2026-04-29 17:26:22,522 [ERROR] LogOutputStream:75 - [STDERR_REDIRECT] [Fatal Error] :1:1: Premature end of file.
2026-04-29 17:26:22,522 [ERROR] LogOutputStream:75 - [STDERR_REDIRECT] 
2026-04-29 17:26:23,529 [ERROR] LogOutputStream:75 - [STDERR_REDIRECT] [Fatal Error] :1:1: Premature end of file.
2026-04-29 17:26:23,529 [ERROR] LogOutputStream:75 - [STDERR_REDIRECT] 
2026-04-29 17:26:24,514 [ERROR] LogOutputStream:75 - [STDERR_REDIRECT] [Fatal Error] :1:1: Premature end of file.
2026-04-29 17:26:24,514 [ERROR] LogOutputStream:75 - [STDERR_REDIRECT] 
2026-04-29 17:26:25,499 [ERROR] LogOutputStream:75 - [STDERR_REDIRECT] [Fatal Error] :1:1: Premature end of file.
2026-04-29 17:26:25,499 [ERROR] LogOutputStream:75 - [STDERR_REDIRECT] 
2026-04-29 17:26:26,505 [ERROR] LogOutputStream:75 - [STDERR_REDIRECT] [Fatal Error] :1:1: Premature end of file.
2026-04-29 17:26:26,505 [ERROR] LogOutputStream:75 - [STDERR_REDIRECT] 
2026-04-29 17:26:27,507 [ERROR] LogOutputStream:75 - [STDERR_REDIRECT] [Fatal Error] :1:1: Premature end of file.
2026-04-29 17:26:27,508 [ERROR] LogOutputStream:75 - [STDERR_REDIRECT] 
2026-04-29 17:26:28,504 [ERROR] LogOutputStream:75 - [STDERR_REDIRECT] [Fatal Error] :1:1: Premature end of file.
2026-04-29 17:26:28,504 [ERROR] LogOutputStream:75 - [STDERR_REDIRECT] 
2026-04-29 17:26:29,509 [ERROR] LogOutputStream:75 - [STDERR_REDIRECT] [Fatal Error] :1:1: Premature end of file.
2026-04-29 17:26:29,510 [ERROR] LogOutputStream:75 - [STDERR_REDIRECT] 
2026-04-29 17:26:30,502 [ERROR] LogOutputStream:75 - [STDERR_REDIRECT] [Fatal Error] :1:1: Premature end of file.
2026-04-29 17:26:30,502 [ERROR] LogOutputStream:75 - [STDERR_REDIRECT] 
2026-04-29 17:26:31,505 [ERROR] LogOutputStream:75 - [STDERR_REDIRECT] [Fatal Error] :1:1: Premature end of file.
2026-04-29 17:26:31,505 [ERROR] LogOutputStream:75 - [STDERR_REDIRECT] 
2026-04-29 17:26:32,503 [ERROR] LogOutputStream:75 - [STDERR_REDIRECT] [Fatal Error] :1:1: Premature end of file.
2026-04-29 17:26:32,504 [ERROR] LogOutputStream:75 - [STDERR_REDIRECT] 
2026-04-29 17:26:33,496 [ERROR] LogOutputStream:75 - [STDERR_REDIRECT] [Fatal Error] :1:1: Premature end of file.
2026-04-29 17:26:33,496 [ERROR] LogOutputStream:75 - [STDERR_REDIRECT] 
2026-04-29 17:26:34,503 [ERROR] LogOutputStream:75 - [STDERR_REDIRECT] [Fatal Error] :1:1: Premature end of file.
2026-04-29 17:26:34,503 [ERROR] LogOutputStream:75 - [STDERR_REDIRECT] 
2026-04-29 17:26:35,499 [ERROR] LogOutputStream:75 - [STDERR_REDIRECT] [Fatal Error] :1:1: Premature end of file.
2026-04-29 17:26:35,499 [ERROR] LogOutputStream:75 - [STDERR_REDIRECT] 
2026-04-29 17:26:36,498 [ERROR] LogOutputStream:75 - [STDERR_REDIRECT] [Fatal Error] :1:1: Premature end of file.
2026-04-29 17:26:36,499 [ERROR] LogOutputStream:75 - [STDERR_REDIRECT] 
2026-04-29 17:26:37,497 [ERROR] LogOutputStream:75 - [STDERR_REDIRECT] [Fatal Error] :1:1: Premature end of file.
2026-04-29 17:26:37,497 [ERROR] LogOutputStream:75 - [STDERR_REDIRECT] 
2026-04-29 17:26:38,486 [ERROR] LogOutputStream:75 - [STDERR_REDIRECT] [Fatal Error] :1:1: Premature end of file.
2026-04-29 17:26:38,486 [ERROR] LogOutputStream:75 - [STDERR_REDIRECT] 
2026-04-29 17:26:39,496 [ERROR] LogOutputStream:75 - [STDERR_REDIRECT] [Fatal Error] :1:1: Premature end of file.
2026-04-29 17:26:39,497 [ERROR] LogOutputStream:75 - [STDERR_REDIRECT] 
2026-04-29 17:26:40,504 [ERROR] LogOutputStream:75 - [STDERR_REDIRECT] [Fatal Error] :1:1: Premature end of file.
2026-04-29 17:26:40,504 [ERROR] LogOutputStream:75 - [STDERR_REDIRECT] 
2026-04-29 17:26:41,481 [ERROR] LogOutputStream:75 - [STDERR_REDIRECT] [Fatal Error] :1:1: Premature end of file.
2026-04-29 17:26:41,481 [ERROR] LogOutputStream:75 - [STDERR_REDIRECT] 
2026-04-29 17:26:42,507 [ERROR] LogOutputStream:75 - [STDERR_REDIRECT] [Fatal Error] :1:1: Premature end of file.
2026-04-29 17:26:42,507 [ERROR] LogOutputStream:75 - [STDERR_REDIRECT] 
2026-04-29 17:26:43,483 [ERROR] LogOutputStream:75 - [STDERR_REDIRECT] [Fatal Error] :1:1: Premature end of file.
2026-04-29 17:26:43,483 [ERROR] LogOutputStream:75 - [STDERR_REDIRECT] 
2026-04-29 17:26:44,493 [ERROR] LogOutputStream:75 - [STDERR_REDIRECT] [Fatal Error] :1:1: Premature end of file.
2026-04-29 17:26:44,493 [ERROR] LogOutputStream:75 - [STDERR_REDIRECT] 
2026-04-29 17:26:45,495 [ERROR] LogOutputStream:75 - [STDERR_REDIRECT] [Fatal Error] :1:1: Premature end of file.
2026-04-29 17:26:45,495 [ERROR] LogOutputStream:75 - [STDERR_REDIRECT] 
2026-04-29 17:26:46,502 [ERROR] LogOutputStream:75 - [STDERR_REDIRECT] [Fatal Error] :1:1: Premature end of file.
2026-04-29 17:26:46,502 [ERROR] LogOutputStream:75 - [STDERR_REDIRECT] 
2026-04-29 17:26:47,502 [ERROR] LogOutputStream:75 - [STDERR_REDIRECT] [Fatal Error] :1:1: Premature end of file.
2026-04-29 17:26:47,502 [ERROR] LogOutputStream:75 - [STDERR_REDIRECT] 
2026-04-29 17:26:48,493 [ERROR] LogOutputStream:75 - [STDERR_REDIRECT] [Fatal Error] :1:1: Premature end of file.
2026-04-29 17:26:48,493 [ERROR] LogOutputStream:75 - [STDERR_REDIRECT] 
2026-04-29 17:26:49,496 [ERROR] LogOutputStream:75 - [STDERR_REDIRECT] [Fatal Error] :1:1: Premature end of file.
2026-04-29 17:26:49,497 [ERROR] LogOutputStream:75 - [STDERR_REDIRECT] 
2026-04-29 17:26:50,507 [ERROR] LogOutputStream:75 - [STDERR_REDIRECT] [Fatal Error] :1:1: Premature end of file.
2026-04-29 17:26:50,507 [ERROR] LogOutputStream:75 - [STDERR_REDIRECT] 
2026-04-29 17:26:51,514 [ERROR] LogOutputStream:75 - [STDERR_REDIRECT] [Fatal Error] :1:1: Premature end of file.
2026-04-29 17:26:51,514 [ERROR] LogOutputStream:75 - [STDERR_REDIRECT] 
2026-04-29 17:26:52,503 [ERROR] LogOutputStream:75 - [STDERR_REDIRECT] [Fatal Error] :1:1: Premature end of file.
2026-04-29 17:26:52,503 [ERROR] LogOutputStream:75 - [STDERR_REDIRECT] 
2026-04-29 17:26:53,503 [ERROR] LogOutputStream:75 - [STDERR_REDIRECT] [Fatal Error] :1:1: Premature end of file.
2026-04-29 17:26:53,504 [ERROR] LogOutputStream:75 - [STDERR_REDIRECT] 
2026-04-29 17:26:54,501 [ERROR] LogOutputStream:75 - [STDERR_REDIRECT] [Fatal Error] :1:1: Premature end of file.
2026-04-29 17:26:54,501 [ERROR] LogOutputStream:75 - [STDERR_REDIRECT] 
2026-04-29 17:26:55,492 [ERROR] LogOutputStream:75 - [STDERR_REDIRECT] [Fatal Error] :1:1: Premature end of file.
2026-04-29 17:26:55,492 [ERROR] LogOutputStream:75 - [STDERR_REDIRECT] 
2026-04-29 17:26:56,517 [ERROR] LogOutputStream:75 - [STDERR_REDIRECT] [Fatal Error] :1:1: Premature end of file.
2026-04-29 17:26:56,517 [ERROR] LogOutputStream:75 - [STDERR_REDIRECT] 
2026-04-29 17:26:57,507 [ERROR] LogOutputStream:75 - [STDERR_REDIRECT] [Fatal Error] :1:1: Premature end of file.
2026-04-29 17:26:57,507 [ERROR] LogOutputStream:75 - [STDERR_REDIRECT] 
2026-04-29 17:26:58,502 [ERROR] LogOutputStream:75 - [STDERR_REDIRECT] [Fatal Error] :1:1: Premature end of file.
2026-04-29 17:26:58,502 [ERROR] LogOutputStream:75 - [STDERR_REDIRECT] 
2026-04-29 17:26:59,509 [ERROR] LogOutputStream:75 - [STDERR_REDIRECT] [Fatal Error] :1:1: Premature end of file.
2026-04-29 17:26:59,509 [ERROR] LogOutputStream:75 - [STDERR_REDIRECT] 
2026-04-29 17:27:00,487 [ERROR] LogOutputStream:75 - [STDERR_REDIRECT] [Fatal Error] :1:1: Premature end of file.
2026-04-29 17:27:00,487 [ERROR] LogOutputStream:75 - [STDERR_REDIRECT] 
2026-04-29 17:27:01,488 [ERROR] LogOutputStream:75 - [STDERR_REDIRECT] [Fatal Error] :1:1: Premature end of file.
2026-04-29 17:27:01,488 [ERROR] LogOutputStream:75 - [STDERR_REDIRECT] 
2026-04-29 17:27:02,483 [ERROR] LogOutputStream:75 - [STDERR_REDIRECT] [Fatal Error] :1:1: Premature end of file.
2026-04-29 17:27:02,483 [ERROR] LogOutputStream:75 - [STDERR_REDIRECT] 
2026-04-29 17:27:03,499 [ERROR] LogOutputStream:75 - [STDERR_REDIRECT] [Fatal Error] :1:1: Premature end of file.
2026-04-29 17:27:03,499 [ERROR] LogOutputStream:75 - [STDERR_REDIRECT] 
2026-04-29 17:27:04,504 [ERROR] LogOutputStream:75 - [STDERR_REDIRECT] [Fatal Error] :1:1: Premature end of file.
2026-04-29 17:27:04,504 [ERROR] LogOutputStream:75 - [STDERR_REDIRECT] 
2026-04-29 17:27:05,492 [ERROR] LogOutputStream:75 - [STDERR_REDIRECT] [Fatal Error] :1:1: Premature end of file.
2026-04-29 17:27:05,493 [ERROR] LogOutputStream:75 - [STDERR_REDIRECT] 
2026-04-29 17:27:06,482 [ERROR] LogOutputStream:75 - [STDERR_REDIRECT] [Fatal Error] :1:1: Premature end of file.
2026-04-29 17:27:06,482 [ERROR] LogOutputStream:75 - [STDERR_REDIRECT] 
2026-04-29 17:27:07,507 [ERROR] LogOutputStream:75 - [STDERR_REDIRECT] [Fatal Error] :1:1: Premature end of file.
2026-04-29 17:27:07,507 [ERROR] LogOutputStream:75 - [STDERR_REDIRECT] 
2026-04-29 17:27:08,503 [ERROR] LogOutputStream:75 - [STDERR_REDIRECT] [Fatal Error] :1:1: Premature end of file.
2026-04-29 17:27:08,503 [ERROR] LogOutputStream:75 - [STDERR_REDIRECT] 
2026-04-29 17:27:09,492 [ERROR] LogOutputStream:75 - [STDERR_REDIRECT] [Fatal Error] :1:1: Premature end of file.
2026-04-29 17:27:09,492 [ERROR] LogOutputStream:75 - [STDERR_REDIRECT] 
2026-04-29 17:27:10,493 [ERROR] LogOutputStream:75 - [STDERR_REDIRECT] [Fatal Error] :1:1: Premature end of file.
2026-04-29 17:27:10,493 [ERROR] LogOutputStream:75 - [STDERR_REDIRECT] 
2026-04-29 17:27:11,492 [ERROR] LogOutputStream:75 - [STDERR_REDIRECT] [Fatal Error] :1:1: Premature end of file.
2026-04-29 17:27:11,492 [ERROR] LogOutputStream:75 - [STDERR_REDIRECT] 
2026-04-29 17:27:12,516 [ERROR] LogOutputStream:75 - [STDERR_REDIRECT] [Fatal Error] :1:1: Premature end of file.
2026-04-29 17:27:12,516 [ERROR] LogOutputStream:75 - [STDERR_REDIRECT] 
2026-04-29 17:27:13,493 [ERROR] LogOutputStream:75 - [STDERR_REDIRECT] [Fatal Error] :1:1: Premature end of file.
2026-04-29 17:27:13,494 [ERROR] LogOutputStream:75 - [STDERR_REDIRECT] 
2026-04-29 17:27:14,516 [ERROR] LogOutputStream:75 - [STDERR_REDIRECT] [Fatal Error] :1:1: Premature end of file.
2026-04-29 17:27:14,516 [ERROR] LogOutputStream:75 - [STDERR_REDIRECT] 
2026-04-29 17:27:15,503 [ERROR] LogOutputStream:75 - [STDERR_REDIRECT] [Fatal Error] :1:1: Premature end of file.
2026-04-29 17:27:15,503 [ERROR] LogOutputStream:75 - [STDERR_REDIRECT] 
2026-04-29 17:27:16,501 [ERROR] LogOutputStream:75 - [STDERR_REDIRECT] [Fatal Error] :1:1: Premature end of file.
2026-04-29 17:27:16,501 [ERROR] LogOutputStream:75 - [STDERR_REDIRECT] 
2026-04-29 17:27:17,495 [ERROR] LogOutputStream:75 - [STDERR_REDIRECT] [Fatal Error] :1:1: Premature end of file.
2026-04-29 17:27:17,495 [ERROR] LogOutputStream:75 - [STDERR_REDIRECT] 
2026-04-29 17:27:18,507 [ERROR] LogOutputStream:75 - [STDERR_REDIRECT] [Fatal Error] :1:1: Premature end of file.
2026-04-29 17:27:18,507 [ERROR] LogOutputStream:75 - [STDERR_REDIRECT] 
2026-04-29 17:27:19,505 [ERROR] LogOutputStream:75 - [STDERR_REDIRECT] [Fatal Error] :1:1: Premature end of file.
2026-04-29 17:27:19,505 [ERROR] LogOutputStream:75 - [STDERR_REDIRECT] 
2026-04-29 17:27:20,502 [ERROR] LogOutputStream:75 - [STDERR_REDIRECT] [Fatal Error] :1:1: Premature end of file.
2026-04-29 17:27:20,502 [ERROR] LogOutputStream:75 - [STDERR_REDIRECT] 
2026-04-29 17:27:21,497 [ERROR] LogOutputStream:75 - [STDERR_REDIRECT] [Fatal Error] :1:1: Premature end of file.
2026-04-29 17:27:21,497 [ERROR] LogOutputStream:75 - [STDERR_REDIRECT] 
2026-04-29 17:27:22,508 [ERROR] LogOutputStream:75 - [STDERR_REDIRECT] [Fatal Error] :1:1: Premature end of file.
2026-04-29 17:27:22,509 [ERROR] LogOutputStream:75 - [STDERR_REDIRECT] 
2026-04-29 17:27:23,503 [ERROR] LogOutputStream:75 - [STDERR_REDIRECT] [Fatal Error] :1:1: Premature end of file.
2026-04-29 17:27:23,503 [ERROR] LogOutputStream:75 - [STDERR_REDIRECT] 
2026-04-29 17:27:24,501 [ERROR] LogOutputStream:75 - [STDERR_REDIRECT] [Fatal Error] :1:1: Premature end of file.
2026-04-29 17:27:24,501 [ERROR] LogOutputStream:75 - [STDERR_REDIRECT] 
2026-04-29 17:27:25,501 [ERROR] LogOutputStream:75 - [STDERR_REDIRECT] [Fatal Error] :1:1: Premature end of file.
2026-04-29 17:27:25,502 [ERROR] LogOutputStream:75 - [STDERR_REDIRECT] 
2026-04-29 17:27:26,510 [ERROR] LogOutputStream:75 - [STDERR_REDIRECT] [Fatal Error] :1:1: Premature end of file.
2026-04-29 17:27:26,510 [ERROR] LogOutputStream:75 - [STDERR_REDIRECT] 
2026-04-29 17:27:27,506 [ERROR] LogOutputStream:75 - [STDERR_REDIRECT] [Fatal Error] :1:1: Premature end of file.
2026-04-29 17:27:27,506 [ERROR] LogOutputStream:75 - [STDERR_REDIRECT] 
2026-04-29 17:27:28,487 [ERROR] LogOutputStream:75 - [STDERR_REDIRECT] [Fatal Error] :1:1: Premature end of file.
2026-04-29 17:27:28,487 [ERROR] LogOutputStream:75 - [STDERR_REDIRECT] 
2026-04-29 17:27:29,487 [ERROR] LogOutputStream:75 - [STDERR_REDIRECT] [Fatal Error] :1:1: Premature end of file.
2026-04-29 17:27:29,487 [ERROR] LogOutputStream:75 - [STDERR_REDIRECT] 
2026-04-29 17:27:30,505 [ERROR] LogOutputStream:75 - [STDERR_REDIRECT] [Fatal Error] :1:1: Premature end of file.
2026-04-29 17:27:30,505 [ERROR] LogOutputStream:75 - [STDERR_REDIRECT] 
2026-04-29 17:27:31,506 [ERROR] LogOutputStream:75 - [STDERR_REDIRECT] [Fatal Error] :1:1: Premature end of file.
2026-04-29 17:27:31,506 [ERROR] LogOutputStream:75 - [STDERR_REDIRECT] 
2026-04-29 17:27:32,511 [ERROR] LogOutputStream:75 - [STDERR_REDIRECT] [Fatal Error] :1:1: Premature end of file.
2026-04-29 17:27:32,511 [ERROR] LogOutputStream:75 - [STDERR_REDIRECT] 
2026-04-29 17:27:33,513 [ERROR] LogOutputStream:75 - [STDERR_REDIRECT] [Fatal Error] :1:1: Premature end of file.
2026-04-29 17:27:33,513 [ERROR] LogOutputStream:75 - [STDERR_REDIRECT] 
2026-04-29 17:27:34,506 [ERROR] LogOutputStream:75 - [STDERR_REDIRECT] [Fatal Error] :1:1: Premature end of file.
2026-04-29 17:27:34,506 [ERROR] LogOutputStream:75 - [STDERR_REDIRECT] 
2026-04-29 17:27:35,509 [ERROR] LogOutputStream:75 - [STDERR_REDIRECT] [Fatal Error] :1:1: Premature end of file.
2026-04-29 17:27:35,509 [ERROR] LogOutputStream:75 - [STDERR_REDIRECT] 
2026-04-29 17:27:36,503 [ERROR] LogOutputStream:75 - [STDERR_REDIRECT] [Fatal Error] :1:1: Premature end of file.
2026-04-29 17:27:36,516 [ERROR] LogOutputStream:75 - [STDERR_REDIRECT] 
2026-04-29 17:27:37,498 [ERROR] LogOutputStream:75 - [STDERR_REDIRECT] [Fatal Error] :1:1: Premature end of file.
2026-04-29 17:27:37,498 [ERROR] LogOutputStream:75 - [STDERR_REDIRECT] 
2026-04-29 17:27:38,518 [ERROR] LogOutputStream:75 - [STDERR_REDIRECT] [Fatal Error] :1:1: Premature end of file.
2026-04-29 17:27:38,518 [ERROR] LogOutputStream:75 - [STDERR_REDIRECT] 
2026-04-29 17:27:39,513 [ERROR] LogOutputStream:75 - [STDERR_REDIRECT] [Fatal Error] :1:1: Premature end of file.
2026-04-29 17:27:39,513 [ERROR] LogOutputStream:75 - [STDERR_REDIRECT] 
2026-04-29 17:27:40,504 [ERROR] LogOutputStream:75 - [STDERR_REDIRECT] [Fatal Error] :1:1: Premature end of file.
2026-04-29 17:27:40,504 [ERROR] LogOutputStream:75 - [STDERR_REDIRECT] 
2026-04-29 17:27:41,485 [ERROR] LogOutputStream:75 - [STDERR_REDIRECT] [Fatal Error] :1:1: Premature end of file.
2026-04-29 17:27:41,485 [ERROR] LogOutputStream:75 - [STDERR_REDIRECT] 
2026-04-29 17:27:42,515 [ERROR] LogOutputStream:75 - [STDERR_REDIRECT] [Fatal Error] :1:1: Premature end of file.
2026-04-29 17:27:42,515 [ERROR] LogOutputStream:75 - [STDERR_REDIRECT] 
2026-04-29 17:27:43,506 [ERROR] LogOutputStream:75 - [STDERR_REDIRECT] [Fatal Error] :1:1: Premature end of file.
2026-04-29 17:27:43,506 [ERROR] LogOutputStream:75 - [STDERR_REDIRECT] 
2026-04-29 17:27:44,513 [ERROR] LogOutputStream:75 - [STDERR_REDIRECT] [Fatal Error] :1:1: Premature end of file.
2026-04-29 17:27:44,513 [ERROR] LogOutputStream:75 - [STDERR_REDIRECT] 
2026-04-29 17:27:45,510 [ERROR] LogOutputStream:75 - [STDERR_REDIRECT] [Fatal Error] :1:1: Premature end of file.
2026-04-29 17:27:45,510 [ERROR] LogOutputStream:75 - [STDERR_REDIRECT] 
2026-04-29 17:27:46,506 [ERROR] LogOutputStream:75 - [STDERR_REDIRECT] [Fatal Error] :1:1: Premature end of file.
2026-04-29 17:27:46,506 [ERROR] LogOutputStream:75 - [STDERR_REDIRECT] 
2026-04-29 17:27:47,516 [ERROR] LogOutputStream:75 - [STDERR_REDIRECT] [Fatal Error] :1:1: Premature end of file.
2026-04-29 17:27:47,516 [ERROR] LogOutputStream:75 - [STDERR_REDIRECT] 
2026-04-29 17:27:48,509 [ERROR] LogOutputStream:75 - [STDERR_REDIRECT] [Fatal Error] :1:1: Premature end of file.
2026-04-29 17:27:48,509 [ERROR] LogOutputStream:75 - [STDERR_REDIRECT] 
2026-04-29 17:27:49,509 [ERROR] LogOutputStream:75 - [STDERR_REDIRECT] [Fatal Error] :1:1: Premature end of file.
2026-04-29 17:27:49,509 [ERROR] LogOutputStream:75 - [STDERR_REDIRECT] 
2026-04-29 17:27:50,513 [ERROR] LogOutputStream:75 - [STDERR_REDIRECT] [Fatal Error] :1:1: Premature end of file.
2026-04-29 17:27:50,513 [ERROR] LogOutputStream:75 - [STDERR_REDIRECT] 
2026-04-29 17:27:51,505 [ERROR] LogOutputStream:75 - [STDERR_REDIRECT] [Fatal Error] :1:1: Premature end of file.
2026-04-29 17:27:51,516 [ERROR] LogOutputStream:75 - [STDERR_REDIRECT] 
2026-04-29 17:27:52,509 [ERROR] LogOutputStream:75 - [STDERR_REDIRECT] [Fatal Error] :1:1: Premature end of file.
2026-04-29 17:27:52,509 [ERROR] LogOutputStream:75 - [STDERR_REDIRECT] 
2026-04-29 17:27:53,508 [ERROR] LogOutputStream:75 - [STDERR_REDIRECT] [Fatal Error] :1:1: Premature end of file.
2026-04-29 17:27:53,509 [ERROR] LogOutputStream:75 - [STDERR_REDIRECT] 
2026-04-29 17:27:54,504 [ERROR] LogOutputStream:75 - [STDERR_REDIRECT] [Fatal Error] :1:1: Premature end of file.
2026-04-29 17:27:54,504 [ERROR] LogOutputStream:75 - [STDERR_REDIRECT] 
2026-04-29 17:27:55,517 [ERROR] LogOutputStream:75 - [STDERR_REDIRECT] [Fatal Error] :1:1: Premature end of file.
2026-04-29 17:27:55,518 [ERROR] LogOutputStream:75 - [STDERR_REDIRECT] 
2026-04-29 17:27:56,507 [ERROR] LogOutputStream:75 - [STDERR_REDIRECT] [Fatal Error] :1:1: Premature end of file.
2026-04-29 17:27:56,507 [ERROR] LogOutputStream:75 - [STDERR_REDIRECT] 
2026-04-29 17:27:57,509 [ERROR] LogOutputStream:75 - [STDERR_REDIRECT] [Fatal Error] :1:1: Premature end of file.
2026-04-29 17:27:57,509 [ERROR] LogOutputStream:75 - [STDERR_REDIRECT] 
2026-04-29 17:27:58,498 [ERROR] LogOutputStream:75 - [STDERR_REDIRECT] [Fatal Error] :1:1: Premature end of file.
2026-04-29 17:27:58,498 [ERROR] LogOutputStream:75 - [STDERR_REDIRECT] 
2026-04-29 17:27:59,515 [ERROR] LogOutputStream:75 - [STDERR_REDIRECT] [Fatal Error] :1:1: Premature end of file.
2026-04-29 17:27:59,516 [ERROR] LogOutputStream:75 - [STDERR_REDIRECT] 
2026-04-29 17:28:00,497 [ERROR] LogOutputStream:75 - [STDERR_REDIRECT] [Fatal Error] :1:1: Premature end of file.
2026-04-29 17:28:00,497 [ERROR] LogOutputStream:75 - [STDERR_REDIRECT] 
2026-04-29 17:28:01,505 [ERROR] LogOutputStream:75 - [STDERR_REDIRECT] [Fatal Error] :1:1: Premature end of file.
2026-04-29 17:28:01,506 [ERROR] LogOutputStream:75 - [STDERR_REDIRECT] 
2026-04-29 17:28:02,495 [ERROR] LogOutputStream:75 - [STDERR_REDIRECT] [Fatal Error] :1:1: Premature end of file.
2026-04-29 17:28:02,496 [ERROR] LogOutputStream:75 - [STDERR_REDIRECT] 
2026-04-29 17:28:03,504 [ERROR] LogOutputStream:75 - [STDERR_REDIRECT] [Fatal Error] :1:1: Premature end of file.
2026-04-29 17:28:03,504 [ERROR] LogOutputStream:75 - [STDERR_REDIRECT] 
2026-04-29 17:28:04,513 [ERROR] LogOutputStream:75 - [STDERR_REDIRECT] [Fatal Error] :1:1: Premature end of file.
2026-04-29 17:28:04,513 [ERROR] LogOutputStream:75 - [STDERR_REDIRECT] 
2026-04-29 17:28:05,504 [ERROR] LogOutputStream:75 - [STDERR_REDIRECT] [Fatal Error] :1:1: Premature end of file.
2026-04-29 17:28:05,504 [ERROR] LogOutputStream:75 - [STDERR_REDIRECT] 
2026-04-29 17:28:06,517 [ERROR] LogOutputStream:75 - [STDERR_REDIRECT] [Fatal Error] :1:1: Premature end of file.
2026-04-29 17:28:06,517 [ERROR] LogOutputStream:75 - [STDERR_REDIRECT] 
2026-04-29 17:28:07,509 [ERROR] LogOutputStream:75 - [STDERR_REDIRECT] [Fatal Error] :1:1: Premature end of file.
2026-04-29 17:28:07,510 [ERROR] LogOutputStream:75 - [STDERR_REDIRECT] 
2026-04-29 17:28:08,511 [ERROR] LogOutputStream:75 - [STDERR_REDIRECT] [Fatal Error] :1:1: Premature end of file.
2026-04-29 17:28:08,511 [ERROR] LogOutputStream:75 - [STDERR_REDIRECT] 
2026-04-29 17:28:09,515 [ERROR] LogOutputStream:75 - [STDERR_REDIRECT] [Fatal Error] :1:1: Premature end of file.
2026-04-29 17:28:09,516 [ERROR] LogOutputStream:75 - [STDERR_REDIRECT] 
2026-04-29 17:28:10,511 [ERROR] LogOutputStream:75 - [STDERR_REDIRECT] [Fatal Error] :1:1: Premature end of file.
2026-04-29 17:28:10,512 [ERROR] LogOutputStream:75 - [STDERR_REDIRECT] 
2026-04-29 17:28:11,516 [ERROR] LogOutputStream:75 - [STDERR_REDIRECT] [Fatal Error] :1:1: Premature end of file.
2026-04-29 17:28:11,516 [ERROR] LogOutputStream:75 - [STDERR_REDIRECT] 
2026-04-29 17:28:12,485 [ERROR] LogOutputStream:75 - [STDERR_REDIRECT] [Fatal Error] :1:1: Premature end of file.
2026-04-29 17:28:12,485 [ERROR] LogOutputStream:75 - [STDERR_REDIRECT] 
2026-04-29 17:28:13,510 [ERROR] LogOutputStream:75 - [STDERR_REDIRECT] [Fatal Error] :1:1: Premature end of file.
2026-04-29 17:28:13,510 [ERROR] LogOutputStream:75 - [STDERR_REDIRECT] 
2026-04-29 17:28:14,510 [ERROR] LogOutputStream:75 - [STDERR_REDIRECT] [Fatal Error] :1:1: Premature end of file.
2026-04-29 17:28:14,510 [ERROR] LogOutputStream:75 - [STDERR_REDIRECT] 
2026-04-29 17:28:15,508 [ERROR] LogOutputStream:75 - [STDERR_REDIRECT] [Fatal Error] :1:1: Premature end of file.
2026-04-29 17:28:15,508 [ERROR] LogOutputStream:75 - [STDERR_REDIRECT] 
2026-04-29 17:28:16,502 [ERROR] LogOutputStream:75 - [STDERR_REDIRECT] [Fatal Error] :1:1: Premature end of file.
2026-04-29 17:28:16,502 [ERROR] LogOutputStream:75 - [STDERR_REDIRECT] 
2026-04-29 17:28:17,514 [ERROR] LogOutputStream:75 - [STDERR_REDIRECT] [Fatal Error] :1:1: Premature end of file.
2026-04-29 17:28:17,514 [ERROR] LogOutputStream:75 - [STDERR_REDIRECT] 
2026-04-29 17:28:18,511 [ERROR] LogOutputStream:75 - [STDERR_REDIRECT] [Fatal Error] :1:1: Premature end of file.
2026-04-29 17:28:18,511 [ERROR] LogOutputStream:75 - [STDERR_REDIRECT] 
2026-04-29 17:28:19,511 [ERROR] LogOutputStream:75 - [STDERR_REDIRECT] [Fatal Error] :1:1: Premature end of file.
2026-04-29 17:28:19,511 [ERROR] LogOutputStream:75 - [STDERR_REDIRECT] 
2026-04-29 17:28:20,516 [ERROR] LogOutputStream:75 - [STDERR_REDIRECT] [Fatal Error] :1:1: Premature end of file.
2026-04-29 17:28:20,516 [ERROR] LogOutputStream:75 - [STDERR_REDIRECT] 
2026-04-29 17:28:21,508 [ERROR] LogOutputStream:75 - [STDERR_REDIRECT] [Fatal Error] :1:1: Premature end of file.
2026-04-29 17:28:21,508 [ERROR] LogOutputStream:75 - [STDERR_REDIRECT] 
2026-04-29 17:28:22,511 [ERROR] LogOutputStream:75 - [STDERR_REDIRECT] [Fatal Error] :1:1: Premature end of file.
2026-04-29 17:28:22,511 [ERROR] LogOutputStream:75 - [STDERR_REDIRECT] 
2026-04-29 17:28:23,511 [ERROR] LogOutputStream:75 - [STDERR_REDIRECT] [Fatal Error] :1:1: Premature end of file.
2026-04-29 17:28:23,511 [ERROR] LogOutputStream:75 - [STDERR_REDIRECT] 
2026-04-29 17:28:24,512 [ERROR] LogOutputStream:75 - [STDERR_REDIRECT] [Fatal Error] :1:1: Premature end of file.
2026-04-29 17:28:24,512 [ERROR] LogOutputStream:75 - [STDERR_REDIRECT] 
2026-04-29 17:28:25,503 [ERROR] LogOutputStream:75 - [STDERR_REDIRECT] [Fatal Error] :1:1: Premature end of file.
2026-04-29 17:28:25,503 [ERROR] LogOutputStream:75 - [STDERR_REDIRECT] 
2026-04-29 17:28:26,514 [ERROR] LogOutputStream:75 - [STDERR_REDIRECT] [Fatal Error] :1:1: Premature end of file.
2026-04-29 17:28:26,514 [ERROR] LogOutputStream:75 - [STDERR_REDIRECT] 
2026-04-29 17:28:27,503 [ERROR] LogOutputStream:75 - [STDERR_REDIRECT] [Fatal Error] :1:1: Premature end of file.
2026-04-29 17:28:27,504 [ERROR] LogOutputStream:75 - [STDERR_REDIRECT] 
2026-04-29 17:28:28,511 [ERROR] LogOutputStream:75 - [STDERR_REDIRECT] [Fatal Error] :1:1: Premature end of file.
2026-04-29 17:28:28,511 [ERROR] LogOutputStream:75 - [STDERR_REDIRECT] 
2026-04-29 17:28:29,512 [ERROR] LogOutputStream:75 - [STDERR_REDIRECT] [Fatal Error] :1:1: Premature end of file.
2026-04-29 17:28:29,512 [ERROR] LogOutputStream:75 - [STDERR_REDIRECT] 
2026-04-29 17:28:30,504 [ERROR] LogOutputStream:75 - [STDERR_REDIRECT] [Fatal Error] :1:1: Premature end of file.
2026-04-29 17:28:30,506 [ERROR] LogOutputStream:75 - [STDERR_REDIRECT] 
2026-04-29 17:28:31,509 [ERROR] LogOutputStream:75 - [STDERR_REDIRECT] [Fatal Error] :1:1: Premature end of file.
2026-04-29 17:28:31,509 [ERROR] LogOutputStream:75 - [STDERR_REDIRECT] 
2026-04-29 17:28:32,507 [ERROR] LogOutputStream:75 - [STDERR_REDIRECT] [Fatal Error] :1:1: Premature end of file.
2026-04-29 17:28:32,508 [ERROR] LogOutputStream:75 - [STDERR_REDIRECT] 
2026-04-29 17:28:33,522 [ERROR] LogOutputStream:75 - [STDERR_REDIRECT] [Fatal Error] :1:1: Premature end of file.
2026-04-29 17:28:33,522 [ERROR] LogOutputStream:75 - [STDERR_REDIRECT] 
2026-04-29 17:28:34,510 [ERROR] LogOutputStream:75 - [STDERR_REDIRECT] [Fatal Error] :1:1: Premature end of file.
2026-04-29 17:28:34,510 [ERROR] LogOutputStream:75 - [STDERR_REDIRECT] 
2026-04-29 17:28:35,510 [ERROR] LogOutputStream:75 - [STDERR_REDIRECT] [Fatal Error] :1:1: Premature end of file.
2026-04-29 17:28:35,510 [ERROR] LogOutputStream:75 - [STDERR_REDIRECT] 
2026-04-29 17:28:36,521 [ERROR] LogOutputStream:75 - [STDERR_REDIRECT] [Fatal Error] :1:1: Premature end of file.
2026-04-29 17:28:36,521 [ERROR] LogOutputStream:75 - [STDERR_REDIRECT] 
2026-04-29 17:28:37,525 [ERROR] LogOutputStream:75 - [STDERR_REDIRECT] [Fatal Error] :1:1: Premature end of file.
2026-04-29 17:28:37,526 [ERROR] LogOutputStream:75 - [STDERR_REDIRECT] 
2026-04-29 17:28:38,508 [ERROR] LogOutputStream:75 - [STDERR_REDIRECT] [Fatal Error] :1:1: Premature end of file.
2026-04-29 17:28:38,508 [ERROR] LogOutputStream:75 - [STDERR_REDIRECT] 
2026-04-29 17:28:39,513 [ERROR] LogOutputStream:75 - [STDERR_REDIRECT] [Fatal Error] :1:1: Premature end of file.
2026-04-29 17:28:39,514 [ERROR] LogOutputStream:75 - [STDERR_REDIRECT] 
2026-04-29 17:28:40,522 [ERROR] LogOutputStream:75 - [STDERR_REDIRECT] [Fatal Error] :1:1: Premature end of file.
2026-04-29 17:28:40,522 [ERROR] LogOutputStream:75 - [STDERR_REDIRECT] 
2026-04-29 17:28:41,534 [ERROR] LogOutputStream:75 - [STDERR_REDIRECT] [Fatal Error] :1:1: Premature end of file.
2026-04-29 17:28:41,538 [ERROR] LogOutputStream:75 - [STDERR_REDIRECT] 
2026-04-29 17:28:42,510 [ERROR] LogOutputStream:75 - [STDERR_REDIRECT] [Fatal Error] :1:1: Premature end of file.
2026-04-29 17:28:42,510 [ERROR] LogOutputStream:75 - [STDERR_REDIRECT] 
2026-04-29 17:28:43,521 [ERROR] LogOutputStream:75 - [STDERR_REDIRECT] [Fatal Error] :1:1: Premature end of file.
2026-04-29 17:28:43,521 [ERROR] LogOutputStream:75 - [STDERR_REDIRECT] 
2026-04-29 17:28:44,516 [ERROR] LogOutputStream:75 - [STDERR_REDIRECT] [Fatal Error] :1:1: Premature end of file.
2026-04-29 17:28:44,516 [ERROR] LogOutputStream:75 - [STDERR_REDIRECT] 
2026-04-29 17:28:45,508 [ERROR] LogOutputStream:75 - [STDERR_REDIRECT] [Fatal Error] :1:1: Premature end of file.
2026-04-29 17:28:45,508 [ERROR] LogOutputStream:75 - [STDERR_REDIRECT] 
2026-04-29 17:28:46,520 [ERROR] LogOutputStream:75 - [STDERR_REDIRECT] [Fatal Error] :1:1: Premature end of file.
2026-04-29 17:28:46,520 [ERROR] LogOutputStream:75 - [STDERR_REDIRECT] 
2026-04-29 17:28:47,523 [ERROR] LogOutputStream:75 - [STDERR_REDIRECT] [Fatal Error] :1:1: Premature end of file.
2026-04-29 17:28:47,525 [ERROR] LogOutputStream:75 - [STDERR_REDIRECT] 
2026-04-29 17:28:48,518 [ERROR] LogOutputStream:75 - [STDERR_REDIRECT] [Fatal Error] :1:1: Premature end of file.
2026-04-29 17:28:48,518 [ERROR] LogOutputStream:75 - [STDERR_REDIRECT] 
2026-04-29 17:28:49,522 [ERROR] LogOutputStream:75 - [STDERR_REDIRECT] [Fatal Error] :1:1: Premature end of file.
2026-04-29 17:28:49,522 [ERROR] LogOutputStream:75 - [STDERR_REDIRECT] 
2026-04-29 17:28:50,523 [ERROR] LogOutputStream:75 - [STDERR_REDIRECT] [Fatal Error] :1:1: Premature end of file.
2026-04-29 17:28:50,523 [ERROR] LogOutputStream:75 - [STDERR_REDIRECT] 
2026-04-29 17:28:51,528 [ERROR] LogOutputStream:75 - [STDERR_REDIRECT] [Fatal Error] :1:1: Premature end of file.
2026-04-29 17:28:51,528 [ERROR] LogOutputStream:75 - [STDERR_REDIRECT] 
2026-04-29 17:28:52,516 [ERROR] LogOutputStream:75 - [STDERR_REDIRECT] [Fatal Error] :1:1: Premature end of file.
2026-04-29 17:28:52,516 [ERROR] LogOutputStream:75 - [STDERR_REDIRECT] 
2026-04-29 17:28:53,528 [ERROR] LogOutputStream:75 - [STDERR_REDIRECT] [Fatal Error] :1:1: Premature end of file.
2026-04-29 17:28:53,528 [ERROR] LogOutputStream:75 - [STDERR_REDIRECT] 
2026-04-29 17:28:54,523 [ERROR] LogOutputStream:75 - [STDERR_REDIRECT] [Fatal Error] :1:1: Premature end of file.
2026-04-29 17:28:54,523 [ERROR] LogOutputStream:75 - [STDERR_REDIRECT] 
2026-04-29 17:28:55,516 [ERROR] LogOutputStream:75 - [STDERR_REDIRECT] [Fatal Error] :1:1: Premature end of file.
2026-04-29 17:28:55,516 [ERROR] LogOutputStream:75 - [STDERR_REDIRECT] 
2026-04-29 17:28:56,517 [ERROR] LogOutputStream:75 - [STDERR_REDIRECT] [Fatal Error] :1:1: Premature end of file.
2026-04-29 17:28:56,517 [ERROR] LogOutputStream:75 - [STDERR_REDIRECT] 
2026-04-29 17:28:57,514 [ERROR] LogOutputStream:75 - [STDERR_REDIRECT] [Fatal Error] :1:1: Premature end of file.
2026-04-29 17:28:57,514 [ERROR] LogOutputStream:75 - [STDERR_REDIRECT] 
2026-04-29 17:28:58,515 [ERROR] LogOutputStream:75 - [STDERR_REDIRECT] [Fatal Error] :1:1: Premature end of file.
2026-04-29 17:28:58,515 [ERROR] LogOutputStream:75 - [STDERR_REDIRECT] 
2026-04-29 17:28:59,517 [ERROR] LogOutputStream:75 - [STDERR_REDIRECT] [Fatal Error] :1:1: Premature end of file.
2026-04-29 17:28:59,517 [ERROR] LogOutputStream:75 - [STDERR_REDIRECT] 
2026-04-29 17:29:00,530 [ERROR] LogOutputStream:75 - [STDERR_REDIRECT] [Fatal Error] :1:1: Premature end of file.
2026-04-29 17:29:00,537 [ERROR] LogOutputStream:75 - [STDERR_REDIRECT] 
2026-04-29 17:29:01,530 [ERROR] LogOutputStream:75 - [STDERR_REDIRECT] [Fatal Error] :1:1: Premature end of file.
2026-04-29 17:29:01,530 [ERROR] LogOutputStream:75 - [STDERR_REDIRECT] 
2026-04-29 17:29:02,519 [ERROR] LogOutputStream:75 - [STDERR_REDIRECT] [Fatal Error] :1:1: Premature end of file.
2026-04-29 17:29:02,519 [ERROR] LogOutputStream:75 - [STDERR_REDIRECT] 
2026-04-29 17:29:03,517 [ERROR] LogOutputStream:75 - [STDERR_REDIRECT] [Fatal Error] :1:1: Premature end of file.
2026-04-29 17:29:03,517 [ERROR] LogOutputStream:75 - [STDERR_REDIRECT] 
2026-04-29 17:29:04,516 [ERROR] LogOutputStream:75 - [STDERR_REDIRECT] [Fatal Error] :1:1: Premature end of file.
2026-04-29 17:29:04,516 [ERROR] LogOutputStream:75 - [STDERR_REDIRECT] 
2026-04-29 17:29:05,525 [ERROR] LogOutputStream:75 - [STDERR_REDIRECT] [Fatal Error] :1:1: Premature end of file.
2026-04-29 17:29:05,525 [ERROR] LogOutputStream:75 - [STDERR_REDIRECT] 
2026-04-29 17:29:06,513 [ERROR] LogOutputStream:75 - [STDERR_REDIRECT] [Fatal Error] :1:1: Premature end of file.
2026-04-29 17:29:06,513 [ERROR] LogOutputStream:75 - [STDERR_REDIRECT] 
2026-04-29 17:29:07,507 [ERROR] LogOutputStream:75 - [STDERR_REDIRECT] [Fatal Error] :1:1: Premature end of file.
2026-04-29 17:29:07,507 [ERROR] LogOutputStream:75 - [STDERR_REDIRECT] 
2026-04-29 17:29:08,520 [ERROR] LogOutputStream:75 - [STDERR_REDIRECT] [Fatal Error] :1:1: Premature end of file.
2026-04-29 17:29:08,520 [ERROR] LogOutputStream:75 - [STDERR_REDIRECT] 
2026-04-29 17:29:09,516 [ERROR] LogOutputStream:75 - [STDERR_REDIRECT] [Fatal Error] :1:1: Premature end of file.
2026-04-29 17:29:09,517 [ERROR] LogOutputStream:75 - [STDERR_REDIRECT] 
2026-04-29 17:29:10,501 [ERROR] LogOutputStream:75 - [STDERR_REDIRECT] [Fatal Error] :1:1: Premature end of file.
2026-04-29 17:29:10,501 [ERROR] LogOutputStream:75 - [STDERR_REDIRECT] 
2026-04-29 17:29:11,504 [ERROR] LogOutputStream:75 - [STDERR_REDIRECT] [Fatal Error] :1:1: Premature end of file.
2026-04-29 17:29:11,504 [ERROR] LogOutputStream:75 - [STDERR_REDIRECT] 
2026-04-29 17:29:12,530 [ERROR] LogOutputStream:75 - [STDERR_REDIRECT] [Fatal Error] :1:1: Premature end of file.
2026-04-29 17:29:12,530 [ERROR] LogOutputStream:75 - [STDERR_REDIRECT] 
2026-04-29 17:29:13,519 [ERROR] LogOutputStream:75 - [STDERR_REDIRECT] [Fatal Error] :1:1: Premature end of file.
2026-04-29 17:29:13,520 [ERROR] LogOutputStream:75 - [STDERR_REDIRECT] 
2026-04-29 17:29:14,523 [ERROR] LogOutputStream:75 - [STDERR_REDIRECT] [Fatal Error] :1:1: Premature end of file.
2026-04-29 17:29:14,523 [ERROR] LogOutputStream:75 - [STDERR_REDIRECT] 
2026-04-29 17:29:15,521 [ERROR] LogOutputStream:75 - [STDERR_REDIRECT] [Fatal Error] :1:1: Premature end of file.
2026-04-29 17:29:15,521 [ERROR] LogOutputStream:75 - [STDERR_REDIRECT] 
2026-04-29 17:29:16,512 [ERROR] LogOutputStream:75 - [STDERR_REDIRECT] [Fatal Error] :1:1: Premature end of file.
2026-04-29 17:29:16,512 [ERROR] LogOutputStream:75 - [STDERR_REDIRECT] 
2026-04-29 17:29:17,519 [ERROR] LogOutputStream:75 - [STDERR_REDIRECT] [Fatal Error] :1:1: Premature end of file.
2026-04-29 17:29:17,519 [ERROR] LogOutputStream:75 - [STDERR_REDIRECT] 
2026-04-29 17:29:18,514 [ERROR] LogOutputStream:75 - [STDERR_REDIRECT] [Fatal Error] :1:1: Premature end of file.
2026-04-29 17:29:18,514 [ERROR] LogOutputStream:75 - [STDERR_REDIRECT] 
2026-04-29 17:29:19,521 [ERROR] LogOutputStream:75 - [STDERR_REDIRECT] [Fatal Error] :1:1: Premature end of file.
2026-04-29 17:29:19,521 [ERROR] LogOutputStream:75 - [STDERR_REDIRECT] 
2026-04-29 17:29:20,525 [ERROR] LogOutputStream:75 - [STDERR_REDIRECT] [Fatal Error] :1:1: Premature end of file.
2026-04-29 17:29:20,525 [ERROR] LogOutputStream:75 - [STDERR_REDIRECT] 
2026-04-29 17:29:21,522 [ERROR] LogOutputStream:75 - [STDERR_REDIRECT] [Fatal Error] :1:1: Premature end of file.
2026-04-29 17:29:21,522 [ERROR] LogOutputStream:75 - [STDERR_REDIRECT] 
2026-04-29 17:29:22,509 [ERROR] LogOutputStream:75 - [STDERR_REDIRECT] [Fatal Error] :1:1: Premature end of file.
2026-04-29 17:29:22,509 [ERROR] LogOutputStream:75 - [STDERR_REDIRECT] 
2026-04-29 17:29:23,513 [ERROR] LogOutputStream:75 - [STDERR_REDIRECT] [Fatal Error] :1:1: Premature end of file.
2026-04-29 17:29:23,513 [ERROR] LogOutputStream:75 - [STDERR_REDIRECT] 
2026-04-29 17:29:24,516 [ERROR] LogOutputStream:75 - [STDERR_REDIRECT] [Fatal Error] :1:1: Premature end of file.
2026-04-29 17:29:24,516 [ERROR] LogOutputStream:75 - [STDERR_REDIRECT] 
2026-04-29 17:29:25,528 [ERROR] LogOutputStream:75 - [STDERR_REDIRECT] [Fatal Error] :1:1: Premature end of file.
2026-04-29 17:29:25,528 [ERROR] LogOutputStream:75 - [STDERR_REDIRECT] 
2026-04-29 17:29:26,516 [ERROR] LogOutputStream:75 - [STDERR_REDIRECT] [Fatal Error] :1:1: Premature end of file.
2026-04-29 17:29:26,516 [ERROR] LogOutputStream:75 - [STDERR_REDIRECT] 
2026-04-29 17:29:27,510 [ERROR] LogOutputStream:75 - [STDERR_REDIRECT] [Fatal Error] :1:1: Premature end of file.
2026-04-29 17:29:27,510 [ERROR] LogOutputStream:75 - [STDERR_REDIRECT] 
2026-04-29 17:29:28,510 [ERROR] LogOutputStream:75 - [STDERR_REDIRECT] [Fatal Error] :1:1: Premature end of file.
2026-04-29 17:29:28,510 [ERROR] LogOutputStream:75 - [STDERR_REDIRECT] 
2026-04-29 17:29:29,491 [ERROR] LogOutputStream:75 - [STDERR_REDIRECT] [Fatal Error] :1:1: Premature end of file.
2026-04-29 17:29:29,491 [ERROR] LogOutputStream:75 - [STDERR_REDIRECT] 
2026-04-29 17:29:30,507 [ERROR] LogOutputStream:75 - [STDERR_REDIRECT] [Fatal Error] :1:1: Premature end of file.
2026-04-29 17:29:30,507 [ERROR] LogOutputStream:75 - [STDERR_REDIRECT] 
2026-04-29 17:29:31,503 [ERROR] LogOutputStream:75 - [STDERR_REDIRECT] [Fatal Error] :1:1: Premature end of file.
2026-04-29 17:29:31,503 [ERROR] LogOutputStream:75 - [STDERR_REDIRECT] 
2026-04-29 17:29:32,508 [ERROR] LogOutputStream:75 - [STDERR_REDIRECT] [Fatal Error] :1:1: Premature end of file.
2026-04-29 17:29:32,509 [ERROR] LogOutputStream:75 - [STDERR_REDIRECT] 
2026-04-29 17:29:33,512 [ERROR] LogOutputStream:75 - [STDERR_REDIRECT] [Fatal Error] :1:1: Premature end of file.
2026-04-29 17:29:33,512 [ERROR] LogOutputStream:75 - [STDERR_REDIRECT] 
2026-04-29 17:29:34,506 [ERROR] LogOutputStream:75 - [STDERR_REDIRECT] [Fatal Error] :1:1: Premature end of file.
2026-04-29 17:29:34,506 [ERROR] LogOutputStream:75 - [STDERR_REDIRECT] 
2026-04-29 17:29:35,511 [ERROR] LogOutputStream:75 - [STDERR_REDIRECT] [Fatal Error] :1:1: Premature end of file.
2026-04-29 17:29:35,511 [ERROR] LogOutputStream:75 - [STDERR_REDIRECT] 
2026-04-29 17:29:36,507 [ERROR] LogOutputStream:75 - [STDERR_REDIRECT] [Fatal Error] :1:1: Premature end of file.
2026-04-29 17:29:36,507 [ERROR] LogOutputStream:75 - [STDERR_REDIRECT] 
2026-04-29 17:29:37,512 [ERROR] LogOutputStream:75 - [STDERR_REDIRECT] [Fatal Error] :1:1: Premature end of file.
2026-04-29 17:29:37,512 [ERROR] LogOutputStream:75 - [STDERR_REDIRECT] 
2026-04-29 17:29:38,512 [ERROR] LogOutputStream:75 - [STDERR_REDIRECT] [Fatal Error] :1:1: Premature end of file.
2026-04-29 17:29:38,512 [ERROR] LogOutputStream:75 - [STDERR_REDIRECT] 
2026-04-29 17:29:39,508 [ERROR] LogOutputStream:75 - [STDERR_REDIRECT] [Fatal Error] :1:1: Premature end of file.
2026-04-29 17:29:39,508 [ERROR] LogOutputStream:75 - [STDERR_REDIRECT] 
2026-04-29 17:29:40,519 [ERROR] LogOutputStream:75 - [STDERR_REDIRECT] [Fatal Error] :1:1: Premature end of file.
2026-04-29 17:29:40,519 [ERROR] LogOutputStream:75 - [STDERR_REDIRECT] 
2026-04-29 17:29:41,507 [ERROR] LogOutputStream:75 - [STDERR_REDIRECT] [Fatal Error] :1:1: Premature end of file.
2026-04-29 17:29:41,507 [ERROR] LogOutputStream:75 - [STDERR_REDIRECT] 
2026-04-29 17:29:42,509 [ERROR] LogOutputStream:75 - [STDERR_REDIRECT] [Fatal Error] :1:1: Premature end of file.
2026-04-29 17:29:42,509 [ERROR] LogOutputStream:75 - [STDERR_REDIRECT] 
2026-04-29 17:29:43,505 [ERROR] LogOutputStream:75 - [STDERR_REDIRECT] [Fatal Error] :1:1: Premature end of file.
2026-04-29 17:29:43,505 [ERROR] LogOutputStream:75 - [STDERR_REDIRECT] 
2026-04-29 17:29:44,511 [ERROR] LogOutputStream:75 - [STDERR_REDIRECT] [Fatal Error] :1:1: Premature end of file.
2026-04-29 17:29:44,512 [ERROR] LogOutputStream:75 - [STDERR_REDIRECT] 
2026-04-29 17:29:45,506 [ERROR] LogOutputStream:75 - [STDERR_REDIRECT] [Fatal Error] :1:1: Premature end of file.
2026-04-29 17:29:45,506 [ERROR] LogOutputStream:75 - [STDERR_REDIRECT] 
2026-04-29 17:29:46,506 [ERROR] LogOutputStream:75 - [STDERR_REDIRECT] [Fatal Error] :1:1: Premature end of file.
2026-04-29 17:29:46,506 [ERROR] LogOutputStream:75 - [STDERR_REDIRECT] 
2026-04-29 17:29:47,515 [ERROR] LogOutputStream:75 - [STDERR_REDIRECT] [Fatal Error] :1:1: Premature end of file.
2026-04-29 17:29:47,515 [ERROR] LogOutputStream:75 - [STDERR_REDIRECT] 
2026-04-29 17:29:48,511 [ERROR] LogOutputStream:75 - [STDERR_REDIRECT] [Fatal Error] :1:1: Premature end of file.
2026-04-29 17:29:48,511 [ERROR] LogOutputStream:75 - [STDERR_REDIRECT] 
2026-04-29 17:29:49,511 [ERROR] LogOutputStream:75 - [STDERR_REDIRECT] [Fatal Error] :1:1: Premature end of file.
2026-04-29 17:29:49,511 [ERROR] LogOutputStream:75 - [STDERR_REDIRECT] 
2026-04-29 17:29:50,508 [ERROR] LogOutputStream:75 - [STDERR_REDIRECT] [Fatal Error] :1:1: Premature end of file.
2026-04-29 17:29:50,508 [ERROR] LogOutputStream:75 - [STDERR_REDIRECT] 
2026-04-29 17:29:51,504 [ERROR] LogOutputStream:75 - [STDERR_REDIRECT] [Fatal Error] :1:1: Premature end of file.
2026-04-29 17:29:51,504 [ERROR] LogOutputStream:75 - [STDERR_REDIRECT] 
2026-04-29 17:29:52,509 [ERROR] LogOutputStream:75 - [STDERR_REDIRECT] [Fatal Error] :1:1: Premature end of file.
2026-04-29 17:29:52,509 [ERROR] LogOutputStream:75 - [STDERR_REDIRECT] 
2026-04-29 17:29:53,496 [ERROR] LogOutputStream:75 - [STDERR_REDIRECT] [Fatal Error] :1:1: Premature end of file.
2026-04-29 17:29:53,497 [ERROR] LogOutputStream:75 - [STDERR_REDIRECT] 
2026-04-29 17:29:54,503 [ERROR] LogOutputStream:75 - [STDERR_REDIRECT] [Fatal Error] :1:1: Premature end of file.
2026-04-29 17:29:54,503 [ERROR] LogOutputStream:75 - [STDERR_REDIRECT] 
2026-04-29 17:29:55,513 [ERROR] LogOutputStream:75 - [STDERR_REDIRECT] [Fatal Error] :1:1: Premature end of file.
2026-04-29 17:29:55,513 [ERROR] LogOutputStream:75 - [STDERR_REDIRECT] 
2026-04-29 17:29:56,502 [ERROR] LogOutputStream:75 - [STDERR_REDIRECT] [Fatal Error] :1:1: Premature end of file.
2026-04-29 17:29:56,502 [ERROR] LogOutputStream:75 - [STDERR_REDIRECT] 
2026-04-29 17:29:57,511 [ERROR] LogOutputStream:75 - [STDERR_REDIRECT] [Fatal Error] :1:1: Premature end of file.
2026-04-29 17:29:57,511 [ERROR] LogOutputStream:75 - [STDERR_REDIRECT] 
2026-04-29 17:29:58,509 [ERROR] LogOutputStream:75 - [STDERR_REDIRECT] [Fatal Error] :1:1: Premature end of file.
2026-04-29 17:29:58,509 [ERROR] LogOutputStream:75 - [STDERR_REDIRECT] 
2026-04-29 17:29:59,508 [ERROR] LogOutputStream:75 - [STDERR_REDIRECT] [Fatal Error] :1:1: Premature end of file.
2026-04-29 17:29:59,508 [ERROR] LogOutputStream:75 - [STDERR_REDIRECT] 
2026-04-29 17:30:00,510 [ERROR] LogOutputStream:75 - [STDERR_REDIRECT] [Fatal Error] :1:1: Premature end of file.
2026-04-29 17:30:00,510 [ERROR] LogOutputStream:75 - [STDERR_REDIRECT] 
2026-04-29 17:30:01,511 [ERROR] LogOutputStream:75 - [STDERR_REDIRECT] [Fatal Error] :1:1: Premature end of file.
2026-04-29 17:30:01,512 [ERROR] LogOutputStream:75 - [STDERR_REDIRECT] 
2026-04-29 17:30:02,511 [ERROR] LogOutputStream:75 - [STDERR_REDIRECT] [Fatal Error] :1:1: Premature end of file.
2026-04-29 17:30:02,511 [ERROR] LogOutputStream:75 - [STDERR_REDIRECT] 
2026-04-29 17:30:03,504 [ERROR] LogOutputStream:75 - [STDERR_REDIRECT] [Fatal Error] :1:1: Premature end of file.
2026-04-29 17:30:03,504 [ERROR] LogOutputStream:75 - [STDERR_REDIRECT] 
2026-04-29 17:30:04,503 [ERROR] LogOutputStream:75 - [STDERR_REDIRECT] [Fatal Error] :1:1: Premature end of file.
2026-04-29 17:30:04,503 [ERROR] LogOutputStream:75 - [STDERR_REDIRECT] 
2026-04-29 17:30:05,507 [ERROR] LogOutputStream:75 - [STDERR_REDIRECT] [Fatal Error] :1:1: Premature end of file.
2026-04-29 17:30:05,507 [ERROR] LogOutputStream:75 - [STDERR_REDIRECT] 
2026-04-29 17:30:06,508 [ERROR] LogOutputStream:75 - [STDERR_REDIRECT] [Fatal Error] :1:1: Premature end of file.
2026-04-29 17:30:06,509 [ERROR] LogOutputStream:75 - [STDERR_REDIRECT] 
2026-04-29 17:30:07,516 [ERROR] LogOutputStream:75 - [STDERR_REDIRECT] [Fatal Error] :1:1: Premature end of file.
2026-04-29 17:30:07,516 [ERROR] LogOutputStream:75 - [STDERR_REDIRECT] 
2026-04-29 17:30:08,510 [ERROR] LogOutputStream:75 - [STDERR_REDIRECT] [Fatal Error] :1:1: Premature end of file.
2026-04-29 17:30:08,511 [ERROR] LogOutputStream:75 - [STDERR_REDIRECT] 
2026-04-29 17:30:09,503 [ERROR] LogOutputStream:75 - [STDERR_REDIRECT] [Fatal Error] :1:1: Premature end of file.
2026-04-29 17:30:09,503 [ERROR] LogOutputStream:75 - [STDERR_REDIRECT] 
2026-04-29 17:30:10,493 [ERROR] LogOutputStream:75 - [STDERR_REDIRECT] [Fatal Error] :1:1: Premature end of file.
2026-04-29 17:30:10,493 [ERROR] LogOutputStream:75 - [STDERR_REDIRECT] 
2026-04-29 17:30:11,505 [ERROR] LogOutputStream:75 - [STDERR_REDIRECT] [Fatal Error] :1:1: Premature end of file.
2026-04-29 17:30:11,505 [ERROR] LogOutputStream:75 - [STDERR_REDIRECT] 
2026-04-29 17:30:12,512 [ERROR] LogOutputStream:75 - [STDERR_REDIRECT] [Fatal Error] :1:1: Premature end of file.
2026-04-29 17:30:12,512 [ERROR] LogOutputStream:75 - [STDERR_REDIRECT] 
2026-04-29 17:30:13,511 [ERROR] LogOutputStream:75 - [STDERR_REDIRECT] [Fatal Error] :1:1: Premature end of file.
2026-04-29 17:30:13,511 [ERROR] LogOutputStream:75 - [STDERR_REDIRECT] 
2026-04-29 17:30:14,505 [ERROR] LogOutputStream:75 - [STDERR_REDIRECT] [Fatal Error] :1:1: Premature end of file.
2026-04-29 17:30:14,505 [ERROR] LogOutputStream:75 - [STDERR_REDIRECT] 
2026-04-29 17:30:15,506 [ERROR] LogOutputStream:75 - [STDERR_REDIRECT] [Fatal Error] :1:1: Premature end of file.
2026-04-29 17:30:15,507 [ERROR] LogOutputStream:75 - [STDERR_REDIRECT] 
2026-04-29 17:30:16,505 [ERROR] LogOutputStream:75 - [STDERR_REDIRECT] [Fatal Error] :1:1: Premature end of file.
2026-04-29 17:30:16,505 [ERROR] LogOutputStream:75 - [STDERR_REDIRECT] 
2026-04-29 17:30:17,507 [ERROR] LogOutputStream:75 - [STDERR_REDIRECT] [Fatal Error] :1:1: Premature end of file.
2026-04-29 17:30:17,507 [ERROR] LogOutputStream:75 - [STDERR_REDIRECT] 
2026-04-29 17:30:18,511 [ERROR] LogOutputStream:75 - [STDERR_REDIRECT] [Fatal Error] :1:1: Premature end of file.
2026-04-29 17:30:18,511 [ERROR] LogOutputStream:75 - [STDERR_REDIRECT] 
2026-04-29 17:30:19,507 [ERROR] LogOutputStream:75 - [STDERR_REDIRECT] [Fatal Error] :1:1: Premature end of file.
2026-04-29 17:30:19,507 [ERROR] LogOutputStream:75 - [STDERR_REDIRECT] 
2026-04-29 17:30:20,510 [ERROR] LogOutputStream:75 - [STDERR_REDIRECT] [Fatal Error] :1:1: Premature end of file.
2026-04-29 17:30:20,510 [ERROR] LogOutputStream:75 - [STDERR_REDIRECT] 
2026-04-29 17:30:21,513 [ERROR] LogOutputStream:75 - [STDERR_REDIRECT] [Fatal Error] :1:1: Premature end of file.
2026-04-29 17:30:21,513 [ERROR] LogOutputStream:75 - [STDERR_REDIRECT] 
2026-04-29 17:30:22,499 [ERROR] LogOutputStream:75 - [STDERR_REDIRECT] [Fatal Error] :1:1: Premature end of file.
2026-04-29 17:30:22,499 [ERROR] LogOutputStream:75 - [STDERR_REDIRECT] 
2026-04-29 17:30:23,512 [ERROR] LogOutputStream:75 - [STDERR_REDIRECT] [Fatal Error] :1:1: Premature end of file.
2026-04-29 17:30:23,513 [ERROR] LogOutputStream:75 - [STDERR_REDIRECT] 
2026-04-29 17:30:24,514 [ERROR] LogOutputStream:75 - [STDERR_REDIRECT] [Fatal Error] :1:1: Premature end of file.
2026-04-29 17:30:24,514 [ERROR] LogOutputStream:75 - [STDERR_REDIRECT] 
2026-04-29 17:30:25,508 [ERROR] LogOutputStream:75 - [STDERR_REDIRECT] [Fatal Error] :1:1: Premature end of file.
2026-04-29 17:30:25,508 [ERROR] LogOutputStream:75 - [STDERR_REDIRECT] 
2026-04-29 17:30:26,513 [ERROR] LogOutputStream:75 - [STDERR_REDIRECT] [Fatal Error] :1:1: Premature end of file.
2026-04-29 17:30:26,513 [ERROR] LogOutputStream:75 - [STDERR_REDIRECT] 
2026-04-29 17:30:27,511 [ERROR] LogOutputStream:75 - [STDERR_REDIRECT] [Fatal Error] :1:1: Premature end of file.
2026-04-29 17:30:27,511 [ERROR] LogOutputStream:75 - [STDERR_REDIRECT] 
2026-04-29 17:30:28,506 [ERROR] LogOutputStream:75 - [STDERR_REDIRECT] [Fatal Error] :1:1: Premature end of file.
2026-04-29 17:30:28,506 [ERROR] LogOutputStream:75 - [STDERR_REDIRECT] 
2026-04-29 17:30:29,511 [ERROR] LogOutputStream:75 - [STDERR_REDIRECT] [Fatal Error] :1:1: Premature end of file.
2026-04-29 17:30:29,511 [ERROR] LogOutputStream:75 - [STDERR_REDIRECT] 
2026-04-29 17:30:30,507 [ERROR] LogOutputStream:75 - [STDERR_REDIRECT] [Fatal Error] :1:1: Premature end of file.
2026-04-29 17:30:30,507 [ERROR] LogOutputStream:75 - [STDERR_REDIRECT] 
2026-04-29 17:30:31,514 [ERROR] LogOutputStream:75 - [STDERR_REDIRECT] [Fatal Error] :1:1: Premature end of file.
2026-04-29 17:30:31,514 [ERROR] LogOutputStream:75 - [STDERR_REDIRECT] 
2026-04-29 17:30:32,506 [ERROR] LogOutputStream:75 - [STDERR_REDIRECT] [Fatal Error] :1:1: Premature end of file.
2026-04-29 17:30:32,507 [ERROR] LogOutputStream:75 - [STDERR_REDIRECT] 
2026-04-29 17:30:33,504 [ERROR] LogOutputStream:75 - [STDERR_REDIRECT] [Fatal Error] :1:1: Premature end of file.
2026-04-29 17:30:33,504 [ERROR] LogOutputStream:75 - [STDERR_REDIRECT] 
2026-04-29 17:30:34,525 [ERROR] LogOutputStream:75 - [STDERR_REDIRECT] [Fatal Error] :1:1: Premature end of file.
2026-04-29 17:30:34,525 [ERROR] LogOutputStream:75 - [STDERR_REDIRECT] 
2026-04-29 17:30:35,507 [ERROR] LogOutputStream:75 - [STDERR_REDIRECT] [Fatal Error] :1:1: Premature end of file.
2026-04-29 17:30:35,507 [ERROR] LogOutputStream:75 - [STDERR_REDIRECT] 
2026-04-29 17:30:36,503 [ERROR] LogOutputStream:75 - [STDERR_REDIRECT] [Fatal Error] :1:1: Premature end of file.
2026-04-29 17:30:36,503 [ERROR] LogOutputStream:75 - [STDERR_REDIRECT] 
2026-04-29 17:30:37,505 [ERROR] LogOutputStream:75 - [STDERR_REDIRECT] [Fatal Error] :1:1: Premature end of file.
2026-04-29 17:30:37,505 [ERROR] LogOutputStream:75 - [STDERR_REDIRECT] 
2026-04-29 17:30:38,514 [ERROR] LogOutputStream:75 - [STDERR_REDIRECT] [Fatal Error] :1:1: Premature end of file.
2026-04-29 17:30:38,514 [ERROR] LogOutputStream:75 - [STDERR_REDIRECT] 
2026-04-29 17:30:39,511 [ERROR] LogOutputStream:75 - [STDERR_REDIRECT] [Fatal Error] :1:1: Premature end of file.
2026-04-29 17:30:39,511 [ERROR] LogOutputStream:75 - [STDERR_REDIRECT] 
2026-04-29 17:30:40,506 [ERROR] LogOutputStream:75 - [STDERR_REDIRECT] [Fatal Error] :1:1: Premature end of file.
2026-04-29 17:30:40,506 [ERROR] LogOutputStream:75 - [STDERR_REDIRECT] 
2026-04-29 17:30:41,485 [ERROR] LogOutputStream:75 - [STDERR_REDIRECT] [Fatal Error] :1:1: Premature end of file.
2026-04-29 17:30:41,485 [ERROR] LogOutputStream:75 - [STDERR_REDIRECT] 
2026-04-29 17:30:42,492 [ERROR] LogOutputStream:75 - [STDERR_REDIRECT] [Fatal Error] :1:1: Premature end of file.
2026-04-29 17:30:42,493 [ERROR] LogOutputStream:75 - [STDERR_REDIRECT] 
2026-04-29 17:30:43,512 [ERROR] LogOutputStream:75 - [STDERR_REDIRECT] [Fatal Error] :1:1: Premature end of file.
2026-04-29 17:30:43,512 [ERROR] LogOutputStream:75 - [STDERR_REDIRECT] 
2026-04-29 17:30:44,514 [ERROR] LogOutputStream:75 - [STDERR_REDIRECT] [Fatal Error] :1:1: Premature end of file.
2026-04-29 17:30:44,515 [ERROR] LogOutputStream:75 - [STDERR_REDIRECT] 
2026-04-29 17:30:45,503 [ERROR] LogOutputStream:75 - [STDERR_REDIRECT] [Fatal Error] :1:1: Premature end of file.
2026-04-29 17:30:45,503 [ERROR] LogOutputStream:75 - [STDERR_REDIRECT] 
2026-04-29 17:30:46,509 [ERROR] LogOutputStream:75 - [STDERR_REDIRECT] [Fatal Error] :1:1: Premature end of file.
2026-04-29 17:30:46,509 [ERROR] LogOutputStream:75 - [STDERR_REDIRECT] 
2026-04-29 17:30:47,507 [ERROR] LogOutputStream:75 - [STDERR_REDIRECT] [Fatal Error] :1:1: Premature end of file.
2026-04-29 17:30:47,507 [ERROR] LogOutputStream:75 - [STDERR_REDIRECT] 
2026-04-29 17:30:48,510 [ERROR] LogOutputStream:75 - [STDERR_REDIRECT] [Fatal Error] :1:1: Premature end of file.
2026-04-29 17:30:48,510 [ERROR] LogOutputStream:75 - [STDERR_REDIRECT] 
2026-04-29 17:30:49,512 [ERROR] LogOutputStream:75 - [STDERR_REDIRECT] [Fatal Error] :1:1: Premature end of file.
2026-04-29 17:30:49,512 [ERROR] LogOutputStream:75 - [STDERR_REDIRECT] 
2026-04-29 17:30:50,513 [ERROR] LogOutputStream:75 - [STDERR_REDIRECT] [Fatal Error] :1:1: Premature end of file.
2026-04-29 17:30:50,513 [ERROR] LogOutputStream:75 - [STDERR_REDIRECT] 
2026-04-29 17:30:51,515 [ERROR] LogOutputStream:75 - [STDERR_REDIRECT] [Fatal Error] :1:1: Premature end of file.
2026-04-29 17:30:51,515 [ERROR] LogOutputStream:75 - [STDERR_REDIRECT] 
2026-04-29 17:30:52,507 [ERROR] LogOutputStream:75 - [STDERR_REDIRECT] [Fatal Error] :1:1: Premature end of file.
2026-04-29 17:30:52,507 [ERROR] LogOutputStream:75 - [STDERR_REDIRECT] 
2026-04-29 17:30:53,514 [ERROR] LogOutputStream:75 - [STDERR_REDIRECT] [Fatal Error] :1:1: Premature end of file.
2026-04-29 17:30:53,514 [ERROR] LogOutputStream:75 - [STDERR_REDIRECT] 
2026-04-29 17:30:54,518 [ERROR] LogOutputStream:75 - [STDERR_REDIRECT] [Fatal Error] :1:1: Premature end of file.
2026-04-29 17:30:54,518 [ERROR] LogOutputStream:75 - [STDERR_REDIRECT] 
2026-04-29 17:30:55,509 [ERROR] LogOutputStream:75 - [STDERR_REDIRECT] [Fatal Error] :1:1: Premature end of file.
2026-04-29 17:30:55,509 [ERROR] LogOutputStream:75 - [STDERR_REDIRECT] 
2026-04-29 17:30:56,507 [ERROR] LogOutputStream:75 - [STDERR_REDIRECT] [Fatal Error] :1:1: Premature end of file.
2026-04-29 17:30:56,507 [ERROR] LogOutputStream:75 - [STDERR_REDIRECT] 
2026-04-29 17:30:57,512 [ERROR] LogOutputStream:75 - [STDERR_REDIRECT] [Fatal Error] :1:1: Premature end of file.
2026-04-29 17:30:57,512 [ERROR] LogOutputStream:75 - [STDERR_REDIRECT] 
2026-04-29 17:30:58,510 [ERROR] LogOutputStream:75 - [STDERR_REDIRECT] [Fatal Error] :1:1: Premature end of file.
2026-04-29 17:30:58,510 [ERROR] LogOutputStream:75 - [STDERR_REDIRECT] 
2026-04-29 17:30:59,507 [ERROR] LogOutputStream:75 - [STDERR_REDIRECT] [Fatal Error] :1:1: Premature end of file.
2026-04-29 17:30:59,507 [ERROR] LogOutputStream:75 - [STDERR_REDIRECT] 
2026-04-29 17:31:00,499 [ERROR] LogOutputStream:75 - [STDERR_REDIRECT] [Fatal Error] :1:1: Premature end of file.
2026-04-29 17:31:00,499 [ERROR] LogOutputStream:75 - [STDERR_REDIRECT] 
2026-04-29 17:31:01,497 [ERROR] LogOutputStream:75 - [STDERR_REDIRECT] [Fatal Error] :1:1: Premature end of file.
2026-04-29 17:31:01,497 [ERROR] LogOutputStream:75 - [STDERR_REDIRECT] 
2026-04-29 17:31:02,510 [ERROR] LogOutputStream:75 - [STDERR_REDIRECT] [Fatal Error] :1:1: Premature end of file.
2026-04-29 17:31:02,510 [ERROR] LogOutputStream:75 - [STDERR_REDIRECT] 
2026-04-29 17:31:03,485 [ERROR] LogOutputStream:75 - [STDERR_REDIRECT] [Fatal Error] :1:1: Premature end of file.
2026-04-29 17:31:03,486 [ERROR] LogOutputStream:75 - [STDERR_REDIRECT] 
2026-04-29 17:31:04,516 [ERROR] LogOutputStream:75 - [STDERR_REDIRECT] [Fatal Error] :1:1: Premature end of file.
2026-04-29 17:31:04,516 [ERROR] LogOutputStream:75 - [STDERR_REDIRECT] 
2026-04-29 17:31:05,513 [ERROR] LogOutputStream:75 - [STDERR_REDIRECT] [Fatal Error] :1:1: Premature end of file.
2026-04-29 17:31:05,513 [ERROR] LogOutputStream:75 - [STDERR_REDIRECT] 
2026-04-29 17:31:06,487 [ERROR] LogOutputStream:75 - [STDERR_REDIRECT] [Fatal Error] :1:1: Premature end of file.
2026-04-29 17:31:06,488 [ERROR] LogOutputStream:75 - [STDERR_REDIRECT] 
2026-04-29 17:31:07,508 [ERROR] LogOutputStream:75 - [STDERR_REDIRECT] [Fatal Error] :1:1: Premature end of file.
2026-04-29 17:31:07,508 [ERROR] LogOutputStream:75 - [STDERR_REDIRECT] 
2026-04-29 17:31:08,492 [ERROR] LogOutputStream:75 - [STDERR_REDIRECT] [Fatal Error] :1:1: Premature end of file.
2026-04-29 17:31:08,492 [ERROR] LogOutputStream:75 - [STDERR_REDIRECT] 
2026-04-29 17:31:09,506 [ERROR] LogOutputStream:75 - [STDERR_REDIRECT] [Fatal Error] :1:1: Premature end of file.
2026-04-29 17:31:09,506 [ERROR] LogOutputStream:75 - [STDERR_REDIRECT] 
2026-04-29 17:31:10,512 [ERROR] LogOutputStream:75 - [STDERR_REDIRECT] [Fatal Error] :1:1: Premature end of file.
2026-04-29 17:31:10,531 [ERROR] LogOutputStream:75 - [STDERR_REDIRECT] 
2026-04-29 17:31:11,488 [ERROR] LogOutputStream:75 - [STDERR_REDIRECT] [Fatal Error] :1:1: Premature end of file.
2026-04-29 17:31:11,488 [ERROR] LogOutputStream:75 - [STDERR_REDIRECT] 
2026-04-29 17:31:12,486 [ERROR] LogOutputStream:75 - [STDERR_REDIRECT] [Fatal Error] :1:1: Premature end of file.
2026-04-29 17:31:12,486 [ERROR] LogOutputStream:75 - [STDERR_REDIRECT] 
2026-04-29 17:31:13,486 [ERROR] LogOutputStream:75 - [STDERR_REDIRECT] [Fatal Error] :1:1: Premature end of file.
2026-04-29 17:31:13,486 [ERROR] LogOutputStream:75 - [STDERR_REDIRECT] 
2026-04-29 17:31:14,520 [ERROR] LogOutputStream:75 - [STDERR_REDIRECT] [Fatal Error] :1:1: Premature end of file.
2026-04-29 17:31:14,520 [ERROR] LogOutputStream:75 - [STDERR_REDIRECT] 
2026-04-29 17:31:15,505 [ERROR] LogOutputStream:75 - [STDERR_REDIRECT] [Fatal Error] :1:1: Premature end of file.
2026-04-29 17:31:15,505 [ERROR] LogOutputStream:75 - [STDERR_REDIRECT] 
2026-04-29 17:31:16,507 [ERROR] LogOutputStream:75 - [STDERR_REDIRECT] [Fatal Error] :1:1: Premature end of file.
2026-04-29 17:31:16,507 [ERROR] LogOutputStream:75 - [STDERR_REDIRECT] 
2026-04-29 17:31:17,499 [ERROR] LogOutputStream:75 - [STDERR_REDIRECT] [Fatal Error] :1:1: Premature end of file.
2026-04-29 17:31:17,499 [ERROR] LogOutputStream:75 - [STDERR_REDIRECT] 
2026-04-29 17:31:18,504 [ERROR] LogOutputStream:75 - [STDERR_REDIRECT] [Fatal Error] :1:1: Premature end of file.
2026-04-29 17:31:18,505 [ERROR] LogOutputStream:75 - [STDERR_REDIRECT] 
2026-04-29 17:31:19,515 [ERROR] LogOutputStream:75 - [STDERR_REDIRECT] [Fatal Error] :1:1: Premature end of file.
2026-04-29 17:31:19,515 [ERROR] LogOutputStream:75 - [STDERR_REDIRECT] 
2026-04-29 17:31:20,488 [ERROR] LogOutputStream:75 - [STDERR_REDIRECT] [Fatal Error] :1:1: Premature end of file.
2026-04-29 17:31:20,488 [ERROR] LogOutputStream:75 - [STDERR_REDIRECT] 
2026-04-29 17:31:21,491 [ERROR] LogOutputStream:75 - [STDERR_REDIRECT] [Fatal Error] :1:1: Premature end of file.
2026-04-29 17:31:21,491 [ERROR] LogOutputStream:75 - [STDERR_REDIRECT] 
2026-04-29 17:31:22,508 [ERROR] LogOutputStream:75 - [STDERR_REDIRECT] [Fatal Error] :1:1: Premature end of file.
2026-04-29 17:31:22,508 [ERROR] LogOutputStream:75 - [STDERR_REDIRECT] 
2026-04-29 17:31:23,505 [ERROR] LogOutputStream:75 - [STDERR_REDIRECT] [Fatal Error] :1:1: Premature end of file.
2026-04-29 17:31:23,505 [ERROR] LogOutputStream:75 - [STDERR_REDIRECT] 
2026-04-29 17:31:24,515 [ERROR] LogOutputStream:75 - [STDERR_REDIRECT] [Fatal Error] :1:1: Premature end of file.
2026-04-29 17:31:24,515 [ERROR] LogOutputStream:75 - [STDERR_REDIRECT] 
2026-04-29 17:31:25,510 [ERROR] LogOutputStream:75 - [STDERR_REDIRECT] [Fatal Error] :1:1: Premature end of file.
2026-04-29 17:31:25,525 [ERROR] LogOutputStream:75 - [STDERR_REDIRECT] 
2026-04-29 17:31:26,499 [ERROR] LogOutputStream:75 - [STDERR_REDIRECT] [Fatal Error] :1:1: Premature end of file.
2026-04-29 17:31:26,499 [ERROR] LogOutputStream:75 - [STDERR_REDIRECT] 
2026-04-29 17:31:27,511 [ERROR] LogOutputStream:75 - [STDERR_REDIRECT] [Fatal Error] :1:1: Premature end of file.
2026-04-29 17:31:27,512 [ERROR] LogOutputStream:75 - [STDERR_REDIRECT] 
2026-04-29 17:31:28,510 [ERROR] LogOutputStream:75 - [STDERR_REDIRECT] [Fatal Error] :1:1: Premature end of file.
2026-04-29 17:31:28,510 [ERROR] LogOutputStream:75 - [STDERR_REDIRECT] 
2026-04-29 17:31:29,507 [ERROR] LogOutputStream:75 - [STDERR_REDIRECT] [Fatal Error] :1:1: Premature end of file.
2026-04-29 17:31:29,507 [ERROR] LogOutputStream:75 - [STDERR_REDIRECT] 
2026-04-29 17:31:30,516 [ERROR] LogOutputStream:75 - [STDERR_REDIRECT] [Fatal Error] :1:1: Premature end of file.
2026-04-29 17:31:30,516 [ERROR] LogOutputStream:75 - [STDERR_REDIRECT] 
2026-04-29 17:31:31,502 [ERROR] LogOutputStream:75 - [STDERR_REDIRECT] [Fatal Error] :1:1: Premature end of file.
2026-04-29 17:31:31,502 [ERROR] LogOutputStream:75 - [STDERR_REDIRECT] 
2026-04-29 17:31:32,513 [ERROR] LogOutputStream:75 - [STDERR_REDIRECT] [Fatal Error] :1:1: Premature end of file.
2026-04-29 17:31:32,513 [ERROR] LogOutputStream:75 - [STDERR_REDIRECT] 
2026-04-29 17:31:33,513 [ERROR] LogOutputStream:75 - [STDERR_REDIRECT] [Fatal Error] :1:1: Premature end of file.
2026-04-29 17:31:33,513 [ERROR] LogOutputStream:75 - [STDERR_REDIRECT] 
2026-04-29 17:31:34,512 [ERROR] LogOutputStream:75 - [STDERR_REDIRECT] [Fatal Error] :1:1: Premature end of file.
2026-04-29 17:31:34,512 [ERROR] LogOutputStream:75 - [STDERR_REDIRECT] 
2026-04-29 17:31:35,511 [ERROR] LogOutputStream:75 - [STDERR_REDIRECT] [Fatal Error] :1:1: Premature end of file.
2026-04-29 17:31:35,511 [ERROR] LogOutputStream:75 - [STDERR_REDIRECT] 
2026-04-29 17:31:36,505 [ERROR] LogOutputStream:75 - [STDERR_REDIRECT] [Fatal Error] :1:1: Premature end of file.
2026-04-29 17:31:36,505 [ERROR] LogOutputStream:75 - [STDERR_REDIRECT] 
2026-04-29 17:31:37,514 [ERROR] LogOutputStream:75 - [STDERR_REDIRECT] [Fatal Error] :1:1: Premature end of file.
2026-04-29 17:31:37,514 [ERROR] LogOutputStream:75 - [STDERR_REDIRECT] 
2026-04-29 17:31:38,514 [ERROR] LogOutputStream:75 - [STDERR_REDIRECT] [Fatal Error] :1:1: Premature end of file.
2026-04-29 17:31:38,515 [ERROR] LogOutputStream:75 - [STDERR_REDIRECT] 
2026-04-29 17:31:39,513 [ERROR] LogOutputStream:75 - [STDERR_REDIRECT] [Fatal Error] :1:1: Premature end of file.
2026-04-29 17:31:39,513 [ERROR] LogOutputStream:75 - [STDERR_REDIRECT] 
2026-04-29 17:31:40,510 [ERROR] LogOutputStream:75 - [STDERR_REDIRECT] [Fatal Error] :1:1: Premature end of file.
2026-04-29 17:31:40,514 [ERROR] LogOutputStream:75 - [STDERR_REDIRECT] 
2026-04-29 17:31:41,503 [ERROR] LogOutputStream:75 - [STDERR_REDIRECT] [Fatal Error] :1:1: Premature end of file.
2026-04-29 17:31:41,504 [ERROR] LogOutputStream:75 - [STDERR_REDIRECT] 
2026-04-29 17:31:42,511 [ERROR] LogOutputStream:75 - [STDERR_REDIRECT] [Fatal Error] :1:1: Premature end of file.
2026-04-29 17:31:42,511 [ERROR] LogOutputStream:75 - [STDERR_REDIRECT] 
2026-04-29 17:31:43,509 [ERROR] LogOutputStream:75 - [STDERR_REDIRECT] [Fatal Error] :1:1: Premature end of file.
2026-04-29 17:31:43,509 [ERROR] LogOutputStream:75 - [STDERR_REDIRECT] 
2026-04-29 17:31:44,512 [ERROR] LogOutputStream:75 - [STDERR_REDIRECT] [Fatal Error] :1:1: Premature end of file.
2026-04-29 17:31:44,512 [ERROR] LogOutputStream:75 - [STDERR_REDIRECT] 
2026-04-29 17:31:45,494 [ERROR] LogOutputStream:75 - [STDERR_REDIRECT] [Fatal Error] :1:1: Premature end of file.
2026-04-29 17:31:45,494 [ERROR] LogOutputStream:75 - [STDERR_REDIRECT] 
2026-04-29 17:31:46,511 [ERROR] LogOutputStream:75 - [STDERR_REDIRECT] [Fatal Error] :1:1: Premature end of file.
2026-04-29 17:31:46,511 [ERROR] LogOutputStream:75 - [STDERR_REDIRECT] 
2026-04-29 17:31:47,509 [ERROR] LogOutputStream:75 - [STDERR_REDIRECT] [Fatal Error] :1:1: Premature end of file.
2026-04-29 17:31:47,509 [ERROR] LogOutputStream:75 - [STDERR_REDIRECT] 
2026-04-29 17:31:48,500 [ERROR] LogOutputStream:75 - [STDERR_REDIRECT] [Fatal Error] :1:1: Premature end of file.
2026-04-29 17:31:48,500 [ERROR] LogOutputStream:75 - [STDERR_REDIRECT] 
2026-04-29 17:31:49,510 [ERROR] LogOutputStream:75 - [STDERR_REDIRECT] [Fatal Error] :1:1: Premature end of file.
2026-04-29 17:31:49,510 [ERROR] LogOutputStream:75 - [STDERR_REDIRECT] 
2026-04-29 17:31:50,516 [ERROR] LogOutputStream:75 - [STDERR_REDIRECT] [Fatal Error] :1:1: Premature end of file.
2026-04-29 17:31:50,516 [ERROR] LogOutputStream:75 - [STDERR_REDIRECT] 
2026-04-29 17:31:51,509 [ERROR] LogOutputStream:75 - [STDERR_REDIRECT] [Fatal Error] :1:1: Premature end of file.
2026-04-29 17:31:51,509 [ERROR] LogOutputStream:75 - [STDERR_REDIRECT] 
2026-04-29 17:31:52,506 [ERROR] LogOutputStream:75 - [STDERR_REDIRECT] [Fatal Error] :1:1: Premature end of file.
2026-04-29 17:31:52,506 [ERROR] LogOutputStream:75 - [STDERR_REDIRECT] 
2026-04-29 17:31:53,509 [ERROR] LogOutputStream:75 - [STDERR_REDIRECT] [Fatal Error] :1:1: Premature end of file.
2026-04-29 17:31:53,509 [ERROR] LogOutputStream:75 - [STDERR_REDIRECT] 
2026-04-29 17:31:54,509 [ERROR] LogOutputStream:75 - [STDERR_REDIRECT] [Fatal Error] :1:1: Premature end of file.
2026-04-29 17:31:54,509 [ERROR] LogOutputStream:75 - [STDERR_REDIRECT] 
2026-04-29 17:31:55,508 [ERROR] LogOutputStream:75 - [STDERR_REDIRECT] [Fatal Error] :1:1: Premature end of file.
2026-04-29 17:31:55,515 [ERROR] LogOutputStream:75 - [STDERR_REDIRECT] 
2026-04-29 17:31:56,510 [ERROR] LogOutputStream:75 - [STDERR_REDIRECT] [Fatal Error] :1:1: Premature end of file.
2026-04-29 17:31:56,510 [ERROR] LogOutputStream:75 - [STDERR_REDIRECT] 
2026-04-29 17:31:57,508 [ERROR] LogOutputStream:75 - [STDERR_REDIRECT] [Fatal Error] :1:1: Premature end of file.
2026-04-29 17:31:57,508 [ERROR] LogOutputStream:75 - [STDERR_REDIRECT] 
2026-04-29 17:31:58,509 [ERROR] LogOutputStream:75 - [STDERR_REDIRECT] [Fatal Error] :1:1: Premature end of file.
2026-04-29 17:31:58,510 [ERROR] LogOutputStream:75 - [STDERR_REDIRECT] 
2026-04-29 17:31:59,497 [ERROR] LogOutputStream:75 - [STDERR_REDIRECT] [Fatal Error] :1:1: Premature end of file.
2026-04-29 17:31:59,497 [ERROR] LogOutputStream:75 - [STDERR_REDIRECT] 
2026-04-29 17:32:00,516 [ERROR] LogOutputStream:75 - [STDERR_REDIRECT] [Fatal Error] :1:1: Premature end of file.
2026-04-29 17:32:00,517 [ERROR] LogOutputStream:75 - [STDERR_REDIRECT] 
2026-04-29 17:32:01,508 [ERROR] LogOutputStream:75 - [STDERR_REDIRECT] [Fatal Error] :1:1: Premature end of file.
2026-04-29 17:32:01,508 [ERROR] LogOutputStream:75 - [STDERR_REDIRECT] 
2026-04-29 17:32:02,513 [ERROR] LogOutputStream:75 - [STDERR_REDIRECT] [Fatal Error] :1:1: Premature end of file.
2026-04-29 17:32:02,513 [ERROR] LogOutputStream:75 - [STDERR_REDIRECT] 
2026-04-29 17:32:03,495 [ERROR] LogOutputStream:75 - [STDERR_REDIRECT] [Fatal Error] :1:1: Premature end of file.
2026-04-29 17:32:03,496 [ERROR] LogOutputStream:75 - [STDERR_REDIRECT] 
2026-04-29 17:32:04,514 [ERROR] LogOutputStream:75 - [STDERR_REDIRECT] [Fatal Error] :1:1: Premature end of file.
2026-04-29 17:32:04,514 [ERROR] LogOutputStream:75 - [STDERR_REDIRECT] 
2026-04-29 17:32:05,506 [ERROR] LogOutputStream:75 - [STDERR_REDIRECT] [Fatal Error] :1:1: Premature end of file.
2026-04-29 17:32:05,506 [ERROR] LogOutputStream:75 - [STDERR_REDIRECT] 
2026-04-29 17:32:06,507 [ERROR] LogOutputStream:75 - [STDERR_REDIRECT] [Fatal Error] :1:1: Premature end of file.
2026-04-29 17:32:06,507 [ERROR] LogOutputStream:75 - [STDERR_REDIRECT] 
2026-04-29 17:32:07,507 [ERROR] LogOutputStream:75 - [STDERR_REDIRECT] [Fatal Error] :1:1: Premature end of file.
2026-04-29 17:32:07,507 [ERROR] LogOutputStream:75 - [STDERR_REDIRECT] 
2026-04-29 17:32:08,509 [ERROR] LogOutputStream:75 - [STDERR_REDIRECT] [Fatal Error] :1:1: Premature end of file.
2026-04-29 17:32:08,509 [ERROR] LogOutputStream:75 - [STDERR_REDIRECT] 
2026-04-29 17:32:09,485 [ERROR] LogOutputStream:75 - [STDERR_REDIRECT] [Fatal Error] :1:1: Premature end of file.
2026-04-29 17:32:09,485 [ERROR] LogOutputStream:75 - [STDERR_REDIRECT] 
2026-04-29 17:32:10,510 [ERROR] LogOutputStream:75 - [STDERR_REDIRECT] [Fatal Error] :1:1: Premature end of file.
2026-04-29 17:32:10,511 [ERROR] LogOutputStream:75 - [STDERR_REDIRECT] 
2026-04-29 17:32:11,505 [ERROR] LogOutputStream:75 - [STDERR_REDIRECT] [Fatal Error] :1:1: Premature end of file.
2026-04-29 17:32:11,505 [ERROR] LogOutputStream:75 - [STDERR_REDIRECT] 
2026-04-29 17:32:12,510 [ERROR] LogOutputStream:75 - [STDERR_REDIRECT] [Fatal Error] :1:1: Premature end of file.
2026-04-29 17:32:12,510 [ERROR] LogOutputStream:75 - [STDERR_REDIRECT] 
2026-04-29 17:32:13,507 [ERROR] LogOutputStream:75 - [STDERR_REDIRECT] [Fatal Error] :1:1: Premature end of file.
2026-04-29 17:32:13,507 [ERROR] LogOutputStream:75 - [STDERR_REDIRECT] 
2026-04-29 17:32:14,511 [ERROR] LogOutputStream:75 - [STDERR_REDIRECT] [Fatal Error] :1:1: Premature end of file.
2026-04-29 17:32:14,512 [ERROR] LogOutputStream:75 - [STDERR_REDIRECT] 
2026-04-29 17:32:15,512 [ERROR] LogOutputStream:75 - [STDERR_REDIRECT] [Fatal Error] :1:1: Premature end of file.
2026-04-29 17:32:15,512 [ERROR] LogOutputStream:75 - [STDERR_REDIRECT] 
2026-04-29 17:32:16,499 [ERROR] LogOutputStream:75 - [STDERR_REDIRECT] [Fatal Error] :1:1: Premature end of file.
2026-04-29 17:32:16,499 [ERROR] LogOutputStream:75 - [STDERR_REDIRECT] 
2026-04-29 17:32:17,495 [ERROR] LogOutputStream:75 - [STDERR_REDIRECT] [Fatal Error] :1:1: Premature end of file.
2026-04-29 17:32:17,496 [ERROR] LogOutputStream:75 - [STDERR_REDIRECT] 
2026-04-29 17:32:18,505 [ERROR] LogOutputStream:75 - [STDERR_REDIRECT] [Fatal Error] :1:1: Premature end of file.
2026-04-29 17:32:18,505 [ERROR] LogOutputStream:75 - [STDERR_REDIRECT] 
2026-04-29 17:32:19,510 [ERROR] LogOutputStream:75 - [STDERR_REDIRECT] [Fatal Error] :1:1: Premature end of file.
2026-04-29 17:32:19,510 [ERROR] LogOutputStream:75 - [STDERR_REDIRECT] 
2026-04-29 17:32:20,512 [ERROR] LogOutputStream:75 - [STDERR_REDIRECT] [Fatal Error] :1:1: Premature end of file.
2026-04-29 17:32:20,512 [ERROR] LogOutputStream:75 - [STDERR_REDIRECT] 
2026-04-29 17:32:21,512 [ERROR] LogOutputStream:75 - [STDERR_REDIRECT] [Fatal Error] :1:1: Premature end of file.
2026-04-29 17:32:21,512 [ERROR] LogOutputStream:75 - [STDERR_REDIRECT] 
2026-04-29 17:32:22,504 [ERROR] LogOutputStream:75 - [STDERR_REDIRECT] [Fatal Error] :1:1: Premature end of file.
2026-04-29 17:32:22,505 [ERROR] LogOutputStream:75 - [STDERR_REDIRECT] 
2026-04-29 17:32:23,511 [ERROR] LogOutputStream:75 - [STDERR_REDIRECT] [Fatal Error] :1:1: Premature end of file.
2026-04-29 17:32:23,512 [ERROR] LogOutputStream:75 - [STDERR_REDIRECT] 
2026-04-29 17:32:24,507 [ERROR] LogOutputStream:75 - [STDERR_REDIRECT] [Fatal Error] :1:1: Premature end of file.
2026-04-29 17:32:24,507 [ERROR] LogOutputStream:75 - [STDERR_REDIRECT] 
2026-04-29 17:32:25,508 [ERROR] LogOutputStream:75 - [STDERR_REDIRECT] [Fatal Error] :1:1: Premature end of file.
2026-04-29 17:32:25,508 [ERROR] LogOutputStream:75 - [STDERR_REDIRECT] 
2026-04-29 17:32:26,503 [ERROR] LogOutputStream:75 - [STDERR_REDIRECT] [Fatal Error] :1:1: Premature end of file.
2026-04-29 17:32:26,503 [ERROR] LogOutputStream:75 - [STDERR_REDIRECT] 
2026-04-29 17:32:27,511 [ERROR] LogOutputStream:75 - [STDERR_REDIRECT] [Fatal Error] :1:1: Premature end of file.
2026-04-29 17:32:27,511 [ERROR] LogOutputStream:75 - [STDERR_REDIRECT] 
2026-04-29 17:32:28,501 [ERROR] LogOutputStream:75 - [STDERR_REDIRECT] [Fatal Error] :1:1: Premature end of file.
2026-04-29 17:32:28,502 [ERROR] LogOutputStream:75 - [STDERR_REDIRECT] 
2026-04-29 17:32:29,499 [ERROR] LogOutputStream:75 - [STDERR_REDIRECT] [Fatal Error] :1:1: Premature end of file.
2026-04-29 17:32:29,499 [ERROR] LogOutputStream:75 - [STDERR_REDIRECT] 
2026-04-29 17:32:30,489 [ERROR] LogOutputStream:75 - [STDERR_REDIRECT] [Fatal Error] :1:1: Premature end of file.
2026-04-29 17:32:30,489 [ERROR] LogOutputStream:75 - [STDERR_REDIRECT] 
2026-04-29 17:32:31,510 [ERROR] LogOutputStream:75 - [STDERR_REDIRECT] [Fatal Error] :1:1: Premature end of file.
2026-04-29 17:32:31,510 [ERROR] LogOutputStream:75 - [STDERR_REDIRECT] 
2026-04-29 17:32:32,511 [ERROR] LogOutputStream:75 - [STDERR_REDIRECT] [Fatal Error] :1:1: Premature end of file.
2026-04-29 17:32:32,511 [ERROR] LogOutputStream:75 - [STDERR_REDIRECT] 
2026-04-29 17:32:33,508 [ERROR] LogOutputStream:75 - [STDERR_REDIRECT] [Fatal Error] :1:1: Premature end of file.
2026-04-29 17:32:33,508 [ERROR] LogOutputStream:75 - [STDERR_REDIRECT] 
2026-04-29 17:32:34,511 [ERROR] LogOutputStream:75 - [STDERR_REDIRECT] [Fatal Error] :1:1: Premature end of file.
2026-04-29 17:32:34,511 [ERROR] LogOutputStream:75 - [STDERR_REDIRECT] 
2026-04-29 17:32:35,516 [ERROR] LogOutputStream:75 - [STDERR_REDIRECT] [Fatal Error] :1:1: Premature end of file.
2026-04-29 17:32:35,516 [ERROR] LogOutputStream:75 - [STDERR_REDIRECT] 
2026-04-29 17:32:36,512 [ERROR] LogOutputStream:75 - [STDERR_REDIRECT] [Fatal Error] :1:1: Premature end of file.
2026-04-29 17:32:36,512 [ERROR] LogOutputStream:75 - [STDERR_REDIRECT] 
2026-04-29 17:32:37,519 [ERROR] LogOutputStream:75 - [STDERR_REDIRECT] [Fatal Error] :1:1: Premature end of file.
2026-04-29 17:32:37,519 [ERROR] LogOutputStream:75 - [STDERR_REDIRECT] 
2026-04-29 17:32:38,516 [ERROR] LogOutputStream:75 - [STDERR_REDIRECT] [Fatal Error] :1:1: Premature end of file.
2026-04-29 17:32:38,516 [ERROR] LogOutputStream:75 - [STDERR_REDIRECT] 
2026-04-29 17:32:39,515 [ERROR] LogOutputStream:75 - [STDERR_REDIRECT] [Fatal Error] :1:1: Premature end of file.
2026-04-29 17:32:39,515 [ERROR] LogOutputStream:75 - [STDERR_REDIRECT] 
2026-04-29 17:32:40,516 [ERROR] LogOutputStream:75 - [STDERR_REDIRECT] [Fatal Error] :1:1: Premature end of file.
2026-04-29 17:32:40,516 [ERROR] LogOutputStream:75 - [STDERR_REDIRECT] 
2026-04-29 17:32:41,507 [ERROR] LogOutputStream:75 - [STDERR_REDIRECT] [Fatal Error] :1:1: Premature end of file.
2026-04-29 17:32:41,507 [ERROR] LogOutputStream:75 - [STDERR_REDIRECT] 
2026-04-29 17:32:42,506 [ERROR] LogOutputStream:75 - [STDERR_REDIRECT] [Fatal Error] :1:1: Premature end of file.
2026-04-29 17:32:42,506 [ERROR] LogOutputStream:75 - [STDERR_REDIRECT] 
2026-04-29 17:32:43,515 [ERROR] LogOutputStream:75 - [STDERR_REDIRECT] [Fatal Error] :1:1: Premature end of file.
2026-04-29 17:32:43,515 [ERROR] LogOutputStream:75 - [STDERR_REDIRECT] 
2026-04-29 17:32:44,509 [ERROR] LogOutputStream:75 - [STDERR_REDIRECT] [Fatal Error] :1:1: Premature end of file.
2026-04-29 17:32:44,509 [ERROR] LogOutputStream:75 - [STDERR_REDIRECT] 
2026-04-29 17:32:45,511 [ERROR] LogOutputStream:75 - [STDERR_REDIRECT] [Fatal Error] :1:1: Premature end of file.
2026-04-29 17:32:45,511 [ERROR] LogOutputStream:75 - [STDERR_REDIRECT] 
2026-04-29 17:32:46,518 [ERROR] LogOutputStream:75 - [STDERR_REDIRECT] [Fatal Error] :1:1: Premature end of file.
2026-04-29 17:32:46,518 [ERROR] LogOutputStream:75 - [STDERR_REDIRECT] 
2026-04-29 17:32:47,501 [ERROR] LogOutputStream:75 - [STDERR_REDIRECT] [Fatal Error] :1:1: Premature end of file.
2026-04-29 17:32:47,501 [ERROR] LogOutputStream:75 - [STDERR_REDIRECT] 
2026-04-29 17:32:48,511 [ERROR] LogOutputStream:75 - [STDERR_REDIRECT] [Fatal Error] :1:1: Premature end of file.
2026-04-29 17:32:48,511 [ERROR] LogOutputStream:75 - [STDERR_REDIRECT] 
2026-04-29 17:32:49,498 [ERROR] LogOutputStream:75 - [STDERR_REDIRECT] [Fatal Error] :1:1: Premature end of file.
2026-04-29 17:32:49,498 [ERROR] LogOutputStream:75 - [STDERR_REDIRECT] 
2026-04-29 17:32:50,507 [ERROR] LogOutputStream:75 - [STDERR_REDIRECT] [Fatal Error] :1:1: Premature end of file.
2026-04-29 17:32:50,507 [ERROR] LogOutputStream:75 - [STDERR_REDIRECT] 
2026-04-29 17:32:51,513 [ERROR] LogOutputStream:75 - [STDERR_REDIRECT] [Fatal Error] :1:1: Premature end of file.
2026-04-29 17:32:51,513 [ERROR] LogOutputStream:75 - [STDERR_REDIRECT] 
2026-04-29 17:32:52,497 [ERROR] LogOutputStream:75 - [STDERR_REDIRECT] [Fatal Error] :1:1: Premature end of file.
2026-04-29 17:32:52,498 [ERROR] LogOutputStream:75 - [STDERR_REDIRECT] 
2026-04-29 17:32:53,509 [ERROR] LogOutputStream:75 - [STDERR_REDIRECT] [Fatal Error] :1:1: Premature end of file.
2026-04-29 17:32:53,509 [ERROR] LogOutputStream:75 - [STDERR_REDIRECT] 
2026-04-29 17:32:54,514 [ERROR] LogOutputStream:75 - [STDERR_REDIRECT] [Fatal Error] :1:1: Premature end of file.
2026-04-29 17:32:54,514 [ERROR] LogOutputStream:75 - [STDERR_REDIRECT] 
2026-04-29 17:32:55,509 [ERROR] LogOutputStream:75 - [STDERR_REDIRECT] [Fatal Error] :1:1: Premature end of file.
2026-04-29 17:32:55,509 [ERROR] LogOutputStream:75 - [STDERR_REDIRECT] 
2026-04-29 17:32:56,512 [ERROR] LogOutputStream:75 - [STDERR_REDIRECT] [Fatal Error] :1:1: Premature end of file.
2026-04-29 17:32:56,512 [ERROR] LogOutputStream:75 - [STDERR_REDIRECT] 
2026-04-29 17:32:57,509 [ERROR] LogOutputStream:75 - [STDERR_REDIRECT] [Fatal Error] :1:1: Premature end of file.
2026-04-29 17:32:57,509 [ERROR] LogOutputStream:75 - [STDERR_REDIRECT] 
2026-04-29 17:32:58,506 [ERROR] LogOutputStream:75 - [STDERR_REDIRECT] [Fatal Error] :1:1: Premature end of file.
2026-04-29 17:32:58,506 [ERROR] LogOutputStream:75 - [STDERR_REDIRECT] 
2026-04-29 17:32:59,511 [ERROR] LogOutputStream:75 - [STDERR_REDIRECT] [Fatal Error] :1:1: Premature end of file.
2026-04-29 17:32:59,511 [ERROR] LogOutputStream:75 - [STDERR_REDIRECT] 
2026-04-29 17:33:00,512 [ERROR] LogOutputStream:75 - [STDERR_REDIRECT] [Fatal Error] :1:1: Premature end of file.
2026-04-29 17:33:00,512 [ERROR] LogOutputStream:75 - [STDERR_REDIRECT] 
2026-04-29 17:33:01,514 [ERROR] LogOutputStream:75 - [STDERR_REDIRECT] [Fatal Error] :1:1: Premature end of file.
2026-04-29 17:33:01,514 [ERROR] LogOutputStream:75 - [STDERR_REDIRECT] 
2026-04-29 17:33:02,515 [ERROR] LogOutputStream:75 - [STDERR_REDIRECT] [Fatal Error] :1:1: Premature end of file.
2026-04-29 17:33:02,516 [ERROR] LogOutputStream:75 - [STDERR_REDIRECT] 
2026-04-29 17:33:03,511 [ERROR] LogOutputStream:75 - [STDERR_REDIRECT] [Fatal Error] :1:1: Premature end of file.
2026-04-29 17:33:03,511 [ERROR] LogOutputStream:75 - [STDERR_REDIRECT] 
2026-04-29 17:33:04,513 [ERROR] LogOutputStream:75 - [STDERR_REDIRECT] [Fatal Error] :1:1: Premature end of file.
2026-04-29 17:33:04,513 [ERROR] LogOutputStream:75 - [STDERR_REDIRECT] 
2026-04-29 17:33:05,514 [ERROR] LogOutputStream:75 - [STDERR_REDIRECT] [Fatal Error] :1:1: Premature end of file.
2026-04-29 17:33:05,515 [ERROR] LogOutputStream:75 - [STDERR_REDIRECT] 
2026-04-29 17:33:06,504 [ERROR] LogOutputStream:75 - [STDERR_REDIRECT] [Fatal Error] :1:1: Premature end of file.
2026-04-29 17:33:06,504 [ERROR] LogOutputStream:75 - [STDERR_REDIRECT] 
2026-04-29 17:33:07,516 [ERROR] LogOutputStream:75 - [STDERR_REDIRECT] [Fatal Error] :1:1: Premature end of file.
2026-04-29 17:33:07,516 [ERROR] LogOutputStream:75 - [STDERR_REDIRECT] 
2026-04-29 17:33:08,519 [ERROR] LogOutputStream:75 - [STDERR_REDIRECT] [Fatal Error] :1:1: Premature end of file.
2026-04-29 17:33:08,520 [ERROR] LogOutputStream:75 - [STDERR_REDIRECT] 
2026-04-29 17:33:09,494 [ERROR] LogOutputStream:75 - [STDERR_REDIRECT] [Fatal Error] :1:1: Premature end of file.
2026-04-29 17:33:09,494 [ERROR] LogOutputStream:75 - [STDERR_REDIRECT] 
2026-04-29 17:33:10,512 [ERROR] LogOutputStream:75 - [STDERR_REDIRECT] [Fatal Error] :1:1: Premature end of file.
2026-04-29 17:33:10,512 [ERROR] LogOutputStream:75 - [STDERR_REDIRECT] 
2026-04-29 17:33:11,512 [ERROR] LogOutputStream:75 - [STDERR_REDIRECT] [Fatal Error] :1:1: Premature end of file.
2026-04-29 17:33:11,512 [ERROR] LogOutputStream:75 - [STDERR_REDIRECT] 
2026-04-29 17:33:12,508 [ERROR] LogOutputStream:75 - [STDERR_REDIRECT] [Fatal Error] :1:1: Premature end of file.
2026-04-29 17:33:12,508 [ERROR] LogOutputStream:75 - [STDERR_REDIRECT] 
2026-04-29 17:33:13,494 [ERROR] LogOutputStream:75 - [STDERR_REDIRECT] [Fatal Error] :1:1: Premature end of file.
2026-04-29 17:33:13,495 [ERROR] LogOutputStream:75 - [STDERR_REDIRECT] 
2026-04-29 17:33:14,513 [ERROR] LogOutputStream:75 - [STDERR_REDIRECT] [Fatal Error] :1:1: Premature end of file.
2026-04-29 17:33:14,513 [ERROR] LogOutputStream:75 - [STDERR_REDIRECT] 
2026-04-29 17:33:15,515 [ERROR] LogOutputStream:75 - [STDERR_REDIRECT] [Fatal Error] :1:1: Premature end of file.
2026-04-29 17:33:15,515 [ERROR] LogOutputStream:75 - [STDERR_REDIRECT] 
2026-04-29 17:33:16,508 [ERROR] LogOutputStream:75 - [STDERR_REDIRECT] [Fatal Error] :1:1: Premature end of file.
2026-04-29 17:33:16,508 [ERROR] LogOutputStream:75 - [STDERR_REDIRECT] 
2026-04-29 17:33:17,518 [ERROR] LogOutputStream:75 - [STDERR_REDIRECT] [Fatal Error] :1:1: Premature end of file.
2026-04-29 17:33:17,518 [ERROR] LogOutputStream:75 - [STDERR_REDIRECT] 
2026-04-29 17:33:18,512 [ERROR] LogOutputStream:75 - [STDERR_REDIRECT] [Fatal Error] :1:1: Premature end of file.
2026-04-29 17:33:18,512 [ERROR] LogOutputStream:75 - [STDERR_REDIRECT] 
2026-04-29 17:33:19,514 [ERROR] LogOutputStream:75 - [STDERR_REDIRECT] [Fatal Error] :1:1: Premature end of file.
2026-04-29 17:33:19,515 [ERROR] LogOutputStream:75 - [STDERR_REDIRECT] 
2026-04-29 17:33:20,504 [ERROR] LogOutputStream:75 - [STDERR_REDIRECT] [Fatal Error] :1:1: Premature end of file.
2026-04-29 17:33:20,504 [ERROR] LogOutputStream:75 - [STDERR_REDIRECT] 
2026-04-29 17:33:21,502 [ERROR] LogOutputStream:75 - [STDERR_REDIRECT] [Fatal Error] :1:1: Premature end of file.
2026-04-29 17:33:21,503 [ERROR] LogOutputStream:75 - [STDERR_REDIRECT] 
2026-04-29 17:33:22,508 [ERROR] LogOutputStream:75 - [STDERR_REDIRECT] [Fatal Error] :1:1: Premature end of file.
2026-04-29 17:33:22,508 [ERROR] LogOutputStream:75 - [STDERR_REDIRECT] 
2026-04-29 17:33:23,494 [ERROR] LogOutputStream:75 - [STDERR_REDIRECT] [Fatal Error] :1:1: Premature end of file.
2026-04-29 17:33:23,495 [ERROR] LogOutputStream:75 - [STDERR_REDIRECT] 
2026-04-29 17:33:24,510 [ERROR] LogOutputStream:75 - [STDERR_REDIRECT] [Fatal Error] :1:1: Premature end of file.
2026-04-29 17:33:24,510 [ERROR] LogOutputStream:75 - [STDERR_REDIRECT] 
2026-04-29 17:33:25,507 [ERROR] LogOutputStream:75 - [STDERR_REDIRECT] [Fatal Error] :1:1: Premature end of file.
2026-04-29 17:33:25,507 [ERROR] LogOutputStream:75 - [STDERR_REDIRECT] 
2026-04-29 17:33:26,500 [ERROR] LogOutputStream:75 - [STDERR_REDIRECT] [Fatal Error] :1:1: Premature end of file.
2026-04-29 17:33:26,500 [ERROR] LogOutputStream:75 - [STDERR_REDIRECT] 
2026-04-29 17:33:27,509 [ERROR] LogOutputStream:75 - [STDERR_REDIRECT] [Fatal Error] :1:1: Premature end of file.
2026-04-29 17:33:27,509 [ERROR] LogOutputStream:75 - [STDERR_REDIRECT] 
2026-04-29 17:33:28,515 [ERROR] LogOutputStream:75 - [STDERR_REDIRECT] [Fatal Error] :1:1: Premature end of file.
2026-04-29 17:33:28,515 [ERROR] LogOutputStream:75 - [STDERR_REDIRECT] 
2026-04-29 17:33:29,506 [ERROR] LogOutputStream:75 - [STDERR_REDIRECT] [Fatal Error] :1:1: Premature end of file.
2026-04-29 17:33:29,506 [ERROR] LogOutputStream:75 - [STDERR_REDIRECT] 
2026-04-29 17:33:30,507 [ERROR] LogOutputStream:75 - [STDERR_REDIRECT] [Fatal Error] :1:1: Premature end of file.
2026-04-29 17:33:30,507 [ERROR] LogOutputStream:75 - [STDERR_REDIRECT] 
2026-04-29 17:33:31,504 [ERROR] LogOutputStream:75 - [STDERR_REDIRECT] [Fatal Error] :1:1: Premature end of file.
2026-04-29 17:33:31,505 [ERROR] LogOutputStream:75 - [STDERR_REDIRECT] 
2026-04-29 17:33:32,510 [ERROR] LogOutputStream:75 - [STDERR_REDIRECT] [Fatal Error] :1:1: Premature end of file.
2026-04-29 17:33:32,510 [ERROR] LogOutputStream:75 - [STDERR_REDIRECT] 
2026-04-29 17:33:33,508 [ERROR] LogOutputStream:75 - [STDERR_REDIRECT] [Fatal Error] :1:1: Premature end of file.
2026-04-29 17:33:33,508 [ERROR] LogOutputStream:75 - [STDERR_REDIRECT] 
2026-04-29 17:33:34,507 [ERROR] LogOutputStream:75 - [STDERR_REDIRECT] [Fatal Error] :1:1: Premature end of file.
2026-04-29 17:33:34,507 [ERROR] LogOutputStream:75 - [STDERR_REDIRECT] 
2026-04-29 17:33:35,520 [ERROR] LogOutputStream:75 - [STDERR_REDIRECT] [Fatal Error] :1:1: Premature end of file.
2026-04-29 17:33:35,521 [ERROR] LogOutputStream:75 - [STDERR_REDIRECT] 
2026-04-29 17:33:36,512 [ERROR] LogOutputStream:75 - [STDERR_REDIRECT] [Fatal Error] :1:1: Premature end of file.
2026-04-29 17:33:36,512 [ERROR] LogOutputStream:75 - [STDERR_REDIRECT] 
2026-04-29 17:33:37,509 [ERROR] LogOutputStream:75 - [STDERR_REDIRECT] [Fatal Error] :1:1: Premature end of file.
2026-04-29 17:33:37,509 [ERROR] LogOutputStream:75 - [STDERR_REDIRECT] 
2026-04-29 17:33:38,510 [ERROR] LogOutputStream:75 - [STDERR_REDIRECT] [Fatal Error] :1:1: Premature end of file.
2026-04-29 17:33:38,510 [ERROR] LogOutputStream:75 - [STDERR_REDIRECT] 
2026-04-29 17:33:39,511 [ERROR] LogOutputStream:75 - [STDERR_REDIRECT] [Fatal Error] :1:1: Premature end of file.
2026-04-29 17:33:39,511 [ERROR] LogOutputStream:75 - [STDERR_REDIRECT] 
2026-04-29 17:33:40,513 [ERROR] LogOutputStream:75 - [STDERR_REDIRECT] [Fatal Error] :1:1: Premature end of file.
2026-04-29 17:33:40,513 [ERROR] LogOutputStream:75 - [STDERR_REDIRECT] 
2026-04-29 17:33:41,510 [ERROR] LogOutputStream:75 - [STDERR_REDIRECT] [Fatal Error] :1:1: Premature end of file.
2026-04-29 17:33:41,510 [ERROR] LogOutputStream:75 - [STDERR_REDIRECT] 
2026-04-29 17:33:42,505 [ERROR] LogOutputStream:75 - [STDERR_REDIRECT] [Fatal Error] :1:1: Premature end of file.
2026-04-29 17:33:42,505 [ERROR] LogOutputStream:75 - [STDERR_REDIRECT] 
2026-04-29 17:33:43,513 [ERROR] LogOutputStream:75 - [STDERR_REDIRECT] [Fatal Error] :1:1: Premature end of file.
2026-04-29 17:33:43,514 [ERROR] LogOutputStream:75 - [STDERR_REDIRECT] 
2026-04-29 17:33:44,508 [ERROR] LogOutputStream:75 - [STDERR_REDIRECT] [Fatal Error] :1:1: Premature end of file.
2026-04-29 17:33:44,508 [ERROR] LogOutputStream:75 - [STDERR_REDIRECT] 
2026-04-29 17:33:45,559 [ERROR] LogOutputStream:75 - [STDERR_REDIRECT] [Fatal Error] :1:1: Premature end of file.
2026-04-29 17:33:45,559 [ERROR] LogOutputStream:75 - [STDERR_REDIRECT] 
2026-04-29 17:33:46,512 [ERROR] LogOutputStream:75 - [STDERR_REDIRECT] [Fatal Error] :1:1: Premature end of file.
2026-04-29 17:33:46,512 [ERROR] LogOutputStream:75 - [STDERR_REDIRECT] 
2026-04-29 17:33:47,508 [ERROR] LogOutputStream:75 - [STDERR_REDIRECT] [Fatal Error] :1:1: Premature end of file.
2026-04-29 17:33:47,508 [ERROR] LogOutputStream:75 - [STDERR_REDIRECT] 
2026-04-29 17:33:48,498 [ERROR] LogOutputStream:75 - [STDERR_REDIRECT] [Fatal Error] :1:1: Premature end of file.
2026-04-29 17:33:48,499 [ERROR] LogOutputStream:75 - [STDERR_REDIRECT] 
2026-04-29 17:33:49,500 [ERROR] LogOutputStream:75 - [STDERR_REDIRECT] [Fatal Error] :1:1: Premature end of file.
2026-04-29 17:33:49,501 [ERROR] LogOutputStream:75 - [STDERR_REDIRECT] 
2026-04-29 17:33:50,508 [ERROR] LogOutputStream:75 - [STDERR_REDIRECT] [Fatal Error] :1:1: Premature end of file.
2026-04-29 17:33:50,508 [ERROR] LogOutputStream:75 - [STDERR_REDIRECT] 
2026-04-29 17:33:51,512 [ERROR] LogOutputStream:75 - [STDERR_REDIRECT] [Fatal Error] :1:1: Premature end of file.
2026-04-29 17:33:51,512 [ERROR] LogOutputStream:75 - [STDERR_REDIRECT] 
2026-04-29 17:33:52,508 [ERROR] LogOutputStream:75 - [STDERR_REDIRECT] [Fatal Error] :1:1: Premature end of file.
2026-04-29 17:33:52,508 [ERROR] LogOutputStream:75 - [STDERR_REDIRECT] 
2026-04-29 17:33:53,511 [ERROR] LogOutputStream:75 - [STDERR_REDIRECT] [Fatal Error] :1:1: Premature end of file.
2026-04-29 17:33:53,511 [ERROR] LogOutputStream:75 - [STDERR_REDIRECT] 
2026-04-29 17:33:54,513 [ERROR] LogOutputStream:75 - [STDERR_REDIRECT] [Fatal Error] :1:1: Premature end of file.
2026-04-29 17:33:54,513 [ERROR] LogOutputStream:75 - [STDERR_REDIRECT] 
2026-04-29 17:33:55,487 [ERROR] LogOutputStream:75 - [STDERR_REDIRECT] [Fatal Error] :1:1: Premature end of file.
2026-04-29 17:33:55,487 [ERROR] LogOutputStream:75 - [STDERR_REDIRECT] 
2026-04-29 17:33:56,515 [ERROR] LogOutputStream:75 - [STDERR_REDIRECT] [Fatal Error] :1:1: Premature end of file.
2026-04-29 17:33:56,515 [ERROR] LogOutputStream:75 - [STDERR_REDIRECT] 
2026-04-29 17:33:57,513 [ERROR] LogOutputStream:75 - [STDERR_REDIRECT] [Fatal Error] :1:1: Premature end of file.
2026-04-29 17:33:57,513 [ERROR] LogOutputStream:75 - [STDERR_REDIRECT] 
2026-04-29 17:33:58,507 [ERROR] LogOutputStream:75 - [STDERR_REDIRECT] [Fatal Error] :1:1: Premature end of file.
2026-04-29 17:33:58,507 [ERROR] LogOutputStream:75 - [STDERR_REDIRECT] 
2026-04-29 17:33:59,519 [ERROR] LogOutputStream:75 - [STDERR_REDIRECT] [Fatal Error] :1:1: Premature end of file.
2026-04-29 17:33:59,519 [ERROR] LogOutputStream:75 - [STDERR_REDIRECT] 
2026-04-29 17:34:00,506 [ERROR] LogOutputStream:75 - [STDERR_REDIRECT] [Fatal Error] :1:1: Premature end of file.
2026-04-29 17:34:00,506 [ERROR] LogOutputStream:75 - [STDERR_REDIRECT] 
2026-04-29 17:34:01,514 [ERROR] LogOutputStream:75 - [STDERR_REDIRECT] [Fatal Error] :1:1: Premature end of file.
2026-04-29 17:34:01,514 [ERROR] LogOutputStream:75 - [STDERR_REDIRECT] 
2026-04-29 17:34:02,514 [ERROR] LogOutputStream:75 - [STDERR_REDIRECT] [Fatal Error] :1:1: Premature end of file.
2026-04-29 17:34:02,514 [ERROR] LogOutputStream:75 - [STDERR_REDIRECT] 
2026-04-29 17:34:03,514 [ERROR] LogOutputStream:75 - [STDERR_REDIRECT] [Fatal Error] :1:1: Premature end of file.
2026-04-29 17:34:03,514 [ERROR] LogOutputStream:75 - [STDERR_REDIRECT] 
2026-04-29 17:34:04,512 [ERROR] LogOutputStream:75 - [STDERR_REDIRECT] [Fatal Error] :1:1: Premature end of file.
2026-04-29 17:34:04,512 [ERROR] LogOutputStream:75 - [STDERR_REDIRECT] 
2026-04-29 17:34:05,507 [ERROR] LogOutputStream:75 - [STDERR_REDIRECT] [Fatal Error] :1:1: Premature end of file.
2026-04-29 17:34:05,507 [ERROR] LogOutputStream:75 - [STDERR_REDIRECT] 
2026-04-29 17:34:06,508 [ERROR] LogOutputStream:75 - [STDERR_REDIRECT] [Fatal Error] :1:1: Premature end of file.
2026-04-29 17:34:06,508 [ERROR] LogOutputStream:75 - [STDERR_REDIRECT] 
2026-04-29 17:34:07,507 [ERROR] LogOutputStream:75 - [STDERR_REDIRECT] [Fatal Error] :1:1: Premature end of file.
2026-04-29 17:34:07,507 [ERROR] LogOutputStream:75 - [STDERR_REDIRECT] 
2026-04-29 17:34:08,509 [ERROR] LogOutputStream:75 - [STDERR_REDIRECT] [Fatal Error] :1:1: Premature end of file.
2026-04-29 17:34:08,509 [ERROR] LogOutputStream:75 - [STDERR_REDIRECT] 
2026-04-29 17:34:09,513 [ERROR] LogOutputStream:75 - [STDERR_REDIRECT] [Fatal Error] :1:1: Premature end of file.
2026-04-29 17:34:09,514 [ERROR] LogOutputStream:75 - [STDERR_REDIRECT] 
2026-04-29 17:34:10,508 [ERROR] LogOutputStream:75 - [STDERR_REDIRECT] [Fatal Error] :1:1: Premature end of file.
2026-04-29 17:34:10,508 [ERROR] LogOutputStream:75 - [STDERR_REDIRECT] 
2026-04-29 17:34:11,507 [ERROR] LogOutputStream:75 - [STDERR_REDIRECT] [Fatal Error] :1:1: Premature end of file.
2026-04-29 17:34:11,507 [ERROR] LogOutputStream:75 - [STDERR_REDIRECT] 
2026-04-29 17:34:12,504 [ERROR] LogOutputStream:75 - [STDERR_REDIRECT] [Fatal Error] :1:1: Premature end of file.
2026-04-29 17:34:12,504 [ERROR] LogOutputStream:75 - [STDERR_REDIRECT] 
2026-04-29 17:34:13,511 [ERROR] LogOutputStream:75 - [STDERR_REDIRECT] [Fatal Error] :1:1: Premature end of file.
2026-04-29 17:34:13,511 [ERROR] LogOutputStream:75 - [STDERR_REDIRECT] 
2026-04-29 17:34:14,502 [ERROR] LogOutputStream:75 - [STDERR_REDIRECT] [Fatal Error] :1:1: Premature end of file.
2026-04-29 17:34:14,503 [ERROR] LogOutputStream:75 - [STDERR_REDIRECT] 
2026-04-29 17:34:15,508 [ERROR] LogOutputStream:75 - [STDERR_REDIRECT] [Fatal Error] :1:1: Premature end of file.
2026-04-29 17:34:15,508 [ERROR] LogOutputStream:75 - [STDERR_REDIRECT] 
2026-04-29 17:34:16,509 [ERROR] LogOutputStream:75 - [STDERR_REDIRECT] [Fatal Error] :1:1: Premature end of file.
2026-04-29 17:34:16,509 [ERROR] LogOutputStream:75 - [STDERR_REDIRECT] 
2026-04-29 17:34:17,516 [ERROR] LogOutputStream:75 - [STDERR_REDIRECT] [Fatal Error] :1:1: Premature end of file.
2026-04-29 17:34:17,516 [ERROR] LogOutputStream:75 - [STDERR_REDIRECT] 
2026-04-29 17:34:18,503 [ERROR] LogOutputStream:75 - [STDERR_REDIRECT] [Fatal Error] :1:1: Premature end of file.
2026-04-29 17:34:18,503 [ERROR] LogOutputStream:75 - [STDERR_REDIRECT] 
2026-04-29 17:34:19,509 [ERROR] LogOutputStream:75 - [STDERR_REDIRECT] [Fatal Error] :1:1: Premature end of file.
2026-04-29 17:34:19,509 [ERROR] LogOutputStream:75 - [STDERR_REDIRECT] 
2026-04-29 17:34:20,503 [ERROR] LogOutputStream:75 - [STDERR_REDIRECT] [Fatal Error] :1:1: Premature end of file.
2026-04-29 17:34:20,503 [ERROR] LogOutputStream:75 - [STDERR_REDIRECT] 
2026-04-29 17:34:21,500 [ERROR] LogOutputStream:75 - [STDERR_REDIRECT] [Fatal Error] :1:1: Premature end of file.
2026-04-29 17:34:21,500 [ERROR] LogOutputStream:75 - [STDERR_REDIRECT] 
2026-04-29 17:34:22,511 [ERROR] LogOutputStream:75 - [STDERR_REDIRECT] [Fatal Error] :1:1: Premature end of file.
2026-04-29 17:34:22,511 [ERROR] LogOutputStream:75 - [STDERR_REDIRECT] 
2026-04-29 17:34:23,515 [ERROR] LogOutputStream:75 - [STDERR_REDIRECT] [Fatal Error] :1:1: Premature end of file.
2026-04-29 17:34:23,515 [ERROR] LogOutputStream:75 - [STDERR_REDIRECT] 
2026-04-29 17:34:24,505 [ERROR] LogOutputStream:75 - [STDERR_REDIRECT] [Fatal Error] :1:1: Premature end of file.
2026-04-29 17:34:24,506 [ERROR] LogOutputStream:75 - [STDERR_REDIRECT] 
2026-04-29 17:34:25,500 [ERROR] LogOutputStream:75 - [STDERR_REDIRECT] [Fatal Error] :1:1: Premature end of file.
2026-04-29 17:34:25,500 [ERROR] LogOutputStream:75 - [STDERR_REDIRECT] 
2026-04-29 17:34:26,505 [ERROR] LogOutputStream:75 - [STDERR_REDIRECT] [Fatal Error] :1:1: Premature end of file.
2026-04-29 17:34:26,505 [ERROR] LogOutputStream:75 - [STDERR_REDIRECT] 
2026-04-29 17:34:27,506 [ERROR] LogOutputStream:75 - [STDERR_REDIRECT] [Fatal Error] :1:1: Premature end of file.
2026-04-29 17:34:27,506 [ERROR] LogOutputStream:75 - [STDERR_REDIRECT] 
2026-04-29 17:34:28,515 [ERROR] LogOutputStream:75 - [STDERR_REDIRECT] [Fatal Error] :1:1: Premature end of file.
2026-04-29 17:34:28,515 [ERROR] LogOutputStream:75 - [STDERR_REDIRECT] 
2026-04-29 17:34:29,505 [ERROR] LogOutputStream:75 - [STDERR_REDIRECT] [Fatal Error] :1:1: Premature end of file.
2026-04-29 17:34:29,505 [ERROR] LogOutputStream:75 - [STDERR_REDIRECT] 
2026-04-29 17:34:30,504 [ERROR] LogOutputStream:75 - [STDERR_REDIRECT] [Fatal Error] :1:1: Premature end of file.
2026-04-29 17:34:30,504 [ERROR] LogOutputStream:75 - [STDERR_REDIRECT] 
2026-04-29 17:34:31,506 [ERROR] LogOutputStream:75 - [STDERR_REDIRECT] [Fatal Error] :1:1: Premature end of file.
2026-04-29 17:34:31,506 [ERROR] LogOutputStream:75 - [STDERR_REDIRECT] 
2026-04-29 17:34:32,508 [ERROR] LogOutputStream:75 - [STDERR_REDIRECT] [Fatal Error] :1:1: Premature end of file.
2026-04-29 17:34:32,508 [ERROR] LogOutputStream:75 - [STDERR_REDIRECT] 
2026-04-29 17:34:33,507 [ERROR] LogOutputStream:75 - [STDERR_REDIRECT] [Fatal Error] :1:1: Premature end of file.
2026-04-29 17:34:33,507 [ERROR] LogOutputStream:75 - [STDERR_REDIRECT] 
2026-04-29 17:34:34,510 [ERROR] LogOutputStream:75 - [STDERR_REDIRECT] [Fatal Error] :1:1: Premature end of file.
2026-04-29 17:34:34,510 [ERROR] LogOutputStream:75 - [STDERR_REDIRECT] 
2026-04-29 17:34:35,521 [ERROR] LogOutputStream:75 - [STDERR_REDIRECT] [Fatal Error] :1:1: Premature end of file.
2026-04-29 17:34:35,522 [ERROR] LogOutputStream:75 - [STDERR_REDIRECT] 
2026-04-29 17:34:36,506 [ERROR] LogOutputStream:75 - [STDERR_REDIRECT] [Fatal Error] :1:1: Premature end of file.
2026-04-29 17:34:36,506 [ERROR] LogOutputStream:75 - [STDERR_REDIRECT] 
2026-04-29 17:34:37,508 [ERROR] LogOutputStream:75 - [STDERR_REDIRECT] [Fatal Error] :1:1: Premature end of file.
2026-04-29 17:34:37,509 [ERROR] LogOutputStream:75 - [STDERR_REDIRECT] 
2026-04-29 17:34:38,513 [ERROR] LogOutputStream:75 - [STDERR_REDIRECT] [Fatal Error] :1:1: Premature end of file.
2026-04-29 17:34:38,513 [ERROR] LogOutputStream:75 - [STDERR_REDIRECT] 
2026-04-29 17:34:39,507 [ERROR] LogOutputStream:75 - [STDERR_REDIRECT] [Fatal Error] :1:1: Premature end of file.
2026-04-29 17:34:39,507 [ERROR] LogOutputStream:75 - [STDERR_REDIRECT] 
2026-04-29 17:34:40,510 [ERROR] LogOutputStream:75 - [STDERR_REDIRECT] [Fatal Error] :1:1: Premature end of file.
2026-04-29 17:34:40,510 [ERROR] LogOutputStream:75 - [STDERR_REDIRECT] 
2026-04-29 17:34:41,505 [ERROR] LogOutputStream:75 - [STDERR_REDIRECT] [Fatal Error] :1:1: Premature end of file.
2026-04-29 17:34:41,505 [ERROR] LogOutputStream:75 - [STDERR_REDIRECT] 
2026-04-29 17:34:42,518 [ERROR] LogOutputStream:75 - [STDERR_REDIRECT] [Fatal Error] :1:1: Premature end of file.
2026-04-29 17:34:42,518 [ERROR] LogOutputStream:75 - [STDERR_REDIRECT] 
2026-04-29 17:34:43,507 [ERROR] LogOutputStream:75 - [STDERR_REDIRECT] [Fatal Error] :1:1: Premature end of file.
2026-04-29 17:34:43,507 [ERROR] LogOutputStream:75 - [STDERR_REDIRECT] 
2026-04-29 17:34:44,506 [ERROR] LogOutputStream:75 - [STDERR_REDIRECT] [Fatal Error] :1:1: Premature end of file.
2026-04-29 17:34:44,506 [ERROR] LogOutputStream:75 - [STDERR_REDIRECT] 
2026-04-29 17:34:45,503 [ERROR] LogOutputStream:75 - [STDERR_REDIRECT] [Fatal Error] :1:1: Premature end of file.
2026-04-29 17:34:45,503 [ERROR] LogOutputStream:75 - [STDERR_REDIRECT] 
2026-04-29 17:34:46,505 [ERROR] LogOutputStream:75 - [STDERR_REDIRECT] [Fatal Error] :1:1: Premature end of file.
2026-04-29 17:34:46,505 [ERROR] LogOutputStream:75 - [STDERR_REDIRECT] 
2026-04-29 17:34:47,507 [ERROR] LogOutputStream:75 - [STDERR_REDIRECT] [Fatal Error] :1:1: Premature end of file.
2026-04-29 17:34:47,507 [ERROR] LogOutputStream:75 - [STDERR_REDIRECT] 
2026-04-29 17:34:48,514 [ERROR] LogOutputStream:75 - [STDERR_REDIRECT] [Fatal Error] :1:1: Premature end of file.
2026-04-29 17:34:48,514 [ERROR] LogOutputStream:75 - [STDERR_REDIRECT] 
2026-04-29 17:34:49,509 [ERROR] LogOutputStream:75 - [STDERR_REDIRECT] [Fatal Error] :1:1: Premature end of file.
2026-04-29 17:34:49,509 [ERROR] LogOutputStream:75 - [STDERR_REDIRECT] 
2026-04-29 17:34:50,509 [ERROR] LogOutputStream:75 - [STDERR_REDIRECT] [Fatal Error] :1:1: Premature end of file.
2026-04-29 17:34:50,509 [ERROR] LogOutputStream:75 - [STDERR_REDIRECT] 
2026-04-29 17:34:51,509 [ERROR] LogOutputStream:75 - [STDERR_REDIRECT] [Fatal Error] :1:1: Premature end of file.
2026-04-29 17:34:51,509 [ERROR] LogOutputStream:75 - [STDERR_REDIRECT] 
2026-04-29 17:34:52,515 [ERROR] LogOutputStream:75 - [STDERR_REDIRECT] [Fatal Error] :1:1: Premature end of file.
2026-04-29 17:34:52,515 [ERROR] LogOutputStream:75 - [STDERR_REDIRECT] 
2026-04-29 17:34:53,512 [ERROR] LogOutputStream:75 - [STDERR_REDIRECT] [Fatal Error] :1:1: Premature end of file.
2026-04-29 17:34:53,512 [ERROR] LogOutputStream:75 - [STDERR_REDIRECT] 
2026-04-29 17:34:54,501 [ERROR] LogOutputStream:75 - [STDERR_REDIRECT] [Fatal Error] :1:1: Premature end of file.
2026-04-29 17:34:54,501 [ERROR] LogOutputStream:75 - [STDERR_REDIRECT] 
2026-04-29 17:34:55,504 [ERROR] LogOutputStream:75 - [STDERR_REDIRECT] [Fatal Error] :1:1: Premature end of file.
2026-04-29 17:34:55,504 [ERROR] LogOutputStream:75 - [STDERR_REDIRECT] 
2026-04-29 17:34:56,514 [ERROR] LogOutputStream:75 - [STDERR_REDIRECT] [Fatal Error] :1:1: Premature end of file.
2026-04-29 17:34:56,515 [ERROR] LogOutputStream:75 - [STDERR_REDIRECT] 
2026-04-29 17:34:57,511 [ERROR] LogOutputStream:75 - [STDERR_REDIRECT] [Fatal Error] :1:1: Premature end of file.
2026-04-29 17:34:57,511 [ERROR] LogOutputStream:75 - [STDERR_REDIRECT] 
2026-04-29 17:34:58,500 [ERROR] LogOutputStream:75 - [STDERR_REDIRECT] [Fatal Error] :1:1: Premature end of file.
2026-04-29 17:34:58,500 [ERROR] LogOutputStream:75 - [STDERR_REDIRECT] 
2026-04-29 17:34:59,516 [ERROR] LogOutputStream:75 - [STDERR_REDIRECT] [Fatal Error] :1:1: Premature end of file.
2026-04-29 17:34:59,539 [ERROR] LogOutputStream:75 - [STDERR_REDIRECT] 
2026-04-29 17:35:00,511 [ERROR] LogOutputStream:75 - [STDERR_REDIRECT] [Fatal Error] :1:1: Premature end of file.
2026-04-29 17:35:00,512 [ERROR] LogOutputStream:75 - [STDERR_REDIRECT] 
2026-04-29 17:35:01,512 [ERROR] LogOutputStream:75 - [STDERR_REDIRECT] [Fatal Error] :1:1: Premature end of file.
2026-04-29 17:35:01,512 [ERROR] LogOutputStream:75 - [STDERR_REDIRECT] 
2026-04-29 17:35:02,513 [ERROR] LogOutputStream:75 - [STDERR_REDIRECT] [Fatal Error] :1:1: Premature end of file.
2026-04-29 17:35:02,513 [ERROR] LogOutputStream:75 - [STDERR_REDIRECT] 
2026-04-29 17:35:03,576 [ERROR] LogOutputStream:75 - [STDERR_REDIRECT] [Fatal Error] :1:1: Premature end of file.
2026-04-29 17:35:03,576 [ERROR] LogOutputStream:75 - [STDERR_REDIRECT] 
2026-04-29 17:35:04,500 [ERROR] LogOutputStream:75 - [STDERR_REDIRECT] [Fatal Error] :1:1: Premature end of file.
2026-04-29 17:35:04,500 [ERROR] LogOutputStream:75 - [STDERR_REDIRECT] 
2026-04-29 17:35:05,522 [ERROR] LogOutputStream:75 - [STDERR_REDIRECT] [Fatal Error] :1:1: Premature end of file.
2026-04-29 17:35:05,522 [ERROR] LogOutputStream:75 - [STDERR_REDIRECT] 
2026-04-29 17:35:06,485 [ERROR] LogOutputStream:75 - [STDERR_REDIRECT] [Fatal Error] :1:1: Premature end of file.
2026-04-29 17:35:06,485 [ERROR] LogOutputStream:75 - [STDERR_REDIRECT] 
2026-04-29 17:35:07,497 [ERROR] LogOutputStream:75 - [STDERR_REDIRECT] [Fatal Error] :1:1: Premature end of file.
2026-04-29 17:35:07,497 [ERROR] LogOutputStream:75 - [STDERR_REDIRECT] 
2026-04-29 17:35:08,517 [ERROR] LogOutputStream:75 - [STDERR_REDIRECT] [Fatal Error] :1:1: Premature end of file.
2026-04-29 17:35:08,517 [ERROR] LogOutputStream:75 - [STDERR_REDIRECT] 
2026-04-29 17:35:09,507 [ERROR] LogOutputStream:75 - [STDERR_REDIRECT] [Fatal Error] :1:1: Premature end of file.
2026-04-29 17:35:09,507 [ERROR] LogOutputStream:75 - [STDERR_REDIRECT] 
2026-04-29 17:35:10,511 [ERROR] LogOutputStream:75 - [STDERR_REDIRECT] [Fatal Error] :1:1: Premature end of file.
2026-04-29 17:35:10,511 [ERROR] LogOutputStream:75 - [STDERR_REDIRECT] 
2026-04-29 17:35:11,515 [ERROR] LogOutputStream:75 - [STDERR_REDIRECT] [Fatal Error] :1:1: Premature end of file.
2026-04-29 17:35:11,515 [ERROR] LogOutputStream:75 - [STDERR_REDIRECT] 
2026-04-29 17:35:12,536 [ERROR] LogOutputStream:75 - [STDERR_REDIRECT] [Fatal Error] :1:1: Premature end of file.
2026-04-29 17:35:12,536 [ERROR] LogOutputStream:75 - [STDERR_REDIRECT] 
2026-04-29 17:35:13,502 [ERROR] LogOutputStream:75 - [STDERR_REDIRECT] [Fatal Error] :1:1: Premature end of file.
2026-04-29 17:35:13,502 [ERROR] LogOutputStream:75 - [STDERR_REDIRECT] 
2026-04-29 17:35:14,517 [ERROR] LogOutputStream:75 - [STDERR_REDIRECT] [Fatal Error] :1:1: Premature end of file.
2026-04-29 17:35:14,533 [ERROR] LogOutputStream:75 - [STDERR_REDIRECT] 
2026-04-29 17:35:15,480 [ERROR] LogOutputStream:75 - [STDERR_REDIRECT] [Fatal Error] :1:1: Premature end of file.
2026-04-29 17:35:15,480 [ERROR] LogOutputStream:75 - [STDERR_REDIRECT] 
2026-04-29 17:35:16,521 [ERROR] LogOutputStream:75 - [STDERR_REDIRECT] [Fatal Error] :1:1: Premature end of file.
2026-04-29 17:35:16,521 [ERROR] LogOutputStream:75 - [STDERR_REDIRECT] 
2026-04-29 17:35:17,513 [ERROR] LogOutputStream:75 - [STDERR_REDIRECT] [Fatal Error] :1:1: Premature end of file.
2026-04-29 17:35:17,513 [ERROR] LogOutputStream:75 - [STDERR_REDIRECT] 
2026-04-29 17:35:18,528 [ERROR] LogOutputStream:75 - [STDERR_REDIRECT] [Fatal Error] :1:1: Premature end of file.
2026-04-29 17:35:18,528 [ERROR] LogOutputStream:75 - [STDERR_REDIRECT] 
2026-04-29 17:35:19,491 [ERROR] LogOutputStream:75 - [STDERR_REDIRECT] [Fatal Error] :1:1: Premature end of file.
2026-04-29 17:35:19,491 [ERROR] LogOutputStream:75 - [STDERR_REDIRECT] 
2026-04-29 17:35:20,519 [ERROR] LogOutputStream:75 - [STDERR_REDIRECT] [Fatal Error] :1:1: Premature end of file.
2026-04-29 17:35:20,519 [ERROR] LogOutputStream:75 - [STDERR_REDIRECT] 
2026-04-29 17:35:21,522 [ERROR] LogOutputStream:75 - [STDERR_REDIRECT] [Fatal Error] :1:1: Premature end of file.
2026-04-29 17:35:21,522 [ERROR] LogOutputStream:75 - [STDERR_REDIRECT] 
2026-04-29 17:35:22,493 [ERROR] LogOutputStream:75 - [STDERR_REDIRECT] [Fatal Error] :1:1: Premature end of file.
2026-04-29 17:35:22,493 [ERROR] LogOutputStream:75 - [STDERR_REDIRECT] 
2026-04-29 17:35:23,510 [ERROR] LogOutputStream:75 - [STDERR_REDIRECT] [Fatal Error] :1:1: Premature end of file.
2026-04-29 17:35:23,510 [ERROR] LogOutputStream:75 - [STDERR_REDIRECT] 
2026-04-29 17:35:24,545 [ERROR] LogOutputStream:75 - [STDERR_REDIRECT] [Fatal Error] :1:1: Premature end of file.
2026-04-29 17:35:24,545 [ERROR] LogOutputStream:75 - [STDERR_REDIRECT] 
2026-04-29 17:35:25,508 [ERROR] LogOutputStream:75 - [STDERR_REDIRECT] [Fatal Error] :1:1: Premature end of file.
2026-04-29 17:35:25,508 [ERROR] LogOutputStream:75 - [STDERR_REDIRECT] 
2026-04-29 17:35:26,517 [ERROR] LogOutputStream:75 - [STDERR_REDIRECT] [Fatal Error] :1:1: Premature end of file.
2026-04-29 17:35:26,517 [ERROR] LogOutputStream:75 - [STDERR_REDIRECT] 
2026-04-29 17:35:27,521 [ERROR] LogOutputStream:75 - [STDERR_REDIRECT] [Fatal Error] :1:1: Premature end of file.
2026-04-29 17:35:27,537 [ERROR] LogOutputStream:75 - [STDERR_REDIRECT] 
2026-04-29 17:35:28,493 [ERROR] LogOutputStream:75 - [STDERR_REDIRECT] [Fatal Error] :1:1: Premature end of file.
2026-04-29 17:35:28,493 [ERROR] LogOutputStream:75 - [STDERR_REDIRECT] 
2026-04-29 17:35:29,555 [ERROR] LogOutputStream:75 - [STDERR_REDIRECT] [Fatal Error] :1:1: Premature end of file.
2026-04-29 17:35:29,555 [ERROR] LogOutputStream:75 - [STDERR_REDIRECT] 
2026-04-29 17:35:30,524 [ERROR] LogOutputStream:75 - [STDERR_REDIRECT] [Fatal Error] :1:1: Premature end of file.
2026-04-29 17:35:30,524 [ERROR] LogOutputStream:75 - [STDERR_REDIRECT] 
2026-04-29 17:35:31,537 [ERROR] LogOutputStream:75 - [STDERR_REDIRECT] [Fatal Error] :1:1: Premature end of file.
2026-04-29 17:35:31,539 [ERROR] LogOutputStream:75 - [STDERR_REDIRECT] 
2026-04-29 17:35:32,492 [ERROR] LogOutputStream:75 - [STDERR_REDIRECT] [Fatal Error] :1:1: Premature end of file.
2026-04-29 17:35:32,492 [ERROR] LogOutputStream:75 - [STDERR_REDIRECT] 
2026-04-29 17:35:33,531 [ERROR] LogOutputStream:75 - [STDERR_REDIRECT] [Fatal Error] :1:1: Premature end of file.
2026-04-29 17:35:33,531 [ERROR] LogOutputStream:75 - [STDERR_REDIRECT] 
2026-04-29 17:35:34,523 [ERROR] LogOutputStream:75 - [STDERR_REDIRECT] [Fatal Error] :1:1: Premature end of file.
2026-04-29 17:35:34,525 [ERROR] LogOutputStream:75 - [STDERR_REDIRECT] 
2026-04-29 17:35:35,527 [ERROR] LogOutputStream:75 - [STDERR_REDIRECT] [Fatal Error] :1:1: Premature end of file.
2026-04-29 17:35:35,527 [ERROR] LogOutputStream:75 - [STDERR_REDIRECT] 
2026-04-29 17:35:36,492 [ERROR] LogOutputStream:75 - [STDERR_REDIRECT] [Fatal Error] :1:1: Premature end of file.
2026-04-29 17:35:36,492 [ERROR] LogOutputStream:75 - [STDERR_REDIRECT] 
2026-04-29 17:35:37,509 [ERROR] LogOutputStream:75 - [STDERR_REDIRECT] [Fatal Error] :1:1: Premature end of file.
2026-04-29 17:35:37,509 [ERROR] LogOutputStream:75 - [STDERR_REDIRECT] 
2026-04-29 17:35:38,521 [ERROR] LogOutputStream:75 - [STDERR_REDIRECT] [Fatal Error] :1:1: Premature end of file.
2026-04-29 17:35:38,521 [ERROR] LogOutputStream:75 - [STDERR_REDIRECT] 
2026-04-29 17:35:39,486 [ERROR] LogOutputStream:75 - [STDERR_REDIRECT] [Fatal Error] :1:1: Premature end of file.
2026-04-29 17:35:39,486 [ERROR] LogOutputStream:75 - [STDERR_REDIRECT] 
2026-04-29 17:35:40,496 [ERROR] LogOutputStream:75 - [STDERR_REDIRECT] [Fatal Error] :1:1: Premature end of file.
2026-04-29 17:35:40,496 [ERROR] LogOutputStream:75 - [STDERR_REDIRECT] 
2026-04-29 17:35:41,493 [ERROR] LogOutputStream:75 - [STDERR_REDIRECT] [Fatal Error] :1:1: Premature end of file.
2026-04-29 17:35:41,493 [ERROR] LogOutputStream:75 - [STDERR_REDIRECT] 
2026-04-29 17:35:42,519 [ERROR] LogOutputStream:75 - [STDERR_REDIRECT] [Fatal Error] :1:1: Premature end of file.
2026-04-29 17:35:42,519 [ERROR] LogOutputStream:75 - [STDERR_REDIRECT] 
2026-04-29 17:35:43,511 [ERROR] LogOutputStream:75 - [STDERR_REDIRECT] [Fatal Error] :1:1: Premature end of file.
2026-04-29 17:35:43,511 [ERROR] LogOutputStream:75 - [STDERR_REDIRECT] 
2026-04-29 17:35:44,518 [ERROR] LogOutputStream:75 - [STDERR_REDIRECT] [Fatal Error] :1:1: Premature end of file.
2026-04-29 17:35:44,518 [ERROR] LogOutputStream:75 - [STDERR_REDIRECT] 
2026-04-29 17:35:45,508 [ERROR] LogOutputStream:75 - [STDERR_REDIRECT] [Fatal Error] :1:1: Premature end of file.
2026-04-29 17:35:45,508 [ERROR] LogOutputStream:75 - [STDERR_REDIRECT] 
2026-04-29 17:35:46,524 [ERROR] LogOutputStream:75 - [STDERR_REDIRECT] [Fatal Error] :1:1: Premature end of file.
2026-04-29 17:35:46,524 [ERROR] LogOutputStream:75 - [STDERR_REDIRECT] 
2026-04-29 17:35:47,515 [ERROR] LogOutputStream:75 - [STDERR_REDIRECT] [Fatal Error] :1:1: Premature end of file.
2026-04-29 17:35:47,521 [ERROR] LogOutputStream:75 - [STDERR_REDIRECT] 
2026-04-29 17:35:48,523 [ERROR] LogOutputStream:75 - [STDERR_REDIRECT] [Fatal Error] :1:1: Premature end of file.
2026-04-29 17:35:48,528 [ERROR] LogOutputStream:75 - [STDERR_REDIRECT] 
2026-04-29 17:35:49,531 [ERROR] LogOutputStream:75 - [STDERR_REDIRECT] [Fatal Error] :1:1: Premature end of file.
2026-04-29 17:35:49,531 [ERROR] LogOutputStream:75 - [STDERR_REDIRECT] 
2026-04-29 17:35:50,535 [ERROR] LogOutputStream:75 - [STDERR_REDIRECT] [Fatal Error] :1:1: Premature end of file.
2026-04-29 17:35:50,535 [ERROR] LogOutputStream:75 - [STDERR_REDIRECT] 
2026-04-29 17:35:51,522 [ERROR] LogOutputStream:75 - [STDERR_REDIRECT] [Fatal Error] :1:1: Premature end of file.
2026-04-29 17:35:51,522 [ERROR] LogOutputStream:75 - [STDERR_REDIRECT] 
2026-04-29 17:35:52,499 [ERROR] LogOutputStream:75 - [STDERR_REDIRECT] [Fatal Error] :1:1: Premature end of file.
2026-04-29 17:35:52,499 [ERROR] LogOutputStream:75 - [STDERR_REDIRECT] 
2026-04-29 17:35:53,521 [ERROR] LogOutputStream:75 - [STDERR_REDIRECT] [Fatal Error] :1:1: Premature end of file.
2026-04-29 17:35:53,521 [ERROR] LogOutputStream:75 - [STDERR_REDIRECT] 
2026-04-29 17:35:54,512 [ERROR] LogOutputStream:75 - [STDERR_REDIRECT] [Fatal Error] :1:1: Premature end of file.
2026-04-29 17:35:54,512 [ERROR] LogOutputStream:75 - [STDERR_REDIRECT] 
2026-04-29 17:35:55,527 [ERROR] LogOutputStream:75 - [STDERR_REDIRECT] [Fatal Error] :1:1: Premature end of file.
2026-04-29 17:35:55,527 [ERROR] LogOutputStream:75 - [STDERR_REDIRECT] 
2026-04-29 17:35:56,519 [ERROR] LogOutputStream:75 - [STDERR_REDIRECT] [Fatal Error] :1:1: Premature end of file.
2026-04-29 17:35:56,519 [ERROR] LogOutputStream:75 - [STDERR_REDIRECT] 
2026-04-29 17:35:57,529 [ERROR] LogOutputStream:75 - [STDERR_REDIRECT] [Fatal Error] :1:1: Premature end of file.
2026-04-29 17:35:57,529 [ERROR] LogOutputStream:75 - [STDERR_REDIRECT] 
2026-04-29 17:35:58,510 [ERROR] LogOutputStream:75 - [STDERR_REDIRECT] [Fatal Error] :1:1: Premature end of file.
2026-04-29 17:35:58,510 [ERROR] LogOutputStream:75 - [STDERR_REDIRECT] 
2026-04-29 17:35:59,521 [ERROR] LogOutputStream:75 - [STDERR_REDIRECT] [Fatal Error] :1:1: Premature end of file.
2026-04-29 17:35:59,521 [ERROR] LogOutputStream:75 - [STDERR_REDIRECT] 
2026-04-29 17:36:00,522 [ERROR] LogOutputStream:75 - [STDERR_REDIRECT] [Fatal Error] :1:1: Premature end of file.
2026-04-29 17:36:00,522 [ERROR] LogOutputStream:75 - [STDERR_REDIRECT] 
2026-04-29 17:36:01,530 [ERROR] LogOutputStream:75 - [STDERR_REDIRECT] [Fatal Error] :1:1: Premature end of file.
2026-04-29 17:36:01,530 [ERROR] LogOutputStream:75 - [STDERR_REDIRECT] 
2026-04-29 17:36:02,520 [ERROR] LogOutputStream:75 - [STDERR_REDIRECT] [Fatal Error] :1:1: Premature end of file.
2026-04-29 17:36:02,520 [ERROR] LogOutputStream:75 - [STDERR_REDIRECT] 
2026-04-29 17:36:03,528 [ERROR] LogOutputStream:75 - [STDERR_REDIRECT] [Fatal Error] :1:1: Premature end of file.
2026-04-29 17:36:03,528 [ERROR] LogOutputStream:75 - [STDERR_REDIRECT] 
2026-04-29 17:36:04,513 [ERROR] LogOutputStream:75 - [STDERR_REDIRECT] [Fatal Error] :1:1: Premature end of file.
2026-04-29 17:36:04,513 [ERROR] LogOutputStream:75 - [STDERR_REDIRECT] 
2026-04-29 17:36:05,510 [ERROR] LogOutputStream:75 - [STDERR_REDIRECT] [Fatal Error] :1:1: Premature end of file.
2026-04-29 17:36:05,510 [ERROR] LogOutputStream:75 - [STDERR_REDIRECT] 
2026-04-29 17:36:06,530 [ERROR] LogOutputStream:75 - [STDERR_REDIRECT] [Fatal Error] :1:1: Premature end of file.
2026-04-29 17:36:06,530 [ERROR] LogOutputStream:75 - [STDERR_REDIRECT] 
2026-04-29 17:36:07,524 [ERROR] LogOutputStream:75 - [STDERR_REDIRECT] [Fatal Error] :1:1: Premature end of file.
2026-04-29 17:36:07,524 [ERROR] LogOutputStream:75 - [STDERR_REDIRECT] 
2026-04-29 17:36:08,529 [ERROR] LogOutputStream:75 - [STDERR_REDIRECT] [Fatal Error] :1:1: Premature end of file.
2026-04-29 17:36:08,529 [ERROR] LogOutputStream:75 - [STDERR_REDIRECT] 
2026-04-29 17:36:09,502 [ERROR] LogOutputStream:75 - [STDERR_REDIRECT] [Fatal Error] :1:1: Premature end of file.
2026-04-29 17:36:09,502 [ERROR] LogOutputStream:75 - [STDERR_REDIRECT] 
2026-04-29 17:36:10,526 [ERROR] LogOutputStream:75 - [STDERR_REDIRECT] [Fatal Error] :1:1: Premature end of file.
2026-04-29 17:36:10,526 [ERROR] LogOutputStream:75 - [STDERR_REDIRECT] 
2026-04-29 17:36:11,517 [ERROR] LogOutputStream:75 - [STDERR_REDIRECT] [Fatal Error] :1:1: Premature end of file.
2026-04-29 17:36:11,517 [ERROR] LogOutputStream:75 - [STDERR_REDIRECT] 
2026-04-29 17:36:12,526 [ERROR] LogOutputStream:75 - [STDERR_REDIRECT] [Fatal Error] :1:1: Premature end of file.
2026-04-29 17:36:12,526 [ERROR] LogOutputStream:75 - [STDERR_REDIRECT] 
2026-04-29 17:36:13,527 [ERROR] LogOutputStream:75 - [STDERR_REDIRECT] [Fatal Error] :1:1: Premature end of file.
2026-04-29 17:36:13,527 [ERROR] LogOutputStream:75 - [STDERR_REDIRECT] 
2026-04-29 17:36:14,533 [ERROR] LogOutputStream:75 - [STDERR_REDIRECT] [Fatal Error] :1:1: Premature end of file.
2026-04-29 17:36:14,533 [ERROR] LogOutputStream:75 - [STDERR_REDIRECT] 
2026-04-29 17:36:15,531 [ERROR] LogOutputStream:75 - [STDERR_REDIRECT] [Fatal Error] :1:1: Premature end of file.
2026-04-29 17:36:15,531 [ERROR] LogOutputStream:75 - [STDERR_REDIRECT] 
2026-04-29 17:36:16,516 [ERROR] LogOutputStream:75 - [STDERR_REDIRECT] [Fatal Error] :1:1: Premature end of file.
2026-04-29 17:36:16,516 [ERROR] LogOutputStream:75 - [STDERR_REDIRECT] 
2026-04-29 17:36:17,521 [ERROR] LogOutputStream:75 - [STDERR_REDIRECT] [Fatal Error] :1:1: Premature end of file.
2026-04-29 17:36:17,521 [ERROR] LogOutputStream:75 - [STDERR_REDIRECT] 
2026-04-29 17:36:18,528 [ERROR] LogOutputStream:75 - [STDERR_REDIRECT] [Fatal Error] :1:1: Premature end of file.
2026-04-29 17:36:18,528 [ERROR] LogOutputStream:75 - [STDERR_REDIRECT] 
2026-04-29 17:36:19,515 [ERROR] LogOutputStream:75 - [STDERR_REDIRECT] [Fatal Error] :1:1: Premature end of file.
2026-04-29 17:36:19,515 [ERROR] LogOutputStream:75 - [STDERR_REDIRECT] 
2026-04-29 17:36:20,509 [ERROR] LogOutputStream:75 - [STDERR_REDIRECT] [Fatal Error] :1:1: Premature end of file.
2026-04-29 17:36:20,509 [ERROR] LogOutputStream:75 - [STDERR_REDIRECT] 
2026-04-29 17:36:21,527 [ERROR] LogOutputStream:75 - [STDERR_REDIRECT] [Fatal Error] :1:1: Premature end of file.
2026-04-29 17:36:21,527 [ERROR] LogOutputStream:75 - [STDERR_REDIRECT] 
2026-04-29 17:36:22,510 [ERROR] LogOutputStream:75 - [STDERR_REDIRECT] [Fatal Error] :1:1: Premature end of file.
2026-04-29 17:36:22,510 [ERROR] LogOutputStream:75 - [STDERR_REDIRECT] 
2026-04-29 17:36:23,516 [ERROR] LogOutputStream:75 - [STDERR_REDIRECT] [Fatal Error] :1:1: Premature end of file.
2026-04-29 17:36:23,516 [ERROR] LogOutputStream:75 - [STDERR_REDIRECT] 
2026-04-29 17:36:24,523 [ERROR] LogOutputStream:75 - [STDERR_REDIRECT] [Fatal Error] :1:1: Premature end of file.
2026-04-29 17:36:24,523 [ERROR] LogOutputStream:75 - [STDERR_REDIRECT] 
2026-04-29 17:36:25,529 [ERROR] LogOutputStream:75 - [STDERR_REDIRECT] [Fatal Error] :1:1: Premature end of file.
2026-04-29 17:36:25,529 [ERROR] LogOutputStream:75 - [STDERR_REDIRECT] 
2026-04-29 17:36:26,520 [ERROR] LogOutputStream:75 - [STDERR_REDIRECT] [Fatal Error] :1:1: Premature end of file.
2026-04-29 17:36:26,520 [ERROR] LogOutputStream:75 - [STDERR_REDIRECT] 
2026-04-29 17:36:27,519 [ERROR] LogOutputStream:75 - [STDERR_REDIRECT] [Fatal Error] :1:1: Premature end of file.
2026-04-29 17:36:27,519 [ERROR] LogOutputStream:75 - [STDERR_REDIRECT] 
2026-04-29 17:36:28,529 [ERROR] LogOutputStream:75 - [STDERR_REDIRECT] [Fatal Error] :1:1: Premature end of file.
2026-04-29 17:36:28,529 [ERROR] LogOutputStream:75 - [STDERR_REDIRECT] 
2026-04-29 17:36:29,519 [ERROR] LogOutputStream:75 - [STDERR_REDIRECT] [Fatal Error] :1:1: Premature end of file.
2026-04-29 17:36:29,519 [ERROR] LogOutputStream:75 - [STDERR_REDIRECT] 
2026-04-29 17:36:30,527 [ERROR] LogOutputStream:75 - [STDERR_REDIRECT] [Fatal Error] :1:1: Premature end of file.
2026-04-29 17:36:30,527 [ERROR] LogOutputStream:75 - [STDERR_REDIRECT] 
2026-04-29 17:36:31,522 [ERROR] LogOutputStream:75 - [STDERR_REDIRECT] [Fatal Error] :1:1: Premature end of file.
2026-04-29 17:36:31,522 [ERROR] LogOutputStream:75 - [STDERR_REDIRECT] 
2026-04-29 17:36:32,506 [ERROR] LogOutputStream:75 - [STDERR_REDIRECT] [Fatal Error] :1:1: Premature end of file.
2026-04-29 17:36:32,506 [ERROR] LogOutputStream:75 - [STDERR_REDIRECT] 
2026-04-29 17:36:33,524 [ERROR] LogOutputStream:75 - [STDERR_REDIRECT] [Fatal Error] :1:1: Premature end of file.
2026-04-29 17:36:33,524 [ERROR] LogOutputStream:75 - [STDERR_REDIRECT] 
2026-04-29 17:36:34,530 [ERROR] LogOutputStream:75 - [STDERR_REDIRECT] [Fatal Error] :1:1: Premature end of file.
2026-04-29 17:36:34,530 [ERROR] LogOutputStream:75 - [STDERR_REDIRECT] 
2026-04-29 17:36:35,545 [ERROR] LogOutputStream:75 - [STDERR_REDIRECT] [Fatal Error] :1:1: Premature end of file.
2026-04-29 17:36:35,545 [ERROR] LogOutputStream:75 - [STDERR_REDIRECT] 
2026-04-29 17:36:36,530 [ERROR] LogOutputStream:75 - [STDERR_REDIRECT] [Fatal Error] :1:1: Premature end of file.
2026-04-29 17:36:36,530 [ERROR] LogOutputStream:75 - [STDERR_REDIRECT] 
2026-04-29 17:36:37,518 [ERROR] LogOutputStream:75 - [STDERR_REDIRECT] [Fatal Error] :1:1: Premature end of file.
2026-04-29 17:36:37,518 [ERROR] LogOutputStream:75 - [STDERR_REDIRECT] 
2026-04-29 17:36:38,514 [ERROR] LogOutputStream:75 - [STDERR_REDIRECT] [Fatal Error] :1:1: Premature end of file.
2026-04-29 17:36:38,514 [ERROR] LogOutputStream:75 - [STDERR_REDIRECT] 
2026-04-29 17:36:39,519 [ERROR] LogOutputStream:75 - [STDERR_REDIRECT] [Fatal Error] :1:1: Premature end of file.
2026-04-29 17:36:39,519 [ERROR] LogOutputStream:75 - [STDERR_REDIRECT] 
2026-04-29 17:36:40,523 [ERROR] LogOutputStream:75 - [STDERR_REDIRECT] [Fatal Error] :1:1: Premature end of file.
2026-04-29 17:36:40,523 [ERROR] LogOutputStream:75 - [STDERR_REDIRECT] 
2026-04-29 17:36:41,511 [ERROR] LogOutputStream:75 - [STDERR_REDIRECT] [Fatal Error] :1:1: Premature end of file.
2026-04-29 17:36:41,511 [ERROR] LogOutputStream:75 - [STDERR_REDIRECT] 
2026-04-29 17:36:42,518 [ERROR] LogOutputStream:75 - [STDERR_REDIRECT] [Fatal Error] :1:1: Premature end of file.
2026-04-29 17:36:42,518 [ERROR] LogOutputStream:75 - [STDERR_REDIRECT] 
2026-04-29 17:36:43,508 [ERROR] LogOutputStream:75 - [STDERR_REDIRECT] [Fatal Error] :1:1: Premature end of file.
2026-04-29 17:36:43,508 [ERROR] LogOutputStream:75 - [STDERR_REDIRECT] 
2026-04-29 17:36:44,496 [ERROR] LogOutputStream:75 - [STDERR_REDIRECT] [Fatal Error] :1:1: Premature end of file.
2026-04-29 17:36:44,496 [ERROR] LogOutputStream:75 - [STDERR_REDIRECT] 
2026-04-29 17:36:45,496 [ERROR] LogOutputStream:75 - [STDERR_REDIRECT] [Fatal Error] :1:1: Premature end of file.
2026-04-29 17:36:45,496 [ERROR] LogOutputStream:75 - [STDERR_REDIRECT] 
2026-04-29 17:36:46,511 [ERROR] LogOutputStream:75 - [STDERR_REDIRECT] [Fatal Error] :1:1: Premature end of file.
2026-04-29 17:36:46,511 [ERROR] LogOutputStream:75 - [STDERR_REDIRECT] 
2026-04-29 17:36:47,508 [ERROR] LogOutputStream:75 - [STDERR_REDIRECT] [Fatal Error] :1:1: Premature end of file.
2026-04-29 17:36:47,508 [ERROR] LogOutputStream:75 - [STDERR_REDIRECT] 
2026-04-29 17:36:48,504 [ERROR] LogOutputStream:75 - [STDERR_REDIRECT] [Fatal Error] :1:1: Premature end of file.
2026-04-29 17:36:48,504 [ERROR] LogOutputStream:75 - [STDERR_REDIRECT] 
2026-04-29 17:36:49,515 [ERROR] LogOutputStream:75 - [STDERR_REDIRECT] [Fatal Error] :1:1: Premature end of file.
2026-04-29 17:36:49,516 [ERROR] LogOutputStream:75 - [STDERR_REDIRECT] 
2026-04-29 17:36:50,509 [ERROR] LogOutputStream:75 - [STDERR_REDIRECT] [Fatal Error] :1:1: Premature end of file.
2026-04-29 17:36:50,510 [ERROR] LogOutputStream:75 - [STDERR_REDIRECT] 
2026-04-29 17:36:51,509 [ERROR] LogOutputStream:75 - [STDERR_REDIRECT] [Fatal Error] :1:1: Premature end of file.
2026-04-29 17:36:51,510 [ERROR] LogOutputStream:75 - [STDERR_REDIRECT] 
2026-04-29 17:36:52,503 [ERROR] LogOutputStream:75 - [STDERR_REDIRECT] [Fatal Error] :1:1: Premature end of file.
2026-04-29 17:36:52,503 [ERROR] LogOutputStream:75 - [STDERR_REDIRECT] 
2026-04-29 17:36:53,504 [ERROR] LogOutputStream:75 - [STDERR_REDIRECT] [Fatal Error] :1:1: Premature end of file.
2026-04-29 17:36:53,504 [ERROR] LogOutputStream:75 - [STDERR_REDIRECT] 
2026-04-29 17:36:54,509 [ERROR] LogOutputStream:75 - [STDERR_REDIRECT] [Fatal Error] :1:1: Premature end of file.
2026-04-29 17:36:54,509 [ERROR] LogOutputStream:75 - [STDERR_REDIRECT] 
2026-04-29 17:36:55,509 [ERROR] LogOutputStream:75 - [STDERR_REDIRECT] [Fatal Error] :1:1: Premature end of file.
2026-04-29 17:36:55,509 [ERROR] LogOutputStream:75 - [STDERR_REDIRECT] 
2026-04-29 17:36:56,499 [ERROR] LogOutputStream:75 - [STDERR_REDIRECT] [Fatal Error] :1:1: Premature end of file.
2026-04-29 17:36:56,499 [ERROR] LogOutputStream:75 - [STDERR_REDIRECT] 
2026-04-29 17:36:57,509 [ERROR] LogOutputStream:75 - [STDERR_REDIRECT] [Fatal Error] :1:1: Premature end of file.
2026-04-29 17:36:57,509 [ERROR] LogOutputStream:75 - [STDERR_REDIRECT] 
2026-04-29 17:36:58,550 [ERROR] LogOutputStream:75 - [STDERR_REDIRECT] 
