2026-04-27 06:44:44,472 [INFO] Activator:176 - 


2026-04-27 06:44:44,476 [INFO] Activator:177 - !SESSION log4j initialized
2026-04-27 06:44:48,265 [INFO] LogOutputStream:77 - [STDOUT_REDIRECT] 
2026-04-27 06:44:55,413 [INFO] ApplicationProperties:184 - Using Application install path: C:\ST\STM32CubeIDE_1.18.1\STM32CubeIDE\plugins\com.st.stm32cube.common.mx_6.14.1.202504091515
2026-04-27 06:44:55,429 [INFO] DbMcusXml:78 - Set database path to: C:\ST\STM32CubeIDE_1.18.1\STM32CubeIDE\plugins\com.st.stm32cube.common.mx_6.14.1.202504091515\\db\/mcu/
2026-04-27 06:44:55,429 [INFO] ApiDb:274 - Set plugin database path to: C:\ST\STM32CubeIDE_1.18.1\STM32CubeIDE\plugins\com.st.stm32cube.common.mx_6.14.1.202504091515\\db\/plugins/boardmanager/
2026-04-27 06:44:55,430 [WARN] ApiDb:259 - Overriding images path with different value:  => C:\ST\STM32CubeIDE_1.18.1\STM32CubeIDE\plugins\com.st.stm32cube.common.mx_6.14.1.202504091515\\db\/plugins/mcufinder/images/
2026-04-27 06:44:55,434 [INFO] ApiDb:250 - Set database path to: C:\Users\salem\.stmcufinder\plugins\mcufinder//mcu/
2026-04-27 06:44:55,436 [INFO] DbMcusAds:125 - Set database path to: C:\Users\salem\.stmcufinder\plugins\mcufinder//mcu/
2026-04-27 06:44:55,437 [INFO] CrossReferenceDbSqlite:203 - Set database path to: C:\Users\salem\.stmcufinder\plugins\mcufinder//mcu/cs/
2026-04-27 06:44:55,548 [INFO] RulesReader:64 - Compatibility file has been processed (302 Rules)
2026-04-27 06:44:55,622 [INFO] DbMcusXml:78 - Set database path to: C:\ST\STM32CubeIDE_1.18.1\STM32CubeIDE\plugins\com.st.stm32cube.common.mx_6.14.1.202504091515\\db\/mcu/
2026-04-27 06:44:55,622 [INFO] ApiDb:274 - Set plugin database path to: C:\ST\STM32CubeIDE_1.18.1\STM32CubeIDE\plugins\com.st.stm32cube.common.mx_6.14.1.202504091515\\db\/plugins/boardmanager/
2026-04-27 06:44:55,622 [INFO] ApiDb:261 - Set plugin images path to: C:\ST\STM32CubeIDE_1.18.1\STM32CubeIDE\plugins\com.st.stm32cube.common.mx_6.14.1.202504091515\\db\/plugins/mcufinder/images/
2026-04-27 06:44:55,623 [WARN] DbFile:41 - Overriding database path with different value: C:\Users\salem\.stmcufinder\plugins\mcufinder/ => C:\Users\salem\.stmcufinder\plugins\mcufinder
2026-04-27 06:44:55,623 [INFO] ApiDb:250 - Set database path to: C:\Users\salem\.stmcufinder\plugins\mcufinder//mcu/
2026-04-27 06:44:55,623 [WARN] DbFile:41 - Overriding database path with different value: C:\Users\salem\.stmcufinder\plugins\mcufinder/ => C:\Users\salem\.stmcufinder\plugins\mcufinder
2026-04-27 06:44:55,623 [INFO] DbMcusAds:125 - Set database path to: C:\Users\salem\.stmcufinder\plugins\mcufinder//mcu/
2026-04-27 06:44:55,623 [WARN] DbFile:41 - Overriding database path with different value: C:\Users\salem\.stmcufinder\plugins\mcufinder/ => C:\Users\salem\.stmcufinder\plugins\mcufinder
2026-04-27 06:44:55,623 [WARN] DbFile:41 - Overriding database path with different value: C:\Users\salem\.stmcufinder\plugins\mcufinder/ => C:\Users\salem\.stmcufinder\plugins\mcufinder
2026-04-27 06:44:55,623 [INFO] CrossReferenceDbSqlite:203 - Set database path to: C:\Users\salem\.stmcufinder\plugins\mcufinder//mcu/cs/
2026-04-27 06:44:55,682 [INFO] MainPanel:272 - HeapMemory: 268435456
2026-04-27 06:44:55,743 [INFO] DbMcusXml:78 - Set database path to: C:\ST\STM32CubeIDE_1.18.1\STM32CubeIDE\plugins\com.st.stm32cube.common.mx_6.14.1.202504091515\\db\/mcu/
2026-04-27 06:44:55,743 [INFO] ApiDb:274 - Set plugin database path to: C:\ST\STM32CubeIDE_1.18.1\STM32CubeIDE\plugins\com.st.stm32cube.common.mx_6.14.1.202504091515\\db\/plugins/boardmanager/
2026-04-27 06:44:55,744 [INFO] ApiDb:261 - Set plugin images path to: C:\ST\STM32CubeIDE_1.18.1\STM32CubeIDE\plugins\com.st.stm32cube.common.mx_6.14.1.202504091515\\db\/plugins/mcufinder/images/
2026-04-27 06:44:55,744 [WARN] DbFile:41 - Overriding database path with different value: C:\Users\salem\.stmcufinder\plugins\mcufinder/ => C:\Users\salem\.stmcufinder\plugins\mcufinder
2026-04-27 06:44:55,744 [INFO] ApiDb:250 - Set database path to: C:\Users\salem\.stmcufinder\plugins\mcufinder//mcu/
2026-04-27 06:44:55,744 [WARN] DbFile:41 - Overriding database path with different value: C:\Users\salem\.stmcufinder\plugins\mcufinder/ => C:\Users\salem\.stmcufinder\plugins\mcufinder
2026-04-27 06:44:55,744 [INFO] DbMcusAds:125 - Set database path to: C:\Users\salem\.stmcufinder\plugins\mcufinder//mcu/
2026-04-27 06:44:55,744 [WARN] DbFile:41 - Overriding database path with different value: C:\Users\salem\.stmcufinder\plugins\mcufinder/ => C:\Users\salem\.stmcufinder\plugins\mcufinder
2026-04-27 06:44:55,744 [WARN] DbFile:41 - Overriding database path with different value: C:\Users\salem\.stmcufinder\plugins\mcufinder/ => C:\Users\salem\.stmcufinder\plugins\mcufinder
2026-04-27 06:44:55,744 [INFO] CrossReferenceDbSqlite:203 - Set database path to: C:\Users\salem\.stmcufinder\plugins\mcufinder//mcu/cs/
2026-04-27 06:44:55,757 [INFO] ApplicationProperties:184 - Using Application install path: C:\ST\STM32CubeIDE_1.18.1\STM32CubeIDE\plugins\com.st.stm32cube.common.mx_6.14.1.202504091515
2026-04-27 06:44:55,758 [INFO] PluginManage:196 - Search for loadable plugins [exclusion list=, ]
2026-04-27 06:44:55,759 [INFO] PluginManage:310 - Check plugin analytics
2026-04-27 06:45:00,904 [INFO] AnalyticsPlugin:253 - Accepted Software Licenses: STM32CubeMX.6.13.0
2026-04-27 06:45:00,904 [INFO] AnalyticsPlugin:255 - Accepted CMSIS Pack Licenses: 
2026-04-27 06:45:00,904 [INFO] AnalyticsPlugin:257 - Accepted Firmware Licenses: FW.F4.1.28.0,FW.C0.1.3.0,FW.C0.1.4.0
2026-04-27 06:45:00,907 [INFO] PluginManage:359 - Loaded plugin analytics (category:tool,tabindex:-1)
2026-04-27 06:45:00,907 [INFO] PluginManage:310 - Check plugin cadmodel
2026-04-27 06:45:00,910 [INFO] CADModel:105 - Init CAD model plugin
2026-04-27 06:45:00,910 [INFO] PluginManage:359 - Loaded plugin cadmodel (category:power,tabindex:5)
2026-04-27 06:45:00,910 [INFO] PluginManage:310 - Check plugin clock
2026-04-27 06:45:00,916 [INFO] PluginManage:359 - Loaded plugin clock (category:base,tabindex:2)
2026-04-27 06:45:00,916 [INFO] PluginManage:310 - Check plugin ddr
2026-04-27 06:45:00,919 [INFO] PluginManage:359 - Loaded plugin ddr (category:tool,tabindex:6)
2026-04-27 06:45:00,919 [INFO] PluginManage:310 - Check plugin filemanager
2026-04-27 06:45:01,022 [INFO] PluginManage:359 - Loaded plugin filemanager (category:base,tabindex:10)
2026-04-27 06:45:01,022 [INFO] PluginManage:310 - Check plugin ipmanager
2026-04-27 06:45:01,028 [INFO] PluginManage:359 - Loaded plugin ipmanager (category:base,tabindex:5)
2026-04-27 06:45:01,028 [INFO] PluginManage:310 - Check plugin lpbam
2026-04-27 06:45:01,034 [INFO] PluginManage:359 - Loaded plugin lpbam (category:base,tabindex:0)
2026-04-27 06:45:01,035 [INFO] PluginManage:310 - Check plugin memorymap
2026-04-27 06:45:01,043 [INFO] PluginManage:359 - Loaded plugin memorymap (category:base,tabindex:4)
2026-04-27 06:45:01,043 [INFO] PluginManage:310 - Check plugin pinoutandconfiguration
2026-04-27 06:45:01,048 [INFO] PluginManage:359 - Loaded plugin pinoutandconfiguration (category:base,tabindex:1)
2026-04-27 06:45:01,048 [INFO] PluginManage:310 - Check plugin pinoutconfig
2026-04-27 06:45:01,107 [WARN] SupportedApi:132 - Cannot load RTOS API schema: s4s-elt-must-match.1: The content of 'definitions' must match (annotation?, (simpleType | complexType)?, (unique | key | keyref)*)). A problem was found starting at: attribute.
2026-04-27 06:45:01,194 [INFO] PluginManage:359 - Loaded plugin pinoutconfig (category:base,tabindex:0)
2026-04-27 06:45:01,194 [INFO] PluginManage:310 - Check plugin power
2026-04-27 06:45:01,201 [INFO] PluginManage:359 - Loaded plugin power (category:power,tabindex:4)
2026-04-27 06:45:01,201 [INFO] PluginManage:310 - Check plugin projectmanager
2026-04-27 06:45:01,214 [INFO] PluginManage:359 - Loaded plugin projectmanager (category:projectmanager,tabindex:4)
2026-04-27 06:45:01,214 [INFO] PluginManage:310 - Check plugin rif
2026-04-27 06:45:01,220 [INFO] PluginManage:359 - Loaded plugin rif (category:base,tabindex:3)
2026-04-27 06:45:01,220 [INFO] PluginManage:310 - Check plugin thirdparty
2026-04-27 06:45:01,304 [INFO] PluginManage:359 - Loaded plugin thirdparty (category:base,tabindex:-1)
2026-04-27 06:45:01,304 [INFO] PluginManage:310 - Check plugin tools
2026-04-27 06:45:01,304 [WARN] IntegrityCheckThread:84 - waiting for thirdparty lock release [integrity check]
2026-04-27 06:45:01,304 [INFO] IntegrityCheckThread:86 - entering critical section [integrity check]
2026-04-27 06:45:01,304 [INFO] ThirdPartyUpdaterWithRetryManager:70 - Updater plugin not ready yet. [1/15]
2026-04-27 06:45:01,306 [INFO] PluginManage:359 - Loaded plugin tools (category:base,tabindex:7)
2026-04-27 06:45:01,306 [INFO] PluginManage:310 - Check plugin tutovideos
2026-04-27 06:45:01,431 [INFO] PluginManage:359 - Loaded plugin tutovideos (category:base,tabindex:-1)
2026-04-27 06:45:01,431 [INFO] PluginManage:310 - Check plugin updater
2026-04-27 06:45:01,450 [INFO] PluginManage:359 - Loaded plugin updater (category:base,tabindex:12)
2026-04-27 06:45:01,450 [INFO] PluginManage:310 - Check plugin userauth
2026-04-27 06:45:01,454 [INFO] UserAuth:118 - Init User Auth plugin
2026-04-27 06:45:01,455 [INFO] PluginManage:359 - Loaded plugin userauth (category:base,tabindex:14)
2026-04-27 06:45:01,457 [INFO] PluginManage:283 - PluginManage : Loaded plugins [18]
2026-04-27 06:45:01,653 [INFO] PinOutPanel:1589 - setPackage(No Configuration,No Configuration)
2026-04-27 06:45:01,724 [INFO] CADModel:165 - CPN selected for project level
2026-04-27 06:45:01,724 [INFO] CADModel:114 - Register for checkConnection events
2026-04-27 06:45:01,738 [INFO] IPUIPlugin:80 - create IPUIPlugin
2026-04-27 06:45:01,739 [INFO] PluginManager:220 - loadIPPluginJar : add adc
2026-04-27 06:45:01,741 [INFO] IPUIPlugin:80 - create IPUIPlugin
2026-04-27 06:45:01,741 [INFO] PluginManager:220 - loadIPPluginJar : add aes
2026-04-27 06:45:01,743 [INFO] IPUIPlugin:80 - create IPUIPlugin
2026-04-27 06:45:01,743 [INFO] PluginManager:220 - loadIPPluginJar : add can
2026-04-27 06:45:01,745 [INFO] IPUIPlugin:80 - create IPUIPlugin
2026-04-27 06:45:01,745 [INFO] PluginManager:220 - loadIPPluginJar : add comp
2026-04-27 06:45:01,747 [INFO] IPUIPlugin:80 - create IPUIPlugin
2026-04-27 06:45:01,748 [INFO] PluginManager:220 - loadIPPluginJar : add cryp
2026-04-27 06:45:01,749 [INFO] IPUIPlugin:80 - create IPUIPlugin
2026-04-27 06:45:01,750 [INFO] PluginManager:220 - loadIPPluginJar : add ddr_ctrl_phy
2026-04-27 06:45:01,753 [INFO] IPUIPlugin:80 - create IPUIPlugin
2026-04-27 06:45:01,753 [INFO] PluginManager:220 - loadIPPluginJar : add dfsdm
2026-04-27 06:45:01,757 [INFO] IPUIPlugin:80 - create IPUIPlugin
2026-04-27 06:45:01,758 [INFO] PluginManager:220 - loadIPPluginJar : add dma
2026-04-27 06:45:01,761 [INFO] IPUIPlugin:80 - create IPUIPlugin
2026-04-27 06:45:01,761 [INFO] PluginManager:220 - loadIPPluginJar : add dma3
2026-04-27 06:45:01,763 [INFO] IPUIPlugin:80 - create IPUIPlugin
2026-04-27 06:45:01,763 [INFO] PluginManager:220 - loadIPPluginJar : add extmemmanager
2026-04-27 06:45:01,765 [INFO] IPUIPlugin:80 - create IPUIPlugin
2026-04-27 06:45:01,765 [INFO] PluginManager:220 - loadIPPluginJar : add fatfs
2026-04-27 06:45:01,769 [INFO] IPUIPlugin:80 - create IPUIPlugin
2026-04-27 06:45:01,770 [INFO] PluginManager:220 - loadIPPluginJar : add fmc
2026-04-27 06:45:01,774 [INFO] IPUIPlugin:80 - create IPUIPlugin
2026-04-27 06:45:01,774 [INFO] PluginManager:220 - loadIPPluginJar : add freertos
2026-04-27 06:45:01,775 [INFO] IPUIPlugin:80 - create IPUIPlugin
2026-04-27 06:45:01,775 [INFO] PluginManager:220 - loadIPPluginJar : add genericplugin
2026-04-27 06:45:01,777 [INFO] IPUIPlugin:80 - create IPUIPlugin
2026-04-27 06:45:01,777 [INFO] PluginManager:220 - loadIPPluginJar : add gfxmmu
2026-04-27 06:45:01,780 [INFO] IPUIPlugin:80 - create IPUIPlugin
2026-04-27 06:45:01,781 [INFO] PluginManager:220 - loadIPPluginJar : add gic
2026-04-27 06:45:01,784 [INFO] IPUIPlugin:80 - create IPUIPlugin
2026-04-27 06:45:01,784 [INFO] PluginManager:220 - loadIPPluginJar : add gpio
2026-04-27 06:45:01,786 [INFO] IPUIPlugin:80 - create IPUIPlugin
2026-04-27 06:45:01,786 [INFO] PluginManager:220 - loadIPPluginJar : add gtzc
2026-04-27 06:45:01,788 [INFO] IPUIPlugin:80 - create IPUIPlugin
2026-04-27 06:45:01,788 [INFO] PluginManager:220 - loadIPPluginJar : add hash
2026-04-27 06:45:01,790 [INFO] IPUIPlugin:80 - create IPUIPlugin
2026-04-27 06:45:01,790 [INFO] PluginManager:220 - loadIPPluginJar : add i2c
2026-04-27 06:45:01,793 [INFO] IPUIPlugin:80 - create IPUIPlugin
2026-04-27 06:45:01,793 [INFO] PluginManager:220 - loadIPPluginJar : add i2s
2026-04-27 06:45:01,795 [INFO] IPUIPlugin:80 - create IPUIPlugin
2026-04-27 06:45:01,795 [INFO] PluginManager:220 - loadIPPluginJar : add i3c
2026-04-27 06:45:01,799 [INFO] IPUIPlugin:80 - create IPUIPlugin
2026-04-27 06:45:01,799 [INFO] PluginManager:220 - loadIPPluginJar : add ipddr
2026-04-27 06:45:01,805 [INFO] IPUIPlugin:80 - create IPUIPlugin
2026-04-27 06:45:01,805 [INFO] PluginManager:220 - loadIPPluginJar : add linkedlist
2026-04-27 06:45:01,808 [INFO] IPUIPlugin:80 - create IPUIPlugin
2026-04-27 06:45:01,808 [INFO] PluginManager:220 - loadIPPluginJar : add lorawan
2026-04-27 06:45:01,809 [INFO] IPUIPlugin:80 - create IPUIPlugin
2026-04-27 06:45:01,809 [INFO] PluginManager:220 - loadIPPluginJar : add ltdc
2026-04-27 06:45:01,814 [INFO] IPUIPlugin:80 - create IPUIPlugin
2026-04-27 06:45:01,815 [INFO] PluginManager:220 - loadIPPluginJar : add mdma
2026-04-27 06:45:01,817 [INFO] IPUIPlugin:80 - create IPUIPlugin
2026-04-27 06:45:01,818 [INFO] PluginManager:220 - loadIPPluginJar : add nvic
2026-04-27 06:45:01,820 [INFO] IPUIPlugin:80 - create IPUIPlugin
2026-04-27 06:45:01,820 [INFO] PluginManager:220 - loadIPPluginJar : add opamp
2026-04-27 06:45:01,823 [INFO] IPUIPlugin:80 - create IPUIPlugin
2026-04-27 06:45:01,823 [INFO] PluginManager:220 - loadIPPluginJar : add openamp
2026-04-27 06:45:01,825 [INFO] IPUIPlugin:80 - create IPUIPlugin
2026-04-27 06:45:01,825 [INFO] PluginManager:220 - loadIPPluginJar : add pdm2pcm
2026-04-27 06:45:01,830 [INFO] IPUIPlugin:80 - create IPUIPlugin
2026-04-27 06:45:01,833 [INFO] PluginManager:220 - loadIPPluginJar : add plateformsettings
2026-04-27 06:45:01,834 [INFO] IPUIPlugin:80 - create IPUIPlugin
2026-04-27 06:45:01,834 [INFO] PluginManager:220 - loadIPPluginJar : add quadspi
2026-04-27 06:45:01,837 [INFO] IPUIPlugin:80 - create IPUIPlugin
2026-04-27 06:45:01,838 [INFO] PluginManager:220 - loadIPPluginJar : add radio
2026-04-27 06:45:01,840 [INFO] IPUIPlugin:80 - create IPUIPlugin
2026-04-27 06:45:01,840 [INFO] PluginManager:220 - loadIPPluginJar : add resmgrutility
2026-04-27 06:45:01,842 [INFO] IPUIPlugin:80 - create IPUIPlugin
2026-04-27 06:45:01,843 [INFO] PluginManager:220 - loadIPPluginJar : add sai
2026-04-27 06:45:01,845 [INFO] IPUIPlugin:80 - create IPUIPlugin
2026-04-27 06:45:01,845 [INFO] PluginManager:220 - loadIPPluginJar : add spi
2026-04-27 06:45:01,852 [INFO] IPUIPlugin:80 - create IPUIPlugin
2026-04-27 06:45:01,852 [INFO] PluginManager:220 - loadIPPluginJar : add stm32_wpan
2026-04-27 06:45:01,853 [INFO] IPUIPlugin:80 - create IPUIPlugin
2026-04-27 06:45:01,853 [INFO] PluginManager:220 - loadIPPluginJar : add tim
2026-04-27 06:45:01,855 [INFO] IPUIPlugin:80 - create IPUIPlugin
2026-04-27 06:45:01,856 [INFO] PluginManager:220 - loadIPPluginJar : add touchsensing
2026-04-27 06:45:01,858 [INFO] IPUIPlugin:80 - create IPUIPlugin
2026-04-27 06:45:01,858 [INFO] PluginManager:220 - loadIPPluginJar : add tracer_emb
2026-04-27 06:45:01,859 [INFO] IPUIPlugin:80 - create IPUIPlugin
2026-04-27 06:45:01,859 [INFO] PluginManager:220 - loadIPPluginJar : add ts
2026-04-27 06:45:01,861 [INFO] IPUIPlugin:80 - create IPUIPlugin
2026-04-27 06:45:01,861 [INFO] PluginManager:220 - loadIPPluginJar : add tsc
2026-04-27 06:45:01,864 [INFO] IPUIPlugin:80 - create IPUIPlugin
2026-04-27 06:45:01,864 [INFO] PluginManager:220 - loadIPPluginJar : add ucpd
2026-04-27 06:45:01,866 [INFO] IPUIPlugin:80 - create IPUIPlugin
2026-04-27 06:45:01,866 [INFO] PluginManager:220 - loadIPPluginJar : add usart
2026-04-27 06:45:01,869 [INFO] IPUIPlugin:80 - create IPUIPlugin
2026-04-27 06:45:01,869 [INFO] PluginManager:220 - loadIPPluginJar : add usbx
2026-04-27 06:45:01,981 [FATAL] Updater:351 - Updater called before beeing initialized
2026-04-27 06:45:02,005 [INFO] RulesReader:64 - Compatibility file has been processed (302 Rules)
2026-04-27 06:45:02,012 [INFO] RulesReader:64 - Compatibility file has been processed (302 Rules)
2026-04-27 06:45:02,018 [INFO] CADModel:165 - CPN selected for project level
2026-04-27 06:45:02,018 [INFO] CADModel:114 - Register for checkConnection events
2026-04-27 06:45:02,018 [FATAL] Updater:351 - Updater called before beeing initialized
2026-04-27 06:45:02,018 [ERROR] CADModel:125 - Updater not yet initialized, retry later 
2026-04-27 06:45:02,134 [FATAL] Updater:351 - Updater called before beeing initialized
2026-04-27 06:45:02,135 [INFO] CADModel:165 - CPN selected for project level
2026-04-27 06:45:02,135 [INFO] CADModel:114 - Register for checkConnection events
2026-04-27 06:45:02,135 [FATAL] Updater:351 - Updater called before beeing initialized
2026-04-27 06:45:02,135 [ERROR] CADModel:125 - Updater not yet initialized, retry later 
2026-04-27 06:45:02,138 [FATAL] Updater:351 - Updater called before beeing initialized
2026-04-27 06:45:02,224 [FATAL] Updater:351 - Updater called before beeing initialized
2026-04-27 06:45:02,228 [INFO] DbMcusAds:53 - JSON generation date=Fri Apr 10 10:19:02 CET 2026 (1775812742310)
2026-04-27 06:45:02,228 [FATAL] Updater:351 - Updater called before beeing initialized
2026-04-27 06:45:02,251 [WARN] DetailPanel:346 - Failed to get advertising image, set to default
2026-04-27 06:45:02,418 [FATAL] Updater:351 - Updater called before beeing initialized
2026-04-27 06:45:02,419 [FATAL] Updater:351 - Updater called before beeing initialized
2026-04-27 06:45:02,419 [FATAL] Updater:351 - Updater called before beeing initialized
2026-04-27 06:45:02,420 [WARN] DetailPanel:346 - Failed to get advertising image, set to default
2026-04-27 06:45:02,420 [FATAL] Updater:351 - Updater called before beeing initialized
2026-04-27 06:45:02,454 [ERROR] Updater:1198 - MainUpdater not yet initialized. External WinMGr cannot be set.
2026-04-27 06:45:02,455 [INFO] Updater:1134 - Updater Version found : 6.14.1
2026-04-27 06:45:02,468 [INFO] ApplicationProperties:184 - Using Application install path: C:\ST\STM32CubeIDE_1.18.1\STM32CubeIDE\plugins\com.st.stm32cube.common.mx_6.14.1.202504091515
2026-04-27 06:45:03,013 [INFO] MainUpdater:2872 - connection check result : 10
2026-04-27 06:45:03,014 [INFO] MainUpdater:289 - Updater Check For Update Now.
2026-04-27 06:45:03,014 [INFO] MicroXplorer:498 - Change Database Version : DB.6.0.141
2026-04-27 06:45:03,018 [INFO] McuFinderGlobals:63 - Set McuFinder mode to 2 (CubeIDE integrated)
2026-04-27 06:45:03,018 [INFO] UserAuth:484 - Internet connection configuration mode: 1
2026-04-27 06:45:03,039 [INFO] JxBrowserEngine:152 - Initiate JxBrowser Engine with user profile folder
2026-04-27 06:45:03,177 [INFO] CheckServerUpdateThread:120 - End of CheckServer Thread
2026-04-27 06:45:03,495 [INFO] WebApp:169 - Instantiating new browser for Auth
2026-04-27 06:45:03,954 [INFO] WebApp:463 - Apply proxy settings
2026-04-27 06:45:03,955 [INFO] WebApp:548 - Chromium requires no authentication
2026-04-27 06:45:03,962 [INFO] WebApp:491 - Direct internet connection detected
2026-04-27 06:45:03,982 [INFO] WebApp:894 - Register for checkConnection events
2026-04-27 06:45:03,982 [INFO] WebApp:463 - Apply proxy settings
2026-04-27 06:45:03,982 [INFO] WebApp:548 - Chromium requires no authentication
2026-04-27 06:45:03,982 [INFO] WebApp:491 - Direct internet connection detected
2026-04-27 06:45:04,114 [INFO] WebApp:225 - Starting web application
2026-04-27 06:45:04,114 [INFO] WebApp:593 - Web application path used C:\ST\STM32CubeIDE_1.18.1\STM32CubeIDE\plugins\com.st.stm32cube.common.mx_6.14.1.202504091515\db\plugins\mcufinder\reactClient1\index.html
2026-04-27 06:45:04,187 [INFO] UserAuth:484 - Internet connection configuration mode: 1
2026-04-27 06:45:04,242 [ERROR] LogOutputStream:75 - [STDERR_REDIRECT] [Fatal Error] :1:1: Premature end of file.
2026-04-27 06:45:04,242 [ERROR] LogOutputStream:75 - [STDERR_REDIRECT] 
2026-04-27 06:45:04,481 [WARN] PackLoader:240 - Cannot read IP mode file for STMicroelectronics.X-CUBE-AZRTOS-H7.3.5.0
2026-04-27 06:45:04,489 [WARN] PackLoader:240 - Cannot read IP mode file for STMicroelectronics.FP-SNS-MOTENVWB1.1.4.0
2026-04-27 06:45:04,494 [WARN] PackLoader:240 - Cannot read IP mode file for STMicroelectronics.FP-ATR-ASTRA1.2.0.2
2026-04-27 06:45:04,496 [WARN] PackLoader:240 - Cannot read IP mode file for STMicroelectronics.FP-ATR-ASTRA1.2.0.1
2026-04-27 06:45:04,502 [WARN] PackLoader:240 - Cannot read IP mode file for STMicroelectronics.X-CUBE-SMBUS.2.1.0
2026-04-27 06:45:04,507 [WARN] PackLoader:240 - Cannot read IP mode file for STMicroelectronics.X-CUBE-WB05N.1.1.0
2026-04-27 06:45:04,512 [WARN] PackLoader:240 - Cannot read IP mode file for STMicroelectronics.X-CUBE-ST60.1.0.0
2026-04-27 06:45:04,526 [WARN] PackLoader:240 - Cannot read IP mode file for STMicroelectronics.X-CUBE-AZRTOS-F7.1.1.0
2026-04-27 06:45:04,531 [WARN] PackLoader:240 - Cannot read IP mode file for Cesanta.I-CUBE-Mongoose.7.19.0
2026-04-27 06:45:04,561 [WARN] PackLoader:240 - Cannot read IP mode file for STMicroelectronics.X-CUBE-MEMS1.11.0.0
2026-04-27 06:45:04,650 [ERROR] Engine:466 - C:\Users\salem\.stm32cubemx\thirdparties\pdsc\STMicroelectronics.FP-SNS-MOTENV1.5.1.0.pdsc: PDSC version is not supported
2026-04-27 06:45:04,655 [ERROR] Engine:466 - C:\Users\salem\.stm32cubemx\thirdparties\pdsc\WES.I-CUBE-Cesium.1.4.0.pdsc: PDSC version is not supported
2026-04-27 06:45:04,660 [WARN] PackLoader:240 - Cannot read IP mode file for STMicroelectronics.FP-SNS-FLIGHT1.5.0.2
2026-04-27 06:45:04,705 [WARN] PackLoader:240 - Cannot read IP mode file for Infineon.AIROC-Wi-Fi-Bluetooth-STM32.1.7.0
2026-04-27 06:45:04,724 [WARN] PackLoader:240 - Cannot read IP mode file for Infineon.AIROC-Wi-Fi-Bluetooth-STM32.1.7.1
2026-04-27 06:45:04,725 [INFO] WebApp:191 - Connection restablished
2026-04-27 06:45:04,742 [WARN] PackLoader:240 - Cannot read IP mode file for STMicroelectronics.X-CUBE-AZRTOS-H7.3.4.0
2026-04-27 06:45:04,748 [WARN] PackLoader:240 - Cannot read IP mode file for STMicroelectronics.X-CUBE-DISPLAY.3.0.0
2026-04-27 06:45:04,752 [ERROR] Engine:466 - C:\Users\salem\.stm32cubemx\thirdparties\pdsc\STMicroelectronics.FP-SNS-MOTENVWB1.1.5.0.pdsc: PDSC version is not supported
2026-04-27 06:45:04,756 [WARN] PackLoader:240 - Cannot read IP mode file for STMicroelectronics.X-CUBE-BLE1.7.0.0
2026-04-27 06:45:04,761 [WARN] PackLoader:240 - Cannot read IP mode file for STMicroelectronics.X-CUBE-NFC10.1.0.0
2026-04-27 06:45:04,769 [WARN] PackLoader:240 - Cannot read IP mode file for STMicroelectronics.X-CUBE-BLEMGR.4.0.0
2026-04-27 06:45:04,773 [WARN] PackLoader:240 - Cannot read IP mode file for STMicroelectronics.X-CUBE-ST60.1.1.0
2026-04-27 06:45:04,779 [WARN] PackLoader:240 - Cannot read IP mode file for emotas.I-CUBE-CANOPEN.1.3.0
2026-04-27 06:45:04,784 [WARN] PackLoader:240 - Cannot read IP mode file for STMicroelectronics.X-CUBE-GNSS1.7.1.0
2026-04-27 06:45:04,788 [WARN] PackLoader:240 - Cannot read IP mode file for STMicroelectronics.X-CUBE-AI.10.0.0
2026-04-27 06:45:04,792 [ERROR] Engine:466 - C:\Users\salem\.stm32cubemx\thirdparties\pdsc\STMicroelectronics.FP-SNS-STBOX1.2.1.0.pdsc: PDSC version is not supported
2026-04-27 06:45:04,798 [WARN] PackLoader:240 - Cannot read IP mode file for STMicroelectronics.FP-SNS-SMARTAG2.1.2.0
2026-04-27 06:45:04,804 [WARN] PackLoader:240 - Cannot read IP mode file for STMicroelectronics.FP-SNS-FLIGHT1.5.1.0
2026-04-27 06:45:04,834 [WARN] PackLoader:240 - Cannot read IP mode file for STMicroelectronics.X-CUBE-MEMS1.11.1.0
2026-04-27 06:45:04,913 [INFO] LogOutputStream:77 - [STDOUT_REDIRECT] 1 : Invalid condition id : UX_CORESTACK_Condition cause : null
2026-04-27 06:45:04,914 [INFO] LogOutputStream:77 - [STDOUT_REDIRECT] 1 : Invalid condition id : UX_CORESTACK_Condition cause : null
2026-04-27 06:45:04,915 [INFO] LogOutputStream:77 - [STDOUT_REDIRECT] 1 : Invalid condition id : UX_CORESTACK_Condition cause : null
2026-04-27 06:45:04,916 [INFO] LogOutputStream:77 - [STDOUT_REDIRECT] 1 : Invalid condition id : UX_CORESTACK_Condition cause : null
2026-04-27 06:45:04,917 [INFO] LogOutputStream:77 - [STDOUT_REDIRECT] 1 : Invalid condition id : UX_CORESTACK_Condition cause : null
2026-04-27 06:45:04,919 [WARN] PackLoader:240 - Cannot read IP mode file for STMicroelectronics.X-CUBE-AZRTOS-WL.2.0.0
2026-04-27 06:45:04,922 [WARN] PackLoader:240 - Cannot read IP mode file for STMicroelectronics.FP-SNS-MOTENV1.5.0.0
2026-04-27 06:45:04,933 [WARN] PackLoader:240 - Cannot read IP mode file for STMicroelectronics.X-CUBE-AZRTOS-H7RS.1.2.0
2026-04-27 06:45:04,938 [WARN] PackLoader:240 - Cannot read IP mode file for wolfSSL.I-CUBE-wolfMQTT.1.19.0
2026-04-27 06:45:04,944 [WARN] PackLoader:240 - Cannot read IP mode file for WES.I-CUBE-Cesium.1.3.0
2026-04-27 06:45:04,948 [WARN] PackLoader:240 - Cannot read IP mode file for STMicroelectronics.X-CUBE-BLE2.3.3.0
2026-04-27 06:45:04,981 [WARN] PackLoader:240 - Cannot read IP mode file for STMicroelectronics.X-CUBE-NFC9.1.0.0
2026-04-27 06:45:04,986 [WARN] PackLoader:240 - Cannot read IP mode file for wolfSSL.I-CUBE-wolfSSL.5.8.2
2026-04-27 06:45:04,989 [WARN] PackLoader:240 - Cannot read IP mode file for STMicroelectronics.X-CUBE-BLE1.7.1.0
2026-04-27 06:45:04,992 [WARN] PackLoader:240 - Cannot read IP mode file for wolfSSL.I-CUBE-wolfMQTT.1.19.2
2026-04-27 06:45:04,994 [ERROR] Engine:466 - C:\Users\salem\.stm32cubemx\thirdparties\pdsc\STMicroelectronics.X-CUBE-FREERTOS.1.4.0.pdsc: PDSC version is not supported
2026-04-27 06:45:04,999 [WARN] PackLoader:240 - Cannot read IP mode file for STMicroelectronics.X-CUBE-EEPRMA1.5.2.0
2026-04-27 06:45:05,001 [ERROR] Engine:466 - C:\Users\salem\.stm32cubemx\thirdparties\pdsc\STMicroelectronics.X-CUBE-ST67W61.1.1.0.pdsc: PDSC version is not supported
2026-04-27 06:45:05,004 [WARN] PackLoader:240 - Cannot read IP mode file for STMicroelectronics.X-CUBE-AI.10.1.0
2026-04-27 06:45:05,006 [ERROR] Engine:466 - C:\Users\salem\.stm32cubemx\thirdparties\pdsc\STMicroelectronics.FP-SNS-STAIOTCFT.1.1.0.pdsc: PDSC version is not supported
2026-04-27 06:45:05,034 [WARN] PackLoader:240 - Cannot read IP mode file for STMicroelectronics.X-CUBE-MEMS1.12.0.0
2026-04-27 06:45:05,101 [WARN] PackLoader:240 - Cannot read IP mode file for STMicroelectronics.X-CUBE-MEMS1.11.2.0
2026-04-27 06:45:05,172 [WARN] PackLoader:240 - Cannot read IP mode file for STMicroelectronics.X-CUBE-AZRTOS-G0.1.1.0
2026-04-27 06:45:05,178 [WARN] PackLoader:240 - Cannot read IP mode file for STMicroelectronics.X-CUBE-SAFEA1.1.2.2
2026-04-27 06:45:05,184 [WARN] PackLoader:240 - Cannot read IP mode file for STMicroelectronics.X-CUBE-NFC4.3.0.0
2026-04-27 06:45:05,191 [WARN] PackLoader:240 - Cannot read IP mode file for EmbeddedOffice.I-CUBE-FS-RTOS.1.0.1
2026-04-27 06:45:05,213 [WARN] PackLoader:240 - Cannot read IP mode file for STMicroelectronics.X-CUBE-WB05N.2.0.0
2026-04-27 06:45:05,218 [WARN] PackLoader:240 - Cannot read IP mode file for wolfSSL.I-CUBE-wolfTPM.3.8.0
2026-04-27 06:45:05,223 [WARN] PackLoader:240 - Cannot read IP mode file for STMicroelectronics.X-CUBE-TCPP.4.2.0
2026-04-27 06:45:05,229 [WARN] PackLoader:240 - Cannot read IP mode file for RealThread.X-CUBE-RT-Thread_Nano.4.1.1
2026-04-27 06:45:05,232 [WARN] PackLoader:240 - Cannot read IP mode file for STMicroelectronics.FP-ATR-SIGFOX1.3.2.0
2026-04-27 06:45:05,236 [WARN] ConditionMgr:438 - getConditionDescription Invalid condition id : Cortex-A Device cause : null
2026-04-27 06:45:05,246 [WARN] ConditionMgr:1044 - genDependencies : Invalid condition id : Cortex-A Device cause : null
2026-04-27 06:45:05,246 [WARN] ConditionMgr:1044 - genDependencies : Invalid condition id : Cortex-A Device cause : null
2026-04-27 06:45:05,246 [WARN] ConditionMgr:1044 - genDependencies : Invalid condition id : Cortex-A Device cause : null
2026-04-27 06:45:05,250 [WARN] PackLoader:240 - Cannot read IP mode file for STMicroelectronics.X-CUBE-EEPRMA1.5.1.0
2026-04-27 06:45:05,253 [ERROR] Engine:466 - C:\Users\salem\.stm32cubemx\thirdparties\pdsc\STMicroelectronics.X-CUBE-FREERTOS.1.5.0.pdsc: PDSC version is not supported
2026-04-27 06:45:05,255 [WARN] PackLoader:240 - Cannot read IP mode file for wolfSSL.I-CUBE-wolfSSL.5.7.4
2026-04-27 06:45:05,257 [WARN] PackLoader:240 - Cannot read IP mode file for wolfSSL.I-CUBE-wolfSSL.5.7.6
2026-04-27 06:45:05,259 [ERROR] LogOutputStream:75 - [STDERR_REDIRECT] [Fatal Error] :1:1: Premature end of file.
2026-04-27 06:45:05,259 [ERROR] LogOutputStream:75 - [STDERR_REDIRECT] 
2026-04-27 06:45:05,262 [WARN] PackLoader:240 - Cannot read IP mode file for ITTIA_DB.I-CUBE-ITTIADB.8.9.0
2026-04-27 06:45:05,268 [WARN] PackLoader:240 - Cannot read IP mode file for STMicroelectronics.X-CUBE-NFC6.3.2.0
2026-04-27 06:45:05,276 [WARN] PackLoader:240 - Cannot read IP mode file for STMicroelectronics.X-CUBE-ST67W61.1.0.0
2026-04-27 06:45:05,278 [WARN] PackLoader:240 - Cannot read IP mode file for STMicroelectronics.X-CUBE-AI.10.2.0
2026-04-27 06:45:05,300 [WARN] PackLoader:240 - Cannot read IP mode file for SEGGER.I-CUBE-embOS.1.3.1
2026-04-27 06:45:05,318 [WARN] PackLoader:240 - Cannot read IP mode file for STMicroelectronics.X-CUBE-ALGOBUILD.1.4.0
2026-04-27 06:45:05,350 [WARN] PackLoader:240 - Cannot read IP mode file for STMicroelectronics.X-CUBE-MEMS1.11.3.0
2026-04-27 06:45:05,399 [WARN] PackLoader:240 - Cannot read IP mode file for STMicroelectronics.X-CUBE-AI.9.1.0
2026-04-27 06:45:05,402 [WARN] PackLoader:240 - Cannot read IP mode file for STMicroelectronics.X-CUBE-PM33A1.1.0.0
2026-04-27 06:45:05,412 [WARN] PackLoader:240 - Cannot read IP mode file for STMicroelectronics.X-CUBE-AZRTOS-F4.1.1.0
2026-04-27 06:45:05,415 [WARN] PackLoader:240 - Cannot read IP mode file for Avnet-IotConnect.X-CUBE-IoTC-DA16k-PMOD.1.0.0
2026-04-27 06:45:05,418 [WARN] PackLoader:240 - Cannot read IP mode file for STMicroelectronics.X-CUBE-ISPU.2.1.0
2026-04-27 06:45:05,421 [ERROR] Engine:466 - C:\Users\salem\.stm32cubemx\thirdparties\pdsc\STMicroelectronics.X-CUBE-IPS.3.2.0.pdsc: PDSC version is not supported
2026-04-27 06:45:05,423 [WARN] PackLoader:240 - Cannot read IP mode file for STMicroelectronics.eDS-WB_DPC_TT-BIDIR.2.1.1
2026-04-27 06:45:05,427 [WARN] PackLoader:240 - Cannot read IP mode file for STMicroelectronics.X-CUBE-NFC12.1.0.0
2026-04-27 06:45:05,435 [WARN] PackLoader:240 - Cannot read IP mode file for STMicroelectronics.X-CUBE-AZRTOS-L5.2.0.0
2026-04-27 06:45:05,440 [WARN] PackLoader:240 - Cannot read IP mode file for STMicroelectronics.X-CUBE-NFC6.3.1.0
2026-04-27 06:45:05,445 [WARN] PackLoader:240 - Cannot read IP mode file for STMicroelectronics.X-CUBE-DPower.1.2.0
2026-04-27 06:45:05,448 [WARN] PackLoader:240 - Cannot read IP mode file for STMicroelectronics.eDS-WB_DPC_VIENNA.1.2.0
2026-04-27 06:45:05,451 [WARN] PackLoader:240 - Cannot read IP mode file for STMicroelectronics.eDS-WB_DPC_3PH2L-BIDIR.1.1.1
2026-04-27 06:45:05,453 [ERROR] Engine:466 - C:\Users\salem\.stm32cubemx\thirdparties\pdsc\STMicroelectronics.X-CUBE-ST67W61.1.3.0.pdsc: PDSC version is not supported
2026-04-27 06:45:05,457 [WARN] PackLoader:240 - Cannot read IP mode file for STMicroelectronics.X-CUBE-FREERTOS.1.3.1
2026-04-27 06:45:05,460 [WARN] PackLoader:240 - Cannot read IP mode file for STMicroelectronics.X-CUBE-FREERTOS.1.3.0
2026-04-27 06:45:05,463 [WARN] PackLoader:240 - Cannot read IP mode file for STMicroelectronics.X-CUBE-NFC7.1.0.1
2026-04-27 06:45:05,467 [WARN] PackLoader:240 - Cannot read IP mode file for STMicroelectronics.X-CUBE-TOUCHGFX.4.26.0
2026-04-27 06:45:05,469 [WARN] PackLoader:240 - Cannot read IP mode file for STMicroelectronics.X-CUBE-TOUCHGFX.4.26.1
2026-04-27 06:45:05,472 [WARN] PackLoader:240 - Cannot read IP mode file for STMicroelectronics.FP-SNS-STAIOTCFT.1.0.0
2026-04-27 06:45:05,476 [WARN] PackLoader:240 - Cannot read IP mode file for STMicroelectronics.X-CUBE-DPower.1.3.0
2026-04-27 06:45:05,485 [WARN] ConditionMgr:438 - getConditionDescription Invalid condition id : LAN8742 Phy interface Condition cause : null
2026-04-27 06:45:05,486 [WARN] PackLoader:240 - Cannot read IP mode file for STMicroelectronics.X-CUBE-AZRTOS-L4.2.0.0
2026-04-27 06:45:05,487 [WARN] ConditionMgr:1044 - genDependencies : Invalid condition id : LAN8742 Phy interface Condition cause : null
2026-04-27 06:45:05,487 [WARN] ConditionMgr:1044 - genDependencies : Invalid condition id : LAN8742 Phy interface Condition cause : null
2026-04-27 06:45:05,487 [WARN] ConditionMgr:1044 - genDependencies : Invalid condition id : LAN8742 Phy interface Condition cause : null
2026-04-27 06:45:05,492 [WARN] PackLoader:240 - Cannot read IP mode file for STMicroelectronics.X-CUBE-SFXS2LP1.4.0.0
2026-04-27 06:45:05,498 [WARN] PackLoader:240 - Cannot read IP mode file for STMicroelectronics.X-CUBE-WB05N.2.1.0
2026-04-27 06:45:05,500 [ERROR] Engine:466 - C:\Users\salem\.stm32cubemx\thirdparties\pdsc\STMicroelectronics.X-CUBE-ST67W61.1.2.0.pdsc: PDSC version is not supported
2026-04-27 06:45:05,508 [WARN] PackLoader:240 - Cannot read IP mode file for STMicroelectronics.X-CUBE-AZRTOS-H7.3.3.0
2026-04-27 06:45:05,515 [WARN] PackLoader:240 - Cannot read IP mode file for STMicroelectronics.X-CUBE-BLEMGR.4.1.0
2026-04-27 06:45:05,521 [WARN] PackLoader:240 - Cannot read IP mode file for STMicroelectronics.X-CUBE-IPS.3.0.0
2026-04-27 06:45:05,528 [WARN] ConditionMgr:438 - getConditionDescription Invalid condition id : UX DEVICE CLASS RTOS Condition cause : null
2026-04-27 06:45:05,528 [WARN] ConditionMgr:438 - getConditionDescription Invalid condition id : UX DEVICE CLASS RTOS Condition cause : null
2026-04-27 06:45:05,529 [WARN] PackLoader:240 - Cannot read IP mode file for STMicroelectronics.X-CUBE-AZRTOS-WB.2.0.0
2026-04-27 06:45:05,530 [WARN] ConditionMgr:1044 - genDependencies : Invalid condition id : UX DEVICE CLASS RTOS Condition cause : null
2026-04-27 06:45:05,530 [WARN] ConditionMgr:1044 - genDependencies : Invalid condition id : UX DEVICE CLASS RTOS Condition cause : null
2026-04-27 06:45:05,530 [WARN] ConditionMgr:1044 - genDependencies : Invalid condition id : UX DEVICE CLASS RTOS Condition cause : null
2026-04-27 06:45:05,530 [WARN] ConditionMgr:1044 - genDependencies : Invalid condition id : UX DEVICE CLASS RTOS Condition cause : null
2026-04-27 06:45:05,530 [WARN] ConditionMgr:1044 - genDependencies : Invalid condition id : UX DEVICE CLASS RTOS Condition cause : null
2026-04-27 06:45:05,533 [WARN] PackLoader:240 - Cannot read IP mode file for STMicroelectronics.X-CUBE-GNSS1.7.0.0
2026-04-27 06:45:05,537 [WARN] PackLoader:240 - Cannot read IP mode file for STMicroelectronics.X-CUBE-GNSS1.7.0.1
2026-04-27 06:45:05,540 [WARN] PackLoader:240 - Cannot read IP mode file for STMicroelectronics.X-CUBE-TOUCHGFX.4.25.0
2026-04-27 06:45:05,545 [WARN] PackLoader:240 - Cannot read IP mode file for STMicroelectronics.FP-SNS-STBOX1.2.0.0
2026-04-27 06:45:05,549 [WARN] ConditionMgr:438 - getConditionDescription Invalid condition id : Cortex-A Device cause : null
2026-04-27 06:45:05,562 [WARN] ConditionMgr:1044 - genDependencies : Invalid condition id : Cortex-A Device cause : null
2026-04-27 06:45:05,563 [WARN] ConditionMgr:1044 - genDependencies : Invalid condition id : Cortex-A Device cause : null
2026-04-27 06:45:05,563 [WARN] ConditionMgr:1044 - genDependencies : Invalid condition id : Cortex-A Device cause : null
2026-04-27 06:45:05,567 [WARN] PackLoader:240 - Cannot read IP mode file for STMicroelectronics.X-CUBE-STSE01.2.0.0
2026-04-27 06:45:05,573 [WARN] PackLoader:240 - Cannot read IP mode file for STMicroelectronics.X-CUBE-SUBG2.5.0.0
2026-04-27 06:45:05,582 [WARN] PackLoader:240 - Cannot read IP mode file for STMicroelectronics.X-CUBE-AZRTOS-H7RS.1.1.0
2026-04-27 06:45:05,586 [WARN] PackLoader:240 - Cannot read IP mode file for Cesanta.I-CUBE-Mongoose.7.13.0
2026-04-27 06:45:05,592 [WARN] PackLoader:240 - Cannot read IP mode file for STMicroelectronics.X-CUBE-AZRTOS-G4.2.0.0
2026-04-27 06:45:05,596 [WARN] PackLoader:240 - Cannot read IP mode file for wolfSSL.I-CUBE-wolfSSH.1.4.20
2026-04-27 06:45:05,598 [WARN] PackLoader:240 - Cannot read IP mode file for STMicroelectronics.X-CUBE-NFC7.2.0.0
2026-04-27 06:45:05,604 [WARN] PackLoader:240 - Cannot read IP mode file for STMicroelectronics.X-CUBE-IPS.3.1.0
2026-04-27 06:45:05,610 [WARN] PackLoader:240 - Cannot read IP mode file for STMicroelectronics.X-CUBE-ALS.1.0.2
2026-04-27 06:45:05,612 [WARN] PackLoader:240 - Cannot read IP mode file for STMicroelectronics.X-CUBE-TOUCHGFX.4.24.2
2026-04-27 06:45:05,614 [WARN] PackLoader:240 - Cannot read IP mode file for STMicroelectronics.X-CUBE-TOUCHGFX.4.24.1
2026-04-27 06:45:05,617 [WARN] PackLoader:240 - Cannot read IP mode file for STMicroelectronics.X-CUBE-STSE01.1.0.0
2026-04-27 06:45:05,620 [WARN] PackLoader:240 - Cannot read IP mode file for wolfSSL.I-CUBE-wolfTPM.3.4.0
2026-04-27 06:45:05,623 [WARN] PackLoader:240 - Cannot read IP mode file for portGmbH.I-Cube-SoM-uGOAL.1.1.0
2026-04-27 06:45:05,632 [WARN] PackLoader:240 - Cannot read IP mode file for STMicroelectronics.X-CUBE-AZRTOS-H7RS.1.0.0
2026-04-27 06:45:05,638 [WARN] PackLoader:240 - Cannot read IP mode file for STMicroelectronics.X-CUBE-TOF1.3.4.2
2026-04-27 06:45:05,647 [WARN] PackLoader:240 - Cannot read IP mode file for STMicroelectronics.X-CUBE-TOF1.3.4.3
2026-04-27 06:45:05,654 [WARN] PackLoader:240 - Cannot read IP mode file for wolfSSL.I-CUBE-wolfSSH.1.4.17
2026-04-27 06:45:05,655 [INFO] ThirdParty:978 - Integrity check success = true
2026-04-27 06:45:05,655 [INFO] IntegrityCheckThread:100 - exiting critical section [integrity check]
2026-04-27 06:45:05,655 [INFO] IntegrityCheckThread:103 - End integrity checks thread
2026-04-27 06:45:06,230 [ERROR] LogOutputStream:75 - [STDERR_REDIRECT] [Fatal Error] :1:1: Premature end of file.
2026-04-27 06:45:06,231 [ERROR] LogOutputStream:75 - [STDERR_REDIRECT] 
2026-04-27 06:45:07,231 [ERROR] LogOutputStream:75 - [STDERR_REDIRECT] [Fatal Error] :1:1: Premature end of file.
2026-04-27 06:45:07,231 [ERROR] LogOutputStream:75 - [STDERR_REDIRECT] 
2026-04-27 06:45:08,229 [ERROR] LogOutputStream:75 - [STDERR_REDIRECT] [Fatal Error] :1:1: Premature end of file.
2026-04-27 06:45:08,229 [ERROR] LogOutputStream:75 - [STDERR_REDIRECT] 
2026-04-27 06:45:09,229 [ERROR] LogOutputStream:75 - [STDERR_REDIRECT] [Fatal Error] :1:1: Premature end of file.
2026-04-27 06:45:09,230 [ERROR] LogOutputStream:75 - [STDERR_REDIRECT] 
2026-04-27 06:45:10,230 [ERROR] LogOutputStream:75 - [STDERR_REDIRECT] [Fatal Error] :1:1: Premature end of file.
2026-04-27 06:45:10,230 [ERROR] LogOutputStream:75 - [STDERR_REDIRECT] 
2026-04-27 06:45:11,228 [ERROR] LogOutputStream:75 - [STDERR_REDIRECT] [Fatal Error] :1:1: Premature end of file.
2026-04-27 06:45:11,228 [ERROR] LogOutputStream:75 - [STDERR_REDIRECT] 
2026-04-27 06:45:12,229 [ERROR] LogOutputStream:75 - [STDERR_REDIRECT] [Fatal Error] :1:1: Premature end of file.
2026-04-27 06:45:12,229 [ERROR] LogOutputStream:75 - [STDERR_REDIRECT] 
2026-04-27 06:45:13,231 [ERROR] LogOutputStream:75 - [STDERR_REDIRECT] [Fatal Error] :1:1: Premature end of file.
2026-04-27 06:45:13,231 [ERROR] LogOutputStream:75 - [STDERR_REDIRECT] 
2026-04-27 06:45:14,231 [ERROR] LogOutputStream:75 - [STDERR_REDIRECT] [Fatal Error] :1:1: Premature end of file.
2026-04-27 06:45:14,231 [ERROR] LogOutputStream:75 - [STDERR_REDIRECT] 
2026-04-27 06:45:15,230 [ERROR] LogOutputStream:75 - [STDERR_REDIRECT] [Fatal Error] :1:1: Premature end of file.
2026-04-27 06:45:15,230 [ERROR] LogOutputStream:75 - [STDERR_REDIRECT] 
2026-04-27 06:45:16,229 [ERROR] LogOutputStream:75 - [STDERR_REDIRECT] [Fatal Error] :1:1: Premature end of file.
2026-04-27 06:45:16,229 [ERROR] LogOutputStream:75 - [STDERR_REDIRECT] 
2026-04-27 06:45:17,229 [ERROR] LogOutputStream:75 - [STDERR_REDIRECT] [Fatal Error] :1:1: Premature end of file.
2026-04-27 06:45:17,230 [ERROR] LogOutputStream:75 - [STDERR_REDIRECT] 
2026-04-27 06:45:18,231 [ERROR] LogOutputStream:75 - [STDERR_REDIRECT] [Fatal Error] :1:1: Premature end of file.
2026-04-27 06:45:18,231 [ERROR] LogOutputStream:75 - [STDERR_REDIRECT] 
2026-04-27 06:45:19,228 [ERROR] LogOutputStream:75 - [STDERR_REDIRECT] [Fatal Error] :1:1: Premature end of file.
2026-04-27 06:45:19,229 [ERROR] LogOutputStream:75 - [STDERR_REDIRECT] 
2026-04-27 06:45:20,229 [ERROR] LogOutputStream:75 - [STDERR_REDIRECT] [Fatal Error] :1:1: Premature end of file.
2026-04-27 06:45:20,229 [ERROR] LogOutputStream:75 - [STDERR_REDIRECT] 
2026-04-27 06:45:21,231 [ERROR] LogOutputStream:75 - [STDERR_REDIRECT] [Fatal Error] :1:1: Premature end of file.
2026-04-27 06:45:21,231 [ERROR] LogOutputStream:75 - [STDERR_REDIRECT] 
2026-04-27 06:45:22,229 [ERROR] LogOutputStream:75 - [STDERR_REDIRECT] [Fatal Error] :1:1: Premature end of file.
2026-04-27 06:45:22,229 [ERROR] LogOutputStream:75 - [STDERR_REDIRECT] 
2026-04-27 06:45:23,240 [ERROR] LogOutputStream:75 - [STDERR_REDIRECT] [Fatal Error] :1:1: Premature end of file.
2026-04-27 06:45:23,240 [ERROR] LogOutputStream:75 - [STDERR_REDIRECT] 
2026-04-27 06:45:24,230 [ERROR] LogOutputStream:75 - [STDERR_REDIRECT] [Fatal Error] :1:1: Premature end of file.
2026-04-27 06:45:24,230 [ERROR] LogOutputStream:75 - [STDERR_REDIRECT] 
2026-04-27 06:45:25,229 [ERROR] LogOutputStream:75 - [STDERR_REDIRECT] [Fatal Error] :1:1: Premature end of file.
2026-04-27 06:45:25,230 [ERROR] LogOutputStream:75 - [STDERR_REDIRECT] 
2026-04-27 06:45:26,229 [ERROR] LogOutputStream:75 - [STDERR_REDIRECT] [Fatal Error] :1:1: Premature end of file.
2026-04-27 06:45:26,230 [ERROR] LogOutputStream:75 - [STDERR_REDIRECT] 
2026-04-27 06:45:27,227 [ERROR] LogOutputStream:75 - [STDERR_REDIRECT] [Fatal Error] :1:1: Premature end of file.
2026-04-27 06:45:27,228 [ERROR] LogOutputStream:75 - [STDERR_REDIRECT] 
2026-04-27 06:45:28,232 [ERROR] LogOutputStream:75 - [STDERR_REDIRECT] [Fatal Error] :1:1: Premature end of file.
2026-04-27 06:45:28,232 [ERROR] LogOutputStream:75 - [STDERR_REDIRECT] 
2026-04-27 06:45:29,230 [ERROR] LogOutputStream:75 - [STDERR_REDIRECT] [Fatal Error] :1:1: Premature end of file.
2026-04-27 06:45:29,230 [ERROR] LogOutputStream:75 - [STDERR_REDIRECT] 
2026-04-27 06:45:30,231 [ERROR] LogOutputStream:75 - [STDERR_REDIRECT] [Fatal Error] :1:1: Premature end of file.
2026-04-27 06:45:30,231 [ERROR] LogOutputStream:75 - [STDERR_REDIRECT] 
2026-04-27 06:45:31,227 [ERROR] LogOutputStream:75 - [STDERR_REDIRECT] [Fatal Error] :1:1: Premature end of file.
2026-04-27 06:45:31,227 [ERROR] LogOutputStream:75 - [STDERR_REDIRECT] 
2026-04-27 06:45:32,231 [ERROR] LogOutputStream:75 - [STDERR_REDIRECT] [Fatal Error] :1:1: Premature end of file.
2026-04-27 06:45:32,231 [ERROR] LogOutputStream:75 - [STDERR_REDIRECT] 
2026-04-27 06:45:33,227 [ERROR] LogOutputStream:75 - [STDERR_REDIRECT] [Fatal Error] :1:1: Premature end of file.
2026-04-27 06:45:33,227 [ERROR] LogOutputStream:75 - [STDERR_REDIRECT] 
2026-04-27 06:45:34,227 [ERROR] LogOutputStream:75 - [STDERR_REDIRECT] [Fatal Error] :1:1: Premature end of file.
2026-04-27 06:45:34,227 [ERROR] LogOutputStream:75 - [STDERR_REDIRECT] 
2026-04-27 06:45:35,229 [ERROR] LogOutputStream:75 - [STDERR_REDIRECT] [Fatal Error] :1:1: Premature end of file.
2026-04-27 06:45:35,229 [ERROR] LogOutputStream:75 - [STDERR_REDIRECT] 
2026-04-27 06:45:36,230 [ERROR] LogOutputStream:75 - [STDERR_REDIRECT] [Fatal Error] :1:1: Premature end of file.
2026-04-27 06:45:36,230 [ERROR] LogOutputStream:75 - [STDERR_REDIRECT] 
2026-04-27 06:45:37,230 [ERROR] LogOutputStream:75 - [STDERR_REDIRECT] [Fatal Error] :1:1: Premature end of file.
2026-04-27 06:45:37,230 [ERROR] LogOutputStream:75 - [STDERR_REDIRECT] 
2026-04-27 06:45:38,229 [ERROR] LogOutputStream:75 - [STDERR_REDIRECT] [Fatal Error] :1:1: Premature end of file.
2026-04-27 06:45:38,229 [ERROR] LogOutputStream:75 - [STDERR_REDIRECT] 
2026-04-27 06:45:39,227 [ERROR] LogOutputStream:75 - [STDERR_REDIRECT] [Fatal Error] :1:1: Premature end of file.
2026-04-27 06:45:39,227 [ERROR] LogOutputStream:75 - [STDERR_REDIRECT] 
2026-04-27 06:45:40,230 [ERROR] LogOutputStream:75 - [STDERR_REDIRECT] [Fatal Error] :1:1: Premature end of file.
2026-04-27 06:45:40,231 [ERROR] LogOutputStream:75 - [STDERR_REDIRECT] 
2026-04-27 06:45:41,232 [ERROR] LogOutputStream:75 - [STDERR_REDIRECT] [Fatal Error] :1:1: Premature end of file.
2026-04-27 06:45:41,232 [ERROR] LogOutputStream:75 - [STDERR_REDIRECT] 
2026-04-27 06:45:42,230 [ERROR] LogOutputStream:75 - [STDERR_REDIRECT] [Fatal Error] :1:1: Premature end of file.
2026-04-27 06:45:42,230 [ERROR] LogOutputStream:75 - [STDERR_REDIRECT] 
2026-04-27 06:45:43,228 [ERROR] LogOutputStream:75 - [STDERR_REDIRECT] [Fatal Error] :1:1: Premature end of file.
2026-04-27 06:45:43,229 [ERROR] LogOutputStream:75 - [STDERR_REDIRECT] 
2026-04-27 06:45:44,227 [ERROR] LogOutputStream:75 - [STDERR_REDIRECT] [Fatal Error] :1:1: Premature end of file.
2026-04-27 06:45:44,227 [ERROR] LogOutputStream:75 - [STDERR_REDIRECT] 
2026-04-27 06:45:45,230 [ERROR] LogOutputStream:75 - [STDERR_REDIRECT] [Fatal Error] :1:1: Premature end of file.
2026-04-27 06:45:45,230 [ERROR] LogOutputStream:75 - [STDERR_REDIRECT] 
2026-04-27 06:45:46,231 [ERROR] LogOutputStream:75 - [STDERR_REDIRECT] [Fatal Error] :1:1: Premature end of file.
2026-04-27 06:45:46,231 [ERROR] LogOutputStream:75 - [STDERR_REDIRECT] 
2026-04-27 06:45:47,231 [ERROR] LogOutputStream:75 - [STDERR_REDIRECT] [Fatal Error] :1:1: Premature end of file.
2026-04-27 06:45:47,231 [ERROR] LogOutputStream:75 - [STDERR_REDIRECT] 
2026-04-27 06:45:48,228 [ERROR] LogOutputStream:75 - [STDERR_REDIRECT] [Fatal Error] :1:1: Premature end of file.
2026-04-27 06:45:48,229 [ERROR] LogOutputStream:75 - [STDERR_REDIRECT] 
2026-04-27 06:45:49,230 [ERROR] LogOutputStream:75 - [STDERR_REDIRECT] [Fatal Error] :1:1: Premature end of file.
2026-04-27 06:45:49,231 [ERROR] LogOutputStream:75 - [STDERR_REDIRECT] 
2026-04-27 06:45:50,231 [ERROR] LogOutputStream:75 - [STDERR_REDIRECT] [Fatal Error] :1:1: Premature end of file.
2026-04-27 06:45:50,231 [ERROR] LogOutputStream:75 - [STDERR_REDIRECT] 
2026-04-27 06:45:51,229 [ERROR] LogOutputStream:75 - [STDERR_REDIRECT] [Fatal Error] :1:1: Premature end of file.
2026-04-27 06:45:51,230 [ERROR] LogOutputStream:75 - [STDERR_REDIRECT] 
2026-04-27 06:45:52,229 [ERROR] LogOutputStream:75 - [STDERR_REDIRECT] [Fatal Error] :1:1: Premature end of file.
2026-04-27 06:45:52,229 [ERROR] LogOutputStream:75 - [STDERR_REDIRECT] 
2026-04-27 06:45:53,229 [ERROR] LogOutputStream:75 - [STDERR_REDIRECT] [Fatal Error] :1:1: Premature end of file.
2026-04-27 06:45:53,229 [ERROR] LogOutputStream:75 - [STDERR_REDIRECT] 
2026-04-27 06:45:54,236 [ERROR] LogOutputStream:75 - [STDERR_REDIRECT] [Fatal Error] :1:1: Premature end of file.
2026-04-27 06:45:54,237 [ERROR] LogOutputStream:75 - [STDERR_REDIRECT] 
2026-04-27 06:45:55,230 [ERROR] LogOutputStream:75 - [STDERR_REDIRECT] [Fatal Error] :1:1: Premature end of file.
2026-04-27 06:45:55,230 [ERROR] LogOutputStream:75 - [STDERR_REDIRECT] 
2026-04-27 06:45:56,227 [ERROR] LogOutputStream:75 - [STDERR_REDIRECT] [Fatal Error] :1:1: Premature end of file.
2026-04-27 06:45:56,227 [ERROR] LogOutputStream:75 - [STDERR_REDIRECT] 
2026-04-27 06:45:57,230 [ERROR] LogOutputStream:75 - [STDERR_REDIRECT] [Fatal Error] :1:1: Premature end of file.
2026-04-27 06:45:57,230 [ERROR] LogOutputStream:75 - [STDERR_REDIRECT] 
2026-04-27 06:45:58,230 [ERROR] LogOutputStream:75 - [STDERR_REDIRECT] [Fatal Error] :1:1: Premature end of file.
2026-04-27 06:45:58,230 [ERROR] LogOutputStream:75 - [STDERR_REDIRECT] 
2026-04-27 06:45:59,227 [ERROR] LogOutputStream:75 - [STDERR_REDIRECT] [Fatal Error] :1:1: Premature end of file.
2026-04-27 06:45:59,227 [ERROR] LogOutputStream:75 - [STDERR_REDIRECT] 
2026-04-27 06:46:00,230 [ERROR] LogOutputStream:75 - [STDERR_REDIRECT] [Fatal Error] :1:1: Premature end of file.
2026-04-27 06:46:00,231 [ERROR] LogOutputStream:75 - [STDERR_REDIRECT] 
2026-04-27 06:46:01,231 [ERROR] LogOutputStream:75 - [STDERR_REDIRECT] [Fatal Error] :1:1: Premature end of file.
2026-04-27 06:46:01,231 [ERROR] LogOutputStream:75 - [STDERR_REDIRECT] 
2026-04-27 06:46:02,241 [ERROR] LogOutputStream:75 - [STDERR_REDIRECT] [Fatal Error] :1:1: Premature end of file.
2026-04-27 06:46:02,241 [ERROR] LogOutputStream:75 - [STDERR_REDIRECT] 
2026-04-27 06:46:03,228 [ERROR] LogOutputStream:75 - [STDERR_REDIRECT] [Fatal Error] :1:1: Premature end of file.
2026-04-27 06:46:03,228 [ERROR] LogOutputStream:75 - [STDERR_REDIRECT] 
2026-04-27 06:46:04,230 [ERROR] LogOutputStream:75 - [STDERR_REDIRECT] [Fatal Error] :1:1: Premature end of file.
2026-04-27 06:46:04,230 [ERROR] LogOutputStream:75 - [STDERR_REDIRECT] 
2026-04-27 06:46:05,229 [ERROR] LogOutputStream:75 - [STDERR_REDIRECT] [Fatal Error] :1:1: Premature end of file.
2026-04-27 06:46:05,229 [ERROR] LogOutputStream:75 - [STDERR_REDIRECT] 
2026-04-27 06:46:06,232 [ERROR] LogOutputStream:75 - [STDERR_REDIRECT] [Fatal Error] :1:1: Premature end of file.
2026-04-27 06:46:06,232 [ERROR] LogOutputStream:75 - [STDERR_REDIRECT] 
2026-04-27 06:46:07,229 [ERROR] LogOutputStream:75 - [STDERR_REDIRECT] [Fatal Error] :1:1: Premature end of file.
2026-04-27 06:46:07,229 [ERROR] LogOutputStream:75 - [STDERR_REDIRECT] 
2026-04-27 06:46:08,228 [ERROR] LogOutputStream:75 - [STDERR_REDIRECT] [Fatal Error] :1:1: Premature end of file.
2026-04-27 06:46:08,228 [ERROR] LogOutputStream:75 - [STDERR_REDIRECT] 
2026-04-27 06:46:09,229 [ERROR] LogOutputStream:75 - [STDERR_REDIRECT] [Fatal Error] :1:1: Premature end of file.
2026-04-27 06:46:09,229 [ERROR] LogOutputStream:75 - [STDERR_REDIRECT] 
2026-04-27 06:46:10,230 [ERROR] LogOutputStream:75 - [STDERR_REDIRECT] [Fatal Error] :1:1: Premature end of file.
2026-04-27 06:46:10,230 [ERROR] LogOutputStream:75 - [STDERR_REDIRECT] 
2026-04-27 06:46:11,231 [ERROR] LogOutputStream:75 - [STDERR_REDIRECT] [Fatal Error] :1:1: Premature end of file.
2026-04-27 06:46:11,231 [ERROR] LogOutputStream:75 - [STDERR_REDIRECT] 
2026-04-27 06:46:12,229 [ERROR] LogOutputStream:75 - [STDERR_REDIRECT] [Fatal Error] :1:1: Premature end of file.
2026-04-27 06:46:12,229 [ERROR] LogOutputStream:75 - [STDERR_REDIRECT] 
2026-04-27 06:46:13,227 [ERROR] LogOutputStream:75 - [STDERR_REDIRECT] [Fatal Error] :1:1: Premature end of file.
2026-04-27 06:46:13,227 [ERROR] LogOutputStream:75 - [STDERR_REDIRECT] 
2026-04-27 06:46:14,228 [ERROR] LogOutputStream:75 - [STDERR_REDIRECT] [Fatal Error] :1:1: Premature end of file.
2026-04-27 06:46:14,228 [ERROR] LogOutputStream:75 - [STDERR_REDIRECT] 
2026-04-27 06:46:15,227 [ERROR] LogOutputStream:75 - [STDERR_REDIRECT] [Fatal Error] :1:1: Premature end of file.
2026-04-27 06:46:15,229 [ERROR] LogOutputStream:75 - [STDERR_REDIRECT] 
2026-04-27 06:46:16,228 [ERROR] LogOutputStream:75 - [STDERR_REDIRECT] [Fatal Error] :1:1: Premature end of file.
2026-04-27 06:46:16,229 [ERROR] LogOutputStream:75 - [STDERR_REDIRECT] 
2026-04-27 06:46:17,226 [ERROR] LogOutputStream:75 - [STDERR_REDIRECT] [Fatal Error] :1:1: Premature end of file.
2026-04-27 06:46:17,226 [ERROR] LogOutputStream:75 - [STDERR_REDIRECT] 
2026-04-27 06:46:18,228 [ERROR] LogOutputStream:75 - [STDERR_REDIRECT] [Fatal Error] :1:1: Premature end of file.
2026-04-27 06:46:18,228 [ERROR] LogOutputStream:75 - [STDERR_REDIRECT] 
2026-04-27 06:46:19,232 [ERROR] LogOutputStream:75 - [STDERR_REDIRECT] [Fatal Error] :1:1: Premature end of file.
2026-04-27 06:46:19,232 [ERROR] LogOutputStream:75 - [STDERR_REDIRECT] 
2026-04-27 06:46:20,229 [ERROR] LogOutputStream:75 - [STDERR_REDIRECT] [Fatal Error] :1:1: Premature end of file.
2026-04-27 06:46:20,230 [ERROR] LogOutputStream:75 - [STDERR_REDIRECT] 
2026-04-27 06:46:21,227 [ERROR] LogOutputStream:75 - [STDERR_REDIRECT] [Fatal Error] :1:1: Premature end of file.
2026-04-27 06:46:21,228 [ERROR] LogOutputStream:75 - [STDERR_REDIRECT] 
2026-04-27 06:46:22,230 [ERROR] LogOutputStream:75 - [STDERR_REDIRECT] [Fatal Error] :1:1: Premature end of file.
2026-04-27 06:46:22,230 [ERROR] LogOutputStream:75 - [STDERR_REDIRECT] 
2026-04-27 06:46:23,227 [ERROR] LogOutputStream:75 - [STDERR_REDIRECT] [Fatal Error] :1:1: Premature end of file.
2026-04-27 06:46:23,227 [ERROR] LogOutputStream:75 - [STDERR_REDIRECT] 
2026-04-27 06:46:24,229 [ERROR] LogOutputStream:75 - [STDERR_REDIRECT] [Fatal Error] :1:1: Premature end of file.
2026-04-27 06:46:24,230 [ERROR] LogOutputStream:75 - [STDERR_REDIRECT] 
2026-04-27 06:46:25,227 [ERROR] LogOutputStream:75 - [STDERR_REDIRECT] [Fatal Error] :1:1: Premature end of file.
2026-04-27 06:46:25,227 [ERROR] LogOutputStream:75 - [STDERR_REDIRECT] 
2026-04-27 06:46:26,230 [ERROR] LogOutputStream:75 - [STDERR_REDIRECT] [Fatal Error] :1:1: Premature end of file.
2026-04-27 06:46:26,230 [ERROR] LogOutputStream:75 - [STDERR_REDIRECT] 
2026-04-27 06:46:27,236 [ERROR] LogOutputStream:75 - [STDERR_REDIRECT] [Fatal Error] :1:1: Premature end of file.
2026-04-27 06:46:27,236 [ERROR] LogOutputStream:75 - [STDERR_REDIRECT] 
2026-04-27 06:46:28,230 [ERROR] LogOutputStream:75 - [STDERR_REDIRECT] [Fatal Error] :1:1: Premature end of file.
2026-04-27 06:46:28,230 [ERROR] LogOutputStream:75 - [STDERR_REDIRECT] 
2026-04-27 06:46:29,230 [ERROR] LogOutputStream:75 - [STDERR_REDIRECT] [Fatal Error] :1:1: Premature end of file.
2026-04-27 06:46:29,230 [ERROR] LogOutputStream:75 - [STDERR_REDIRECT] 
2026-04-27 06:46:30,232 [ERROR] LogOutputStream:75 - [STDERR_REDIRECT] [Fatal Error] :1:1: Premature end of file.
2026-04-27 06:46:30,232 [ERROR] LogOutputStream:75 - [STDERR_REDIRECT] 
2026-04-27 06:46:31,229 [ERROR] LogOutputStream:75 - [STDERR_REDIRECT] [Fatal Error] :1:1: Premature end of file.
2026-04-27 06:46:31,229 [ERROR] LogOutputStream:75 - [STDERR_REDIRECT] 
2026-04-27 06:46:32,229 [ERROR] LogOutputStream:75 - [STDERR_REDIRECT] [Fatal Error] :1:1: Premature end of file.
2026-04-27 06:46:32,229 [ERROR] LogOutputStream:75 - [STDERR_REDIRECT] 
2026-04-27 06:46:33,228 [ERROR] LogOutputStream:75 - [STDERR_REDIRECT] [Fatal Error] :1:1: Premature end of file.
2026-04-27 06:46:33,228 [ERROR] LogOutputStream:75 - [STDERR_REDIRECT] 
2026-04-27 06:46:34,231 [ERROR] LogOutputStream:75 - [STDERR_REDIRECT] [Fatal Error] :1:1: Premature end of file.
2026-04-27 06:46:34,231 [ERROR] LogOutputStream:75 - [STDERR_REDIRECT] 
2026-04-27 06:46:35,231 [ERROR] LogOutputStream:75 - [STDERR_REDIRECT] [Fatal Error] :1:1: Premature end of file.
2026-04-27 06:46:35,231 [ERROR] LogOutputStream:75 - [STDERR_REDIRECT] 
2026-04-27 06:46:36,229 [ERROR] LogOutputStream:75 - [STDERR_REDIRECT] [Fatal Error] :1:1: Premature end of file.
2026-04-27 06:46:36,229 [ERROR] LogOutputStream:75 - [STDERR_REDIRECT] 
2026-04-27 06:46:37,231 [ERROR] LogOutputStream:75 - [STDERR_REDIRECT] [Fatal Error] :1:1: Premature end of file.
2026-04-27 06:46:37,231 [ERROR] LogOutputStream:75 - [STDERR_REDIRECT] 
2026-04-27 06:46:38,230 [ERROR] LogOutputStream:75 - [STDERR_REDIRECT] [Fatal Error] :1:1: Premature end of file.
2026-04-27 06:46:38,230 [ERROR] LogOutputStream:75 - [STDERR_REDIRECT] 
2026-04-27 06:46:39,231 [ERROR] LogOutputStream:75 - [STDERR_REDIRECT] [Fatal Error] :1:1: Premature end of file.
2026-04-27 06:46:39,231 [ERROR] LogOutputStream:75 - [STDERR_REDIRECT] 
2026-04-27 06:46:40,229 [ERROR] LogOutputStream:75 - [STDERR_REDIRECT] [Fatal Error] :1:1: Premature end of file.
2026-04-27 06:46:40,230 [ERROR] LogOutputStream:75 - [STDERR_REDIRECT] 
2026-04-27 06:46:41,231 [ERROR] LogOutputStream:75 - [STDERR_REDIRECT] [Fatal Error] :1:1: Premature end of file.
2026-04-27 06:46:41,231 [ERROR] LogOutputStream:75 - [STDERR_REDIRECT] 
2026-04-27 06:46:42,230 [ERROR] LogOutputStream:75 - [STDERR_REDIRECT] [Fatal Error] :1:1: Premature end of file.
2026-04-27 06:46:42,231 [ERROR] LogOutputStream:75 - [STDERR_REDIRECT] 
2026-04-27 06:46:43,231 [ERROR] LogOutputStream:75 - [STDERR_REDIRECT] [Fatal Error] :1:1: Premature end of file.
2026-04-27 06:46:43,231 [ERROR] LogOutputStream:75 - [STDERR_REDIRECT] 
2026-04-27 06:46:44,230 [ERROR] LogOutputStream:75 - [STDERR_REDIRECT] [Fatal Error] :1:1: Premature end of file.
2026-04-27 06:46:44,230 [ERROR] LogOutputStream:75 - [STDERR_REDIRECT] 
2026-04-27 06:46:45,229 [ERROR] LogOutputStream:75 - [STDERR_REDIRECT] [Fatal Error] :1:1: Premature end of file.
2026-04-27 06:46:45,229 [ERROR] LogOutputStream:75 - [STDERR_REDIRECT] 
2026-04-27 06:46:46,237 [ERROR] LogOutputStream:75 - [STDERR_REDIRECT] [Fatal Error] :1:1: Premature end of file.
2026-04-27 06:46:46,238 [ERROR] LogOutputStream:75 - [STDERR_REDIRECT] 
2026-04-27 06:46:47,230 [ERROR] LogOutputStream:75 - [STDERR_REDIRECT] [Fatal Error] :1:1: Premature end of file.
2026-04-27 06:46:47,230 [ERROR] LogOutputStream:75 - [STDERR_REDIRECT] 
2026-04-27 06:46:48,230 [ERROR] LogOutputStream:75 - [STDERR_REDIRECT] [Fatal Error] :1:1: Premature end of file.
2026-04-27 06:46:48,230 [ERROR] LogOutputStream:75 - [STDERR_REDIRECT] 
2026-04-27 06:46:49,228 [ERROR] LogOutputStream:75 - [STDERR_REDIRECT] [Fatal Error] :1:1: Premature end of file.
2026-04-27 06:46:49,228 [ERROR] LogOutputStream:75 - [STDERR_REDIRECT] 
2026-04-27 06:46:50,231 [ERROR] LogOutputStream:75 - [STDERR_REDIRECT] [Fatal Error] :1:1: Premature end of file.
2026-04-27 06:46:50,231 [ERROR] LogOutputStream:75 - [STDERR_REDIRECT] 
2026-04-27 06:46:51,229 [ERROR] LogOutputStream:75 - [STDERR_REDIRECT] [Fatal Error] :1:1: Premature end of file.
2026-04-27 06:46:51,230 [ERROR] LogOutputStream:75 - [STDERR_REDIRECT] 
2026-04-27 06:46:52,228 [ERROR] LogOutputStream:75 - [STDERR_REDIRECT] [Fatal Error] :1:1: Premature end of file.
2026-04-27 06:46:52,228 [ERROR] LogOutputStream:75 - [STDERR_REDIRECT] 
2026-04-27 06:46:53,231 [ERROR] LogOutputStream:75 - [STDERR_REDIRECT] [Fatal Error] :1:1: Premature end of file.
2026-04-27 06:46:53,231 [ERROR] LogOutputStream:75 - [STDERR_REDIRECT] 
2026-04-27 06:46:54,229 [ERROR] LogOutputStream:75 - [STDERR_REDIRECT] [Fatal Error] :1:1: Premature end of file.
2026-04-27 06:46:54,229 [ERROR] LogOutputStream:75 - [STDERR_REDIRECT] 
2026-04-27 06:46:55,229 [ERROR] LogOutputStream:75 - [STDERR_REDIRECT] [Fatal Error] :1:1: Premature end of file.
2026-04-27 06:46:55,229 [ERROR] LogOutputStream:75 - [STDERR_REDIRECT] 
2026-04-27 06:46:56,229 [ERROR] LogOutputStream:75 - [STDERR_REDIRECT] [Fatal Error] :1:1: Premature end of file.
2026-04-27 06:46:56,229 [ERROR] LogOutputStream:75 - [STDERR_REDIRECT] 
2026-04-27 06:46:57,229 [ERROR] LogOutputStream:75 - [STDERR_REDIRECT] [Fatal Error] :1:1: Premature end of file.
2026-04-27 06:46:57,229 [ERROR] LogOutputStream:75 - [STDERR_REDIRECT] 
2026-04-27 06:46:58,230 [ERROR] LogOutputStream:75 - [STDERR_REDIRECT] [Fatal Error] :1:1: Premature end of file.
2026-04-27 06:46:58,230 [ERROR] LogOutputStream:75 - [STDERR_REDIRECT] 
2026-04-27 06:46:59,230 [ERROR] LogOutputStream:75 - [STDERR_REDIRECT] [Fatal Error] :1:1: Premature end of file.
2026-04-27 06:46:59,230 [ERROR] LogOutputStream:75 - [STDERR_REDIRECT] 
2026-04-27 06:47:00,229 [ERROR] LogOutputStream:75 - [STDERR_REDIRECT] [Fatal Error] :1:1: Premature end of file.
2026-04-27 06:47:00,230 [ERROR] LogOutputStream:75 - [STDERR_REDIRECT] 
2026-04-27 06:47:01,229 [ERROR] LogOutputStream:75 - [STDERR_REDIRECT] [Fatal Error] :1:1: Premature end of file.
2026-04-27 06:47:01,229 [ERROR] LogOutputStream:75 - [STDERR_REDIRECT] 
2026-04-27 06:47:02,230 [ERROR] LogOutputStream:75 - [STDERR_REDIRECT] [Fatal Error] :1:1: Premature end of file.
2026-04-27 06:47:02,230 [ERROR] LogOutputStream:75 - [STDERR_REDIRECT] 
2026-04-27 06:47:03,228 [ERROR] LogOutputStream:75 - [STDERR_REDIRECT] [Fatal Error] :1:1: Premature end of file.
2026-04-27 06:47:03,229 [ERROR] LogOutputStream:75 - [STDERR_REDIRECT] 
2026-04-27 06:47:04,227 [ERROR] LogOutputStream:75 - [STDERR_REDIRECT] [Fatal Error] :1:1: Premature end of file.
2026-04-27 06:47:04,227 [ERROR] LogOutputStream:75 - [STDERR_REDIRECT] 
2026-04-27 06:47:05,227 [ERROR] LogOutputStream:75 - [STDERR_REDIRECT] [Fatal Error] :1:1: Premature end of file.
2026-04-27 06:47:05,228 [ERROR] LogOutputStream:75 - [STDERR_REDIRECT] 
2026-04-27 06:47:06,228 [ERROR] LogOutputStream:75 - [STDERR_REDIRECT] [Fatal Error] :1:1: Premature end of file.
2026-04-27 06:47:06,228 [ERROR] LogOutputStream:75 - [STDERR_REDIRECT] 
2026-04-27 06:47:07,228 [ERROR] LogOutputStream:75 - [STDERR_REDIRECT] [Fatal Error] :1:1: Premature end of file.
2026-04-27 06:47:07,228 [ERROR] LogOutputStream:75 - [STDERR_REDIRECT] 
2026-04-27 06:47:08,231 [ERROR] LogOutputStream:75 - [STDERR_REDIRECT] [Fatal Error] :1:1: Premature end of file.
2026-04-27 06:47:08,231 [ERROR] LogOutputStream:75 - [STDERR_REDIRECT] 
2026-04-27 06:47:09,230 [ERROR] LogOutputStream:75 - [STDERR_REDIRECT] [Fatal Error] :1:1: Premature end of file.
2026-04-27 06:47:09,230 [ERROR] LogOutputStream:75 - [STDERR_REDIRECT] 
2026-04-27 06:47:10,229 [ERROR] LogOutputStream:75 - [STDERR_REDIRECT] [Fatal Error] :1:1: Premature end of file.
2026-04-27 06:47:10,229 [ERROR] LogOutputStream:75 - [STDERR_REDIRECT] 
2026-04-27 06:47:11,226 [ERROR] LogOutputStream:75 - [STDERR_REDIRECT] [Fatal Error] :1:1: Premature end of file.
2026-04-27 06:47:11,226 [ERROR] LogOutputStream:75 - [STDERR_REDIRECT] 
2026-04-27 06:47:12,227 [ERROR] LogOutputStream:75 - [STDERR_REDIRECT] [Fatal Error] :1:1: Premature end of file.
2026-04-27 06:47:12,227 [ERROR] LogOutputStream:75 - [STDERR_REDIRECT] 
2026-04-27 06:47:13,231 [ERROR] LogOutputStream:75 - [STDERR_REDIRECT] [Fatal Error] :1:1: Premature end of file.
2026-04-27 06:47:13,231 [ERROR] LogOutputStream:75 - [STDERR_REDIRECT] 
2026-04-27 06:47:14,230 [ERROR] LogOutputStream:75 - [STDERR_REDIRECT] [Fatal Error] :1:1: Premature end of file.
2026-04-27 06:47:14,230 [ERROR] LogOutputStream:75 - [STDERR_REDIRECT] 
2026-04-27 06:47:15,230 [ERROR] LogOutputStream:75 - [STDERR_REDIRECT] [Fatal Error] :1:1: Premature end of file.
2026-04-27 06:47:15,230 [ERROR] LogOutputStream:75 - [STDERR_REDIRECT] 
2026-04-27 06:47:16,228 [ERROR] LogOutputStream:75 - [STDERR_REDIRECT] [Fatal Error] :1:1: Premature end of file.
2026-04-27 06:47:16,229 [ERROR] LogOutputStream:75 - [STDERR_REDIRECT] 
2026-04-27 06:47:17,227 [ERROR] LogOutputStream:75 - [STDERR_REDIRECT] [Fatal Error] :1:1: Premature end of file.
2026-04-27 06:47:17,227 [ERROR] LogOutputStream:75 - [STDERR_REDIRECT] 
2026-04-27 06:47:18,227 [ERROR] LogOutputStream:75 - [STDERR_REDIRECT] [Fatal Error] :1:1: Premature end of file.
2026-04-27 06:47:18,227 [ERROR] LogOutputStream:75 - [STDERR_REDIRECT] 
2026-04-27 06:47:19,230 [ERROR] LogOutputStream:75 - [STDERR_REDIRECT] [Fatal Error] :1:1: Premature end of file.
2026-04-27 06:47:19,231 [ERROR] LogOutputStream:75 - [STDERR_REDIRECT] 
2026-04-27 06:47:20,231 [ERROR] LogOutputStream:75 - [STDERR_REDIRECT] [Fatal Error] :1:1: Premature end of file.
2026-04-27 06:47:20,231 [ERROR] LogOutputStream:75 - [STDERR_REDIRECT] 
2026-04-27 06:47:21,231 [ERROR] LogOutputStream:75 - [STDERR_REDIRECT] [Fatal Error] :1:1: Premature end of file.
2026-04-27 06:47:21,231 [ERROR] LogOutputStream:75 - [STDERR_REDIRECT] 
2026-04-27 06:47:22,245 [ERROR] LogOutputStream:75 - [STDERR_REDIRECT] [Fatal Error] :1:1: Premature end of file.
2026-04-27 06:47:22,245 [ERROR] LogOutputStream:75 - [STDERR_REDIRECT] 
2026-04-27 06:47:22,641 [ERROR] LogOutputStream:75 - [STDERR_REDIRECT] 
2026-04-27 07:03:10,129 [INFO] Activator:176 - 


2026-04-27 07:03:10,129 [INFO] Activator:177 - !SESSION log4j initialized
2026-04-27 07:03:15,353 [INFO] LogOutputStream:77 - [STDOUT_REDIRECT] 
2026-04-27 07:03:21,275 [INFO] ApplicationProperties:184 - Using Application install path: C:\ST\STM32CubeIDE_1.18.1\STM32CubeIDE\plugins\com.st.stm32cube.common.mx_6.14.1.202504091515
2026-04-27 07:03:21,291 [INFO] DbMcusXml:78 - Set database path to: C:\ST\STM32CubeIDE_1.18.1\STM32CubeIDE\plugins\com.st.stm32cube.common.mx_6.14.1.202504091515\\db\/mcu/
2026-04-27 07:03:21,291 [INFO] ApiDb:274 - Set plugin database path to: C:\ST\STM32CubeIDE_1.18.1\STM32CubeIDE\plugins\com.st.stm32cube.common.mx_6.14.1.202504091515\\db\/plugins/boardmanager/
2026-04-27 07:03:21,291 [WARN] ApiDb:259 - Overriding images path with different value:  => C:\ST\STM32CubeIDE_1.18.1\STM32CubeIDE\plugins\com.st.stm32cube.common.mx_6.14.1.202504091515\\db\/plugins/mcufinder/images/
2026-04-27 07:03:21,307 [INFO] ApiDb:250 - Set database path to: C:\Users\salem\.stmcufinder\plugins\mcufinder//mcu/
2026-04-27 07:03:21,307 [INFO] DbMcusAds:125 - Set database path to: C:\Users\salem\.stmcufinder\plugins\mcufinder//mcu/
2026-04-27 07:03:21,307 [INFO] CrossReferenceDbSqlite:203 - Set database path to: C:\Users\salem\.stmcufinder\plugins\mcufinder//mcu/cs/
2026-04-27 07:03:21,433 [INFO] RulesReader:64 - Compatibility file has been processed (302 Rules)
2026-04-27 07:03:21,513 [INFO] DbMcusXml:78 - Set database path to: C:\ST\STM32CubeIDE_1.18.1\STM32CubeIDE\plugins\com.st.stm32cube.common.mx_6.14.1.202504091515\\db\/mcu/
2026-04-27 07:03:21,513 [INFO] ApiDb:274 - Set plugin database path to: C:\ST\STM32CubeIDE_1.18.1\STM32CubeIDE\plugins\com.st.stm32cube.common.mx_6.14.1.202504091515\\db\/plugins/boardmanager/
2026-04-27 07:03:21,513 [INFO] ApiDb:261 - Set plugin images path to: C:\ST\STM32CubeIDE_1.18.1\STM32CubeIDE\plugins\com.st.stm32cube.common.mx_6.14.1.202504091515\\db\/plugins/mcufinder/images/
2026-04-27 07:03:21,513 [WARN] DbFile:41 - Overriding database path with different value: C:\Users\salem\.stmcufinder\plugins\mcufinder/ => C:\Users\salem\.stmcufinder\plugins\mcufinder
2026-04-27 07:03:21,513 [INFO] ApiDb:250 - Set database path to: C:\Users\salem\.stmcufinder\plugins\mcufinder//mcu/
2026-04-27 07:03:21,513 [WARN] DbFile:41 - Overriding database path with different value: C:\Users\salem\.stmcufinder\plugins\mcufinder/ => C:\Users\salem\.stmcufinder\plugins\mcufinder
2026-04-27 07:03:21,513 [INFO] DbMcusAds:125 - Set database path to: C:\Users\salem\.stmcufinder\plugins\mcufinder//mcu/
2026-04-27 07:03:21,513 [WARN] DbFile:41 - Overriding database path with different value: C:\Users\salem\.stmcufinder\plugins\mcufinder/ => C:\Users\salem\.stmcufinder\plugins\mcufinder
2026-04-27 07:03:21,513 [WARN] DbFile:41 - Overriding database path with different value: C:\Users\salem\.stmcufinder\plugins\mcufinder/ => C:\Users\salem\.stmcufinder\plugins\mcufinder
2026-04-27 07:03:21,513 [INFO] CrossReferenceDbSqlite:203 - Set database path to: C:\Users\salem\.stmcufinder\plugins\mcufinder//mcu/cs/
2026-04-27 07:03:21,581 [INFO] MainPanel:272 - HeapMemory: 268435456
2026-04-27 07:03:21,701 [INFO] DbMcusXml:78 - Set database path to: C:\ST\STM32CubeIDE_1.18.1\STM32CubeIDE\plugins\com.st.stm32cube.common.mx_6.14.1.202504091515\\db\/mcu/
2026-04-27 07:03:21,701 [INFO] ApiDb:274 - Set plugin database path to: C:\ST\STM32CubeIDE_1.18.1\STM32CubeIDE\plugins\com.st.stm32cube.common.mx_6.14.1.202504091515\\db\/plugins/boardmanager/
2026-04-27 07:03:21,701 [INFO] ApiDb:261 - Set plugin images path to: C:\ST\STM32CubeIDE_1.18.1\STM32CubeIDE\plugins\com.st.stm32cube.common.mx_6.14.1.202504091515\\db\/plugins/mcufinder/images/
2026-04-27 07:03:21,703 [WARN] DbFile:41 - Overriding database path with different value: C:\Users\salem\.stmcufinder\plugins\mcufinder/ => C:\Users\salem\.stmcufinder\plugins\mcufinder
2026-04-27 07:03:21,703 [INFO] ApiDb:250 - Set database path to: C:\Users\salem\.stmcufinder\plugins\mcufinder//mcu/
2026-04-27 07:03:21,703 [WARN] DbFile:41 - Overriding database path with different value: C:\Users\salem\.stmcufinder\plugins\mcufinder/ => C:\Users\salem\.stmcufinder\plugins\mcufinder
2026-04-27 07:03:21,703 [INFO] DbMcusAds:125 - Set database path to: C:\Users\salem\.stmcufinder\plugins\mcufinder//mcu/
2026-04-27 07:03:21,703 [WARN] DbFile:41 - Overriding database path with different value: C:\Users\salem\.stmcufinder\plugins\mcufinder/ => C:\Users\salem\.stmcufinder\plugins\mcufinder
2026-04-27 07:03:21,703 [WARN] DbFile:41 - Overriding database path with different value: C:\Users\salem\.stmcufinder\plugins\mcufinder/ => C:\Users\salem\.stmcufinder\plugins\mcufinder
2026-04-27 07:03:21,703 [INFO] CrossReferenceDbSqlite:203 - Set database path to: C:\Users\salem\.stmcufinder\plugins\mcufinder//mcu/cs/
2026-04-27 07:03:21,724 [INFO] ApplicationProperties:184 - Using Application install path: C:\ST\STM32CubeIDE_1.18.1\STM32CubeIDE\plugins\com.st.stm32cube.common.mx_6.14.1.202504091515
2026-04-27 07:03:21,724 [INFO] PluginManage:196 - Search for loadable plugins [exclusion list=, ]
2026-04-27 07:03:21,724 [INFO] PluginManage:310 - Check plugin analytics
2026-04-27 07:03:27,006 [INFO] AnalyticsPlugin:253 - Accepted Software Licenses: STM32CubeMX.6.13.0
2026-04-27 07:03:27,006 [INFO] AnalyticsPlugin:255 - Accepted CMSIS Pack Licenses: 
2026-04-27 07:03:27,006 [INFO] AnalyticsPlugin:257 - Accepted Firmware Licenses: FW.F4.1.28.0,FW.C0.1.3.0,FW.C0.1.4.0
2026-04-27 07:03:27,010 [INFO] PluginManage:359 - Loaded plugin analytics (category:tool,tabindex:-1)
2026-04-27 07:03:27,010 [INFO] PluginManage:310 - Check plugin cadmodel
2026-04-27 07:03:27,013 [INFO] CADModel:105 - Init CAD model plugin
2026-04-27 07:03:27,013 [INFO] PluginManage:359 - Loaded plugin cadmodel (category:power,tabindex:5)
2026-04-27 07:03:27,013 [INFO] PluginManage:310 - Check plugin clock
2026-04-27 07:03:27,019 [INFO] PluginManage:359 - Loaded plugin clock (category:base,tabindex:2)
2026-04-27 07:03:27,019 [INFO] PluginManage:310 - Check plugin ddr
2026-04-27 07:03:27,025 [INFO] PluginManage:359 - Loaded plugin ddr (category:tool,tabindex:6)
2026-04-27 07:03:27,025 [INFO] PluginManage:310 - Check plugin filemanager
2026-04-27 07:03:27,152 [INFO] PluginManage:359 - Loaded plugin filemanager (category:base,tabindex:10)
2026-04-27 07:03:27,152 [INFO] PluginManage:310 - Check plugin ipmanager
2026-04-27 07:03:27,152 [INFO] PluginManage:359 - Loaded plugin ipmanager (category:base,tabindex:5)
2026-04-27 07:03:27,152 [INFO] PluginManage:310 - Check plugin lpbam
2026-04-27 07:03:27,163 [INFO] PluginManage:359 - Loaded plugin lpbam (category:base,tabindex:0)
2026-04-27 07:03:27,163 [INFO] PluginManage:310 - Check plugin memorymap
2026-04-27 07:03:27,168 [INFO] PluginManage:359 - Loaded plugin memorymap (category:base,tabindex:4)
2026-04-27 07:03:27,168 [INFO] PluginManage:310 - Check plugin pinoutandconfiguration
2026-04-27 07:03:27,180 [INFO] PluginManage:359 - Loaded plugin pinoutandconfiguration (category:base,tabindex:1)
2026-04-27 07:03:27,180 [INFO] PluginManage:310 - Check plugin pinoutconfig
2026-04-27 07:03:27,253 [WARN] SupportedApi:132 - Cannot load RTOS API schema: s4s-elt-must-match.1: The content of 'definitions' must match (annotation?, (simpleType | complexType)?, (unique | key | keyref)*)). A problem was found starting at: attribute.
2026-04-27 07:03:27,358 [INFO] PluginManage:359 - Loaded plugin pinoutconfig (category:base,tabindex:0)
2026-04-27 07:03:27,358 [INFO] PluginManage:310 - Check plugin power
2026-04-27 07:03:27,358 [INFO] PluginManage:359 - Loaded plugin power (category:power,tabindex:4)
2026-04-27 07:03:27,358 [INFO] PluginManage:310 - Check plugin projectmanager
2026-04-27 07:03:27,390 [INFO] PluginManage:359 - Loaded plugin projectmanager (category:projectmanager,tabindex:4)
2026-04-27 07:03:27,390 [INFO] PluginManage:310 - Check plugin rif
2026-04-27 07:03:27,390 [INFO] PluginManage:359 - Loaded plugin rif (category:base,tabindex:3)
2026-04-27 07:03:27,390 [INFO] PluginManage:310 - Check plugin thirdparty
2026-04-27 07:03:27,484 [INFO] PluginManage:359 - Loaded plugin thirdparty (category:base,tabindex:-1)
2026-04-27 07:03:27,484 [WARN] IntegrityCheckThread:84 - waiting for thirdparty lock release [integrity check]
2026-04-27 07:03:27,484 [INFO] PluginManage:310 - Check plugin tools
2026-04-27 07:03:27,484 [INFO] IntegrityCheckThread:86 - entering critical section [integrity check]
2026-04-27 07:03:27,484 [INFO] ThirdPartyUpdaterWithRetryManager:70 - Updater plugin not ready yet. [1/15]
2026-04-27 07:03:27,500 [INFO] PluginManage:359 - Loaded plugin tools (category:base,tabindex:7)
2026-04-27 07:03:27,500 [INFO] PluginManage:310 - Check plugin tutovideos
2026-04-27 07:03:27,644 [INFO] PluginManage:359 - Loaded plugin tutovideos (category:base,tabindex:-1)
2026-04-27 07:03:27,644 [INFO] PluginManage:310 - Check plugin updater
2026-04-27 07:03:27,678 [INFO] PluginManage:359 - Loaded plugin updater (category:base,tabindex:12)
2026-04-27 07:03:27,678 [INFO] PluginManage:310 - Check plugin userauth
2026-04-27 07:03:27,678 [INFO] UserAuth:118 - Init User Auth plugin
2026-04-27 07:03:27,684 [INFO] PluginManage:359 - Loaded plugin userauth (category:base,tabindex:14)
2026-04-27 07:03:27,684 [INFO] PluginManage:283 - PluginManage : Loaded plugins [18]
2026-04-27 07:03:27,865 [INFO] PinOutPanel:1589 - setPackage(No Configuration,No Configuration)
2026-04-27 07:03:27,950 [INFO] CADModel:165 - CPN selected for project level
2026-04-27 07:03:27,950 [INFO] CADModel:114 - Register for checkConnection events
2026-04-27 07:03:27,950 [INFO] IPUIPlugin:80 - create IPUIPlugin
2026-04-27 07:03:27,950 [INFO] PluginManager:220 - loadIPPluginJar : add adc
2026-04-27 07:03:27,965 [INFO] IPUIPlugin:80 - create IPUIPlugin
2026-04-27 07:03:27,965 [INFO] PluginManager:220 - loadIPPluginJar : add aes
2026-04-27 07:03:27,965 [INFO] IPUIPlugin:80 - create IPUIPlugin
2026-04-27 07:03:27,965 [INFO] PluginManager:220 - loadIPPluginJar : add can
2026-04-27 07:03:27,965 [INFO] IPUIPlugin:80 - create IPUIPlugin
2026-04-27 07:03:27,965 [INFO] PluginManager:220 - loadIPPluginJar : add comp
2026-04-27 07:03:27,965 [INFO] IPUIPlugin:80 - create IPUIPlugin
2026-04-27 07:03:27,965 [INFO] PluginManager:220 - loadIPPluginJar : add cryp
2026-04-27 07:03:27,965 [INFO] IPUIPlugin:80 - create IPUIPlugin
2026-04-27 07:03:27,965 [INFO] PluginManager:220 - loadIPPluginJar : add ddr_ctrl_phy
2026-04-27 07:03:27,965 [INFO] IPUIPlugin:80 - create IPUIPlugin
2026-04-27 07:03:27,965 [INFO] PluginManager:220 - loadIPPluginJar : add dfsdm
2026-04-27 07:03:27,980 [INFO] IPUIPlugin:80 - create IPUIPlugin
2026-04-27 07:03:27,980 [INFO] PluginManager:220 - loadIPPluginJar : add dma
2026-04-27 07:03:27,980 [INFO] IPUIPlugin:80 - create IPUIPlugin
2026-04-27 07:03:27,980 [INFO] PluginManager:220 - loadIPPluginJar : add dma3
2026-04-27 07:03:27,980 [INFO] IPUIPlugin:80 - create IPUIPlugin
2026-04-27 07:03:27,980 [INFO] PluginManager:220 - loadIPPluginJar : add extmemmanager
2026-04-27 07:03:27,980 [INFO] IPUIPlugin:80 - create IPUIPlugin
2026-04-27 07:03:27,980 [INFO] PluginManager:220 - loadIPPluginJar : add fatfs
2026-04-27 07:03:27,980 [INFO] IPUIPlugin:80 - create IPUIPlugin
2026-04-27 07:03:27,980 [INFO] PluginManager:220 - loadIPPluginJar : add fmc
2026-04-27 07:03:27,997 [INFO] IPUIPlugin:80 - create IPUIPlugin
2026-04-27 07:03:27,997 [INFO] PluginManager:220 - loadIPPluginJar : add freertos
2026-04-27 07:03:27,997 [INFO] IPUIPlugin:80 - create IPUIPlugin
2026-04-27 07:03:27,997 [INFO] PluginManager:220 - loadIPPluginJar : add genericplugin
2026-04-27 07:03:27,997 [INFO] IPUIPlugin:80 - create IPUIPlugin
2026-04-27 07:03:27,997 [INFO] PluginManager:220 - loadIPPluginJar : add gfxmmu
2026-04-27 07:03:28,003 [INFO] IPUIPlugin:80 - create IPUIPlugin
2026-04-27 07:03:28,003 [INFO] PluginManager:220 - loadIPPluginJar : add gic
2026-04-27 07:03:28,005 [INFO] IPUIPlugin:80 - create IPUIPlugin
2026-04-27 07:03:28,005 [INFO] PluginManager:220 - loadIPPluginJar : add gpio
2026-04-27 07:03:28,007 [INFO] IPUIPlugin:80 - create IPUIPlugin
2026-04-27 07:03:28,007 [INFO] PluginManager:220 - loadIPPluginJar : add gtzc
2026-04-27 07:03:28,011 [INFO] IPUIPlugin:80 - create IPUIPlugin
2026-04-27 07:03:28,011 [INFO] PluginManager:220 - loadIPPluginJar : add hash
2026-04-27 07:03:28,015 [INFO] IPUIPlugin:80 - create IPUIPlugin
2026-04-27 07:03:28,015 [INFO] PluginManager:220 - loadIPPluginJar : add i2c
2026-04-27 07:03:28,015 [INFO] IPUIPlugin:80 - create IPUIPlugin
2026-04-27 07:03:28,015 [INFO] PluginManager:220 - loadIPPluginJar : add i2s
2026-04-27 07:03:28,015 [INFO] IPUIPlugin:80 - create IPUIPlugin
2026-04-27 07:03:28,015 [INFO] PluginManager:220 - loadIPPluginJar : add i3c
2026-04-27 07:03:28,015 [INFO] IPUIPlugin:80 - create IPUIPlugin
2026-04-27 07:03:28,025 [INFO] PluginManager:220 - loadIPPluginJar : add ipddr
2026-04-27 07:03:28,027 [INFO] IPUIPlugin:80 - create IPUIPlugin
2026-04-27 07:03:28,027 [INFO] PluginManager:220 - loadIPPluginJar : add linkedlist
2026-04-27 07:03:28,027 [INFO] IPUIPlugin:80 - create IPUIPlugin
2026-04-27 07:03:28,027 [INFO] PluginManager:220 - loadIPPluginJar : add lorawan
2026-04-27 07:03:28,037 [INFO] IPUIPlugin:80 - create IPUIPlugin
2026-04-27 07:03:28,037 [INFO] PluginManager:220 - loadIPPluginJar : add ltdc
2026-04-27 07:03:28,041 [INFO] IPUIPlugin:80 - create IPUIPlugin
2026-04-27 07:03:28,041 [INFO] PluginManager:220 - loadIPPluginJar : add mdma
2026-04-27 07:03:28,043 [INFO] IPUIPlugin:80 - create IPUIPlugin
2026-04-27 07:03:28,043 [INFO] PluginManager:220 - loadIPPluginJar : add nvic
2026-04-27 07:03:28,047 [INFO] IPUIPlugin:80 - create IPUIPlugin
2026-04-27 07:03:28,049 [INFO] PluginManager:220 - loadIPPluginJar : add opamp
2026-04-27 07:03:28,051 [INFO] IPUIPlugin:80 - create IPUIPlugin
2026-04-27 07:03:28,051 [INFO] PluginManager:220 - loadIPPluginJar : add openamp
2026-04-27 07:03:28,051 [INFO] IPUIPlugin:80 - create IPUIPlugin
2026-04-27 07:03:28,051 [INFO] PluginManager:220 - loadIPPluginJar : add pdm2pcm
2026-04-27 07:03:28,060 [INFO] IPUIPlugin:80 - create IPUIPlugin
2026-04-27 07:03:28,063 [INFO] PluginManager:220 - loadIPPluginJar : add plateformsettings
2026-04-27 07:03:28,063 [INFO] IPUIPlugin:80 - create IPUIPlugin
2026-04-27 07:03:28,063 [INFO] PluginManager:220 - loadIPPluginJar : add quadspi
2026-04-27 07:03:28,066 [INFO] IPUIPlugin:80 - create IPUIPlugin
2026-04-27 07:03:28,066 [INFO] PluginManager:220 - loadIPPluginJar : add radio
2026-04-27 07:03:28,069 [INFO] IPUIPlugin:80 - create IPUIPlugin
2026-04-27 07:03:28,069 [INFO] PluginManager:220 - loadIPPluginJar : add resmgrutility
2026-04-27 07:03:28,073 [INFO] IPUIPlugin:80 - create IPUIPlugin
2026-04-27 07:03:28,074 [INFO] PluginManager:220 - loadIPPluginJar : add sai
2026-04-27 07:03:28,075 [INFO] IPUIPlugin:80 - create IPUIPlugin
2026-04-27 07:03:28,075 [INFO] PluginManager:220 - loadIPPluginJar : add spi
2026-04-27 07:03:28,075 [INFO] IPUIPlugin:80 - create IPUIPlugin
2026-04-27 07:03:28,085 [INFO] PluginManager:220 - loadIPPluginJar : add stm32_wpan
2026-04-27 07:03:28,085 [INFO] IPUIPlugin:80 - create IPUIPlugin
2026-04-27 07:03:28,085 [INFO] PluginManager:220 - loadIPPluginJar : add tim
2026-04-27 07:03:28,085 [INFO] IPUIPlugin:80 - create IPUIPlugin
2026-04-27 07:03:28,085 [INFO] PluginManager:220 - loadIPPluginJar : add touchsensing
2026-04-27 07:03:28,090 [INFO] IPUIPlugin:80 - create IPUIPlugin
2026-04-27 07:03:28,090 [INFO] PluginManager:220 - loadIPPluginJar : add tracer_emb
2026-04-27 07:03:28,090 [INFO] IPUIPlugin:80 - create IPUIPlugin
2026-04-27 07:03:28,090 [INFO] PluginManager:220 - loadIPPluginJar : add ts
2026-04-27 07:03:28,094 [INFO] IPUIPlugin:80 - create IPUIPlugin
2026-04-27 07:03:28,094 [INFO] PluginManager:220 - loadIPPluginJar : add tsc
2026-04-27 07:03:28,094 [INFO] IPUIPlugin:80 - create IPUIPlugin
2026-04-27 07:03:28,094 [INFO] PluginManager:220 - loadIPPluginJar : add ucpd
2026-04-27 07:03:28,098 [INFO] IPUIPlugin:80 - create IPUIPlugin
2026-04-27 07:03:28,098 [INFO] PluginManager:220 - loadIPPluginJar : add usart
2026-04-27 07:03:28,100 [INFO] IPUIPlugin:80 - create IPUIPlugin
2026-04-27 07:03:28,100 [INFO] PluginManager:220 - loadIPPluginJar : add usbx
2026-04-27 07:03:28,217 [FATAL] Updater:351 - Updater called before beeing initialized
2026-04-27 07:03:28,234 [INFO] RulesReader:64 - Compatibility file has been processed (302 Rules)
2026-04-27 07:03:28,248 [INFO] RulesReader:64 - Compatibility file has been processed (302 Rules)
2026-04-27 07:03:28,264 [INFO] CADModel:165 - CPN selected for project level
2026-04-27 07:03:28,264 [INFO] CADModel:114 - Register for checkConnection events
2026-04-27 07:03:28,264 [FATAL] Updater:351 - Updater called before beeing initialized
2026-04-27 07:03:28,264 [ERROR] CADModel:125 - Updater not yet initialized, retry later 
2026-04-27 07:03:28,391 [FATAL] Updater:351 - Updater called before beeing initialized
2026-04-27 07:03:28,393 [INFO] CADModel:165 - CPN selected for project level
2026-04-27 07:03:28,393 [INFO] CADModel:114 - Register for checkConnection events
2026-04-27 07:03:28,393 [FATAL] Updater:351 - Updater called before beeing initialized
2026-04-27 07:03:28,393 [ERROR] CADModel:125 - Updater not yet initialized, retry later 
2026-04-27 07:03:28,397 [FATAL] Updater:351 - Updater called before beeing initialized
2026-04-27 07:03:28,491 [FATAL] Updater:351 - Updater called before beeing initialized
2026-04-27 07:03:28,491 [INFO] DbMcusAds:53 - JSON generation date=Fri Apr 10 10:19:02 CET 2026 (1775812742310)
2026-04-27 07:03:28,491 [FATAL] Updater:351 - Updater called before beeing initialized
2026-04-27 07:03:28,523 [WARN] DetailPanel:346 - Failed to get advertising image, set to default
2026-04-27 07:03:28,743 [FATAL] Updater:351 - Updater called before beeing initialized
2026-04-27 07:03:28,744 [FATAL] Updater:351 - Updater called before beeing initialized
2026-04-27 07:03:28,744 [FATAL] Updater:351 - Updater called before beeing initialized
2026-04-27 07:03:28,744 [WARN] DetailPanel:346 - Failed to get advertising image, set to default
2026-04-27 07:03:28,744 [FATAL] Updater:351 - Updater called before beeing initialized
2026-04-27 07:03:28,791 [ERROR] Updater:1198 - MainUpdater not yet initialized. External WinMGr cannot be set.
2026-04-27 07:03:28,791 [INFO] Updater:1134 - Updater Version found : 6.14.1
2026-04-27 07:03:28,791 [INFO] ApplicationProperties:184 - Using Application install path: C:\ST\STM32CubeIDE_1.18.1\STM32CubeIDE\plugins\com.st.stm32cube.common.mx_6.14.1.202504091515
2026-04-27 07:03:29,446 [INFO] MainUpdater:2872 - connection check result : 10
2026-04-27 07:03:29,446 [INFO] MainUpdater:289 - Updater Check For Update Now.
2026-04-27 07:03:29,446 [INFO] MicroXplorer:498 - Change Database Version : DB.6.0.141
2026-04-27 07:03:29,464 [INFO] McuFinderGlobals:63 - Set McuFinder mode to 2 (CubeIDE integrated)
2026-04-27 07:03:29,464 [INFO] UserAuth:484 - Internet connection configuration mode: 1
2026-04-27 07:03:29,483 [INFO] JxBrowserEngine:152 - Initiate JxBrowser Engine with user profile folder
2026-04-27 07:03:29,658 [INFO] CheckServerUpdateThread:120 - End of CheckServer Thread
2026-04-27 07:03:30,106 [INFO] WebApp:169 - Instantiating new browser for Auth
2026-04-27 07:03:30,670 [INFO] WebApp:463 - Apply proxy settings
2026-04-27 07:03:30,672 [INFO] WebApp:548 - Chromium requires no authentication
2026-04-27 07:03:30,680 [INFO] WebApp:491 - Direct internet connection detected
2026-04-27 07:03:30,703 [INFO] WebApp:894 - Register for checkConnection events
2026-04-27 07:03:30,703 [INFO] WebApp:463 - Apply proxy settings
2026-04-27 07:03:30,703 [INFO] WebApp:548 - Chromium requires no authentication
2026-04-27 07:03:30,704 [INFO] WebApp:491 - Direct internet connection detected
2026-04-27 07:03:30,848 [WARN] PackLoader:240 - Cannot read IP mode file for STMicroelectronics.X-CUBE-AZRTOS-H7.3.5.0
2026-04-27 07:03:30,867 [WARN] PackLoader:240 - Cannot read IP mode file for STMicroelectronics.FP-SNS-MOTENVWB1.1.4.0
2026-04-27 07:03:30,867 [WARN] PackLoader:240 - Cannot read IP mode file for STMicroelectronics.FP-ATR-ASTRA1.2.0.2
2026-04-27 07:03:30,880 [WARN] PackLoader:240 - Cannot read IP mode file for STMicroelectronics.FP-ATR-ASTRA1.2.0.1
2026-04-27 07:03:30,896 [WARN] PackLoader:240 - Cannot read IP mode file for STMicroelectronics.X-CUBE-SMBUS.2.1.0
2026-04-27 07:03:30,898 [WARN] PackLoader:240 - Cannot read IP mode file for STMicroelectronics.X-CUBE-WB05N.1.1.0
2026-04-27 07:03:30,911 [WARN] PackLoader:240 - Cannot read IP mode file for STMicroelectronics.X-CUBE-ST60.1.0.0
2026-04-27 07:03:30,927 [WARN] PackLoader:240 - Cannot read IP mode file for STMicroelectronics.X-CUBE-AZRTOS-F7.1.1.0
2026-04-27 07:03:30,946 [WARN] PackLoader:240 - Cannot read IP mode file for Cesanta.I-CUBE-Mongoose.7.19.0
2026-04-27 07:03:30,991 [INFO] WebApp:225 - Starting web application
2026-04-27 07:03:30,991 [INFO] WebApp:593 - Web application path used C:\ST\STM32CubeIDE_1.18.1\STM32CubeIDE\plugins\com.st.stm32cube.common.mx_6.14.1.202504091515\db\plugins\mcufinder\reactClient1\index.html
2026-04-27 07:03:31,003 [WARN] PackLoader:240 - Cannot read IP mode file for STMicroelectronics.X-CUBE-MEMS1.11.0.0
2026-04-27 07:03:31,096 [INFO] UserAuth:484 - Internet connection configuration mode: 1
2026-04-27 07:03:31,124 [ERROR] Engine:466 - C:\Users\salem\.stm32cubemx\thirdparties\pdsc\STMicroelectronics.FP-SNS-MOTENV1.5.1.0.pdsc: PDSC version is not supported
2026-04-27 07:03:31,129 [ERROR] Engine:466 - C:\Users\salem\.stm32cubemx\thirdparties\pdsc\WES.I-CUBE-Cesium.1.4.0.pdsc: PDSC version is not supported
2026-04-27 07:03:31,134 [WARN] PackLoader:240 - Cannot read IP mode file for STMicroelectronics.FP-SNS-FLIGHT1.5.0.2
2026-04-27 07:03:31,154 [WARN] PackLoader:240 - Cannot read IP mode file for Infineon.AIROC-Wi-Fi-Bluetooth-STM32.1.7.0
2026-04-27 07:03:31,171 [WARN] PackLoader:240 - Cannot read IP mode file for Infineon.AIROC-Wi-Fi-Bluetooth-STM32.1.7.1
2026-04-27 07:03:31,179 [ERROR] LogOutputStream:75 - [STDERR_REDIRECT] [Fatal Error] :1:1: Premature end of file.
2026-04-27 07:03:31,179 [WARN] PackLoader:240 - Cannot read IP mode file for STMicroelectronics.X-CUBE-AZRTOS-H7.3.4.0
2026-04-27 07:03:31,179 [ERROR] LogOutputStream:75 - [STDERR_REDIRECT] 
2026-04-27 07:03:31,194 [WARN] PackLoader:240 - Cannot read IP mode file for STMicroelectronics.X-CUBE-DISPLAY.3.0.0
2026-04-27 07:03:31,194 [ERROR] Engine:466 - C:\Users\salem\.stm32cubemx\thirdparties\pdsc\STMicroelectronics.FP-SNS-MOTENVWB1.1.5.0.pdsc: PDSC version is not supported
2026-04-27 07:03:31,210 [WARN] PackLoader:240 - Cannot read IP mode file for STMicroelectronics.X-CUBE-BLE1.7.0.0
2026-04-27 07:03:31,210 [WARN] PackLoader:240 - Cannot read IP mode file for STMicroelectronics.X-CUBE-NFC10.1.0.0
2026-04-27 07:03:31,225 [WARN] PackLoader:240 - Cannot read IP mode file for STMicroelectronics.X-CUBE-BLEMGR.4.0.0
2026-04-27 07:03:31,239 [WARN] PackLoader:240 - Cannot read IP mode file for STMicroelectronics.X-CUBE-ST60.1.1.0
2026-04-27 07:03:31,245 [WARN] PackLoader:240 - Cannot read IP mode file for emotas.I-CUBE-CANOPEN.1.3.0
2026-04-27 07:03:31,251 [WARN] PackLoader:240 - Cannot read IP mode file for STMicroelectronics.X-CUBE-GNSS1.7.1.0
2026-04-27 07:03:31,257 [WARN] PackLoader:240 - Cannot read IP mode file for STMicroelectronics.X-CUBE-AI.10.0.0
2026-04-27 07:03:31,260 [ERROR] Engine:466 - C:\Users\salem\.stm32cubemx\thirdparties\pdsc\STMicroelectronics.FP-SNS-STBOX1.2.1.0.pdsc: PDSC version is not supported
2026-04-27 07:03:31,288 [WARN] PackLoader:240 - Cannot read IP mode file for STMicroelectronics.FP-SNS-SMARTAG2.1.2.0
2026-04-27 07:03:31,297 [WARN] PackLoader:240 - Cannot read IP mode file for STMicroelectronics.FP-SNS-FLIGHT1.5.1.0
2026-04-27 07:03:31,335 [WARN] PackLoader:240 - Cannot read IP mode file for STMicroelectronics.X-CUBE-MEMS1.11.1.0
2026-04-27 07:03:31,372 [INFO] WebApp:191 - Connection restablished
2026-04-27 07:03:31,449 [INFO] LogOutputStream:77 - [STDOUT_REDIRECT] 1 : Invalid condition id : UX_CORESTACK_Condition cause : null
2026-04-27 07:03:31,450 [INFO] LogOutputStream:77 - [STDOUT_REDIRECT] 1 : Invalid condition id : UX_CORESTACK_Condition cause : null
2026-04-27 07:03:31,452 [INFO] LogOutputStream:77 - [STDOUT_REDIRECT] 1 : Invalid condition id : UX_CORESTACK_Condition cause : null
2026-04-27 07:03:31,453 [INFO] LogOutputStream:77 - [STDOUT_REDIRECT] 1 : Invalid condition id : UX_CORESTACK_Condition cause : null
2026-04-27 07:03:31,455 [INFO] LogOutputStream:77 - [STDOUT_REDIRECT] 1 : Invalid condition id : UX_CORESTACK_Condition cause : null
2026-04-27 07:03:31,457 [WARN] PackLoader:240 - Cannot read IP mode file for STMicroelectronics.X-CUBE-AZRTOS-WL.2.0.0
2026-04-27 07:03:31,462 [WARN] PackLoader:240 - Cannot read IP mode file for STMicroelectronics.FP-SNS-MOTENV1.5.0.0
2026-04-27 07:03:31,478 [WARN] PackLoader:240 - Cannot read IP mode file for STMicroelectronics.X-CUBE-AZRTOS-H7RS.1.2.0
2026-04-27 07:03:31,485 [WARN] PackLoader:240 - Cannot read IP mode file for wolfSSL.I-CUBE-wolfMQTT.1.19.0
2026-04-27 07:03:31,497 [WARN] PackLoader:240 - Cannot read IP mode file for WES.I-CUBE-Cesium.1.3.0
2026-04-27 07:03:31,497 [WARN] PackLoader:240 - Cannot read IP mode file for STMicroelectronics.X-CUBE-BLE2.3.3.0
2026-04-27 07:03:31,525 [WARN] PackLoader:240 - Cannot read IP mode file for STMicroelectronics.X-CUBE-NFC9.1.0.0
2026-04-27 07:03:31,526 [WARN] PackLoader:240 - Cannot read IP mode file for wolfSSL.I-CUBE-wolfSSL.5.8.2
2026-04-27 07:03:31,526 [WARN] PackLoader:240 - Cannot read IP mode file for STMicroelectronics.X-CUBE-BLE1.7.1.0
2026-04-27 07:03:31,536 [WARN] PackLoader:240 - Cannot read IP mode file for wolfSSL.I-CUBE-wolfMQTT.1.19.2
2026-04-27 07:03:31,540 [ERROR] Engine:466 - C:\Users\salem\.stm32cubemx\thirdparties\pdsc\STMicroelectronics.X-CUBE-FREERTOS.1.4.0.pdsc: PDSC version is not supported
2026-04-27 07:03:31,547 [WARN] PackLoader:240 - Cannot read IP mode file for STMicroelectronics.X-CUBE-EEPRMA1.5.2.0
2026-04-27 07:03:31,549 [ERROR] Engine:466 - C:\Users\salem\.stm32cubemx\thirdparties\pdsc\STMicroelectronics.X-CUBE-ST67W61.1.1.0.pdsc: PDSC version is not supported
2026-04-27 07:03:31,549 [WARN] PackLoader:240 - Cannot read IP mode file for STMicroelectronics.X-CUBE-AI.10.1.0
2026-04-27 07:03:31,549 [ERROR] Engine:466 - C:\Users\salem\.stm32cubemx\thirdparties\pdsc\STMicroelectronics.FP-SNS-STAIOTCFT.1.1.0.pdsc: PDSC version is not supported
2026-04-27 07:03:31,587 [WARN] PackLoader:240 - Cannot read IP mode file for STMicroelectronics.X-CUBE-MEMS1.12.0.0
2026-04-27 07:03:31,685 [WARN] PackLoader:240 - Cannot read IP mode file for STMicroelectronics.X-CUBE-MEMS1.11.2.0
2026-04-27 07:03:31,773 [WARN] PackLoader:240 - Cannot read IP mode file for STMicroelectronics.X-CUBE-AZRTOS-G0.1.1.0
2026-04-27 07:03:31,783 [WARN] PackLoader:240 - Cannot read IP mode file for STMicroelectronics.X-CUBE-SAFEA1.1.2.2
2026-04-27 07:03:31,796 [WARN] PackLoader:240 - Cannot read IP mode file for STMicroelectronics.X-CUBE-NFC4.3.0.0
2026-04-27 07:03:31,799 [WARN] PackLoader:240 - Cannot read IP mode file for EmbeddedOffice.I-CUBE-FS-RTOS.1.0.1
2026-04-27 07:03:31,799 [WARN] PackLoader:240 - Cannot read IP mode file for STMicroelectronics.X-CUBE-WB05N.2.0.0
2026-04-27 07:03:31,817 [WARN] PackLoader:240 - Cannot read IP mode file for wolfSSL.I-CUBE-wolfTPM.3.8.0
2026-04-27 07:03:31,822 [WARN] PackLoader:240 - Cannot read IP mode file for STMicroelectronics.X-CUBE-TCPP.4.2.0
2026-04-27 07:03:31,827 [WARN] PackLoader:240 - Cannot read IP mode file for RealThread.X-CUBE-RT-Thread_Nano.4.1.1
2026-04-27 07:03:31,832 [WARN] PackLoader:240 - Cannot read IP mode file for STMicroelectronics.FP-ATR-SIGFOX1.3.2.0
2026-04-27 07:03:31,832 [WARN] ConditionMgr:438 - getConditionDescription Invalid condition id : Cortex-A Device cause : null
2026-04-27 07:03:31,844 [WARN] ConditionMgr:1044 - genDependencies : Invalid condition id : Cortex-A Device cause : null
2026-04-27 07:03:31,844 [WARN] ConditionMgr:1044 - genDependencies : Invalid condition id : Cortex-A Device cause : null
2026-04-27 07:03:31,844 [WARN] ConditionMgr:1044 - genDependencies : Invalid condition id : Cortex-A Device cause : null
2026-04-27 07:03:31,844 [WARN] PackLoader:240 - Cannot read IP mode file for STMicroelectronics.X-CUBE-EEPRMA1.5.1.0
2026-04-27 07:03:31,844 [ERROR] Engine:466 - C:\Users\salem\.stm32cubemx\thirdparties\pdsc\STMicroelectronics.X-CUBE-FREERTOS.1.5.0.pdsc: PDSC version is not supported
2026-04-27 07:03:31,844 [WARN] PackLoader:240 - Cannot read IP mode file for wolfSSL.I-CUBE-wolfSSL.5.7.4
2026-04-27 07:03:31,860 [WARN] PackLoader:240 - Cannot read IP mode file for wolfSSL.I-CUBE-wolfSSL.5.7.6
2026-04-27 07:03:31,868 [WARN] PackLoader:240 - Cannot read IP mode file for ITTIA_DB.I-CUBE-ITTIADB.8.9.0
2026-04-27 07:03:31,876 [WARN] PackLoader:240 - Cannot read IP mode file for STMicroelectronics.X-CUBE-NFC6.3.2.0
2026-04-27 07:03:31,876 [WARN] PackLoader:240 - Cannot read IP mode file for STMicroelectronics.X-CUBE-ST67W61.1.0.0
2026-04-27 07:03:31,876 [WARN] PackLoader:240 - Cannot read IP mode file for STMicroelectronics.X-CUBE-AI.10.2.0
2026-04-27 07:03:31,915 [WARN] PackLoader:240 - Cannot read IP mode file for SEGGER.I-CUBE-embOS.1.3.1
2026-04-27 07:03:31,947 [WARN] PackLoader:240 - Cannot read IP mode file for STMicroelectronics.X-CUBE-ALGOBUILD.1.4.0
2026-04-27 07:03:32,005 [WARN] PackLoader:240 - Cannot read IP mode file for STMicroelectronics.X-CUBE-MEMS1.11.3.0
2026-04-27 07:03:32,087 [WARN] PackLoader:240 - Cannot read IP mode file for STMicroelectronics.X-CUBE-AI.9.1.0
2026-04-27 07:03:32,087 [WARN] PackLoader:240 - Cannot read IP mode file for STMicroelectronics.X-CUBE-PM33A1.1.0.0
2026-04-27 07:03:32,107 [WARN] PackLoader:240 - Cannot read IP mode file for STMicroelectronics.X-CUBE-AZRTOS-F4.1.1.0
2026-04-27 07:03:32,112 [WARN] PackLoader:240 - Cannot read IP mode file for Avnet-IotConnect.X-CUBE-IoTC-DA16k-PMOD.1.0.0
2026-04-27 07:03:32,115 [WARN] PackLoader:240 - Cannot read IP mode file for STMicroelectronics.X-CUBE-ISPU.2.1.0
2026-04-27 07:03:32,123 [ERROR] Engine:466 - C:\Users\salem\.stm32cubemx\thirdparties\pdsc\STMicroelectronics.X-CUBE-IPS.3.2.0.pdsc: PDSC version is not supported
2026-04-27 07:03:32,127 [WARN] PackLoader:240 - Cannot read IP mode file for STMicroelectronics.eDS-WB_DPC_TT-BIDIR.2.1.1
2026-04-27 07:03:32,132 [WARN] PackLoader:240 - Cannot read IP mode file for STMicroelectronics.X-CUBE-NFC12.1.0.0
2026-04-27 07:03:32,145 [WARN] PackLoader:240 - Cannot read IP mode file for STMicroelectronics.X-CUBE-AZRTOS-L5.2.0.0
2026-04-27 07:03:32,151 [WARN] PackLoader:240 - Cannot read IP mode file for STMicroelectronics.X-CUBE-NFC6.3.1.0
2026-04-27 07:03:32,160 [WARN] PackLoader:240 - Cannot read IP mode file for STMicroelectronics.X-CUBE-DPower.1.2.0
2026-04-27 07:03:32,167 [WARN] PackLoader:240 - Cannot read IP mode file for STMicroelectronics.eDS-WB_DPC_VIENNA.1.2.0
2026-04-27 07:03:32,172 [WARN] PackLoader:240 - Cannot read IP mode file for STMicroelectronics.eDS-WB_DPC_3PH2L-BIDIR.1.1.1
2026-04-27 07:03:32,172 [ERROR] Engine:466 - C:\Users\salem\.stm32cubemx\thirdparties\pdsc\STMicroelectronics.X-CUBE-ST67W61.1.3.0.pdsc: PDSC version is not supported
2026-04-27 07:03:32,180 [WARN] PackLoader:240 - Cannot read IP mode file for STMicroelectronics.X-CUBE-FREERTOS.1.3.1
2026-04-27 07:03:32,180 [ERROR] LogOutputStream:75 - [STDERR_REDIRECT] [Fatal Error] :1:1: Premature end of file.
2026-04-27 07:03:32,180 [ERROR] LogOutputStream:75 - [STDERR_REDIRECT] 
2026-04-27 07:03:32,180 [WARN] PackLoader:240 - Cannot read IP mode file for STMicroelectronics.X-CUBE-FREERTOS.1.3.0
2026-04-27 07:03:32,184 [WARN] PackLoader:240 - Cannot read IP mode file for STMicroelectronics.X-CUBE-NFC7.1.0.1
2026-04-27 07:03:32,192 [WARN] PackLoader:240 - Cannot read IP mode file for STMicroelectronics.X-CUBE-TOUCHGFX.4.26.0
2026-04-27 07:03:32,198 [WARN] PackLoader:240 - Cannot read IP mode file for STMicroelectronics.X-CUBE-TOUCHGFX.4.26.1
2026-04-27 07:03:32,203 [WARN] PackLoader:240 - Cannot read IP mode file for STMicroelectronics.FP-SNS-STAIOTCFT.1.0.0
2026-04-27 07:03:32,205 [WARN] PackLoader:240 - Cannot read IP mode file for STMicroelectronics.X-CUBE-DPower.1.3.0
2026-04-27 07:03:32,220 [WARN] ConditionMgr:438 - getConditionDescription Invalid condition id : LAN8742 Phy interface Condition cause : null
2026-04-27 07:03:32,220 [WARN] PackLoader:240 - Cannot read IP mode file for STMicroelectronics.X-CUBE-AZRTOS-L4.2.0.0
2026-04-27 07:03:32,220 [WARN] ConditionMgr:1044 - genDependencies : Invalid condition id : LAN8742 Phy interface Condition cause : null
2026-04-27 07:03:32,220 [WARN] ConditionMgr:1044 - genDependencies : Invalid condition id : LAN8742 Phy interface Condition cause : null
2026-04-27 07:03:32,220 [WARN] ConditionMgr:1044 - genDependencies : Invalid condition id : LAN8742 Phy interface Condition cause : null
2026-04-27 07:03:32,227 [WARN] PackLoader:240 - Cannot read IP mode file for STMicroelectronics.X-CUBE-SFXS2LP1.4.0.0
2026-04-27 07:03:32,234 [WARN] PackLoader:240 - Cannot read IP mode file for STMicroelectronics.X-CUBE-WB05N.2.1.0
2026-04-27 07:03:32,240 [ERROR] Engine:466 - C:\Users\salem\.stm32cubemx\thirdparties\pdsc\STMicroelectronics.X-CUBE-ST67W61.1.2.0.pdsc: PDSC version is not supported
2026-04-27 07:03:32,254 [WARN] PackLoader:240 - Cannot read IP mode file for STMicroelectronics.X-CUBE-AZRTOS-H7.3.3.0
2026-04-27 07:03:32,261 [WARN] PackLoader:240 - Cannot read IP mode file for STMicroelectronics.X-CUBE-BLEMGR.4.1.0
2026-04-27 07:03:32,274 [WARN] PackLoader:240 - Cannot read IP mode file for STMicroelectronics.X-CUBE-IPS.3.0.0
2026-04-27 07:03:32,282 [WARN] ConditionMgr:438 - getConditionDescription Invalid condition id : UX DEVICE CLASS RTOS Condition cause : null
2026-04-27 07:03:32,288 [WARN] ConditionMgr:438 - getConditionDescription Invalid condition id : UX DEVICE CLASS RTOS Condition cause : null
2026-04-27 07:03:32,289 [WARN] PackLoader:240 - Cannot read IP mode file for STMicroelectronics.X-CUBE-AZRTOS-WB.2.0.0
2026-04-27 07:03:32,289 [WARN] ConditionMgr:1044 - genDependencies : Invalid condition id : UX DEVICE CLASS RTOS Condition cause : null
2026-04-27 07:03:32,289 [WARN] ConditionMgr:1044 - genDependencies : Invalid condition id : UX DEVICE CLASS RTOS Condition cause : null
2026-04-27 07:03:32,289 [WARN] ConditionMgr:1044 - genDependencies : Invalid condition id : UX DEVICE CLASS RTOS Condition cause : null
2026-04-27 07:03:32,289 [WARN] ConditionMgr:1044 - genDependencies : Invalid condition id : UX DEVICE CLASS RTOS Condition cause : null
2026-04-27 07:03:32,289 [WARN] ConditionMgr:1044 - genDependencies : Invalid condition id : UX DEVICE CLASS RTOS Condition cause : null
2026-04-27 07:03:32,295 [WARN] PackLoader:240 - Cannot read IP mode file for STMicroelectronics.X-CUBE-GNSS1.7.0.0
2026-04-27 07:03:32,295 [WARN] PackLoader:240 - Cannot read IP mode file for STMicroelectronics.X-CUBE-GNSS1.7.0.1
2026-04-27 07:03:32,303 [WARN] PackLoader:240 - Cannot read IP mode file for STMicroelectronics.X-CUBE-TOUCHGFX.4.25.0
2026-04-27 07:03:32,310 [WARN] PackLoader:240 - Cannot read IP mode file for STMicroelectronics.FP-SNS-STBOX1.2.0.0
2026-04-27 07:03:32,315 [WARN] ConditionMgr:438 - getConditionDescription Invalid condition id : Cortex-A Device cause : null
2026-04-27 07:03:32,337 [WARN] ConditionMgr:1044 - genDependencies : Invalid condition id : Cortex-A Device cause : null
2026-04-27 07:03:32,337 [WARN] ConditionMgr:1044 - genDependencies : Invalid condition id : Cortex-A Device cause : null
2026-04-27 07:03:32,337 [WARN] ConditionMgr:1044 - genDependencies : Invalid condition id : Cortex-A Device cause : null
2026-04-27 07:03:32,344 [WARN] PackLoader:240 - Cannot read IP mode file for STMicroelectronics.X-CUBE-STSE01.2.0.0
2026-04-27 07:03:32,351 [WARN] PackLoader:240 - Cannot read IP mode file for STMicroelectronics.X-CUBE-SUBG2.5.0.0
2026-04-27 07:03:32,372 [WARN] PackLoader:240 - Cannot read IP mode file for STMicroelectronics.X-CUBE-AZRTOS-H7RS.1.1.0
2026-04-27 07:03:32,372 [WARN] PackLoader:240 - Cannot read IP mode file for Cesanta.I-CUBE-Mongoose.7.13.0
2026-04-27 07:03:32,386 [WARN] PackLoader:240 - Cannot read IP mode file for STMicroelectronics.X-CUBE-AZRTOS-G4.2.0.0
2026-04-27 07:03:32,393 [WARN] PackLoader:240 - Cannot read IP mode file for wolfSSL.I-CUBE-wolfSSH.1.4.20
2026-04-27 07:03:32,402 [WARN] PackLoader:240 - Cannot read IP mode file for STMicroelectronics.X-CUBE-NFC7.2.0.0
2026-04-27 07:03:32,407 [WARN] PackLoader:240 - Cannot read IP mode file for STMicroelectronics.X-CUBE-IPS.3.1.0
2026-04-27 07:03:32,421 [WARN] PackLoader:240 - Cannot read IP mode file for STMicroelectronics.X-CUBE-ALS.1.0.2
2026-04-27 07:03:32,421 [WARN] PackLoader:240 - Cannot read IP mode file for STMicroelectronics.X-CUBE-TOUCHGFX.4.24.2
2026-04-27 07:03:32,428 [WARN] PackLoader:240 - Cannot read IP mode file for STMicroelectronics.X-CUBE-TOUCHGFX.4.24.1
2026-04-27 07:03:32,435 [WARN] PackLoader:240 - Cannot read IP mode file for STMicroelectronics.X-CUBE-STSE01.1.0.0
2026-04-27 07:03:32,435 [WARN] PackLoader:240 - Cannot read IP mode file for wolfSSL.I-CUBE-wolfTPM.3.4.0
2026-04-27 07:03:32,442 [WARN] PackLoader:240 - Cannot read IP mode file for portGmbH.I-Cube-SoM-uGOAL.1.1.0
2026-04-27 07:03:32,456 [WARN] PackLoader:240 - Cannot read IP mode file for STMicroelectronics.X-CUBE-AZRTOS-H7RS.1.0.0
2026-04-27 07:03:32,463 [WARN] PackLoader:240 - Cannot read IP mode file for STMicroelectronics.X-CUBE-TOF1.3.4.2
2026-04-27 07:03:32,476 [WARN] PackLoader:240 - Cannot read IP mode file for STMicroelectronics.X-CUBE-TOF1.3.4.3
2026-04-27 07:03:32,490 [WARN] PackLoader:240 - Cannot read IP mode file for wolfSSL.I-CUBE-wolfSSH.1.4.17
2026-04-27 07:03:32,490 [INFO] ThirdParty:978 - Integrity check success = true
2026-04-27 07:03:32,490 [INFO] IntegrityCheckThread:100 - exiting critical section [integrity check]
2026-04-27 07:03:32,490 [INFO] IntegrityCheckThread:103 - End integrity checks thread
2026-04-27 07:03:33,170 [ERROR] LogOutputStream:75 - [STDERR_REDIRECT] [Fatal Error] :1:1: Premature end of file.
2026-04-27 07:03:33,171 [ERROR] LogOutputStream:75 - [STDERR_REDIRECT] 
2026-04-27 07:03:34,162 [ERROR] LogOutputStream:75 - [STDERR_REDIRECT] [Fatal Error] :1:1: Premature end of file.
2026-04-27 07:03:34,162 [ERROR] LogOutputStream:75 - [STDERR_REDIRECT] 
2026-04-27 07:03:35,169 [ERROR] LogOutputStream:75 - [STDERR_REDIRECT] [Fatal Error] :1:1: Premature end of file.
2026-04-27 07:03:35,169 [ERROR] LogOutputStream:75 - [STDERR_REDIRECT] 
2026-04-27 07:03:36,170 [ERROR] LogOutputStream:75 - [STDERR_REDIRECT] [Fatal Error] :1:1: Premature end of file.
2026-04-27 07:03:36,170 [ERROR] LogOutputStream:75 - [STDERR_REDIRECT] 
2026-04-27 07:03:37,185 [ERROR] LogOutputStream:75 - [STDERR_REDIRECT] [Fatal Error] :1:1: Premature end of file.
2026-04-27 07:03:37,185 [ERROR] LogOutputStream:75 - [STDERR_REDIRECT] 
2026-04-27 07:03:38,171 [ERROR] LogOutputStream:75 - [STDERR_REDIRECT] [Fatal Error] :1:1: Premature end of file.
2026-04-27 07:03:38,171 [ERROR] LogOutputStream:75 - [STDERR_REDIRECT] 
2026-04-27 07:03:39,169 [ERROR] LogOutputStream:75 - [STDERR_REDIRECT] [Fatal Error] :1:1: Premature end of file.
2026-04-27 07:03:39,169 [ERROR] LogOutputStream:75 - [STDERR_REDIRECT] 
2026-04-27 07:03:40,179 [ERROR] LogOutputStream:75 - [STDERR_REDIRECT] [Fatal Error] :1:1: Premature end of file.
2026-04-27 07:03:40,179 [ERROR] LogOutputStream:75 - [STDERR_REDIRECT] 
2026-04-27 07:03:41,174 [ERROR] LogOutputStream:75 - [STDERR_REDIRECT] [Fatal Error] :1:1: Premature end of file.
2026-04-27 07:03:41,174 [ERROR] LogOutputStream:75 - [STDERR_REDIRECT] 
2026-04-27 07:03:42,171 [ERROR] LogOutputStream:75 - [STDERR_REDIRECT] [Fatal Error] :1:1: Premature end of file.
2026-04-27 07:03:42,171 [ERROR] LogOutputStream:75 - [STDERR_REDIRECT] 
2026-04-27 07:03:43,170 [ERROR] LogOutputStream:75 - [STDERR_REDIRECT] [Fatal Error] :1:1: Premature end of file.
2026-04-27 07:03:43,170 [ERROR] LogOutputStream:75 - [STDERR_REDIRECT] 
2026-04-27 07:03:44,169 [ERROR] LogOutputStream:75 - [STDERR_REDIRECT] [Fatal Error] :1:1: Premature end of file.
2026-04-27 07:03:44,169 [ERROR] LogOutputStream:75 - [STDERR_REDIRECT] 
2026-04-27 07:03:45,180 [ERROR] LogOutputStream:75 - [STDERR_REDIRECT] [Fatal Error] :1:1: Premature end of file.
2026-04-27 07:03:45,183 [ERROR] LogOutputStream:75 - [STDERR_REDIRECT] 
2026-04-27 07:03:46,174 [ERROR] LogOutputStream:75 - [STDERR_REDIRECT] [Fatal Error] :1:1: Premature end of file.
2026-04-27 07:03:46,174 [ERROR] LogOutputStream:75 - [STDERR_REDIRECT] 
2026-04-27 07:03:47,168 [ERROR] LogOutputStream:75 - [STDERR_REDIRECT] [Fatal Error] :1:1: Premature end of file.
2026-04-27 07:03:47,168 [ERROR] LogOutputStream:75 - [STDERR_REDIRECT] 
2026-04-27 07:03:48,181 [ERROR] LogOutputStream:75 - [STDERR_REDIRECT] [Fatal Error] :1:1: Premature end of file.
2026-04-27 07:03:48,181 [ERROR] LogOutputStream:75 - [STDERR_REDIRECT] 
2026-04-27 07:03:49,178 [ERROR] LogOutputStream:75 - [STDERR_REDIRECT] [Fatal Error] :1:1: Premature end of file.
2026-04-27 07:03:49,178 [ERROR] LogOutputStream:75 - [STDERR_REDIRECT] 
2026-04-27 07:03:50,169 [ERROR] LogOutputStream:75 - [STDERR_REDIRECT] [Fatal Error] :1:1: Premature end of file.
2026-04-27 07:03:50,169 [ERROR] LogOutputStream:75 - [STDERR_REDIRECT] 
2026-04-27 07:03:51,169 [ERROR] LogOutputStream:75 - [STDERR_REDIRECT] [Fatal Error] :1:1: Premature end of file.
2026-04-27 07:03:51,169 [ERROR] LogOutputStream:75 - [STDERR_REDIRECT] 
2026-04-27 07:03:52,172 [ERROR] LogOutputStream:75 - [STDERR_REDIRECT] [Fatal Error] :1:1: Premature end of file.
2026-04-27 07:03:52,172 [ERROR] LogOutputStream:75 - [STDERR_REDIRECT] 
2026-04-27 07:03:53,167 [ERROR] LogOutputStream:75 - [STDERR_REDIRECT] [Fatal Error] :1:1: Premature end of file.
2026-04-27 07:03:53,167 [ERROR] LogOutputStream:75 - [STDERR_REDIRECT] 
2026-04-27 07:03:54,173 [ERROR] LogOutputStream:75 - [STDERR_REDIRECT] [Fatal Error] :1:1: Premature end of file.
2026-04-27 07:03:54,173 [ERROR] LogOutputStream:75 - [STDERR_REDIRECT] 
2026-04-27 07:03:55,168 [ERROR] LogOutputStream:75 - [STDERR_REDIRECT] [Fatal Error] :1:1: Premature end of file.
2026-04-27 07:03:55,168 [ERROR] LogOutputStream:75 - [STDERR_REDIRECT] 
2026-04-27 07:03:56,179 [ERROR] LogOutputStream:75 - [STDERR_REDIRECT] [Fatal Error] :1:1: Premature end of file.
2026-04-27 07:03:56,179 [ERROR] LogOutputStream:75 - [STDERR_REDIRECT] 
2026-04-27 07:03:57,169 [ERROR] LogOutputStream:75 - [STDERR_REDIRECT] [Fatal Error] :1:1: Premature end of file.
2026-04-27 07:03:57,169 [ERROR] LogOutputStream:75 - [STDERR_REDIRECT] 
2026-04-27 07:03:58,169 [ERROR] LogOutputStream:75 - [STDERR_REDIRECT] [Fatal Error] :1:1: Premature end of file.
2026-04-27 07:03:58,169 [ERROR] LogOutputStream:75 - [STDERR_REDIRECT] 
2026-04-27 07:03:59,167 [ERROR] LogOutputStream:75 - [STDERR_REDIRECT] [Fatal Error] :1:1: Premature end of file.
2026-04-27 07:03:59,167 [ERROR] LogOutputStream:75 - [STDERR_REDIRECT] 
2026-04-27 07:04:00,176 [ERROR] LogOutputStream:75 - [STDERR_REDIRECT] [Fatal Error] :1:1: Premature end of file.
2026-04-27 07:04:00,176 [ERROR] LogOutputStream:75 - [STDERR_REDIRECT] 
2026-04-27 07:04:01,183 [ERROR] LogOutputStream:75 - [STDERR_REDIRECT] [Fatal Error] :1:1: Premature end of file.
2026-04-27 07:04:01,183 [ERROR] LogOutputStream:75 - [STDERR_REDIRECT] 
2026-04-27 07:04:02,165 [ERROR] LogOutputStream:75 - [STDERR_REDIRECT] [Fatal Error] :1:1: Premature end of file.
2026-04-27 07:04:02,165 [ERROR] LogOutputStream:75 - [STDERR_REDIRECT] 
2026-04-27 07:04:03,169 [ERROR] LogOutputStream:75 - [STDERR_REDIRECT] [Fatal Error] :1:1: Premature end of file.
2026-04-27 07:04:03,169 [ERROR] LogOutputStream:75 - [STDERR_REDIRECT] 
2026-04-27 07:04:04,169 [ERROR] LogOutputStream:75 - [STDERR_REDIRECT] [Fatal Error] :1:1: Premature end of file.
2026-04-27 07:04:04,169 [ERROR] LogOutputStream:75 - [STDERR_REDIRECT] 
2026-04-27 07:04:05,167 [ERROR] LogOutputStream:75 - [STDERR_REDIRECT] [Fatal Error] :1:1: Premature end of file.
2026-04-27 07:04:05,167 [ERROR] LogOutputStream:75 - [STDERR_REDIRECT] 
2026-04-27 07:04:06,169 [ERROR] LogOutputStream:75 - [STDERR_REDIRECT] [Fatal Error] :1:1: Premature end of file.
2026-04-27 07:04:06,169 [ERROR] LogOutputStream:75 - [STDERR_REDIRECT] 
2026-04-27 07:04:07,174 [ERROR] LogOutputStream:75 - [STDERR_REDIRECT] [Fatal Error] :1:1: Premature end of file.
2026-04-27 07:04:07,174 [ERROR] LogOutputStream:75 - [STDERR_REDIRECT] 
2026-04-27 07:04:08,173 [ERROR] LogOutputStream:75 - [STDERR_REDIRECT] [Fatal Error] :1:1: Premature end of file.
2026-04-27 07:04:08,173 [ERROR] LogOutputStream:75 - [STDERR_REDIRECT] 
2026-04-27 07:04:09,179 [ERROR] LogOutputStream:75 - [STDERR_REDIRECT] [Fatal Error] :1:1: Premature end of file.
2026-04-27 07:04:09,179 [ERROR] LogOutputStream:75 - [STDERR_REDIRECT] 
2026-04-27 07:04:10,174 [ERROR] LogOutputStream:75 - [STDERR_REDIRECT] [Fatal Error] :1:1: Premature end of file.
2026-04-27 07:04:10,174 [ERROR] LogOutputStream:75 - [STDERR_REDIRECT] 
2026-04-27 07:04:11,167 [ERROR] LogOutputStream:75 - [STDERR_REDIRECT] [Fatal Error] :1:1: Premature end of file.
2026-04-27 07:04:11,167 [ERROR] LogOutputStream:75 - [STDERR_REDIRECT] 
2026-04-27 07:04:12,168 [ERROR] LogOutputStream:75 - [STDERR_REDIRECT] [Fatal Error] :1:1: Premature end of file.
2026-04-27 07:04:12,168 [ERROR] LogOutputStream:75 - [STDERR_REDIRECT] 
2026-04-27 07:04:13,173 [ERROR] LogOutputStream:75 - [STDERR_REDIRECT] [Fatal Error] :1:1: Premature end of file.
2026-04-27 07:04:13,173 [ERROR] LogOutputStream:75 - [STDERR_REDIRECT] 
2026-04-27 07:04:14,173 [ERROR] LogOutputStream:75 - [STDERR_REDIRECT] [Fatal Error] :1:1: Premature end of file.
2026-04-27 07:04:14,173 [ERROR] LogOutputStream:75 - [STDERR_REDIRECT] 
2026-04-27 07:04:15,172 [ERROR] LogOutputStream:75 - [STDERR_REDIRECT] [Fatal Error] :1:1: Premature end of file.
2026-04-27 07:04:15,172 [ERROR] LogOutputStream:75 - [STDERR_REDIRECT] 
2026-04-27 07:04:16,164 [ERROR] LogOutputStream:75 - [STDERR_REDIRECT] [Fatal Error] :1:1: Premature end of file.
2026-04-27 07:04:16,164 [ERROR] LogOutputStream:75 - [STDERR_REDIRECT] 
2026-04-27 07:04:17,169 [ERROR] LogOutputStream:75 - [STDERR_REDIRECT] [Fatal Error] :1:1: Premature end of file.
2026-04-27 07:04:17,169 [ERROR] LogOutputStream:75 - [STDERR_REDIRECT] 
2026-04-27 07:04:18,180 [ERROR] LogOutputStream:75 - [STDERR_REDIRECT] [Fatal Error] :1:1: Premature end of file.
2026-04-27 07:04:18,180 [ERROR] LogOutputStream:75 - [STDERR_REDIRECT] 
2026-04-27 07:04:19,175 [ERROR] LogOutputStream:75 - [STDERR_REDIRECT] [Fatal Error] :1:1: Premature end of file.
2026-04-27 07:04:19,175 [ERROR] LogOutputStream:75 - [STDERR_REDIRECT] 
2026-04-27 07:04:20,174 [ERROR] LogOutputStream:75 - [STDERR_REDIRECT] [Fatal Error] :1:1: Premature end of file.
2026-04-27 07:04:20,174 [ERROR] LogOutputStream:75 - [STDERR_REDIRECT] 
2026-04-27 07:04:21,174 [ERROR] LogOutputStream:75 - [STDERR_REDIRECT] [Fatal Error] :1:1: Premature end of file.
2026-04-27 07:04:21,174 [ERROR] LogOutputStream:75 - [STDERR_REDIRECT] 
2026-04-27 07:04:22,174 [ERROR] LogOutputStream:75 - [STDERR_REDIRECT] [Fatal Error] :1:1: Premature end of file.
2026-04-27 07:04:22,174 [ERROR] LogOutputStream:75 - [STDERR_REDIRECT] 
2026-04-27 07:04:23,160 [ERROR] LogOutputStream:75 - [STDERR_REDIRECT] [Fatal Error] :1:1: Premature end of file.
2026-04-27 07:04:23,160 [ERROR] LogOutputStream:75 - [STDERR_REDIRECT] 
2026-04-27 07:04:24,169 [ERROR] LogOutputStream:75 - [STDERR_REDIRECT] [Fatal Error] :1:1: Premature end of file.
2026-04-27 07:04:24,169 [ERROR] LogOutputStream:75 - [STDERR_REDIRECT] 
2026-04-27 07:04:25,167 [ERROR] LogOutputStream:75 - [STDERR_REDIRECT] [Fatal Error] :1:1: Premature end of file.
2026-04-27 07:04:25,167 [ERROR] LogOutputStream:75 - [STDERR_REDIRECT] 
2026-04-27 07:04:26,171 [ERROR] LogOutputStream:75 - [STDERR_REDIRECT] [Fatal Error] :1:1: Premature end of file.
2026-04-27 07:04:26,171 [ERROR] LogOutputStream:75 - [STDERR_REDIRECT] 
2026-04-27 07:04:27,175 [ERROR] LogOutputStream:75 - [STDERR_REDIRECT] [Fatal Error] :1:1: Premature end of file.
2026-04-27 07:04:27,175 [ERROR] LogOutputStream:75 - [STDERR_REDIRECT] 
2026-04-27 07:04:28,180 [ERROR] LogOutputStream:75 - [STDERR_REDIRECT] [Fatal Error] :1:1: Premature end of file.
2026-04-27 07:04:28,180 [ERROR] LogOutputStream:75 - [STDERR_REDIRECT] 
2026-04-27 07:04:29,166 [ERROR] LogOutputStream:75 - [STDERR_REDIRECT] [Fatal Error] :1:1: Premature end of file.
2026-04-27 07:04:29,166 [ERROR] LogOutputStream:75 - [STDERR_REDIRECT] 
2026-04-27 07:04:30,179 [ERROR] LogOutputStream:75 - [STDERR_REDIRECT] [Fatal Error] :1:1: Premature end of file.
2026-04-27 07:04:30,179 [ERROR] LogOutputStream:75 - [STDERR_REDIRECT] 
2026-04-27 07:04:31,166 [ERROR] LogOutputStream:75 - [STDERR_REDIRECT] [Fatal Error] :1:1: Premature end of file.
2026-04-27 07:04:31,166 [ERROR] LogOutputStream:75 - [STDERR_REDIRECT] 
2026-04-27 07:04:32,174 [ERROR] LogOutputStream:75 - [STDERR_REDIRECT] [Fatal Error] :1:1: Premature end of file.
2026-04-27 07:04:32,174 [ERROR] LogOutputStream:75 - [STDERR_REDIRECT] 
2026-04-27 07:04:33,168 [ERROR] LogOutputStream:75 - [STDERR_REDIRECT] [Fatal Error] :1:1: Premature end of file.
2026-04-27 07:04:33,168 [ERROR] LogOutputStream:75 - [STDERR_REDIRECT] 
2026-04-27 07:04:34,180 [ERROR] LogOutputStream:75 - [STDERR_REDIRECT] [Fatal Error] :1:1: Premature end of file.
2026-04-27 07:04:34,180 [ERROR] LogOutputStream:75 - [STDERR_REDIRECT] 
2026-04-27 07:04:35,161 [ERROR] LogOutputStream:75 - [STDERR_REDIRECT] [Fatal Error] :1:1: Premature end of file.
2026-04-27 07:04:35,161 [ERROR] LogOutputStream:75 - [STDERR_REDIRECT] 
2026-04-27 07:04:36,168 [ERROR] LogOutputStream:75 - [STDERR_REDIRECT] [Fatal Error] :1:1: Premature end of file.
2026-04-27 07:04:36,168 [ERROR] LogOutputStream:75 - [STDERR_REDIRECT] 
2026-04-27 07:04:37,165 [ERROR] LogOutputStream:75 - [STDERR_REDIRECT] [Fatal Error] :1:1: Premature end of file.
2026-04-27 07:04:37,165 [ERROR] LogOutputStream:75 - [STDERR_REDIRECT] 
2026-04-27 07:04:38,165 [ERROR] LogOutputStream:75 - [STDERR_REDIRECT] [Fatal Error] :1:1: Premature end of file.
2026-04-27 07:04:38,165 [ERROR] LogOutputStream:75 - [STDERR_REDIRECT] 
2026-04-27 07:04:39,169 [ERROR] LogOutputStream:75 - [STDERR_REDIRECT] [Fatal Error] :1:1: Premature end of file.
2026-04-27 07:04:39,169 [ERROR] LogOutputStream:75 - [STDERR_REDIRECT] 
2026-04-27 07:04:40,166 [ERROR] LogOutputStream:75 - [STDERR_REDIRECT] [Fatal Error] :1:1: Premature end of file.
2026-04-27 07:04:40,166 [ERROR] LogOutputStream:75 - [STDERR_REDIRECT] 
2026-04-27 07:04:41,170 [ERROR] LogOutputStream:75 - [STDERR_REDIRECT] [Fatal Error] :1:1: Premature end of file.
2026-04-27 07:04:41,170 [ERROR] LogOutputStream:75 - [STDERR_REDIRECT] 
2026-04-27 07:04:42,161 [ERROR] LogOutputStream:75 - [STDERR_REDIRECT] [Fatal Error] :1:1: Premature end of file.
2026-04-27 07:04:42,161 [ERROR] LogOutputStream:75 - [STDERR_REDIRECT] 
2026-04-27 07:04:43,175 [ERROR] LogOutputStream:75 - [STDERR_REDIRECT] [Fatal Error] :1:1: Premature end of file.
2026-04-27 07:04:43,175 [ERROR] LogOutputStream:75 - [STDERR_REDIRECT] 
2026-04-27 07:04:44,173 [ERROR] LogOutputStream:75 - [STDERR_REDIRECT] [Fatal Error] :1:1: Premature end of file.
2026-04-27 07:04:44,173 [ERROR] LogOutputStream:75 - [STDERR_REDIRECT] 
2026-04-27 07:04:45,172 [ERROR] LogOutputStream:75 - [STDERR_REDIRECT] [Fatal Error] :1:1: Premature end of file.
2026-04-27 07:04:45,172 [ERROR] LogOutputStream:75 - [STDERR_REDIRECT] 
2026-04-27 07:04:46,180 [ERROR] LogOutputStream:75 - [STDERR_REDIRECT] [Fatal Error] :1:1: Premature end of file.
2026-04-27 07:04:46,181 [ERROR] LogOutputStream:75 - [STDERR_REDIRECT] 
2026-04-27 07:04:47,184 [ERROR] LogOutputStream:75 - [STDERR_REDIRECT] [Fatal Error] :1:1: Premature end of file.
2026-04-27 07:04:47,184 [ERROR] LogOutputStream:75 - [STDERR_REDIRECT] 
2026-04-27 07:04:48,175 [ERROR] LogOutputStream:75 - [STDERR_REDIRECT] [Fatal Error] :1:1: Premature end of file.
2026-04-27 07:04:48,175 [ERROR] LogOutputStream:75 - [STDERR_REDIRECT] 
2026-04-27 07:04:49,167 [ERROR] LogOutputStream:75 - [STDERR_REDIRECT] [Fatal Error] :1:1: Premature end of file.
2026-04-27 07:04:49,168 [ERROR] LogOutputStream:75 - [STDERR_REDIRECT] 
2026-04-27 07:04:50,170 [ERROR] LogOutputStream:75 - [STDERR_REDIRECT] [Fatal Error] :1:1: Premature end of file.
2026-04-27 07:04:50,170 [ERROR] LogOutputStream:75 - [STDERR_REDIRECT] 
2026-04-27 07:04:51,167 [ERROR] LogOutputStream:75 - [STDERR_REDIRECT] [Fatal Error] :1:1: Premature end of file.
2026-04-27 07:04:51,167 [ERROR] LogOutputStream:75 - [STDERR_REDIRECT] 
2026-04-27 07:04:52,165 [ERROR] LogOutputStream:75 - [STDERR_REDIRECT] [Fatal Error] :1:1: Premature end of file.
2026-04-27 07:04:52,166 [ERROR] LogOutputStream:75 - [STDERR_REDIRECT] 
2026-04-27 07:04:53,169 [ERROR] LogOutputStream:75 - [STDERR_REDIRECT] [Fatal Error] :1:1: Premature end of file.
2026-04-27 07:04:53,170 [ERROR] LogOutputStream:75 - [STDERR_REDIRECT] 
2026-04-27 07:04:54,167 [ERROR] LogOutputStream:75 - [STDERR_REDIRECT] [Fatal Error] :1:1: Premature end of file.
2026-04-27 07:04:54,167 [ERROR] LogOutputStream:75 - [STDERR_REDIRECT] 
2026-04-27 07:04:55,170 [ERROR] LogOutputStream:75 - [STDERR_REDIRECT] [Fatal Error] :1:1: Premature end of file.
2026-04-27 07:04:55,170 [ERROR] LogOutputStream:75 - [STDERR_REDIRECT] 
2026-04-27 07:04:56,168 [ERROR] LogOutputStream:75 - [STDERR_REDIRECT] [Fatal Error] :1:1: Premature end of file.
2026-04-27 07:04:56,169 [ERROR] LogOutputStream:75 - [STDERR_REDIRECT] 
2026-04-27 07:04:57,166 [ERROR] LogOutputStream:75 - [STDERR_REDIRECT] [Fatal Error] :1:1: Premature end of file.
2026-04-27 07:04:57,166 [ERROR] LogOutputStream:75 - [STDERR_REDIRECT] 
2026-04-27 07:04:58,167 [ERROR] LogOutputStream:75 - [STDERR_REDIRECT] [Fatal Error] :1:1: Premature end of file.
2026-04-27 07:04:58,167 [ERROR] LogOutputStream:75 - [STDERR_REDIRECT] 
2026-04-27 07:04:59,175 [ERROR] LogOutputStream:75 - [STDERR_REDIRECT] [Fatal Error] :1:1: Premature end of file.
2026-04-27 07:04:59,176 [ERROR] LogOutputStream:75 - [STDERR_REDIRECT] 
2026-04-27 07:05:00,174 [ERROR] LogOutputStream:75 - [STDERR_REDIRECT] [Fatal Error] :1:1: Premature end of file.
2026-04-27 07:05:00,175 [ERROR] LogOutputStream:75 - [STDERR_REDIRECT] 
2026-04-27 07:05:01,167 [ERROR] LogOutputStream:75 - [STDERR_REDIRECT] [Fatal Error] :1:1: Premature end of file.
2026-04-27 07:05:01,167 [ERROR] LogOutputStream:75 - [STDERR_REDIRECT] 
2026-04-27 07:05:02,164 [ERROR] LogOutputStream:75 - [STDERR_REDIRECT] [Fatal Error] :1:1: Premature end of file.
2026-04-27 07:05:02,164 [ERROR] LogOutputStream:75 - [STDERR_REDIRECT] 
2026-04-27 07:05:03,166 [ERROR] LogOutputStream:75 - [STDERR_REDIRECT] [Fatal Error] :1:1: Premature end of file.
2026-04-27 07:05:03,166 [ERROR] LogOutputStream:75 - [STDERR_REDIRECT] 
2026-04-27 07:05:04,166 [ERROR] LogOutputStream:75 - [STDERR_REDIRECT] [Fatal Error] :1:1: Premature end of file.
2026-04-27 07:05:04,166 [ERROR] LogOutputStream:75 - [STDERR_REDIRECT] 
2026-04-27 07:05:05,166 [ERROR] LogOutputStream:75 - [STDERR_REDIRECT] [Fatal Error] :1:1: Premature end of file.
2026-04-27 07:05:05,166 [ERROR] LogOutputStream:75 - [STDERR_REDIRECT] 
2026-04-27 07:05:06,165 [ERROR] LogOutputStream:75 - [STDERR_REDIRECT] [Fatal Error] :1:1: Premature end of file.
2026-04-27 07:05:06,165 [ERROR] LogOutputStream:75 - [STDERR_REDIRECT] 
2026-04-27 07:05:07,163 [ERROR] LogOutputStream:75 - [STDERR_REDIRECT] [Fatal Error] :1:1: Premature end of file.
2026-04-27 07:05:07,164 [ERROR] LogOutputStream:75 - [STDERR_REDIRECT] 
2026-04-27 07:05:08,169 [ERROR] LogOutputStream:75 - [STDERR_REDIRECT] [Fatal Error] :1:1: Premature end of file.
2026-04-27 07:05:08,169 [ERROR] LogOutputStream:75 - [STDERR_REDIRECT] 
2026-04-27 07:05:09,166 [ERROR] LogOutputStream:75 - [STDERR_REDIRECT] [Fatal Error] :1:1: Premature end of file.
2026-04-27 07:05:09,167 [ERROR] LogOutputStream:75 - [STDERR_REDIRECT] 
2026-04-27 07:05:10,165 [ERROR] LogOutputStream:75 - [STDERR_REDIRECT] [Fatal Error] :1:1: Premature end of file.
2026-04-27 07:05:10,165 [ERROR] LogOutputStream:75 - [STDERR_REDIRECT] 
2026-04-27 07:05:11,171 [ERROR] LogOutputStream:75 - [STDERR_REDIRECT] [Fatal Error] :1:1: Premature end of file.
2026-04-27 07:05:11,171 [ERROR] LogOutputStream:75 - [STDERR_REDIRECT] 
2026-04-27 07:05:12,166 [ERROR] LogOutputStream:75 - [STDERR_REDIRECT] [Fatal Error] :1:1: Premature end of file.
2026-04-27 07:05:12,166 [ERROR] LogOutputStream:75 - [STDERR_REDIRECT] 
2026-04-27 07:05:13,164 [ERROR] LogOutputStream:75 - [STDERR_REDIRECT] [Fatal Error] :1:1: Premature end of file.
2026-04-27 07:05:13,164 [ERROR] LogOutputStream:75 - [STDERR_REDIRECT] 
2026-04-27 07:05:14,165 [ERROR] LogOutputStream:75 - [STDERR_REDIRECT] [Fatal Error] :1:1: Premature end of file.
2026-04-27 07:05:14,165 [ERROR] LogOutputStream:75 - [STDERR_REDIRECT] 
2026-04-27 07:05:15,168 [ERROR] LogOutputStream:75 - [STDERR_REDIRECT] [Fatal Error] :1:1: Premature end of file.
2026-04-27 07:05:15,168 [ERROR] LogOutputStream:75 - [STDERR_REDIRECT] 
2026-04-27 07:05:16,165 [ERROR] LogOutputStream:75 - [STDERR_REDIRECT] [Fatal Error] :1:1: Premature end of file.
2026-04-27 07:05:16,166 [ERROR] LogOutputStream:75 - [STDERR_REDIRECT] 
2026-04-27 07:05:17,167 [ERROR] LogOutputStream:75 - [STDERR_REDIRECT] [Fatal Error] :1:1: Premature end of file.
2026-04-27 07:05:17,167 [ERROR] LogOutputStream:75 - [STDERR_REDIRECT] 
2026-04-27 07:05:18,168 [ERROR] LogOutputStream:75 - [STDERR_REDIRECT] [Fatal Error] :1:1: Premature end of file.
2026-04-27 07:05:18,168 [ERROR] LogOutputStream:75 - [STDERR_REDIRECT] 
2026-04-27 07:05:19,167 [ERROR] LogOutputStream:75 - [STDERR_REDIRECT] [Fatal Error] :1:1: Premature end of file.
2026-04-27 07:05:19,167 [ERROR] LogOutputStream:75 - [STDERR_REDIRECT] 
2026-04-27 07:05:20,171 [ERROR] LogOutputStream:75 - [STDERR_REDIRECT] [Fatal Error] :1:1: Premature end of file.
2026-04-27 07:05:20,171 [ERROR] LogOutputStream:75 - [STDERR_REDIRECT] 
2026-04-27 07:05:21,168 [ERROR] LogOutputStream:75 - [STDERR_REDIRECT] [Fatal Error] :1:1: Premature end of file.
2026-04-27 07:05:21,168 [ERROR] LogOutputStream:75 - [STDERR_REDIRECT] 
2026-04-27 07:05:22,165 [ERROR] LogOutputStream:75 - [STDERR_REDIRECT] [Fatal Error] :1:1: Premature end of file.
2026-04-27 07:05:22,165 [ERROR] LogOutputStream:75 - [STDERR_REDIRECT] 
2026-04-27 07:05:23,165 [ERROR] LogOutputStream:75 - [STDERR_REDIRECT] [Fatal Error] :1:1: Premature end of file.
2026-04-27 07:05:23,166 [ERROR] LogOutputStream:75 - [STDERR_REDIRECT] 
2026-04-27 07:05:24,164 [ERROR] LogOutputStream:75 - [STDERR_REDIRECT] [Fatal Error] :1:1: Premature end of file.
2026-04-27 07:05:24,164 [ERROR] LogOutputStream:75 - [STDERR_REDIRECT] 
2026-04-27 07:05:25,167 [ERROR] LogOutputStream:75 - [STDERR_REDIRECT] [Fatal Error] :1:1: Premature end of file.
2026-04-27 07:05:25,168 [ERROR] LogOutputStream:75 - [STDERR_REDIRECT] 
2026-04-27 07:05:26,168 [ERROR] LogOutputStream:75 - [STDERR_REDIRECT] [Fatal Error] :1:1: Premature end of file.
2026-04-27 07:05:26,168 [ERROR] LogOutputStream:75 - [STDERR_REDIRECT] 
2026-04-27 07:05:27,166 [ERROR] LogOutputStream:75 - [STDERR_REDIRECT] [Fatal Error] :1:1: Premature end of file.
2026-04-27 07:05:27,166 [ERROR] LogOutputStream:75 - [STDERR_REDIRECT] 
2026-04-27 07:05:28,166 [ERROR] LogOutputStream:75 - [STDERR_REDIRECT] [Fatal Error] :1:1: Premature end of file.
2026-04-27 07:05:28,166 [ERROR] LogOutputStream:75 - [STDERR_REDIRECT] 
2026-04-27 07:05:29,167 [ERROR] LogOutputStream:75 - [STDERR_REDIRECT] [Fatal Error] :1:1: Premature end of file.
2026-04-27 07:05:29,167 [ERROR] LogOutputStream:75 - [STDERR_REDIRECT] 
2026-04-27 07:05:30,164 [ERROR] LogOutputStream:75 - [STDERR_REDIRECT] [Fatal Error] :1:1: Premature end of file.
2026-04-27 07:05:30,164 [ERROR] LogOutputStream:75 - [STDERR_REDIRECT] 
2026-04-27 07:05:31,166 [ERROR] LogOutputStream:75 - [STDERR_REDIRECT] [Fatal Error] :1:1: Premature end of file.
2026-04-27 07:05:31,166 [ERROR] LogOutputStream:75 - [STDERR_REDIRECT] 
2026-04-27 07:05:32,163 [ERROR] LogOutputStream:75 - [STDERR_REDIRECT] [Fatal Error] :1:1: Premature end of file.
2026-04-27 07:05:32,164 [ERROR] LogOutputStream:75 - [STDERR_REDIRECT] 
2026-04-27 07:05:33,167 [ERROR] LogOutputStream:75 - [STDERR_REDIRECT] [Fatal Error] :1:1: Premature end of file.
2026-04-27 07:05:33,167 [ERROR] LogOutputStream:75 - [STDERR_REDIRECT] 
2026-04-27 07:05:34,165 [ERROR] LogOutputStream:75 - [STDERR_REDIRECT] [Fatal Error] :1:1: Premature end of file.
2026-04-27 07:05:34,165 [ERROR] LogOutputStream:75 - [STDERR_REDIRECT] 
2026-04-27 07:05:35,165 [ERROR] LogOutputStream:75 - [STDERR_REDIRECT] [Fatal Error] :1:1: Premature end of file.
2026-04-27 07:05:35,165 [ERROR] LogOutputStream:75 - [STDERR_REDIRECT] 
2026-04-27 07:05:36,169 [ERROR] LogOutputStream:75 - [STDERR_REDIRECT] [Fatal Error] :1:1: Premature end of file.
2026-04-27 07:05:36,169 [ERROR] LogOutputStream:75 - [STDERR_REDIRECT] 
2026-04-27 07:05:37,165 [ERROR] LogOutputStream:75 - [STDERR_REDIRECT] [Fatal Error] :1:1: Premature end of file.
2026-04-27 07:05:37,165 [ERROR] LogOutputStream:75 - [STDERR_REDIRECT] 
2026-04-27 07:05:38,164 [ERROR] LogOutputStream:75 - [STDERR_REDIRECT] [Fatal Error] :1:1: Premature end of file.
2026-04-27 07:05:38,164 [ERROR] LogOutputStream:75 - [STDERR_REDIRECT] 
2026-04-27 07:05:39,164 [ERROR] LogOutputStream:75 - [STDERR_REDIRECT] [Fatal Error] :1:1: Premature end of file.
2026-04-27 07:05:39,164 [ERROR] LogOutputStream:75 - [STDERR_REDIRECT] 
2026-04-27 07:05:40,166 [ERROR] LogOutputStream:75 - [STDERR_REDIRECT] [Fatal Error] :1:1: Premature end of file.
2026-04-27 07:05:40,166 [ERROR] LogOutputStream:75 - [STDERR_REDIRECT] 
2026-04-27 07:05:41,166 [ERROR] LogOutputStream:75 - [STDERR_REDIRECT] [Fatal Error] :1:1: Premature end of file.
2026-04-27 07:05:41,166 [ERROR] LogOutputStream:75 - [STDERR_REDIRECT] 
2026-04-27 07:05:42,168 [ERROR] LogOutputStream:75 - [STDERR_REDIRECT] [Fatal Error] :1:1: Premature end of file.
2026-04-27 07:05:42,168 [ERROR] LogOutputStream:75 - [STDERR_REDIRECT] 
2026-04-27 07:05:43,166 [ERROR] LogOutputStream:75 - [STDERR_REDIRECT] [Fatal Error] :1:1: Premature end of file.
2026-04-27 07:05:43,167 [ERROR] LogOutputStream:75 - [STDERR_REDIRECT] 
2026-04-27 07:05:44,169 [ERROR] LogOutputStream:75 - [STDERR_REDIRECT] [Fatal Error] :1:1: Premature end of file.
2026-04-27 07:05:44,169 [ERROR] LogOutputStream:75 - [STDERR_REDIRECT] 
2026-04-27 07:05:45,165 [ERROR] LogOutputStream:75 - [STDERR_REDIRECT] [Fatal Error] :1:1: Premature end of file.
2026-04-27 07:05:45,166 [ERROR] LogOutputStream:75 - [STDERR_REDIRECT] 
2026-04-27 07:05:46,166 [ERROR] LogOutputStream:75 - [STDERR_REDIRECT] [Fatal Error] :1:1: Premature end of file.
2026-04-27 07:05:46,166 [ERROR] LogOutputStream:75 - [STDERR_REDIRECT] 
2026-04-27 07:05:47,168 [ERROR] LogOutputStream:75 - [STDERR_REDIRECT] [Fatal Error] :1:1: Premature end of file.
2026-04-27 07:05:47,168 [ERROR] LogOutputStream:75 - [STDERR_REDIRECT] 
2026-04-27 07:05:48,164 [ERROR] LogOutputStream:75 - [STDERR_REDIRECT] [Fatal Error] :1:1: Premature end of file.
2026-04-27 07:05:48,165 [ERROR] LogOutputStream:75 - [STDERR_REDIRECT] 
2026-04-27 07:05:49,166 [ERROR] LogOutputStream:75 - [STDERR_REDIRECT] [Fatal Error] :1:1: Premature end of file.
2026-04-27 07:05:49,166 [ERROR] LogOutputStream:75 - [STDERR_REDIRECT] 
2026-04-27 07:05:50,165 [ERROR] LogOutputStream:75 - [STDERR_REDIRECT] [Fatal Error] :1:1: Premature end of file.
2026-04-27 07:05:50,166 [ERROR] LogOutputStream:75 - [STDERR_REDIRECT] 
2026-04-27 07:05:51,168 [ERROR] LogOutputStream:75 - [STDERR_REDIRECT] [Fatal Error] :1:1: Premature end of file.
2026-04-27 07:05:51,168 [ERROR] LogOutputStream:75 - [STDERR_REDIRECT] 
2026-04-27 07:05:52,166 [ERROR] LogOutputStream:75 - [STDERR_REDIRECT] [Fatal Error] :1:1: Premature end of file.
2026-04-27 07:05:52,166 [ERROR] LogOutputStream:75 - [STDERR_REDIRECT] 
2026-04-27 07:05:53,165 [ERROR] LogOutputStream:75 - [STDERR_REDIRECT] [Fatal Error] :1:1: Premature end of file.
2026-04-27 07:05:53,165 [ERROR] LogOutputStream:75 - [STDERR_REDIRECT] 
2026-04-27 07:05:54,166 [ERROR] LogOutputStream:75 - [STDERR_REDIRECT] [Fatal Error] :1:1: Premature end of file.
2026-04-27 07:05:54,166 [ERROR] LogOutputStream:75 - [STDERR_REDIRECT] 
2026-04-27 07:05:55,164 [ERROR] LogOutputStream:75 - [STDERR_REDIRECT] [Fatal Error] :1:1: Premature end of file.
2026-04-27 07:05:55,164 [ERROR] LogOutputStream:75 - [STDERR_REDIRECT] 
2026-04-27 07:05:56,167 [ERROR] LogOutputStream:75 - [STDERR_REDIRECT] [Fatal Error] :1:1: Premature end of file.
2026-04-27 07:05:56,167 [ERROR] LogOutputStream:75 - [STDERR_REDIRECT] 
2026-04-27 07:05:57,168 [ERROR] LogOutputStream:75 - [STDERR_REDIRECT] [Fatal Error] :1:1: Premature end of file.
2026-04-27 07:05:57,168 [ERROR] LogOutputStream:75 - [STDERR_REDIRECT] 
2026-04-27 07:05:58,165 [ERROR] LogOutputStream:75 - [STDERR_REDIRECT] [Fatal Error] :1:1: Premature end of file.
2026-04-27 07:05:58,165 [ERROR] LogOutputStream:75 - [STDERR_REDIRECT] 
2026-04-27 07:05:59,166 [ERROR] LogOutputStream:75 - [STDERR_REDIRECT] [Fatal Error] :1:1: Premature end of file.
2026-04-27 07:05:59,166 [ERROR] LogOutputStream:75 - [STDERR_REDIRECT] 
2026-04-27 07:06:00,166 [ERROR] LogOutputStream:75 - [STDERR_REDIRECT] [Fatal Error] :1:1: Premature end of file.
2026-04-27 07:06:00,166 [ERROR] LogOutputStream:75 - [STDERR_REDIRECT] 
2026-04-27 07:06:01,165 [ERROR] LogOutputStream:75 - [STDERR_REDIRECT] [Fatal Error] :1:1: Premature end of file.
2026-04-27 07:06:01,165 [ERROR] LogOutputStream:75 - [STDERR_REDIRECT] 
2026-04-27 07:06:02,165 [ERROR] LogOutputStream:75 - [STDERR_REDIRECT] [Fatal Error] :1:1: Premature end of file.
2026-04-27 07:06:02,165 [ERROR] LogOutputStream:75 - [STDERR_REDIRECT] 
2026-04-27 07:06:03,170 [ERROR] LogOutputStream:75 - [STDERR_REDIRECT] [Fatal Error] :1:1: Premature end of file.
2026-04-27 07:06:03,170 [ERROR] LogOutputStream:75 - [STDERR_REDIRECT] 
2026-04-27 07:06:04,167 [ERROR] LogOutputStream:75 - [STDERR_REDIRECT] [Fatal Error] :1:1: Premature end of file.
2026-04-27 07:06:04,167 [ERROR] LogOutputStream:75 - [STDERR_REDIRECT] 
2026-04-27 07:06:05,167 [ERROR] LogOutputStream:75 - [STDERR_REDIRECT] [Fatal Error] :1:1: Premature end of file.
2026-04-27 07:06:05,167 [ERROR] LogOutputStream:75 - [STDERR_REDIRECT] 
2026-04-27 07:06:06,167 [ERROR] LogOutputStream:75 - [STDERR_REDIRECT] [Fatal Error] :1:1: Premature end of file.
2026-04-27 07:06:06,167 [ERROR] LogOutputStream:75 - [STDERR_REDIRECT] 
2026-04-27 07:06:07,166 [ERROR] LogOutputStream:75 - [STDERR_REDIRECT] [Fatal Error] :1:1: Premature end of file.
2026-04-27 07:06:07,167 [ERROR] LogOutputStream:75 - [STDERR_REDIRECT] 
2026-04-27 07:06:08,166 [ERROR] LogOutputStream:75 - [STDERR_REDIRECT] [Fatal Error] :1:1: Premature end of file.
2026-04-27 07:06:08,166 [ERROR] LogOutputStream:75 - [STDERR_REDIRECT] 
2026-04-27 07:06:09,167 [ERROR] LogOutputStream:75 - [STDERR_REDIRECT] [Fatal Error] :1:1: Premature end of file.
2026-04-27 07:06:09,167 [ERROR] LogOutputStream:75 - [STDERR_REDIRECT] 
2026-04-27 07:06:10,166 [ERROR] LogOutputStream:75 - [STDERR_REDIRECT] [Fatal Error] :1:1: Premature end of file.
2026-04-27 07:06:10,166 [ERROR] LogOutputStream:75 - [STDERR_REDIRECT] 
2026-04-27 07:06:11,167 [ERROR] LogOutputStream:75 - [STDERR_REDIRECT] [Fatal Error] :1:1: Premature end of file.
2026-04-27 07:06:11,167 [ERROR] LogOutputStream:75 - [STDERR_REDIRECT] 
2026-04-27 07:06:12,168 [ERROR] LogOutputStream:75 - [STDERR_REDIRECT] [Fatal Error] :1:1: Premature end of file.
2026-04-27 07:06:12,168 [ERROR] LogOutputStream:75 - [STDERR_REDIRECT] 
2026-04-27 07:06:13,176 [ERROR] LogOutputStream:75 - [STDERR_REDIRECT] [Fatal Error] :1:1: Premature end of file.
2026-04-27 07:06:13,176 [ERROR] LogOutputStream:75 - [STDERR_REDIRECT] 
2026-04-27 07:06:14,175 [ERROR] LogOutputStream:75 - [STDERR_REDIRECT] [Fatal Error] :1:1: Premature end of file.
2026-04-27 07:06:14,175 [ERROR] LogOutputStream:75 - [STDERR_REDIRECT] 
2026-04-27 07:06:15,164 [ERROR] LogOutputStream:75 - [STDERR_REDIRECT] [Fatal Error] :1:1: Premature end of file.
2026-04-27 07:06:15,164 [ERROR] LogOutputStream:75 - [STDERR_REDIRECT] 
2026-04-27 07:06:16,176 [ERROR] LogOutputStream:75 - [STDERR_REDIRECT] [Fatal Error] :1:1: Premature end of file.
2026-04-27 07:06:16,176 [ERROR] LogOutputStream:75 - [STDERR_REDIRECT] 
2026-04-27 07:06:17,164 [ERROR] LogOutputStream:75 - [STDERR_REDIRECT] [Fatal Error] :1:1: Premature end of file.
2026-04-27 07:06:17,164 [ERROR] LogOutputStream:75 - [STDERR_REDIRECT] 
2026-04-27 07:06:18,177 [ERROR] LogOutputStream:75 - [STDERR_REDIRECT] [Fatal Error] :1:1: Premature end of file.
2026-04-27 07:06:18,177 [ERROR] LogOutputStream:75 - [STDERR_REDIRECT] 
2026-04-27 07:06:19,173 [ERROR] LogOutputStream:75 - [STDERR_REDIRECT] [Fatal Error] :1:1: Premature end of file.
2026-04-27 07:06:19,173 [ERROR] LogOutputStream:75 - [STDERR_REDIRECT] 
2026-04-27 07:06:20,180 [ERROR] LogOutputStream:75 - [STDERR_REDIRECT] [Fatal Error] :1:1: Premature end of file.
2026-04-27 07:06:20,180 [ERROR] LogOutputStream:75 - [STDERR_REDIRECT] 
2026-04-27 07:06:21,180 [ERROR] LogOutputStream:75 - [STDERR_REDIRECT] [Fatal Error] :1:1: Premature end of file.
2026-04-27 07:06:21,180 [ERROR] LogOutputStream:75 - [STDERR_REDIRECT] 
2026-04-27 07:06:22,173 [ERROR] LogOutputStream:75 - [STDERR_REDIRECT] [Fatal Error] :1:1: Premature end of file.
2026-04-27 07:06:22,173 [ERROR] LogOutputStream:75 - [STDERR_REDIRECT] 
2026-04-27 07:06:23,169 [ERROR] LogOutputStream:75 - [STDERR_REDIRECT] [Fatal Error] :1:1: Premature end of file.
2026-04-27 07:06:23,169 [ERROR] LogOutputStream:75 - [STDERR_REDIRECT] 
2026-04-27 07:06:24,176 [ERROR] LogOutputStream:75 - [STDERR_REDIRECT] [Fatal Error] :1:1: Premature end of file.
2026-04-27 07:06:24,176 [ERROR] LogOutputStream:75 - [STDERR_REDIRECT] 
2026-04-27 07:06:25,180 [ERROR] LogOutputStream:75 - [STDERR_REDIRECT] [Fatal Error] :1:1: Premature end of file.
2026-04-27 07:06:25,180 [ERROR] LogOutputStream:75 - [STDERR_REDIRECT] 
2026-04-27 07:06:26,161 [ERROR] LogOutputStream:75 - [STDERR_REDIRECT] [Fatal Error] :1:1: Premature end of file.
2026-04-27 07:06:26,161 [ERROR] LogOutputStream:75 - [STDERR_REDIRECT] 
2026-04-27 07:06:27,182 [ERROR] LogOutputStream:75 - [STDERR_REDIRECT] [Fatal Error] :1:1: Premature end of file.
2026-04-27 07:06:27,182 [ERROR] LogOutputStream:75 - [STDERR_REDIRECT] 
2026-04-27 07:06:28,178 [ERROR] LogOutputStream:75 - [STDERR_REDIRECT] [Fatal Error] :1:1: Premature end of file.
2026-04-27 07:06:28,178 [ERROR] LogOutputStream:75 - [STDERR_REDIRECT] 
2026-04-27 07:06:29,176 [ERROR] LogOutputStream:75 - [STDERR_REDIRECT] [Fatal Error] :1:1: Premature end of file.
2026-04-27 07:06:29,176 [ERROR] LogOutputStream:75 - [STDERR_REDIRECT] 
2026-04-27 07:06:30,167 [ERROR] LogOutputStream:75 - [STDERR_REDIRECT] [Fatal Error] :1:1: Premature end of file.
2026-04-27 07:06:30,167 [ERROR] LogOutputStream:75 - [STDERR_REDIRECT] 
2026-04-27 07:06:31,167 [ERROR] LogOutputStream:75 - [STDERR_REDIRECT] [Fatal Error] :1:1: Premature end of file.
2026-04-27 07:06:31,167 [ERROR] LogOutputStream:75 - [STDERR_REDIRECT] 
2026-04-27 07:06:32,165 [ERROR] LogOutputStream:75 - [STDERR_REDIRECT] [Fatal Error] :1:1: Premature end of file.
2026-04-27 07:06:32,165 [ERROR] LogOutputStream:75 - [STDERR_REDIRECT] 
2026-04-27 07:06:33,166 [ERROR] LogOutputStream:75 - [STDERR_REDIRECT] [Fatal Error] :1:1: Premature end of file.
2026-04-27 07:06:33,166 [ERROR] LogOutputStream:75 - [STDERR_REDIRECT] 
2026-04-27 07:06:34,169 [ERROR] LogOutputStream:75 - [STDERR_REDIRECT] [Fatal Error] :1:1: Premature end of file.
2026-04-27 07:06:34,169 [ERROR] LogOutputStream:75 - [STDERR_REDIRECT] 
2026-04-27 07:06:35,168 [ERROR] LogOutputStream:75 - [STDERR_REDIRECT] [Fatal Error] :1:1: Premature end of file.
2026-04-27 07:06:35,168 [ERROR] LogOutputStream:75 - [STDERR_REDIRECT] 
2026-04-27 07:06:36,169 [ERROR] LogOutputStream:75 - [STDERR_REDIRECT] [Fatal Error] :1:1: Premature end of file.
2026-04-27 07:06:36,169 [ERROR] LogOutputStream:75 - [STDERR_REDIRECT] 
2026-04-27 07:06:37,167 [ERROR] LogOutputStream:75 - [STDERR_REDIRECT] [Fatal Error] :1:1: Premature end of file.
2026-04-27 07:06:37,167 [ERROR] LogOutputStream:75 - [STDERR_REDIRECT] 
2026-04-27 07:06:38,166 [ERROR] LogOutputStream:75 - [STDERR_REDIRECT] [Fatal Error] :1:1: Premature end of file.
2026-04-27 07:06:38,166 [ERROR] LogOutputStream:75 - [STDERR_REDIRECT] 
2026-04-27 07:06:39,168 [ERROR] LogOutputStream:75 - [STDERR_REDIRECT] [Fatal Error] :1:1: Premature end of file.
2026-04-27 07:06:39,169 [ERROR] LogOutputStream:75 - [STDERR_REDIRECT] 
2026-04-27 07:06:40,166 [ERROR] LogOutputStream:75 - [STDERR_REDIRECT] [Fatal Error] :1:1: Premature end of file.
2026-04-27 07:06:40,166 [ERROR] LogOutputStream:75 - [STDERR_REDIRECT] 
2026-04-27 07:06:41,167 [ERROR] LogOutputStream:75 - [STDERR_REDIRECT] [Fatal Error] :1:1: Premature end of file.
2026-04-27 07:06:41,167 [ERROR] LogOutputStream:75 - [STDERR_REDIRECT] 
2026-04-27 07:06:42,166 [ERROR] LogOutputStream:75 - [STDERR_REDIRECT] [Fatal Error] :1:1: Premature end of file.
2026-04-27 07:06:42,166 [ERROR] LogOutputStream:75 - [STDERR_REDIRECT] 
2026-04-27 07:06:43,165 [ERROR] LogOutputStream:75 - [STDERR_REDIRECT] [Fatal Error] :1:1: Premature end of file.
2026-04-27 07:06:43,166 [ERROR] LogOutputStream:75 - [STDERR_REDIRECT] 
2026-04-27 07:06:44,169 [ERROR] LogOutputStream:75 - [STDERR_REDIRECT] [Fatal Error] :1:1: Premature end of file.
2026-04-27 07:06:44,169 [ERROR] LogOutputStream:75 - [STDERR_REDIRECT] 
2026-04-27 07:06:45,167 [ERROR] LogOutputStream:75 - [STDERR_REDIRECT] [Fatal Error] :1:1: Premature end of file.
2026-04-27 07:06:45,167 [ERROR] LogOutputStream:75 - [STDERR_REDIRECT] 
2026-04-27 07:06:46,166 [ERROR] LogOutputStream:75 - [STDERR_REDIRECT] [Fatal Error] :1:1: Premature end of file.
2026-04-27 07:06:46,166 [ERROR] LogOutputStream:75 - [STDERR_REDIRECT] 
2026-04-27 07:06:47,165 [ERROR] LogOutputStream:75 - [STDERR_REDIRECT] [Fatal Error] :1:1: Premature end of file.
2026-04-27 07:06:47,165 [ERROR] LogOutputStream:75 - [STDERR_REDIRECT] 
2026-04-27 07:06:48,167 [ERROR] LogOutputStream:75 - [STDERR_REDIRECT] [Fatal Error] :1:1: Premature end of file.
2026-04-27 07:06:48,167 [ERROR] LogOutputStream:75 - [STDERR_REDIRECT] 
2026-04-27 07:06:49,170 [ERROR] LogOutputStream:75 - [STDERR_REDIRECT] [Fatal Error] :1:1: Premature end of file.
2026-04-27 07:06:49,170 [ERROR] LogOutputStream:75 - [STDERR_REDIRECT] 
2026-04-27 07:06:50,164 [ERROR] LogOutputStream:75 - [STDERR_REDIRECT] [Fatal Error] :1:1: Premature end of file.
2026-04-27 07:06:50,164 [ERROR] LogOutputStream:75 - [STDERR_REDIRECT] 
2026-04-27 07:06:51,167 [ERROR] LogOutputStream:75 - [STDERR_REDIRECT] [Fatal Error] :1:1: Premature end of file.
2026-04-27 07:06:51,167 [ERROR] LogOutputStream:75 - [STDERR_REDIRECT] 
2026-04-27 07:06:52,166 [ERROR] LogOutputStream:75 - [STDERR_REDIRECT] [Fatal Error] :1:1: Premature end of file.
2026-04-27 07:06:52,166 [ERROR] LogOutputStream:75 - [STDERR_REDIRECT] 
2026-04-27 07:06:53,168 [ERROR] LogOutputStream:75 - [STDERR_REDIRECT] [Fatal Error] :1:1: Premature end of file.
2026-04-27 07:06:53,168 [ERROR] LogOutputStream:75 - [STDERR_REDIRECT] 
2026-04-27 07:06:54,168 [ERROR] LogOutputStream:75 - [STDERR_REDIRECT] [Fatal Error] :1:1: Premature end of file.
2026-04-27 07:06:54,168 [ERROR] LogOutputStream:75 - [STDERR_REDIRECT] 
2026-04-27 07:06:55,166 [ERROR] LogOutputStream:75 - [STDERR_REDIRECT] [Fatal Error] :1:1: Premature end of file.
2026-04-27 07:06:55,166 [ERROR] LogOutputStream:75 - [STDERR_REDIRECT] 
2026-04-27 07:06:56,169 [ERROR] LogOutputStream:75 - [STDERR_REDIRECT] [Fatal Error] :1:1: Premature end of file.
2026-04-27 07:06:56,169 [ERROR] LogOutputStream:75 - [STDERR_REDIRECT] 
2026-04-27 07:06:57,167 [ERROR] LogOutputStream:75 - [STDERR_REDIRECT] [Fatal Error] :1:1: Premature end of file.
2026-04-27 07:06:57,167 [ERROR] LogOutputStream:75 - [STDERR_REDIRECT] 
2026-04-27 07:06:58,164 [ERROR] LogOutputStream:75 - [STDERR_REDIRECT] [Fatal Error] :1:1: Premature end of file.
2026-04-27 07:06:58,164 [ERROR] LogOutputStream:75 - [STDERR_REDIRECT] 
2026-04-27 07:06:59,166 [ERROR] LogOutputStream:75 - [STDERR_REDIRECT] [Fatal Error] :1:1: Premature end of file.
2026-04-27 07:06:59,167 [ERROR] LogOutputStream:75 - [STDERR_REDIRECT] 
2026-04-27 07:07:00,166 [ERROR] LogOutputStream:75 - [STDERR_REDIRECT] [Fatal Error] :1:1: Premature end of file.
2026-04-27 07:07:00,166 [ERROR] LogOutputStream:75 - [STDERR_REDIRECT] 
2026-04-27 07:07:01,167 [ERROR] LogOutputStream:75 - [STDERR_REDIRECT] [Fatal Error] :1:1: Premature end of file.
2026-04-27 07:07:01,167 [ERROR] LogOutputStream:75 - [STDERR_REDIRECT] 
2026-04-27 07:07:02,167 [ERROR] LogOutputStream:75 - [STDERR_REDIRECT] [Fatal Error] :1:1: Premature end of file.
2026-04-27 07:07:02,167 [ERROR] LogOutputStream:75 - [STDERR_REDIRECT] 
2026-04-27 07:07:03,167 [ERROR] LogOutputStream:75 - [STDERR_REDIRECT] [Fatal Error] :1:1: Premature end of file.
2026-04-27 07:07:03,167 [ERROR] LogOutputStream:75 - [STDERR_REDIRECT] 
2026-04-27 07:07:04,168 [ERROR] LogOutputStream:75 - [STDERR_REDIRECT] [Fatal Error] :1:1: Premature end of file.
2026-04-27 07:07:04,168 [ERROR] LogOutputStream:75 - [STDERR_REDIRECT] 
2026-04-27 07:07:05,167 [ERROR] LogOutputStream:75 - [STDERR_REDIRECT] [Fatal Error] :1:1: Premature end of file.
2026-04-27 07:07:05,167 [ERROR] LogOutputStream:75 - [STDERR_REDIRECT] 
2026-04-27 07:07:06,165 [ERROR] LogOutputStream:75 - [STDERR_REDIRECT] [Fatal Error] :1:1: Premature end of file.
2026-04-27 07:07:06,165 [ERROR] LogOutputStream:75 - [STDERR_REDIRECT] 
2026-04-27 07:07:07,167 [ERROR] LogOutputStream:75 - [STDERR_REDIRECT] [Fatal Error] :1:1: Premature end of file.
2026-04-27 07:07:07,167 [ERROR] LogOutputStream:75 - [STDERR_REDIRECT] 
2026-04-27 07:07:08,165 [ERROR] LogOutputStream:75 - [STDERR_REDIRECT] [Fatal Error] :1:1: Premature end of file.
2026-04-27 07:07:08,165 [ERROR] LogOutputStream:75 - [STDERR_REDIRECT] 
2026-04-27 07:07:09,165 [ERROR] LogOutputStream:75 - [STDERR_REDIRECT] [Fatal Error] :1:1: Premature end of file.
2026-04-27 07:07:09,165 [ERROR] LogOutputStream:75 - [STDERR_REDIRECT] 
2026-04-27 07:07:10,166 [ERROR] LogOutputStream:75 - [STDERR_REDIRECT] [Fatal Error] :1:1: Premature end of file.
2026-04-27 07:07:10,166 [ERROR] LogOutputStream:75 - [STDERR_REDIRECT] 
2026-04-27 07:07:11,166 [ERROR] LogOutputStream:75 - [STDERR_REDIRECT] [Fatal Error] :1:1: Premature end of file.
2026-04-27 07:07:11,166 [ERROR] LogOutputStream:75 - [STDERR_REDIRECT] 
2026-04-27 07:07:12,167 [ERROR] LogOutputStream:75 - [STDERR_REDIRECT] [Fatal Error] :1:1: Premature end of file.
2026-04-27 07:07:12,167 [ERROR] LogOutputStream:75 - [STDERR_REDIRECT] 
2026-04-27 07:07:13,165 [ERROR] LogOutputStream:75 - [STDERR_REDIRECT] [Fatal Error] :1:1: Premature end of file.
2026-04-27 07:07:13,166 [ERROR] LogOutputStream:75 - [STDERR_REDIRECT] 
2026-04-27 07:07:14,167 [ERROR] LogOutputStream:75 - [STDERR_REDIRECT] [Fatal Error] :1:1: Premature end of file.
2026-04-27 07:07:14,167 [ERROR] LogOutputStream:75 - [STDERR_REDIRECT] 
2026-04-27 07:07:15,166 [ERROR] LogOutputStream:75 - [STDERR_REDIRECT] [Fatal Error] :1:1: Premature end of file.
2026-04-27 07:07:15,167 [ERROR] LogOutputStream:75 - [STDERR_REDIRECT] 
2026-04-27 07:07:16,167 [ERROR] LogOutputStream:75 - [STDERR_REDIRECT] [Fatal Error] :1:1: Premature end of file.
2026-04-27 07:07:16,167 [ERROR] LogOutputStream:75 - [STDERR_REDIRECT] 
2026-04-27 07:07:17,165 [ERROR] LogOutputStream:75 - [STDERR_REDIRECT] [Fatal Error] :1:1: Premature end of file.
2026-04-27 07:07:17,165 [ERROR] LogOutputStream:75 - [STDERR_REDIRECT] 
2026-04-27 07:07:18,166 [ERROR] LogOutputStream:75 - [STDERR_REDIRECT] [Fatal Error] :1:1: Premature end of file.
2026-04-27 07:07:18,167 [ERROR] LogOutputStream:75 - [STDERR_REDIRECT] 
2026-04-27 07:07:19,167 [ERROR] LogOutputStream:75 - [STDERR_REDIRECT] [Fatal Error] :1:1: Premature end of file.
2026-04-27 07:07:19,167 [ERROR] LogOutputStream:75 - [STDERR_REDIRECT] 
2026-04-27 07:07:20,166 [ERROR] LogOutputStream:75 - [STDERR_REDIRECT] [Fatal Error] :1:1: Premature end of file.
2026-04-27 07:07:20,166 [ERROR] LogOutputStream:75 - [STDERR_REDIRECT] 
2026-04-27 07:07:21,165 [ERROR] LogOutputStream:75 - [STDERR_REDIRECT] [Fatal Error] :1:1: Premature end of file.
2026-04-27 07:07:21,165 [ERROR] LogOutputStream:75 - [STDERR_REDIRECT] 
2026-04-27 07:07:22,168 [ERROR] LogOutputStream:75 - [STDERR_REDIRECT] [Fatal Error] :1:1: Premature end of file.
2026-04-27 07:07:22,168 [ERROR] LogOutputStream:75 - [STDERR_REDIRECT] 
2026-04-27 07:07:23,167 [ERROR] LogOutputStream:75 - [STDERR_REDIRECT] [Fatal Error] :1:1: Premature end of file.
2026-04-27 07:07:23,167 [ERROR] LogOutputStream:75 - [STDERR_REDIRECT] 
2026-04-27 07:07:24,166 [ERROR] LogOutputStream:75 - [STDERR_REDIRECT] [Fatal Error] :1:1: Premature end of file.
2026-04-27 07:07:24,166 [ERROR] LogOutputStream:75 - [STDERR_REDIRECT] 
2026-04-27 07:07:25,168 [ERROR] LogOutputStream:75 - [STDERR_REDIRECT] [Fatal Error] :1:1: Premature end of file.
2026-04-27 07:07:25,168 [ERROR] LogOutputStream:75 - [STDERR_REDIRECT] 
2026-04-27 07:07:26,166 [ERROR] LogOutputStream:75 - [STDERR_REDIRECT] [Fatal Error] :1:1: Premature end of file.
2026-04-27 07:07:26,167 [ERROR] LogOutputStream:75 - [STDERR_REDIRECT] 
2026-04-27 07:07:27,168 [ERROR] LogOutputStream:75 - [STDERR_REDIRECT] [Fatal Error] :1:1: Premature end of file.
2026-04-27 07:07:27,168 [ERROR] LogOutputStream:75 - [STDERR_REDIRECT] 
2026-04-27 07:07:28,167 [ERROR] LogOutputStream:75 - [STDERR_REDIRECT] [Fatal Error] :1:1: Premature end of file.
2026-04-27 07:07:28,167 [ERROR] LogOutputStream:75 - [STDERR_REDIRECT] 
2026-04-27 07:07:29,167 [ERROR] LogOutputStream:75 - [STDERR_REDIRECT] [Fatal Error] :1:1: Premature end of file.
2026-04-27 07:07:29,167 [ERROR] LogOutputStream:75 - [STDERR_REDIRECT] 
2026-04-27 07:07:30,165 [ERROR] LogOutputStream:75 - [STDERR_REDIRECT] [Fatal Error] :1:1: Premature end of file.
2026-04-27 07:07:30,165 [ERROR] LogOutputStream:75 - [STDERR_REDIRECT] 
2026-04-27 07:07:31,176 [ERROR] LogOutputStream:75 - [STDERR_REDIRECT] [Fatal Error] :1:1: Premature end of file.
2026-04-27 07:07:31,176 [ERROR] LogOutputStream:75 - [STDERR_REDIRECT] 
2026-04-27 07:07:32,168 [ERROR] LogOutputStream:75 - [STDERR_REDIRECT] [Fatal Error] :1:1: Premature end of file.
2026-04-27 07:07:32,168 [ERROR] LogOutputStream:75 - [STDERR_REDIRECT] 
2026-04-27 07:07:33,170 [ERROR] LogOutputStream:75 - [STDERR_REDIRECT] [Fatal Error] :1:1: Premature end of file.
2026-04-27 07:07:33,170 [ERROR] LogOutputStream:75 - [STDERR_REDIRECT] 
2026-04-27 07:07:34,167 [ERROR] LogOutputStream:75 - [STDERR_REDIRECT] [Fatal Error] :1:1: Premature end of file.
2026-04-27 07:07:34,167 [ERROR] LogOutputStream:75 - [STDERR_REDIRECT] 
2026-04-27 07:07:35,164 [ERROR] LogOutputStream:75 - [STDERR_REDIRECT] [Fatal Error] :1:1: Premature end of file.
2026-04-27 07:07:35,164 [ERROR] LogOutputStream:75 - [STDERR_REDIRECT] 
2026-04-27 07:07:36,159 [ERROR] LogOutputStream:75 - [STDERR_REDIRECT] [Fatal Error] :1:1: Premature end of file.
2026-04-27 07:07:36,159 [ERROR] LogOutputStream:75 - [STDERR_REDIRECT] 
2026-04-27 07:07:37,165 [ERROR] LogOutputStream:75 - [STDERR_REDIRECT] [Fatal Error] :1:1: Premature end of file.
2026-04-27 07:07:37,165 [ERROR] LogOutputStream:75 - [STDERR_REDIRECT] 
2026-04-27 07:07:38,170 [ERROR] LogOutputStream:75 - [STDERR_REDIRECT] [Fatal Error] :1:1: Premature end of file.
2026-04-27 07:07:38,170 [ERROR] LogOutputStream:75 - [STDERR_REDIRECT] 
2026-04-27 07:07:39,168 [ERROR] LogOutputStream:75 - [STDERR_REDIRECT] [Fatal Error] :1:1: Premature end of file.
2026-04-27 07:07:39,168 [ERROR] LogOutputStream:75 - [STDERR_REDIRECT] 
2026-04-27 07:07:40,174 [ERROR] LogOutputStream:75 - [STDERR_REDIRECT] [Fatal Error] :1:1: Premature end of file.
2026-04-27 07:07:40,174 [ERROR] LogOutputStream:75 - [STDERR_REDIRECT] 
2026-04-27 07:07:41,176 [ERROR] LogOutputStream:75 - [STDERR_REDIRECT] [Fatal Error] :1:1: Premature end of file.
2026-04-27 07:07:41,176 [ERROR] LogOutputStream:75 - [STDERR_REDIRECT] 
2026-04-27 07:07:42,179 [ERROR] LogOutputStream:75 - [STDERR_REDIRECT] [Fatal Error] :1:1: Premature end of file.
2026-04-27 07:07:42,179 [ERROR] LogOutputStream:75 - [STDERR_REDIRECT] 
2026-04-27 07:07:43,170 [ERROR] LogOutputStream:75 - [STDERR_REDIRECT] [Fatal Error] :1:1: Premature end of file.
2026-04-27 07:07:43,170 [ERROR] LogOutputStream:75 - [STDERR_REDIRECT] 
2026-04-27 07:07:44,182 [ERROR] LogOutputStream:75 - [STDERR_REDIRECT] [Fatal Error] :1:1: Premature end of file.
2026-04-27 07:07:44,182 [ERROR] LogOutputStream:75 - [STDERR_REDIRECT] 
2026-04-27 07:07:45,160 [ERROR] LogOutputStream:75 - [STDERR_REDIRECT] [Fatal Error] :1:1: Premature end of file.
2026-04-27 07:07:45,160 [ERROR] LogOutputStream:75 - [STDERR_REDIRECT] 
2026-04-27 07:07:46,168 [ERROR] LogOutputStream:75 - [STDERR_REDIRECT] [Fatal Error] :1:1: Premature end of file.
2026-04-27 07:07:46,168 [ERROR] LogOutputStream:75 - [STDERR_REDIRECT] 
2026-04-27 07:07:47,161 [ERROR] LogOutputStream:75 - [STDERR_REDIRECT] [Fatal Error] :1:1: Premature end of file.
2026-04-27 07:07:47,161 [ERROR] LogOutputStream:75 - [STDERR_REDIRECT] 
2026-04-27 07:07:48,163 [ERROR] LogOutputStream:75 - [STDERR_REDIRECT] [Fatal Error] :1:1: Premature end of file.
2026-04-27 07:07:48,163 [ERROR] LogOutputStream:75 - [STDERR_REDIRECT] 
2026-04-27 07:07:49,179 [ERROR] LogOutputStream:75 - [STDERR_REDIRECT] [Fatal Error] :1:1: Premature end of file.
2026-04-27 07:07:49,179 [ERROR] LogOutputStream:75 - [STDERR_REDIRECT] 
2026-04-27 07:07:50,174 [ERROR] LogOutputStream:75 - [STDERR_REDIRECT] [Fatal Error] :1:1: Premature end of file.
2026-04-27 07:07:50,174 [ERROR] LogOutputStream:75 - [STDERR_REDIRECT] 
2026-04-27 07:07:51,161 [ERROR] LogOutputStream:75 - [STDERR_REDIRECT] [Fatal Error] :1:1: Premature end of file.
2026-04-27 07:07:51,161 [ERROR] LogOutputStream:75 - [STDERR_REDIRECT] 
2026-04-27 07:07:52,169 [ERROR] LogOutputStream:75 - [STDERR_REDIRECT] [Fatal Error] :1:1: Premature end of file.
2026-04-27 07:07:52,169 [ERROR] LogOutputStream:75 - [STDERR_REDIRECT] 
2026-04-27 07:07:53,166 [ERROR] LogOutputStream:75 - [STDERR_REDIRECT] [Fatal Error] :1:1: Premature end of file.
2026-04-27 07:07:53,166 [ERROR] LogOutputStream:75 - [STDERR_REDIRECT] 
2026-04-27 07:07:54,174 [ERROR] LogOutputStream:75 - [STDERR_REDIRECT] [Fatal Error] :1:1: Premature end of file.
2026-04-27 07:07:54,174 [ERROR] LogOutputStream:75 - [STDERR_REDIRECT] 
2026-04-27 07:07:55,173 [ERROR] LogOutputStream:75 - [STDERR_REDIRECT] [Fatal Error] :1:1: Premature end of file.
2026-04-27 07:07:55,173 [ERROR] LogOutputStream:75 - [STDERR_REDIRECT] 
2026-04-27 07:07:56,177 [ERROR] LogOutputStream:75 - [STDERR_REDIRECT] [Fatal Error] :1:1: Premature end of file.
2026-04-27 07:07:56,177 [ERROR] LogOutputStream:75 - [STDERR_REDIRECT] 
2026-04-27 07:07:57,171 [ERROR] LogOutputStream:75 - [STDERR_REDIRECT] [Fatal Error] :1:1: Premature end of file.
2026-04-27 07:07:57,171 [ERROR] LogOutputStream:75 - [STDERR_REDIRECT] 
2026-04-27 07:07:58,168 [ERROR] LogOutputStream:75 - [STDERR_REDIRECT] [Fatal Error] :1:1: Premature end of file.
2026-04-27 07:07:58,168 [ERROR] LogOutputStream:75 - [STDERR_REDIRECT] 
2026-04-27 07:07:59,170 [ERROR] LogOutputStream:75 - [STDERR_REDIRECT] [Fatal Error] :1:1: Premature end of file.
2026-04-27 07:07:59,170 [ERROR] LogOutputStream:75 - [STDERR_REDIRECT] 
2026-04-27 07:08:00,174 [ERROR] LogOutputStream:75 - [STDERR_REDIRECT] [Fatal Error] :1:1: Premature end of file.
2026-04-27 07:08:00,174 [ERROR] LogOutputStream:75 - [STDERR_REDIRECT] 
2026-04-27 07:08:01,173 [ERROR] LogOutputStream:75 - [STDERR_REDIRECT] [Fatal Error] :1:1: Premature end of file.
2026-04-27 07:08:01,173 [ERROR] LogOutputStream:75 - [STDERR_REDIRECT] 
2026-04-27 07:08:02,172 [ERROR] LogOutputStream:75 - [STDERR_REDIRECT] [Fatal Error] :1:1: Premature end of file.
2026-04-27 07:08:02,172 [ERROR] LogOutputStream:75 - [STDERR_REDIRECT] 
2026-04-27 07:08:03,186 [ERROR] LogOutputStream:75 - [STDERR_REDIRECT] [Fatal Error] :1:1: Premature end of file.
2026-04-27 07:08:03,186 [ERROR] LogOutputStream:75 - [STDERR_REDIRECT] 
2026-04-27 07:08:04,173 [ERROR] LogOutputStream:75 - [STDERR_REDIRECT] [Fatal Error] :1:1: Premature end of file.
2026-04-27 07:08:04,173 [ERROR] LogOutputStream:75 - [STDERR_REDIRECT] 
2026-04-27 07:08:05,168 [ERROR] LogOutputStream:75 - [STDERR_REDIRECT] [Fatal Error] :1:1: Premature end of file.
2026-04-27 07:08:05,168 [ERROR] LogOutputStream:75 - [STDERR_REDIRECT] 
2026-04-27 07:08:06,170 [ERROR] LogOutputStream:75 - [STDERR_REDIRECT] [Fatal Error] :1:1: Premature end of file.
2026-04-27 07:08:06,170 [ERROR] LogOutputStream:75 - [STDERR_REDIRECT] 
2026-04-27 07:08:07,166 [ERROR] LogOutputStream:75 - [STDERR_REDIRECT] [Fatal Error] :1:1: Premature end of file.
2026-04-27 07:08:07,166 [ERROR] LogOutputStream:75 - [STDERR_REDIRECT] 
2026-04-27 07:08:08,174 [ERROR] LogOutputStream:75 - [STDERR_REDIRECT] [Fatal Error] :1:1: Premature end of file.
2026-04-27 07:08:08,174 [ERROR] LogOutputStream:75 - [STDERR_REDIRECT] 
2026-04-27 07:08:09,175 [ERROR] LogOutputStream:75 - [STDERR_REDIRECT] [Fatal Error] :1:1: Premature end of file.
2026-04-27 07:08:09,175 [ERROR] LogOutputStream:75 - [STDERR_REDIRECT] 
2026-04-27 07:08:10,165 [ERROR] LogOutputStream:75 - [STDERR_REDIRECT] [Fatal Error] :1:1: Premature end of file.
2026-04-27 07:08:10,165 [ERROR] LogOutputStream:75 - [STDERR_REDIRECT] 
2026-04-27 07:08:11,170 [ERROR] LogOutputStream:75 - [STDERR_REDIRECT] [Fatal Error] :1:1: Premature end of file.
2026-04-27 07:08:11,170 [ERROR] LogOutputStream:75 - [STDERR_REDIRECT] 
2026-04-27 07:08:12,167 [ERROR] LogOutputStream:75 - [STDERR_REDIRECT] [Fatal Error] :1:1: Premature end of file.
2026-04-27 07:08:12,167 [ERROR] LogOutputStream:75 - [STDERR_REDIRECT] 
2026-04-27 07:08:13,176 [ERROR] LogOutputStream:75 - [STDERR_REDIRECT] [Fatal Error] :1:1: Premature end of file.
2026-04-27 07:08:13,176 [ERROR] LogOutputStream:75 - [STDERR_REDIRECT] 
2026-04-27 07:08:14,166 [ERROR] LogOutputStream:75 - [STDERR_REDIRECT] [Fatal Error] :1:1: Premature end of file.
2026-04-27 07:08:14,166 [ERROR] LogOutputStream:75 - [STDERR_REDIRECT] 
2026-04-27 07:08:15,168 [ERROR] LogOutputStream:75 - [STDERR_REDIRECT] [Fatal Error] :1:1: Premature end of file.
2026-04-27 07:08:15,168 [ERROR] LogOutputStream:75 - [STDERR_REDIRECT] 
2026-04-27 07:08:16,168 [ERROR] LogOutputStream:75 - [STDERR_REDIRECT] [Fatal Error] :1:1: Premature end of file.
2026-04-27 07:08:16,168 [ERROR] LogOutputStream:75 - [STDERR_REDIRECT] 
2026-04-27 07:08:17,167 [ERROR] LogOutputStream:75 - [STDERR_REDIRECT] [Fatal Error] :1:1: Premature end of file.
2026-04-27 07:08:17,167 [ERROR] LogOutputStream:75 - [STDERR_REDIRECT] 
2026-04-27 07:08:18,165 [ERROR] LogOutputStream:75 - [STDERR_REDIRECT] [Fatal Error] :1:1: Premature end of file.
2026-04-27 07:08:18,165 [ERROR] LogOutputStream:75 - [STDERR_REDIRECT] 
2026-04-27 07:08:19,167 [ERROR] LogOutputStream:75 - [STDERR_REDIRECT] [Fatal Error] :1:1: Premature end of file.
2026-04-27 07:08:19,167 [ERROR] LogOutputStream:75 - [STDERR_REDIRECT] 
2026-04-27 07:08:20,174 [ERROR] LogOutputStream:75 - [STDERR_REDIRECT] [Fatal Error] :1:1: Premature end of file.
2026-04-27 07:08:20,174 [ERROR] LogOutputStream:75 - [STDERR_REDIRECT] 
2026-04-27 07:08:21,174 [ERROR] LogOutputStream:75 - [STDERR_REDIRECT] [Fatal Error] :1:1: Premature end of file.
2026-04-27 07:08:21,174 [ERROR] LogOutputStream:75 - [STDERR_REDIRECT] 
2026-04-27 07:08:22,178 [ERROR] LogOutputStream:75 - [STDERR_REDIRECT] [Fatal Error] :1:1: Premature end of file.
2026-04-27 07:08:22,178 [ERROR] LogOutputStream:75 - [STDERR_REDIRECT] 
2026-04-27 07:08:23,178 [ERROR] LogOutputStream:75 - [STDERR_REDIRECT] [Fatal Error] :1:1: Premature end of file.
2026-04-27 07:08:23,178 [ERROR] LogOutputStream:75 - [STDERR_REDIRECT] 
2026-04-27 07:08:24,174 [ERROR] LogOutputStream:75 - [STDERR_REDIRECT] [Fatal Error] :1:1: Premature end of file.
2026-04-27 07:08:24,174 [ERROR] LogOutputStream:75 - [STDERR_REDIRECT] 
2026-04-27 07:08:25,172 [ERROR] LogOutputStream:75 - [STDERR_REDIRECT] [Fatal Error] :1:1: Premature end of file.
2026-04-27 07:08:25,173 [ERROR] LogOutputStream:75 - [STDERR_REDIRECT] 
2026-04-27 07:08:26,164 [ERROR] LogOutputStream:75 - [STDERR_REDIRECT] [Fatal Error] :1:1: Premature end of file.
2026-04-27 07:08:26,164 [ERROR] LogOutputStream:75 - [STDERR_REDIRECT] 
2026-04-27 07:08:27,166 [ERROR] LogOutputStream:75 - [STDERR_REDIRECT] [Fatal Error] :1:1: Premature end of file.
2026-04-27 07:08:27,166 [ERROR] LogOutputStream:75 - [STDERR_REDIRECT] 
2026-04-27 07:08:28,170 [ERROR] LogOutputStream:75 - [STDERR_REDIRECT] [Fatal Error] :1:1: Premature end of file.
2026-04-27 07:08:28,170 [ERROR] LogOutputStream:75 - [STDERR_REDIRECT] 
2026-04-27 07:08:29,169 [ERROR] LogOutputStream:75 - [STDERR_REDIRECT] [Fatal Error] :1:1: Premature end of file.
2026-04-27 07:08:29,169 [ERROR] LogOutputStream:75 - [STDERR_REDIRECT] 
2026-04-27 07:08:30,170 [ERROR] LogOutputStream:75 - [STDERR_REDIRECT] [Fatal Error] :1:1: Premature end of file.
2026-04-27 07:08:30,170 [ERROR] LogOutputStream:75 - [STDERR_REDIRECT] 
2026-04-27 07:08:31,184 [ERROR] LogOutputStream:75 - [STDERR_REDIRECT] [Fatal Error] :1:1: Premature end of file.
2026-04-27 07:08:31,184 [ERROR] LogOutputStream:75 - [STDERR_REDIRECT] 
2026-04-27 07:08:32,166 [ERROR] LogOutputStream:75 - [STDERR_REDIRECT] [Fatal Error] :1:1: Premature end of file.
2026-04-27 07:08:32,166 [ERROR] LogOutputStream:75 - [STDERR_REDIRECT] 
2026-04-27 07:08:33,166 [ERROR] LogOutputStream:75 - [STDERR_REDIRECT] [Fatal Error] :1:1: Premature end of file.
2026-04-27 07:08:33,166 [ERROR] LogOutputStream:75 - [STDERR_REDIRECT] 
2026-04-27 07:08:34,170 [ERROR] LogOutputStream:75 - [STDERR_REDIRECT] [Fatal Error] :1:1: Premature end of file.
2026-04-27 07:08:34,171 [ERROR] LogOutputStream:75 - [STDERR_REDIRECT] 
2026-04-27 07:08:35,167 [ERROR] LogOutputStream:75 - [STDERR_REDIRECT] [Fatal Error] :1:1: Premature end of file.
2026-04-27 07:08:35,167 [ERROR] LogOutputStream:75 - [STDERR_REDIRECT] 
2026-04-27 07:08:36,165 [ERROR] LogOutputStream:75 - [STDERR_REDIRECT] [Fatal Error] :1:1: Premature end of file.
2026-04-27 07:08:36,165 [ERROR] LogOutputStream:75 - [STDERR_REDIRECT] 
2026-04-27 07:08:37,166 [ERROR] LogOutputStream:75 - [STDERR_REDIRECT] [Fatal Error] :1:1: Premature end of file.
2026-04-27 07:08:37,166 [ERROR] LogOutputStream:75 - [STDERR_REDIRECT] 
2026-04-27 07:08:38,165 [ERROR] LogOutputStream:75 - [STDERR_REDIRECT] [Fatal Error] :1:1: Premature end of file.
2026-04-27 07:08:38,165 [ERROR] LogOutputStream:75 - [STDERR_REDIRECT] 
2026-04-27 07:08:39,166 [ERROR] LogOutputStream:75 - [STDERR_REDIRECT] [Fatal Error] :1:1: Premature end of file.
2026-04-27 07:08:39,166 [ERROR] LogOutputStream:75 - [STDERR_REDIRECT] 
2026-04-27 07:08:40,167 [ERROR] LogOutputStream:75 - [STDERR_REDIRECT] [Fatal Error] :1:1: Premature end of file.
2026-04-27 07:08:40,167 [ERROR] LogOutputStream:75 - [STDERR_REDIRECT] 
2026-04-27 07:08:41,164 [ERROR] LogOutputStream:75 - [STDERR_REDIRECT] [Fatal Error] :1:1: Premature end of file.
2026-04-27 07:08:41,164 [ERROR] LogOutputStream:75 - [STDERR_REDIRECT] 
2026-04-27 07:08:42,166 [ERROR] LogOutputStream:75 - [STDERR_REDIRECT] [Fatal Error] :1:1: Premature end of file.
2026-04-27 07:08:42,166 [ERROR] LogOutputStream:75 - [STDERR_REDIRECT] 
2026-04-27 07:08:43,169 [ERROR] LogOutputStream:75 - [STDERR_REDIRECT] [Fatal Error] :1:1: Premature end of file.
2026-04-27 07:08:43,169 [ERROR] LogOutputStream:75 - [STDERR_REDIRECT] 
2026-04-27 07:08:44,165 [ERROR] LogOutputStream:75 - [STDERR_REDIRECT] [Fatal Error] :1:1: Premature end of file.
2026-04-27 07:08:44,165 [ERROR] LogOutputStream:75 - [STDERR_REDIRECT] 
2026-04-27 07:08:45,171 [ERROR] LogOutputStream:75 - [STDERR_REDIRECT] [Fatal Error] :1:1: Premature end of file.
2026-04-27 07:08:45,171 [ERROR] LogOutputStream:75 - [STDERR_REDIRECT] 
2026-04-27 07:08:46,167 [ERROR] LogOutputStream:75 - [STDERR_REDIRECT] [Fatal Error] :1:1: Premature end of file.
2026-04-27 07:08:46,167 [ERROR] LogOutputStream:75 - [STDERR_REDIRECT] 
2026-04-27 07:08:47,166 [ERROR] LogOutputStream:75 - [STDERR_REDIRECT] [Fatal Error] :1:1: Premature end of file.
2026-04-27 07:08:47,166 [ERROR] LogOutputStream:75 - [STDERR_REDIRECT] 
2026-04-27 07:08:48,166 [ERROR] LogOutputStream:75 - [STDERR_REDIRECT] [Fatal Error] :1:1: Premature end of file.
2026-04-27 07:08:48,166 [ERROR] LogOutputStream:75 - [STDERR_REDIRECT] 
2026-04-27 07:08:49,167 [ERROR] LogOutputStream:75 - [STDERR_REDIRECT] [Fatal Error] :1:1: Premature end of file.
2026-04-27 07:08:49,167 [ERROR] LogOutputStream:75 - [STDERR_REDIRECT] 
2026-04-27 07:08:50,166 [ERROR] LogOutputStream:75 - [STDERR_REDIRECT] [Fatal Error] :1:1: Premature end of file.
2026-04-27 07:08:50,167 [ERROR] LogOutputStream:75 - [STDERR_REDIRECT] 
2026-04-27 07:08:51,166 [ERROR] LogOutputStream:75 - [STDERR_REDIRECT] [Fatal Error] :1:1: Premature end of file.
2026-04-27 07:08:51,166 [ERROR] LogOutputStream:75 - [STDERR_REDIRECT] 
2026-04-27 07:08:52,167 [ERROR] LogOutputStream:75 - [STDERR_REDIRECT] [Fatal Error] :1:1: Premature end of file.
2026-04-27 07:08:52,167 [ERROR] LogOutputStream:75 - [STDERR_REDIRECT] 
2026-04-27 07:08:53,169 [ERROR] LogOutputStream:75 - [STDERR_REDIRECT] [Fatal Error] :1:1: Premature end of file.
2026-04-27 07:08:53,169 [ERROR] LogOutputStream:75 - [STDERR_REDIRECT] 
2026-04-27 07:08:54,168 [ERROR] LogOutputStream:75 - [STDERR_REDIRECT] [Fatal Error] :1:1: Premature end of file.
2026-04-27 07:08:54,168 [ERROR] LogOutputStream:75 - [STDERR_REDIRECT] 
2026-04-27 07:08:55,170 [ERROR] LogOutputStream:75 - [STDERR_REDIRECT] [Fatal Error] :1:1: Premature end of file.
2026-04-27 07:08:55,170 [ERROR] LogOutputStream:75 - [STDERR_REDIRECT] 
2026-04-27 07:08:56,164 [ERROR] LogOutputStream:75 - [STDERR_REDIRECT] [Fatal Error] :1:1: Premature end of file.
2026-04-27 07:08:56,164 [ERROR] LogOutputStream:75 - [STDERR_REDIRECT] 
2026-04-27 07:08:57,168 [ERROR] LogOutputStream:75 - [STDERR_REDIRECT] [Fatal Error] :1:1: Premature end of file.
2026-04-27 07:08:57,168 [ERROR] LogOutputStream:75 - [STDERR_REDIRECT] 
2026-04-27 07:08:58,169 [ERROR] LogOutputStream:75 - [STDERR_REDIRECT] [Fatal Error] :1:1: Premature end of file.
2026-04-27 07:08:58,169 [ERROR] LogOutputStream:75 - [STDERR_REDIRECT] 
2026-04-27 07:08:59,166 [ERROR] LogOutputStream:75 - [STDERR_REDIRECT] [Fatal Error] :1:1: Premature end of file.
2026-04-27 07:08:59,166 [ERROR] LogOutputStream:75 - [STDERR_REDIRECT] 
2026-04-27 07:09:00,167 [ERROR] LogOutputStream:75 - [STDERR_REDIRECT] [Fatal Error] :1:1: Premature end of file.
2026-04-27 07:09:00,167 [ERROR] LogOutputStream:75 - [STDERR_REDIRECT] 
2026-04-27 07:09:01,166 [ERROR] LogOutputStream:75 - [STDERR_REDIRECT] [Fatal Error] :1:1: Premature end of file.
2026-04-27 07:09:01,166 [ERROR] LogOutputStream:75 - [STDERR_REDIRECT] 
2026-04-27 07:09:02,167 [ERROR] LogOutputStream:75 - [STDERR_REDIRECT] [Fatal Error] :1:1: Premature end of file.
2026-04-27 07:09:02,167 [ERROR] LogOutputStream:75 - [STDERR_REDIRECT] 
2026-04-27 07:09:03,166 [ERROR] LogOutputStream:75 - [STDERR_REDIRECT] [Fatal Error] :1:1: Premature end of file.
2026-04-27 07:09:03,166 [ERROR] LogOutputStream:75 - [STDERR_REDIRECT] 
2026-04-27 07:09:04,167 [ERROR] LogOutputStream:75 - [STDERR_REDIRECT] [Fatal Error] :1:1: Premature end of file.
2026-04-27 07:09:04,167 [ERROR] LogOutputStream:75 - [STDERR_REDIRECT] 
2026-04-27 07:09:05,166 [ERROR] LogOutputStream:75 - [STDERR_REDIRECT] [Fatal Error] :1:1: Premature end of file.
2026-04-27 07:09:05,166 [ERROR] LogOutputStream:75 - [STDERR_REDIRECT] 
2026-04-27 07:09:06,168 [ERROR] LogOutputStream:75 - [STDERR_REDIRECT] [Fatal Error] :1:1: Premature end of file.
2026-04-27 07:09:06,168 [ERROR] LogOutputStream:75 - [STDERR_REDIRECT] 
2026-04-27 07:09:07,169 [ERROR] LogOutputStream:75 - [STDERR_REDIRECT] [Fatal Error] :1:1: Premature end of file.
2026-04-27 07:09:07,169 [ERROR] LogOutputStream:75 - [STDERR_REDIRECT] 
2026-04-27 07:09:08,165 [ERROR] LogOutputStream:75 - [STDERR_REDIRECT] [Fatal Error] :1:1: Premature end of file.
2026-04-27 07:09:08,165 [ERROR] LogOutputStream:75 - [STDERR_REDIRECT] 
2026-04-27 07:09:09,166 [ERROR] LogOutputStream:75 - [STDERR_REDIRECT] [Fatal Error] :1:1: Premature end of file.
2026-04-27 07:09:09,166 [ERROR] LogOutputStream:75 - [STDERR_REDIRECT] 
2026-04-27 07:09:10,164 [ERROR] LogOutputStream:75 - [STDERR_REDIRECT] [Fatal Error] :1:1: Premature end of file.
2026-04-27 07:09:10,165 [ERROR] LogOutputStream:75 - [STDERR_REDIRECT] 
2026-04-27 07:09:11,165 [ERROR] LogOutputStream:75 - [STDERR_REDIRECT] [Fatal Error] :1:1: Premature end of file.
2026-04-27 07:09:11,165 [ERROR] LogOutputStream:75 - [STDERR_REDIRECT] 
2026-04-27 07:09:12,167 [ERROR] LogOutputStream:75 - [STDERR_REDIRECT] [Fatal Error] :1:1: Premature end of file.
2026-04-27 07:09:12,167 [ERROR] LogOutputStream:75 - [STDERR_REDIRECT] 
2026-04-27 07:09:13,168 [ERROR] LogOutputStream:75 - [STDERR_REDIRECT] [Fatal Error] :1:1: Premature end of file.
2026-04-27 07:09:13,168 [ERROR] LogOutputStream:75 - [STDERR_REDIRECT] 
2026-04-27 07:09:14,165 [ERROR] LogOutputStream:75 - [STDERR_REDIRECT] [Fatal Error] :1:1: Premature end of file.
2026-04-27 07:09:14,165 [ERROR] LogOutputStream:75 - [STDERR_REDIRECT] 
2026-04-27 07:09:15,167 [ERROR] LogOutputStream:75 - [STDERR_REDIRECT] [Fatal Error] :1:1: Premature end of file.
2026-04-27 07:09:15,168 [ERROR] LogOutputStream:75 - [STDERR_REDIRECT] 
2026-04-27 07:09:16,167 [ERROR] LogOutputStream:75 - [STDERR_REDIRECT] [Fatal Error] :1:1: Premature end of file.
2026-04-27 07:09:16,167 [ERROR] LogOutputStream:75 - [STDERR_REDIRECT] 
2026-04-27 07:09:17,165 [ERROR] LogOutputStream:75 - [STDERR_REDIRECT] [Fatal Error] :1:1: Premature end of file.
2026-04-27 07:09:17,165 [ERROR] LogOutputStream:75 - [STDERR_REDIRECT] 
2026-04-27 07:09:18,167 [ERROR] LogOutputStream:75 - [STDERR_REDIRECT] [Fatal Error] :1:1: Premature end of file.
2026-04-27 07:09:18,167 [ERROR] LogOutputStream:75 - [STDERR_REDIRECT] 
2026-04-27 07:09:19,166 [ERROR] LogOutputStream:75 - [STDERR_REDIRECT] [Fatal Error] :1:1: Premature end of file.
2026-04-27 07:09:19,166 [ERROR] LogOutputStream:75 - [STDERR_REDIRECT] 
2026-04-27 07:09:20,164 [ERROR] LogOutputStream:75 - [STDERR_REDIRECT] [Fatal Error] :1:1: Premature end of file.
2026-04-27 07:09:20,164 [ERROR] LogOutputStream:75 - [STDERR_REDIRECT] 
2026-04-27 07:09:21,168 [ERROR] LogOutputStream:75 - [STDERR_REDIRECT] [Fatal Error] :1:1: Premature end of file.
2026-04-27 07:09:21,168 [ERROR] LogOutputStream:75 - [STDERR_REDIRECT] 
2026-04-27 07:09:22,166 [ERROR] LogOutputStream:75 - [STDERR_REDIRECT] [Fatal Error] :1:1: Premature end of file.
2026-04-27 07:09:22,166 [ERROR] LogOutputStream:75 - [STDERR_REDIRECT] 
2026-04-27 07:09:23,165 [ERROR] LogOutputStream:75 - [STDERR_REDIRECT] [Fatal Error] :1:1: Premature end of file.
2026-04-27 07:09:23,166 [ERROR] LogOutputStream:75 - [STDERR_REDIRECT] 
2026-04-27 07:09:24,165 [ERROR] LogOutputStream:75 - [STDERR_REDIRECT] [Fatal Error] :1:1: Premature end of file.
2026-04-27 07:09:24,165 [ERROR] LogOutputStream:75 - [STDERR_REDIRECT] 
2026-04-27 07:09:25,166 [ERROR] LogOutputStream:75 - [STDERR_REDIRECT] [Fatal Error] :1:1: Premature end of file.
2026-04-27 07:09:25,167 [ERROR] LogOutputStream:75 - [STDERR_REDIRECT] 
2026-04-27 07:09:26,175 [ERROR] LogOutputStream:75 - [STDERR_REDIRECT] [Fatal Error] :1:1: Premature end of file.
2026-04-27 07:09:26,177 [ERROR] LogOutputStream:75 - [STDERR_REDIRECT] 
2026-04-27 07:09:27,170 [ERROR] LogOutputStream:75 - [STDERR_REDIRECT] [Fatal Error] :1:1: Premature end of file.
2026-04-27 07:09:27,170 [ERROR] LogOutputStream:75 - [STDERR_REDIRECT] 
2026-04-27 07:09:28,179 [ERROR] LogOutputStream:75 - [STDERR_REDIRECT] [Fatal Error] :1:1: Premature end of file.
2026-04-27 07:09:28,179 [ERROR] LogOutputStream:75 - [STDERR_REDIRECT] 
2026-04-27 07:09:29,165 [ERROR] LogOutputStream:75 - [STDERR_REDIRECT] [Fatal Error] :1:1: Premature end of file.
2026-04-27 07:09:29,165 [ERROR] LogOutputStream:75 - [STDERR_REDIRECT] 
2026-04-27 07:09:30,166 [ERROR] LogOutputStream:75 - [STDERR_REDIRECT] [Fatal Error] :1:1: Premature end of file.
2026-04-27 07:09:30,167 [ERROR] LogOutputStream:75 - [STDERR_REDIRECT] 
2026-04-27 07:09:31,168 [ERROR] LogOutputStream:75 - [STDERR_REDIRECT] [Fatal Error] :1:1: Premature end of file.
2026-04-27 07:09:31,168 [ERROR] LogOutputStream:75 - [STDERR_REDIRECT] 
2026-04-27 07:09:32,165 [ERROR] LogOutputStream:75 - [STDERR_REDIRECT] [Fatal Error] :1:1: Premature end of file.
2026-04-27 07:09:32,166 [ERROR] LogOutputStream:75 - [STDERR_REDIRECT] 
2026-04-27 07:09:33,166 [ERROR] LogOutputStream:75 - [STDERR_REDIRECT] [Fatal Error] :1:1: Premature end of file.
2026-04-27 07:09:33,166 [ERROR] LogOutputStream:75 - [STDERR_REDIRECT] 
2026-04-27 07:09:34,165 [ERROR] LogOutputStream:75 - [STDERR_REDIRECT] [Fatal Error] :1:1: Premature end of file.
2026-04-27 07:09:34,165 [ERROR] LogOutputStream:75 - [STDERR_REDIRECT] 
2026-04-27 07:09:35,164 [ERROR] LogOutputStream:75 - [STDERR_REDIRECT] [Fatal Error] :1:1: Premature end of file.
2026-04-27 07:09:35,164 [ERROR] LogOutputStream:75 - [STDERR_REDIRECT] 
2026-04-27 07:09:36,181 [ERROR] LogOutputStream:75 - [STDERR_REDIRECT] [Fatal Error] :1:1: Premature end of file.
2026-04-27 07:09:36,181 [ERROR] LogOutputStream:75 - [STDERR_REDIRECT] 
2026-04-27 07:09:37,173 [ERROR] LogOutputStream:75 - [STDERR_REDIRECT] [Fatal Error] :1:1: Premature end of file.
2026-04-27 07:09:37,173 [ERROR] LogOutputStream:75 - [STDERR_REDIRECT] 
2026-04-27 07:09:38,178 [ERROR] LogOutputStream:75 - [STDERR_REDIRECT] [Fatal Error] :1:1: Premature end of file.
2026-04-27 07:09:38,178 [ERROR] LogOutputStream:75 - [STDERR_REDIRECT] 
2026-04-27 07:09:39,181 [ERROR] LogOutputStream:75 - [STDERR_REDIRECT] [Fatal Error] :1:1: Premature end of file.
2026-04-27 07:09:39,181 [ERROR] LogOutputStream:75 - [STDERR_REDIRECT] 
2026-04-27 07:09:40,173 [ERROR] LogOutputStream:75 - [STDERR_REDIRECT] [Fatal Error] :1:1: Premature end of file.
2026-04-27 07:09:40,173 [ERROR] LogOutputStream:75 - [STDERR_REDIRECT] 
2026-04-27 07:09:41,174 [ERROR] LogOutputStream:75 - [STDERR_REDIRECT] [Fatal Error] :1:1: Premature end of file.
2026-04-27 07:09:41,174 [ERROR] LogOutputStream:75 - [STDERR_REDIRECT] 
2026-04-27 07:09:42,190 [ERROR] LogOutputStream:75 - [STDERR_REDIRECT] [Fatal Error] :1:1: Premature end of file.
2026-04-27 07:09:42,190 [ERROR] LogOutputStream:75 - [STDERR_REDIRECT] 
2026-04-27 07:09:43,160 [ERROR] LogOutputStream:75 - [STDERR_REDIRECT] [Fatal Error] :1:1: Premature end of file.
2026-04-27 07:09:43,160 [ERROR] LogOutputStream:75 - [STDERR_REDIRECT] 
2026-04-27 07:09:44,165 [ERROR] LogOutputStream:75 - [STDERR_REDIRECT] [Fatal Error] :1:1: Premature end of file.
2026-04-27 07:09:44,165 [ERROR] LogOutputStream:75 - [STDERR_REDIRECT] 
2026-04-27 07:09:45,170 [ERROR] LogOutputStream:75 - [STDERR_REDIRECT] [Fatal Error] :1:1: Premature end of file.
2026-04-27 07:09:45,170 [ERROR] LogOutputStream:75 - [STDERR_REDIRECT] 
2026-04-27 07:09:46,168 [ERROR] LogOutputStream:75 - [STDERR_REDIRECT] [Fatal Error] :1:1: Premature end of file.
2026-04-27 07:09:46,168 [ERROR] LogOutputStream:75 - [STDERR_REDIRECT] 
2026-04-27 07:09:47,166 [ERROR] LogOutputStream:75 - [STDERR_REDIRECT] [Fatal Error] :1:1: Premature end of file.
2026-04-27 07:09:47,166 [ERROR] LogOutputStream:75 - [STDERR_REDIRECT] 
2026-04-27 07:09:48,167 [ERROR] LogOutputStream:75 - [STDERR_REDIRECT] [Fatal Error] :1:1: Premature end of file.
2026-04-27 07:09:48,167 [ERROR] LogOutputStream:75 - [STDERR_REDIRECT] 
2026-04-27 07:09:49,168 [ERROR] LogOutputStream:75 - [STDERR_REDIRECT] [Fatal Error] :1:1: Premature end of file.
2026-04-27 07:09:49,168 [ERROR] LogOutputStream:75 - [STDERR_REDIRECT] 
2026-04-27 07:09:50,167 [ERROR] LogOutputStream:75 - [STDERR_REDIRECT] [Fatal Error] :1:1: Premature end of file.
2026-04-27 07:09:50,168 [ERROR] LogOutputStream:75 - [STDERR_REDIRECT] 
2026-04-27 07:09:51,166 [ERROR] LogOutputStream:75 - [STDERR_REDIRECT] [Fatal Error] :1:1: Premature end of file.
2026-04-27 07:09:51,166 [ERROR] LogOutputStream:75 - [STDERR_REDIRECT] 
2026-04-27 07:09:52,129 [ERROR] LogOutputStream:75 - [STDERR_REDIRECT] 
2026-04-27 07:13:25,874 [INFO] Activator:176 - 


2026-04-27 07:13:25,874 [INFO] Activator:177 - !SESSION log4j initialized
2026-04-27 07:13:29,408 [INFO] LogOutputStream:77 - [STDOUT_REDIRECT] 
2026-04-27 07:13:35,259 [INFO] ApplicationProperties:184 - Using Application install path: C:\ST\STM32CubeIDE_1.18.1\STM32CubeIDE\plugins\com.st.stm32cube.common.mx_6.14.1.202504091515
2026-04-27 07:13:35,270 [INFO] DbMcusXml:78 - Set database path to: C:\ST\STM32CubeIDE_1.18.1\STM32CubeIDE\plugins\com.st.stm32cube.common.mx_6.14.1.202504091515\\db\/mcu/
2026-04-27 07:13:35,270 [INFO] ApiDb:274 - Set plugin database path to: C:\ST\STM32CubeIDE_1.18.1\STM32CubeIDE\plugins\com.st.stm32cube.common.mx_6.14.1.202504091515\\db\/plugins/boardmanager/
2026-04-27 07:13:35,270 [WARN] ApiDb:259 - Overriding images path with different value:  => C:\ST\STM32CubeIDE_1.18.1\STM32CubeIDE\plugins\com.st.stm32cube.common.mx_6.14.1.202504091515\\db\/plugins/mcufinder/images/
2026-04-27 07:13:35,274 [INFO] ApiDb:250 - Set database path to: C:\Users\salem\.stmcufinder\plugins\mcufinder//mcu/
2026-04-27 07:13:35,274 [INFO] DbMcusAds:125 - Set database path to: C:\Users\salem\.stmcufinder\plugins\mcufinder//mcu/
2026-04-27 07:13:35,276 [INFO] CrossReferenceDbSqlite:203 - Set database path to: C:\Users\salem\.stmcufinder\plugins\mcufinder//mcu/cs/
2026-04-27 07:13:35,357 [INFO] RulesReader:64 - Compatibility file has been processed (302 Rules)
2026-04-27 07:13:35,406 [INFO] DbMcusXml:78 - Set database path to: C:\ST\STM32CubeIDE_1.18.1\STM32CubeIDE\plugins\com.st.stm32cube.common.mx_6.14.1.202504091515\\db\/mcu/
2026-04-27 07:13:35,406 [INFO] ApiDb:274 - Set plugin database path to: C:\ST\STM32CubeIDE_1.18.1\STM32CubeIDE\plugins\com.st.stm32cube.common.mx_6.14.1.202504091515\\db\/plugins/boardmanager/
2026-04-27 07:13:35,406 [INFO] ApiDb:261 - Set plugin images path to: C:\ST\STM32CubeIDE_1.18.1\STM32CubeIDE\plugins\com.st.stm32cube.common.mx_6.14.1.202504091515\\db\/plugins/mcufinder/images/
2026-04-27 07:13:35,406 [WARN] DbFile:41 - Overriding database path with different value: C:\Users\salem\.stmcufinder\plugins\mcufinder/ => C:\Users\salem\.stmcufinder\plugins\mcufinder
2026-04-27 07:13:35,406 [INFO] ApiDb:250 - Set database path to: C:\Users\salem\.stmcufinder\plugins\mcufinder//mcu/
2026-04-27 07:13:35,406 [WARN] DbFile:41 - Overriding database path with different value: C:\Users\salem\.stmcufinder\plugins\mcufinder/ => C:\Users\salem\.stmcufinder\plugins\mcufinder
2026-04-27 07:13:35,406 [INFO] DbMcusAds:125 - Set database path to: C:\Users\salem\.stmcufinder\plugins\mcufinder//mcu/
2026-04-27 07:13:35,406 [WARN] DbFile:41 - Overriding database path with different value: C:\Users\salem\.stmcufinder\plugins\mcufinder/ => C:\Users\salem\.stmcufinder\plugins\mcufinder
2026-04-27 07:13:35,406 [WARN] DbFile:41 - Overriding database path with different value: C:\Users\salem\.stmcufinder\plugins\mcufinder/ => C:\Users\salem\.stmcufinder\plugins\mcufinder
2026-04-27 07:13:35,406 [INFO] CrossReferenceDbSqlite:203 - Set database path to: C:\Users\salem\.stmcufinder\plugins\mcufinder//mcu/cs/
2026-04-27 07:13:35,455 [INFO] MainPanel:272 - HeapMemory: 268435456
2026-04-27 07:13:35,508 [INFO] DbMcusXml:78 - Set database path to: C:\ST\STM32CubeIDE_1.18.1\STM32CubeIDE\plugins\com.st.stm32cube.common.mx_6.14.1.202504091515\\db\/mcu/
2026-04-27 07:13:35,508 [INFO] ApiDb:274 - Set plugin database path to: C:\ST\STM32CubeIDE_1.18.1\STM32CubeIDE\plugins\com.st.stm32cube.common.mx_6.14.1.202504091515\\db\/plugins/boardmanager/
2026-04-27 07:13:35,508 [INFO] ApiDb:261 - Set plugin images path to: C:\ST\STM32CubeIDE_1.18.1\STM32CubeIDE\plugins\com.st.stm32cube.common.mx_6.14.1.202504091515\\db\/plugins/mcufinder/images/
2026-04-27 07:13:35,508 [WARN] DbFile:41 - Overriding database path with different value: C:\Users\salem\.stmcufinder\plugins\mcufinder/ => C:\Users\salem\.stmcufinder\plugins\mcufinder
2026-04-27 07:13:35,508 [INFO] ApiDb:250 - Set database path to: C:\Users\salem\.stmcufinder\plugins\mcufinder//mcu/
2026-04-27 07:13:35,508 [WARN] DbFile:41 - Overriding database path with different value: C:\Users\salem\.stmcufinder\plugins\mcufinder/ => C:\Users\salem\.stmcufinder\plugins\mcufinder
2026-04-27 07:13:35,508 [INFO] DbMcusAds:125 - Set database path to: C:\Users\salem\.stmcufinder\plugins\mcufinder//mcu/
2026-04-27 07:13:35,508 [WARN] DbFile:41 - Overriding database path with different value: C:\Users\salem\.stmcufinder\plugins\mcufinder/ => C:\Users\salem\.stmcufinder\plugins\mcufinder
2026-04-27 07:13:35,508 [WARN] DbFile:41 - Overriding database path with different value: C:\Users\salem\.stmcufinder\plugins\mcufinder/ => C:\Users\salem\.stmcufinder\plugins\mcufinder
2026-04-27 07:13:35,508 [INFO] CrossReferenceDbSqlite:203 - Set database path to: C:\Users\salem\.stmcufinder\plugins\mcufinder//mcu/cs/
2026-04-27 07:13:35,521 [INFO] ApplicationProperties:184 - Using Application install path: C:\ST\STM32CubeIDE_1.18.1\STM32CubeIDE\plugins\com.st.stm32cube.common.mx_6.14.1.202504091515
2026-04-27 07:13:35,522 [INFO] PluginManage:196 - Search for loadable plugins [exclusion list=, ]
2026-04-27 07:13:35,523 [INFO] PluginManage:310 - Check plugin analytics
2026-04-27 07:13:40,325 [INFO] AnalyticsPlugin:253 - Accepted Software Licenses: STM32CubeMX.6.13.0
2026-04-27 07:13:40,325 [INFO] AnalyticsPlugin:255 - Accepted CMSIS Pack Licenses: 
2026-04-27 07:13:40,325 [INFO] AnalyticsPlugin:257 - Accepted Firmware Licenses: FW.F4.1.28.0,FW.C0.1.3.0,FW.C0.1.4.0
2026-04-27 07:13:40,327 [INFO] PluginManage:359 - Loaded plugin analytics (category:tool,tabindex:-1)
2026-04-27 07:13:40,328 [INFO] PluginManage:310 - Check plugin cadmodel
2026-04-27 07:13:40,330 [INFO] CADModel:105 - Init CAD model plugin
2026-04-27 07:13:40,330 [INFO] PluginManage:359 - Loaded plugin cadmodel (category:power,tabindex:5)
2026-04-27 07:13:40,330 [INFO] PluginManage:310 - Check plugin clock
2026-04-27 07:13:40,335 [INFO] PluginManage:359 - Loaded plugin clock (category:base,tabindex:2)
2026-04-27 07:13:40,335 [INFO] PluginManage:310 - Check plugin ddr
2026-04-27 07:13:40,337 [INFO] PluginManage:359 - Loaded plugin ddr (category:tool,tabindex:6)
2026-04-27 07:13:40,337 [INFO] PluginManage:310 - Check plugin filemanager
2026-04-27 07:13:40,444 [INFO] PluginManage:359 - Loaded plugin filemanager (category:base,tabindex:10)
2026-04-27 07:13:40,444 [INFO] PluginManage:310 - Check plugin ipmanager
2026-04-27 07:13:40,450 [INFO] PluginManage:359 - Loaded plugin ipmanager (category:base,tabindex:5)
2026-04-27 07:13:40,450 [INFO] PluginManage:310 - Check plugin lpbam
2026-04-27 07:13:40,457 [INFO] PluginManage:359 - Loaded plugin lpbam (category:base,tabindex:0)
2026-04-27 07:13:40,458 [INFO] PluginManage:310 - Check plugin memorymap
2026-04-27 07:13:40,467 [INFO] PluginManage:359 - Loaded plugin memorymap (category:base,tabindex:4)
2026-04-27 07:13:40,467 [INFO] PluginManage:310 - Check plugin pinoutandconfiguration
2026-04-27 07:13:40,472 [INFO] PluginManage:359 - Loaded plugin pinoutandconfiguration (category:base,tabindex:1)
2026-04-27 07:13:40,473 [INFO] PluginManage:310 - Check plugin pinoutconfig
2026-04-27 07:13:40,539 [WARN] SupportedApi:132 - Cannot load RTOS API schema: s4s-elt-must-match.1: The content of 'definitions' must match (annotation?, (simpleType | complexType)?, (unique | key | keyref)*)). A problem was found starting at: attribute.
2026-04-27 07:13:40,636 [INFO] PluginManage:359 - Loaded plugin pinoutconfig (category:base,tabindex:0)
2026-04-27 07:13:40,636 [INFO] PluginManage:310 - Check plugin power
2026-04-27 07:13:40,642 [INFO] PluginManage:359 - Loaded plugin power (category:power,tabindex:4)
2026-04-27 07:13:40,642 [INFO] PluginManage:310 - Check plugin projectmanager
2026-04-27 07:13:40,654 [INFO] PluginManage:359 - Loaded plugin projectmanager (category:projectmanager,tabindex:4)
2026-04-27 07:13:40,655 [INFO] PluginManage:310 - Check plugin rif
2026-04-27 07:13:40,659 [INFO] PluginManage:359 - Loaded plugin rif (category:base,tabindex:3)
2026-04-27 07:13:40,659 [INFO] PluginManage:310 - Check plugin thirdparty
2026-04-27 07:13:40,751 [WARN] IntegrityCheckThread:84 - waiting for thirdparty lock release [integrity check]
2026-04-27 07:13:40,752 [INFO] PluginManage:359 - Loaded plugin thirdparty (category:base,tabindex:-1)
2026-04-27 07:13:40,752 [INFO] IntegrityCheckThread:86 - entering critical section [integrity check]
2026-04-27 07:13:40,752 [INFO] PluginManage:310 - Check plugin tools
2026-04-27 07:13:40,752 [INFO] ThirdPartyUpdaterWithRetryManager:70 - Updater plugin not ready yet. [1/15]
2026-04-27 07:13:40,754 [INFO] PluginManage:359 - Loaded plugin tools (category:base,tabindex:7)
2026-04-27 07:13:40,754 [INFO] PluginManage:310 - Check plugin tutovideos
2026-04-27 07:13:40,861 [INFO] PluginManage:359 - Loaded plugin tutovideos (category:base,tabindex:-1)
2026-04-27 07:13:40,861 [INFO] PluginManage:310 - Check plugin updater
2026-04-27 07:13:40,876 [INFO] PluginManage:359 - Loaded plugin updater (category:base,tabindex:12)
2026-04-27 07:13:40,876 [INFO] PluginManage:310 - Check plugin userauth
2026-04-27 07:13:40,879 [INFO] UserAuth:118 - Init User Auth plugin
2026-04-27 07:13:40,879 [INFO] PluginManage:359 - Loaded plugin userauth (category:base,tabindex:14)
2026-04-27 07:13:40,880 [INFO] PluginManage:283 - PluginManage : Loaded plugins [18]
2026-04-27 07:13:41,022 [INFO] PinOutPanel:1589 - setPackage(No Configuration,No Configuration)
2026-04-27 07:13:41,082 [INFO] CADModel:165 - CPN selected for project level
2026-04-27 07:13:41,083 [INFO] CADModel:114 - Register for checkConnection events
2026-04-27 07:13:41,095 [INFO] IPUIPlugin:80 - create IPUIPlugin
2026-04-27 07:13:41,095 [INFO] PluginManager:220 - loadIPPluginJar : add adc
2026-04-27 07:13:41,097 [INFO] IPUIPlugin:80 - create IPUIPlugin
2026-04-27 07:13:41,097 [INFO] PluginManager:220 - loadIPPluginJar : add aes
2026-04-27 07:13:41,099 [INFO] IPUIPlugin:80 - create IPUIPlugin
2026-04-27 07:13:41,099 [INFO] PluginManager:220 - loadIPPluginJar : add can
2026-04-27 07:13:41,100 [INFO] IPUIPlugin:80 - create IPUIPlugin
2026-04-27 07:13:41,100 [INFO] PluginManager:220 - loadIPPluginJar : add comp
2026-04-27 07:13:41,102 [INFO] IPUIPlugin:80 - create IPUIPlugin
2026-04-27 07:13:41,102 [INFO] PluginManager:220 - loadIPPluginJar : add cryp
2026-04-27 07:13:41,104 [INFO] IPUIPlugin:80 - create IPUIPlugin
2026-04-27 07:13:41,104 [INFO] PluginManager:220 - loadIPPluginJar : add ddr_ctrl_phy
2026-04-27 07:13:41,105 [INFO] IPUIPlugin:80 - create IPUIPlugin
2026-04-27 07:13:41,105 [INFO] PluginManager:220 - loadIPPluginJar : add dfsdm
2026-04-27 07:13:41,109 [INFO] IPUIPlugin:80 - create IPUIPlugin
2026-04-27 07:13:41,110 [INFO] PluginManager:220 - loadIPPluginJar : add dma
2026-04-27 07:13:41,112 [INFO] IPUIPlugin:80 - create IPUIPlugin
2026-04-27 07:13:41,112 [INFO] PluginManager:220 - loadIPPluginJar : add dma3
2026-04-27 07:13:41,114 [INFO] IPUIPlugin:80 - create IPUIPlugin
2026-04-27 07:13:41,114 [INFO] PluginManager:220 - loadIPPluginJar : add extmemmanager
2026-04-27 07:13:41,115 [INFO] IPUIPlugin:80 - create IPUIPlugin
2026-04-27 07:13:41,115 [INFO] PluginManager:220 - loadIPPluginJar : add fatfs
2026-04-27 07:13:41,119 [INFO] IPUIPlugin:80 - create IPUIPlugin
2026-04-27 07:13:41,119 [INFO] PluginManager:220 - loadIPPluginJar : add fmc
2026-04-27 07:13:41,123 [INFO] IPUIPlugin:80 - create IPUIPlugin
2026-04-27 07:13:41,123 [INFO] PluginManager:220 - loadIPPluginJar : add freertos
2026-04-27 07:13:41,124 [INFO] IPUIPlugin:80 - create IPUIPlugin
2026-04-27 07:13:41,124 [INFO] PluginManager:220 - loadIPPluginJar : add genericplugin
2026-04-27 07:13:41,125 [INFO] IPUIPlugin:80 - create IPUIPlugin
2026-04-27 07:13:41,126 [INFO] PluginManager:220 - loadIPPluginJar : add gfxmmu
2026-04-27 07:13:41,129 [INFO] IPUIPlugin:80 - create IPUIPlugin
2026-04-27 07:13:41,129 [INFO] PluginManager:220 - loadIPPluginJar : add gic
2026-04-27 07:13:41,132 [INFO] IPUIPlugin:80 - create IPUIPlugin
2026-04-27 07:13:41,132 [INFO] PluginManager:220 - loadIPPluginJar : add gpio
2026-04-27 07:13:41,134 [INFO] IPUIPlugin:80 - create IPUIPlugin
2026-04-27 07:13:41,134 [INFO] PluginManager:220 - loadIPPluginJar : add gtzc
2026-04-27 07:13:41,135 [INFO] IPUIPlugin:80 - create IPUIPlugin
2026-04-27 07:13:41,136 [INFO] PluginManager:220 - loadIPPluginJar : add hash
2026-04-27 07:13:41,138 [INFO] IPUIPlugin:80 - create IPUIPlugin
2026-04-27 07:13:41,138 [INFO] PluginManager:220 - loadIPPluginJar : add i2c
2026-04-27 07:13:41,139 [INFO] IPUIPlugin:80 - create IPUIPlugin
2026-04-27 07:13:41,140 [INFO] PluginManager:220 - loadIPPluginJar : add i2s
2026-04-27 07:13:41,141 [INFO] IPUIPlugin:80 - create IPUIPlugin
2026-04-27 07:13:41,142 [INFO] PluginManager:220 - loadIPPluginJar : add i3c
2026-04-27 07:13:41,145 [INFO] IPUIPlugin:80 - create IPUIPlugin
2026-04-27 07:13:41,145 [INFO] PluginManager:220 - loadIPPluginJar : add ipddr
2026-04-27 07:13:41,151 [INFO] IPUIPlugin:80 - create IPUIPlugin
2026-04-27 07:13:41,151 [INFO] PluginManager:220 - loadIPPluginJar : add linkedlist
2026-04-27 07:13:41,153 [INFO] IPUIPlugin:80 - create IPUIPlugin
2026-04-27 07:13:41,153 [INFO] PluginManager:220 - loadIPPluginJar : add lorawan
2026-04-27 07:13:41,154 [INFO] IPUIPlugin:80 - create IPUIPlugin
2026-04-27 07:13:41,154 [INFO] PluginManager:220 - loadIPPluginJar : add ltdc
2026-04-27 07:13:41,158 [INFO] IPUIPlugin:80 - create IPUIPlugin
2026-04-27 07:13:41,158 [INFO] PluginManager:220 - loadIPPluginJar : add mdma
2026-04-27 07:13:41,161 [INFO] IPUIPlugin:80 - create IPUIPlugin
2026-04-27 07:13:41,161 [INFO] PluginManager:220 - loadIPPluginJar : add nvic
2026-04-27 07:13:41,163 [INFO] IPUIPlugin:80 - create IPUIPlugin
2026-04-27 07:13:41,163 [INFO] PluginManager:220 - loadIPPluginJar : add opamp
2026-04-27 07:13:41,166 [INFO] IPUIPlugin:80 - create IPUIPlugin
2026-04-27 07:13:41,166 [INFO] PluginManager:220 - loadIPPluginJar : add openamp
2026-04-27 07:13:41,168 [INFO] IPUIPlugin:80 - create IPUIPlugin
2026-04-27 07:13:41,168 [INFO] PluginManager:220 - loadIPPluginJar : add pdm2pcm
2026-04-27 07:13:41,172 [INFO] IPUIPlugin:80 - create IPUIPlugin
2026-04-27 07:13:41,175 [INFO] PluginManager:220 - loadIPPluginJar : add plateformsettings
2026-04-27 07:13:41,176 [INFO] IPUIPlugin:80 - create IPUIPlugin
2026-04-27 07:13:41,176 [INFO] PluginManager:220 - loadIPPluginJar : add quadspi
2026-04-27 07:13:41,178 [INFO] IPUIPlugin:80 - create IPUIPlugin
2026-04-27 07:13:41,178 [INFO] PluginManager:220 - loadIPPluginJar : add radio
2026-04-27 07:13:41,180 [INFO] IPUIPlugin:80 - create IPUIPlugin
2026-04-27 07:13:41,181 [INFO] PluginManager:220 - loadIPPluginJar : add resmgrutility
2026-04-27 07:13:41,183 [INFO] IPUIPlugin:80 - create IPUIPlugin
2026-04-27 07:13:41,183 [INFO] PluginManager:220 - loadIPPluginJar : add sai
2026-04-27 07:13:41,184 [INFO] IPUIPlugin:80 - create IPUIPlugin
2026-04-27 07:13:41,184 [INFO] PluginManager:220 - loadIPPluginJar : add spi
2026-04-27 07:13:41,188 [INFO] IPUIPlugin:80 - create IPUIPlugin
2026-04-27 07:13:41,189 [INFO] PluginManager:220 - loadIPPluginJar : add stm32_wpan
2026-04-27 07:13:41,190 [INFO] IPUIPlugin:80 - create IPUIPlugin
2026-04-27 07:13:41,190 [INFO] PluginManager:220 - loadIPPluginJar : add tim
2026-04-27 07:13:41,193 [INFO] IPUIPlugin:80 - create IPUIPlugin
2026-04-27 07:13:41,193 [INFO] PluginManager:220 - loadIPPluginJar : add touchsensing
2026-04-27 07:13:41,194 [INFO] IPUIPlugin:80 - create IPUIPlugin
2026-04-27 07:13:41,194 [INFO] PluginManager:220 - loadIPPluginJar : add tracer_emb
2026-04-27 07:13:41,196 [INFO] IPUIPlugin:80 - create IPUIPlugin
2026-04-27 07:13:41,196 [INFO] PluginManager:220 - loadIPPluginJar : add ts
2026-04-27 07:13:41,197 [INFO] IPUIPlugin:80 - create IPUIPlugin
2026-04-27 07:13:41,197 [INFO] PluginManager:220 - loadIPPluginJar : add tsc
2026-04-27 07:13:41,199 [INFO] IPUIPlugin:80 - create IPUIPlugin
2026-04-27 07:13:41,199 [INFO] PluginManager:220 - loadIPPluginJar : add ucpd
2026-04-27 07:13:41,202 [INFO] IPUIPlugin:80 - create IPUIPlugin
2026-04-27 07:13:41,202 [INFO] PluginManager:220 - loadIPPluginJar : add usart
2026-04-27 07:13:41,204 [INFO] IPUIPlugin:80 - create IPUIPlugin
2026-04-27 07:13:41,204 [INFO] PluginManager:220 - loadIPPluginJar : add usbx
2026-04-27 07:13:41,313 [FATAL] Updater:351 - Updater called before beeing initialized
2026-04-27 07:13:41,332 [INFO] RulesReader:64 - Compatibility file has been processed (302 Rules)
2026-04-27 07:13:41,340 [INFO] RulesReader:64 - Compatibility file has been processed (302 Rules)
2026-04-27 07:13:41,350 [INFO] CADModel:165 - CPN selected for project level
2026-04-27 07:13:41,350 [INFO] CADModel:114 - Register for checkConnection events
2026-04-27 07:13:41,350 [FATAL] Updater:351 - Updater called before beeing initialized
2026-04-27 07:13:41,350 [ERROR] CADModel:125 - Updater not yet initialized, retry later 
2026-04-27 07:13:41,451 [FATAL] Updater:351 - Updater called before beeing initialized
2026-04-27 07:13:41,452 [INFO] CADModel:165 - CPN selected for project level
2026-04-27 07:13:41,452 [INFO] CADModel:114 - Register for checkConnection events
2026-04-27 07:13:41,452 [FATAL] Updater:351 - Updater called before beeing initialized
2026-04-27 07:13:41,452 [ERROR] CADModel:125 - Updater not yet initialized, retry later 
2026-04-27 07:13:41,455 [FATAL] Updater:351 - Updater called before beeing initialized
2026-04-27 07:13:41,526 [FATAL] Updater:351 - Updater called before beeing initialized
2026-04-27 07:13:41,529 [INFO] DbMcusAds:53 - JSON generation date=Fri Apr 10 10:19:02 CET 2026 (1775812742310)
2026-04-27 07:13:41,529 [FATAL] Updater:351 - Updater called before beeing initialized
2026-04-27 07:13:41,551 [WARN] DetailPanel:346 - Failed to get advertising image, set to default
2026-04-27 07:13:41,710 [FATAL] Updater:351 - Updater called before beeing initialized
2026-04-27 07:13:41,711 [FATAL] Updater:351 - Updater called before beeing initialized
2026-04-27 07:13:41,711 [FATAL] Updater:351 - Updater called before beeing initialized
2026-04-27 07:13:41,712 [WARN] DetailPanel:346 - Failed to get advertising image, set to default
2026-04-27 07:13:41,713 [FATAL] Updater:351 - Updater called before beeing initialized
2026-04-27 07:13:41,747 [ERROR] Updater:1198 - MainUpdater not yet initialized. External WinMGr cannot be set.
2026-04-27 07:13:41,748 [INFO] Updater:1134 - Updater Version found : 6.14.1
2026-04-27 07:13:41,761 [INFO] ApplicationProperties:184 - Using Application install path: C:\ST\STM32CubeIDE_1.18.1\STM32CubeIDE\plugins\com.st.stm32cube.common.mx_6.14.1.202504091515
2026-04-27 07:13:42,305 [INFO] MainUpdater:2872 - connection check result : 10
2026-04-27 07:13:42,305 [INFO] MainUpdater:289 - Updater Check For Update Now.
2026-04-27 07:13:42,305 [INFO] MicroXplorer:498 - Change Database Version : DB.6.0.141
2026-04-27 07:13:42,311 [INFO] McuFinderGlobals:63 - Set McuFinder mode to 2 (CubeIDE integrated)
2026-04-27 07:13:42,311 [INFO] UserAuth:484 - Internet connection configuration mode: 1
2026-04-27 07:13:42,330 [INFO] JxBrowserEngine:152 - Initiate JxBrowser Engine with user profile folder
2026-04-27 07:13:42,477 [INFO] CheckServerUpdateThread:120 - End of CheckServer Thread
2026-04-27 07:13:42,768 [INFO] WebApp:169 - Instantiating new browser for Auth
2026-04-27 07:13:43,207 [INFO] WebApp:463 - Apply proxy settings
2026-04-27 07:13:43,207 [INFO] WebApp:548 - Chromium requires no authentication
2026-04-27 07:13:43,215 [INFO] WebApp:491 - Direct internet connection detected
2026-04-27 07:13:43,231 [INFO] WebApp:894 - Register for checkConnection events
2026-04-27 07:13:43,231 [INFO] WebApp:463 - Apply proxy settings
2026-04-27 07:13:43,231 [INFO] WebApp:548 - Chromium requires no authentication
2026-04-27 07:13:43,232 [INFO] WebApp:491 - Direct internet connection detected
2026-04-27 07:13:43,339 [INFO] WebApp:225 - Starting web application
2026-04-27 07:13:43,339 [INFO] WebApp:593 - Web application path used C:\ST\STM32CubeIDE_1.18.1\STM32CubeIDE\plugins\com.st.stm32cube.common.mx_6.14.1.202504091515\db\plugins\mcufinder\reactClient1\index.html
2026-04-27 07:13:43,401 [INFO] UserAuth:484 - Internet connection configuration mode: 1
2026-04-27 07:13:43,450 [ERROR] LogOutputStream:75 - [STDERR_REDIRECT] [Fatal Error] :1:1: Premature end of file.
2026-04-27 07:13:43,451 [ERROR] LogOutputStream:75 - [STDERR_REDIRECT] 
2026-04-27 07:13:43,942 [WARN] PackLoader:240 - Cannot read IP mode file for STMicroelectronics.X-CUBE-AZRTOS-H7.3.5.0
2026-04-27 07:13:43,952 [WARN] PackLoader:240 - Cannot read IP mode file for STMicroelectronics.FP-SNS-MOTENVWB1.1.4.0
2026-04-27 07:13:43,958 [WARN] PackLoader:240 - Cannot read IP mode file for STMicroelectronics.FP-ATR-ASTRA1.2.0.2
2026-04-27 07:13:43,961 [WARN] PackLoader:240 - Cannot read IP mode file for STMicroelectronics.FP-ATR-ASTRA1.2.0.1
2026-04-27 07:13:43,968 [WARN] PackLoader:240 - Cannot read IP mode file for STMicroelectronics.X-CUBE-SMBUS.2.1.0
2026-04-27 07:13:43,977 [WARN] PackLoader:240 - Cannot read IP mode file for STMicroelectronics.X-CUBE-WB05N.1.1.0
2026-04-27 07:13:43,982 [WARN] PackLoader:240 - Cannot read IP mode file for STMicroelectronics.X-CUBE-ST60.1.0.0
2026-04-27 07:13:43,982 [INFO] WebApp:191 - Connection restablished
2026-04-27 07:13:43,997 [WARN] PackLoader:240 - Cannot read IP mode file for STMicroelectronics.X-CUBE-AZRTOS-F7.1.1.0
2026-04-27 07:13:44,003 [WARN] PackLoader:240 - Cannot read IP mode file for Cesanta.I-CUBE-Mongoose.7.19.0
2026-04-27 07:13:44,032 [WARN] PackLoader:240 - Cannot read IP mode file for STMicroelectronics.X-CUBE-MEMS1.11.0.0
2026-04-27 07:13:44,112 [ERROR] Engine:466 - C:\Users\salem\.stm32cubemx\thirdparties\pdsc\STMicroelectronics.FP-SNS-MOTENV1.5.1.0.pdsc: PDSC version is not supported
2026-04-27 07:13:44,115 [ERROR] Engine:466 - C:\Users\salem\.stm32cubemx\thirdparties\pdsc\WES.I-CUBE-Cesium.1.4.0.pdsc: PDSC version is not supported
2026-04-27 07:13:44,119 [WARN] PackLoader:240 - Cannot read IP mode file for STMicroelectronics.FP-SNS-FLIGHT1.5.0.2
2026-04-27 07:13:44,157 [WARN] PackLoader:240 - Cannot read IP mode file for Infineon.AIROC-Wi-Fi-Bluetooth-STM32.1.7.0
2026-04-27 07:13:44,173 [WARN] PackLoader:240 - Cannot read IP mode file for Infineon.AIROC-Wi-Fi-Bluetooth-STM32.1.7.1
2026-04-27 07:13:44,188 [WARN] PackLoader:240 - Cannot read IP mode file for STMicroelectronics.X-CUBE-AZRTOS-H7.3.4.0
2026-04-27 07:13:44,193 [WARN] PackLoader:240 - Cannot read IP mode file for STMicroelectronics.X-CUBE-DISPLAY.3.0.0
2026-04-27 07:13:44,197 [ERROR] Engine:466 - C:\Users\salem\.stm32cubemx\thirdparties\pdsc\STMicroelectronics.FP-SNS-MOTENVWB1.1.5.0.pdsc: PDSC version is not supported
2026-04-27 07:13:44,200 [WARN] PackLoader:240 - Cannot read IP mode file for STMicroelectronics.X-CUBE-BLE1.7.0.0
2026-04-27 07:13:44,205 [WARN] PackLoader:240 - Cannot read IP mode file for STMicroelectronics.X-CUBE-NFC10.1.0.0
2026-04-27 07:13:44,211 [WARN] PackLoader:240 - Cannot read IP mode file for STMicroelectronics.X-CUBE-BLEMGR.4.0.0
2026-04-27 07:13:44,217 [WARN] PackLoader:240 - Cannot read IP mode file for STMicroelectronics.X-CUBE-ST60.1.1.0
2026-04-27 07:13:44,222 [WARN] PackLoader:240 - Cannot read IP mode file for emotas.I-CUBE-CANOPEN.1.3.0
2026-04-27 07:13:44,225 [WARN] PackLoader:240 - Cannot read IP mode file for STMicroelectronics.X-CUBE-GNSS1.7.1.0
2026-04-27 07:13:44,229 [WARN] PackLoader:240 - Cannot read IP mode file for STMicroelectronics.X-CUBE-AI.10.0.0
2026-04-27 07:13:44,231 [ERROR] Engine:466 - C:\Users\salem\.stm32cubemx\thirdparties\pdsc\STMicroelectronics.FP-SNS-STBOX1.2.1.0.pdsc: PDSC version is not supported
2026-04-27 07:13:44,234 [WARN] PackLoader:240 - Cannot read IP mode file for STMicroelectronics.FP-SNS-SMARTAG2.1.2.0
2026-04-27 07:13:44,237 [WARN] PackLoader:240 - Cannot read IP mode file for STMicroelectronics.FP-SNS-FLIGHT1.5.1.0
2026-04-27 07:13:44,265 [WARN] PackLoader:240 - Cannot read IP mode file for STMicroelectronics.X-CUBE-MEMS1.11.1.0
2026-04-27 07:13:44,319 [INFO] LogOutputStream:77 - [STDOUT_REDIRECT] 1 : Invalid condition id : UX_CORESTACK_Condition cause : null
2026-04-27 07:13:44,319 [INFO] LogOutputStream:77 - [STDOUT_REDIRECT] 1 : Invalid condition id : UX_CORESTACK_Condition cause : null
2026-04-27 07:13:44,319 [INFO] LogOutputStream:77 - [STDOUT_REDIRECT] 1 : Invalid condition id : UX_CORESTACK_Condition cause : null
2026-04-27 07:13:44,320 [INFO] LogOutputStream:77 - [STDOUT_REDIRECT] 1 : Invalid condition id : UX_CORESTACK_Condition cause : null
2026-04-27 07:13:44,320 [INFO] LogOutputStream:77 - [STDOUT_REDIRECT] 1 : Invalid condition id : UX_CORESTACK_Condition cause : null
2026-04-27 07:13:44,322 [WARN] PackLoader:240 - Cannot read IP mode file for STMicroelectronics.X-CUBE-AZRTOS-WL.2.0.0
2026-04-27 07:13:44,326 [WARN] PackLoader:240 - Cannot read IP mode file for STMicroelectronics.FP-SNS-MOTENV1.5.0.0
2026-04-27 07:13:44,335 [WARN] PackLoader:240 - Cannot read IP mode file for STMicroelectronics.X-CUBE-AZRTOS-H7RS.1.2.0
2026-04-27 07:13:44,339 [WARN] PackLoader:240 - Cannot read IP mode file for wolfSSL.I-CUBE-wolfMQTT.1.19.0
2026-04-27 07:13:44,344 [WARN] PackLoader:240 - Cannot read IP mode file for WES.I-CUBE-Cesium.1.3.0
2026-04-27 07:13:44,347 [WARN] PackLoader:240 - Cannot read IP mode file for STMicroelectronics.X-CUBE-BLE2.3.3.0
2026-04-27 07:13:44,373 [WARN] PackLoader:240 - Cannot read IP mode file for STMicroelectronics.X-CUBE-NFC9.1.0.0
2026-04-27 07:13:44,377 [WARN] PackLoader:240 - Cannot read IP mode file for wolfSSL.I-CUBE-wolfSSL.5.8.2
2026-04-27 07:13:44,380 [WARN] PackLoader:240 - Cannot read IP mode file for STMicroelectronics.X-CUBE-BLE1.7.1.0
2026-04-27 07:13:44,383 [WARN] PackLoader:240 - Cannot read IP mode file for wolfSSL.I-CUBE-wolfMQTT.1.19.2
2026-04-27 07:13:44,386 [ERROR] Engine:466 - C:\Users\salem\.stm32cubemx\thirdparties\pdsc\STMicroelectronics.X-CUBE-FREERTOS.1.4.0.pdsc: PDSC version is not supported
2026-04-27 07:13:44,389 [WARN] PackLoader:240 - Cannot read IP mode file for STMicroelectronics.X-CUBE-EEPRMA1.5.2.0
2026-04-27 07:13:44,392 [ERROR] Engine:466 - C:\Users\salem\.stm32cubemx\thirdparties\pdsc\STMicroelectronics.X-CUBE-ST67W61.1.1.0.pdsc: PDSC version is not supported
2026-04-27 07:13:44,394 [WARN] PackLoader:240 - Cannot read IP mode file for STMicroelectronics.X-CUBE-AI.10.1.0
2026-04-27 07:13:44,396 [ERROR] Engine:466 - C:\Users\salem\.stm32cubemx\thirdparties\pdsc\STMicroelectronics.FP-SNS-STAIOTCFT.1.1.0.pdsc: PDSC version is not supported
2026-04-27 07:13:44,420 [WARN] PackLoader:240 - Cannot read IP mode file for STMicroelectronics.X-CUBE-MEMS1.12.0.0
2026-04-27 07:13:44,453 [ERROR] LogOutputStream:75 - [STDERR_REDIRECT] [Fatal Error] :1:1: Premature end of file.
2026-04-27 07:13:44,454 [ERROR] LogOutputStream:75 - [STDERR_REDIRECT] 
2026-04-27 07:13:44,479 [WARN] PackLoader:240 - Cannot read IP mode file for STMicroelectronics.X-CUBE-MEMS1.11.2.0
2026-04-27 07:13:44,569 [WARN] PackLoader:240 - Cannot read IP mode file for STMicroelectronics.X-CUBE-AZRTOS-G0.1.1.0
2026-04-27 07:13:44,575 [WARN] PackLoader:240 - Cannot read IP mode file for STMicroelectronics.X-CUBE-SAFEA1.1.2.2
2026-04-27 07:13:44,579 [WARN] PackLoader:240 - Cannot read IP mode file for STMicroelectronics.X-CUBE-NFC4.3.0.0
2026-04-27 07:13:44,583 [WARN] PackLoader:240 - Cannot read IP mode file for EmbeddedOffice.I-CUBE-FS-RTOS.1.0.1
2026-04-27 07:13:44,586 [WARN] PackLoader:240 - Cannot read IP mode file for STMicroelectronics.X-CUBE-WB05N.2.0.0
2026-04-27 07:13:44,589 [WARN] PackLoader:240 - Cannot read IP mode file for wolfSSL.I-CUBE-wolfTPM.3.8.0
2026-04-27 07:13:44,592 [WARN] PackLoader:240 - Cannot read IP mode file for STMicroelectronics.X-CUBE-TCPP.4.2.0
2026-04-27 07:13:44,597 [WARN] PackLoader:240 - Cannot read IP mode file for RealThread.X-CUBE-RT-Thread_Nano.4.1.1
2026-04-27 07:13:44,599 [WARN] PackLoader:240 - Cannot read IP mode file for STMicroelectronics.FP-ATR-SIGFOX1.3.2.0
2026-04-27 07:13:44,603 [WARN] ConditionMgr:438 - getConditionDescription Invalid condition id : Cortex-A Device cause : null
2026-04-27 07:13:44,609 [WARN] ConditionMgr:1044 - genDependencies : Invalid condition id : Cortex-A Device cause : null
2026-04-27 07:13:44,609 [WARN] ConditionMgr:1044 - genDependencies : Invalid condition id : Cortex-A Device cause : null
2026-04-27 07:13:44,609 [WARN] ConditionMgr:1044 - genDependencies : Invalid condition id : Cortex-A Device cause : null
2026-04-27 07:13:44,612 [WARN] PackLoader:240 - Cannot read IP mode file for STMicroelectronics.X-CUBE-EEPRMA1.5.1.0
2026-04-27 07:13:44,614 [ERROR] Engine:466 - C:\Users\salem\.stm32cubemx\thirdparties\pdsc\STMicroelectronics.X-CUBE-FREERTOS.1.5.0.pdsc: PDSC version is not supported
2026-04-27 07:13:44,615 [WARN] PackLoader:240 - Cannot read IP mode file for wolfSSL.I-CUBE-wolfSSL.5.7.4
2026-04-27 07:13:44,618 [WARN] PackLoader:240 - Cannot read IP mode file for wolfSSL.I-CUBE-wolfSSL.5.7.6
2026-04-27 07:13:44,621 [WARN] PackLoader:240 - Cannot read IP mode file for ITTIA_DB.I-CUBE-ITTIADB.8.9.0
2026-04-27 07:13:44,625 [WARN] PackLoader:240 - Cannot read IP mode file for STMicroelectronics.X-CUBE-NFC6.3.2.0
2026-04-27 07:13:44,630 [WARN] PackLoader:240 - Cannot read IP mode file for STMicroelectronics.X-CUBE-ST67W61.1.0.0
2026-04-27 07:13:44,633 [WARN] PackLoader:240 - Cannot read IP mode file for STMicroelectronics.X-CUBE-AI.10.2.0
2026-04-27 07:13:44,651 [WARN] PackLoader:240 - Cannot read IP mode file for SEGGER.I-CUBE-embOS.1.3.1
2026-04-27 07:13:44,666 [WARN] PackLoader:240 - Cannot read IP mode file for STMicroelectronics.X-CUBE-ALGOBUILD.1.4.0
2026-04-27 07:13:44,684 [WARN] PackLoader:240 - Cannot read IP mode file for STMicroelectronics.X-CUBE-MEMS1.11.3.0
2026-04-27 07:13:44,746 [WARN] PackLoader:240 - Cannot read IP mode file for STMicroelectronics.X-CUBE-AI.9.1.0
2026-04-27 07:13:44,750 [WARN] PackLoader:240 - Cannot read IP mode file for STMicroelectronics.X-CUBE-PM33A1.1.0.0
2026-04-27 07:13:44,757 [WARN] PackLoader:240 - Cannot read IP mode file for STMicroelectronics.X-CUBE-AZRTOS-F4.1.1.0
2026-04-27 07:13:44,760 [WARN] PackLoader:240 - Cannot read IP mode file for Avnet-IotConnect.X-CUBE-IoTC-DA16k-PMOD.1.0.0
2026-04-27 07:13:44,763 [WARN] PackLoader:240 - Cannot read IP mode file for STMicroelectronics.X-CUBE-ISPU.2.1.0
2026-04-27 07:13:44,766 [ERROR] Engine:466 - C:\Users\salem\.stm32cubemx\thirdparties\pdsc\STMicroelectronics.X-CUBE-IPS.3.2.0.pdsc: PDSC version is not supported
2026-04-27 07:13:44,769 [WARN] PackLoader:240 - Cannot read IP mode file for STMicroelectronics.eDS-WB_DPC_TT-BIDIR.2.1.1
2026-04-27 07:13:44,772 [WARN] PackLoader:240 - Cannot read IP mode file for STMicroelectronics.X-CUBE-NFC12.1.0.0
2026-04-27 07:13:44,780 [WARN] PackLoader:240 - Cannot read IP mode file for STMicroelectronics.X-CUBE-AZRTOS-L5.2.0.0
2026-04-27 07:13:44,785 [WARN] PackLoader:240 - Cannot read IP mode file for STMicroelectronics.X-CUBE-NFC6.3.1.0
2026-04-27 07:13:44,790 [WARN] PackLoader:240 - Cannot read IP mode file for STMicroelectronics.X-CUBE-DPower.1.2.0
2026-04-27 07:13:44,793 [WARN] PackLoader:240 - Cannot read IP mode file for STMicroelectronics.eDS-WB_DPC_VIENNA.1.2.0
2026-04-27 07:13:44,796 [WARN] PackLoader:240 - Cannot read IP mode file for STMicroelectronics.eDS-WB_DPC_3PH2L-BIDIR.1.1.1
2026-04-27 07:13:44,797 [ERROR] Engine:466 - C:\Users\salem\.stm32cubemx\thirdparties\pdsc\STMicroelectronics.X-CUBE-ST67W61.1.3.0.pdsc: PDSC version is not supported
2026-04-27 07:13:44,800 [WARN] PackLoader:240 - Cannot read IP mode file for STMicroelectronics.X-CUBE-FREERTOS.1.3.1
2026-04-27 07:13:44,803 [WARN] PackLoader:240 - Cannot read IP mode file for STMicroelectronics.X-CUBE-FREERTOS.1.3.0
2026-04-27 07:13:44,806 [WARN] PackLoader:240 - Cannot read IP mode file for STMicroelectronics.X-CUBE-NFC7.1.0.1
2026-04-27 07:13:44,812 [WARN] PackLoader:240 - Cannot read IP mode file for STMicroelectronics.X-CUBE-TOUCHGFX.4.26.0
2026-04-27 07:13:44,814 [WARN] PackLoader:240 - Cannot read IP mode file for STMicroelectronics.X-CUBE-TOUCHGFX.4.26.1
2026-04-27 07:13:44,817 [WARN] PackLoader:240 - Cannot read IP mode file for STMicroelectronics.FP-SNS-STAIOTCFT.1.0.0
2026-04-27 07:13:44,820 [WARN] PackLoader:240 - Cannot read IP mode file for STMicroelectronics.X-CUBE-DPower.1.3.0
2026-04-27 07:13:44,827 [WARN] ConditionMgr:438 - getConditionDescription Invalid condition id : LAN8742 Phy interface Condition cause : null
2026-04-27 07:13:44,828 [WARN] PackLoader:240 - Cannot read IP mode file for STMicroelectronics.X-CUBE-AZRTOS-L4.2.0.0
2026-04-27 07:13:44,828 [WARN] ConditionMgr:1044 - genDependencies : Invalid condition id : LAN8742 Phy interface Condition cause : null
2026-04-27 07:13:44,829 [WARN] ConditionMgr:1044 - genDependencies : Invalid condition id : LAN8742 Phy interface Condition cause : null
2026-04-27 07:13:44,829 [WARN] ConditionMgr:1044 - genDependencies : Invalid condition id : LAN8742 Phy interface Condition cause : null
2026-04-27 07:13:44,833 [WARN] PackLoader:240 - Cannot read IP mode file for STMicroelectronics.X-CUBE-SFXS2LP1.4.0.0
2026-04-27 07:13:44,836 [WARN] PackLoader:240 - Cannot read IP mode file for STMicroelectronics.X-CUBE-WB05N.2.1.0
2026-04-27 07:13:44,839 [ERROR] Engine:466 - C:\Users\salem\.stm32cubemx\thirdparties\pdsc\STMicroelectronics.X-CUBE-ST67W61.1.2.0.pdsc: PDSC version is not supported
2026-04-27 07:13:44,848 [WARN] PackLoader:240 - Cannot read IP mode file for STMicroelectronics.X-CUBE-AZRTOS-H7.3.3.0
2026-04-27 07:13:44,854 [WARN] PackLoader:240 - Cannot read IP mode file for STMicroelectronics.X-CUBE-BLEMGR.4.1.0
2026-04-27 07:13:44,867 [WARN] PackLoader:240 - Cannot read IP mode file for STMicroelectronics.X-CUBE-IPS.3.0.0
2026-04-27 07:13:44,878 [WARN] ConditionMgr:438 - getConditionDescription Invalid condition id : UX DEVICE CLASS RTOS Condition cause : null
2026-04-27 07:13:44,878 [WARN] ConditionMgr:438 - getConditionDescription Invalid condition id : UX DEVICE CLASS RTOS Condition cause : null
2026-04-27 07:13:44,880 [WARN] PackLoader:240 - Cannot read IP mode file for STMicroelectronics.X-CUBE-AZRTOS-WB.2.0.0
2026-04-27 07:13:44,880 [WARN] ConditionMgr:1044 - genDependencies : Invalid condition id : UX DEVICE CLASS RTOS Condition cause : null
2026-04-27 07:13:44,880 [WARN] ConditionMgr:1044 - genDependencies : Invalid condition id : UX DEVICE CLASS RTOS Condition cause : null
2026-04-27 07:13:44,880 [WARN] ConditionMgr:1044 - genDependencies : Invalid condition id : UX DEVICE CLASS RTOS Condition cause : null
2026-04-27 07:13:44,881 [WARN] ConditionMgr:1044 - genDependencies : Invalid condition id : UX DEVICE CLASS RTOS Condition cause : null
2026-04-27 07:13:44,881 [WARN] ConditionMgr:1044 - genDependencies : Invalid condition id : UX DEVICE CLASS RTOS Condition cause : null
2026-04-27 07:13:44,885 [WARN] PackLoader:240 - Cannot read IP mode file for STMicroelectronics.X-CUBE-GNSS1.7.0.0
2026-04-27 07:13:44,889 [WARN] PackLoader:240 - Cannot read IP mode file for STMicroelectronics.X-CUBE-GNSS1.7.0.1
2026-04-27 07:13:44,900 [WARN] PackLoader:240 - Cannot read IP mode file for STMicroelectronics.X-CUBE-TOUCHGFX.4.25.0
2026-04-27 07:13:44,905 [WARN] PackLoader:240 - Cannot read IP mode file for STMicroelectronics.FP-SNS-STBOX1.2.0.0
2026-04-27 07:13:44,908 [WARN] ConditionMgr:438 - getConditionDescription Invalid condition id : Cortex-A Device cause : null
2026-04-27 07:13:44,914 [WARN] ConditionMgr:1044 - genDependencies : Invalid condition id : Cortex-A Device cause : null
2026-04-27 07:13:44,914 [WARN] ConditionMgr:1044 - genDependencies : Invalid condition id : Cortex-A Device cause : null
2026-04-27 07:13:44,914 [WARN] ConditionMgr:1044 - genDependencies : Invalid condition id : Cortex-A Device cause : null
2026-04-27 07:13:44,919 [WARN] PackLoader:240 - Cannot read IP mode file for STMicroelectronics.X-CUBE-STSE01.2.0.0
2026-04-27 07:13:44,924 [WARN] PackLoader:240 - Cannot read IP mode file for STMicroelectronics.X-CUBE-SUBG2.5.0.0
2026-04-27 07:13:44,934 [WARN] PackLoader:240 - Cannot read IP mode file for STMicroelectronics.X-CUBE-AZRTOS-H7RS.1.1.0
2026-04-27 07:13:44,937 [WARN] PackLoader:240 - Cannot read IP mode file for Cesanta.I-CUBE-Mongoose.7.13.0
2026-04-27 07:13:44,943 [WARN] PackLoader:240 - Cannot read IP mode file for STMicroelectronics.X-CUBE-AZRTOS-G4.2.0.0
2026-04-27 07:13:44,946 [WARN] PackLoader:240 - Cannot read IP mode file for wolfSSL.I-CUBE-wolfSSH.1.4.20
2026-04-27 07:13:44,949 [WARN] PackLoader:240 - Cannot read IP mode file for STMicroelectronics.X-CUBE-NFC7.2.0.0
2026-04-27 07:13:44,954 [WARN] PackLoader:240 - Cannot read IP mode file for STMicroelectronics.X-CUBE-IPS.3.1.0
2026-04-27 07:13:44,959 [WARN] PackLoader:240 - Cannot read IP mode file for STMicroelectronics.X-CUBE-ALS.1.0.2
2026-04-27 07:13:44,961 [WARN] PackLoader:240 - Cannot read IP mode file for STMicroelectronics.X-CUBE-TOUCHGFX.4.24.2
2026-04-27 07:13:44,962 [WARN] PackLoader:240 - Cannot read IP mode file for STMicroelectronics.X-CUBE-TOUCHGFX.4.24.1
2026-04-27 07:13:44,965 [WARN] PackLoader:240 - Cannot read IP mode file for STMicroelectronics.X-CUBE-STSE01.1.0.0
2026-04-27 07:13:44,967 [WARN] PackLoader:240 - Cannot read IP mode file for wolfSSL.I-CUBE-wolfTPM.3.4.0
2026-04-27 07:13:44,971 [WARN] PackLoader:240 - Cannot read IP mode file for portGmbH.I-Cube-SoM-uGOAL.1.1.0
2026-04-27 07:13:44,978 [WARN] PackLoader:240 - Cannot read IP mode file for STMicroelectronics.X-CUBE-AZRTOS-H7RS.1.0.0
2026-04-27 07:13:44,983 [WARN] PackLoader:240 - Cannot read IP mode file for STMicroelectronics.X-CUBE-TOF1.3.4.2
2026-04-27 07:13:44,991 [WARN] PackLoader:240 - Cannot read IP mode file for STMicroelectronics.X-CUBE-TOF1.3.4.3
2026-04-27 07:13:44,997 [WARN] PackLoader:240 - Cannot read IP mode file for wolfSSL.I-CUBE-wolfSSH.1.4.17
2026-04-27 07:13:44,998 [INFO] ThirdParty:978 - Integrity check success = true
2026-04-27 07:13:44,998 [INFO] IntegrityCheckThread:100 - exiting critical section [integrity check]
2026-04-27 07:13:44,998 [INFO] IntegrityCheckThread:103 - End integrity checks thread
2026-04-27 07:13:45,438 [ERROR] LogOutputStream:75 - [STDERR_REDIRECT] [Fatal Error] :1:1: Premature end of file.
2026-04-27 07:13:45,438 [ERROR] LogOutputStream:75 - [STDERR_REDIRECT] 
2026-04-27 07:13:46,439 [ERROR] LogOutputStream:75 - [STDERR_REDIRECT] [Fatal Error] :1:1: Premature end of file.
2026-04-27 07:13:46,439 [ERROR] LogOutputStream:75 - [STDERR_REDIRECT] 
2026-04-27 07:13:47,439 [ERROR] LogOutputStream:75 - [STDERR_REDIRECT] [Fatal Error] :1:1: Premature end of file.
2026-04-27 07:13:47,439 [ERROR] LogOutputStream:75 - [STDERR_REDIRECT] 
2026-04-27 07:13:48,439 [ERROR] LogOutputStream:75 - [STDERR_REDIRECT] [Fatal Error] :1:1: Premature end of file.
2026-04-27 07:13:48,439 [ERROR] LogOutputStream:75 - [STDERR_REDIRECT] 
2026-04-27 07:13:49,439 [ERROR] LogOutputStream:75 - [STDERR_REDIRECT] [Fatal Error] :1:1: Premature end of file.
2026-04-27 07:13:49,439 [ERROR] LogOutputStream:75 - [STDERR_REDIRECT] 
2026-04-27 07:13:50,439 [ERROR] LogOutputStream:75 - [STDERR_REDIRECT] [Fatal Error] :1:1: Premature end of file.
2026-04-27 07:13:50,439 [ERROR] LogOutputStream:75 - [STDERR_REDIRECT] 
2026-04-27 07:13:51,440 [ERROR] LogOutputStream:75 - [STDERR_REDIRECT] [Fatal Error] :1:1: Premature end of file.
2026-04-27 07:13:51,441 [ERROR] LogOutputStream:75 - [STDERR_REDIRECT] 
2026-04-27 07:13:52,442 [ERROR] LogOutputStream:75 - [STDERR_REDIRECT] [Fatal Error] :1:1: Premature end of file.
2026-04-27 07:13:52,442 [ERROR] LogOutputStream:75 - [STDERR_REDIRECT] 
2026-04-27 07:13:53,439 [ERROR] LogOutputStream:75 - [STDERR_REDIRECT] [Fatal Error] :1:1: Premature end of file.
2026-04-27 07:13:53,439 [ERROR] LogOutputStream:75 - [STDERR_REDIRECT] 
2026-04-27 07:13:54,439 [ERROR] LogOutputStream:75 - [STDERR_REDIRECT] [Fatal Error] :1:1: Premature end of file.
2026-04-27 07:13:54,439 [ERROR] LogOutputStream:75 - [STDERR_REDIRECT] 
2026-04-27 07:13:55,443 [ERROR] LogOutputStream:75 - [STDERR_REDIRECT] [Fatal Error] :1:1: Premature end of file.
2026-04-27 07:13:55,443 [ERROR] LogOutputStream:75 - [STDERR_REDIRECT] 
2026-04-27 07:13:56,438 [ERROR] LogOutputStream:75 - [STDERR_REDIRECT] [Fatal Error] :1:1: Premature end of file.
2026-04-27 07:13:56,438 [ERROR] LogOutputStream:75 - [STDERR_REDIRECT] 
2026-04-27 07:13:57,438 [ERROR] LogOutputStream:75 - [STDERR_REDIRECT] [Fatal Error] :1:1: Premature end of file.
2026-04-27 07:13:57,438 [ERROR] LogOutputStream:75 - [STDERR_REDIRECT] 
2026-04-27 07:13:58,439 [ERROR] LogOutputStream:75 - [STDERR_REDIRECT] [Fatal Error] :1:1: Premature end of file.
2026-04-27 07:13:58,439 [ERROR] LogOutputStream:75 - [STDERR_REDIRECT] 
2026-04-27 07:13:59,441 [ERROR] LogOutputStream:75 - [STDERR_REDIRECT] [Fatal Error] :1:1: Premature end of file.
2026-04-27 07:13:59,441 [ERROR] LogOutputStream:75 - [STDERR_REDIRECT] 
2026-04-27 07:14:00,441 [ERROR] LogOutputStream:75 - [STDERR_REDIRECT] [Fatal Error] :1:1: Premature end of file.
2026-04-27 07:14:00,441 [ERROR] LogOutputStream:75 - [STDERR_REDIRECT] 
2026-04-27 07:14:01,439 [ERROR] LogOutputStream:75 - [STDERR_REDIRECT] [Fatal Error] :1:1: Premature end of file.
2026-04-27 07:14:01,440 [ERROR] LogOutputStream:75 - [STDERR_REDIRECT] 
2026-04-27 07:14:02,443 [ERROR] LogOutputStream:75 - [STDERR_REDIRECT] [Fatal Error] :1:1: Premature end of file.
2026-04-27 07:14:02,444 [ERROR] LogOutputStream:75 - [STDERR_REDIRECT] 
2026-04-27 07:14:03,439 [ERROR] LogOutputStream:75 - [STDERR_REDIRECT] [Fatal Error] :1:1: Premature end of file.
2026-04-27 07:14:03,440 [ERROR] LogOutputStream:75 - [STDERR_REDIRECT] 
2026-04-27 07:14:04,443 [ERROR] LogOutputStream:75 - [STDERR_REDIRECT] [Fatal Error] :1:1: Premature end of file.
2026-04-27 07:14:04,444 [ERROR] LogOutputStream:75 - [STDERR_REDIRECT] 
2026-04-27 07:14:05,444 [ERROR] LogOutputStream:75 - [STDERR_REDIRECT] [Fatal Error] :1:1: Premature end of file.
2026-04-27 07:14:05,444 [ERROR] LogOutputStream:75 - [STDERR_REDIRECT] 
2026-04-27 07:14:06,440 [ERROR] LogOutputStream:75 - [STDERR_REDIRECT] [Fatal Error] :1:1: Premature end of file.
2026-04-27 07:14:06,440 [ERROR] LogOutputStream:75 - [STDERR_REDIRECT] 
2026-04-27 07:14:07,438 [ERROR] LogOutputStream:75 - [STDERR_REDIRECT] [Fatal Error] :1:1: Premature end of file.
2026-04-27 07:14:07,438 [ERROR] LogOutputStream:75 - [STDERR_REDIRECT] 
2026-04-27 07:14:08,437 [ERROR] LogOutputStream:75 - [STDERR_REDIRECT] [Fatal Error] :1:1: Premature end of file.
2026-04-27 07:14:08,437 [ERROR] LogOutputStream:75 - [STDERR_REDIRECT] 
2026-04-27 07:14:09,438 [ERROR] LogOutputStream:75 - [STDERR_REDIRECT] [Fatal Error] :1:1: Premature end of file.
2026-04-27 07:14:09,438 [ERROR] LogOutputStream:75 - [STDERR_REDIRECT] 
2026-04-27 07:14:10,442 [ERROR] LogOutputStream:75 - [STDERR_REDIRECT] [Fatal Error] :1:1: Premature end of file.
2026-04-27 07:14:10,442 [ERROR] LogOutputStream:75 - [STDERR_REDIRECT] 
2026-04-27 07:14:11,441 [ERROR] LogOutputStream:75 - [STDERR_REDIRECT] [Fatal Error] :1:1: Premature end of file.
2026-04-27 07:14:11,441 [ERROR] LogOutputStream:75 - [STDERR_REDIRECT] 
2026-04-27 07:14:12,439 [ERROR] LogOutputStream:75 - [STDERR_REDIRECT] [Fatal Error] :1:1: Premature end of file.
2026-04-27 07:14:12,439 [ERROR] LogOutputStream:75 - [STDERR_REDIRECT] 
2026-04-27 07:14:13,440 [ERROR] LogOutputStream:75 - [STDERR_REDIRECT] [Fatal Error] :1:1: Premature end of file.
2026-04-27 07:14:13,440 [ERROR] LogOutputStream:75 - [STDERR_REDIRECT] 
2026-04-27 07:14:14,439 [ERROR] LogOutputStream:75 - [STDERR_REDIRECT] [Fatal Error] :1:1: Premature end of file.
2026-04-27 07:14:14,439 [ERROR] LogOutputStream:75 - [STDERR_REDIRECT] 
2026-04-27 07:14:15,439 [ERROR] LogOutputStream:75 - [STDERR_REDIRECT] [Fatal Error] :1:1: Premature end of file.
2026-04-27 07:14:15,439 [ERROR] LogOutputStream:75 - [STDERR_REDIRECT] 
2026-04-27 07:14:16,438 [ERROR] LogOutputStream:75 - [STDERR_REDIRECT] [Fatal Error] :1:1: Premature end of file.
2026-04-27 07:14:16,438 [ERROR] LogOutputStream:75 - [STDERR_REDIRECT] 
2026-04-27 07:14:17,442 [ERROR] LogOutputStream:75 - [STDERR_REDIRECT] [Fatal Error] :1:1: Premature end of file.
2026-04-27 07:14:17,442 [ERROR] LogOutputStream:75 - [STDERR_REDIRECT] 
2026-04-27 07:14:18,439 [ERROR] LogOutputStream:75 - [STDERR_REDIRECT] [Fatal Error] :1:1: Premature end of file.
2026-04-27 07:14:18,440 [ERROR] LogOutputStream:75 - [STDERR_REDIRECT] 
2026-04-27 07:14:19,439 [ERROR] LogOutputStream:75 - [STDERR_REDIRECT] [Fatal Error] :1:1: Premature end of file.
2026-04-27 07:14:19,440 [ERROR] LogOutputStream:75 - [STDERR_REDIRECT] 
2026-04-27 07:14:20,438 [ERROR] LogOutputStream:75 - [STDERR_REDIRECT] [Fatal Error] :1:1: Premature end of file.
2026-04-27 07:14:20,439 [ERROR] LogOutputStream:75 - [STDERR_REDIRECT] 
2026-04-27 07:14:21,440 [ERROR] LogOutputStream:75 - [STDERR_REDIRECT] [Fatal Error] :1:1: Premature end of file.
2026-04-27 07:14:21,441 [ERROR] LogOutputStream:75 - [STDERR_REDIRECT] 
2026-04-27 07:14:22,438 [ERROR] LogOutputStream:75 - [STDERR_REDIRECT] [Fatal Error] :1:1: Premature end of file.
2026-04-27 07:14:22,438 [ERROR] LogOutputStream:75 - [STDERR_REDIRECT] 
2026-04-27 07:14:23,439 [ERROR] LogOutputStream:75 - [STDERR_REDIRECT] [Fatal Error] :1:1: Premature end of file.
2026-04-27 07:14:23,439 [ERROR] LogOutputStream:75 - [STDERR_REDIRECT] 
2026-04-27 07:14:24,439 [ERROR] LogOutputStream:75 - [STDERR_REDIRECT] [Fatal Error] :1:1: Premature end of file.
2026-04-27 07:14:24,439 [ERROR] LogOutputStream:75 - [STDERR_REDIRECT] 
2026-04-27 07:14:25,438 [ERROR] LogOutputStream:75 - [STDERR_REDIRECT] [Fatal Error] :1:1: Premature end of file.
2026-04-27 07:14:25,438 [ERROR] LogOutputStream:75 - [STDERR_REDIRECT] 
2026-04-27 07:14:26,442 [ERROR] LogOutputStream:75 - [STDERR_REDIRECT] [Fatal Error] :1:1: Premature end of file.
2026-04-27 07:14:26,442 [ERROR] LogOutputStream:75 - [STDERR_REDIRECT] 
2026-04-27 07:14:27,437 [ERROR] LogOutputStream:75 - [STDERR_REDIRECT] [Fatal Error] :1:1: Premature end of file.
2026-04-27 07:14:27,437 [ERROR] LogOutputStream:75 - [STDERR_REDIRECT] 
2026-04-27 07:14:28,439 [ERROR] LogOutputStream:75 - [STDERR_REDIRECT] [Fatal Error] :1:1: Premature end of file.
2026-04-27 07:14:28,439 [ERROR] LogOutputStream:75 - [STDERR_REDIRECT] 
2026-04-27 07:14:29,440 [ERROR] LogOutputStream:75 - [STDERR_REDIRECT] [Fatal Error] :1:1: Premature end of file.
2026-04-27 07:14:29,440 [ERROR] LogOutputStream:75 - [STDERR_REDIRECT] 
2026-04-27 07:14:30,439 [ERROR] LogOutputStream:75 - [STDERR_REDIRECT] [Fatal Error] :1:1: Premature end of file.
2026-04-27 07:14:30,440 [ERROR] LogOutputStream:75 - [STDERR_REDIRECT] 
2026-04-27 07:14:31,439 [ERROR] LogOutputStream:75 - [STDERR_REDIRECT] [Fatal Error] :1:1: Premature end of file.
2026-04-27 07:14:31,439 [ERROR] LogOutputStream:75 - [STDERR_REDIRECT] 
2026-04-27 07:14:32,449 [ERROR] LogOutputStream:75 - [STDERR_REDIRECT] [Fatal Error] :1:1: Premature end of file.
2026-04-27 07:14:32,450 [ERROR] LogOutputStream:75 - [STDERR_REDIRECT] 
2026-04-27 07:14:33,440 [ERROR] LogOutputStream:75 - [STDERR_REDIRECT] [Fatal Error] :1:1: Premature end of file.
2026-04-27 07:14:33,440 [ERROR] LogOutputStream:75 - [STDERR_REDIRECT] 
2026-04-27 07:14:34,440 [ERROR] LogOutputStream:75 - [STDERR_REDIRECT] [Fatal Error] :1:1: Premature end of file.
2026-04-27 07:14:34,440 [ERROR] LogOutputStream:75 - [STDERR_REDIRECT] 
2026-04-27 07:14:35,442 [ERROR] LogOutputStream:75 - [STDERR_REDIRECT] [Fatal Error] :1:1: Premature end of file.
2026-04-27 07:14:35,442 [ERROR] LogOutputStream:75 - [STDERR_REDIRECT] 
2026-04-27 07:14:36,446 [ERROR] LogOutputStream:75 - [STDERR_REDIRECT] [Fatal Error] :1:1: Premature end of file.
2026-04-27 07:14:36,446 [ERROR] LogOutputStream:75 - [STDERR_REDIRECT] 
2026-04-27 07:14:37,453 [ERROR] LogOutputStream:75 - [STDERR_REDIRECT] [Fatal Error] :1:1: Premature end of file.
2026-04-27 07:14:37,453 [ERROR] LogOutputStream:75 - [STDERR_REDIRECT] 
2026-04-27 07:14:38,441 [ERROR] LogOutputStream:75 - [STDERR_REDIRECT] [Fatal Error] :1:1: Premature end of file.
2026-04-27 07:14:38,441 [ERROR] LogOutputStream:75 - [STDERR_REDIRECT] 
2026-04-27 07:14:39,438 [ERROR] LogOutputStream:75 - [STDERR_REDIRECT] [Fatal Error] :1:1: Premature end of file.
2026-04-27 07:14:39,438 [ERROR] LogOutputStream:75 - [STDERR_REDIRECT] 
2026-04-27 07:14:40,441 [ERROR] LogOutputStream:75 - [STDERR_REDIRECT] [Fatal Error] :1:1: Premature end of file.
2026-04-27 07:14:40,441 [ERROR] LogOutputStream:75 - [STDERR_REDIRECT] 
2026-04-27 07:14:41,444 [ERROR] LogOutputStream:75 - [STDERR_REDIRECT] [Fatal Error] :1:1: Premature end of file.
2026-04-27 07:14:41,444 [ERROR] LogOutputStream:75 - [STDERR_REDIRECT] 
2026-04-27 07:14:42,442 [ERROR] LogOutputStream:75 - [STDERR_REDIRECT] [Fatal Error] :1:1: Premature end of file.
2026-04-27 07:14:42,442 [ERROR] LogOutputStream:75 - [STDERR_REDIRECT] 
2026-04-27 07:14:43,442 [ERROR] LogOutputStream:75 - [STDERR_REDIRECT] [Fatal Error] :1:1: Premature end of file.
2026-04-27 07:14:43,442 [ERROR] LogOutputStream:75 - [STDERR_REDIRECT] 
2026-04-27 07:14:44,445 [ERROR] LogOutputStream:75 - [STDERR_REDIRECT] [Fatal Error] :1:1: Premature end of file.
2026-04-27 07:14:44,445 [ERROR] LogOutputStream:75 - [STDERR_REDIRECT] 
2026-04-27 07:14:45,452 [ERROR] LogOutputStream:75 - [STDERR_REDIRECT] [Fatal Error] :1:1: Premature end of file.
2026-04-27 07:14:45,452 [ERROR] LogOutputStream:75 - [STDERR_REDIRECT] 
2026-04-27 07:14:46,444 [ERROR] LogOutputStream:75 - [STDERR_REDIRECT] [Fatal Error] :1:1: Premature end of file.
2026-04-27 07:14:46,444 [ERROR] LogOutputStream:75 - [STDERR_REDIRECT] 
2026-04-27 07:14:47,447 [ERROR] LogOutputStream:75 - [STDERR_REDIRECT] [Fatal Error] :1:1: Premature end of file.
2026-04-27 07:14:47,447 [ERROR] LogOutputStream:75 - [STDERR_REDIRECT] 
2026-04-27 07:14:48,440 [ERROR] LogOutputStream:75 - [STDERR_REDIRECT] [Fatal Error] :1:1: Premature end of file.
2026-04-27 07:14:48,503 [ERROR] LogOutputStream:75 - [STDERR_REDIRECT] 
2026-04-27 07:14:49,444 [ERROR] LogOutputStream:75 - [STDERR_REDIRECT] [Fatal Error] :1:1: Premature end of file.
2026-04-27 07:14:49,444 [ERROR] LogOutputStream:75 - [STDERR_REDIRECT] 
2026-04-27 07:14:50,445 [ERROR] LogOutputStream:75 - [STDERR_REDIRECT] [Fatal Error] :1:1: Premature end of file.
2026-04-27 07:14:50,445 [ERROR] LogOutputStream:75 - [STDERR_REDIRECT] 
2026-04-27 07:14:51,448 [ERROR] LogOutputStream:75 - [STDERR_REDIRECT] [Fatal Error] :1:1: Premature end of file.
2026-04-27 07:14:51,448 [ERROR] LogOutputStream:75 - [STDERR_REDIRECT] 
2026-04-27 07:14:52,440 [ERROR] LogOutputStream:75 - [STDERR_REDIRECT] [Fatal Error] :1:1: Premature end of file.
2026-04-27 07:14:52,440 [ERROR] LogOutputStream:75 - [STDERR_REDIRECT] 
2026-04-27 07:14:53,438 [ERROR] LogOutputStream:75 - [STDERR_REDIRECT] [Fatal Error] :1:1: Premature end of file.
2026-04-27 07:14:53,438 [ERROR] LogOutputStream:75 - [STDERR_REDIRECT] 
2026-04-27 07:14:54,447 [ERROR] LogOutputStream:75 - [STDERR_REDIRECT] [Fatal Error] :1:1: Premature end of file.
2026-04-27 07:14:54,447 [ERROR] LogOutputStream:75 - [STDERR_REDIRECT] 
2026-04-27 07:14:55,437 [ERROR] LogOutputStream:75 - [STDERR_REDIRECT] [Fatal Error] :1:1: Premature end of file.
2026-04-27 07:14:55,437 [ERROR] LogOutputStream:75 - [STDERR_REDIRECT] 
2026-04-27 07:14:56,442 [ERROR] LogOutputStream:75 - [STDERR_REDIRECT] [Fatal Error] :1:1: Premature end of file.
2026-04-27 07:14:56,445 [ERROR] LogOutputStream:75 - [STDERR_REDIRECT] 
2026-04-27 07:14:57,443 [ERROR] LogOutputStream:75 - [STDERR_REDIRECT] [Fatal Error] :1:1: Premature end of file.
2026-04-27 07:14:57,443 [ERROR] LogOutputStream:75 - [STDERR_REDIRECT] 
2026-04-27 07:14:58,448 [ERROR] LogOutputStream:75 - [STDERR_REDIRECT] [Fatal Error] :1:1: Premature end of file.
2026-04-27 07:14:58,448 [ERROR] LogOutputStream:75 - [STDERR_REDIRECT] 
2026-04-27 07:14:59,439 [ERROR] LogOutputStream:75 - [STDERR_REDIRECT] [Fatal Error] :1:1: Premature end of file.
2026-04-27 07:14:59,446 [ERROR] LogOutputStream:75 - [STDERR_REDIRECT] 
2026-04-27 07:15:00,446 [ERROR] LogOutputStream:75 - [STDERR_REDIRECT] [Fatal Error] :1:1: Premature end of file.
2026-04-27 07:15:00,446 [ERROR] LogOutputStream:75 - [STDERR_REDIRECT] 
2026-04-27 07:15:01,442 [ERROR] LogOutputStream:75 - [STDERR_REDIRECT] [Fatal Error] :1:1: Premature end of file.
2026-04-27 07:15:01,442 [ERROR] LogOutputStream:75 - [STDERR_REDIRECT] 
2026-04-27 07:15:02,443 [ERROR] LogOutputStream:75 - [STDERR_REDIRECT] [Fatal Error] :1:1: Premature end of file.
2026-04-27 07:15:02,443 [ERROR] LogOutputStream:75 - [STDERR_REDIRECT] 
2026-04-27 07:15:03,453 [ERROR] LogOutputStream:75 - [STDERR_REDIRECT] [Fatal Error] :1:1: Premature end of file.
2026-04-27 07:15:03,453 [ERROR] LogOutputStream:75 - [STDERR_REDIRECT] 
2026-04-27 07:15:04,452 [ERROR] LogOutputStream:75 - [STDERR_REDIRECT] [Fatal Error] :1:1: Premature end of file.
2026-04-27 07:15:04,452 [ERROR] LogOutputStream:75 - [STDERR_REDIRECT] 
2026-04-27 07:15:05,445 [ERROR] LogOutputStream:75 - [STDERR_REDIRECT] [Fatal Error] :1:1: Premature end of file.
2026-04-27 07:15:05,445 [ERROR] LogOutputStream:75 - [STDERR_REDIRECT] 
2026-04-27 07:15:06,451 [ERROR] LogOutputStream:75 - [STDERR_REDIRECT] [Fatal Error] :1:1: Premature end of file.
2026-04-27 07:15:06,451 [ERROR] LogOutputStream:75 - [STDERR_REDIRECT] 
2026-04-27 07:15:07,452 [ERROR] LogOutputStream:75 - [STDERR_REDIRECT] [Fatal Error] :1:1: Premature end of file.
2026-04-27 07:15:07,452 [ERROR] LogOutputStream:75 - [STDERR_REDIRECT] 
2026-04-27 07:15:08,443 [ERROR] LogOutputStream:75 - [STDERR_REDIRECT] [Fatal Error] :1:1: Premature end of file.
2026-04-27 07:15:08,443 [ERROR] LogOutputStream:75 - [STDERR_REDIRECT] 
2026-04-27 07:15:09,444 [ERROR] LogOutputStream:75 - [STDERR_REDIRECT] [Fatal Error] :1:1: Premature end of file.
2026-04-27 07:15:09,444 [ERROR] LogOutputStream:75 - [STDERR_REDIRECT] 
2026-04-27 07:15:10,444 [ERROR] LogOutputStream:75 - [STDERR_REDIRECT] [Fatal Error] :1:1: Premature end of file.
2026-04-27 07:15:10,444 [ERROR] LogOutputStream:75 - [STDERR_REDIRECT] 
2026-04-27 07:15:11,442 [ERROR] LogOutputStream:75 - [STDERR_REDIRECT] [Fatal Error] :1:1: Premature end of file.
2026-04-27 07:15:11,442 [ERROR] LogOutputStream:75 - [STDERR_REDIRECT] 
2026-04-27 07:15:12,448 [ERROR] LogOutputStream:75 - [STDERR_REDIRECT] [Fatal Error] :1:1: Premature end of file.
2026-04-27 07:15:12,448 [ERROR] LogOutputStream:75 - [STDERR_REDIRECT] 
2026-04-27 07:15:13,444 [ERROR] LogOutputStream:75 - [STDERR_REDIRECT] [Fatal Error] :1:1: Premature end of file.
2026-04-27 07:15:13,444 [ERROR] LogOutputStream:75 - [STDERR_REDIRECT] 
2026-04-27 07:15:14,452 [ERROR] LogOutputStream:75 - [STDERR_REDIRECT] [Fatal Error] :1:1: Premature end of file.
2026-04-27 07:15:14,452 [ERROR] LogOutputStream:75 - [STDERR_REDIRECT] 
2026-04-27 07:15:15,444 [ERROR] LogOutputStream:75 - [STDERR_REDIRECT] [Fatal Error] :1:1: Premature end of file.
2026-04-27 07:15:15,444 [ERROR] LogOutputStream:75 - [STDERR_REDIRECT] 
2026-04-27 07:15:16,448 [ERROR] LogOutputStream:75 - [STDERR_REDIRECT] [Fatal Error] :1:1: Premature end of file.
2026-04-27 07:15:16,448 [ERROR] LogOutputStream:75 - [STDERR_REDIRECT] 
2026-04-27 07:15:17,454 [ERROR] LogOutputStream:75 - [STDERR_REDIRECT] [Fatal Error] :1:1: Premature end of file.
2026-04-27 07:15:17,454 [ERROR] LogOutputStream:75 - [STDERR_REDIRECT] 
2026-04-27 07:15:18,453 [ERROR] LogOutputStream:75 - [STDERR_REDIRECT] [Fatal Error] :1:1: Premature end of file.
2026-04-27 07:15:18,453 [ERROR] LogOutputStream:75 - [STDERR_REDIRECT] 
2026-04-27 07:15:19,438 [ERROR] LogOutputStream:75 - [STDERR_REDIRECT] [Fatal Error] :1:1: Premature end of file.
2026-04-27 07:15:19,438 [ERROR] LogOutputStream:75 - [STDERR_REDIRECT] 
2026-04-27 07:15:20,444 [ERROR] LogOutputStream:75 - [STDERR_REDIRECT] [Fatal Error] :1:1: Premature end of file.
2026-04-27 07:15:20,444 [ERROR] LogOutputStream:75 - [STDERR_REDIRECT] 
2026-04-27 07:15:21,443 [ERROR] LogOutputStream:75 - [STDERR_REDIRECT] [Fatal Error] :1:1: Premature end of file.
2026-04-27 07:15:21,444 [ERROR] LogOutputStream:75 - [STDERR_REDIRECT] 
2026-04-27 07:15:22,437 [ERROR] LogOutputStream:75 - [STDERR_REDIRECT] [Fatal Error] :1:1: Premature end of file.
2026-04-27 07:15:22,437 [ERROR] LogOutputStream:75 - [STDERR_REDIRECT] 
2026-04-27 07:15:23,437 [ERROR] LogOutputStream:75 - [STDERR_REDIRECT] [Fatal Error] :1:1: Premature end of file.
2026-04-27 07:15:23,437 [ERROR] LogOutputStream:75 - [STDERR_REDIRECT] 
2026-04-27 07:15:24,440 [ERROR] LogOutputStream:75 - [STDERR_REDIRECT] [Fatal Error] :1:1: Premature end of file.
2026-04-27 07:15:24,440 [ERROR] LogOutputStream:75 - [STDERR_REDIRECT] 
2026-04-27 07:15:25,456 [ERROR] LogOutputStream:75 - [STDERR_REDIRECT] [Fatal Error] :1:1: Premature end of file.
2026-04-27 07:15:25,456 [ERROR] LogOutputStream:75 - [STDERR_REDIRECT] 
2026-04-27 07:15:25,603 [ERROR] LogOutputStream:75 - [STDERR_REDIRECT] 
