2026-05-07 10:51:45,817 [INFO] Activator:176 - 


2026-05-07 10:51:45,817 [INFO] Activator:177 - !SESSION log4j initialized
2026-05-07 10:51:49,829 [INFO] LogOutputStream:77 - [STDOUT_REDIRECT] 
2026-05-07 10:51:56,613 [INFO] ApplicationProperties:184 - Using Application install path: C:\ST\STM32CubeIDE_1.18.1\STM32CubeIDE\plugins\com.st.stm32cube.common.mx_6.14.1.202504091515
2026-05-07 10:51:56,625 [INFO] DbMcusXml:78 - Set database path to: C:\ST\STM32CubeIDE_1.18.1\STM32CubeIDE\plugins\com.st.stm32cube.common.mx_6.14.1.202504091515\\db\/mcu/
2026-05-07 10:51:56,625 [INFO] ApiDb:274 - Set plugin database path to: C:\ST\STM32CubeIDE_1.18.1\STM32CubeIDE\plugins\com.st.stm32cube.common.mx_6.14.1.202504091515\\db\/plugins/boardmanager/
2026-05-07 10:51:56,629 [WARN] ApiDb:259 - Overriding images path with different value:  => C:\ST\STM32CubeIDE_1.18.1\STM32CubeIDE\plugins\com.st.stm32cube.common.mx_6.14.1.202504091515\\db\/plugins/mcufinder/images/
2026-05-07 10:51:56,632 [INFO] ApiDb:250 - Set database path to: C:\Users\salem\.stmcufinder\plugins\mcufinder//mcu/
2026-05-07 10:51:56,633 [INFO] DbMcusAds:125 - Set database path to: C:\Users\salem\.stmcufinder\plugins\mcufinder//mcu/
2026-05-07 10:51:56,634 [INFO] CrossReferenceDbSqlite:203 - Set database path to: C:\Users\salem\.stmcufinder\plugins\mcufinder//mcu/cs/
2026-05-07 10:51:56,716 [INFO] RulesReader:64 - Compatibility file has been processed (302 Rules)
2026-05-07 10:51:56,767 [INFO] DbMcusXml:78 - Set database path to: C:\ST\STM32CubeIDE_1.18.1\STM32CubeIDE\plugins\com.st.stm32cube.common.mx_6.14.1.202504091515\\db\/mcu/
2026-05-07 10:51:56,767 [INFO] ApiDb:274 - Set plugin database path to: C:\ST\STM32CubeIDE_1.18.1\STM32CubeIDE\plugins\com.st.stm32cube.common.mx_6.14.1.202504091515\\db\/plugins/boardmanager/
2026-05-07 10:51:56,767 [INFO] ApiDb:261 - Set plugin images path to: C:\ST\STM32CubeIDE_1.18.1\STM32CubeIDE\plugins\com.st.stm32cube.common.mx_6.14.1.202504091515\\db\/plugins/mcufinder/images/
2026-05-07 10:51:56,768 [WARN] DbFile:41 - Overriding database path with different value: C:\Users\salem\.stmcufinder\plugins\mcufinder/ => C:\Users\salem\.stmcufinder\plugins\mcufinder
2026-05-07 10:51:56,768 [INFO] ApiDb:250 - Set database path to: C:\Users\salem\.stmcufinder\plugins\mcufinder//mcu/
2026-05-07 10:51:56,768 [WARN] DbFile:41 - Overriding database path with different value: C:\Users\salem\.stmcufinder\plugins\mcufinder/ => C:\Users\salem\.stmcufinder\plugins\mcufinder
2026-05-07 10:51:56,768 [INFO] DbMcusAds:125 - Set database path to: C:\Users\salem\.stmcufinder\plugins\mcufinder//mcu/
2026-05-07 10:51:56,768 [WARN] DbFile:41 - Overriding database path with different value: C:\Users\salem\.stmcufinder\plugins\mcufinder/ => C:\Users\salem\.stmcufinder\plugins\mcufinder
2026-05-07 10:51:56,768 [WARN] DbFile:41 - Overriding database path with different value: C:\Users\salem\.stmcufinder\plugins\mcufinder/ => C:\Users\salem\.stmcufinder\plugins\mcufinder
2026-05-07 10:51:56,768 [INFO] CrossReferenceDbSqlite:203 - Set database path to: C:\Users\salem\.stmcufinder\plugins\mcufinder//mcu/cs/
2026-05-07 10:51:56,819 [INFO] MainPanel:272 - HeapMemory: 268435456
2026-05-07 10:51:56,872 [INFO] DbMcusXml:78 - Set database path to: C:\ST\STM32CubeIDE_1.18.1\STM32CubeIDE\plugins\com.st.stm32cube.common.mx_6.14.1.202504091515\\db\/mcu/
2026-05-07 10:51:56,872 [INFO] ApiDb:274 - Set plugin database path to: C:\ST\STM32CubeIDE_1.18.1\STM32CubeIDE\plugins\com.st.stm32cube.common.mx_6.14.1.202504091515\\db\/plugins/boardmanager/
2026-05-07 10:51:56,872 [INFO] ApiDb:261 - Set plugin images path to: C:\ST\STM32CubeIDE_1.18.1\STM32CubeIDE\plugins\com.st.stm32cube.common.mx_6.14.1.202504091515\\db\/plugins/mcufinder/images/
2026-05-07 10:51:56,873 [WARN] DbFile:41 - Overriding database path with different value: C:\Users\salem\.stmcufinder\plugins\mcufinder/ => C:\Users\salem\.stmcufinder\plugins\mcufinder
2026-05-07 10:51:56,873 [INFO] ApiDb:250 - Set database path to: C:\Users\salem\.stmcufinder\plugins\mcufinder//mcu/
2026-05-07 10:51:56,873 [WARN] DbFile:41 - Overriding database path with different value: C:\Users\salem\.stmcufinder\plugins\mcufinder/ => C:\Users\salem\.stmcufinder\plugins\mcufinder
2026-05-07 10:51:56,873 [INFO] DbMcusAds:125 - Set database path to: C:\Users\salem\.stmcufinder\plugins\mcufinder//mcu/
2026-05-07 10:51:56,873 [WARN] DbFile:41 - Overriding database path with different value: C:\Users\salem\.stmcufinder\plugins\mcufinder/ => C:\Users\salem\.stmcufinder\plugins\mcufinder
2026-05-07 10:51:56,873 [WARN] DbFile:41 - Overriding database path with different value: C:\Users\salem\.stmcufinder\plugins\mcufinder/ => C:\Users\salem\.stmcufinder\plugins\mcufinder
2026-05-07 10:51:56,873 [INFO] CrossReferenceDbSqlite:203 - Set database path to: C:\Users\salem\.stmcufinder\plugins\mcufinder//mcu/cs/
2026-05-07 10:51:56,886 [INFO] ApplicationProperties:184 - Using Application install path: C:\ST\STM32CubeIDE_1.18.1\STM32CubeIDE\plugins\com.st.stm32cube.common.mx_6.14.1.202504091515
2026-05-07 10:51:56,887 [INFO] PluginManage:196 - Search for loadable plugins [exclusion list=, ]
2026-05-07 10:51:56,888 [INFO] PluginManage:310 - Check plugin analytics
2026-05-07 10:51:57,508 [ERROR] ConfigurationRetriever:142 - IOException on connection: Connect timed out
2026-05-07 10:51:59,509 [ERROR] ConfigurationRetriever:142 - IOException on connection: Connect timed out
2026-05-07 10:52:01,512 [ERROR] ConfigurationRetriever:142 - IOException on connection: Connect timed out
2026-05-07 10:52:02,085 [INFO] AnalyticsPlugin:253 - Accepted Software Licenses: STM32CubeMX.6.13.0
2026-05-07 10:52:02,085 [INFO] AnalyticsPlugin:255 - Accepted CMSIS Pack Licenses: 
2026-05-07 10:52:02,085 [INFO] AnalyticsPlugin:257 - Accepted Firmware Licenses: FW.F4.1.28.0,FW.C0.1.3.0,FW.C0.1.4.0
2026-05-07 10:52:02,088 [INFO] PluginManage:359 - Loaded plugin analytics (category:tool,tabindex:-1)
2026-05-07 10:52:02,088 [INFO] PluginManage:310 - Check plugin cadmodel
2026-05-07 10:52:02,091 [INFO] CADModel:105 - Init CAD model plugin
2026-05-07 10:52:02,091 [INFO] PluginManage:359 - Loaded plugin cadmodel (category:power,tabindex:5)
2026-05-07 10:52:02,091 [INFO] PluginManage:310 - Check plugin clock
2026-05-07 10:52:02,098 [INFO] PluginManage:359 - Loaded plugin clock (category:base,tabindex:2)
2026-05-07 10:52:02,098 [INFO] PluginManage:310 - Check plugin ddr
2026-05-07 10:52:02,100 [INFO] PluginManage:359 - Loaded plugin ddr (category:tool,tabindex:6)
2026-05-07 10:52:02,100 [INFO] PluginManage:310 - Check plugin filemanager
2026-05-07 10:52:02,213 [INFO] PluginManage:359 - Loaded plugin filemanager (category:base,tabindex:10)
2026-05-07 10:52:02,214 [INFO] PluginManage:310 - Check plugin ipmanager
2026-05-07 10:52:02,219 [INFO] PluginManage:359 - Loaded plugin ipmanager (category:base,tabindex:5)
2026-05-07 10:52:02,219 [INFO] PluginManage:310 - Check plugin lpbam
2026-05-07 10:52:02,225 [INFO] PluginManage:359 - Loaded plugin lpbam (category:base,tabindex:0)
2026-05-07 10:52:02,225 [INFO] PluginManage:310 - Check plugin memorymap
2026-05-07 10:52:02,232 [INFO] PluginManage:359 - Loaded plugin memorymap (category:base,tabindex:4)
2026-05-07 10:52:02,232 [INFO] PluginManage:310 - Check plugin pinoutandconfiguration
2026-05-07 10:52:02,237 [INFO] PluginManage:359 - Loaded plugin pinoutandconfiguration (category:base,tabindex:1)
2026-05-07 10:52:02,237 [INFO] PluginManage:310 - Check plugin pinoutconfig
2026-05-07 10:52:02,307 [WARN] SupportedApi:132 - Cannot load RTOS API schema: s4s-elt-must-match.1: The content of 'definitions' must match (annotation?, (simpleType | complexType)?, (unique | key | keyref)*)). A problem was found starting at: attribute.
2026-05-07 10:52:02,414 [INFO] PluginManage:359 - Loaded plugin pinoutconfig (category:base,tabindex:0)
2026-05-07 10:52:02,414 [INFO] PluginManage:310 - Check plugin power
2026-05-07 10:52:02,421 [INFO] PluginManage:359 - Loaded plugin power (category:power,tabindex:4)
2026-05-07 10:52:02,421 [INFO] PluginManage:310 - Check plugin projectmanager
2026-05-07 10:52:02,435 [INFO] PluginManage:359 - Loaded plugin projectmanager (category:projectmanager,tabindex:4)
2026-05-07 10:52:02,435 [INFO] PluginManage:310 - Check plugin rif
2026-05-07 10:52:02,440 [INFO] PluginManage:359 - Loaded plugin rif (category:base,tabindex:3)
2026-05-07 10:52:02,440 [INFO] PluginManage:310 - Check plugin thirdparty
2026-05-07 10:52:02,549 [INFO] PluginManage:359 - Loaded plugin thirdparty (category:base,tabindex:-1)
2026-05-07 10:52:02,549 [WARN] IntegrityCheckThread:84 - waiting for thirdparty lock release [integrity check]
2026-05-07 10:52:02,550 [INFO] PluginManage:310 - Check plugin tools
2026-05-07 10:52:02,550 [INFO] IntegrityCheckThread:86 - entering critical section [integrity check]
2026-05-07 10:52:02,550 [INFO] ThirdPartyUpdaterWithRetryManager:70 - Updater plugin not ready yet. [1/15]
2026-05-07 10:52:02,552 [INFO] PluginManage:359 - Loaded plugin tools (category:base,tabindex:7)
2026-05-07 10:52:02,552 [INFO] PluginManage:310 - Check plugin tutovideos
2026-05-07 10:52:02,675 [INFO] PluginManage:359 - Loaded plugin tutovideos (category:base,tabindex:-1)
2026-05-07 10:52:02,675 [INFO] PluginManage:310 - Check plugin updater
2026-05-07 10:52:02,689 [INFO] PluginManage:359 - Loaded plugin updater (category:base,tabindex:12)
2026-05-07 10:52:02,689 [INFO] PluginManage:310 - Check plugin userauth
2026-05-07 10:52:02,693 [INFO] UserAuth:118 - Init User Auth plugin
2026-05-07 10:52:02,693 [INFO] PluginManage:359 - Loaded plugin userauth (category:base,tabindex:14)
2026-05-07 10:52:02,695 [INFO] PluginManage:283 - PluginManage : Loaded plugins [18]
2026-05-07 10:52:02,841 [INFO] PinOutPanel:1589 - setPackage(No Configuration,No Configuration)
2026-05-07 10:52:02,901 [INFO] CADModel:165 - CPN selected for project level
2026-05-07 10:52:02,902 [INFO] CADModel:114 - Register for checkConnection events
2026-05-07 10:52:02,914 [INFO] IPUIPlugin:80 - create IPUIPlugin
2026-05-07 10:52:02,914 [INFO] PluginManager:220 - loadIPPluginJar : add adc
2026-05-07 10:52:02,916 [INFO] IPUIPlugin:80 - create IPUIPlugin
2026-05-07 10:52:02,917 [INFO] PluginManager:220 - loadIPPluginJar : add aes
2026-05-07 10:52:02,918 [INFO] IPUIPlugin:80 - create IPUIPlugin
2026-05-07 10:52:02,918 [INFO] PluginManager:220 - loadIPPluginJar : add can
2026-05-07 10:52:02,920 [INFO] IPUIPlugin:80 - create IPUIPlugin
2026-05-07 10:52:02,920 [INFO] PluginManager:220 - loadIPPluginJar : add comp
2026-05-07 10:52:02,923 [INFO] IPUIPlugin:80 - create IPUIPlugin
2026-05-07 10:52:02,923 [INFO] PluginManager:220 - loadIPPluginJar : add cryp
2026-05-07 10:52:02,925 [INFO] IPUIPlugin:80 - create IPUIPlugin
2026-05-07 10:52:02,925 [INFO] PluginManager:220 - loadIPPluginJar : add ddr_ctrl_phy
2026-05-07 10:52:02,927 [INFO] IPUIPlugin:80 - create IPUIPlugin
2026-05-07 10:52:02,927 [INFO] PluginManager:220 - loadIPPluginJar : add dfsdm
2026-05-07 10:52:02,932 [INFO] IPUIPlugin:80 - create IPUIPlugin
2026-05-07 10:52:02,932 [INFO] PluginManager:220 - loadIPPluginJar : add dma
2026-05-07 10:52:02,934 [INFO] IPUIPlugin:80 - create IPUIPlugin
2026-05-07 10:52:02,934 [INFO] PluginManager:220 - loadIPPluginJar : add dma3
2026-05-07 10:52:02,936 [INFO] IPUIPlugin:80 - create IPUIPlugin
2026-05-07 10:52:02,936 [INFO] PluginManager:220 - loadIPPluginJar : add extmemmanager
2026-05-07 10:52:02,937 [INFO] IPUIPlugin:80 - create IPUIPlugin
2026-05-07 10:52:02,937 [INFO] PluginManager:220 - loadIPPluginJar : add fatfs
2026-05-07 10:52:02,941 [INFO] IPUIPlugin:80 - create IPUIPlugin
2026-05-07 10:52:02,941 [INFO] PluginManager:220 - loadIPPluginJar : add fmc
2026-05-07 10:52:02,945 [INFO] IPUIPlugin:80 - create IPUIPlugin
2026-05-07 10:52:02,945 [INFO] PluginManager:220 - loadIPPluginJar : add freertos
2026-05-07 10:52:02,946 [INFO] IPUIPlugin:80 - create IPUIPlugin
2026-05-07 10:52:02,946 [INFO] PluginManager:220 - loadIPPluginJar : add genericplugin
2026-05-07 10:52:02,947 [INFO] IPUIPlugin:80 - create IPUIPlugin
2026-05-07 10:52:02,947 [INFO] PluginManager:220 - loadIPPluginJar : add gfxmmu
2026-05-07 10:52:02,950 [INFO] IPUIPlugin:80 - create IPUIPlugin
2026-05-07 10:52:02,950 [INFO] PluginManager:220 - loadIPPluginJar : add gic
2026-05-07 10:52:02,953 [INFO] IPUIPlugin:80 - create IPUIPlugin
2026-05-07 10:52:02,953 [INFO] PluginManager:220 - loadIPPluginJar : add gpio
2026-05-07 10:52:02,955 [INFO] IPUIPlugin:80 - create IPUIPlugin
2026-05-07 10:52:02,955 [INFO] PluginManager:220 - loadIPPluginJar : add gtzc
2026-05-07 10:52:02,957 [INFO] IPUIPlugin:80 - create IPUIPlugin
2026-05-07 10:52:02,957 [INFO] PluginManager:220 - loadIPPluginJar : add hash
2026-05-07 10:52:02,959 [INFO] IPUIPlugin:80 - create IPUIPlugin
2026-05-07 10:52:02,959 [INFO] PluginManager:220 - loadIPPluginJar : add i2c
2026-05-07 10:52:02,961 [INFO] IPUIPlugin:80 - create IPUIPlugin
2026-05-07 10:52:02,961 [INFO] PluginManager:220 - loadIPPluginJar : add i2s
2026-05-07 10:52:02,963 [INFO] IPUIPlugin:80 - create IPUIPlugin
2026-05-07 10:52:02,963 [INFO] PluginManager:220 - loadIPPluginJar : add i3c
2026-05-07 10:52:02,966 [INFO] IPUIPlugin:80 - create IPUIPlugin
2026-05-07 10:52:02,966 [INFO] PluginManager:220 - loadIPPluginJar : add ipddr
2026-05-07 10:52:02,971 [INFO] IPUIPlugin:80 - create IPUIPlugin
2026-05-07 10:52:02,971 [INFO] PluginManager:220 - loadIPPluginJar : add linkedlist
2026-05-07 10:52:02,974 [INFO] IPUIPlugin:80 - create IPUIPlugin
2026-05-07 10:52:02,974 [INFO] PluginManager:220 - loadIPPluginJar : add lorawan
2026-05-07 10:52:02,975 [INFO] IPUIPlugin:80 - create IPUIPlugin
2026-05-07 10:52:02,975 [INFO] PluginManager:220 - loadIPPluginJar : add ltdc
2026-05-07 10:52:02,980 [INFO] IPUIPlugin:80 - create IPUIPlugin
2026-05-07 10:52:02,980 [INFO] PluginManager:220 - loadIPPluginJar : add mdma
2026-05-07 10:52:02,982 [INFO] IPUIPlugin:80 - create IPUIPlugin
2026-05-07 10:52:02,983 [INFO] PluginManager:220 - loadIPPluginJar : add nvic
2026-05-07 10:52:02,985 [INFO] IPUIPlugin:80 - create IPUIPlugin
2026-05-07 10:52:02,985 [INFO] PluginManager:220 - loadIPPluginJar : add opamp
2026-05-07 10:52:02,987 [INFO] IPUIPlugin:80 - create IPUIPlugin
2026-05-07 10:52:02,987 [INFO] PluginManager:220 - loadIPPluginJar : add openamp
2026-05-07 10:52:02,990 [INFO] IPUIPlugin:80 - create IPUIPlugin
2026-05-07 10:52:02,990 [INFO] PluginManager:220 - loadIPPluginJar : add pdm2pcm
2026-05-07 10:52:02,995 [INFO] IPUIPlugin:80 - create IPUIPlugin
2026-05-07 10:52:02,997 [INFO] PluginManager:220 - loadIPPluginJar : add plateformsettings
2026-05-07 10:52:02,999 [INFO] IPUIPlugin:80 - create IPUIPlugin
2026-05-07 10:52:02,999 [INFO] PluginManager:220 - loadIPPluginJar : add quadspi
2026-05-07 10:52:03,000 [INFO] IPUIPlugin:80 - create IPUIPlugin
2026-05-07 10:52:03,000 [INFO] PluginManager:220 - loadIPPluginJar : add radio
2026-05-07 10:52:03,002 [INFO] IPUIPlugin:80 - create IPUIPlugin
2026-05-07 10:52:03,003 [INFO] PluginManager:220 - loadIPPluginJar : add resmgrutility
2026-05-07 10:52:03,005 [INFO] IPUIPlugin:80 - create IPUIPlugin
2026-05-07 10:52:03,005 [INFO] PluginManager:220 - loadIPPluginJar : add sai
2026-05-07 10:52:03,007 [INFO] IPUIPlugin:80 - create IPUIPlugin
2026-05-07 10:52:03,008 [INFO] PluginManager:220 - loadIPPluginJar : add spi
2026-05-07 10:52:03,012 [INFO] IPUIPlugin:80 - create IPUIPlugin
2026-05-07 10:52:03,013 [INFO] PluginManager:220 - loadIPPluginJar : add stm32_wpan
2026-05-07 10:52:03,014 [INFO] IPUIPlugin:80 - create IPUIPlugin
2026-05-07 10:52:03,014 [INFO] PluginManager:220 - loadIPPluginJar : add tim
2026-05-07 10:52:03,017 [INFO] IPUIPlugin:80 - create IPUIPlugin
2026-05-07 10:52:03,017 [INFO] PluginManager:220 - loadIPPluginJar : add touchsensing
2026-05-07 10:52:03,019 [INFO] IPUIPlugin:80 - create IPUIPlugin
2026-05-07 10:52:03,019 [INFO] PluginManager:220 - loadIPPluginJar : add tracer_emb
2026-05-07 10:52:03,021 [INFO] IPUIPlugin:80 - create IPUIPlugin
2026-05-07 10:52:03,021 [INFO] PluginManager:220 - loadIPPluginJar : add ts
2026-05-07 10:52:03,022 [INFO] IPUIPlugin:80 - create IPUIPlugin
2026-05-07 10:52:03,022 [INFO] PluginManager:220 - loadIPPluginJar : add tsc
2026-05-07 10:52:03,023 [INFO] IPUIPlugin:80 - create IPUIPlugin
2026-05-07 10:52:03,024 [INFO] PluginManager:220 - loadIPPluginJar : add ucpd
2026-05-07 10:52:03,027 [INFO] IPUIPlugin:80 - create IPUIPlugin
2026-05-07 10:52:03,027 [INFO] PluginManager:220 - loadIPPluginJar : add usart
2026-05-07 10:52:03,029 [INFO] IPUIPlugin:80 - create IPUIPlugin
2026-05-07 10:52:03,029 [INFO] PluginManager:220 - loadIPPluginJar : add usbx
2026-05-07 10:52:03,138 [FATAL] Updater:351 - Updater called before beeing initialized
2026-05-07 10:52:03,163 [INFO] RulesReader:64 - Compatibility file has been processed (302 Rules)
2026-05-07 10:52:03,169 [INFO] RulesReader:64 - Compatibility file has been processed (302 Rules)
2026-05-07 10:52:03,177 [INFO] CADModel:165 - CPN selected for project level
2026-05-07 10:52:03,177 [INFO] CADModel:114 - Register for checkConnection events
2026-05-07 10:52:03,177 [FATAL] Updater:351 - Updater called before beeing initialized
2026-05-07 10:52:03,177 [ERROR] CADModel:125 - Updater not yet initialized, retry later 
2026-05-07 10:52:03,279 [FATAL] Updater:351 - Updater called before beeing initialized
2026-05-07 10:52:03,280 [INFO] CADModel:165 - CPN selected for project level
2026-05-07 10:52:03,280 [INFO] CADModel:114 - Register for checkConnection events
2026-05-07 10:52:03,280 [FATAL] Updater:351 - Updater called before beeing initialized
2026-05-07 10:52:03,280 [ERROR] CADModel:125 - Updater not yet initialized, retry later 
2026-05-07 10:52:03,283 [FATAL] Updater:351 - Updater called before beeing initialized
2026-05-07 10:52:03,354 [FATAL] Updater:351 - Updater called before beeing initialized
2026-05-07 10:52:03,357 [INFO] DbMcusAds:53 - JSON generation date=Fri Apr 10 10:19:02 CET 2026 (1775812742310)
2026-05-07 10:52:03,357 [FATAL] Updater:351 - Updater called before beeing initialized
2026-05-07 10:52:03,377 [WARN] DetailPanel:346 - Failed to get advertising image, set to default
2026-05-07 10:52:03,538 [FATAL] Updater:351 - Updater called before beeing initialized
2026-05-07 10:52:03,540 [FATAL] Updater:351 - Updater called before beeing initialized
2026-05-07 10:52:03,540 [FATAL] Updater:351 - Updater called before beeing initialized
2026-05-07 10:52:03,540 [WARN] DetailPanel:346 - Failed to get advertising image, set to default
2026-05-07 10:52:03,540 [FATAL] Updater:351 - Updater called before beeing initialized
2026-05-07 10:52:03,587 [ERROR] Updater:1198 - MainUpdater not yet initialized. External WinMGr cannot be set.
2026-05-07 10:52:03,588 [INFO] Updater:1134 - Updater Version found : 6.14.1
2026-05-07 10:52:03,604 [INFO] ApplicationProperties:184 - Using Application install path: C:\ST\STM32CubeIDE_1.18.1\STM32CubeIDE\plugins\com.st.stm32cube.common.mx_6.14.1.202504091515
2026-05-07 10:52:05,550 [INFO] ThirdPartyUpdaterWithRetryManager:70 - Updater plugin not ready yet. [2/15]
2026-05-07 10:52:07,087 [ERROR] ConfigurationRetriever:142 - IOException on connection: Connect timed out
2026-05-07 10:52:07,786 [WARN] CheckConnectionManager:291 - Warning during Server Connection :  timeout Connect to sw-center.st.com:443 [sw-center.st.com/41.231.245.121, sw-center.st.com/41.231.245.75] failed: Connect timed out
2026-05-07 10:52:08,552 [FATAL] Updater:351 - Updater called before beeing initialized
2026-05-07 10:52:08,553 [ERROR] IntegrityCheckThread:130 - Cannot retrieve database content from updater: error 21
2026-05-07 10:52:08,553 [INFO] ThirdParty:978 - Integrity check success = false
2026-05-07 10:52:08,553 [INFO] IntegrityCheckThread:100 - exiting critical section [integrity check]
2026-05-07 10:52:08,553 [INFO] IntegrityCheckThread:103 - End integrity checks thread
2026-05-07 10:52:11,793 [WARN] CheckConnectionManager:291 - Warning during Server Connection :  timeout Connect to sw-center.st.com:443 [sw-center.st.com/41.231.245.121, sw-center.st.com/41.231.245.75] failed: Connect timed out
2026-05-07 10:52:11,801 [INFO] MainUpdater:2872 - connection check result : 22
2026-05-07 10:52:11,802 [INFO] MainUpdater:289 - Updater Check For Update Now.
2026-05-07 10:52:11,802 [INFO] MicroXplorer:498 - Change Database Version : DB.6.0.141
2026-05-07 10:52:11,815 [INFO] McuFinderGlobals:63 - Set McuFinder mode to 2 (CubeIDE integrated)
2026-05-07 10:52:11,815 [INFO] UserAuth:484 - Internet connection configuration mode: 2
2026-05-07 10:52:11,817 [INFO] UserAuth:484 - Internet connection configuration mode: 2
2026-05-07 10:52:11,970 [INFO] CheckServerUpdateThread:120 - End of CheckServer Thread
2026-05-07 10:52:12,088 [ERROR] ConfigurationRetriever:142 - IOException on connection: Connect timed out
2026-05-07 10:52:12,902 [ERROR] LogOutputStream:75 - [STDERR_REDIRECT] [Fatal Error] :1:1: Premature end of file.
2026-05-07 10:52:12,902 [ERROR] LogOutputStream:75 - [STDERR_REDIRECT] 
2026-05-07 10:52:13,900 [ERROR] LogOutputStream:75 - [STDERR_REDIRECT] [Fatal Error] :1:1: Premature end of file.
2026-05-07 10:52:13,900 [ERROR] LogOutputStream:75 - [STDERR_REDIRECT] 
2026-05-07 10:52:14,899 [ERROR] LogOutputStream:75 - [STDERR_REDIRECT] [Fatal Error] :1:1: Premature end of file.
2026-05-07 10:52:14,900 [ERROR] LogOutputStream:75 - [STDERR_REDIRECT] 
2026-05-07 10:52:15,891 [ERROR] LogOutputStream:75 - [STDERR_REDIRECT] [Fatal Error] :1:1: Premature end of file.
2026-05-07 10:52:15,891 [ERROR] LogOutputStream:75 - [STDERR_REDIRECT] 
2026-05-07 10:52:16,895 [ERROR] LogOutputStream:75 - [STDERR_REDIRECT] [Fatal Error] :1:1: Premature end of file.
2026-05-07 10:52:16,895 [ERROR] LogOutputStream:75 - [STDERR_REDIRECT] 
2026-05-07 10:52:17,091 [ERROR] ConfigurationRetriever:142 - IOException on connection: Connect timed out
2026-05-07 10:52:17,890 [ERROR] LogOutputStream:75 - [STDERR_REDIRECT] [Fatal Error] :1:1: Premature end of file.
2026-05-07 10:52:17,891 [ERROR] LogOutputStream:75 - [STDERR_REDIRECT] 
2026-05-07 10:52:18,894 [ERROR] LogOutputStream:75 - [STDERR_REDIRECT] [Fatal Error] :1:1: Premature end of file.
2026-05-07 10:52:18,895 [ERROR] LogOutputStream:75 - [STDERR_REDIRECT] 
2026-05-07 10:52:19,897 [ERROR] LogOutputStream:75 - [STDERR_REDIRECT] [Fatal Error] :1:1: Premature end of file.
2026-05-07 10:52:19,898 [ERROR] LogOutputStream:75 - [STDERR_REDIRECT] 
2026-05-07 10:52:20,891 [ERROR] LogOutputStream:75 - [STDERR_REDIRECT] [Fatal Error] :1:1: Premature end of file.
2026-05-07 10:52:20,891 [ERROR] LogOutputStream:75 - [STDERR_REDIRECT] 
2026-05-07 10:52:21,898 [ERROR] LogOutputStream:75 - [STDERR_REDIRECT] [Fatal Error] :1:1: Premature end of file.
2026-05-07 10:52:21,898 [ERROR] LogOutputStream:75 - [STDERR_REDIRECT] 
2026-05-07 10:52:22,905 [ERROR] LogOutputStream:75 - [STDERR_REDIRECT] [Fatal Error] :1:1: Premature end of file.
2026-05-07 10:52:22,906 [ERROR] LogOutputStream:75 - [STDERR_REDIRECT] 
2026-05-07 10:52:23,899 [ERROR] LogOutputStream:75 - [STDERR_REDIRECT] [Fatal Error] :1:1: Premature end of file.
2026-05-07 10:52:23,900 [ERROR] LogOutputStream:75 - [STDERR_REDIRECT] 
2026-05-07 10:52:24,902 [ERROR] LogOutputStream:75 - [STDERR_REDIRECT] [Fatal Error] :1:1: Premature end of file.
2026-05-07 10:52:24,904 [ERROR] LogOutputStream:75 - [STDERR_REDIRECT] 
2026-05-07 10:52:25,892 [ERROR] LogOutputStream:75 - [STDERR_REDIRECT] [Fatal Error] :1:1: Premature end of file.
2026-05-07 10:52:25,892 [ERROR] LogOutputStream:75 - [STDERR_REDIRECT] 
2026-05-07 10:52:26,901 [ERROR] LogOutputStream:75 - [STDERR_REDIRECT] [Fatal Error] :1:1: Premature end of file.
2026-05-07 10:52:26,901 [ERROR] LogOutputStream:75 - [STDERR_REDIRECT] 
2026-05-07 10:52:27,896 [ERROR] LogOutputStream:75 - [STDERR_REDIRECT] [Fatal Error] :1:1: Premature end of file.
2026-05-07 10:52:27,897 [ERROR] LogOutputStream:75 - [STDERR_REDIRECT] 
2026-05-07 10:52:28,897 [ERROR] LogOutputStream:75 - [STDERR_REDIRECT] [Fatal Error] :1:1: Premature end of file.
2026-05-07 10:52:28,897 [ERROR] LogOutputStream:75 - [STDERR_REDIRECT] 
2026-05-07 10:52:29,899 [ERROR] LogOutputStream:75 - [STDERR_REDIRECT] [Fatal Error] :1:1: Premature end of file.
2026-05-07 10:52:29,899 [ERROR] LogOutputStream:75 - [STDERR_REDIRECT] 
2026-05-07 10:52:30,894 [ERROR] LogOutputStream:75 - [STDERR_REDIRECT] [Fatal Error] :1:1: Premature end of file.
2026-05-07 10:52:30,896 [ERROR] LogOutputStream:75 - [STDERR_REDIRECT] 
2026-05-07 10:52:31,895 [ERROR] LogOutputStream:75 - [STDERR_REDIRECT] [Fatal Error] :1:1: Premature end of file.
2026-05-07 10:52:31,896 [ERROR] LogOutputStream:75 - [STDERR_REDIRECT] 
2026-05-07 10:52:32,892 [ERROR] LogOutputStream:75 - [STDERR_REDIRECT] [Fatal Error] :1:1: Premature end of file.
2026-05-07 10:52:32,893 [ERROR] LogOutputStream:75 - [STDERR_REDIRECT] 
2026-05-07 10:52:33,900 [ERROR] LogOutputStream:75 - [STDERR_REDIRECT] [Fatal Error] :1:1: Premature end of file.
2026-05-07 10:52:33,901 [ERROR] LogOutputStream:75 - [STDERR_REDIRECT] 
2026-05-07 10:52:34,906 [ERROR] LogOutputStream:75 - [STDERR_REDIRECT] [Fatal Error] :1:1: Premature end of file.
2026-05-07 10:52:34,906 [ERROR] LogOutputStream:75 - [STDERR_REDIRECT] 
2026-05-07 10:52:35,891 [ERROR] LogOutputStream:75 - [STDERR_REDIRECT] [Fatal Error] :1:1: Premature end of file.
2026-05-07 10:52:35,891 [ERROR] LogOutputStream:75 - [STDERR_REDIRECT] 
2026-05-07 10:52:36,890 [ERROR] LogOutputStream:75 - [STDERR_REDIRECT] [Fatal Error] :1:1: Premature end of file.
2026-05-07 10:52:36,890 [ERROR] LogOutputStream:75 - [STDERR_REDIRECT] 
2026-05-07 10:52:37,896 [ERROR] LogOutputStream:75 - [STDERR_REDIRECT] [Fatal Error] :1:1: Premature end of file.
2026-05-07 10:52:37,897 [ERROR] LogOutputStream:75 - [STDERR_REDIRECT] 
2026-05-07 10:52:38,890 [ERROR] LogOutputStream:75 - [STDERR_REDIRECT] [Fatal Error] :1:1: Premature end of file.
2026-05-07 10:52:38,890 [ERROR] LogOutputStream:75 - [STDERR_REDIRECT] 
2026-05-07 10:52:39,901 [ERROR] LogOutputStream:75 - [STDERR_REDIRECT] [Fatal Error] :1:1: Premature end of file.
2026-05-07 10:52:39,903 [ERROR] LogOutputStream:75 - [STDERR_REDIRECT] 
2026-05-07 10:52:40,895 [ERROR] LogOutputStream:75 - [STDERR_REDIRECT] [Fatal Error] :1:1: Premature end of file.
2026-05-07 10:52:40,896 [ERROR] LogOutputStream:75 - [STDERR_REDIRECT] 
2026-05-07 10:52:41,893 [ERROR] LogOutputStream:75 - [STDERR_REDIRECT] [Fatal Error] :1:1: Premature end of file.
2026-05-07 10:52:41,894 [ERROR] LogOutputStream:75 - [STDERR_REDIRECT] 
2026-05-07 10:52:42,894 [ERROR] LogOutputStream:75 - [STDERR_REDIRECT] [Fatal Error] :1:1: Premature end of file.
2026-05-07 10:52:42,894 [ERROR] LogOutputStream:75 - [STDERR_REDIRECT] 
2026-05-07 10:52:43,897 [ERROR] LogOutputStream:75 - [STDERR_REDIRECT] [Fatal Error] :1:1: Premature end of file.
2026-05-07 10:52:43,897 [ERROR] LogOutputStream:75 - [STDERR_REDIRECT] 
2026-05-07 10:52:44,897 [ERROR] LogOutputStream:75 - [STDERR_REDIRECT] [Fatal Error] :1:1: Premature end of file.
2026-05-07 10:52:44,897 [ERROR] LogOutputStream:75 - [STDERR_REDIRECT] 
2026-05-07 10:52:45,879 [ERROR] LogOutputStream:75 - [STDERR_REDIRECT] [Fatal Error] :1:1: Premature end of file.
2026-05-07 10:52:45,879 [ERROR] LogOutputStream:75 - [STDERR_REDIRECT] 
2026-05-07 10:52:46,891 [ERROR] LogOutputStream:75 - [STDERR_REDIRECT] [Fatal Error] :1:1: Premature end of file.
2026-05-07 10:52:46,891 [ERROR] LogOutputStream:75 - [STDERR_REDIRECT] 
2026-05-07 10:52:47,890 [ERROR] LogOutputStream:75 - [STDERR_REDIRECT] [Fatal Error] :1:1: Premature end of file.
2026-05-07 10:52:47,891 [ERROR] LogOutputStream:75 - [STDERR_REDIRECT] 
2026-05-07 10:52:48,899 [ERROR] LogOutputStream:75 - [STDERR_REDIRECT] [Fatal Error] :1:1: Premature end of file.
2026-05-07 10:52:48,900 [ERROR] LogOutputStream:75 - [STDERR_REDIRECT] 
2026-05-07 10:52:49,915 [ERROR] LogOutputStream:75 - [STDERR_REDIRECT] [Fatal Error] :1:1: Premature end of file.
2026-05-07 10:52:49,915 [ERROR] LogOutputStream:75 - [STDERR_REDIRECT] 
2026-05-07 10:52:50,893 [ERROR] LogOutputStream:75 - [STDERR_REDIRECT] [Fatal Error] :1:1: Premature end of file.
2026-05-07 10:52:50,894 [ERROR] LogOutputStream:75 - [STDERR_REDIRECT] 
2026-05-07 10:52:51,898 [ERROR] LogOutputStream:75 - [STDERR_REDIRECT] [Fatal Error] :1:1: Premature end of file.
2026-05-07 10:52:51,898 [ERROR] LogOutputStream:75 - [STDERR_REDIRECT] 
2026-05-07 10:52:52,898 [ERROR] LogOutputStream:75 - [STDERR_REDIRECT] [Fatal Error] :1:1: Premature end of file.
2026-05-07 10:52:52,898 [ERROR] LogOutputStream:75 - [STDERR_REDIRECT] 
2026-05-07 10:52:53,893 [ERROR] LogOutputStream:75 - [STDERR_REDIRECT] [Fatal Error] :1:1: Premature end of file.
2026-05-07 10:52:53,894 [ERROR] LogOutputStream:75 - [STDERR_REDIRECT] 
2026-05-07 10:52:54,896 [ERROR] LogOutputStream:75 - [STDERR_REDIRECT] [Fatal Error] :1:1: Premature end of file.
2026-05-07 10:52:54,897 [ERROR] LogOutputStream:75 - [STDERR_REDIRECT] 
2026-05-07 10:52:55,896 [ERROR] LogOutputStream:75 - [STDERR_REDIRECT] [Fatal Error] :1:1: Premature end of file.
2026-05-07 10:52:55,896 [ERROR] LogOutputStream:75 - [STDERR_REDIRECT] 
2026-05-07 10:52:56,904 [ERROR] LogOutputStream:75 - [STDERR_REDIRECT] [Fatal Error] :1:1: Premature end of file.
2026-05-07 10:52:56,905 [ERROR] LogOutputStream:75 - [STDERR_REDIRECT] 
2026-05-07 10:52:57,905 [ERROR] LogOutputStream:75 - [STDERR_REDIRECT] [Fatal Error] :1:1: Premature end of file.
2026-05-07 10:52:57,906 [ERROR] LogOutputStream:75 - [STDERR_REDIRECT] 
2026-05-07 10:52:58,910 [ERROR] LogOutputStream:75 - [STDERR_REDIRECT] [Fatal Error] :1:1: Premature end of file.
2026-05-07 10:52:58,910 [ERROR] LogOutputStream:75 - [STDERR_REDIRECT] 
2026-05-07 10:52:59,911 [ERROR] LogOutputStream:75 - [STDERR_REDIRECT] [Fatal Error] :1:1: Premature end of file.
2026-05-07 10:52:59,911 [ERROR] LogOutputStream:75 - [STDERR_REDIRECT] 
2026-05-07 10:53:00,905 [ERROR] LogOutputStream:75 - [STDERR_REDIRECT] [Fatal Error] :1:1: Premature end of file.
2026-05-07 10:53:00,905 [ERROR] LogOutputStream:75 - [STDERR_REDIRECT] 
2026-05-07 10:53:01,893 [ERROR] LogOutputStream:75 - [STDERR_REDIRECT] [Fatal Error] :1:1: Premature end of file.
2026-05-07 10:53:01,893 [ERROR] LogOutputStream:75 - [STDERR_REDIRECT] 
2026-05-07 10:53:02,896 [ERROR] LogOutputStream:75 - [STDERR_REDIRECT] [Fatal Error] :1:1: Premature end of file.
2026-05-07 10:53:02,896 [ERROR] LogOutputStream:75 - [STDERR_REDIRECT] 
2026-05-07 10:53:03,900 [ERROR] LogOutputStream:75 - [STDERR_REDIRECT] [Fatal Error] :1:1: Premature end of file.
2026-05-07 10:53:03,900 [ERROR] LogOutputStream:75 - [STDERR_REDIRECT] 
2026-05-07 10:53:04,906 [ERROR] LogOutputStream:75 - [STDERR_REDIRECT] [Fatal Error] :1:1: Premature end of file.
2026-05-07 10:53:04,906 [ERROR] LogOutputStream:75 - [STDERR_REDIRECT] 
2026-05-07 10:53:05,890 [ERROR] LogOutputStream:75 - [STDERR_REDIRECT] [Fatal Error] :1:1: Premature end of file.
2026-05-07 10:53:05,892 [ERROR] LogOutputStream:75 - [STDERR_REDIRECT] 
2026-05-07 10:53:06,910 [ERROR] LogOutputStream:75 - [STDERR_REDIRECT] [Fatal Error] :1:1: Premature end of file.
2026-05-07 10:53:06,910 [ERROR] LogOutputStream:75 - [STDERR_REDIRECT] 
2026-05-07 10:53:07,906 [ERROR] LogOutputStream:75 - [STDERR_REDIRECT] [Fatal Error] :1:1: Premature end of file.
2026-05-07 10:53:07,906 [ERROR] LogOutputStream:75 - [STDERR_REDIRECT] 
2026-05-07 10:53:08,913 [ERROR] LogOutputStream:75 - [STDERR_REDIRECT] [Fatal Error] :1:1: Premature end of file.
2026-05-07 10:53:08,913 [ERROR] LogOutputStream:75 - [STDERR_REDIRECT] 
2026-05-07 10:53:09,894 [ERROR] LogOutputStream:75 - [STDERR_REDIRECT] [Fatal Error] :1:1: Premature end of file.
2026-05-07 10:53:09,894 [ERROR] LogOutputStream:75 - [STDERR_REDIRECT] 
2026-05-07 10:53:10,894 [ERROR] LogOutputStream:75 - [STDERR_REDIRECT] [Fatal Error] :1:1: Premature end of file.
2026-05-07 10:53:10,894 [ERROR] LogOutputStream:75 - [STDERR_REDIRECT] 
2026-05-07 10:53:11,897 [ERROR] LogOutputStream:75 - [STDERR_REDIRECT] [Fatal Error] :1:1: Premature end of file.
2026-05-07 10:53:11,897 [ERROR] LogOutputStream:75 - [STDERR_REDIRECT] 
2026-05-07 10:53:12,922 [ERROR] LogOutputStream:75 - [STDERR_REDIRECT] [Fatal Error] :1:1: Premature end of file.
2026-05-07 10:53:12,922 [ERROR] LogOutputStream:75 - [STDERR_REDIRECT] 
2026-05-07 10:53:13,910 [ERROR] LogOutputStream:75 - [STDERR_REDIRECT] [Fatal Error] :1:1: Premature end of file.
2026-05-07 10:53:13,910 [ERROR] LogOutputStream:75 - [STDERR_REDIRECT] 
2026-05-07 10:53:14,891 [ERROR] LogOutputStream:75 - [STDERR_REDIRECT] [Fatal Error] :1:1: Premature end of file.
2026-05-07 10:53:14,891 [ERROR] LogOutputStream:75 - [STDERR_REDIRECT] 
2026-05-07 10:53:15,895 [ERROR] LogOutputStream:75 - [STDERR_REDIRECT] [Fatal Error] :1:1: Premature end of file.
2026-05-07 10:53:15,895 [ERROR] LogOutputStream:75 - [STDERR_REDIRECT] 
2026-05-07 10:53:16,898 [ERROR] LogOutputStream:75 - [STDERR_REDIRECT] [Fatal Error] :1:1: Premature end of file.
2026-05-07 10:53:16,899 [ERROR] LogOutputStream:75 - [STDERR_REDIRECT] 
2026-05-07 10:53:17,895 [ERROR] LogOutputStream:75 - [STDERR_REDIRECT] [Fatal Error] :1:1: Premature end of file.
2026-05-07 10:53:17,899 [ERROR] LogOutputStream:75 - [STDERR_REDIRECT] 
2026-05-07 10:53:18,909 [ERROR] LogOutputStream:75 - [STDERR_REDIRECT] [Fatal Error] :1:1: Premature end of file.
2026-05-07 10:53:18,909 [ERROR] LogOutputStream:75 - [STDERR_REDIRECT] 
2026-05-07 10:53:19,902 [ERROR] LogOutputStream:75 - [STDERR_REDIRECT] [Fatal Error] :1:1: Premature end of file.
2026-05-07 10:53:19,902 [ERROR] LogOutputStream:75 - [STDERR_REDIRECT] 
2026-05-07 10:53:20,907 [ERROR] LogOutputStream:75 - [STDERR_REDIRECT] [Fatal Error] :1:1: Premature end of file.
2026-05-07 10:53:20,907 [ERROR] LogOutputStream:75 - [STDERR_REDIRECT] 
2026-05-07 10:53:21,896 [ERROR] LogOutputStream:75 - [STDERR_REDIRECT] [Fatal Error] :1:1: Premature end of file.
2026-05-07 10:53:21,896 [ERROR] LogOutputStream:75 - [STDERR_REDIRECT] 
2026-05-07 10:53:22,900 [ERROR] LogOutputStream:75 - [STDERR_REDIRECT] [Fatal Error] :1:1: Premature end of file.
2026-05-07 10:53:22,900 [ERROR] LogOutputStream:75 - [STDERR_REDIRECT] 
2026-05-07 10:53:23,908 [ERROR] LogOutputStream:75 - [STDERR_REDIRECT] [Fatal Error] :1:1: Premature end of file.
2026-05-07 10:53:23,908 [ERROR] LogOutputStream:75 - [STDERR_REDIRECT] 
2026-05-07 10:53:24,913 [ERROR] LogOutputStream:75 - [STDERR_REDIRECT] [Fatal Error] :1:1: Premature end of file.
2026-05-07 10:53:24,913 [ERROR] LogOutputStream:75 - [STDERR_REDIRECT] 
2026-05-07 10:53:25,899 [ERROR] LogOutputStream:75 - [STDERR_REDIRECT] [Fatal Error] :1:1: Premature end of file.
2026-05-07 10:53:25,899 [ERROR] LogOutputStream:75 - [STDERR_REDIRECT] 
2026-05-07 10:53:26,892 [ERROR] LogOutputStream:75 - [STDERR_REDIRECT] [Fatal Error] :1:1: Premature end of file.
2026-05-07 10:53:26,898 [ERROR] LogOutputStream:75 - [STDERR_REDIRECT] 
2026-05-07 10:53:27,899 [ERROR] LogOutputStream:75 - [STDERR_REDIRECT] [Fatal Error] :1:1: Premature end of file.
2026-05-07 10:53:27,900 [ERROR] LogOutputStream:75 - [STDERR_REDIRECT] 
2026-05-07 10:53:28,907 [ERROR] LogOutputStream:75 - [STDERR_REDIRECT] [Fatal Error] :1:1: Premature end of file.
2026-05-07 10:53:28,907 [ERROR] LogOutputStream:75 - [STDERR_REDIRECT] 
2026-05-07 10:53:29,906 [ERROR] LogOutputStream:75 - [STDERR_REDIRECT] [Fatal Error] :1:1: Premature end of file.
2026-05-07 10:53:29,906 [ERROR] LogOutputStream:75 - [STDERR_REDIRECT] 
2026-05-07 10:53:30,899 [ERROR] LogOutputStream:75 - [STDERR_REDIRECT] [Fatal Error] :1:1: Premature end of file.
2026-05-07 10:53:30,899 [ERROR] LogOutputStream:75 - [STDERR_REDIRECT] 
2026-05-07 10:53:31,893 [ERROR] LogOutputStream:75 - [STDERR_REDIRECT] [Fatal Error] :1:1: Premature end of file.
2026-05-07 10:53:31,893 [ERROR] LogOutputStream:75 - [STDERR_REDIRECT] 
2026-05-07 10:53:32,905 [ERROR] LogOutputStream:75 - [STDERR_REDIRECT] [Fatal Error] :1:1: Premature end of file.
2026-05-07 10:53:32,905 [ERROR] LogOutputStream:75 - [STDERR_REDIRECT] 
2026-05-07 10:53:33,905 [ERROR] LogOutputStream:75 - [STDERR_REDIRECT] [Fatal Error] :1:1: Premature end of file.
2026-05-07 10:53:33,905 [ERROR] LogOutputStream:75 - [STDERR_REDIRECT] 
2026-05-07 10:53:34,918 [ERROR] LogOutputStream:75 - [STDERR_REDIRECT] [Fatal Error] :1:1: Premature end of file.
2026-05-07 10:53:34,919 [ERROR] LogOutputStream:75 - [STDERR_REDIRECT] 
2026-05-07 10:53:35,909 [ERROR] LogOutputStream:75 - [STDERR_REDIRECT] [Fatal Error] :1:1: Premature end of file.
2026-05-07 10:53:35,909 [ERROR] LogOutputStream:75 - [STDERR_REDIRECT] 
2026-05-07 10:53:36,897 [ERROR] LogOutputStream:75 - [STDERR_REDIRECT] [Fatal Error] :1:1: Premature end of file.
2026-05-07 10:53:36,897 [ERROR] LogOutputStream:75 - [STDERR_REDIRECT] 
2026-05-07 10:53:37,901 [ERROR] LogOutputStream:75 - [STDERR_REDIRECT] [Fatal Error] :1:1: Premature end of file.
2026-05-07 10:53:37,901 [ERROR] LogOutputStream:75 - [STDERR_REDIRECT] 
2026-05-07 10:53:38,899 [ERROR] LogOutputStream:75 - [STDERR_REDIRECT] [Fatal Error] :1:1: Premature end of file.
2026-05-07 10:53:38,900 [ERROR] LogOutputStream:75 - [STDERR_REDIRECT] 
2026-05-07 10:53:39,928 [ERROR] LogOutputStream:75 - [STDERR_REDIRECT] [Fatal Error] :1:1: Premature end of file.
2026-05-07 10:53:39,928 [ERROR] LogOutputStream:75 - [STDERR_REDIRECT] 
2026-05-07 10:53:40,897 [ERROR] LogOutputStream:75 - [STDERR_REDIRECT] [Fatal Error] :1:1: Premature end of file.
2026-05-07 10:53:40,897 [ERROR] LogOutputStream:75 - [STDERR_REDIRECT] 
2026-05-07 10:53:41,897 [ERROR] LogOutputStream:75 - [STDERR_REDIRECT] [Fatal Error] :1:1: Premature end of file.
2026-05-07 10:53:41,897 [ERROR] LogOutputStream:75 - [STDERR_REDIRECT] 
2026-05-07 10:53:42,890 [ERROR] LogOutputStream:75 - [STDERR_REDIRECT] [Fatal Error] :1:1: Premature end of file.
2026-05-07 10:53:42,896 [ERROR] LogOutputStream:75 - [STDERR_REDIRECT] 
2026-05-07 10:53:43,900 [ERROR] LogOutputStream:75 - [STDERR_REDIRECT] [Fatal Error] :1:1: Premature end of file.
2026-05-07 10:53:43,900 [ERROR] LogOutputStream:75 - [STDERR_REDIRECT] 
2026-05-07 10:53:44,908 [ERROR] LogOutputStream:75 - [STDERR_REDIRECT] [Fatal Error] :1:1: Premature end of file.
2026-05-07 10:53:44,908 [ERROR] LogOutputStream:75 - [STDERR_REDIRECT] 
2026-05-07 10:53:45,896 [ERROR] LogOutputStream:75 - [STDERR_REDIRECT] [Fatal Error] :1:1: Premature end of file.
2026-05-07 10:53:45,896 [ERROR] LogOutputStream:75 - [STDERR_REDIRECT] 
2026-05-07 10:53:46,905 [ERROR] LogOutputStream:75 - [STDERR_REDIRECT] [Fatal Error] :1:1: Premature end of file.
2026-05-07 10:53:46,905 [ERROR] LogOutputStream:75 - [STDERR_REDIRECT] 
2026-05-07 10:53:47,910 [ERROR] LogOutputStream:75 - [STDERR_REDIRECT] [Fatal Error] :1:1: Premature end of file.
2026-05-07 10:53:47,910 [ERROR] LogOutputStream:75 - [STDERR_REDIRECT] 
2026-05-07 10:53:48,900 [ERROR] LogOutputStream:75 - [STDERR_REDIRECT] [Fatal Error] :1:1: Premature end of file.
2026-05-07 10:53:48,901 [ERROR] LogOutputStream:75 - [STDERR_REDIRECT] 
2026-05-07 10:53:49,895 [ERROR] LogOutputStream:75 - [STDERR_REDIRECT] [Fatal Error] :1:1: Premature end of file.
2026-05-07 10:53:49,896 [ERROR] LogOutputStream:75 - [STDERR_REDIRECT] 
2026-05-07 10:53:50,910 [ERROR] LogOutputStream:75 - [STDERR_REDIRECT] [Fatal Error] :1:1: Premature end of file.
2026-05-07 10:53:50,910 [ERROR] LogOutputStream:75 - [STDERR_REDIRECT] 
2026-05-07 10:53:51,886 [ERROR] LogOutputStream:75 - [STDERR_REDIRECT] [Fatal Error] :1:1: Premature end of file.
2026-05-07 10:53:51,886 [ERROR] LogOutputStream:75 - [STDERR_REDIRECT] 
2026-05-07 10:53:52,900 [ERROR] LogOutputStream:75 - [STDERR_REDIRECT] [Fatal Error] :1:1: Premature end of file.
2026-05-07 10:53:52,900 [ERROR] LogOutputStream:75 - [STDERR_REDIRECT] 
2026-05-07 10:53:53,889 [ERROR] LogOutputStream:75 - [STDERR_REDIRECT] [Fatal Error] :1:1: Premature end of file.
2026-05-07 10:53:53,889 [ERROR] LogOutputStream:75 - [STDERR_REDIRECT] 
2026-05-07 10:53:54,904 [ERROR] LogOutputStream:75 - [STDERR_REDIRECT] [Fatal Error] :1:1: Premature end of file.
2026-05-07 10:53:54,905 [ERROR] LogOutputStream:75 - [STDERR_REDIRECT] 
2026-05-07 10:53:55,911 [ERROR] LogOutputStream:75 - [STDERR_REDIRECT] [Fatal Error] :1:1: Premature end of file.
2026-05-07 10:53:55,911 [ERROR] LogOutputStream:75 - [STDERR_REDIRECT] 
2026-05-07 10:53:56,904 [ERROR] LogOutputStream:75 - [STDERR_REDIRECT] [Fatal Error] :1:1: Premature end of file.
2026-05-07 10:53:56,904 [ERROR] LogOutputStream:75 - [STDERR_REDIRECT] 
2026-05-07 10:53:57,903 [ERROR] LogOutputStream:75 - [STDERR_REDIRECT] [Fatal Error] :1:1: Premature end of file.
2026-05-07 10:53:57,904 [ERROR] LogOutputStream:75 - [STDERR_REDIRECT] 
2026-05-07 10:53:58,901 [ERROR] LogOutputStream:75 - [STDERR_REDIRECT] [Fatal Error] :1:1: Premature end of file.
2026-05-07 10:53:58,901 [ERROR] LogOutputStream:75 - [STDERR_REDIRECT] 
2026-05-07 10:53:59,906 [ERROR] LogOutputStream:75 - [STDERR_REDIRECT] [Fatal Error] :1:1: Premature end of file.
2026-05-07 10:53:59,906 [ERROR] LogOutputStream:75 - [STDERR_REDIRECT] 
2026-05-07 10:54:00,902 [ERROR] LogOutputStream:75 - [STDERR_REDIRECT] [Fatal Error] :1:1: Premature end of file.
2026-05-07 10:54:00,903 [ERROR] LogOutputStream:75 - [STDERR_REDIRECT] 
2026-05-07 10:54:01,908 [ERROR] LogOutputStream:75 - [STDERR_REDIRECT] [Fatal Error] :1:1: Premature end of file.
2026-05-07 10:54:01,908 [ERROR] LogOutputStream:75 - [STDERR_REDIRECT] 
2026-05-07 10:54:02,908 [ERROR] LogOutputStream:75 - [STDERR_REDIRECT] [Fatal Error] :1:1: Premature end of file.
2026-05-07 10:54:02,908 [ERROR] LogOutputStream:75 - [STDERR_REDIRECT] 
2026-05-07 10:54:03,904 [ERROR] LogOutputStream:75 - [STDERR_REDIRECT] [Fatal Error] :1:1: Premature end of file.
2026-05-07 10:54:03,904 [ERROR] LogOutputStream:75 - [STDERR_REDIRECT] 
2026-05-07 10:54:04,907 [ERROR] LogOutputStream:75 - [STDERR_REDIRECT] [Fatal Error] :1:1: Premature end of file.
2026-05-07 10:54:04,907 [ERROR] LogOutputStream:75 - [STDERR_REDIRECT] 
2026-05-07 10:54:05,901 [ERROR] LogOutputStream:75 - [STDERR_REDIRECT] [Fatal Error] :1:1: Premature end of file.
2026-05-07 10:54:05,902 [ERROR] LogOutputStream:75 - [STDERR_REDIRECT] 
2026-05-07 10:54:06,900 [ERROR] LogOutputStream:75 - [STDERR_REDIRECT] [Fatal Error] :1:1: Premature end of file.
2026-05-07 10:54:06,900 [ERROR] LogOutputStream:75 - [STDERR_REDIRECT] 
2026-05-07 10:54:07,895 [ERROR] LogOutputStream:75 - [STDERR_REDIRECT] [Fatal Error] :1:1: Premature end of file.
2026-05-07 10:54:07,895 [ERROR] LogOutputStream:75 - [STDERR_REDIRECT] 
2026-05-07 10:54:08,896 [ERROR] LogOutputStream:75 - [STDERR_REDIRECT] [Fatal Error] :1:1: Premature end of file.
2026-05-07 10:54:08,896 [ERROR] LogOutputStream:75 - [STDERR_REDIRECT] 
2026-05-07 10:54:09,896 [ERROR] LogOutputStream:75 - [STDERR_REDIRECT] [Fatal Error] :1:1: Premature end of file.
2026-05-07 10:54:09,896 [ERROR] LogOutputStream:75 - [STDERR_REDIRECT] 
2026-05-07 10:54:10,887 [ERROR] LogOutputStream:75 - [STDERR_REDIRECT] [Fatal Error] :1:1: Premature end of file.
2026-05-07 10:54:10,887 [ERROR] LogOutputStream:75 - [STDERR_REDIRECT] 
2026-05-07 10:54:11,900 [ERROR] LogOutputStream:75 - [STDERR_REDIRECT] [Fatal Error] :1:1: Premature end of file.
2026-05-07 10:54:11,900 [ERROR] LogOutputStream:75 - [STDERR_REDIRECT] 
2026-05-07 10:54:12,906 [ERROR] LogOutputStream:75 - [STDERR_REDIRECT] [Fatal Error] :1:1: Premature end of file.
2026-05-07 10:54:12,906 [ERROR] LogOutputStream:75 - [STDERR_REDIRECT] 
2026-05-07 10:54:13,902 [ERROR] LogOutputStream:75 - [STDERR_REDIRECT] [Fatal Error] :1:1: Premature end of file.
2026-05-07 10:54:13,902 [ERROR] LogOutputStream:75 - [STDERR_REDIRECT] 
2026-05-07 10:54:14,908 [ERROR] LogOutputStream:75 - [STDERR_REDIRECT] [Fatal Error] :1:1: Premature end of file.
2026-05-07 10:54:14,908 [ERROR] LogOutputStream:75 - [STDERR_REDIRECT] 
2026-05-07 10:54:15,895 [ERROR] LogOutputStream:75 - [STDERR_REDIRECT] [Fatal Error] :1:1: Premature end of file.
2026-05-07 10:54:15,895 [ERROR] LogOutputStream:75 - [STDERR_REDIRECT] 
2026-05-07 10:54:16,885 [ERROR] LogOutputStream:75 - [STDERR_REDIRECT] [Fatal Error] :1:1: Premature end of file.
2026-05-07 10:54:16,901 [ERROR] LogOutputStream:75 - [STDERR_REDIRECT] 
2026-05-07 10:54:17,905 [ERROR] LogOutputStream:75 - [STDERR_REDIRECT] [Fatal Error] :1:1: Premature end of file.
2026-05-07 10:54:17,905 [ERROR] LogOutputStream:75 - [STDERR_REDIRECT] 
2026-05-07 10:54:18,910 [ERROR] LogOutputStream:75 - [STDERR_REDIRECT] [Fatal Error] :1:1: Premature end of file.
2026-05-07 10:54:18,910 [ERROR] LogOutputStream:75 - [STDERR_REDIRECT] 
2026-05-07 10:54:19,895 [ERROR] LogOutputStream:75 - [STDERR_REDIRECT] [Fatal Error] :1:1: Premature end of file.
2026-05-07 10:54:19,906 [ERROR] LogOutputStream:75 - [STDERR_REDIRECT] 
2026-05-07 10:54:20,895 [ERROR] LogOutputStream:75 - [STDERR_REDIRECT] [Fatal Error] :1:1: Premature end of file.
2026-05-07 10:54:20,895 [ERROR] LogOutputStream:75 - [STDERR_REDIRECT] 
2026-05-07 10:54:21,912 [ERROR] LogOutputStream:75 - [STDERR_REDIRECT] [Fatal Error] :1:1: Premature end of file.
2026-05-07 10:54:21,912 [ERROR] LogOutputStream:75 - [STDERR_REDIRECT] 
2026-05-07 10:54:22,901 [ERROR] LogOutputStream:75 - [STDERR_REDIRECT] [Fatal Error] :1:1: Premature end of file.
2026-05-07 10:54:22,901 [ERROR] LogOutputStream:75 - [STDERR_REDIRECT] 
2026-05-07 10:54:23,900 [ERROR] LogOutputStream:75 - [STDERR_REDIRECT] [Fatal Error] :1:1: Premature end of file.
2026-05-07 10:54:23,900 [ERROR] LogOutputStream:75 - [STDERR_REDIRECT] 
2026-05-07 10:54:24,908 [ERROR] LogOutputStream:75 - [STDERR_REDIRECT] [Fatal Error] :1:1: Premature end of file.
2026-05-07 10:54:24,908 [ERROR] LogOutputStream:75 - [STDERR_REDIRECT] 
2026-05-07 10:54:25,903 [ERROR] LogOutputStream:75 - [STDERR_REDIRECT] [Fatal Error] :1:1: Premature end of file.
2026-05-07 10:54:25,903 [ERROR] LogOutputStream:75 - [STDERR_REDIRECT] 
2026-05-07 10:54:26,901 [ERROR] LogOutputStream:75 - [STDERR_REDIRECT] [Fatal Error] :1:1: Premature end of file.
2026-05-07 10:54:26,901 [ERROR] LogOutputStream:75 - [STDERR_REDIRECT] 
2026-05-07 10:54:27,891 [ERROR] LogOutputStream:75 - [STDERR_REDIRECT] [Fatal Error] :1:1: Premature end of file.
2026-05-07 10:54:27,891 [ERROR] LogOutputStream:75 - [STDERR_REDIRECT] 
2026-05-07 10:54:28,887 [ERROR] LogOutputStream:75 - [STDERR_REDIRECT] [Fatal Error] :1:1: Premature end of file.
2026-05-07 10:54:28,887 [ERROR] LogOutputStream:75 - [STDERR_REDIRECT] 
2026-05-07 10:54:29,904 [ERROR] LogOutputStream:75 - [STDERR_REDIRECT] [Fatal Error] :1:1: Premature end of file.
2026-05-07 10:54:29,904 [ERROR] LogOutputStream:75 - [STDERR_REDIRECT] 
2026-05-07 10:54:30,894 [ERROR] LogOutputStream:75 - [STDERR_REDIRECT] [Fatal Error] :1:1: Premature end of file.
2026-05-07 10:54:30,894 [ERROR] LogOutputStream:75 - [STDERR_REDIRECT] 
2026-05-07 10:54:31,906 [ERROR] LogOutputStream:75 - [STDERR_REDIRECT] [Fatal Error] :1:1: Premature end of file.
2026-05-07 10:54:31,907 [ERROR] LogOutputStream:75 - [STDERR_REDIRECT] 
2026-05-07 10:54:32,910 [ERROR] LogOutputStream:75 - [STDERR_REDIRECT] [Fatal Error] :1:1: Premature end of file.
2026-05-07 10:54:32,910 [ERROR] LogOutputStream:75 - [STDERR_REDIRECT] 
2026-05-07 10:54:33,905 [ERROR] LogOutputStream:75 - [STDERR_REDIRECT] [Fatal Error] :1:1: Premature end of file.
2026-05-07 10:54:33,905 [ERROR] LogOutputStream:75 - [STDERR_REDIRECT] 
2026-05-07 10:54:34,908 [ERROR] LogOutputStream:75 - [STDERR_REDIRECT] [Fatal Error] :1:1: Premature end of file.
2026-05-07 10:54:34,908 [ERROR] LogOutputStream:75 - [STDERR_REDIRECT] 
2026-05-07 10:54:35,911 [ERROR] LogOutputStream:75 - [STDERR_REDIRECT] [Fatal Error] :1:1: Premature end of file.
2026-05-07 10:54:35,912 [ERROR] LogOutputStream:75 - [STDERR_REDIRECT] 
2026-05-07 10:54:36,895 [ERROR] LogOutputStream:75 - [STDERR_REDIRECT] [Fatal Error] :1:1: Premature end of file.
2026-05-07 10:54:36,896 [ERROR] LogOutputStream:75 - [STDERR_REDIRECT] 
2026-05-07 10:54:37,896 [ERROR] LogOutputStream:75 - [STDERR_REDIRECT] [Fatal Error] :1:1: Premature end of file.
2026-05-07 10:54:37,896 [ERROR] LogOutputStream:75 - [STDERR_REDIRECT] 
2026-05-07 10:54:38,886 [ERROR] LogOutputStream:75 - [STDERR_REDIRECT] [Fatal Error] :1:1: Premature end of file.
2026-05-07 10:54:38,886 [ERROR] LogOutputStream:75 - [STDERR_REDIRECT] 
2026-05-07 10:54:39,906 [ERROR] LogOutputStream:75 - [STDERR_REDIRECT] [Fatal Error] :1:1: Premature end of file.
2026-05-07 10:54:39,906 [ERROR] LogOutputStream:75 - [STDERR_REDIRECT] 
2026-05-07 10:54:40,901 [ERROR] LogOutputStream:75 - [STDERR_REDIRECT] [Fatal Error] :1:1: Premature end of file.
2026-05-07 10:54:40,901 [ERROR] LogOutputStream:75 - [STDERR_REDIRECT] 
2026-05-07 10:54:41,904 [ERROR] LogOutputStream:75 - [STDERR_REDIRECT] [Fatal Error] :1:1: Premature end of file.
2026-05-07 10:54:41,905 [ERROR] LogOutputStream:75 - [STDERR_REDIRECT] 
2026-05-07 10:54:42,949 [ERROR] LogOutputStream:75 - [STDERR_REDIRECT] [Fatal Error] :1:1: Premature end of file.
2026-05-07 10:54:42,950 [ERROR] LogOutputStream:75 - [STDERR_REDIRECT] 
2026-05-07 10:54:43,912 [ERROR] LogOutputStream:75 - [STDERR_REDIRECT] [Fatal Error] :1:1: Premature end of file.
2026-05-07 10:54:43,912 [ERROR] LogOutputStream:75 - [STDERR_REDIRECT] 
2026-05-07 10:54:44,886 [ERROR] LogOutputStream:75 - [STDERR_REDIRECT] [Fatal Error] :1:1: Premature end of file.
2026-05-07 10:54:44,886 [ERROR] LogOutputStream:75 - [STDERR_REDIRECT] 
2026-05-07 10:54:45,902 [ERROR] LogOutputStream:75 - [STDERR_REDIRECT] [Fatal Error] :1:1: Premature end of file.
2026-05-07 10:54:45,902 [ERROR] LogOutputStream:75 - [STDERR_REDIRECT] 
2026-05-07 10:54:46,897 [ERROR] LogOutputStream:75 - [STDERR_REDIRECT] [Fatal Error] :1:1: Premature end of file.
2026-05-07 10:54:46,898 [ERROR] LogOutputStream:75 - [STDERR_REDIRECT] 
2026-05-07 10:54:47,900 [ERROR] LogOutputStream:75 - [STDERR_REDIRECT] [Fatal Error] :1:1: Premature end of file.
2026-05-07 10:54:47,900 [ERROR] LogOutputStream:75 - [STDERR_REDIRECT] 
2026-05-07 10:54:48,895 [ERROR] LogOutputStream:75 - [STDERR_REDIRECT] [Fatal Error] :1:1: Premature end of file.
2026-05-07 10:54:48,896 [ERROR] LogOutputStream:75 - [STDERR_REDIRECT] 
2026-05-07 10:54:49,902 [ERROR] LogOutputStream:75 - [STDERR_REDIRECT] [Fatal Error] :1:1: Premature end of file.
2026-05-07 10:54:49,902 [ERROR] LogOutputStream:75 - [STDERR_REDIRECT] 
2026-05-07 10:54:50,899 [ERROR] LogOutputStream:75 - [STDERR_REDIRECT] [Fatal Error] :1:1: Premature end of file.
2026-05-07 10:54:50,900 [ERROR] LogOutputStream:75 - [STDERR_REDIRECT] 
2026-05-07 10:54:51,900 [ERROR] LogOutputStream:75 - [STDERR_REDIRECT] [Fatal Error] :1:1: Premature end of file.
2026-05-07 10:54:51,900 [ERROR] LogOutputStream:75 - [STDERR_REDIRECT] 
2026-05-07 10:54:52,908 [ERROR] LogOutputStream:75 - [STDERR_REDIRECT] [Fatal Error] :1:1: Premature end of file.
2026-05-07 10:54:52,908 [ERROR] LogOutputStream:75 - [STDERR_REDIRECT] 
2026-05-07 10:54:53,900 [ERROR] LogOutputStream:75 - [STDERR_REDIRECT] [Fatal Error] :1:1: Premature end of file.
2026-05-07 10:54:53,901 [ERROR] LogOutputStream:75 - [STDERR_REDIRECT] 
2026-05-07 10:54:54,895 [ERROR] LogOutputStream:75 - [STDERR_REDIRECT] [Fatal Error] :1:1: Premature end of file.
2026-05-07 10:54:54,895 [ERROR] LogOutputStream:75 - [STDERR_REDIRECT] 
2026-05-07 10:54:55,905 [ERROR] LogOutputStream:75 - [STDERR_REDIRECT] [Fatal Error] :1:1: Premature end of file.
2026-05-07 10:54:55,906 [ERROR] LogOutputStream:75 - [STDERR_REDIRECT] 
2026-05-07 10:54:56,910 [ERROR] LogOutputStream:75 - [STDERR_REDIRECT] [Fatal Error] :1:1: Premature end of file.
2026-05-07 10:54:56,910 [ERROR] LogOutputStream:75 - [STDERR_REDIRECT] 
2026-05-07 10:54:57,921 [ERROR] LogOutputStream:75 - [STDERR_REDIRECT] [Fatal Error] :1:1: Premature end of file.
2026-05-07 10:54:57,922 [ERROR] LogOutputStream:75 - [STDERR_REDIRECT] 
2026-05-07 10:54:58,904 [ERROR] LogOutputStream:75 - [STDERR_REDIRECT] [Fatal Error] :1:1: Premature end of file.
2026-05-07 10:54:58,905 [ERROR] LogOutputStream:75 - [STDERR_REDIRECT] 
2026-05-07 10:54:59,905 [ERROR] LogOutputStream:75 - [STDERR_REDIRECT] [Fatal Error] :1:1: Premature end of file.
2026-05-07 10:54:59,905 [ERROR] LogOutputStream:75 - [STDERR_REDIRECT] 
2026-05-07 10:55:00,906 [ERROR] LogOutputStream:75 - [STDERR_REDIRECT] [Fatal Error] :1:1: Premature end of file.
2026-05-07 10:55:00,906 [ERROR] LogOutputStream:75 - [STDERR_REDIRECT] 
2026-05-07 10:55:01,907 [ERROR] LogOutputStream:75 - [STDERR_REDIRECT] [Fatal Error] :1:1: Premature end of file.
2026-05-07 10:55:01,907 [ERROR] LogOutputStream:75 - [STDERR_REDIRECT] 
2026-05-07 10:55:02,904 [ERROR] LogOutputStream:75 - [STDERR_REDIRECT] [Fatal Error] :1:1: Premature end of file.
2026-05-07 10:55:02,904 [ERROR] LogOutputStream:75 - [STDERR_REDIRECT] 
2026-05-07 10:55:03,904 [ERROR] LogOutputStream:75 - [STDERR_REDIRECT] [Fatal Error] :1:1: Premature end of file.
2026-05-07 10:55:03,905 [ERROR] LogOutputStream:75 - [STDERR_REDIRECT] 
2026-05-07 10:55:04,900 [ERROR] LogOutputStream:75 - [STDERR_REDIRECT] [Fatal Error] :1:1: Premature end of file.
2026-05-07 10:55:04,901 [ERROR] LogOutputStream:75 - [STDERR_REDIRECT] 
2026-05-07 10:55:05,892 [ERROR] LogOutputStream:75 - [STDERR_REDIRECT] [Fatal Error] :1:1: Premature end of file.
2026-05-07 10:55:05,892 [ERROR] LogOutputStream:75 - [STDERR_REDIRECT] 
2026-05-07 10:55:06,892 [ERROR] LogOutputStream:75 - [STDERR_REDIRECT] [Fatal Error] :1:1: Premature end of file.
2026-05-07 10:55:06,892 [ERROR] LogOutputStream:75 - [STDERR_REDIRECT] 
2026-05-07 10:55:07,911 [ERROR] LogOutputStream:75 - [STDERR_REDIRECT] [Fatal Error] :1:1: Premature end of file.
2026-05-07 10:55:07,911 [ERROR] LogOutputStream:75 - [STDERR_REDIRECT] 
2026-05-07 10:55:08,913 [ERROR] LogOutputStream:75 - [STDERR_REDIRECT] [Fatal Error] :1:1: Premature end of file.
2026-05-07 10:55:08,913 [ERROR] LogOutputStream:75 - [STDERR_REDIRECT] 
2026-05-07 10:55:09,900 [ERROR] LogOutputStream:75 - [STDERR_REDIRECT] [Fatal Error] :1:1: Premature end of file.
2026-05-07 10:55:09,900 [ERROR] LogOutputStream:75 - [STDERR_REDIRECT] 
2026-05-07 10:55:10,890 [ERROR] LogOutputStream:75 - [STDERR_REDIRECT] [Fatal Error] :1:1: Premature end of file.
2026-05-07 10:55:10,890 [ERROR] LogOutputStream:75 - [STDERR_REDIRECT] 
2026-05-07 10:55:11,899 [ERROR] LogOutputStream:75 - [STDERR_REDIRECT] [Fatal Error] :1:1: Premature end of file.
2026-05-07 10:55:11,900 [ERROR] LogOutputStream:75 - [STDERR_REDIRECT] 
2026-05-07 10:55:12,897 [ERROR] LogOutputStream:75 - [STDERR_REDIRECT] [Fatal Error] :1:1: Premature end of file.
2026-05-07 10:55:12,898 [ERROR] LogOutputStream:75 - [STDERR_REDIRECT] 
2026-05-07 10:55:13,902 [ERROR] LogOutputStream:75 - [STDERR_REDIRECT] [Fatal Error] :1:1: Premature end of file.
2026-05-07 10:55:13,902 [ERROR] LogOutputStream:75 - [STDERR_REDIRECT] 
2026-05-07 10:55:14,898 [ERROR] LogOutputStream:75 - [STDERR_REDIRECT] [Fatal Error] :1:1: Premature end of file.
2026-05-07 10:55:14,899 [ERROR] LogOutputStream:75 - [STDERR_REDIRECT] 
2026-05-07 10:55:15,900 [ERROR] LogOutputStream:75 - [STDERR_REDIRECT] [Fatal Error] :1:1: Premature end of file.
2026-05-07 10:55:15,901 [ERROR] LogOutputStream:75 - [STDERR_REDIRECT] 
2026-05-07 10:55:16,901 [ERROR] LogOutputStream:75 - [STDERR_REDIRECT] [Fatal Error] :1:1: Premature end of file.
2026-05-07 10:55:16,901 [ERROR] LogOutputStream:75 - [STDERR_REDIRECT] 
2026-05-07 10:55:17,899 [ERROR] LogOutputStream:75 - [STDERR_REDIRECT] [Fatal Error] :1:1: Premature end of file.
2026-05-07 10:55:17,900 [ERROR] LogOutputStream:75 - [STDERR_REDIRECT] 
2026-05-07 10:55:18,898 [ERROR] LogOutputStream:75 - [STDERR_REDIRECT] [Fatal Error] :1:1: Premature end of file.
2026-05-07 10:55:18,899 [ERROR] LogOutputStream:75 - [STDERR_REDIRECT] 
2026-05-07 10:55:19,894 [ERROR] LogOutputStream:75 - [STDERR_REDIRECT] [Fatal Error] :1:1: Premature end of file.
2026-05-07 10:55:19,895 [ERROR] LogOutputStream:75 - [STDERR_REDIRECT] 
2026-05-07 10:55:20,898 [ERROR] LogOutputStream:75 - [STDERR_REDIRECT] [Fatal Error] :1:1: Premature end of file.
2026-05-07 10:55:20,899 [ERROR] LogOutputStream:75 - [STDERR_REDIRECT] 
2026-05-07 10:55:21,882 [ERROR] LogOutputStream:75 - [STDERR_REDIRECT] [Fatal Error] :1:1: Premature end of file.
2026-05-07 10:55:21,882 [ERROR] LogOutputStream:75 - [STDERR_REDIRECT] 
2026-05-07 10:55:22,897 [ERROR] LogOutputStream:75 - [STDERR_REDIRECT] [Fatal Error] :1:1: Premature end of file.
2026-05-07 10:55:22,897 [ERROR] LogOutputStream:75 - [STDERR_REDIRECT] 
2026-05-07 10:55:23,893 [ERROR] LogOutputStream:75 - [STDERR_REDIRECT] [Fatal Error] :1:1: Premature end of file.
2026-05-07 10:55:23,893 [ERROR] LogOutputStream:75 - [STDERR_REDIRECT] 
2026-05-07 10:55:24,898 [ERROR] LogOutputStream:75 - [STDERR_REDIRECT] [Fatal Error] :1:1: Premature end of file.
2026-05-07 10:55:24,898 [ERROR] LogOutputStream:75 - [STDERR_REDIRECT] 
2026-05-07 10:55:25,901 [ERROR] LogOutputStream:75 - [STDERR_REDIRECT] [Fatal Error] :1:1: Premature end of file.
2026-05-07 10:55:25,901 [ERROR] LogOutputStream:75 - [STDERR_REDIRECT] 
2026-05-07 10:55:26,903 [ERROR] LogOutputStream:75 - [STDERR_REDIRECT] [Fatal Error] :1:1: Premature end of file.
2026-05-07 10:55:26,904 [ERROR] LogOutputStream:75 - [STDERR_REDIRECT] 
2026-05-07 10:55:27,899 [ERROR] LogOutputStream:75 - [STDERR_REDIRECT] [Fatal Error] :1:1: Premature end of file.
2026-05-07 10:55:27,899 [ERROR] LogOutputStream:75 - [STDERR_REDIRECT] 
2026-05-07 10:55:28,895 [ERROR] LogOutputStream:75 - [STDERR_REDIRECT] [Fatal Error] :1:1: Premature end of file.
2026-05-07 10:55:28,895 [ERROR] LogOutputStream:75 - [STDERR_REDIRECT] 
2026-05-07 10:55:29,899 [ERROR] LogOutputStream:75 - [STDERR_REDIRECT] [Fatal Error] :1:1: Premature end of file.
2026-05-07 10:55:29,899 [ERROR] LogOutputStream:75 - [STDERR_REDIRECT] 
2026-05-07 10:55:30,903 [ERROR] LogOutputStream:75 - [STDERR_REDIRECT] [Fatal Error] :1:1: Premature end of file.
2026-05-07 10:55:30,903 [ERROR] LogOutputStream:75 - [STDERR_REDIRECT] 
2026-05-07 10:55:31,899 [ERROR] LogOutputStream:75 - [STDERR_REDIRECT] [Fatal Error] :1:1: Premature end of file.
2026-05-07 10:55:31,899 [ERROR] LogOutputStream:75 - [STDERR_REDIRECT] 
2026-05-07 10:55:32,896 [ERROR] LogOutputStream:75 - [STDERR_REDIRECT] [Fatal Error] :1:1: Premature end of file.
2026-05-07 10:55:32,896 [ERROR] LogOutputStream:75 - [STDERR_REDIRECT] 
2026-05-07 10:55:33,893 [ERROR] LogOutputStream:75 - [STDERR_REDIRECT] [Fatal Error] :1:1: Premature end of file.
2026-05-07 10:55:33,893 [ERROR] LogOutputStream:75 - [STDERR_REDIRECT] 
2026-05-07 10:55:34,877 [ERROR] LogOutputStream:75 - [STDERR_REDIRECT] [Fatal Error] :1:1: Premature end of file.
2026-05-07 10:55:34,878 [ERROR] LogOutputStream:75 - [STDERR_REDIRECT] 
2026-05-07 10:55:35,896 [ERROR] LogOutputStream:75 - [STDERR_REDIRECT] [Fatal Error] :1:1: Premature end of file.
2026-05-07 10:55:35,896 [ERROR] LogOutputStream:75 - [STDERR_REDIRECT] 
2026-05-07 10:55:36,895 [ERROR] LogOutputStream:75 - [STDERR_REDIRECT] [Fatal Error] :1:1: Premature end of file.
2026-05-07 10:55:36,895 [ERROR] LogOutputStream:75 - [STDERR_REDIRECT] 
2026-05-07 10:55:37,894 [ERROR] LogOutputStream:75 - [STDERR_REDIRECT] [Fatal Error] :1:1: Premature end of file.
2026-05-07 10:55:37,895 [ERROR] LogOutputStream:75 - [STDERR_REDIRECT] 
2026-05-07 10:55:38,899 [ERROR] LogOutputStream:75 - [STDERR_REDIRECT] [Fatal Error] :1:1: Premature end of file.
2026-05-07 10:55:38,899 [ERROR] LogOutputStream:75 - [STDERR_REDIRECT] 
2026-05-07 10:55:39,896 [ERROR] LogOutputStream:75 - [STDERR_REDIRECT] [Fatal Error] :1:1: Premature end of file.
2026-05-07 10:55:39,896 [ERROR] LogOutputStream:75 - [STDERR_REDIRECT] 
2026-05-07 10:55:40,895 [ERROR] LogOutputStream:75 - [STDERR_REDIRECT] [Fatal Error] :1:1: Premature end of file.
2026-05-07 10:55:40,895 [ERROR] LogOutputStream:75 - [STDERR_REDIRECT] 
2026-05-07 10:55:41,890 [ERROR] LogOutputStream:75 - [STDERR_REDIRECT] [Fatal Error] :1:1: Premature end of file.
2026-05-07 10:55:41,890 [ERROR] LogOutputStream:75 - [STDERR_REDIRECT] 
2026-05-07 10:55:42,898 [ERROR] LogOutputStream:75 - [STDERR_REDIRECT] [Fatal Error] :1:1: Premature end of file.
2026-05-07 10:55:42,899 [ERROR] LogOutputStream:75 - [STDERR_REDIRECT] 
2026-05-07 10:55:43,896 [ERROR] LogOutputStream:75 - [STDERR_REDIRECT] [Fatal Error] :1:1: Premature end of file.
2026-05-07 10:55:43,896 [ERROR] LogOutputStream:75 - [STDERR_REDIRECT] 
2026-05-07 10:55:44,895 [ERROR] LogOutputStream:75 - [STDERR_REDIRECT] [Fatal Error] :1:1: Premature end of file.
2026-05-07 10:55:44,895 [ERROR] LogOutputStream:75 - [STDERR_REDIRECT] 
2026-05-07 10:55:45,900 [ERROR] LogOutputStream:75 - [STDERR_REDIRECT] [Fatal Error] :1:1: Premature end of file.
2026-05-07 10:55:45,900 [ERROR] LogOutputStream:75 - [STDERR_REDIRECT] 
2026-05-07 10:55:46,901 [ERROR] LogOutputStream:75 - [STDERR_REDIRECT] [Fatal Error] :1:1: Premature end of file.
2026-05-07 10:55:46,901 [ERROR] LogOutputStream:75 - [STDERR_REDIRECT] 
2026-05-07 10:55:47,902 [ERROR] LogOutputStream:75 - [STDERR_REDIRECT] [Fatal Error] :1:1: Premature end of file.
2026-05-07 10:55:47,903 [ERROR] LogOutputStream:75 - [STDERR_REDIRECT] 
2026-05-07 10:55:48,898 [ERROR] LogOutputStream:75 - [STDERR_REDIRECT] [Fatal Error] :1:1: Premature end of file.
2026-05-07 10:55:48,898 [ERROR] LogOutputStream:75 - [STDERR_REDIRECT] 
2026-05-07 10:55:49,897 [ERROR] LogOutputStream:75 - [STDERR_REDIRECT] [Fatal Error] :1:1: Premature end of file.
2026-05-07 10:55:49,898 [ERROR] LogOutputStream:75 - [STDERR_REDIRECT] 
2026-05-07 10:55:50,893 [ERROR] LogOutputStream:75 - [STDERR_REDIRECT] [Fatal Error] :1:1: Premature end of file.
2026-05-07 10:55:50,893 [ERROR] LogOutputStream:75 - [STDERR_REDIRECT] 
2026-05-07 10:55:51,897 [ERROR] LogOutputStream:75 - [STDERR_REDIRECT] [Fatal Error] :1:1: Premature end of file.
2026-05-07 10:55:51,897 [ERROR] LogOutputStream:75 - [STDERR_REDIRECT] 
2026-05-07 10:55:52,898 [ERROR] LogOutputStream:75 - [STDERR_REDIRECT] [Fatal Error] :1:1: Premature end of file.
2026-05-07 10:55:52,898 [ERROR] LogOutputStream:75 - [STDERR_REDIRECT] 
2026-05-07 10:55:53,900 [ERROR] LogOutputStream:75 - [STDERR_REDIRECT] [Fatal Error] :1:1: Premature end of file.
2026-05-07 10:55:53,900 [ERROR] LogOutputStream:75 - [STDERR_REDIRECT] 
2026-05-07 10:55:54,899 [ERROR] LogOutputStream:75 - [STDERR_REDIRECT] [Fatal Error] :1:1: Premature end of file.
2026-05-07 10:55:54,899 [ERROR] LogOutputStream:75 - [STDERR_REDIRECT] 
2026-05-07 10:55:55,901 [ERROR] LogOutputStream:75 - [STDERR_REDIRECT] [Fatal Error] :1:1: Premature end of file.
2026-05-07 10:55:55,901 [ERROR] LogOutputStream:75 - [STDERR_REDIRECT] 
2026-05-07 10:55:56,893 [ERROR] LogOutputStream:75 - [STDERR_REDIRECT] [Fatal Error] :1:1: Premature end of file.
2026-05-07 10:55:56,893 [ERROR] LogOutputStream:75 - [STDERR_REDIRECT] 
2026-05-07 10:55:57,894 [ERROR] LogOutputStream:75 - [STDERR_REDIRECT] [Fatal Error] :1:1: Premature end of file.
2026-05-07 10:55:57,895 [ERROR] LogOutputStream:75 - [STDERR_REDIRECT] 
2026-05-07 10:55:58,903 [ERROR] LogOutputStream:75 - [STDERR_REDIRECT] [Fatal Error] :1:1: Premature end of file.
2026-05-07 10:55:58,904 [ERROR] LogOutputStream:75 - [STDERR_REDIRECT] 
2026-05-07 10:55:59,903 [ERROR] LogOutputStream:75 - [STDERR_REDIRECT] [Fatal Error] :1:1: Premature end of file.
2026-05-07 10:55:59,904 [ERROR] LogOutputStream:75 - [STDERR_REDIRECT] 
2026-05-07 10:56:00,910 [ERROR] LogOutputStream:75 - [STDERR_REDIRECT] [Fatal Error] :1:1: Premature end of file.
2026-05-07 10:56:00,910 [ERROR] LogOutputStream:75 - [STDERR_REDIRECT] 
2026-05-07 10:56:01,897 [ERROR] LogOutputStream:75 - [STDERR_REDIRECT] [Fatal Error] :1:1: Premature end of file.
2026-05-07 10:56:01,898 [ERROR] LogOutputStream:75 - [STDERR_REDIRECT] 
2026-05-07 10:56:02,903 [ERROR] LogOutputStream:75 - [STDERR_REDIRECT] [Fatal Error] :1:1: Premature end of file.
2026-05-07 10:56:02,903 [ERROR] LogOutputStream:75 - [STDERR_REDIRECT] 
2026-05-07 10:56:03,900 [ERROR] LogOutputStream:75 - [STDERR_REDIRECT] [Fatal Error] :1:1: Premature end of file.
2026-05-07 10:56:03,900 [ERROR] LogOutputStream:75 - [STDERR_REDIRECT] 
2026-05-07 10:56:04,898 [ERROR] LogOutputStream:75 - [STDERR_REDIRECT] [Fatal Error] :1:1: Premature end of file.
2026-05-07 10:56:04,898 [ERROR] LogOutputStream:75 - [STDERR_REDIRECT] 
2026-05-07 10:56:05,894 [ERROR] LogOutputStream:75 - [STDERR_REDIRECT] [Fatal Error] :1:1: Premature end of file.
2026-05-07 10:56:05,894 [ERROR] LogOutputStream:75 - [STDERR_REDIRECT] 
2026-05-07 10:56:06,896 [ERROR] LogOutputStream:75 - [STDERR_REDIRECT] [Fatal Error] :1:1: Premature end of file.
2026-05-07 10:56:06,896 [ERROR] LogOutputStream:75 - [STDERR_REDIRECT] 
2026-05-07 10:56:07,895 [ERROR] LogOutputStream:75 - [STDERR_REDIRECT] [Fatal Error] :1:1: Premature end of file.
2026-05-07 10:56:07,895 [ERROR] LogOutputStream:75 - [STDERR_REDIRECT] 
2026-05-07 10:56:08,896 [ERROR] LogOutputStream:75 - [STDERR_REDIRECT] [Fatal Error] :1:1: Premature end of file.
2026-05-07 10:56:08,896 [ERROR] LogOutputStream:75 - [STDERR_REDIRECT] 
2026-05-07 10:56:09,894 [ERROR] LogOutputStream:75 - [STDERR_REDIRECT] [Fatal Error] :1:1: Premature end of file.
2026-05-07 10:56:09,894 [ERROR] LogOutputStream:75 - [STDERR_REDIRECT] 
2026-05-07 10:56:10,890 [ERROR] LogOutputStream:75 - [STDERR_REDIRECT] [Fatal Error] :1:1: Premature end of file.
2026-05-07 10:56:10,890 [ERROR] LogOutputStream:75 - [STDERR_REDIRECT] 
2026-05-07 10:56:11,892 [ERROR] LogOutputStream:75 - [STDERR_REDIRECT] [Fatal Error] :1:1: Premature end of file.
2026-05-07 10:56:11,892 [ERROR] LogOutputStream:75 - [STDERR_REDIRECT] 
2026-05-07 10:56:12,902 [ERROR] LogOutputStream:75 - [STDERR_REDIRECT] [Fatal Error] :1:1: Premature end of file.
2026-05-07 10:56:12,903 [ERROR] LogOutputStream:75 - [STDERR_REDIRECT] 
2026-05-07 10:56:13,892 [ERROR] LogOutputStream:75 - [STDERR_REDIRECT] [Fatal Error] :1:1: Premature end of file.
2026-05-07 10:56:13,892 [ERROR] LogOutputStream:75 - [STDERR_REDIRECT] 
2026-05-07 10:56:14,894 [ERROR] LogOutputStream:75 - [STDERR_REDIRECT] [Fatal Error] :1:1: Premature end of file.
2026-05-07 10:56:14,894 [ERROR] LogOutputStream:75 - [STDERR_REDIRECT] 
2026-05-07 10:56:15,905 [ERROR] LogOutputStream:75 - [STDERR_REDIRECT] [Fatal Error] :1:1: Premature end of file.
2026-05-07 10:56:15,905 [ERROR] LogOutputStream:75 - [STDERR_REDIRECT] 
2026-05-07 10:56:16,896 [ERROR] LogOutputStream:75 - [STDERR_REDIRECT] [Fatal Error] :1:1: Premature end of file.
2026-05-07 10:56:16,897 [ERROR] LogOutputStream:75 - [STDERR_REDIRECT] 
2026-05-07 10:56:17,901 [ERROR] LogOutputStream:75 - [STDERR_REDIRECT] [Fatal Error] :1:1: Premature end of file.
2026-05-07 10:56:17,901 [ERROR] LogOutputStream:75 - [STDERR_REDIRECT] 
2026-05-07 10:56:18,899 [ERROR] LogOutputStream:75 - [STDERR_REDIRECT] [Fatal Error] :1:1: Premature end of file.
2026-05-07 10:56:18,899 [ERROR] LogOutputStream:75 - [STDERR_REDIRECT] 
2026-05-07 10:56:19,897 [ERROR] LogOutputStream:75 - [STDERR_REDIRECT] [Fatal Error] :1:1: Premature end of file.
2026-05-07 10:56:19,898 [ERROR] LogOutputStream:75 - [STDERR_REDIRECT] 
2026-05-07 10:56:20,898 [ERROR] LogOutputStream:75 - [STDERR_REDIRECT] [Fatal Error] :1:1: Premature end of file.
2026-05-07 10:56:20,898 [ERROR] LogOutputStream:75 - [STDERR_REDIRECT] 
2026-05-07 10:56:21,897 [ERROR] LogOutputStream:75 - [STDERR_REDIRECT] [Fatal Error] :1:1: Premature end of file.
2026-05-07 10:56:21,897 [ERROR] LogOutputStream:75 - [STDERR_REDIRECT] 
2026-05-07 10:56:22,901 [ERROR] LogOutputStream:75 - [STDERR_REDIRECT] [Fatal Error] :1:1: Premature end of file.
2026-05-07 10:56:22,901 [ERROR] LogOutputStream:75 - [STDERR_REDIRECT] 
2026-05-07 10:56:23,898 [ERROR] LogOutputStream:75 - [STDERR_REDIRECT] [Fatal Error] :1:1: Premature end of file.
2026-05-07 10:56:23,898 [ERROR] LogOutputStream:75 - [STDERR_REDIRECT] 
2026-05-07 10:56:24,893 [ERROR] LogOutputStream:75 - [STDERR_REDIRECT] [Fatal Error] :1:1: Premature end of file.
2026-05-07 10:56:24,894 [ERROR] LogOutputStream:75 - [STDERR_REDIRECT] 
2026-05-07 10:56:25,885 [ERROR] LogOutputStream:75 - [STDERR_REDIRECT] [Fatal Error] :1:1: Premature end of file.
2026-05-07 10:56:25,886 [ERROR] LogOutputStream:75 - [STDERR_REDIRECT] 
2026-05-07 10:56:26,913 [ERROR] LogOutputStream:75 - [STDERR_REDIRECT] [Fatal Error] :1:1: Premature end of file.
2026-05-07 10:56:26,913 [ERROR] LogOutputStream:75 - [STDERR_REDIRECT] 
2026-05-07 10:56:27,899 [ERROR] LogOutputStream:75 - [STDERR_REDIRECT] [Fatal Error] :1:1: Premature end of file.
2026-05-07 10:56:27,900 [ERROR] LogOutputStream:75 - [STDERR_REDIRECT] 
2026-05-07 10:56:28,893 [ERROR] LogOutputStream:75 - [STDERR_REDIRECT] [Fatal Error] :1:1: Premature end of file.
2026-05-07 10:56:28,893 [ERROR] LogOutputStream:75 - [STDERR_REDIRECT] 
2026-05-07 10:56:29,905 [ERROR] LogOutputStream:75 - [STDERR_REDIRECT] [Fatal Error] :1:1: Premature end of file.
2026-05-07 10:56:29,905 [ERROR] LogOutputStream:75 - [STDERR_REDIRECT] 
2026-05-07 10:56:30,892 [ERROR] LogOutputStream:75 - [STDERR_REDIRECT] [Fatal Error] :1:1: Premature end of file.
2026-05-07 10:56:30,893 [ERROR] LogOutputStream:75 - [STDERR_REDIRECT] 
2026-05-07 10:56:31,885 [ERROR] LogOutputStream:75 - [STDERR_REDIRECT] [Fatal Error] :1:1: Premature end of file.
2026-05-07 10:56:31,885 [ERROR] LogOutputStream:75 - [STDERR_REDIRECT] 
2026-05-07 10:56:32,896 [ERROR] LogOutputStream:75 - [STDERR_REDIRECT] [Fatal Error] :1:1: Premature end of file.
2026-05-07 10:56:32,897 [ERROR] LogOutputStream:75 - [STDERR_REDIRECT] 
2026-05-07 10:56:33,895 [ERROR] LogOutputStream:75 - [STDERR_REDIRECT] [Fatal Error] :1:1: Premature end of file.
2026-05-07 10:56:33,896 [ERROR] LogOutputStream:75 - [STDERR_REDIRECT] 
2026-05-07 10:56:34,897 [ERROR] LogOutputStream:75 - [STDERR_REDIRECT] [Fatal Error] :1:1: Premature end of file.
2026-05-07 10:56:34,897 [ERROR] LogOutputStream:75 - [STDERR_REDIRECT] 
2026-05-07 10:56:35,891 [ERROR] LogOutputStream:75 - [STDERR_REDIRECT] [Fatal Error] :1:1: Premature end of file.
2026-05-07 10:56:35,891 [ERROR] LogOutputStream:75 - [STDERR_REDIRECT] 
2026-05-07 10:56:36,897 [ERROR] LogOutputStream:75 - [STDERR_REDIRECT] [Fatal Error] :1:1: Premature end of file.
2026-05-07 10:56:36,897 [ERROR] LogOutputStream:75 - [STDERR_REDIRECT] 
2026-05-07 10:56:37,902 [ERROR] LogOutputStream:75 - [STDERR_REDIRECT] [Fatal Error] :1:1: Premature end of file.
2026-05-07 10:56:37,902 [ERROR] LogOutputStream:75 - [STDERR_REDIRECT] 
2026-05-07 10:56:38,897 [ERROR] LogOutputStream:75 - [STDERR_REDIRECT] [Fatal Error] :1:1: Premature end of file.
2026-05-07 10:56:38,897 [ERROR] LogOutputStream:75 - [STDERR_REDIRECT] 
2026-05-07 10:56:39,902 [ERROR] LogOutputStream:75 - [STDERR_REDIRECT] [Fatal Error] :1:1: Premature end of file.
2026-05-07 10:56:39,903 [ERROR] LogOutputStream:75 - [STDERR_REDIRECT] 
2026-05-07 10:56:40,898 [ERROR] LogOutputStream:75 - [STDERR_REDIRECT] [Fatal Error] :1:1: Premature end of file.
2026-05-07 10:56:40,899 [ERROR] LogOutputStream:75 - [STDERR_REDIRECT] 
2026-05-07 10:56:41,894 [ERROR] LogOutputStream:75 - [STDERR_REDIRECT] [Fatal Error] :1:1: Premature end of file.
2026-05-07 10:56:41,894 [ERROR] LogOutputStream:75 - [STDERR_REDIRECT] 
2026-05-07 10:56:42,899 [ERROR] LogOutputStream:75 - [STDERR_REDIRECT] [Fatal Error] :1:1: Premature end of file.
2026-05-07 10:56:42,899 [ERROR] LogOutputStream:75 - [STDERR_REDIRECT] 
2026-05-07 10:56:43,895 [ERROR] LogOutputStream:75 - [STDERR_REDIRECT] [Fatal Error] :1:1: Premature end of file.
2026-05-07 10:56:43,895 [ERROR] LogOutputStream:75 - [STDERR_REDIRECT] 
2026-05-07 10:56:44,879 [ERROR] LogOutputStream:75 - [STDERR_REDIRECT] [Fatal Error] :1:1: Premature end of file.
2026-05-07 10:56:44,879 [ERROR] LogOutputStream:75 - [STDERR_REDIRECT] 
2026-05-07 10:56:45,887 [ERROR] LogOutputStream:75 - [STDERR_REDIRECT] [Fatal Error] :1:1: Premature end of file.
2026-05-07 10:56:45,887 [ERROR] LogOutputStream:75 - [STDERR_REDIRECT] 
2026-05-07 10:56:46,895 [ERROR] LogOutputStream:75 - [STDERR_REDIRECT] [Fatal Error] :1:1: Premature end of file.
2026-05-07 10:56:46,895 [ERROR] LogOutputStream:75 - [STDERR_REDIRECT] 
2026-05-07 10:56:47,903 [ERROR] LogOutputStream:75 - [STDERR_REDIRECT] [Fatal Error] :1:1: Premature end of file.
2026-05-07 10:56:47,903 [ERROR] LogOutputStream:75 - [STDERR_REDIRECT] 
2026-05-07 10:56:48,886 [ERROR] LogOutputStream:75 - [STDERR_REDIRECT] [Fatal Error] :1:1: Premature end of file.
2026-05-07 10:56:48,886 [ERROR] LogOutputStream:75 - [STDERR_REDIRECT] 
2026-05-07 10:56:49,885 [ERROR] LogOutputStream:75 - [STDERR_REDIRECT] [Fatal Error] :1:1: Premature end of file.
2026-05-07 10:56:49,885 [ERROR] LogOutputStream:75 - [STDERR_REDIRECT] 
2026-05-07 10:56:50,891 [ERROR] LogOutputStream:75 - [STDERR_REDIRECT] [Fatal Error] :1:1: Premature end of file.
2026-05-07 10:56:50,891 [ERROR] LogOutputStream:75 - [STDERR_REDIRECT] 
2026-05-07 10:56:51,888 [ERROR] LogOutputStream:75 - [STDERR_REDIRECT] [Fatal Error] :1:1: Premature end of file.
2026-05-07 10:56:51,888 [ERROR] LogOutputStream:75 - [STDERR_REDIRECT] 
2026-05-07 10:56:52,897 [ERROR] LogOutputStream:75 - [STDERR_REDIRECT] [Fatal Error] :1:1: Premature end of file.
2026-05-07 10:56:52,897 [ERROR] LogOutputStream:75 - [STDERR_REDIRECT] 
2026-05-07 10:56:53,895 [ERROR] LogOutputStream:75 - [STDERR_REDIRECT] [Fatal Error] :1:1: Premature end of file.
2026-05-07 10:56:53,895 [ERROR] LogOutputStream:75 - [STDERR_REDIRECT] 
2026-05-07 10:56:54,893 [ERROR] LogOutputStream:75 - [STDERR_REDIRECT] [Fatal Error] :1:1: Premature end of file.
2026-05-07 10:56:54,893 [ERROR] LogOutputStream:75 - [STDERR_REDIRECT] 
2026-05-07 10:56:55,895 [ERROR] LogOutputStream:75 - [STDERR_REDIRECT] [Fatal Error] :1:1: Premature end of file.
2026-05-07 10:56:55,896 [ERROR] LogOutputStream:75 - [STDERR_REDIRECT] 
2026-05-07 10:56:56,898 [ERROR] LogOutputStream:75 - [STDERR_REDIRECT] [Fatal Error] :1:1: Premature end of file.
2026-05-07 10:56:56,899 [ERROR] LogOutputStream:75 - [STDERR_REDIRECT] 
2026-05-07 10:56:57,895 [ERROR] LogOutputStream:75 - [STDERR_REDIRECT] [Fatal Error] :1:1: Premature end of file.
2026-05-07 10:56:57,896 [ERROR] LogOutputStream:75 - [STDERR_REDIRECT] 
2026-05-07 10:56:58,899 [ERROR] LogOutputStream:75 - [STDERR_REDIRECT] [Fatal Error] :1:1: Premature end of file.
2026-05-07 10:56:58,899 [ERROR] LogOutputStream:75 - [STDERR_REDIRECT] 
2026-05-07 10:56:59,893 [ERROR] LogOutputStream:75 - [STDERR_REDIRECT] [Fatal Error] :1:1: Premature end of file.
2026-05-07 10:56:59,893 [ERROR] LogOutputStream:75 - [STDERR_REDIRECT] 
2026-05-07 10:57:00,897 [ERROR] LogOutputStream:75 - [STDERR_REDIRECT] [Fatal Error] :1:1: Premature end of file.
2026-05-07 10:57:00,897 [ERROR] LogOutputStream:75 - [STDERR_REDIRECT] 
2026-05-07 10:57:01,899 [ERROR] LogOutputStream:75 - [STDERR_REDIRECT] [Fatal Error] :1:1: Premature end of file.
2026-05-07 10:57:01,899 [ERROR] LogOutputStream:75 - [STDERR_REDIRECT] 
2026-05-07 10:57:02,899 [ERROR] LogOutputStream:75 - [STDERR_REDIRECT] [Fatal Error] :1:1: Premature end of file.
2026-05-07 10:57:02,900 [ERROR] LogOutputStream:75 - [STDERR_REDIRECT] 
2026-05-07 10:57:03,898 [ERROR] LogOutputStream:75 - [STDERR_REDIRECT] [Fatal Error] :1:1: Premature end of file.
2026-05-07 10:57:03,899 [ERROR] LogOutputStream:75 - [STDERR_REDIRECT] 
2026-05-07 10:57:04,899 [ERROR] LogOutputStream:75 - [STDERR_REDIRECT] [Fatal Error] :1:1: Premature end of file.
2026-05-07 10:57:04,899 [ERROR] LogOutputStream:75 - [STDERR_REDIRECT] 
2026-05-07 10:57:05,900 [ERROR] LogOutputStream:75 - [STDERR_REDIRECT] [Fatal Error] :1:1: Premature end of file.
2026-05-07 10:57:05,901 [ERROR] LogOutputStream:75 - [STDERR_REDIRECT] 
2026-05-07 10:57:06,892 [ERROR] LogOutputStream:75 - [STDERR_REDIRECT] [Fatal Error] :1:1: Premature end of file.
2026-05-07 10:57:06,892 [ERROR] LogOutputStream:75 - [STDERR_REDIRECT] 
2026-05-07 10:57:07,900 [ERROR] LogOutputStream:75 - [STDERR_REDIRECT] [Fatal Error] :1:1: Premature end of file.
2026-05-07 10:57:07,900 [ERROR] LogOutputStream:75 - [STDERR_REDIRECT] 
2026-05-07 10:57:08,898 [ERROR] LogOutputStream:75 - [STDERR_REDIRECT] [Fatal Error] :1:1: Premature end of file.
2026-05-07 10:57:08,898 [ERROR] LogOutputStream:75 - [STDERR_REDIRECT] 
2026-05-07 10:57:09,897 [ERROR] LogOutputStream:75 - [STDERR_REDIRECT] [Fatal Error] :1:1: Premature end of file.
2026-05-07 10:57:09,897 [ERROR] LogOutputStream:75 - [STDERR_REDIRECT] 
2026-05-07 10:57:10,888 [ERROR] LogOutputStream:75 - [STDERR_REDIRECT] [Fatal Error] :1:1: Premature end of file.
2026-05-07 10:57:10,888 [ERROR] LogOutputStream:75 - [STDERR_REDIRECT] 
2026-05-07 10:57:11,893 [ERROR] LogOutputStream:75 - [STDERR_REDIRECT] [Fatal Error] :1:1: Premature end of file.
2026-05-07 10:57:11,893 [ERROR] LogOutputStream:75 - [STDERR_REDIRECT] 
2026-05-07 10:57:12,893 [ERROR] LogOutputStream:75 - [STDERR_REDIRECT] [Fatal Error] :1:1: Premature end of file.
2026-05-07 10:57:12,893 [ERROR] LogOutputStream:75 - [STDERR_REDIRECT] 
2026-05-07 10:57:13,880 [ERROR] LogOutputStream:75 - [STDERR_REDIRECT] [Fatal Error] :1:1: Premature end of file.
2026-05-07 10:57:13,880 [ERROR] LogOutputStream:75 - [STDERR_REDIRECT] 
2026-05-07 10:57:14,895 [ERROR] LogOutputStream:75 - [STDERR_REDIRECT] [Fatal Error] :1:1: Premature end of file.
2026-05-07 10:57:14,896 [ERROR] LogOutputStream:75 - [STDERR_REDIRECT] 
2026-05-07 10:57:15,896 [ERROR] LogOutputStream:75 - [STDERR_REDIRECT] [Fatal Error] :1:1: Premature end of file.
2026-05-07 10:57:15,896 [ERROR] LogOutputStream:75 - [STDERR_REDIRECT] 
2026-05-07 10:57:16,896 [ERROR] LogOutputStream:75 - [STDERR_REDIRECT] [Fatal Error] :1:1: Premature end of file.
2026-05-07 10:57:16,896 [ERROR] LogOutputStream:75 - [STDERR_REDIRECT] 
2026-05-07 10:57:17,890 [ERROR] LogOutputStream:75 - [STDERR_REDIRECT] [Fatal Error] :1:1: Premature end of file.
2026-05-07 10:57:17,890 [ERROR] LogOutputStream:75 - [STDERR_REDIRECT] 
2026-05-07 10:57:18,905 [ERROR] LogOutputStream:75 - [STDERR_REDIRECT] [Fatal Error] :1:1: Premature end of file.
2026-05-07 10:57:18,905 [ERROR] LogOutputStream:75 - [STDERR_REDIRECT] 
2026-05-07 10:57:19,913 [ERROR] LogOutputStream:75 - [STDERR_REDIRECT] [Fatal Error] :1:1: Premature end of file.
2026-05-07 10:57:19,913 [ERROR] LogOutputStream:75 - [STDERR_REDIRECT] 
2026-05-07 10:57:20,904 [ERROR] LogOutputStream:75 - [STDERR_REDIRECT] [Fatal Error] :1:1: Premature end of file.
2026-05-07 10:57:20,904 [ERROR] LogOutputStream:75 - [STDERR_REDIRECT] 
2026-05-07 10:57:21,911 [ERROR] LogOutputStream:75 - [STDERR_REDIRECT] [Fatal Error] :1:1: Premature end of file.
2026-05-07 10:57:21,911 [ERROR] LogOutputStream:75 - [STDERR_REDIRECT] 
2026-05-07 10:57:22,922 [ERROR] LogOutputStream:75 - [STDERR_REDIRECT] [Fatal Error] :1:1: Premature end of file.
2026-05-07 10:57:22,922 [ERROR] LogOutputStream:75 - [STDERR_REDIRECT] 
2026-05-07 10:57:23,888 [ERROR] LogOutputStream:75 - [STDERR_REDIRECT] [Fatal Error] :1:1: Premature end of file.
2026-05-07 10:57:23,888 [ERROR] LogOutputStream:75 - [STDERR_REDIRECT] 
2026-05-07 10:57:24,913 [ERROR] LogOutputStream:75 - [STDERR_REDIRECT] [Fatal Error] :1:1: Premature end of file.
2026-05-07 10:57:24,913 [ERROR] LogOutputStream:75 - [STDERR_REDIRECT] 
2026-05-07 10:57:25,915 [ERROR] LogOutputStream:75 - [STDERR_REDIRECT] [Fatal Error] :1:1: Premature end of file.
2026-05-07 10:57:25,915 [ERROR] LogOutputStream:75 - [STDERR_REDIRECT] 
2026-05-07 10:57:26,915 [ERROR] LogOutputStream:75 - [STDERR_REDIRECT] [Fatal Error] :1:1: Premature end of file.
2026-05-07 10:57:26,915 [ERROR] LogOutputStream:75 - [STDERR_REDIRECT] 
2026-05-07 10:57:27,915 [ERROR] LogOutputStream:75 - [STDERR_REDIRECT] [Fatal Error] :1:1: Premature end of file.
2026-05-07 10:57:27,915 [ERROR] LogOutputStream:75 - [STDERR_REDIRECT] 
2026-05-07 10:57:28,912 [ERROR] LogOutputStream:75 - [STDERR_REDIRECT] [Fatal Error] :1:1: Premature end of file.
2026-05-07 10:57:28,912 [ERROR] LogOutputStream:75 - [STDERR_REDIRECT] 
2026-05-07 10:57:29,912 [ERROR] LogOutputStream:75 - [STDERR_REDIRECT] [Fatal Error] :1:1: Premature end of file.
2026-05-07 10:57:29,912 [ERROR] LogOutputStream:75 - [STDERR_REDIRECT] 
2026-05-07 10:57:30,891 [ERROR] LogOutputStream:75 - [STDERR_REDIRECT] [Fatal Error] :1:1: Premature end of file.
2026-05-07 10:57:30,891 [ERROR] LogOutputStream:75 - [STDERR_REDIRECT] 
2026-05-07 10:57:31,899 [ERROR] LogOutputStream:75 - [STDERR_REDIRECT] [Fatal Error] :1:1: Premature end of file.
2026-05-07 10:57:31,900 [ERROR] LogOutputStream:75 - [STDERR_REDIRECT] 
2026-05-07 10:57:32,895 [ERROR] LogOutputStream:75 - [STDERR_REDIRECT] [Fatal Error] :1:1: Premature end of file.
2026-05-07 10:57:32,895 [ERROR] LogOutputStream:75 - [STDERR_REDIRECT] 
2026-05-07 10:57:33,895 [ERROR] LogOutputStream:75 - [STDERR_REDIRECT] [Fatal Error] :1:1: Premature end of file.
2026-05-07 10:57:33,895 [ERROR] LogOutputStream:75 - [STDERR_REDIRECT] 
2026-05-07 10:57:34,915 [ERROR] LogOutputStream:75 - [STDERR_REDIRECT] [Fatal Error] :1:1: Premature end of file.
2026-05-07 10:57:34,915 [ERROR] LogOutputStream:75 - [STDERR_REDIRECT] 
2026-05-07 10:57:35,916 [ERROR] LogOutputStream:75 - [STDERR_REDIRECT] [Fatal Error] :1:1: Premature end of file.
2026-05-07 10:57:35,917 [ERROR] LogOutputStream:75 - [STDERR_REDIRECT] 
2026-05-07 10:57:36,914 [ERROR] LogOutputStream:75 - [STDERR_REDIRECT] [Fatal Error] :1:1: Premature end of file.
2026-05-07 10:57:36,914 [ERROR] LogOutputStream:75 - [STDERR_REDIRECT] 
2026-05-07 10:57:37,893 [ERROR] LogOutputStream:75 - [STDERR_REDIRECT] [Fatal Error] :1:1: Premature end of file.
2026-05-07 10:57:37,893 [ERROR] LogOutputStream:75 - [STDERR_REDIRECT] 
2026-05-07 10:57:38,899 [ERROR] LogOutputStream:75 - [STDERR_REDIRECT] [Fatal Error] :1:1: Premature end of file.
2026-05-07 10:57:38,899 [ERROR] LogOutputStream:75 - [STDERR_REDIRECT] 
2026-05-07 10:57:39,888 [ERROR] LogOutputStream:75 - [STDERR_REDIRECT] [Fatal Error] :1:1: Premature end of file.
2026-05-07 10:57:39,888 [ERROR] LogOutputStream:75 - [STDERR_REDIRECT] 
2026-05-07 10:57:40,911 [ERROR] LogOutputStream:75 - [STDERR_REDIRECT] [Fatal Error] :1:1: Premature end of file.
2026-05-07 10:57:40,911 [ERROR] LogOutputStream:75 - [STDERR_REDIRECT] 
2026-05-07 10:57:41,905 [ERROR] LogOutputStream:75 - [STDERR_REDIRECT] [Fatal Error] :1:1: Premature end of file.
2026-05-07 10:57:41,905 [ERROR] LogOutputStream:75 - [STDERR_REDIRECT] 
2026-05-07 10:57:42,888 [ERROR] LogOutputStream:75 - [STDERR_REDIRECT] [Fatal Error] :1:1: Premature end of file.
2026-05-07 10:57:42,903 [ERROR] LogOutputStream:75 - [STDERR_REDIRECT] 
2026-05-07 10:57:43,911 [ERROR] LogOutputStream:75 - [STDERR_REDIRECT] [Fatal Error] :1:1: Premature end of file.
2026-05-07 10:57:43,911 [ERROR] LogOutputStream:75 - [STDERR_REDIRECT] 
2026-05-07 10:57:44,911 [ERROR] LogOutputStream:75 - [STDERR_REDIRECT] [Fatal Error] :1:1: Premature end of file.
2026-05-07 10:57:44,911 [ERROR] LogOutputStream:75 - [STDERR_REDIRECT] 
2026-05-07 10:57:45,927 [ERROR] LogOutputStream:75 - [STDERR_REDIRECT] [Fatal Error] :1:1: Premature end of file.
2026-05-07 10:57:45,927 [ERROR] LogOutputStream:75 - [STDERR_REDIRECT] 
2026-05-07 10:57:46,886 [ERROR] LogOutputStream:75 - [STDERR_REDIRECT] [Fatal Error] :1:1: Premature end of file.
2026-05-07 10:57:46,886 [ERROR] LogOutputStream:75 - [STDERR_REDIRECT] 
2026-05-07 10:57:47,906 [ERROR] LogOutputStream:75 - [STDERR_REDIRECT] [Fatal Error] :1:1: Premature end of file.
2026-05-07 10:57:47,906 [ERROR] LogOutputStream:75 - [STDERR_REDIRECT] 
2026-05-07 10:57:48,909 [ERROR] LogOutputStream:75 - [STDERR_REDIRECT] [Fatal Error] :1:1: Premature end of file.
2026-05-07 10:57:48,909 [ERROR] LogOutputStream:75 - [STDERR_REDIRECT] 
2026-05-07 10:57:49,892 [ERROR] LogOutputStream:75 - [STDERR_REDIRECT] [Fatal Error] :1:1: Premature end of file.
2026-05-07 10:57:49,893 [ERROR] LogOutputStream:75 - [STDERR_REDIRECT] 
2026-05-07 10:57:50,907 [ERROR] LogOutputStream:75 - [STDERR_REDIRECT] [Fatal Error] :1:1: Premature end of file.
2026-05-07 10:57:50,907 [ERROR] LogOutputStream:75 - [STDERR_REDIRECT] 
2026-05-07 10:57:51,901 [ERROR] LogOutputStream:75 - [STDERR_REDIRECT] [Fatal Error] :1:1: Premature end of file.
2026-05-07 10:57:51,901 [ERROR] LogOutputStream:75 - [STDERR_REDIRECT] 
2026-05-07 10:57:52,913 [ERROR] LogOutputStream:75 - [STDERR_REDIRECT] [Fatal Error] :1:1: Premature end of file.
2026-05-07 10:57:52,914 [ERROR] LogOutputStream:75 - [STDERR_REDIRECT] 
2026-05-07 10:57:53,911 [ERROR] LogOutputStream:75 - [STDERR_REDIRECT] [Fatal Error] :1:1: Premature end of file.
2026-05-07 10:57:53,911 [ERROR] LogOutputStream:75 - [STDERR_REDIRECT] 
2026-05-07 10:57:54,910 [ERROR] LogOutputStream:75 - [STDERR_REDIRECT] [Fatal Error] :1:1: Premature end of file.
2026-05-07 10:57:54,910 [ERROR] LogOutputStream:75 - [STDERR_REDIRECT] 
2026-05-07 10:57:55,897 [ERROR] LogOutputStream:75 - [STDERR_REDIRECT] [Fatal Error] :1:1: Premature end of file.
2026-05-07 10:57:55,897 [ERROR] LogOutputStream:75 - [STDERR_REDIRECT] 
2026-05-07 10:57:56,897 [ERROR] LogOutputStream:75 - [STDERR_REDIRECT] [Fatal Error] :1:1: Premature end of file.
2026-05-07 10:57:56,898 [ERROR] LogOutputStream:75 - [STDERR_REDIRECT] 
2026-05-07 10:57:57,898 [ERROR] LogOutputStream:75 - [STDERR_REDIRECT] [Fatal Error] :1:1: Premature end of file.
2026-05-07 10:57:57,898 [ERROR] LogOutputStream:75 - [STDERR_REDIRECT] 
2026-05-07 10:57:58,899 [ERROR] LogOutputStream:75 - [STDERR_REDIRECT] [Fatal Error] :1:1: Premature end of file.
2026-05-07 10:57:58,899 [ERROR] LogOutputStream:75 - [STDERR_REDIRECT] 
2026-05-07 10:57:59,899 [ERROR] LogOutputStream:75 - [STDERR_REDIRECT] [Fatal Error] :1:1: Premature end of file.
2026-05-07 10:57:59,899 [ERROR] LogOutputStream:75 - [STDERR_REDIRECT] 
2026-05-07 10:58:00,900 [ERROR] LogOutputStream:75 - [STDERR_REDIRECT] [Fatal Error] :1:1: Premature end of file.
2026-05-07 10:58:00,901 [ERROR] LogOutputStream:75 - [STDERR_REDIRECT] 
2026-05-07 10:58:01,902 [ERROR] LogOutputStream:75 - [STDERR_REDIRECT] [Fatal Error] :1:1: Premature end of file.
2026-05-07 10:58:01,918 [ERROR] LogOutputStream:75 - [STDERR_REDIRECT] 
2026-05-07 10:58:02,886 [ERROR] LogOutputStream:75 - [STDERR_REDIRECT] [Fatal Error] :1:1: Premature end of file.
2026-05-07 10:58:02,886 [ERROR] LogOutputStream:75 - [STDERR_REDIRECT] 
2026-05-07 10:58:03,897 [ERROR] LogOutputStream:75 - [STDERR_REDIRECT] [Fatal Error] :1:1: Premature end of file.
2026-05-07 10:58:03,897 [ERROR] LogOutputStream:75 - [STDERR_REDIRECT] 
2026-05-07 10:58:04,896 [ERROR] LogOutputStream:75 - [STDERR_REDIRECT] [Fatal Error] :1:1: Premature end of file.
2026-05-07 10:58:04,896 [ERROR] LogOutputStream:75 - [STDERR_REDIRECT] 
2026-05-07 10:58:05,895 [ERROR] LogOutputStream:75 - [STDERR_REDIRECT] [Fatal Error] :1:1: Premature end of file.
2026-05-07 10:58:05,895 [ERROR] LogOutputStream:75 - [STDERR_REDIRECT] 
2026-05-07 10:58:06,890 [ERROR] LogOutputStream:75 - [STDERR_REDIRECT] [Fatal Error] :1:1: Premature end of file.
2026-05-07 10:58:06,890 [ERROR] LogOutputStream:75 - [STDERR_REDIRECT] 
2026-05-07 10:58:07,888 [ERROR] LogOutputStream:75 - [STDERR_REDIRECT] [Fatal Error] :1:1: Premature end of file.
2026-05-07 10:58:07,888 [ERROR] LogOutputStream:75 - [STDERR_REDIRECT] 
2026-05-07 10:58:08,912 [ERROR] LogOutputStream:75 - [STDERR_REDIRECT] [Fatal Error] :1:1: Premature end of file.
2026-05-07 10:58:08,912 [ERROR] LogOutputStream:75 - [STDERR_REDIRECT] 
2026-05-07 10:58:09,902 [ERROR] LogOutputStream:75 - [STDERR_REDIRECT] [Fatal Error] :1:1: Premature end of file.
2026-05-07 10:58:09,902 [ERROR] LogOutputStream:75 - [STDERR_REDIRECT] 
2026-05-07 10:58:10,909 [ERROR] LogOutputStream:75 - [STDERR_REDIRECT] [Fatal Error] :1:1: Premature end of file.
2026-05-07 10:58:10,910 [ERROR] LogOutputStream:75 - [STDERR_REDIRECT] 
2026-05-07 10:58:11,923 [ERROR] LogOutputStream:75 - [STDERR_REDIRECT] [Fatal Error] :1:1: Premature end of file.
2026-05-07 10:58:11,923 [ERROR] LogOutputStream:75 - [STDERR_REDIRECT] 
2026-05-07 10:58:12,895 [ERROR] LogOutputStream:75 - [STDERR_REDIRECT] [Fatal Error] :1:1: Premature end of file.
2026-05-07 10:58:12,895 [ERROR] LogOutputStream:75 - [STDERR_REDIRECT] 
2026-05-07 10:58:13,926 [ERROR] LogOutputStream:75 - [STDERR_REDIRECT] [Fatal Error] :1:1: Premature end of file.
2026-05-07 10:58:13,937 [ERROR] LogOutputStream:75 - [STDERR_REDIRECT] 
2026-05-07 10:58:14,881 [ERROR] LogOutputStream:75 - [STDERR_REDIRECT] [Fatal Error] :1:1: Premature end of file.
2026-05-07 10:58:14,881 [ERROR] LogOutputStream:75 - [STDERR_REDIRECT] 
2026-05-07 10:58:15,916 [ERROR] LogOutputStream:75 - [STDERR_REDIRECT] [Fatal Error] :1:1: Premature end of file.
2026-05-07 10:58:15,917 [ERROR] LogOutputStream:75 - [STDERR_REDIRECT] 
2026-05-07 10:58:16,919 [ERROR] LogOutputStream:75 - [STDERR_REDIRECT] [Fatal Error] :1:1: Premature end of file.
2026-05-07 10:58:16,920 [ERROR] LogOutputStream:75 - [STDERR_REDIRECT] 
2026-05-07 10:58:17,890 [ERROR] LogOutputStream:75 - [STDERR_REDIRECT] [Fatal Error] :1:1: Premature end of file.
2026-05-07 10:58:17,890 [ERROR] LogOutputStream:75 - [STDERR_REDIRECT] 
2026-05-07 10:58:18,895 [ERROR] LogOutputStream:75 - [STDERR_REDIRECT] [Fatal Error] :1:1: Premature end of file.
2026-05-07 10:58:18,895 [ERROR] LogOutputStream:75 - [STDERR_REDIRECT] 
2026-05-07 10:58:19,909 [ERROR] LogOutputStream:75 - [STDERR_REDIRECT] [Fatal Error] :1:1: Premature end of file.
2026-05-07 10:58:19,909 [ERROR] LogOutputStream:75 - [STDERR_REDIRECT] 
2026-05-07 10:58:20,899 [ERROR] LogOutputStream:75 - [STDERR_REDIRECT] [Fatal Error] :1:1: Premature end of file.
2026-05-07 10:58:20,899 [ERROR] LogOutputStream:75 - [STDERR_REDIRECT] 
2026-05-07 10:58:21,904 [ERROR] LogOutputStream:75 - [STDERR_REDIRECT] [Fatal Error] :1:1: Premature end of file.
2026-05-07 10:58:21,904 [ERROR] LogOutputStream:75 - [STDERR_REDIRECT] 
2026-05-07 10:58:22,898 [ERROR] LogOutputStream:75 - [STDERR_REDIRECT] [Fatal Error] :1:1: Premature end of file.
2026-05-07 10:58:22,898 [ERROR] LogOutputStream:75 - [STDERR_REDIRECT] 
2026-05-07 10:58:23,892 [ERROR] LogOutputStream:75 - [STDERR_REDIRECT] [Fatal Error] :1:1: Premature end of file.
2026-05-07 10:58:23,892 [ERROR] LogOutputStream:75 - [STDERR_REDIRECT] 
2026-05-07 10:58:24,916 [ERROR] LogOutputStream:75 - [STDERR_REDIRECT] [Fatal Error] :1:1: Premature end of file.
2026-05-07 10:58:24,916 [ERROR] LogOutputStream:75 - [STDERR_REDIRECT] 
2026-05-07 10:58:25,903 [ERROR] LogOutputStream:75 - [STDERR_REDIRECT] [Fatal Error] :1:1: Premature end of file.
2026-05-07 10:58:25,904 [ERROR] LogOutputStream:75 - [STDERR_REDIRECT] 
2026-05-07 10:58:26,892 [ERROR] LogOutputStream:75 - [STDERR_REDIRECT] [Fatal Error] :1:1: Premature end of file.
2026-05-07 10:58:26,892 [ERROR] LogOutputStream:75 - [STDERR_REDIRECT] 
2026-05-07 10:58:27,892 [ERROR] LogOutputStream:75 - [STDERR_REDIRECT] [Fatal Error] :1:1: Premature end of file.
2026-05-07 10:58:27,892 [ERROR] LogOutputStream:75 - [STDERR_REDIRECT] 
2026-05-07 10:58:28,895 [ERROR] LogOutputStream:75 - [STDERR_REDIRECT] [Fatal Error] :1:1: Premature end of file.
2026-05-07 10:58:28,895 [ERROR] LogOutputStream:75 - [STDERR_REDIRECT] 
2026-05-07 10:58:29,904 [ERROR] LogOutputStream:75 - [STDERR_REDIRECT] [Fatal Error] :1:1: Premature end of file.
2026-05-07 10:58:29,904 [ERROR] LogOutputStream:75 - [STDERR_REDIRECT] 
2026-05-07 10:58:30,909 [ERROR] LogOutputStream:75 - [STDERR_REDIRECT] [Fatal Error] :1:1: Premature end of file.
2026-05-07 10:58:30,909 [ERROR] LogOutputStream:75 - [STDERR_REDIRECT] 
2026-05-07 10:58:31,898 [ERROR] LogOutputStream:75 - [STDERR_REDIRECT] [Fatal Error] :1:1: Premature end of file.
2026-05-07 10:58:31,899 [ERROR] LogOutputStream:75 - [STDERR_REDIRECT] 
2026-05-07 10:58:32,895 [ERROR] LogOutputStream:75 - [STDERR_REDIRECT] [Fatal Error] :1:1: Premature end of file.
2026-05-07 10:58:32,895 [ERROR] LogOutputStream:75 - [STDERR_REDIRECT] 
2026-05-07 10:58:33,908 [ERROR] LogOutputStream:75 - [STDERR_REDIRECT] [Fatal Error] :1:1: Premature end of file.
2026-05-07 10:58:33,908 [ERROR] LogOutputStream:75 - [STDERR_REDIRECT] 
2026-05-07 10:58:34,900 [ERROR] LogOutputStream:75 - [STDERR_REDIRECT] [Fatal Error] :1:1: Premature end of file.
2026-05-07 10:58:34,900 [ERROR] LogOutputStream:75 - [STDERR_REDIRECT] 
2026-05-07 10:58:35,891 [ERROR] LogOutputStream:75 - [STDERR_REDIRECT] [Fatal Error] :1:1: Premature end of file.
2026-05-07 10:58:35,891 [ERROR] LogOutputStream:75 - [STDERR_REDIRECT] 
2026-05-07 10:58:36,894 [ERROR] LogOutputStream:75 - [STDERR_REDIRECT] [Fatal Error] :1:1: Premature end of file.
2026-05-07 10:58:36,895 [ERROR] LogOutputStream:75 - [STDERR_REDIRECT] 
2026-05-07 10:58:37,894 [ERROR] LogOutputStream:75 - [STDERR_REDIRECT] [Fatal Error] :1:1: Premature end of file.
2026-05-07 10:58:37,894 [ERROR] LogOutputStream:75 - [STDERR_REDIRECT] 
2026-05-07 10:58:38,878 [ERROR] LogOutputStream:75 - [STDERR_REDIRECT] [Fatal Error] :1:1: Premature end of file.
2026-05-07 10:58:38,878 [ERROR] LogOutputStream:75 - [STDERR_REDIRECT] 
2026-05-07 10:58:39,896 [ERROR] LogOutputStream:75 - [STDERR_REDIRECT] [Fatal Error] :1:1: Premature end of file.
2026-05-07 10:58:39,896 [ERROR] LogOutputStream:75 - [STDERR_REDIRECT] 
2026-05-07 10:58:40,878 [ERROR] LogOutputStream:75 - [STDERR_REDIRECT] [Fatal Error] :1:1: Premature end of file.
2026-05-07 10:58:40,878 [ERROR] LogOutputStream:75 - [STDERR_REDIRECT] 
2026-05-07 10:58:41,888 [ERROR] LogOutputStream:75 - [STDERR_REDIRECT] [Fatal Error] :1:1: Premature end of file.
2026-05-07 10:58:41,889 [ERROR] LogOutputStream:75 - [STDERR_REDIRECT] 
2026-05-07 10:58:42,904 [ERROR] LogOutputStream:75 - [STDERR_REDIRECT] [Fatal Error] :1:1: Premature end of file.
2026-05-07 10:58:42,904 [ERROR] LogOutputStream:75 - [STDERR_REDIRECT] 
2026-05-07 10:58:43,914 [ERROR] LogOutputStream:75 - [STDERR_REDIRECT] [Fatal Error] :1:1: Premature end of file.
2026-05-07 10:58:43,914 [ERROR] LogOutputStream:75 - [STDERR_REDIRECT] 
2026-05-07 10:58:44,919 [ERROR] LogOutputStream:75 - [STDERR_REDIRECT] [Fatal Error] :1:1: Premature end of file.
2026-05-07 10:58:44,919 [ERROR] LogOutputStream:75 - [STDERR_REDIRECT] 
2026-05-07 10:58:45,901 [ERROR] LogOutputStream:75 - [STDERR_REDIRECT] [Fatal Error] :1:1: Premature end of file.
2026-05-07 10:58:45,902 [ERROR] LogOutputStream:75 - [STDERR_REDIRECT] 
2026-05-07 10:58:46,904 [ERROR] LogOutputStream:75 - [STDERR_REDIRECT] [Fatal Error] :1:1: Premature end of file.
2026-05-07 10:58:46,904 [ERROR] LogOutputStream:75 - [STDERR_REDIRECT] 
2026-05-07 10:58:47,896 [ERROR] LogOutputStream:75 - [STDERR_REDIRECT] [Fatal Error] :1:1: Premature end of file.
2026-05-07 10:58:47,896 [ERROR] LogOutputStream:75 - [STDERR_REDIRECT] 
2026-05-07 10:58:48,896 [ERROR] LogOutputStream:75 - [STDERR_REDIRECT] [Fatal Error] :1:1: Premature end of file.
2026-05-07 10:58:48,896 [ERROR] LogOutputStream:75 - [STDERR_REDIRECT] 
2026-05-07 10:58:49,900 [ERROR] LogOutputStream:75 - [STDERR_REDIRECT] [Fatal Error] :1:1: Premature end of file.
2026-05-07 10:58:49,900 [ERROR] LogOutputStream:75 - [STDERR_REDIRECT] 
2026-05-07 10:58:50,905 [ERROR] LogOutputStream:75 - [STDERR_REDIRECT] [Fatal Error] :1:1: Premature end of file.
2026-05-07 10:58:50,905 [ERROR] LogOutputStream:75 - [STDERR_REDIRECT] 
2026-05-07 10:58:51,912 [ERROR] LogOutputStream:75 - [STDERR_REDIRECT] [Fatal Error] :1:1: Premature end of file.
2026-05-07 10:58:51,912 [ERROR] LogOutputStream:75 - [STDERR_REDIRECT] 
2026-05-07 10:58:52,897 [ERROR] LogOutputStream:75 - [STDERR_REDIRECT] [Fatal Error] :1:1: Premature end of file.
2026-05-07 10:58:52,897 [ERROR] LogOutputStream:75 - [STDERR_REDIRECT] 
2026-05-07 10:58:53,897 [ERROR] LogOutputStream:75 - [STDERR_REDIRECT] [Fatal Error] :1:1: Premature end of file.
2026-05-07 10:58:53,897 [ERROR] LogOutputStream:75 - [STDERR_REDIRECT] 
2026-05-07 10:58:54,890 [ERROR] LogOutputStream:75 - [STDERR_REDIRECT] [Fatal Error] :1:1: Premature end of file.
2026-05-07 10:58:54,890 [ERROR] LogOutputStream:75 - [STDERR_REDIRECT] 
2026-05-07 10:58:55,885 [ERROR] LogOutputStream:75 - [STDERR_REDIRECT] [Fatal Error] :1:1: Premature end of file.
2026-05-07 10:58:55,886 [ERROR] LogOutputStream:75 - [STDERR_REDIRECT] 
2026-05-07 10:58:56,891 [ERROR] LogOutputStream:75 - [STDERR_REDIRECT] [Fatal Error] :1:1: Premature end of file.
2026-05-07 10:58:56,891 [ERROR] LogOutputStream:75 - [STDERR_REDIRECT] 
2026-05-07 10:58:57,894 [ERROR] LogOutputStream:75 - [STDERR_REDIRECT] [Fatal Error] :1:1: Premature end of file.
2026-05-07 10:58:57,894 [ERROR] LogOutputStream:75 - [STDERR_REDIRECT] 
2026-05-07 10:58:58,903 [ERROR] LogOutputStream:75 - [STDERR_REDIRECT] [Fatal Error] :1:1: Premature end of file.
2026-05-07 10:58:58,903 [ERROR] LogOutputStream:75 - [STDERR_REDIRECT] 
2026-05-07 10:58:59,899 [ERROR] LogOutputStream:75 - [STDERR_REDIRECT] [Fatal Error] :1:1: Premature end of file.
2026-05-07 10:58:59,899 [ERROR] LogOutputStream:75 - [STDERR_REDIRECT] 
2026-05-07 10:59:00,896 [ERROR] LogOutputStream:75 - [STDERR_REDIRECT] [Fatal Error] :1:1: Premature end of file.
2026-05-07 10:59:00,896 [ERROR] LogOutputStream:75 - [STDERR_REDIRECT] 
2026-05-07 10:59:01,901 [ERROR] LogOutputStream:75 - [STDERR_REDIRECT] [Fatal Error] :1:1: Premature end of file.
2026-05-07 10:59:01,901 [ERROR] LogOutputStream:75 - [STDERR_REDIRECT] 
2026-05-07 10:59:02,890 [ERROR] LogOutputStream:75 - [STDERR_REDIRECT] [Fatal Error] :1:1: Premature end of file.
2026-05-07 10:59:02,890 [ERROR] LogOutputStream:75 - [STDERR_REDIRECT] 
2026-05-07 10:59:03,907 [ERROR] LogOutputStream:75 - [STDERR_REDIRECT] [Fatal Error] :1:1: Premature end of file.
2026-05-07 10:59:03,908 [ERROR] LogOutputStream:75 - [STDERR_REDIRECT] 
2026-05-07 10:59:04,890 [ERROR] LogOutputStream:75 - [STDERR_REDIRECT] [Fatal Error] :1:1: Premature end of file.
2026-05-07 10:59:04,890 [ERROR] LogOutputStream:75 - [STDERR_REDIRECT] 
2026-05-07 10:59:05,901 [ERROR] LogOutputStream:75 - [STDERR_REDIRECT] [Fatal Error] :1:1: Premature end of file.
2026-05-07 10:59:05,901 [ERROR] LogOutputStream:75 - [STDERR_REDIRECT] 
2026-05-07 10:59:06,914 [ERROR] LogOutputStream:75 - [STDERR_REDIRECT] [Fatal Error] :1:1: Premature end of file.
2026-05-07 10:59:06,915 [ERROR] LogOutputStream:75 - [STDERR_REDIRECT] 
2026-05-07 10:59:07,889 [ERROR] LogOutputStream:75 - [STDERR_REDIRECT] [Fatal Error] :1:1: Premature end of file.
2026-05-07 10:59:07,889 [ERROR] LogOutputStream:75 - [STDERR_REDIRECT] 
2026-05-07 10:59:08,883 [ERROR] LogOutputStream:75 - [STDERR_REDIRECT] [Fatal Error] :1:1: Premature end of file.
2026-05-07 10:59:08,884 [ERROR] LogOutputStream:75 - [STDERR_REDIRECT] 
2026-05-07 10:59:09,900 [ERROR] LogOutputStream:75 - [STDERR_REDIRECT] [Fatal Error] :1:1: Premature end of file.
2026-05-07 10:59:09,901 [ERROR] LogOutputStream:75 - [STDERR_REDIRECT] 
2026-05-07 10:59:10,898 [ERROR] LogOutputStream:75 - [STDERR_REDIRECT] [Fatal Error] :1:1: Premature end of file.
2026-05-07 10:59:10,899 [ERROR] LogOutputStream:75 - [STDERR_REDIRECT] 
2026-05-07 10:59:11,915 [ERROR] LogOutputStream:75 - [STDERR_REDIRECT] [Fatal Error] :1:1: Premature end of file.
2026-05-07 10:59:11,915 [ERROR] LogOutputStream:75 - [STDERR_REDIRECT] 
2026-05-07 10:59:12,907 [ERROR] LogOutputStream:75 - [STDERR_REDIRECT] [Fatal Error] :1:1: Premature end of file.
2026-05-07 10:59:12,907 [ERROR] LogOutputStream:75 - [STDERR_REDIRECT] 
2026-05-07 10:59:13,893 [ERROR] LogOutputStream:75 - [STDERR_REDIRECT] [Fatal Error] :1:1: Premature end of file.
2026-05-07 10:59:13,893 [ERROR] LogOutputStream:75 - [STDERR_REDIRECT] 
2026-05-07 10:59:14,903 [ERROR] LogOutputStream:75 - [STDERR_REDIRECT] [Fatal Error] :1:1: Premature end of file.
2026-05-07 10:59:14,903 [ERROR] LogOutputStream:75 - [STDERR_REDIRECT] 
2026-05-07 10:59:15,893 [ERROR] LogOutputStream:75 - [STDERR_REDIRECT] [Fatal Error] :1:1: Premature end of file.
2026-05-07 10:59:15,893 [ERROR] LogOutputStream:75 - [STDERR_REDIRECT] 
2026-05-07 10:59:16,907 [ERROR] LogOutputStream:75 - [STDERR_REDIRECT] [Fatal Error] :1:1: Premature end of file.
2026-05-07 10:59:16,907 [ERROR] LogOutputStream:75 - [STDERR_REDIRECT] 
2026-05-07 10:59:17,893 [ERROR] LogOutputStream:75 - [STDERR_REDIRECT] [Fatal Error] :1:1: Premature end of file.
2026-05-07 10:59:17,894 [ERROR] LogOutputStream:75 - [STDERR_REDIRECT] 
2026-05-07 10:59:18,900 [ERROR] LogOutputStream:75 - [STDERR_REDIRECT] [Fatal Error] :1:1: Premature end of file.
2026-05-07 10:59:18,900 [ERROR] LogOutputStream:75 - [STDERR_REDIRECT] 
2026-05-07 10:59:19,904 [ERROR] LogOutputStream:75 - [STDERR_REDIRECT] [Fatal Error] :1:1: Premature end of file.
2026-05-07 10:59:19,905 [ERROR] LogOutputStream:75 - [STDERR_REDIRECT] 
2026-05-07 10:59:20,896 [ERROR] LogOutputStream:75 - [STDERR_REDIRECT] [Fatal Error] :1:1: Premature end of file.
2026-05-07 10:59:20,896 [ERROR] LogOutputStream:75 - [STDERR_REDIRECT] 
2026-05-07 10:59:21,878 [ERROR] LogOutputStream:75 - [STDERR_REDIRECT] [Fatal Error] :1:1: Premature end of file.
2026-05-07 10:59:21,878 [ERROR] LogOutputStream:75 - [STDERR_REDIRECT] 
2026-05-07 10:59:22,893 [ERROR] LogOutputStream:75 - [STDERR_REDIRECT] [Fatal Error] :1:1: Premature end of file.
2026-05-07 10:59:22,893 [ERROR] LogOutputStream:75 - [STDERR_REDIRECT] 
2026-05-07 10:59:23,890 [ERROR] LogOutputStream:75 - [STDERR_REDIRECT] [Fatal Error] :1:1: Premature end of file.
2026-05-07 10:59:23,890 [ERROR] LogOutputStream:75 - [STDERR_REDIRECT] 
2026-05-07 10:59:24,900 [ERROR] LogOutputStream:75 - [STDERR_REDIRECT] [Fatal Error] :1:1: Premature end of file.
2026-05-07 10:59:24,901 [ERROR] LogOutputStream:75 - [STDERR_REDIRECT] 
2026-05-07 10:59:25,899 [ERROR] LogOutputStream:75 - [STDERR_REDIRECT] [Fatal Error] :1:1: Premature end of file.
2026-05-07 10:59:25,900 [ERROR] LogOutputStream:75 - [STDERR_REDIRECT] 
2026-05-07 10:59:26,899 [ERROR] LogOutputStream:75 - [STDERR_REDIRECT] [Fatal Error] :1:1: Premature end of file.
2026-05-07 10:59:26,899 [ERROR] LogOutputStream:75 - [STDERR_REDIRECT] 
2026-05-07 10:59:27,902 [ERROR] LogOutputStream:75 - [STDERR_REDIRECT] [Fatal Error] :1:1: Premature end of file.
2026-05-07 10:59:27,904 [ERROR] LogOutputStream:75 - [STDERR_REDIRECT] 
2026-05-07 10:59:28,896 [ERROR] LogOutputStream:75 - [STDERR_REDIRECT] [Fatal Error] :1:1: Premature end of file.
2026-05-07 10:59:28,896 [ERROR] LogOutputStream:75 - [STDERR_REDIRECT] 
2026-05-07 10:59:29,886 [ERROR] LogOutputStream:75 - [STDERR_REDIRECT] [Fatal Error] :1:1: Premature end of file.
2026-05-07 10:59:29,886 [ERROR] LogOutputStream:75 - [STDERR_REDIRECT] 
2026-05-07 10:59:30,903 [ERROR] LogOutputStream:75 - [STDERR_REDIRECT] [Fatal Error] :1:1: Premature end of file.
2026-05-07 10:59:30,904 [ERROR] LogOutputStream:75 - [STDERR_REDIRECT] 
2026-05-07 10:59:31,912 [ERROR] LogOutputStream:75 - [STDERR_REDIRECT] [Fatal Error] :1:1: Premature end of file.
2026-05-07 10:59:31,912 [ERROR] LogOutputStream:75 - [STDERR_REDIRECT] 
2026-05-07 10:59:32,895 [ERROR] LogOutputStream:75 - [STDERR_REDIRECT] [Fatal Error] :1:1: Premature end of file.
2026-05-07 10:59:32,895 [ERROR] LogOutputStream:75 - [STDERR_REDIRECT] 
2026-05-07 10:59:33,918 [ERROR] LogOutputStream:75 - [STDERR_REDIRECT] [Fatal Error] :1:1: Premature end of file.
2026-05-07 10:59:33,918 [ERROR] LogOutputStream:75 - [STDERR_REDIRECT] 
2026-05-07 10:59:34,899 [ERROR] LogOutputStream:75 - [STDERR_REDIRECT] [Fatal Error] :1:1: Premature end of file.
2026-05-07 10:59:34,900 [ERROR] LogOutputStream:75 - [STDERR_REDIRECT] 
2026-05-07 10:59:35,904 [ERROR] LogOutputStream:75 - [STDERR_REDIRECT] [Fatal Error] :1:1: Premature end of file.
2026-05-07 10:59:35,905 [ERROR] LogOutputStream:75 - [STDERR_REDIRECT] 
2026-05-07 10:59:36,896 [ERROR] LogOutputStream:75 - [STDERR_REDIRECT] [Fatal Error] :1:1: Premature end of file.
2026-05-07 10:59:36,896 [ERROR] LogOutputStream:75 - [STDERR_REDIRECT] 
2026-05-07 10:59:37,904 [ERROR] LogOutputStream:75 - [STDERR_REDIRECT] [Fatal Error] :1:1: Premature end of file.
2026-05-07 10:59:37,904 [ERROR] LogOutputStream:75 - [STDERR_REDIRECT] 
2026-05-07 10:59:38,900 [ERROR] LogOutputStream:75 - [STDERR_REDIRECT] [Fatal Error] :1:1: Premature end of file.
2026-05-07 10:59:38,900 [ERROR] LogOutputStream:75 - [STDERR_REDIRECT] 
2026-05-07 10:59:39,895 [ERROR] LogOutputStream:75 - [STDERR_REDIRECT] [Fatal Error] :1:1: Premature end of file.
2026-05-07 10:59:39,895 [ERROR] LogOutputStream:75 - [STDERR_REDIRECT] 
2026-05-07 10:59:40,896 [ERROR] LogOutputStream:75 - [STDERR_REDIRECT] [Fatal Error] :1:1: Premature end of file.
2026-05-07 10:59:40,896 [ERROR] LogOutputStream:75 - [STDERR_REDIRECT] 
2026-05-07 10:59:41,928 [ERROR] LogOutputStream:75 - [STDERR_REDIRECT] [Fatal Error] :1:1: Premature end of file.
2026-05-07 10:59:41,928 [ERROR] LogOutputStream:75 - [STDERR_REDIRECT] 
2026-05-07 10:59:42,897 [ERROR] LogOutputStream:75 - [STDERR_REDIRECT] [Fatal Error] :1:1: Premature end of file.
2026-05-07 10:59:42,897 [ERROR] LogOutputStream:75 - [STDERR_REDIRECT] 
2026-05-07 10:59:43,896 [ERROR] LogOutputStream:75 - [STDERR_REDIRECT] [Fatal Error] :1:1: Premature end of file.
2026-05-07 10:59:43,896 [ERROR] LogOutputStream:75 - [STDERR_REDIRECT] 
2026-05-07 10:59:44,896 [ERROR] LogOutputStream:75 - [STDERR_REDIRECT] [Fatal Error] :1:1: Premature end of file.
2026-05-07 10:59:44,896 [ERROR] LogOutputStream:75 - [STDERR_REDIRECT] 
2026-05-07 10:59:45,892 [ERROR] LogOutputStream:75 - [STDERR_REDIRECT] [Fatal Error] :1:1: Premature end of file.
2026-05-07 10:59:45,892 [ERROR] LogOutputStream:75 - [STDERR_REDIRECT] 
2026-05-07 10:59:46,895 [ERROR] LogOutputStream:75 - [STDERR_REDIRECT] [Fatal Error] :1:1: Premature end of file.
2026-05-07 10:59:46,895 [ERROR] LogOutputStream:75 - [STDERR_REDIRECT] 
2026-05-07 10:59:47,908 [ERROR] LogOutputStream:75 - [STDERR_REDIRECT] [Fatal Error] :1:1: Premature end of file.
2026-05-07 10:59:47,908 [ERROR] LogOutputStream:75 - [STDERR_REDIRECT] 
2026-05-07 10:59:48,919 [ERROR] LogOutputStream:75 - [STDERR_REDIRECT] [Fatal Error] :1:1: Premature end of file.
2026-05-07 10:59:48,919 [ERROR] LogOutputStream:75 - [STDERR_REDIRECT] 
2026-05-07 10:59:49,895 [ERROR] LogOutputStream:75 - [STDERR_REDIRECT] [Fatal Error] :1:1: Premature end of file.
2026-05-07 10:59:49,895 [ERROR] LogOutputStream:75 - [STDERR_REDIRECT] 
2026-05-07 10:59:50,908 [ERROR] LogOutputStream:75 - [STDERR_REDIRECT] [Fatal Error] :1:1: Premature end of file.
2026-05-07 10:59:50,909 [ERROR] LogOutputStream:75 - [STDERR_REDIRECT] 
2026-05-07 10:59:51,910 [ERROR] LogOutputStream:75 - [STDERR_REDIRECT] [Fatal Error] :1:1: Premature end of file.
2026-05-07 10:59:51,910 [ERROR] LogOutputStream:75 - [STDERR_REDIRECT] 
2026-05-07 10:59:52,874 [ERROR] LogOutputStream:75 - [STDERR_REDIRECT] [Fatal Error] :1:1: Premature end of file.
2026-05-07 10:59:52,874 [ERROR] LogOutputStream:75 - [STDERR_REDIRECT] 
2026-05-07 10:59:53,889 [ERROR] LogOutputStream:75 - [STDERR_REDIRECT] [Fatal Error] :1:1: Premature end of file.
2026-05-07 10:59:53,889 [ERROR] LogOutputStream:75 - [STDERR_REDIRECT] 
2026-05-07 10:59:54,880 [ERROR] LogOutputStream:75 - [STDERR_REDIRECT] [Fatal Error] :1:1: Premature end of file.
2026-05-07 10:59:54,880 [ERROR] LogOutputStream:75 - [STDERR_REDIRECT] 
2026-05-07 10:59:55,886 [ERROR] LogOutputStream:75 - [STDERR_REDIRECT] [Fatal Error] :1:1: Premature end of file.
2026-05-07 10:59:55,886 [ERROR] LogOutputStream:75 - [STDERR_REDIRECT] 
2026-05-07 10:59:56,895 [ERROR] LogOutputStream:75 - [STDERR_REDIRECT] [Fatal Error] :1:1: Premature end of file.
2026-05-07 10:59:56,895 [ERROR] LogOutputStream:75 - [STDERR_REDIRECT] 
2026-05-07 10:59:57,895 [ERROR] LogOutputStream:75 - [STDERR_REDIRECT] [Fatal Error] :1:1: Premature end of file.
2026-05-07 10:59:57,895 [ERROR] LogOutputStream:75 - [STDERR_REDIRECT] 
2026-05-07 10:59:58,908 [ERROR] LogOutputStream:75 - [STDERR_REDIRECT] [Fatal Error] :1:1: Premature end of file.
2026-05-07 10:59:58,908 [ERROR] LogOutputStream:75 - [STDERR_REDIRECT] 
2026-05-07 10:59:59,898 [ERROR] LogOutputStream:75 - [STDERR_REDIRECT] [Fatal Error] :1:1: Premature end of file.
2026-05-07 10:59:59,898 [ERROR] LogOutputStream:75 - [STDERR_REDIRECT] 
2026-05-07 11:00:00,912 [ERROR] LogOutputStream:75 - [STDERR_REDIRECT] [Fatal Error] :1:1: Premature end of file.
2026-05-07 11:00:00,912 [ERROR] LogOutputStream:75 - [STDERR_REDIRECT] 
2026-05-07 11:00:01,888 [ERROR] LogOutputStream:75 - [STDERR_REDIRECT] [Fatal Error] :1:1: Premature end of file.
2026-05-07 11:00:01,888 [ERROR] LogOutputStream:75 - [STDERR_REDIRECT] 
2026-05-07 11:00:02,888 [ERROR] LogOutputStream:75 - [STDERR_REDIRECT] [Fatal Error] :1:1: Premature end of file.
2026-05-07 11:00:02,888 [ERROR] LogOutputStream:75 - [STDERR_REDIRECT] 
2026-05-07 11:00:03,891 [ERROR] LogOutputStream:75 - [STDERR_REDIRECT] [Fatal Error] :1:1: Premature end of file.
2026-05-07 11:00:03,891 [ERROR] LogOutputStream:75 - [STDERR_REDIRECT] 
2026-05-07 11:00:04,884 [ERROR] LogOutputStream:75 - [STDERR_REDIRECT] [Fatal Error] :1:1: Premature end of file.
2026-05-07 11:00:04,884 [ERROR] LogOutputStream:75 - [STDERR_REDIRECT] 
2026-05-07 11:00:05,908 [ERROR] LogOutputStream:75 - [STDERR_REDIRECT] [Fatal Error] :1:1: Premature end of file.
2026-05-07 11:00:05,908 [ERROR] LogOutputStream:75 - [STDERR_REDIRECT] 
2026-05-07 11:00:06,893 [ERROR] LogOutputStream:75 - [STDERR_REDIRECT] [Fatal Error] :1:1: Premature end of file.
2026-05-07 11:00:06,893 [ERROR] LogOutputStream:75 - [STDERR_REDIRECT] 
2026-05-07 11:00:07,903 [ERROR] LogOutputStream:75 - [STDERR_REDIRECT] [Fatal Error] :1:1: Premature end of file.
2026-05-07 11:00:07,904 [ERROR] LogOutputStream:75 - [STDERR_REDIRECT] 
2026-05-07 11:00:08,898 [ERROR] LogOutputStream:75 - [STDERR_REDIRECT] [Fatal Error] :1:1: Premature end of file.
2026-05-07 11:00:08,898 [ERROR] LogOutputStream:75 - [STDERR_REDIRECT] 
2026-05-07 11:00:09,880 [ERROR] LogOutputStream:75 - [STDERR_REDIRECT] [Fatal Error] :1:1: Premature end of file.
2026-05-07 11:00:09,880 [ERROR] LogOutputStream:75 - [STDERR_REDIRECT] 
2026-05-07 11:00:10,903 [ERROR] LogOutputStream:75 - [STDERR_REDIRECT] [Fatal Error] :1:1: Premature end of file.
2026-05-07 11:00:10,903 [ERROR] LogOutputStream:75 - [STDERR_REDIRECT] 
2026-05-07 11:00:11,912 [ERROR] LogOutputStream:75 - [STDERR_REDIRECT] [Fatal Error] :1:1: Premature end of file.
2026-05-07 11:00:11,912 [ERROR] LogOutputStream:75 - [STDERR_REDIRECT] 
2026-05-07 11:00:12,896 [ERROR] LogOutputStream:75 - [STDERR_REDIRECT] [Fatal Error] :1:1: Premature end of file.
2026-05-07 11:00:12,897 [ERROR] LogOutputStream:75 - [STDERR_REDIRECT] 
2026-05-07 11:00:13,909 [ERROR] LogOutputStream:75 - [STDERR_REDIRECT] [Fatal Error] :1:1: Premature end of file.
2026-05-07 11:00:13,909 [ERROR] LogOutputStream:75 - [STDERR_REDIRECT] 
2026-05-07 11:00:14,898 [ERROR] LogOutputStream:75 - [STDERR_REDIRECT] [Fatal Error] :1:1: Premature end of file.
2026-05-07 11:00:14,898 [ERROR] LogOutputStream:75 - [STDERR_REDIRECT] 
2026-05-07 11:00:15,896 [ERROR] LogOutputStream:75 - [STDERR_REDIRECT] [Fatal Error] :1:1: Premature end of file.
2026-05-07 11:00:15,896 [ERROR] LogOutputStream:75 - [STDERR_REDIRECT] 
2026-05-07 11:00:16,895 [ERROR] LogOutputStream:75 - [STDERR_REDIRECT] [Fatal Error] :1:1: Premature end of file.
2026-05-07 11:00:16,896 [ERROR] LogOutputStream:75 - [STDERR_REDIRECT] 
2026-05-07 11:00:17,898 [ERROR] LogOutputStream:75 - [STDERR_REDIRECT] [Fatal Error] :1:1: Premature end of file.
2026-05-07 11:00:17,898 [ERROR] LogOutputStream:75 - [STDERR_REDIRECT] 
2026-05-07 11:00:18,902 [ERROR] LogOutputStream:75 - [STDERR_REDIRECT] [Fatal Error] :1:1: Premature end of file.
2026-05-07 11:00:18,902 [ERROR] LogOutputStream:75 - [STDERR_REDIRECT] 
2026-05-07 11:00:19,914 [ERROR] LogOutputStream:75 - [STDERR_REDIRECT] [Fatal Error] :1:1: Premature end of file.
2026-05-07 11:00:19,914 [ERROR] LogOutputStream:75 - [STDERR_REDIRECT] 
2026-05-07 11:00:20,905 [ERROR] LogOutputStream:75 - [STDERR_REDIRECT] [Fatal Error] :1:1: Premature end of file.
2026-05-07 11:00:20,905 [ERROR] LogOutputStream:75 - [STDERR_REDIRECT] 
2026-05-07 11:00:21,903 [ERROR] LogOutputStream:75 - [STDERR_REDIRECT] [Fatal Error] :1:1: Premature end of file.
2026-05-07 11:00:21,903 [ERROR] LogOutputStream:75 - [STDERR_REDIRECT] 
2026-05-07 11:00:22,895 [ERROR] LogOutputStream:75 - [STDERR_REDIRECT] [Fatal Error] :1:1: Premature end of file.
2026-05-07 11:00:22,895 [ERROR] LogOutputStream:75 - [STDERR_REDIRECT] 
2026-05-07 11:00:23,895 [ERROR] LogOutputStream:75 - [STDERR_REDIRECT] [Fatal Error] :1:1: Premature end of file.
2026-05-07 11:00:23,895 [ERROR] LogOutputStream:75 - [STDERR_REDIRECT] 
2026-05-07 11:00:24,897 [ERROR] LogOutputStream:75 - [STDERR_REDIRECT] [Fatal Error] :1:1: Premature end of file.
2026-05-07 11:00:24,897 [ERROR] LogOutputStream:75 - [STDERR_REDIRECT] 
2026-05-07 11:00:25,904 [ERROR] LogOutputStream:75 - [STDERR_REDIRECT] [Fatal Error] :1:1: Premature end of file.
2026-05-07 11:00:25,904 [ERROR] LogOutputStream:75 - [STDERR_REDIRECT] 
2026-05-07 11:00:26,907 [ERROR] LogOutputStream:75 - [STDERR_REDIRECT] [Fatal Error] :1:1: Premature end of file.
2026-05-07 11:00:26,907 [ERROR] LogOutputStream:75 - [STDERR_REDIRECT] 
2026-05-07 11:00:27,903 [ERROR] LogOutputStream:75 - [STDERR_REDIRECT] [Fatal Error] :1:1: Premature end of file.
2026-05-07 11:00:27,903 [ERROR] LogOutputStream:75 - [STDERR_REDIRECT] 
2026-05-07 11:00:28,896 [ERROR] LogOutputStream:75 - [STDERR_REDIRECT] [Fatal Error] :1:1: Premature end of file.
2026-05-07 11:00:28,896 [ERROR] LogOutputStream:75 - [STDERR_REDIRECT] 
2026-05-07 11:00:29,898 [ERROR] LogOutputStream:75 - [STDERR_REDIRECT] [Fatal Error] :1:1: Premature end of file.
2026-05-07 11:00:29,898 [ERROR] LogOutputStream:75 - [STDERR_REDIRECT] 
2026-05-07 11:00:30,909 [ERROR] LogOutputStream:75 - [STDERR_REDIRECT] [Fatal Error] :1:1: Premature end of file.
2026-05-07 11:00:30,909 [ERROR] LogOutputStream:75 - [STDERR_REDIRECT] 
2026-05-07 11:00:31,899 [ERROR] LogOutputStream:75 - [STDERR_REDIRECT] [Fatal Error] :1:1: Premature end of file.
2026-05-07 11:00:31,899 [ERROR] LogOutputStream:75 - [STDERR_REDIRECT] 
2026-05-07 11:00:32,911 [ERROR] LogOutputStream:75 - [STDERR_REDIRECT] [Fatal Error] :1:1: Premature end of file.
2026-05-07 11:00:32,911 [ERROR] LogOutputStream:75 - [STDERR_REDIRECT] 
2026-05-07 11:00:33,910 [ERROR] LogOutputStream:75 - [STDERR_REDIRECT] [Fatal Error] :1:1: Premature end of file.
2026-05-07 11:00:33,910 [ERROR] LogOutputStream:75 - [STDERR_REDIRECT] 
2026-05-07 11:00:34,912 [ERROR] LogOutputStream:75 - [STDERR_REDIRECT] [Fatal Error] :1:1: Premature end of file.
2026-05-07 11:00:34,912 [ERROR] LogOutputStream:75 - [STDERR_REDIRECT] 
2026-05-07 11:00:35,896 [ERROR] LogOutputStream:75 - [STDERR_REDIRECT] [Fatal Error] :1:1: Premature end of file.
2026-05-07 11:00:35,912 [ERROR] LogOutputStream:75 - [STDERR_REDIRECT] 
2026-05-07 11:00:36,907 [ERROR] LogOutputStream:75 - [STDERR_REDIRECT] [Fatal Error] :1:1: Premature end of file.
2026-05-07 11:00:36,907 [ERROR] LogOutputStream:75 - [STDERR_REDIRECT] 
2026-05-07 11:00:37,900 [ERROR] LogOutputStream:75 - [STDERR_REDIRECT] [Fatal Error] :1:1: Premature end of file.
2026-05-07 11:00:37,900 [ERROR] LogOutputStream:75 - [STDERR_REDIRECT] 
2026-05-07 11:00:38,908 [ERROR] LogOutputStream:75 - [STDERR_REDIRECT] [Fatal Error] :1:1: Premature end of file.
2026-05-07 11:00:38,908 [ERROR] LogOutputStream:75 - [STDERR_REDIRECT] 
2026-05-07 11:00:39,891 [ERROR] LogOutputStream:75 - [STDERR_REDIRECT] [Fatal Error] :1:1: Premature end of file.
2026-05-07 11:00:39,891 [ERROR] LogOutputStream:75 - [STDERR_REDIRECT] 
2026-05-07 11:00:40,896 [ERROR] LogOutputStream:75 - [STDERR_REDIRECT] [Fatal Error] :1:1: Premature end of file.
2026-05-07 11:00:40,896 [ERROR] LogOutputStream:75 - [STDERR_REDIRECT] 
2026-05-07 11:00:41,903 [ERROR] LogOutputStream:75 - [STDERR_REDIRECT] [Fatal Error] :1:1: Premature end of file.
2026-05-07 11:00:41,903 [ERROR] LogOutputStream:75 - [STDERR_REDIRECT] 
2026-05-07 11:00:42,908 [ERROR] LogOutputStream:75 - [STDERR_REDIRECT] [Fatal Error] :1:1: Premature end of file.
2026-05-07 11:00:42,908 [ERROR] LogOutputStream:75 - [STDERR_REDIRECT] 
2026-05-07 11:00:43,906 [ERROR] LogOutputStream:75 - [STDERR_REDIRECT] [Fatal Error] :1:1: Premature end of file.
2026-05-07 11:00:43,906 [ERROR] LogOutputStream:75 - [STDERR_REDIRECT] 
2026-05-07 11:00:44,906 [ERROR] LogOutputStream:75 - [STDERR_REDIRECT] [Fatal Error] :1:1: Premature end of file.
2026-05-07 11:00:44,906 [ERROR] LogOutputStream:75 - [STDERR_REDIRECT] 
2026-05-07 11:00:45,914 [ERROR] LogOutputStream:75 - [STDERR_REDIRECT] [Fatal Error] :1:1: Premature end of file.
2026-05-07 11:00:45,914 [ERROR] LogOutputStream:75 - [STDERR_REDIRECT] 
2026-05-07 11:00:46,912 [ERROR] LogOutputStream:75 - [STDERR_REDIRECT] [Fatal Error] :1:1: Premature end of file.
2026-05-07 11:00:46,912 [ERROR] LogOutputStream:75 - [STDERR_REDIRECT] 
2026-05-07 11:00:47,898 [ERROR] LogOutputStream:75 - [STDERR_REDIRECT] [Fatal Error] :1:1: Premature end of file.
2026-05-07 11:00:47,898 [ERROR] LogOutputStream:75 - [STDERR_REDIRECT] 
2026-05-07 11:00:48,897 [ERROR] LogOutputStream:75 - [STDERR_REDIRECT] [Fatal Error] :1:1: Premature end of file.
2026-05-07 11:00:48,897 [ERROR] LogOutputStream:75 - [STDERR_REDIRECT] 
2026-05-07 11:00:49,911 [ERROR] LogOutputStream:75 - [STDERR_REDIRECT] [Fatal Error] :1:1: Premature end of file.
2026-05-07 11:00:49,911 [ERROR] LogOutputStream:75 - [STDERR_REDIRECT] 
2026-05-07 11:00:50,911 [ERROR] LogOutputStream:75 - [STDERR_REDIRECT] [Fatal Error] :1:1: Premature end of file.
2026-05-07 11:00:50,911 [ERROR] LogOutputStream:75 - [STDERR_REDIRECT] 
2026-05-07 11:00:51,911 [ERROR] LogOutputStream:75 - [STDERR_REDIRECT] [Fatal Error] :1:1: Premature end of file.
2026-05-07 11:00:51,911 [ERROR] LogOutputStream:75 - [STDERR_REDIRECT] 
2026-05-07 11:00:52,922 [ERROR] LogOutputStream:75 - [STDERR_REDIRECT] [Fatal Error] :1:1: Premature end of file.
2026-05-07 11:00:52,922 [ERROR] LogOutputStream:75 - [STDERR_REDIRECT] 
2026-05-07 11:00:53,897 [ERROR] LogOutputStream:75 - [STDERR_REDIRECT] [Fatal Error] :1:1: Premature end of file.
2026-05-07 11:00:53,913 [ERROR] LogOutputStream:75 - [STDERR_REDIRECT] 
2026-05-07 11:00:54,896 [ERROR] LogOutputStream:75 - [STDERR_REDIRECT] [Fatal Error] :1:1: Premature end of file.
2026-05-07 11:00:54,896 [ERROR] LogOutputStream:75 - [STDERR_REDIRECT] 
2026-05-07 11:00:55,914 [ERROR] LogOutputStream:75 - [STDERR_REDIRECT] [Fatal Error] :1:1: Premature end of file.
2026-05-07 11:00:55,914 [ERROR] LogOutputStream:75 - [STDERR_REDIRECT] 
2026-05-07 11:00:56,910 [ERROR] LogOutputStream:75 - [STDERR_REDIRECT] [Fatal Error] :1:1: Premature end of file.
2026-05-07 11:00:56,910 [ERROR] LogOutputStream:75 - [STDERR_REDIRECT] 
2026-05-07 11:00:57,895 [ERROR] LogOutputStream:75 - [STDERR_REDIRECT] [Fatal Error] :1:1: Premature end of file.
2026-05-07 11:00:57,895 [ERROR] LogOutputStream:75 - [STDERR_REDIRECT] 
2026-05-07 11:00:58,898 [ERROR] LogOutputStream:75 - [STDERR_REDIRECT] [Fatal Error] :1:1: Premature end of file.
2026-05-07 11:00:58,898 [ERROR] LogOutputStream:75 - [STDERR_REDIRECT] 
2026-05-07 11:00:59,896 [ERROR] LogOutputStream:75 - [STDERR_REDIRECT] [Fatal Error] :1:1: Premature end of file.
2026-05-07 11:00:59,896 [ERROR] LogOutputStream:75 - [STDERR_REDIRECT] 
2026-05-07 11:01:00,910 [ERROR] LogOutputStream:75 - [STDERR_REDIRECT] [Fatal Error] :1:1: Premature end of file.
2026-05-07 11:01:00,910 [ERROR] LogOutputStream:75 - [STDERR_REDIRECT] 
2026-05-07 11:01:01,903 [ERROR] LogOutputStream:75 - [STDERR_REDIRECT] [Fatal Error] :1:1: Premature end of file.
2026-05-07 11:01:01,903 [ERROR] LogOutputStream:75 - [STDERR_REDIRECT] 
2026-05-07 11:01:02,907 [ERROR] LogOutputStream:75 - [STDERR_REDIRECT] [Fatal Error] :1:1: Premature end of file.
2026-05-07 11:01:02,907 [ERROR] LogOutputStream:75 - [STDERR_REDIRECT] 
2026-05-07 11:01:03,911 [ERROR] LogOutputStream:75 - [STDERR_REDIRECT] [Fatal Error] :1:1: Premature end of file.
2026-05-07 11:01:03,911 [ERROR] LogOutputStream:75 - [STDERR_REDIRECT] 
2026-05-07 11:01:04,913 [ERROR] LogOutputStream:75 - [STDERR_REDIRECT] [Fatal Error] :1:1: Premature end of file.
2026-05-07 11:01:04,914 [ERROR] LogOutputStream:75 - [STDERR_REDIRECT] 
2026-05-07 11:01:05,911 [ERROR] LogOutputStream:75 - [STDERR_REDIRECT] [Fatal Error] :1:1: Premature end of file.
2026-05-07 11:01:05,911 [ERROR] LogOutputStream:75 - [STDERR_REDIRECT] 
2026-05-07 11:01:06,912 [ERROR] LogOutputStream:75 - [STDERR_REDIRECT] [Fatal Error] :1:1: Premature end of file.
2026-05-07 11:01:06,912 [ERROR] LogOutputStream:75 - [STDERR_REDIRECT] 
2026-05-07 11:01:07,896 [ERROR] LogOutputStream:75 - [STDERR_REDIRECT] [Fatal Error] :1:1: Premature end of file.
2026-05-07 11:01:07,896 [ERROR] LogOutputStream:75 - [STDERR_REDIRECT] 
2026-05-07 11:01:08,914 [ERROR] LogOutputStream:75 - [STDERR_REDIRECT] [Fatal Error] :1:1: Premature end of file.
2026-05-07 11:01:08,914 [ERROR] LogOutputStream:75 - [STDERR_REDIRECT] 
2026-05-07 11:01:09,919 [ERROR] LogOutputStream:75 - [STDERR_REDIRECT] [Fatal Error] :1:1: Premature end of file.
2026-05-07 11:01:09,919 [ERROR] LogOutputStream:75 - [STDERR_REDIRECT] 
2026-05-07 11:01:10,905 [ERROR] LogOutputStream:75 - [STDERR_REDIRECT] [Fatal Error] :1:1: Premature end of file.
2026-05-07 11:01:10,905 [ERROR] LogOutputStream:75 - [STDERR_REDIRECT] 
2026-05-07 11:01:11,903 [ERROR] LogOutputStream:75 - [STDERR_REDIRECT] [Fatal Error] :1:1: Premature end of file.
2026-05-07 11:01:11,903 [ERROR] LogOutputStream:75 - [STDERR_REDIRECT] 
2026-05-07 11:01:12,908 [ERROR] LogOutputStream:75 - [STDERR_REDIRECT] [Fatal Error] :1:1: Premature end of file.
2026-05-07 11:01:12,908 [ERROR] LogOutputStream:75 - [STDERR_REDIRECT] 
2026-05-07 11:01:13,902 [ERROR] LogOutputStream:75 - [STDERR_REDIRECT] [Fatal Error] :1:1: Premature end of file.
2026-05-07 11:01:13,902 [ERROR] LogOutputStream:75 - [STDERR_REDIRECT] 
2026-05-07 11:01:14,908 [ERROR] LogOutputStream:75 - [STDERR_REDIRECT] [Fatal Error] :1:1: Premature end of file.
2026-05-07 11:01:14,908 [ERROR] LogOutputStream:75 - [STDERR_REDIRECT] 
2026-05-07 11:01:15,913 [ERROR] LogOutputStream:75 - [STDERR_REDIRECT] [Fatal Error] :1:1: Premature end of file.
2026-05-07 11:01:15,913 [ERROR] LogOutputStream:75 - [STDERR_REDIRECT] 
2026-05-07 11:01:16,884 [ERROR] LogOutputStream:75 - [STDERR_REDIRECT] [Fatal Error] :1:1: Premature end of file.
2026-05-07 11:01:16,884 [ERROR] LogOutputStream:75 - [STDERR_REDIRECT] 
2026-05-07 11:01:17,904 [ERROR] LogOutputStream:75 - [STDERR_REDIRECT] [Fatal Error] :1:1: Premature end of file.
2026-05-07 11:01:17,904 [ERROR] LogOutputStream:75 - [STDERR_REDIRECT] 
2026-05-07 11:01:18,912 [ERROR] LogOutputStream:75 - [STDERR_REDIRECT] [Fatal Error] :1:1: Premature end of file.
2026-05-07 11:01:18,912 [ERROR] LogOutputStream:75 - [STDERR_REDIRECT] 
2026-05-07 11:01:19,895 [ERROR] LogOutputStream:75 - [STDERR_REDIRECT] [Fatal Error] :1:1: Premature end of file.
2026-05-07 11:01:19,895 [ERROR] LogOutputStream:75 - [STDERR_REDIRECT] 
2026-05-07 11:01:20,905 [ERROR] LogOutputStream:75 - [STDERR_REDIRECT] [Fatal Error] :1:1: Premature end of file.
2026-05-07 11:01:20,905 [ERROR] LogOutputStream:75 - [STDERR_REDIRECT] 
2026-05-07 11:01:21,908 [ERROR] LogOutputStream:75 - [STDERR_REDIRECT] [Fatal Error] :1:1: Premature end of file.
2026-05-07 11:01:21,908 [ERROR] LogOutputStream:75 - [STDERR_REDIRECT] 
2026-05-07 11:01:22,883 [ERROR] LogOutputStream:75 - [STDERR_REDIRECT] [Fatal Error] :1:1: Premature end of file.
2026-05-07 11:01:22,883 [ERROR] LogOutputStream:75 - [STDERR_REDIRECT] 
2026-05-07 11:01:23,921 [ERROR] LogOutputStream:75 - [STDERR_REDIRECT] [Fatal Error] :1:1: Premature end of file.
2026-05-07 11:01:23,921 [ERROR] LogOutputStream:75 - [STDERR_REDIRECT] 
2026-05-07 11:01:24,925 [ERROR] LogOutputStream:75 - [STDERR_REDIRECT] [Fatal Error] :1:1: Premature end of file.
2026-05-07 11:01:24,925 [ERROR] LogOutputStream:75 - [STDERR_REDIRECT] 
2026-05-07 11:01:25,896 [ERROR] LogOutputStream:75 - [STDERR_REDIRECT] [Fatal Error] :1:1: Premature end of file.
2026-05-07 11:01:25,896 [ERROR] LogOutputStream:75 - [STDERR_REDIRECT] 
2026-05-07 11:01:26,892 [ERROR] LogOutputStream:75 - [STDERR_REDIRECT] [Fatal Error] :1:1: Premature end of file.
2026-05-07 11:01:26,892 [ERROR] LogOutputStream:75 - [STDERR_REDIRECT] 
2026-05-07 11:01:27,922 [ERROR] LogOutputStream:75 - [STDERR_REDIRECT] [Fatal Error] :1:1: Premature end of file.
2026-05-07 11:01:27,923 [ERROR] LogOutputStream:75 - [STDERR_REDIRECT] 
2026-05-07 11:01:28,898 [ERROR] LogOutputStream:75 - [STDERR_REDIRECT] [Fatal Error] :1:1: Premature end of file.
2026-05-07 11:01:28,898 [ERROR] LogOutputStream:75 - [STDERR_REDIRECT] 
2026-05-07 11:01:29,912 [ERROR] LogOutputStream:75 - [STDERR_REDIRECT] [Fatal Error] :1:1: Premature end of file.
2026-05-07 11:01:29,912 [ERROR] LogOutputStream:75 - [STDERR_REDIRECT] 
2026-05-07 11:01:30,897 [ERROR] LogOutputStream:75 - [STDERR_REDIRECT] [Fatal Error] :1:1: Premature end of file.
2026-05-07 11:01:30,897 [ERROR] LogOutputStream:75 - [STDERR_REDIRECT] 
2026-05-07 11:01:31,909 [ERROR] LogOutputStream:75 - [STDERR_REDIRECT] [Fatal Error] :1:1: Premature end of file.
2026-05-07 11:01:31,909 [ERROR] LogOutputStream:75 - [STDERR_REDIRECT] 
2026-05-07 11:01:32,895 [ERROR] LogOutputStream:75 - [STDERR_REDIRECT] [Fatal Error] :1:1: Premature end of file.
2026-05-07 11:01:32,895 [ERROR] LogOutputStream:75 - [STDERR_REDIRECT] 
2026-05-07 11:01:33,898 [ERROR] LogOutputStream:75 - [STDERR_REDIRECT] [Fatal Error] :1:1: Premature end of file.
2026-05-07 11:01:33,898 [ERROR] LogOutputStream:75 - [STDERR_REDIRECT] 
2026-05-07 11:01:34,902 [ERROR] LogOutputStream:75 - [STDERR_REDIRECT] [Fatal Error] :1:1: Premature end of file.
2026-05-07 11:01:34,902 [ERROR] LogOutputStream:75 - [STDERR_REDIRECT] 
2026-05-07 11:01:35,895 [ERROR] LogOutputStream:75 - [STDERR_REDIRECT] [Fatal Error] :1:1: Premature end of file.
2026-05-07 11:01:35,895 [ERROR] LogOutputStream:75 - [STDERR_REDIRECT] 
2026-05-07 11:01:36,898 [ERROR] LogOutputStream:75 - [STDERR_REDIRECT] [Fatal Error] :1:1: Premature end of file.
2026-05-07 11:01:36,898 [ERROR] LogOutputStream:75 - [STDERR_REDIRECT] 
2026-05-07 11:01:37,910 [ERROR] LogOutputStream:75 - [STDERR_REDIRECT] [Fatal Error] :1:1: Premature end of file.
2026-05-07 11:01:37,910 [ERROR] LogOutputStream:75 - [STDERR_REDIRECT] 
2026-05-07 11:01:38,905 [ERROR] LogOutputStream:75 - [STDERR_REDIRECT] [Fatal Error] :1:1: Premature end of file.
2026-05-07 11:01:38,905 [ERROR] LogOutputStream:75 - [STDERR_REDIRECT] 
2026-05-07 11:01:39,887 [ERROR] LogOutputStream:75 - [STDERR_REDIRECT] [Fatal Error] :1:1: Premature end of file.
2026-05-07 11:01:39,887 [ERROR] LogOutputStream:75 - [STDERR_REDIRECT] 
2026-05-07 11:01:40,919 [ERROR] LogOutputStream:75 - [STDERR_REDIRECT] [Fatal Error] :1:1: Premature end of file.
2026-05-07 11:01:40,919 [ERROR] LogOutputStream:75 - [STDERR_REDIRECT] 
2026-05-07 11:01:41,895 [ERROR] LogOutputStream:75 - [STDERR_REDIRECT] [Fatal Error] :1:1: Premature end of file.
2026-05-07 11:01:41,895 [ERROR] LogOutputStream:75 - [STDERR_REDIRECT] 
2026-05-07 11:01:42,880 [ERROR] LogOutputStream:75 - [STDERR_REDIRECT] [Fatal Error] :1:1: Premature end of file.
2026-05-07 11:01:42,880 [ERROR] LogOutputStream:75 - [STDERR_REDIRECT] 
2026-05-07 11:01:43,916 [ERROR] LogOutputStream:75 - [STDERR_REDIRECT] [Fatal Error] :1:1: Premature end of file.
2026-05-07 11:01:43,916 [ERROR] LogOutputStream:75 - [STDERR_REDIRECT] 
2026-05-07 11:01:44,924 [ERROR] LogOutputStream:75 - [STDERR_REDIRECT] [Fatal Error] :1:1: Premature end of file.
2026-05-07 11:01:44,924 [ERROR] LogOutputStream:75 - [STDERR_REDIRECT] 
2026-05-07 11:01:45,910 [ERROR] LogOutputStream:75 - [STDERR_REDIRECT] [Fatal Error] :1:1: Premature end of file.
2026-05-07 11:01:45,910 [ERROR] LogOutputStream:75 - [STDERR_REDIRECT] 
2026-05-07 11:01:46,906 [ERROR] LogOutputStream:75 - [STDERR_REDIRECT] [Fatal Error] :1:1: Premature end of file.
2026-05-07 11:01:46,907 [ERROR] LogOutputStream:75 - [STDERR_REDIRECT] 
2026-05-07 11:01:47,906 [ERROR] LogOutputStream:75 - [STDERR_REDIRECT] [Fatal Error] :1:1: Premature end of file.
2026-05-07 11:01:47,906 [ERROR] LogOutputStream:75 - [STDERR_REDIRECT] 
2026-05-07 11:01:48,891 [ERROR] LogOutputStream:75 - [STDERR_REDIRECT] [Fatal Error] :1:1: Premature end of file.
2026-05-07 11:01:48,891 [ERROR] LogOutputStream:75 - [STDERR_REDIRECT] 
2026-05-07 11:01:49,890 [ERROR] LogOutputStream:75 - [STDERR_REDIRECT] [Fatal Error] :1:1: Premature end of file.
2026-05-07 11:01:49,890 [ERROR] LogOutputStream:75 - [STDERR_REDIRECT] 
2026-05-07 11:01:50,891 [ERROR] LogOutputStream:75 - [STDERR_REDIRECT] [Fatal Error] :1:1: Premature end of file.
2026-05-07 11:01:50,891 [ERROR] LogOutputStream:75 - [STDERR_REDIRECT] 
2026-05-07 11:01:51,915 [ERROR] LogOutputStream:75 - [STDERR_REDIRECT] [Fatal Error] :1:1: Premature end of file.
2026-05-07 11:01:51,915 [ERROR] LogOutputStream:75 - [STDERR_REDIRECT] 
2026-05-07 11:01:52,923 [ERROR] LogOutputStream:75 - [STDERR_REDIRECT] [Fatal Error] :1:1: Premature end of file.
2026-05-07 11:01:52,923 [ERROR] LogOutputStream:75 - [STDERR_REDIRECT] 
2026-05-07 11:01:53,897 [ERROR] LogOutputStream:75 - [STDERR_REDIRECT] [Fatal Error] :1:1: Premature end of file.
2026-05-07 11:01:53,897 [ERROR] LogOutputStream:75 - [STDERR_REDIRECT] 
2026-05-07 11:01:54,927 [ERROR] LogOutputStream:75 - [STDERR_REDIRECT] [Fatal Error] :1:1: Premature end of file.
2026-05-07 11:01:54,927 [ERROR] LogOutputStream:75 - [STDERR_REDIRECT] 
2026-05-07 11:01:55,921 [ERROR] LogOutputStream:75 - [STDERR_REDIRECT] [Fatal Error] :1:1: Premature end of file.
2026-05-07 11:01:55,921 [ERROR] LogOutputStream:75 - [STDERR_REDIRECT] 
2026-05-07 11:01:56,901 [ERROR] LogOutputStream:75 - [STDERR_REDIRECT] [Fatal Error] :1:1: Premature end of file.
2026-05-07 11:01:56,901 [ERROR] LogOutputStream:75 - [STDERR_REDIRECT] 
2026-05-07 11:01:57,896 [ERROR] LogOutputStream:75 - [STDERR_REDIRECT] [Fatal Error] :1:1: Premature end of file.
2026-05-07 11:01:57,896 [ERROR] LogOutputStream:75 - [STDERR_REDIRECT] 
2026-05-07 11:01:58,896 [ERROR] LogOutputStream:75 - [STDERR_REDIRECT] [Fatal Error] :1:1: Premature end of file.
2026-05-07 11:01:58,896 [ERROR] LogOutputStream:75 - [STDERR_REDIRECT] 
2026-05-07 11:01:59,908 [ERROR] LogOutputStream:75 - [STDERR_REDIRECT] [Fatal Error] :1:1: Premature end of file.
2026-05-07 11:01:59,908 [ERROR] LogOutputStream:75 - [STDERR_REDIRECT] 
2026-05-07 11:02:00,899 [ERROR] LogOutputStream:75 - [STDERR_REDIRECT] [Fatal Error] :1:1: Premature end of file.
2026-05-07 11:02:00,899 [ERROR] LogOutputStream:75 - [STDERR_REDIRECT] 
2026-05-07 11:02:01,908 [ERROR] LogOutputStream:75 - [STDERR_REDIRECT] [Fatal Error] :1:1: Premature end of file.
2026-05-07 11:02:01,908 [ERROR] LogOutputStream:75 - [STDERR_REDIRECT] 
2026-05-07 11:02:02,911 [ERROR] LogOutputStream:75 - [STDERR_REDIRECT] [Fatal Error] :1:1: Premature end of file.
2026-05-07 11:02:02,911 [ERROR] LogOutputStream:75 - [STDERR_REDIRECT] 
2026-05-07 11:02:03,912 [ERROR] LogOutputStream:75 - [STDERR_REDIRECT] [Fatal Error] :1:1: Premature end of file.
2026-05-07 11:02:03,912 [ERROR] LogOutputStream:75 - [STDERR_REDIRECT] 
2026-05-07 11:02:04,912 [ERROR] LogOutputStream:75 - [STDERR_REDIRECT] [Fatal Error] :1:1: Premature end of file.
2026-05-07 11:02:04,912 [ERROR] LogOutputStream:75 - [STDERR_REDIRECT] 
2026-05-07 11:02:05,898 [ERROR] LogOutputStream:75 - [STDERR_REDIRECT] [Fatal Error] :1:1: Premature end of file.
2026-05-07 11:02:05,898 [ERROR] LogOutputStream:75 - [STDERR_REDIRECT] 
2026-05-07 11:02:06,915 [ERROR] LogOutputStream:75 - [STDERR_REDIRECT] [Fatal Error] :1:1: Premature end of file.
2026-05-07 11:02:06,915 [ERROR] LogOutputStream:75 - [STDERR_REDIRECT] 
2026-05-07 11:02:07,898 [ERROR] LogOutputStream:75 - [STDERR_REDIRECT] [Fatal Error] :1:1: Premature end of file.
2026-05-07 11:02:07,898 [ERROR] LogOutputStream:75 - [STDERR_REDIRECT] 
2026-05-07 11:02:08,904 [ERROR] LogOutputStream:75 - [STDERR_REDIRECT] [Fatal Error] :1:1: Premature end of file.
2026-05-07 11:02:08,905 [ERROR] LogOutputStream:75 - [STDERR_REDIRECT] 
2026-05-07 11:02:09,911 [ERROR] LogOutputStream:75 - [STDERR_REDIRECT] [Fatal Error] :1:1: Premature end of file.
2026-05-07 11:02:09,911 [ERROR] LogOutputStream:75 - [STDERR_REDIRECT] 
2026-05-07 11:02:10,894 [ERROR] LogOutputStream:75 - [STDERR_REDIRECT] [Fatal Error] :1:1: Premature end of file.
2026-05-07 11:02:10,894 [ERROR] LogOutputStream:75 - [STDERR_REDIRECT] 
2026-05-07 11:02:11,911 [ERROR] LogOutputStream:75 - [STDERR_REDIRECT] [Fatal Error] :1:1: Premature end of file.
2026-05-07 11:02:11,911 [ERROR] LogOutputStream:75 - [STDERR_REDIRECT] 
2026-05-07 11:02:12,917 [ERROR] LogOutputStream:75 - [STDERR_REDIRECT] [Fatal Error] :1:1: Premature end of file.
2026-05-07 11:02:12,917 [ERROR] LogOutputStream:75 - [STDERR_REDIRECT] 
2026-05-07 11:02:13,895 [ERROR] LogOutputStream:75 - [STDERR_REDIRECT] [Fatal Error] :1:1: Premature end of file.
2026-05-07 11:02:13,895 [ERROR] LogOutputStream:75 - [STDERR_REDIRECT] 
2026-05-07 11:02:14,905 [ERROR] LogOutputStream:75 - [STDERR_REDIRECT] [Fatal Error] :1:1: Premature end of file.
2026-05-07 11:02:14,906 [ERROR] LogOutputStream:75 - [STDERR_REDIRECT] 
2026-05-07 11:02:15,908 [ERROR] LogOutputStream:75 - [STDERR_REDIRECT] [Fatal Error] :1:1: Premature end of file.
2026-05-07 11:02:15,908 [ERROR] LogOutputStream:75 - [STDERR_REDIRECT] 
2026-05-07 11:02:16,924 [ERROR] LogOutputStream:75 - [STDERR_REDIRECT] [Fatal Error] :1:1: Premature end of file.
2026-05-07 11:02:16,924 [ERROR] LogOutputStream:75 - [STDERR_REDIRECT] 
2026-05-07 11:02:17,886 [ERROR] LogOutputStream:75 - [STDERR_REDIRECT] [Fatal Error] :1:1: Premature end of file.
2026-05-07 11:02:17,886 [ERROR] LogOutputStream:75 - [STDERR_REDIRECT] 
2026-05-07 11:02:18,904 [ERROR] LogOutputStream:75 - [STDERR_REDIRECT] [Fatal Error] :1:1: Premature end of file.
2026-05-07 11:02:18,904 [ERROR] LogOutputStream:75 - [STDERR_REDIRECT] 
2026-05-07 11:02:19,889 [ERROR] LogOutputStream:75 - [STDERR_REDIRECT] [Fatal Error] :1:1: Premature end of file.
2026-05-07 11:02:19,890 [ERROR] LogOutputStream:75 - [STDERR_REDIRECT] 
2026-05-07 11:02:20,895 [ERROR] LogOutputStream:75 - [STDERR_REDIRECT] [Fatal Error] :1:1: Premature end of file.
2026-05-07 11:02:20,895 [ERROR] LogOutputStream:75 - [STDERR_REDIRECT] 
2026-05-07 11:02:21,921 [ERROR] LogOutputStream:75 - [STDERR_REDIRECT] [Fatal Error] :1:1: Premature end of file.
2026-05-07 11:02:21,921 [ERROR] LogOutputStream:75 - [STDERR_REDIRECT] 
2026-05-07 11:02:22,896 [ERROR] LogOutputStream:75 - [STDERR_REDIRECT] [Fatal Error] :1:1: Premature end of file.
2026-05-07 11:02:22,896 [ERROR] LogOutputStream:75 - [STDERR_REDIRECT] 
2026-05-07 11:02:23,891 [ERROR] LogOutputStream:75 - [STDERR_REDIRECT] [Fatal Error] :1:1: Premature end of file.
2026-05-07 11:02:23,891 [ERROR] LogOutputStream:75 - [STDERR_REDIRECT] 
2026-05-07 11:02:24,893 [ERROR] LogOutputStream:75 - [STDERR_REDIRECT] [Fatal Error] :1:1: Premature end of file.
2026-05-07 11:02:24,893 [ERROR] LogOutputStream:75 - [STDERR_REDIRECT] 
2026-05-07 11:02:25,901 [ERROR] LogOutputStream:75 - [STDERR_REDIRECT] [Fatal Error] :1:1: Premature end of file.
2026-05-07 11:02:25,901 [ERROR] LogOutputStream:75 - [STDERR_REDIRECT] 
2026-05-07 11:02:26,897 [ERROR] LogOutputStream:75 - [STDERR_REDIRECT] [Fatal Error] :1:1: Premature end of file.
2026-05-07 11:02:26,897 [ERROR] LogOutputStream:75 - [STDERR_REDIRECT] 
2026-05-07 11:02:27,896 [ERROR] LogOutputStream:75 - [STDERR_REDIRECT] [Fatal Error] :1:1: Premature end of file.
2026-05-07 11:02:27,896 [ERROR] LogOutputStream:75 - [STDERR_REDIRECT] 
2026-05-07 11:02:28,880 [ERROR] LogOutputStream:75 - [STDERR_REDIRECT] [Fatal Error] :1:1: Premature end of file.
2026-05-07 11:02:28,880 [ERROR] LogOutputStream:75 - [STDERR_REDIRECT] 
2026-05-07 11:02:29,910 [ERROR] LogOutputStream:75 - [STDERR_REDIRECT] [Fatal Error] :1:1: Premature end of file.
2026-05-07 11:02:29,910 [ERROR] LogOutputStream:75 - [STDERR_REDIRECT] 
2026-05-07 11:02:30,882 [ERROR] LogOutputStream:75 - [STDERR_REDIRECT] [Fatal Error] :1:1: Premature end of file.
2026-05-07 11:02:30,882 [ERROR] LogOutputStream:75 - [STDERR_REDIRECT] 
2026-05-07 11:02:31,914 [ERROR] LogOutputStream:75 - [STDERR_REDIRECT] [Fatal Error] :1:1: Premature end of file.
2026-05-07 11:02:31,914 [ERROR] LogOutputStream:75 - [STDERR_REDIRECT] 
2026-05-07 11:02:32,902 [ERROR] LogOutputStream:75 - [STDERR_REDIRECT] [Fatal Error] :1:1: Premature end of file.
2026-05-07 11:02:32,902 [ERROR] LogOutputStream:75 - [STDERR_REDIRECT] 
2026-05-07 11:02:33,912 [ERROR] LogOutputStream:75 - [STDERR_REDIRECT] [Fatal Error] :1:1: Premature end of file.
2026-05-07 11:02:33,912 [ERROR] LogOutputStream:75 - [STDERR_REDIRECT] 
2026-05-07 11:02:34,904 [ERROR] LogOutputStream:75 - [STDERR_REDIRECT] [Fatal Error] :1:1: Premature end of file.
2026-05-07 11:02:34,904 [ERROR] LogOutputStream:75 - [STDERR_REDIRECT] 
2026-05-07 11:02:35,923 [ERROR] LogOutputStream:75 - [STDERR_REDIRECT] [Fatal Error] :1:1: Premature end of file.
2026-05-07 11:02:35,923 [ERROR] LogOutputStream:75 - [STDERR_REDIRECT] 
2026-05-07 11:02:36,892 [ERROR] LogOutputStream:75 - [STDERR_REDIRECT] [Fatal Error] :1:1: Premature end of file.
2026-05-07 11:02:36,892 [ERROR] LogOutputStream:75 - [STDERR_REDIRECT] 
2026-05-07 11:02:37,904 [ERROR] LogOutputStream:75 - [STDERR_REDIRECT] [Fatal Error] :1:1: Premature end of file.
2026-05-07 11:02:37,904 [ERROR] LogOutputStream:75 - [STDERR_REDIRECT] 
2026-05-07 11:02:38,908 [ERROR] LogOutputStream:75 - [STDERR_REDIRECT] [Fatal Error] :1:1: Premature end of file.
2026-05-07 11:02:38,909 [ERROR] LogOutputStream:75 - [STDERR_REDIRECT] 
2026-05-07 11:02:39,913 [ERROR] LogOutputStream:75 - [STDERR_REDIRECT] [Fatal Error] :1:1: Premature end of file.
2026-05-07 11:02:39,913 [ERROR] LogOutputStream:75 - [STDERR_REDIRECT] 
2026-05-07 11:02:40,910 [ERROR] LogOutputStream:75 - [STDERR_REDIRECT] [Fatal Error] :1:1: Premature end of file.
2026-05-07 11:02:40,910 [ERROR] LogOutputStream:75 - [STDERR_REDIRECT] 
2026-05-07 11:02:41,902 [ERROR] LogOutputStream:75 - [STDERR_REDIRECT] [Fatal Error] :1:1: Premature end of file.
2026-05-07 11:02:41,902 [ERROR] LogOutputStream:75 - [STDERR_REDIRECT] 
2026-05-07 11:02:42,897 [ERROR] LogOutputStream:75 - [STDERR_REDIRECT] [Fatal Error] :1:1: Premature end of file.
2026-05-07 11:02:42,897 [ERROR] LogOutputStream:75 - [STDERR_REDIRECT] 
2026-05-07 11:02:43,915 [ERROR] LogOutputStream:75 - [STDERR_REDIRECT] [Fatal Error] :1:1: Premature end of file.
2026-05-07 11:02:43,916 [ERROR] LogOutputStream:75 - [STDERR_REDIRECT] 
2026-05-07 11:02:44,905 [ERROR] LogOutputStream:75 - [STDERR_REDIRECT] [Fatal Error] :1:1: Premature end of file.
2026-05-07 11:02:44,905 [ERROR] LogOutputStream:75 - [STDERR_REDIRECT] 
2026-05-07 11:02:45,895 [ERROR] LogOutputStream:75 - [STDERR_REDIRECT] [Fatal Error] :1:1: Premature end of file.
2026-05-07 11:02:45,895 [ERROR] LogOutputStream:75 - [STDERR_REDIRECT] 
2026-05-07 11:02:46,913 [ERROR] LogOutputStream:75 - [STDERR_REDIRECT] [Fatal Error] :1:1: Premature end of file.
2026-05-07 11:02:46,913 [ERROR] LogOutputStream:75 - [STDERR_REDIRECT] 
2026-05-07 11:02:47,892 [ERROR] LogOutputStream:75 - [STDERR_REDIRECT] [Fatal Error] :1:1: Premature end of file.
2026-05-07 11:02:47,892 [ERROR] LogOutputStream:75 - [STDERR_REDIRECT] 
2026-05-07 11:02:48,892 [ERROR] LogOutputStream:75 - [STDERR_REDIRECT] [Fatal Error] :1:1: Premature end of file.
2026-05-07 11:02:48,892 [ERROR] LogOutputStream:75 - [STDERR_REDIRECT] 
2026-05-07 11:02:49,899 [ERROR] LogOutputStream:75 - [STDERR_REDIRECT] [Fatal Error] :1:1: Premature end of file.
2026-05-07 11:02:49,899 [ERROR] LogOutputStream:75 - [STDERR_REDIRECT] 
2026-05-07 11:02:50,893 [ERROR] LogOutputStream:75 - [STDERR_REDIRECT] [Fatal Error] :1:1: Premature end of file.
2026-05-07 11:02:50,893 [ERROR] LogOutputStream:75 - [STDERR_REDIRECT] 
2026-05-07 11:02:51,905 [ERROR] LogOutputStream:75 - [STDERR_REDIRECT] [Fatal Error] :1:1: Premature end of file.
2026-05-07 11:02:51,905 [ERROR] LogOutputStream:75 - [STDERR_REDIRECT] 
2026-05-07 11:02:52,891 [ERROR] LogOutputStream:75 - [STDERR_REDIRECT] [Fatal Error] :1:1: Premature end of file.
2026-05-07 11:02:52,891 [ERROR] LogOutputStream:75 - [STDERR_REDIRECT] 
2026-05-07 11:02:53,891 [ERROR] LogOutputStream:75 - [STDERR_REDIRECT] [Fatal Error] :1:1: Premature end of file.
2026-05-07 11:02:53,891 [ERROR] LogOutputStream:75 - [STDERR_REDIRECT] 
2026-05-07 11:02:54,905 [ERROR] LogOutputStream:75 - [STDERR_REDIRECT] [Fatal Error] :1:1: Premature end of file.
2026-05-07 11:02:54,905 [ERROR] LogOutputStream:75 - [STDERR_REDIRECT] 
2026-05-07 11:02:55,891 [ERROR] LogOutputStream:75 - [STDERR_REDIRECT] [Fatal Error] :1:1: Premature end of file.
2026-05-07 11:02:55,891 [ERROR] LogOutputStream:75 - [STDERR_REDIRECT] 
2026-05-07 11:02:56,897 [ERROR] LogOutputStream:75 - [STDERR_REDIRECT] [Fatal Error] :1:1: Premature end of file.
2026-05-07 11:02:56,897 [ERROR] LogOutputStream:75 - [STDERR_REDIRECT] 
2026-05-07 11:02:57,897 [ERROR] LogOutputStream:75 - [STDERR_REDIRECT] [Fatal Error] :1:1: Premature end of file.
2026-05-07 11:02:57,897 [ERROR] LogOutputStream:75 - [STDERR_REDIRECT] 
2026-05-07 11:02:58,894 [ERROR] LogOutputStream:75 - [STDERR_REDIRECT] [Fatal Error] :1:1: Premature end of file.
2026-05-07 11:02:58,894 [ERROR] LogOutputStream:75 - [STDERR_REDIRECT] 
2026-05-07 11:02:59,897 [ERROR] LogOutputStream:75 - [STDERR_REDIRECT] [Fatal Error] :1:1: Premature end of file.
2026-05-07 11:02:59,897 [ERROR] LogOutputStream:75 - [STDERR_REDIRECT] 
2026-05-07 11:03:00,903 [ERROR] LogOutputStream:75 - [STDERR_REDIRECT] [Fatal Error] :1:1: Premature end of file.
2026-05-07 11:03:00,903 [ERROR] LogOutputStream:75 - [STDERR_REDIRECT] 
2026-05-07 11:03:01,904 [ERROR] LogOutputStream:75 - [STDERR_REDIRECT] [Fatal Error] :1:1: Premature end of file.
2026-05-07 11:03:01,904 [ERROR] LogOutputStream:75 - [STDERR_REDIRECT] 
2026-05-07 11:03:02,897 [ERROR] LogOutputStream:75 - [STDERR_REDIRECT] [Fatal Error] :1:1: Premature end of file.
2026-05-07 11:03:02,897 [ERROR] LogOutputStream:75 - [STDERR_REDIRECT] 
2026-05-07 11:03:03,896 [ERROR] LogOutputStream:75 - [STDERR_REDIRECT] [Fatal Error] :1:1: Premature end of file.
2026-05-07 11:03:03,896 [ERROR] LogOutputStream:75 - [STDERR_REDIRECT] 
2026-05-07 11:03:04,897 [ERROR] LogOutputStream:75 - [STDERR_REDIRECT] [Fatal Error] :1:1: Premature end of file.
2026-05-07 11:03:04,897 [ERROR] LogOutputStream:75 - [STDERR_REDIRECT] 
2026-05-07 11:03:05,896 [ERROR] LogOutputStream:75 - [STDERR_REDIRECT] [Fatal Error] :1:1: Premature end of file.
2026-05-07 11:03:05,897 [ERROR] LogOutputStream:75 - [STDERR_REDIRECT] 
2026-05-07 11:03:06,893 [ERROR] LogOutputStream:75 - [STDERR_REDIRECT] [Fatal Error] :1:1: Premature end of file.
2026-05-07 11:03:06,894 [ERROR] LogOutputStream:75 - [STDERR_REDIRECT] 
2026-05-07 11:03:07,903 [ERROR] LogOutputStream:75 - [STDERR_REDIRECT] [Fatal Error] :1:1: Premature end of file.
2026-05-07 11:03:07,903 [ERROR] LogOutputStream:75 - [STDERR_REDIRECT] 
2026-05-07 11:03:08,896 [ERROR] LogOutputStream:75 - [STDERR_REDIRECT] [Fatal Error] :1:1: Premature end of file.
2026-05-07 11:03:08,896 [ERROR] LogOutputStream:75 - [STDERR_REDIRECT] 
2026-05-07 11:03:09,896 [ERROR] LogOutputStream:75 - [STDERR_REDIRECT] [Fatal Error] :1:1: Premature end of file.
2026-05-07 11:03:09,896 [ERROR] LogOutputStream:75 - [STDERR_REDIRECT] 
2026-05-07 11:03:10,886 [ERROR] LogOutputStream:75 - [STDERR_REDIRECT] [Fatal Error] :1:1: Premature end of file.
2026-05-07 11:03:10,886 [ERROR] LogOutputStream:75 - [STDERR_REDIRECT] 
2026-05-07 11:03:11,874 [ERROR] LogOutputStream:75 - [STDERR_REDIRECT] [Fatal Error] :1:1: Premature end of file.
2026-05-07 11:03:11,874 [ERROR] LogOutputStream:75 - [STDERR_REDIRECT] 
2026-05-07 11:03:12,889 [ERROR] LogOutputStream:75 - [STDERR_REDIRECT] [Fatal Error] :1:1: Premature end of file.
2026-05-07 11:03:12,889 [ERROR] LogOutputStream:75 - [STDERR_REDIRECT] 
2026-05-07 11:03:13,903 [ERROR] LogOutputStream:75 - [STDERR_REDIRECT] [Fatal Error] :1:1: Premature end of file.
2026-05-07 11:03:13,903 [ERROR] LogOutputStream:75 - [STDERR_REDIRECT] 
2026-05-07 11:03:14,903 [ERROR] LogOutputStream:75 - [STDERR_REDIRECT] [Fatal Error] :1:1: Premature end of file.
2026-05-07 11:03:14,903 [ERROR] LogOutputStream:75 - [STDERR_REDIRECT] 
2026-05-07 11:03:15,895 [ERROR] LogOutputStream:75 - [STDERR_REDIRECT] [Fatal Error] :1:1: Premature end of file.
2026-05-07 11:03:15,895 [ERROR] LogOutputStream:75 - [STDERR_REDIRECT] 
2026-05-07 11:03:16,909 [ERROR] LogOutputStream:75 - [STDERR_REDIRECT] [Fatal Error] :1:1: Premature end of file.
2026-05-07 11:03:16,909 [ERROR] LogOutputStream:75 - [STDERR_REDIRECT] 
2026-05-07 11:03:17,916 [ERROR] LogOutputStream:75 - [STDERR_REDIRECT] [Fatal Error] :1:1: Premature end of file.
2026-05-07 11:03:17,916 [ERROR] LogOutputStream:75 - [STDERR_REDIRECT] 
2026-05-07 11:03:18,913 [ERROR] LogOutputStream:75 - [STDERR_REDIRECT] [Fatal Error] :1:1: Premature end of file.
2026-05-07 11:03:18,913 [ERROR] LogOutputStream:75 - [STDERR_REDIRECT] 
2026-05-07 11:03:19,904 [ERROR] LogOutputStream:75 - [STDERR_REDIRECT] [Fatal Error] :1:1: Premature end of file.
2026-05-07 11:03:19,904 [ERROR] LogOutputStream:75 - [STDERR_REDIRECT] 
2026-05-07 11:03:20,908 [ERROR] LogOutputStream:75 - [STDERR_REDIRECT] [Fatal Error] :1:1: Premature end of file.
2026-05-07 11:03:20,908 [ERROR] LogOutputStream:75 - [STDERR_REDIRECT] 
2026-05-07 11:03:21,929 [ERROR] LogOutputStream:75 - [STDERR_REDIRECT] [Fatal Error] :1:1: Premature end of file.
2026-05-07 11:03:21,929 [ERROR] LogOutputStream:75 - [STDERR_REDIRECT] 
2026-05-07 11:03:22,918 [ERROR] LogOutputStream:75 - [STDERR_REDIRECT] [Fatal Error] :1:1: Premature end of file.
2026-05-07 11:03:22,918 [ERROR] LogOutputStream:75 - [STDERR_REDIRECT] 
2026-05-07 11:03:23,908 [ERROR] LogOutputStream:75 - [STDERR_REDIRECT] [Fatal Error] :1:1: Premature end of file.
2026-05-07 11:03:23,908 [ERROR] LogOutputStream:75 - [STDERR_REDIRECT] 
2026-05-07 11:03:24,916 [ERROR] LogOutputStream:75 - [STDERR_REDIRECT] [Fatal Error] :1:1: Premature end of file.
2026-05-07 11:03:24,916 [ERROR] LogOutputStream:75 - [STDERR_REDIRECT] 
2026-05-07 11:03:25,922 [ERROR] LogOutputStream:75 - [STDERR_REDIRECT] [Fatal Error] :1:1: Premature end of file.
2026-05-07 11:03:25,922 [ERROR] LogOutputStream:75 - [STDERR_REDIRECT] 
2026-05-07 11:03:26,908 [ERROR] LogOutputStream:75 - [STDERR_REDIRECT] [Fatal Error] :1:1: Premature end of file.
2026-05-07 11:03:26,908 [ERROR] LogOutputStream:75 - [STDERR_REDIRECT] 
2026-05-07 11:03:27,891 [ERROR] LogOutputStream:75 - [STDERR_REDIRECT] [Fatal Error] :1:1: Premature end of file.
2026-05-07 11:03:27,891 [ERROR] LogOutputStream:75 - [STDERR_REDIRECT] 
2026-05-07 11:03:28,911 [ERROR] LogOutputStream:75 - [STDERR_REDIRECT] [Fatal Error] :1:1: Premature end of file.
2026-05-07 11:03:28,911 [ERROR] LogOutputStream:75 - [STDERR_REDIRECT] 
2026-05-07 11:03:29,914 [ERROR] LogOutputStream:75 - [STDERR_REDIRECT] [Fatal Error] :1:1: Premature end of file.
2026-05-07 11:03:29,914 [ERROR] LogOutputStream:75 - [STDERR_REDIRECT] 
2026-05-07 11:03:30,887 [ERROR] LogOutputStream:75 - [STDERR_REDIRECT] [Fatal Error] :1:1: Premature end of file.
2026-05-07 11:03:30,887 [ERROR] LogOutputStream:75 - [STDERR_REDIRECT] 
2026-05-07 11:03:31,917 [ERROR] LogOutputStream:75 - [STDERR_REDIRECT] [Fatal Error] :1:1: Premature end of file.
2026-05-07 11:03:31,917 [ERROR] LogOutputStream:75 - [STDERR_REDIRECT] 
2026-05-07 11:03:32,942 [ERROR] LogOutputStream:75 - [STDERR_REDIRECT] [Fatal Error] :1:1: Premature end of file.
2026-05-07 11:03:32,942 [ERROR] LogOutputStream:75 - [STDERR_REDIRECT] 
2026-05-07 11:03:33,907 [ERROR] LogOutputStream:75 - [STDERR_REDIRECT] [Fatal Error] :1:1: Premature end of file.
2026-05-07 11:03:33,907 [ERROR] LogOutputStream:75 - [STDERR_REDIRECT] 
2026-05-07 11:03:34,910 [ERROR] LogOutputStream:75 - [STDERR_REDIRECT] [Fatal Error] :1:1: Premature end of file.
2026-05-07 11:03:34,910 [ERROR] LogOutputStream:75 - [STDERR_REDIRECT] 
2026-05-07 11:03:35,911 [ERROR] LogOutputStream:75 - [STDERR_REDIRECT] [Fatal Error] :1:1: Premature end of file.
2026-05-07 11:03:35,911 [ERROR] LogOutputStream:75 - [STDERR_REDIRECT] 
2026-05-07 11:03:36,914 [ERROR] LogOutputStream:75 - [STDERR_REDIRECT] [Fatal Error] :1:1: Premature end of file.
2026-05-07 11:03:36,914 [ERROR] LogOutputStream:75 - [STDERR_REDIRECT] 
2026-05-07 11:03:37,916 [ERROR] LogOutputStream:75 - [STDERR_REDIRECT] [Fatal Error] :1:1: Premature end of file.
2026-05-07 11:03:37,916 [ERROR] LogOutputStream:75 - [STDERR_REDIRECT] 
2026-05-07 11:03:38,918 [ERROR] LogOutputStream:75 - [STDERR_REDIRECT] [Fatal Error] :1:1: Premature end of file.
2026-05-07 11:03:38,918 [ERROR] LogOutputStream:75 - [STDERR_REDIRECT] 
2026-05-07 11:03:39,903 [ERROR] LogOutputStream:75 - [STDERR_REDIRECT] [Fatal Error] :1:1: Premature end of file.
2026-05-07 11:03:39,903 [ERROR] LogOutputStream:75 - [STDERR_REDIRECT] 
2026-05-07 11:03:40,912 [ERROR] LogOutputStream:75 - [STDERR_REDIRECT] [Fatal Error] :1:1: Premature end of file.
2026-05-07 11:03:40,912 [ERROR] LogOutputStream:75 - [STDERR_REDIRECT] 
2026-05-07 11:03:41,920 [ERROR] LogOutputStream:75 - [STDERR_REDIRECT] [Fatal Error] :1:1: Premature end of file.
2026-05-07 11:03:41,920 [ERROR] LogOutputStream:75 - [STDERR_REDIRECT] 
2026-05-07 11:03:42,906 [ERROR] LogOutputStream:75 - [STDERR_REDIRECT] [Fatal Error] :1:1: Premature end of file.
2026-05-07 11:03:42,906 [ERROR] LogOutputStream:75 - [STDERR_REDIRECT] 
2026-05-07 11:03:43,912 [ERROR] LogOutputStream:75 - [STDERR_REDIRECT] [Fatal Error] :1:1: Premature end of file.
2026-05-07 11:03:43,912 [ERROR] LogOutputStream:75 - [STDERR_REDIRECT] 
2026-05-07 11:03:44,919 [ERROR] LogOutputStream:75 - [STDERR_REDIRECT] [Fatal Error] :1:1: Premature end of file.
2026-05-07 11:03:44,919 [ERROR] LogOutputStream:75 - [STDERR_REDIRECT] 
2026-05-07 11:03:45,905 [ERROR] LogOutputStream:75 - [STDERR_REDIRECT] [Fatal Error] :1:1: Premature end of file.
2026-05-07 11:03:45,905 [ERROR] LogOutputStream:75 - [STDERR_REDIRECT] 
2026-05-07 11:03:46,905 [ERROR] LogOutputStream:75 - [STDERR_REDIRECT] [Fatal Error] :1:1: Premature end of file.
2026-05-07 11:03:46,905 [ERROR] LogOutputStream:75 - [STDERR_REDIRECT] 
2026-05-07 11:03:47,892 [ERROR] LogOutputStream:75 - [STDERR_REDIRECT] [Fatal Error] :1:1: Premature end of file.
2026-05-07 11:03:47,892 [ERROR] LogOutputStream:75 - [STDERR_REDIRECT] 
2026-05-07 11:03:48,912 [ERROR] LogOutputStream:75 - [STDERR_REDIRECT] [Fatal Error] :1:1: Premature end of file.
2026-05-07 11:03:48,912 [ERROR] LogOutputStream:75 - [STDERR_REDIRECT] 
2026-05-07 11:03:49,919 [ERROR] LogOutputStream:75 - [STDERR_REDIRECT] [Fatal Error] :1:1: Premature end of file.
2026-05-07 11:03:49,921 [ERROR] LogOutputStream:75 - [STDERR_REDIRECT] 
2026-05-07 11:03:50,913 [ERROR] LogOutputStream:75 - [STDERR_REDIRECT] [Fatal Error] :1:1: Premature end of file.
2026-05-07 11:03:50,913 [ERROR] LogOutputStream:75 - [STDERR_REDIRECT] 
2026-05-07 11:03:51,911 [ERROR] LogOutputStream:75 - [STDERR_REDIRECT] [Fatal Error] :1:1: Premature end of file.
2026-05-07 11:03:51,911 [ERROR] LogOutputStream:75 - [STDERR_REDIRECT] 
2026-05-07 11:03:52,911 [ERROR] LogOutputStream:75 - [STDERR_REDIRECT] [Fatal Error] :1:1: Premature end of file.
2026-05-07 11:03:52,911 [ERROR] LogOutputStream:75 - [STDERR_REDIRECT] 
2026-05-07 11:03:53,904 [ERROR] LogOutputStream:75 - [STDERR_REDIRECT] [Fatal Error] :1:1: Premature end of file.
2026-05-07 11:03:53,904 [ERROR] LogOutputStream:75 - [STDERR_REDIRECT] 
2026-05-07 11:03:54,912 [ERROR] LogOutputStream:75 - [STDERR_REDIRECT] [Fatal Error] :1:1: Premature end of file.
2026-05-07 11:03:54,912 [ERROR] LogOutputStream:75 - [STDERR_REDIRECT] 
2026-05-07 11:03:55,911 [ERROR] LogOutputStream:75 - [STDERR_REDIRECT] [Fatal Error] :1:1: Premature end of file.
2026-05-07 11:03:55,911 [ERROR] LogOutputStream:75 - [STDERR_REDIRECT] 
2026-05-07 11:03:56,911 [ERROR] LogOutputStream:75 - [STDERR_REDIRECT] [Fatal Error] :1:1: Premature end of file.
2026-05-07 11:03:56,911 [ERROR] LogOutputStream:75 - [STDERR_REDIRECT] 
2026-05-07 11:03:57,911 [ERROR] LogOutputStream:75 - [STDERR_REDIRECT] [Fatal Error] :1:1: Premature end of file.
2026-05-07 11:03:57,911 [ERROR] LogOutputStream:75 - [STDERR_REDIRECT] 
2026-05-07 11:03:58,904 [ERROR] LogOutputStream:75 - [STDERR_REDIRECT] [Fatal Error] :1:1: Premature end of file.
2026-05-07 11:03:58,904 [ERROR] LogOutputStream:75 - [STDERR_REDIRECT] 
2026-05-07 11:03:59,927 [ERROR] LogOutputStream:75 - [STDERR_REDIRECT] [Fatal Error] :1:1: Premature end of file.
2026-05-07 11:03:59,927 [ERROR] LogOutputStream:75 - [STDERR_REDIRECT] 
2026-05-07 11:04:00,899 [ERROR] LogOutputStream:75 - [STDERR_REDIRECT] [Fatal Error] :1:1: Premature end of file.
2026-05-07 11:04:00,899 [ERROR] LogOutputStream:75 - [STDERR_REDIRECT] 
2026-05-07 11:04:01,903 [ERROR] LogOutputStream:75 - [STDERR_REDIRECT] [Fatal Error] :1:1: Premature end of file.
2026-05-07 11:04:01,903 [ERROR] LogOutputStream:75 - [STDERR_REDIRECT] 
2026-05-07 11:04:02,903 [ERROR] LogOutputStream:75 - [STDERR_REDIRECT] [Fatal Error] :1:1: Premature end of file.
2026-05-07 11:04:02,903 [ERROR] LogOutputStream:75 - [STDERR_REDIRECT] 
2026-05-07 11:04:03,910 [ERROR] LogOutputStream:75 - [STDERR_REDIRECT] [Fatal Error] :1:1: Premature end of file.
2026-05-07 11:04:03,910 [ERROR] LogOutputStream:75 - [STDERR_REDIRECT] 
2026-05-07 11:04:04,910 [ERROR] LogOutputStream:75 - [STDERR_REDIRECT] [Fatal Error] :1:1: Premature end of file.
2026-05-07 11:04:04,910 [ERROR] LogOutputStream:75 - [STDERR_REDIRECT] 
2026-05-07 11:04:05,896 [ERROR] LogOutputStream:75 - [STDERR_REDIRECT] [Fatal Error] :1:1: Premature end of file.
2026-05-07 11:04:05,896 [ERROR] LogOutputStream:75 - [STDERR_REDIRECT] 
2026-05-07 11:04:06,898 [ERROR] LogOutputStream:75 - [STDERR_REDIRECT] [Fatal Error] :1:1: Premature end of file.
2026-05-07 11:04:06,898 [ERROR] LogOutputStream:75 - [STDERR_REDIRECT] 
2026-05-07 11:04:07,914 [ERROR] LogOutputStream:75 - [STDERR_REDIRECT] [Fatal Error] :1:1: Premature end of file.
2026-05-07 11:04:07,914 [ERROR] LogOutputStream:75 - [STDERR_REDIRECT] 
2026-05-07 11:04:08,901 [ERROR] LogOutputStream:75 - [STDERR_REDIRECT] [Fatal Error] :1:1: Premature end of file.
2026-05-07 11:04:08,901 [ERROR] LogOutputStream:75 - [STDERR_REDIRECT] 
2026-05-07 11:04:09,908 [ERROR] LogOutputStream:75 - [STDERR_REDIRECT] [Fatal Error] :1:1: Premature end of file.
2026-05-07 11:04:09,908 [ERROR] LogOutputStream:75 - [STDERR_REDIRECT] 
2026-05-07 11:04:10,917 [ERROR] LogOutputStream:75 - [STDERR_REDIRECT] [Fatal Error] :1:1: Premature end of file.
2026-05-07 11:04:10,917 [ERROR] LogOutputStream:75 - [STDERR_REDIRECT] 
2026-05-07 11:04:11,917 [ERROR] LogOutputStream:75 - [STDERR_REDIRECT] [Fatal Error] :1:1: Premature end of file.
2026-05-07 11:04:11,917 [ERROR] LogOutputStream:75 - [STDERR_REDIRECT] 
2026-05-07 11:04:12,902 [ERROR] LogOutputStream:75 - [STDERR_REDIRECT] [Fatal Error] :1:1: Premature end of file.
2026-05-07 11:04:12,902 [ERROR] LogOutputStream:75 - [STDERR_REDIRECT] 
2026-05-07 11:04:13,900 [ERROR] LogOutputStream:75 - [STDERR_REDIRECT] [Fatal Error] :1:1: Premature end of file.
2026-05-07 11:04:13,900 [ERROR] LogOutputStream:75 - [STDERR_REDIRECT] 
2026-05-07 11:04:14,898 [ERROR] LogOutputStream:75 - [STDERR_REDIRECT] [Fatal Error] :1:1: Premature end of file.
2026-05-07 11:04:14,898 [ERROR] LogOutputStream:75 - [STDERR_REDIRECT] 
2026-05-07 11:04:15,918 [ERROR] LogOutputStream:75 - [STDERR_REDIRECT] [Fatal Error] :1:1: Premature end of file.
2026-05-07 11:04:15,918 [ERROR] LogOutputStream:75 - [STDERR_REDIRECT] 
2026-05-07 11:04:16,909 [ERROR] LogOutputStream:75 - [STDERR_REDIRECT] [Fatal Error] :1:1: Premature end of file.
2026-05-07 11:04:16,909 [ERROR] LogOutputStream:75 - [STDERR_REDIRECT] 
2026-05-07 11:04:17,901 [ERROR] LogOutputStream:75 - [STDERR_REDIRECT] [Fatal Error] :1:1: Premature end of file.
2026-05-07 11:04:17,901 [ERROR] LogOutputStream:75 - [STDERR_REDIRECT] 
2026-05-07 11:04:18,902 [ERROR] LogOutputStream:75 - [STDERR_REDIRECT] [Fatal Error] :1:1: Premature end of file.
2026-05-07 11:04:18,902 [ERROR] LogOutputStream:75 - [STDERR_REDIRECT] 
2026-05-07 11:04:19,888 [ERROR] LogOutputStream:75 - [STDERR_REDIRECT] [Fatal Error] :1:1: Premature end of file.
2026-05-07 11:04:19,888 [ERROR] LogOutputStream:75 - [STDERR_REDIRECT] 
2026-05-07 11:04:20,918 [ERROR] LogOutputStream:75 - [STDERR_REDIRECT] [Fatal Error] :1:1: Premature end of file.
2026-05-07 11:04:20,918 [ERROR] LogOutputStream:75 - [STDERR_REDIRECT] 
2026-05-07 11:04:21,902 [ERROR] LogOutputStream:75 - [STDERR_REDIRECT] [Fatal Error] :1:1: Premature end of file.
2026-05-07 11:04:21,902 [ERROR] LogOutputStream:75 - [STDERR_REDIRECT] 
2026-05-07 11:04:22,903 [ERROR] LogOutputStream:75 - [STDERR_REDIRECT] [Fatal Error] :1:1: Premature end of file.
2026-05-07 11:04:22,903 [ERROR] LogOutputStream:75 - [STDERR_REDIRECT] 
2026-05-07 11:04:23,890 [ERROR] LogOutputStream:75 - [STDERR_REDIRECT] [Fatal Error] :1:1: Premature end of file.
2026-05-07 11:04:23,890 [ERROR] LogOutputStream:75 - [STDERR_REDIRECT] 
2026-05-07 11:04:24,889 [ERROR] LogOutputStream:75 - [STDERR_REDIRECT] [Fatal Error] :1:1: Premature end of file.
2026-05-07 11:04:24,889 [ERROR] LogOutputStream:75 - [STDERR_REDIRECT] 
2026-05-07 11:04:25,904 [ERROR] LogOutputStream:75 - [STDERR_REDIRECT] [Fatal Error] :1:1: Premature end of file.
2026-05-07 11:04:25,904 [ERROR] LogOutputStream:75 - [STDERR_REDIRECT] 
2026-05-07 11:04:26,906 [ERROR] LogOutputStream:75 - [STDERR_REDIRECT] [Fatal Error] :1:1: Premature end of file.
2026-05-07 11:04:26,906 [ERROR] LogOutputStream:75 - [STDERR_REDIRECT] 
2026-05-07 11:04:27,888 [ERROR] LogOutputStream:75 - [STDERR_REDIRECT] [Fatal Error] :1:1: Premature end of file.
2026-05-07 11:04:27,888 [ERROR] LogOutputStream:75 - [STDERR_REDIRECT] 
2026-05-07 11:04:28,906 [ERROR] LogOutputStream:75 - [STDERR_REDIRECT] [Fatal Error] :1:1: Premature end of file.
2026-05-07 11:04:28,906 [ERROR] LogOutputStream:75 - [STDERR_REDIRECT] 
2026-05-07 11:04:29,896 [ERROR] LogOutputStream:75 - [STDERR_REDIRECT] [Fatal Error] :1:1: Premature end of file.
2026-05-07 11:04:29,896 [ERROR] LogOutputStream:75 - [STDERR_REDIRECT] 
2026-05-07 11:04:30,890 [ERROR] LogOutputStream:75 - [STDERR_REDIRECT] [Fatal Error] :1:1: Premature end of file.
2026-05-07 11:04:30,890 [ERROR] LogOutputStream:75 - [STDERR_REDIRECT] 
2026-05-07 11:04:31,918 [ERROR] LogOutputStream:75 - [STDERR_REDIRECT] [Fatal Error] :1:1: Premature end of file.
2026-05-07 11:04:31,918 [ERROR] LogOutputStream:75 - [STDERR_REDIRECT] 
2026-05-07 11:04:32,913 [ERROR] LogOutputStream:75 - [STDERR_REDIRECT] [Fatal Error] :1:1: Premature end of file.
2026-05-07 11:04:32,913 [ERROR] LogOutputStream:75 - [STDERR_REDIRECT] 
2026-05-07 11:04:33,897 [ERROR] LogOutputStream:75 - [STDERR_REDIRECT] [Fatal Error] :1:1: Premature end of file.
2026-05-07 11:04:33,897 [ERROR] LogOutputStream:75 - [STDERR_REDIRECT] 
2026-05-07 11:04:34,906 [ERROR] LogOutputStream:75 - [STDERR_REDIRECT] [Fatal Error] :1:1: Premature end of file.
2026-05-07 11:04:34,906 [ERROR] LogOutputStream:75 - [STDERR_REDIRECT] 
2026-05-07 11:04:35,915 [ERROR] LogOutputStream:75 - [STDERR_REDIRECT] [Fatal Error] :1:1: Premature end of file.
2026-05-07 11:04:35,915 [ERROR] LogOutputStream:75 - [STDERR_REDIRECT] 
2026-05-07 11:04:36,897 [ERROR] LogOutputStream:75 - [STDERR_REDIRECT] [Fatal Error] :1:1: Premature end of file.
2026-05-07 11:04:36,897 [ERROR] LogOutputStream:75 - [STDERR_REDIRECT] 
2026-05-07 11:04:37,912 [ERROR] LogOutputStream:75 - [STDERR_REDIRECT] [Fatal Error] :1:1: Premature end of file.
2026-05-07 11:04:37,912 [ERROR] LogOutputStream:75 - [STDERR_REDIRECT] 
2026-05-07 11:04:38,897 [ERROR] LogOutputStream:75 - [STDERR_REDIRECT] [Fatal Error] :1:1: Premature end of file.
2026-05-07 11:04:38,897 [ERROR] LogOutputStream:75 - [STDERR_REDIRECT] 
2026-05-07 11:04:39,897 [ERROR] LogOutputStream:75 - [STDERR_REDIRECT] [Fatal Error] :1:1: Premature end of file.
2026-05-07 11:04:39,897 [ERROR] LogOutputStream:75 - [STDERR_REDIRECT] 
2026-05-07 11:04:40,897 [ERROR] LogOutputStream:75 - [STDERR_REDIRECT] [Fatal Error] :1:1: Premature end of file.
2026-05-07 11:04:40,897 [ERROR] LogOutputStream:75 - [STDERR_REDIRECT] 
2026-05-07 11:04:41,898 [ERROR] LogOutputStream:75 - [STDERR_REDIRECT] [Fatal Error] :1:1: Premature end of file.
2026-05-07 11:04:41,898 [ERROR] LogOutputStream:75 - [STDERR_REDIRECT] 
2026-05-07 11:04:42,912 [ERROR] LogOutputStream:75 - [STDERR_REDIRECT] [Fatal Error] :1:1: Premature end of file.
2026-05-07 11:04:42,912 [ERROR] LogOutputStream:75 - [STDERR_REDIRECT] 
2026-05-07 11:04:43,903 [ERROR] LogOutputStream:75 - [STDERR_REDIRECT] [Fatal Error] :1:1: Premature end of file.
2026-05-07 11:04:43,903 [ERROR] LogOutputStream:75 - [STDERR_REDIRECT] 
2026-05-07 11:04:44,894 [ERROR] LogOutputStream:75 - [STDERR_REDIRECT] [Fatal Error] :1:1: Premature end of file.
2026-05-07 11:04:44,894 [ERROR] LogOutputStream:75 - [STDERR_REDIRECT] 
2026-05-07 11:04:45,906 [ERROR] LogOutputStream:75 - [STDERR_REDIRECT] [Fatal Error] :1:1: Premature end of file.
2026-05-07 11:04:45,906 [ERROR] LogOutputStream:75 - [STDERR_REDIRECT] 
2026-05-07 11:04:46,904 [ERROR] LogOutputStream:75 - [STDERR_REDIRECT] [Fatal Error] :1:1: Premature end of file.
2026-05-07 11:04:46,904 [ERROR] LogOutputStream:75 - [STDERR_REDIRECT] 
2026-05-07 11:04:47,912 [ERROR] LogOutputStream:75 - [STDERR_REDIRECT] [Fatal Error] :1:1: Premature end of file.
2026-05-07 11:04:47,912 [ERROR] LogOutputStream:75 - [STDERR_REDIRECT] 
2026-05-07 11:04:48,911 [ERROR] LogOutputStream:75 - [STDERR_REDIRECT] [Fatal Error] :1:1: Premature end of file.
2026-05-07 11:04:48,911 [ERROR] LogOutputStream:75 - [STDERR_REDIRECT] 
2026-05-07 11:04:49,912 [ERROR] LogOutputStream:75 - [STDERR_REDIRECT] [Fatal Error] :1:1: Premature end of file.
2026-05-07 11:04:49,912 [ERROR] LogOutputStream:75 - [STDERR_REDIRECT] 
2026-05-07 11:04:50,905 [ERROR] LogOutputStream:75 - [STDERR_REDIRECT] [Fatal Error] :1:1: Premature end of file.
2026-05-07 11:04:50,905 [ERROR] LogOutputStream:75 - [STDERR_REDIRECT] 
2026-05-07 11:04:51,910 [ERROR] LogOutputStream:75 - [STDERR_REDIRECT] [Fatal Error] :1:1: Premature end of file.
2026-05-07 11:04:51,910 [ERROR] LogOutputStream:75 - [STDERR_REDIRECT] 
2026-05-07 11:04:52,887 [ERROR] LogOutputStream:75 - [STDERR_REDIRECT] [Fatal Error] :1:1: Premature end of file.
2026-05-07 11:04:52,887 [ERROR] LogOutputStream:75 - [STDERR_REDIRECT] 
2026-05-07 11:04:53,906 [ERROR] LogOutputStream:75 - [STDERR_REDIRECT] [Fatal Error] :1:1: Premature end of file.
2026-05-07 11:04:53,906 [ERROR] LogOutputStream:75 - [STDERR_REDIRECT] 
2026-05-07 11:04:54,903 [ERROR] LogOutputStream:75 - [STDERR_REDIRECT] [Fatal Error] :1:1: Premature end of file.
2026-05-07 11:04:54,903 [ERROR] LogOutputStream:75 - [STDERR_REDIRECT] 
2026-05-07 11:04:55,918 [ERROR] LogOutputStream:75 - [STDERR_REDIRECT] [Fatal Error] :1:1: Premature end of file.
2026-05-07 11:04:55,918 [ERROR] LogOutputStream:75 - [STDERR_REDIRECT] 
2026-05-07 11:04:56,887 [ERROR] LogOutputStream:75 - [STDERR_REDIRECT] [Fatal Error] :1:1: Premature end of file.
2026-05-07 11:04:56,887 [ERROR] LogOutputStream:75 - [STDERR_REDIRECT] 
2026-05-07 11:04:57,913 [ERROR] LogOutputStream:75 - [STDERR_REDIRECT] [Fatal Error] :1:1: Premature end of file.
2026-05-07 11:04:57,913 [ERROR] LogOutputStream:75 - [STDERR_REDIRECT] 
2026-05-07 11:04:58,918 [ERROR] LogOutputStream:75 - [STDERR_REDIRECT] [Fatal Error] :1:1: Premature end of file.
2026-05-07 11:04:58,918 [ERROR] LogOutputStream:75 - [STDERR_REDIRECT] 
2026-05-07 11:04:59,902 [ERROR] LogOutputStream:75 - [STDERR_REDIRECT] [Fatal Error] :1:1: Premature end of file.
2026-05-07 11:04:59,902 [ERROR] LogOutputStream:75 - [STDERR_REDIRECT] 
2026-05-07 11:05:00,887 [ERROR] LogOutputStream:75 - [STDERR_REDIRECT] [Fatal Error] :1:1: Premature end of file.
2026-05-07 11:05:00,887 [ERROR] LogOutputStream:75 - [STDERR_REDIRECT] 
2026-05-07 11:05:01,913 [ERROR] LogOutputStream:75 - [STDERR_REDIRECT] [Fatal Error] :1:1: Premature end of file.
2026-05-07 11:05:01,913 [ERROR] LogOutputStream:75 - [STDERR_REDIRECT] 
2026-05-07 11:05:02,893 [ERROR] LogOutputStream:75 - [STDERR_REDIRECT] [Fatal Error] :1:1: Premature end of file.
2026-05-07 11:05:02,893 [ERROR] LogOutputStream:75 - [STDERR_REDIRECT] 
2026-05-07 11:05:03,895 [ERROR] LogOutputStream:75 - [STDERR_REDIRECT] [Fatal Error] :1:1: Premature end of file.
2026-05-07 11:05:03,895 [ERROR] LogOutputStream:75 - [STDERR_REDIRECT] 
2026-05-07 11:05:04,897 [ERROR] LogOutputStream:75 - [STDERR_REDIRECT] [Fatal Error] :1:1: Premature end of file.
2026-05-07 11:05:04,897 [ERROR] LogOutputStream:75 - [STDERR_REDIRECT] 
2026-05-07 11:05:05,892 [ERROR] LogOutputStream:75 - [STDERR_REDIRECT] [Fatal Error] :1:1: Premature end of file.
2026-05-07 11:05:05,892 [ERROR] LogOutputStream:75 - [STDERR_REDIRECT] 
2026-05-07 11:05:06,896 [ERROR] LogOutputStream:75 - [STDERR_REDIRECT] [Fatal Error] :1:1: Premature end of file.
2026-05-07 11:05:06,896 [ERROR] LogOutputStream:75 - [STDERR_REDIRECT] 
2026-05-07 11:05:07,908 [ERROR] LogOutputStream:75 - [STDERR_REDIRECT] [Fatal Error] :1:1: Premature end of file.
2026-05-07 11:05:07,908 [ERROR] LogOutputStream:75 - [STDERR_REDIRECT] 
2026-05-07 11:05:08,893 [ERROR] LogOutputStream:75 - [STDERR_REDIRECT] [Fatal Error] :1:1: Premature end of file.
2026-05-07 11:05:08,893 [ERROR] LogOutputStream:75 - [STDERR_REDIRECT] 
2026-05-07 11:05:09,892 [ERROR] LogOutputStream:75 - [STDERR_REDIRECT] [Fatal Error] :1:1: Premature end of file.
2026-05-07 11:05:09,892 [ERROR] LogOutputStream:75 - [STDERR_REDIRECT] 
2026-05-07 11:05:10,891 [ERROR] LogOutputStream:75 - [STDERR_REDIRECT] [Fatal Error] :1:1: Premature end of file.
2026-05-07 11:05:10,891 [ERROR] LogOutputStream:75 - [STDERR_REDIRECT] 
2026-05-07 11:05:11,896 [ERROR] LogOutputStream:75 - [STDERR_REDIRECT] [Fatal Error] :1:1: Premature end of file.
2026-05-07 11:05:11,896 [ERROR] LogOutputStream:75 - [STDERR_REDIRECT] 
2026-05-07 11:05:12,892 [ERROR] LogOutputStream:75 - [STDERR_REDIRECT] [Fatal Error] :1:1: Premature end of file.
2026-05-07 11:05:12,892 [ERROR] LogOutputStream:75 - [STDERR_REDIRECT] 
2026-05-07 11:05:13,892 [ERROR] LogOutputStream:75 - [STDERR_REDIRECT] [Fatal Error] :1:1: Premature end of file.
2026-05-07 11:05:13,892 [ERROR] LogOutputStream:75 - [STDERR_REDIRECT] 
2026-05-07 11:05:14,908 [ERROR] LogOutputStream:75 - [STDERR_REDIRECT] [Fatal Error] :1:1: Premature end of file.
2026-05-07 11:05:14,908 [ERROR] LogOutputStream:75 - [STDERR_REDIRECT] 
2026-05-07 11:05:15,908 [ERROR] LogOutputStream:75 - [STDERR_REDIRECT] [Fatal Error] :1:1: Premature end of file.
2026-05-07 11:05:15,908 [ERROR] LogOutputStream:75 - [STDERR_REDIRECT] 
2026-05-07 11:05:16,907 [ERROR] LogOutputStream:75 - [STDERR_REDIRECT] [Fatal Error] :1:1: Premature end of file.
2026-05-07 11:05:16,907 [ERROR] LogOutputStream:75 - [STDERR_REDIRECT] 
2026-05-07 11:05:17,891 [ERROR] LogOutputStream:75 - [STDERR_REDIRECT] [Fatal Error] :1:1: Premature end of file.
2026-05-07 11:05:17,891 [ERROR] LogOutputStream:75 - [STDERR_REDIRECT] 
2026-05-07 11:05:18,907 [ERROR] LogOutputStream:75 - [STDERR_REDIRECT] [Fatal Error] :1:1: Premature end of file.
2026-05-07 11:05:18,907 [ERROR] LogOutputStream:75 - [STDERR_REDIRECT] 
2026-05-07 11:05:19,909 [ERROR] LogOutputStream:75 - [STDERR_REDIRECT] [Fatal Error] :1:1: Premature end of file.
2026-05-07 11:05:19,909 [ERROR] LogOutputStream:75 - [STDERR_REDIRECT] 
2026-05-07 11:05:20,891 [ERROR] LogOutputStream:75 - [STDERR_REDIRECT] [Fatal Error] :1:1: Premature end of file.
2026-05-07 11:05:20,891 [ERROR] LogOutputStream:75 - [STDERR_REDIRECT] 
2026-05-07 11:05:21,908 [ERROR] LogOutputStream:75 - [STDERR_REDIRECT] [Fatal Error] :1:1: Premature end of file.
2026-05-07 11:05:21,908 [ERROR] LogOutputStream:75 - [STDERR_REDIRECT] 
2026-05-07 11:05:22,909 [ERROR] LogOutputStream:75 - [STDERR_REDIRECT] [Fatal Error] :1:1: Premature end of file.
2026-05-07 11:05:22,909 [ERROR] LogOutputStream:75 - [STDERR_REDIRECT] 
2026-05-07 11:05:23,906 [ERROR] LogOutputStream:75 - [STDERR_REDIRECT] [Fatal Error] :1:1: Premature end of file.
2026-05-07 11:05:23,906 [ERROR] LogOutputStream:75 - [STDERR_REDIRECT] 
2026-05-07 11:05:24,889 [ERROR] LogOutputStream:75 - [STDERR_REDIRECT] [Fatal Error] :1:1: Premature end of file.
2026-05-07 11:05:24,889 [ERROR] LogOutputStream:75 - [STDERR_REDIRECT] 
2026-05-07 11:05:25,906 [ERROR] LogOutputStream:75 - [STDERR_REDIRECT] [Fatal Error] :1:1: Premature end of file.
2026-05-07 11:05:25,906 [ERROR] LogOutputStream:75 - [STDERR_REDIRECT] 
2026-05-07 11:05:26,895 [ERROR] LogOutputStream:75 - [STDERR_REDIRECT] [Fatal Error] :1:1: Premature end of file.
2026-05-07 11:05:26,895 [ERROR] LogOutputStream:75 - [STDERR_REDIRECT] 
2026-05-07 11:05:27,913 [ERROR] LogOutputStream:75 - [STDERR_REDIRECT] [Fatal Error] :1:1: Premature end of file.
2026-05-07 11:05:27,913 [ERROR] LogOutputStream:75 - [STDERR_REDIRECT] 
2026-05-07 11:05:28,911 [ERROR] LogOutputStream:75 - [STDERR_REDIRECT] [Fatal Error] :1:1: Premature end of file.
2026-05-07 11:05:28,911 [ERROR] LogOutputStream:75 - [STDERR_REDIRECT] 
2026-05-07 11:05:29,913 [ERROR] LogOutputStream:75 - [STDERR_REDIRECT] [Fatal Error] :1:1: Premature end of file.
2026-05-07 11:05:29,913 [ERROR] LogOutputStream:75 - [STDERR_REDIRECT] 
2026-05-07 11:05:30,912 [ERROR] LogOutputStream:75 - [STDERR_REDIRECT] [Fatal Error] :1:1: Premature end of file.
2026-05-07 11:05:30,912 [ERROR] LogOutputStream:75 - [STDERR_REDIRECT] 
2026-05-07 11:05:31,888 [ERROR] LogOutputStream:75 - [STDERR_REDIRECT] [Fatal Error] :1:1: Premature end of file.
2026-05-07 11:05:31,888 [ERROR] LogOutputStream:75 - [STDERR_REDIRECT] 
2026-05-07 11:05:32,889 [ERROR] LogOutputStream:75 - [STDERR_REDIRECT] [Fatal Error] :1:1: Premature end of file.
2026-05-07 11:05:32,889 [ERROR] LogOutputStream:75 - [STDERR_REDIRECT] 
2026-05-07 11:05:33,907 [ERROR] LogOutputStream:75 - [STDERR_REDIRECT] [Fatal Error] :1:1: Premature end of file.
2026-05-07 11:05:33,907 [ERROR] LogOutputStream:75 - [STDERR_REDIRECT] 
2026-05-07 11:05:34,895 [ERROR] LogOutputStream:75 - [STDERR_REDIRECT] [Fatal Error] :1:1: Premature end of file.
2026-05-07 11:05:34,895 [ERROR] LogOutputStream:75 - [STDERR_REDIRECT] 
2026-05-07 11:05:35,899 [ERROR] LogOutputStream:75 - [STDERR_REDIRECT] [Fatal Error] :1:1: Premature end of file.
2026-05-07 11:05:35,899 [ERROR] LogOutputStream:75 - [STDERR_REDIRECT] 
2026-05-07 11:05:36,888 [ERROR] LogOutputStream:75 - [STDERR_REDIRECT] [Fatal Error] :1:1: Premature end of file.
2026-05-07 11:05:36,888 [ERROR] LogOutputStream:75 - [STDERR_REDIRECT] 
2026-05-07 11:05:37,905 [ERROR] LogOutputStream:75 - [STDERR_REDIRECT] [Fatal Error] :1:1: Premature end of file.
2026-05-07 11:05:37,905 [ERROR] LogOutputStream:75 - [STDERR_REDIRECT] 
2026-05-07 11:05:38,896 [ERROR] LogOutputStream:75 - [STDERR_REDIRECT] [Fatal Error] :1:1: Premature end of file.
2026-05-07 11:05:38,896 [ERROR] LogOutputStream:75 - [STDERR_REDIRECT] 
2026-05-07 11:05:39,897 [ERROR] LogOutputStream:75 - [STDERR_REDIRECT] [Fatal Error] :1:1: Premature end of file.
2026-05-07 11:05:39,897 [ERROR] LogOutputStream:75 - [STDERR_REDIRECT] 
2026-05-07 11:05:40,908 [ERROR] LogOutputStream:75 - [STDERR_REDIRECT] [Fatal Error] :1:1: Premature end of file.
2026-05-07 11:05:40,908 [ERROR] LogOutputStream:75 - [STDERR_REDIRECT] 
2026-05-07 11:05:41,893 [ERROR] LogOutputStream:75 - [STDERR_REDIRECT] [Fatal Error] :1:1: Premature end of file.
2026-05-07 11:05:41,893 [ERROR] LogOutputStream:75 - [STDERR_REDIRECT] 
2026-05-07 11:05:42,902 [ERROR] LogOutputStream:75 - [STDERR_REDIRECT] [Fatal Error] :1:1: Premature end of file.
2026-05-07 11:05:42,902 [ERROR] LogOutputStream:75 - [STDERR_REDIRECT] 
2026-05-07 11:05:43,893 [ERROR] LogOutputStream:75 - [STDERR_REDIRECT] [Fatal Error] :1:1: Premature end of file.
2026-05-07 11:05:43,893 [ERROR] LogOutputStream:75 - [STDERR_REDIRECT] 
2026-05-07 11:05:44,892 [ERROR] LogOutputStream:75 - [STDERR_REDIRECT] [Fatal Error] :1:1: Premature end of file.
2026-05-07 11:05:44,892 [ERROR] LogOutputStream:75 - [STDERR_REDIRECT] 
2026-05-07 11:05:45,896 [ERROR] LogOutputStream:75 - [STDERR_REDIRECT] [Fatal Error] :1:1: Premature end of file.
2026-05-07 11:05:45,896 [ERROR] LogOutputStream:75 - [STDERR_REDIRECT] 
2026-05-07 11:05:46,895 [ERROR] LogOutputStream:75 - [STDERR_REDIRECT] [Fatal Error] :1:1: Premature end of file.
2026-05-07 11:05:46,895 [ERROR] LogOutputStream:75 - [STDERR_REDIRECT] 
2026-05-07 11:05:47,910 [ERROR] LogOutputStream:75 - [STDERR_REDIRECT] [Fatal Error] :1:1: Premature end of file.
2026-05-07 11:05:47,910 [ERROR] LogOutputStream:75 - [STDERR_REDIRECT] 
2026-05-07 11:05:48,917 [ERROR] LogOutputStream:75 - [STDERR_REDIRECT] [Fatal Error] :1:1: Premature end of file.
2026-05-07 11:05:48,917 [ERROR] LogOutputStream:75 - [STDERR_REDIRECT] 
2026-05-07 11:05:49,893 [ERROR] LogOutputStream:75 - [STDERR_REDIRECT] [Fatal Error] :1:1: Premature end of file.
2026-05-07 11:05:49,893 [ERROR] LogOutputStream:75 - [STDERR_REDIRECT] 
2026-05-07 11:05:50,894 [ERROR] LogOutputStream:75 - [STDERR_REDIRECT] [Fatal Error] :1:1: Premature end of file.
2026-05-07 11:05:50,894 [ERROR] LogOutputStream:75 - [STDERR_REDIRECT] 
2026-05-07 11:05:51,905 [ERROR] LogOutputStream:75 - [STDERR_REDIRECT] [Fatal Error] :1:1: Premature end of file.
2026-05-07 11:05:51,905 [ERROR] LogOutputStream:75 - [STDERR_REDIRECT] 
2026-05-07 11:05:52,888 [ERROR] LogOutputStream:75 - [STDERR_REDIRECT] [Fatal Error] :1:1: Premature end of file.
2026-05-07 11:05:52,888 [ERROR] LogOutputStream:75 - [STDERR_REDIRECT] 
2026-05-07 11:05:53,905 [ERROR] LogOutputStream:75 - [STDERR_REDIRECT] [Fatal Error] :1:1: Premature end of file.
2026-05-07 11:05:53,905 [ERROR] LogOutputStream:75 - [STDERR_REDIRECT] 
2026-05-07 11:05:54,906 [ERROR] LogOutputStream:75 - [STDERR_REDIRECT] [Fatal Error] :1:1: Premature end of file.
2026-05-07 11:05:54,906 [ERROR] LogOutputStream:75 - [STDERR_REDIRECT] 
2026-05-07 11:05:55,903 [ERROR] LogOutputStream:75 - [STDERR_REDIRECT] [Fatal Error] :1:1: Premature end of file.
2026-05-07 11:05:55,903 [ERROR] LogOutputStream:75 - [STDERR_REDIRECT] 
2026-05-07 11:05:56,908 [ERROR] LogOutputStream:75 - [STDERR_REDIRECT] [Fatal Error] :1:1: Premature end of file.
2026-05-07 11:05:56,908 [ERROR] LogOutputStream:75 - [STDERR_REDIRECT] 
2026-05-07 11:05:57,900 [ERROR] LogOutputStream:75 - [STDERR_REDIRECT] [Fatal Error] :1:1: Premature end of file.
2026-05-07 11:05:57,900 [ERROR] LogOutputStream:75 - [STDERR_REDIRECT] 
2026-05-07 11:05:58,895 [ERROR] LogOutputStream:75 - [STDERR_REDIRECT] [Fatal Error] :1:1: Premature end of file.
2026-05-07 11:05:58,895 [ERROR] LogOutputStream:75 - [STDERR_REDIRECT] 
2026-05-07 11:05:59,895 [ERROR] LogOutputStream:75 - [STDERR_REDIRECT] [Fatal Error] :1:1: Premature end of file.
2026-05-07 11:05:59,895 [ERROR] LogOutputStream:75 - [STDERR_REDIRECT] 
2026-05-07 11:06:00,900 [ERROR] LogOutputStream:75 - [STDERR_REDIRECT] [Fatal Error] :1:1: Premature end of file.
2026-05-07 11:06:00,916 [ERROR] LogOutputStream:75 - [STDERR_REDIRECT] 
2026-05-07 11:06:01,911 [ERROR] LogOutputStream:75 - [STDERR_REDIRECT] [Fatal Error] :1:1: Premature end of file.
2026-05-07 11:06:01,911 [ERROR] LogOutputStream:75 - [STDERR_REDIRECT] 
2026-05-07 11:06:02,906 [ERROR] LogOutputStream:75 - [STDERR_REDIRECT] [Fatal Error] :1:1: Premature end of file.
2026-05-07 11:06:02,906 [ERROR] LogOutputStream:75 - [STDERR_REDIRECT] 
2026-05-07 11:06:03,915 [ERROR] LogOutputStream:75 - [STDERR_REDIRECT] [Fatal Error] :1:1: Premature end of file.
2026-05-07 11:06:03,915 [ERROR] LogOutputStream:75 - [STDERR_REDIRECT] 
2026-05-07 11:06:04,907 [ERROR] LogOutputStream:75 - [STDERR_REDIRECT] [Fatal Error] :1:1: Premature end of file.
2026-05-07 11:06:04,907 [ERROR] LogOutputStream:75 - [STDERR_REDIRECT] 
2026-05-07 11:06:05,913 [ERROR] LogOutputStream:75 - [STDERR_REDIRECT] [Fatal Error] :1:1: Premature end of file.
2026-05-07 11:06:05,913 [ERROR] LogOutputStream:75 - [STDERR_REDIRECT] 
2026-05-07 11:06:06,912 [ERROR] LogOutputStream:75 - [STDERR_REDIRECT] [Fatal Error] :1:1: Premature end of file.
2026-05-07 11:06:06,912 [ERROR] LogOutputStream:75 - [STDERR_REDIRECT] 
2026-05-07 11:06:07,912 [ERROR] LogOutputStream:75 - [STDERR_REDIRECT] [Fatal Error] :1:1: Premature end of file.
2026-05-07 11:06:07,912 [ERROR] LogOutputStream:75 - [STDERR_REDIRECT] 
2026-05-07 11:06:08,896 [ERROR] LogOutputStream:75 - [STDERR_REDIRECT] [Fatal Error] :1:1: Premature end of file.
2026-05-07 11:06:08,896 [ERROR] LogOutputStream:75 - [STDERR_REDIRECT] 
2026-05-07 11:06:09,903 [ERROR] LogOutputStream:75 - [STDERR_REDIRECT] [Fatal Error] :1:1: Premature end of file.
2026-05-07 11:06:09,903 [ERROR] LogOutputStream:75 - [STDERR_REDIRECT] 
2026-05-07 11:06:10,905 [ERROR] LogOutputStream:75 - [STDERR_REDIRECT] [Fatal Error] :1:1: Premature end of file.
2026-05-07 11:06:10,905 [ERROR] LogOutputStream:75 - [STDERR_REDIRECT] 
2026-05-07 11:06:11,891 [ERROR] LogOutputStream:75 - [STDERR_REDIRECT] [Fatal Error] :1:1: Premature end of file.
2026-05-07 11:06:11,891 [ERROR] LogOutputStream:75 - [STDERR_REDIRECT] 
2026-05-07 11:06:12,901 [ERROR] LogOutputStream:75 - [STDERR_REDIRECT] [Fatal Error] :1:1: Premature end of file.
2026-05-07 11:06:12,901 [ERROR] LogOutputStream:75 - [STDERR_REDIRECT] 
2026-05-07 11:06:13,899 [ERROR] LogOutputStream:75 - [STDERR_REDIRECT] [Fatal Error] :1:1: Premature end of file.
2026-05-07 11:06:13,899 [ERROR] LogOutputStream:75 - [STDERR_REDIRECT] 
2026-05-07 11:06:14,900 [ERROR] LogOutputStream:75 - [STDERR_REDIRECT] [Fatal Error] :1:1: Premature end of file.
2026-05-07 11:06:14,900 [ERROR] LogOutputStream:75 - [STDERR_REDIRECT] 
2026-05-07 11:06:15,900 [ERROR] LogOutputStream:75 - [STDERR_REDIRECT] [Fatal Error] :1:1: Premature end of file.
2026-05-07 11:06:15,900 [ERROR] LogOutputStream:75 - [STDERR_REDIRECT] 
2026-05-07 11:06:16,916 [ERROR] LogOutputStream:75 - [STDERR_REDIRECT] [Fatal Error] :1:1: Premature end of file.
2026-05-07 11:06:16,916 [ERROR] LogOutputStream:75 - [STDERR_REDIRECT] 
2026-05-07 11:06:17,897 [ERROR] LogOutputStream:75 - [STDERR_REDIRECT] [Fatal Error] :1:1: Premature end of file.
2026-05-07 11:06:17,897 [ERROR] LogOutputStream:75 - [STDERR_REDIRECT] 
2026-05-07 11:06:18,897 [ERROR] LogOutputStream:75 - [STDERR_REDIRECT] [Fatal Error] :1:1: Premature end of file.
2026-05-07 11:06:18,897 [ERROR] LogOutputStream:75 - [STDERR_REDIRECT] 
2026-05-07 11:06:19,914 [ERROR] LogOutputStream:75 - [STDERR_REDIRECT] [Fatal Error] :1:1: Premature end of file.
2026-05-07 11:06:19,914 [ERROR] LogOutputStream:75 - [STDERR_REDIRECT] 
2026-05-07 11:06:20,895 [ERROR] LogOutputStream:75 - [STDERR_REDIRECT] [Fatal Error] :1:1: Premature end of file.
2026-05-07 11:06:20,895 [ERROR] LogOutputStream:75 - [STDERR_REDIRECT] 
2026-05-07 11:06:21,894 [ERROR] LogOutputStream:75 - [STDERR_REDIRECT] [Fatal Error] :1:1: Premature end of file.
2026-05-07 11:06:21,894 [ERROR] LogOutputStream:75 - [STDERR_REDIRECT] 
2026-05-07 11:06:22,907 [ERROR] LogOutputStream:75 - [STDERR_REDIRECT] [Fatal Error] :1:1: Premature end of file.
2026-05-07 11:06:22,907 [ERROR] LogOutputStream:75 - [STDERR_REDIRECT] 
2026-05-07 11:06:23,893 [ERROR] LogOutputStream:75 - [STDERR_REDIRECT] [Fatal Error] :1:1: Premature end of file.
2026-05-07 11:06:23,893 [ERROR] LogOutputStream:75 - [STDERR_REDIRECT] 
2026-05-07 11:06:24,901 [ERROR] LogOutputStream:75 - [STDERR_REDIRECT] [Fatal Error] :1:1: Premature end of file.
2026-05-07 11:06:24,901 [ERROR] LogOutputStream:75 - [STDERR_REDIRECT] 
2026-05-07 11:06:25,894 [ERROR] LogOutputStream:75 - [STDERR_REDIRECT] [Fatal Error] :1:1: Premature end of file.
2026-05-07 11:06:25,894 [ERROR] LogOutputStream:75 - [STDERR_REDIRECT] 
2026-05-07 11:06:26,910 [ERROR] LogOutputStream:75 - [STDERR_REDIRECT] [Fatal Error] :1:1: Premature end of file.
2026-05-07 11:06:26,910 [ERROR] LogOutputStream:75 - [STDERR_REDIRECT] 
2026-05-07 11:06:27,902 [ERROR] LogOutputStream:75 - [STDERR_REDIRECT] [Fatal Error] :1:1: Premature end of file.
2026-05-07 11:06:27,902 [ERROR] LogOutputStream:75 - [STDERR_REDIRECT] 
2026-05-07 11:06:28,900 [ERROR] LogOutputStream:75 - [STDERR_REDIRECT] [Fatal Error] :1:1: Premature end of file.
2026-05-07 11:06:28,900 [ERROR] LogOutputStream:75 - [STDERR_REDIRECT] 
2026-05-07 11:06:29,891 [ERROR] LogOutputStream:75 - [STDERR_REDIRECT] [Fatal Error] :1:1: Premature end of file.
2026-05-07 11:06:29,891 [ERROR] LogOutputStream:75 - [STDERR_REDIRECT] 
2026-05-07 11:06:30,893 [ERROR] LogOutputStream:75 - [STDERR_REDIRECT] [Fatal Error] :1:1: Premature end of file.
2026-05-07 11:06:30,893 [ERROR] LogOutputStream:75 - [STDERR_REDIRECT] 
2026-05-07 11:06:31,890 [ERROR] LogOutputStream:75 - [STDERR_REDIRECT] [Fatal Error] :1:1: Premature end of file.
2026-05-07 11:06:31,890 [ERROR] LogOutputStream:75 - [STDERR_REDIRECT] 
2026-05-07 11:06:32,888 [ERROR] LogOutputStream:75 - [STDERR_REDIRECT] [Fatal Error] :1:1: Premature end of file.
2026-05-07 11:06:32,888 [ERROR] LogOutputStream:75 - [STDERR_REDIRECT] 
2026-05-07 11:06:33,904 [ERROR] LogOutputStream:75 - [STDERR_REDIRECT] [Fatal Error] :1:1: Premature end of file.
2026-05-07 11:06:33,904 [ERROR] LogOutputStream:75 - [STDERR_REDIRECT] 
2026-05-07 11:06:34,900 [ERROR] LogOutputStream:75 - [STDERR_REDIRECT] [Fatal Error] :1:1: Premature end of file.
2026-05-07 11:06:34,900 [ERROR] LogOutputStream:75 - [STDERR_REDIRECT] 
2026-05-07 11:06:35,900 [ERROR] LogOutputStream:75 - [STDERR_REDIRECT] [Fatal Error] :1:1: Premature end of file.
2026-05-07 11:06:35,900 [ERROR] LogOutputStream:75 - [STDERR_REDIRECT] 
2026-05-07 11:06:36,902 [ERROR] LogOutputStream:75 - [STDERR_REDIRECT] [Fatal Error] :1:1: Premature end of file.
2026-05-07 11:06:36,902 [ERROR] LogOutputStream:75 - [STDERR_REDIRECT] 
2026-05-07 11:06:37,893 [ERROR] LogOutputStream:75 - [STDERR_REDIRECT] [Fatal Error] :1:1: Premature end of file.
2026-05-07 11:06:37,893 [ERROR] LogOutputStream:75 - [STDERR_REDIRECT] 
2026-05-07 11:06:38,892 [ERROR] LogOutputStream:75 - [STDERR_REDIRECT] [Fatal Error] :1:1: Premature end of file.
2026-05-07 11:06:38,892 [ERROR] LogOutputStream:75 - [STDERR_REDIRECT] 
2026-05-07 11:06:39,893 [ERROR] LogOutputStream:75 - [STDERR_REDIRECT] [Fatal Error] :1:1: Premature end of file.
2026-05-07 11:06:39,893 [ERROR] LogOutputStream:75 - [STDERR_REDIRECT] 
2026-05-07 11:06:40,907 [ERROR] LogOutputStream:75 - [STDERR_REDIRECT] [Fatal Error] :1:1: Premature end of file.
2026-05-07 11:06:40,907 [ERROR] LogOutputStream:75 - [STDERR_REDIRECT] 
2026-05-07 11:06:41,893 [ERROR] LogOutputStream:75 - [STDERR_REDIRECT] [Fatal Error] :1:1: Premature end of file.
2026-05-07 11:06:41,893 [ERROR] LogOutputStream:75 - [STDERR_REDIRECT] 
2026-05-07 11:06:42,893 [ERROR] LogOutputStream:75 - [STDERR_REDIRECT] [Fatal Error] :1:1: Premature end of file.
2026-05-07 11:06:42,903 [ERROR] LogOutputStream:75 - [STDERR_REDIRECT] 
2026-05-07 11:06:43,911 [ERROR] LogOutputStream:75 - [STDERR_REDIRECT] [Fatal Error] :1:1: Premature end of file.
2026-05-07 11:06:43,911 [ERROR] LogOutputStream:75 - [STDERR_REDIRECT] 
2026-05-07 11:06:44,910 [ERROR] LogOutputStream:75 - [STDERR_REDIRECT] [Fatal Error] :1:1: Premature end of file.
2026-05-07 11:06:44,910 [ERROR] LogOutputStream:75 - [STDERR_REDIRECT] 
2026-05-07 11:06:45,914 [ERROR] LogOutputStream:75 - [STDERR_REDIRECT] [Fatal Error] :1:1: Premature end of file.
2026-05-07 11:06:45,914 [ERROR] LogOutputStream:75 - [STDERR_REDIRECT] 
2026-05-07 11:06:46,912 [ERROR] LogOutputStream:75 - [STDERR_REDIRECT] [Fatal Error] :1:1: Premature end of file.
2026-05-07 11:06:46,912 [ERROR] LogOutputStream:75 - [STDERR_REDIRECT] 
2026-05-07 11:06:47,905 [ERROR] LogOutputStream:75 - [STDERR_REDIRECT] [Fatal Error] :1:1: Premature end of file.
2026-05-07 11:06:47,905 [ERROR] LogOutputStream:75 - [STDERR_REDIRECT] 
2026-05-07 11:06:48,897 [ERROR] LogOutputStream:75 - [STDERR_REDIRECT] [Fatal Error] :1:1: Premature end of file.
2026-05-07 11:06:48,897 [ERROR] LogOutputStream:75 - [STDERR_REDIRECT] 
2026-05-07 11:06:49,901 [ERROR] LogOutputStream:75 - [STDERR_REDIRECT] [Fatal Error] :1:1: Premature end of file.
2026-05-07 11:06:49,901 [ERROR] LogOutputStream:75 - [STDERR_REDIRECT] 
2026-05-07 11:06:50,902 [ERROR] LogOutputStream:75 - [STDERR_REDIRECT] [Fatal Error] :1:1: Premature end of file.
2026-05-07 11:06:50,902 [ERROR] LogOutputStream:75 - [STDERR_REDIRECT] 
2026-05-07 11:06:51,889 [ERROR] LogOutputStream:75 - [STDERR_REDIRECT] [Fatal Error] :1:1: Premature end of file.
2026-05-07 11:06:51,889 [ERROR] LogOutputStream:75 - [STDERR_REDIRECT] 
2026-05-07 11:06:52,897 [ERROR] LogOutputStream:75 - [STDERR_REDIRECT] [Fatal Error] :1:1: Premature end of file.
2026-05-07 11:06:52,897 [ERROR] LogOutputStream:75 - [STDERR_REDIRECT] 
2026-05-07 11:06:53,890 [ERROR] LogOutputStream:75 - [STDERR_REDIRECT] [Fatal Error] :1:1: Premature end of file.
2026-05-07 11:06:53,890 [ERROR] LogOutputStream:75 - [STDERR_REDIRECT] 
2026-05-07 11:06:54,890 [ERROR] LogOutputStream:75 - [STDERR_REDIRECT] [Fatal Error] :1:1: Premature end of file.
2026-05-07 11:06:54,890 [ERROR] LogOutputStream:75 - [STDERR_REDIRECT] 
2026-05-07 11:06:55,933 [ERROR] LogOutputStream:75 - [STDERR_REDIRECT] [Fatal Error] :1:1: Premature end of file.
2026-05-07 11:06:55,933 [ERROR] LogOutputStream:75 - [STDERR_REDIRECT] 
2026-05-07 11:06:56,886 [ERROR] LogOutputStream:75 - [STDERR_REDIRECT] [Fatal Error] :1:1: Premature end of file.
2026-05-07 11:06:56,887 [ERROR] LogOutputStream:75 - [STDERR_REDIRECT] 
2026-05-07 11:06:57,897 [ERROR] LogOutputStream:75 - [STDERR_REDIRECT] [Fatal Error] :1:1: Premature end of file.
2026-05-07 11:06:57,897 [ERROR] LogOutputStream:75 - [STDERR_REDIRECT] 
2026-05-07 11:06:58,910 [ERROR] LogOutputStream:75 - [STDERR_REDIRECT] [Fatal Error] :1:1: Premature end of file.
2026-05-07 11:06:58,910 [ERROR] LogOutputStream:75 - [STDERR_REDIRECT] 
2026-05-07 11:06:59,913 [ERROR] LogOutputStream:75 - [STDERR_REDIRECT] [Fatal Error] :1:1: Premature end of file.
2026-05-07 11:06:59,913 [ERROR] LogOutputStream:75 - [STDERR_REDIRECT] 
2026-05-07 11:07:00,912 [ERROR] LogOutputStream:75 - [STDERR_REDIRECT] [Fatal Error] :1:1: Premature end of file.
2026-05-07 11:07:00,912 [ERROR] LogOutputStream:75 - [STDERR_REDIRECT] 
2026-05-07 11:07:01,927 [ERROR] LogOutputStream:75 - [STDERR_REDIRECT] [Fatal Error] :1:1: Premature end of file.
2026-05-07 11:07:01,927 [ERROR] LogOutputStream:75 - [STDERR_REDIRECT] 
2026-05-07 11:07:02,913 [ERROR] LogOutputStream:75 - [STDERR_REDIRECT] [Fatal Error] :1:1: Premature end of file.
2026-05-07 11:07:02,913 [ERROR] LogOutputStream:75 - [STDERR_REDIRECT] 
2026-05-07 11:07:03,913 [ERROR] LogOutputStream:75 - [STDERR_REDIRECT] [Fatal Error] :1:1: Premature end of file.
2026-05-07 11:07:03,913 [ERROR] LogOutputStream:75 - [STDERR_REDIRECT] 
2026-05-07 11:07:04,915 [ERROR] LogOutputStream:75 - [STDERR_REDIRECT] [Fatal Error] :1:1: Premature end of file.
2026-05-07 11:07:04,916 [ERROR] LogOutputStream:75 - [STDERR_REDIRECT] 
2026-05-07 11:07:05,910 [ERROR] LogOutputStream:75 - [STDERR_REDIRECT] [Fatal Error] :1:1: Premature end of file.
2026-05-07 11:07:05,910 [ERROR] LogOutputStream:75 - [STDERR_REDIRECT] 
2026-05-07 11:07:06,911 [ERROR] LogOutputStream:75 - [STDERR_REDIRECT] [Fatal Error] :1:1: Premature end of file.
2026-05-07 11:07:06,911 [ERROR] LogOutputStream:75 - [STDERR_REDIRECT] 
2026-05-07 11:07:07,911 [ERROR] LogOutputStream:75 - [STDERR_REDIRECT] [Fatal Error] :1:1: Premature end of file.
2026-05-07 11:07:07,911 [ERROR] LogOutputStream:75 - [STDERR_REDIRECT] 
2026-05-07 11:07:08,912 [ERROR] LogOutputStream:75 - [STDERR_REDIRECT] [Fatal Error] :1:1: Premature end of file.
2026-05-07 11:07:08,912 [ERROR] LogOutputStream:75 - [STDERR_REDIRECT] 
2026-05-07 11:07:09,914 [ERROR] LogOutputStream:75 - [STDERR_REDIRECT] [Fatal Error] :1:1: Premature end of file.
2026-05-07 11:07:09,914 [ERROR] LogOutputStream:75 - [STDERR_REDIRECT] 
2026-05-07 11:07:10,906 [ERROR] LogOutputStream:75 - [STDERR_REDIRECT] [Fatal Error] :1:1: Premature end of file.
2026-05-07 11:07:10,906 [ERROR] LogOutputStream:75 - [STDERR_REDIRECT] 
2026-05-07 11:07:11,920 [ERROR] LogOutputStream:75 - [STDERR_REDIRECT] [Fatal Error] :1:1: Premature end of file.
2026-05-07 11:07:11,921 [ERROR] LogOutputStream:75 - [STDERR_REDIRECT] 
2026-05-07 11:07:12,911 [ERROR] LogOutputStream:75 - [STDERR_REDIRECT] [Fatal Error] :1:1: Premature end of file.
2026-05-07 11:07:12,911 [ERROR] LogOutputStream:75 - [STDERR_REDIRECT] 
2026-05-07 11:07:13,913 [ERROR] LogOutputStream:75 - [STDERR_REDIRECT] [Fatal Error] :1:1: Premature end of file.
2026-05-07 11:07:13,913 [ERROR] LogOutputStream:75 - [STDERR_REDIRECT] 
2026-05-07 11:07:14,905 [ERROR] LogOutputStream:75 - [STDERR_REDIRECT] [Fatal Error] :1:1: Premature end of file.
2026-05-07 11:07:14,905 [ERROR] LogOutputStream:75 - [STDERR_REDIRECT] 
2026-05-07 11:07:15,912 [ERROR] LogOutputStream:75 - [STDERR_REDIRECT] [Fatal Error] :1:1: Premature end of file.
2026-05-07 11:07:15,912 [ERROR] LogOutputStream:75 - [STDERR_REDIRECT] 
2026-05-07 11:07:16,900 [ERROR] LogOutputStream:75 - [STDERR_REDIRECT] [Fatal Error] :1:1: Premature end of file.
2026-05-07 11:07:16,900 [ERROR] LogOutputStream:75 - [STDERR_REDIRECT] 
2026-05-07 11:07:17,898 [ERROR] LogOutputStream:75 - [STDERR_REDIRECT] [Fatal Error] :1:1: Premature end of file.
2026-05-07 11:07:17,898 [ERROR] LogOutputStream:75 - [STDERR_REDIRECT] 
2026-05-07 11:07:18,910 [ERROR] LogOutputStream:75 - [STDERR_REDIRECT] [Fatal Error] :1:1: Premature end of file.
2026-05-07 11:07:18,910 [ERROR] LogOutputStream:75 - [STDERR_REDIRECT] 
2026-05-07 11:07:19,911 [ERROR] LogOutputStream:75 - [STDERR_REDIRECT] [Fatal Error] :1:1: Premature end of file.
2026-05-07 11:07:19,911 [ERROR] LogOutputStream:75 - [STDERR_REDIRECT] 
2026-05-07 11:07:20,905 [ERROR] LogOutputStream:75 - [STDERR_REDIRECT] [Fatal Error] :1:1: Premature end of file.
2026-05-07 11:07:20,905 [ERROR] LogOutputStream:75 - [STDERR_REDIRECT] 
2026-05-07 11:07:21,912 [ERROR] LogOutputStream:75 - [STDERR_REDIRECT] [Fatal Error] :1:1: Premature end of file.
2026-05-07 11:07:21,912 [ERROR] LogOutputStream:75 - [STDERR_REDIRECT] 
2026-05-07 11:07:22,913 [ERROR] LogOutputStream:75 - [STDERR_REDIRECT] [Fatal Error] :1:1: Premature end of file.
2026-05-07 11:07:22,914 [ERROR] LogOutputStream:75 - [STDERR_REDIRECT] 
2026-05-07 11:07:23,898 [ERROR] LogOutputStream:75 - [STDERR_REDIRECT] [Fatal Error] :1:1: Premature end of file.
2026-05-07 11:07:23,898 [ERROR] LogOutputStream:75 - [STDERR_REDIRECT] 
2026-05-07 11:07:24,911 [ERROR] LogOutputStream:75 - [STDERR_REDIRECT] [Fatal Error] :1:1: Premature end of file.
2026-05-07 11:07:24,911 [ERROR] LogOutputStream:75 - [STDERR_REDIRECT] 
2026-05-07 11:07:25,895 [ERROR] LogOutputStream:75 - [STDERR_REDIRECT] [Fatal Error] :1:1: Premature end of file.
2026-05-07 11:07:25,895 [ERROR] LogOutputStream:75 - [STDERR_REDIRECT] 
2026-05-07 11:07:26,895 [ERROR] LogOutputStream:75 - [STDERR_REDIRECT] [Fatal Error] :1:1: Premature end of file.
2026-05-07 11:07:26,895 [ERROR] LogOutputStream:75 - [STDERR_REDIRECT] 
2026-05-07 11:07:27,911 [ERROR] LogOutputStream:75 - [STDERR_REDIRECT] [Fatal Error] :1:1: Premature end of file.
2026-05-07 11:07:27,911 [ERROR] LogOutputStream:75 - [STDERR_REDIRECT] 
2026-05-07 11:07:28,903 [ERROR] LogOutputStream:75 - [STDERR_REDIRECT] [Fatal Error] :1:1: Premature end of file.
2026-05-07 11:07:28,903 [ERROR] LogOutputStream:75 - [STDERR_REDIRECT] 
2026-05-07 11:07:29,912 [ERROR] LogOutputStream:75 - [STDERR_REDIRECT] [Fatal Error] :1:1: Premature end of file.
2026-05-07 11:07:29,913 [ERROR] LogOutputStream:75 - [STDERR_REDIRECT] 
2026-05-07 11:07:30,911 [ERROR] LogOutputStream:75 - [STDERR_REDIRECT] [Fatal Error] :1:1: Premature end of file.
2026-05-07 11:07:30,911 [ERROR] LogOutputStream:75 - [STDERR_REDIRECT] 
2026-05-07 11:07:31,898 [ERROR] LogOutputStream:75 - [STDERR_REDIRECT] [Fatal Error] :1:1: Premature end of file.
2026-05-07 11:07:31,898 [ERROR] LogOutputStream:75 - [STDERR_REDIRECT] 
2026-05-07 11:07:32,913 [ERROR] LogOutputStream:75 - [STDERR_REDIRECT] [Fatal Error] :1:1: Premature end of file.
2026-05-07 11:07:32,913 [ERROR] LogOutputStream:75 - [STDERR_REDIRECT] 
2026-05-07 11:07:33,930 [ERROR] LogOutputStream:75 - [STDERR_REDIRECT] [Fatal Error] :1:1: Premature end of file.
2026-05-07 11:07:33,930 [ERROR] LogOutputStream:75 - [STDERR_REDIRECT] 
2026-05-07 11:07:34,911 [ERROR] LogOutputStream:75 - [STDERR_REDIRECT] [Fatal Error] :1:1: Premature end of file.
2026-05-07 11:07:34,911 [ERROR] LogOutputStream:75 - [STDERR_REDIRECT] 
2026-05-07 11:07:35,915 [ERROR] LogOutputStream:75 - [STDERR_REDIRECT] [Fatal Error] :1:1: Premature end of file.
2026-05-07 11:07:35,915 [ERROR] LogOutputStream:75 - [STDERR_REDIRECT] 
2026-05-07 11:07:36,918 [ERROR] LogOutputStream:75 - [STDERR_REDIRECT] [Fatal Error] :1:1: Premature end of file.
2026-05-07 11:07:36,918 [ERROR] LogOutputStream:75 - [STDERR_REDIRECT] 
2026-05-07 11:07:37,911 [ERROR] LogOutputStream:75 - [STDERR_REDIRECT] [Fatal Error] :1:1: Premature end of file.
2026-05-07 11:07:37,911 [ERROR] LogOutputStream:75 - [STDERR_REDIRECT] 
2026-05-07 11:07:38,914 [ERROR] LogOutputStream:75 - [STDERR_REDIRECT] [Fatal Error] :1:1: Premature end of file.
2026-05-07 11:07:38,914 [ERROR] LogOutputStream:75 - [STDERR_REDIRECT] 
2026-05-07 11:07:39,915 [ERROR] LogOutputStream:75 - [STDERR_REDIRECT] [Fatal Error] :1:1: Premature end of file.
2026-05-07 11:07:39,915 [ERROR] LogOutputStream:75 - [STDERR_REDIRECT] 
2026-05-07 11:07:40,912 [ERROR] LogOutputStream:75 - [STDERR_REDIRECT] [Fatal Error] :1:1: Premature end of file.
2026-05-07 11:07:40,913 [ERROR] LogOutputStream:75 - [STDERR_REDIRECT] 
2026-05-07 11:07:41,905 [ERROR] LogOutputStream:75 - [STDERR_REDIRECT] [Fatal Error] :1:1: Premature end of file.
2026-05-07 11:07:41,905 [ERROR] LogOutputStream:75 - [STDERR_REDIRECT] 
2026-05-07 11:07:42,908 [ERROR] LogOutputStream:75 - [STDERR_REDIRECT] [Fatal Error] :1:1: Premature end of file.
2026-05-07 11:07:42,908 [ERROR] LogOutputStream:75 - [STDERR_REDIRECT] 
2026-05-07 11:07:43,895 [ERROR] LogOutputStream:75 - [STDERR_REDIRECT] [Fatal Error] :1:1: Premature end of file.
2026-05-07 11:07:43,895 [ERROR] LogOutputStream:75 - [STDERR_REDIRECT] 
2026-05-07 11:07:44,906 [ERROR] LogOutputStream:75 - [STDERR_REDIRECT] [Fatal Error] :1:1: Premature end of file.
2026-05-07 11:07:44,906 [ERROR] LogOutputStream:75 - [STDERR_REDIRECT] 
2026-05-07 11:07:45,915 [ERROR] LogOutputStream:75 - [STDERR_REDIRECT] [Fatal Error] :1:1: Premature end of file.
2026-05-07 11:07:45,915 [ERROR] LogOutputStream:75 - [STDERR_REDIRECT] 
2026-05-07 11:07:46,898 [ERROR] LogOutputStream:75 - [STDERR_REDIRECT] [Fatal Error] :1:1: Premature end of file.
2026-05-07 11:07:46,898 [ERROR] LogOutputStream:75 - [STDERR_REDIRECT] 
2026-05-07 11:07:47,896 [ERROR] LogOutputStream:75 - [STDERR_REDIRECT] [Fatal Error] :1:1: Premature end of file.
2026-05-07 11:07:47,896 [ERROR] LogOutputStream:75 - [STDERR_REDIRECT] 
2026-05-07 11:07:48,898 [ERROR] LogOutputStream:75 - [STDERR_REDIRECT] [Fatal Error] :1:1: Premature end of file.
2026-05-07 11:07:48,898 [ERROR] LogOutputStream:75 - [STDERR_REDIRECT] 
2026-05-07 11:07:49,911 [ERROR] LogOutputStream:75 - [STDERR_REDIRECT] [Fatal Error] :1:1: Premature end of file.
2026-05-07 11:07:49,911 [ERROR] LogOutputStream:75 - [STDERR_REDIRECT] 
2026-05-07 11:07:50,894 [ERROR] LogOutputStream:75 - [STDERR_REDIRECT] [Fatal Error] :1:1: Premature end of file.
2026-05-07 11:07:50,894 [ERROR] LogOutputStream:75 - [STDERR_REDIRECT] 
2026-05-07 11:07:51,911 [ERROR] LogOutputStream:75 - [STDERR_REDIRECT] [Fatal Error] :1:1: Premature end of file.
2026-05-07 11:07:51,911 [ERROR] LogOutputStream:75 - [STDERR_REDIRECT] 
2026-05-07 11:07:52,927 [ERROR] LogOutputStream:75 - [STDERR_REDIRECT] [Fatal Error] :1:1: Premature end of file.
2026-05-07 11:07:52,927 [ERROR] LogOutputStream:75 - [STDERR_REDIRECT] 
2026-05-07 11:07:53,897 [ERROR] LogOutputStream:75 - [STDERR_REDIRECT] [Fatal Error] :1:1: Premature end of file.
2026-05-07 11:07:53,897 [ERROR] LogOutputStream:75 - [STDERR_REDIRECT] 
2026-05-07 11:07:54,913 [ERROR] LogOutputStream:75 - [STDERR_REDIRECT] [Fatal Error] :1:1: Premature end of file.
2026-05-07 11:07:54,913 [ERROR] LogOutputStream:75 - [STDERR_REDIRECT] 
2026-05-07 11:07:55,914 [ERROR] LogOutputStream:75 - [STDERR_REDIRECT] [Fatal Error] :1:1: Premature end of file.
2026-05-07 11:07:55,914 [ERROR] LogOutputStream:75 - [STDERR_REDIRECT] 
2026-05-07 11:07:56,911 [ERROR] LogOutputStream:75 - [STDERR_REDIRECT] [Fatal Error] :1:1: Premature end of file.
2026-05-07 11:07:56,911 [ERROR] LogOutputStream:75 - [STDERR_REDIRECT] 
2026-05-07 11:07:57,911 [ERROR] LogOutputStream:75 - [STDERR_REDIRECT] [Fatal Error] :1:1: Premature end of file.
2026-05-07 11:07:57,911 [ERROR] LogOutputStream:75 - [STDERR_REDIRECT] 
2026-05-07 11:07:58,913 [ERROR] LogOutputStream:75 - [STDERR_REDIRECT] [Fatal Error] :1:1: Premature end of file.
2026-05-07 11:07:58,913 [ERROR] LogOutputStream:75 - [STDERR_REDIRECT] 
2026-05-07 11:07:59,896 [ERROR] LogOutputStream:75 - [STDERR_REDIRECT] [Fatal Error] :1:1: Premature end of file.
2026-05-07 11:07:59,896 [ERROR] LogOutputStream:75 - [STDERR_REDIRECT] 
2026-05-07 11:08:00,898 [ERROR] LogOutputStream:75 - [STDERR_REDIRECT] [Fatal Error] :1:1: Premature end of file.
2026-05-07 11:08:00,898 [ERROR] LogOutputStream:75 - [STDERR_REDIRECT] 
2026-05-07 11:08:01,892 [ERROR] LogOutputStream:75 - [STDERR_REDIRECT] [Fatal Error] :1:1: Premature end of file.
2026-05-07 11:08:01,892 [ERROR] LogOutputStream:75 - [STDERR_REDIRECT] 
2026-05-07 11:08:02,919 [ERROR] LogOutputStream:75 - [STDERR_REDIRECT] [Fatal Error] :1:1: Premature end of file.
2026-05-07 11:08:02,919 [ERROR] LogOutputStream:75 - [STDERR_REDIRECT] 
2026-05-07 11:08:03,911 [ERROR] LogOutputStream:75 - [STDERR_REDIRECT] [Fatal Error] :1:1: Premature end of file.
2026-05-07 11:08:03,911 [ERROR] LogOutputStream:75 - [STDERR_REDIRECT] 
2026-05-07 11:08:04,895 [ERROR] LogOutputStream:75 - [STDERR_REDIRECT] [Fatal Error] :1:1: Premature end of file.
2026-05-07 11:08:04,895 [ERROR] LogOutputStream:75 - [STDERR_REDIRECT] 
2026-05-07 11:08:05,882 [ERROR] LogOutputStream:75 - [STDERR_REDIRECT] [Fatal Error] :1:1: Premature end of file.
2026-05-07 11:08:05,882 [ERROR] LogOutputStream:75 - [STDERR_REDIRECT] 
2026-05-07 11:08:06,879 [ERROR] LogOutputStream:75 - [STDERR_REDIRECT] [Fatal Error] :1:1: Premature end of file.
2026-05-07 11:08:06,879 [ERROR] LogOutputStream:75 - [STDERR_REDIRECT] 
2026-05-07 11:08:07,890 [ERROR] LogOutputStream:75 - [STDERR_REDIRECT] [Fatal Error] :1:1: Premature end of file.
2026-05-07 11:08:07,890 [ERROR] LogOutputStream:75 - [STDERR_REDIRECT] 
2026-05-07 11:08:08,914 [ERROR] LogOutputStream:75 - [STDERR_REDIRECT] [Fatal Error] :1:1: Premature end of file.
2026-05-07 11:08:08,914 [ERROR] LogOutputStream:75 - [STDERR_REDIRECT] 
2026-05-07 11:08:09,920 [ERROR] LogOutputStream:75 - [STDERR_REDIRECT] [Fatal Error] :1:1: Premature end of file.
2026-05-07 11:08:09,920 [ERROR] LogOutputStream:75 - [STDERR_REDIRECT] 
2026-05-07 11:08:10,904 [ERROR] LogOutputStream:75 - [STDERR_REDIRECT] [Fatal Error] :1:1: Premature end of file.
2026-05-07 11:08:10,904 [ERROR] LogOutputStream:75 - [STDERR_REDIRECT] 
2026-05-07 11:08:11,914 [ERROR] LogOutputStream:75 - [STDERR_REDIRECT] [Fatal Error] :1:1: Premature end of file.
2026-05-07 11:08:11,914 [ERROR] LogOutputStream:75 - [STDERR_REDIRECT] 
2026-05-07 11:08:12,909 [ERROR] LogOutputStream:75 - [STDERR_REDIRECT] [Fatal Error] :1:1: Premature end of file.
2026-05-07 11:08:12,909 [ERROR] LogOutputStream:75 - [STDERR_REDIRECT] 
2026-05-07 11:08:13,910 [ERROR] LogOutputStream:75 - [STDERR_REDIRECT] [Fatal Error] :1:1: Premature end of file.
2026-05-07 11:08:13,910 [ERROR] LogOutputStream:75 - [STDERR_REDIRECT] 
2026-05-07 11:08:14,919 [ERROR] LogOutputStream:75 - [STDERR_REDIRECT] [Fatal Error] :1:1: Premature end of file.
2026-05-07 11:08:14,919 [ERROR] LogOutputStream:75 - [STDERR_REDIRECT] 
2026-05-07 11:08:15,934 [ERROR] LogOutputStream:75 - [STDERR_REDIRECT] [Fatal Error] :1:1: Premature end of file.
2026-05-07 11:08:15,934 [ERROR] LogOutputStream:75 - [STDERR_REDIRECT] 
2026-05-07 11:08:16,905 [ERROR] LogOutputStream:75 - [STDERR_REDIRECT] [Fatal Error] :1:1: Premature end of file.
2026-05-07 11:08:16,906 [ERROR] LogOutputStream:75 - [STDERR_REDIRECT] 
2026-05-07 11:08:17,917 [ERROR] LogOutputStream:75 - [STDERR_REDIRECT] [Fatal Error] :1:1: Premature end of file.
2026-05-07 11:08:17,917 [ERROR] LogOutputStream:75 - [STDERR_REDIRECT] 
2026-05-07 11:08:18,912 [ERROR] LogOutputStream:75 - [STDERR_REDIRECT] [Fatal Error] :1:1: Premature end of file.
2026-05-07 11:08:18,912 [ERROR] LogOutputStream:75 - [STDERR_REDIRECT] 
2026-05-07 11:08:19,911 [ERROR] LogOutputStream:75 - [STDERR_REDIRECT] [Fatal Error] :1:1: Premature end of file.
2026-05-07 11:08:19,911 [ERROR] LogOutputStream:75 - [STDERR_REDIRECT] 
2026-05-07 11:08:20,911 [ERROR] LogOutputStream:75 - [STDERR_REDIRECT] [Fatal Error] :1:1: Premature end of file.
2026-05-07 11:08:20,917 [ERROR] LogOutputStream:75 - [STDERR_REDIRECT] 
2026-05-07 11:08:21,911 [ERROR] LogOutputStream:75 - [STDERR_REDIRECT] [Fatal Error] :1:1: Premature end of file.
2026-05-07 11:08:21,911 [ERROR] LogOutputStream:75 - [STDERR_REDIRECT] 
2026-05-07 11:08:22,911 [ERROR] LogOutputStream:75 - [STDERR_REDIRECT] [Fatal Error] :1:1: Premature end of file.
2026-05-07 11:08:22,911 [ERROR] LogOutputStream:75 - [STDERR_REDIRECT] 
2026-05-07 11:08:23,912 [ERROR] LogOutputStream:75 - [STDERR_REDIRECT] [Fatal Error] :1:1: Premature end of file.
2026-05-07 11:08:23,912 [ERROR] LogOutputStream:75 - [STDERR_REDIRECT] 
2026-05-07 11:08:24,917 [ERROR] LogOutputStream:75 - [STDERR_REDIRECT] [Fatal Error] :1:1: Premature end of file.
2026-05-07 11:08:24,917 [ERROR] LogOutputStream:75 - [STDERR_REDIRECT] 
2026-05-07 11:08:25,919 [ERROR] LogOutputStream:75 - [STDERR_REDIRECT] [Fatal Error] :1:1: Premature end of file.
2026-05-07 11:08:25,919 [ERROR] LogOutputStream:75 - [STDERR_REDIRECT] 
2026-05-07 11:08:26,921 [ERROR] LogOutputStream:75 - [STDERR_REDIRECT] [Fatal Error] :1:1: Premature end of file.
2026-05-07 11:08:26,921 [ERROR] LogOutputStream:75 - [STDERR_REDIRECT] 
2026-05-07 11:08:27,912 [ERROR] LogOutputStream:75 - [STDERR_REDIRECT] [Fatal Error] :1:1: Premature end of file.
2026-05-07 11:08:27,912 [ERROR] LogOutputStream:75 - [STDERR_REDIRECT] 
2026-05-07 11:08:28,928 [ERROR] LogOutputStream:75 - [STDERR_REDIRECT] [Fatal Error] :1:1: Premature end of file.
2026-05-07 11:08:28,928 [ERROR] LogOutputStream:75 - [STDERR_REDIRECT] 
2026-05-07 11:08:29,896 [ERROR] LogOutputStream:75 - [STDERR_REDIRECT] [Fatal Error] :1:1: Premature end of file.
2026-05-07 11:08:29,896 [ERROR] LogOutputStream:75 - [STDERR_REDIRECT] 
2026-05-07 11:08:30,898 [ERROR] LogOutputStream:75 - [STDERR_REDIRECT] [Fatal Error] :1:1: Premature end of file.
2026-05-07 11:08:30,898 [ERROR] LogOutputStream:75 - [STDERR_REDIRECT] 
2026-05-07 11:08:31,897 [ERROR] LogOutputStream:75 - [STDERR_REDIRECT] [Fatal Error] :1:1: Premature end of file.
2026-05-07 11:08:31,897 [ERROR] LogOutputStream:75 - [STDERR_REDIRECT] 
2026-05-07 11:08:32,911 [ERROR] LogOutputStream:75 - [STDERR_REDIRECT] [Fatal Error] :1:1: Premature end of file.
2026-05-07 11:08:32,911 [ERROR] LogOutputStream:75 - [STDERR_REDIRECT] 
2026-05-07 11:08:33,911 [ERROR] LogOutputStream:75 - [STDERR_REDIRECT] [Fatal Error] :1:1: Premature end of file.
2026-05-07 11:08:33,911 [ERROR] LogOutputStream:75 - [STDERR_REDIRECT] 
2026-05-07 11:08:34,918 [ERROR] LogOutputStream:75 - [STDERR_REDIRECT] [Fatal Error] :1:1: Premature end of file.
2026-05-07 11:08:34,918 [ERROR] LogOutputStream:75 - [STDERR_REDIRECT] 
2026-05-07 11:08:35,911 [ERROR] LogOutputStream:75 - [STDERR_REDIRECT] [Fatal Error] :1:1: Premature end of file.
2026-05-07 11:08:35,911 [ERROR] LogOutputStream:75 - [STDERR_REDIRECT] 
2026-05-07 11:08:36,912 [ERROR] LogOutputStream:75 - [STDERR_REDIRECT] [Fatal Error] :1:1: Premature end of file.
2026-05-07 11:08:36,912 [ERROR] LogOutputStream:75 - [STDERR_REDIRECT] 
2026-05-07 11:08:37,912 [ERROR] LogOutputStream:75 - [STDERR_REDIRECT] [Fatal Error] :1:1: Premature end of file.
2026-05-07 11:08:37,912 [ERROR] LogOutputStream:75 - [STDERR_REDIRECT] 
2026-05-07 11:08:38,907 [ERROR] LogOutputStream:75 - [STDERR_REDIRECT] [Fatal Error] :1:1: Premature end of file.
2026-05-07 11:08:38,907 [ERROR] LogOutputStream:75 - [STDERR_REDIRECT] 
2026-05-07 11:08:39,899 [ERROR] LogOutputStream:75 - [STDERR_REDIRECT] [Fatal Error] :1:1: Premature end of file.
2026-05-07 11:08:39,899 [ERROR] LogOutputStream:75 - [STDERR_REDIRECT] 
2026-05-07 11:08:40,911 [ERROR] LogOutputStream:75 - [STDERR_REDIRECT] [Fatal Error] :1:1: Premature end of file.
2026-05-07 11:08:40,911 [ERROR] LogOutputStream:75 - [STDERR_REDIRECT] 
2026-05-07 11:08:41,911 [ERROR] LogOutputStream:75 - [STDERR_REDIRECT] [Fatal Error] :1:1: Premature end of file.
2026-05-07 11:08:41,911 [ERROR] LogOutputStream:75 - [STDERR_REDIRECT] 
2026-05-07 11:08:42,928 [ERROR] LogOutputStream:75 - [STDERR_REDIRECT] [Fatal Error] :1:1: Premature end of file.
2026-05-07 11:08:42,928 [ERROR] LogOutputStream:75 - [STDERR_REDIRECT] 
2026-05-07 11:08:43,910 [ERROR] LogOutputStream:75 - [STDERR_REDIRECT] [Fatal Error] :1:1: Premature end of file.
2026-05-07 11:08:43,910 [ERROR] LogOutputStream:75 - [STDERR_REDIRECT] 
2026-05-07 11:08:44,913 [ERROR] LogOutputStream:75 - [STDERR_REDIRECT] [Fatal Error] :1:1: Premature end of file.
2026-05-07 11:08:44,913 [ERROR] LogOutputStream:75 - [STDERR_REDIRECT] 
2026-05-07 11:08:45,915 [ERROR] LogOutputStream:75 - [STDERR_REDIRECT] [Fatal Error] :1:1: Premature end of file.
2026-05-07 11:08:45,915 [ERROR] LogOutputStream:75 - [STDERR_REDIRECT] 
2026-05-07 11:08:46,911 [ERROR] LogOutputStream:75 - [STDERR_REDIRECT] [Fatal Error] :1:1: Premature end of file.
2026-05-07 11:08:46,911 [ERROR] LogOutputStream:75 - [STDERR_REDIRECT] 
2026-05-07 11:08:47,911 [ERROR] LogOutputStream:75 - [STDERR_REDIRECT] [Fatal Error] :1:1: Premature end of file.
2026-05-07 11:08:47,911 [ERROR] LogOutputStream:75 - [STDERR_REDIRECT] 
2026-05-07 11:08:48,912 [ERROR] LogOutputStream:75 - [STDERR_REDIRECT] [Fatal Error] :1:1: Premature end of file.
2026-05-07 11:08:48,912 [ERROR] LogOutputStream:75 - [STDERR_REDIRECT] 
2026-05-07 11:08:49,928 [ERROR] LogOutputStream:75 - [STDERR_REDIRECT] [Fatal Error] :1:1: Premature end of file.
2026-05-07 11:08:49,928 [ERROR] LogOutputStream:75 - [STDERR_REDIRECT] 
2026-05-07 11:08:50,896 [ERROR] LogOutputStream:75 - [STDERR_REDIRECT] [Fatal Error] :1:1: Premature end of file.
2026-05-07 11:08:50,912 [ERROR] LogOutputStream:75 - [STDERR_REDIRECT] 
2026-05-07 11:08:51,914 [ERROR] LogOutputStream:75 - [STDERR_REDIRECT] [Fatal Error] :1:1: Premature end of file.
2026-05-07 11:08:51,914 [ERROR] LogOutputStream:75 - [STDERR_REDIRECT] 
2026-05-07 11:08:52,915 [ERROR] LogOutputStream:75 - [STDERR_REDIRECT] [Fatal Error] :1:1: Premature end of file.
2026-05-07 11:08:52,916 [ERROR] LogOutputStream:75 - [STDERR_REDIRECT] 
2026-05-07 11:08:53,911 [ERROR] LogOutputStream:75 - [STDERR_REDIRECT] [Fatal Error] :1:1: Premature end of file.
2026-05-07 11:08:53,911 [ERROR] LogOutputStream:75 - [STDERR_REDIRECT] 
2026-05-07 11:08:54,917 [ERROR] LogOutputStream:75 - [STDERR_REDIRECT] [Fatal Error] :1:1: Premature end of file.
2026-05-07 11:08:54,917 [ERROR] LogOutputStream:75 - [STDERR_REDIRECT] 
2026-05-07 11:08:55,910 [ERROR] LogOutputStream:75 - [STDERR_REDIRECT] [Fatal Error] :1:1: Premature end of file.
2026-05-07 11:08:55,910 [ERROR] LogOutputStream:75 - [STDERR_REDIRECT] 
2026-05-07 11:08:56,928 [ERROR] LogOutputStream:75 - [STDERR_REDIRECT] [Fatal Error] :1:1: Premature end of file.
2026-05-07 11:08:56,928 [ERROR] LogOutputStream:75 - [STDERR_REDIRECT] 
2026-05-07 11:08:57,913 [ERROR] LogOutputStream:75 - [STDERR_REDIRECT] [Fatal Error] :1:1: Premature end of file.
2026-05-07 11:08:57,913 [ERROR] LogOutputStream:75 - [STDERR_REDIRECT] 
2026-05-07 11:08:58,915 [ERROR] LogOutputStream:75 - [STDERR_REDIRECT] [Fatal Error] :1:1: Premature end of file.
2026-05-07 11:08:58,915 [ERROR] LogOutputStream:75 - [STDERR_REDIRECT] 
2026-05-07 11:08:59,896 [ERROR] LogOutputStream:75 - [STDERR_REDIRECT] [Fatal Error] :1:1: Premature end of file.
2026-05-07 11:08:59,896 [ERROR] LogOutputStream:75 - [STDERR_REDIRECT] 
2026-05-07 11:09:00,889 [ERROR] LogOutputStream:75 - [STDERR_REDIRECT] [Fatal Error] :1:1: Premature end of file.
2026-05-07 11:09:00,889 [ERROR] LogOutputStream:75 - [STDERR_REDIRECT] 
2026-05-07 11:09:01,912 [ERROR] LogOutputStream:75 - [STDERR_REDIRECT] [Fatal Error] :1:1: Premature end of file.
2026-05-07 11:09:01,912 [ERROR] LogOutputStream:75 - [STDERR_REDIRECT] 
2026-05-07 11:09:02,916 [ERROR] LogOutputStream:75 - [STDERR_REDIRECT] [Fatal Error] :1:1: Premature end of file.
2026-05-07 11:09:02,916 [ERROR] LogOutputStream:75 - [STDERR_REDIRECT] 
2026-05-07 11:09:03,918 [ERROR] LogOutputStream:75 - [STDERR_REDIRECT] [Fatal Error] :1:1: Premature end of file.
2026-05-07 11:09:03,918 [ERROR] LogOutputStream:75 - [STDERR_REDIRECT] 
2026-05-07 11:09:04,913 [ERROR] LogOutputStream:75 - [STDERR_REDIRECT] [Fatal Error] :1:1: Premature end of file.
2026-05-07 11:09:04,913 [ERROR] LogOutputStream:75 - [STDERR_REDIRECT] 
2026-05-07 11:09:05,914 [ERROR] LogOutputStream:75 - [STDERR_REDIRECT] [Fatal Error] :1:1: Premature end of file.
2026-05-07 11:09:05,914 [ERROR] LogOutputStream:75 - [STDERR_REDIRECT] 
2026-05-07 11:09:06,911 [ERROR] LogOutputStream:75 - [STDERR_REDIRECT] [Fatal Error] :1:1: Premature end of file.
2026-05-07 11:09:06,911 [ERROR] LogOutputStream:75 - [STDERR_REDIRECT] 
2026-05-07 11:09:07,911 [ERROR] LogOutputStream:75 - [STDERR_REDIRECT] [Fatal Error] :1:1: Premature end of file.
2026-05-07 11:09:07,911 [ERROR] LogOutputStream:75 - [STDERR_REDIRECT] 
2026-05-07 11:09:08,928 [ERROR] LogOutputStream:75 - [STDERR_REDIRECT] [Fatal Error] :1:1: Premature end of file.
2026-05-07 11:09:08,928 [ERROR] LogOutputStream:75 - [STDERR_REDIRECT] 
2026-05-07 11:09:09,927 [ERROR] LogOutputStream:75 - [STDERR_REDIRECT] [Fatal Error] :1:1: Premature end of file.
2026-05-07 11:09:09,929 [ERROR] LogOutputStream:75 - [STDERR_REDIRECT] 
2026-05-07 11:09:10,899 [ERROR] LogOutputStream:75 - [STDERR_REDIRECT] [Fatal Error] :1:1: Premature end of file.
2026-05-07 11:09:10,899 [ERROR] LogOutputStream:75 - [STDERR_REDIRECT] 
2026-05-07 11:09:11,920 [ERROR] LogOutputStream:75 - [STDERR_REDIRECT] [Fatal Error] :1:1: Premature end of file.
2026-05-07 11:09:11,920 [ERROR] LogOutputStream:75 - [STDERR_REDIRECT] 
2026-05-07 11:09:12,911 [ERROR] LogOutputStream:75 - [STDERR_REDIRECT] [Fatal Error] :1:1: Premature end of file.
2026-05-07 11:09:12,911 [ERROR] LogOutputStream:75 - [STDERR_REDIRECT] 
2026-05-07 11:09:13,914 [ERROR] LogOutputStream:75 - [STDERR_REDIRECT] [Fatal Error] :1:1: Premature end of file.
2026-05-07 11:09:13,914 [ERROR] LogOutputStream:75 - [STDERR_REDIRECT] 
2026-05-07 11:09:14,922 [ERROR] LogOutputStream:75 - [STDERR_REDIRECT] [Fatal Error] :1:1: Premature end of file.
2026-05-07 11:09:14,922 [ERROR] LogOutputStream:75 - [STDERR_REDIRECT] 
2026-05-07 11:09:15,932 [ERROR] LogOutputStream:75 - [STDERR_REDIRECT] [Fatal Error] :1:1: Premature end of file.
2026-05-07 11:09:15,933 [ERROR] LogOutputStream:75 - [STDERR_REDIRECT] 
2026-05-07 11:09:16,895 [ERROR] LogOutputStream:75 - [STDERR_REDIRECT] [Fatal Error] :1:1: Premature end of file.
2026-05-07 11:09:16,895 [ERROR] LogOutputStream:75 - [STDERR_REDIRECT] 
2026-05-07 11:09:17,909 [ERROR] LogOutputStream:75 - [STDERR_REDIRECT] [Fatal Error] :1:1: Premature end of file.
2026-05-07 11:09:17,909 [ERROR] LogOutputStream:75 - [STDERR_REDIRECT] 
2026-05-07 11:09:18,915 [ERROR] LogOutputStream:75 - [STDERR_REDIRECT] [Fatal Error] :1:1: Premature end of file.
2026-05-07 11:09:18,915 [ERROR] LogOutputStream:75 - [STDERR_REDIRECT] 
2026-05-07 11:09:19,902 [ERROR] LogOutputStream:75 - [STDERR_REDIRECT] [Fatal Error] :1:1: Premature end of file.
2026-05-07 11:09:19,902 [ERROR] LogOutputStream:75 - [STDERR_REDIRECT] 
2026-05-07 11:09:20,921 [ERROR] LogOutputStream:75 - [STDERR_REDIRECT] [Fatal Error] :1:1: Premature end of file.
2026-05-07 11:09:20,921 [ERROR] LogOutputStream:75 - [STDERR_REDIRECT] 
2026-05-07 11:09:21,912 [ERROR] LogOutputStream:75 - [STDERR_REDIRECT] [Fatal Error] :1:1: Premature end of file.
2026-05-07 11:09:21,912 [ERROR] LogOutputStream:75 - [STDERR_REDIRECT] 
2026-05-07 11:09:22,897 [ERROR] LogOutputStream:75 - [STDERR_REDIRECT] [Fatal Error] :1:1: Premature end of file.
2026-05-07 11:09:22,897 [ERROR] LogOutputStream:75 - [STDERR_REDIRECT] 
2026-05-07 11:09:23,914 [ERROR] LogOutputStream:75 - [STDERR_REDIRECT] [Fatal Error] :1:1: Premature end of file.
2026-05-07 11:09:23,915 [ERROR] LogOutputStream:75 - [STDERR_REDIRECT] 
2026-05-07 11:09:24,909 [ERROR] LogOutputStream:75 - [STDERR_REDIRECT] [Fatal Error] :1:1: Premature end of file.
2026-05-07 11:09:24,909 [ERROR] LogOutputStream:75 - [STDERR_REDIRECT] 
2026-05-07 11:09:25,911 [ERROR] LogOutputStream:75 - [STDERR_REDIRECT] [Fatal Error] :1:1: Premature end of file.
2026-05-07 11:09:25,911 [ERROR] LogOutputStream:75 - [STDERR_REDIRECT] 
2026-05-07 11:09:26,913 [ERROR] LogOutputStream:75 - [STDERR_REDIRECT] [Fatal Error] :1:1: Premature end of file.
2026-05-07 11:09:26,913 [ERROR] LogOutputStream:75 - [STDERR_REDIRECT] 
2026-05-07 11:09:27,911 [ERROR] LogOutputStream:75 - [STDERR_REDIRECT] [Fatal Error] :1:1: Premature end of file.
2026-05-07 11:09:27,911 [ERROR] LogOutputStream:75 - [STDERR_REDIRECT] 
2026-05-07 11:09:28,930 [ERROR] LogOutputStream:75 - [STDERR_REDIRECT] [Fatal Error] :1:1: Premature end of file.
2026-05-07 11:09:28,930 [ERROR] LogOutputStream:75 - [STDERR_REDIRECT] 
2026-05-07 11:09:29,914 [ERROR] LogOutputStream:75 - [STDERR_REDIRECT] [Fatal Error] :1:1: Premature end of file.
2026-05-07 11:09:29,914 [ERROR] LogOutputStream:75 - [STDERR_REDIRECT] 
2026-05-07 11:09:30,915 [ERROR] LogOutputStream:75 - [STDERR_REDIRECT] [Fatal Error] :1:1: Premature end of file.
2026-05-07 11:09:30,915 [ERROR] LogOutputStream:75 - [STDERR_REDIRECT] 
2026-05-07 11:09:31,916 [ERROR] LogOutputStream:75 - [STDERR_REDIRECT] [Fatal Error] :1:1: Premature end of file.
2026-05-07 11:09:31,916 [ERROR] LogOutputStream:75 - [STDERR_REDIRECT] 
2026-05-07 11:09:32,907 [ERROR] LogOutputStream:75 - [STDERR_REDIRECT] [Fatal Error] :1:1: Premature end of file.
2026-05-07 11:09:32,907 [ERROR] LogOutputStream:75 - [STDERR_REDIRECT] 
2026-05-07 11:09:33,913 [ERROR] LogOutputStream:75 - [STDERR_REDIRECT] [Fatal Error] :1:1: Premature end of file.
2026-05-07 11:09:33,982 [ERROR] LogOutputStream:75 - [STDERR_REDIRECT] 
2026-05-07 11:09:34,913 [ERROR] LogOutputStream:75 - [STDERR_REDIRECT] [Fatal Error] :1:1: Premature end of file.
2026-05-07 11:09:34,913 [ERROR] LogOutputStream:75 - [STDERR_REDIRECT] 
2026-05-07 11:09:35,912 [ERROR] LogOutputStream:75 - [STDERR_REDIRECT] [Fatal Error] :1:1: Premature end of file.
2026-05-07 11:09:35,912 [ERROR] LogOutputStream:75 - [STDERR_REDIRECT] 
2026-05-07 11:09:36,914 [ERROR] LogOutputStream:75 - [STDERR_REDIRECT] [Fatal Error] :1:1: Premature end of file.
2026-05-07 11:09:36,914 [ERROR] LogOutputStream:75 - [STDERR_REDIRECT] 
2026-05-07 11:09:37,911 [ERROR] LogOutputStream:75 - [STDERR_REDIRECT] [Fatal Error] :1:1: Premature end of file.
2026-05-07 11:09:37,911 [ERROR] LogOutputStream:75 - [STDERR_REDIRECT] 
2026-05-07 11:09:38,911 [ERROR] LogOutputStream:75 - [STDERR_REDIRECT] [Fatal Error] :1:1: Premature end of file.
2026-05-07 11:09:38,911 [ERROR] LogOutputStream:75 - [STDERR_REDIRECT] 
2026-05-07 11:09:39,918 [ERROR] LogOutputStream:75 - [STDERR_REDIRECT] [Fatal Error] :1:1: Premature end of file.
2026-05-07 11:09:39,918 [ERROR] LogOutputStream:75 - [STDERR_REDIRECT] 
2026-05-07 11:09:40,913 [ERROR] LogOutputStream:75 - [STDERR_REDIRECT] [Fatal Error] :1:1: Premature end of file.
2026-05-07 11:09:40,913 [ERROR] LogOutputStream:75 - [STDERR_REDIRECT] 
2026-05-07 11:09:41,922 [ERROR] LogOutputStream:75 - [STDERR_REDIRECT] [Fatal Error] :1:1: Premature end of file.
2026-05-07 11:09:41,922 [ERROR] LogOutputStream:75 - [STDERR_REDIRECT] 
2026-05-07 11:09:42,917 [ERROR] LogOutputStream:75 - [STDERR_REDIRECT] [Fatal Error] :1:1: Premature end of file.
2026-05-07 11:09:42,918 [ERROR] LogOutputStream:75 - [STDERR_REDIRECT] 
2026-05-07 11:09:43,910 [ERROR] LogOutputStream:75 - [STDERR_REDIRECT] [Fatal Error] :1:1: Premature end of file.
2026-05-07 11:09:43,910 [ERROR] LogOutputStream:75 - [STDERR_REDIRECT] 
2026-05-07 11:09:44,911 [ERROR] LogOutputStream:75 - [STDERR_REDIRECT] [Fatal Error] :1:1: Premature end of file.
2026-05-07 11:09:44,911 [ERROR] LogOutputStream:75 - [STDERR_REDIRECT] 
2026-05-07 11:09:45,918 [ERROR] LogOutputStream:75 - [STDERR_REDIRECT] [Fatal Error] :1:1: Premature end of file.
2026-05-07 11:09:45,918 [ERROR] LogOutputStream:75 - [STDERR_REDIRECT] 
2026-05-07 11:09:46,928 [ERROR] LogOutputStream:75 - [STDERR_REDIRECT] [Fatal Error] :1:1: Premature end of file.
2026-05-07 11:09:46,928 [ERROR] LogOutputStream:75 - [STDERR_REDIRECT] 
2026-05-07 11:09:47,890 [ERROR] LogOutputStream:75 - [STDERR_REDIRECT] [Fatal Error] :1:1: Premature end of file.
2026-05-07 11:09:47,890 [ERROR] LogOutputStream:75 - [STDERR_REDIRECT] 
2026-05-07 11:09:48,905 [ERROR] LogOutputStream:75 - [STDERR_REDIRECT] [Fatal Error] :1:1: Premature end of file.
2026-05-07 11:09:48,905 [ERROR] LogOutputStream:75 - [STDERR_REDIRECT] 
2026-05-07 11:09:49,920 [ERROR] LogOutputStream:75 - [STDERR_REDIRECT] [Fatal Error] :1:1: Premature end of file.
2026-05-07 11:09:49,921 [ERROR] LogOutputStream:75 - [STDERR_REDIRECT] 
2026-05-07 11:09:50,916 [ERROR] LogOutputStream:75 - [STDERR_REDIRECT] [Fatal Error] :1:1: Premature end of file.
2026-05-07 11:09:50,916 [ERROR] LogOutputStream:75 - [STDERR_REDIRECT] 
2026-05-07 11:09:51,898 [ERROR] LogOutputStream:75 - [STDERR_REDIRECT] [Fatal Error] :1:1: Premature end of file.
2026-05-07 11:09:51,898 [ERROR] LogOutputStream:75 - [STDERR_REDIRECT] 
2026-05-07 11:09:52,925 [ERROR] LogOutputStream:75 - [STDERR_REDIRECT] [Fatal Error] :1:1: Premature end of file.
2026-05-07 11:09:52,925 [ERROR] LogOutputStream:75 - [STDERR_REDIRECT] 
2026-05-07 11:09:53,897 [ERROR] LogOutputStream:75 - [STDERR_REDIRECT] [Fatal Error] :1:1: Premature end of file.
2026-05-07 11:09:53,897 [ERROR] LogOutputStream:75 - [STDERR_REDIRECT] 
2026-05-07 11:09:54,913 [ERROR] LogOutputStream:75 - [STDERR_REDIRECT] [Fatal Error] :1:1: Premature end of file.
2026-05-07 11:09:54,913 [ERROR] LogOutputStream:75 - [STDERR_REDIRECT] 
2026-05-07 11:09:55,917 [ERROR] LogOutputStream:75 - [STDERR_REDIRECT] [Fatal Error] :1:1: Premature end of file.
2026-05-07 11:09:55,918 [ERROR] LogOutputStream:75 - [STDERR_REDIRECT] 
2026-05-07 11:09:56,911 [ERROR] LogOutputStream:75 - [STDERR_REDIRECT] [Fatal Error] :1:1: Premature end of file.
2026-05-07 11:09:56,911 [ERROR] LogOutputStream:75 - [STDERR_REDIRECT] 
2026-05-07 11:09:57,894 [ERROR] LogOutputStream:75 - [STDERR_REDIRECT] [Fatal Error] :1:1: Premature end of file.
2026-05-07 11:09:57,894 [ERROR] LogOutputStream:75 - [STDERR_REDIRECT] 
2026-05-07 11:09:58,912 [ERROR] LogOutputStream:75 - [STDERR_REDIRECT] [Fatal Error] :1:1: Premature end of file.
2026-05-07 11:09:58,912 [ERROR] LogOutputStream:75 - [STDERR_REDIRECT] 
2026-05-07 11:09:59,916 [ERROR] LogOutputStream:75 - [STDERR_REDIRECT] [Fatal Error] :1:1: Premature end of file.
2026-05-07 11:09:59,916 [ERROR] LogOutputStream:75 - [STDERR_REDIRECT] 
2026-05-07 11:10:00,897 [ERROR] LogOutputStream:75 - [STDERR_REDIRECT] [Fatal Error] :1:1: Premature end of file.
2026-05-07 11:10:00,897 [ERROR] LogOutputStream:75 - [STDERR_REDIRECT] 
2026-05-07 11:10:01,910 [ERROR] LogOutputStream:75 - [STDERR_REDIRECT] [Fatal Error] :1:1: Premature end of file.
2026-05-07 11:10:01,910 [ERROR] LogOutputStream:75 - [STDERR_REDIRECT] 
2026-05-07 11:10:02,903 [ERROR] LogOutputStream:75 - [STDERR_REDIRECT] [Fatal Error] :1:1: Premature end of file.
2026-05-07 11:10:02,903 [ERROR] LogOutputStream:75 - [STDERR_REDIRECT] 
2026-05-07 11:10:03,915 [ERROR] LogOutputStream:75 - [STDERR_REDIRECT] [Fatal Error] :1:1: Premature end of file.
2026-05-07 11:10:03,915 [ERROR] LogOutputStream:75 - [STDERR_REDIRECT] 
2026-05-07 11:10:04,913 [ERROR] LogOutputStream:75 - [STDERR_REDIRECT] [Fatal Error] :1:1: Premature end of file.
2026-05-07 11:10:04,913 [ERROR] LogOutputStream:75 - [STDERR_REDIRECT] 
2026-05-07 11:10:05,918 [ERROR] LogOutputStream:75 - [STDERR_REDIRECT] [Fatal Error] :1:1: Premature end of file.
2026-05-07 11:10:05,919 [ERROR] LogOutputStream:75 - [STDERR_REDIRECT] 
2026-05-07 11:10:06,910 [ERROR] LogOutputStream:75 - [STDERR_REDIRECT] [Fatal Error] :1:1: Premature end of file.
2026-05-07 11:10:06,910 [ERROR] LogOutputStream:75 - [STDERR_REDIRECT] 
2026-05-07 11:10:07,913 [ERROR] LogOutputStream:75 - [STDERR_REDIRECT] [Fatal Error] :1:1: Premature end of file.
2026-05-07 11:10:07,913 [ERROR] LogOutputStream:75 - [STDERR_REDIRECT] 
2026-05-07 11:10:08,897 [ERROR] LogOutputStream:75 - [STDERR_REDIRECT] [Fatal Error] :1:1: Premature end of file.
2026-05-07 11:10:08,897 [ERROR] LogOutputStream:75 - [STDERR_REDIRECT] 
2026-05-07 11:10:09,921 [ERROR] LogOutputStream:75 - [STDERR_REDIRECT] [Fatal Error] :1:1: Premature end of file.
2026-05-07 11:10:09,922 [ERROR] LogOutputStream:75 - [STDERR_REDIRECT] 
2026-05-07 11:10:10,918 [ERROR] LogOutputStream:75 - [STDERR_REDIRECT] [Fatal Error] :1:1: Premature end of file.
2026-05-07 11:10:10,918 [ERROR] LogOutputStream:75 - [STDERR_REDIRECT] 
2026-05-07 11:10:11,900 [ERROR] LogOutputStream:75 - [STDERR_REDIRECT] [Fatal Error] :1:1: Premature end of file.
2026-05-07 11:10:11,900 [ERROR] LogOutputStream:75 - [STDERR_REDIRECT] 
2026-05-07 11:10:12,888 [ERROR] LogOutputStream:75 - [STDERR_REDIRECT] [Fatal Error] :1:1: Premature end of file.
2026-05-07 11:10:12,888 [ERROR] LogOutputStream:75 - [STDERR_REDIRECT] 
2026-05-07 11:10:13,902 [ERROR] LogOutputStream:75 - [STDERR_REDIRECT] [Fatal Error] :1:1: Premature end of file.
2026-05-07 11:10:13,902 [ERROR] LogOutputStream:75 - [STDERR_REDIRECT] 
2026-05-07 11:10:14,908 [ERROR] LogOutputStream:75 - [STDERR_REDIRECT] [Fatal Error] :1:1: Premature end of file.
2026-05-07 11:10:14,908 [ERROR] LogOutputStream:75 - [STDERR_REDIRECT] 
2026-05-07 11:10:15,907 [ERROR] LogOutputStream:75 - [STDERR_REDIRECT] [Fatal Error] :1:1: Premature end of file.
2026-05-07 11:10:15,907 [ERROR] LogOutputStream:75 - [STDERR_REDIRECT] 
2026-05-07 11:10:16,905 [ERROR] LogOutputStream:75 - [STDERR_REDIRECT] [Fatal Error] :1:1: Premature end of file.
2026-05-07 11:10:16,905 [ERROR] LogOutputStream:75 - [STDERR_REDIRECT] 
2026-05-07 11:10:17,928 [ERROR] LogOutputStream:75 - [STDERR_REDIRECT] [Fatal Error] :1:1: Premature end of file.
2026-05-07 11:10:17,928 [ERROR] LogOutputStream:75 - [STDERR_REDIRECT] 
2026-05-07 11:10:18,896 [ERROR] LogOutputStream:75 - [STDERR_REDIRECT] [Fatal Error] :1:1: Premature end of file.
2026-05-07 11:10:18,896 [ERROR] LogOutputStream:75 - [STDERR_REDIRECT] 
2026-05-07 11:10:19,913 [ERROR] LogOutputStream:75 - [STDERR_REDIRECT] [Fatal Error] :1:1: Premature end of file.
2026-05-07 11:10:19,913 [ERROR] LogOutputStream:75 - [STDERR_REDIRECT] 
2026-05-07 11:10:20,899 [ERROR] LogOutputStream:75 - [STDERR_REDIRECT] [Fatal Error] :1:1: Premature end of file.
2026-05-07 11:10:20,899 [ERROR] LogOutputStream:75 - [STDERR_REDIRECT] 
2026-05-07 11:10:21,910 [ERROR] LogOutputStream:75 - [STDERR_REDIRECT] [Fatal Error] :1:1: Premature end of file.
2026-05-07 11:10:21,910 [ERROR] LogOutputStream:75 - [STDERR_REDIRECT] 
2026-05-07 11:10:22,887 [ERROR] LogOutputStream:75 - [STDERR_REDIRECT] [Fatal Error] :1:1: Premature end of file.
2026-05-07 11:10:22,887 [ERROR] LogOutputStream:75 - [STDERR_REDIRECT] 
2026-05-07 11:10:23,932 [ERROR] LogOutputStream:75 - [STDERR_REDIRECT] [Fatal Error] :1:1: Premature end of file.
2026-05-07 11:10:23,935 [ERROR] LogOutputStream:75 - [STDERR_REDIRECT] 
2026-05-07 11:10:24,900 [ERROR] LogOutputStream:75 - [STDERR_REDIRECT] [Fatal Error] :1:1: Premature end of file.
2026-05-07 11:10:24,900 [ERROR] LogOutputStream:75 - [STDERR_REDIRECT] 
2026-05-07 11:10:25,899 [ERROR] LogOutputStream:75 - [STDERR_REDIRECT] [Fatal Error] :1:1: Premature end of file.
2026-05-07 11:10:25,899 [ERROR] LogOutputStream:75 - [STDERR_REDIRECT] 
2026-05-07 11:10:26,911 [ERROR] LogOutputStream:75 - [STDERR_REDIRECT] [Fatal Error] :1:1: Premature end of file.
2026-05-07 11:10:26,911 [ERROR] LogOutputStream:75 - [STDERR_REDIRECT] 
2026-05-07 11:10:27,936 [ERROR] LogOutputStream:75 - [STDERR_REDIRECT] [Fatal Error] :1:1: Premature end of file.
2026-05-07 11:10:27,936 [ERROR] LogOutputStream:75 - [STDERR_REDIRECT] 
2026-05-07 11:10:28,928 [ERROR] LogOutputStream:75 - [STDERR_REDIRECT] [Fatal Error] :1:1: Premature end of file.
2026-05-07 11:10:28,928 [ERROR] LogOutputStream:75 - [STDERR_REDIRECT] 
2026-05-07 11:10:29,912 [ERROR] LogOutputStream:75 - [STDERR_REDIRECT] [Fatal Error] :1:1: Premature end of file.
2026-05-07 11:10:29,912 [ERROR] LogOutputStream:75 - [STDERR_REDIRECT] 
2026-05-07 11:10:30,916 [ERROR] LogOutputStream:75 - [STDERR_REDIRECT] [Fatal Error] :1:1: Premature end of file.
2026-05-07 11:10:30,916 [ERROR] LogOutputStream:75 - [STDERR_REDIRECT] 
2026-05-07 11:10:31,911 [ERROR] LogOutputStream:75 - [STDERR_REDIRECT] [Fatal Error] :1:1: Premature end of file.
2026-05-07 11:10:31,911 [ERROR] LogOutputStream:75 - [STDERR_REDIRECT] 
2026-05-07 11:10:32,911 [ERROR] LogOutputStream:75 - [STDERR_REDIRECT] [Fatal Error] :1:1: Premature end of file.
2026-05-07 11:10:32,911 [ERROR] LogOutputStream:75 - [STDERR_REDIRECT] 
2026-05-07 11:10:33,895 [ERROR] LogOutputStream:75 - [STDERR_REDIRECT] [Fatal Error] :1:1: Premature end of file.
2026-05-07 11:10:33,895 [ERROR] LogOutputStream:75 - [STDERR_REDIRECT] 
2026-05-07 11:10:34,895 [ERROR] LogOutputStream:75 - [STDERR_REDIRECT] [Fatal Error] :1:1: Premature end of file.
2026-05-07 11:10:34,895 [ERROR] LogOutputStream:75 - [STDERR_REDIRECT] 
2026-05-07 11:10:35,914 [ERROR] LogOutputStream:75 - [STDERR_REDIRECT] [Fatal Error] :1:1: Premature end of file.
2026-05-07 11:10:35,914 [ERROR] LogOutputStream:75 - [STDERR_REDIRECT] 
2026-05-07 11:10:36,911 [ERROR] LogOutputStream:75 - [STDERR_REDIRECT] [Fatal Error] :1:1: Premature end of file.
2026-05-07 11:10:36,911 [ERROR] LogOutputStream:75 - [STDERR_REDIRECT] 
2026-05-07 11:10:37,900 [ERROR] LogOutputStream:75 - [STDERR_REDIRECT] [Fatal Error] :1:1: Premature end of file.
2026-05-07 11:10:37,900 [ERROR] LogOutputStream:75 - [STDERR_REDIRECT] 
2026-05-07 11:10:38,918 [ERROR] LogOutputStream:75 - [STDERR_REDIRECT] [Fatal Error] :1:1: Premature end of file.
2026-05-07 11:10:38,918 [ERROR] LogOutputStream:75 - [STDERR_REDIRECT] 
2026-05-07 11:10:39,913 [ERROR] LogOutputStream:75 - [STDERR_REDIRECT] [Fatal Error] :1:1: Premature end of file.
2026-05-07 11:10:39,913 [ERROR] LogOutputStream:75 - [STDERR_REDIRECT] 
2026-05-07 11:10:40,887 [ERROR] LogOutputStream:75 - [STDERR_REDIRECT] [Fatal Error] :1:1: Premature end of file.
2026-05-07 11:10:40,887 [ERROR] LogOutputStream:75 - [STDERR_REDIRECT] 
2026-05-07 11:10:41,900 [ERROR] LogOutputStream:75 - [STDERR_REDIRECT] [Fatal Error] :1:1: Premature end of file.
2026-05-07 11:10:41,900 [ERROR] LogOutputStream:75 - [STDERR_REDIRECT] 
2026-05-07 11:10:42,909 [ERROR] LogOutputStream:75 - [STDERR_REDIRECT] [Fatal Error] :1:1: Premature end of file.
2026-05-07 11:10:42,909 [ERROR] LogOutputStream:75 - [STDERR_REDIRECT] 
2026-05-07 11:10:43,909 [ERROR] LogOutputStream:75 - [STDERR_REDIRECT] [Fatal Error] :1:1: Premature end of file.
2026-05-07 11:10:43,910 [ERROR] LogOutputStream:75 - [STDERR_REDIRECT] 
2026-05-07 11:10:44,895 [ERROR] LogOutputStream:75 - [STDERR_REDIRECT] [Fatal Error] :1:1: Premature end of file.
2026-05-07 11:10:44,895 [ERROR] LogOutputStream:75 - [STDERR_REDIRECT] 
2026-05-07 11:10:45,915 [ERROR] LogOutputStream:75 - [STDERR_REDIRECT] [Fatal Error] :1:1: Premature end of file.
2026-05-07 11:10:45,915 [ERROR] LogOutputStream:75 - [STDERR_REDIRECT] 
2026-05-07 11:10:46,928 [ERROR] LogOutputStream:75 - [STDERR_REDIRECT] [Fatal Error] :1:1: Premature end of file.
2026-05-07 11:10:46,928 [ERROR] LogOutputStream:75 - [STDERR_REDIRECT] 
2026-05-07 11:10:47,913 [ERROR] LogOutputStream:75 - [STDERR_REDIRECT] [Fatal Error] :1:1: Premature end of file.
2026-05-07 11:10:47,913 [ERROR] LogOutputStream:75 - [STDERR_REDIRECT] 
2026-05-07 11:10:48,906 [ERROR] LogOutputStream:75 - [STDERR_REDIRECT] [Fatal Error] :1:1: Premature end of file.
2026-05-07 11:10:48,906 [ERROR] LogOutputStream:75 - [STDERR_REDIRECT] 
2026-05-07 11:10:49,888 [ERROR] LogOutputStream:75 - [STDERR_REDIRECT] [Fatal Error] :1:1: Premature end of file.
2026-05-07 11:10:49,888 [ERROR] LogOutputStream:75 - [STDERR_REDIRECT] 
2026-05-07 11:10:50,907 [ERROR] LogOutputStream:75 - [STDERR_REDIRECT] [Fatal Error] :1:1: Premature end of file.
2026-05-07 11:10:50,907 [ERROR] LogOutputStream:75 - [STDERR_REDIRECT] 
2026-05-07 11:10:51,913 [ERROR] LogOutputStream:75 - [STDERR_REDIRECT] [Fatal Error] :1:1: Premature end of file.
2026-05-07 11:10:51,914 [ERROR] LogOutputStream:75 - [STDERR_REDIRECT] 
2026-05-07 11:10:52,912 [ERROR] LogOutputStream:75 - [STDERR_REDIRECT] [Fatal Error] :1:1: Premature end of file.
2026-05-07 11:10:52,912 [ERROR] LogOutputStream:75 - [STDERR_REDIRECT] 
2026-05-07 11:10:53,908 [ERROR] LogOutputStream:75 - [STDERR_REDIRECT] [Fatal Error] :1:1: Premature end of file.
2026-05-07 11:10:53,908 [ERROR] LogOutputStream:75 - [STDERR_REDIRECT] 
2026-05-07 11:10:54,892 [ERROR] LogOutputStream:75 - [STDERR_REDIRECT] [Fatal Error] :1:1: Premature end of file.
2026-05-07 11:10:54,892 [ERROR] LogOutputStream:75 - [STDERR_REDIRECT] 
2026-05-07 11:10:55,911 [ERROR] LogOutputStream:75 - [STDERR_REDIRECT] [Fatal Error] :1:1: Premature end of file.
2026-05-07 11:10:55,911 [ERROR] LogOutputStream:75 - [STDERR_REDIRECT] 
2026-05-07 11:10:56,887 [ERROR] LogOutputStream:75 - [STDERR_REDIRECT] [Fatal Error] :1:1: Premature end of file.
2026-05-07 11:10:56,887 [ERROR] LogOutputStream:75 - [STDERR_REDIRECT] 
2026-05-07 11:10:57,889 [ERROR] LogOutputStream:75 - [STDERR_REDIRECT] [Fatal Error] :1:1: Premature end of file.
2026-05-07 11:10:57,889 [ERROR] LogOutputStream:75 - [STDERR_REDIRECT] 
2026-05-07 11:10:58,886 [ERROR] LogOutputStream:75 - [STDERR_REDIRECT] [Fatal Error] :1:1: Premature end of file.
2026-05-07 11:10:58,886 [ERROR] LogOutputStream:75 - [STDERR_REDIRECT] 
2026-05-07 11:10:59,911 [ERROR] LogOutputStream:75 - [STDERR_REDIRECT] [Fatal Error] :1:1: Premature end of file.
2026-05-07 11:10:59,911 [ERROR] LogOutputStream:75 - [STDERR_REDIRECT] 
2026-05-07 11:11:00,889 [ERROR] LogOutputStream:75 - [STDERR_REDIRECT] [Fatal Error] :1:1: Premature end of file.
2026-05-07 11:11:00,890 [ERROR] LogOutputStream:75 - [STDERR_REDIRECT] 
2026-05-07 11:11:01,907 [ERROR] LogOutputStream:75 - [STDERR_REDIRECT] [Fatal Error] :1:1: Premature end of file.
2026-05-07 11:11:01,907 [ERROR] LogOutputStream:75 - [STDERR_REDIRECT] 
2026-05-07 11:11:02,909 [ERROR] LogOutputStream:75 - [STDERR_REDIRECT] [Fatal Error] :1:1: Premature end of file.
2026-05-07 11:11:02,909 [ERROR] LogOutputStream:75 - [STDERR_REDIRECT] 
2026-05-07 11:11:03,908 [ERROR] LogOutputStream:75 - [STDERR_REDIRECT] [Fatal Error] :1:1: Premature end of file.
2026-05-07 11:11:03,909 [ERROR] LogOutputStream:75 - [STDERR_REDIRECT] 
2026-05-07 11:11:04,910 [ERROR] LogOutputStream:75 - [STDERR_REDIRECT] [Fatal Error] :1:1: Premature end of file.
2026-05-07 11:11:04,910 [ERROR] LogOutputStream:75 - [STDERR_REDIRECT] 
2026-05-07 11:11:05,920 [ERROR] LogOutputStream:75 - [STDERR_REDIRECT] [Fatal Error] :1:1: Premature end of file.
2026-05-07 11:11:05,920 [ERROR] LogOutputStream:75 - [STDERR_REDIRECT] 
2026-05-07 11:11:06,915 [ERROR] LogOutputStream:75 - [STDERR_REDIRECT] [Fatal Error] :1:1: Premature end of file.
2026-05-07 11:11:06,915 [ERROR] LogOutputStream:75 - [STDERR_REDIRECT] 
2026-05-07 11:11:07,898 [ERROR] LogOutputStream:75 - [STDERR_REDIRECT] [Fatal Error] :1:1: Premature end of file.
2026-05-07 11:11:07,898 [ERROR] LogOutputStream:75 - [STDERR_REDIRECT] 
2026-05-07 11:11:08,911 [ERROR] LogOutputStream:75 - [STDERR_REDIRECT] [Fatal Error] :1:1: Premature end of file.
2026-05-07 11:11:08,911 [ERROR] LogOutputStream:75 - [STDERR_REDIRECT] 
2026-05-07 11:11:09,911 [ERROR] LogOutputStream:75 - [STDERR_REDIRECT] [Fatal Error] :1:1: Premature end of file.
2026-05-07 11:11:09,911 [ERROR] LogOutputStream:75 - [STDERR_REDIRECT] 
2026-05-07 11:11:10,896 [ERROR] LogOutputStream:75 - [STDERR_REDIRECT] [Fatal Error] :1:1: Premature end of file.
2026-05-07 11:11:10,896 [ERROR] LogOutputStream:75 - [STDERR_REDIRECT] 
2026-05-07 11:11:11,918 [ERROR] LogOutputStream:75 - [STDERR_REDIRECT] [Fatal Error] :1:1: Premature end of file.
2026-05-07 11:11:11,918 [ERROR] LogOutputStream:75 - [STDERR_REDIRECT] 
2026-05-07 11:11:12,896 [ERROR] LogOutputStream:75 - [STDERR_REDIRECT] [Fatal Error] :1:1: Premature end of file.
2026-05-07 11:11:12,896 [ERROR] LogOutputStream:75 - [STDERR_REDIRECT] 
2026-05-07 11:11:13,906 [ERROR] LogOutputStream:75 - [STDERR_REDIRECT] [Fatal Error] :1:1: Premature end of file.
2026-05-07 11:11:13,906 [ERROR] LogOutputStream:75 - [STDERR_REDIRECT] 
2026-05-07 11:11:14,898 [ERROR] LogOutputStream:75 - [STDERR_REDIRECT] [Fatal Error] :1:1: Premature end of file.
2026-05-07 11:11:14,898 [ERROR] LogOutputStream:75 - [STDERR_REDIRECT] 
2026-05-07 11:11:15,880 [ERROR] LogOutputStream:75 - [STDERR_REDIRECT] [Fatal Error] :1:1: Premature end of file.
2026-05-07 11:11:15,880 [ERROR] LogOutputStream:75 - [STDERR_REDIRECT] 
2026-05-07 11:11:16,893 [ERROR] LogOutputStream:75 - [STDERR_REDIRECT] [Fatal Error] :1:1: Premature end of file.
2026-05-07 11:11:16,893 [ERROR] LogOutputStream:75 - [STDERR_REDIRECT] 
2026-05-07 11:11:17,897 [ERROR] LogOutputStream:75 - [STDERR_REDIRECT] [Fatal Error] :1:1: Premature end of file.
2026-05-07 11:11:17,897 [ERROR] LogOutputStream:75 - [STDERR_REDIRECT] 
2026-05-07 11:11:18,911 [ERROR] LogOutputStream:75 - [STDERR_REDIRECT] [Fatal Error] :1:1: Premature end of file.
2026-05-07 11:11:18,911 [ERROR] LogOutputStream:75 - [STDERR_REDIRECT] 
2026-05-07 11:11:19,928 [ERROR] LogOutputStream:75 - [STDERR_REDIRECT] [Fatal Error] :1:1: Premature end of file.
2026-05-07 11:11:19,928 [ERROR] LogOutputStream:75 - [STDERR_REDIRECT] 
2026-05-07 11:11:20,896 [ERROR] LogOutputStream:75 - [STDERR_REDIRECT] [Fatal Error] :1:1: Premature end of file.
2026-05-07 11:11:20,896 [ERROR] LogOutputStream:75 - [STDERR_REDIRECT] 
2026-05-07 11:11:21,913 [ERROR] LogOutputStream:75 - [STDERR_REDIRECT] [Fatal Error] :1:1: Premature end of file.
2026-05-07 11:11:21,913 [ERROR] LogOutputStream:75 - [STDERR_REDIRECT] 
2026-05-07 11:11:22,912 [ERROR] LogOutputStream:75 - [STDERR_REDIRECT] [Fatal Error] :1:1: Premature end of file.
2026-05-07 11:11:22,912 [ERROR] LogOutputStream:75 - [STDERR_REDIRECT] 
2026-05-07 11:11:23,889 [ERROR] LogOutputStream:75 - [STDERR_REDIRECT] [Fatal Error] :1:1: Premature end of file.
2026-05-07 11:11:23,890 [ERROR] LogOutputStream:75 - [STDERR_REDIRECT] 
2026-05-07 11:11:24,911 [ERROR] LogOutputStream:75 - [STDERR_REDIRECT] [Fatal Error] :1:1: Premature end of file.
2026-05-07 11:11:24,911 [ERROR] LogOutputStream:75 - [STDERR_REDIRECT] 
2026-05-07 11:11:25,914 [ERROR] LogOutputStream:75 - [STDERR_REDIRECT] [Fatal Error] :1:1: Premature end of file.
2026-05-07 11:11:25,914 [ERROR] LogOutputStream:75 - [STDERR_REDIRECT] 
2026-05-07 11:11:26,920 [ERROR] LogOutputStream:75 - [STDERR_REDIRECT] [Fatal Error] :1:1: Premature end of file.
2026-05-07 11:11:26,920 [ERROR] LogOutputStream:75 - [STDERR_REDIRECT] 
2026-05-07 11:11:27,892 [ERROR] LogOutputStream:75 - [STDERR_REDIRECT] [Fatal Error] :1:1: Premature end of file.
2026-05-07 11:11:27,892 [ERROR] LogOutputStream:75 - [STDERR_REDIRECT] 
2026-05-07 11:11:28,897 [ERROR] LogOutputStream:75 - [STDERR_REDIRECT] [Fatal Error] :1:1: Premature end of file.
2026-05-07 11:11:28,897 [ERROR] LogOutputStream:75 - [STDERR_REDIRECT] 
2026-05-07 11:11:29,911 [ERROR] LogOutputStream:75 - [STDERR_REDIRECT] [Fatal Error] :1:1: Premature end of file.
2026-05-07 11:11:29,911 [ERROR] LogOutputStream:75 - [STDERR_REDIRECT] 
2026-05-07 11:11:30,887 [ERROR] LogOutputStream:75 - [STDERR_REDIRECT] [Fatal Error] :1:1: Premature end of file.
2026-05-07 11:11:30,887 [ERROR] LogOutputStream:75 - [STDERR_REDIRECT] 
2026-05-07 11:11:31,896 [ERROR] LogOutputStream:75 - [STDERR_REDIRECT] [Fatal Error] :1:1: Premature end of file.
2026-05-07 11:11:31,896 [ERROR] LogOutputStream:75 - [STDERR_REDIRECT] 
2026-05-07 11:11:32,895 [ERROR] LogOutputStream:75 - [STDERR_REDIRECT] [Fatal Error] :1:1: Premature end of file.
2026-05-07 11:11:32,895 [ERROR] LogOutputStream:75 - [STDERR_REDIRECT] 
2026-05-07 11:11:33,889 [ERROR] LogOutputStream:75 - [STDERR_REDIRECT] [Fatal Error] :1:1: Premature end of file.
2026-05-07 11:11:33,889 [ERROR] LogOutputStream:75 - [STDERR_REDIRECT] 
2026-05-07 11:11:34,903 [ERROR] LogOutputStream:75 - [STDERR_REDIRECT] [Fatal Error] :1:1: Premature end of file.
2026-05-07 11:11:34,903 [ERROR] LogOutputStream:75 - [STDERR_REDIRECT] 
2026-05-07 11:11:35,917 [ERROR] LogOutputStream:75 - [STDERR_REDIRECT] [Fatal Error] :1:1: Premature end of file.
2026-05-07 11:11:35,917 [ERROR] LogOutputStream:75 - [STDERR_REDIRECT] 
2026-05-07 11:11:36,902 [ERROR] LogOutputStream:75 - [STDERR_REDIRECT] [Fatal Error] :1:1: Premature end of file.
2026-05-07 11:11:36,902 [ERROR] LogOutputStream:75 - [STDERR_REDIRECT] 
2026-05-07 11:11:37,887 [ERROR] LogOutputStream:75 - [STDERR_REDIRECT] [Fatal Error] :1:1: Premature end of file.
2026-05-07 11:11:37,887 [ERROR] LogOutputStream:75 - [STDERR_REDIRECT] 
2026-05-07 11:11:38,897 [ERROR] LogOutputStream:75 - [STDERR_REDIRECT] [Fatal Error] :1:1: Premature end of file.
2026-05-07 11:11:38,897 [ERROR] LogOutputStream:75 - [STDERR_REDIRECT] 
2026-05-07 11:11:39,911 [ERROR] LogOutputStream:75 - [STDERR_REDIRECT] [Fatal Error] :1:1: Premature end of file.
2026-05-07 11:11:39,911 [ERROR] LogOutputStream:75 - [STDERR_REDIRECT] 
2026-05-07 11:11:40,919 [ERROR] LogOutputStream:75 - [STDERR_REDIRECT] [Fatal Error] :1:1: Premature end of file.
2026-05-07 11:11:40,919 [ERROR] LogOutputStream:75 - [STDERR_REDIRECT] 
2026-05-07 11:11:41,911 [ERROR] LogOutputStream:75 - [STDERR_REDIRECT] [Fatal Error] :1:1: Premature end of file.
2026-05-07 11:11:41,911 [ERROR] LogOutputStream:75 - [STDERR_REDIRECT] 
2026-05-07 11:11:42,903 [ERROR] LogOutputStream:75 - [STDERR_REDIRECT] [Fatal Error] :1:1: Premature end of file.
2026-05-07 11:11:42,905 [ERROR] LogOutputStream:75 - [STDERR_REDIRECT] 
2026-05-07 11:11:43,900 [ERROR] LogOutputStream:75 - [STDERR_REDIRECT] [Fatal Error] :1:1: Premature end of file.
2026-05-07 11:11:43,900 [ERROR] LogOutputStream:75 - [STDERR_REDIRECT] 
2026-05-07 11:11:44,891 [ERROR] LogOutputStream:75 - [STDERR_REDIRECT] [Fatal Error] :1:1: Premature end of file.
2026-05-07 11:11:44,891 [ERROR] LogOutputStream:75 - [STDERR_REDIRECT] 
2026-05-07 11:11:45,894 [ERROR] LogOutputStream:75 - [STDERR_REDIRECT] [Fatal Error] :1:1: Premature end of file.
2026-05-07 11:11:45,894 [ERROR] LogOutputStream:75 - [STDERR_REDIRECT] 
2026-05-07 11:11:46,889 [ERROR] LogOutputStream:75 - [STDERR_REDIRECT] [Fatal Error] :1:1: Premature end of file.
2026-05-07 11:11:46,889 [ERROR] LogOutputStream:75 - [STDERR_REDIRECT] 
2026-05-07 11:11:47,889 [ERROR] LogOutputStream:75 - [STDERR_REDIRECT] [Fatal Error] :1:1: Premature end of file.
2026-05-07 11:11:47,889 [ERROR] LogOutputStream:75 - [STDERR_REDIRECT] 
2026-05-07 11:11:48,898 [ERROR] LogOutputStream:75 - [STDERR_REDIRECT] [Fatal Error] :1:1: Premature end of file.
2026-05-07 11:11:48,898 [ERROR] LogOutputStream:75 - [STDERR_REDIRECT] 
2026-05-07 11:11:49,904 [ERROR] LogOutputStream:75 - [STDERR_REDIRECT] [Fatal Error] :1:1: Premature end of file.
2026-05-07 11:11:49,905 [ERROR] LogOutputStream:75 - [STDERR_REDIRECT] 
2026-05-07 11:11:50,903 [ERROR] LogOutputStream:75 - [STDERR_REDIRECT] [Fatal Error] :1:1: Premature end of file.
2026-05-07 11:11:50,903 [ERROR] LogOutputStream:75 - [STDERR_REDIRECT] 
2026-05-07 11:11:51,896 [ERROR] LogOutputStream:75 - [STDERR_REDIRECT] [Fatal Error] :1:1: Premature end of file.
2026-05-07 11:11:51,896 [ERROR] LogOutputStream:75 - [STDERR_REDIRECT] 
2026-05-07 11:11:52,904 [ERROR] LogOutputStream:75 - [STDERR_REDIRECT] [Fatal Error] :1:1: Premature end of file.
2026-05-07 11:11:52,905 [ERROR] LogOutputStream:75 - [STDERR_REDIRECT] 
2026-05-07 11:11:53,901 [ERROR] LogOutputStream:75 - [STDERR_REDIRECT] [Fatal Error] :1:1: Premature end of file.
2026-05-07 11:11:53,901 [ERROR] LogOutputStream:75 - [STDERR_REDIRECT] 
2026-05-07 11:11:54,894 [ERROR] LogOutputStream:75 - [STDERR_REDIRECT] [Fatal Error] :1:1: Premature end of file.
2026-05-07 11:11:54,894 [ERROR] LogOutputStream:75 - [STDERR_REDIRECT] 
2026-05-07 11:11:55,894 [ERROR] LogOutputStream:75 - [STDERR_REDIRECT] [Fatal Error] :1:1: Premature end of file.
2026-05-07 11:11:55,894 [ERROR] LogOutputStream:75 - [STDERR_REDIRECT] 
2026-05-07 11:11:56,903 [ERROR] LogOutputStream:75 - [STDERR_REDIRECT] [Fatal Error] :1:1: Premature end of file.
2026-05-07 11:11:56,903 [ERROR] LogOutputStream:75 - [STDERR_REDIRECT] 
2026-05-07 11:11:57,900 [ERROR] LogOutputStream:75 - [STDERR_REDIRECT] [Fatal Error] :1:1: Premature end of file.
2026-05-07 11:11:57,900 [ERROR] LogOutputStream:75 - [STDERR_REDIRECT] 
2026-05-07 11:11:58,907 [ERROR] LogOutputStream:75 - [STDERR_REDIRECT] [Fatal Error] :1:1: Premature end of file.
2026-05-07 11:11:58,907 [ERROR] LogOutputStream:75 - [STDERR_REDIRECT] 
2026-05-07 11:11:59,891 [ERROR] LogOutputStream:75 - [STDERR_REDIRECT] [Fatal Error] :1:1: Premature end of file.
2026-05-07 11:11:59,891 [ERROR] LogOutputStream:75 - [STDERR_REDIRECT] 
2026-05-07 11:12:00,908 [ERROR] LogOutputStream:75 - [STDERR_REDIRECT] [Fatal Error] :1:1: Premature end of file.
2026-05-07 11:12:00,909 [ERROR] LogOutputStream:75 - [STDERR_REDIRECT] 
2026-05-07 11:12:01,918 [ERROR] LogOutputStream:75 - [STDERR_REDIRECT] [Fatal Error] :1:1: Premature end of file.
2026-05-07 11:12:01,918 [ERROR] LogOutputStream:75 - [STDERR_REDIRECT] 
2026-05-07 11:12:02,896 [ERROR] LogOutputStream:75 - [STDERR_REDIRECT] [Fatal Error] :1:1: Premature end of file.
2026-05-07 11:12:02,896 [ERROR] LogOutputStream:75 - [STDERR_REDIRECT] 
2026-05-07 11:12:03,914 [ERROR] LogOutputStream:75 - [STDERR_REDIRECT] [Fatal Error] :1:1: Premature end of file.
2026-05-07 11:12:03,914 [ERROR] LogOutputStream:75 - [STDERR_REDIRECT] 
2026-05-07 11:12:04,908 [ERROR] LogOutputStream:75 - [STDERR_REDIRECT] [Fatal Error] :1:1: Premature end of file.
2026-05-07 11:12:04,908 [ERROR] LogOutputStream:75 - [STDERR_REDIRECT] 
2026-05-07 11:12:05,905 [ERROR] LogOutputStream:75 - [STDERR_REDIRECT] [Fatal Error] :1:1: Premature end of file.
2026-05-07 11:12:05,905 [ERROR] LogOutputStream:75 - [STDERR_REDIRECT] 
2026-05-07 11:12:06,891 [ERROR] LogOutputStream:75 - [STDERR_REDIRECT] [Fatal Error] :1:1: Premature end of file.
2026-05-07 11:12:06,891 [ERROR] LogOutputStream:75 - [STDERR_REDIRECT] 
2026-05-07 11:12:07,885 [ERROR] LogOutputStream:75 - [STDERR_REDIRECT] [Fatal Error] :1:1: Premature end of file.
2026-05-07 11:12:07,885 [ERROR] LogOutputStream:75 - [STDERR_REDIRECT] 
2026-05-07 11:12:08,906 [ERROR] LogOutputStream:75 - [STDERR_REDIRECT] [Fatal Error] :1:1: Premature end of file.
2026-05-07 11:12:08,906 [ERROR] LogOutputStream:75 - [STDERR_REDIRECT] 
2026-05-07 11:12:09,902 [ERROR] LogOutputStream:75 - [STDERR_REDIRECT] [Fatal Error] :1:1: Premature end of file.
2026-05-07 11:12:09,903 [ERROR] LogOutputStream:75 - [STDERR_REDIRECT] 
2026-05-07 11:12:10,897 [ERROR] LogOutputStream:75 - [STDERR_REDIRECT] [Fatal Error] :1:1: Premature end of file.
2026-05-07 11:12:10,897 [ERROR] LogOutputStream:75 - [STDERR_REDIRECT] 
2026-05-07 11:12:11,910 [ERROR] LogOutputStream:75 - [STDERR_REDIRECT] [Fatal Error] :1:1: Premature end of file.
2026-05-07 11:12:11,910 [ERROR] LogOutputStream:75 - [STDERR_REDIRECT] 
2026-05-07 11:12:12,910 [ERROR] LogOutputStream:75 - [STDERR_REDIRECT] [Fatal Error] :1:1: Premature end of file.
2026-05-07 11:12:12,910 [ERROR] LogOutputStream:75 - [STDERR_REDIRECT] 
2026-05-07 11:12:13,897 [ERROR] LogOutputStream:75 - [STDERR_REDIRECT] [Fatal Error] :1:1: Premature end of file.
2026-05-07 11:12:13,897 [ERROR] LogOutputStream:75 - [STDERR_REDIRECT] 
2026-05-07 11:12:14,888 [ERROR] LogOutputStream:75 - [STDERR_REDIRECT] [Fatal Error] :1:1: Premature end of file.
2026-05-07 11:12:14,888 [ERROR] LogOutputStream:75 - [STDERR_REDIRECT] 
2026-05-07 11:12:15,896 [ERROR] LogOutputStream:75 - [STDERR_REDIRECT] [Fatal Error] :1:1: Premature end of file.
2026-05-07 11:12:15,897 [ERROR] LogOutputStream:75 - [STDERR_REDIRECT] 
2026-05-07 11:12:16,903 [ERROR] LogOutputStream:75 - [STDERR_REDIRECT] [Fatal Error] :1:1: Premature end of file.
2026-05-07 11:12:16,903 [ERROR] LogOutputStream:75 - [STDERR_REDIRECT] 
2026-05-07 11:12:17,898 [ERROR] LogOutputStream:75 - [STDERR_REDIRECT] [Fatal Error] :1:1: Premature end of file.
2026-05-07 11:12:17,899 [ERROR] LogOutputStream:75 - [STDERR_REDIRECT] 
2026-05-07 11:12:18,911 [ERROR] LogOutputStream:75 - [STDERR_REDIRECT] [Fatal Error] :1:1: Premature end of file.
2026-05-07 11:12:18,911 [ERROR] LogOutputStream:75 - [STDERR_REDIRECT] 
2026-05-07 11:12:19,892 [ERROR] LogOutputStream:75 - [STDERR_REDIRECT] [Fatal Error] :1:1: Premature end of file.
2026-05-07 11:12:19,892 [ERROR] LogOutputStream:75 - [STDERR_REDIRECT] 
2026-05-07 11:12:20,904 [ERROR] LogOutputStream:75 - [STDERR_REDIRECT] [Fatal Error] :1:1: Premature end of file.
2026-05-07 11:12:20,904 [ERROR] LogOutputStream:75 - [STDERR_REDIRECT] 
2026-05-07 11:12:21,901 [ERROR] LogOutputStream:75 - [STDERR_REDIRECT] [Fatal Error] :1:1: Premature end of file.
2026-05-07 11:12:21,901 [ERROR] LogOutputStream:75 - [STDERR_REDIRECT] 
2026-05-07 11:12:22,918 [ERROR] LogOutputStream:75 - [STDERR_REDIRECT] [Fatal Error] :1:1: Premature end of file.
2026-05-07 11:12:22,918 [ERROR] LogOutputStream:75 - [STDERR_REDIRECT] 
2026-05-07 11:12:23,898 [ERROR] LogOutputStream:75 - [STDERR_REDIRECT] [Fatal Error] :1:1: Premature end of file.
2026-05-07 11:12:23,898 [ERROR] LogOutputStream:75 - [STDERR_REDIRECT] 
2026-05-07 11:12:24,899 [ERROR] LogOutputStream:75 - [STDERR_REDIRECT] [Fatal Error] :1:1: Premature end of file.
2026-05-07 11:12:24,899 [ERROR] LogOutputStream:75 - [STDERR_REDIRECT] 
2026-05-07 11:12:25,911 [ERROR] LogOutputStream:75 - [STDERR_REDIRECT] [Fatal Error] :1:1: Premature end of file.
2026-05-07 11:12:25,916 [ERROR] LogOutputStream:75 - [STDERR_REDIRECT] 
2026-05-07 11:12:26,907 [ERROR] LogOutputStream:75 - [STDERR_REDIRECT] [Fatal Error] :1:1: Premature end of file.
2026-05-07 11:12:26,907 [ERROR] LogOutputStream:75 - [STDERR_REDIRECT] 
2026-05-07 11:12:27,902 [ERROR] LogOutputStream:75 - [STDERR_REDIRECT] [Fatal Error] :1:1: Premature end of file.
2026-05-07 11:12:27,902 [ERROR] LogOutputStream:75 - [STDERR_REDIRECT] 
2026-05-07 11:12:28,882 [ERROR] LogOutputStream:75 - [STDERR_REDIRECT] [Fatal Error] :1:1: Premature end of file.
2026-05-07 11:12:28,883 [ERROR] LogOutputStream:75 - [STDERR_REDIRECT] 
2026-05-07 11:12:29,902 [ERROR] LogOutputStream:75 - [STDERR_REDIRECT] [Fatal Error] :1:1: Premature end of file.
2026-05-07 11:12:29,902 [ERROR] LogOutputStream:75 - [STDERR_REDIRECT] 
2026-05-07 11:12:30,892 [ERROR] LogOutputStream:75 - [STDERR_REDIRECT] [Fatal Error] :1:1: Premature end of file.
2026-05-07 11:12:30,892 [ERROR] LogOutputStream:75 - [STDERR_REDIRECT] 
2026-05-07 11:12:31,903 [ERROR] LogOutputStream:75 - [STDERR_REDIRECT] [Fatal Error] :1:1: Premature end of file.
2026-05-07 11:12:31,903 [ERROR] LogOutputStream:75 - [STDERR_REDIRECT] 
2026-05-07 11:12:32,902 [ERROR] LogOutputStream:75 - [STDERR_REDIRECT] [Fatal Error] :1:1: Premature end of file.
2026-05-07 11:12:32,902 [ERROR] LogOutputStream:75 - [STDERR_REDIRECT] 
2026-05-07 11:12:33,914 [ERROR] LogOutputStream:75 - [STDERR_REDIRECT] [Fatal Error] :1:1: Premature end of file.
2026-05-07 11:12:33,914 [ERROR] LogOutputStream:75 - [STDERR_REDIRECT] 
2026-05-07 11:12:34,906 [ERROR] LogOutputStream:75 - [STDERR_REDIRECT] [Fatal Error] :1:1: Premature end of file.
2026-05-07 11:12:34,907 [ERROR] LogOutputStream:75 - [STDERR_REDIRECT] 
2026-05-07 11:12:35,907 [ERROR] LogOutputStream:75 - [STDERR_REDIRECT] [Fatal Error] :1:1: Premature end of file.
2026-05-07 11:12:35,907 [ERROR] LogOutputStream:75 - [STDERR_REDIRECT] 
2026-05-07 11:12:36,905 [ERROR] LogOutputStream:75 - [STDERR_REDIRECT] [Fatal Error] :1:1: Premature end of file.
2026-05-07 11:12:36,906 [ERROR] LogOutputStream:75 - [STDERR_REDIRECT] 
2026-05-07 11:12:37,901 [ERROR] LogOutputStream:75 - [STDERR_REDIRECT] [Fatal Error] :1:1: Premature end of file.
2026-05-07 11:12:37,901 [ERROR] LogOutputStream:75 - [STDERR_REDIRECT] 
2026-05-07 11:12:38,898 [ERROR] LogOutputStream:75 - [STDERR_REDIRECT] [Fatal Error] :1:1: Premature end of file.
2026-05-07 11:12:38,898 [ERROR] LogOutputStream:75 - [STDERR_REDIRECT] 
2026-05-07 11:12:39,907 [ERROR] LogOutputStream:75 - [STDERR_REDIRECT] [Fatal Error] :1:1: Premature end of file.
2026-05-07 11:12:39,907 [ERROR] LogOutputStream:75 - [STDERR_REDIRECT] 
2026-05-07 11:12:40,884 [ERROR] LogOutputStream:75 - [STDERR_REDIRECT] [Fatal Error] :1:1: Premature end of file.
2026-05-07 11:12:40,884 [ERROR] LogOutputStream:75 - [STDERR_REDIRECT] 
2026-05-07 11:12:41,917 [ERROR] LogOutputStream:75 - [STDERR_REDIRECT] [Fatal Error] :1:1: Premature end of file.
2026-05-07 11:12:41,917 [ERROR] LogOutputStream:75 - [STDERR_REDIRECT] 
2026-05-07 11:12:42,915 [ERROR] LogOutputStream:75 - [STDERR_REDIRECT] [Fatal Error] :1:1: Premature end of file.
2026-05-07 11:12:42,915 [ERROR] LogOutputStream:75 - [STDERR_REDIRECT] 
2026-05-07 11:12:43,881 [ERROR] LogOutputStream:75 - [STDERR_REDIRECT] [Fatal Error] :1:1: Premature end of file.
2026-05-07 11:12:43,881 [ERROR] LogOutputStream:75 - [STDERR_REDIRECT] 
2026-05-07 11:12:44,898 [ERROR] LogOutputStream:75 - [STDERR_REDIRECT] [Fatal Error] :1:1: Premature end of file.
2026-05-07 11:12:44,898 [ERROR] LogOutputStream:75 - [STDERR_REDIRECT] 
2026-05-07 11:12:45,911 [ERROR] LogOutputStream:75 - [STDERR_REDIRECT] [Fatal Error] :1:1: Premature end of file.
2026-05-07 11:12:45,911 [ERROR] LogOutputStream:75 - [STDERR_REDIRECT] 
2026-05-07 11:12:46,883 [ERROR] LogOutputStream:75 - [STDERR_REDIRECT] [Fatal Error] :1:1: Premature end of file.
2026-05-07 11:12:46,883 [ERROR] LogOutputStream:75 - [STDERR_REDIRECT] 
2026-05-07 11:12:47,896 [ERROR] LogOutputStream:75 - [STDERR_REDIRECT] [Fatal Error] :1:1: Premature end of file.
2026-05-07 11:12:47,896 [ERROR] LogOutputStream:75 - [STDERR_REDIRECT] 
2026-05-07 11:12:48,893 [ERROR] LogOutputStream:75 - [STDERR_REDIRECT] [Fatal Error] :1:1: Premature end of file.
2026-05-07 11:12:48,893 [ERROR] LogOutputStream:75 - [STDERR_REDIRECT] 
2026-05-07 11:12:49,907 [ERROR] LogOutputStream:75 - [STDERR_REDIRECT] [Fatal Error] :1:1: Premature end of file.
2026-05-07 11:12:49,907 [ERROR] LogOutputStream:75 - [STDERR_REDIRECT] 
2026-05-07 11:12:50,892 [ERROR] LogOutputStream:75 - [STDERR_REDIRECT] [Fatal Error] :1:1: Premature end of file.
2026-05-07 11:12:50,892 [ERROR] LogOutputStream:75 - [STDERR_REDIRECT] 
2026-05-07 11:12:51,900 [ERROR] LogOutputStream:75 - [STDERR_REDIRECT] [Fatal Error] :1:1: Premature end of file.
2026-05-07 11:12:51,900 [ERROR] LogOutputStream:75 - [STDERR_REDIRECT] 
2026-05-07 11:12:52,886 [ERROR] LogOutputStream:75 - [STDERR_REDIRECT] [Fatal Error] :1:1: Premature end of file.
2026-05-07 11:12:52,886 [ERROR] LogOutputStream:75 - [STDERR_REDIRECT] 
2026-05-07 11:12:53,893 [ERROR] LogOutputStream:75 - [STDERR_REDIRECT] [Fatal Error] :1:1: Premature end of file.
2026-05-07 11:12:53,893 [ERROR] LogOutputStream:75 - [STDERR_REDIRECT] 
2026-05-07 11:12:54,885 [ERROR] LogOutputStream:75 - [STDERR_REDIRECT] [Fatal Error] :1:1: Premature end of file.
2026-05-07 11:12:54,885 [ERROR] LogOutputStream:75 - [STDERR_REDIRECT] 
2026-05-07 11:12:55,899 [ERROR] LogOutputStream:75 - [STDERR_REDIRECT] [Fatal Error] :1:1: Premature end of file.
2026-05-07 11:12:55,899 [ERROR] LogOutputStream:75 - [STDERR_REDIRECT] 
2026-05-07 11:12:56,893 [ERROR] LogOutputStream:75 - [STDERR_REDIRECT] [Fatal Error] :1:1: Premature end of file.
2026-05-07 11:12:56,893 [ERROR] LogOutputStream:75 - [STDERR_REDIRECT] 
2026-05-07 11:12:57,898 [ERROR] LogOutputStream:75 - [STDERR_REDIRECT] [Fatal Error] :1:1: Premature end of file.
2026-05-07 11:12:57,898 [ERROR] LogOutputStream:75 - [STDERR_REDIRECT] 
2026-05-07 11:12:58,892 [ERROR] LogOutputStream:75 - [STDERR_REDIRECT] [Fatal Error] :1:1: Premature end of file.
2026-05-07 11:12:58,892 [ERROR] LogOutputStream:75 - [STDERR_REDIRECT] 
2026-05-07 11:12:59,899 [ERROR] LogOutputStream:75 - [STDERR_REDIRECT] [Fatal Error] :1:1: Premature end of file.
2026-05-07 11:12:59,899 [ERROR] LogOutputStream:75 - [STDERR_REDIRECT] 
2026-05-07 11:13:00,891 [ERROR] LogOutputStream:75 - [STDERR_REDIRECT] [Fatal Error] :1:1: Premature end of file.
2026-05-07 11:13:00,891 [ERROR] LogOutputStream:75 - [STDERR_REDIRECT] 
2026-05-07 11:13:01,892 [ERROR] LogOutputStream:75 - [STDERR_REDIRECT] [Fatal Error] :1:1: Premature end of file.
2026-05-07 11:13:01,892 [ERROR] LogOutputStream:75 - [STDERR_REDIRECT] 
2026-05-07 11:13:02,898 [ERROR] LogOutputStream:75 - [STDERR_REDIRECT] [Fatal Error] :1:1: Premature end of file.
2026-05-07 11:13:02,898 [ERROR] LogOutputStream:75 - [STDERR_REDIRECT] 
2026-05-07 11:13:03,897 [ERROR] LogOutputStream:75 - [STDERR_REDIRECT] [Fatal Error] :1:1: Premature end of file.
2026-05-07 11:13:03,897 [ERROR] LogOutputStream:75 - [STDERR_REDIRECT] 
2026-05-07 11:13:04,905 [ERROR] LogOutputStream:75 - [STDERR_REDIRECT] [Fatal Error] :1:1: Premature end of file.
2026-05-07 11:13:04,911 [ERROR] LogOutputStream:75 - [STDERR_REDIRECT] 
2026-05-07 11:13:05,879 [ERROR] LogOutputStream:75 - [STDERR_REDIRECT] [Fatal Error] :1:1: Premature end of file.
2026-05-07 11:13:05,879 [ERROR] LogOutputStream:75 - [STDERR_REDIRECT] 
2026-05-07 11:13:06,885 [ERROR] LogOutputStream:75 - [STDERR_REDIRECT] [Fatal Error] :1:1: Premature end of file.
2026-05-07 11:13:06,885 [ERROR] LogOutputStream:75 - [STDERR_REDIRECT] 
2026-05-07 11:13:07,885 [ERROR] LogOutputStream:75 - [STDERR_REDIRECT] [Fatal Error] :1:1: Premature end of file.
2026-05-07 11:13:07,885 [ERROR] LogOutputStream:75 - [STDERR_REDIRECT] 
2026-05-07 11:13:08,882 [ERROR] LogOutputStream:75 - [STDERR_REDIRECT] [Fatal Error] :1:1: Premature end of file.
2026-05-07 11:13:08,882 [ERROR] LogOutputStream:75 - [STDERR_REDIRECT] 
2026-05-07 11:13:09,891 [ERROR] LogOutputStream:75 - [STDERR_REDIRECT] [Fatal Error] :1:1: Premature end of file.
2026-05-07 11:13:09,891 [ERROR] LogOutputStream:75 - [STDERR_REDIRECT] 
2026-05-07 11:13:10,891 [ERROR] LogOutputStream:75 - [STDERR_REDIRECT] [Fatal Error] :1:1: Premature end of file.
2026-05-07 11:13:10,891 [ERROR] LogOutputStream:75 - [STDERR_REDIRECT] 
2026-05-07 11:13:11,885 [ERROR] LogOutputStream:75 - [STDERR_REDIRECT] [Fatal Error] :1:1: Premature end of file.
2026-05-07 11:13:11,885 [ERROR] LogOutputStream:75 - [STDERR_REDIRECT] 
2026-05-07 11:13:12,888 [ERROR] LogOutputStream:75 - [STDERR_REDIRECT] [Fatal Error] :1:1: Premature end of file.
2026-05-07 11:13:12,889 [ERROR] LogOutputStream:75 - [STDERR_REDIRECT] 
2026-05-07 11:13:13,895 [ERROR] LogOutputStream:75 - [STDERR_REDIRECT] [Fatal Error] :1:1: Premature end of file.
2026-05-07 11:13:13,896 [ERROR] LogOutputStream:75 - [STDERR_REDIRECT] 
2026-05-07 11:13:14,932 [ERROR] LogOutputStream:75 - [STDERR_REDIRECT] [Fatal Error] :1:1: Premature end of file.
2026-05-07 11:13:14,932 [ERROR] LogOutputStream:75 - [STDERR_REDIRECT] 
2026-05-07 11:13:15,889 [ERROR] LogOutputStream:75 - [STDERR_REDIRECT] [Fatal Error] :1:1: Premature end of file.
2026-05-07 11:13:15,889 [ERROR] LogOutputStream:75 - [STDERR_REDIRECT] 
2026-05-07 11:13:16,889 [ERROR] LogOutputStream:75 - [STDERR_REDIRECT] [Fatal Error] :1:1: Premature end of file.
2026-05-07 11:13:16,889 [ERROR] LogOutputStream:75 - [STDERR_REDIRECT] 
2026-05-07 11:13:17,909 [ERROR] LogOutputStream:75 - [STDERR_REDIRECT] [Fatal Error] :1:1: Premature end of file.
2026-05-07 11:13:17,909 [ERROR] LogOutputStream:75 - [STDERR_REDIRECT] 
2026-05-07 11:13:18,896 [ERROR] LogOutputStream:75 - [STDERR_REDIRECT] [Fatal Error] :1:1: Premature end of file.
2026-05-07 11:13:18,897 [ERROR] LogOutputStream:75 - [STDERR_REDIRECT] 
2026-05-07 11:13:19,894 [ERROR] LogOutputStream:75 - [STDERR_REDIRECT] [Fatal Error] :1:1: Premature end of file.
2026-05-07 11:13:19,894 [ERROR] LogOutputStream:75 - [STDERR_REDIRECT] 
2026-05-07 11:13:20,896 [ERROR] LogOutputStream:75 - [STDERR_REDIRECT] [Fatal Error] :1:1: Premature end of file.
2026-05-07 11:13:20,896 [ERROR] LogOutputStream:75 - [STDERR_REDIRECT] 
2026-05-07 11:13:21,903 [ERROR] LogOutputStream:75 - [STDERR_REDIRECT] [Fatal Error] :1:1: Premature end of file.
2026-05-07 11:13:21,903 [ERROR] LogOutputStream:75 - [STDERR_REDIRECT] 
2026-05-07 11:13:22,909 [ERROR] LogOutputStream:75 - [STDERR_REDIRECT] [Fatal Error] :1:1: Premature end of file.
2026-05-07 11:13:22,909 [ERROR] LogOutputStream:75 - [STDERR_REDIRECT] 
2026-05-07 11:13:23,902 [ERROR] LogOutputStream:75 - [STDERR_REDIRECT] [Fatal Error] :1:1: Premature end of file.
2026-05-07 11:13:23,902 [ERROR] LogOutputStream:75 - [STDERR_REDIRECT] 
2026-05-07 11:13:24,888 [ERROR] LogOutputStream:75 - [STDERR_REDIRECT] [Fatal Error] :1:1: Premature end of file.
2026-05-07 11:13:24,888 [ERROR] LogOutputStream:75 - [STDERR_REDIRECT] 
2026-05-07 11:13:25,895 [ERROR] LogOutputStream:75 - [STDERR_REDIRECT] [Fatal Error] :1:1: Premature end of file.
2026-05-07 11:13:25,895 [ERROR] LogOutputStream:75 - [STDERR_REDIRECT] 
2026-05-07 11:13:26,901 [ERROR] LogOutputStream:75 - [STDERR_REDIRECT] [Fatal Error] :1:1: Premature end of file.
2026-05-07 11:13:26,901 [ERROR] LogOutputStream:75 - [STDERR_REDIRECT] 
2026-05-07 11:13:27,890 [ERROR] LogOutputStream:75 - [STDERR_REDIRECT] [Fatal Error] :1:1: Premature end of file.
2026-05-07 11:13:27,890 [ERROR] LogOutputStream:75 - [STDERR_REDIRECT] 
2026-05-07 11:13:28,902 [ERROR] LogOutputStream:75 - [STDERR_REDIRECT] [Fatal Error] :1:1: Premature end of file.
2026-05-07 11:13:28,902 [ERROR] LogOutputStream:75 - [STDERR_REDIRECT] 
2026-05-07 11:13:29,888 [ERROR] LogOutputStream:75 - [STDERR_REDIRECT] [Fatal Error] :1:1: Premature end of file.
2026-05-07 11:13:29,888 [ERROR] LogOutputStream:75 - [STDERR_REDIRECT] 
2026-05-07 11:13:30,897 [ERROR] LogOutputStream:75 - [STDERR_REDIRECT] [Fatal Error] :1:1: Premature end of file.
2026-05-07 11:13:30,897 [ERROR] LogOutputStream:75 - [STDERR_REDIRECT] 
2026-05-07 11:13:31,901 [ERROR] LogOutputStream:75 - [STDERR_REDIRECT] [Fatal Error] :1:1: Premature end of file.
2026-05-07 11:13:31,901 [ERROR] LogOutputStream:75 - [STDERR_REDIRECT] 
2026-05-07 11:13:32,908 [ERROR] LogOutputStream:75 - [STDERR_REDIRECT] [Fatal Error] :1:1: Premature end of file.
2026-05-07 11:13:32,908 [ERROR] LogOutputStream:75 - [STDERR_REDIRECT] 
2026-05-07 11:13:33,892 [ERROR] LogOutputStream:75 - [STDERR_REDIRECT] [Fatal Error] :1:1: Premature end of file.
2026-05-07 11:13:33,892 [ERROR] LogOutputStream:75 - [STDERR_REDIRECT] 
2026-05-07 11:13:34,886 [ERROR] LogOutputStream:75 - [STDERR_REDIRECT] [Fatal Error] :1:1: Premature end of file.
2026-05-07 11:13:34,886 [ERROR] LogOutputStream:75 - [STDERR_REDIRECT] 
2026-05-07 11:13:35,883 [ERROR] LogOutputStream:75 - [STDERR_REDIRECT] [Fatal Error] :1:1: Premature end of file.
2026-05-07 11:13:35,883 [ERROR] LogOutputStream:75 - [STDERR_REDIRECT] 
2026-05-07 11:13:36,886 [ERROR] LogOutputStream:75 - [STDERR_REDIRECT] [Fatal Error] :1:1: Premature end of file.
2026-05-07 11:13:36,886 [ERROR] LogOutputStream:75 - [STDERR_REDIRECT] 
2026-05-07 11:13:37,895 [ERROR] LogOutputStream:75 - [STDERR_REDIRECT] [Fatal Error] :1:1: Premature end of file.
2026-05-07 11:13:37,895 [ERROR] LogOutputStream:75 - [STDERR_REDIRECT] 
2026-05-07 11:13:38,910 [ERROR] LogOutputStream:75 - [STDERR_REDIRECT] [Fatal Error] :1:1: Premature end of file.
2026-05-07 11:13:38,911 [ERROR] LogOutputStream:75 - [STDERR_REDIRECT] 
2026-05-07 11:13:39,900 [ERROR] LogOutputStream:75 - [STDERR_REDIRECT] [Fatal Error] :1:1: Premature end of file.
2026-05-07 11:13:39,900 [ERROR] LogOutputStream:75 - [STDERR_REDIRECT] 
2026-05-07 11:13:40,905 [ERROR] LogOutputStream:75 - [STDERR_REDIRECT] [Fatal Error] :1:1: Premature end of file.
2026-05-07 11:13:40,905 [ERROR] LogOutputStream:75 - [STDERR_REDIRECT] 
2026-05-07 11:13:41,899 [ERROR] LogOutputStream:75 - [STDERR_REDIRECT] [Fatal Error] :1:1: Premature end of file.
2026-05-07 11:13:41,899 [ERROR] LogOutputStream:75 - [STDERR_REDIRECT] 
2026-05-07 11:13:42,899 [ERROR] LogOutputStream:75 - [STDERR_REDIRECT] [Fatal Error] :1:1: Premature end of file.
2026-05-07 11:13:42,899 [ERROR] LogOutputStream:75 - [STDERR_REDIRECT] 
2026-05-07 11:13:43,906 [ERROR] LogOutputStream:75 - [STDERR_REDIRECT] [Fatal Error] :1:1: Premature end of file.
2026-05-07 11:13:43,906 [ERROR] LogOutputStream:75 - [STDERR_REDIRECT] 
2026-05-07 11:13:44,902 [ERROR] LogOutputStream:75 - [STDERR_REDIRECT] [Fatal Error] :1:1: Premature end of file.
2026-05-07 11:13:44,902 [ERROR] LogOutputStream:75 - [STDERR_REDIRECT] 
2026-05-07 11:13:45,892 [ERROR] LogOutputStream:75 - [STDERR_REDIRECT] [Fatal Error] :1:1: Premature end of file.
2026-05-07 11:13:45,892 [ERROR] LogOutputStream:75 - [STDERR_REDIRECT] 
2026-05-07 11:13:46,899 [ERROR] LogOutputStream:75 - [STDERR_REDIRECT] [Fatal Error] :1:1: Premature end of file.
2026-05-07 11:13:46,899 [ERROR] LogOutputStream:75 - [STDERR_REDIRECT] 
2026-05-07 11:13:47,912 [ERROR] LogOutputStream:75 - [STDERR_REDIRECT] [Fatal Error] :1:1: Premature end of file.
2026-05-07 11:13:47,912 [ERROR] LogOutputStream:75 - [STDERR_REDIRECT] 
2026-05-07 11:13:48,891 [ERROR] LogOutputStream:75 - [STDERR_REDIRECT] [Fatal Error] :1:1: Premature end of file.
2026-05-07 11:13:48,891 [ERROR] LogOutputStream:75 - [STDERR_REDIRECT] 
2026-05-07 11:13:49,939 [ERROR] LogOutputStream:75 - [STDERR_REDIRECT] [Fatal Error] :1:1: Premature end of file.
2026-05-07 11:13:49,939 [ERROR] LogOutputStream:75 - [STDERR_REDIRECT] 
2026-05-07 11:13:50,886 [ERROR] LogOutputStream:75 - [STDERR_REDIRECT] [Fatal Error] :1:1: Premature end of file.
2026-05-07 11:13:50,886 [ERROR] LogOutputStream:75 - [STDERR_REDIRECT] 
2026-05-07 11:13:51,907 [ERROR] LogOutputStream:75 - [STDERR_REDIRECT] [Fatal Error] :1:1: Premature end of file.
2026-05-07 11:13:51,908 [ERROR] LogOutputStream:75 - [STDERR_REDIRECT] 
2026-05-07 11:13:52,895 [ERROR] LogOutputStream:75 - [STDERR_REDIRECT] [Fatal Error] :1:1: Premature end of file.
2026-05-07 11:13:52,895 [ERROR] LogOutputStream:75 - [STDERR_REDIRECT] 
2026-05-07 11:13:53,907 [ERROR] LogOutputStream:75 - [STDERR_REDIRECT] [Fatal Error] :1:1: Premature end of file.
2026-05-07 11:13:53,908 [ERROR] LogOutputStream:75 - [STDERR_REDIRECT] 
2026-05-07 11:13:54,899 [ERROR] LogOutputStream:75 - [STDERR_REDIRECT] [Fatal Error] :1:1: Premature end of file.
2026-05-07 11:13:54,899 [ERROR] LogOutputStream:75 - [STDERR_REDIRECT] 
2026-05-07 11:13:55,905 [ERROR] LogOutputStream:75 - [STDERR_REDIRECT] [Fatal Error] :1:1: Premature end of file.
2026-05-07 11:13:55,905 [ERROR] LogOutputStream:75 - [STDERR_REDIRECT] 
2026-05-07 11:13:56,916 [ERROR] LogOutputStream:75 - [STDERR_REDIRECT] [Fatal Error] :1:1: Premature end of file.
2026-05-07 11:13:56,916 [ERROR] LogOutputStream:75 - [STDERR_REDIRECT] 
2026-05-07 11:13:57,890 [ERROR] LogOutputStream:75 - [STDERR_REDIRECT] [Fatal Error] :1:1: Premature end of file.
2026-05-07 11:13:57,891 [ERROR] LogOutputStream:75 - [STDERR_REDIRECT] 
2026-05-07 11:13:58,896 [ERROR] LogOutputStream:75 - [STDERR_REDIRECT] [Fatal Error] :1:1: Premature end of file.
2026-05-07 11:13:58,896 [ERROR] LogOutputStream:75 - [STDERR_REDIRECT] 
2026-05-07 11:13:59,903 [ERROR] LogOutputStream:75 - [STDERR_REDIRECT] [Fatal Error] :1:1: Premature end of file.
2026-05-07 11:13:59,903 [ERROR] LogOutputStream:75 - [STDERR_REDIRECT] 
2026-05-07 11:14:00,883 [ERROR] LogOutputStream:75 - [STDERR_REDIRECT] [Fatal Error] :1:1: Premature end of file.
2026-05-07 11:14:00,883 [ERROR] LogOutputStream:75 - [STDERR_REDIRECT] 
2026-05-07 11:14:01,905 [ERROR] LogOutputStream:75 - [STDERR_REDIRECT] [Fatal Error] :1:1: Premature end of file.
2026-05-07 11:14:01,905 [ERROR] LogOutputStream:75 - [STDERR_REDIRECT] 
2026-05-07 11:14:02,891 [ERROR] LogOutputStream:75 - [STDERR_REDIRECT] [Fatal Error] :1:1: Premature end of file.
2026-05-07 11:14:02,891 [ERROR] LogOutputStream:75 - [STDERR_REDIRECT] 
2026-05-07 11:14:03,892 [ERROR] LogOutputStream:75 - [STDERR_REDIRECT] [Fatal Error] :1:1: Premature end of file.
2026-05-07 11:14:03,893 [ERROR] LogOutputStream:75 - [STDERR_REDIRECT] 
2026-05-07 11:14:04,897 [ERROR] LogOutputStream:75 - [STDERR_REDIRECT] [Fatal Error] :1:1: Premature end of file.
2026-05-07 11:14:04,897 [ERROR] LogOutputStream:75 - [STDERR_REDIRECT] 
2026-05-07 11:14:05,887 [ERROR] LogOutputStream:75 - [STDERR_REDIRECT] [Fatal Error] :1:1: Premature end of file.
2026-05-07 11:14:05,887 [ERROR] LogOutputStream:75 - [STDERR_REDIRECT] 
2026-05-07 11:14:06,910 [ERROR] LogOutputStream:75 - [STDERR_REDIRECT] [Fatal Error] :1:1: Premature end of file.
2026-05-07 11:14:06,910 [ERROR] LogOutputStream:75 - [STDERR_REDIRECT] 
2026-05-07 11:14:07,895 [ERROR] LogOutputStream:75 - [STDERR_REDIRECT] [Fatal Error] :1:1: Premature end of file.
2026-05-07 11:14:07,895 [ERROR] LogOutputStream:75 - [STDERR_REDIRECT] 
2026-05-07 11:14:08,927 [ERROR] LogOutputStream:75 - [STDERR_REDIRECT] [Fatal Error] :1:1: Premature end of file.
2026-05-07 11:14:08,927 [ERROR] LogOutputStream:75 - [STDERR_REDIRECT] 
2026-05-07 11:14:09,904 [ERROR] LogOutputStream:75 - [STDERR_REDIRECT] [Fatal Error] :1:1: Premature end of file.
2026-05-07 11:14:09,904 [ERROR] LogOutputStream:75 - [STDERR_REDIRECT] 
2026-05-07 11:14:10,912 [ERROR] LogOutputStream:75 - [STDERR_REDIRECT] [Fatal Error] :1:1: Premature end of file.
2026-05-07 11:14:10,912 [ERROR] LogOutputStream:75 - [STDERR_REDIRECT] 
2026-05-07 11:14:11,913 [ERROR] LogOutputStream:75 - [STDERR_REDIRECT] [Fatal Error] :1:1: Premature end of file.
2026-05-07 11:14:11,913 [ERROR] LogOutputStream:75 - [STDERR_REDIRECT] 
2026-05-07 11:14:12,911 [ERROR] LogOutputStream:75 - [STDERR_REDIRECT] [Fatal Error] :1:1: Premature end of file.
2026-05-07 11:14:12,911 [ERROR] LogOutputStream:75 - [STDERR_REDIRECT] 
2026-05-07 11:14:13,895 [ERROR] LogOutputStream:75 - [STDERR_REDIRECT] [Fatal Error] :1:1: Premature end of file.
2026-05-07 11:14:13,895 [ERROR] LogOutputStream:75 - [STDERR_REDIRECT] 
2026-05-07 11:14:14,898 [ERROR] LogOutputStream:75 - [STDERR_REDIRECT] [Fatal Error] :1:1: Premature end of file.
2026-05-07 11:14:14,898 [ERROR] LogOutputStream:75 - [STDERR_REDIRECT] 
2026-05-07 11:14:15,912 [ERROR] LogOutputStream:75 - [STDERR_REDIRECT] [Fatal Error] :1:1: Premature end of file.
2026-05-07 11:14:15,912 [ERROR] LogOutputStream:75 - [STDERR_REDIRECT] 
2026-05-07 11:14:16,895 [ERROR] LogOutputStream:75 - [STDERR_REDIRECT] [Fatal Error] :1:1: Premature end of file.
2026-05-07 11:14:16,895 [ERROR] LogOutputStream:75 - [STDERR_REDIRECT] 
2026-05-07 11:14:17,909 [ERROR] LogOutputStream:75 - [STDERR_REDIRECT] [Fatal Error] :1:1: Premature end of file.
2026-05-07 11:14:17,909 [ERROR] LogOutputStream:75 - [STDERR_REDIRECT] 
2026-05-07 11:14:18,896 [ERROR] LogOutputStream:75 - [STDERR_REDIRECT] [Fatal Error] :1:1: Premature end of file.
2026-05-07 11:14:18,896 [ERROR] LogOutputStream:75 - [STDERR_REDIRECT] 
2026-05-07 11:14:19,925 [ERROR] LogOutputStream:75 - [STDERR_REDIRECT] [Fatal Error] :1:1: Premature end of file.
2026-05-07 11:14:19,925 [ERROR] LogOutputStream:75 - [STDERR_REDIRECT] 
2026-05-07 11:14:20,905 [ERROR] LogOutputStream:75 - [STDERR_REDIRECT] [Fatal Error] :1:1: Premature end of file.
2026-05-07 11:14:20,905 [ERROR] LogOutputStream:75 - [STDERR_REDIRECT] 
2026-05-07 11:14:21,898 [ERROR] LogOutputStream:75 - [STDERR_REDIRECT] [Fatal Error] :1:1: Premature end of file.
2026-05-07 11:14:21,898 [ERROR] LogOutputStream:75 - [STDERR_REDIRECT] 
2026-05-07 11:14:22,895 [ERROR] LogOutputStream:75 - [STDERR_REDIRECT] [Fatal Error] :1:1: Premature end of file.
2026-05-07 11:14:22,895 [ERROR] LogOutputStream:75 - [STDERR_REDIRECT] 
2026-05-07 11:14:23,895 [ERROR] LogOutputStream:75 - [STDERR_REDIRECT] [Fatal Error] :1:1: Premature end of file.
2026-05-07 11:14:23,895 [ERROR] LogOutputStream:75 - [STDERR_REDIRECT] 
2026-05-07 11:14:24,897 [ERROR] LogOutputStream:75 - [STDERR_REDIRECT] [Fatal Error] :1:1: Premature end of file.
2026-05-07 11:14:24,897 [ERROR] LogOutputStream:75 - [STDERR_REDIRECT] 
2026-05-07 11:14:25,894 [ERROR] LogOutputStream:75 - [STDERR_REDIRECT] [Fatal Error] :1:1: Premature end of file.
2026-05-07 11:14:25,894 [ERROR] LogOutputStream:75 - [STDERR_REDIRECT] 
2026-05-07 11:14:26,909 [ERROR] LogOutputStream:75 - [STDERR_REDIRECT] [Fatal Error] :1:1: Premature end of file.
2026-05-07 11:14:26,909 [ERROR] LogOutputStream:75 - [STDERR_REDIRECT] 
2026-05-07 11:14:27,898 [ERROR] LogOutputStream:75 - [STDERR_REDIRECT] [Fatal Error] :1:1: Premature end of file.
2026-05-07 11:14:27,898 [ERROR] LogOutputStream:75 - [STDERR_REDIRECT] 
2026-05-07 11:14:28,895 [ERROR] LogOutputStream:75 - [STDERR_REDIRECT] [Fatal Error] :1:1: Premature end of file.
2026-05-07 11:14:28,895 [ERROR] LogOutputStream:75 - [STDERR_REDIRECT] 
2026-05-07 11:14:29,913 [ERROR] LogOutputStream:75 - [STDERR_REDIRECT] [Fatal Error] :1:1: Premature end of file.
2026-05-07 11:14:29,913 [ERROR] LogOutputStream:75 - [STDERR_REDIRECT] 
2026-05-07 11:14:30,901 [ERROR] LogOutputStream:75 - [STDERR_REDIRECT] [Fatal Error] :1:1: Premature end of file.
2026-05-07 11:14:30,901 [ERROR] LogOutputStream:75 - [STDERR_REDIRECT] 
2026-05-07 11:14:31,898 [ERROR] LogOutputStream:75 - [STDERR_REDIRECT] [Fatal Error] :1:1: Premature end of file.
2026-05-07 11:14:31,898 [ERROR] LogOutputStream:75 - [STDERR_REDIRECT] 
2026-05-07 11:14:32,911 [ERROR] LogOutputStream:75 - [STDERR_REDIRECT] [Fatal Error] :1:1: Premature end of file.
2026-05-07 11:14:32,913 [ERROR] LogOutputStream:75 - [STDERR_REDIRECT] 
2026-05-07 11:14:33,910 [ERROR] LogOutputStream:75 - [STDERR_REDIRECT] [Fatal Error] :1:1: Premature end of file.
2026-05-07 11:14:33,916 [ERROR] LogOutputStream:75 - [STDERR_REDIRECT] 
2026-05-07 11:14:34,905 [ERROR] LogOutputStream:75 - [STDERR_REDIRECT] [Fatal Error] :1:1: Premature end of file.
2026-05-07 11:14:34,905 [ERROR] LogOutputStream:75 - [STDERR_REDIRECT] 
2026-05-07 11:14:35,928 [ERROR] LogOutputStream:75 - [STDERR_REDIRECT] [Fatal Error] :1:1: Premature end of file.
2026-05-07 11:14:35,928 [ERROR] LogOutputStream:75 - [STDERR_REDIRECT] 
2026-05-07 11:14:36,921 [ERROR] LogOutputStream:75 - [STDERR_REDIRECT] [Fatal Error] :1:1: Premature end of file.
2026-05-07 11:14:36,929 [ERROR] LogOutputStream:75 - [STDERR_REDIRECT] 
2026-05-07 11:14:37,902 [ERROR] LogOutputStream:75 - [STDERR_REDIRECT] [Fatal Error] :1:1: Premature end of file.
2026-05-07 11:14:37,902 [ERROR] LogOutputStream:75 - [STDERR_REDIRECT] 
2026-05-07 11:14:38,908 [ERROR] LogOutputStream:75 - [STDERR_REDIRECT] [Fatal Error] :1:1: Premature end of file.
2026-05-07 11:14:38,908 [ERROR] LogOutputStream:75 - [STDERR_REDIRECT] 
2026-05-07 11:14:39,911 [ERROR] LogOutputStream:75 - [STDERR_REDIRECT] [Fatal Error] :1:1: Premature end of file.
2026-05-07 11:14:39,911 [ERROR] LogOutputStream:75 - [STDERR_REDIRECT] 
2026-05-07 11:14:40,911 [ERROR] LogOutputStream:75 - [STDERR_REDIRECT] [Fatal Error] :1:1: Premature end of file.
2026-05-07 11:14:40,911 [ERROR] LogOutputStream:75 - [STDERR_REDIRECT] 
2026-05-07 11:14:41,904 [ERROR] LogOutputStream:75 - [STDERR_REDIRECT] [Fatal Error] :1:1: Premature end of file.
2026-05-07 11:14:41,904 [ERROR] LogOutputStream:75 - [STDERR_REDIRECT] 
2026-05-07 11:14:42,912 [ERROR] LogOutputStream:75 - [STDERR_REDIRECT] [Fatal Error] :1:1: Premature end of file.
2026-05-07 11:14:42,912 [ERROR] LogOutputStream:75 - [STDERR_REDIRECT] 
2026-05-07 11:14:43,916 [ERROR] LogOutputStream:75 - [STDERR_REDIRECT] [Fatal Error] :1:1: Premature end of file.
2026-05-07 11:14:43,916 [ERROR] LogOutputStream:75 - [STDERR_REDIRECT] 
2026-05-07 11:14:44,891 [ERROR] LogOutputStream:75 - [STDERR_REDIRECT] [Fatal Error] :1:1: Premature end of file.
2026-05-07 11:14:44,891 [ERROR] LogOutputStream:75 - [STDERR_REDIRECT] 
2026-05-07 11:14:45,911 [ERROR] LogOutputStream:75 - [STDERR_REDIRECT] [Fatal Error] :1:1: Premature end of file.
2026-05-07 11:14:45,911 [ERROR] LogOutputStream:75 - [STDERR_REDIRECT] 
2026-05-07 11:14:46,929 [ERROR] LogOutputStream:75 - [STDERR_REDIRECT] [Fatal Error] :1:1: Premature end of file.
2026-05-07 11:14:46,929 [ERROR] LogOutputStream:75 - [STDERR_REDIRECT] 
2026-05-07 11:14:47,895 [ERROR] LogOutputStream:75 - [STDERR_REDIRECT] [Fatal Error] :1:1: Premature end of file.
2026-05-07 11:14:47,895 [ERROR] LogOutputStream:75 - [STDERR_REDIRECT] 
2026-05-07 11:14:48,884 [ERROR] LogOutputStream:75 - [STDERR_REDIRECT] [Fatal Error] :1:1: Premature end of file.
2026-05-07 11:14:48,884 [ERROR] LogOutputStream:75 - [STDERR_REDIRECT] 
2026-05-07 11:14:49,910 [ERROR] LogOutputStream:75 - [STDERR_REDIRECT] [Fatal Error] :1:1: Premature end of file.
2026-05-07 11:14:49,910 [ERROR] LogOutputStream:75 - [STDERR_REDIRECT] 
2026-05-07 11:14:50,911 [ERROR] LogOutputStream:75 - [STDERR_REDIRECT] [Fatal Error] :1:1: Premature end of file.
2026-05-07 11:14:50,911 [ERROR] LogOutputStream:75 - [STDERR_REDIRECT] 
2026-05-07 11:14:51,902 [ERROR] LogOutputStream:75 - [STDERR_REDIRECT] [Fatal Error] :1:1: Premature end of file.
2026-05-07 11:14:51,902 [ERROR] LogOutputStream:75 - [STDERR_REDIRECT] 
2026-05-07 11:14:52,910 [ERROR] LogOutputStream:75 - [STDERR_REDIRECT] [Fatal Error] :1:1: Premature end of file.
2026-05-07 11:14:52,910 [ERROR] LogOutputStream:75 - [STDERR_REDIRECT] 
2026-05-07 11:14:53,911 [ERROR] LogOutputStream:75 - [STDERR_REDIRECT] [Fatal Error] :1:1: Premature end of file.
2026-05-07 11:14:53,911 [ERROR] LogOutputStream:75 - [STDERR_REDIRECT] 
2026-05-07 11:14:54,907 [ERROR] LogOutputStream:75 - [STDERR_REDIRECT] [Fatal Error] :1:1: Premature end of file.
2026-05-07 11:14:54,908 [ERROR] LogOutputStream:75 - [STDERR_REDIRECT] 
2026-05-07 11:14:55,928 [ERROR] LogOutputStream:75 - [STDERR_REDIRECT] [Fatal Error] :1:1: Premature end of file.
2026-05-07 11:14:55,928 [ERROR] LogOutputStream:75 - [STDERR_REDIRECT] 
2026-05-07 11:14:56,875 [ERROR] LogOutputStream:75 - [STDERR_REDIRECT] [Fatal Error] :1:1: Premature end of file.
2026-05-07 11:14:56,875 [ERROR] LogOutputStream:75 - [STDERR_REDIRECT] 
2026-05-07 11:14:57,905 [ERROR] LogOutputStream:75 - [STDERR_REDIRECT] [Fatal Error] :1:1: Premature end of file.
2026-05-07 11:14:57,906 [ERROR] LogOutputStream:75 - [STDERR_REDIRECT] 
2026-05-07 11:14:58,900 [ERROR] LogOutputStream:75 - [STDERR_REDIRECT] [Fatal Error] :1:1: Premature end of file.
2026-05-07 11:14:58,900 [ERROR] LogOutputStream:75 - [STDERR_REDIRECT] 
2026-05-07 11:14:59,907 [ERROR] LogOutputStream:75 - [STDERR_REDIRECT] [Fatal Error] :1:1: Premature end of file.
2026-05-07 11:14:59,907 [ERROR] LogOutputStream:75 - [STDERR_REDIRECT] 
2026-05-07 11:15:00,916 [ERROR] LogOutputStream:75 - [STDERR_REDIRECT] [Fatal Error] :1:1: Premature end of file.
2026-05-07 11:15:00,916 [ERROR] LogOutputStream:75 - [STDERR_REDIRECT] 
2026-05-07 11:15:01,887 [ERROR] LogOutputStream:75 - [STDERR_REDIRECT] [Fatal Error] :1:1: Premature end of file.
2026-05-07 11:15:01,887 [ERROR] LogOutputStream:75 - [STDERR_REDIRECT] 
2026-05-07 11:15:02,887 [ERROR] LogOutputStream:75 - [STDERR_REDIRECT] [Fatal Error] :1:1: Premature end of file.
2026-05-07 11:15:02,887 [ERROR] LogOutputStream:75 - [STDERR_REDIRECT] 
2026-05-07 11:15:03,896 [ERROR] LogOutputStream:75 - [STDERR_REDIRECT] [Fatal Error] :1:1: Premature end of file.
2026-05-07 11:15:03,912 [ERROR] LogOutputStream:75 - [STDERR_REDIRECT] 
2026-05-07 11:15:04,903 [ERROR] LogOutputStream:75 - [STDERR_REDIRECT] [Fatal Error] :1:1: Premature end of file.
2026-05-07 11:15:04,903 [ERROR] LogOutputStream:75 - [STDERR_REDIRECT] 
2026-05-07 11:15:05,892 [ERROR] LogOutputStream:75 - [STDERR_REDIRECT] [Fatal Error] :1:1: Premature end of file.
2026-05-07 11:15:05,892 [ERROR] LogOutputStream:75 - [STDERR_REDIRECT] 
2026-05-07 11:15:06,918 [ERROR] LogOutputStream:75 - [STDERR_REDIRECT] [Fatal Error] :1:1: Premature end of file.
2026-05-07 11:15:06,918 [ERROR] LogOutputStream:75 - [STDERR_REDIRECT] 
2026-05-07 11:15:07,905 [ERROR] LogOutputStream:75 - [STDERR_REDIRECT] [Fatal Error] :1:1: Premature end of file.
2026-05-07 11:15:07,905 [ERROR] LogOutputStream:75 - [STDERR_REDIRECT] 
2026-05-07 11:15:08,920 [ERROR] LogOutputStream:75 - [STDERR_REDIRECT] [Fatal Error] :1:1: Premature end of file.
2026-05-07 11:15:08,920 [ERROR] LogOutputStream:75 - [STDERR_REDIRECT] 
2026-05-07 11:15:09,886 [ERROR] LogOutputStream:75 - [STDERR_REDIRECT] [Fatal Error] :1:1: Premature end of file.
2026-05-07 11:15:09,886 [ERROR] LogOutputStream:75 - [STDERR_REDIRECT] 
2026-05-07 11:15:10,888 [ERROR] LogOutputStream:75 - [STDERR_REDIRECT] [Fatal Error] :1:1: Premature end of file.
2026-05-07 11:15:10,888 [ERROR] LogOutputStream:75 - [STDERR_REDIRECT] 
2026-05-07 11:15:11,897 [ERROR] LogOutputStream:75 - [STDERR_REDIRECT] [Fatal Error] :1:1: Premature end of file.
2026-05-07 11:15:11,897 [ERROR] LogOutputStream:75 - [STDERR_REDIRECT] 
2026-05-07 11:15:12,898 [ERROR] LogOutputStream:75 - [STDERR_REDIRECT] [Fatal Error] :1:1: Premature end of file.
2026-05-07 11:15:12,898 [ERROR] LogOutputStream:75 - [STDERR_REDIRECT] 
2026-05-07 11:15:13,893 [ERROR] LogOutputStream:75 - [STDERR_REDIRECT] [Fatal Error] :1:1: Premature end of file.
2026-05-07 11:15:13,893 [ERROR] LogOutputStream:75 - [STDERR_REDIRECT] 
2026-05-07 11:15:14,886 [ERROR] LogOutputStream:75 - [STDERR_REDIRECT] [Fatal Error] :1:1: Premature end of file.
2026-05-07 11:15:14,886 [ERROR] LogOutputStream:75 - [STDERR_REDIRECT] 
2026-05-07 11:15:15,881 [ERROR] LogOutputStream:75 - [STDERR_REDIRECT] [Fatal Error] :1:1: Premature end of file.
2026-05-07 11:15:15,881 [ERROR] LogOutputStream:75 - [STDERR_REDIRECT] 
2026-05-07 11:15:16,897 [ERROR] LogOutputStream:75 - [STDERR_REDIRECT] [Fatal Error] :1:1: Premature end of file.
2026-05-07 11:15:16,897 [ERROR] LogOutputStream:75 - [STDERR_REDIRECT] 
2026-05-07 11:15:17,889 [ERROR] LogOutputStream:75 - [STDERR_REDIRECT] [Fatal Error] :1:1: Premature end of file.
2026-05-07 11:15:17,889 [ERROR] LogOutputStream:75 - [STDERR_REDIRECT] 
2026-05-07 11:15:18,903 [ERROR] LogOutputStream:75 - [STDERR_REDIRECT] [Fatal Error] :1:1: Premature end of file.
2026-05-07 11:15:18,904 [ERROR] LogOutputStream:75 - [STDERR_REDIRECT] 
2026-05-07 11:15:19,895 [ERROR] LogOutputStream:75 - [STDERR_REDIRECT] [Fatal Error] :1:1: Premature end of file.
2026-05-07 11:15:19,895 [ERROR] LogOutputStream:75 - [STDERR_REDIRECT] 
2026-05-07 11:15:20,888 [ERROR] LogOutputStream:75 - [STDERR_REDIRECT] [Fatal Error] :1:1: Premature end of file.
2026-05-07 11:15:20,888 [ERROR] LogOutputStream:75 - [STDERR_REDIRECT] 
2026-05-07 11:15:21,905 [ERROR] LogOutputStream:75 - [STDERR_REDIRECT] [Fatal Error] :1:1: Premature end of file.
2026-05-07 11:15:21,905 [ERROR] LogOutputStream:75 - [STDERR_REDIRECT] 
2026-05-07 11:15:22,927 [ERROR] LogOutputStream:75 - [STDERR_REDIRECT] [Fatal Error] :1:1: Premature end of file.
2026-05-07 11:15:22,927 [ERROR] LogOutputStream:75 - [STDERR_REDIRECT] 
2026-05-07 11:15:23,914 [ERROR] LogOutputStream:75 - [STDERR_REDIRECT] [Fatal Error] :1:1: Premature end of file.
2026-05-07 11:15:23,914 [ERROR] LogOutputStream:75 - [STDERR_REDIRECT] 
2026-05-07 11:15:24,903 [ERROR] LogOutputStream:75 - [STDERR_REDIRECT] [Fatal Error] :1:1: Premature end of file.
2026-05-07 11:15:24,904 [ERROR] LogOutputStream:75 - [STDERR_REDIRECT] 
2026-05-07 11:15:25,889 [ERROR] LogOutputStream:75 - [STDERR_REDIRECT] [Fatal Error] :1:1: Premature end of file.
2026-05-07 11:15:25,889 [ERROR] LogOutputStream:75 - [STDERR_REDIRECT] 
2026-05-07 11:15:26,893 [ERROR] LogOutputStream:75 - [STDERR_REDIRECT] [Fatal Error] :1:1: Premature end of file.
2026-05-07 11:15:26,893 [ERROR] LogOutputStream:75 - [STDERR_REDIRECT] 
2026-05-07 11:15:27,911 [ERROR] LogOutputStream:75 - [STDERR_REDIRECT] [Fatal Error] :1:1: Premature end of file.
2026-05-07 11:15:27,916 [ERROR] LogOutputStream:75 - [STDERR_REDIRECT] 
2026-05-07 11:15:28,897 [ERROR] LogOutputStream:75 - [STDERR_REDIRECT] [Fatal Error] :1:1: Premature end of file.
2026-05-07 11:15:28,897 [ERROR] LogOutputStream:75 - [STDERR_REDIRECT] 
2026-05-07 11:15:29,892 [ERROR] LogOutputStream:75 - [STDERR_REDIRECT] [Fatal Error] :1:1: Premature end of file.
2026-05-07 11:15:29,892 [ERROR] LogOutputStream:75 - [STDERR_REDIRECT] 
2026-05-07 11:15:30,910 [ERROR] LogOutputStream:75 - [STDERR_REDIRECT] [Fatal Error] :1:1: Premature end of file.
2026-05-07 11:15:30,910 [ERROR] LogOutputStream:75 - [STDERR_REDIRECT] 
2026-05-07 11:15:31,908 [ERROR] LogOutputStream:75 - [STDERR_REDIRECT] [Fatal Error] :1:1: Premature end of file.
2026-05-07 11:15:31,908 [ERROR] LogOutputStream:75 - [STDERR_REDIRECT] 
2026-05-07 11:15:32,902 [ERROR] LogOutputStream:75 - [STDERR_REDIRECT] [Fatal Error] :1:1: Premature end of file.
2026-05-07 11:15:32,902 [ERROR] LogOutputStream:75 - [STDERR_REDIRECT] 
2026-05-07 11:15:33,904 [ERROR] LogOutputStream:75 - [STDERR_REDIRECT] [Fatal Error] :1:1: Premature end of file.
2026-05-07 11:15:33,905 [ERROR] LogOutputStream:75 - [STDERR_REDIRECT] 
2026-05-07 11:15:34,905 [ERROR] LogOutputStream:75 - [STDERR_REDIRECT] [Fatal Error] :1:1: Premature end of file.
2026-05-07 11:15:34,905 [ERROR] LogOutputStream:75 - [STDERR_REDIRECT] 
2026-05-07 11:15:35,898 [ERROR] LogOutputStream:75 - [STDERR_REDIRECT] [Fatal Error] :1:1: Premature end of file.
2026-05-07 11:15:35,898 [ERROR] LogOutputStream:75 - [STDERR_REDIRECT] 
2026-05-07 11:15:36,888 [ERROR] LogOutputStream:75 - [STDERR_REDIRECT] [Fatal Error] :1:1: Premature end of file.
2026-05-07 11:15:36,889 [ERROR] LogOutputStream:75 - [STDERR_REDIRECT] 
2026-05-07 11:15:37,908 [ERROR] LogOutputStream:75 - [STDERR_REDIRECT] [Fatal Error] :1:1: Premature end of file.
2026-05-07 11:15:37,908 [ERROR] LogOutputStream:75 - [STDERR_REDIRECT] 
2026-05-07 11:15:38,896 [ERROR] LogOutputStream:75 - [STDERR_REDIRECT] [Fatal Error] :1:1: Premature end of file.
2026-05-07 11:15:38,896 [ERROR] LogOutputStream:75 - [STDERR_REDIRECT] 
2026-05-07 11:15:39,899 [ERROR] LogOutputStream:75 - [STDERR_REDIRECT] [Fatal Error] :1:1: Premature end of file.
2026-05-07 11:15:39,900 [ERROR] LogOutputStream:75 - [STDERR_REDIRECT] 
2026-05-07 11:15:40,912 [ERROR] LogOutputStream:75 - [STDERR_REDIRECT] [Fatal Error] :1:1: Premature end of file.
2026-05-07 11:15:40,912 [ERROR] LogOutputStream:75 - [STDERR_REDIRECT] 
2026-05-07 11:15:41,911 [ERROR] LogOutputStream:75 - [STDERR_REDIRECT] [Fatal Error] :1:1: Premature end of file.
2026-05-07 11:15:41,911 [ERROR] LogOutputStream:75 - [STDERR_REDIRECT] 
2026-05-07 11:15:42,907 [ERROR] LogOutputStream:75 - [STDERR_REDIRECT] [Fatal Error] :1:1: Premature end of file.
2026-05-07 11:15:42,907 [ERROR] LogOutputStream:75 - [STDERR_REDIRECT] 
2026-05-07 11:15:43,896 [ERROR] LogOutputStream:75 - [STDERR_REDIRECT] [Fatal Error] :1:1: Premature end of file.
2026-05-07 11:15:43,897 [ERROR] LogOutputStream:75 - [STDERR_REDIRECT] 
2026-05-07 11:15:44,896 [ERROR] LogOutputStream:75 - [STDERR_REDIRECT] [Fatal Error] :1:1: Premature end of file.
2026-05-07 11:15:44,904 [ERROR] LogOutputStream:75 - [STDERR_REDIRECT] 
2026-05-07 11:15:45,911 [ERROR] LogOutputStream:75 - [STDERR_REDIRECT] [Fatal Error] :1:1: Premature end of file.
2026-05-07 11:15:45,911 [ERROR] LogOutputStream:75 - [STDERR_REDIRECT] 
2026-05-07 11:15:46,891 [ERROR] LogOutputStream:75 - [STDERR_REDIRECT] [Fatal Error] :1:1: Premature end of file.
2026-05-07 11:15:46,891 [ERROR] LogOutputStream:75 - [STDERR_REDIRECT] 
2026-05-07 11:15:47,896 [ERROR] LogOutputStream:75 - [STDERR_REDIRECT] [Fatal Error] :1:1: Premature end of file.
2026-05-07 11:15:47,896 [ERROR] LogOutputStream:75 - [STDERR_REDIRECT] 
2026-05-07 11:15:48,910 [ERROR] LogOutputStream:75 - [STDERR_REDIRECT] [Fatal Error] :1:1: Premature end of file.
2026-05-07 11:15:48,910 [ERROR] LogOutputStream:75 - [STDERR_REDIRECT] 
2026-05-07 11:15:49,896 [ERROR] LogOutputStream:75 - [STDERR_REDIRECT] [Fatal Error] :1:1: Premature end of file.
2026-05-07 11:15:49,896 [ERROR] LogOutputStream:75 - [STDERR_REDIRECT] 
2026-05-07 11:15:50,888 [ERROR] LogOutputStream:75 - [STDERR_REDIRECT] [Fatal Error] :1:1: Premature end of file.
2026-05-07 11:15:50,888 [ERROR] LogOutputStream:75 - [STDERR_REDIRECT] 
2026-05-07 11:15:51,894 [ERROR] LogOutputStream:75 - [STDERR_REDIRECT] [Fatal Error] :1:1: Premature end of file.
2026-05-07 11:15:51,894 [ERROR] LogOutputStream:75 - [STDERR_REDIRECT] 
2026-05-07 11:15:52,902 [ERROR] LogOutputStream:75 - [STDERR_REDIRECT] [Fatal Error] :1:1: Premature end of file.
2026-05-07 11:15:52,902 [ERROR] LogOutputStream:75 - [STDERR_REDIRECT] 
2026-05-07 11:15:53,903 [ERROR] LogOutputStream:75 - [STDERR_REDIRECT] [Fatal Error] :1:1: Premature end of file.
2026-05-07 11:15:53,909 [ERROR] LogOutputStream:75 - [STDERR_REDIRECT] 
2026-05-07 11:15:54,895 [ERROR] LogOutputStream:75 - [STDERR_REDIRECT] [Fatal Error] :1:1: Premature end of file.
2026-05-07 11:15:54,895 [ERROR] LogOutputStream:75 - [STDERR_REDIRECT] 
2026-05-07 11:15:55,891 [ERROR] LogOutputStream:75 - [STDERR_REDIRECT] [Fatal Error] :1:1: Premature end of file.
2026-05-07 11:15:55,891 [ERROR] LogOutputStream:75 - [STDERR_REDIRECT] 
2026-05-07 11:15:56,889 [ERROR] LogOutputStream:75 - [STDERR_REDIRECT] [Fatal Error] :1:1: Premature end of file.
2026-05-07 11:15:56,889 [ERROR] LogOutputStream:75 - [STDERR_REDIRECT] 
2026-05-07 11:15:57,888 [ERROR] LogOutputStream:75 - [STDERR_REDIRECT] [Fatal Error] :1:1: Premature end of file.
2026-05-07 11:15:57,888 [ERROR] LogOutputStream:75 - [STDERR_REDIRECT] 
2026-05-07 11:15:58,902 [ERROR] LogOutputStream:75 - [STDERR_REDIRECT] [Fatal Error] :1:1: Premature end of file.
2026-05-07 11:15:58,902 [ERROR] LogOutputStream:75 - [STDERR_REDIRECT] 
2026-05-07 11:15:59,895 [ERROR] LogOutputStream:75 - [STDERR_REDIRECT] [Fatal Error] :1:1: Premature end of file.
2026-05-07 11:15:59,901 [ERROR] LogOutputStream:75 - [STDERR_REDIRECT] 
2026-05-07 11:16:00,895 [ERROR] LogOutputStream:75 - [STDERR_REDIRECT] [Fatal Error] :1:1: Premature end of file.
2026-05-07 11:16:00,895 [ERROR] LogOutputStream:75 - [STDERR_REDIRECT] 
2026-05-07 11:16:01,894 [ERROR] LogOutputStream:75 - [STDERR_REDIRECT] [Fatal Error] :1:1: Premature end of file.
2026-05-07 11:16:01,894 [ERROR] LogOutputStream:75 - [STDERR_REDIRECT] 
2026-05-07 11:16:02,895 [ERROR] LogOutputStream:75 - [STDERR_REDIRECT] [Fatal Error] :1:1: Premature end of file.
2026-05-07 11:16:02,895 [ERROR] LogOutputStream:75 - [STDERR_REDIRECT] 
2026-05-07 11:16:03,904 [ERROR] LogOutputStream:75 - [STDERR_REDIRECT] [Fatal Error] :1:1: Premature end of file.
2026-05-07 11:16:03,904 [ERROR] LogOutputStream:75 - [STDERR_REDIRECT] 
2026-05-07 11:16:04,901 [ERROR] LogOutputStream:75 - [STDERR_REDIRECT] [Fatal Error] :1:1: Premature end of file.
2026-05-07 11:16:04,901 [ERROR] LogOutputStream:75 - [STDERR_REDIRECT] 
2026-05-07 11:16:05,901 [ERROR] LogOutputStream:75 - [STDERR_REDIRECT] [Fatal Error] :1:1: Premature end of file.
2026-05-07 11:16:05,901 [ERROR] LogOutputStream:75 - [STDERR_REDIRECT] 
2026-05-07 11:16:06,910 [ERROR] LogOutputStream:75 - [STDERR_REDIRECT] [Fatal Error] :1:1: Premature end of file.
2026-05-07 11:16:06,911 [ERROR] LogOutputStream:75 - [STDERR_REDIRECT] 
2026-05-07 11:16:07,919 [ERROR] LogOutputStream:75 - [STDERR_REDIRECT] [Fatal Error] :1:1: Premature end of file.
2026-05-07 11:16:07,919 [ERROR] LogOutputStream:75 - [STDERR_REDIRECT] 
2026-05-07 11:16:08,893 [ERROR] LogOutputStream:75 - [STDERR_REDIRECT] [Fatal Error] :1:1: Premature end of file.
2026-05-07 11:16:08,909 [ERROR] LogOutputStream:75 - [STDERR_REDIRECT] 
2026-05-07 11:16:09,906 [ERROR] LogOutputStream:75 - [STDERR_REDIRECT] [Fatal Error] :1:1: Premature end of file.
2026-05-07 11:16:09,906 [ERROR] LogOutputStream:75 - [STDERR_REDIRECT] 
2026-05-07 11:16:10,895 [ERROR] LogOutputStream:75 - [STDERR_REDIRECT] [Fatal Error] :1:1: Premature end of file.
2026-05-07 11:16:10,895 [ERROR] LogOutputStream:75 - [STDERR_REDIRECT] 
2026-05-07 11:16:11,907 [ERROR] LogOutputStream:75 - [STDERR_REDIRECT] [Fatal Error] :1:1: Premature end of file.
2026-05-07 11:16:11,907 [ERROR] LogOutputStream:75 - [STDERR_REDIRECT] 
2026-05-07 11:16:12,914 [ERROR] LogOutputStream:75 - [STDERR_REDIRECT] [Fatal Error] :1:1: Premature end of file.
2026-05-07 11:16:12,915 [ERROR] LogOutputStream:75 - [STDERR_REDIRECT] 
2026-05-07 11:16:13,895 [ERROR] LogOutputStream:75 - [STDERR_REDIRECT] [Fatal Error] :1:1: Premature end of file.
2026-05-07 11:16:13,895 [ERROR] LogOutputStream:75 - [STDERR_REDIRECT] 
2026-05-07 11:16:14,884 [ERROR] LogOutputStream:75 - [STDERR_REDIRECT] [Fatal Error] :1:1: Premature end of file.
2026-05-07 11:16:14,884 [ERROR] LogOutputStream:75 - [STDERR_REDIRECT] 
2026-05-07 11:16:15,906 [ERROR] LogOutputStream:75 - [STDERR_REDIRECT] [Fatal Error] :1:1: Premature end of file.
2026-05-07 11:16:15,906 [ERROR] LogOutputStream:75 - [STDERR_REDIRECT] 
2026-05-07 11:16:16,897 [ERROR] LogOutputStream:75 - [STDERR_REDIRECT] [Fatal Error] :1:1: Premature end of file.
2026-05-07 11:16:16,897 [ERROR] LogOutputStream:75 - [STDERR_REDIRECT] 
2026-05-07 11:16:17,885 [ERROR] LogOutputStream:75 - [STDERR_REDIRECT] [Fatal Error] :1:1: Premature end of file.
2026-05-07 11:16:17,885 [ERROR] LogOutputStream:75 - [STDERR_REDIRECT] 
2026-05-07 11:16:18,881 [ERROR] LogOutputStream:75 - [STDERR_REDIRECT] [Fatal Error] :1:1: Premature end of file.
2026-05-07 11:16:18,881 [ERROR] LogOutputStream:75 - [STDERR_REDIRECT] 
2026-05-07 11:16:19,899 [ERROR] LogOutputStream:75 - [STDERR_REDIRECT] [Fatal Error] :1:1: Premature end of file.
2026-05-07 11:16:19,899 [ERROR] LogOutputStream:75 - [STDERR_REDIRECT] 
2026-05-07 11:16:20,896 [ERROR] LogOutputStream:75 - [STDERR_REDIRECT] [Fatal Error] :1:1: Premature end of file.
2026-05-07 11:16:20,896 [ERROR] LogOutputStream:75 - [STDERR_REDIRECT] 
2026-05-07 11:16:21,893 [ERROR] LogOutputStream:75 - [STDERR_REDIRECT] [Fatal Error] :1:1: Premature end of file.
2026-05-07 11:16:21,893 [ERROR] LogOutputStream:75 - [STDERR_REDIRECT] 
2026-05-07 11:16:22,909 [ERROR] LogOutputStream:75 - [STDERR_REDIRECT] [Fatal Error] :1:1: Premature end of file.
2026-05-07 11:16:22,910 [ERROR] LogOutputStream:75 - [STDERR_REDIRECT] 
2026-05-07 11:16:23,906 [ERROR] LogOutputStream:75 - [STDERR_REDIRECT] [Fatal Error] :1:1: Premature end of file.
2026-05-07 11:16:23,906 [ERROR] LogOutputStream:75 - [STDERR_REDIRECT] 
2026-05-07 11:16:24,893 [ERROR] LogOutputStream:75 - [STDERR_REDIRECT] [Fatal Error] :1:1: Premature end of file.
2026-05-07 11:16:24,893 [ERROR] LogOutputStream:75 - [STDERR_REDIRECT] 
2026-05-07 11:16:25,898 [ERROR] LogOutputStream:75 - [STDERR_REDIRECT] [Fatal Error] :1:1: Premature end of file.
2026-05-07 11:16:25,898 [ERROR] LogOutputStream:75 - [STDERR_REDIRECT] 
2026-05-07 11:16:26,925 [ERROR] LogOutputStream:75 - [STDERR_REDIRECT] [Fatal Error] :1:1: Premature end of file.
2026-05-07 11:16:26,925 [ERROR] LogOutputStream:75 - [STDERR_REDIRECT] 
2026-05-07 11:16:27,894 [ERROR] LogOutputStream:75 - [STDERR_REDIRECT] [Fatal Error] :1:1: Premature end of file.
2026-05-07 11:16:27,894 [ERROR] LogOutputStream:75 - [STDERR_REDIRECT] 
2026-05-07 11:16:28,911 [ERROR] LogOutputStream:75 - [STDERR_REDIRECT] [Fatal Error] :1:1: Premature end of file.
2026-05-07 11:16:28,911 [ERROR] LogOutputStream:75 - [STDERR_REDIRECT] 
2026-05-07 11:16:29,895 [ERROR] LogOutputStream:75 - [STDERR_REDIRECT] [Fatal Error] :1:1: Premature end of file.
2026-05-07 11:16:29,895 [ERROR] LogOutputStream:75 - [STDERR_REDIRECT] 
2026-05-07 11:16:30,904 [ERROR] LogOutputStream:75 - [STDERR_REDIRECT] [Fatal Error] :1:1: Premature end of file.
2026-05-07 11:16:30,904 [ERROR] LogOutputStream:75 - [STDERR_REDIRECT] 
2026-05-07 11:16:31,906 [ERROR] LogOutputStream:75 - [STDERR_REDIRECT] [Fatal Error] :1:1: Premature end of file.
2026-05-07 11:16:31,906 [ERROR] LogOutputStream:75 - [STDERR_REDIRECT] 
2026-05-07 11:16:32,900 [ERROR] LogOutputStream:75 - [STDERR_REDIRECT] [Fatal Error] :1:1: Premature end of file.
2026-05-07 11:16:32,901 [ERROR] LogOutputStream:75 - [STDERR_REDIRECT] 
2026-05-07 11:16:33,895 [ERROR] LogOutputStream:75 - [STDERR_REDIRECT] [Fatal Error] :1:1: Premature end of file.
2026-05-07 11:16:33,895 [ERROR] LogOutputStream:75 - [STDERR_REDIRECT] 
2026-05-07 11:16:34,898 [ERROR] LogOutputStream:75 - [STDERR_REDIRECT] [Fatal Error] :1:1: Premature end of file.
2026-05-07 11:16:34,898 [ERROR] LogOutputStream:75 - [STDERR_REDIRECT] 
2026-05-07 11:16:35,887 [ERROR] LogOutputStream:75 - [STDERR_REDIRECT] [Fatal Error] :1:1: Premature end of file.
2026-05-07 11:16:35,888 [ERROR] LogOutputStream:75 - [STDERR_REDIRECT] 
2026-05-07 11:16:36,896 [ERROR] LogOutputStream:75 - [STDERR_REDIRECT] [Fatal Error] :1:1: Premature end of file.
2026-05-07 11:16:36,896 [ERROR] LogOutputStream:75 - [STDERR_REDIRECT] 
2026-05-07 11:16:37,888 [ERROR] LogOutputStream:75 - [STDERR_REDIRECT] [Fatal Error] :1:1: Premature end of file.
2026-05-07 11:16:37,890 [ERROR] LogOutputStream:75 - [STDERR_REDIRECT] 
2026-05-07 11:16:38,901 [ERROR] LogOutputStream:75 - [STDERR_REDIRECT] [Fatal Error] :1:1: Premature end of file.
2026-05-07 11:16:38,902 [ERROR] LogOutputStream:75 - [STDERR_REDIRECT] 
2026-05-07 11:16:39,907 [ERROR] LogOutputStream:75 - [STDERR_REDIRECT] [Fatal Error] :1:1: Premature end of file.
2026-05-07 11:16:39,908 [ERROR] LogOutputStream:75 - [STDERR_REDIRECT] 
2026-05-07 11:16:40,893 [ERROR] LogOutputStream:75 - [STDERR_REDIRECT] [Fatal Error] :1:1: Premature end of file.
2026-05-07 11:16:40,893 [ERROR] LogOutputStream:75 - [STDERR_REDIRECT] 
2026-05-07 11:16:41,895 [ERROR] LogOutputStream:75 - [STDERR_REDIRECT] [Fatal Error] :1:1: Premature end of file.
2026-05-07 11:16:41,895 [ERROR] LogOutputStream:75 - [STDERR_REDIRECT] 
2026-05-07 11:16:42,889 [ERROR] LogOutputStream:75 - [STDERR_REDIRECT] [Fatal Error] :1:1: Premature end of file.
2026-05-07 11:16:42,889 [ERROR] LogOutputStream:75 - [STDERR_REDIRECT] 
2026-05-07 11:16:43,902 [ERROR] LogOutputStream:75 - [STDERR_REDIRECT] [Fatal Error] :1:1: Premature end of file.
2026-05-07 11:16:43,902 [ERROR] LogOutputStream:75 - [STDERR_REDIRECT] 
2026-05-07 11:16:44,895 [ERROR] LogOutputStream:75 - [STDERR_REDIRECT] [Fatal Error] :1:1: Premature end of file.
2026-05-07 11:16:44,895 [ERROR] LogOutputStream:75 - [STDERR_REDIRECT] 
2026-05-07 11:16:45,895 [ERROR] LogOutputStream:75 - [STDERR_REDIRECT] [Fatal Error] :1:1: Premature end of file.
2026-05-07 11:16:45,895 [ERROR] LogOutputStream:75 - [STDERR_REDIRECT] 
2026-05-07 11:16:46,903 [ERROR] LogOutputStream:75 - [STDERR_REDIRECT] [Fatal Error] :1:1: Premature end of file.
2026-05-07 11:16:46,903 [ERROR] LogOutputStream:75 - [STDERR_REDIRECT] 
2026-05-07 11:16:47,897 [ERROR] LogOutputStream:75 - [STDERR_REDIRECT] [Fatal Error] :1:1: Premature end of file.
2026-05-07 11:16:47,897 [ERROR] LogOutputStream:75 - [STDERR_REDIRECT] 
2026-05-07 11:16:48,897 [ERROR] LogOutputStream:75 - [STDERR_REDIRECT] [Fatal Error] :1:1: Premature end of file.
2026-05-07 11:16:48,897 [ERROR] LogOutputStream:75 - [STDERR_REDIRECT] 
2026-05-07 11:16:49,908 [ERROR] LogOutputStream:75 - [STDERR_REDIRECT] [Fatal Error] :1:1: Premature end of file.
2026-05-07 11:16:49,908 [ERROR] LogOutputStream:75 - [STDERR_REDIRECT] 
2026-05-07 11:16:50,928 [ERROR] LogOutputStream:75 - [STDERR_REDIRECT] [Fatal Error] :1:1: Premature end of file.
2026-05-07 11:16:50,928 [ERROR] LogOutputStream:75 - [STDERR_REDIRECT] 
2026-05-07 11:16:51,912 [ERROR] LogOutputStream:75 - [STDERR_REDIRECT] [Fatal Error] :1:1: Premature end of file.
2026-05-07 11:16:51,912 [ERROR] LogOutputStream:75 - [STDERR_REDIRECT] 
2026-05-07 11:16:52,894 [ERROR] LogOutputStream:75 - [STDERR_REDIRECT] [Fatal Error] :1:1: Premature end of file.
2026-05-07 11:16:52,894 [ERROR] LogOutputStream:75 - [STDERR_REDIRECT] 
2026-05-07 11:16:53,922 [ERROR] LogOutputStream:75 - [STDERR_REDIRECT] [Fatal Error] :1:1: Premature end of file.
2026-05-07 11:16:53,922 [ERROR] LogOutputStream:75 - [STDERR_REDIRECT] 
2026-05-07 11:16:54,887 [ERROR] LogOutputStream:75 - [STDERR_REDIRECT] [Fatal Error] :1:1: Premature end of file.
2026-05-07 11:16:54,887 [ERROR] LogOutputStream:75 - [STDERR_REDIRECT] 
2026-05-07 11:16:55,911 [ERROR] LogOutputStream:75 - [STDERR_REDIRECT] [Fatal Error] :1:1: Premature end of file.
2026-05-07 11:16:55,911 [ERROR] LogOutputStream:75 - [STDERR_REDIRECT] 
2026-05-07 11:16:56,912 [ERROR] LogOutputStream:75 - [STDERR_REDIRECT] [Fatal Error] :1:1: Premature end of file.
2026-05-07 11:16:56,912 [ERROR] LogOutputStream:75 - [STDERR_REDIRECT] 
2026-05-07 11:16:57,914 [ERROR] LogOutputStream:75 - [STDERR_REDIRECT] [Fatal Error] :1:1: Premature end of file.
2026-05-07 11:16:57,914 [ERROR] LogOutputStream:75 - [STDERR_REDIRECT] 
2026-05-07 11:16:58,914 [ERROR] LogOutputStream:75 - [STDERR_REDIRECT] [Fatal Error] :1:1: Premature end of file.
2026-05-07 11:16:58,914 [ERROR] LogOutputStream:75 - [STDERR_REDIRECT] 
2026-05-07 11:16:59,914 [ERROR] LogOutputStream:75 - [STDERR_REDIRECT] [Fatal Error] :1:1: Premature end of file.
2026-05-07 11:16:59,914 [ERROR] LogOutputStream:75 - [STDERR_REDIRECT] 
2026-05-07 11:17:00,910 [ERROR] LogOutputStream:75 - [STDERR_REDIRECT] [Fatal Error] :1:1: Premature end of file.
2026-05-07 11:17:00,910 [ERROR] LogOutputStream:75 - [STDERR_REDIRECT] 
2026-05-07 11:17:01,911 [ERROR] LogOutputStream:75 - [STDERR_REDIRECT] [Fatal Error] :1:1: Premature end of file.
2026-05-07 11:17:01,914 [ERROR] LogOutputStream:75 - [STDERR_REDIRECT] 
2026-05-07 11:17:02,911 [ERROR] LogOutputStream:75 - [STDERR_REDIRECT] [Fatal Error] :1:1: Premature end of file.
2026-05-07 11:17:02,911 [ERROR] LogOutputStream:75 - [STDERR_REDIRECT] 
2026-05-07 11:17:03,915 [ERROR] LogOutputStream:75 - [STDERR_REDIRECT] [Fatal Error] :1:1: Premature end of file.
2026-05-07 11:17:03,915 [ERROR] LogOutputStream:75 - [STDERR_REDIRECT] 
2026-05-07 11:17:04,925 [ERROR] LogOutputStream:75 - [STDERR_REDIRECT] [Fatal Error] :1:1: Premature end of file.
2026-05-07 11:17:04,926 [ERROR] LogOutputStream:75 - [STDERR_REDIRECT] 
2026-05-07 11:17:05,917 [ERROR] LogOutputStream:75 - [STDERR_REDIRECT] [Fatal Error] :1:1: Premature end of file.
2026-05-07 11:17:05,917 [ERROR] LogOutputStream:75 - [STDERR_REDIRECT] 
2026-05-07 11:17:06,918 [ERROR] LogOutputStream:75 - [STDERR_REDIRECT] [Fatal Error] :1:1: Premature end of file.
2026-05-07 11:17:06,918 [ERROR] LogOutputStream:75 - [STDERR_REDIRECT] 
2026-05-07 11:17:07,913 [ERROR] LogOutputStream:75 - [STDERR_REDIRECT] [Fatal Error] :1:1: Premature end of file.
2026-05-07 11:17:07,913 [ERROR] LogOutputStream:75 - [STDERR_REDIRECT] 
2026-05-07 11:17:08,914 [ERROR] LogOutputStream:75 - [STDERR_REDIRECT] [Fatal Error] :1:1: Premature end of file.
2026-05-07 11:17:08,914 [ERROR] LogOutputStream:75 - [STDERR_REDIRECT] 
2026-05-07 11:17:09,897 [ERROR] LogOutputStream:75 - [STDERR_REDIRECT] [Fatal Error] :1:1: Premature end of file.
2026-05-07 11:17:09,897 [ERROR] LogOutputStream:75 - [STDERR_REDIRECT] 
2026-05-07 11:17:10,912 [ERROR] LogOutputStream:75 - [STDERR_REDIRECT] [Fatal Error] :1:1: Premature end of file.
2026-05-07 11:17:10,912 [ERROR] LogOutputStream:75 - [STDERR_REDIRECT] 
2026-05-07 11:17:11,897 [ERROR] LogOutputStream:75 - [STDERR_REDIRECT] [Fatal Error] :1:1: Premature end of file.
2026-05-07 11:17:11,913 [ERROR] LogOutputStream:75 - [STDERR_REDIRECT] 
2026-05-07 11:17:12,899 [ERROR] LogOutputStream:75 - [STDERR_REDIRECT] [Fatal Error] :1:1: Premature end of file.
2026-05-07 11:17:12,899 [ERROR] LogOutputStream:75 - [STDERR_REDIRECT] 
2026-05-07 11:17:13,911 [ERROR] LogOutputStream:75 - [STDERR_REDIRECT] [Fatal Error] :1:1: Premature end of file.
2026-05-07 11:17:13,911 [ERROR] LogOutputStream:75 - [STDERR_REDIRECT] 
2026-05-07 11:17:14,896 [ERROR] LogOutputStream:75 - [STDERR_REDIRECT] [Fatal Error] :1:1: Premature end of file.
2026-05-07 11:17:14,896 [ERROR] LogOutputStream:75 - [STDERR_REDIRECT] 
2026-05-07 11:17:15,896 [ERROR] LogOutputStream:75 - [STDERR_REDIRECT] [Fatal Error] :1:1: Premature end of file.
2026-05-07 11:17:15,896 [ERROR] LogOutputStream:75 - [STDERR_REDIRECT] 
2026-05-07 11:17:16,920 [ERROR] LogOutputStream:75 - [STDERR_REDIRECT] [Fatal Error] :1:1: Premature end of file.
2026-05-07 11:17:16,920 [ERROR] LogOutputStream:75 - [STDERR_REDIRECT] 
2026-05-07 11:17:17,912 [ERROR] LogOutputStream:75 - [STDERR_REDIRECT] [Fatal Error] :1:1: Premature end of file.
2026-05-07 11:17:17,912 [ERROR] LogOutputStream:75 - [STDERR_REDIRECT] 
2026-05-07 11:17:18,888 [ERROR] LogOutputStream:75 - [STDERR_REDIRECT] [Fatal Error] :1:1: Premature end of file.
2026-05-07 11:17:18,888 [ERROR] LogOutputStream:75 - [STDERR_REDIRECT] 
2026-05-07 11:17:19,907 [ERROR] LogOutputStream:75 - [STDERR_REDIRECT] [Fatal Error] :1:1: Premature end of file.
2026-05-07 11:17:19,907 [ERROR] LogOutputStream:75 - [STDERR_REDIRECT] 
2026-05-07 11:17:20,911 [ERROR] LogOutputStream:75 - [STDERR_REDIRECT] [Fatal Error] :1:1: Premature end of file.
2026-05-07 11:17:20,911 [ERROR] LogOutputStream:75 - [STDERR_REDIRECT] 
2026-05-07 11:17:21,919 [ERROR] LogOutputStream:75 - [STDERR_REDIRECT] [Fatal Error] :1:1: Premature end of file.
2026-05-07 11:17:21,919 [ERROR] LogOutputStream:75 - [STDERR_REDIRECT] 
2026-05-07 11:17:22,897 [ERROR] LogOutputStream:75 - [STDERR_REDIRECT] [Fatal Error] :1:1: Premature end of file.
2026-05-07 11:17:22,897 [ERROR] LogOutputStream:75 - [STDERR_REDIRECT] 
2026-05-07 11:17:23,915 [ERROR] LogOutputStream:75 - [STDERR_REDIRECT] [Fatal Error] :1:1: Premature end of file.
2026-05-07 11:17:23,915 [ERROR] LogOutputStream:75 - [STDERR_REDIRECT] 
2026-05-07 11:17:24,914 [ERROR] LogOutputStream:75 - [STDERR_REDIRECT] [Fatal Error] :1:1: Premature end of file.
2026-05-07 11:17:24,914 [ERROR] LogOutputStream:75 - [STDERR_REDIRECT] 
2026-05-07 11:17:25,911 [ERROR] LogOutputStream:75 - [STDERR_REDIRECT] [Fatal Error] :1:1: Premature end of file.
2026-05-07 11:17:25,911 [ERROR] LogOutputStream:75 - [STDERR_REDIRECT] 
2026-05-07 11:17:26,894 [ERROR] LogOutputStream:75 - [STDERR_REDIRECT] [Fatal Error] :1:1: Premature end of file.
2026-05-07 11:17:26,894 [ERROR] LogOutputStream:75 - [STDERR_REDIRECT] 
2026-05-07 11:17:27,912 [ERROR] LogOutputStream:75 - [STDERR_REDIRECT] [Fatal Error] :1:1: Premature end of file.
2026-05-07 11:17:27,912 [ERROR] LogOutputStream:75 - [STDERR_REDIRECT] 
2026-05-07 11:17:28,905 [ERROR] LogOutputStream:75 - [STDERR_REDIRECT] [Fatal Error] :1:1: Premature end of file.
2026-05-07 11:17:28,905 [ERROR] LogOutputStream:75 - [STDERR_REDIRECT] 
2026-05-07 11:17:29,912 [ERROR] LogOutputStream:75 - [STDERR_REDIRECT] [Fatal Error] :1:1: Premature end of file.
2026-05-07 11:17:29,912 [ERROR] LogOutputStream:75 - [STDERR_REDIRECT] 
2026-05-07 11:17:30,907 [ERROR] LogOutputStream:75 - [STDERR_REDIRECT] [Fatal Error] :1:1: Premature end of file.
2026-05-07 11:17:30,907 [ERROR] LogOutputStream:75 - [STDERR_REDIRECT] 
2026-05-07 11:17:31,915 [ERROR] LogOutputStream:75 - [STDERR_REDIRECT] [Fatal Error] :1:1: Premature end of file.
2026-05-07 11:17:31,915 [ERROR] LogOutputStream:75 - [STDERR_REDIRECT] 
2026-05-07 11:17:32,892 [ERROR] LogOutputStream:75 - [STDERR_REDIRECT] [Fatal Error] :1:1: Premature end of file.
2026-05-07 11:17:32,892 [ERROR] LogOutputStream:75 - [STDERR_REDIRECT] 
2026-05-07 11:17:33,911 [ERROR] LogOutputStream:75 - [STDERR_REDIRECT] [Fatal Error] :1:1: Premature end of file.
2026-05-07 11:17:33,911 [ERROR] LogOutputStream:75 - [STDERR_REDIRECT] 
2026-05-07 11:17:34,911 [ERROR] LogOutputStream:75 - [STDERR_REDIRECT] [Fatal Error] :1:1: Premature end of file.
2026-05-07 11:17:34,911 [ERROR] LogOutputStream:75 - [STDERR_REDIRECT] 
2026-05-07 11:17:35,916 [ERROR] LogOutputStream:75 - [STDERR_REDIRECT] [Fatal Error] :1:1: Premature end of file.
2026-05-07 11:17:35,916 [ERROR] LogOutputStream:75 - [STDERR_REDIRECT] 
2026-05-07 11:17:36,896 [ERROR] LogOutputStream:75 - [STDERR_REDIRECT] [Fatal Error] :1:1: Premature end of file.
2026-05-07 11:17:36,896 [ERROR] LogOutputStream:75 - [STDERR_REDIRECT] 
2026-05-07 11:17:37,898 [ERROR] LogOutputStream:75 - [STDERR_REDIRECT] [Fatal Error] :1:1: Premature end of file.
2026-05-07 11:17:37,898 [ERROR] LogOutputStream:75 - [STDERR_REDIRECT] 
2026-05-07 11:17:38,903 [ERROR] LogOutputStream:75 - [STDERR_REDIRECT] [Fatal Error] :1:1: Premature end of file.
2026-05-07 11:17:38,903 [ERROR] LogOutputStream:75 - [STDERR_REDIRECT] 
2026-05-07 11:17:39,911 [ERROR] LogOutputStream:75 - [STDERR_REDIRECT] [Fatal Error] :1:1: Premature end of file.
2026-05-07 11:17:39,911 [ERROR] LogOutputStream:75 - [STDERR_REDIRECT] 
2026-05-07 11:17:40,912 [ERROR] LogOutputStream:75 - [STDERR_REDIRECT] [Fatal Error] :1:1: Premature end of file.
2026-05-07 11:17:40,912 [ERROR] LogOutputStream:75 - [STDERR_REDIRECT] 
2026-05-07 11:17:41,896 [ERROR] LogOutputStream:75 - [STDERR_REDIRECT] [Fatal Error] :1:1: Premature end of file.
2026-05-07 11:17:41,896 [ERROR] LogOutputStream:75 - [STDERR_REDIRECT] 
2026-05-07 11:17:42,929 [ERROR] LogOutputStream:75 - [STDERR_REDIRECT] [Fatal Error] :1:1: Premature end of file.
2026-05-07 11:17:42,929 [ERROR] LogOutputStream:75 - [STDERR_REDIRECT] 
2026-05-07 11:17:43,913 [ERROR] LogOutputStream:75 - [STDERR_REDIRECT] [Fatal Error] :1:1: Premature end of file.
2026-05-07 11:17:43,913 [ERROR] LogOutputStream:75 - [STDERR_REDIRECT] 
2026-05-07 11:17:44,913 [ERROR] LogOutputStream:75 - [STDERR_REDIRECT] [Fatal Error] :1:1: Premature end of file.
2026-05-07 11:17:44,913 [ERROR] LogOutputStream:75 - [STDERR_REDIRECT] 
2026-05-07 11:17:45,911 [ERROR] LogOutputStream:75 - [STDERR_REDIRECT] [Fatal Error] :1:1: Premature end of file.
2026-05-07 11:17:45,911 [ERROR] LogOutputStream:75 - [STDERR_REDIRECT] 
2026-05-07 11:17:46,909 [ERROR] LogOutputStream:75 - [STDERR_REDIRECT] [Fatal Error] :1:1: Premature end of file.
2026-05-07 11:17:46,910 [ERROR] LogOutputStream:75 - [STDERR_REDIRECT] 
2026-05-07 11:17:47,907 [ERROR] LogOutputStream:75 - [STDERR_REDIRECT] [Fatal Error] :1:1: Premature end of file.
2026-05-07 11:17:47,907 [ERROR] LogOutputStream:75 - [STDERR_REDIRECT] 
2026-05-07 11:17:48,911 [ERROR] LogOutputStream:75 - [STDERR_REDIRECT] [Fatal Error] :1:1: Premature end of file.
2026-05-07 11:17:48,911 [ERROR] LogOutputStream:75 - [STDERR_REDIRECT] 
2026-05-07 11:17:49,912 [ERROR] LogOutputStream:75 - [STDERR_REDIRECT] [Fatal Error] :1:1: Premature end of file.
2026-05-07 11:17:49,912 [ERROR] LogOutputStream:75 - [STDERR_REDIRECT] 
2026-05-07 11:17:50,897 [ERROR] LogOutputStream:75 - [STDERR_REDIRECT] [Fatal Error] :1:1: Premature end of file.
2026-05-07 11:17:50,897 [ERROR] LogOutputStream:75 - [STDERR_REDIRECT] 
2026-05-07 11:17:51,909 [ERROR] LogOutputStream:75 - [STDERR_REDIRECT] [Fatal Error] :1:1: Premature end of file.
2026-05-07 11:17:51,909 [ERROR] LogOutputStream:75 - [STDERR_REDIRECT] 
2026-05-07 11:17:52,911 [ERROR] LogOutputStream:75 - [STDERR_REDIRECT] [Fatal Error] :1:1: Premature end of file.
2026-05-07 11:17:52,911 [ERROR] LogOutputStream:75 - [STDERR_REDIRECT] 
2026-05-07 11:17:53,907 [ERROR] LogOutputStream:75 - [STDERR_REDIRECT] [Fatal Error] :1:1: Premature end of file.
2026-05-07 11:17:53,907 [ERROR] LogOutputStream:75 - [STDERR_REDIRECT] 
2026-05-07 11:17:54,909 [ERROR] LogOutputStream:75 - [STDERR_REDIRECT] [Fatal Error] :1:1: Premature end of file.
2026-05-07 11:17:54,910 [ERROR] LogOutputStream:75 - [STDERR_REDIRECT] 
2026-05-07 11:17:55,912 [ERROR] LogOutputStream:75 - [STDERR_REDIRECT] [Fatal Error] :1:1: Premature end of file.
2026-05-07 11:17:55,912 [ERROR] LogOutputStream:75 - [STDERR_REDIRECT] 
2026-05-07 11:17:56,896 [ERROR] LogOutputStream:75 - [STDERR_REDIRECT] [Fatal Error] :1:1: Premature end of file.
2026-05-07 11:17:56,896 [ERROR] LogOutputStream:75 - [STDERR_REDIRECT] 
2026-05-07 11:17:57,896 [ERROR] LogOutputStream:75 - [STDERR_REDIRECT] [Fatal Error] :1:1: Premature end of file.
2026-05-07 11:17:57,896 [ERROR] LogOutputStream:75 - [STDERR_REDIRECT] 
2026-05-07 11:17:58,905 [ERROR] LogOutputStream:75 - [STDERR_REDIRECT] [Fatal Error] :1:1: Premature end of file.
2026-05-07 11:17:58,905 [ERROR] LogOutputStream:75 - [STDERR_REDIRECT] 
2026-05-07 11:17:59,906 [ERROR] LogOutputStream:75 - [STDERR_REDIRECT] [Fatal Error] :1:1: Premature end of file.
2026-05-07 11:17:59,907 [ERROR] LogOutputStream:75 - [STDERR_REDIRECT] 
2026-05-07 11:18:00,912 [ERROR] LogOutputStream:75 - [STDERR_REDIRECT] [Fatal Error] :1:1: Premature end of file.
2026-05-07 11:18:00,914 [ERROR] LogOutputStream:75 - [STDERR_REDIRECT] 
2026-05-07 11:18:01,897 [ERROR] LogOutputStream:75 - [STDERR_REDIRECT] [Fatal Error] :1:1: Premature end of file.
2026-05-07 11:18:01,897 [ERROR] LogOutputStream:75 - [STDERR_REDIRECT] 
2026-05-07 11:18:02,911 [ERROR] LogOutputStream:75 - [STDERR_REDIRECT] [Fatal Error] :1:1: Premature end of file.
2026-05-07 11:18:02,911 [ERROR] LogOutputStream:75 - [STDERR_REDIRECT] 
2026-05-07 11:18:03,933 [ERROR] LogOutputStream:75 - [STDERR_REDIRECT] [Fatal Error] :1:1: Premature end of file.
2026-05-07 11:18:03,933 [ERROR] LogOutputStream:75 - [STDERR_REDIRECT] 
2026-05-07 11:18:04,887 [ERROR] LogOutputStream:75 - [STDERR_REDIRECT] [Fatal Error] :1:1: Premature end of file.
2026-05-07 11:18:04,887 [ERROR] LogOutputStream:75 - [STDERR_REDIRECT] 
2026-05-07 11:18:05,920 [ERROR] LogOutputStream:75 - [STDERR_REDIRECT] [Fatal Error] :1:1: Premature end of file.
2026-05-07 11:18:05,920 [ERROR] LogOutputStream:75 - [STDERR_REDIRECT] 
2026-05-07 11:18:06,909 [ERROR] LogOutputStream:75 - [STDERR_REDIRECT] [Fatal Error] :1:1: Premature end of file.
2026-05-07 11:18:06,909 [ERROR] LogOutputStream:75 - [STDERR_REDIRECT] 
2026-05-07 11:18:07,914 [ERROR] LogOutputStream:75 - [STDERR_REDIRECT] [Fatal Error] :1:1: Premature end of file.
2026-05-07 11:18:07,914 [ERROR] LogOutputStream:75 - [STDERR_REDIRECT] 
2026-05-07 11:18:08,911 [ERROR] LogOutputStream:75 - [STDERR_REDIRECT] [Fatal Error] :1:1: Premature end of file.
2026-05-07 11:18:08,911 [ERROR] LogOutputStream:75 - [STDERR_REDIRECT] 
2026-05-07 11:18:09,933 [ERROR] LogOutputStream:75 - [STDERR_REDIRECT] [Fatal Error] :1:1: Premature end of file.
2026-05-07 11:18:09,933 [ERROR] LogOutputStream:75 - [STDERR_REDIRECT] 
2026-05-07 11:18:10,897 [ERROR] LogOutputStream:75 - [STDERR_REDIRECT] [Fatal Error] :1:1: Premature end of file.
2026-05-07 11:18:10,897 [ERROR] LogOutputStream:75 - [STDERR_REDIRECT] 
2026-05-07 11:18:11,909 [ERROR] LogOutputStream:75 - [STDERR_REDIRECT] [Fatal Error] :1:1: Premature end of file.
2026-05-07 11:18:11,909 [ERROR] LogOutputStream:75 - [STDERR_REDIRECT] 
2026-05-07 11:18:12,893 [ERROR] LogOutputStream:75 - [STDERR_REDIRECT] [Fatal Error] :1:1: Premature end of file.
2026-05-07 11:18:12,893 [ERROR] LogOutputStream:75 - [STDERR_REDIRECT] 
2026-05-07 11:18:13,912 [ERROR] LogOutputStream:75 - [STDERR_REDIRECT] [Fatal Error] :1:1: Premature end of file.
2026-05-07 11:18:13,912 [ERROR] LogOutputStream:75 - [STDERR_REDIRECT] 
2026-05-07 11:18:14,897 [ERROR] LogOutputStream:75 - [STDERR_REDIRECT] [Fatal Error] :1:1: Premature end of file.
2026-05-07 11:18:14,897 [ERROR] LogOutputStream:75 - [STDERR_REDIRECT] 
2026-05-07 11:18:15,914 [ERROR] LogOutputStream:75 - [STDERR_REDIRECT] [Fatal Error] :1:1: Premature end of file.
2026-05-07 11:18:15,914 [ERROR] LogOutputStream:75 - [STDERR_REDIRECT] 
2026-05-07 11:18:16,899 [ERROR] LogOutputStream:75 - [STDERR_REDIRECT] [Fatal Error] :1:1: Premature end of file.
2026-05-07 11:18:16,899 [ERROR] LogOutputStream:75 - [STDERR_REDIRECT] 
2026-05-07 11:18:17,891 [ERROR] LogOutputStream:75 - [STDERR_REDIRECT] [Fatal Error] :1:1: Premature end of file.
2026-05-07 11:18:17,891 [ERROR] LogOutputStream:75 - [STDERR_REDIRECT] 
2026-05-07 11:18:18,893 [ERROR] LogOutputStream:75 - [STDERR_REDIRECT] [Fatal Error] :1:1: Premature end of file.
2026-05-07 11:18:18,893 [ERROR] LogOutputStream:75 - [STDERR_REDIRECT] 
2026-05-07 11:18:19,929 [ERROR] LogOutputStream:75 - [STDERR_REDIRECT] [Fatal Error] :1:1: Premature end of file.
2026-05-07 11:18:19,929 [ERROR] LogOutputStream:75 - [STDERR_REDIRECT] 
2026-05-07 11:18:20,900 [ERROR] LogOutputStream:75 - [STDERR_REDIRECT] [Fatal Error] :1:1: Premature end of file.
2026-05-07 11:18:20,900 [ERROR] LogOutputStream:75 - [STDERR_REDIRECT] 
2026-05-07 11:18:21,904 [ERROR] LogOutputStream:75 - [STDERR_REDIRECT] [Fatal Error] :1:1: Premature end of file.
2026-05-07 11:18:21,904 [ERROR] LogOutputStream:75 - [STDERR_REDIRECT] 
2026-05-07 11:18:22,896 [ERROR] LogOutputStream:75 - [STDERR_REDIRECT] [Fatal Error] :1:1: Premature end of file.
2026-05-07 11:18:22,896 [ERROR] LogOutputStream:75 - [STDERR_REDIRECT] 
2026-05-07 11:18:23,898 [ERROR] LogOutputStream:75 - [STDERR_REDIRECT] [Fatal Error] :1:1: Premature end of file.
2026-05-07 11:18:23,898 [ERROR] LogOutputStream:75 - [STDERR_REDIRECT] 
2026-05-07 11:18:24,912 [ERROR] LogOutputStream:75 - [STDERR_REDIRECT] [Fatal Error] :1:1: Premature end of file.
2026-05-07 11:18:24,912 [ERROR] LogOutputStream:75 - [STDERR_REDIRECT] 
2026-05-07 11:18:25,916 [ERROR] LogOutputStream:75 - [STDERR_REDIRECT] [Fatal Error] :1:1: Premature end of file.
2026-05-07 11:18:25,916 [ERROR] LogOutputStream:75 - [STDERR_REDIRECT] 
2026-05-07 11:18:26,895 [ERROR] LogOutputStream:75 - [STDERR_REDIRECT] [Fatal Error] :1:1: Premature end of file.
2026-05-07 11:18:26,895 [ERROR] LogOutputStream:75 - [STDERR_REDIRECT] 
2026-05-07 11:18:27,906 [ERROR] LogOutputStream:75 - [STDERR_REDIRECT] [Fatal Error] :1:1: Premature end of file.
2026-05-07 11:18:27,906 [ERROR] LogOutputStream:75 - [STDERR_REDIRECT] 
2026-05-07 11:18:28,903 [ERROR] LogOutputStream:75 - [STDERR_REDIRECT] [Fatal Error] :1:1: Premature end of file.
2026-05-07 11:18:28,903 [ERROR] LogOutputStream:75 - [STDERR_REDIRECT] 
2026-05-07 11:18:29,894 [ERROR] LogOutputStream:75 - [STDERR_REDIRECT] [Fatal Error] :1:1: Premature end of file.
2026-05-07 11:18:29,894 [ERROR] LogOutputStream:75 - [STDERR_REDIRECT] 
2026-05-07 11:18:30,895 [ERROR] LogOutputStream:75 - [STDERR_REDIRECT] [Fatal Error] :1:1: Premature end of file.
2026-05-07 11:18:30,911 [ERROR] LogOutputStream:75 - [STDERR_REDIRECT] 
2026-05-07 11:18:31,915 [ERROR] LogOutputStream:75 - [STDERR_REDIRECT] [Fatal Error] :1:1: Premature end of file.
2026-05-07 11:18:31,915 [ERROR] LogOutputStream:75 - [STDERR_REDIRECT] 
2026-05-07 11:18:32,909 [ERROR] LogOutputStream:75 - [STDERR_REDIRECT] [Fatal Error] :1:1: Premature end of file.
2026-05-07 11:18:32,909 [ERROR] LogOutputStream:75 - [STDERR_REDIRECT] 
2026-05-07 11:18:33,892 [ERROR] LogOutputStream:75 - [STDERR_REDIRECT] [Fatal Error] :1:1: Premature end of file.
2026-05-07 11:18:33,892 [ERROR] LogOutputStream:75 - [STDERR_REDIRECT] 
2026-05-07 11:18:34,894 [ERROR] LogOutputStream:75 - [STDERR_REDIRECT] [Fatal Error] :1:1: Premature end of file.
2026-05-07 11:18:34,894 [ERROR] LogOutputStream:75 - [STDERR_REDIRECT] 
2026-05-07 11:18:35,901 [ERROR] LogOutputStream:75 - [STDERR_REDIRECT] [Fatal Error] :1:1: Premature end of file.
2026-05-07 11:18:35,901 [ERROR] LogOutputStream:75 - [STDERR_REDIRECT] 
2026-05-07 11:18:36,887 [ERROR] LogOutputStream:75 - [STDERR_REDIRECT] [Fatal Error] :1:1: Premature end of file.
2026-05-07 11:18:36,894 [ERROR] LogOutputStream:75 - [STDERR_REDIRECT] 
2026-05-07 11:18:37,893 [ERROR] LogOutputStream:75 - [STDERR_REDIRECT] [Fatal Error] :1:1: Premature end of file.
2026-05-07 11:18:37,893 [ERROR] LogOutputStream:75 - [STDERR_REDIRECT] 
2026-05-07 11:18:38,913 [ERROR] LogOutputStream:75 - [STDERR_REDIRECT] [Fatal Error] :1:1: Premature end of file.
2026-05-07 11:18:38,914 [ERROR] LogOutputStream:75 - [STDERR_REDIRECT] 
2026-05-07 11:18:39,937 [ERROR] LogOutputStream:75 - [STDERR_REDIRECT] [Fatal Error] :1:1: Premature end of file.
2026-05-07 11:18:39,937 [ERROR] LogOutputStream:75 - [STDERR_REDIRECT] 
2026-05-07 11:18:40,894 [ERROR] LogOutputStream:75 - [STDERR_REDIRECT] [Fatal Error] :1:1: Premature end of file.
2026-05-07 11:18:40,894 [ERROR] LogOutputStream:75 - [STDERR_REDIRECT] 
2026-05-07 11:18:41,881 [ERROR] LogOutputStream:75 - [STDERR_REDIRECT] [Fatal Error] :1:1: Premature end of file.
2026-05-07 11:18:41,881 [ERROR] LogOutputStream:75 - [STDERR_REDIRECT] 
2026-05-07 11:18:42,915 [ERROR] LogOutputStream:75 - [STDERR_REDIRECT] [Fatal Error] :1:1: Premature end of file.
2026-05-07 11:18:42,915 [ERROR] LogOutputStream:75 - [STDERR_REDIRECT] 
2026-05-07 11:18:43,910 [ERROR] LogOutputStream:75 - [STDERR_REDIRECT] [Fatal Error] :1:1: Premature end of file.
2026-05-07 11:18:43,910 [ERROR] LogOutputStream:75 - [STDERR_REDIRECT] 
2026-05-07 11:18:44,893 [ERROR] LogOutputStream:75 - [STDERR_REDIRECT] [Fatal Error] :1:1: Premature end of file.
2026-05-07 11:18:44,893 [ERROR] LogOutputStream:75 - [STDERR_REDIRECT] 
2026-05-07 11:18:45,892 [ERROR] LogOutputStream:75 - [STDERR_REDIRECT] [Fatal Error] :1:1: Premature end of file.
2026-05-07 11:18:45,892 [ERROR] LogOutputStream:75 - [STDERR_REDIRECT] 
2026-05-07 11:18:46,886 [ERROR] LogOutputStream:75 - [STDERR_REDIRECT] [Fatal Error] :1:1: Premature end of file.
2026-05-07 11:18:46,886 [ERROR] LogOutputStream:75 - [STDERR_REDIRECT] 
2026-05-07 11:18:47,897 [ERROR] LogOutputStream:75 - [STDERR_REDIRECT] [Fatal Error] :1:1: Premature end of file.
2026-05-07 11:18:47,897 [ERROR] LogOutputStream:75 - [STDERR_REDIRECT] 
2026-05-07 11:18:48,880 [ERROR] LogOutputStream:75 - [STDERR_REDIRECT] [Fatal Error] :1:1: Premature end of file.
2026-05-07 11:18:48,880 [ERROR] LogOutputStream:75 - [STDERR_REDIRECT] 
2026-05-07 11:18:49,886 [ERROR] LogOutputStream:75 - [STDERR_REDIRECT] [Fatal Error] :1:1: Premature end of file.
2026-05-07 11:18:49,887 [ERROR] LogOutputStream:75 - [STDERR_REDIRECT] 
2026-05-07 11:18:50,878 [ERROR] LogOutputStream:75 - [STDERR_REDIRECT] [Fatal Error] :1:1: Premature end of file.
2026-05-07 11:18:50,878 [ERROR] LogOutputStream:75 - [STDERR_REDIRECT] 
2026-05-07 11:18:51,892 [ERROR] LogOutputStream:75 - [STDERR_REDIRECT] [Fatal Error] :1:1: Premature end of file.
2026-05-07 11:18:51,892 [ERROR] LogOutputStream:75 - [STDERR_REDIRECT] 
2026-05-07 11:18:52,894 [ERROR] LogOutputStream:75 - [STDERR_REDIRECT] [Fatal Error] :1:1: Premature end of file.
2026-05-07 11:18:52,894 [ERROR] LogOutputStream:75 - [STDERR_REDIRECT] 
2026-05-07 11:18:53,908 [ERROR] LogOutputStream:75 - [STDERR_REDIRECT] [Fatal Error] :1:1: Premature end of file.
2026-05-07 11:18:53,909 [ERROR] LogOutputStream:75 - [STDERR_REDIRECT] 
2026-05-07 11:18:54,899 [ERROR] LogOutputStream:75 - [STDERR_REDIRECT] [Fatal Error] :1:1: Premature end of file.
2026-05-07 11:18:54,899 [ERROR] LogOutputStream:75 - [STDERR_REDIRECT] 
2026-05-07 11:18:55,901 [ERROR] LogOutputStream:75 - [STDERR_REDIRECT] [Fatal Error] :1:1: Premature end of file.
2026-05-07 11:18:55,901 [ERROR] LogOutputStream:75 - [STDERR_REDIRECT] 
2026-05-07 11:18:56,891 [ERROR] LogOutputStream:75 - [STDERR_REDIRECT] [Fatal Error] :1:1: Premature end of file.
2026-05-07 11:18:56,891 [ERROR] LogOutputStream:75 - [STDERR_REDIRECT] 
2026-05-07 11:18:57,908 [ERROR] LogOutputStream:75 - [STDERR_REDIRECT] [Fatal Error] :1:1: Premature end of file.
2026-05-07 11:18:57,908 [ERROR] LogOutputStream:75 - [STDERR_REDIRECT] 
2026-05-07 11:18:58,899 [ERROR] LogOutputStream:75 - [STDERR_REDIRECT] [Fatal Error] :1:1: Premature end of file.
2026-05-07 11:18:58,899 [ERROR] LogOutputStream:75 - [STDERR_REDIRECT] 
2026-05-07 11:18:59,895 [ERROR] LogOutputStream:75 - [STDERR_REDIRECT] [Fatal Error] :1:1: Premature end of file.
2026-05-07 11:18:59,895 [ERROR] LogOutputStream:75 - [STDERR_REDIRECT] 
2026-05-07 11:19:00,908 [ERROR] LogOutputStream:75 - [STDERR_REDIRECT] [Fatal Error] :1:1: Premature end of file.
2026-05-07 11:19:00,909 [ERROR] LogOutputStream:75 - [STDERR_REDIRECT] 
2026-05-07 11:19:01,912 [ERROR] LogOutputStream:75 - [STDERR_REDIRECT] [Fatal Error] :1:1: Premature end of file.
2026-05-07 11:19:01,912 [ERROR] LogOutputStream:75 - [STDERR_REDIRECT] 
2026-05-07 11:19:02,900 [ERROR] LogOutputStream:75 - [STDERR_REDIRECT] [Fatal Error] :1:1: Premature end of file.
2026-05-07 11:19:02,900 [ERROR] LogOutputStream:75 - [STDERR_REDIRECT] 
2026-05-07 11:19:03,892 [ERROR] LogOutputStream:75 - [STDERR_REDIRECT] [Fatal Error] :1:1: Premature end of file.
2026-05-07 11:19:03,892 [ERROR] LogOutputStream:75 - [STDERR_REDIRECT] 
2026-05-07 11:19:04,903 [ERROR] LogOutputStream:75 - [STDERR_REDIRECT] [Fatal Error] :1:1: Premature end of file.
2026-05-07 11:19:04,903 [ERROR] LogOutputStream:75 - [STDERR_REDIRECT] 
2026-05-07 11:19:05,896 [ERROR] LogOutputStream:75 - [STDERR_REDIRECT] [Fatal Error] :1:1: Premature end of file.
2026-05-07 11:19:05,896 [ERROR] LogOutputStream:75 - [STDERR_REDIRECT] 
2026-05-07 11:19:06,899 [ERROR] LogOutputStream:75 - [STDERR_REDIRECT] [Fatal Error] :1:1: Premature end of file.
2026-05-07 11:19:06,899 [ERROR] LogOutputStream:75 - [STDERR_REDIRECT] 
2026-05-07 11:19:07,910 [ERROR] LogOutputStream:75 - [STDERR_REDIRECT] [Fatal Error] :1:1: Premature end of file.
2026-05-07 11:19:07,910 [ERROR] LogOutputStream:75 - [STDERR_REDIRECT] 
2026-05-07 11:19:08,898 [ERROR] LogOutputStream:75 - [STDERR_REDIRECT] [Fatal Error] :1:1: Premature end of file.
2026-05-07 11:19:08,899 [ERROR] LogOutputStream:75 - [STDERR_REDIRECT] 
2026-05-07 11:19:09,902 [ERROR] LogOutputStream:75 - [STDERR_REDIRECT] [Fatal Error] :1:1: Premature end of file.
2026-05-07 11:19:09,902 [ERROR] LogOutputStream:75 - [STDERR_REDIRECT] 
2026-05-07 11:19:10,894 [ERROR] LogOutputStream:75 - [STDERR_REDIRECT] [Fatal Error] :1:1: Premature end of file.
2026-05-07 11:19:10,894 [ERROR] LogOutputStream:75 - [STDERR_REDIRECT] 
2026-05-07 11:19:11,904 [ERROR] LogOutputStream:75 - [STDERR_REDIRECT] [Fatal Error] :1:1: Premature end of file.
2026-05-07 11:19:11,904 [ERROR] LogOutputStream:75 - [STDERR_REDIRECT] 
2026-05-07 11:19:12,892 [ERROR] LogOutputStream:75 - [STDERR_REDIRECT] [Fatal Error] :1:1: Premature end of file.
2026-05-07 11:19:12,892 [ERROR] LogOutputStream:75 - [STDERR_REDIRECT] 
2026-05-07 11:19:13,894 [ERROR] LogOutputStream:75 - [STDERR_REDIRECT] [Fatal Error] :1:1: Premature end of file.
2026-05-07 11:19:13,895 [ERROR] LogOutputStream:75 - [STDERR_REDIRECT] 
2026-05-07 11:19:14,892 [ERROR] LogOutputStream:75 - [STDERR_REDIRECT] [Fatal Error] :1:1: Premature end of file.
2026-05-07 11:19:14,892 [ERROR] LogOutputStream:75 - [STDERR_REDIRECT] 
2026-05-07 11:19:15,882 [ERROR] LogOutputStream:75 - [STDERR_REDIRECT] [Fatal Error] :1:1: Premature end of file.
2026-05-07 11:19:15,882 [ERROR] LogOutputStream:75 - [STDERR_REDIRECT] 
2026-05-07 11:19:16,895 [ERROR] LogOutputStream:75 - [STDERR_REDIRECT] [Fatal Error] :1:1: Premature end of file.
2026-05-07 11:19:16,895 [ERROR] LogOutputStream:75 - [STDERR_REDIRECT] 
2026-05-07 11:19:17,894 [ERROR] LogOutputStream:75 - [STDERR_REDIRECT] [Fatal Error] :1:1: Premature end of file.
2026-05-07 11:19:17,895 [ERROR] LogOutputStream:75 - [STDERR_REDIRECT] 
2026-05-07 11:19:18,897 [ERROR] LogOutputStream:75 - [STDERR_REDIRECT] [Fatal Error] :1:1: Premature end of file.
2026-05-07 11:19:18,897 [ERROR] LogOutputStream:75 - [STDERR_REDIRECT] 
2026-05-07 11:19:19,902 [ERROR] LogOutputStream:75 - [STDERR_REDIRECT] [Fatal Error] :1:1: Premature end of file.
2026-05-07 11:19:19,902 [ERROR] LogOutputStream:75 - [STDERR_REDIRECT] 
2026-05-07 11:19:20,896 [ERROR] LogOutputStream:75 - [STDERR_REDIRECT] [Fatal Error] :1:1: Premature end of file.
2026-05-07 11:19:20,896 [ERROR] LogOutputStream:75 - [STDERR_REDIRECT] 
2026-05-07 11:19:21,899 [ERROR] LogOutputStream:75 - [STDERR_REDIRECT] [Fatal Error] :1:1: Premature end of file.
2026-05-07 11:19:21,899 [ERROR] LogOutputStream:75 - [STDERR_REDIRECT] 
2026-05-07 11:19:22,894 [ERROR] LogOutputStream:75 - [STDERR_REDIRECT] [Fatal Error] :1:1: Premature end of file.
2026-05-07 11:19:22,894 [ERROR] LogOutputStream:75 - [STDERR_REDIRECT] 
2026-05-07 11:19:23,902 [ERROR] LogOutputStream:75 - [STDERR_REDIRECT] [Fatal Error] :1:1: Premature end of file.
2026-05-07 11:19:23,902 [ERROR] LogOutputStream:75 - [STDERR_REDIRECT] 
2026-05-07 11:19:24,897 [ERROR] LogOutputStream:75 - [STDERR_REDIRECT] [Fatal Error] :1:1: Premature end of file.
2026-05-07 11:19:24,897 [ERROR] LogOutputStream:75 - [STDERR_REDIRECT] 
2026-05-07 11:19:25,916 [ERROR] LogOutputStream:75 - [STDERR_REDIRECT] [Fatal Error] :1:1: Premature end of file.
2026-05-07 11:19:25,916 [ERROR] LogOutputStream:75 - [STDERR_REDIRECT] 
2026-05-07 11:19:26,902 [ERROR] LogOutputStream:75 - [STDERR_REDIRECT] [Fatal Error] :1:1: Premature end of file.
2026-05-07 11:19:26,902 [ERROR] LogOutputStream:75 - [STDERR_REDIRECT] 
2026-05-07 11:19:27,912 [ERROR] LogOutputStream:75 - [STDERR_REDIRECT] [Fatal Error] :1:1: Premature end of file.
2026-05-07 11:19:27,912 [ERROR] LogOutputStream:75 - [STDERR_REDIRECT] 
2026-05-07 11:19:28,909 [ERROR] LogOutputStream:75 - [STDERR_REDIRECT] [Fatal Error] :1:1: Premature end of file.
2026-05-07 11:19:28,909 [ERROR] LogOutputStream:75 - [STDERR_REDIRECT] 
2026-05-07 11:19:29,897 [ERROR] LogOutputStream:75 - [STDERR_REDIRECT] [Fatal Error] :1:1: Premature end of file.
2026-05-07 11:19:29,897 [ERROR] LogOutputStream:75 - [STDERR_REDIRECT] 
2026-05-07 11:19:30,896 [ERROR] LogOutputStream:75 - [STDERR_REDIRECT] [Fatal Error] :1:1: Premature end of file.
2026-05-07 11:19:30,896 [ERROR] LogOutputStream:75 - [STDERR_REDIRECT] 
2026-05-07 11:19:31,905 [ERROR] LogOutputStream:75 - [STDERR_REDIRECT] [Fatal Error] :1:1: Premature end of file.
2026-05-07 11:19:31,905 [ERROR] LogOutputStream:75 - [STDERR_REDIRECT] 
2026-05-07 11:19:32,907 [ERROR] LogOutputStream:75 - [STDERR_REDIRECT] [Fatal Error] :1:1: Premature end of file.
2026-05-07 11:19:32,907 [ERROR] LogOutputStream:75 - [STDERR_REDIRECT] 
2026-05-07 11:19:33,902 [ERROR] LogOutputStream:75 - [STDERR_REDIRECT] [Fatal Error] :1:1: Premature end of file.
2026-05-07 11:19:33,902 [ERROR] LogOutputStream:75 - [STDERR_REDIRECT] 
2026-05-07 11:19:34,901 [ERROR] LogOutputStream:75 - [STDERR_REDIRECT] [Fatal Error] :1:1: Premature end of file.
2026-05-07 11:19:34,901 [ERROR] LogOutputStream:75 - [STDERR_REDIRECT] 
2026-05-07 11:19:35,908 [ERROR] LogOutputStream:75 - [STDERR_REDIRECT] [Fatal Error] :1:1: Premature end of file.
2026-05-07 11:19:35,908 [ERROR] LogOutputStream:75 - [STDERR_REDIRECT] 
2026-05-07 11:19:36,906 [ERROR] LogOutputStream:75 - [STDERR_REDIRECT] [Fatal Error] :1:1: Premature end of file.
2026-05-07 11:19:36,906 [ERROR] LogOutputStream:75 - [STDERR_REDIRECT] 
2026-05-07 11:19:37,896 [ERROR] LogOutputStream:75 - [STDERR_REDIRECT] [Fatal Error] :1:1: Premature end of file.
2026-05-07 11:19:37,897 [ERROR] LogOutputStream:75 - [STDERR_REDIRECT] 
2026-05-07 11:19:38,903 [ERROR] LogOutputStream:75 - [STDERR_REDIRECT] [Fatal Error] :1:1: Premature end of file.
2026-05-07 11:19:38,903 [ERROR] LogOutputStream:75 - [STDERR_REDIRECT] 
2026-05-07 11:19:39,884 [ERROR] LogOutputStream:75 - [STDERR_REDIRECT] [Fatal Error] :1:1: Premature end of file.
2026-05-07 11:19:39,884 [ERROR] LogOutputStream:75 - [STDERR_REDIRECT] 
2026-05-07 11:19:40,892 [ERROR] LogOutputStream:75 - [STDERR_REDIRECT] [Fatal Error] :1:1: Premature end of file.
2026-05-07 11:19:40,892 [ERROR] LogOutputStream:75 - [STDERR_REDIRECT] 
2026-05-07 11:19:41,908 [ERROR] LogOutputStream:75 - [STDERR_REDIRECT] [Fatal Error] :1:1: Premature end of file.
2026-05-07 11:19:41,908 [ERROR] LogOutputStream:75 - [STDERR_REDIRECT] 
2026-05-07 11:19:42,904 [ERROR] LogOutputStream:75 - [STDERR_REDIRECT] [Fatal Error] :1:1: Premature end of file.
2026-05-07 11:19:42,905 [ERROR] LogOutputStream:75 - [STDERR_REDIRECT] 
2026-05-07 11:19:43,910 [ERROR] LogOutputStream:75 - [STDERR_REDIRECT] [Fatal Error] :1:1: Premature end of file.
2026-05-07 11:19:43,910 [ERROR] LogOutputStream:75 - [STDERR_REDIRECT] 
2026-05-07 11:19:44,893 [ERROR] LogOutputStream:75 - [STDERR_REDIRECT] [Fatal Error] :1:1: Premature end of file.
2026-05-07 11:19:44,893 [ERROR] LogOutputStream:75 - [STDERR_REDIRECT] 
2026-05-07 11:19:45,912 [ERROR] LogOutputStream:75 - [STDERR_REDIRECT] [Fatal Error] :1:1: Premature end of file.
2026-05-07 11:19:45,912 [ERROR] LogOutputStream:75 - [STDERR_REDIRECT] 
2026-05-07 11:19:46,904 [ERROR] LogOutputStream:75 - [STDERR_REDIRECT] [Fatal Error] :1:1: Premature end of file.
2026-05-07 11:19:46,905 [ERROR] LogOutputStream:75 - [STDERR_REDIRECT] 
2026-05-07 11:19:47,894 [ERROR] LogOutputStream:75 - [STDERR_REDIRECT] [Fatal Error] :1:1: Premature end of file.
2026-05-07 11:19:47,894 [ERROR] LogOutputStream:75 - [STDERR_REDIRECT] 
2026-05-07 11:19:48,910 [ERROR] LogOutputStream:75 - [STDERR_REDIRECT] [Fatal Error] :1:1: Premature end of file.
2026-05-07 11:19:48,910 [ERROR] LogOutputStream:75 - [STDERR_REDIRECT] 
2026-05-07 11:19:49,894 [ERROR] LogOutputStream:75 - [STDERR_REDIRECT] [Fatal Error] :1:1: Premature end of file.
2026-05-07 11:19:49,895 [ERROR] LogOutputStream:75 - [STDERR_REDIRECT] 
2026-05-07 11:19:50,890 [ERROR] LogOutputStream:75 - [STDERR_REDIRECT] [Fatal Error] :1:1: Premature end of file.
2026-05-07 11:19:50,890 [ERROR] LogOutputStream:75 - [STDERR_REDIRECT] 
2026-05-07 11:19:51,897 [ERROR] LogOutputStream:75 - [STDERR_REDIRECT] [Fatal Error] :1:1: Premature end of file.
2026-05-07 11:19:51,897 [ERROR] LogOutputStream:75 - [STDERR_REDIRECT] 
2026-05-07 11:19:52,914 [ERROR] LogOutputStream:75 - [STDERR_REDIRECT] [Fatal Error] :1:1: Premature end of file.
2026-05-07 11:19:52,915 [ERROR] LogOutputStream:75 - [STDERR_REDIRECT] 
2026-05-07 11:19:53,909 [ERROR] LogOutputStream:75 - [STDERR_REDIRECT] [Fatal Error] :1:1: Premature end of file.
2026-05-07 11:19:53,909 [ERROR] LogOutputStream:75 - [STDERR_REDIRECT] 
2026-05-07 11:19:54,911 [ERROR] LogOutputStream:75 - [STDERR_REDIRECT] [Fatal Error] :1:1: Premature end of file.
2026-05-07 11:19:54,911 [ERROR] LogOutputStream:75 - [STDERR_REDIRECT] 
2026-05-07 11:19:55,912 [ERROR] LogOutputStream:75 - [STDERR_REDIRECT] [Fatal Error] :1:1: Premature end of file.
2026-05-07 11:19:55,912 [ERROR] LogOutputStream:75 - [STDERR_REDIRECT] 
2026-05-07 11:19:56,912 [ERROR] LogOutputStream:75 - [STDERR_REDIRECT] [Fatal Error] :1:1: Premature end of file.
2026-05-07 11:19:56,926 [ERROR] LogOutputStream:75 - [STDERR_REDIRECT] 
2026-05-07 11:19:57,913 [ERROR] LogOutputStream:75 - [STDERR_REDIRECT] [Fatal Error] :1:1: Premature end of file.
2026-05-07 11:19:57,913 [ERROR] LogOutputStream:75 - [STDERR_REDIRECT] 
2026-05-07 11:19:58,913 [ERROR] LogOutputStream:75 - [STDERR_REDIRECT] [Fatal Error] :1:1: Premature end of file.
2026-05-07 11:19:58,913 [ERROR] LogOutputStream:75 - [STDERR_REDIRECT] 
2026-05-07 11:19:59,898 [ERROR] LogOutputStream:75 - [STDERR_REDIRECT] [Fatal Error] :1:1: Premature end of file.
2026-05-07 11:19:59,898 [ERROR] LogOutputStream:75 - [STDERR_REDIRECT] 
2026-05-07 11:20:00,908 [ERROR] LogOutputStream:75 - [STDERR_REDIRECT] [Fatal Error] :1:1: Premature end of file.
2026-05-07 11:20:00,908 [ERROR] LogOutputStream:75 - [STDERR_REDIRECT] 
2026-05-07 11:20:01,902 [ERROR] LogOutputStream:75 - [STDERR_REDIRECT] [Fatal Error] :1:1: Premature end of file.
2026-05-07 11:20:01,902 [ERROR] LogOutputStream:75 - [STDERR_REDIRECT] 
2026-05-07 11:20:02,927 [ERROR] LogOutputStream:75 - [STDERR_REDIRECT] [Fatal Error] :1:1: Premature end of file.
2026-05-07 11:20:02,927 [ERROR] LogOutputStream:75 - [STDERR_REDIRECT] 
2026-05-07 11:20:03,912 [ERROR] LogOutputStream:75 - [STDERR_REDIRECT] [Fatal Error] :1:1: Premature end of file.
2026-05-07 11:20:03,912 [ERROR] LogOutputStream:75 - [STDERR_REDIRECT] 
2026-05-07 11:20:04,898 [ERROR] LogOutputStream:75 - [STDERR_REDIRECT] [Fatal Error] :1:1: Premature end of file.
2026-05-07 11:20:04,898 [ERROR] LogOutputStream:75 - [STDERR_REDIRECT] 
2026-05-07 11:20:05,898 [ERROR] LogOutputStream:75 - [STDERR_REDIRECT] [Fatal Error] :1:1: Premature end of file.
2026-05-07 11:20:05,898 [ERROR] LogOutputStream:75 - [STDERR_REDIRECT] 
2026-05-07 11:20:06,910 [ERROR] LogOutputStream:75 - [STDERR_REDIRECT] [Fatal Error] :1:1: Premature end of file.
2026-05-07 11:20:06,910 [ERROR] LogOutputStream:75 - [STDERR_REDIRECT] 
2026-05-07 11:20:07,895 [ERROR] LogOutputStream:75 - [STDERR_REDIRECT] [Fatal Error] :1:1: Premature end of file.
2026-05-07 11:20:07,895 [ERROR] LogOutputStream:75 - [STDERR_REDIRECT] 
2026-05-07 11:20:08,894 [ERROR] LogOutputStream:75 - [STDERR_REDIRECT] [Fatal Error] :1:1: Premature end of file.
2026-05-07 11:20:08,894 [ERROR] LogOutputStream:75 - [STDERR_REDIRECT] 
2026-05-07 11:20:09,882 [ERROR] LogOutputStream:75 - [STDERR_REDIRECT] [Fatal Error] :1:1: Premature end of file.
2026-05-07 11:20:09,882 [ERROR] LogOutputStream:75 - [STDERR_REDIRECT] 
2026-05-07 11:20:10,910 [ERROR] LogOutputStream:75 - [STDERR_REDIRECT] [Fatal Error] :1:1: Premature end of file.
2026-05-07 11:20:10,910 [ERROR] LogOutputStream:75 - [STDERR_REDIRECT] 
2026-05-07 11:20:11,911 [ERROR] LogOutputStream:75 - [STDERR_REDIRECT] [Fatal Error] :1:1: Premature end of file.
2026-05-07 11:20:11,911 [ERROR] LogOutputStream:75 - [STDERR_REDIRECT] 
2026-05-07 11:20:12,907 [ERROR] LogOutputStream:75 - [STDERR_REDIRECT] [Fatal Error] :1:1: Premature end of file.
2026-05-07 11:20:12,907 [ERROR] LogOutputStream:75 - [STDERR_REDIRECT] 
2026-05-07 11:20:13,910 [ERROR] LogOutputStream:75 - [STDERR_REDIRECT] [Fatal Error] :1:1: Premature end of file.
2026-05-07 11:20:13,910 [ERROR] LogOutputStream:75 - [STDERR_REDIRECT] 
2026-05-07 11:20:14,897 [ERROR] LogOutputStream:75 - [STDERR_REDIRECT] [Fatal Error] :1:1: Premature end of file.
2026-05-07 11:20:14,897 [ERROR] LogOutputStream:75 - [STDERR_REDIRECT] 
2026-05-07 11:20:15,898 [ERROR] LogOutputStream:75 - [STDERR_REDIRECT] [Fatal Error] :1:1: Premature end of file.
2026-05-07 11:20:15,898 [ERROR] LogOutputStream:75 - [STDERR_REDIRECT] 
2026-05-07 11:20:16,911 [ERROR] LogOutputStream:75 - [STDERR_REDIRECT] [Fatal Error] :1:1: Premature end of file.
2026-05-07 11:20:16,911 [ERROR] LogOutputStream:75 - [STDERR_REDIRECT] 
2026-05-07 11:20:17,911 [ERROR] LogOutputStream:75 - [STDERR_REDIRECT] [Fatal Error] :1:1: Premature end of file.
2026-05-07 11:20:17,911 [ERROR] LogOutputStream:75 - [STDERR_REDIRECT] 
2026-05-07 11:20:18,912 [ERROR] LogOutputStream:75 - [STDERR_REDIRECT] [Fatal Error] :1:1: Premature end of file.
2026-05-07 11:20:18,912 [ERROR] LogOutputStream:75 - [STDERR_REDIRECT] 
2026-05-07 11:20:19,928 [ERROR] LogOutputStream:75 - [STDERR_REDIRECT] [Fatal Error] :1:1: Premature end of file.
2026-05-07 11:20:19,928 [ERROR] LogOutputStream:75 - [STDERR_REDIRECT] 
2026-05-07 11:20:20,896 [ERROR] LogOutputStream:75 - [STDERR_REDIRECT] [Fatal Error] :1:1: Premature end of file.
2026-05-07 11:20:20,896 [ERROR] LogOutputStream:75 - [STDERR_REDIRECT] 
2026-05-07 11:20:21,897 [ERROR] LogOutputStream:75 - [STDERR_REDIRECT] [Fatal Error] :1:1: Premature end of file.
2026-05-07 11:20:21,908 [ERROR] LogOutputStream:75 - [STDERR_REDIRECT] 
2026-05-07 11:20:22,904 [ERROR] LogOutputStream:75 - [STDERR_REDIRECT] [Fatal Error] :1:1: Premature end of file.
2026-05-07 11:20:22,904 [ERROR] LogOutputStream:75 - [STDERR_REDIRECT] 
2026-05-07 11:20:23,914 [ERROR] LogOutputStream:75 - [STDERR_REDIRECT] [Fatal Error] :1:1: Premature end of file.
2026-05-07 11:20:23,914 [ERROR] LogOutputStream:75 - [STDERR_REDIRECT] 
2026-05-07 11:20:24,895 [ERROR] LogOutputStream:75 - [STDERR_REDIRECT] [Fatal Error] :1:1: Premature end of file.
2026-05-07 11:20:24,895 [ERROR] LogOutputStream:75 - [STDERR_REDIRECT] 
2026-05-07 11:20:25,888 [ERROR] LogOutputStream:75 - [STDERR_REDIRECT] [Fatal Error] :1:1: Premature end of file.
2026-05-07 11:20:25,888 [ERROR] LogOutputStream:75 - [STDERR_REDIRECT] 
2026-05-07 11:20:26,896 [ERROR] LogOutputStream:75 - [STDERR_REDIRECT] [Fatal Error] :1:1: Premature end of file.
2026-05-07 11:20:26,912 [ERROR] LogOutputStream:75 - [STDERR_REDIRECT] 
2026-05-07 11:20:27,915 [ERROR] LogOutputStream:75 - [STDERR_REDIRECT] [Fatal Error] :1:1: Premature end of file.
2026-05-07 11:20:27,915 [ERROR] LogOutputStream:75 - [STDERR_REDIRECT] 
2026-05-07 11:20:28,921 [ERROR] LogOutputStream:75 - [STDERR_REDIRECT] [Fatal Error] :1:1: Premature end of file.
2026-05-07 11:20:28,922 [ERROR] LogOutputStream:75 - [STDERR_REDIRECT] 
2026-05-07 11:20:29,900 [ERROR] LogOutputStream:75 - [STDERR_REDIRECT] [Fatal Error] :1:1: Premature end of file.
2026-05-07 11:20:29,900 [ERROR] LogOutputStream:75 - [STDERR_REDIRECT] 
2026-05-07 11:20:30,908 [ERROR] LogOutputStream:75 - [STDERR_REDIRECT] [Fatal Error] :1:1: Premature end of file.
2026-05-07 11:20:30,908 [ERROR] LogOutputStream:75 - [STDERR_REDIRECT] 
2026-05-07 11:20:31,911 [ERROR] LogOutputStream:75 - [STDERR_REDIRECT] [Fatal Error] :1:1: Premature end of file.
2026-05-07 11:20:31,911 [ERROR] LogOutputStream:75 - [STDERR_REDIRECT] 
2026-05-07 11:20:32,891 [ERROR] LogOutputStream:75 - [STDERR_REDIRECT] [Fatal Error] :1:1: Premature end of file.
2026-05-07 11:20:32,891 [ERROR] LogOutputStream:75 - [STDERR_REDIRECT] 
2026-05-07 11:20:33,895 [ERROR] LogOutputStream:75 - [STDERR_REDIRECT] [Fatal Error] :1:1: Premature end of file.
2026-05-07 11:20:33,895 [ERROR] LogOutputStream:75 - [STDERR_REDIRECT] 
2026-05-07 11:20:34,908 [ERROR] LogOutputStream:75 - [STDERR_REDIRECT] [Fatal Error] :1:1: Premature end of file.
2026-05-07 11:20:34,908 [ERROR] LogOutputStream:75 - [STDERR_REDIRECT] 
2026-05-07 11:20:35,906 [ERROR] LogOutputStream:75 - [STDERR_REDIRECT] [Fatal Error] :1:1: Premature end of file.
2026-05-07 11:20:35,907 [ERROR] LogOutputStream:75 - [STDERR_REDIRECT] 
2026-05-07 11:20:36,911 [ERROR] LogOutputStream:75 - [STDERR_REDIRECT] [Fatal Error] :1:1: Premature end of file.
2026-05-07 11:20:36,911 [ERROR] LogOutputStream:75 - [STDERR_REDIRECT] 
2026-05-07 11:20:37,905 [ERROR] LogOutputStream:75 - [STDERR_REDIRECT] [Fatal Error] :1:1: Premature end of file.
2026-05-07 11:20:37,905 [ERROR] LogOutputStream:75 - [STDERR_REDIRECT] 
2026-05-07 11:20:38,912 [ERROR] LogOutputStream:75 - [STDERR_REDIRECT] [Fatal Error] :1:1: Premature end of file.
2026-05-07 11:20:38,912 [ERROR] LogOutputStream:75 - [STDERR_REDIRECT] 
2026-05-07 11:20:39,896 [ERROR] LogOutputStream:75 - [STDERR_REDIRECT] [Fatal Error] :1:1: Premature end of file.
2026-05-07 11:20:39,896 [ERROR] LogOutputStream:75 - [STDERR_REDIRECT] 
2026-05-07 11:20:40,913 [ERROR] LogOutputStream:75 - [STDERR_REDIRECT] [Fatal Error] :1:1: Premature end of file.
2026-05-07 11:20:40,913 [ERROR] LogOutputStream:75 - [STDERR_REDIRECT] 
2026-05-07 11:20:41,910 [ERROR] LogOutputStream:75 - [STDERR_REDIRECT] [Fatal Error] :1:1: Premature end of file.
2026-05-07 11:20:41,910 [ERROR] LogOutputStream:75 - [STDERR_REDIRECT] 
2026-05-07 11:20:42,916 [ERROR] LogOutputStream:75 - [STDERR_REDIRECT] [Fatal Error] :1:1: Premature end of file.
2026-05-07 11:20:42,916 [ERROR] LogOutputStream:75 - [STDERR_REDIRECT] 
2026-05-07 11:20:43,906 [ERROR] LogOutputStream:75 - [STDERR_REDIRECT] [Fatal Error] :1:1: Premature end of file.
2026-05-07 11:20:43,906 [ERROR] LogOutputStream:75 - [STDERR_REDIRECT] 
2026-05-07 11:20:44,897 [ERROR] LogOutputStream:75 - [STDERR_REDIRECT] [Fatal Error] :1:1: Premature end of file.
2026-05-07 11:20:44,897 [ERROR] LogOutputStream:75 - [STDERR_REDIRECT] 
2026-05-07 11:20:45,913 [ERROR] LogOutputStream:75 - [STDERR_REDIRECT] [Fatal Error] :1:1: Premature end of file.
2026-05-07 11:20:45,913 [ERROR] LogOutputStream:75 - [STDERR_REDIRECT] 
2026-05-07 11:20:46,916 [ERROR] LogOutputStream:75 - [STDERR_REDIRECT] [Fatal Error] :1:1: Premature end of file.
2026-05-07 11:20:46,916 [ERROR] LogOutputStream:75 - [STDERR_REDIRECT] 
2026-05-07 11:20:47,896 [ERROR] LogOutputStream:75 - [STDERR_REDIRECT] [Fatal Error] :1:1: Premature end of file.
2026-05-07 11:20:47,896 [ERROR] LogOutputStream:75 - [STDERR_REDIRECT] 
2026-05-07 11:20:48,894 [ERROR] LogOutputStream:75 - [STDERR_REDIRECT] [Fatal Error] :1:1: Premature end of file.
2026-05-07 11:20:48,894 [ERROR] LogOutputStream:75 - [STDERR_REDIRECT] 
2026-05-07 11:20:49,890 [ERROR] LogOutputStream:75 - [STDERR_REDIRECT] [Fatal Error] :1:1: Premature end of file.
2026-05-07 11:20:49,890 [ERROR] LogOutputStream:75 - [STDERR_REDIRECT] 
2026-05-07 11:20:50,920 [ERROR] LogOutputStream:75 - [STDERR_REDIRECT] [Fatal Error] :1:1: Premature end of file.
2026-05-07 11:20:50,920 [ERROR] LogOutputStream:75 - [STDERR_REDIRECT] 
2026-05-07 11:20:51,896 [ERROR] LogOutputStream:75 - [STDERR_REDIRECT] [Fatal Error] :1:1: Premature end of file.
2026-05-07 11:20:51,896 [ERROR] LogOutputStream:75 - [STDERR_REDIRECT] 
2026-05-07 11:20:52,916 [ERROR] LogOutputStream:75 - [STDERR_REDIRECT] [Fatal Error] :1:1: Premature end of file.
2026-05-07 11:20:52,916 [ERROR] LogOutputStream:75 - [STDERR_REDIRECT] 
2026-05-07 11:20:53,918 [ERROR] LogOutputStream:75 - [STDERR_REDIRECT] [Fatal Error] :1:1: Premature end of file.
2026-05-07 11:20:53,918 [ERROR] LogOutputStream:75 - [STDERR_REDIRECT] 
2026-05-07 11:20:54,898 [ERROR] LogOutputStream:75 - [STDERR_REDIRECT] [Fatal Error] :1:1: Premature end of file.
2026-05-07 11:20:54,898 [ERROR] LogOutputStream:75 - [STDERR_REDIRECT] 
2026-05-07 11:20:55,905 [ERROR] LogOutputStream:75 - [STDERR_REDIRECT] [Fatal Error] :1:1: Premature end of file.
2026-05-07 11:20:55,905 [ERROR] LogOutputStream:75 - [STDERR_REDIRECT] 
2026-05-07 11:20:56,895 [ERROR] LogOutputStream:75 - [STDERR_REDIRECT] [Fatal Error] :1:1: Premature end of file.
2026-05-07 11:20:56,895 [ERROR] LogOutputStream:75 - [STDERR_REDIRECT] 
2026-05-07 11:20:57,910 [ERROR] LogOutputStream:75 - [STDERR_REDIRECT] [Fatal Error] :1:1: Premature end of file.
2026-05-07 11:20:57,910 [ERROR] LogOutputStream:75 - [STDERR_REDIRECT] 
2026-05-07 11:20:58,909 [ERROR] LogOutputStream:75 - [STDERR_REDIRECT] [Fatal Error] :1:1: Premature end of file.
2026-05-07 11:20:58,909 [ERROR] LogOutputStream:75 - [STDERR_REDIRECT] 
2026-05-07 11:20:59,888 [ERROR] LogOutputStream:75 - [STDERR_REDIRECT] [Fatal Error] :1:1: Premature end of file.
2026-05-07 11:20:59,888 [ERROR] LogOutputStream:75 - [STDERR_REDIRECT] 
2026-05-07 11:21:00,913 [ERROR] LogOutputStream:75 - [STDERR_REDIRECT] [Fatal Error] :1:1: Premature end of file.
2026-05-07 11:21:00,914 [ERROR] LogOutputStream:75 - [STDERR_REDIRECT] 
2026-05-07 11:21:01,916 [ERROR] LogOutputStream:75 - [STDERR_REDIRECT] [Fatal Error] :1:1: Premature end of file.
2026-05-07 11:21:01,916 [ERROR] LogOutputStream:75 - [STDERR_REDIRECT] 
2026-05-07 11:21:02,902 [ERROR] LogOutputStream:75 - [STDERR_REDIRECT] [Fatal Error] :1:1: Premature end of file.
2026-05-07 11:21:02,902 [ERROR] LogOutputStream:75 - [STDERR_REDIRECT] 
2026-05-07 11:21:03,907 [ERROR] LogOutputStream:75 - [STDERR_REDIRECT] [Fatal Error] :1:1: Premature end of file.
2026-05-07 11:21:03,907 [ERROR] LogOutputStream:75 - [STDERR_REDIRECT] 
2026-05-07 11:21:04,901 [ERROR] LogOutputStream:75 - [STDERR_REDIRECT] [Fatal Error] :1:1: Premature end of file.
2026-05-07 11:21:04,901 [ERROR] LogOutputStream:75 - [STDERR_REDIRECT] 
2026-05-07 11:21:05,895 [ERROR] LogOutputStream:75 - [STDERR_REDIRECT] [Fatal Error] :1:1: Premature end of file.
2026-05-07 11:21:05,911 [ERROR] LogOutputStream:75 - [STDERR_REDIRECT] 
2026-05-07 11:21:06,901 [ERROR] LogOutputStream:75 - [STDERR_REDIRECT] [Fatal Error] :1:1: Premature end of file.
2026-05-07 11:21:06,901 [ERROR] LogOutputStream:75 - [STDERR_REDIRECT] 
2026-05-07 11:21:07,903 [ERROR] LogOutputStream:75 - [STDERR_REDIRECT] [Fatal Error] :1:1: Premature end of file.
2026-05-07 11:21:07,903 [ERROR] LogOutputStream:75 - [STDERR_REDIRECT] 
2026-05-07 11:21:08,895 [ERROR] LogOutputStream:75 - [STDERR_REDIRECT] [Fatal Error] :1:1: Premature end of file.
2026-05-07 11:21:08,895 [ERROR] LogOutputStream:75 - [STDERR_REDIRECT] 
2026-05-07 11:21:09,900 [ERROR] LogOutputStream:75 - [STDERR_REDIRECT] [Fatal Error] :1:1: Premature end of file.
2026-05-07 11:21:09,901 [ERROR] LogOutputStream:75 - [STDERR_REDIRECT] 
2026-05-07 11:21:10,907 [ERROR] LogOutputStream:75 - [STDERR_REDIRECT] [Fatal Error] :1:1: Premature end of file.
2026-05-07 11:21:10,907 [ERROR] LogOutputStream:75 - [STDERR_REDIRECT] 
2026-05-07 11:21:11,905 [ERROR] LogOutputStream:75 - [STDERR_REDIRECT] [Fatal Error] :1:1: Premature end of file.
2026-05-07 11:21:11,905 [ERROR] LogOutputStream:75 - [STDERR_REDIRECT] 
2026-05-07 11:21:12,907 [ERROR] LogOutputStream:75 - [STDERR_REDIRECT] [Fatal Error] :1:1: Premature end of file.
2026-05-07 11:21:12,907 [ERROR] LogOutputStream:75 - [STDERR_REDIRECT] 
2026-05-07 11:21:13,888 [ERROR] LogOutputStream:75 - [STDERR_REDIRECT] [Fatal Error] :1:1: Premature end of file.
2026-05-07 11:21:13,888 [ERROR] LogOutputStream:75 - [STDERR_REDIRECT] 
2026-05-07 11:21:14,905 [ERROR] LogOutputStream:75 - [STDERR_REDIRECT] [Fatal Error] :1:1: Premature end of file.
2026-05-07 11:21:14,906 [ERROR] LogOutputStream:75 - [STDERR_REDIRECT] 
2026-05-07 11:21:15,902 [ERROR] LogOutputStream:75 - [STDERR_REDIRECT] [Fatal Error] :1:1: Premature end of file.
2026-05-07 11:21:15,904 [ERROR] LogOutputStream:75 - [STDERR_REDIRECT] 
2026-05-07 11:21:16,899 [ERROR] LogOutputStream:75 - [STDERR_REDIRECT] [Fatal Error] :1:1: Premature end of file.
2026-05-07 11:21:16,899 [ERROR] LogOutputStream:75 - [STDERR_REDIRECT] 
2026-05-07 11:21:17,908 [ERROR] LogOutputStream:75 - [STDERR_REDIRECT] [Fatal Error] :1:1: Premature end of file.
2026-05-07 11:21:17,908 [ERROR] LogOutputStream:75 - [STDERR_REDIRECT] 
2026-05-07 11:21:18,902 [ERROR] LogOutputStream:75 - [STDERR_REDIRECT] [Fatal Error] :1:1: Premature end of file.
2026-05-07 11:21:18,902 [ERROR] LogOutputStream:75 - [STDERR_REDIRECT] 
2026-05-07 11:21:19,899 [ERROR] LogOutputStream:75 - [STDERR_REDIRECT] [Fatal Error] :1:1: Premature end of file.
2026-05-07 11:21:19,899 [ERROR] LogOutputStream:75 - [STDERR_REDIRECT] 
2026-05-07 11:21:20,894 [ERROR] LogOutputStream:75 - [STDERR_REDIRECT] [Fatal Error] :1:1: Premature end of file.
2026-05-07 11:21:20,894 [ERROR] LogOutputStream:75 - [STDERR_REDIRECT] 
2026-05-07 11:21:21,906 [ERROR] LogOutputStream:75 - [STDERR_REDIRECT] [Fatal Error] :1:1: Premature end of file.
2026-05-07 11:21:21,906 [ERROR] LogOutputStream:75 - [STDERR_REDIRECT] 
2026-05-07 11:21:22,903 [ERROR] LogOutputStream:75 - [STDERR_REDIRECT] [Fatal Error] :1:1: Premature end of file.
2026-05-07 11:21:22,903 [ERROR] LogOutputStream:75 - [STDERR_REDIRECT] 
2026-05-07 11:21:23,902 [ERROR] LogOutputStream:75 - [STDERR_REDIRECT] [Fatal Error] :1:1: Premature end of file.
2026-05-07 11:21:23,902 [ERROR] LogOutputStream:75 - [STDERR_REDIRECT] 
2026-05-07 11:21:24,917 [ERROR] LogOutputStream:75 - [STDERR_REDIRECT] [Fatal Error] :1:1: Premature end of file.
2026-05-07 11:21:24,918 [ERROR] LogOutputStream:75 - [STDERR_REDIRECT] 
2026-05-07 11:21:25,895 [ERROR] LogOutputStream:75 - [STDERR_REDIRECT] [Fatal Error] :1:1: Premature end of file.
2026-05-07 11:21:25,895 [ERROR] LogOutputStream:75 - [STDERR_REDIRECT] 
2026-05-07 11:21:26,899 [ERROR] LogOutputStream:75 - [STDERR_REDIRECT] [Fatal Error] :1:1: Premature end of file.
2026-05-07 11:21:26,900 [ERROR] LogOutputStream:75 - [STDERR_REDIRECT] 
2026-05-07 11:21:27,911 [ERROR] LogOutputStream:75 - [STDERR_REDIRECT] [Fatal Error] :1:1: Premature end of file.
2026-05-07 11:21:27,911 [ERROR] LogOutputStream:75 - [STDERR_REDIRECT] 
2026-05-07 11:21:28,908 [ERROR] LogOutputStream:75 - [STDERR_REDIRECT] [Fatal Error] :1:1: Premature end of file.
2026-05-07 11:21:28,908 [ERROR] LogOutputStream:75 - [STDERR_REDIRECT] 
2026-05-07 11:21:29,900 [ERROR] LogOutputStream:75 - [STDERR_REDIRECT] [Fatal Error] :1:1: Premature end of file.
2026-05-07 11:21:29,900 [ERROR] LogOutputStream:75 - [STDERR_REDIRECT] 
2026-05-07 11:21:30,891 [ERROR] LogOutputStream:75 - [STDERR_REDIRECT] [Fatal Error] :1:1: Premature end of file.
2026-05-07 11:21:30,891 [ERROR] LogOutputStream:75 - [STDERR_REDIRECT] 
2026-05-07 11:21:31,906 [ERROR] LogOutputStream:75 - [STDERR_REDIRECT] [Fatal Error] :1:1: Premature end of file.
2026-05-07 11:21:31,906 [ERROR] LogOutputStream:75 - [STDERR_REDIRECT] 
2026-05-07 11:21:32,893 [ERROR] LogOutputStream:75 - [STDERR_REDIRECT] [Fatal Error] :1:1: Premature end of file.
2026-05-07 11:21:32,893 [ERROR] LogOutputStream:75 - [STDERR_REDIRECT] 
2026-05-07 11:21:33,905 [ERROR] LogOutputStream:75 - [STDERR_REDIRECT] [Fatal Error] :1:1: Premature end of file.
2026-05-07 11:21:33,905 [ERROR] LogOutputStream:75 - [STDERR_REDIRECT] 
2026-05-07 11:21:34,898 [ERROR] LogOutputStream:75 - [STDERR_REDIRECT] [Fatal Error] :1:1: Premature end of file.
2026-05-07 11:21:34,898 [ERROR] LogOutputStream:75 - [STDERR_REDIRECT] 
2026-05-07 11:21:35,911 [ERROR] LogOutputStream:75 - [STDERR_REDIRECT] [Fatal Error] :1:1: Premature end of file.
2026-05-07 11:21:35,911 [ERROR] LogOutputStream:75 - [STDERR_REDIRECT] 
2026-05-07 11:21:36,897 [ERROR] LogOutputStream:75 - [STDERR_REDIRECT] [Fatal Error] :1:1: Premature end of file.
2026-05-07 11:21:36,897 [ERROR] LogOutputStream:75 - [STDERR_REDIRECT] 
2026-05-07 11:21:37,897 [ERROR] LogOutputStream:75 - [STDERR_REDIRECT] [Fatal Error] :1:1: Premature end of file.
2026-05-07 11:21:37,897 [ERROR] LogOutputStream:75 - [STDERR_REDIRECT] 
2026-05-07 11:21:38,901 [ERROR] LogOutputStream:75 - [STDERR_REDIRECT] [Fatal Error] :1:1: Premature end of file.
2026-05-07 11:21:38,901 [ERROR] LogOutputStream:75 - [STDERR_REDIRECT] 
2026-05-07 11:21:39,895 [ERROR] LogOutputStream:75 - [STDERR_REDIRECT] [Fatal Error] :1:1: Premature end of file.
2026-05-07 11:21:39,895 [ERROR] LogOutputStream:75 - [STDERR_REDIRECT] 
2026-05-07 11:21:40,887 [ERROR] LogOutputStream:75 - [STDERR_REDIRECT] [Fatal Error] :1:1: Premature end of file.
2026-05-07 11:21:40,888 [ERROR] LogOutputStream:75 - [STDERR_REDIRECT] 
2026-05-07 11:21:41,919 [ERROR] LogOutputStream:75 - [STDERR_REDIRECT] [Fatal Error] :1:1: Premature end of file.
2026-05-07 11:21:41,919 [ERROR] LogOutputStream:75 - [STDERR_REDIRECT] 
2026-05-07 11:21:42,909 [ERROR] LogOutputStream:75 - [STDERR_REDIRECT] [Fatal Error] :1:1: Premature end of file.
2026-05-07 11:21:42,909 [ERROR] LogOutputStream:75 - [STDERR_REDIRECT] 
2026-05-07 11:21:43,880 [ERROR] LogOutputStream:75 - [STDERR_REDIRECT] [Fatal Error] :1:1: Premature end of file.
2026-05-07 11:21:43,880 [ERROR] LogOutputStream:75 - [STDERR_REDIRECT] 
2026-05-07 11:21:44,903 [ERROR] LogOutputStream:75 - [STDERR_REDIRECT] [Fatal Error] :1:1: Premature end of file.
2026-05-07 11:21:44,903 [ERROR] LogOutputStream:75 - [STDERR_REDIRECT] 
2026-05-07 11:21:45,899 [ERROR] LogOutputStream:75 - [STDERR_REDIRECT] [Fatal Error] :1:1: Premature end of file.
2026-05-07 11:21:45,900 [ERROR] LogOutputStream:75 - [STDERR_REDIRECT] 
2026-05-07 11:21:46,905 [ERROR] LogOutputStream:75 - [STDERR_REDIRECT] [Fatal Error] :1:1: Premature end of file.
2026-05-07 11:21:46,905 [ERROR] LogOutputStream:75 - [STDERR_REDIRECT] 
2026-05-07 11:21:47,890 [ERROR] LogOutputStream:75 - [STDERR_REDIRECT] [Fatal Error] :1:1: Premature end of file.
2026-05-07 11:21:47,891 [ERROR] LogOutputStream:75 - [STDERR_REDIRECT] 
2026-05-07 11:21:48,903 [ERROR] LogOutputStream:75 - [STDERR_REDIRECT] [Fatal Error] :1:1: Premature end of file.
2026-05-07 11:21:48,903 [ERROR] LogOutputStream:75 - [STDERR_REDIRECT] 
2026-05-07 11:21:49,889 [ERROR] LogOutputStream:75 - [STDERR_REDIRECT] [Fatal Error] :1:1: Premature end of file.
2026-05-07 11:21:49,889 [ERROR] LogOutputStream:75 - [STDERR_REDIRECT] 
2026-05-07 11:21:50,896 [ERROR] LogOutputStream:75 - [STDERR_REDIRECT] [Fatal Error] :1:1: Premature end of file.
2026-05-07 11:21:50,896 [ERROR] LogOutputStream:75 - [STDERR_REDIRECT] 
2026-05-07 11:21:51,884 [ERROR] LogOutputStream:75 - [STDERR_REDIRECT] [Fatal Error] :1:1: Premature end of file.
2026-05-07 11:21:51,884 [ERROR] LogOutputStream:75 - [STDERR_REDIRECT] 
2026-05-07 11:21:52,891 [ERROR] LogOutputStream:75 - [STDERR_REDIRECT] [Fatal Error] :1:1: Premature end of file.
2026-05-07 11:21:52,891 [ERROR] LogOutputStream:75 - [STDERR_REDIRECT] 
2026-05-07 11:21:53,914 [ERROR] LogOutputStream:75 - [STDERR_REDIRECT] [Fatal Error] :1:1: Premature end of file.
2026-05-07 11:21:53,914 [ERROR] LogOutputStream:75 - [STDERR_REDIRECT] 
2026-05-07 11:21:54,890 [ERROR] LogOutputStream:75 - [STDERR_REDIRECT] [Fatal Error] :1:1: Premature end of file.
2026-05-07 11:21:54,890 [ERROR] LogOutputStream:75 - [STDERR_REDIRECT] 
2026-05-07 11:21:55,878 [ERROR] LogOutputStream:75 - [STDERR_REDIRECT] [Fatal Error] :1:1: Premature end of file.
2026-05-07 11:21:55,879 [ERROR] LogOutputStream:75 - [STDERR_REDIRECT] 
2026-05-07 11:21:56,894 [ERROR] LogOutputStream:75 - [STDERR_REDIRECT] [Fatal Error] :1:1: Premature end of file.
2026-05-07 11:21:56,894 [ERROR] LogOutputStream:75 - [STDERR_REDIRECT] 
2026-05-07 11:21:57,916 [ERROR] LogOutputStream:75 - [STDERR_REDIRECT] [Fatal Error] :1:1: Premature end of file.
2026-05-07 11:21:57,916 [ERROR] LogOutputStream:75 - [STDERR_REDIRECT] 
2026-05-07 11:21:58,912 [ERROR] LogOutputStream:75 - [STDERR_REDIRECT] [Fatal Error] :1:1: Premature end of file.
2026-05-07 11:21:58,912 [ERROR] LogOutputStream:75 - [STDERR_REDIRECT] 
2026-05-07 11:21:59,890 [ERROR] LogOutputStream:75 - [STDERR_REDIRECT] [Fatal Error] :1:1: Premature end of file.
2026-05-07 11:21:59,890 [ERROR] LogOutputStream:75 - [STDERR_REDIRECT] 
2026-05-07 11:22:00,911 [ERROR] LogOutputStream:75 - [STDERR_REDIRECT] [Fatal Error] :1:1: Premature end of file.
2026-05-07 11:22:00,911 [ERROR] LogOutputStream:75 - [STDERR_REDIRECT] 
2026-05-07 11:22:01,918 [ERROR] LogOutputStream:75 - [STDERR_REDIRECT] [Fatal Error] :1:1: Premature end of file.
2026-05-07 11:22:01,918 [ERROR] LogOutputStream:75 - [STDERR_REDIRECT] 
2026-05-07 11:22:02,914 [ERROR] LogOutputStream:75 - [STDERR_REDIRECT] [Fatal Error] :1:1: Premature end of file.
2026-05-07 11:22:02,915 [ERROR] LogOutputStream:75 - [STDERR_REDIRECT] 
2026-05-07 11:22:03,886 [ERROR] LogOutputStream:75 - [STDERR_REDIRECT] [Fatal Error] :1:1: Premature end of file.
2026-05-07 11:22:03,886 [ERROR] LogOutputStream:75 - [STDERR_REDIRECT] 
2026-05-07 11:22:04,891 [ERROR] LogOutputStream:75 - [STDERR_REDIRECT] [Fatal Error] :1:1: Premature end of file.
2026-05-07 11:22:04,891 [ERROR] LogOutputStream:75 - [STDERR_REDIRECT] 
2026-05-07 11:22:05,930 [ERROR] LogOutputStream:75 - [STDERR_REDIRECT] [Fatal Error] :1:1: Premature end of file.
2026-05-07 11:22:05,930 [ERROR] LogOutputStream:75 - [STDERR_REDIRECT] 
2026-05-07 11:22:06,908 [ERROR] LogOutputStream:75 - [STDERR_REDIRECT] [Fatal Error] :1:1: Premature end of file.
2026-05-07 11:22:06,908 [ERROR] LogOutputStream:75 - [STDERR_REDIRECT] 
2026-05-07 11:22:07,902 [ERROR] LogOutputStream:75 - [STDERR_REDIRECT] [Fatal Error] :1:1: Premature end of file.
2026-05-07 11:22:07,907 [ERROR] LogOutputStream:75 - [STDERR_REDIRECT] 
2026-05-07 11:22:08,914 [ERROR] LogOutputStream:75 - [STDERR_REDIRECT] [Fatal Error] :1:1: Premature end of file.
2026-05-07 11:22:08,915 [ERROR] LogOutputStream:75 - [STDERR_REDIRECT] 
2026-05-07 11:22:09,907 [ERROR] LogOutputStream:75 - [STDERR_REDIRECT] [Fatal Error] :1:1: Premature end of file.
2026-05-07 11:22:09,907 [ERROR] LogOutputStream:75 - [STDERR_REDIRECT] 
2026-05-07 11:22:10,893 [ERROR] LogOutputStream:75 - [STDERR_REDIRECT] [Fatal Error] :1:1: Premature end of file.
2026-05-07 11:22:10,893 [ERROR] LogOutputStream:75 - [STDERR_REDIRECT] 
2026-05-07 11:22:11,894 [ERROR] LogOutputStream:75 - [STDERR_REDIRECT] [Fatal Error] :1:1: Premature end of file.
2026-05-07 11:22:11,894 [ERROR] LogOutputStream:75 - [STDERR_REDIRECT] 
2026-05-07 11:22:12,883 [ERROR] LogOutputStream:75 - [STDERR_REDIRECT] [Fatal Error] :1:1: Premature end of file.
2026-05-07 11:22:12,883 [ERROR] LogOutputStream:75 - [STDERR_REDIRECT] 
2026-05-07 11:22:13,892 [ERROR] LogOutputStream:75 - [STDERR_REDIRECT] [Fatal Error] :1:1: Premature end of file.
2026-05-07 11:22:13,892 [ERROR] LogOutputStream:75 - [STDERR_REDIRECT] 
2026-05-07 11:22:14,892 [ERROR] LogOutputStream:75 - [STDERR_REDIRECT] [Fatal Error] :1:1: Premature end of file.
2026-05-07 11:22:14,892 [ERROR] LogOutputStream:75 - [STDERR_REDIRECT] 
2026-05-07 11:22:15,900 [ERROR] LogOutputStream:75 - [STDERR_REDIRECT] [Fatal Error] :1:1: Premature end of file.
2026-05-07 11:22:15,900 [ERROR] LogOutputStream:75 - [STDERR_REDIRECT] 
2026-05-07 11:22:16,926 [ERROR] LogOutputStream:75 - [STDERR_REDIRECT] [Fatal Error] :1:1: Premature end of file.
2026-05-07 11:22:16,926 [ERROR] LogOutputStream:75 - [STDERR_REDIRECT] 
2026-05-07 11:22:17,893 [ERROR] LogOutputStream:75 - [STDERR_REDIRECT] [Fatal Error] :1:1: Premature end of file.
2026-05-07 11:22:17,893 [ERROR] LogOutputStream:75 - [STDERR_REDIRECT] 
2026-05-07 11:22:18,927 [ERROR] LogOutputStream:75 - [STDERR_REDIRECT] [Fatal Error] :1:1: Premature end of file.
2026-05-07 11:22:18,927 [ERROR] LogOutputStream:75 - [STDERR_REDIRECT] 
2026-05-07 11:22:19,915 [ERROR] LogOutputStream:75 - [STDERR_REDIRECT] [Fatal Error] :1:1: Premature end of file.
2026-05-07 11:22:19,915 [ERROR] LogOutputStream:75 - [STDERR_REDIRECT] 
2026-05-07 11:22:20,893 [ERROR] LogOutputStream:75 - [STDERR_REDIRECT] [Fatal Error] :1:1: Premature end of file.
2026-05-07 11:22:20,893 [ERROR] LogOutputStream:75 - [STDERR_REDIRECT] 
2026-05-07 11:22:21,884 [ERROR] LogOutputStream:75 - [STDERR_REDIRECT] [Fatal Error] :1:1: Premature end of file.
2026-05-07 11:22:21,884 [ERROR] LogOutputStream:75 - [STDERR_REDIRECT] 
2026-05-07 11:22:22,902 [ERROR] LogOutputStream:75 - [STDERR_REDIRECT] [Fatal Error] :1:1: Premature end of file.
2026-05-07 11:22:22,902 [ERROR] LogOutputStream:75 - [STDERR_REDIRECT] 
2026-05-07 11:22:23,906 [ERROR] LogOutputStream:75 - [STDERR_REDIRECT] [Fatal Error] :1:1: Premature end of file.
2026-05-07 11:22:23,906 [ERROR] LogOutputStream:75 - [STDERR_REDIRECT] 
2026-05-07 11:22:24,895 [ERROR] LogOutputStream:75 - [STDERR_REDIRECT] [Fatal Error] :1:1: Premature end of file.
2026-05-07 11:22:24,895 [ERROR] LogOutputStream:75 - [STDERR_REDIRECT] 
2026-05-07 11:22:25,896 [ERROR] LogOutputStream:75 - [STDERR_REDIRECT] [Fatal Error] :1:1: Premature end of file.
2026-05-07 11:22:25,897 [ERROR] LogOutputStream:75 - [STDERR_REDIRECT] 
2026-05-07 11:22:26,908 [ERROR] LogOutputStream:75 - [STDERR_REDIRECT] [Fatal Error] :1:1: Premature end of file.
2026-05-07 11:22:26,908 [ERROR] LogOutputStream:75 - [STDERR_REDIRECT] 
2026-05-07 11:22:27,908 [ERROR] LogOutputStream:75 - [STDERR_REDIRECT] [Fatal Error] :1:1: Premature end of file.
2026-05-07 11:22:27,909 [ERROR] LogOutputStream:75 - [STDERR_REDIRECT] 
2026-05-07 11:22:28,907 [ERROR] LogOutputStream:75 - [STDERR_REDIRECT] [Fatal Error] :1:1: Premature end of file.
2026-05-07 11:22:28,908 [ERROR] LogOutputStream:75 - [STDERR_REDIRECT] 
2026-05-07 11:22:29,904 [ERROR] LogOutputStream:75 - [STDERR_REDIRECT] [Fatal Error] :1:1: Premature end of file.
2026-05-07 11:22:29,904 [ERROR] LogOutputStream:75 - [STDERR_REDIRECT] 
2026-05-07 11:22:30,892 [ERROR] LogOutputStream:75 - [STDERR_REDIRECT] [Fatal Error] :1:1: Premature end of file.
2026-05-07 11:22:30,892 [ERROR] LogOutputStream:75 - [STDERR_REDIRECT] 
2026-05-07 11:22:31,891 [ERROR] LogOutputStream:75 - [STDERR_REDIRECT] [Fatal Error] :1:1: Premature end of file.
2026-05-07 11:22:31,892 [ERROR] LogOutputStream:75 - [STDERR_REDIRECT] 
2026-05-07 11:22:32,896 [ERROR] LogOutputStream:75 - [STDERR_REDIRECT] [Fatal Error] :1:1: Premature end of file.
2026-05-07 11:22:32,896 [ERROR] LogOutputStream:75 - [STDERR_REDIRECT] 
2026-05-07 11:22:33,903 [ERROR] LogOutputStream:75 - [STDERR_REDIRECT] [Fatal Error] :1:1: Premature end of file.
2026-05-07 11:22:33,903 [ERROR] LogOutputStream:75 - [STDERR_REDIRECT] 
2026-05-07 11:22:34,893 [ERROR] LogOutputStream:75 - [STDERR_REDIRECT] [Fatal Error] :1:1: Premature end of file.
2026-05-07 11:22:34,893 [ERROR] LogOutputStream:75 - [STDERR_REDIRECT] 
2026-05-07 11:22:35,899 [ERROR] LogOutputStream:75 - [STDERR_REDIRECT] [Fatal Error] :1:1: Premature end of file.
2026-05-07 11:22:35,900 [ERROR] LogOutputStream:75 - [STDERR_REDIRECT] 
2026-05-07 11:22:36,913 [ERROR] LogOutputStream:75 - [STDERR_REDIRECT] [Fatal Error] :1:1: Premature end of file.
2026-05-07 11:22:36,913 [ERROR] LogOutputStream:75 - [STDERR_REDIRECT] 
2026-05-07 11:22:37,905 [ERROR] LogOutputStream:75 - [STDERR_REDIRECT] [Fatal Error] :1:1: Premature end of file.
2026-05-07 11:22:37,906 [ERROR] LogOutputStream:75 - [STDERR_REDIRECT] 
2026-05-07 11:22:38,927 [ERROR] LogOutputStream:75 - [STDERR_REDIRECT] [Fatal Error] :1:1: Premature end of file.
2026-05-07 11:22:38,927 [ERROR] LogOutputStream:75 - [STDERR_REDIRECT] 
2026-05-07 11:22:39,895 [ERROR] LogOutputStream:75 - [STDERR_REDIRECT] [Fatal Error] :1:1: Premature end of file.
2026-05-07 11:22:39,895 [ERROR] LogOutputStream:75 - [STDERR_REDIRECT] 
2026-05-07 11:22:40,892 [ERROR] LogOutputStream:75 - [STDERR_REDIRECT] [Fatal Error] :1:1: Premature end of file.
2026-05-07 11:22:40,893 [ERROR] LogOutputStream:75 - [STDERR_REDIRECT] 
2026-05-07 11:22:41,919 [ERROR] LogOutputStream:75 - [STDERR_REDIRECT] [Fatal Error] :1:1: Premature end of file.
2026-05-07 11:22:41,919 [ERROR] LogOutputStream:75 - [STDERR_REDIRECT] 
2026-05-07 11:22:42,902 [ERROR] LogOutputStream:75 - [STDERR_REDIRECT] [Fatal Error] :1:1: Premature end of file.
2026-05-07 11:22:42,902 [ERROR] LogOutputStream:75 - [STDERR_REDIRECT] 
2026-05-07 11:22:43,900 [ERROR] LogOutputStream:75 - [STDERR_REDIRECT] [Fatal Error] :1:1: Premature end of file.
2026-05-07 11:22:43,901 [ERROR] LogOutputStream:75 - [STDERR_REDIRECT] 
2026-05-07 11:22:44,895 [ERROR] LogOutputStream:75 - [STDERR_REDIRECT] [Fatal Error] :1:1: Premature end of file.
2026-05-07 11:22:44,895 [ERROR] LogOutputStream:75 - [STDERR_REDIRECT] 
2026-05-07 11:22:45,894 [ERROR] LogOutputStream:75 - [STDERR_REDIRECT] [Fatal Error] :1:1: Premature end of file.
2026-05-07 11:22:45,894 [ERROR] LogOutputStream:75 - [STDERR_REDIRECT] 
2026-05-07 11:22:46,898 [ERROR] LogOutputStream:75 - [STDERR_REDIRECT] [Fatal Error] :1:1: Premature end of file.
2026-05-07 11:22:46,898 [ERROR] LogOutputStream:75 - [STDERR_REDIRECT] 
2026-05-07 11:22:47,909 [ERROR] LogOutputStream:75 - [STDERR_REDIRECT] [Fatal Error] :1:1: Premature end of file.
2026-05-07 11:22:47,909 [ERROR] LogOutputStream:75 - [STDERR_REDIRECT] 
2026-05-07 11:22:48,918 [ERROR] LogOutputStream:75 - [STDERR_REDIRECT] [Fatal Error] :1:1: Premature end of file.
2026-05-07 11:22:48,918 [ERROR] LogOutputStream:75 - [STDERR_REDIRECT] 
2026-05-07 11:22:49,888 [ERROR] LogOutputStream:75 - [STDERR_REDIRECT] [Fatal Error] :1:1: Premature end of file.
2026-05-07 11:22:49,888 [ERROR] LogOutputStream:75 - [STDERR_REDIRECT] 
2026-05-07 11:22:50,917 [ERROR] LogOutputStream:75 - [STDERR_REDIRECT] [Fatal Error] :1:1: Premature end of file.
2026-05-07 11:22:50,917 [ERROR] LogOutputStream:75 - [STDERR_REDIRECT] 
2026-05-07 11:22:51,918 [ERROR] LogOutputStream:75 - [STDERR_REDIRECT] [Fatal Error] :1:1: Premature end of file.
2026-05-07 11:22:51,918 [ERROR] LogOutputStream:75 - [STDERR_REDIRECT] 
2026-05-07 11:22:52,914 [ERROR] LogOutputStream:75 - [STDERR_REDIRECT] [Fatal Error] :1:1: Premature end of file.
2026-05-07 11:22:52,914 [ERROR] LogOutputStream:75 - [STDERR_REDIRECT] 
2026-05-07 11:22:53,905 [ERROR] LogOutputStream:75 - [STDERR_REDIRECT] [Fatal Error] :1:1: Premature end of file.
2026-05-07 11:22:53,905 [ERROR] LogOutputStream:75 - [STDERR_REDIRECT] 
2026-05-07 11:22:54,915 [ERROR] LogOutputStream:75 - [STDERR_REDIRECT] [Fatal Error] :1:1: Premature end of file.
2026-05-07 11:22:54,915 [ERROR] LogOutputStream:75 - [STDERR_REDIRECT] 
2026-05-07 11:22:55,908 [ERROR] LogOutputStream:75 - [STDERR_REDIRECT] [Fatal Error] :1:1: Premature end of file.
2026-05-07 11:22:55,908 [ERROR] LogOutputStream:75 - [STDERR_REDIRECT] 
2026-05-07 11:22:56,903 [ERROR] LogOutputStream:75 - [STDERR_REDIRECT] [Fatal Error] :1:1: Premature end of file.
2026-05-07 11:22:56,903 [ERROR] LogOutputStream:75 - [STDERR_REDIRECT] 
2026-05-07 11:22:57,898 [ERROR] LogOutputStream:75 - [STDERR_REDIRECT] [Fatal Error] :1:1: Premature end of file.
2026-05-07 11:22:57,898 [ERROR] LogOutputStream:75 - [STDERR_REDIRECT] 
2026-05-07 11:22:58,894 [ERROR] LogOutputStream:75 - [STDERR_REDIRECT] [Fatal Error] :1:1: Premature end of file.
2026-05-07 11:22:58,894 [ERROR] LogOutputStream:75 - [STDERR_REDIRECT] 
2026-05-07 11:22:59,914 [ERROR] LogOutputStream:75 - [STDERR_REDIRECT] [Fatal Error] :1:1: Premature end of file.
2026-05-07 11:22:59,914 [ERROR] LogOutputStream:75 - [STDERR_REDIRECT] 
2026-05-07 11:23:00,917 [ERROR] LogOutputStream:75 - [STDERR_REDIRECT] [Fatal Error] :1:1: Premature end of file.
2026-05-07 11:23:00,917 [ERROR] LogOutputStream:75 - [STDERR_REDIRECT] 
2026-05-07 11:23:01,912 [ERROR] LogOutputStream:75 - [STDERR_REDIRECT] [Fatal Error] :1:1: Premature end of file.
2026-05-07 11:23:01,912 [ERROR] LogOutputStream:75 - [STDERR_REDIRECT] 
2026-05-07 11:23:02,896 [ERROR] LogOutputStream:75 - [STDERR_REDIRECT] [Fatal Error] :1:1: Premature end of file.
2026-05-07 11:23:02,896 [ERROR] LogOutputStream:75 - [STDERR_REDIRECT] 
2026-05-07 11:23:03,910 [ERROR] LogOutputStream:75 - [STDERR_REDIRECT] [Fatal Error] :1:1: Premature end of file.
2026-05-07 11:23:03,910 [ERROR] LogOutputStream:75 - [STDERR_REDIRECT] 
2026-05-07 11:23:04,911 [ERROR] LogOutputStream:75 - [STDERR_REDIRECT] [Fatal Error] :1:1: Premature end of file.
2026-05-07 11:23:04,911 [ERROR] LogOutputStream:75 - [STDERR_REDIRECT] 
2026-05-07 11:23:05,921 [ERROR] LogOutputStream:75 - [STDERR_REDIRECT] [Fatal Error] :1:1: Premature end of file.
2026-05-07 11:23:05,921 [ERROR] LogOutputStream:75 - [STDERR_REDIRECT] 
2026-05-07 11:23:06,909 [ERROR] LogOutputStream:75 - [STDERR_REDIRECT] [Fatal Error] :1:1: Premature end of file.
2026-05-07 11:23:06,909 [ERROR] LogOutputStream:75 - [STDERR_REDIRECT] 
2026-05-07 11:23:07,914 [ERROR] LogOutputStream:75 - [STDERR_REDIRECT] [Fatal Error] :1:1: Premature end of file.
2026-05-07 11:23:07,914 [ERROR] LogOutputStream:75 - [STDERR_REDIRECT] 
2026-05-07 11:23:08,896 [ERROR] LogOutputStream:75 - [STDERR_REDIRECT] [Fatal Error] :1:1: Premature end of file.
2026-05-07 11:23:08,896 [ERROR] LogOutputStream:75 - [STDERR_REDIRECT] 
2026-05-07 11:23:09,915 [ERROR] LogOutputStream:75 - [STDERR_REDIRECT] [Fatal Error] :1:1: Premature end of file.
2026-05-07 11:23:09,916 [ERROR] LogOutputStream:75 - [STDERR_REDIRECT] 
2026-05-07 11:23:10,901 [ERROR] LogOutputStream:75 - [STDERR_REDIRECT] [Fatal Error] :1:1: Premature end of file.
2026-05-07 11:23:10,902 [ERROR] LogOutputStream:75 - [STDERR_REDIRECT] 
2026-05-07 11:23:11,919 [ERROR] LogOutputStream:75 - [STDERR_REDIRECT] [Fatal Error] :1:1: Premature end of file.
2026-05-07 11:23:11,920 [ERROR] LogOutputStream:75 - [STDERR_REDIRECT] 
2026-05-07 11:23:12,912 [ERROR] LogOutputStream:75 - [STDERR_REDIRECT] [Fatal Error] :1:1: Premature end of file.
2026-05-07 11:23:12,912 [ERROR] LogOutputStream:75 - [STDERR_REDIRECT] 
2026-05-07 11:23:13,880 [ERROR] LogOutputStream:75 - [STDERR_REDIRECT] [Fatal Error] :1:1: Premature end of file.
2026-05-07 11:23:13,880 [ERROR] LogOutputStream:75 - [STDERR_REDIRECT] 
2026-05-07 11:23:14,905 [ERROR] LogOutputStream:75 - [STDERR_REDIRECT] [Fatal Error] :1:1: Premature end of file.
2026-05-07 11:23:14,905 [ERROR] LogOutputStream:75 - [STDERR_REDIRECT] 
2026-05-07 11:23:15,906 [ERROR] LogOutputStream:75 - [STDERR_REDIRECT] [Fatal Error] :1:1: Premature end of file.
2026-05-07 11:23:15,906 [ERROR] LogOutputStream:75 - [STDERR_REDIRECT] 
2026-05-07 11:23:16,917 [ERROR] LogOutputStream:75 - [STDERR_REDIRECT] [Fatal Error] :1:1: Premature end of file.
2026-05-07 11:23:16,918 [ERROR] LogOutputStream:75 - [STDERR_REDIRECT] 
2026-05-07 11:23:17,894 [ERROR] LogOutputStream:75 - [STDERR_REDIRECT] [Fatal Error] :1:1: Premature end of file.
2026-05-07 11:23:17,894 [ERROR] LogOutputStream:75 - [STDERR_REDIRECT] 
2026-05-07 11:23:18,911 [ERROR] LogOutputStream:75 - [STDERR_REDIRECT] [Fatal Error] :1:1: Premature end of file.
2026-05-07 11:23:18,911 [ERROR] LogOutputStream:75 - [STDERR_REDIRECT] 
2026-05-07 11:23:19,913 [ERROR] LogOutputStream:75 - [STDERR_REDIRECT] [Fatal Error] :1:1: Premature end of file.
2026-05-07 11:23:19,913 [ERROR] LogOutputStream:75 - [STDERR_REDIRECT] 
2026-05-07 11:23:20,914 [ERROR] LogOutputStream:75 - [STDERR_REDIRECT] [Fatal Error] :1:1: Premature end of file.
2026-05-07 11:23:20,914 [ERROR] LogOutputStream:75 - [STDERR_REDIRECT] 
2026-05-07 11:23:21,920 [ERROR] LogOutputStream:75 - [STDERR_REDIRECT] [Fatal Error] :1:1: Premature end of file.
2026-05-07 11:23:21,920 [ERROR] LogOutputStream:75 - [STDERR_REDIRECT] 
2026-05-07 11:23:22,916 [ERROR] LogOutputStream:75 - [STDERR_REDIRECT] [Fatal Error] :1:1: Premature end of file.
2026-05-07 11:23:22,916 [ERROR] LogOutputStream:75 - [STDERR_REDIRECT] 
2026-05-07 11:23:23,912 [ERROR] LogOutputStream:75 - [STDERR_REDIRECT] [Fatal Error] :1:1: Premature end of file.
2026-05-07 11:23:23,912 [ERROR] LogOutputStream:75 - [STDERR_REDIRECT] 
2026-05-07 11:23:24,911 [ERROR] LogOutputStream:75 - [STDERR_REDIRECT] [Fatal Error] :1:1: Premature end of file.
2026-05-07 11:23:24,911 [ERROR] LogOutputStream:75 - [STDERR_REDIRECT] 
2026-05-07 11:23:25,912 [ERROR] LogOutputStream:75 - [STDERR_REDIRECT] [Fatal Error] :1:1: Premature end of file.
2026-05-07 11:23:25,912 [ERROR] LogOutputStream:75 - [STDERR_REDIRECT] 
2026-05-07 11:23:26,911 [ERROR] LogOutputStream:75 - [STDERR_REDIRECT] [Fatal Error] :1:1: Premature end of file.
2026-05-07 11:23:26,911 [ERROR] LogOutputStream:75 - [STDERR_REDIRECT] 
2026-05-07 11:23:27,910 [ERROR] LogOutputStream:75 - [STDERR_REDIRECT] [Fatal Error] :1:1: Premature end of file.
2026-05-07 11:23:27,910 [ERROR] LogOutputStream:75 - [STDERR_REDIRECT] 
2026-05-07 11:23:28,918 [ERROR] LogOutputStream:75 - [STDERR_REDIRECT] [Fatal Error] :1:1: Premature end of file.
2026-05-07 11:23:28,919 [ERROR] LogOutputStream:75 - [STDERR_REDIRECT] 
2026-05-07 11:23:29,911 [ERROR] LogOutputStream:75 - [STDERR_REDIRECT] [Fatal Error] :1:1: Premature end of file.
2026-05-07 11:23:29,911 [ERROR] LogOutputStream:75 - [STDERR_REDIRECT] 
2026-05-07 11:23:30,911 [ERROR] LogOutputStream:75 - [STDERR_REDIRECT] [Fatal Error] :1:1: Premature end of file.
2026-05-07 11:23:30,911 [ERROR] LogOutputStream:75 - [STDERR_REDIRECT] 
2026-05-07 11:23:31,923 [ERROR] LogOutputStream:75 - [STDERR_REDIRECT] [Fatal Error] :1:1: Premature end of file.
2026-05-07 11:23:31,923 [ERROR] LogOutputStream:75 - [STDERR_REDIRECT] 
2026-05-07 11:23:32,897 [ERROR] LogOutputStream:75 - [STDERR_REDIRECT] [Fatal Error] :1:1: Premature end of file.
2026-05-07 11:23:32,897 [ERROR] LogOutputStream:75 - [STDERR_REDIRECT] 
2026-05-07 11:23:33,915 [ERROR] LogOutputStream:75 - [STDERR_REDIRECT] [Fatal Error] :1:1: Premature end of file.
2026-05-07 11:23:33,915 [ERROR] LogOutputStream:75 - [STDERR_REDIRECT] 
2026-05-07 11:23:34,912 [ERROR] LogOutputStream:75 - [STDERR_REDIRECT] [Fatal Error] :1:1: Premature end of file.
2026-05-07 11:23:34,912 [ERROR] LogOutputStream:75 - [STDERR_REDIRECT] 
2026-05-07 11:23:35,896 [ERROR] LogOutputStream:75 - [STDERR_REDIRECT] [Fatal Error] :1:1: Premature end of file.
2026-05-07 11:23:35,909 [ERROR] LogOutputStream:75 - [STDERR_REDIRECT] 
2026-05-07 11:23:36,909 [ERROR] LogOutputStream:75 - [STDERR_REDIRECT] [Fatal Error] :1:1: Premature end of file.
2026-05-07 11:23:36,909 [ERROR] LogOutputStream:75 - [STDERR_REDIRECT] 
2026-05-07 11:23:37,898 [ERROR] LogOutputStream:75 - [STDERR_REDIRECT] [Fatal Error] :1:1: Premature end of file.
2026-05-07 11:23:37,898 [ERROR] LogOutputStream:75 - [STDERR_REDIRECT] 
2026-05-07 11:23:38,918 [ERROR] LogOutputStream:75 - [STDERR_REDIRECT] [Fatal Error] :1:1: Premature end of file.
2026-05-07 11:23:38,918 [ERROR] LogOutputStream:75 - [STDERR_REDIRECT] 
2026-05-07 11:23:39,893 [ERROR] LogOutputStream:75 - [STDERR_REDIRECT] [Fatal Error] :1:1: Premature end of file.
2026-05-07 11:23:39,893 [ERROR] LogOutputStream:75 - [STDERR_REDIRECT] 
2026-05-07 11:23:40,894 [ERROR] LogOutputStream:75 - [STDERR_REDIRECT] [Fatal Error] :1:1: Premature end of file.
2026-05-07 11:23:40,894 [ERROR] LogOutputStream:75 - [STDERR_REDIRECT] 
2026-05-07 11:23:41,901 [ERROR] LogOutputStream:75 - [STDERR_REDIRECT] [Fatal Error] :1:1: Premature end of file.
2026-05-07 11:23:41,901 [ERROR] LogOutputStream:75 - [STDERR_REDIRECT] 
2026-05-07 11:23:42,873 [ERROR] LogOutputStream:75 - [STDERR_REDIRECT] [Fatal Error] :1:1: Premature end of file.
2026-05-07 11:23:42,873 [ERROR] LogOutputStream:75 - [STDERR_REDIRECT] 
2026-05-07 11:23:43,873 [ERROR] LogOutputStream:75 - [STDERR_REDIRECT] [Fatal Error] :1:1: Premature end of file.
2026-05-07 11:23:43,873 [ERROR] LogOutputStream:75 - [STDERR_REDIRECT] 
2026-05-07 11:23:44,895 [ERROR] LogOutputStream:75 - [STDERR_REDIRECT] [Fatal Error] :1:1: Premature end of file.
2026-05-07 11:23:44,895 [ERROR] LogOutputStream:75 - [STDERR_REDIRECT] 
2026-05-07 11:23:45,879 [ERROR] LogOutputStream:75 - [STDERR_REDIRECT] [Fatal Error] :1:1: Premature end of file.
2026-05-07 11:23:45,894 [ERROR] LogOutputStream:75 - [STDERR_REDIRECT] 
2026-05-07 11:23:46,886 [ERROR] LogOutputStream:75 - [STDERR_REDIRECT] [Fatal Error] :1:1: Premature end of file.
2026-05-07 11:23:46,886 [ERROR] LogOutputStream:75 - [STDERR_REDIRECT] 
2026-05-07 11:23:47,885 [ERROR] LogOutputStream:75 - [STDERR_REDIRECT] [Fatal Error] :1:1: Premature end of file.
2026-05-07 11:23:47,886 [ERROR] LogOutputStream:75 - [STDERR_REDIRECT] 
2026-05-07 11:23:48,883 [ERROR] LogOutputStream:75 - [STDERR_REDIRECT] [Fatal Error] :1:1: Premature end of file.
2026-05-07 11:23:48,883 [ERROR] LogOutputStream:75 - [STDERR_REDIRECT] 
2026-05-07 11:23:49,884 [ERROR] LogOutputStream:75 - [STDERR_REDIRECT] [Fatal Error] :1:1: Premature end of file.
2026-05-07 11:23:49,885 [ERROR] LogOutputStream:75 - [STDERR_REDIRECT] 
2026-05-07 11:23:50,886 [ERROR] LogOutputStream:75 - [STDERR_REDIRECT] [Fatal Error] :1:1: Premature end of file.
2026-05-07 11:23:50,886 [ERROR] LogOutputStream:75 - [STDERR_REDIRECT] 
2026-05-07 11:23:51,897 [ERROR] LogOutputStream:75 - [STDERR_REDIRECT] [Fatal Error] :1:1: Premature end of file.
2026-05-07 11:23:51,897 [ERROR] LogOutputStream:75 - [STDERR_REDIRECT] 
2026-05-07 11:23:52,896 [ERROR] LogOutputStream:75 - [STDERR_REDIRECT] [Fatal Error] :1:1: Premature end of file.
2026-05-07 11:23:52,896 [ERROR] LogOutputStream:75 - [STDERR_REDIRECT] 
2026-05-07 11:23:53,916 [ERROR] LogOutputStream:75 - [STDERR_REDIRECT] [Fatal Error] :1:1: Premature end of file.
2026-05-07 11:23:53,916 [ERROR] LogOutputStream:75 - [STDERR_REDIRECT] 
2026-05-07 11:23:54,906 [ERROR] LogOutputStream:75 - [STDERR_REDIRECT] [Fatal Error] :1:1: Premature end of file.
2026-05-07 11:23:54,906 [ERROR] LogOutputStream:75 - [STDERR_REDIRECT] 
2026-05-07 11:23:55,887 [ERROR] LogOutputStream:75 - [STDERR_REDIRECT] [Fatal Error] :1:1: Premature end of file.
2026-05-07 11:23:55,887 [ERROR] LogOutputStream:75 - [STDERR_REDIRECT] 
2026-05-07 11:23:56,887 [ERROR] LogOutputStream:75 - [STDERR_REDIRECT] [Fatal Error] :1:1: Premature end of file.
2026-05-07 11:23:56,887 [ERROR] LogOutputStream:75 - [STDERR_REDIRECT] 
2026-05-07 11:23:57,907 [ERROR] LogOutputStream:75 - [STDERR_REDIRECT] [Fatal Error] :1:1: Premature end of file.
2026-05-07 11:23:57,907 [ERROR] LogOutputStream:75 - [STDERR_REDIRECT] 
2026-05-07 11:23:58,896 [ERROR] LogOutputStream:75 - [STDERR_REDIRECT] [Fatal Error] :1:1: Premature end of file.
2026-05-07 11:23:58,896 [ERROR] LogOutputStream:75 - [STDERR_REDIRECT] 
2026-05-07 11:23:59,890 [ERROR] LogOutputStream:75 - [STDERR_REDIRECT] [Fatal Error] :1:1: Premature end of file.
2026-05-07 11:23:59,890 [ERROR] LogOutputStream:75 - [STDERR_REDIRECT] 
2026-05-07 11:24:00,911 [ERROR] LogOutputStream:75 - [STDERR_REDIRECT] [Fatal Error] :1:1: Premature end of file.
2026-05-07 11:24:00,911 [ERROR] LogOutputStream:75 - [STDERR_REDIRECT] 
2026-05-07 11:24:01,905 [ERROR] LogOutputStream:75 - [STDERR_REDIRECT] [Fatal Error] :1:1: Premature end of file.
2026-05-07 11:24:01,905 [ERROR] LogOutputStream:75 - [STDERR_REDIRECT] 
2026-05-07 11:24:02,914 [ERROR] LogOutputStream:75 - [STDERR_REDIRECT] [Fatal Error] :1:1: Premature end of file.
2026-05-07 11:24:02,914 [ERROR] LogOutputStream:75 - [STDERR_REDIRECT] 
2026-05-07 11:24:03,891 [ERROR] LogOutputStream:75 - [STDERR_REDIRECT] [Fatal Error] :1:1: Premature end of file.
2026-05-07 11:24:03,891 [ERROR] LogOutputStream:75 - [STDERR_REDIRECT] 
2026-05-07 11:24:04,908 [ERROR] LogOutputStream:75 - [STDERR_REDIRECT] [Fatal Error] :1:1: Premature end of file.
2026-05-07 11:24:04,908 [ERROR] LogOutputStream:75 - [STDERR_REDIRECT] 
2026-05-07 11:24:05,908 [ERROR] LogOutputStream:75 - [STDERR_REDIRECT] [Fatal Error] :1:1: Premature end of file.
2026-05-07 11:24:05,908 [ERROR] LogOutputStream:75 - [STDERR_REDIRECT] 
2026-05-07 11:24:06,881 [ERROR] LogOutputStream:75 - [STDERR_REDIRECT] [Fatal Error] :1:1: Premature end of file.
2026-05-07 11:24:06,881 [ERROR] LogOutputStream:75 - [STDERR_REDIRECT] 
2026-05-07 11:24:07,902 [ERROR] LogOutputStream:75 - [STDERR_REDIRECT] [Fatal Error] :1:1: Premature end of file.
2026-05-07 11:24:07,902 [ERROR] LogOutputStream:75 - [STDERR_REDIRECT] 
2026-05-07 11:24:08,905 [ERROR] LogOutputStream:75 - [STDERR_REDIRECT] [Fatal Error] :1:1: Premature end of file.
2026-05-07 11:24:08,905 [ERROR] LogOutputStream:75 - [STDERR_REDIRECT] 
2026-05-07 11:24:09,897 [ERROR] LogOutputStream:75 - [STDERR_REDIRECT] [Fatal Error] :1:1: Premature end of file.
2026-05-07 11:24:09,897 [ERROR] LogOutputStream:75 - [STDERR_REDIRECT] 
2026-05-07 11:24:10,893 [ERROR] LogOutputStream:75 - [STDERR_REDIRECT] [Fatal Error] :1:1: Premature end of file.
2026-05-07 11:24:10,894 [ERROR] LogOutputStream:75 - [STDERR_REDIRECT] 
2026-05-07 11:24:11,893 [ERROR] LogOutputStream:75 - [STDERR_REDIRECT] [Fatal Error] :1:1: Premature end of file.
2026-05-07 11:24:11,894 [ERROR] LogOutputStream:75 - [STDERR_REDIRECT] 
2026-05-07 11:24:12,889 [ERROR] LogOutputStream:75 - [STDERR_REDIRECT] [Fatal Error] :1:1: Premature end of file.
2026-05-07 11:24:12,889 [ERROR] LogOutputStream:75 - [STDERR_REDIRECT] 
2026-05-07 11:24:13,894 [ERROR] LogOutputStream:75 - [STDERR_REDIRECT] [Fatal Error] :1:1: Premature end of file.
2026-05-07 11:24:13,894 [ERROR] LogOutputStream:75 - [STDERR_REDIRECT] 
2026-05-07 11:24:14,882 [ERROR] LogOutputStream:75 - [STDERR_REDIRECT] [Fatal Error] :1:1: Premature end of file.
2026-05-07 11:24:14,882 [ERROR] LogOutputStream:75 - [STDERR_REDIRECT] 
2026-05-07 11:24:15,915 [ERROR] LogOutputStream:75 - [STDERR_REDIRECT] [Fatal Error] :1:1: Premature end of file.
2026-05-07 11:24:15,915 [ERROR] LogOutputStream:75 - [STDERR_REDIRECT] 
2026-05-07 11:24:16,898 [ERROR] LogOutputStream:75 - [STDERR_REDIRECT] [Fatal Error] :1:1: Premature end of file.
2026-05-07 11:24:16,899 [ERROR] LogOutputStream:75 - [STDERR_REDIRECT] 
2026-05-07 11:24:17,898 [ERROR] LogOutputStream:75 - [STDERR_REDIRECT] [Fatal Error] :1:1: Premature end of file.
2026-05-07 11:24:17,899 [ERROR] LogOutputStream:75 - [STDERR_REDIRECT] 
2026-05-07 11:24:18,903 [ERROR] LogOutputStream:75 - [STDERR_REDIRECT] [Fatal Error] :1:1: Premature end of file.
2026-05-07 11:24:18,903 [ERROR] LogOutputStream:75 - [STDERR_REDIRECT] 
2026-05-07 11:24:19,906 [ERROR] LogOutputStream:75 - [STDERR_REDIRECT] [Fatal Error] :1:1: Premature end of file.
2026-05-07 11:24:19,906 [ERROR] LogOutputStream:75 - [STDERR_REDIRECT] 
2026-05-07 11:24:20,904 [ERROR] LogOutputStream:75 - [STDERR_REDIRECT] [Fatal Error] :1:1: Premature end of file.
2026-05-07 11:24:20,904 [ERROR] LogOutputStream:75 - [STDERR_REDIRECT] 
2026-05-07 11:24:21,890 [ERROR] LogOutputStream:75 - [STDERR_REDIRECT] [Fatal Error] :1:1: Premature end of file.
2026-05-07 11:24:21,890 [ERROR] LogOutputStream:75 - [STDERR_REDIRECT] 
2026-05-07 11:24:22,888 [ERROR] LogOutputStream:75 - [STDERR_REDIRECT] [Fatal Error] :1:1: Premature end of file.
2026-05-07 11:24:22,888 [ERROR] LogOutputStream:75 - [STDERR_REDIRECT] 
2026-05-07 11:24:23,910 [ERROR] LogOutputStream:75 - [STDERR_REDIRECT] [Fatal Error] :1:1: Premature end of file.
2026-05-07 11:24:23,910 [ERROR] LogOutputStream:75 - [STDERR_REDIRECT] 
2026-05-07 11:24:24,907 [ERROR] LogOutputStream:75 - [STDERR_REDIRECT] [Fatal Error] :1:1: Premature end of file.
2026-05-07 11:24:24,907 [ERROR] LogOutputStream:75 - [STDERR_REDIRECT] 
2026-05-07 11:24:25,894 [ERROR] LogOutputStream:75 - [STDERR_REDIRECT] [Fatal Error] :1:1: Premature end of file.
2026-05-07 11:24:25,894 [ERROR] LogOutputStream:75 - [STDERR_REDIRECT] 
2026-05-07 11:24:26,903 [ERROR] LogOutputStream:75 - [STDERR_REDIRECT] [Fatal Error] :1:1: Premature end of file.
2026-05-07 11:24:26,903 [ERROR] LogOutputStream:75 - [STDERR_REDIRECT] 
2026-05-07 11:24:27,910 [ERROR] LogOutputStream:75 - [STDERR_REDIRECT] [Fatal Error] :1:1: Premature end of file.
2026-05-07 11:24:27,910 [ERROR] LogOutputStream:75 - [STDERR_REDIRECT] 
2026-05-07 11:24:28,902 [ERROR] LogOutputStream:75 - [STDERR_REDIRECT] [Fatal Error] :1:1: Premature end of file.
2026-05-07 11:24:28,902 [ERROR] LogOutputStream:75 - [STDERR_REDIRECT] 
2026-05-07 11:24:29,895 [ERROR] LogOutputStream:75 - [STDERR_REDIRECT] [Fatal Error] :1:1: Premature end of file.
2026-05-07 11:24:29,896 [ERROR] LogOutputStream:75 - [STDERR_REDIRECT] 
2026-05-07 11:24:30,915 [ERROR] LogOutputStream:75 - [STDERR_REDIRECT] [Fatal Error] :1:1: Premature end of file.
2026-05-07 11:24:30,915 [ERROR] LogOutputStream:75 - [STDERR_REDIRECT] 
2026-05-07 11:24:31,900 [ERROR] LogOutputStream:75 - [STDERR_REDIRECT] [Fatal Error] :1:1: Premature end of file.
2026-05-07 11:24:31,901 [ERROR] LogOutputStream:75 - [STDERR_REDIRECT] 
2026-05-07 11:24:32,893 [ERROR] LogOutputStream:75 - [STDERR_REDIRECT] [Fatal Error] :1:1: Premature end of file.
2026-05-07 11:24:32,893 [ERROR] LogOutputStream:75 - [STDERR_REDIRECT] 
2026-05-07 11:24:33,902 [ERROR] LogOutputStream:75 - [STDERR_REDIRECT] [Fatal Error] :1:1: Premature end of file.
2026-05-07 11:24:33,902 [ERROR] LogOutputStream:75 - [STDERR_REDIRECT] 
2026-05-07 11:24:34,898 [ERROR] LogOutputStream:75 - [STDERR_REDIRECT] [Fatal Error] :1:1: Premature end of file.
2026-05-07 11:24:34,898 [ERROR] LogOutputStream:75 - [STDERR_REDIRECT] 
2026-05-07 11:24:35,905 [ERROR] LogOutputStream:75 - [STDERR_REDIRECT] [Fatal Error] :1:1: Premature end of file.
2026-05-07 11:24:35,905 [ERROR] LogOutputStream:75 - [STDERR_REDIRECT] 
2026-05-07 11:24:36,890 [ERROR] LogOutputStream:75 - [STDERR_REDIRECT] [Fatal Error] :1:1: Premature end of file.
2026-05-07 11:24:36,890 [ERROR] LogOutputStream:75 - [STDERR_REDIRECT] 
2026-05-07 11:24:37,911 [ERROR] LogOutputStream:75 - [STDERR_REDIRECT] [Fatal Error] :1:1: Premature end of file.
2026-05-07 11:24:37,911 [ERROR] LogOutputStream:75 - [STDERR_REDIRECT] 
2026-05-07 11:24:38,912 [ERROR] LogOutputStream:75 - [STDERR_REDIRECT] [Fatal Error] :1:1: Premature end of file.
2026-05-07 11:24:38,912 [ERROR] LogOutputStream:75 - [STDERR_REDIRECT] 
2026-05-07 11:24:39,893 [ERROR] LogOutputStream:75 - [STDERR_REDIRECT] [Fatal Error] :1:1: Premature end of file.
2026-05-07 11:24:39,893 [ERROR] LogOutputStream:75 - [STDERR_REDIRECT] 
2026-05-07 11:24:40,896 [ERROR] LogOutputStream:75 - [STDERR_REDIRECT] [Fatal Error] :1:1: Premature end of file.
2026-05-07 11:24:40,896 [ERROR] LogOutputStream:75 - [STDERR_REDIRECT] 
2026-05-07 11:24:41,894 [ERROR] LogOutputStream:75 - [STDERR_REDIRECT] [Fatal Error] :1:1: Premature end of file.
2026-05-07 11:24:41,894 [ERROR] LogOutputStream:75 - [STDERR_REDIRECT] 
2026-05-07 11:24:42,928 [ERROR] LogOutputStream:75 - [STDERR_REDIRECT] [Fatal Error] :1:1: Premature end of file.
2026-05-07 11:24:42,928 [ERROR] LogOutputStream:75 - [STDERR_REDIRECT] 
2026-05-07 11:24:43,907 [ERROR] LogOutputStream:75 - [STDERR_REDIRECT] [Fatal Error] :1:1: Premature end of file.
2026-05-07 11:24:43,907 [ERROR] LogOutputStream:75 - [STDERR_REDIRECT] 
2026-05-07 11:24:44,911 [ERROR] LogOutputStream:75 - [STDERR_REDIRECT] [Fatal Error] :1:1: Premature end of file.
2026-05-07 11:24:44,911 [ERROR] LogOutputStream:75 - [STDERR_REDIRECT] 
2026-05-07 11:24:45,911 [ERROR] LogOutputStream:75 - [STDERR_REDIRECT] [Fatal Error] :1:1: Premature end of file.
2026-05-07 11:24:45,911 [ERROR] LogOutputStream:75 - [STDERR_REDIRECT] 
2026-05-07 11:24:46,905 [ERROR] LogOutputStream:75 - [STDERR_REDIRECT] [Fatal Error] :1:1: Premature end of file.
2026-05-07 11:24:46,905 [ERROR] LogOutputStream:75 - [STDERR_REDIRECT] 
2026-05-07 11:24:47,893 [ERROR] LogOutputStream:75 - [STDERR_REDIRECT] [Fatal Error] :1:1: Premature end of file.
2026-05-07 11:24:47,893 [ERROR] LogOutputStream:75 - [STDERR_REDIRECT] 
2026-05-07 11:24:48,881 [ERROR] LogOutputStream:75 - [STDERR_REDIRECT] [Fatal Error] :1:1: Premature end of file.
2026-05-07 11:24:48,881 [ERROR] LogOutputStream:75 - [STDERR_REDIRECT] 
2026-05-07 11:24:49,894 [ERROR] LogOutputStream:75 - [STDERR_REDIRECT] [Fatal Error] :1:1: Premature end of file.
2026-05-07 11:24:49,895 [ERROR] LogOutputStream:75 - [STDERR_REDIRECT] 
2026-05-07 11:24:50,907 [ERROR] LogOutputStream:75 - [STDERR_REDIRECT] [Fatal Error] :1:1: Premature end of file.
2026-05-07 11:24:50,907 [ERROR] LogOutputStream:75 - [STDERR_REDIRECT] 
2026-05-07 11:24:51,917 [ERROR] LogOutputStream:75 - [STDERR_REDIRECT] [Fatal Error] :1:1: Premature end of file.
2026-05-07 11:24:51,917 [ERROR] LogOutputStream:75 - [STDERR_REDIRECT] 
2026-05-07 11:24:52,900 [ERROR] LogOutputStream:75 - [STDERR_REDIRECT] [Fatal Error] :1:1: Premature end of file.
2026-05-07 11:24:52,900 [ERROR] LogOutputStream:75 - [STDERR_REDIRECT] 
2026-05-07 11:24:53,891 [ERROR] LogOutputStream:75 - [STDERR_REDIRECT] [Fatal Error] :1:1: Premature end of file.
2026-05-07 11:24:53,891 [ERROR] LogOutputStream:75 - [STDERR_REDIRECT] 
2026-05-07 11:24:54,894 [ERROR] LogOutputStream:75 - [STDERR_REDIRECT] [Fatal Error] :1:1: Premature end of file.
2026-05-07 11:24:54,894 [ERROR] LogOutputStream:75 - [STDERR_REDIRECT] 
2026-05-07 11:24:55,888 [ERROR] LogOutputStream:75 - [STDERR_REDIRECT] [Fatal Error] :1:1: Premature end of file.
2026-05-07 11:24:55,889 [ERROR] LogOutputStream:75 - [STDERR_REDIRECT] 
2026-05-07 11:24:56,893 [ERROR] LogOutputStream:75 - [STDERR_REDIRECT] [Fatal Error] :1:1: Premature end of file.
2026-05-07 11:24:56,893 [ERROR] LogOutputStream:75 - [STDERR_REDIRECT] 
2026-05-07 11:24:57,908 [ERROR] LogOutputStream:75 - [STDERR_REDIRECT] [Fatal Error] :1:1: Premature end of file.
2026-05-07 11:24:57,908 [ERROR] LogOutputStream:75 - [STDERR_REDIRECT] 
2026-05-07 11:24:58,893 [ERROR] LogOutputStream:75 - [STDERR_REDIRECT] [Fatal Error] :1:1: Premature end of file.
2026-05-07 11:24:58,893 [ERROR] LogOutputStream:75 - [STDERR_REDIRECT] 
2026-05-07 11:24:59,899 [ERROR] LogOutputStream:75 - [STDERR_REDIRECT] [Fatal Error] :1:1: Premature end of file.
2026-05-07 11:24:59,899 [ERROR] LogOutputStream:75 - [STDERR_REDIRECT] 
2026-05-07 11:25:00,904 [ERROR] LogOutputStream:75 - [STDERR_REDIRECT] [Fatal Error] :1:1: Premature end of file.
2026-05-07 11:25:00,904 [ERROR] LogOutputStream:75 - [STDERR_REDIRECT] 
2026-05-07 11:25:01,913 [ERROR] LogOutputStream:75 - [STDERR_REDIRECT] [Fatal Error] :1:1: Premature end of file.
2026-05-07 11:25:01,913 [ERROR] LogOutputStream:75 - [STDERR_REDIRECT] 
2026-05-07 11:25:02,886 [ERROR] LogOutputStream:75 - [STDERR_REDIRECT] [Fatal Error] :1:1: Premature end of file.
2026-05-07 11:25:02,886 [ERROR] LogOutputStream:75 - [STDERR_REDIRECT] 
2026-05-07 11:25:03,900 [ERROR] LogOutputStream:75 - [STDERR_REDIRECT] [Fatal Error] :1:1: Premature end of file.
2026-05-07 11:25:03,900 [ERROR] LogOutputStream:75 - [STDERR_REDIRECT] 
2026-05-07 11:25:04,880 [ERROR] LogOutputStream:75 - [STDERR_REDIRECT] [Fatal Error] :1:1: Premature end of file.
2026-05-07 11:25:04,880 [ERROR] LogOutputStream:75 - [STDERR_REDIRECT] 
2026-05-07 11:25:05,912 [ERROR] LogOutputStream:75 - [STDERR_REDIRECT] [Fatal Error] :1:1: Premature end of file.
2026-05-07 11:25:05,912 [ERROR] LogOutputStream:75 - [STDERR_REDIRECT] 
2026-05-07 11:25:06,896 [ERROR] LogOutputStream:75 - [STDERR_REDIRECT] [Fatal Error] :1:1: Premature end of file.
2026-05-07 11:25:06,896 [ERROR] LogOutputStream:75 - [STDERR_REDIRECT] 
2026-05-07 11:25:07,895 [ERROR] LogOutputStream:75 - [STDERR_REDIRECT] [Fatal Error] :1:1: Premature end of file.
2026-05-07 11:25:07,895 [ERROR] LogOutputStream:75 - [STDERR_REDIRECT] 
2026-05-07 11:25:08,879 [ERROR] LogOutputStream:75 - [STDERR_REDIRECT] [Fatal Error] :1:1: Premature end of file.
2026-05-07 11:25:08,879 [ERROR] LogOutputStream:75 - [STDERR_REDIRECT] 
2026-05-07 11:25:09,895 [ERROR] LogOutputStream:75 - [STDERR_REDIRECT] [Fatal Error] :1:1: Premature end of file.
2026-05-07 11:25:09,896 [ERROR] LogOutputStream:75 - [STDERR_REDIRECT] 
2026-05-07 11:25:10,903 [ERROR] LogOutputStream:75 - [STDERR_REDIRECT] [Fatal Error] :1:1: Premature end of file.
2026-05-07 11:25:10,903 [ERROR] LogOutputStream:75 - [STDERR_REDIRECT] 
2026-05-07 11:25:11,904 [ERROR] LogOutputStream:75 - [STDERR_REDIRECT] [Fatal Error] :1:1: Premature end of file.
2026-05-07 11:25:11,904 [ERROR] LogOutputStream:75 - [STDERR_REDIRECT] 
2026-05-07 11:25:12,904 [ERROR] LogOutputStream:75 - [STDERR_REDIRECT] [Fatal Error] :1:1: Premature end of file.
2026-05-07 11:25:12,904 [ERROR] LogOutputStream:75 - [STDERR_REDIRECT] 
2026-05-07 11:25:13,894 [ERROR] LogOutputStream:75 - [STDERR_REDIRECT] [Fatal Error] :1:1: Premature end of file.
2026-05-07 11:25:13,894 [ERROR] LogOutputStream:75 - [STDERR_REDIRECT] 
2026-05-07 11:25:14,895 [ERROR] LogOutputStream:75 - [STDERR_REDIRECT] [Fatal Error] :1:1: Premature end of file.
2026-05-07 11:25:14,895 [ERROR] LogOutputStream:75 - [STDERR_REDIRECT] 
2026-05-07 11:25:15,895 [ERROR] LogOutputStream:75 - [STDERR_REDIRECT] [Fatal Error] :1:1: Premature end of file.
2026-05-07 11:25:15,895 [ERROR] LogOutputStream:75 - [STDERR_REDIRECT] 
2026-05-07 11:25:16,899 [ERROR] LogOutputStream:75 - [STDERR_REDIRECT] [Fatal Error] :1:1: Premature end of file.
2026-05-07 11:25:16,899 [ERROR] LogOutputStream:75 - [STDERR_REDIRECT] 
2026-05-07 11:25:17,898 [ERROR] LogOutputStream:75 - [STDERR_REDIRECT] [Fatal Error] :1:1: Premature end of file.
2026-05-07 11:25:17,898 [ERROR] LogOutputStream:75 - [STDERR_REDIRECT] 
2026-05-07 11:25:18,911 [ERROR] LogOutputStream:75 - [STDERR_REDIRECT] [Fatal Error] :1:1: Premature end of file.
2026-05-07 11:25:18,911 [ERROR] LogOutputStream:75 - [STDERR_REDIRECT] 
2026-05-07 11:25:19,916 [ERROR] LogOutputStream:75 - [STDERR_REDIRECT] [Fatal Error] :1:1: Premature end of file.
2026-05-07 11:25:19,916 [ERROR] LogOutputStream:75 - [STDERR_REDIRECT] 
2026-05-07 11:25:20,890 [ERROR] LogOutputStream:75 - [STDERR_REDIRECT] [Fatal Error] :1:1: Premature end of file.
2026-05-07 11:25:20,891 [ERROR] LogOutputStream:75 - [STDERR_REDIRECT] 
2026-05-07 11:25:21,903 [ERROR] LogOutputStream:75 - [STDERR_REDIRECT] [Fatal Error] :1:1: Premature end of file.
2026-05-07 11:25:21,903 [ERROR] LogOutputStream:75 - [STDERR_REDIRECT] 
2026-05-07 11:25:22,898 [ERROR] LogOutputStream:75 - [STDERR_REDIRECT] [Fatal Error] :1:1: Premature end of file.
2026-05-07 11:25:22,898 [ERROR] LogOutputStream:75 - [STDERR_REDIRECT] 
2026-05-07 11:25:23,913 [ERROR] LogOutputStream:75 - [STDERR_REDIRECT] [Fatal Error] :1:1: Premature end of file.
2026-05-07 11:25:23,913 [ERROR] LogOutputStream:75 - [STDERR_REDIRECT] 
2026-05-07 11:25:24,913 [ERROR] LogOutputStream:75 - [STDERR_REDIRECT] [Fatal Error] :1:1: Premature end of file.
2026-05-07 11:25:24,913 [ERROR] LogOutputStream:75 - [STDERR_REDIRECT] 
2026-05-07 11:25:25,907 [ERROR] LogOutputStream:75 - [STDERR_REDIRECT] [Fatal Error] :1:1: Premature end of file.
2026-05-07 11:25:25,907 [ERROR] LogOutputStream:75 - [STDERR_REDIRECT] 
2026-05-07 11:25:26,889 [ERROR] LogOutputStream:75 - [STDERR_REDIRECT] [Fatal Error] :1:1: Premature end of file.
2026-05-07 11:25:26,889 [ERROR] LogOutputStream:75 - [STDERR_REDIRECT] 
2026-05-07 11:25:27,913 [ERROR] LogOutputStream:75 - [STDERR_REDIRECT] [Fatal Error] :1:1: Premature end of file.
2026-05-07 11:25:27,913 [ERROR] LogOutputStream:75 - [STDERR_REDIRECT] 
2026-05-07 11:25:28,908 [ERROR] LogOutputStream:75 - [STDERR_REDIRECT] [Fatal Error] :1:1: Premature end of file.
2026-05-07 11:25:28,908 [ERROR] LogOutputStream:75 - [STDERR_REDIRECT] 
2026-05-07 11:25:29,910 [ERROR] LogOutputStream:75 - [STDERR_REDIRECT] [Fatal Error] :1:1: Premature end of file.
2026-05-07 11:25:29,910 [ERROR] LogOutputStream:75 - [STDERR_REDIRECT] 
2026-05-07 11:25:30,896 [ERROR] LogOutputStream:75 - [STDERR_REDIRECT] [Fatal Error] :1:1: Premature end of file.
2026-05-07 11:25:30,896 [ERROR] LogOutputStream:75 - [STDERR_REDIRECT] 
2026-05-07 11:25:31,898 [ERROR] LogOutputStream:75 - [STDERR_REDIRECT] [Fatal Error] :1:1: Premature end of file.
2026-05-07 11:25:31,898 [ERROR] LogOutputStream:75 - [STDERR_REDIRECT] 
2026-05-07 11:25:32,897 [ERROR] LogOutputStream:75 - [STDERR_REDIRECT] [Fatal Error] :1:1: Premature end of file.
2026-05-07 11:25:32,897 [ERROR] LogOutputStream:75 - [STDERR_REDIRECT] 
2026-05-07 11:25:33,929 [ERROR] LogOutputStream:75 - [STDERR_REDIRECT] [Fatal Error] :1:1: Premature end of file.
2026-05-07 11:25:33,929 [ERROR] LogOutputStream:75 - [STDERR_REDIRECT] 
2026-05-07 11:25:34,897 [ERROR] LogOutputStream:75 - [STDERR_REDIRECT] [Fatal Error] :1:1: Premature end of file.
2026-05-07 11:25:34,897 [ERROR] LogOutputStream:75 - [STDERR_REDIRECT] 
2026-05-07 11:25:35,897 [ERROR] LogOutputStream:75 - [STDERR_REDIRECT] [Fatal Error] :1:1: Premature end of file.
2026-05-07 11:25:35,897 [ERROR] LogOutputStream:75 - [STDERR_REDIRECT] 
2026-05-07 11:25:36,906 [ERROR] LogOutputStream:75 - [STDERR_REDIRECT] [Fatal Error] :1:1: Premature end of file.
2026-05-07 11:25:36,906 [ERROR] LogOutputStream:75 - [STDERR_REDIRECT] 
2026-05-07 11:25:37,886 [ERROR] LogOutputStream:75 - [STDERR_REDIRECT] [Fatal Error] :1:1: Premature end of file.
2026-05-07 11:25:37,886 [ERROR] LogOutputStream:75 - [STDERR_REDIRECT] 
2026-05-07 11:25:38,903 [ERROR] LogOutputStream:75 - [STDERR_REDIRECT] [Fatal Error] :1:1: Premature end of file.
2026-05-07 11:25:38,903 [ERROR] LogOutputStream:75 - [STDERR_REDIRECT] 
2026-05-07 11:25:39,896 [ERROR] LogOutputStream:75 - [STDERR_REDIRECT] [Fatal Error] :1:1: Premature end of file.
2026-05-07 11:25:39,896 [ERROR] LogOutputStream:75 - [STDERR_REDIRECT] 
2026-05-07 11:25:40,892 [ERROR] LogOutputStream:75 - [STDERR_REDIRECT] [Fatal Error] :1:1: Premature end of file.
2026-05-07 11:25:40,892 [ERROR] LogOutputStream:75 - [STDERR_REDIRECT] 
2026-05-07 11:25:41,892 [ERROR] LogOutputStream:75 - [STDERR_REDIRECT] [Fatal Error] :1:1: Premature end of file.
2026-05-07 11:25:41,892 [ERROR] LogOutputStream:75 - [STDERR_REDIRECT] 
2026-05-07 11:25:42,885 [ERROR] LogOutputStream:75 - [STDERR_REDIRECT] [Fatal Error] :1:1: Premature end of file.
2026-05-07 11:25:42,885 [ERROR] LogOutputStream:75 - [STDERR_REDIRECT] 
2026-05-07 11:25:43,891 [ERROR] LogOutputStream:75 - [STDERR_REDIRECT] [Fatal Error] :1:1: Premature end of file.
2026-05-07 11:25:43,891 [ERROR] LogOutputStream:75 - [STDERR_REDIRECT] 
2026-05-07 11:25:44,908 [ERROR] LogOutputStream:75 - [STDERR_REDIRECT] [Fatal Error] :1:1: Premature end of file.
2026-05-07 11:25:44,908 [ERROR] LogOutputStream:75 - [STDERR_REDIRECT] 
2026-05-07 11:25:45,898 [ERROR] LogOutputStream:75 - [STDERR_REDIRECT] [Fatal Error] :1:1: Premature end of file.
2026-05-07 11:25:45,898 [ERROR] LogOutputStream:75 - [STDERR_REDIRECT] 
2026-05-07 11:25:46,890 [ERROR] LogOutputStream:75 - [STDERR_REDIRECT] [Fatal Error] :1:1: Premature end of file.
2026-05-07 11:25:46,890 [ERROR] LogOutputStream:75 - [STDERR_REDIRECT] 
2026-05-07 11:25:47,881 [ERROR] LogOutputStream:75 - [STDERR_REDIRECT] [Fatal Error] :1:1: Premature end of file.
2026-05-07 11:25:47,881 [ERROR] LogOutputStream:75 - [STDERR_REDIRECT] 
2026-05-07 11:25:48,895 [ERROR] LogOutputStream:75 - [STDERR_REDIRECT] [Fatal Error] :1:1: Premature end of file.
2026-05-07 11:25:48,895 [ERROR] LogOutputStream:75 - [STDERR_REDIRECT] 
2026-05-07 11:25:49,887 [ERROR] LogOutputStream:75 - [STDERR_REDIRECT] [Fatal Error] :1:1: Premature end of file.
2026-05-07 11:25:49,887 [ERROR] LogOutputStream:75 - [STDERR_REDIRECT] 
2026-05-07 11:25:50,897 [ERROR] LogOutputStream:75 - [STDERR_REDIRECT] [Fatal Error] :1:1: Premature end of file.
2026-05-07 11:25:50,897 [ERROR] LogOutputStream:75 - [STDERR_REDIRECT] 
2026-05-07 11:25:51,898 [ERROR] LogOutputStream:75 - [STDERR_REDIRECT] [Fatal Error] :1:1: Premature end of file.
2026-05-07 11:25:51,898 [ERROR] LogOutputStream:75 - [STDERR_REDIRECT] 
2026-05-07 11:25:52,897 [ERROR] LogOutputStream:75 - [STDERR_REDIRECT] [Fatal Error] :1:1: Premature end of file.
2026-05-07 11:25:52,897 [ERROR] LogOutputStream:75 - [STDERR_REDIRECT] 
2026-05-07 11:25:53,918 [ERROR] LogOutputStream:75 - [STDERR_REDIRECT] [Fatal Error] :1:1: Premature end of file.
2026-05-07 11:25:53,924 [ERROR] LogOutputStream:75 - [STDERR_REDIRECT] 
2026-05-07 11:25:54,913 [ERROR] LogOutputStream:75 - [STDERR_REDIRECT] [Fatal Error] :1:1: Premature end of file.
2026-05-07 11:25:54,913 [ERROR] LogOutputStream:75 - [STDERR_REDIRECT] 
2026-05-07 11:25:55,892 [ERROR] LogOutputStream:75 - [STDERR_REDIRECT] [Fatal Error] :1:1: Premature end of file.
2026-05-07 11:25:55,893 [ERROR] LogOutputStream:75 - [STDERR_REDIRECT] 
2026-05-07 11:25:56,901 [ERROR] LogOutputStream:75 - [STDERR_REDIRECT] [Fatal Error] :1:1: Premature end of file.
2026-05-07 11:25:56,901 [ERROR] LogOutputStream:75 - [STDERR_REDIRECT] 
2026-05-07 11:25:57,893 [ERROR] LogOutputStream:75 - [STDERR_REDIRECT] [Fatal Error] :1:1: Premature end of file.
2026-05-07 11:25:57,893 [ERROR] LogOutputStream:75 - [STDERR_REDIRECT] 
2026-05-07 11:25:58,897 [ERROR] LogOutputStream:75 - [STDERR_REDIRECT] [Fatal Error] :1:1: Premature end of file.
2026-05-07 11:25:58,897 [ERROR] LogOutputStream:75 - [STDERR_REDIRECT] 
2026-05-07 11:25:59,898 [ERROR] LogOutputStream:75 - [STDERR_REDIRECT] [Fatal Error] :1:1: Premature end of file.
2026-05-07 11:25:59,898 [ERROR] LogOutputStream:75 - [STDERR_REDIRECT] 
2026-05-07 11:26:00,895 [ERROR] LogOutputStream:75 - [STDERR_REDIRECT] [Fatal Error] :1:1: Premature end of file.
2026-05-07 11:26:00,895 [ERROR] LogOutputStream:75 - [STDERR_REDIRECT] 
2026-05-07 11:26:01,898 [ERROR] LogOutputStream:75 - [STDERR_REDIRECT] [Fatal Error] :1:1: Premature end of file.
2026-05-07 11:26:01,899 [ERROR] LogOutputStream:75 - [STDERR_REDIRECT] 
2026-05-07 11:26:02,918 [ERROR] LogOutputStream:75 - [STDERR_REDIRECT] [Fatal Error] :1:1: Premature end of file.
2026-05-07 11:26:02,920 [ERROR] LogOutputStream:75 - [STDERR_REDIRECT] 
2026-05-07 11:26:03,905 [ERROR] LogOutputStream:75 - [STDERR_REDIRECT] [Fatal Error] :1:1: Premature end of file.
2026-05-07 11:26:03,906 [ERROR] LogOutputStream:75 - [STDERR_REDIRECT] 
2026-05-07 11:26:04,911 [ERROR] LogOutputStream:75 - [STDERR_REDIRECT] [Fatal Error] :1:1: Premature end of file.
2026-05-07 11:26:04,911 [ERROR] LogOutputStream:75 - [STDERR_REDIRECT] 
2026-05-07 11:26:05,895 [ERROR] LogOutputStream:75 - [STDERR_REDIRECT] [Fatal Error] :1:1: Premature end of file.
2026-05-07 11:26:05,895 [ERROR] LogOutputStream:75 - [STDERR_REDIRECT] 
2026-05-07 11:26:06,897 [ERROR] LogOutputStream:75 - [STDERR_REDIRECT] [Fatal Error] :1:1: Premature end of file.
2026-05-07 11:26:06,897 [ERROR] LogOutputStream:75 - [STDERR_REDIRECT] 
2026-05-07 11:26:07,905 [ERROR] LogOutputStream:75 - [STDERR_REDIRECT] [Fatal Error] :1:1: Premature end of file.
2026-05-07 11:26:07,905 [ERROR] LogOutputStream:75 - [STDERR_REDIRECT] 
2026-05-07 11:26:08,897 [ERROR] LogOutputStream:75 - [STDERR_REDIRECT] [Fatal Error] :1:1: Premature end of file.
2026-05-07 11:26:08,897 [ERROR] LogOutputStream:75 - [STDERR_REDIRECT] 
2026-05-07 11:26:09,905 [ERROR] LogOutputStream:75 - [STDERR_REDIRECT] [Fatal Error] :1:1: Premature end of file.
2026-05-07 11:26:09,905 [ERROR] LogOutputStream:75 - [STDERR_REDIRECT] 
2026-05-07 11:26:10,901 [ERROR] LogOutputStream:75 - [STDERR_REDIRECT] [Fatal Error] :1:1: Premature end of file.
2026-05-07 11:26:10,901 [ERROR] LogOutputStream:75 - [STDERR_REDIRECT] 
2026-05-07 11:26:11,895 [ERROR] LogOutputStream:75 - [STDERR_REDIRECT] [Fatal Error] :1:1: Premature end of file.
2026-05-07 11:26:11,895 [ERROR] LogOutputStream:75 - [STDERR_REDIRECT] 
2026-05-07 11:26:12,925 [ERROR] LogOutputStream:75 - [STDERR_REDIRECT] [Fatal Error] :1:1: Premature end of file.
2026-05-07 11:26:12,925 [ERROR] LogOutputStream:75 - [STDERR_REDIRECT] 
2026-05-07 11:26:13,901 [ERROR] LogOutputStream:75 - [STDERR_REDIRECT] [Fatal Error] :1:1: Premature end of file.
2026-05-07 11:26:13,901 [ERROR] LogOutputStream:75 - [STDERR_REDIRECT] 
2026-05-07 11:26:14,910 [ERROR] LogOutputStream:75 - [STDERR_REDIRECT] [Fatal Error] :1:1: Premature end of file.
2026-05-07 11:26:14,910 [ERROR] LogOutputStream:75 - [STDERR_REDIRECT] 
2026-05-07 11:26:15,896 [ERROR] LogOutputStream:75 - [STDERR_REDIRECT] [Fatal Error] :1:1: Premature end of file.
2026-05-07 11:26:15,896 [ERROR] LogOutputStream:75 - [STDERR_REDIRECT] 
2026-05-07 11:26:16,904 [ERROR] LogOutputStream:75 - [STDERR_REDIRECT] [Fatal Error] :1:1: Premature end of file.
2026-05-07 11:26:16,905 [ERROR] LogOutputStream:75 - [STDERR_REDIRECT] 
2026-05-07 11:26:17,920 [ERROR] LogOutputStream:75 - [STDERR_REDIRECT] [Fatal Error] :1:1: Premature end of file.
2026-05-07 11:26:17,920 [ERROR] LogOutputStream:75 - [STDERR_REDIRECT] 
2026-05-07 11:26:18,912 [ERROR] LogOutputStream:75 - [STDERR_REDIRECT] [Fatal Error] :1:1: Premature end of file.
2026-05-07 11:26:18,912 [ERROR] LogOutputStream:75 - [STDERR_REDIRECT] 
2026-05-07 11:26:19,889 [ERROR] LogOutputStream:75 - [STDERR_REDIRECT] [Fatal Error] :1:1: Premature end of file.
2026-05-07 11:26:19,890 [ERROR] LogOutputStream:75 - [STDERR_REDIRECT] 
2026-05-07 11:26:20,895 [ERROR] LogOutputStream:75 - [STDERR_REDIRECT] [Fatal Error] :1:1: Premature end of file.
2026-05-07 11:26:20,895 [ERROR] LogOutputStream:75 - [STDERR_REDIRECT] 
2026-05-07 11:26:21,908 [ERROR] LogOutputStream:75 - [STDERR_REDIRECT] [Fatal Error] :1:1: Premature end of file.
2026-05-07 11:26:21,908 [ERROR] LogOutputStream:75 - [STDERR_REDIRECT] 
2026-05-07 11:26:22,893 [ERROR] LogOutputStream:75 - [STDERR_REDIRECT] [Fatal Error] :1:1: Premature end of file.
2026-05-07 11:26:22,893 [ERROR] LogOutputStream:75 - [STDERR_REDIRECT] 
2026-05-07 11:26:23,894 [ERROR] LogOutputStream:75 - [STDERR_REDIRECT] [Fatal Error] :1:1: Premature end of file.
2026-05-07 11:26:23,894 [ERROR] LogOutputStream:75 - [STDERR_REDIRECT] 
2026-05-07 11:26:24,913 [ERROR] LogOutputStream:75 - [STDERR_REDIRECT] [Fatal Error] :1:1: Premature end of file.
2026-05-07 11:26:24,913 [ERROR] LogOutputStream:75 - [STDERR_REDIRECT] 
2026-05-07 11:26:25,897 [ERROR] LogOutputStream:75 - [STDERR_REDIRECT] [Fatal Error] :1:1: Premature end of file.
2026-05-07 11:26:25,897 [ERROR] LogOutputStream:75 - [STDERR_REDIRECT] 
2026-05-07 11:26:26,906 [ERROR] LogOutputStream:75 - [STDERR_REDIRECT] [Fatal Error] :1:1: Premature end of file.
2026-05-07 11:26:26,906 [ERROR] LogOutputStream:75 - [STDERR_REDIRECT] 
2026-05-07 11:26:27,890 [ERROR] LogOutputStream:75 - [STDERR_REDIRECT] [Fatal Error] :1:1: Premature end of file.
2026-05-07 11:26:27,890 [ERROR] LogOutputStream:75 - [STDERR_REDIRECT] 
2026-05-07 11:26:28,903 [ERROR] LogOutputStream:75 - [STDERR_REDIRECT] [Fatal Error] :1:1: Premature end of file.
2026-05-07 11:26:28,903 [ERROR] LogOutputStream:75 - [STDERR_REDIRECT] 
2026-05-07 11:26:29,904 [ERROR] LogOutputStream:75 - [STDERR_REDIRECT] [Fatal Error] :1:1: Premature end of file.
2026-05-07 11:26:29,904 [ERROR] LogOutputStream:75 - [STDERR_REDIRECT] 
2026-05-07 11:26:30,892 [ERROR] LogOutputStream:75 - [STDERR_REDIRECT] [Fatal Error] :1:1: Premature end of file.
2026-05-07 11:26:30,892 [ERROR] LogOutputStream:75 - [STDERR_REDIRECT] 
2026-05-07 11:26:31,895 [ERROR] LogOutputStream:75 - [STDERR_REDIRECT] [Fatal Error] :1:1: Premature end of file.
2026-05-07 11:26:31,895 [ERROR] LogOutputStream:75 - [STDERR_REDIRECT] 
2026-05-07 11:26:32,914 [ERROR] LogOutputStream:75 - [STDERR_REDIRECT] [Fatal Error] :1:1: Premature end of file.
2026-05-07 11:26:32,914 [ERROR] LogOutputStream:75 - [STDERR_REDIRECT] 
2026-05-07 11:26:33,898 [ERROR] LogOutputStream:75 - [STDERR_REDIRECT] [Fatal Error] :1:1: Premature end of file.
2026-05-07 11:26:33,898 [ERROR] LogOutputStream:75 - [STDERR_REDIRECT] 
2026-05-07 11:26:34,905 [ERROR] LogOutputStream:75 - [STDERR_REDIRECT] [Fatal Error] :1:1: Premature end of file.
2026-05-07 11:26:34,905 [ERROR] LogOutputStream:75 - [STDERR_REDIRECT] 
2026-05-07 11:26:35,905 [ERROR] LogOutputStream:75 - [STDERR_REDIRECT] [Fatal Error] :1:1: Premature end of file.
2026-05-07 11:26:35,905 [ERROR] LogOutputStream:75 - [STDERR_REDIRECT] 
2026-05-07 11:26:36,895 [ERROR] LogOutputStream:75 - [STDERR_REDIRECT] [Fatal Error] :1:1: Premature end of file.
2026-05-07 11:26:36,897 [ERROR] LogOutputStream:75 - [STDERR_REDIRECT] 
2026-05-07 11:26:37,897 [ERROR] LogOutputStream:75 - [STDERR_REDIRECT] [Fatal Error] :1:1: Premature end of file.
2026-05-07 11:26:37,897 [ERROR] LogOutputStream:75 - [STDERR_REDIRECT] 
2026-05-07 11:26:38,892 [ERROR] LogOutputStream:75 - [STDERR_REDIRECT] [Fatal Error] :1:1: Premature end of file.
2026-05-07 11:26:38,892 [ERROR] LogOutputStream:75 - [STDERR_REDIRECT] 
2026-05-07 11:26:39,890 [ERROR] LogOutputStream:75 - [STDERR_REDIRECT] [Fatal Error] :1:1: Premature end of file.
2026-05-07 11:26:39,890 [ERROR] LogOutputStream:75 - [STDERR_REDIRECT] 
2026-05-07 11:26:40,898 [ERROR] LogOutputStream:75 - [STDERR_REDIRECT] [Fatal Error] :1:1: Premature end of file.
2026-05-07 11:26:40,898 [ERROR] LogOutputStream:75 - [STDERR_REDIRECT] 
2026-05-07 11:26:41,910 [ERROR] LogOutputStream:75 - [STDERR_REDIRECT] [Fatal Error] :1:1: Premature end of file.
2026-05-07 11:26:41,910 [ERROR] LogOutputStream:75 - [STDERR_REDIRECT] 
2026-05-07 11:26:42,911 [ERROR] LogOutputStream:75 - [STDERR_REDIRECT] [Fatal Error] :1:1: Premature end of file.
2026-05-07 11:26:42,911 [ERROR] LogOutputStream:75 - [STDERR_REDIRECT] 
2026-05-07 11:26:43,911 [ERROR] LogOutputStream:75 - [STDERR_REDIRECT] [Fatal Error] :1:1: Premature end of file.
2026-05-07 11:26:43,911 [ERROR] LogOutputStream:75 - [STDERR_REDIRECT] 
2026-05-07 11:26:44,896 [ERROR] LogOutputStream:75 - [STDERR_REDIRECT] [Fatal Error] :1:1: Premature end of file.
2026-05-07 11:26:44,896 [ERROR] LogOutputStream:75 - [STDERR_REDIRECT] 
2026-05-07 11:26:45,904 [ERROR] LogOutputStream:75 - [STDERR_REDIRECT] [Fatal Error] :1:1: Premature end of file.
2026-05-07 11:26:45,904 [ERROR] LogOutputStream:75 - [STDERR_REDIRECT] 
2026-05-07 11:26:46,897 [ERROR] LogOutputStream:75 - [STDERR_REDIRECT] [Fatal Error] :1:1: Premature end of file.
2026-05-07 11:26:46,897 [ERROR] LogOutputStream:75 - [STDERR_REDIRECT] 
2026-05-07 11:26:47,895 [ERROR] LogOutputStream:75 - [STDERR_REDIRECT] [Fatal Error] :1:1: Premature end of file.
2026-05-07 11:26:47,895 [ERROR] LogOutputStream:75 - [STDERR_REDIRECT] 
2026-05-07 11:26:48,905 [ERROR] LogOutputStream:75 - [STDERR_REDIRECT] [Fatal Error] :1:1: Premature end of file.
2026-05-07 11:26:48,905 [ERROR] LogOutputStream:75 - [STDERR_REDIRECT] 
2026-05-07 11:26:49,891 [ERROR] LogOutputStream:75 - [STDERR_REDIRECT] [Fatal Error] :1:1: Premature end of file.
2026-05-07 11:26:49,891 [ERROR] LogOutputStream:75 - [STDERR_REDIRECT] 
2026-05-07 11:26:50,896 [ERROR] LogOutputStream:75 - [STDERR_REDIRECT] [Fatal Error] :1:1: Premature end of file.
2026-05-07 11:26:50,896 [ERROR] LogOutputStream:75 - [STDERR_REDIRECT] 
2026-05-07 11:26:51,886 [ERROR] LogOutputStream:75 - [STDERR_REDIRECT] [Fatal Error] :1:1: Premature end of file.
2026-05-07 11:26:51,886 [ERROR] LogOutputStream:75 - [STDERR_REDIRECT] 
2026-05-07 11:26:52,906 [ERROR] LogOutputStream:75 - [STDERR_REDIRECT] [Fatal Error] :1:1: Premature end of file.
2026-05-07 11:26:52,906 [ERROR] LogOutputStream:75 - [STDERR_REDIRECT] 
2026-05-07 11:26:53,888 [ERROR] LogOutputStream:75 - [STDERR_REDIRECT] [Fatal Error] :1:1: Premature end of file.
2026-05-07 11:26:53,889 [ERROR] LogOutputStream:75 - [STDERR_REDIRECT] 
2026-05-07 11:26:54,907 [ERROR] LogOutputStream:75 - [STDERR_REDIRECT] [Fatal Error] :1:1: Premature end of file.
2026-05-07 11:26:54,907 [ERROR] LogOutputStream:75 - [STDERR_REDIRECT] 
2026-05-07 11:26:55,918 [ERROR] LogOutputStream:75 - [STDERR_REDIRECT] [Fatal Error] :1:1: Premature end of file.
2026-05-07 11:26:55,918 [ERROR] LogOutputStream:75 - [STDERR_REDIRECT] 
2026-05-07 11:26:56,900 [ERROR] LogOutputStream:75 - [STDERR_REDIRECT] [Fatal Error] :1:1: Premature end of file.
2026-05-07 11:26:56,900 [ERROR] LogOutputStream:75 - [STDERR_REDIRECT] 
2026-05-07 11:26:57,891 [ERROR] LogOutputStream:75 - [STDERR_REDIRECT] [Fatal Error] :1:1: Premature end of file.
2026-05-07 11:26:57,891 [ERROR] LogOutputStream:75 - [STDERR_REDIRECT] 
2026-05-07 11:26:58,909 [ERROR] LogOutputStream:75 - [STDERR_REDIRECT] [Fatal Error] :1:1: Premature end of file.
2026-05-07 11:26:58,909 [ERROR] LogOutputStream:75 - [STDERR_REDIRECT] 
2026-05-07 11:26:59,894 [ERROR] LogOutputStream:75 - [STDERR_REDIRECT] [Fatal Error] :1:1: Premature end of file.
2026-05-07 11:26:59,894 [ERROR] LogOutputStream:75 - [STDERR_REDIRECT] 
2026-05-07 11:27:00,896 [ERROR] LogOutputStream:75 - [STDERR_REDIRECT] [Fatal Error] :1:1: Premature end of file.
2026-05-07 11:27:00,896 [ERROR] LogOutputStream:75 - [STDERR_REDIRECT] 
2026-05-07 11:27:01,919 [ERROR] LogOutputStream:75 - [STDERR_REDIRECT] [Fatal Error] :1:1: Premature end of file.
2026-05-07 11:27:01,919 [ERROR] LogOutputStream:75 - [STDERR_REDIRECT] 
2026-05-07 11:27:02,899 [ERROR] LogOutputStream:75 - [STDERR_REDIRECT] [Fatal Error] :1:1: Premature end of file.
2026-05-07 11:27:02,899 [ERROR] LogOutputStream:75 - [STDERR_REDIRECT] 
2026-05-07 11:27:03,925 [ERROR] LogOutputStream:75 - [STDERR_REDIRECT] [Fatal Error] :1:1: Premature end of file.
2026-05-07 11:27:03,926 [ERROR] LogOutputStream:75 - [STDERR_REDIRECT] 
2026-05-07 11:27:04,896 [ERROR] LogOutputStream:75 - [STDERR_REDIRECT] [Fatal Error] :1:1: Premature end of file.
2026-05-07 11:27:04,897 [ERROR] LogOutputStream:75 - [STDERR_REDIRECT] 
2026-05-07 11:27:05,901 [ERROR] LogOutputStream:75 - [STDERR_REDIRECT] [Fatal Error] :1:1: Premature end of file.
2026-05-07 11:27:05,901 [ERROR] LogOutputStream:75 - [STDERR_REDIRECT] 
2026-05-07 11:27:06,892 [ERROR] LogOutputStream:75 - [STDERR_REDIRECT] [Fatal Error] :1:1: Premature end of file.
2026-05-07 11:27:06,892 [ERROR] LogOutputStream:75 - [STDERR_REDIRECT] 
2026-05-07 11:27:07,900 [ERROR] LogOutputStream:75 - [STDERR_REDIRECT] [Fatal Error] :1:1: Premature end of file.
2026-05-07 11:27:07,900 [ERROR] LogOutputStream:75 - [STDERR_REDIRECT] 
2026-05-07 11:27:08,893 [ERROR] LogOutputStream:75 - [STDERR_REDIRECT] [Fatal Error] :1:1: Premature end of file.
2026-05-07 11:27:08,893 [ERROR] LogOutputStream:75 - [STDERR_REDIRECT] 
2026-05-07 11:27:09,889 [ERROR] LogOutputStream:75 - [STDERR_REDIRECT] [Fatal Error] :1:1: Premature end of file.
2026-05-07 11:27:09,889 [ERROR] LogOutputStream:75 - [STDERR_REDIRECT] 
2026-05-07 11:27:10,887 [ERROR] LogOutputStream:75 - [STDERR_REDIRECT] [Fatal Error] :1:1: Premature end of file.
2026-05-07 11:27:10,887 [ERROR] LogOutputStream:75 - [STDERR_REDIRECT] 
2026-05-07 11:27:11,894 [ERROR] LogOutputStream:75 - [STDERR_REDIRECT] [Fatal Error] :1:1: Premature end of file.
2026-05-07 11:27:11,894 [ERROR] LogOutputStream:75 - [STDERR_REDIRECT] 
2026-05-07 11:27:12,888 [ERROR] LogOutputStream:75 - [STDERR_REDIRECT] [Fatal Error] :1:1: Premature end of file.
2026-05-07 11:27:12,888 [ERROR] LogOutputStream:75 - [STDERR_REDIRECT] 
2026-05-07 11:27:13,913 [ERROR] LogOutputStream:75 - [STDERR_REDIRECT] [Fatal Error] :1:1: Premature end of file.
2026-05-07 11:27:13,913 [ERROR] LogOutputStream:75 - [STDERR_REDIRECT] 
2026-05-07 11:27:14,913 [ERROR] LogOutputStream:75 - [STDERR_REDIRECT] [Fatal Error] :1:1: Premature end of file.
2026-05-07 11:27:14,913 [ERROR] LogOutputStream:75 - [STDERR_REDIRECT] 
2026-05-07 11:27:15,896 [ERROR] LogOutputStream:75 - [STDERR_REDIRECT] [Fatal Error] :1:1: Premature end of file.
2026-05-07 11:27:15,910 [ERROR] LogOutputStream:75 - [STDERR_REDIRECT] 
2026-05-07 11:27:16,889 [ERROR] LogOutputStream:75 - [STDERR_REDIRECT] [Fatal Error] :1:1: Premature end of file.
2026-05-07 11:27:16,889 [ERROR] LogOutputStream:75 - [STDERR_REDIRECT] 
2026-05-07 11:27:17,893 [ERROR] LogOutputStream:75 - [STDERR_REDIRECT] [Fatal Error] :1:1: Premature end of file.
2026-05-07 11:27:17,893 [ERROR] LogOutputStream:75 - [STDERR_REDIRECT] 
2026-05-07 11:27:18,896 [ERROR] LogOutputStream:75 - [STDERR_REDIRECT] [Fatal Error] :1:1: Premature end of file.
2026-05-07 11:27:18,896 [ERROR] LogOutputStream:75 - [STDERR_REDIRECT] 
2026-05-07 11:27:19,913 [ERROR] LogOutputStream:75 - [STDERR_REDIRECT] [Fatal Error] :1:1: Premature end of file.
2026-05-07 11:27:19,913 [ERROR] LogOutputStream:75 - [STDERR_REDIRECT] 
2026-05-07 11:27:20,897 [ERROR] LogOutputStream:75 - [STDERR_REDIRECT] [Fatal Error] :1:1: Premature end of file.
2026-05-07 11:27:20,897 [ERROR] LogOutputStream:75 - [STDERR_REDIRECT] 
2026-05-07 11:27:21,889 [ERROR] LogOutputStream:75 - [STDERR_REDIRECT] [Fatal Error] :1:1: Premature end of file.
2026-05-07 11:27:21,903 [ERROR] LogOutputStream:75 - [STDERR_REDIRECT] 
2026-05-07 11:27:22,914 [ERROR] LogOutputStream:75 - [STDERR_REDIRECT] [Fatal Error] :1:1: Premature end of file.
2026-05-07 11:27:22,914 [ERROR] LogOutputStream:75 - [STDERR_REDIRECT] 
2026-05-07 11:27:23,929 [ERROR] LogOutputStream:75 - [STDERR_REDIRECT] [Fatal Error] :1:1: Premature end of file.
2026-05-07 11:27:23,929 [ERROR] LogOutputStream:75 - [STDERR_REDIRECT] 
2026-05-07 11:27:24,913 [ERROR] LogOutputStream:75 - [STDERR_REDIRECT] [Fatal Error] :1:1: Premature end of file.
2026-05-07 11:27:24,913 [ERROR] LogOutputStream:75 - [STDERR_REDIRECT] 
2026-05-07 11:27:25,897 [ERROR] LogOutputStream:75 - [STDERR_REDIRECT] [Fatal Error] :1:1: Premature end of file.
2026-05-07 11:27:25,897 [ERROR] LogOutputStream:75 - [STDERR_REDIRECT] 
2026-05-07 11:27:26,907 [ERROR] LogOutputStream:75 - [STDERR_REDIRECT] [Fatal Error] :1:1: Premature end of file.
2026-05-07 11:27:26,908 [ERROR] LogOutputStream:75 - [STDERR_REDIRECT] 
2026-05-07 11:27:27,910 [ERROR] LogOutputStream:75 - [STDERR_REDIRECT] [Fatal Error] :1:1: Premature end of file.
2026-05-07 11:27:27,910 [ERROR] LogOutputStream:75 - [STDERR_REDIRECT] 
2026-05-07 11:27:28,908 [ERROR] LogOutputStream:75 - [STDERR_REDIRECT] [Fatal Error] :1:1: Premature end of file.
2026-05-07 11:27:28,908 [ERROR] LogOutputStream:75 - [STDERR_REDIRECT] 
2026-05-07 11:27:29,897 [ERROR] LogOutputStream:75 - [STDERR_REDIRECT] [Fatal Error] :1:1: Premature end of file.
2026-05-07 11:27:29,913 [ERROR] LogOutputStream:75 - [STDERR_REDIRECT] 
2026-05-07 11:27:30,915 [ERROR] LogOutputStream:75 - [STDERR_REDIRECT] [Fatal Error] :1:1: Premature end of file.
2026-05-07 11:27:30,915 [ERROR] LogOutputStream:75 - [STDERR_REDIRECT] 
2026-05-07 11:27:31,910 [ERROR] LogOutputStream:75 - [STDERR_REDIRECT] [Fatal Error] :1:1: Premature end of file.
2026-05-07 11:27:31,911 [ERROR] LogOutputStream:75 - [STDERR_REDIRECT] 
2026-05-07 11:27:32,912 [ERROR] LogOutputStream:75 - [STDERR_REDIRECT] [Fatal Error] :1:1: Premature end of file.
2026-05-07 11:27:32,912 [ERROR] LogOutputStream:75 - [STDERR_REDIRECT] 
2026-05-07 11:27:33,928 [ERROR] LogOutputStream:75 - [STDERR_REDIRECT] [Fatal Error] :1:1: Premature end of file.
2026-05-07 11:27:33,928 [ERROR] LogOutputStream:75 - [STDERR_REDIRECT] 
2026-05-07 11:27:34,897 [ERROR] LogOutputStream:75 - [STDERR_REDIRECT] [Fatal Error] :1:1: Premature end of file.
2026-05-07 11:27:34,897 [ERROR] LogOutputStream:75 - [STDERR_REDIRECT] 
2026-05-07 11:27:35,897 [ERROR] LogOutputStream:75 - [STDERR_REDIRECT] [Fatal Error] :1:1: Premature end of file.
2026-05-07 11:27:35,897 [ERROR] LogOutputStream:75 - [STDERR_REDIRECT] 
2026-05-07 11:27:36,911 [ERROR] LogOutputStream:75 - [STDERR_REDIRECT] [Fatal Error] :1:1: Premature end of file.
2026-05-07 11:27:36,911 [ERROR] LogOutputStream:75 - [STDERR_REDIRECT] 
2026-05-07 11:27:37,897 [ERROR] LogOutputStream:75 - [STDERR_REDIRECT] [Fatal Error] :1:1: Premature end of file.
2026-05-07 11:27:37,897 [ERROR] LogOutputStream:75 - [STDERR_REDIRECT] 
2026-05-07 11:27:38,934 [ERROR] LogOutputStream:75 - [STDERR_REDIRECT] [Fatal Error] :1:1: Premature end of file.
2026-05-07 11:27:38,934 [ERROR] LogOutputStream:75 - [STDERR_REDIRECT] 
2026-05-07 11:27:39,913 [ERROR] LogOutputStream:75 - [STDERR_REDIRECT] [Fatal Error] :1:1: Premature end of file.
2026-05-07 11:27:39,913 [ERROR] LogOutputStream:75 - [STDERR_REDIRECT] 
2026-05-07 11:27:40,918 [ERROR] LogOutputStream:75 - [STDERR_REDIRECT] [Fatal Error] :1:1: Premature end of file.
2026-05-07 11:27:40,918 [ERROR] LogOutputStream:75 - [STDERR_REDIRECT] 
2026-05-07 11:27:41,915 [ERROR] LogOutputStream:75 - [STDERR_REDIRECT] [Fatal Error] :1:1: Premature end of file.
2026-05-07 11:27:41,915 [ERROR] LogOutputStream:75 - [STDERR_REDIRECT] 
2026-05-07 11:27:42,901 [ERROR] LogOutputStream:75 - [STDERR_REDIRECT] [Fatal Error] :1:1: Premature end of file.
2026-05-07 11:27:42,901 [ERROR] LogOutputStream:75 - [STDERR_REDIRECT] 
2026-05-07 11:27:43,895 [ERROR] LogOutputStream:75 - [STDERR_REDIRECT] [Fatal Error] :1:1: Premature end of file.
2026-05-07 11:27:43,895 [ERROR] LogOutputStream:75 - [STDERR_REDIRECT] 
2026-05-07 11:27:44,911 [ERROR] LogOutputStream:75 - [STDERR_REDIRECT] [Fatal Error] :1:1: Premature end of file.
2026-05-07 11:27:44,911 [ERROR] LogOutputStream:75 - [STDERR_REDIRECT] 
2026-05-07 11:27:45,913 [ERROR] LogOutputStream:75 - [STDERR_REDIRECT] [Fatal Error] :1:1: Premature end of file.
2026-05-07 11:27:45,914 [ERROR] LogOutputStream:75 - [STDERR_REDIRECT] 
2026-05-07 11:27:46,895 [ERROR] LogOutputStream:75 - [STDERR_REDIRECT] [Fatal Error] :1:1: Premature end of file.
2026-05-07 11:27:46,895 [ERROR] LogOutputStream:75 - [STDERR_REDIRECT] 
2026-05-07 11:27:47,911 [ERROR] LogOutputStream:75 - [STDERR_REDIRECT] [Fatal Error] :1:1: Premature end of file.
2026-05-07 11:27:47,912 [ERROR] LogOutputStream:75 - [STDERR_REDIRECT] 
2026-05-07 11:27:48,911 [ERROR] LogOutputStream:75 - [STDERR_REDIRECT] [Fatal Error] :1:1: Premature end of file.
2026-05-07 11:27:48,911 [ERROR] LogOutputStream:75 - [STDERR_REDIRECT] 
2026-05-07 11:27:49,894 [ERROR] LogOutputStream:75 - [STDERR_REDIRECT] [Fatal Error] :1:1: Premature end of file.
2026-05-07 11:27:49,894 [ERROR] LogOutputStream:75 - [STDERR_REDIRECT] 
2026-05-07 11:27:50,907 [ERROR] LogOutputStream:75 - [STDERR_REDIRECT] [Fatal Error] :1:1: Premature end of file.
2026-05-07 11:27:50,908 [ERROR] LogOutputStream:75 - [STDERR_REDIRECT] 
2026-05-07 11:27:51,899 [ERROR] LogOutputStream:75 - [STDERR_REDIRECT] [Fatal Error] :1:1: Premature end of file.
2026-05-07 11:27:51,900 [ERROR] LogOutputStream:75 - [STDERR_REDIRECT] 
2026-05-07 11:27:52,898 [ERROR] LogOutputStream:75 - [STDERR_REDIRECT] [Fatal Error] :1:1: Premature end of file.
2026-05-07 11:27:52,898 [ERROR] LogOutputStream:75 - [STDERR_REDIRECT] 
2026-05-07 11:27:53,905 [ERROR] LogOutputStream:75 - [STDERR_REDIRECT] [Fatal Error] :1:1: Premature end of file.
2026-05-07 11:27:53,905 [ERROR] LogOutputStream:75 - [STDERR_REDIRECT] 
2026-05-07 11:27:54,907 [ERROR] LogOutputStream:75 - [STDERR_REDIRECT] [Fatal Error] :1:1: Premature end of file.
2026-05-07 11:27:54,908 [ERROR] LogOutputStream:75 - [STDERR_REDIRECT] 
2026-05-07 11:27:55,896 [ERROR] LogOutputStream:75 - [STDERR_REDIRECT] [Fatal Error] :1:1: Premature end of file.
2026-05-07 11:27:55,896 [ERROR] LogOutputStream:75 - [STDERR_REDIRECT] 
2026-05-07 11:27:56,912 [ERROR] LogOutputStream:75 - [STDERR_REDIRECT] [Fatal Error] :1:1: Premature end of file.
2026-05-07 11:27:56,913 [ERROR] LogOutputStream:75 - [STDERR_REDIRECT] 
2026-05-07 11:27:57,911 [ERROR] LogOutputStream:75 - [STDERR_REDIRECT] [Fatal Error] :1:1: Premature end of file.
2026-05-07 11:27:57,911 [ERROR] LogOutputStream:75 - [STDERR_REDIRECT] 
2026-05-07 11:27:58,903 [ERROR] LogOutputStream:75 - [STDERR_REDIRECT] [Fatal Error] :1:1: Premature end of file.
2026-05-07 11:27:58,903 [ERROR] LogOutputStream:75 - [STDERR_REDIRECT] 
2026-05-07 11:27:59,888 [ERROR] LogOutputStream:75 - [STDERR_REDIRECT] [Fatal Error] :1:1: Premature end of file.
2026-05-07 11:27:59,888 [ERROR] LogOutputStream:75 - [STDERR_REDIRECT] 
2026-05-07 11:28:00,907 [ERROR] LogOutputStream:75 - [STDERR_REDIRECT] [Fatal Error] :1:1: Premature end of file.
2026-05-07 11:28:00,907 [ERROR] LogOutputStream:75 - [STDERR_REDIRECT] 
2026-05-07 11:28:01,895 [ERROR] LogOutputStream:75 - [STDERR_REDIRECT] [Fatal Error] :1:1: Premature end of file.
2026-05-07 11:28:01,895 [ERROR] LogOutputStream:75 - [STDERR_REDIRECT] 
2026-05-07 11:28:02,911 [ERROR] LogOutputStream:75 - [STDERR_REDIRECT] [Fatal Error] :1:1: Premature end of file.
2026-05-07 11:28:02,911 [ERROR] LogOutputStream:75 - [STDERR_REDIRECT] 
2026-05-07 11:28:03,902 [ERROR] LogOutputStream:75 - [STDERR_REDIRECT] [Fatal Error] :1:1: Premature end of file.
2026-05-07 11:28:03,902 [ERROR] LogOutputStream:75 - [STDERR_REDIRECT] 
2026-05-07 11:28:04,913 [ERROR] LogOutputStream:75 - [STDERR_REDIRECT] [Fatal Error] :1:1: Premature end of file.
2026-05-07 11:28:04,913 [ERROR] LogOutputStream:75 - [STDERR_REDIRECT] 
2026-05-07 11:28:05,908 [ERROR] LogOutputStream:75 - [STDERR_REDIRECT] [Fatal Error] :1:1: Premature end of file.
2026-05-07 11:28:05,908 [ERROR] LogOutputStream:75 - [STDERR_REDIRECT] 
2026-05-07 11:28:06,911 [ERROR] LogOutputStream:75 - [STDERR_REDIRECT] [Fatal Error] :1:1: Premature end of file.
2026-05-07 11:28:06,911 [ERROR] LogOutputStream:75 - [STDERR_REDIRECT] 
2026-05-07 11:28:07,908 [ERROR] LogOutputStream:75 - [STDERR_REDIRECT] [Fatal Error] :1:1: Premature end of file.
2026-05-07 11:28:07,908 [ERROR] LogOutputStream:75 - [STDERR_REDIRECT] 
2026-05-07 11:28:08,911 [ERROR] LogOutputStream:75 - [STDERR_REDIRECT] [Fatal Error] :1:1: Premature end of file.
2026-05-07 11:28:08,911 [ERROR] LogOutputStream:75 - [STDERR_REDIRECT] 
2026-05-07 11:28:09,912 [ERROR] LogOutputStream:75 - [STDERR_REDIRECT] [Fatal Error] :1:1: Premature end of file.
2026-05-07 11:28:09,912 [ERROR] LogOutputStream:75 - [STDERR_REDIRECT] 
2026-05-07 11:28:10,896 [ERROR] LogOutputStream:75 - [STDERR_REDIRECT] [Fatal Error] :1:1: Premature end of file.
2026-05-07 11:28:10,896 [ERROR] LogOutputStream:75 - [STDERR_REDIRECT] 
2026-05-07 11:28:11,896 [ERROR] LogOutputStream:75 - [STDERR_REDIRECT] [Fatal Error] :1:1: Premature end of file.
2026-05-07 11:28:11,896 [ERROR] LogOutputStream:75 - [STDERR_REDIRECT] 
2026-05-07 11:28:12,906 [ERROR] LogOutputStream:75 - [STDERR_REDIRECT] [Fatal Error] :1:1: Premature end of file.
2026-05-07 11:28:12,907 [ERROR] LogOutputStream:75 - [STDERR_REDIRECT] 
2026-05-07 11:28:13,911 [ERROR] LogOutputStream:75 - [STDERR_REDIRECT] [Fatal Error] :1:1: Premature end of file.
2026-05-07 11:28:13,911 [ERROR] LogOutputStream:75 - [STDERR_REDIRECT] 
2026-05-07 11:28:14,912 [ERROR] LogOutputStream:75 - [STDERR_REDIRECT] [Fatal Error] :1:1: Premature end of file.
2026-05-07 11:28:14,912 [ERROR] LogOutputStream:75 - [STDERR_REDIRECT] 
2026-05-07 11:28:15,931 [ERROR] LogOutputStream:75 - [STDERR_REDIRECT] [Fatal Error] :1:1: Premature end of file.
2026-05-07 11:28:15,931 [ERROR] LogOutputStream:75 - [STDERR_REDIRECT] 
2026-05-07 11:28:16,890 [ERROR] LogOutputStream:75 - [STDERR_REDIRECT] [Fatal Error] :1:1: Premature end of file.
2026-05-07 11:28:16,890 [ERROR] LogOutputStream:75 - [STDERR_REDIRECT] 
2026-05-07 11:28:17,891 [ERROR] LogOutputStream:75 - [STDERR_REDIRECT] [Fatal Error] :1:1: Premature end of file.
2026-05-07 11:28:17,891 [ERROR] LogOutputStream:75 - [STDERR_REDIRECT] 
2026-05-07 11:28:18,916 [ERROR] LogOutputStream:75 - [STDERR_REDIRECT] [Fatal Error] :1:1: Premature end of file.
2026-05-07 11:28:18,916 [ERROR] LogOutputStream:75 - [STDERR_REDIRECT] 
2026-05-07 11:28:19,910 [ERROR] LogOutputStream:75 - [STDERR_REDIRECT] [Fatal Error] :1:1: Premature end of file.
2026-05-07 11:28:19,910 [ERROR] LogOutputStream:75 - [STDERR_REDIRECT] 
2026-05-07 11:28:20,899 [ERROR] LogOutputStream:75 - [STDERR_REDIRECT] [Fatal Error] :1:1: Premature end of file.
2026-05-07 11:28:20,899 [ERROR] LogOutputStream:75 - [STDERR_REDIRECT] 
2026-05-07 11:28:21,907 [ERROR] LogOutputStream:75 - [STDERR_REDIRECT] [Fatal Error] :1:1: Premature end of file.
2026-05-07 11:28:21,907 [ERROR] LogOutputStream:75 - [STDERR_REDIRECT] 
2026-05-07 11:28:22,911 [ERROR] LogOutputStream:75 - [STDERR_REDIRECT] [Fatal Error] :1:1: Premature end of file.
2026-05-07 11:28:22,911 [ERROR] LogOutputStream:75 - [STDERR_REDIRECT] 
2026-05-07 11:28:23,912 [ERROR] LogOutputStream:75 - [STDERR_REDIRECT] [Fatal Error] :1:1: Premature end of file.
2026-05-07 11:28:23,912 [ERROR] LogOutputStream:75 - [STDERR_REDIRECT] 
2026-05-07 11:28:24,916 [ERROR] LogOutputStream:75 - [STDERR_REDIRECT] [Fatal Error] :1:1: Premature end of file.
2026-05-07 11:28:24,916 [ERROR] LogOutputStream:75 - [STDERR_REDIRECT] 
2026-05-07 11:28:25,907 [ERROR] LogOutputStream:75 - [STDERR_REDIRECT] [Fatal Error] :1:1: Premature end of file.
2026-05-07 11:28:25,907 [ERROR] LogOutputStream:75 - [STDERR_REDIRECT] 
2026-05-07 11:28:26,908 [ERROR] LogOutputStream:75 - [STDERR_REDIRECT] [Fatal Error] :1:1: Premature end of file.
2026-05-07 11:28:26,909 [ERROR] LogOutputStream:75 - [STDERR_REDIRECT] 
2026-05-07 11:28:27,910 [ERROR] LogOutputStream:75 - [STDERR_REDIRECT] [Fatal Error] :1:1: Premature end of file.
2026-05-07 11:28:27,910 [ERROR] LogOutputStream:75 - [STDERR_REDIRECT] 
2026-05-07 11:28:28,914 [ERROR] LogOutputStream:75 - [STDERR_REDIRECT] [Fatal Error] :1:1: Premature end of file.
2026-05-07 11:28:28,914 [ERROR] LogOutputStream:75 - [STDERR_REDIRECT] 
2026-05-07 11:28:29,912 [ERROR] LogOutputStream:75 - [STDERR_REDIRECT] [Fatal Error] :1:1: Premature end of file.
2026-05-07 11:28:29,912 [ERROR] LogOutputStream:75 - [STDERR_REDIRECT] 
2026-05-07 11:28:30,898 [ERROR] LogOutputStream:75 - [STDERR_REDIRECT] [Fatal Error] :1:1: Premature end of file.
2026-05-07 11:28:30,898 [ERROR] LogOutputStream:75 - [STDERR_REDIRECT] 
2026-05-07 11:28:31,911 [ERROR] LogOutputStream:75 - [STDERR_REDIRECT] [Fatal Error] :1:1: Premature end of file.
2026-05-07 11:28:31,912 [ERROR] LogOutputStream:75 - [STDERR_REDIRECT] 
2026-05-07 11:28:32,877 [ERROR] LogOutputStream:75 - [STDERR_REDIRECT] [Fatal Error] :1:1: Premature end of file.
2026-05-07 11:28:32,877 [ERROR] LogOutputStream:75 - [STDERR_REDIRECT] 
2026-05-07 11:28:33,912 [ERROR] LogOutputStream:75 - [STDERR_REDIRECT] [Fatal Error] :1:1: Premature end of file.
2026-05-07 11:28:33,912 [ERROR] LogOutputStream:75 - [STDERR_REDIRECT] 
2026-05-07 11:28:34,893 [ERROR] LogOutputStream:75 - [STDERR_REDIRECT] [Fatal Error] :1:1: Premature end of file.
2026-05-07 11:28:34,893 [ERROR] LogOutputStream:75 - [STDERR_REDIRECT] 
2026-05-07 11:28:35,901 [ERROR] LogOutputStream:75 - [STDERR_REDIRECT] [Fatal Error] :1:1: Premature end of file.
2026-05-07 11:28:35,901 [ERROR] LogOutputStream:75 - [STDERR_REDIRECT] 
2026-05-07 11:28:36,911 [ERROR] LogOutputStream:75 - [STDERR_REDIRECT] [Fatal Error] :1:1: Premature end of file.
2026-05-07 11:28:36,911 [ERROR] LogOutputStream:75 - [STDERR_REDIRECT] 
2026-05-07 11:28:37,895 [ERROR] LogOutputStream:75 - [STDERR_REDIRECT] [Fatal Error] :1:1: Premature end of file.
2026-05-07 11:28:37,895 [ERROR] LogOutputStream:75 - [STDERR_REDIRECT] 
2026-05-07 11:28:38,896 [ERROR] LogOutputStream:75 - [STDERR_REDIRECT] [Fatal Error] :1:1: Premature end of file.
2026-05-07 11:28:38,896 [ERROR] LogOutputStream:75 - [STDERR_REDIRECT] 
2026-05-07 11:28:39,923 [ERROR] LogOutputStream:75 - [STDERR_REDIRECT] [Fatal Error] :1:1: Premature end of file.
2026-05-07 11:28:39,923 [ERROR] LogOutputStream:75 - [STDERR_REDIRECT] 
2026-05-07 11:28:40,896 [ERROR] LogOutputStream:75 - [STDERR_REDIRECT] [Fatal Error] :1:1: Premature end of file.
2026-05-07 11:28:40,896 [ERROR] LogOutputStream:75 - [STDERR_REDIRECT] 
2026-05-07 11:28:41,928 [ERROR] LogOutputStream:75 - [STDERR_REDIRECT] [Fatal Error] :1:1: Premature end of file.
2026-05-07 11:28:41,928 [ERROR] LogOutputStream:75 - [STDERR_REDIRECT] 
2026-05-07 11:28:42,896 [ERROR] LogOutputStream:75 - [STDERR_REDIRECT] [Fatal Error] :1:1: Premature end of file.
2026-05-07 11:28:42,896 [ERROR] LogOutputStream:75 - [STDERR_REDIRECT] 
2026-05-07 11:28:43,909 [ERROR] LogOutputStream:75 - [STDERR_REDIRECT] [Fatal Error] :1:1: Premature end of file.
2026-05-07 11:28:43,909 [ERROR] LogOutputStream:75 - [STDERR_REDIRECT] 
2026-05-07 11:28:44,896 [ERROR] LogOutputStream:75 - [STDERR_REDIRECT] [Fatal Error] :1:1: Premature end of file.
2026-05-07 11:28:44,896 [ERROR] LogOutputStream:75 - [STDERR_REDIRECT] 
2026-05-07 11:28:45,910 [ERROR] LogOutputStream:75 - [STDERR_REDIRECT] [Fatal Error] :1:1: Premature end of file.
2026-05-07 11:28:45,911 [ERROR] LogOutputStream:75 - [STDERR_REDIRECT] 
2026-05-07 11:28:46,900 [ERROR] LogOutputStream:75 - [STDERR_REDIRECT] [Fatal Error] :1:1: Premature end of file.
2026-05-07 11:28:46,900 [ERROR] LogOutputStream:75 - [STDERR_REDIRECT] 
2026-05-07 11:28:47,888 [ERROR] LogOutputStream:75 - [STDERR_REDIRECT] [Fatal Error] :1:1: Premature end of file.
2026-05-07 11:28:47,888 [ERROR] LogOutputStream:75 - [STDERR_REDIRECT] 
2026-05-07 11:28:48,901 [ERROR] LogOutputStream:75 - [STDERR_REDIRECT] [Fatal Error] :1:1: Premature end of file.
2026-05-07 11:28:48,901 [ERROR] LogOutputStream:75 - [STDERR_REDIRECT] 
2026-05-07 11:28:49,889 [ERROR] LogOutputStream:75 - [STDERR_REDIRECT] [Fatal Error] :1:1: Premature end of file.
2026-05-07 11:28:49,889 [ERROR] LogOutputStream:75 - [STDERR_REDIRECT] 
2026-05-07 11:28:50,897 [ERROR] LogOutputStream:75 - [STDERR_REDIRECT] [Fatal Error] :1:1: Premature end of file.
2026-05-07 11:28:50,897 [ERROR] LogOutputStream:75 - [STDERR_REDIRECT] 
2026-05-07 11:28:51,893 [ERROR] LogOutputStream:75 - [STDERR_REDIRECT] [Fatal Error] :1:1: Premature end of file.
2026-05-07 11:28:51,893 [ERROR] LogOutputStream:75 - [STDERR_REDIRECT] 
2026-05-07 11:28:52,908 [ERROR] LogOutputStream:75 - [STDERR_REDIRECT] [Fatal Error] :1:1: Premature end of file.
2026-05-07 11:28:52,909 [ERROR] LogOutputStream:75 - [STDERR_REDIRECT] 
2026-05-07 11:28:53,896 [ERROR] LogOutputStream:75 - [STDERR_REDIRECT] [Fatal Error] :1:1: Premature end of file.
2026-05-07 11:28:53,896 [ERROR] LogOutputStream:75 - [STDERR_REDIRECT] 
2026-05-07 11:28:54,886 [ERROR] LogOutputStream:75 - [STDERR_REDIRECT] [Fatal Error] :1:1: Premature end of file.
2026-05-07 11:28:54,886 [ERROR] LogOutputStream:75 - [STDERR_REDIRECT] 
2026-05-07 11:28:55,914 [ERROR] LogOutputStream:75 - [STDERR_REDIRECT] [Fatal Error] :1:1: Premature end of file.
2026-05-07 11:28:55,914 [ERROR] LogOutputStream:75 - [STDERR_REDIRECT] 
2026-05-07 11:28:56,904 [ERROR] LogOutputStream:75 - [STDERR_REDIRECT] [Fatal Error] :1:1: Premature end of file.
2026-05-07 11:28:56,904 [ERROR] LogOutputStream:75 - [STDERR_REDIRECT] 
2026-05-07 11:28:57,895 [ERROR] LogOutputStream:75 - [STDERR_REDIRECT] [Fatal Error] :1:1: Premature end of file.
2026-05-07 11:28:57,895 [ERROR] LogOutputStream:75 - [STDERR_REDIRECT] 
2026-05-07 11:28:58,900 [ERROR] LogOutputStream:75 - [STDERR_REDIRECT] [Fatal Error] :1:1: Premature end of file.
2026-05-07 11:28:58,900 [ERROR] LogOutputStream:75 - [STDERR_REDIRECT] 
2026-05-07 11:28:59,892 [ERROR] LogOutputStream:75 - [STDERR_REDIRECT] [Fatal Error] :1:1: Premature end of file.
2026-05-07 11:28:59,892 [ERROR] LogOutputStream:75 - [STDERR_REDIRECT] 
2026-05-07 11:29:00,900 [ERROR] LogOutputStream:75 - [STDERR_REDIRECT] [Fatal Error] :1:1: Premature end of file.
2026-05-07 11:29:00,901 [ERROR] LogOutputStream:75 - [STDERR_REDIRECT] 
2026-05-07 11:29:01,895 [ERROR] LogOutputStream:75 - [STDERR_REDIRECT] [Fatal Error] :1:1: Premature end of file.
2026-05-07 11:29:01,895 [ERROR] LogOutputStream:75 - [STDERR_REDIRECT] 
2026-05-07 11:29:02,911 [ERROR] LogOutputStream:75 - [STDERR_REDIRECT] [Fatal Error] :1:1: Premature end of file.
2026-05-07 11:29:02,911 [ERROR] LogOutputStream:75 - [STDERR_REDIRECT] 
2026-05-07 11:29:03,885 [ERROR] LogOutputStream:75 - [STDERR_REDIRECT] [Fatal Error] :1:1: Premature end of file.
2026-05-07 11:29:03,885 [ERROR] LogOutputStream:75 - [STDERR_REDIRECT] 
2026-05-07 11:29:04,903 [ERROR] LogOutputStream:75 - [STDERR_REDIRECT] [Fatal Error] :1:1: Premature end of file.
2026-05-07 11:29:04,904 [ERROR] LogOutputStream:75 - [STDERR_REDIRECT] 
2026-05-07 11:29:05,895 [ERROR] LogOutputStream:75 - [STDERR_REDIRECT] [Fatal Error] :1:1: Premature end of file.
2026-05-07 11:29:05,895 [ERROR] LogOutputStream:75 - [STDERR_REDIRECT] 
2026-05-07 11:29:06,895 [ERROR] LogOutputStream:75 - [STDERR_REDIRECT] [Fatal Error] :1:1: Premature end of file.
2026-05-07 11:29:06,895 [ERROR] LogOutputStream:75 - [STDERR_REDIRECT] 
2026-05-07 11:29:07,902 [ERROR] LogOutputStream:75 - [STDERR_REDIRECT] [Fatal Error] :1:1: Premature end of file.
2026-05-07 11:29:07,902 [ERROR] LogOutputStream:75 - [STDERR_REDIRECT] 
2026-05-07 11:29:08,930 [ERROR] LogOutputStream:75 - [STDERR_REDIRECT] [Fatal Error] :1:1: Premature end of file.
2026-05-07 11:29:08,930 [ERROR] LogOutputStream:75 - [STDERR_REDIRECT] 
2026-05-07 11:29:09,915 [ERROR] LogOutputStream:75 - [STDERR_REDIRECT] [Fatal Error] :1:1: Premature end of file.
2026-05-07 11:29:09,915 [ERROR] LogOutputStream:75 - [STDERR_REDIRECT] 
2026-05-07 11:29:10,920 [ERROR] LogOutputStream:75 - [STDERR_REDIRECT] [Fatal Error] :1:1: Premature end of file.
2026-05-07 11:29:10,920 [ERROR] LogOutputStream:75 - [STDERR_REDIRECT] 
2026-05-07 11:29:11,908 [ERROR] LogOutputStream:75 - [STDERR_REDIRECT] [Fatal Error] :1:1: Premature end of file.
2026-05-07 11:29:11,908 [ERROR] LogOutputStream:75 - [STDERR_REDIRECT] 
2026-05-07 11:29:12,911 [ERROR] LogOutputStream:75 - [STDERR_REDIRECT] [Fatal Error] :1:1: Premature end of file.
2026-05-07 11:29:12,911 [ERROR] LogOutputStream:75 - [STDERR_REDIRECT] 
2026-05-07 11:29:13,902 [ERROR] LogOutputStream:75 - [STDERR_REDIRECT] [Fatal Error] :1:1: Premature end of file.
2026-05-07 11:29:13,902 [ERROR] LogOutputStream:75 - [STDERR_REDIRECT] 
2026-05-07 11:29:14,898 [ERROR] LogOutputStream:75 - [STDERR_REDIRECT] [Fatal Error] :1:1: Premature end of file.
2026-05-07 11:29:14,898 [ERROR] LogOutputStream:75 - [STDERR_REDIRECT] 
2026-05-07 11:29:15,886 [ERROR] LogOutputStream:75 - [STDERR_REDIRECT] [Fatal Error] :1:1: Premature end of file.
2026-05-07 11:29:15,886 [ERROR] LogOutputStream:75 - [STDERR_REDIRECT] 
2026-05-07 11:29:16,900 [ERROR] LogOutputStream:75 - [STDERR_REDIRECT] [Fatal Error] :1:1: Premature end of file.
2026-05-07 11:29:16,901 [ERROR] LogOutputStream:75 - [STDERR_REDIRECT] 
2026-05-07 11:29:17,911 [ERROR] LogOutputStream:75 - [STDERR_REDIRECT] [Fatal Error] :1:1: Premature end of file.
2026-05-07 11:29:17,911 [ERROR] LogOutputStream:75 - [STDERR_REDIRECT] 
2026-05-07 11:29:18,889 [ERROR] LogOutputStream:75 - [STDERR_REDIRECT] [Fatal Error] :1:1: Premature end of file.
2026-05-07 11:29:18,889 [ERROR] LogOutputStream:75 - [STDERR_REDIRECT] 
2026-05-07 11:29:19,919 [ERROR] LogOutputStream:75 - [STDERR_REDIRECT] [Fatal Error] :1:1: Premature end of file.
2026-05-07 11:29:19,919 [ERROR] LogOutputStream:75 - [STDERR_REDIRECT] 
2026-05-07 11:29:20,902 [ERROR] LogOutputStream:75 - [STDERR_REDIRECT] [Fatal Error] :1:1: Premature end of file.
2026-05-07 11:29:20,902 [ERROR] LogOutputStream:75 - [STDERR_REDIRECT] 
2026-05-07 11:29:21,897 [ERROR] LogOutputStream:75 - [STDERR_REDIRECT] [Fatal Error] :1:1: Premature end of file.
2026-05-07 11:29:21,897 [ERROR] LogOutputStream:75 - [STDERR_REDIRECT] 
2026-05-07 11:29:22,906 [ERROR] LogOutputStream:75 - [STDERR_REDIRECT] [Fatal Error] :1:1: Premature end of file.
2026-05-07 11:29:22,906 [ERROR] LogOutputStream:75 - [STDERR_REDIRECT] 
2026-05-07 11:29:23,894 [ERROR] LogOutputStream:75 - [STDERR_REDIRECT] [Fatal Error] :1:1: Premature end of file.
2026-05-07 11:29:23,894 [ERROR] LogOutputStream:75 - [STDERR_REDIRECT] 
2026-05-07 11:29:24,898 [ERROR] LogOutputStream:75 - [STDERR_REDIRECT] [Fatal Error] :1:1: Premature end of file.
2026-05-07 11:29:24,898 [ERROR] LogOutputStream:75 - [STDERR_REDIRECT] 
2026-05-07 11:29:25,891 [ERROR] LogOutputStream:75 - [STDERR_REDIRECT] [Fatal Error] :1:1: Premature end of file.
2026-05-07 11:29:25,891 [ERROR] LogOutputStream:75 - [STDERR_REDIRECT] 
2026-05-07 11:29:26,886 [ERROR] LogOutputStream:75 - [STDERR_REDIRECT] [Fatal Error] :1:1: Premature end of file.
2026-05-07 11:29:26,886 [ERROR] LogOutputStream:75 - [STDERR_REDIRECT] 
2026-05-07 11:29:27,904 [ERROR] LogOutputStream:75 - [STDERR_REDIRECT] [Fatal Error] :1:1: Premature end of file.
2026-05-07 11:29:27,904 [ERROR] LogOutputStream:75 - [STDERR_REDIRECT] 
2026-05-07 11:29:28,885 [ERROR] LogOutputStream:75 - [STDERR_REDIRECT] [Fatal Error] :1:1: Premature end of file.
2026-05-07 11:29:28,885 [ERROR] LogOutputStream:75 - [STDERR_REDIRECT] 
2026-05-07 11:29:29,911 [ERROR] LogOutputStream:75 - [STDERR_REDIRECT] [Fatal Error] :1:1: Premature end of file.
2026-05-07 11:29:29,911 [ERROR] LogOutputStream:75 - [STDERR_REDIRECT] 
2026-05-07 11:29:30,896 [ERROR] LogOutputStream:75 - [STDERR_REDIRECT] [Fatal Error] :1:1: Premature end of file.
2026-05-07 11:29:30,896 [ERROR] LogOutputStream:75 - [STDERR_REDIRECT] 
2026-05-07 11:29:31,911 [ERROR] LogOutputStream:75 - [STDERR_REDIRECT] [Fatal Error] :1:1: Premature end of file.
2026-05-07 11:29:31,911 [ERROR] LogOutputStream:75 - [STDERR_REDIRECT] 
2026-05-07 11:29:32,892 [ERROR] LogOutputStream:75 - [STDERR_REDIRECT] [Fatal Error] :1:1: Premature end of file.
2026-05-07 11:29:32,892 [ERROR] LogOutputStream:75 - [STDERR_REDIRECT] 
2026-05-07 11:29:33,899 [ERROR] LogOutputStream:75 - [STDERR_REDIRECT] [Fatal Error] :1:1: Premature end of file.
2026-05-07 11:29:33,899 [ERROR] LogOutputStream:75 - [STDERR_REDIRECT] 
2026-05-07 11:29:34,881 [ERROR] LogOutputStream:75 - [STDERR_REDIRECT] [Fatal Error] :1:1: Premature end of file.
2026-05-07 11:29:34,881 [ERROR] LogOutputStream:75 - [STDERR_REDIRECT] 
2026-05-07 11:29:35,911 [ERROR] LogOutputStream:75 - [STDERR_REDIRECT] [Fatal Error] :1:1: Premature end of file.
2026-05-07 11:29:35,911 [ERROR] LogOutputStream:75 - [STDERR_REDIRECT] 
2026-05-07 11:29:36,890 [ERROR] LogOutputStream:75 - [STDERR_REDIRECT] [Fatal Error] :1:1: Premature end of file.
2026-05-07 11:29:36,890 [ERROR] LogOutputStream:75 - [STDERR_REDIRECT] 
2026-05-07 11:29:37,906 [ERROR] LogOutputStream:75 - [STDERR_REDIRECT] [Fatal Error] :1:1: Premature end of file.
2026-05-07 11:29:37,906 [ERROR] LogOutputStream:75 - [STDERR_REDIRECT] 
2026-05-07 11:29:38,913 [ERROR] LogOutputStream:75 - [STDERR_REDIRECT] [Fatal Error] :1:1: Premature end of file.
2026-05-07 11:29:38,913 [ERROR] LogOutputStream:75 - [STDERR_REDIRECT] 
2026-05-07 11:29:39,918 [ERROR] LogOutputStream:75 - [STDERR_REDIRECT] [Fatal Error] :1:1: Premature end of file.
2026-05-07 11:29:39,918 [ERROR] LogOutputStream:75 - [STDERR_REDIRECT] 
2026-05-07 11:29:40,888 [ERROR] LogOutputStream:75 - [STDERR_REDIRECT] [Fatal Error] :1:1: Premature end of file.
2026-05-07 11:29:40,888 [ERROR] LogOutputStream:75 - [STDERR_REDIRECT] 
2026-05-07 11:29:41,893 [ERROR] LogOutputStream:75 - [STDERR_REDIRECT] [Fatal Error] :1:1: Premature end of file.
2026-05-07 11:29:41,893 [ERROR] LogOutputStream:75 - [STDERR_REDIRECT] 
2026-05-07 11:29:42,922 [ERROR] LogOutputStream:75 - [STDERR_REDIRECT] [Fatal Error] :1:1: Premature end of file.
2026-05-07 11:29:42,922 [ERROR] LogOutputStream:75 - [STDERR_REDIRECT] 
2026-05-07 11:29:43,911 [ERROR] LogOutputStream:75 - [STDERR_REDIRECT] [Fatal Error] :1:1: Premature end of file.
2026-05-07 11:29:43,911 [ERROR] LogOutputStream:75 - [STDERR_REDIRECT] 
2026-05-07 11:29:44,909 [ERROR] LogOutputStream:75 - [STDERR_REDIRECT] [Fatal Error] :1:1: Premature end of file.
2026-05-07 11:29:44,910 [ERROR] LogOutputStream:75 - [STDERR_REDIRECT] 
2026-05-07 11:29:45,898 [ERROR] LogOutputStream:75 - [STDERR_REDIRECT] [Fatal Error] :1:1: Premature end of file.
2026-05-07 11:29:45,898 [ERROR] LogOutputStream:75 - [STDERR_REDIRECT] 
2026-05-07 11:29:46,908 [ERROR] LogOutputStream:75 - [STDERR_REDIRECT] [Fatal Error] :1:1: Premature end of file.
2026-05-07 11:29:46,908 [ERROR] LogOutputStream:75 - [STDERR_REDIRECT] 
2026-05-07 11:29:47,896 [ERROR] LogOutputStream:75 - [STDERR_REDIRECT] [Fatal Error] :1:1: Premature end of file.
2026-05-07 11:29:47,898 [ERROR] LogOutputStream:75 - [STDERR_REDIRECT] 
2026-05-07 11:29:48,911 [ERROR] LogOutputStream:75 - [STDERR_REDIRECT] [Fatal Error] :1:1: Premature end of file.
2026-05-07 11:29:48,911 [ERROR] LogOutputStream:75 - [STDERR_REDIRECT] 
2026-05-07 11:29:49,893 [ERROR] LogOutputStream:75 - [STDERR_REDIRECT] [Fatal Error] :1:1: Premature end of file.
2026-05-07 11:29:49,893 [ERROR] LogOutputStream:75 - [STDERR_REDIRECT] 
2026-05-07 11:29:50,901 [ERROR] LogOutputStream:75 - [STDERR_REDIRECT] [Fatal Error] :1:1: Premature end of file.
2026-05-07 11:29:50,901 [ERROR] LogOutputStream:75 - [STDERR_REDIRECT] 
2026-05-07 11:29:51,892 [ERROR] LogOutputStream:75 - [STDERR_REDIRECT] [Fatal Error] :1:1: Premature end of file.
2026-05-07 11:29:51,892 [ERROR] LogOutputStream:75 - [STDERR_REDIRECT] 
2026-05-07 11:29:52,901 [ERROR] LogOutputStream:75 - [STDERR_REDIRECT] [Fatal Error] :1:1: Premature end of file.
2026-05-07 11:29:52,901 [ERROR] LogOutputStream:75 - [STDERR_REDIRECT] 
2026-05-07 11:29:53,879 [ERROR] LogOutputStream:75 - [STDERR_REDIRECT] [Fatal Error] :1:1: Premature end of file.
2026-05-07 11:29:53,879 [ERROR] LogOutputStream:75 - [STDERR_REDIRECT] 
2026-05-07 11:29:54,906 [ERROR] LogOutputStream:75 - [STDERR_REDIRECT] [Fatal Error] :1:1: Premature end of file.
2026-05-07 11:29:54,906 [ERROR] LogOutputStream:75 - [STDERR_REDIRECT] 
2026-05-07 11:29:55,900 [ERROR] LogOutputStream:75 - [STDERR_REDIRECT] [Fatal Error] :1:1: Premature end of file.
2026-05-07 11:29:55,900 [ERROR] LogOutputStream:75 - [STDERR_REDIRECT] 
2026-05-07 11:29:56,911 [ERROR] LogOutputStream:75 - [STDERR_REDIRECT] [Fatal Error] :1:1: Premature end of file.
2026-05-07 11:29:56,911 [ERROR] LogOutputStream:75 - [STDERR_REDIRECT] 
2026-05-07 11:29:57,912 [ERROR] LogOutputStream:75 - [STDERR_REDIRECT] [Fatal Error] :1:1: Premature end of file.
2026-05-07 11:29:57,912 [ERROR] LogOutputStream:75 - [STDERR_REDIRECT] 
2026-05-07 11:29:58,914 [ERROR] LogOutputStream:75 - [STDERR_REDIRECT] [Fatal Error] :1:1: Premature end of file.
2026-05-07 11:29:58,914 [ERROR] LogOutputStream:75 - [STDERR_REDIRECT] 
2026-05-07 11:29:59,908 [ERROR] LogOutputStream:75 - [STDERR_REDIRECT] [Fatal Error] :1:1: Premature end of file.
2026-05-07 11:29:59,908 [ERROR] LogOutputStream:75 - [STDERR_REDIRECT] 
2026-05-07 11:30:00,914 [ERROR] LogOutputStream:75 - [STDERR_REDIRECT] [Fatal Error] :1:1: Premature end of file.
2026-05-07 11:30:00,914 [ERROR] LogOutputStream:75 - [STDERR_REDIRECT] 
2026-05-07 11:30:01,911 [ERROR] LogOutputStream:75 - [STDERR_REDIRECT] [Fatal Error] :1:1: Premature end of file.
2026-05-07 11:30:01,911 [ERROR] LogOutputStream:75 - [STDERR_REDIRECT] 
2026-05-07 11:30:02,896 [ERROR] LogOutputStream:75 - [STDERR_REDIRECT] [Fatal Error] :1:1: Premature end of file.
2026-05-07 11:30:02,896 [ERROR] LogOutputStream:75 - [STDERR_REDIRECT] 
2026-05-07 11:30:03,893 [ERROR] LogOutputStream:75 - [STDERR_REDIRECT] [Fatal Error] :1:1: Premature end of file.
2026-05-07 11:30:03,893 [ERROR] LogOutputStream:75 - [STDERR_REDIRECT] 
2026-05-07 11:30:04,895 [ERROR] LogOutputStream:75 - [STDERR_REDIRECT] [Fatal Error] :1:1: Premature end of file.
2026-05-07 11:30:04,895 [ERROR] LogOutputStream:75 - [STDERR_REDIRECT] 
2026-05-07 11:30:05,907 [ERROR] LogOutputStream:75 - [STDERR_REDIRECT] [Fatal Error] :1:1: Premature end of file.
2026-05-07 11:30:05,907 [ERROR] LogOutputStream:75 - [STDERR_REDIRECT] 
2026-05-07 11:30:06,909 [ERROR] LogOutputStream:75 - [STDERR_REDIRECT] [Fatal Error] :1:1: Premature end of file.
2026-05-07 11:30:06,909 [ERROR] LogOutputStream:75 - [STDERR_REDIRECT] 
2026-05-07 11:30:07,895 [ERROR] LogOutputStream:75 - [STDERR_REDIRECT] [Fatal Error] :1:1: Premature end of file.
2026-05-07 11:30:07,895 [ERROR] LogOutputStream:75 - [STDERR_REDIRECT] 
2026-05-07 11:30:08,895 [ERROR] LogOutputStream:75 - [STDERR_REDIRECT] [Fatal Error] :1:1: Premature end of file.
2026-05-07 11:30:08,895 [ERROR] LogOutputStream:75 - [STDERR_REDIRECT] 
2026-05-07 11:30:09,931 [ERROR] LogOutputStream:75 - [STDERR_REDIRECT] [Fatal Error] :1:1: Premature end of file.
2026-05-07 11:30:09,931 [ERROR] LogOutputStream:75 - [STDERR_REDIRECT] 
2026-05-07 11:30:10,617 [ERROR] ConfigurationRetriever:142 - IOException on connection: Connect timed out
2026-05-07 11:30:10,897 [ERROR] LogOutputStream:75 - [STDERR_REDIRECT] [Fatal Error] :1:1: Premature end of file.
2026-05-07 11:30:10,897 [ERROR] LogOutputStream:75 - [STDERR_REDIRECT] 
2026-05-07 11:30:11,913 [ERROR] LogOutputStream:75 - [STDERR_REDIRECT] [Fatal Error] :1:1: Premature end of file.
2026-05-07 11:30:11,913 [ERROR] LogOutputStream:75 - [STDERR_REDIRECT] 
2026-05-07 11:30:12,630 [ERROR] ConfigurationRetriever:142 - IOException on connection: Connect timed out
2026-05-07 11:30:12,895 [ERROR] LogOutputStream:75 - [STDERR_REDIRECT] [Fatal Error] :1:1: Premature end of file.
2026-05-07 11:30:12,908 [ERROR] LogOutputStream:75 - [STDERR_REDIRECT] 
2026-05-07 11:30:13,888 [ERROR] LogOutputStream:75 - [STDERR_REDIRECT] [Fatal Error] :1:1: Premature end of file.
2026-05-07 11:30:13,888 [ERROR] LogOutputStream:75 - [STDERR_REDIRECT] 
2026-05-07 11:30:14,639 [ERROR] ConfigurationRetriever:142 - IOException on connection: Connect timed out
2026-05-07 11:30:14,881 [ERROR] LogOutputStream:75 - [STDERR_REDIRECT] [Fatal Error] :1:1: Premature end of file.
2026-05-07 11:30:14,883 [ERROR] LogOutputStream:75 - [STDERR_REDIRECT] 
2026-05-07 11:30:15,898 [ERROR] LogOutputStream:75 - [STDERR_REDIRECT] [Fatal Error] :1:1: Premature end of file.
2026-05-07 11:30:15,898 [ERROR] LogOutputStream:75 - [STDERR_REDIRECT] 
2026-05-07 12:07:29,856 [INFO] Activator:176 - 


2026-05-07 12:07:29,856 [INFO] Activator:177 - !SESSION log4j initialized
2026-05-07 12:07:37,246 [INFO] LogOutputStream:77 - [STDOUT_REDIRECT] 
2026-05-07 12:07:43,010 [INFO] ApplicationProperties:184 - Using Application install path: C:\ST\STM32CubeIDE_1.18.1\STM32CubeIDE\plugins\com.st.stm32cube.common.mx_6.14.1.202504091515
2026-05-07 12:07:43,021 [INFO] DbMcusXml:78 - Set database path to: C:\ST\STM32CubeIDE_1.18.1\STM32CubeIDE\plugins\com.st.stm32cube.common.mx_6.14.1.202504091515\\db\/mcu/
2026-05-07 12:07:43,022 [INFO] ApiDb:274 - Set plugin database path to: C:\ST\STM32CubeIDE_1.18.1\STM32CubeIDE\plugins\com.st.stm32cube.common.mx_6.14.1.202504091515\\db\/plugins/boardmanager/
2026-05-07 12:07:43,022 [WARN] ApiDb:259 - Overriding images path with different value:  => C:\ST\STM32CubeIDE_1.18.1\STM32CubeIDE\plugins\com.st.stm32cube.common.mx_6.14.1.202504091515\\db\/plugins/mcufinder/images/
2026-05-07 12:07:43,025 [INFO] ApiDb:250 - Set database path to: C:\Users\salem\.stmcufinder\plugins\mcufinder//mcu/
2026-05-07 12:07:43,026 [INFO] DbMcusAds:125 - Set database path to: C:\Users\salem\.stmcufinder\plugins\mcufinder//mcu/
2026-05-07 12:07:43,028 [INFO] CrossReferenceDbSqlite:203 - Set database path to: C:\Users\salem\.stmcufinder\plugins\mcufinder//mcu/cs/
2026-05-07 12:07:43,108 [INFO] RulesReader:64 - Compatibility file has been processed (302 Rules)
2026-05-07 12:07:43,167 [INFO] DbMcusXml:78 - Set database path to: C:\ST\STM32CubeIDE_1.18.1\STM32CubeIDE\plugins\com.st.stm32cube.common.mx_6.14.1.202504091515\\db\/mcu/
2026-05-07 12:07:43,167 [INFO] ApiDb:274 - Set plugin database path to: C:\ST\STM32CubeIDE_1.18.1\STM32CubeIDE\plugins\com.st.stm32cube.common.mx_6.14.1.202504091515\\db\/plugins/boardmanager/
2026-05-07 12:07:43,167 [INFO] ApiDb:261 - Set plugin images path to: C:\ST\STM32CubeIDE_1.18.1\STM32CubeIDE\plugins\com.st.stm32cube.common.mx_6.14.1.202504091515\\db\/plugins/mcufinder/images/
2026-05-07 12:07:43,167 [WARN] DbFile:41 - Overriding database path with different value: C:\Users\salem\.stmcufinder\plugins\mcufinder/ => C:\Users\salem\.stmcufinder\plugins\mcufinder
2026-05-07 12:07:43,168 [INFO] ApiDb:250 - Set database path to: C:\Users\salem\.stmcufinder\plugins\mcufinder//mcu/
2026-05-07 12:07:43,168 [WARN] DbFile:41 - Overriding database path with different value: C:\Users\salem\.stmcufinder\plugins\mcufinder/ => C:\Users\salem\.stmcufinder\plugins\mcufinder
2026-05-07 12:07:43,168 [INFO] DbMcusAds:125 - Set database path to: C:\Users\salem\.stmcufinder\plugins\mcufinder//mcu/
2026-05-07 12:07:43,168 [WARN] DbFile:41 - Overriding database path with different value: C:\Users\salem\.stmcufinder\plugins\mcufinder/ => C:\Users\salem\.stmcufinder\plugins\mcufinder
2026-05-07 12:07:43,168 [WARN] DbFile:41 - Overriding database path with different value: C:\Users\salem\.stmcufinder\plugins\mcufinder/ => C:\Users\salem\.stmcufinder\plugins\mcufinder
2026-05-07 12:07:43,168 [INFO] CrossReferenceDbSqlite:203 - Set database path to: C:\Users\salem\.stmcufinder\plugins\mcufinder//mcu/cs/
2026-05-07 12:07:43,219 [INFO] MainPanel:272 - HeapMemory: 268435456
2026-05-07 12:07:43,277 [INFO] DbMcusXml:78 - Set database path to: C:\ST\STM32CubeIDE_1.18.1\STM32CubeIDE\plugins\com.st.stm32cube.common.mx_6.14.1.202504091515\\db\/mcu/
2026-05-07 12:07:43,277 [INFO] ApiDb:274 - Set plugin database path to: C:\ST\STM32CubeIDE_1.18.1\STM32CubeIDE\plugins\com.st.stm32cube.common.mx_6.14.1.202504091515\\db\/plugins/boardmanager/
2026-05-07 12:07:43,277 [INFO] ApiDb:261 - Set plugin images path to: C:\ST\STM32CubeIDE_1.18.1\STM32CubeIDE\plugins\com.st.stm32cube.common.mx_6.14.1.202504091515\\db\/plugins/mcufinder/images/
2026-05-07 12:07:43,277 [WARN] DbFile:41 - Overriding database path with different value: C:\Users\salem\.stmcufinder\plugins\mcufinder/ => C:\Users\salem\.stmcufinder\plugins\mcufinder
2026-05-07 12:07:43,278 [INFO] ApiDb:250 - Set database path to: C:\Users\salem\.stmcufinder\plugins\mcufinder//mcu/
2026-05-07 12:07:43,278 [WARN] DbFile:41 - Overriding database path with different value: C:\Users\salem\.stmcufinder\plugins\mcufinder/ => C:\Users\salem\.stmcufinder\plugins\mcufinder
2026-05-07 12:07:43,278 [INFO] DbMcusAds:125 - Set database path to: C:\Users\salem\.stmcufinder\plugins\mcufinder//mcu/
2026-05-07 12:07:43,278 [WARN] DbFile:41 - Overriding database path with different value: C:\Users\salem\.stmcufinder\plugins\mcufinder/ => C:\Users\salem\.stmcufinder\plugins\mcufinder
2026-05-07 12:07:43,278 [WARN] DbFile:41 - Overriding database path with different value: C:\Users\salem\.stmcufinder\plugins\mcufinder/ => C:\Users\salem\.stmcufinder\plugins\mcufinder
2026-05-07 12:07:43,278 [INFO] CrossReferenceDbSqlite:203 - Set database path to: C:\Users\salem\.stmcufinder\plugins\mcufinder//mcu/cs/
2026-05-07 12:07:43,291 [INFO] ApplicationProperties:184 - Using Application install path: C:\ST\STM32CubeIDE_1.18.1\STM32CubeIDE\plugins\com.st.stm32cube.common.mx_6.14.1.202504091515
2026-05-07 12:07:43,292 [INFO] PluginManage:196 - Search for loadable plugins [exclusion list=, ]
2026-05-07 12:07:43,293 [INFO] PluginManage:310 - Check plugin analytics
2026-05-07 12:07:44,749 [ERROR] ConfigurationRetriever:142 - IOException on connection: Connect timed out
