2026-05-06 07:11:00,216 [INFO] Activator:176 - 


2026-05-06 07:11:00,220 [INFO] Activator:177 - !SESSION log4j initialized
2026-05-06 07:11:08,665 [INFO] LogOutputStream:77 - [STDOUT_REDIRECT] 
2026-05-06 07:11:16,395 [ERROR] ConfigurationRetriever:142 - IOException on connection: Connect timed out
2026-05-06 07:11:17,310 [INFO] ApplicationProperties:184 - Using Application install path: C:\ST\STM32CubeIDE_1.18.1\STM32CubeIDE\plugins\com.st.stm32cube.common.mx_6.14.1.202504091515
2026-05-06 07:11:17,327 [INFO] DbMcusXml:78 - Set database path to: C:\ST\STM32CubeIDE_1.18.1\STM32CubeIDE\plugins\com.st.stm32cube.common.mx_6.14.1.202504091515\\db\/mcu/
2026-05-06 07:11:17,328 [INFO] ApiDb:274 - Set plugin database path to: C:\ST\STM32CubeIDE_1.18.1\STM32CubeIDE\plugins\com.st.stm32cube.common.mx_6.14.1.202504091515\\db\/plugins/boardmanager/
2026-05-06 07:11:17,328 [WARN] ApiDb:259 - Overriding images path with different value:  => C:\ST\STM32CubeIDE_1.18.1\STM32CubeIDE\plugins\com.st.stm32cube.common.mx_6.14.1.202504091515\\db\/plugins/mcufinder/images/
2026-05-06 07:11:17,344 [INFO] ApiDb:250 - Set database path to: C:\Users\salem\.stmcufinder\plugins\mcufinder//mcu/
2026-05-06 07:11:17,345 [INFO] DbMcusAds:125 - Set database path to: C:\Users\salem\.stmcufinder\plugins\mcufinder//mcu/
2026-05-06 07:11:17,347 [INFO] CrossReferenceDbSqlite:203 - Set database path to: C:\Users\salem\.stmcufinder\plugins\mcufinder//mcu/cs/
2026-05-06 07:11:17,439 [INFO] RulesReader:64 - Compatibility file has been processed (302 Rules)
2026-05-06 07:11:17,512 [INFO] DbMcusXml:78 - Set database path to: C:\ST\STM32CubeIDE_1.18.1\STM32CubeIDE\plugins\com.st.stm32cube.common.mx_6.14.1.202504091515\\db\/mcu/
2026-05-06 07:11:17,512 [INFO] ApiDb:274 - Set plugin database path to: C:\ST\STM32CubeIDE_1.18.1\STM32CubeIDE\plugins\com.st.stm32cube.common.mx_6.14.1.202504091515\\db\/plugins/boardmanager/
2026-05-06 07:11:17,513 [INFO] ApiDb:261 - Set plugin images path to: C:\ST\STM32CubeIDE_1.18.1\STM32CubeIDE\plugins\com.st.stm32cube.common.mx_6.14.1.202504091515\\db\/plugins/mcufinder/images/
2026-05-06 07:11:17,513 [WARN] DbFile:41 - Overriding database path with different value: C:\Users\salem\.stmcufinder\plugins\mcufinder/ => C:\Users\salem\.stmcufinder\plugins\mcufinder
2026-05-06 07:11:17,513 [INFO] ApiDb:250 - Set database path to: C:\Users\salem\.stmcufinder\plugins\mcufinder//mcu/
2026-05-06 07:11:17,513 [WARN] DbFile:41 - Overriding database path with different value: C:\Users\salem\.stmcufinder\plugins\mcufinder/ => C:\Users\salem\.stmcufinder\plugins\mcufinder
2026-05-06 07:11:17,513 [INFO] DbMcusAds:125 - Set database path to: C:\Users\salem\.stmcufinder\plugins\mcufinder//mcu/
2026-05-06 07:11:17,513 [WARN] DbFile:41 - Overriding database path with different value: C:\Users\salem\.stmcufinder\plugins\mcufinder/ => C:\Users\salem\.stmcufinder\plugins\mcufinder
2026-05-06 07:11:17,513 [WARN] DbFile:41 - Overriding database path with different value: C:\Users\salem\.stmcufinder\plugins\mcufinder/ => C:\Users\salem\.stmcufinder\plugins\mcufinder
2026-05-06 07:11:17,513 [INFO] CrossReferenceDbSqlite:203 - Set database path to: C:\Users\salem\.stmcufinder\plugins\mcufinder//mcu/cs/
2026-05-06 07:11:17,580 [INFO] MainPanel:272 - HeapMemory: 268435456
2026-05-06 07:11:17,684 [INFO] DbMcusXml:78 - Set database path to: C:\ST\STM32CubeIDE_1.18.1\STM32CubeIDE\plugins\com.st.stm32cube.common.mx_6.14.1.202504091515\\db\/mcu/
2026-05-06 07:11:17,684 [INFO] ApiDb:274 - Set plugin database path to: C:\ST\STM32CubeIDE_1.18.1\STM32CubeIDE\plugins\com.st.stm32cube.common.mx_6.14.1.202504091515\\db\/plugins/boardmanager/
2026-05-06 07:11:17,685 [INFO] ApiDb:261 - Set plugin images path to: C:\ST\STM32CubeIDE_1.18.1\STM32CubeIDE\plugins\com.st.stm32cube.common.mx_6.14.1.202504091515\\db\/plugins/mcufinder/images/
2026-05-06 07:11:17,685 [WARN] DbFile:41 - Overriding database path with different value: C:\Users\salem\.stmcufinder\plugins\mcufinder/ => C:\Users\salem\.stmcufinder\plugins\mcufinder
2026-05-06 07:11:17,685 [INFO] ApiDb:250 - Set database path to: C:\Users\salem\.stmcufinder\plugins\mcufinder//mcu/
2026-05-06 07:11:17,685 [WARN] DbFile:41 - Overriding database path with different value: C:\Users\salem\.stmcufinder\plugins\mcufinder/ => C:\Users\salem\.stmcufinder\plugins\mcufinder
2026-05-06 07:11:17,685 [INFO] DbMcusAds:125 - Set database path to: C:\Users\salem\.stmcufinder\plugins\mcufinder//mcu/
2026-05-06 07:11:17,685 [WARN] DbFile:41 - Overriding database path with different value: C:\Users\salem\.stmcufinder\plugins\mcufinder/ => C:\Users\salem\.stmcufinder\plugins\mcufinder
2026-05-06 07:11:17,685 [WARN] DbFile:41 - Overriding database path with different value: C:\Users\salem\.stmcufinder\plugins\mcufinder/ => C:\Users\salem\.stmcufinder\plugins\mcufinder
2026-05-06 07:11:17,685 [INFO] CrossReferenceDbSqlite:203 - Set database path to: C:\Users\salem\.stmcufinder\plugins\mcufinder//mcu/cs/
2026-05-06 07:11:17,701 [INFO] ApplicationProperties:184 - Using Application install path: C:\ST\STM32CubeIDE_1.18.1\STM32CubeIDE\plugins\com.st.stm32cube.common.mx_6.14.1.202504091515
2026-05-06 07:11:17,702 [INFO] PluginManage:196 - Search for loadable plugins [exclusion list=, ]
2026-05-06 07:11:17,704 [INFO] PluginManage:310 - Check plugin analytics
2026-05-06 07:11:18,405 [ERROR] ConfigurationRetriever:142 - IOException on connection: Connect timed out
2026-05-06 07:11:20,407 [ERROR] ConfigurationRetriever:142 - IOException on connection: Connect timed out
2026-05-06 07:11:22,972 [INFO] AnalyticsPlugin:253 - Accepted Software Licenses: STM32CubeMX.6.13.0
2026-05-06 07:11:22,972 [INFO] AnalyticsPlugin:255 - Accepted CMSIS Pack Licenses: 
2026-05-06 07:11:22,972 [INFO] AnalyticsPlugin:257 - Accepted Firmware Licenses: FW.F4.1.28.0,FW.C0.1.3.0,FW.C0.1.4.0
2026-05-06 07:11:22,974 [INFO] PluginManage:359 - Loaded plugin analytics (category:tool,tabindex:-1)
2026-05-06 07:11:22,975 [INFO] PluginManage:310 - Check plugin cadmodel
2026-05-06 07:11:22,990 [INFO] CADModel:105 - Init CAD model plugin
2026-05-06 07:11:22,991 [INFO] PluginManage:359 - Loaded plugin cadmodel (category:power,tabindex:5)
2026-05-06 07:11:22,991 [INFO] PluginManage:310 - Check plugin clock
2026-05-06 07:11:23,007 [INFO] PluginManage:359 - Loaded plugin clock (category:base,tabindex:2)
2026-05-06 07:11:23,007 [INFO] PluginManage:310 - Check plugin ddr
2026-05-06 07:11:23,010 [INFO] PluginManage:359 - Loaded plugin ddr (category:tool,tabindex:6)
2026-05-06 07:11:23,010 [INFO] PluginManage:310 - Check plugin filemanager
2026-05-06 07:11:23,165 [INFO] PluginManage:359 - Loaded plugin filemanager (category:base,tabindex:10)
2026-05-06 07:11:23,165 [INFO] PluginManage:310 - Check plugin ipmanager
2026-05-06 07:11:23,173 [INFO] PluginManage:359 - Loaded plugin ipmanager (category:base,tabindex:5)
2026-05-06 07:11:23,173 [INFO] PluginManage:310 - Check plugin lpbam
2026-05-06 07:11:23,188 [INFO] PluginManage:359 - Loaded plugin lpbam (category:base,tabindex:0)
2026-05-06 07:11:23,189 [INFO] PluginManage:310 - Check plugin memorymap
2026-05-06 07:11:23,218 [INFO] PluginManage:359 - Loaded plugin memorymap (category:base,tabindex:4)
2026-05-06 07:11:23,218 [INFO] PluginManage:310 - Check plugin pinoutandconfiguration
2026-05-06 07:11:23,235 [INFO] PluginManage:359 - Loaded plugin pinoutandconfiguration (category:base,tabindex:1)
2026-05-06 07:11:23,235 [INFO] PluginManage:310 - Check plugin pinoutconfig
2026-05-06 07:11:23,325 [WARN] SupportedApi:132 - Cannot load RTOS API schema: s4s-elt-must-match.1: The content of 'definitions' must match (annotation?, (simpleType | complexType)?, (unique | key | keyref)*)). A problem was found starting at: attribute.
2026-05-06 07:11:23,454 [INFO] PluginManage:359 - Loaded plugin pinoutconfig (category:base,tabindex:0)
2026-05-06 07:11:23,455 [INFO] PluginManage:310 - Check plugin power
2026-05-06 07:11:23,471 [INFO] PluginManage:359 - Loaded plugin power (category:power,tabindex:4)
2026-05-06 07:11:23,471 [INFO] PluginManage:310 - Check plugin projectmanager
2026-05-06 07:11:23,483 [INFO] PluginManage:359 - Loaded plugin projectmanager (category:projectmanager,tabindex:4)
2026-05-06 07:11:23,483 [INFO] PluginManage:310 - Check plugin rif
2026-05-06 07:11:23,497 [INFO] PluginManage:359 - Loaded plugin rif (category:base,tabindex:3)
2026-05-06 07:11:23,497 [INFO] PluginManage:310 - Check plugin thirdparty
2026-05-06 07:11:23,803 [INFO] PluginManage:359 - Loaded plugin thirdparty (category:base,tabindex:-1)
2026-05-06 07:11:23,803 [WARN] IntegrityCheckThread:84 - waiting for thirdparty lock release [integrity check]
2026-05-06 07:11:23,803 [INFO] PluginManage:310 - Check plugin tools
2026-05-06 07:11:23,803 [INFO] IntegrityCheckThread:86 - entering critical section [integrity check]
2026-05-06 07:11:23,804 [INFO] ThirdPartyUpdaterWithRetryManager:70 - Updater plugin not ready yet. [1/15]
2026-05-06 07:11:23,836 [INFO] PluginManage:359 - Loaded plugin tools (category:base,tabindex:7)
2026-05-06 07:11:23,836 [INFO] PluginManage:310 - Check plugin tutovideos
2026-05-06 07:11:23,999 [INFO] PluginManage:359 - Loaded plugin tutovideos (category:base,tabindex:-1)
2026-05-06 07:11:23,999 [INFO] PluginManage:310 - Check plugin updater
2026-05-06 07:11:24,015 [INFO] PluginManage:359 - Loaded plugin updater (category:base,tabindex:12)
2026-05-06 07:11:24,015 [INFO] PluginManage:310 - Check plugin userauth
2026-05-06 07:11:24,019 [INFO] UserAuth:118 - Init User Auth plugin
2026-05-06 07:11:24,020 [INFO] PluginManage:359 - Loaded plugin userauth (category:base,tabindex:14)
2026-05-06 07:11:24,021 [INFO] PluginManage:283 - PluginManage : Loaded plugins [18]
2026-05-06 07:11:24,191 [INFO] PinOutPanel:1589 - setPackage(No Configuration,No Configuration)
2026-05-06 07:11:24,266 [INFO] CADModel:165 - CPN selected for project level
2026-05-06 07:11:24,266 [INFO] CADModel:114 - Register for checkConnection events
2026-05-06 07:11:24,291 [INFO] IPUIPlugin:80 - create IPUIPlugin
2026-05-06 07:11:24,291 [INFO] PluginManager:220 - loadIPPluginJar : add adc
2026-05-06 07:11:24,326 [INFO] IPUIPlugin:80 - create IPUIPlugin
2026-05-06 07:11:24,326 [INFO] PluginManager:220 - loadIPPluginJar : add aes
2026-05-06 07:11:24,364 [INFO] IPUIPlugin:80 - create IPUIPlugin
2026-05-06 07:11:24,365 [INFO] PluginManager:220 - loadIPPluginJar : add can
2026-05-06 07:11:24,386 [INFO] IPUIPlugin:80 - create IPUIPlugin
2026-05-06 07:11:24,386 [INFO] PluginManager:220 - loadIPPluginJar : add comp
2026-05-06 07:11:24,414 [INFO] IPUIPlugin:80 - create IPUIPlugin
2026-05-06 07:11:24,414 [INFO] PluginManager:220 - loadIPPluginJar : add cryp
2026-05-06 07:11:24,424 [INFO] IPUIPlugin:80 - create IPUIPlugin
2026-05-06 07:11:24,425 [INFO] PluginManager:220 - loadIPPluginJar : add ddr_ctrl_phy
2026-05-06 07:11:24,450 [INFO] IPUIPlugin:80 - create IPUIPlugin
2026-05-06 07:11:24,451 [INFO] PluginManager:220 - loadIPPluginJar : add dfsdm
2026-05-06 07:11:24,463 [INFO] IPUIPlugin:80 - create IPUIPlugin
2026-05-06 07:11:24,463 [INFO] PluginManager:220 - loadIPPluginJar : add dma
2026-05-06 07:11:24,497 [INFO] IPUIPlugin:80 - create IPUIPlugin
2026-05-06 07:11:24,498 [INFO] PluginManager:220 - loadIPPluginJar : add dma3
2026-05-06 07:11:24,534 [INFO] IPUIPlugin:80 - create IPUIPlugin
2026-05-06 07:11:24,535 [INFO] PluginManager:220 - loadIPPluginJar : add extmemmanager
2026-05-06 07:11:24,552 [INFO] IPUIPlugin:80 - create IPUIPlugin
2026-05-06 07:11:24,552 [INFO] PluginManager:220 - loadIPPluginJar : add fatfs
2026-05-06 07:11:24,590 [INFO] IPUIPlugin:80 - create IPUIPlugin
2026-05-06 07:11:24,590 [INFO] PluginManager:220 - loadIPPluginJar : add fmc
2026-05-06 07:11:24,602 [INFO] IPUIPlugin:80 - create IPUIPlugin
2026-05-06 07:11:24,602 [INFO] PluginManager:220 - loadIPPluginJar : add freertos
2026-05-06 07:11:24,621 [INFO] IPUIPlugin:80 - create IPUIPlugin
2026-05-06 07:11:24,621 [INFO] PluginManager:220 - loadIPPluginJar : add genericplugin
2026-05-06 07:11:24,709 [INFO] IPUIPlugin:80 - create IPUIPlugin
2026-05-06 07:11:24,709 [INFO] PluginManager:220 - loadIPPluginJar : add gfxmmu
2026-05-06 07:11:24,826 [INFO] IPUIPlugin:80 - create IPUIPlugin
2026-05-06 07:11:24,826 [INFO] PluginManager:220 - loadIPPluginJar : add gic
2026-05-06 07:11:24,836 [INFO] IPUIPlugin:80 - create IPUIPlugin
2026-05-06 07:11:24,836 [INFO] PluginManager:220 - loadIPPluginJar : add gpio
2026-05-06 07:11:24,911 [INFO] IPUIPlugin:80 - create IPUIPlugin
2026-05-06 07:11:24,911 [INFO] PluginManager:220 - loadIPPluginJar : add gtzc
2026-05-06 07:11:24,940 [INFO] IPUIPlugin:80 - create IPUIPlugin
2026-05-06 07:11:24,940 [INFO] PluginManager:220 - loadIPPluginJar : add hash
2026-05-06 07:11:24,984 [INFO] IPUIPlugin:80 - create IPUIPlugin
2026-05-06 07:11:24,985 [INFO] PluginManager:220 - loadIPPluginJar : add i2c
2026-05-06 07:11:25,019 [INFO] IPUIPlugin:80 - create IPUIPlugin
2026-05-06 07:11:25,019 [INFO] PluginManager:220 - loadIPPluginJar : add i2s
2026-05-06 07:11:25,055 [INFO] IPUIPlugin:80 - create IPUIPlugin
2026-05-06 07:11:25,055 [INFO] PluginManager:220 - loadIPPluginJar : add i3c
2026-05-06 07:11:25,139 [INFO] IPUIPlugin:80 - create IPUIPlugin
2026-05-06 07:11:25,139 [INFO] PluginManager:220 - loadIPPluginJar : add ipddr
2026-05-06 07:11:25,222 [INFO] IPUIPlugin:80 - create IPUIPlugin
2026-05-06 07:11:25,222 [INFO] PluginManager:220 - loadIPPluginJar : add linkedlist
2026-05-06 07:11:25,253 [INFO] IPUIPlugin:80 - create IPUIPlugin
2026-05-06 07:11:25,254 [INFO] PluginManager:220 - loadIPPluginJar : add lorawan
2026-05-06 07:11:25,286 [INFO] IPUIPlugin:80 - create IPUIPlugin
2026-05-06 07:11:25,286 [INFO] PluginManager:220 - loadIPPluginJar : add ltdc
2026-05-06 07:11:25,298 [INFO] IPUIPlugin:80 - create IPUIPlugin
2026-05-06 07:11:25,298 [INFO] PluginManager:220 - loadIPPluginJar : add mdma
2026-05-06 07:11:25,308 [INFO] IPUIPlugin:80 - create IPUIPlugin
2026-05-06 07:11:25,308 [INFO] PluginManager:220 - loadIPPluginJar : add nvic
2026-05-06 07:11:25,338 [INFO] IPUIPlugin:80 - create IPUIPlugin
2026-05-06 07:11:25,338 [INFO] PluginManager:220 - loadIPPluginJar : add opamp
2026-05-06 07:11:25,397 [INFO] IPUIPlugin:80 - create IPUIPlugin
2026-05-06 07:11:25,397 [INFO] PluginManager:220 - loadIPPluginJar : add openamp
2026-05-06 07:11:25,438 [INFO] IPUIPlugin:80 - create IPUIPlugin
2026-05-06 07:11:25,439 [INFO] PluginManager:220 - loadIPPluginJar : add pdm2pcm
2026-05-06 07:11:25,451 [INFO] IPUIPlugin:80 - create IPUIPlugin
2026-05-06 07:11:25,452 [INFO] PluginManager:220 - loadIPPluginJar : add plateformsettings
2026-05-06 07:11:25,472 [INFO] IPUIPlugin:80 - create IPUIPlugin
2026-05-06 07:11:25,473 [INFO] PluginManager:220 - loadIPPluginJar : add quadspi
2026-05-06 07:11:25,496 [INFO] IPUIPlugin:80 - create IPUIPlugin
2026-05-06 07:11:25,496 [INFO] PluginManager:220 - loadIPPluginJar : add radio
2026-05-06 07:11:25,506 [INFO] IPUIPlugin:80 - create IPUIPlugin
2026-05-06 07:11:25,506 [INFO] PluginManager:220 - loadIPPluginJar : add resmgrutility
2026-05-06 07:11:25,546 [INFO] IPUIPlugin:80 - create IPUIPlugin
2026-05-06 07:11:25,546 [INFO] PluginManager:220 - loadIPPluginJar : add sai
2026-05-06 07:11:25,577 [INFO] IPUIPlugin:80 - create IPUIPlugin
2026-05-06 07:11:25,577 [INFO] PluginManager:220 - loadIPPluginJar : add spi
2026-05-06 07:11:25,640 [INFO] IPUIPlugin:80 - create IPUIPlugin
2026-05-06 07:11:25,640 [INFO] PluginManager:220 - loadIPPluginJar : add stm32_wpan
2026-05-06 07:11:25,661 [INFO] IPUIPlugin:80 - create IPUIPlugin
2026-05-06 07:11:25,661 [INFO] PluginManager:220 - loadIPPluginJar : add tim
2026-05-06 07:11:25,712 [INFO] IPUIPlugin:80 - create IPUIPlugin
2026-05-06 07:11:25,712 [INFO] PluginManager:220 - loadIPPluginJar : add touchsensing
2026-05-06 07:11:25,733 [INFO] IPUIPlugin:80 - create IPUIPlugin
2026-05-06 07:11:25,733 [INFO] PluginManager:220 - loadIPPluginJar : add tracer_emb
2026-05-06 07:11:25,753 [INFO] IPUIPlugin:80 - create IPUIPlugin
2026-05-06 07:11:25,753 [INFO] PluginManager:220 - loadIPPluginJar : add ts
2026-05-06 07:11:25,772 [INFO] IPUIPlugin:80 - create IPUIPlugin
2026-05-06 07:11:25,772 [INFO] PluginManager:220 - loadIPPluginJar : add tsc
2026-05-06 07:11:25,792 [INFO] IPUIPlugin:80 - create IPUIPlugin
2026-05-06 07:11:25,792 [INFO] PluginManager:220 - loadIPPluginJar : add ucpd
2026-05-06 07:11:25,828 [INFO] IPUIPlugin:80 - create IPUIPlugin
2026-05-06 07:11:25,828 [INFO] PluginManager:220 - loadIPPluginJar : add usart
2026-05-06 07:11:25,865 [INFO] IPUIPlugin:80 - create IPUIPlugin
2026-05-06 07:11:25,865 [INFO] PluginManager:220 - loadIPPluginJar : add usbx
2026-05-06 07:11:25,980 [FATAL] Updater:351 - Updater called before beeing initialized
2026-05-06 07:11:26,005 [INFO] RulesReader:64 - Compatibility file has been processed (302 Rules)
2026-05-06 07:11:26,014 [INFO] RulesReader:64 - Compatibility file has been processed (302 Rules)
2026-05-06 07:11:26,020 [INFO] CADModel:165 - CPN selected for project level
2026-05-06 07:11:26,021 [INFO] CADModel:114 - Register for checkConnection events
2026-05-06 07:11:26,021 [FATAL] Updater:351 - Updater called before beeing initialized
2026-05-06 07:11:26,021 [ERROR] CADModel:125 - Updater not yet initialized, retry later 
2026-05-06 07:11:26,142 [FATAL] Updater:351 - Updater called before beeing initialized
2026-05-06 07:11:26,144 [INFO] CADModel:165 - CPN selected for project level
2026-05-06 07:11:26,144 [INFO] CADModel:114 - Register for checkConnection events
2026-05-06 07:11:26,144 [FATAL] Updater:351 - Updater called before beeing initialized
2026-05-06 07:11:26,144 [ERROR] CADModel:125 - Updater not yet initialized, retry later 
2026-05-06 07:11:26,147 [FATAL] Updater:351 - Updater called before beeing initialized
2026-05-06 07:11:26,222 [FATAL] Updater:351 - Updater called before beeing initialized
2026-05-06 07:11:26,231 [INFO] DbMcusAds:53 - JSON generation date=Fri Apr 10 10:19:02 CET 2026 (1775812742310)
2026-05-06 07:11:26,231 [FATAL] Updater:351 - Updater called before beeing initialized
2026-05-06 07:11:26,259 [WARN] DetailPanel:346 - Failed to get advertising image, set to default
2026-05-06 07:11:26,452 [FATAL] Updater:351 - Updater called before beeing initialized
2026-05-06 07:11:26,454 [FATAL] Updater:351 - Updater called before beeing initialized
2026-05-06 07:11:26,454 [FATAL] Updater:351 - Updater called before beeing initialized
2026-05-06 07:11:26,454 [WARN] DetailPanel:346 - Failed to get advertising image, set to default
2026-05-06 07:11:26,455 [FATAL] Updater:351 - Updater called before beeing initialized
2026-05-06 07:11:26,500 [ERROR] Updater:1198 - MainUpdater not yet initialized. External WinMGr cannot be set.
2026-05-06 07:11:26,509 [INFO] Updater:1134 - Updater Version found : 6.14.1
2026-05-06 07:11:26,522 [INFO] ApplicationProperties:184 - Using Application install path: C:\ST\STM32CubeIDE_1.18.1\STM32CubeIDE\plugins\com.st.stm32cube.common.mx_6.14.1.202504091515
2026-05-06 07:11:26,805 [INFO] ThirdPartyUpdaterWithRetryManager:70 - Updater plugin not ready yet. [2/15]
2026-05-06 07:11:27,977 [ERROR] ConfigurationRetriever:142 - IOException on connection: Connect timed out
2026-05-06 07:11:29,807 [FATAL] Updater:351 - Updater called before beeing initialized
2026-05-06 07:11:29,807 [ERROR] IntegrityCheckThread:130 - Cannot retrieve database content from updater: error 21
2026-05-06 07:11:29,807 [INFO] ThirdParty:978 - Integrity check success = false
2026-05-06 07:11:29,808 [INFO] IntegrityCheckThread:100 - exiting critical section [integrity check]
2026-05-06 07:11:29,808 [INFO] IntegrityCheckThread:103 - End integrity checks thread
2026-05-06 07:11:30,768 [WARN] CheckConnectionManager:291 - Warning during Server Connection :  timeout Connect to sw-center.st.com:443 [sw-center.st.com/41.231.245.121, sw-center.st.com/41.231.245.75] failed: Connect timed out
2026-05-06 07:11:32,979 [ERROR] ConfigurationRetriever:142 - IOException on connection: Connect timed out
2026-05-06 07:11:34,775 [WARN] CheckConnectionManager:291 - Warning during Server Connection :  timeout Connect to sw-center.st.com:443 [sw-center.st.com/41.231.245.121, sw-center.st.com/41.231.245.75] failed: Connect timed out
2026-05-06 07:11:34,781 [INFO] MainUpdater:2872 - connection check result : 22
2026-05-06 07:11:34,782 [INFO] MainUpdater:289 - Updater Check For Update Now.
2026-05-06 07:11:34,782 [INFO] MicroXplorer:498 - Change Database Version : DB.6.0.141
2026-05-06 07:11:34,818 [INFO] McuFinderGlobals:63 - Set McuFinder mode to 2 (CubeIDE integrated)
2026-05-06 07:11:34,827 [INFO] UserAuth:484 - Internet connection configuration mode: 2
2026-05-06 07:11:34,832 [INFO] UserAuth:484 - Internet connection configuration mode: 2
2026-05-06 07:11:34,926 [ERROR] LogOutputStream:75 - [STDERR_REDIRECT] [Fatal Error] :1:1: Premature end of file.
2026-05-06 07:11:34,926 [ERROR] LogOutputStream:75 - [STDERR_REDIRECT] 
2026-05-06 07:11:34,996 [INFO] CheckServerUpdateThread:120 - End of CheckServer Thread
2026-05-06 07:11:35,895 [ERROR] LogOutputStream:75 - [STDERR_REDIRECT] [Fatal Error] :1:1: Premature end of file.
2026-05-06 07:11:35,896 [ERROR] LogOutputStream:75 - [STDERR_REDIRECT] 
2026-05-06 07:11:36,899 [ERROR] LogOutputStream:75 - [STDERR_REDIRECT] [Fatal Error] :1:1: Premature end of file.
2026-05-06 07:11:36,899 [ERROR] LogOutputStream:75 - [STDERR_REDIRECT] 
2026-05-06 07:11:37,895 [ERROR] LogOutputStream:75 - [STDERR_REDIRECT] [Fatal Error] :1:1: Premature end of file.
2026-05-06 07:11:37,895 [ERROR] LogOutputStream:75 - [STDERR_REDIRECT] 
2026-05-06 07:11:37,982 [ERROR] ConfigurationRetriever:142 - IOException on connection: Connect timed out
2026-05-06 07:11:38,912 [ERROR] LogOutputStream:75 - [STDERR_REDIRECT] [Fatal Error] :1:1: Premature end of file.
2026-05-06 07:11:38,913 [ERROR] LogOutputStream:75 - [STDERR_REDIRECT] 
2026-05-06 07:11:39,896 [ERROR] LogOutputStream:75 - [STDERR_REDIRECT] [Fatal Error] :1:1: Premature end of file.
2026-05-06 07:11:39,896 [ERROR] LogOutputStream:75 - [STDERR_REDIRECT] 
2026-05-06 07:11:40,895 [ERROR] LogOutputStream:75 - [STDERR_REDIRECT] [Fatal Error] :1:1: Premature end of file.
2026-05-06 07:11:40,895 [ERROR] LogOutputStream:75 - [STDERR_REDIRECT] 
2026-05-06 07:11:41,896 [ERROR] LogOutputStream:75 - [STDERR_REDIRECT] [Fatal Error] :1:1: Premature end of file.
2026-05-06 07:11:41,896 [ERROR] LogOutputStream:75 - [STDERR_REDIRECT] 
2026-05-06 07:11:42,894 [ERROR] LogOutputStream:75 - [STDERR_REDIRECT] [Fatal Error] :1:1: Premature end of file.
2026-05-06 07:11:42,894 [ERROR] LogOutputStream:75 - [STDERR_REDIRECT] 
2026-05-06 07:11:43,910 [ERROR] LogOutputStream:75 - [STDERR_REDIRECT] [Fatal Error] :1:1: Premature end of file.
2026-05-06 07:11:43,910 [ERROR] LogOutputStream:75 - [STDERR_REDIRECT] 
2026-05-06 07:11:44,792 [ERROR] ConfigurationRetriever:142 - IOException on connection: Connect timed out
2026-05-06 07:11:44,915 [ERROR] LogOutputStream:75 - [STDERR_REDIRECT] [Fatal Error] :1:1: Premature end of file.
2026-05-06 07:11:44,915 [ERROR] LogOutputStream:75 - [STDERR_REDIRECT] 
2026-05-06 07:11:45,917 [ERROR] LogOutputStream:75 - [STDERR_REDIRECT] [Fatal Error] :1:1: Premature end of file.
2026-05-06 07:11:45,917 [ERROR] LogOutputStream:75 - [STDERR_REDIRECT] 
2026-05-06 07:11:46,865 [ERROR] ConfigurationRetriever:142 - IOException on connection: Connect timed out
2026-05-06 07:11:46,917 [ERROR] LogOutputStream:75 - [STDERR_REDIRECT] [Fatal Error] :1:1: Premature end of file.
2026-05-06 07:11:46,917 [ERROR] LogOutputStream:75 - [STDERR_REDIRECT] 
2026-05-06 07:11:47,919 [ERROR] LogOutputStream:75 - [STDERR_REDIRECT] [Fatal Error] :1:1: Premature end of file.
2026-05-06 07:11:47,919 [ERROR] LogOutputStream:75 - [STDERR_REDIRECT] 
2026-05-06 07:11:48,868 [ERROR] ConfigurationRetriever:142 - IOException on connection: Connect timed out
2026-05-06 07:11:48,908 [ERROR] LogOutputStream:75 - [STDERR_REDIRECT] [Fatal Error] :1:1: Premature end of file.
2026-05-06 07:11:48,909 [ERROR] LogOutputStream:75 - [STDERR_REDIRECT] 
2026-05-06 07:11:49,922 [ERROR] LogOutputStream:75 - [STDERR_REDIRECT] [Fatal Error] :1:1: Premature end of file.
2026-05-06 07:11:49,922 [ERROR] LogOutputStream:75 - [STDERR_REDIRECT] 
2026-05-06 07:11:50,913 [ERROR] LogOutputStream:75 - [STDERR_REDIRECT] [Fatal Error] :1:1: Premature end of file.
2026-05-06 07:11:50,914 [ERROR] LogOutputStream:75 - [STDERR_REDIRECT] 
2026-05-06 07:11:51,916 [ERROR] LogOutputStream:75 - [STDERR_REDIRECT] [Fatal Error] :1:1: Premature end of file.
2026-05-06 07:11:51,916 [ERROR] LogOutputStream:75 - [STDERR_REDIRECT] 
2026-05-06 07:11:52,915 [ERROR] LogOutputStream:75 - [STDERR_REDIRECT] [Fatal Error] :1:1: Premature end of file.
2026-05-06 07:11:52,915 [ERROR] LogOutputStream:75 - [STDERR_REDIRECT] 
2026-05-06 07:11:53,905 [ERROR] LogOutputStream:75 - [STDERR_REDIRECT] [Fatal Error] :1:1: Premature end of file.
2026-05-06 07:11:53,905 [ERROR] LogOutputStream:75 - [STDERR_REDIRECT] 
2026-05-06 07:11:54,923 [ERROR] LogOutputStream:75 - [STDERR_REDIRECT] [Fatal Error] :1:1: Premature end of file.
2026-05-06 07:11:54,924 [ERROR] LogOutputStream:75 - [STDERR_REDIRECT] 
2026-05-06 07:11:55,921 [ERROR] LogOutputStream:75 - [STDERR_REDIRECT] [Fatal Error] :1:1: Premature end of file.
2026-05-06 07:11:55,921 [ERROR] LogOutputStream:75 - [STDERR_REDIRECT] 
2026-05-06 07:11:56,911 [ERROR] LogOutputStream:75 - [STDERR_REDIRECT] [Fatal Error] :1:1: Premature end of file.
2026-05-06 07:11:56,911 [ERROR] LogOutputStream:75 - [STDERR_REDIRECT] 
2026-05-06 07:11:57,920 [ERROR] LogOutputStream:75 - [STDERR_REDIRECT] [Fatal Error] :1:1: Premature end of file.
2026-05-06 07:11:57,920 [ERROR] LogOutputStream:75 - [STDERR_REDIRECT] 
2026-05-06 07:11:58,896 [ERROR] LogOutputStream:75 - [STDERR_REDIRECT] [Fatal Error] :1:1: Premature end of file.
2026-05-06 07:11:58,896 [ERROR] LogOutputStream:75 - [STDERR_REDIRECT] 
2026-05-06 07:11:59,914 [ERROR] LogOutputStream:75 - [STDERR_REDIRECT] [Fatal Error] :1:1: Premature end of file.
2026-05-06 07:11:59,914 [ERROR] LogOutputStream:75 - [STDERR_REDIRECT] 
2026-05-06 07:12:00,908 [ERROR] LogOutputStream:75 - [STDERR_REDIRECT] [Fatal Error] :1:1: Premature end of file.
2026-05-06 07:12:00,909 [ERROR] LogOutputStream:75 - [STDERR_REDIRECT] 
2026-05-06 07:12:01,920 [ERROR] LogOutputStream:75 - [STDERR_REDIRECT] [Fatal Error] :1:1: Premature end of file.
2026-05-06 07:12:01,921 [ERROR] LogOutputStream:75 - [STDERR_REDIRECT] 
2026-05-06 07:12:02,908 [ERROR] LogOutputStream:75 - [STDERR_REDIRECT] [Fatal Error] :1:1: Premature end of file.
2026-05-06 07:12:02,908 [ERROR] LogOutputStream:75 - [STDERR_REDIRECT] 
2026-05-06 07:12:03,898 [ERROR] LogOutputStream:75 - [STDERR_REDIRECT] [Fatal Error] :1:1: Premature end of file.
2026-05-06 07:12:03,898 [ERROR] LogOutputStream:75 - [STDERR_REDIRECT] 
2026-05-06 07:12:04,918 [ERROR] LogOutputStream:75 - [STDERR_REDIRECT] [Fatal Error] :1:1: Premature end of file.
2026-05-06 07:12:04,918 [ERROR] LogOutputStream:75 - [STDERR_REDIRECT] 
2026-05-06 07:12:05,896 [ERROR] LogOutputStream:75 - [STDERR_REDIRECT] [Fatal Error] :1:1: Premature end of file.
2026-05-06 07:12:05,896 [ERROR] LogOutputStream:75 - [STDERR_REDIRECT] 
2026-05-06 07:12:06,899 [ERROR] LogOutputStream:75 - [STDERR_REDIRECT] [Fatal Error] :1:1: Premature end of file.
2026-05-06 07:12:06,899 [ERROR] LogOutputStream:75 - [STDERR_REDIRECT] 
2026-05-06 07:12:07,910 [ERROR] LogOutputStream:75 - [STDERR_REDIRECT] [Fatal Error] :1:1: Premature end of file.
2026-05-06 07:12:07,910 [ERROR] LogOutputStream:75 - [STDERR_REDIRECT] 
2026-05-06 07:12:08,763 [ERROR] ConfigurationRetriever:142 - IOException on connection: Connect timed out
2026-05-06 07:12:08,917 [ERROR] LogOutputStream:75 - [STDERR_REDIRECT] [Fatal Error] :1:1: Premature end of file.
2026-05-06 07:12:08,919 [ERROR] LogOutputStream:75 - [STDERR_REDIRECT] 
2026-05-06 07:12:09,914 [ERROR] LogOutputStream:75 - [STDERR_REDIRECT] [Fatal Error] :1:1: Premature end of file.
2026-05-06 07:12:09,915 [ERROR] LogOutputStream:75 - [STDERR_REDIRECT] 
2026-05-06 07:12:10,766 [ERROR] ConfigurationRetriever:142 - IOException on connection: Connect timed out
2026-05-06 07:12:10,918 [ERROR] LogOutputStream:75 - [STDERR_REDIRECT] [Fatal Error] :1:1: Premature end of file.
2026-05-06 07:12:10,918 [ERROR] LogOutputStream:75 - [STDERR_REDIRECT] 
2026-05-06 07:12:11,921 [ERROR] LogOutputStream:75 - [STDERR_REDIRECT] [Fatal Error] :1:1: Premature end of file.
2026-05-06 07:12:11,921 [ERROR] LogOutputStream:75 - [STDERR_REDIRECT] 
2026-05-06 07:12:12,767 [ERROR] ConfigurationRetriever:142 - IOException on connection: Connect timed out
2026-05-06 07:12:12,914 [ERROR] LogOutputStream:75 - [STDERR_REDIRECT] [Fatal Error] :1:1: Premature end of file.
2026-05-06 07:12:12,914 [ERROR] LogOutputStream:75 - [STDERR_REDIRECT] 
2026-05-06 07:12:13,915 [ERROR] LogOutputStream:75 - [STDERR_REDIRECT] [Fatal Error] :1:1: Premature end of file.
2026-05-06 07:12:13,916 [ERROR] LogOutputStream:75 - [STDERR_REDIRECT] 
2026-05-06 07:12:14,907 [ERROR] LogOutputStream:75 - [STDERR_REDIRECT] [Fatal Error] :1:1: Premature end of file.
2026-05-06 07:12:14,908 [ERROR] LogOutputStream:75 - [STDERR_REDIRECT] 
2026-05-06 07:12:15,920 [ERROR] LogOutputStream:75 - [STDERR_REDIRECT] [Fatal Error] :1:1: Premature end of file.
2026-05-06 07:12:15,920 [ERROR] LogOutputStream:75 - [STDERR_REDIRECT] 
2026-05-06 07:12:16,915 [ERROR] LogOutputStream:75 - [STDERR_REDIRECT] [Fatal Error] :1:1: Premature end of file.
2026-05-06 07:12:16,915 [ERROR] LogOutputStream:75 - [STDERR_REDIRECT] 
2026-05-06 07:12:17,916 [ERROR] LogOutputStream:75 - [STDERR_REDIRECT] [Fatal Error] :1:1: Premature end of file.
2026-05-06 07:12:17,916 [ERROR] LogOutputStream:75 - [STDERR_REDIRECT] 
2026-05-06 07:12:18,855 [ERROR] ConfigurationRetriever:142 - IOException on connection: Connect timed out
2026-05-06 07:12:18,911 [ERROR] LogOutputStream:75 - [STDERR_REDIRECT] [Fatal Error] :1:1: Premature end of file.
2026-05-06 07:12:18,911 [ERROR] LogOutputStream:75 - [STDERR_REDIRECT] 
2026-05-06 07:12:19,919 [ERROR] LogOutputStream:75 - [STDERR_REDIRECT] [Fatal Error] :1:1: Premature end of file.
2026-05-06 07:12:19,919 [ERROR] LogOutputStream:75 - [STDERR_REDIRECT] 
2026-05-06 07:12:20,856 [ERROR] ConfigurationRetriever:142 - IOException on connection: Connect timed out
2026-05-06 07:12:20,915 [ERROR] LogOutputStream:75 - [STDERR_REDIRECT] [Fatal Error] :1:1: Premature end of file.
2026-05-06 07:12:20,916 [ERROR] LogOutputStream:75 - [STDERR_REDIRECT] 
2026-05-06 07:12:21,917 [ERROR] LogOutputStream:75 - [STDERR_REDIRECT] [Fatal Error] :1:1: Premature end of file.
2026-05-06 07:12:21,917 [ERROR] LogOutputStream:75 - [STDERR_REDIRECT] 
2026-05-06 07:12:22,860 [ERROR] ConfigurationRetriever:142 - IOException on connection: Connect timed out
2026-05-06 07:12:22,901 [ERROR] LogOutputStream:75 - [STDERR_REDIRECT] [Fatal Error] :1:1: Premature end of file.
2026-05-06 07:12:22,902 [ERROR] LogOutputStream:75 - [STDERR_REDIRECT] 
2026-05-06 07:13:48,852 [INFO] Activator:176 - 


2026-05-06 07:13:48,852 [INFO] Activator:177 - !SESSION log4j initialized
2026-05-06 07:13:53,009 [INFO] LogOutputStream:77 - [STDOUT_REDIRECT] 
2026-05-06 07:13:58,771 [INFO] ApplicationProperties:184 - Using Application install path: C:\ST\STM32CubeIDE_1.18.1\STM32CubeIDE\plugins\com.st.stm32cube.common.mx_6.14.1.202504091515
2026-05-06 07:13:58,782 [INFO] DbMcusXml:78 - Set database path to: C:\ST\STM32CubeIDE_1.18.1\STM32CubeIDE\plugins\com.st.stm32cube.common.mx_6.14.1.202504091515\\db\/mcu/
2026-05-06 07:13:58,782 [INFO] ApiDb:274 - Set plugin database path to: C:\ST\STM32CubeIDE_1.18.1\STM32CubeIDE\plugins\com.st.stm32cube.common.mx_6.14.1.202504091515\\db\/plugins/boardmanager/
2026-05-06 07:13:58,782 [WARN] ApiDb:259 - Overriding images path with different value:  => C:\ST\STM32CubeIDE_1.18.1\STM32CubeIDE\plugins\com.st.stm32cube.common.mx_6.14.1.202504091515\\db\/plugins/mcufinder/images/
2026-05-06 07:13:58,782 [INFO] ApiDb:250 - Set database path to: C:\Users\salem\.stmcufinder\plugins\mcufinder//mcu/
2026-05-06 07:13:58,782 [INFO] DbMcusAds:125 - Set database path to: C:\Users\salem\.stmcufinder\plugins\mcufinder//mcu/
2026-05-06 07:13:58,782 [INFO] CrossReferenceDbSqlite:203 - Set database path to: C:\Users\salem\.stmcufinder\plugins\mcufinder//mcu/cs/
2026-05-06 07:13:58,907 [INFO] RulesReader:64 - Compatibility file has been processed (302 Rules)
2026-05-06 07:13:58,987 [INFO] DbMcusXml:78 - Set database path to: C:\ST\STM32CubeIDE_1.18.1\STM32CubeIDE\plugins\com.st.stm32cube.common.mx_6.14.1.202504091515\\db\/mcu/
2026-05-06 07:13:58,987 [INFO] ApiDb:274 - Set plugin database path to: C:\ST\STM32CubeIDE_1.18.1\STM32CubeIDE\plugins\com.st.stm32cube.common.mx_6.14.1.202504091515\\db\/plugins/boardmanager/
2026-05-06 07:13:58,987 [INFO] ApiDb:261 - Set plugin images path to: C:\ST\STM32CubeIDE_1.18.1\STM32CubeIDE\plugins\com.st.stm32cube.common.mx_6.14.1.202504091515\\db\/plugins/mcufinder/images/
2026-05-06 07:13:58,987 [WARN] DbFile:41 - Overriding database path with different value: C:\Users\salem\.stmcufinder\plugins\mcufinder/ => C:\Users\salem\.stmcufinder\plugins\mcufinder
2026-05-06 07:13:58,987 [INFO] ApiDb:250 - Set database path to: C:\Users\salem\.stmcufinder\plugins\mcufinder//mcu/
2026-05-06 07:13:58,987 [WARN] DbFile:41 - Overriding database path with different value: C:\Users\salem\.stmcufinder\plugins\mcufinder/ => C:\Users\salem\.stmcufinder\plugins\mcufinder
2026-05-06 07:13:58,987 [INFO] DbMcusAds:125 - Set database path to: C:\Users\salem\.stmcufinder\plugins\mcufinder//mcu/
2026-05-06 07:13:58,987 [WARN] DbFile:41 - Overriding database path with different value: C:\Users\salem\.stmcufinder\plugins\mcufinder/ => C:\Users\salem\.stmcufinder\plugins\mcufinder
2026-05-06 07:13:58,987 [WARN] DbFile:41 - Overriding database path with different value: C:\Users\salem\.stmcufinder\plugins\mcufinder/ => C:\Users\salem\.stmcufinder\plugins\mcufinder
2026-05-06 07:13:58,987 [INFO] CrossReferenceDbSqlite:203 - Set database path to: C:\Users\salem\.stmcufinder\plugins\mcufinder//mcu/cs/
2026-05-06 07:13:59,035 [INFO] MainPanel:272 - HeapMemory: 268435456
2026-05-06 07:13:59,105 [INFO] DbMcusXml:78 - Set database path to: C:\ST\STM32CubeIDE_1.18.1\STM32CubeIDE\plugins\com.st.stm32cube.common.mx_6.14.1.202504091515\\db\/mcu/
2026-05-06 07:13:59,105 [INFO] ApiDb:274 - Set plugin database path to: C:\ST\STM32CubeIDE_1.18.1\STM32CubeIDE\plugins\com.st.stm32cube.common.mx_6.14.1.202504091515\\db\/plugins/boardmanager/
2026-05-06 07:13:59,105 [INFO] ApiDb:261 - Set plugin images path to: C:\ST\STM32CubeIDE_1.18.1\STM32CubeIDE\plugins\com.st.stm32cube.common.mx_6.14.1.202504091515\\db\/plugins/mcufinder/images/
2026-05-06 07:13:59,105 [WARN] DbFile:41 - Overriding database path with different value: C:\Users\salem\.stmcufinder\plugins\mcufinder/ => C:\Users\salem\.stmcufinder\plugins\mcufinder
2026-05-06 07:13:59,105 [INFO] ApiDb:250 - Set database path to: C:\Users\salem\.stmcufinder\plugins\mcufinder//mcu/
2026-05-06 07:13:59,105 [WARN] DbFile:41 - Overriding database path with different value: C:\Users\salem\.stmcufinder\plugins\mcufinder/ => C:\Users\salem\.stmcufinder\plugins\mcufinder
2026-05-06 07:13:59,105 [INFO] DbMcusAds:125 - Set database path to: C:\Users\salem\.stmcufinder\plugins\mcufinder//mcu/
2026-05-06 07:13:59,105 [WARN] DbFile:41 - Overriding database path with different value: C:\Users\salem\.stmcufinder\plugins\mcufinder/ => C:\Users\salem\.stmcufinder\plugins\mcufinder
2026-05-06 07:13:59,105 [WARN] DbFile:41 - Overriding database path with different value: C:\Users\salem\.stmcufinder\plugins\mcufinder/ => C:\Users\salem\.stmcufinder\plugins\mcufinder
2026-05-06 07:13:59,105 [INFO] CrossReferenceDbSqlite:203 - Set database path to: C:\Users\salem\.stmcufinder\plugins\mcufinder//mcu/cs/
2026-05-06 07:13:59,118 [INFO] ApplicationProperties:184 - Using Application install path: C:\ST\STM32CubeIDE_1.18.1\STM32CubeIDE\plugins\com.st.stm32cube.common.mx_6.14.1.202504091515
2026-05-06 07:13:59,118 [INFO] PluginManage:196 - Search for loadable plugins [exclusion list=, ]
2026-05-06 07:13:59,118 [INFO] PluginManage:310 - Check plugin analytics
2026-05-06 07:14:00,508 [ERROR] ConfigurationRetriever:142 - IOException on connection: Connect timed out
2026-05-06 07:14:02,523 [ERROR] ConfigurationRetriever:142 - IOException on connection: Connect timed out
2026-05-06 07:14:04,277 [INFO] AnalyticsPlugin:253 - Accepted Software Licenses: STM32CubeMX.6.13.0
2026-05-06 07:14:04,277 [INFO] AnalyticsPlugin:255 - Accepted CMSIS Pack Licenses: 
2026-05-06 07:14:04,277 [INFO] AnalyticsPlugin:257 - Accepted Firmware Licenses: FW.F4.1.28.0,FW.C0.1.3.0,FW.C0.1.4.0
2026-05-06 07:14:04,277 [INFO] PluginManage:359 - Loaded plugin analytics (category:tool,tabindex:-1)
2026-05-06 07:14:04,277 [INFO] PluginManage:310 - Check plugin cadmodel
2026-05-06 07:14:04,277 [INFO] CADModel:105 - Init CAD model plugin
2026-05-06 07:14:04,277 [INFO] PluginManage:359 - Loaded plugin cadmodel (category:power,tabindex:5)
2026-05-06 07:14:04,277 [INFO] PluginManage:310 - Check plugin clock
2026-05-06 07:14:04,290 [INFO] PluginManage:359 - Loaded plugin clock (category:base,tabindex:2)
2026-05-06 07:14:04,290 [INFO] PluginManage:310 - Check plugin ddr
2026-05-06 07:14:04,290 [INFO] PluginManage:359 - Loaded plugin ddr (category:tool,tabindex:6)
2026-05-06 07:14:04,290 [INFO] PluginManage:310 - Check plugin filemanager
2026-05-06 07:14:04,400 [INFO] PluginManage:359 - Loaded plugin filemanager (category:base,tabindex:10)
2026-05-06 07:14:04,400 [INFO] PluginManage:310 - Check plugin ipmanager
2026-05-06 07:14:04,404 [INFO] PluginManage:359 - Loaded plugin ipmanager (category:base,tabindex:5)
2026-05-06 07:14:04,404 [INFO] PluginManage:310 - Check plugin lpbam
2026-05-06 07:14:04,410 [INFO] PluginManage:359 - Loaded plugin lpbam (category:base,tabindex:0)
2026-05-06 07:14:04,410 [INFO] PluginManage:310 - Check plugin memorymap
2026-05-06 07:14:04,418 [INFO] PluginManage:359 - Loaded plugin memorymap (category:base,tabindex:4)
2026-05-06 07:14:04,418 [INFO] PluginManage:310 - Check plugin pinoutandconfiguration
2026-05-06 07:14:04,422 [INFO] PluginManage:359 - Loaded plugin pinoutandconfiguration (category:base,tabindex:1)
2026-05-06 07:14:04,422 [INFO] PluginManage:310 - Check plugin pinoutconfig
2026-05-06 07:14:04,486 [WARN] SupportedApi:132 - Cannot load RTOS API schema: s4s-elt-must-match.1: The content of 'definitions' must match (annotation?, (simpleType | complexType)?, (unique | key | keyref)*)). A problem was found starting at: attribute.
2026-05-06 07:14:04,526 [ERROR] ConfigurationRetriever:142 - IOException on connection: Connect timed out
2026-05-06 07:14:04,590 [INFO] PluginManage:359 - Loaded plugin pinoutconfig (category:base,tabindex:0)
2026-05-06 07:14:04,590 [INFO] PluginManage:310 - Check plugin power
2026-05-06 07:14:04,605 [INFO] PluginManage:359 - Loaded plugin power (category:power,tabindex:4)
2026-05-06 07:14:04,605 [INFO] PluginManage:310 - Check plugin projectmanager
2026-05-06 07:14:04,621 [INFO] PluginManage:359 - Loaded plugin projectmanager (category:projectmanager,tabindex:4)
2026-05-06 07:14:04,621 [INFO] PluginManage:310 - Check plugin rif
2026-05-06 07:14:04,621 [INFO] PluginManage:359 - Loaded plugin rif (category:base,tabindex:3)
2026-05-06 07:14:04,621 [INFO] PluginManage:310 - Check plugin thirdparty
2026-05-06 07:14:04,715 [WARN] IntegrityCheckThread:84 - waiting for thirdparty lock release [integrity check]
2026-05-06 07:14:04,715 [INFO] IntegrityCheckThread:86 - entering critical section [integrity check]
2026-05-06 07:14:04,715 [INFO] PluginManage:359 - Loaded plugin thirdparty (category:base,tabindex:-1)
2026-05-06 07:14:04,715 [INFO] ThirdPartyUpdaterWithRetryManager:70 - Updater plugin not ready yet. [1/15]
2026-05-06 07:14:04,715 [INFO] PluginManage:310 - Check plugin tools
2026-05-06 07:14:04,715 [INFO] PluginManage:359 - Loaded plugin tools (category:base,tabindex:7)
2026-05-06 07:14:04,715 [INFO] PluginManage:310 - Check plugin tutovideos
2026-05-06 07:14:04,827 [INFO] PluginManage:359 - Loaded plugin tutovideos (category:base,tabindex:-1)
2026-05-06 07:14:04,827 [INFO] PluginManage:310 - Check plugin updater
2026-05-06 07:14:04,842 [INFO] PluginManage:359 - Loaded plugin updater (category:base,tabindex:12)
2026-05-06 07:14:04,842 [INFO] PluginManage:310 - Check plugin userauth
2026-05-06 07:14:04,854 [INFO] UserAuth:118 - Init User Auth plugin
2026-05-06 07:14:04,854 [INFO] PluginManage:359 - Loaded plugin userauth (category:base,tabindex:14)
2026-05-06 07:14:04,854 [INFO] PluginManage:283 - PluginManage : Loaded plugins [18]
2026-05-06 07:14:05,008 [INFO] PinOutPanel:1589 - setPackage(No Configuration,No Configuration)
2026-05-06 07:14:05,072 [INFO] CADModel:165 - CPN selected for project level
2026-05-06 07:14:05,072 [INFO] CADModel:114 - Register for checkConnection events
2026-05-06 07:14:05,092 [INFO] IPUIPlugin:80 - create IPUIPlugin
2026-05-06 07:14:05,092 [INFO] PluginManager:220 - loadIPPluginJar : add adc
2026-05-06 07:14:05,097 [INFO] IPUIPlugin:80 - create IPUIPlugin
2026-05-06 07:14:05,097 [INFO] PluginManager:220 - loadIPPluginJar : add aes
2026-05-06 07:14:05,097 [INFO] IPUIPlugin:80 - create IPUIPlugin
2026-05-06 07:14:05,097 [INFO] PluginManager:220 - loadIPPluginJar : add can
2026-05-06 07:14:05,103 [INFO] IPUIPlugin:80 - create IPUIPlugin
2026-05-06 07:14:05,103 [INFO] PluginManager:220 - loadIPPluginJar : add comp
2026-05-06 07:14:05,103 [INFO] IPUIPlugin:80 - create IPUIPlugin
2026-05-06 07:14:05,103 [INFO] PluginManager:220 - loadIPPluginJar : add cryp
2026-05-06 07:14:05,103 [INFO] IPUIPlugin:80 - create IPUIPlugin
2026-05-06 07:14:05,103 [INFO] PluginManager:220 - loadIPPluginJar : add ddr_ctrl_phy
2026-05-06 07:14:05,103 [INFO] IPUIPlugin:80 - create IPUIPlugin
2026-05-06 07:14:05,103 [INFO] PluginManager:220 - loadIPPluginJar : add dfsdm
2026-05-06 07:14:05,103 [INFO] IPUIPlugin:80 - create IPUIPlugin
2026-05-06 07:14:05,103 [INFO] PluginManager:220 - loadIPPluginJar : add dma
2026-05-06 07:14:05,119 [INFO] IPUIPlugin:80 - create IPUIPlugin
2026-05-06 07:14:05,119 [INFO] PluginManager:220 - loadIPPluginJar : add dma3
2026-05-06 07:14:05,119 [INFO] IPUIPlugin:80 - create IPUIPlugin
2026-05-06 07:14:05,119 [INFO] PluginManager:220 - loadIPPluginJar : add extmemmanager
2026-05-06 07:14:05,119 [INFO] IPUIPlugin:80 - create IPUIPlugin
2026-05-06 07:14:05,119 [INFO] PluginManager:220 - loadIPPluginJar : add fatfs
2026-05-06 07:14:05,119 [INFO] IPUIPlugin:80 - create IPUIPlugin
2026-05-06 07:14:05,119 [INFO] PluginManager:220 - loadIPPluginJar : add fmc
2026-05-06 07:14:05,119 [INFO] IPUIPlugin:80 - create IPUIPlugin
2026-05-06 07:14:05,119 [INFO] PluginManager:220 - loadIPPluginJar : add freertos
2026-05-06 07:14:05,119 [INFO] IPUIPlugin:80 - create IPUIPlugin
2026-05-06 07:14:05,119 [INFO] PluginManager:220 - loadIPPluginJar : add genericplugin
2026-05-06 07:14:05,135 [INFO] IPUIPlugin:80 - create IPUIPlugin
2026-05-06 07:14:05,135 [INFO] PluginManager:220 - loadIPPluginJar : add gfxmmu
2026-05-06 07:14:05,135 [INFO] IPUIPlugin:80 - create IPUIPlugin
2026-05-06 07:14:05,135 [INFO] PluginManager:220 - loadIPPluginJar : add gic
2026-05-06 07:14:05,135 [INFO] IPUIPlugin:80 - create IPUIPlugin
2026-05-06 07:14:05,135 [INFO] PluginManager:220 - loadIPPluginJar : add gpio
2026-05-06 07:14:05,135 [INFO] IPUIPlugin:80 - create IPUIPlugin
2026-05-06 07:14:05,135 [INFO] PluginManager:220 - loadIPPluginJar : add gtzc
2026-05-06 07:14:05,135 [INFO] IPUIPlugin:80 - create IPUIPlugin
2026-05-06 07:14:05,135 [INFO] PluginManager:220 - loadIPPluginJar : add hash
2026-05-06 07:14:05,151 [INFO] IPUIPlugin:80 - create IPUIPlugin
2026-05-06 07:14:05,151 [INFO] PluginManager:220 - loadIPPluginJar : add i2c
2026-05-06 07:14:05,151 [INFO] IPUIPlugin:80 - create IPUIPlugin
2026-05-06 07:14:05,151 [INFO] PluginManager:220 - loadIPPluginJar : add i2s
2026-05-06 07:14:05,151 [INFO] IPUIPlugin:80 - create IPUIPlugin
2026-05-06 07:14:05,151 [INFO] PluginManager:220 - loadIPPluginJar : add i3c
2026-05-06 07:14:05,151 [INFO] IPUIPlugin:80 - create IPUIPlugin
2026-05-06 07:14:05,151 [INFO] PluginManager:220 - loadIPPluginJar : add ipddr
2026-05-06 07:14:05,151 [INFO] IPUIPlugin:80 - create IPUIPlugin
2026-05-06 07:14:05,151 [INFO] PluginManager:220 - loadIPPluginJar : add linkedlist
2026-05-06 07:14:05,151 [INFO] IPUIPlugin:80 - create IPUIPlugin
2026-05-06 07:14:05,166 [INFO] PluginManager:220 - loadIPPluginJar : add lorawan
2026-05-06 07:14:05,166 [INFO] IPUIPlugin:80 - create IPUIPlugin
2026-05-06 07:14:05,166 [INFO] PluginManager:220 - loadIPPluginJar : add ltdc
2026-05-06 07:14:05,170 [INFO] IPUIPlugin:80 - create IPUIPlugin
2026-05-06 07:14:05,170 [INFO] PluginManager:220 - loadIPPluginJar : add mdma
2026-05-06 07:14:05,170 [INFO] IPUIPlugin:80 - create IPUIPlugin
2026-05-06 07:14:05,170 [INFO] PluginManager:220 - loadIPPluginJar : add nvic
2026-05-06 07:14:05,170 [INFO] IPUIPlugin:80 - create IPUIPlugin
2026-05-06 07:14:05,170 [INFO] PluginManager:220 - loadIPPluginJar : add opamp
2026-05-06 07:14:05,170 [INFO] IPUIPlugin:80 - create IPUIPlugin
2026-05-06 07:14:05,170 [INFO] PluginManager:220 - loadIPPluginJar : add openamp
2026-05-06 07:14:05,182 [INFO] IPUIPlugin:80 - create IPUIPlugin
2026-05-06 07:14:05,182 [INFO] PluginManager:220 - loadIPPluginJar : add pdm2pcm
2026-05-06 07:14:05,182 [INFO] IPUIPlugin:80 - create IPUIPlugin
2026-05-06 07:14:05,182 [INFO] PluginManager:220 - loadIPPluginJar : add plateformsettings
2026-05-06 07:14:05,182 [INFO] IPUIPlugin:80 - create IPUIPlugin
2026-05-06 07:14:05,182 [INFO] PluginManager:220 - loadIPPluginJar : add quadspi
2026-05-06 07:14:05,182 [INFO] IPUIPlugin:80 - create IPUIPlugin
2026-05-06 07:14:05,182 [INFO] PluginManager:220 - loadIPPluginJar : add radio
2026-05-06 07:14:05,198 [INFO] IPUIPlugin:80 - create IPUIPlugin
2026-05-06 07:14:05,198 [INFO] PluginManager:220 - loadIPPluginJar : add resmgrutility
2026-05-06 07:14:05,198 [INFO] IPUIPlugin:80 - create IPUIPlugin
2026-05-06 07:14:05,198 [INFO] PluginManager:220 - loadIPPluginJar : add sai
2026-05-06 07:14:05,198 [INFO] IPUIPlugin:80 - create IPUIPlugin
2026-05-06 07:14:05,198 [INFO] PluginManager:220 - loadIPPluginJar : add spi
2026-05-06 07:14:05,210 [INFO] IPUIPlugin:80 - create IPUIPlugin
2026-05-06 07:14:05,210 [INFO] PluginManager:220 - loadIPPluginJar : add stm32_wpan
2026-05-06 07:14:05,210 [INFO] IPUIPlugin:80 - create IPUIPlugin
2026-05-06 07:14:05,210 [INFO] PluginManager:220 - loadIPPluginJar : add tim
2026-05-06 07:14:05,214 [INFO] IPUIPlugin:80 - create IPUIPlugin
2026-05-06 07:14:05,214 [INFO] PluginManager:220 - loadIPPluginJar : add touchsensing
2026-05-06 07:14:05,214 [INFO] IPUIPlugin:80 - create IPUIPlugin
2026-05-06 07:14:05,214 [INFO] PluginManager:220 - loadIPPluginJar : add tracer_emb
2026-05-06 07:14:05,217 [INFO] IPUIPlugin:80 - create IPUIPlugin
2026-05-06 07:14:05,217 [INFO] PluginManager:220 - loadIPPluginJar : add ts
2026-05-06 07:14:05,217 [INFO] IPUIPlugin:80 - create IPUIPlugin
2026-05-06 07:14:05,217 [INFO] PluginManager:220 - loadIPPluginJar : add tsc
2026-05-06 07:14:05,217 [INFO] IPUIPlugin:80 - create IPUIPlugin
2026-05-06 07:14:05,217 [INFO] PluginManager:220 - loadIPPluginJar : add ucpd
2026-05-06 07:14:05,217 [INFO] IPUIPlugin:80 - create IPUIPlugin
2026-05-06 07:14:05,217 [INFO] PluginManager:220 - loadIPPluginJar : add usart
2026-05-06 07:14:05,227 [INFO] IPUIPlugin:80 - create IPUIPlugin
2026-05-06 07:14:05,227 [INFO] PluginManager:220 - loadIPPluginJar : add usbx
2026-05-06 07:14:05,340 [FATAL] Updater:351 - Updater called before beeing initialized
2026-05-06 07:14:05,363 [INFO] RulesReader:64 - Compatibility file has been processed (302 Rules)
2026-05-06 07:14:05,363 [INFO] RulesReader:64 - Compatibility file has been processed (302 Rules)
2026-05-06 07:14:05,371 [INFO] CADModel:165 - CPN selected for project level
2026-05-06 07:14:05,371 [INFO] CADModel:114 - Register for checkConnection events
2026-05-06 07:14:05,371 [FATAL] Updater:351 - Updater called before beeing initialized
2026-05-06 07:14:05,371 [ERROR] CADModel:125 - Updater not yet initialized, retry later 
2026-05-06 07:14:05,474 [FATAL] Updater:351 - Updater called before beeing initialized
2026-05-06 07:14:05,478 [INFO] CADModel:165 - CPN selected for project level
2026-05-06 07:14:05,478 [INFO] CADModel:114 - Register for checkConnection events
2026-05-06 07:14:05,478 [FATAL] Updater:351 - Updater called before beeing initialized
2026-05-06 07:14:05,478 [ERROR] CADModel:125 - Updater not yet initialized, retry later 
2026-05-06 07:14:05,478 [FATAL] Updater:351 - Updater called before beeing initialized
2026-05-06 07:14:05,550 [FATAL] Updater:351 - Updater called before beeing initialized
2026-05-06 07:14:05,554 [INFO] DbMcusAds:53 - JSON generation date=Fri Apr 10 10:19:02 CET 2026 (1775812742310)
2026-05-06 07:14:05,554 [FATAL] Updater:351 - Updater called before beeing initialized
2026-05-06 07:14:05,575 [WARN] DetailPanel:346 - Failed to get advertising image, set to default
2026-05-06 07:14:05,728 [FATAL] Updater:351 - Updater called before beeing initialized
2026-05-06 07:14:05,728 [FATAL] Updater:351 - Updater called before beeing initialized
2026-05-06 07:14:05,730 [FATAL] Updater:351 - Updater called before beeing initialized
2026-05-06 07:14:05,730 [WARN] DetailPanel:346 - Failed to get advertising image, set to default
2026-05-06 07:14:05,730 [FATAL] Updater:351 - Updater called before beeing initialized
2026-05-06 07:14:05,755 [ERROR] Updater:1198 - MainUpdater not yet initialized. External WinMGr cannot be set.
2026-05-06 07:14:05,755 [INFO] Updater:1134 - Updater Version found : 6.14.1
2026-05-06 07:14:05,771 [INFO] ApplicationProperties:184 - Using Application install path: C:\ST\STM32CubeIDE_1.18.1\STM32CubeIDE\plugins\com.st.stm32cube.common.mx_6.14.1.202504091515
2026-05-06 07:14:07,730 [INFO] ThirdPartyUpdaterWithRetryManager:70 - Updater plugin not ready yet. [2/15]
2026-05-06 07:14:09,294 [ERROR] ConfigurationRetriever:142 - IOException on connection: Connect timed out
2026-05-06 07:14:09,942 [WARN] CheckConnectionManager:291 - Warning during Server Connection :  timeout Connect to sw-center.st.com:443 [sw-center.st.com/41.231.245.121, sw-center.st.com/41.231.245.75] failed: Connect timed out
2026-05-06 07:14:10,731 [FATAL] Updater:351 - Updater called before beeing initialized
2026-05-06 07:14:10,731 [ERROR] IntegrityCheckThread:130 - Cannot retrieve database content from updater: error 21
2026-05-06 07:14:10,731 [INFO] ThirdParty:978 - Integrity check success = false
2026-05-06 07:14:10,731 [INFO] IntegrityCheckThread:100 - exiting critical section [integrity check]
2026-05-06 07:14:10,731 [INFO] IntegrityCheckThread:103 - End integrity checks thread
2026-05-06 07:14:13,957 [WARN] CheckConnectionManager:291 - Warning during Server Connection :  timeout Connect to sw-center.st.com:443 [sw-center.st.com/41.231.245.121, sw-center.st.com/41.231.245.75] failed: Connect timed out
2026-05-06 07:14:13,964 [INFO] MainUpdater:2872 - connection check result : 22
2026-05-06 07:14:13,964 [INFO] MainUpdater:289 - Updater Check For Update Now.
2026-05-06 07:14:13,964 [INFO] MicroXplorer:498 - Change Database Version : DB.6.0.141
2026-05-06 07:14:13,989 [INFO] McuFinderGlobals:63 - Set McuFinder mode to 2 (CubeIDE integrated)
2026-05-06 07:14:13,989 [INFO] UserAuth:484 - Internet connection configuration mode: 2
2026-05-06 07:14:13,989 [INFO] UserAuth:484 - Internet connection configuration mode: 2
2026-05-06 07:14:14,061 [ERROR] LogOutputStream:75 - [STDERR_REDIRECT] [Fatal Error] :1:1: Premature end of file.
2026-05-06 07:14:14,061 [ERROR] LogOutputStream:75 - [STDERR_REDIRECT] 
2026-05-06 07:14:14,154 [INFO] CheckServerUpdateThread:120 - End of CheckServer Thread
2026-05-06 07:14:14,297 [ERROR] ConfigurationRetriever:142 - IOException on connection: Connect timed out
2026-05-06 07:14:15,080 [ERROR] LogOutputStream:75 - [STDERR_REDIRECT] [Fatal Error] :1:1: Premature end of file.
2026-05-06 07:14:15,081 [ERROR] LogOutputStream:75 - [STDERR_REDIRECT] 
2026-05-06 07:14:16,066 [ERROR] LogOutputStream:75 - [STDERR_REDIRECT] [Fatal Error] :1:1: Premature end of file.
2026-05-06 07:14:16,066 [ERROR] LogOutputStream:75 - [STDERR_REDIRECT] 
2026-05-06 07:14:17,047 [ERROR] LogOutputStream:75 - [STDERR_REDIRECT] [Fatal Error] :1:1: Premature end of file.
2026-05-06 07:14:17,047 [ERROR] LogOutputStream:75 - [STDERR_REDIRECT] 
2026-05-06 07:14:18,067 [ERROR] LogOutputStream:75 - [STDERR_REDIRECT] [Fatal Error] :1:1: Premature end of file.
2026-05-06 07:14:18,067 [ERROR] LogOutputStream:75 - [STDERR_REDIRECT] 
2026-05-06 07:14:19,066 [ERROR] LogOutputStream:75 - [STDERR_REDIRECT] [Fatal Error] :1:1: Premature end of file.
2026-05-06 07:14:19,066 [ERROR] LogOutputStream:75 - [STDERR_REDIRECT] 
2026-05-06 07:14:19,300 [ERROR] ConfigurationRetriever:142 - IOException on connection: Connect timed out
2026-05-06 07:14:20,065 [ERROR] LogOutputStream:75 - [STDERR_REDIRECT] [Fatal Error] :1:1: Premature end of file.
2026-05-06 07:14:20,065 [ERROR] LogOutputStream:75 - [STDERR_REDIRECT] 
2026-05-06 07:14:21,071 [ERROR] LogOutputStream:75 - [STDERR_REDIRECT] [Fatal Error] :1:1: Premature end of file.
2026-05-06 07:14:21,072 [ERROR] LogOutputStream:75 - [STDERR_REDIRECT] 
2026-05-06 07:14:22,066 [ERROR] LogOutputStream:75 - [STDERR_REDIRECT] [Fatal Error] :1:1: Premature end of file.
2026-05-06 07:14:22,066 [ERROR] LogOutputStream:75 - [STDERR_REDIRECT] 
2026-05-06 07:14:23,074 [ERROR] LogOutputStream:75 - [STDERR_REDIRECT] [Fatal Error] :1:1: Premature end of file.
2026-05-06 07:14:23,075 [ERROR] LogOutputStream:75 - [STDERR_REDIRECT] 
2026-05-06 07:14:24,061 [ERROR] LogOutputStream:75 - [STDERR_REDIRECT] [Fatal Error] :1:1: Premature end of file.
2026-05-06 07:14:24,062 [ERROR] LogOutputStream:75 - [STDERR_REDIRECT] 
2026-05-06 07:14:25,074 [ERROR] LogOutputStream:75 - [STDERR_REDIRECT] [Fatal Error] :1:1: Premature end of file.
2026-05-06 07:14:25,075 [ERROR] LogOutputStream:75 - [STDERR_REDIRECT] 
2026-05-06 07:14:26,070 [ERROR] LogOutputStream:75 - [STDERR_REDIRECT] [Fatal Error] :1:1: Premature end of file.
2026-05-06 07:14:26,070 [ERROR] LogOutputStream:75 - [STDERR_REDIRECT] 
2026-05-06 07:14:27,071 [ERROR] LogOutputStream:75 - [STDERR_REDIRECT] [Fatal Error] :1:1: Premature end of file.
2026-05-06 07:14:27,071 [ERROR] LogOutputStream:75 - [STDERR_REDIRECT] 
2026-05-06 07:14:28,067 [ERROR] LogOutputStream:75 - [STDERR_REDIRECT] [Fatal Error] :1:1: Premature end of file.
2026-05-06 07:14:28,069 [ERROR] LogOutputStream:75 - [STDERR_REDIRECT] 
2026-05-06 07:14:29,069 [ERROR] LogOutputStream:75 - [STDERR_REDIRECT] [Fatal Error] :1:1: Premature end of file.
2026-05-06 07:14:29,069 [ERROR] LogOutputStream:75 - [STDERR_REDIRECT] 
2026-05-06 07:14:30,064 [ERROR] LogOutputStream:75 - [STDERR_REDIRECT] [Fatal Error] :1:1: Premature end of file.
2026-05-06 07:14:30,064 [ERROR] LogOutputStream:75 - [STDERR_REDIRECT] 
2026-05-06 07:14:31,063 [ERROR] LogOutputStream:75 - [STDERR_REDIRECT] [Fatal Error] :1:1: Premature end of file.
2026-05-06 07:14:31,063 [ERROR] LogOutputStream:75 - [STDERR_REDIRECT] 
2026-05-06 07:14:32,051 [ERROR] LogOutputStream:75 - [STDERR_REDIRECT] [Fatal Error] :1:1: Premature end of file.
2026-05-06 07:14:32,051 [ERROR] LogOutputStream:75 - [STDERR_REDIRECT] 
2026-05-06 07:14:33,059 [ERROR] LogOutputStream:75 - [STDERR_REDIRECT] [Fatal Error] :1:1: Premature end of file.
2026-05-06 07:14:33,060 [ERROR] LogOutputStream:75 - [STDERR_REDIRECT] 
2026-05-06 07:14:34,060 [ERROR] LogOutputStream:75 - [STDERR_REDIRECT] [Fatal Error] :1:1: Premature end of file.
2026-05-06 07:14:34,060 [ERROR] LogOutputStream:75 - [STDERR_REDIRECT] 
2026-05-06 07:14:35,078 [ERROR] LogOutputStream:75 - [STDERR_REDIRECT] [Fatal Error] :1:1: Premature end of file.
2026-05-06 07:14:35,078 [ERROR] LogOutputStream:75 - [STDERR_REDIRECT] 
2026-05-06 07:14:36,075 [ERROR] LogOutputStream:75 - [STDERR_REDIRECT] [Fatal Error] :1:1: Premature end of file.
2026-05-06 07:14:36,075 [ERROR] LogOutputStream:75 - [STDERR_REDIRECT] 
2026-05-06 07:14:37,060 [ERROR] LogOutputStream:75 - [STDERR_REDIRECT] [Fatal Error] :1:1: Premature end of file.
2026-05-06 07:14:37,060 [ERROR] LogOutputStream:75 - [STDERR_REDIRECT] 
2026-05-06 07:14:38,066 [ERROR] LogOutputStream:75 - [STDERR_REDIRECT] [Fatal Error] :1:1: Premature end of file.
2026-05-06 07:14:38,066 [ERROR] LogOutputStream:75 - [STDERR_REDIRECT] 
2026-05-06 07:14:39,059 [ERROR] LogOutputStream:75 - [STDERR_REDIRECT] [Fatal Error] :1:1: Premature end of file.
2026-05-06 07:14:39,059 [ERROR] LogOutputStream:75 - [STDERR_REDIRECT] 
2026-05-06 07:14:40,063 [ERROR] LogOutputStream:75 - [STDERR_REDIRECT] [Fatal Error] :1:1: Premature end of file.
2026-05-06 07:14:40,063 [ERROR] LogOutputStream:75 - [STDERR_REDIRECT] 
2026-05-06 07:14:41,066 [ERROR] LogOutputStream:75 - [STDERR_REDIRECT] [Fatal Error] :1:1: Premature end of file.
2026-05-06 07:14:41,066 [ERROR] LogOutputStream:75 - [STDERR_REDIRECT] 
2026-05-06 07:14:42,066 [ERROR] LogOutputStream:75 - [STDERR_REDIRECT] [Fatal Error] :1:1: Premature end of file.
2026-05-06 07:14:42,066 [ERROR] LogOutputStream:75 - [STDERR_REDIRECT] 
2026-05-06 07:14:43,064 [ERROR] LogOutputStream:75 - [STDERR_REDIRECT] [Fatal Error] :1:1: Premature end of file.
2026-05-06 07:14:43,064 [ERROR] LogOutputStream:75 - [STDERR_REDIRECT] 
2026-05-06 07:14:44,054 [ERROR] LogOutputStream:75 - [STDERR_REDIRECT] [Fatal Error] :1:1: Premature end of file.
2026-05-06 07:14:44,055 [ERROR] LogOutputStream:75 - [STDERR_REDIRECT] 
2026-05-06 07:14:45,067 [ERROR] LogOutputStream:75 - [STDERR_REDIRECT] [Fatal Error] :1:1: Premature end of file.
2026-05-06 07:14:45,068 [ERROR] LogOutputStream:75 - [STDERR_REDIRECT] 
2026-05-06 07:14:46,057 [ERROR] LogOutputStream:75 - [STDERR_REDIRECT] [Fatal Error] :1:1: Premature end of file.
2026-05-06 07:14:46,057 [ERROR] LogOutputStream:75 - [STDERR_REDIRECT] 
2026-05-06 07:14:47,051 [ERROR] LogOutputStream:75 - [STDERR_REDIRECT] [Fatal Error] :1:1: Premature end of file.
2026-05-06 07:14:47,052 [ERROR] LogOutputStream:75 - [STDERR_REDIRECT] 
2026-05-06 07:14:48,074 [ERROR] LogOutputStream:75 - [STDERR_REDIRECT] [Fatal Error] :1:1: Premature end of file.
2026-05-06 07:14:48,075 [ERROR] LogOutputStream:75 - [STDERR_REDIRECT] 
2026-05-06 07:14:48,222 [ERROR] ConfigurationRetriever:142 - IOException on connection: Connect timed out
2026-05-06 07:14:49,063 [ERROR] LogOutputStream:75 - [STDERR_REDIRECT] [Fatal Error] :1:1: Premature end of file.
2026-05-06 07:14:49,063 [ERROR] LogOutputStream:75 - [STDERR_REDIRECT] 
2026-05-06 07:14:50,071 [ERROR] LogOutputStream:75 - [STDERR_REDIRECT] [Fatal Error] :1:1: Premature end of file.
2026-05-06 07:14:50,072 [ERROR] LogOutputStream:75 - [STDERR_REDIRECT] 
2026-05-06 07:14:50,225 [ERROR] ConfigurationRetriever:142 - IOException on connection: Connect timed out
2026-05-06 07:14:51,073 [ERROR] LogOutputStream:75 - [STDERR_REDIRECT] [Fatal Error] :1:1: Premature end of file.
2026-05-06 07:14:51,073 [ERROR] LogOutputStream:75 - [STDERR_REDIRECT] 
2026-05-06 07:14:52,063 [ERROR] LogOutputStream:75 - [STDERR_REDIRECT] [Fatal Error] :1:1: Premature end of file.
2026-05-06 07:14:52,064 [ERROR] LogOutputStream:75 - [STDERR_REDIRECT] 
2026-05-06 07:14:52,227 [ERROR] ConfigurationRetriever:142 - IOException on connection: Connect timed out
2026-05-06 07:14:53,072 [ERROR] LogOutputStream:75 - [STDERR_REDIRECT] [Fatal Error] :1:1: Premature end of file.
2026-05-06 07:14:53,072 [ERROR] LogOutputStream:75 - [STDERR_REDIRECT] 
2026-05-06 07:14:54,072 [ERROR] LogOutputStream:75 - [STDERR_REDIRECT] [Fatal Error] :1:1: Premature end of file.
2026-05-06 07:14:54,073 [ERROR] LogOutputStream:75 - [STDERR_REDIRECT] 
2026-05-06 07:14:55,064 [ERROR] LogOutputStream:75 - [STDERR_REDIRECT] [Fatal Error] :1:1: Premature end of file.
2026-05-06 07:14:55,137 [ERROR] LogOutputStream:75 - [STDERR_REDIRECT] 
2026-05-06 07:14:56,056 [ERROR] LogOutputStream:75 - [STDERR_REDIRECT] [Fatal Error] :1:1: Premature end of file.
2026-05-06 07:14:56,056 [ERROR] LogOutputStream:75 - [STDERR_REDIRECT] 
2026-05-06 07:14:57,073 [ERROR] LogOutputStream:75 - [STDERR_REDIRECT] [Fatal Error] :1:1: Premature end of file.
2026-05-06 07:14:57,073 [ERROR] LogOutputStream:75 - [STDERR_REDIRECT] 
2026-05-06 07:14:58,065 [ERROR] LogOutputStream:75 - [STDERR_REDIRECT] [Fatal Error] :1:1: Premature end of file.
2026-05-06 07:14:58,065 [ERROR] LogOutputStream:75 - [STDERR_REDIRECT] 
2026-05-06 07:14:59,066 [ERROR] LogOutputStream:75 - [STDERR_REDIRECT] [Fatal Error] :1:1: Premature end of file.
2026-05-06 07:14:59,066 [ERROR] LogOutputStream:75 - [STDERR_REDIRECT] 
2026-05-06 07:15:00,049 [ERROR] LogOutputStream:75 - [STDERR_REDIRECT] [Fatal Error] :1:1: Premature end of file.
2026-05-06 07:15:00,049 [ERROR] LogOutputStream:75 - [STDERR_REDIRECT] 
2026-05-06 07:15:01,068 [ERROR] LogOutputStream:75 - [STDERR_REDIRECT] [Fatal Error] :1:1: Premature end of file.
2026-05-06 07:15:01,068 [ERROR] LogOutputStream:75 - [STDERR_REDIRECT] 
2026-05-06 07:15:02,072 [ERROR] LogOutputStream:75 - [STDERR_REDIRECT] [Fatal Error] :1:1: Premature end of file.
2026-05-06 07:15:02,072 [ERROR] LogOutputStream:75 - [STDERR_REDIRECT] 
2026-05-06 07:15:03,051 [ERROR] LogOutputStream:75 - [STDERR_REDIRECT] [Fatal Error] :1:1: Premature end of file.
2026-05-06 07:15:03,052 [ERROR] LogOutputStream:75 - [STDERR_REDIRECT] 
2026-05-06 07:15:04,047 [ERROR] LogOutputStream:75 - [STDERR_REDIRECT] [Fatal Error] :1:1: Premature end of file.
2026-05-06 07:15:04,047 [ERROR] LogOutputStream:75 - [STDERR_REDIRECT] 
2026-05-06 07:15:05,067 [ERROR] LogOutputStream:75 - [STDERR_REDIRECT] [Fatal Error] :1:1: Premature end of file.
2026-05-06 07:15:05,067 [ERROR] LogOutputStream:75 - [STDERR_REDIRECT] 
2026-05-06 07:15:06,061 [ERROR] LogOutputStream:75 - [STDERR_REDIRECT] [Fatal Error] :1:1: Premature end of file.
2026-05-06 07:15:06,061 [ERROR] LogOutputStream:75 - [STDERR_REDIRECT] 
2026-05-06 07:15:07,068 [ERROR] LogOutputStream:75 - [STDERR_REDIRECT] [Fatal Error] :1:1: Premature end of file.
2026-05-06 07:15:07,068 [ERROR] LogOutputStream:75 - [STDERR_REDIRECT] 
2026-05-06 07:15:08,072 [ERROR] LogOutputStream:75 - [STDERR_REDIRECT] [Fatal Error] :1:1: Premature end of file.
2026-05-06 07:15:08,072 [ERROR] LogOutputStream:75 - [STDERR_REDIRECT] 
2026-05-06 07:15:09,062 [ERROR] LogOutputStream:75 - [STDERR_REDIRECT] [Fatal Error] :1:1: Premature end of file.
2026-05-06 07:15:09,062 [ERROR] LogOutputStream:75 - [STDERR_REDIRECT] 
2026-05-06 07:15:10,074 [ERROR] LogOutputStream:75 - [STDERR_REDIRECT] [Fatal Error] :1:1: Premature end of file.
2026-05-06 07:15:10,074 [ERROR] LogOutputStream:75 - [STDERR_REDIRECT] 
2026-05-06 07:15:11,084 [ERROR] LogOutputStream:75 - [STDERR_REDIRECT] [Fatal Error] :1:1: Premature end of file.
2026-05-06 07:15:11,084 [ERROR] LogOutputStream:75 - [STDERR_REDIRECT] 
2026-05-06 07:15:12,047 [ERROR] LogOutputStream:75 - [STDERR_REDIRECT] [Fatal Error] :1:1: Premature end of file.
2026-05-06 07:15:12,047 [ERROR] LogOutputStream:75 - [STDERR_REDIRECT] 
2026-05-06 07:15:13,060 [ERROR] LogOutputStream:75 - [STDERR_REDIRECT] [Fatal Error] :1:1: Premature end of file.
2026-05-06 07:15:13,060 [ERROR] LogOutputStream:75 - [STDERR_REDIRECT] 
2026-05-06 07:15:14,070 [ERROR] LogOutputStream:75 - [STDERR_REDIRECT] [Fatal Error] :1:1: Premature end of file.
2026-05-06 07:15:14,070 [ERROR] LogOutputStream:75 - [STDERR_REDIRECT] 
2026-05-06 07:15:14,143 [ERROR] ConfigurationRetriever:142 - IOException on connection: Connect timed out
2026-05-06 07:15:15,063 [ERROR] LogOutputStream:75 - [STDERR_REDIRECT] [Fatal Error] :1:1: Premature end of file.
2026-05-06 07:15:15,063 [ERROR] LogOutputStream:75 - [STDERR_REDIRECT] 
2026-05-06 07:15:16,064 [ERROR] LogOutputStream:75 - [STDERR_REDIRECT] [Fatal Error] :1:1: Premature end of file.
2026-05-06 07:15:16,064 [ERROR] LogOutputStream:75 - [STDERR_REDIRECT] 
2026-05-06 07:15:16,154 [ERROR] ConfigurationRetriever:142 - IOException on connection: Connect timed out
2026-05-06 07:15:17,067 [ERROR] LogOutputStream:75 - [STDERR_REDIRECT] [Fatal Error] :1:1: Premature end of file.
2026-05-06 07:15:17,067 [ERROR] LogOutputStream:75 - [STDERR_REDIRECT] 
2026-05-06 07:15:18,091 [ERROR] LogOutputStream:75 - [STDERR_REDIRECT] [Fatal Error] :1:1: Premature end of file.
2026-05-06 07:15:18,091 [ERROR] LogOutputStream:75 - [STDERR_REDIRECT] 
2026-05-06 07:15:18,173 [ERROR] ConfigurationRetriever:142 - IOException on connection: Connect timed out
2026-05-06 07:15:19,108 [ERROR] LogOutputStream:75 - [STDERR_REDIRECT] [Fatal Error] :1:1: Premature end of file.
2026-05-06 07:15:19,108 [ERROR] LogOutputStream:75 - [STDERR_REDIRECT] 
2026-05-06 07:58:49,194 [INFO] Activator:176 - 


2026-05-06 07:58:49,194 [INFO] Activator:177 - !SESSION log4j initialized
2026-05-06 07:58:53,008 [INFO] LogOutputStream:77 - [STDOUT_REDIRECT] 
2026-05-06 07:58:58,606 [INFO] ApplicationProperties:184 - Using Application install path: C:\ST\STM32CubeIDE_1.18.1\STM32CubeIDE\plugins\com.st.stm32cube.common.mx_6.14.1.202504091515
2026-05-06 07:58:58,618 [INFO] DbMcusXml:78 - Set database path to: C:\ST\STM32CubeIDE_1.18.1\STM32CubeIDE\plugins\com.st.stm32cube.common.mx_6.14.1.202504091515\\db\/mcu/
2026-05-06 07:58:58,618 [INFO] ApiDb:274 - Set plugin database path to: C:\ST\STM32CubeIDE_1.18.1\STM32CubeIDE\plugins\com.st.stm32cube.common.mx_6.14.1.202504091515\\db\/plugins/boardmanager/
2026-05-06 07:58:58,618 [WARN] ApiDb:259 - Overriding images path with different value:  => C:\ST\STM32CubeIDE_1.18.1\STM32CubeIDE\plugins\com.st.stm32cube.common.mx_6.14.1.202504091515\\db\/plugins/mcufinder/images/
2026-05-06 07:58:58,621 [INFO] ApiDb:250 - Set database path to: C:\Users\salem\.stmcufinder\plugins\mcufinder//mcu/
2026-05-06 07:58:58,622 [INFO] DbMcusAds:125 - Set database path to: C:\Users\salem\.stmcufinder\plugins\mcufinder//mcu/
2026-05-06 07:58:58,623 [INFO] CrossReferenceDbSqlite:203 - Set database path to: C:\Users\salem\.stmcufinder\plugins\mcufinder//mcu/cs/
2026-05-06 07:58:58,707 [INFO] RulesReader:64 - Compatibility file has been processed (302 Rules)
2026-05-06 07:58:58,762 [INFO] DbMcusXml:78 - Set database path to: C:\ST\STM32CubeIDE_1.18.1\STM32CubeIDE\plugins\com.st.stm32cube.common.mx_6.14.1.202504091515\\db\/mcu/
2026-05-06 07:58:58,762 [INFO] ApiDb:274 - Set plugin database path to: C:\ST\STM32CubeIDE_1.18.1\STM32CubeIDE\plugins\com.st.stm32cube.common.mx_6.14.1.202504091515\\db\/plugins/boardmanager/
2026-05-06 07:58:58,763 [INFO] ApiDb:261 - Set plugin images path to: C:\ST\STM32CubeIDE_1.18.1\STM32CubeIDE\plugins\com.st.stm32cube.common.mx_6.14.1.202504091515\\db\/plugins/mcufinder/images/
2026-05-06 07:58:58,763 [WARN] DbFile:41 - Overriding database path with different value: C:\Users\salem\.stmcufinder\plugins\mcufinder/ => C:\Users\salem\.stmcufinder\plugins\mcufinder
2026-05-06 07:58:58,763 [INFO] ApiDb:250 - Set database path to: C:\Users\salem\.stmcufinder\plugins\mcufinder//mcu/
2026-05-06 07:58:58,763 [WARN] DbFile:41 - Overriding database path with different value: C:\Users\salem\.stmcufinder\plugins\mcufinder/ => C:\Users\salem\.stmcufinder\plugins\mcufinder
2026-05-06 07:58:58,763 [INFO] DbMcusAds:125 - Set database path to: C:\Users\salem\.stmcufinder\plugins\mcufinder//mcu/
2026-05-06 07:58:58,763 [WARN] DbFile:41 - Overriding database path with different value: C:\Users\salem\.stmcufinder\plugins\mcufinder/ => C:\Users\salem\.stmcufinder\plugins\mcufinder
2026-05-06 07:58:58,763 [WARN] DbFile:41 - Overriding database path with different value: C:\Users\salem\.stmcufinder\plugins\mcufinder/ => C:\Users\salem\.stmcufinder\plugins\mcufinder
2026-05-06 07:58:58,763 [INFO] CrossReferenceDbSqlite:203 - Set database path to: C:\Users\salem\.stmcufinder\plugins\mcufinder//mcu/cs/
2026-05-06 07:58:58,817 [INFO] MainPanel:272 - HeapMemory: 268435456
2026-05-06 07:58:58,879 [INFO] DbMcusXml:78 - Set database path to: C:\ST\STM32CubeIDE_1.18.1\STM32CubeIDE\plugins\com.st.stm32cube.common.mx_6.14.1.202504091515\\db\/mcu/
2026-05-06 07:58:58,879 [INFO] ApiDb:274 - Set plugin database path to: C:\ST\STM32CubeIDE_1.18.1\STM32CubeIDE\plugins\com.st.stm32cube.common.mx_6.14.1.202504091515\\db\/plugins/boardmanager/
2026-05-06 07:58:58,879 [INFO] ApiDb:261 - Set plugin images path to: C:\ST\STM32CubeIDE_1.18.1\STM32CubeIDE\plugins\com.st.stm32cube.common.mx_6.14.1.202504091515\\db\/plugins/mcufinder/images/
2026-05-06 07:58:58,879 [WARN] DbFile:41 - Overriding database path with different value: C:\Users\salem\.stmcufinder\plugins\mcufinder/ => C:\Users\salem\.stmcufinder\plugins\mcufinder
2026-05-06 07:58:58,879 [INFO] ApiDb:250 - Set database path to: C:\Users\salem\.stmcufinder\plugins\mcufinder//mcu/
2026-05-06 07:58:58,879 [WARN] DbFile:41 - Overriding database path with different value: C:\Users\salem\.stmcufinder\plugins\mcufinder/ => C:\Users\salem\.stmcufinder\plugins\mcufinder
2026-05-06 07:58:58,879 [INFO] DbMcusAds:125 - Set database path to: C:\Users\salem\.stmcufinder\plugins\mcufinder//mcu/
2026-05-06 07:58:58,879 [WARN] DbFile:41 - Overriding database path with different value: C:\Users\salem\.stmcufinder\plugins\mcufinder/ => C:\Users\salem\.stmcufinder\plugins\mcufinder
2026-05-06 07:58:58,879 [WARN] DbFile:41 - Overriding database path with different value: C:\Users\salem\.stmcufinder\plugins\mcufinder/ => C:\Users\salem\.stmcufinder\plugins\mcufinder
2026-05-06 07:58:58,880 [INFO] CrossReferenceDbSqlite:203 - Set database path to: C:\Users\salem\.stmcufinder\plugins\mcufinder//mcu/cs/
2026-05-06 07:58:58,891 [INFO] ApplicationProperties:184 - Using Application install path: C:\ST\STM32CubeIDE_1.18.1\STM32CubeIDE\plugins\com.st.stm32cube.common.mx_6.14.1.202504091515
2026-05-06 07:58:58,892 [INFO] PluginManage:196 - Search for loadable plugins [exclusion list=, ]
2026-05-06 07:58:58,893 [INFO] PluginManage:310 - Check plugin analytics
2026-05-06 07:59:00,329 [ERROR] ConfigurationRetriever:142 - IOException on connection: Connect timed out
2026-05-06 07:59:02,332 [ERROR] ConfigurationRetriever:142 - IOException on connection: Connect timed out
2026-05-06 07:59:04,032 [INFO] AnalyticsPlugin:253 - Accepted Software Licenses: STM32CubeMX.6.13.0
2026-05-06 07:59:04,032 [INFO] AnalyticsPlugin:255 - Accepted CMSIS Pack Licenses: 
2026-05-06 07:59:04,032 [INFO] AnalyticsPlugin:257 - Accepted Firmware Licenses: FW.F4.1.28.0,FW.C0.1.3.0,FW.C0.1.4.0
2026-05-06 07:59:04,035 [INFO] PluginManage:359 - Loaded plugin analytics (category:tool,tabindex:-1)
2026-05-06 07:59:04,035 [INFO] PluginManage:310 - Check plugin cadmodel
2026-05-06 07:59:04,038 [INFO] CADModel:105 - Init CAD model plugin
2026-05-06 07:59:04,038 [INFO] PluginManage:359 - Loaded plugin cadmodel (category:power,tabindex:5)
2026-05-06 07:59:04,038 [INFO] PluginManage:310 - Check plugin clock
2026-05-06 07:59:04,044 [INFO] PluginManage:359 - Loaded plugin clock (category:base,tabindex:2)
2026-05-06 07:59:04,044 [INFO] PluginManage:310 - Check plugin ddr
2026-05-06 07:59:04,045 [INFO] PluginManage:359 - Loaded plugin ddr (category:tool,tabindex:6)
2026-05-06 07:59:04,045 [INFO] PluginManage:310 - Check plugin filemanager
2026-05-06 07:59:04,157 [INFO] PluginManage:359 - Loaded plugin filemanager (category:base,tabindex:10)
2026-05-06 07:59:04,157 [INFO] PluginManage:310 - Check plugin ipmanager
2026-05-06 07:59:04,163 [INFO] PluginManage:359 - Loaded plugin ipmanager (category:base,tabindex:5)
2026-05-06 07:59:04,163 [INFO] PluginManage:310 - Check plugin lpbam
2026-05-06 07:59:04,169 [INFO] PluginManage:359 - Loaded plugin lpbam (category:base,tabindex:0)
2026-05-06 07:59:04,169 [INFO] PluginManage:310 - Check plugin memorymap
2026-05-06 07:59:04,176 [INFO] PluginManage:359 - Loaded plugin memorymap (category:base,tabindex:4)
2026-05-06 07:59:04,176 [INFO] PluginManage:310 - Check plugin pinoutandconfiguration
2026-05-06 07:59:04,181 [INFO] PluginManage:359 - Loaded plugin pinoutandconfiguration (category:base,tabindex:1)
2026-05-06 07:59:04,181 [INFO] PluginManage:310 - Check plugin pinoutconfig
2026-05-06 07:59:04,250 [WARN] SupportedApi:132 - Cannot load RTOS API schema: s4s-elt-must-match.1: The content of 'definitions' must match (annotation?, (simpleType | complexType)?, (unique | key | keyref)*)). A problem was found starting at: attribute.
2026-05-06 07:59:04,335 [ERROR] ConfigurationRetriever:142 - IOException on connection: Connect timed out
2026-05-06 07:59:04,343 [INFO] PluginManage:359 - Loaded plugin pinoutconfig (category:base,tabindex:0)
2026-05-06 07:59:04,343 [INFO] PluginManage:310 - Check plugin power
2026-05-06 07:59:04,348 [INFO] PluginManage:359 - Loaded plugin power (category:power,tabindex:4)
2026-05-06 07:59:04,348 [INFO] PluginManage:310 - Check plugin projectmanager
2026-05-06 07:59:04,359 [INFO] PluginManage:359 - Loaded plugin projectmanager (category:projectmanager,tabindex:4)
2026-05-06 07:59:04,359 [INFO] PluginManage:310 - Check plugin rif
2026-05-06 07:59:04,364 [INFO] PluginManage:359 - Loaded plugin rif (category:base,tabindex:3)
2026-05-06 07:59:04,364 [INFO] PluginManage:310 - Check plugin thirdparty
2026-05-06 07:59:04,462 [WARN] IntegrityCheckThread:84 - waiting for thirdparty lock release [integrity check]
2026-05-06 07:59:04,462 [INFO] IntegrityCheckThread:86 - entering critical section [integrity check]
2026-05-06 07:59:04,462 [INFO] ThirdPartyUpdaterWithRetryManager:70 - Updater plugin not ready yet. [1/15]
2026-05-06 07:59:04,463 [INFO] PluginManage:359 - Loaded plugin thirdparty (category:base,tabindex:-1)
2026-05-06 07:59:04,463 [INFO] PluginManage:310 - Check plugin tools
2026-05-06 07:59:04,465 [INFO] PluginManage:359 - Loaded plugin tools (category:base,tabindex:7)
2026-05-06 07:59:04,465 [INFO] PluginManage:310 - Check plugin tutovideos
2026-05-06 07:59:04,578 [INFO] PluginManage:359 - Loaded plugin tutovideos (category:base,tabindex:-1)
2026-05-06 07:59:04,578 [INFO] PluginManage:310 - Check plugin updater
2026-05-06 07:59:04,593 [INFO] PluginManage:359 - Loaded plugin updater (category:base,tabindex:12)
2026-05-06 07:59:04,593 [INFO] PluginManage:310 - Check plugin userauth
2026-05-06 07:59:04,596 [INFO] UserAuth:118 - Init User Auth plugin
2026-05-06 07:59:04,597 [INFO] PluginManage:359 - Loaded plugin userauth (category:base,tabindex:14)
2026-05-06 07:59:04,597 [INFO] PluginManage:283 - PluginManage : Loaded plugins [18]
2026-05-06 07:59:04,742 [INFO] PinOutPanel:1589 - setPackage(No Configuration,No Configuration)
2026-05-06 07:59:04,802 [INFO] CADModel:165 - CPN selected for project level
2026-05-06 07:59:04,803 [INFO] CADModel:114 - Register for checkConnection events
2026-05-06 07:59:04,817 [INFO] IPUIPlugin:80 - create IPUIPlugin
2026-05-06 07:59:04,817 [INFO] PluginManager:220 - loadIPPluginJar : add adc
2026-05-06 07:59:04,819 [INFO] IPUIPlugin:80 - create IPUIPlugin
2026-05-06 07:59:04,819 [INFO] PluginManager:220 - loadIPPluginJar : add aes
2026-05-06 07:59:04,821 [INFO] IPUIPlugin:80 - create IPUIPlugin
2026-05-06 07:59:04,821 [INFO] PluginManager:220 - loadIPPluginJar : add can
2026-05-06 07:59:04,823 [INFO] IPUIPlugin:80 - create IPUIPlugin
2026-05-06 07:59:04,823 [INFO] PluginManager:220 - loadIPPluginJar : add comp
2026-05-06 07:59:04,825 [INFO] IPUIPlugin:80 - create IPUIPlugin
2026-05-06 07:59:04,825 [INFO] PluginManager:220 - loadIPPluginJar : add cryp
2026-05-06 07:59:04,827 [INFO] IPUIPlugin:80 - create IPUIPlugin
2026-05-06 07:59:04,827 [INFO] PluginManager:220 - loadIPPluginJar : add ddr_ctrl_phy
2026-05-06 07:59:04,829 [INFO] IPUIPlugin:80 - create IPUIPlugin
2026-05-06 07:59:04,829 [INFO] PluginManager:220 - loadIPPluginJar : add dfsdm
2026-05-06 07:59:04,833 [INFO] IPUIPlugin:80 - create IPUIPlugin
2026-05-06 07:59:04,834 [INFO] PluginManager:220 - loadIPPluginJar : add dma
2026-05-06 07:59:04,836 [INFO] IPUIPlugin:80 - create IPUIPlugin
2026-05-06 07:59:04,836 [INFO] PluginManager:220 - loadIPPluginJar : add dma3
2026-05-06 07:59:04,838 [INFO] IPUIPlugin:80 - create IPUIPlugin
2026-05-06 07:59:04,838 [INFO] PluginManager:220 - loadIPPluginJar : add extmemmanager
2026-05-06 07:59:04,839 [INFO] IPUIPlugin:80 - create IPUIPlugin
2026-05-06 07:59:04,839 [INFO] PluginManager:220 - loadIPPluginJar : add fatfs
2026-05-06 07:59:04,844 [INFO] IPUIPlugin:80 - create IPUIPlugin
2026-05-06 07:59:04,844 [INFO] PluginManager:220 - loadIPPluginJar : add fmc
2026-05-06 07:59:04,847 [INFO] IPUIPlugin:80 - create IPUIPlugin
2026-05-06 07:59:04,847 [INFO] PluginManager:220 - loadIPPluginJar : add freertos
2026-05-06 07:59:04,849 [INFO] IPUIPlugin:80 - create IPUIPlugin
2026-05-06 07:59:04,849 [INFO] PluginManager:220 - loadIPPluginJar : add genericplugin
2026-05-06 07:59:04,851 [INFO] IPUIPlugin:80 - create IPUIPlugin
2026-05-06 07:59:04,851 [INFO] PluginManager:220 - loadIPPluginJar : add gfxmmu
2026-05-06 07:59:04,854 [INFO] IPUIPlugin:80 - create IPUIPlugin
2026-05-06 07:59:04,854 [INFO] PluginManager:220 - loadIPPluginJar : add gic
2026-05-06 07:59:04,856 [INFO] IPUIPlugin:80 - create IPUIPlugin
2026-05-06 07:59:04,856 [INFO] PluginManager:220 - loadIPPluginJar : add gpio
2026-05-06 07:59:04,858 [INFO] IPUIPlugin:80 - create IPUIPlugin
2026-05-06 07:59:04,858 [INFO] PluginManager:220 - loadIPPluginJar : add gtzc
2026-05-06 07:59:04,861 [INFO] IPUIPlugin:80 - create IPUIPlugin
2026-05-06 07:59:04,861 [INFO] PluginManager:220 - loadIPPluginJar : add hash
2026-05-06 07:59:04,863 [INFO] IPUIPlugin:80 - create IPUIPlugin
2026-05-06 07:59:04,863 [INFO] PluginManager:220 - loadIPPluginJar : add i2c
2026-05-06 07:59:04,864 [INFO] IPUIPlugin:80 - create IPUIPlugin
2026-05-06 07:59:04,864 [INFO] PluginManager:220 - loadIPPluginJar : add i2s
2026-05-06 07:59:04,867 [INFO] IPUIPlugin:80 - create IPUIPlugin
2026-05-06 07:59:04,867 [INFO] PluginManager:220 - loadIPPluginJar : add i3c
2026-05-06 07:59:04,869 [INFO] IPUIPlugin:80 - create IPUIPlugin
2026-05-06 07:59:04,869 [INFO] PluginManager:220 - loadIPPluginJar : add ipddr
2026-05-06 07:59:04,874 [INFO] IPUIPlugin:80 - create IPUIPlugin
2026-05-06 07:59:04,874 [INFO] PluginManager:220 - loadIPPluginJar : add linkedlist
2026-05-06 07:59:04,878 [INFO] IPUIPlugin:80 - create IPUIPlugin
2026-05-06 07:59:04,878 [INFO] PluginManager:220 - loadIPPluginJar : add lorawan
2026-05-06 07:59:04,880 [INFO] IPUIPlugin:80 - create IPUIPlugin
2026-05-06 07:59:04,880 [INFO] PluginManager:220 - loadIPPluginJar : add ltdc
2026-05-06 07:59:04,888 [INFO] IPUIPlugin:80 - create IPUIPlugin
2026-05-06 07:59:04,888 [INFO] PluginManager:220 - loadIPPluginJar : add mdma
2026-05-06 07:59:04,892 [INFO] IPUIPlugin:80 - create IPUIPlugin
2026-05-06 07:59:04,892 [INFO] PluginManager:220 - loadIPPluginJar : add nvic
2026-05-06 07:59:04,893 [INFO] IPUIPlugin:80 - create IPUIPlugin
2026-05-06 07:59:04,893 [INFO] PluginManager:220 - loadIPPluginJar : add opamp
2026-05-06 07:59:04,896 [INFO] IPUIPlugin:80 - create IPUIPlugin
2026-05-06 07:59:04,896 [INFO] PluginManager:220 - loadIPPluginJar : add openamp
2026-05-06 07:59:04,899 [INFO] IPUIPlugin:80 - create IPUIPlugin
2026-05-06 07:59:04,899 [INFO] PluginManager:220 - loadIPPluginJar : add pdm2pcm
2026-05-06 07:59:04,904 [INFO] IPUIPlugin:80 - create IPUIPlugin
2026-05-06 07:59:04,908 [INFO] PluginManager:220 - loadIPPluginJar : add plateformsettings
2026-05-06 07:59:04,910 [INFO] IPUIPlugin:80 - create IPUIPlugin
2026-05-06 07:59:04,911 [INFO] PluginManager:220 - loadIPPluginJar : add quadspi
2026-05-06 07:59:04,912 [INFO] IPUIPlugin:80 - create IPUIPlugin
2026-05-06 07:59:04,913 [INFO] PluginManager:220 - loadIPPluginJar : add radio
2026-05-06 07:59:04,916 [INFO] IPUIPlugin:80 - create IPUIPlugin
2026-05-06 07:59:04,916 [INFO] PluginManager:220 - loadIPPluginJar : add resmgrutility
2026-05-06 07:59:04,918 [INFO] IPUIPlugin:80 - create IPUIPlugin
2026-05-06 07:59:04,919 [INFO] PluginManager:220 - loadIPPluginJar : add sai
2026-05-06 07:59:04,921 [INFO] IPUIPlugin:80 - create IPUIPlugin
2026-05-06 07:59:04,921 [INFO] PluginManager:220 - loadIPPluginJar : add spi
2026-05-06 07:59:04,926 [INFO] IPUIPlugin:80 - create IPUIPlugin
2026-05-06 07:59:04,926 [INFO] PluginManager:220 - loadIPPluginJar : add stm32_wpan
2026-05-06 07:59:04,928 [INFO] IPUIPlugin:80 - create IPUIPlugin
2026-05-06 07:59:04,928 [INFO] PluginManager:220 - loadIPPluginJar : add tim
2026-05-06 07:59:04,930 [INFO] IPUIPlugin:80 - create IPUIPlugin
2026-05-06 07:59:04,930 [INFO] PluginManager:220 - loadIPPluginJar : add touchsensing
2026-05-06 07:59:04,932 [INFO] IPUIPlugin:80 - create IPUIPlugin
2026-05-06 07:59:04,932 [INFO] PluginManager:220 - loadIPPluginJar : add tracer_emb
2026-05-06 07:59:04,934 [INFO] IPUIPlugin:80 - create IPUIPlugin
2026-05-06 07:59:04,934 [INFO] PluginManager:220 - loadIPPluginJar : add ts
2026-05-06 07:59:04,935 [INFO] IPUIPlugin:80 - create IPUIPlugin
2026-05-06 07:59:04,935 [INFO] PluginManager:220 - loadIPPluginJar : add tsc
2026-05-06 07:59:04,937 [INFO] IPUIPlugin:80 - create IPUIPlugin
2026-05-06 07:59:04,937 [INFO] PluginManager:220 - loadIPPluginJar : add ucpd
2026-05-06 07:59:04,939 [INFO] IPUIPlugin:80 - create IPUIPlugin
2026-05-06 07:59:04,939 [INFO] PluginManager:220 - loadIPPluginJar : add usart
2026-05-06 07:59:04,943 [INFO] IPUIPlugin:80 - create IPUIPlugin
2026-05-06 07:59:04,943 [INFO] PluginManager:220 - loadIPPluginJar : add usbx
2026-05-06 07:59:05,054 [FATAL] Updater:351 - Updater called before beeing initialized
2026-05-06 07:59:05,078 [INFO] RulesReader:64 - Compatibility file has been processed (302 Rules)
2026-05-06 07:59:05,085 [INFO] RulesReader:64 - Compatibility file has been processed (302 Rules)
2026-05-06 07:59:05,092 [INFO] CADModel:165 - CPN selected for project level
2026-05-06 07:59:05,092 [INFO] CADModel:114 - Register for checkConnection events
2026-05-06 07:59:05,092 [FATAL] Updater:351 - Updater called before beeing initialized
2026-05-06 07:59:05,093 [ERROR] CADModel:125 - Updater not yet initialized, retry later 
2026-05-06 07:59:05,203 [FATAL] Updater:351 - Updater called before beeing initialized
2026-05-06 07:59:05,204 [INFO] CADModel:165 - CPN selected for project level
2026-05-06 07:59:05,205 [INFO] CADModel:114 - Register for checkConnection events
2026-05-06 07:59:05,205 [FATAL] Updater:351 - Updater called before beeing initialized
2026-05-06 07:59:05,205 [ERROR] CADModel:125 - Updater not yet initialized, retry later 
2026-05-06 07:59:05,207 [FATAL] Updater:351 - Updater called before beeing initialized
2026-05-06 07:59:05,275 [FATAL] Updater:351 - Updater called before beeing initialized
2026-05-06 07:59:05,278 [INFO] DbMcusAds:53 - JSON generation date=Fri Apr 10 10:19:02 CET 2026 (1775812742310)
2026-05-06 07:59:05,278 [FATAL] Updater:351 - Updater called before beeing initialized
2026-05-06 07:59:05,298 [WARN] DetailPanel:346 - Failed to get advertising image, set to default
2026-05-06 07:59:05,450 [FATAL] Updater:351 - Updater called before beeing initialized
2026-05-06 07:59:05,452 [FATAL] Updater:351 - Updater called before beeing initialized
2026-05-06 07:59:05,452 [FATAL] Updater:351 - Updater called before beeing initialized
2026-05-06 07:59:05,452 [WARN] DetailPanel:346 - Failed to get advertising image, set to default
2026-05-06 07:59:05,453 [FATAL] Updater:351 - Updater called before beeing initialized
2026-05-06 07:59:05,483 [ERROR] Updater:1198 - MainUpdater not yet initialized. External WinMGr cannot be set.
2026-05-06 07:59:05,484 [INFO] Updater:1134 - Updater Version found : 6.14.1
2026-05-06 07:59:05,497 [INFO] ApplicationProperties:184 - Using Application install path: C:\ST\STM32CubeIDE_1.18.1\STM32CubeIDE\plugins\com.st.stm32cube.common.mx_6.14.1.202504091515
2026-05-06 07:59:06,546 [ERROR] ConfigurationRetriever:142 - IOException on connection: Connect timed out
2026-05-06 07:59:07,464 [INFO] ThirdPartyUpdaterWithRetryManager:70 - Updater plugin not ready yet. [2/15]
2026-05-06 07:59:08,551 [ERROR] ConfigurationRetriever:142 - IOException on connection: Connect timed out
2026-05-06 07:59:09,035 [ERROR] ConfigurationRetriever:142 - IOException on connection: Connect timed out
2026-05-06 07:59:09,659 [WARN] CheckConnectionManager:291 - Warning during Server Connection :  timeout Connect to sw-center.st.com:443 [sw-center.st.com/41.231.245.121, sw-center.st.com/41.231.245.75] failed: Connect timed out
2026-05-06 07:59:10,466 [FATAL] Updater:351 - Updater called before beeing initialized
2026-05-06 07:59:10,467 [ERROR] IntegrityCheckThread:130 - Cannot retrieve database content from updater: error 21
2026-05-06 07:59:10,468 [INFO] ThirdParty:978 - Integrity check success = false
2026-05-06 07:59:10,468 [INFO] IntegrityCheckThread:100 - exiting critical section [integrity check]
2026-05-06 07:59:10,468 [INFO] IntegrityCheckThread:103 - End integrity checks thread
2026-05-06 07:59:10,553 [ERROR] ConfigurationRetriever:142 - IOException on connection: Connect timed out
2026-05-06 08:38:58,936 [INFO] Activator:176 - 


2026-05-06 08:38:58,936 [INFO] Activator:177 - !SESSION log4j initialized
2026-05-06 08:39:02,701 [INFO] LogOutputStream:77 - [STDOUT_REDIRECT] 
2026-05-06 08:39:08,388 [INFO] ApplicationProperties:184 - Using Application install path: C:\ST\STM32CubeIDE_1.18.1\STM32CubeIDE\plugins\com.st.stm32cube.common.mx_6.14.1.202504091515
2026-05-06 08:39:08,403 [INFO] DbMcusXml:78 - Set database path to: C:\ST\STM32CubeIDE_1.18.1\STM32CubeIDE\plugins\com.st.stm32cube.common.mx_6.14.1.202504091515\\db\/mcu/
2026-05-06 08:39:08,404 [INFO] ApiDb:274 - Set plugin database path to: C:\ST\STM32CubeIDE_1.18.1\STM32CubeIDE\plugins\com.st.stm32cube.common.mx_6.14.1.202504091515\\db\/plugins/boardmanager/
2026-05-06 08:39:08,404 [WARN] ApiDb:259 - Overriding images path with different value:  => C:\ST\STM32CubeIDE_1.18.1\STM32CubeIDE\plugins\com.st.stm32cube.common.mx_6.14.1.202504091515\\db\/plugins/mcufinder/images/
2026-05-06 08:39:08,408 [INFO] ApiDb:250 - Set database path to: C:\Users\salem\.stmcufinder\plugins\mcufinder//mcu/
2026-05-06 08:39:08,410 [INFO] DbMcusAds:125 - Set database path to: C:\Users\salem\.stmcufinder\plugins\mcufinder//mcu/
2026-05-06 08:39:08,412 [INFO] CrossReferenceDbSqlite:203 - Set database path to: C:\Users\salem\.stmcufinder\plugins\mcufinder//mcu/cs/
2026-05-06 08:39:08,498 [INFO] RulesReader:64 - Compatibility file has been processed (302 Rules)
2026-05-06 08:39:08,558 [INFO] DbMcusXml:78 - Set database path to: C:\ST\STM32CubeIDE_1.18.1\STM32CubeIDE\plugins\com.st.stm32cube.common.mx_6.14.1.202504091515\\db\/mcu/
2026-05-06 08:39:08,558 [INFO] ApiDb:274 - Set plugin database path to: C:\ST\STM32CubeIDE_1.18.1\STM32CubeIDE\plugins\com.st.stm32cube.common.mx_6.14.1.202504091515\\db\/plugins/boardmanager/
2026-05-06 08:39:08,558 [INFO] ApiDb:261 - Set plugin images path to: C:\ST\STM32CubeIDE_1.18.1\STM32CubeIDE\plugins\com.st.stm32cube.common.mx_6.14.1.202504091515\\db\/plugins/mcufinder/images/
2026-05-06 08:39:08,558 [WARN] DbFile:41 - Overriding database path with different value: C:\Users\salem\.stmcufinder\plugins\mcufinder/ => C:\Users\salem\.stmcufinder\plugins\mcufinder
2026-05-06 08:39:08,558 [INFO] ApiDb:250 - Set database path to: C:\Users\salem\.stmcufinder\plugins\mcufinder//mcu/
2026-05-06 08:39:08,558 [WARN] DbFile:41 - Overriding database path with different value: C:\Users\salem\.stmcufinder\plugins\mcufinder/ => C:\Users\salem\.stmcufinder\plugins\mcufinder
2026-05-06 08:39:08,558 [INFO] DbMcusAds:125 - Set database path to: C:\Users\salem\.stmcufinder\plugins\mcufinder//mcu/
2026-05-06 08:39:08,559 [WARN] DbFile:41 - Overriding database path with different value: C:\Users\salem\.stmcufinder\plugins\mcufinder/ => C:\Users\salem\.stmcufinder\plugins\mcufinder
2026-05-06 08:39:08,559 [WARN] DbFile:41 - Overriding database path with different value: C:\Users\salem\.stmcufinder\plugins\mcufinder/ => C:\Users\salem\.stmcufinder\plugins\mcufinder
2026-05-06 08:39:08,559 [INFO] CrossReferenceDbSqlite:203 - Set database path to: C:\Users\salem\.stmcufinder\plugins\mcufinder//mcu/cs/
2026-05-06 08:39:08,615 [INFO] MainPanel:272 - HeapMemory: 268435456
2026-05-06 08:39:08,682 [INFO] DbMcusXml:78 - Set database path to: C:\ST\STM32CubeIDE_1.18.1\STM32CubeIDE\plugins\com.st.stm32cube.common.mx_6.14.1.202504091515\\db\/mcu/
2026-05-06 08:39:08,682 [INFO] ApiDb:274 - Set plugin database path to: C:\ST\STM32CubeIDE_1.18.1\STM32CubeIDE\plugins\com.st.stm32cube.common.mx_6.14.1.202504091515\\db\/plugins/boardmanager/
2026-05-06 08:39:08,682 [INFO] ApiDb:261 - Set plugin images path to: C:\ST\STM32CubeIDE_1.18.1\STM32CubeIDE\plugins\com.st.stm32cube.common.mx_6.14.1.202504091515\\db\/plugins/mcufinder/images/
2026-05-06 08:39:08,682 [WARN] DbFile:41 - Overriding database path with different value: C:\Users\salem\.stmcufinder\plugins\mcufinder/ => C:\Users\salem\.stmcufinder\plugins\mcufinder
2026-05-06 08:39:08,682 [INFO] ApiDb:250 - Set database path to: C:\Users\salem\.stmcufinder\plugins\mcufinder//mcu/
2026-05-06 08:39:08,682 [WARN] DbFile:41 - Overriding database path with different value: C:\Users\salem\.stmcufinder\plugins\mcufinder/ => C:\Users\salem\.stmcufinder\plugins\mcufinder
2026-05-06 08:39:08,682 [INFO] DbMcusAds:125 - Set database path to: C:\Users\salem\.stmcufinder\plugins\mcufinder//mcu/
2026-05-06 08:39:08,682 [WARN] DbFile:41 - Overriding database path with different value: C:\Users\salem\.stmcufinder\plugins\mcufinder/ => C:\Users\salem\.stmcufinder\plugins\mcufinder
2026-05-06 08:39:08,682 [WARN] DbFile:41 - Overriding database path with different value: C:\Users\salem\.stmcufinder\plugins\mcufinder/ => C:\Users\salem\.stmcufinder\plugins\mcufinder
2026-05-06 08:39:08,682 [INFO] CrossReferenceDbSqlite:203 - Set database path to: C:\Users\salem\.stmcufinder\plugins\mcufinder//mcu/cs/
2026-05-06 08:39:08,698 [INFO] ApplicationProperties:184 - Using Application install path: C:\ST\STM32CubeIDE_1.18.1\STM32CubeIDE\plugins\com.st.stm32cube.common.mx_6.14.1.202504091515
2026-05-06 08:39:08,699 [INFO] PluginManage:196 - Search for loadable plugins [exclusion list=, ]
2026-05-06 08:39:08,700 [INFO] PluginManage:310 - Check plugin analytics
2026-05-06 08:39:10,069 [ERROR] ConfigurationRetriever:142 - IOException on connection: Connect timed out
2026-05-06 08:39:12,072 [ERROR] ConfigurationRetriever:142 - IOException on connection: Connect timed out
2026-05-06 08:39:13,437 [INFO] AnalyticsPlugin:253 - Accepted Software Licenses: STM32CubeMX.6.13.0
2026-05-06 08:39:13,438 [INFO] AnalyticsPlugin:255 - Accepted CMSIS Pack Licenses: 
2026-05-06 08:39:13,438 [INFO] AnalyticsPlugin:257 - Accepted Firmware Licenses: FW.F4.1.28.0,FW.C0.1.3.0,FW.C0.1.4.0
2026-05-06 08:39:13,439 [INFO] PluginManage:359 - Loaded plugin analytics (category:tool,tabindex:-1)
2026-05-06 08:39:13,440 [INFO] PluginManage:310 - Check plugin cadmodel
2026-05-06 08:39:13,443 [INFO] CADModel:105 - Init CAD model plugin
2026-05-06 08:39:13,443 [INFO] PluginManage:359 - Loaded plugin cadmodel (category:power,tabindex:5)
2026-05-06 08:39:13,443 [INFO] PluginManage:310 - Check plugin clock
2026-05-06 08:39:13,449 [INFO] PluginManage:359 - Loaded plugin clock (category:base,tabindex:2)
2026-05-06 08:39:13,449 [INFO] PluginManage:310 - Check plugin ddr
2026-05-06 08:39:13,450 [INFO] PluginManage:359 - Loaded plugin ddr (category:tool,tabindex:6)
2026-05-06 08:39:13,451 [INFO] PluginManage:310 - Check plugin filemanager
2026-05-06 08:39:13,557 [INFO] PluginManage:359 - Loaded plugin filemanager (category:base,tabindex:10)
2026-05-06 08:39:13,557 [INFO] PluginManage:310 - Check plugin ipmanager
2026-05-06 08:39:13,562 [INFO] PluginManage:359 - Loaded plugin ipmanager (category:base,tabindex:5)
2026-05-06 08:39:13,562 [INFO] PluginManage:310 - Check plugin lpbam
2026-05-06 08:39:13,568 [INFO] PluginManage:359 - Loaded plugin lpbam (category:base,tabindex:0)
2026-05-06 08:39:13,569 [INFO] PluginManage:310 - Check plugin memorymap
2026-05-06 08:39:13,576 [INFO] PluginManage:359 - Loaded plugin memorymap (category:base,tabindex:4)
2026-05-06 08:39:13,576 [INFO] PluginManage:310 - Check plugin pinoutandconfiguration
2026-05-06 08:39:13,584 [INFO] PluginManage:359 - Loaded plugin pinoutandconfiguration (category:base,tabindex:1)
2026-05-06 08:39:13,584 [INFO] PluginManage:310 - Check plugin pinoutconfig
2026-05-06 08:39:13,646 [WARN] SupportedApi:132 - Cannot load RTOS API schema: s4s-elt-must-match.1: The content of 'definitions' must match (annotation?, (simpleType | complexType)?, (unique | key | keyref)*)). A problem was found starting at: attribute.
2026-05-06 08:39:13,772 [INFO] PluginManage:359 - Loaded plugin pinoutconfig (category:base,tabindex:0)
2026-05-06 08:39:13,772 [INFO] PluginManage:310 - Check plugin power
2026-05-06 08:39:13,781 [INFO] PluginManage:359 - Loaded plugin power (category:power,tabindex:4)
2026-05-06 08:39:13,781 [INFO] PluginManage:310 - Check plugin projectmanager
2026-05-06 08:39:13,794 [INFO] PluginManage:359 - Loaded plugin projectmanager (category:projectmanager,tabindex:4)
2026-05-06 08:39:13,795 [INFO] PluginManage:310 - Check plugin rif
2026-05-06 08:39:13,803 [INFO] PluginManage:359 - Loaded plugin rif (category:base,tabindex:3)
2026-05-06 08:39:13,803 [INFO] PluginManage:310 - Check plugin thirdparty
2026-05-06 08:39:13,910 [WARN] IntegrityCheckThread:84 - waiting for thirdparty lock release [integrity check]
2026-05-06 08:39:13,911 [INFO] PluginManage:359 - Loaded plugin thirdparty (category:base,tabindex:-1)
2026-05-06 08:39:13,911 [INFO] IntegrityCheckThread:86 - entering critical section [integrity check]
2026-05-06 08:39:13,911 [INFO] PluginManage:310 - Check plugin tools
2026-05-06 08:39:13,911 [INFO] ThirdPartyUpdaterWithRetryManager:70 - Updater plugin not ready yet. [1/15]
2026-05-06 08:39:13,912 [INFO] PluginManage:359 - Loaded plugin tools (category:base,tabindex:7)
2026-05-06 08:39:13,913 [INFO] PluginManage:310 - Check plugin tutovideos
2026-05-06 08:39:14,033 [INFO] PluginManage:359 - Loaded plugin tutovideos (category:base,tabindex:-1)
2026-05-06 08:39:14,033 [INFO] PluginManage:310 - Check plugin updater
2026-05-06 08:39:14,051 [INFO] PluginManage:359 - Loaded plugin updater (category:base,tabindex:12)
2026-05-06 08:39:14,051 [INFO] PluginManage:310 - Check plugin userauth
2026-05-06 08:39:14,054 [INFO] UserAuth:118 - Init User Auth plugin
2026-05-06 08:39:14,055 [INFO] PluginManage:359 - Loaded plugin userauth (category:base,tabindex:14)
2026-05-06 08:39:14,055 [INFO] PluginManage:283 - PluginManage : Loaded plugins [18]
2026-05-06 08:39:14,074 [ERROR] ConfigurationRetriever:142 - IOException on connection: Connect timed out
2026-05-06 08:39:14,242 [INFO] PinOutPanel:1589 - setPackage(No Configuration,No Configuration)
2026-05-06 08:39:14,303 [INFO] CADModel:165 - CPN selected for project level
2026-05-06 08:39:14,304 [INFO] CADModel:114 - Register for checkConnection events
2026-05-06 08:39:14,317 [INFO] IPUIPlugin:80 - create IPUIPlugin
2026-05-06 08:39:14,317 [INFO] PluginManager:220 - loadIPPluginJar : add adc
2026-05-06 08:39:14,319 [INFO] IPUIPlugin:80 - create IPUIPlugin
2026-05-06 08:39:14,319 [INFO] PluginManager:220 - loadIPPluginJar : add aes
2026-05-06 08:39:14,321 [INFO] IPUIPlugin:80 - create IPUIPlugin
2026-05-06 08:39:14,321 [INFO] PluginManager:220 - loadIPPluginJar : add can
2026-05-06 08:39:14,322 [INFO] IPUIPlugin:80 - create IPUIPlugin
2026-05-06 08:39:14,322 [INFO] PluginManager:220 - loadIPPluginJar : add comp
2026-05-06 08:39:14,324 [INFO] IPUIPlugin:80 - create IPUIPlugin
2026-05-06 08:39:14,324 [INFO] PluginManager:220 - loadIPPluginJar : add cryp
2026-05-06 08:39:14,325 [INFO] IPUIPlugin:80 - create IPUIPlugin
2026-05-06 08:39:14,325 [INFO] PluginManager:220 - loadIPPluginJar : add ddr_ctrl_phy
2026-05-06 08:39:14,327 [INFO] IPUIPlugin:80 - create IPUIPlugin
2026-05-06 08:39:14,328 [INFO] PluginManager:220 - loadIPPluginJar : add dfsdm
2026-05-06 08:39:14,331 [INFO] IPUIPlugin:80 - create IPUIPlugin
2026-05-06 08:39:14,332 [INFO] PluginManager:220 - loadIPPluginJar : add dma
2026-05-06 08:39:14,333 [INFO] IPUIPlugin:80 - create IPUIPlugin
2026-05-06 08:39:14,333 [INFO] PluginManager:220 - loadIPPluginJar : add dma3
2026-05-06 08:39:14,335 [INFO] IPUIPlugin:80 - create IPUIPlugin
2026-05-06 08:39:14,335 [INFO] PluginManager:220 - loadIPPluginJar : add extmemmanager
2026-05-06 08:39:14,335 [INFO] IPUIPlugin:80 - create IPUIPlugin
2026-05-06 08:39:14,336 [INFO] PluginManager:220 - loadIPPluginJar : add fatfs
2026-05-06 08:39:14,339 [INFO] IPUIPlugin:80 - create IPUIPlugin
2026-05-06 08:39:14,339 [INFO] PluginManager:220 - loadIPPluginJar : add fmc
2026-05-06 08:39:14,343 [INFO] IPUIPlugin:80 - create IPUIPlugin
2026-05-06 08:39:14,343 [INFO] PluginManager:220 - loadIPPluginJar : add freertos
2026-05-06 08:39:14,344 [INFO] IPUIPlugin:80 - create IPUIPlugin
2026-05-06 08:39:14,344 [INFO] PluginManager:220 - loadIPPluginJar : add genericplugin
2026-05-06 08:39:14,344 [INFO] IPUIPlugin:80 - create IPUIPlugin
2026-05-06 08:39:14,344 [INFO] PluginManager:220 - loadIPPluginJar : add gfxmmu
2026-05-06 08:39:14,349 [INFO] IPUIPlugin:80 - create IPUIPlugin
2026-05-06 08:39:14,349 [INFO] PluginManager:220 - loadIPPluginJar : add gic
2026-05-06 08:39:14,351 [INFO] IPUIPlugin:80 - create IPUIPlugin
2026-05-06 08:39:14,351 [INFO] PluginManager:220 - loadIPPluginJar : add gpio
2026-05-06 08:39:14,353 [INFO] IPUIPlugin:80 - create IPUIPlugin
2026-05-06 08:39:14,353 [INFO] PluginManager:220 - loadIPPluginJar : add gtzc
2026-05-06 08:39:14,355 [INFO] IPUIPlugin:80 - create IPUIPlugin
2026-05-06 08:39:14,355 [INFO] PluginManager:220 - loadIPPluginJar : add hash
2026-05-06 08:39:14,356 [INFO] IPUIPlugin:80 - create IPUIPlugin
2026-05-06 08:39:14,356 [INFO] PluginManager:220 - loadIPPluginJar : add i2c
2026-05-06 08:39:14,358 [INFO] IPUIPlugin:80 - create IPUIPlugin
2026-05-06 08:39:14,358 [INFO] PluginManager:220 - loadIPPluginJar : add i2s
2026-05-06 08:39:14,360 [INFO] IPUIPlugin:80 - create IPUIPlugin
2026-05-06 08:39:14,360 [INFO] PluginManager:220 - loadIPPluginJar : add i3c
2026-05-06 08:39:14,362 [INFO] IPUIPlugin:80 - create IPUIPlugin
2026-05-06 08:39:14,363 [INFO] PluginManager:220 - loadIPPluginJar : add ipddr
2026-05-06 08:39:14,368 [INFO] IPUIPlugin:80 - create IPUIPlugin
2026-05-06 08:39:14,368 [INFO] PluginManager:220 - loadIPPluginJar : add linkedlist
2026-05-06 08:39:14,370 [INFO] IPUIPlugin:80 - create IPUIPlugin
2026-05-06 08:39:14,370 [INFO] PluginManager:220 - loadIPPluginJar : add lorawan
2026-05-06 08:39:14,371 [INFO] IPUIPlugin:80 - create IPUIPlugin
2026-05-06 08:39:14,371 [INFO] PluginManager:220 - loadIPPluginJar : add ltdc
2026-05-06 08:39:14,376 [INFO] IPUIPlugin:80 - create IPUIPlugin
2026-05-06 08:39:14,376 [INFO] PluginManager:220 - loadIPPluginJar : add mdma
2026-05-06 08:39:14,378 [INFO] IPUIPlugin:80 - create IPUIPlugin
2026-05-06 08:39:14,378 [INFO] PluginManager:220 - loadIPPluginJar : add nvic
2026-05-06 08:39:14,380 [INFO] IPUIPlugin:80 - create IPUIPlugin
2026-05-06 08:39:14,380 [INFO] PluginManager:220 - loadIPPluginJar : add opamp
2026-05-06 08:39:14,382 [INFO] IPUIPlugin:80 - create IPUIPlugin
2026-05-06 08:39:14,382 [INFO] PluginManager:220 - loadIPPluginJar : add openamp
2026-05-06 08:39:14,383 [INFO] IPUIPlugin:80 - create IPUIPlugin
2026-05-06 08:39:14,384 [INFO] PluginManager:220 - loadIPPluginJar : add pdm2pcm
2026-05-06 08:39:14,387 [INFO] IPUIPlugin:80 - create IPUIPlugin
2026-05-06 08:39:14,390 [INFO] PluginManager:220 - loadIPPluginJar : add plateformsettings
2026-05-06 08:39:14,392 [INFO] IPUIPlugin:80 - create IPUIPlugin
2026-05-06 08:39:14,392 [INFO] PluginManager:220 - loadIPPluginJar : add quadspi
2026-05-06 08:39:14,393 [INFO] IPUIPlugin:80 - create IPUIPlugin
2026-05-06 08:39:14,393 [INFO] PluginManager:220 - loadIPPluginJar : add radio
2026-05-06 08:39:14,395 [INFO] IPUIPlugin:80 - create IPUIPlugin
2026-05-06 08:39:14,395 [INFO] PluginManager:220 - loadIPPluginJar : add resmgrutility
2026-05-06 08:39:14,396 [INFO] IPUIPlugin:80 - create IPUIPlugin
2026-05-06 08:39:14,396 [INFO] PluginManager:220 - loadIPPluginJar : add sai
2026-05-06 08:39:14,398 [INFO] IPUIPlugin:80 - create IPUIPlugin
2026-05-06 08:39:14,398 [INFO] PluginManager:220 - loadIPPluginJar : add spi
2026-05-06 08:39:14,402 [INFO] IPUIPlugin:80 - create IPUIPlugin
2026-05-06 08:39:14,402 [INFO] PluginManager:220 - loadIPPluginJar : add stm32_wpan
2026-05-06 08:39:14,403 [INFO] IPUIPlugin:80 - create IPUIPlugin
2026-05-06 08:39:14,403 [INFO] PluginManager:220 - loadIPPluginJar : add tim
2026-05-06 08:39:14,405 [INFO] IPUIPlugin:80 - create IPUIPlugin
2026-05-06 08:39:14,406 [INFO] PluginManager:220 - loadIPPluginJar : add touchsensing
2026-05-06 08:39:14,409 [INFO] IPUIPlugin:80 - create IPUIPlugin
2026-05-06 08:39:14,409 [INFO] PluginManager:220 - loadIPPluginJar : add tracer_emb
2026-05-06 08:39:14,410 [INFO] IPUIPlugin:80 - create IPUIPlugin
2026-05-06 08:39:14,410 [INFO] PluginManager:220 - loadIPPluginJar : add ts
2026-05-06 08:39:14,411 [INFO] IPUIPlugin:80 - create IPUIPlugin
2026-05-06 08:39:14,411 [INFO] PluginManager:220 - loadIPPluginJar : add tsc
2026-05-06 08:39:14,412 [INFO] IPUIPlugin:80 - create IPUIPlugin
2026-05-06 08:39:14,412 [INFO] PluginManager:220 - loadIPPluginJar : add ucpd
2026-05-06 08:39:14,415 [INFO] IPUIPlugin:80 - create IPUIPlugin
2026-05-06 08:39:14,415 [INFO] PluginManager:220 - loadIPPluginJar : add usart
2026-05-06 08:39:14,418 [INFO] IPUIPlugin:80 - create IPUIPlugin
2026-05-06 08:39:14,418 [INFO] PluginManager:220 - loadIPPluginJar : add usbx
2026-05-06 08:39:14,527 [FATAL] Updater:351 - Updater called before beeing initialized
2026-05-06 08:39:14,560 [INFO] RulesReader:64 - Compatibility file has been processed (302 Rules)
2026-05-06 08:39:14,569 [INFO] RulesReader:64 - Compatibility file has been processed (302 Rules)
2026-05-06 08:39:14,578 [INFO] CADModel:165 - CPN selected for project level
2026-05-06 08:39:14,578 [INFO] CADModel:114 - Register for checkConnection events
2026-05-06 08:39:14,578 [FATAL] Updater:351 - Updater called before beeing initialized
2026-05-06 08:39:14,578 [ERROR] CADModel:125 - Updater not yet initialized, retry later 
2026-05-06 08:39:14,686 [FATAL] Updater:351 - Updater called before beeing initialized
2026-05-06 08:39:14,687 [INFO] CADModel:165 - CPN selected for project level
2026-05-06 08:39:14,687 [INFO] CADModel:114 - Register for checkConnection events
2026-05-06 08:39:14,687 [FATAL] Updater:351 - Updater called before beeing initialized
2026-05-06 08:39:14,687 [ERROR] CADModel:125 - Updater not yet initialized, retry later 
2026-05-06 08:39:14,689 [FATAL] Updater:351 - Updater called before beeing initialized
2026-05-06 08:39:14,759 [FATAL] Updater:351 - Updater called before beeing initialized
2026-05-06 08:39:14,762 [INFO] DbMcusAds:53 - JSON generation date=Fri Apr 10 10:19:02 CET 2026 (1775812742310)
2026-05-06 08:39:14,762 [FATAL] Updater:351 - Updater called before beeing initialized
2026-05-06 08:39:14,784 [WARN] DetailPanel:346 - Failed to get advertising image, set to default
2026-05-06 08:39:14,944 [FATAL] Updater:351 - Updater called before beeing initialized
2026-05-06 08:39:14,945 [FATAL] Updater:351 - Updater called before beeing initialized
2026-05-06 08:39:14,945 [FATAL] Updater:351 - Updater called before beeing initialized
2026-05-06 08:39:14,945 [WARN] DetailPanel:346 - Failed to get advertising image, set to default
2026-05-06 08:39:14,947 [FATAL] Updater:351 - Updater called before beeing initialized
2026-05-06 08:39:14,981 [ERROR] Updater:1198 - MainUpdater not yet initialized. External WinMGr cannot be set.
2026-05-06 08:39:14,983 [INFO] Updater:1134 - Updater Version found : 6.14.1
2026-05-06 08:39:15,001 [INFO] ApplicationProperties:184 - Using Application install path: C:\ST\STM32CubeIDE_1.18.1\STM32CubeIDE\plugins\com.st.stm32cube.common.mx_6.14.1.202504091515
2026-05-06 08:39:16,911 [INFO] ThirdPartyUpdaterWithRetryManager:70 - Updater plugin not ready yet. [2/15]
2026-05-06 08:39:18,441 [ERROR] ConfigurationRetriever:142 - IOException on connection: Connect timed out
2026-05-06 08:39:19,191 [WARN] CheckConnectionManager:291 - Warning during Server Connection :  timeout Connect to sw-center.st.com:443 [sw-center.st.com/41.231.245.121, sw-center.st.com/41.231.245.75] failed: Connect timed out
2026-05-06 08:39:19,912 [FATAL] Updater:351 - Updater called before beeing initialized
2026-05-06 08:39:19,913 [ERROR] IntegrityCheckThread:130 - Cannot retrieve database content from updater: error 21
2026-05-06 08:39:19,913 [INFO] ThirdParty:978 - Integrity check success = false
2026-05-06 08:39:19,913 [INFO] IntegrityCheckThread:100 - exiting critical section [integrity check]
2026-05-06 08:39:19,914 [INFO] IntegrityCheckThread:103 - End integrity checks thread
2026-05-06 08:39:23,197 [WARN] CheckConnectionManager:291 - Warning during Server Connection :  timeout Connect to sw-center.st.com:443 [sw-center.st.com/41.231.245.121, sw-center.st.com/41.231.245.75] failed: Connect timed out
2026-05-06 08:39:23,203 [INFO] MainUpdater:2872 - connection check result : 22
2026-05-06 08:39:23,204 [INFO] MainUpdater:289 - Updater Check For Update Now.
2026-05-06 08:39:23,204 [INFO] MicroXplorer:498 - Change Database Version : DB.6.0.141
2026-05-06 08:39:23,212 [INFO] McuFinderGlobals:63 - Set McuFinder mode to 2 (CubeIDE integrated)
2026-05-06 08:39:23,212 [INFO] UserAuth:484 - Internet connection configuration mode: 2
2026-05-06 08:39:23,214 [INFO] UserAuth:484 - Internet connection configuration mode: 2
2026-05-06 08:39:23,292 [ERROR] LogOutputStream:75 - [STDERR_REDIRECT] [Fatal Error] :1:1: Premature end of file.
2026-05-06 08:39:23,292 [ERROR] LogOutputStream:75 - [STDERR_REDIRECT] 
2026-05-06 08:39:23,383 [INFO] CheckServerUpdateThread:120 - End of CheckServer Thread
2026-05-06 08:39:23,444 [ERROR] ConfigurationRetriever:142 - IOException on connection: Connect timed out
2026-05-06 08:39:24,292 [ERROR] LogOutputStream:75 - [STDERR_REDIRECT] [Fatal Error] :1:1: Premature end of file.
2026-05-06 08:39:24,292 [ERROR] LogOutputStream:75 - [STDERR_REDIRECT] 
2026-05-06 08:39:25,289 [ERROR] LogOutputStream:75 - [STDERR_REDIRECT] [Fatal Error] :1:1: Premature end of file.
2026-05-06 08:39:25,289 [ERROR] LogOutputStream:75 - [STDERR_REDIRECT] 
2026-05-06 08:39:26,299 [ERROR] LogOutputStream:75 - [STDERR_REDIRECT] [Fatal Error] :1:1: Premature end of file.
2026-05-06 08:39:26,299 [ERROR] LogOutputStream:75 - [STDERR_REDIRECT] 
2026-05-06 08:39:27,300 [ERROR] LogOutputStream:75 - [STDERR_REDIRECT] [Fatal Error] :1:1: Premature end of file.
2026-05-06 08:39:27,300 [ERROR] LogOutputStream:75 - [STDERR_REDIRECT] 
2026-05-06 08:39:28,279 [ERROR] LogOutputStream:75 - [STDERR_REDIRECT] [Fatal Error] :1:1: Premature end of file.
2026-05-06 08:39:28,279 [ERROR] LogOutputStream:75 - [STDERR_REDIRECT] 
2026-05-06 08:39:28,446 [ERROR] ConfigurationRetriever:142 - IOException on connection: Connect timed out
2026-05-06 08:39:29,281 [ERROR] LogOutputStream:75 - [STDERR_REDIRECT] [Fatal Error] :1:1: Premature end of file.
2026-05-06 08:39:29,281 [ERROR] LogOutputStream:75 - [STDERR_REDIRECT] 
2026-05-06 08:39:30,294 [ERROR] LogOutputStream:75 - [STDERR_REDIRECT] [Fatal Error] :1:1: Premature end of file.
2026-05-06 08:39:30,294 [ERROR] LogOutputStream:75 - [STDERR_REDIRECT] 
2026-05-06 08:39:31,273 [ERROR] LogOutputStream:75 - [STDERR_REDIRECT] [Fatal Error] :1:1: Premature end of file.
2026-05-06 08:39:31,273 [ERROR] LogOutputStream:75 - [STDERR_REDIRECT] 
2026-05-06 08:39:32,294 [ERROR] LogOutputStream:75 - [STDERR_REDIRECT] [Fatal Error] :1:1: Premature end of file.
2026-05-06 08:39:32,294 [ERROR] LogOutputStream:75 - [STDERR_REDIRECT] 
2026-05-06 08:39:32,405 [ERROR] ConfigurationRetriever:142 - IOException on connection: Connect timed out
2026-05-06 08:39:33,288 [ERROR] LogOutputStream:75 - [STDERR_REDIRECT] [Fatal Error] :1:1: Premature end of file.
2026-05-06 08:39:33,288 [ERROR] LogOutputStream:75 - [STDERR_REDIRECT] 
2026-05-06 08:39:34,299 [ERROR] LogOutputStream:75 - [STDERR_REDIRECT] [Fatal Error] :1:1: Premature end of file.
2026-05-06 08:39:34,301 [ERROR] LogOutputStream:75 - [STDERR_REDIRECT] 
2026-05-06 08:39:34,408 [ERROR] ConfigurationRetriever:142 - IOException on connection: Connect timed out
2026-05-06 08:39:35,296 [ERROR] LogOutputStream:75 - [STDERR_REDIRECT] [Fatal Error] :1:1: Premature end of file.
2026-05-06 08:39:35,297 [ERROR] LogOutputStream:75 - [STDERR_REDIRECT] 
2026-05-06 08:39:36,298 [ERROR] LogOutputStream:75 - [STDERR_REDIRECT] [Fatal Error] :1:1: Premature end of file.
2026-05-06 08:39:36,299 [ERROR] LogOutputStream:75 - [STDERR_REDIRECT] 
2026-05-06 08:39:36,410 [ERROR] ConfigurationRetriever:142 - IOException on connection: Connect timed out
2026-05-06 08:39:37,297 [ERROR] LogOutputStream:75 - [STDERR_REDIRECT] [Fatal Error] :1:1: Premature end of file.
2026-05-06 08:39:37,297 [ERROR] LogOutputStream:75 - [STDERR_REDIRECT] 
2026-05-06 08:39:38,293 [ERROR] LogOutputStream:75 - [STDERR_REDIRECT] [Fatal Error] :1:1: Premature end of file.
2026-05-06 08:39:38,293 [ERROR] LogOutputStream:75 - [STDERR_REDIRECT] 
2026-05-06 08:39:38,464 [ERROR] ConfigurationRetriever:142 - IOException on connection: Connect timed out
2026-05-06 08:39:39,281 [ERROR] LogOutputStream:75 - [STDERR_REDIRECT] [Fatal Error] :1:1: Premature end of file.
2026-05-06 08:39:39,282 [ERROR] LogOutputStream:75 - [STDERR_REDIRECT] 
2026-05-06 08:39:40,286 [ERROR] LogOutputStream:75 - [STDERR_REDIRECT] [Fatal Error] :1:1: Premature end of file.
2026-05-06 08:39:40,287 [ERROR] LogOutputStream:75 - [STDERR_REDIRECT] 
2026-05-06 08:39:40,562 [ERROR] ConfigurationRetriever:142 - IOException on connection: Connect timed out
2026-05-06 08:39:41,299 [ERROR] LogOutputStream:75 - [STDERR_REDIRECT] [Fatal Error] :1:1: Premature end of file.
2026-05-06 08:39:41,299 [ERROR] LogOutputStream:75 - [STDERR_REDIRECT] 
2026-05-06 08:39:42,274 [ERROR] LogOutputStream:75 - [STDERR_REDIRECT] [Fatal Error] :1:1: Premature end of file.
2026-05-06 08:39:42,274 [ERROR] LogOutputStream:75 - [STDERR_REDIRECT] 
2026-05-06 08:39:42,564 [ERROR] ConfigurationRetriever:142 - IOException on connection: Connect timed out
2026-05-06 08:39:43,273 [ERROR] LogOutputStream:75 - [STDERR_REDIRECT] [Fatal Error] :1:1: Premature end of file.
2026-05-06 08:39:43,273 [ERROR] LogOutputStream:75 - [STDERR_REDIRECT] 
2026-05-06 08:39:44,273 [ERROR] LogOutputStream:75 - [STDERR_REDIRECT] [Fatal Error] :1:1: Premature end of file.
2026-05-06 08:39:44,273 [ERROR] LogOutputStream:75 - [STDERR_REDIRECT] 
2026-05-06 08:39:45,274 [ERROR] LogOutputStream:75 - [STDERR_REDIRECT] [Fatal Error] :1:1: Premature end of file.
2026-05-06 08:39:45,274 [ERROR] LogOutputStream:75 - [STDERR_REDIRECT] 
2026-05-06 08:39:46,285 [ERROR] LogOutputStream:75 - [STDERR_REDIRECT] [Fatal Error] :1:1: Premature end of file.
2026-05-06 08:39:46,285 [ERROR] LogOutputStream:75 - [STDERR_REDIRECT] 
2026-05-06 08:39:47,292 [ERROR] LogOutputStream:75 - [STDERR_REDIRECT] [Fatal Error] :1:1: Premature end of file.
2026-05-06 08:39:47,294 [ERROR] LogOutputStream:75 - [STDERR_REDIRECT] 
2026-05-06 08:39:48,301 [ERROR] LogOutputStream:75 - [STDERR_REDIRECT] [Fatal Error] :1:1: Premature end of file.
2026-05-06 08:39:48,301 [ERROR] LogOutputStream:75 - [STDERR_REDIRECT] 
2026-05-06 08:39:49,299 [ERROR] LogOutputStream:75 - [STDERR_REDIRECT] [Fatal Error] :1:1: Premature end of file.
2026-05-06 08:39:49,299 [ERROR] LogOutputStream:75 - [STDERR_REDIRECT] 
2026-05-06 08:39:50,293 [ERROR] LogOutputStream:75 - [STDERR_REDIRECT] [Fatal Error] :1:1: Premature end of file.
2026-05-06 08:39:50,293 [ERROR] LogOutputStream:75 - [STDERR_REDIRECT] 
2026-05-06 08:39:51,297 [ERROR] LogOutputStream:75 - [STDERR_REDIRECT] [Fatal Error] :1:1: Premature end of file.
2026-05-06 08:39:51,298 [ERROR] LogOutputStream:75 - [STDERR_REDIRECT] 
2026-05-06 08:39:52,296 [ERROR] LogOutputStream:75 - [STDERR_REDIRECT] [Fatal Error] :1:1: Premature end of file.
2026-05-06 08:39:52,296 [ERROR] LogOutputStream:75 - [STDERR_REDIRECT] 
2026-05-06 08:39:53,296 [ERROR] LogOutputStream:75 - [STDERR_REDIRECT] [Fatal Error] :1:1: Premature end of file.
2026-05-06 08:39:53,297 [ERROR] LogOutputStream:75 - [STDERR_REDIRECT] 
2026-05-06 08:39:54,299 [ERROR] LogOutputStream:75 - [STDERR_REDIRECT] [Fatal Error] :1:1: Premature end of file.
2026-05-06 08:39:54,299 [ERROR] LogOutputStream:75 - [STDERR_REDIRECT] 
2026-05-06 08:39:55,299 [ERROR] LogOutputStream:75 - [STDERR_REDIRECT] [Fatal Error] :1:1: Premature end of file.
2026-05-06 08:39:55,299 [ERROR] LogOutputStream:75 - [STDERR_REDIRECT] 
2026-05-06 08:39:56,298 [ERROR] LogOutputStream:75 - [STDERR_REDIRECT] [Fatal Error] :1:1: Premature end of file.
2026-05-06 08:39:56,298 [ERROR] LogOutputStream:75 - [STDERR_REDIRECT] 
2026-05-06 08:39:57,273 [ERROR] LogOutputStream:75 - [STDERR_REDIRECT] [Fatal Error] :1:1: Premature end of file.
2026-05-06 08:39:57,273 [ERROR] LogOutputStream:75 - [STDERR_REDIRECT] 
2026-05-06 08:39:58,272 [ERROR] LogOutputStream:75 - [STDERR_REDIRECT] [Fatal Error] :1:1: Premature end of file.
2026-05-06 08:39:58,273 [ERROR] LogOutputStream:75 - [STDERR_REDIRECT] 
2026-05-06 08:39:59,275 [ERROR] LogOutputStream:75 - [STDERR_REDIRECT] [Fatal Error] :1:1: Premature end of file.
2026-05-06 08:39:59,275 [ERROR] LogOutputStream:75 - [STDERR_REDIRECT] 
2026-05-06 08:40:00,275 [ERROR] LogOutputStream:75 - [STDERR_REDIRECT] [Fatal Error] :1:1: Premature end of file.
2026-05-06 08:40:00,275 [ERROR] LogOutputStream:75 - [STDERR_REDIRECT] 
2026-05-06 08:40:01,271 [ERROR] LogOutputStream:75 - [STDERR_REDIRECT] [Fatal Error] :1:1: Premature end of file.
2026-05-06 08:40:01,272 [ERROR] LogOutputStream:75 - [STDERR_REDIRECT] 
2026-05-06 08:40:02,274 [ERROR] LogOutputStream:75 - [STDERR_REDIRECT] [Fatal Error] :1:1: Premature end of file.
2026-05-06 08:40:02,274 [ERROR] LogOutputStream:75 - [STDERR_REDIRECT] 
2026-05-06 08:40:03,277 [ERROR] LogOutputStream:75 - [STDERR_REDIRECT] [Fatal Error] :1:1: Premature end of file.
2026-05-06 08:40:03,277 [ERROR] LogOutputStream:75 - [STDERR_REDIRECT] 
2026-05-06 08:40:04,296 [ERROR] LogOutputStream:75 - [STDERR_REDIRECT] [Fatal Error] :1:1: Premature end of file.
2026-05-06 08:40:04,296 [ERROR] LogOutputStream:75 - [STDERR_REDIRECT] 
2026-05-06 08:40:05,304 [ERROR] LogOutputStream:75 - [STDERR_REDIRECT] [Fatal Error] :1:1: Premature end of file.
2026-05-06 08:40:05,304 [ERROR] LogOutputStream:75 - [STDERR_REDIRECT] 
2026-05-06 08:40:06,304 [ERROR] LogOutputStream:75 - [STDERR_REDIRECT] [Fatal Error] :1:1: Premature end of file.
2026-05-06 08:40:06,304 [ERROR] LogOutputStream:75 - [STDERR_REDIRECT] 
2026-05-06 08:40:07,299 [ERROR] LogOutputStream:75 - [STDERR_REDIRECT] [Fatal Error] :1:1: Premature end of file.
2026-05-06 08:40:07,300 [ERROR] LogOutputStream:75 - [STDERR_REDIRECT] 
2026-05-06 08:40:08,299 [ERROR] LogOutputStream:75 - [STDERR_REDIRECT] [Fatal Error] :1:1: Premature end of file.
2026-05-06 08:40:08,299 [ERROR] LogOutputStream:75 - [STDERR_REDIRECT] 
2026-05-06 08:40:09,300 [ERROR] LogOutputStream:75 - [STDERR_REDIRECT] [Fatal Error] :1:1: Premature end of file.
2026-05-06 08:40:09,300 [ERROR] LogOutputStream:75 - [STDERR_REDIRECT] 
2026-05-06 08:40:10,293 [ERROR] LogOutputStream:75 - [STDERR_REDIRECT] [Fatal Error] :1:1: Premature end of file.
2026-05-06 08:40:10,293 [ERROR] LogOutputStream:75 - [STDERR_REDIRECT] 
2026-05-06 08:40:11,300 [ERROR] LogOutputStream:75 - [STDERR_REDIRECT] [Fatal Error] :1:1: Premature end of file.
2026-05-06 08:40:11,300 [ERROR] LogOutputStream:75 - [STDERR_REDIRECT] 
2026-05-06 08:40:12,296 [ERROR] LogOutputStream:75 - [STDERR_REDIRECT] [Fatal Error] :1:1: Premature end of file.
2026-05-06 08:40:12,298 [ERROR] LogOutputStream:75 - [STDERR_REDIRECT] 
2026-05-06 08:40:13,304 [ERROR] LogOutputStream:75 - [STDERR_REDIRECT] [Fatal Error] :1:1: Premature end of file.
2026-05-06 08:40:13,305 [ERROR] LogOutputStream:75 - [STDERR_REDIRECT] 
2026-05-06 08:40:14,297 [ERROR] LogOutputStream:75 - [STDERR_REDIRECT] [Fatal Error] :1:1: Premature end of file.
2026-05-06 08:40:14,297 [ERROR] LogOutputStream:75 - [STDERR_REDIRECT] 
2026-05-06 08:40:15,293 [ERROR] LogOutputStream:75 - [STDERR_REDIRECT] [Fatal Error] :1:1: Premature end of file.
2026-05-06 08:40:15,293 [ERROR] LogOutputStream:75 - [STDERR_REDIRECT] 
2026-05-06 08:40:16,299 [ERROR] LogOutputStream:75 - [STDERR_REDIRECT] [Fatal Error] :1:1: Premature end of file.
2026-05-06 08:40:16,299 [ERROR] LogOutputStream:75 - [STDERR_REDIRECT] 
2026-05-06 08:40:17,290 [ERROR] LogOutputStream:75 - [STDERR_REDIRECT] [Fatal Error] :1:1: Premature end of file.
2026-05-06 08:40:17,290 [ERROR] LogOutputStream:75 - [STDERR_REDIRECT] 
2026-05-06 08:40:18,299 [ERROR] LogOutputStream:75 - [STDERR_REDIRECT] [Fatal Error] :1:1: Premature end of file.
2026-05-06 08:40:18,299 [ERROR] LogOutputStream:75 - [STDERR_REDIRECT] 
2026-05-06 08:40:19,297 [ERROR] LogOutputStream:75 - [STDERR_REDIRECT] [Fatal Error] :1:1: Premature end of file.
2026-05-06 08:40:19,297 [ERROR] LogOutputStream:75 - [STDERR_REDIRECT] 
2026-05-06 08:40:20,296 [ERROR] LogOutputStream:75 - [STDERR_REDIRECT] [Fatal Error] :1:1: Premature end of file.
2026-05-06 08:40:20,296 [ERROR] LogOutputStream:75 - [STDERR_REDIRECT] 
2026-05-06 08:40:21,297 [ERROR] LogOutputStream:75 - [STDERR_REDIRECT] [Fatal Error] :1:1: Premature end of file.
2026-05-06 08:40:21,297 [ERROR] LogOutputStream:75 - [STDERR_REDIRECT] 
2026-05-06 08:40:22,293 [ERROR] LogOutputStream:75 - [STDERR_REDIRECT] [Fatal Error] :1:1: Premature end of file.
2026-05-06 08:40:22,294 [ERROR] LogOutputStream:75 - [STDERR_REDIRECT] 
2026-05-06 08:40:23,289 [ERROR] LogOutputStream:75 - [STDERR_REDIRECT] [Fatal Error] :1:1: Premature end of file.
2026-05-06 08:40:23,289 [ERROR] LogOutputStream:75 - [STDERR_REDIRECT] 
2026-05-06 08:40:24,295 [ERROR] LogOutputStream:75 - [STDERR_REDIRECT] [Fatal Error] :1:1: Premature end of file.
2026-05-06 08:40:24,295 [ERROR] LogOutputStream:75 - [STDERR_REDIRECT] 
2026-05-06 08:40:25,298 [ERROR] LogOutputStream:75 - [STDERR_REDIRECT] [Fatal Error] :1:1: Premature end of file.
2026-05-06 08:40:25,299 [ERROR] LogOutputStream:75 - [STDERR_REDIRECT] 
2026-05-06 08:40:26,305 [ERROR] LogOutputStream:75 - [STDERR_REDIRECT] [Fatal Error] :1:1: Premature end of file.
2026-05-06 08:40:26,305 [ERROR] LogOutputStream:75 - [STDERR_REDIRECT] 
2026-05-06 08:40:27,301 [ERROR] LogOutputStream:75 - [STDERR_REDIRECT] [Fatal Error] :1:1: Premature end of file.
2026-05-06 08:40:27,302 [ERROR] LogOutputStream:75 - [STDERR_REDIRECT] 
2026-05-06 08:40:28,299 [ERROR] LogOutputStream:75 - [STDERR_REDIRECT] [Fatal Error] :1:1: Premature end of file.
2026-05-06 08:40:28,300 [ERROR] LogOutputStream:75 - [STDERR_REDIRECT] 
2026-05-06 08:40:29,296 [ERROR] LogOutputStream:75 - [STDERR_REDIRECT] [Fatal Error] :1:1: Premature end of file.
2026-05-06 08:40:29,296 [ERROR] LogOutputStream:75 - [STDERR_REDIRECT] 
2026-05-06 08:40:30,297 [ERROR] LogOutputStream:75 - [STDERR_REDIRECT] [Fatal Error] :1:1: Premature end of file.
2026-05-06 08:40:30,297 [ERROR] LogOutputStream:75 - [STDERR_REDIRECT] 
2026-05-06 08:40:31,297 [ERROR] LogOutputStream:75 - [STDERR_REDIRECT] [Fatal Error] :1:1: Premature end of file.
2026-05-06 08:40:31,297 [ERROR] LogOutputStream:75 - [STDERR_REDIRECT] 
2026-05-06 08:40:32,294 [ERROR] LogOutputStream:75 - [STDERR_REDIRECT] [Fatal Error] :1:1: Premature end of file.
2026-05-06 08:40:32,295 [ERROR] LogOutputStream:75 - [STDERR_REDIRECT] 
2026-05-06 08:40:33,301 [ERROR] LogOutputStream:75 - [STDERR_REDIRECT] [Fatal Error] :1:1: Premature end of file.
2026-05-06 08:40:33,302 [ERROR] LogOutputStream:75 - [STDERR_REDIRECT] 
2026-05-06 08:40:34,293 [ERROR] LogOutputStream:75 - [STDERR_REDIRECT] [Fatal Error] :1:1: Premature end of file.
2026-05-06 08:40:34,293 [ERROR] LogOutputStream:75 - [STDERR_REDIRECT] 
2026-05-06 08:40:35,300 [ERROR] LogOutputStream:75 - [STDERR_REDIRECT] [Fatal Error] :1:1: Premature end of file.
2026-05-06 08:40:35,300 [ERROR] LogOutputStream:75 - [STDERR_REDIRECT] 
2026-05-06 08:40:36,303 [ERROR] LogOutputStream:75 - [STDERR_REDIRECT] [Fatal Error] :1:1: Premature end of file.
2026-05-06 08:40:36,303 [ERROR] LogOutputStream:75 - [STDERR_REDIRECT] 
2026-05-06 08:40:37,298 [ERROR] LogOutputStream:75 - [STDERR_REDIRECT] [Fatal Error] :1:1: Premature end of file.
2026-05-06 08:40:37,298 [ERROR] LogOutputStream:75 - [STDERR_REDIRECT] 
2026-05-06 08:40:38,300 [ERROR] LogOutputStream:75 - [STDERR_REDIRECT] [Fatal Error] :1:1: Premature end of file.
2026-05-06 08:40:38,300 [ERROR] LogOutputStream:75 - [STDERR_REDIRECT] 
2026-05-06 08:40:39,301 [ERROR] LogOutputStream:75 - [STDERR_REDIRECT] [Fatal Error] :1:1: Premature end of file.
2026-05-06 08:40:39,301 [ERROR] LogOutputStream:75 - [STDERR_REDIRECT] 
2026-05-06 08:40:40,298 [ERROR] LogOutputStream:75 - [STDERR_REDIRECT] [Fatal Error] :1:1: Premature end of file.
2026-05-06 08:40:40,298 [ERROR] LogOutputStream:75 - [STDERR_REDIRECT] 
2026-05-06 08:40:41,298 [ERROR] LogOutputStream:75 - [STDERR_REDIRECT] [Fatal Error] :1:1: Premature end of file.
2026-05-06 08:40:41,298 [ERROR] LogOutputStream:75 - [STDERR_REDIRECT] 
2026-05-06 08:40:42,295 [ERROR] LogOutputStream:75 - [STDERR_REDIRECT] [Fatal Error] :1:1: Premature end of file.
2026-05-06 08:40:42,296 [ERROR] LogOutputStream:75 - [STDERR_REDIRECT] 
2026-05-06 08:40:43,297 [ERROR] LogOutputStream:75 - [STDERR_REDIRECT] [Fatal Error] :1:1: Premature end of file.
2026-05-06 08:40:43,297 [ERROR] LogOutputStream:75 - [STDERR_REDIRECT] 
2026-05-06 08:40:44,294 [ERROR] LogOutputStream:75 - [STDERR_REDIRECT] [Fatal Error] :1:1: Premature end of file.
2026-05-06 08:40:44,294 [ERROR] LogOutputStream:75 - [STDERR_REDIRECT] 
2026-05-06 08:40:45,293 [ERROR] LogOutputStream:75 - [STDERR_REDIRECT] [Fatal Error] :1:1: Premature end of file.
2026-05-06 08:40:45,293 [ERROR] LogOutputStream:75 - [STDERR_REDIRECT] 
2026-05-06 08:40:46,290 [ERROR] LogOutputStream:75 - [STDERR_REDIRECT] [Fatal Error] :1:1: Premature end of file.
2026-05-06 08:40:46,290 [ERROR] LogOutputStream:75 - [STDERR_REDIRECT] 
2026-05-06 08:40:47,303 [ERROR] LogOutputStream:75 - [STDERR_REDIRECT] [Fatal Error] :1:1: Premature end of file.
2026-05-06 08:40:47,303 [ERROR] LogOutputStream:75 - [STDERR_REDIRECT] 
2026-05-06 08:40:48,274 [ERROR] LogOutputStream:75 - [STDERR_REDIRECT] [Fatal Error] :1:1: Premature end of file.
2026-05-06 08:40:48,274 [ERROR] LogOutputStream:75 - [STDERR_REDIRECT] 
2026-05-06 08:40:49,270 [ERROR] LogOutputStream:75 - [STDERR_REDIRECT] [Fatal Error] :1:1: Premature end of file.
2026-05-06 08:40:49,270 [ERROR] LogOutputStream:75 - [STDERR_REDIRECT] 
2026-05-06 08:40:50,274 [ERROR] LogOutputStream:75 - [STDERR_REDIRECT] [Fatal Error] :1:1: Premature end of file.
2026-05-06 08:40:50,274 [ERROR] LogOutputStream:75 - [STDERR_REDIRECT] 
2026-05-06 08:40:51,295 [ERROR] LogOutputStream:75 - [STDERR_REDIRECT] [Fatal Error] :1:1: Premature end of file.
2026-05-06 08:40:51,295 [ERROR] LogOutputStream:75 - [STDERR_REDIRECT] 
2026-05-06 08:40:52,274 [ERROR] LogOutputStream:75 - [STDERR_REDIRECT] [Fatal Error] :1:1: Premature end of file.
2026-05-06 08:40:52,274 [ERROR] LogOutputStream:75 - [STDERR_REDIRECT] 
2026-05-06 08:40:53,293 [ERROR] LogOutputStream:75 - [STDERR_REDIRECT] [Fatal Error] :1:1: Premature end of file.
2026-05-06 08:40:53,294 [ERROR] LogOutputStream:75 - [STDERR_REDIRECT] 
2026-05-06 08:40:54,293 [ERROR] LogOutputStream:75 - [STDERR_REDIRECT] [Fatal Error] :1:1: Premature end of file.
2026-05-06 08:40:54,293 [ERROR] LogOutputStream:75 - [STDERR_REDIRECT] 
2026-05-06 08:40:55,296 [ERROR] LogOutputStream:75 - [STDERR_REDIRECT] [Fatal Error] :1:1: Premature end of file.
2026-05-06 08:40:55,297 [ERROR] LogOutputStream:75 - [STDERR_REDIRECT] 
2026-05-06 08:40:56,302 [ERROR] LogOutputStream:75 - [STDERR_REDIRECT] [Fatal Error] :1:1: Premature end of file.
2026-05-06 08:40:56,302 [ERROR] LogOutputStream:75 - [STDERR_REDIRECT] 
2026-05-06 08:40:57,302 [ERROR] LogOutputStream:75 - [STDERR_REDIRECT] [Fatal Error] :1:1: Premature end of file.
2026-05-06 08:40:57,302 [ERROR] LogOutputStream:75 - [STDERR_REDIRECT] 
2026-05-06 08:40:58,289 [ERROR] LogOutputStream:75 - [STDERR_REDIRECT] [Fatal Error] :1:1: Premature end of file.
2026-05-06 08:40:58,289 [ERROR] LogOutputStream:75 - [STDERR_REDIRECT] 
2026-05-06 08:40:59,288 [ERROR] LogOutputStream:75 - [STDERR_REDIRECT] [Fatal Error] :1:1: Premature end of file.
2026-05-06 08:40:59,288 [ERROR] LogOutputStream:75 - [STDERR_REDIRECT] 
2026-05-06 08:41:00,297 [ERROR] LogOutputStream:75 - [STDERR_REDIRECT] [Fatal Error] :1:1: Premature end of file.
2026-05-06 08:41:00,297 [ERROR] LogOutputStream:75 - [STDERR_REDIRECT] 
2026-05-06 08:41:01,305 [ERROR] LogOutputStream:75 - [STDERR_REDIRECT] [Fatal Error] :1:1: Premature end of file.
2026-05-06 08:41:01,305 [ERROR] LogOutputStream:75 - [STDERR_REDIRECT] 
2026-05-06 08:41:02,302 [ERROR] LogOutputStream:75 - [STDERR_REDIRECT] [Fatal Error] :1:1: Premature end of file.
2026-05-06 08:41:02,302 [ERROR] LogOutputStream:75 - [STDERR_REDIRECT] 
2026-05-06 08:41:03,308 [ERROR] LogOutputStream:75 - [STDERR_REDIRECT] [Fatal Error] :1:1: Premature end of file.
2026-05-06 08:41:03,308 [ERROR] LogOutputStream:75 - [STDERR_REDIRECT] 
2026-05-06 08:41:04,294 [ERROR] LogOutputStream:75 - [STDERR_REDIRECT] [Fatal Error] :1:1: Premature end of file.
2026-05-06 08:41:04,294 [ERROR] LogOutputStream:75 - [STDERR_REDIRECT] 
2026-05-06 08:41:05,303 [ERROR] LogOutputStream:75 - [STDERR_REDIRECT] [Fatal Error] :1:1: Premature end of file.
2026-05-06 08:41:05,303 [ERROR] LogOutputStream:75 - [STDERR_REDIRECT] 
2026-05-06 08:41:06,292 [ERROR] LogOutputStream:75 - [STDERR_REDIRECT] [Fatal Error] :1:1: Premature end of file.
2026-05-06 08:41:06,292 [ERROR] LogOutputStream:75 - [STDERR_REDIRECT] 
2026-05-06 08:41:07,298 [ERROR] LogOutputStream:75 - [STDERR_REDIRECT] [Fatal Error] :1:1: Premature end of file.
2026-05-06 08:41:07,298 [ERROR] LogOutputStream:75 - [STDERR_REDIRECT] 
2026-05-06 08:41:08,302 [ERROR] LogOutputStream:75 - [STDERR_REDIRECT] [Fatal Error] :1:1: Premature end of file.
2026-05-06 08:41:08,303 [ERROR] LogOutputStream:75 - [STDERR_REDIRECT] 
2026-05-06 08:41:09,287 [ERROR] LogOutputStream:75 - [STDERR_REDIRECT] [Fatal Error] :1:1: Premature end of file.
2026-05-06 08:41:09,288 [ERROR] LogOutputStream:75 - [STDERR_REDIRECT] 
2026-05-06 08:41:10,278 [ERROR] LogOutputStream:75 - [STDERR_REDIRECT] [Fatal Error] :1:1: Premature end of file.
2026-05-06 08:41:10,278 [ERROR] LogOutputStream:75 - [STDERR_REDIRECT] 
2026-05-06 08:41:11,290 [ERROR] LogOutputStream:75 - [STDERR_REDIRECT] [Fatal Error] :1:1: Premature end of file.
2026-05-06 08:41:11,290 [ERROR] LogOutputStream:75 - [STDERR_REDIRECT] 
2026-05-06 08:41:12,284 [ERROR] LogOutputStream:75 - [STDERR_REDIRECT] [Fatal Error] :1:1: Premature end of file.
2026-05-06 08:41:12,285 [ERROR] LogOutputStream:75 - [STDERR_REDIRECT] 
2026-05-06 08:41:13,302 [ERROR] LogOutputStream:75 - [STDERR_REDIRECT] [Fatal Error] :1:1: Premature end of file.
2026-05-06 08:41:13,302 [ERROR] LogOutputStream:75 - [STDERR_REDIRECT] 
2026-05-06 08:41:14,301 [ERROR] LogOutputStream:75 - [STDERR_REDIRECT] [Fatal Error] :1:1: Premature end of file.
2026-05-06 08:41:14,302 [ERROR] LogOutputStream:75 - [STDERR_REDIRECT] 
2026-05-06 08:41:15,300 [ERROR] LogOutputStream:75 - [STDERR_REDIRECT] [Fatal Error] :1:1: Premature end of file.
2026-05-06 08:41:15,301 [ERROR] LogOutputStream:75 - [STDERR_REDIRECT] 
2026-05-06 08:41:16,300 [ERROR] LogOutputStream:75 - [STDERR_REDIRECT] [Fatal Error] :1:1: Premature end of file.
2026-05-06 08:41:16,301 [ERROR] LogOutputStream:75 - [STDERR_REDIRECT] 
2026-05-06 08:41:17,297 [ERROR] LogOutputStream:75 - [STDERR_REDIRECT] [Fatal Error] :1:1: Premature end of file.
2026-05-06 08:41:17,298 [ERROR] LogOutputStream:75 - [STDERR_REDIRECT] 
2026-05-06 08:41:18,302 [ERROR] LogOutputStream:75 - [STDERR_REDIRECT] [Fatal Error] :1:1: Premature end of file.
2026-05-06 08:41:18,302 [ERROR] LogOutputStream:75 - [STDERR_REDIRECT] 
2026-05-06 08:41:19,300 [ERROR] LogOutputStream:75 - [STDERR_REDIRECT] [Fatal Error] :1:1: Premature end of file.
2026-05-06 08:41:19,300 [ERROR] LogOutputStream:75 - [STDERR_REDIRECT] 
2026-05-06 08:41:20,299 [ERROR] LogOutputStream:75 - [STDERR_REDIRECT] [Fatal Error] :1:1: Premature end of file.
2026-05-06 08:41:20,300 [ERROR] LogOutputStream:75 - [STDERR_REDIRECT] 
2026-05-06 08:41:21,296 [ERROR] LogOutputStream:75 - [STDERR_REDIRECT] [Fatal Error] :1:1: Premature end of file.
2026-05-06 08:41:21,297 [ERROR] LogOutputStream:75 - [STDERR_REDIRECT] 
2026-05-06 08:41:22,293 [ERROR] LogOutputStream:75 - [STDERR_REDIRECT] [Fatal Error] :1:1: Premature end of file.
2026-05-06 08:41:22,293 [ERROR] LogOutputStream:75 - [STDERR_REDIRECT] 
2026-05-06 08:41:23,299 [ERROR] LogOutputStream:75 - [STDERR_REDIRECT] [Fatal Error] :1:1: Premature end of file.
2026-05-06 08:41:23,300 [ERROR] LogOutputStream:75 - [STDERR_REDIRECT] 
2026-05-06 08:41:24,288 [ERROR] LogOutputStream:75 - [STDERR_REDIRECT] [Fatal Error] :1:1: Premature end of file.
2026-05-06 08:41:24,290 [ERROR] LogOutputStream:75 - [STDERR_REDIRECT] 
2026-05-06 08:41:25,308 [ERROR] LogOutputStream:75 - [STDERR_REDIRECT] [Fatal Error] :1:1: Premature end of file.
2026-05-06 08:41:25,308 [ERROR] LogOutputStream:75 - [STDERR_REDIRECT] 
2026-05-06 08:41:26,306 [ERROR] LogOutputStream:75 - [STDERR_REDIRECT] [Fatal Error] :1:1: Premature end of file.
2026-05-06 08:41:26,306 [ERROR] LogOutputStream:75 - [STDERR_REDIRECT] 
2026-05-06 08:41:27,293 [ERROR] LogOutputStream:75 - [STDERR_REDIRECT] [Fatal Error] :1:1: Premature end of file.
2026-05-06 08:41:27,293 [ERROR] LogOutputStream:75 - [STDERR_REDIRECT] 
2026-05-06 08:41:28,295 [ERROR] LogOutputStream:75 - [STDERR_REDIRECT] [Fatal Error] :1:1: Premature end of file.
2026-05-06 08:41:28,296 [ERROR] LogOutputStream:75 - [STDERR_REDIRECT] 
2026-05-06 08:41:29,300 [ERROR] LogOutputStream:75 - [STDERR_REDIRECT] [Fatal Error] :1:1: Premature end of file.
2026-05-06 08:41:29,301 [ERROR] LogOutputStream:75 - [STDERR_REDIRECT] 
2026-05-06 08:41:30,304 [ERROR] LogOutputStream:75 - [STDERR_REDIRECT] [Fatal Error] :1:1: Premature end of file.
2026-05-06 08:41:30,304 [ERROR] LogOutputStream:75 - [STDERR_REDIRECT] 
2026-05-06 08:41:31,303 [ERROR] LogOutputStream:75 - [STDERR_REDIRECT] [Fatal Error] :1:1: Premature end of file.
2026-05-06 08:41:31,304 [ERROR] LogOutputStream:75 - [STDERR_REDIRECT] 
2026-05-06 08:41:32,304 [ERROR] LogOutputStream:75 - [STDERR_REDIRECT] [Fatal Error] :1:1: Premature end of file.
2026-05-06 08:41:32,305 [ERROR] LogOutputStream:75 - [STDERR_REDIRECT] 
2026-05-06 08:41:33,299 [ERROR] LogOutputStream:75 - [STDERR_REDIRECT] [Fatal Error] :1:1: Premature end of file.
2026-05-06 08:41:33,299 [ERROR] LogOutputStream:75 - [STDERR_REDIRECT] 
2026-05-06 08:41:34,299 [ERROR] LogOutputStream:75 - [STDERR_REDIRECT] [Fatal Error] :1:1: Premature end of file.
2026-05-06 08:41:34,299 [ERROR] LogOutputStream:75 - [STDERR_REDIRECT] 
2026-05-06 08:41:35,304 [ERROR] LogOutputStream:75 - [STDERR_REDIRECT] [Fatal Error] :1:1: Premature end of file.
2026-05-06 08:41:35,304 [ERROR] LogOutputStream:75 - [STDERR_REDIRECT] 
2026-05-06 08:41:36,299 [ERROR] LogOutputStream:75 - [STDERR_REDIRECT] [Fatal Error] :1:1: Premature end of file.
2026-05-06 08:41:36,300 [ERROR] LogOutputStream:75 - [STDERR_REDIRECT] 
2026-05-06 08:41:37,290 [ERROR] LogOutputStream:75 - [STDERR_REDIRECT] [Fatal Error] :1:1: Premature end of file.
2026-05-06 08:41:37,291 [ERROR] LogOutputStream:75 - [STDERR_REDIRECT] 
2026-05-06 08:41:38,312 [ERROR] LogOutputStream:75 - [STDERR_REDIRECT] [Fatal Error] :1:1: Premature end of file.
2026-05-06 08:41:38,312 [ERROR] LogOutputStream:75 - [STDERR_REDIRECT] 
2026-05-06 08:41:39,295 [ERROR] LogOutputStream:75 - [STDERR_REDIRECT] [Fatal Error] :1:1: Premature end of file.
2026-05-06 08:41:39,295 [ERROR] LogOutputStream:75 - [STDERR_REDIRECT] 
2026-05-06 08:41:40,292 [ERROR] LogOutputStream:75 - [STDERR_REDIRECT] [Fatal Error] :1:1: Premature end of file.
2026-05-06 08:41:40,292 [ERROR] LogOutputStream:75 - [STDERR_REDIRECT] 
2026-05-06 08:41:41,296 [ERROR] LogOutputStream:75 - [STDERR_REDIRECT] [Fatal Error] :1:1: Premature end of file.
2026-05-06 08:41:41,296 [ERROR] LogOutputStream:75 - [STDERR_REDIRECT] 
2026-05-06 08:41:42,301 [ERROR] LogOutputStream:75 - [STDERR_REDIRECT] [Fatal Error] :1:1: Premature end of file.
2026-05-06 08:41:42,301 [ERROR] LogOutputStream:75 - [STDERR_REDIRECT] 
2026-05-06 08:41:43,306 [ERROR] LogOutputStream:75 - [STDERR_REDIRECT] [Fatal Error] :1:1: Premature end of file.
2026-05-06 08:41:43,306 [ERROR] LogOutputStream:75 - [STDERR_REDIRECT] 
2026-05-06 08:41:44,308 [ERROR] LogOutputStream:75 - [STDERR_REDIRECT] [Fatal Error] :1:1: Premature end of file.
2026-05-06 08:41:44,308 [ERROR] LogOutputStream:75 - [STDERR_REDIRECT] 
2026-05-06 08:41:45,302 [ERROR] LogOutputStream:75 - [STDERR_REDIRECT] [Fatal Error] :1:1: Premature end of file.
2026-05-06 08:41:45,303 [ERROR] LogOutputStream:75 - [STDERR_REDIRECT] 
2026-05-06 08:41:46,289 [ERROR] LogOutputStream:75 - [STDERR_REDIRECT] [Fatal Error] :1:1: Premature end of file.
2026-05-06 08:41:46,289 [ERROR] LogOutputStream:75 - [STDERR_REDIRECT] 
2026-05-06 08:41:47,298 [ERROR] LogOutputStream:75 - [STDERR_REDIRECT] [Fatal Error] :1:1: Premature end of file.
2026-05-06 08:41:47,299 [ERROR] LogOutputStream:75 - [STDERR_REDIRECT] 
2026-05-06 08:41:48,300 [ERROR] LogOutputStream:75 - [STDERR_REDIRECT] [Fatal Error] :1:1: Premature end of file.
2026-05-06 08:41:48,300 [ERROR] LogOutputStream:75 - [STDERR_REDIRECT] 
2026-05-06 08:41:49,303 [ERROR] LogOutputStream:75 - [STDERR_REDIRECT] [Fatal Error] :1:1: Premature end of file.
2026-05-06 08:41:49,303 [ERROR] LogOutputStream:75 - [STDERR_REDIRECT] 
2026-05-06 08:41:50,308 [ERROR] LogOutputStream:75 - [STDERR_REDIRECT] [Fatal Error] :1:1: Premature end of file.
2026-05-06 08:41:50,308 [ERROR] LogOutputStream:75 - [STDERR_REDIRECT] 
2026-05-06 08:41:51,290 [ERROR] LogOutputStream:75 - [STDERR_REDIRECT] [Fatal Error] :1:1: Premature end of file.
2026-05-06 08:41:51,290 [ERROR] LogOutputStream:75 - [STDERR_REDIRECT] 
2026-05-06 08:41:52,308 [ERROR] LogOutputStream:75 - [STDERR_REDIRECT] [Fatal Error] :1:1: Premature end of file.
2026-05-06 08:41:52,308 [ERROR] LogOutputStream:75 - [STDERR_REDIRECT] 
2026-05-06 08:41:53,307 [ERROR] LogOutputStream:75 - [STDERR_REDIRECT] [Fatal Error] :1:1: Premature end of file.
2026-05-06 08:41:53,308 [ERROR] LogOutputStream:75 - [STDERR_REDIRECT] 
2026-05-06 08:41:54,306 [ERROR] LogOutputStream:75 - [STDERR_REDIRECT] [Fatal Error] :1:1: Premature end of file.
2026-05-06 08:41:54,307 [ERROR] LogOutputStream:75 - [STDERR_REDIRECT] 
2026-05-06 08:41:55,284 [ERROR] LogOutputStream:75 - [STDERR_REDIRECT] [Fatal Error] :1:1: Premature end of file.
2026-05-06 08:41:55,284 [ERROR] LogOutputStream:75 - [STDERR_REDIRECT] 
2026-05-06 08:41:56,276 [ERROR] LogOutputStream:75 - [STDERR_REDIRECT] [Fatal Error] :1:1: Premature end of file.
2026-05-06 08:41:56,277 [ERROR] LogOutputStream:75 - [STDERR_REDIRECT] 
2026-05-06 08:41:57,301 [ERROR] LogOutputStream:75 - [STDERR_REDIRECT] [Fatal Error] :1:1: Premature end of file.
2026-05-06 08:41:57,301 [ERROR] LogOutputStream:75 - [STDERR_REDIRECT] 
2026-05-06 08:41:58,275 [ERROR] LogOutputStream:75 - [STDERR_REDIRECT] [Fatal Error] :1:1: Premature end of file.
2026-05-06 08:41:58,275 [ERROR] LogOutputStream:75 - [STDERR_REDIRECT] 
2026-05-06 08:41:59,289 [ERROR] LogOutputStream:75 - [STDERR_REDIRECT] [Fatal Error] :1:1: Premature end of file.
2026-05-06 08:41:59,289 [ERROR] LogOutputStream:75 - [STDERR_REDIRECT] 
2026-05-06 08:42:00,298 [ERROR] LogOutputStream:75 - [STDERR_REDIRECT] [Fatal Error] :1:1: Premature end of file.
2026-05-06 08:42:00,299 [ERROR] LogOutputStream:75 - [STDERR_REDIRECT] 
2026-05-06 08:42:01,295 [ERROR] LogOutputStream:75 - [STDERR_REDIRECT] [Fatal Error] :1:1: Premature end of file.
2026-05-06 08:42:01,295 [ERROR] LogOutputStream:75 - [STDERR_REDIRECT] 
2026-05-06 08:42:02,302 [ERROR] LogOutputStream:75 - [STDERR_REDIRECT] [Fatal Error] :1:1: Premature end of file.
2026-05-06 08:42:02,302 [ERROR] LogOutputStream:75 - [STDERR_REDIRECT] 
2026-05-06 08:42:03,307 [ERROR] LogOutputStream:75 - [STDERR_REDIRECT] [Fatal Error] :1:1: Premature end of file.
2026-05-06 08:42:03,307 [ERROR] LogOutputStream:75 - [STDERR_REDIRECT] 
2026-05-06 08:42:04,303 [ERROR] LogOutputStream:75 - [STDERR_REDIRECT] [Fatal Error] :1:1: Premature end of file.
2026-05-06 08:42:04,304 [ERROR] LogOutputStream:75 - [STDERR_REDIRECT] 
2026-05-06 08:42:05,318 [ERROR] LogOutputStream:75 - [STDERR_REDIRECT] [Fatal Error] :1:1: Premature end of file.
2026-05-06 08:42:05,318 [ERROR] LogOutputStream:75 - [STDERR_REDIRECT] 
2026-05-06 08:42:06,301 [ERROR] LogOutputStream:75 - [STDERR_REDIRECT] [Fatal Error] :1:1: Premature end of file.
2026-05-06 08:42:06,301 [ERROR] LogOutputStream:75 - [STDERR_REDIRECT] 
2026-05-06 08:42:07,291 [ERROR] LogOutputStream:75 - [STDERR_REDIRECT] [Fatal Error] :1:1: Premature end of file.
2026-05-06 08:42:07,291 [ERROR] LogOutputStream:75 - [STDERR_REDIRECT] 
2026-05-06 08:42:08,301 [ERROR] LogOutputStream:75 - [STDERR_REDIRECT] [Fatal Error] :1:1: Premature end of file.
2026-05-06 08:42:08,301 [ERROR] LogOutputStream:75 - [STDERR_REDIRECT] 
2026-05-06 08:42:09,302 [ERROR] LogOutputStream:75 - [STDERR_REDIRECT] [Fatal Error] :1:1: Premature end of file.
2026-05-06 08:42:09,302 [ERROR] LogOutputStream:75 - [STDERR_REDIRECT] 
2026-05-06 08:42:10,312 [ERROR] LogOutputStream:75 - [STDERR_REDIRECT] [Fatal Error] :1:1: Premature end of file.
2026-05-06 08:42:10,312 [ERROR] LogOutputStream:75 - [STDERR_REDIRECT] 
2026-05-06 08:42:11,313 [ERROR] LogOutputStream:75 - [STDERR_REDIRECT] [Fatal Error] :1:1: Premature end of file.
2026-05-06 08:42:11,313 [ERROR] LogOutputStream:75 - [STDERR_REDIRECT] 
2026-05-06 08:42:12,299 [ERROR] LogOutputStream:75 - [STDERR_REDIRECT] [Fatal Error] :1:1: Premature end of file.
2026-05-06 08:42:12,300 [ERROR] LogOutputStream:75 - [STDERR_REDIRECT] 
2026-05-06 08:42:13,309 [ERROR] LogOutputStream:75 - [STDERR_REDIRECT] [Fatal Error] :1:1: Premature end of file.
2026-05-06 08:42:13,309 [ERROR] LogOutputStream:75 - [STDERR_REDIRECT] 
2026-05-06 08:42:14,296 [ERROR] LogOutputStream:75 - [STDERR_REDIRECT] [Fatal Error] :1:1: Premature end of file.
2026-05-06 08:42:14,296 [ERROR] LogOutputStream:75 - [STDERR_REDIRECT] 
2026-05-06 08:42:15,299 [ERROR] LogOutputStream:75 - [STDERR_REDIRECT] [Fatal Error] :1:1: Premature end of file.
2026-05-06 08:42:15,300 [ERROR] LogOutputStream:75 - [STDERR_REDIRECT] 
2026-05-06 08:42:16,306 [ERROR] LogOutputStream:75 - [STDERR_REDIRECT] [Fatal Error] :1:1: Premature end of file.
2026-05-06 08:42:16,306 [ERROR] LogOutputStream:75 - [STDERR_REDIRECT] 
2026-05-06 08:42:17,307 [ERROR] LogOutputStream:75 - [STDERR_REDIRECT] [Fatal Error] :1:1: Premature end of file.
2026-05-06 08:42:17,307 [ERROR] LogOutputStream:75 - [STDERR_REDIRECT] 
2026-05-06 08:42:18,295 [ERROR] LogOutputStream:75 - [STDERR_REDIRECT] [Fatal Error] :1:1: Premature end of file.
2026-05-06 08:42:18,296 [ERROR] LogOutputStream:75 - [STDERR_REDIRECT] 
2026-05-06 08:42:19,309 [ERROR] LogOutputStream:75 - [STDERR_REDIRECT] [Fatal Error] :1:1: Premature end of file.
2026-05-06 08:42:19,309 [ERROR] LogOutputStream:75 - [STDERR_REDIRECT] 
2026-05-06 08:42:20,308 [ERROR] LogOutputStream:75 - [STDERR_REDIRECT] [Fatal Error] :1:1: Premature end of file.
2026-05-06 08:42:20,308 [ERROR] LogOutputStream:75 - [STDERR_REDIRECT] 
2026-05-06 08:42:21,298 [ERROR] LogOutputStream:75 - [STDERR_REDIRECT] [Fatal Error] :1:1: Premature end of file.
2026-05-06 08:42:21,298 [ERROR] LogOutputStream:75 - [STDERR_REDIRECT] 
2026-05-06 08:42:22,296 [ERROR] LogOutputStream:75 - [STDERR_REDIRECT] [Fatal Error] :1:1: Premature end of file.
2026-05-06 08:42:22,297 [ERROR] LogOutputStream:75 - [STDERR_REDIRECT] 
2026-05-06 08:42:22,849 [ERROR] ConfigurationRetriever:142 - IOException on connection: Connect timed out
2026-05-06 08:42:23,304 [ERROR] LogOutputStream:75 - [STDERR_REDIRECT] [Fatal Error] :1:1: Premature end of file.
2026-05-06 08:42:23,305 [ERROR] LogOutputStream:75 - [STDERR_REDIRECT] 
2026-05-06 08:42:24,308 [ERROR] LogOutputStream:75 - [STDERR_REDIRECT] [Fatal Error] :1:1: Premature end of file.
2026-05-06 08:42:24,309 [ERROR] LogOutputStream:75 - [STDERR_REDIRECT] 
2026-05-06 08:42:24,865 [ERROR] ConfigurationRetriever:142 - IOException on connection: Connect timed out
2026-05-06 08:42:25,303 [ERROR] LogOutputStream:75 - [STDERR_REDIRECT] [Fatal Error] :1:1: Premature end of file.
2026-05-06 08:42:25,304 [ERROR] LogOutputStream:75 - [STDERR_REDIRECT] 
2026-05-06 08:42:26,301 [ERROR] LogOutputStream:75 - [STDERR_REDIRECT] [Fatal Error] :1:1: Premature end of file.
2026-05-06 08:42:26,301 [ERROR] LogOutputStream:75 - [STDERR_REDIRECT] 
2026-05-06 08:42:26,881 [ERROR] ConfigurationRetriever:142 - IOException on connection: Connect timed out
2026-05-06 08:42:27,334 [ERROR] LogOutputStream:75 - [STDERR_REDIRECT] [Fatal Error] :1:1: Premature end of file.
2026-05-06 08:42:27,349 [ERROR] LogOutputStream:75 - [STDERR_REDIRECT] 
2026-05-06 08:42:28,283 [ERROR] LogOutputStream:75 - [STDERR_REDIRECT] [Fatal Error] :1:1: Premature end of file.
2026-05-06 08:42:28,283 [ERROR] LogOutputStream:75 - [STDERR_REDIRECT] 
2026-05-06 09:11:24,368 [INFO] Activator:176 - 


2026-05-06 09:11:24,368 [INFO] Activator:177 - !SESSION log4j initialized
2026-05-06 09:11:28,476 [INFO] LogOutputStream:77 - [STDOUT_REDIRECT] 
