2026-05-05 10:54:07,492 [INFO] Activator:176 - 


2026-05-05 10:54:07,497 [INFO] Activator:177 - !SESSION log4j initialized
2026-05-05 10:54:15,772 [INFO] LogOutputStream:77 - [STDOUT_REDIRECT] 
2026-05-05 10:54:22,389 [INFO] ApplicationProperties:184 - Using Application install path: C:\ST\STM32CubeIDE_1.18.1\STM32CubeIDE\plugins\com.st.stm32cube.common.mx_6.14.1.202504091515
2026-05-05 10:54:22,407 [INFO] DbMcusXml:78 - Set database path to: C:\ST\STM32CubeIDE_1.18.1\STM32CubeIDE\plugins\com.st.stm32cube.common.mx_6.14.1.202504091515\\db\/mcu/
2026-05-05 10:54:22,407 [INFO] ApiDb:274 - Set plugin database path to: C:\ST\STM32CubeIDE_1.18.1\STM32CubeIDE\plugins\com.st.stm32cube.common.mx_6.14.1.202504091515\\db\/plugins/boardmanager/
2026-05-05 10:54:22,408 [WARN] ApiDb:259 - Overriding images path with different value:  => C:\ST\STM32CubeIDE_1.18.1\STM32CubeIDE\plugins\com.st.stm32cube.common.mx_6.14.1.202504091515\\db\/plugins/mcufinder/images/
2026-05-05 10:54:22,413 [INFO] ApiDb:250 - Set database path to: C:\Users\salem\.stmcufinder\plugins\mcufinder//mcu/
2026-05-05 10:54:22,414 [INFO] DbMcusAds:125 - Set database path to: C:\Users\salem\.stmcufinder\plugins\mcufinder//mcu/
2026-05-05 10:54:22,416 [INFO] CrossReferenceDbSqlite:203 - Set database path to: C:\Users\salem\.stmcufinder\plugins\mcufinder//mcu/cs/
2026-05-05 10:54:22,548 [INFO] RulesReader:64 - Compatibility file has been processed (302 Rules)
2026-05-05 10:54:22,635 [INFO] DbMcusXml:78 - Set database path to: C:\ST\STM32CubeIDE_1.18.1\STM32CubeIDE\plugins\com.st.stm32cube.common.mx_6.14.1.202504091515\\db\/mcu/
2026-05-05 10:54:22,636 [INFO] ApiDb:274 - Set plugin database path to: C:\ST\STM32CubeIDE_1.18.1\STM32CubeIDE\plugins\com.st.stm32cube.common.mx_6.14.1.202504091515\\db\/plugins/boardmanager/
2026-05-05 10:54:22,636 [INFO] ApiDb:261 - Set plugin images path to: C:\ST\STM32CubeIDE_1.18.1\STM32CubeIDE\plugins\com.st.stm32cube.common.mx_6.14.1.202504091515\\db\/plugins/mcufinder/images/
2026-05-05 10:54:22,636 [WARN] DbFile:41 - Overriding database path with different value: C:\Users\salem\.stmcufinder\plugins\mcufinder/ => C:\Users\salem\.stmcufinder\plugins\mcufinder
2026-05-05 10:54:22,636 [INFO] ApiDb:250 - Set database path to: C:\Users\salem\.stmcufinder\plugins\mcufinder//mcu/
2026-05-05 10:54:22,636 [WARN] DbFile:41 - Overriding database path with different value: C:\Users\salem\.stmcufinder\plugins\mcufinder/ => C:\Users\salem\.stmcufinder\plugins\mcufinder
2026-05-05 10:54:22,636 [INFO] DbMcusAds:125 - Set database path to: C:\Users\salem\.stmcufinder\plugins\mcufinder//mcu/
2026-05-05 10:54:22,636 [WARN] DbFile:41 - Overriding database path with different value: C:\Users\salem\.stmcufinder\plugins\mcufinder/ => C:\Users\salem\.stmcufinder\plugins\mcufinder
2026-05-05 10:54:22,636 [WARN] DbFile:41 - Overriding database path with different value: C:\Users\salem\.stmcufinder\plugins\mcufinder/ => C:\Users\salem\.stmcufinder\plugins\mcufinder
2026-05-05 10:54:22,636 [INFO] CrossReferenceDbSqlite:203 - Set database path to: C:\Users\salem\.stmcufinder\plugins\mcufinder//mcu/cs/
2026-05-05 10:54:22,706 [INFO] MainPanel:272 - HeapMemory: 268435456
2026-05-05 10:54:22,778 [INFO] DbMcusXml:78 - Set database path to: C:\ST\STM32CubeIDE_1.18.1\STM32CubeIDE\plugins\com.st.stm32cube.common.mx_6.14.1.202504091515\\db\/mcu/
2026-05-05 10:54:22,778 [INFO] ApiDb:274 - Set plugin database path to: C:\ST\STM32CubeIDE_1.18.1\STM32CubeIDE\plugins\com.st.stm32cube.common.mx_6.14.1.202504091515\\db\/plugins/boardmanager/
2026-05-05 10:54:22,778 [INFO] ApiDb:261 - Set plugin images path to: C:\ST\STM32CubeIDE_1.18.1\STM32CubeIDE\plugins\com.st.stm32cube.common.mx_6.14.1.202504091515\\db\/plugins/mcufinder/images/
2026-05-05 10:54:22,778 [WARN] DbFile:41 - Overriding database path with different value: C:\Users\salem\.stmcufinder\plugins\mcufinder/ => C:\Users\salem\.stmcufinder\plugins\mcufinder
2026-05-05 10:54:22,778 [INFO] ApiDb:250 - Set database path to: C:\Users\salem\.stmcufinder\plugins\mcufinder//mcu/
2026-05-05 10:54:22,778 [WARN] DbFile:41 - Overriding database path with different value: C:\Users\salem\.stmcufinder\plugins\mcufinder/ => C:\Users\salem\.stmcufinder\plugins\mcufinder
2026-05-05 10:54:22,778 [INFO] DbMcusAds:125 - Set database path to: C:\Users\salem\.stmcufinder\plugins\mcufinder//mcu/
2026-05-05 10:54:22,778 [WARN] DbFile:41 - Overriding database path with different value: C:\Users\salem\.stmcufinder\plugins\mcufinder/ => C:\Users\salem\.stmcufinder\plugins\mcufinder
2026-05-05 10:54:22,778 [WARN] DbFile:41 - Overriding database path with different value: C:\Users\salem\.stmcufinder\plugins\mcufinder/ => C:\Users\salem\.stmcufinder\plugins\mcufinder
2026-05-05 10:54:22,778 [INFO] CrossReferenceDbSqlite:203 - Set database path to: C:\Users\salem\.stmcufinder\plugins\mcufinder//mcu/cs/
2026-05-05 10:54:22,808 [INFO] ApplicationProperties:184 - Using Application install path: C:\ST\STM32CubeIDE_1.18.1\STM32CubeIDE\plugins\com.st.stm32cube.common.mx_6.14.1.202504091515
2026-05-05 10:54:22,809 [INFO] PluginManage:196 - Search for loadable plugins [exclusion list=, ]
2026-05-05 10:54:22,810 [INFO] PluginManage:310 - Check plugin analytics
2026-05-05 10:54:22,985 [INFO] AnalyticsPlugin:253 - Accepted Software Licenses: STM32CubeMX.6.13.0
2026-05-05 10:54:22,986 [INFO] AnalyticsPlugin:255 - Accepted CMSIS Pack Licenses: 
2026-05-05 10:54:22,986 [INFO] AnalyticsPlugin:257 - Accepted Firmware Licenses: FW.F4.1.28.0,FW.C0.1.3.0,FW.C0.1.4.0
2026-05-05 10:54:22,991 [INFO] PluginManage:359 - Loaded plugin analytics (category:tool,tabindex:-1)
2026-05-05 10:54:22,992 [INFO] PluginManage:310 - Check plugin cadmodel
2026-05-05 10:54:22,995 [INFO] CADModel:105 - Init CAD model plugin
2026-05-05 10:54:22,996 [INFO] PluginManage:359 - Loaded plugin cadmodel (category:power,tabindex:5)
2026-05-05 10:54:22,996 [INFO] PluginManage:310 - Check plugin clock
2026-05-05 10:54:23,008 [INFO] PluginManage:359 - Loaded plugin clock (category:base,tabindex:2)
2026-05-05 10:54:23,009 [INFO] PluginManage:310 - Check plugin ddr
2026-05-05 10:54:23,010 [INFO] PluginManage:359 - Loaded plugin ddr (category:tool,tabindex:6)
2026-05-05 10:54:23,011 [INFO] PluginManage:310 - Check plugin filemanager
2026-05-05 10:54:23,155 [INFO] PluginManage:359 - Loaded plugin filemanager (category:base,tabindex:10)
2026-05-05 10:54:23,155 [INFO] PluginManage:310 - Check plugin ipmanager
2026-05-05 10:54:23,162 [INFO] PluginManage:359 - Loaded plugin ipmanager (category:base,tabindex:5)
2026-05-05 10:54:23,162 [INFO] PluginManage:310 - Check plugin lpbam
2026-05-05 10:54:23,170 [INFO] PluginManage:359 - Loaded plugin lpbam (category:base,tabindex:0)
2026-05-05 10:54:23,170 [INFO] PluginManage:310 - Check plugin memorymap
2026-05-05 10:54:23,184 [INFO] PluginManage:359 - Loaded plugin memorymap (category:base,tabindex:4)
2026-05-05 10:54:23,184 [INFO] PluginManage:310 - Check plugin pinoutandconfiguration
2026-05-05 10:54:23,191 [INFO] PluginManage:359 - Loaded plugin pinoutandconfiguration (category:base,tabindex:1)
2026-05-05 10:54:23,192 [INFO] PluginManage:310 - Check plugin pinoutconfig
2026-05-05 10:54:23,283 [WARN] SupportedApi:132 - Cannot load RTOS API schema: s4s-elt-must-match.1: The content of 'definitions' must match (annotation?, (simpleType | complexType)?, (unique | key | keyref)*)). A problem was found starting at: attribute.
2026-05-05 10:54:23,407 [INFO] PluginManage:359 - Loaded plugin pinoutconfig (category:base,tabindex:0)
2026-05-05 10:54:23,407 [INFO] PluginManage:310 - Check plugin power
2026-05-05 10:54:23,417 [INFO] PluginManage:359 - Loaded plugin power (category:power,tabindex:4)
2026-05-05 10:54:23,417 [INFO] PluginManage:310 - Check plugin projectmanager
2026-05-05 10:54:23,433 [INFO] PluginManage:359 - Loaded plugin projectmanager (category:projectmanager,tabindex:4)
2026-05-05 10:54:23,433 [INFO] PluginManage:310 - Check plugin rif
2026-05-05 10:54:23,439 [INFO] PluginManage:359 - Loaded plugin rif (category:base,tabindex:3)
2026-05-05 10:54:23,439 [INFO] PluginManage:310 - Check plugin thirdparty
2026-05-05 10:54:23,557 [INFO] PluginManage:359 - Loaded plugin thirdparty (category:base,tabindex:-1)
2026-05-05 10:54:23,557 [WARN] IntegrityCheckThread:84 - waiting for thirdparty lock release [integrity check]
2026-05-05 10:54:23,557 [INFO] PluginManage:310 - Check plugin tools
2026-05-05 10:54:23,557 [INFO] IntegrityCheckThread:86 - entering critical section [integrity check]
2026-05-05 10:54:23,558 [INFO] ThirdPartyUpdaterWithRetryManager:70 - Updater plugin not ready yet. [1/15]
2026-05-05 10:54:23,559 [INFO] PluginManage:359 - Loaded plugin tools (category:base,tabindex:7)
2026-05-05 10:54:23,559 [INFO] PluginManage:310 - Check plugin tutovideos
2026-05-05 10:54:23,714 [INFO] PluginManage:359 - Loaded plugin tutovideos (category:base,tabindex:-1)
2026-05-05 10:54:23,714 [INFO] PluginManage:310 - Check plugin updater
2026-05-05 10:54:23,753 [INFO] PluginManage:359 - Loaded plugin updater (category:base,tabindex:12)
2026-05-05 10:54:23,753 [INFO] PluginManage:310 - Check plugin userauth
2026-05-05 10:54:23,759 [INFO] UserAuth:118 - Init User Auth plugin
2026-05-05 10:54:23,759 [INFO] PluginManage:359 - Loaded plugin userauth (category:base,tabindex:14)
2026-05-05 10:54:23,760 [INFO] PluginManage:283 - PluginManage : Loaded plugins [18]
2026-05-05 10:54:23,989 [INFO] PinOutPanel:1589 - setPackage(No Configuration,No Configuration)
2026-05-05 10:54:24,079 [INFO] CADModel:165 - CPN selected for project level
2026-05-05 10:54:24,079 [INFO] CADModel:114 - Register for checkConnection events
2026-05-05 10:54:24,094 [INFO] IPUIPlugin:80 - create IPUIPlugin
2026-05-05 10:54:24,095 [INFO] PluginManager:220 - loadIPPluginJar : add adc
2026-05-05 10:54:24,097 [INFO] IPUIPlugin:80 - create IPUIPlugin
2026-05-05 10:54:24,098 [INFO] PluginManager:220 - loadIPPluginJar : add aes
2026-05-05 10:54:24,100 [INFO] IPUIPlugin:80 - create IPUIPlugin
2026-05-05 10:54:24,100 [INFO] PluginManager:220 - loadIPPluginJar : add can
2026-05-05 10:54:24,102 [INFO] IPUIPlugin:80 - create IPUIPlugin
2026-05-05 10:54:24,102 [INFO] PluginManager:220 - loadIPPluginJar : add comp
2026-05-05 10:54:24,104 [INFO] IPUIPlugin:80 - create IPUIPlugin
2026-05-05 10:54:24,104 [INFO] PluginManager:220 - loadIPPluginJar : add cryp
2026-05-05 10:54:24,106 [INFO] IPUIPlugin:80 - create IPUIPlugin
2026-05-05 10:54:24,106 [INFO] PluginManager:220 - loadIPPluginJar : add ddr_ctrl_phy
2026-05-05 10:54:24,108 [INFO] IPUIPlugin:80 - create IPUIPlugin
2026-05-05 10:54:24,108 [INFO] PluginManager:220 - loadIPPluginJar : add dfsdm
2026-05-05 10:54:24,113 [INFO] IPUIPlugin:80 - create IPUIPlugin
2026-05-05 10:54:24,114 [INFO] PluginManager:220 - loadIPPluginJar : add dma
2026-05-05 10:54:24,118 [INFO] IPUIPlugin:80 - create IPUIPlugin
2026-05-05 10:54:24,118 [INFO] PluginManager:220 - loadIPPluginJar : add dma3
2026-05-05 10:54:24,120 [INFO] IPUIPlugin:80 - create IPUIPlugin
2026-05-05 10:54:24,120 [INFO] PluginManager:220 - loadIPPluginJar : add extmemmanager
2026-05-05 10:54:24,122 [INFO] IPUIPlugin:80 - create IPUIPlugin
2026-05-05 10:54:24,122 [INFO] PluginManager:220 - loadIPPluginJar : add fatfs
2026-05-05 10:54:24,126 [INFO] IPUIPlugin:80 - create IPUIPlugin
2026-05-05 10:54:24,126 [INFO] PluginManager:220 - loadIPPluginJar : add fmc
2026-05-05 10:54:24,131 [INFO] IPUIPlugin:80 - create IPUIPlugin
2026-05-05 10:54:24,132 [INFO] PluginManager:220 - loadIPPluginJar : add freertos
2026-05-05 10:54:24,134 [INFO] IPUIPlugin:80 - create IPUIPlugin
2026-05-05 10:54:24,134 [INFO] PluginManager:220 - loadIPPluginJar : add genericplugin
2026-05-05 10:54:24,137 [INFO] IPUIPlugin:80 - create IPUIPlugin
2026-05-05 10:54:24,137 [INFO] PluginManager:220 - loadIPPluginJar : add gfxmmu
2026-05-05 10:54:24,141 [INFO] IPUIPlugin:80 - create IPUIPlugin
2026-05-05 10:54:24,141 [INFO] PluginManager:220 - loadIPPluginJar : add gic
2026-05-05 10:54:24,145 [INFO] IPUIPlugin:80 - create IPUIPlugin
2026-05-05 10:54:24,145 [INFO] PluginManager:220 - loadIPPluginJar : add gpio
2026-05-05 10:54:24,148 [INFO] IPUIPlugin:80 - create IPUIPlugin
2026-05-05 10:54:24,148 [INFO] PluginManager:220 - loadIPPluginJar : add gtzc
2026-05-05 10:54:24,150 [INFO] IPUIPlugin:80 - create IPUIPlugin
2026-05-05 10:54:24,150 [INFO] PluginManager:220 - loadIPPluginJar : add hash
2026-05-05 10:54:24,153 [INFO] IPUIPlugin:80 - create IPUIPlugin
2026-05-05 10:54:24,153 [INFO] PluginManager:220 - loadIPPluginJar : add i2c
2026-05-05 10:54:24,155 [INFO] IPUIPlugin:80 - create IPUIPlugin
2026-05-05 10:54:24,155 [INFO] PluginManager:220 - loadIPPluginJar : add i2s
2026-05-05 10:54:24,158 [INFO] IPUIPlugin:80 - create IPUIPlugin
2026-05-05 10:54:24,158 [INFO] PluginManager:220 - loadIPPluginJar : add i3c
2026-05-05 10:54:24,161 [INFO] IPUIPlugin:80 - create IPUIPlugin
2026-05-05 10:54:24,161 [INFO] PluginManager:220 - loadIPPluginJar : add ipddr
2026-05-05 10:54:24,169 [INFO] IPUIPlugin:80 - create IPUIPlugin
2026-05-05 10:54:24,169 [INFO] PluginManager:220 - loadIPPluginJar : add linkedlist
2026-05-05 10:54:24,172 [INFO] IPUIPlugin:80 - create IPUIPlugin
2026-05-05 10:54:24,172 [INFO] PluginManager:220 - loadIPPluginJar : add lorawan
2026-05-05 10:54:24,174 [INFO] IPUIPlugin:80 - create IPUIPlugin
2026-05-05 10:54:24,174 [INFO] PluginManager:220 - loadIPPluginJar : add ltdc
2026-05-05 10:54:24,181 [INFO] IPUIPlugin:80 - create IPUIPlugin
2026-05-05 10:54:24,181 [INFO] PluginManager:220 - loadIPPluginJar : add mdma
2026-05-05 10:54:24,184 [INFO] IPUIPlugin:80 - create IPUIPlugin
2026-05-05 10:54:24,184 [INFO] PluginManager:220 - loadIPPluginJar : add nvic
2026-05-05 10:54:24,187 [INFO] IPUIPlugin:80 - create IPUIPlugin
2026-05-05 10:54:24,187 [INFO] PluginManager:220 - loadIPPluginJar : add opamp
2026-05-05 10:54:24,192 [INFO] IPUIPlugin:80 - create IPUIPlugin
2026-05-05 10:54:24,192 [INFO] PluginManager:220 - loadIPPluginJar : add openamp
2026-05-05 10:54:24,194 [INFO] IPUIPlugin:80 - create IPUIPlugin
2026-05-05 10:54:24,195 [INFO] PluginManager:220 - loadIPPluginJar : add pdm2pcm
2026-05-05 10:54:24,200 [INFO] IPUIPlugin:80 - create IPUIPlugin
2026-05-05 10:54:24,202 [INFO] PluginManager:220 - loadIPPluginJar : add plateformsettings
2026-05-05 10:54:24,204 [INFO] IPUIPlugin:80 - create IPUIPlugin
2026-05-05 10:54:24,204 [INFO] PluginManager:220 - loadIPPluginJar : add quadspi
2026-05-05 10:54:24,206 [INFO] IPUIPlugin:80 - create IPUIPlugin
2026-05-05 10:54:24,207 [INFO] PluginManager:220 - loadIPPluginJar : add radio
2026-05-05 10:54:24,210 [INFO] IPUIPlugin:80 - create IPUIPlugin
2026-05-05 10:54:24,210 [INFO] PluginManager:220 - loadIPPluginJar : add resmgrutility
2026-05-05 10:54:24,214 [INFO] IPUIPlugin:80 - create IPUIPlugin
2026-05-05 10:54:24,214 [INFO] PluginManager:220 - loadIPPluginJar : add sai
2026-05-05 10:54:24,217 [INFO] IPUIPlugin:80 - create IPUIPlugin
2026-05-05 10:54:24,217 [INFO] PluginManager:220 - loadIPPluginJar : add spi
2026-05-05 10:54:24,224 [INFO] IPUIPlugin:80 - create IPUIPlugin
2026-05-05 10:54:24,224 [INFO] PluginManager:220 - loadIPPluginJar : add stm32_wpan
2026-05-05 10:54:24,226 [INFO] IPUIPlugin:80 - create IPUIPlugin
2026-05-05 10:54:24,226 [INFO] PluginManager:220 - loadIPPluginJar : add tim
2026-05-05 10:54:24,231 [INFO] IPUIPlugin:80 - create IPUIPlugin
2026-05-05 10:54:24,231 [INFO] PluginManager:220 - loadIPPluginJar : add touchsensing
2026-05-05 10:54:24,233 [INFO] IPUIPlugin:80 - create IPUIPlugin
2026-05-05 10:54:24,233 [INFO] PluginManager:220 - loadIPPluginJar : add tracer_emb
2026-05-05 10:54:24,236 [INFO] IPUIPlugin:80 - create IPUIPlugin
2026-05-05 10:54:24,236 [INFO] PluginManager:220 - loadIPPluginJar : add ts
2026-05-05 10:54:24,238 [INFO] IPUIPlugin:80 - create IPUIPlugin
2026-05-05 10:54:24,238 [INFO] PluginManager:220 - loadIPPluginJar : add tsc
2026-05-05 10:54:24,240 [INFO] IPUIPlugin:80 - create IPUIPlugin
2026-05-05 10:54:24,240 [INFO] PluginManager:220 - loadIPPluginJar : add ucpd
2026-05-05 10:54:24,244 [INFO] IPUIPlugin:80 - create IPUIPlugin
2026-05-05 10:54:24,244 [INFO] PluginManager:220 - loadIPPluginJar : add usart
2026-05-05 10:54:24,248 [INFO] IPUIPlugin:80 - create IPUIPlugin
2026-05-05 10:54:24,249 [INFO] PluginManager:220 - loadIPPluginJar : add usbx
2026-05-05 10:54:24,378 [FATAL] Updater:351 - Updater called before beeing initialized
2026-05-05 10:54:24,409 [INFO] RulesReader:64 - Compatibility file has been processed (302 Rules)
2026-05-05 10:54:24,420 [INFO] RulesReader:64 - Compatibility file has been processed (302 Rules)
2026-05-05 10:54:24,432 [INFO] CADModel:165 - CPN selected for project level
2026-05-05 10:54:24,432 [INFO] CADModel:114 - Register for checkConnection events
2026-05-05 10:54:24,432 [FATAL] Updater:351 - Updater called before beeing initialized
2026-05-05 10:54:24,432 [ERROR] CADModel:125 - Updater not yet initialized, retry later 
2026-05-05 10:54:24,589 [FATAL] Updater:351 - Updater called before beeing initialized
2026-05-05 10:54:24,591 [INFO] CADModel:165 - CPN selected for project level
2026-05-05 10:54:24,591 [INFO] CADModel:114 - Register for checkConnection events
2026-05-05 10:54:24,591 [FATAL] Updater:351 - Updater called before beeing initialized
2026-05-05 10:54:24,592 [ERROR] CADModel:125 - Updater not yet initialized, retry later 
2026-05-05 10:54:24,595 [FATAL] Updater:351 - Updater called before beeing initialized
2026-05-05 10:54:24,710 [FATAL] Updater:351 - Updater called before beeing initialized
2026-05-05 10:54:24,714 [INFO] DbMcusAds:53 - JSON generation date=Fri Apr 10 10:19:02 CET 2026 (1775812742310)
2026-05-05 10:54:24,714 [FATAL] Updater:351 - Updater called before beeing initialized
2026-05-05 10:54:24,750 [WARN] DetailPanel:346 - Failed to get advertising image, set to default
2026-05-05 10:54:24,970 [FATAL] Updater:351 - Updater called before beeing initialized
2026-05-05 10:54:24,972 [FATAL] Updater:351 - Updater called before beeing initialized
2026-05-05 10:54:24,972 [FATAL] Updater:351 - Updater called before beeing initialized
2026-05-05 10:54:24,972 [WARN] DetailPanel:346 - Failed to get advertising image, set to default
2026-05-05 10:54:24,973 [FATAL] Updater:351 - Updater called before beeing initialized
2026-05-05 10:54:25,029 [ERROR] Updater:1198 - MainUpdater not yet initialized. External WinMGr cannot be set.
2026-05-05 10:54:25,031 [INFO] Updater:1134 - Updater Version found : 6.14.1
2026-05-05 10:54:25,047 [INFO] ApplicationProperties:184 - Using Application install path: C:\ST\STM32CubeIDE_1.18.1\STM32CubeIDE\plugins\com.st.stm32cube.common.mx_6.14.1.202504091515
2026-05-05 10:54:25,769 [INFO] MainUpdater:2872 - connection check result : 10
2026-05-05 10:54:25,770 [INFO] MainUpdater:289 - Updater Check For Update Now.
2026-05-05 10:54:25,770 [INFO] MicroXplorer:498 - Change Database Version : DB.6.0.141
2026-05-05 10:54:25,788 [INFO] McuFinderGlobals:63 - Set McuFinder mode to 2 (CubeIDE integrated)
2026-05-05 10:54:25,790 [INFO] UserAuth:484 - Internet connection configuration mode: 1
2026-05-05 10:54:25,827 [INFO] JxBrowserEngine:152 - Initiate JxBrowser Engine with user profile folder
2026-05-05 10:54:25,976 [INFO] CheckServerUpdateThread:120 - End of CheckServer Thread
2026-05-05 10:54:26,671 [INFO] WebApp:169 - Instantiating new browser for Auth
2026-05-05 10:54:26,917 [WARN] PackLoader:240 - Cannot read IP mode file for STMicroelectronics.X-CUBE-AZRTOS-H7.3.5.0
2026-05-05 10:54:26,928 [WARN] PackLoader:240 - Cannot read IP mode file for STMicroelectronics.FP-SNS-MOTENVWB1.1.4.0
2026-05-05 10:54:26,945 [WARN] PackLoader:240 - Cannot read IP mode file for STMicroelectronics.FP-ATR-ASTRA1.2.0.2
2026-05-05 10:54:26,949 [WARN] PackLoader:240 - Cannot read IP mode file for STMicroelectronics.FP-ATR-ASTRA1.2.0.1
2026-05-05 10:54:26,966 [WARN] PackLoader:240 - Cannot read IP mode file for STMicroelectronics.X-CUBE-SMBUS.2.1.0
2026-05-05 10:54:26,978 [WARN] PackLoader:240 - Cannot read IP mode file for STMicroelectronics.X-CUBE-WB05N.1.1.0
2026-05-05 10:54:26,983 [WARN] PackLoader:240 - Cannot read IP mode file for STMicroelectronics.X-CUBE-ST60.1.0.0
2026-05-05 10:54:27,007 [WARN] PackLoader:240 - Cannot read IP mode file for STMicroelectronics.X-CUBE-AZRTOS-F7.1.1.0
2026-05-05 10:54:27,014 [WARN] PackLoader:240 - Cannot read IP mode file for Cesanta.I-CUBE-Mongoose.7.19.0
2026-05-05 10:54:27,066 [WARN] PackLoader:240 - Cannot read IP mode file for STMicroelectronics.X-CUBE-MEMS1.11.0.0
2026-05-05 10:54:27,229 [ERROR] Engine:466 - C:\Users\salem\.stm32cubemx\thirdparties\pdsc\STMicroelectronics.FP-SNS-MOTENV1.5.1.0.pdsc: PDSC version is not supported
2026-05-05 10:54:27,236 [ERROR] Engine:466 - C:\Users\salem\.stm32cubemx\thirdparties\pdsc\WES.I-CUBE-Cesium.1.4.0.pdsc: PDSC version is not supported
2026-05-05 10:54:27,243 [WARN] PackLoader:240 - Cannot read IP mode file for STMicroelectronics.FP-SNS-FLIGHT1.5.0.2
2026-05-05 10:54:27,268 [WARN] PackLoader:240 - Cannot read IP mode file for Infineon.AIROC-Wi-Fi-Bluetooth-STM32.1.7.0
2026-05-05 10:54:27,287 [WARN] PackLoader:240 - Cannot read IP mode file for Infineon.AIROC-Wi-Fi-Bluetooth-STM32.1.7.1
2026-05-05 10:54:27,304 [WARN] PackLoader:240 - Cannot read IP mode file for STMicroelectronics.X-CUBE-AZRTOS-H7.3.4.0
2026-05-05 10:54:27,311 [WARN] PackLoader:240 - Cannot read IP mode file for STMicroelectronics.X-CUBE-DISPLAY.3.0.0
2026-05-05 10:54:27,318 [WARN] PackLoader:240 - Cannot read IP mode file for STMicroelectronics.X-CUBE-GNSS1.7.1.1
2026-05-05 10:54:27,321 [ERROR] Engine:466 - C:\Users\salem\.stm32cubemx\thirdparties\pdsc\STMicroelectronics.FP-SNS-MOTENVWB1.1.5.0.pdsc: PDSC version is not supported
2026-05-05 10:54:27,325 [WARN] PackLoader:240 - Cannot read IP mode file for STMicroelectronics.X-CUBE-BLE1.7.0.0
2026-05-05 10:54:27,339 [WARN] PackLoader:240 - Cannot read IP mode file for STMicroelectronics.X-CUBE-NFC10.1.0.0
2026-05-05 10:54:27,348 [WARN] PackLoader:240 - Cannot read IP mode file for STMicroelectronics.X-CUBE-BLEMGR.4.0.0
2026-05-05 10:54:27,353 [WARN] PackLoader:240 - Cannot read IP mode file for STMicroelectronics.X-CUBE-ST60.1.1.0
2026-05-05 10:54:27,357 [WARN] PackLoader:240 - Cannot read IP mode file for emotas.I-CUBE-CANOPEN.1.3.0
2026-05-05 10:54:27,361 [WARN] PackLoader:240 - Cannot read IP mode file for STMicroelectronics.X-CUBE-GNSS1.7.1.0
2026-05-05 10:54:27,365 [WARN] PackLoader:240 - Cannot read IP mode file for STMicroelectronics.X-CUBE-AI.10.0.0
2026-05-05 10:54:27,368 [ERROR] Engine:466 - C:\Users\salem\.stm32cubemx\thirdparties\pdsc\STMicroelectronics.FP-SNS-STBOX1.2.1.0.pdsc: PDSC version is not supported
2026-05-05 10:54:27,371 [WARN] PackLoader:240 - Cannot read IP mode file for STMicroelectronics.FP-SNS-SMARTAG2.1.2.0
2026-05-05 10:54:27,374 [WARN] PackLoader:240 - Cannot read IP mode file for STMicroelectronics.FP-SNS-FLIGHT1.5.1.0
2026-05-05 10:54:27,399 [WARN] PackLoader:240 - Cannot read IP mode file for STMicroelectronics.X-CUBE-MEMS1.11.1.0
2026-05-05 10:54:27,496 [INFO] LogOutputStream:77 - [STDOUT_REDIRECT] 1 : Invalid condition id : UX_CORESTACK_Condition cause : null
2026-05-05 10:54:27,497 [INFO] LogOutputStream:77 - [STDOUT_REDIRECT] 1 : Invalid condition id : UX_CORESTACK_Condition cause : null
2026-05-05 10:54:27,498 [INFO] LogOutputStream:77 - [STDOUT_REDIRECT] 1 : Invalid condition id : UX_CORESTACK_Condition cause : null
2026-05-05 10:54:27,500 [INFO] LogOutputStream:77 - [STDOUT_REDIRECT] 1 : Invalid condition id : UX_CORESTACK_Condition cause : null
2026-05-05 10:54:27,501 [INFO] LogOutputStream:77 - [STDOUT_REDIRECT] 1 : Invalid condition id : UX_CORESTACK_Condition cause : null
2026-05-05 10:54:27,503 [WARN] PackLoader:240 - Cannot read IP mode file for STMicroelectronics.X-CUBE-AZRTOS-WL.2.0.0
2026-05-05 10:54:27,508 [WARN] PackLoader:240 - Cannot read IP mode file for STMicroelectronics.FP-SNS-MOTENV1.5.0.0
2026-05-05 10:54:27,526 [WARN] PackLoader:240 - Cannot read IP mode file for STMicroelectronics.X-CUBE-AZRTOS-H7RS.1.2.0
2026-05-05 10:54:27,535 [WARN] PackLoader:240 - Cannot read IP mode file for wolfSSL.I-CUBE-wolfMQTT.1.19.0
2026-05-05 10:54:27,541 [WARN] PackLoader:240 - Cannot read IP mode file for WES.I-CUBE-Cesium.1.3.0
2026-05-05 10:54:27,546 [WARN] PackLoader:240 - Cannot read IP mode file for STMicroelectronics.X-CUBE-BLE2.3.3.0
2026-05-05 10:54:27,570 [WARN] PackLoader:240 - Cannot read IP mode file for STMicroelectronics.X-CUBE-NFC9.1.0.0
2026-05-05 10:54:27,575 [WARN] PackLoader:240 - Cannot read IP mode file for wolfSSL.I-CUBE-wolfSSL.5.8.2
2026-05-05 10:54:27,579 [WARN] PackLoader:240 - Cannot read IP mode file for STMicroelectronics.X-CUBE-BLE1.7.1.0
2026-05-05 10:54:27,582 [WARN] PackLoader:240 - Cannot read IP mode file for wolfSSL.I-CUBE-wolfMQTT.1.19.2
2026-05-05 10:54:27,585 [ERROR] Engine:466 - C:\Users\salem\.stm32cubemx\thirdparties\pdsc\STMicroelectronics.X-CUBE-FREERTOS.1.4.0.pdsc: PDSC version is not supported
2026-05-05 10:54:27,590 [WARN] PackLoader:240 - Cannot read IP mode file for STMicroelectronics.X-CUBE-EEPRMA1.5.2.0
2026-05-05 10:54:27,593 [ERROR] Engine:466 - C:\Users\salem\.stm32cubemx\thirdparties\pdsc\STMicroelectronics.X-CUBE-ST67W61.1.1.0.pdsc: PDSC version is not supported
2026-05-05 10:54:27,597 [WARN] PackLoader:240 - Cannot read IP mode file for STMicroelectronics.X-CUBE-AI.10.1.0
2026-05-05 10:54:27,599 [ERROR] Engine:466 - C:\Users\salem\.stm32cubemx\thirdparties\pdsc\STMicroelectronics.FP-SNS-STAIOTCFT.1.1.0.pdsc: PDSC version is not supported
2026-05-05 10:54:27,623 [WARN] PackLoader:240 - Cannot read IP mode file for STMicroelectronics.X-CUBE-MEMS1.12.0.0
2026-05-05 10:54:27,688 [WARN] PackLoader:240 - Cannot read IP mode file for STMicroelectronics.X-CUBE-MEMS1.11.2.0
2026-05-05 10:54:27,825 [WARN] PackLoader:240 - Cannot read IP mode file for STMicroelectronics.X-CUBE-AZRTOS-G0.1.1.0
2026-05-05 10:54:27,830 [WARN] PackLoader:240 - Cannot read IP mode file for STMicroelectronics.X-CUBE-SAFEA1.1.2.2
2026-05-05 10:54:27,835 [WARN] PackLoader:240 - Cannot read IP mode file for STMicroelectronics.X-CUBE-NFC4.3.0.0
2026-05-05 10:54:27,842 [WARN] PackLoader:240 - Cannot read IP mode file for EmbeddedOffice.I-CUBE-FS-RTOS.1.0.1
2026-05-05 10:54:27,845 [WARN] PackLoader:240 - Cannot read IP mode file for STMicroelectronics.X-CUBE-WB05N.2.0.0
2026-05-05 10:54:27,849 [WARN] PackLoader:240 - Cannot read IP mode file for wolfSSL.I-CUBE-wolfTPM.3.8.0
2026-05-05 10:54:27,853 [WARN] PackLoader:240 - Cannot read IP mode file for STMicroelectronics.X-CUBE-TCPP.4.2.0
2026-05-05 10:54:27,857 [WARN] PackLoader:240 - Cannot read IP mode file for RealThread.X-CUBE-RT-Thread_Nano.4.1.1
2026-05-05 10:54:27,861 [WARN] PackLoader:240 - Cannot read IP mode file for STMicroelectronics.FP-ATR-SIGFOX1.3.2.0
2026-05-05 10:54:27,864 [WARN] ConditionMgr:438 - getConditionDescription Invalid condition id : Cortex-A Device cause : null
2026-05-05 10:54:27,874 [WARN] ConditionMgr:1044 - genDependencies : Invalid condition id : Cortex-A Device cause : null
2026-05-05 10:54:27,874 [WARN] ConditionMgr:1044 - genDependencies : Invalid condition id : Cortex-A Device cause : null
2026-05-05 10:54:27,875 [WARN] ConditionMgr:1044 - genDependencies : Invalid condition id : Cortex-A Device cause : null
2026-05-05 10:54:27,879 [WARN] PackLoader:240 - Cannot read IP mode file for STMicroelectronics.X-CUBE-EEPRMA1.5.1.0
2026-05-05 10:54:27,881 [ERROR] Engine:466 - C:\Users\salem\.stm32cubemx\thirdparties\pdsc\STMicroelectronics.X-CUBE-FREERTOS.1.5.0.pdsc: PDSC version is not supported
2026-05-05 10:54:27,884 [WARN] PackLoader:240 - Cannot read IP mode file for wolfSSL.I-CUBE-wolfSSL.5.7.4
2026-05-05 10:54:27,885 [WARN] PackLoader:240 - Cannot read IP mode file for wolfSSL.I-CUBE-wolfSSL.5.7.6
2026-05-05 10:54:27,890 [WARN] PackLoader:240 - Cannot read IP mode file for ITTIA_DB.I-CUBE-ITTIADB.8.9.0
2026-05-05 10:54:27,895 [WARN] PackLoader:240 - Cannot read IP mode file for STMicroelectronics.X-CUBE-NFC6.3.2.0
2026-05-05 10:54:27,904 [WARN] PackLoader:240 - Cannot read IP mode file for STMicroelectronics.X-CUBE-ST67W61.1.0.0
2026-05-05 10:54:27,908 [WARN] PackLoader:240 - Cannot read IP mode file for STMicroelectronics.X-CUBE-AI.10.2.0
2026-05-05 10:54:27,930 [WARN] PackLoader:240 - Cannot read IP mode file for STMicroelectronics.X-CUBE-MEMS1.12.1.0
2026-05-05 10:54:27,996 [WARN] PackLoader:240 - Cannot read IP mode file for SEGGER.I-CUBE-embOS.1.3.1
2026-05-05 10:54:28,037 [WARN] PackLoader:240 - Cannot read IP mode file for STMicroelectronics.X-CUBE-ALGOBUILD.1.4.0
2026-05-05 10:54:28,078 [WARN] PackLoader:240 - Cannot read IP mode file for STMicroelectronics.X-CUBE-MEMS1.11.3.0
2026-05-05 10:54:28,166 [WARN] PackLoader:240 - Cannot read IP mode file for STMicroelectronics.X-CUBE-AI.9.1.0
2026-05-05 10:54:28,171 [WARN] PackLoader:240 - Cannot read IP mode file for STMicroelectronics.X-CUBE-PM33A1.1.0.0
2026-05-05 10:54:28,175 [INFO] WebApp:463 - Apply proxy settings
2026-05-05 10:54:28,175 [INFO] WebApp:548 - Chromium requires no authentication
2026-05-05 10:54:28,184 [WARN] PackLoader:240 - Cannot read IP mode file for STMicroelectronics.X-CUBE-AZRTOS-F4.1.1.0
2026-05-05 10:54:28,190 [WARN] PackLoader:240 - Cannot read IP mode file for Avnet-IotConnect.X-CUBE-IoTC-DA16k-PMOD.1.0.0
2026-05-05 10:54:28,190 [INFO] WebApp:491 - Direct internet connection detected
2026-05-05 10:54:28,195 [WARN] PackLoader:240 - Cannot read IP mode file for STMicroelectronics.X-CUBE-ISPU.2.1.0
2026-05-05 10:54:28,199 [ERROR] Engine:466 - C:\Users\salem\.stm32cubemx\thirdparties\pdsc\STMicroelectronics.X-CUBE-IPS.3.2.0.pdsc: PDSC version is not supported
2026-05-05 10:54:28,203 [WARN] PackLoader:240 - Cannot read IP mode file for STMicroelectronics.eDS-WB_DPC_TT-BIDIR.2.1.1
2026-05-05 10:54:28,207 [WARN] PackLoader:240 - Cannot read IP mode file for STMicroelectronics.X-CUBE-NFC12.1.0.0
2026-05-05 10:54:28,220 [WARN] PackLoader:240 - Cannot read IP mode file for STMicroelectronics.X-CUBE-AZRTOS-L5.2.0.0
2026-05-05 10:54:28,227 [WARN] PackLoader:240 - Cannot read IP mode file for STMicroelectronics.X-CUBE-NFC6.3.1.0
2026-05-05 10:54:28,233 [WARN] PackLoader:240 - Cannot read IP mode file for STMicroelectronics.X-CUBE-DPower.1.2.0
2026-05-05 10:54:28,237 [WARN] PackLoader:240 - Cannot read IP mode file for STMicroelectronics.eDS-WB_DPC_VIENNA.1.2.0
2026-05-05 10:54:28,241 [WARN] PackLoader:240 - Cannot read IP mode file for STMicroelectronics.eDS-WB_DPC_3PH2L-BIDIR.1.1.1
2026-05-05 10:54:28,244 [ERROR] Engine:466 - C:\Users\salem\.stm32cubemx\thirdparties\pdsc\STMicroelectronics.X-CUBE-ST67W61.1.3.0.pdsc: PDSC version is not supported
2026-05-05 10:54:28,247 [WARN] PackLoader:240 - Cannot read IP mode file for STMicroelectronics.X-CUBE-FREERTOS.1.3.1
2026-05-05 10:54:28,252 [WARN] PackLoader:240 - Cannot read IP mode file for STMicroelectronics.X-CUBE-FREERTOS.1.3.0
2026-05-05 10:54:28,257 [WARN] PackLoader:240 - Cannot read IP mode file for STMicroelectronics.X-CUBE-NFC7.1.0.1
2026-05-05 10:54:28,263 [WARN] PackLoader:240 - Cannot read IP mode file for STMicroelectronics.X-CUBE-TOUCHGFX.4.26.0
2026-05-05 10:54:28,266 [WARN] PackLoader:240 - Cannot read IP mode file for STMicroelectronics.X-CUBE-TOUCHGFX.4.26.1
2026-05-05 10:54:28,270 [WARN] PackLoader:240 - Cannot read IP mode file for STMicroelectronics.FP-SNS-STAIOTCFT.1.0.0
2026-05-05 10:54:28,274 [WARN] PackLoader:240 - Cannot read IP mode file for STMicroelectronics.X-CUBE-DPower.1.3.0
2026-05-05 10:54:28,277 [INFO] WebApp:894 - Register for checkConnection events
2026-05-05 10:54:28,277 [INFO] WebApp:463 - Apply proxy settings
2026-05-05 10:54:28,277 [INFO] WebApp:548 - Chromium requires no authentication
2026-05-05 10:54:28,278 [INFO] WebApp:491 - Direct internet connection detected
2026-05-05 10:54:28,283 [WARN] ConditionMgr:438 - getConditionDescription Invalid condition id : LAN8742 Phy interface Condition cause : null
2026-05-05 10:54:28,284 [WARN] PackLoader:240 - Cannot read IP mode file for STMicroelectronics.X-CUBE-AZRTOS-L4.2.0.0
2026-05-05 10:54:28,285 [WARN] ConditionMgr:1044 - genDependencies : Invalid condition id : LAN8742 Phy interface Condition cause : null
2026-05-05 10:54:28,285 [WARN] ConditionMgr:1044 - genDependencies : Invalid condition id : LAN8742 Phy interface Condition cause : null
2026-05-05 10:54:28,285 [WARN] ConditionMgr:1044 - genDependencies : Invalid condition id : LAN8742 Phy interface Condition cause : null
2026-05-05 10:54:28,290 [WARN] PackLoader:240 - Cannot read IP mode file for STMicroelectronics.X-CUBE-SFXS2LP1.4.0.0
2026-05-05 10:54:28,295 [WARN] PackLoader:240 - Cannot read IP mode file for STMicroelectronics.X-CUBE-WB05N.2.1.0
2026-05-05 10:54:28,298 [ERROR] Engine:466 - C:\Users\salem\.stm32cubemx\thirdparties\pdsc\STMicroelectronics.X-CUBE-ST67W61.1.2.0.pdsc: PDSC version is not supported
2026-05-05 10:54:28,315 [WARN] PackLoader:240 - Cannot read IP mode file for STMicroelectronics.X-CUBE-AZRTOS-H7.3.3.0
2026-05-05 10:54:28,329 [WARN] PackLoader:240 - Cannot read IP mode file for STMicroelectronics.X-CUBE-BLEMGR.4.1.0
2026-05-05 10:54:28,343 [WARN] PackLoader:240 - Cannot read IP mode file for STMicroelectronics.X-CUBE-IPS.3.0.0
2026-05-05 10:54:28,357 [WARN] ConditionMgr:438 - getConditionDescription Invalid condition id : UX DEVICE CLASS RTOS Condition cause : null
2026-05-05 10:54:28,357 [WARN] ConditionMgr:438 - getConditionDescription Invalid condition id : UX DEVICE CLASS RTOS Condition cause : null
2026-05-05 10:54:28,359 [WARN] PackLoader:240 - Cannot read IP mode file for STMicroelectronics.X-CUBE-AZRTOS-WB.2.0.0
2026-05-05 10:54:28,359 [WARN] ConditionMgr:1044 - genDependencies : Invalid condition id : UX DEVICE CLASS RTOS Condition cause : null
2026-05-05 10:54:28,360 [WARN] ConditionMgr:1044 - genDependencies : Invalid condition id : UX DEVICE CLASS RTOS Condition cause : null
2026-05-05 10:54:28,360 [WARN] ConditionMgr:1044 - genDependencies : Invalid condition id : UX DEVICE CLASS RTOS Condition cause : null
2026-05-05 10:54:28,360 [WARN] ConditionMgr:1044 - genDependencies : Invalid condition id : UX DEVICE CLASS RTOS Condition cause : null
2026-05-05 10:54:28,360 [WARN] ConditionMgr:1044 - genDependencies : Invalid condition id : UX DEVICE CLASS RTOS Condition cause : null
2026-05-05 10:54:28,365 [WARN] PackLoader:240 - Cannot read IP mode file for STMicroelectronics.X-CUBE-GNSS1.7.0.0
2026-05-05 10:54:28,382 [WARN] PackLoader:240 - Cannot read IP mode file for STMicroelectronics.X-CUBE-GNSS1.7.0.1
2026-05-05 10:54:28,386 [WARN] PackLoader:240 - Cannot read IP mode file for STMicroelectronics.X-CUBE-TOUCHGFX.4.25.0
2026-05-05 10:54:28,391 [WARN] PackLoader:240 - Cannot read IP mode file for STMicroelectronics.FP-SNS-STBOX1.2.0.0
2026-05-05 10:54:28,395 [WARN] ConditionMgr:438 - getConditionDescription Invalid condition id : Cortex-A Device cause : null
2026-05-05 10:54:28,404 [WARN] ConditionMgr:1044 - genDependencies : Invalid condition id : Cortex-A Device cause : null
2026-05-05 10:54:28,404 [WARN] ConditionMgr:1044 - genDependencies : Invalid condition id : Cortex-A Device cause : null
2026-05-05 10:54:28,404 [WARN] ConditionMgr:1044 - genDependencies : Invalid condition id : Cortex-A Device cause : null
2026-05-05 10:54:28,411 [WARN] PackLoader:240 - Cannot read IP mode file for STMicroelectronics.X-CUBE-STSE01.2.0.0
2026-05-05 10:54:28,419 [WARN] PackLoader:240 - Cannot read IP mode file for STMicroelectronics.X-CUBE-SUBG2.5.0.0
2026-05-05 10:54:28,437 [WARN] PackLoader:240 - Cannot read IP mode file for STMicroelectronics.X-CUBE-AZRTOS-H7RS.1.1.0
2026-05-05 10:54:28,441 [WARN] PackLoader:240 - Cannot read IP mode file for Cesanta.I-CUBE-Mongoose.7.13.0
2026-05-05 10:54:28,450 [WARN] PackLoader:240 - Cannot read IP mode file for STMicroelectronics.X-CUBE-AZRTOS-G4.2.0.0
2026-05-05 10:54:28,455 [WARN] PackLoader:240 - Cannot read IP mode file for wolfSSL.I-CUBE-wolfSSH.1.4.20
2026-05-05 10:54:28,458 [WARN] PackLoader:240 - Cannot read IP mode file for STMicroelectronics.X-CUBE-NFC7.2.0.0
2026-05-05 10:54:28,465 [WARN] PackLoader:240 - Cannot read IP mode file for STMicroelectronics.X-CUBE-IPS.3.1.0
2026-05-05 10:54:28,471 [WARN] PackLoader:240 - Cannot read IP mode file for STMicroelectronics.X-CUBE-ALS.1.0.2
2026-05-05 10:54:28,474 [WARN] PackLoader:240 - Cannot read IP mode file for STMicroelectronics.X-CUBE-TOUCHGFX.4.24.2
2026-05-05 10:54:28,476 [WARN] PackLoader:240 - Cannot read IP mode file for STMicroelectronics.X-CUBE-TOUCHGFX.4.24.1
2026-05-05 10:54:28,480 [WARN] PackLoader:240 - Cannot read IP mode file for STMicroelectronics.X-CUBE-STSE01.1.0.0
2026-05-05 10:54:28,483 [WARN] PackLoader:240 - Cannot read IP mode file for wolfSSL.I-CUBE-wolfTPM.3.4.0
2026-05-05 10:54:28,488 [WARN] PackLoader:240 - Cannot read IP mode file for portGmbH.I-Cube-SoM-uGOAL.1.1.0
2026-05-05 10:54:28,498 [WARN] PackLoader:240 - Cannot read IP mode file for STMicroelectronics.X-CUBE-AZRTOS-H7RS.1.0.0
2026-05-05 10:54:28,506 [WARN] PackLoader:240 - Cannot read IP mode file for STMicroelectronics.X-CUBE-TOF1.3.4.2
2026-05-05 10:54:28,518 [WARN] PackLoader:240 - Cannot read IP mode file for STMicroelectronics.X-CUBE-TOF1.3.4.3
2026-05-05 10:54:28,527 [WARN] PackLoader:240 - Cannot read IP mode file for wolfSSL.I-CUBE-wolfSSH.1.4.17
2026-05-05 10:54:28,528 [INFO] ThirdParty:978 - Integrity check success = true
2026-05-05 10:54:28,528 [INFO] IntegrityCheckThread:100 - exiting critical section [integrity check]
2026-05-05 10:54:28,528 [INFO] IntegrityCheckThread:103 - End integrity checks thread
2026-05-05 10:54:28,858 [INFO] WebApp:225 - Starting web application
2026-05-05 10:54:28,858 [INFO] WebApp:593 - Web application path used C:\ST\STM32CubeIDE_1.18.1\STM32CubeIDE\plugins\com.st.stm32cube.common.mx_6.14.1.202504091515\db\plugins\mcufinder\reactClient1\index.html
2026-05-05 10:54:29,038 [INFO] UserAuth:484 - Internet connection configuration mode: 1
2026-05-05 10:54:29,143 [ERROR] LogOutputStream:75 - [STDERR_REDIRECT] [Fatal Error] :1:1: Premature end of file.
2026-05-05 10:54:29,144 [ERROR] LogOutputStream:75 - [STDERR_REDIRECT] 
2026-05-05 10:54:30,150 [ERROR] LogOutputStream:75 - [STDERR_REDIRECT] [Fatal Error] :1:1: Premature end of file.
2026-05-05 10:54:30,151 [ERROR] LogOutputStream:75 - [STDERR_REDIRECT] 
2026-05-05 10:54:31,146 [ERROR] LogOutputStream:75 - [STDERR_REDIRECT] [Fatal Error] :1:1: Premature end of file.
2026-05-05 10:54:31,146 [ERROR] LogOutputStream:75 - [STDERR_REDIRECT] 
2026-05-05 10:54:31,347 [INFO] WebApp:191 - Connection restablished
2026-05-05 10:54:32,171 [ERROR] LogOutputStream:75 - [STDERR_REDIRECT] [Fatal Error] :1:1: Premature end of file.
2026-05-05 10:54:32,171 [ERROR] LogOutputStream:75 - [STDERR_REDIRECT] 
2026-05-05 10:54:33,154 [ERROR] LogOutputStream:75 - [STDERR_REDIRECT] [Fatal Error] :1:1: Premature end of file.
2026-05-05 10:54:33,154 [ERROR] LogOutputStream:75 - [STDERR_REDIRECT] 
2026-05-05 10:54:34,134 [ERROR] LogOutputStream:75 - [STDERR_REDIRECT] [Fatal Error] :1:1: Premature end of file.
2026-05-05 10:54:34,134 [ERROR] LogOutputStream:75 - [STDERR_REDIRECT] 
2026-05-05 10:54:35,180 [ERROR] LogOutputStream:75 - [STDERR_REDIRECT] [Fatal Error] :1:1: Premature end of file.
2026-05-05 10:54:35,180 [ERROR] LogOutputStream:75 - [STDERR_REDIRECT] 
2026-05-05 10:54:36,184 [ERROR] LogOutputStream:75 - [STDERR_REDIRECT] [Fatal Error] :1:1: Premature end of file.
2026-05-05 10:54:36,184 [ERROR] LogOutputStream:75 - [STDERR_REDIRECT] 
2026-05-05 10:54:37,145 [ERROR] LogOutputStream:75 - [STDERR_REDIRECT] [Fatal Error] :1:1: Premature end of file.
2026-05-05 10:54:37,146 [ERROR] LogOutputStream:75 - [STDERR_REDIRECT] 
2026-05-05 10:54:38,179 [ERROR] LogOutputStream:75 - [STDERR_REDIRECT] [Fatal Error] :1:1: Premature end of file.
2026-05-05 10:54:38,179 [ERROR] LogOutputStream:75 - [STDERR_REDIRECT] 
2026-05-05 10:54:39,147 [ERROR] LogOutputStream:75 - [STDERR_REDIRECT] [Fatal Error] :1:1: Premature end of file.
2026-05-05 10:54:39,148 [ERROR] LogOutputStream:75 - [STDERR_REDIRECT] 
2026-05-05 10:54:40,150 [ERROR] LogOutputStream:75 - [STDERR_REDIRECT] [Fatal Error] :1:1: Premature end of file.
2026-05-05 10:54:40,151 [ERROR] LogOutputStream:75 - [STDERR_REDIRECT] 
2026-05-05 10:54:41,152 [ERROR] LogOutputStream:75 - [STDERR_REDIRECT] [Fatal Error] :1:1: Premature end of file.
2026-05-05 10:54:41,152 [ERROR] LogOutputStream:75 - [STDERR_REDIRECT] 
2026-05-05 10:54:42,151 [ERROR] LogOutputStream:75 - [STDERR_REDIRECT] [Fatal Error] :1:1: Premature end of file.
2026-05-05 10:54:42,151 [ERROR] LogOutputStream:75 - [STDERR_REDIRECT] 
2026-05-05 10:54:43,146 [ERROR] LogOutputStream:75 - [STDERR_REDIRECT] [Fatal Error] :1:1: Premature end of file.
2026-05-05 10:54:43,146 [ERROR] LogOutputStream:75 - [STDERR_REDIRECT] 
2026-05-05 10:54:44,147 [ERROR] LogOutputStream:75 - [STDERR_REDIRECT] [Fatal Error] :1:1: Premature end of file.
2026-05-05 10:54:44,147 [ERROR] LogOutputStream:75 - [STDERR_REDIRECT] 
2026-05-05 10:54:45,178 [ERROR] LogOutputStream:75 - [STDERR_REDIRECT] [Fatal Error] :1:1: Premature end of file.
2026-05-05 10:54:45,179 [ERROR] LogOutputStream:75 - [STDERR_REDIRECT] 
2026-05-05 10:54:46,153 [ERROR] LogOutputStream:75 - [STDERR_REDIRECT] [Fatal Error] :1:1: Premature end of file.
2026-05-05 10:54:46,153 [ERROR] LogOutputStream:75 - [STDERR_REDIRECT] 
2026-05-05 10:54:47,150 [ERROR] LogOutputStream:75 - [STDERR_REDIRECT] [Fatal Error] :1:1: Premature end of file.
2026-05-05 10:54:47,151 [ERROR] LogOutputStream:75 - [STDERR_REDIRECT] 
2026-05-05 10:54:48,150 [ERROR] LogOutputStream:75 - [STDERR_REDIRECT] [Fatal Error] :1:1: Premature end of file.
2026-05-05 10:54:48,150 [ERROR] LogOutputStream:75 - [STDERR_REDIRECT] 
2026-05-05 10:54:49,148 [ERROR] LogOutputStream:75 - [STDERR_REDIRECT] [Fatal Error] :1:1: Premature end of file.
2026-05-05 10:54:49,149 [ERROR] LogOutputStream:75 - [STDERR_REDIRECT] 
2026-05-05 10:54:50,139 [ERROR] LogOutputStream:75 - [STDERR_REDIRECT] [Fatal Error] :1:1: Premature end of file.
2026-05-05 10:54:50,140 [ERROR] LogOutputStream:75 - [STDERR_REDIRECT] 
2026-05-05 10:54:51,150 [ERROR] LogOutputStream:75 - [STDERR_REDIRECT] [Fatal Error] :1:1: Premature end of file.
2026-05-05 10:54:51,150 [ERROR] LogOutputStream:75 - [STDERR_REDIRECT] 
2026-05-05 10:54:52,126 [ERROR] LogOutputStream:75 - [STDERR_REDIRECT] [Fatal Error] :1:1: Premature end of file.
2026-05-05 10:54:52,127 [ERROR] LogOutputStream:75 - [STDERR_REDIRECT] 
2026-05-05 10:54:53,162 [ERROR] LogOutputStream:75 - [STDERR_REDIRECT] [Fatal Error] :1:1: Premature end of file.
2026-05-05 10:54:53,162 [ERROR] LogOutputStream:75 - [STDERR_REDIRECT] 
2026-05-05 10:54:54,158 [ERROR] LogOutputStream:75 - [STDERR_REDIRECT] [Fatal Error] :1:1: Premature end of file.
2026-05-05 10:54:54,159 [ERROR] LogOutputStream:75 - [STDERR_REDIRECT] 
2026-05-05 10:54:55,150 [ERROR] LogOutputStream:75 - [STDERR_REDIRECT] [Fatal Error] :1:1: Premature end of file.
2026-05-05 10:54:55,150 [ERROR] LogOutputStream:75 - [STDERR_REDIRECT] 
2026-05-05 10:54:56,154 [ERROR] LogOutputStream:75 - [STDERR_REDIRECT] [Fatal Error] :1:1: Premature end of file.
2026-05-05 10:54:56,154 [ERROR] LogOutputStream:75 - [STDERR_REDIRECT] 
2026-05-05 10:54:57,151 [ERROR] LogOutputStream:75 - [STDERR_REDIRECT] [Fatal Error] :1:1: Premature end of file.
2026-05-05 10:54:57,152 [ERROR] LogOutputStream:75 - [STDERR_REDIRECT] 
2026-05-05 10:54:58,133 [ERROR] LogOutputStream:75 - [STDERR_REDIRECT] [Fatal Error] :1:1: Premature end of file.
2026-05-05 10:54:58,135 [ERROR] LogOutputStream:75 - [STDERR_REDIRECT] 
2026-05-05 10:54:59,145 [ERROR] LogOutputStream:75 - [STDERR_REDIRECT] [Fatal Error] :1:1: Premature end of file.
2026-05-05 10:54:59,145 [ERROR] LogOutputStream:75 - [STDERR_REDIRECT] 
2026-05-05 10:55:00,141 [ERROR] LogOutputStream:75 - [STDERR_REDIRECT] [Fatal Error] :1:1: Premature end of file.
2026-05-05 10:55:00,141 [ERROR] LogOutputStream:75 - [STDERR_REDIRECT] 
2026-05-05 10:55:01,144 [ERROR] LogOutputStream:75 - [STDERR_REDIRECT] [Fatal Error] :1:1: Premature end of file.
2026-05-05 10:55:01,144 [ERROR] LogOutputStream:75 - [STDERR_REDIRECT] 
2026-05-05 10:55:02,139 [ERROR] LogOutputStream:75 - [STDERR_REDIRECT] [Fatal Error] :1:1: Premature end of file.
2026-05-05 10:55:02,140 [ERROR] LogOutputStream:75 - [STDERR_REDIRECT] 
2026-05-05 10:55:03,149 [ERROR] LogOutputStream:75 - [STDERR_REDIRECT] [Fatal Error] :1:1: Premature end of file.
2026-05-05 10:55:03,149 [ERROR] LogOutputStream:75 - [STDERR_REDIRECT] 
2026-05-05 10:55:04,142 [ERROR] LogOutputStream:75 - [STDERR_REDIRECT] [Fatal Error] :1:1: Premature end of file.
2026-05-05 10:55:04,143 [ERROR] LogOutputStream:75 - [STDERR_REDIRECT] 
2026-05-05 10:55:05,145 [ERROR] LogOutputStream:75 - [STDERR_REDIRECT] [Fatal Error] :1:1: Premature end of file.
2026-05-05 10:55:05,145 [ERROR] LogOutputStream:75 - [STDERR_REDIRECT] 
2026-05-05 10:55:06,147 [ERROR] LogOutputStream:75 - [STDERR_REDIRECT] [Fatal Error] :1:1: Premature end of file.
2026-05-05 10:55:06,147 [ERROR] LogOutputStream:75 - [STDERR_REDIRECT] 
2026-05-05 10:55:07,131 [ERROR] LogOutputStream:75 - [STDERR_REDIRECT] [Fatal Error] :1:1: Premature end of file.
2026-05-05 10:55:07,131 [ERROR] LogOutputStream:75 - [STDERR_REDIRECT] 
2026-05-05 10:55:08,150 [ERROR] LogOutputStream:75 - [STDERR_REDIRECT] [Fatal Error] :1:1: Premature end of file.
2026-05-05 10:55:08,150 [ERROR] LogOutputStream:75 - [STDERR_REDIRECT] 
2026-05-05 10:55:09,137 [ERROR] LogOutputStream:75 - [STDERR_REDIRECT] [Fatal Error] :1:1: Premature end of file.
2026-05-05 10:55:09,137 [ERROR] LogOutputStream:75 - [STDERR_REDIRECT] 
2026-05-05 10:55:10,149 [ERROR] LogOutputStream:75 - [STDERR_REDIRECT] [Fatal Error] :1:1: Premature end of file.
2026-05-05 10:55:10,150 [ERROR] LogOutputStream:75 - [STDERR_REDIRECT] 
2026-05-05 10:55:11,147 [ERROR] LogOutputStream:75 - [STDERR_REDIRECT] [Fatal Error] :1:1: Premature end of file.
2026-05-05 10:55:11,148 [ERROR] LogOutputStream:75 - [STDERR_REDIRECT] 
2026-05-05 10:55:12,147 [ERROR] LogOutputStream:75 - [STDERR_REDIRECT] [Fatal Error] :1:1: Premature end of file.
2026-05-05 10:55:12,147 [ERROR] LogOutputStream:75 - [STDERR_REDIRECT] 
2026-05-05 10:55:13,139 [ERROR] LogOutputStream:75 - [STDERR_REDIRECT] [Fatal Error] :1:1: Premature end of file.
2026-05-05 10:55:13,139 [ERROR] LogOutputStream:75 - [STDERR_REDIRECT] 
2026-05-05 10:55:14,147 [ERROR] LogOutputStream:75 - [STDERR_REDIRECT] [Fatal Error] :1:1: Premature end of file.
2026-05-05 10:55:14,147 [ERROR] LogOutputStream:75 - [STDERR_REDIRECT] 
2026-05-05 10:55:15,144 [ERROR] LogOutputStream:75 - [STDERR_REDIRECT] [Fatal Error] :1:1: Premature end of file.
2026-05-05 10:55:15,145 [ERROR] LogOutputStream:75 - [STDERR_REDIRECT] 
2026-05-05 10:55:16,144 [ERROR] LogOutputStream:75 - [STDERR_REDIRECT] [Fatal Error] :1:1: Premature end of file.
2026-05-05 10:55:16,145 [ERROR] LogOutputStream:75 - [STDERR_REDIRECT] 
2026-05-05 10:55:17,154 [ERROR] LogOutputStream:75 - [STDERR_REDIRECT] [Fatal Error] :1:1: Premature end of file.
2026-05-05 10:55:17,154 [ERROR] LogOutputStream:75 - [STDERR_REDIRECT] 
2026-05-05 10:55:18,150 [ERROR] LogOutputStream:75 - [STDERR_REDIRECT] [Fatal Error] :1:1: Premature end of file.
2026-05-05 10:55:18,151 [ERROR] LogOutputStream:75 - [STDERR_REDIRECT] 
2026-05-05 10:55:19,146 [ERROR] LogOutputStream:75 - [STDERR_REDIRECT] [Fatal Error] :1:1: Premature end of file.
2026-05-05 10:55:19,146 [ERROR] LogOutputStream:75 - [STDERR_REDIRECT] 
2026-05-05 10:55:20,151 [ERROR] LogOutputStream:75 - [STDERR_REDIRECT] [Fatal Error] :1:1: Premature end of file.
2026-05-05 10:55:20,151 [ERROR] LogOutputStream:75 - [STDERR_REDIRECT] 
2026-05-05 10:55:21,169 [ERROR] LogOutputStream:75 - [STDERR_REDIRECT] [Fatal Error] :1:1: Premature end of file.
2026-05-05 10:55:21,169 [ERROR] LogOutputStream:75 - [STDERR_REDIRECT] 
2026-05-05 10:55:22,154 [ERROR] LogOutputStream:75 - [STDERR_REDIRECT] [Fatal Error] :1:1: Premature end of file.
2026-05-05 10:55:22,154 [ERROR] LogOutputStream:75 - [STDERR_REDIRECT] 
2026-05-05 10:55:23,147 [ERROR] LogOutputStream:75 - [STDERR_REDIRECT] [Fatal Error] :1:1: Premature end of file.
2026-05-05 10:55:23,148 [ERROR] LogOutputStream:75 - [STDERR_REDIRECT] 
2026-05-05 10:55:24,145 [ERROR] LogOutputStream:75 - [STDERR_REDIRECT] [Fatal Error] :1:1: Premature end of file.
2026-05-05 10:55:24,145 [ERROR] LogOutputStream:75 - [STDERR_REDIRECT] 
2026-05-05 10:55:25,174 [ERROR] LogOutputStream:75 - [STDERR_REDIRECT] [Fatal Error] :1:1: Premature end of file.
2026-05-05 10:55:25,174 [ERROR] LogOutputStream:75 - [STDERR_REDIRECT] 
2026-05-05 10:55:26,151 [ERROR] LogOutputStream:75 - [STDERR_REDIRECT] [Fatal Error] :1:1: Premature end of file.
2026-05-05 10:55:26,152 [ERROR] LogOutputStream:75 - [STDERR_REDIRECT] 
2026-05-05 10:55:27,168 [ERROR] LogOutputStream:75 - [STDERR_REDIRECT] [Fatal Error] :1:1: Premature end of file.
2026-05-05 10:55:27,169 [ERROR] LogOutputStream:75 - [STDERR_REDIRECT] 
2026-05-05 10:55:28,143 [ERROR] LogOutputStream:75 - [STDERR_REDIRECT] [Fatal Error] :1:1: Premature end of file.
2026-05-05 10:55:28,143 [ERROR] LogOutputStream:75 - [STDERR_REDIRECT] 
2026-05-05 10:55:29,158 [ERROR] LogOutputStream:75 - [STDERR_REDIRECT] [Fatal Error] :1:1: Premature end of file.
2026-05-05 10:55:29,159 [ERROR] LogOutputStream:75 - [STDERR_REDIRECT] 
2026-05-05 10:55:30,146 [ERROR] LogOutputStream:75 - [STDERR_REDIRECT] [Fatal Error] :1:1: Premature end of file.
2026-05-05 10:55:30,147 [ERROR] LogOutputStream:75 - [STDERR_REDIRECT] 
2026-05-05 10:55:31,151 [ERROR] LogOutputStream:75 - [STDERR_REDIRECT] [Fatal Error] :1:1: Premature end of file.
2026-05-05 10:55:31,152 [ERROR] LogOutputStream:75 - [STDERR_REDIRECT] 
2026-05-05 10:55:32,148 [ERROR] LogOutputStream:75 - [STDERR_REDIRECT] [Fatal Error] :1:1: Premature end of file.
2026-05-05 10:55:32,149 [ERROR] LogOutputStream:75 - [STDERR_REDIRECT] 
2026-05-05 10:55:33,143 [ERROR] LogOutputStream:75 - [STDERR_REDIRECT] [Fatal Error] :1:1: Premature end of file.
2026-05-05 10:55:33,144 [ERROR] LogOutputStream:75 - [STDERR_REDIRECT] 
2026-05-05 10:55:34,149 [ERROR] LogOutputStream:75 - [STDERR_REDIRECT] [Fatal Error] :1:1: Premature end of file.
2026-05-05 10:55:34,149 [ERROR] LogOutputStream:75 - [STDERR_REDIRECT] 
2026-05-05 10:55:35,147 [ERROR] LogOutputStream:75 - [STDERR_REDIRECT] [Fatal Error] :1:1: Premature end of file.
2026-05-05 10:55:35,148 [ERROR] LogOutputStream:75 - [STDERR_REDIRECT] 
2026-05-05 10:55:36,141 [ERROR] LogOutputStream:75 - [STDERR_REDIRECT] [Fatal Error] :1:1: Premature end of file.
2026-05-05 10:55:36,142 [ERROR] LogOutputStream:75 - [STDERR_REDIRECT] 
2026-05-05 10:55:37,149 [ERROR] LogOutputStream:75 - [STDERR_REDIRECT] [Fatal Error] :1:1: Premature end of file.
2026-05-05 10:55:37,149 [ERROR] LogOutputStream:75 - [STDERR_REDIRECT] 
2026-05-05 10:55:38,144 [ERROR] LogOutputStream:75 - [STDERR_REDIRECT] [Fatal Error] :1:1: Premature end of file.
2026-05-05 10:55:38,144 [ERROR] LogOutputStream:75 - [STDERR_REDIRECT] 
2026-05-05 10:55:39,152 [ERROR] LogOutputStream:75 - [STDERR_REDIRECT] [Fatal Error] :1:1: Premature end of file.
2026-05-05 10:55:39,152 [ERROR] LogOutputStream:75 - [STDERR_REDIRECT] 
2026-05-05 10:55:40,151 [ERROR] LogOutputStream:75 - [STDERR_REDIRECT] [Fatal Error] :1:1: Premature end of file.
2026-05-05 10:55:40,152 [ERROR] LogOutputStream:75 - [STDERR_REDIRECT] 
2026-05-05 10:55:41,142 [ERROR] LogOutputStream:75 - [STDERR_REDIRECT] [Fatal Error] :1:1: Premature end of file.
2026-05-05 10:55:41,142 [ERROR] LogOutputStream:75 - [STDERR_REDIRECT] 
2026-05-05 10:55:42,131 [ERROR] LogOutputStream:75 - [STDERR_REDIRECT] [Fatal Error] :1:1: Premature end of file.
2026-05-05 10:55:42,131 [ERROR] LogOutputStream:75 - [STDERR_REDIRECT] 
2026-05-05 10:55:43,185 [ERROR] LogOutputStream:75 - [STDERR_REDIRECT] [Fatal Error] :1:1: Premature end of file.
2026-05-05 10:55:43,185 [ERROR] LogOutputStream:75 - [STDERR_REDIRECT] 
2026-05-05 10:55:44,150 [ERROR] LogOutputStream:75 - [STDERR_REDIRECT] [Fatal Error] :1:1: Premature end of file.
2026-05-05 10:55:44,150 [ERROR] LogOutputStream:75 - [STDERR_REDIRECT] 
2026-05-05 10:55:45,130 [ERROR] LogOutputStream:75 - [STDERR_REDIRECT] [Fatal Error] :1:1: Premature end of file.
2026-05-05 10:55:45,131 [ERROR] LogOutputStream:75 - [STDERR_REDIRECT] 
2026-05-05 10:55:46,142 [ERROR] LogOutputStream:75 - [STDERR_REDIRECT] [Fatal Error] :1:1: Premature end of file.
2026-05-05 10:55:46,142 [ERROR] LogOutputStream:75 - [STDERR_REDIRECT] 
2026-05-05 10:55:47,143 [ERROR] LogOutputStream:75 - [STDERR_REDIRECT] [Fatal Error] :1:1: Premature end of file.
2026-05-05 10:55:47,144 [ERROR] LogOutputStream:75 - [STDERR_REDIRECT] 
2026-05-05 10:55:48,143 [ERROR] LogOutputStream:75 - [STDERR_REDIRECT] [Fatal Error] :1:1: Premature end of file.
2026-05-05 10:55:48,143 [ERROR] LogOutputStream:75 - [STDERR_REDIRECT] 
2026-05-05 10:55:49,140 [ERROR] LogOutputStream:75 - [STDERR_REDIRECT] [Fatal Error] :1:1: Premature end of file.
2026-05-05 10:55:49,140 [ERROR] LogOutputStream:75 - [STDERR_REDIRECT] 
2026-05-05 10:55:50,138 [ERROR] LogOutputStream:75 - [STDERR_REDIRECT] [Fatal Error] :1:1: Premature end of file.
2026-05-05 10:55:50,138 [ERROR] LogOutputStream:75 - [STDERR_REDIRECT] 
2026-05-05 10:55:51,160 [ERROR] LogOutputStream:75 - [STDERR_REDIRECT] [Fatal Error] :1:1: Premature end of file.
2026-05-05 10:55:51,161 [ERROR] LogOutputStream:75 - [STDERR_REDIRECT] 
2026-05-05 10:55:52,142 [ERROR] LogOutputStream:75 - [STDERR_REDIRECT] [Fatal Error] :1:1: Premature end of file.
2026-05-05 10:55:52,142 [ERROR] LogOutputStream:75 - [STDERR_REDIRECT] 
2026-05-05 10:55:53,138 [ERROR] LogOutputStream:75 - [STDERR_REDIRECT] [Fatal Error] :1:1: Premature end of file.
2026-05-05 10:55:53,138 [ERROR] LogOutputStream:75 - [STDERR_REDIRECT] 
2026-05-05 10:55:54,137 [ERROR] LogOutputStream:75 - [STDERR_REDIRECT] [Fatal Error] :1:1: Premature end of file.
2026-05-05 10:55:54,137 [ERROR] LogOutputStream:75 - [STDERR_REDIRECT] 
2026-05-05 10:55:55,144 [ERROR] LogOutputStream:75 - [STDERR_REDIRECT] [Fatal Error] :1:1: Premature end of file.
2026-05-05 10:55:55,144 [ERROR] LogOutputStream:75 - [STDERR_REDIRECT] 
2026-05-05 10:55:56,130 [ERROR] LogOutputStream:75 - [STDERR_REDIRECT] [Fatal Error] :1:1: Premature end of file.
2026-05-05 10:55:56,131 [ERROR] LogOutputStream:75 - [STDERR_REDIRECT] 
2026-05-05 10:55:57,149 [ERROR] LogOutputStream:75 - [STDERR_REDIRECT] [Fatal Error] :1:1: Premature end of file.
2026-05-05 10:55:57,149 [ERROR] LogOutputStream:75 - [STDERR_REDIRECT] 
2026-05-05 10:55:58,139 [ERROR] LogOutputStream:75 - [STDERR_REDIRECT] [Fatal Error] :1:1: Premature end of file.
2026-05-05 10:55:58,139 [ERROR] LogOutputStream:75 - [STDERR_REDIRECT] 
2026-05-05 10:55:59,138 [ERROR] LogOutputStream:75 - [STDERR_REDIRECT] [Fatal Error] :1:1: Premature end of file.
2026-05-05 10:55:59,139 [ERROR] LogOutputStream:75 - [STDERR_REDIRECT] 
2026-05-05 10:56:00,131 [ERROR] LogOutputStream:75 - [STDERR_REDIRECT] [Fatal Error] :1:1: Premature end of file.
2026-05-05 10:56:00,132 [ERROR] LogOutputStream:75 - [STDERR_REDIRECT] 
2026-05-05 10:56:01,133 [ERROR] LogOutputStream:75 - [STDERR_REDIRECT] [Fatal Error] :1:1: Premature end of file.
2026-05-05 10:56:01,134 [ERROR] LogOutputStream:75 - [STDERR_REDIRECT] 
2026-05-05 10:56:02,172 [ERROR] LogOutputStream:75 - [STDERR_REDIRECT] [Fatal Error] :1:1: Premature end of file.
2026-05-05 10:56:02,172 [ERROR] LogOutputStream:75 - [STDERR_REDIRECT] 
2026-05-05 10:56:03,152 [ERROR] LogOutputStream:75 - [STDERR_REDIRECT] [Fatal Error] :1:1: Premature end of file.
2026-05-05 10:56:03,153 [ERROR] LogOutputStream:75 - [STDERR_REDIRECT] 
2026-05-05 10:56:04,136 [ERROR] LogOutputStream:75 - [STDERR_REDIRECT] [Fatal Error] :1:1: Premature end of file.
2026-05-05 10:56:04,137 [ERROR] LogOutputStream:75 - [STDERR_REDIRECT] 
2026-05-05 10:56:05,137 [ERROR] LogOutputStream:75 - [STDERR_REDIRECT] [Fatal Error] :1:1: Premature end of file.
2026-05-05 10:56:05,137 [ERROR] LogOutputStream:75 - [STDERR_REDIRECT] 
2026-05-05 10:56:06,117 [ERROR] LogOutputStream:75 - [STDERR_REDIRECT] [Fatal Error] :1:1: Premature end of file.
2026-05-05 10:56:06,117 [ERROR] LogOutputStream:75 - [STDERR_REDIRECT] 
2026-05-05 10:56:07,128 [ERROR] LogOutputStream:75 - [STDERR_REDIRECT] [Fatal Error] :1:1: Premature end of file.
2026-05-05 10:56:07,129 [ERROR] LogOutputStream:75 - [STDERR_REDIRECT] 
2026-05-05 10:56:08,139 [ERROR] LogOutputStream:75 - [STDERR_REDIRECT] [Fatal Error] :1:1: Premature end of file.
2026-05-05 10:56:08,139 [ERROR] LogOutputStream:75 - [STDERR_REDIRECT] 
2026-05-05 10:56:09,172 [ERROR] LogOutputStream:75 - [STDERR_REDIRECT] [Fatal Error] :1:1: Premature end of file.
2026-05-05 10:56:09,172 [ERROR] LogOutputStream:75 - [STDERR_REDIRECT] 
2026-05-05 10:56:10,124 [ERROR] LogOutputStream:75 - [STDERR_REDIRECT] [Fatal Error] :1:1: Premature end of file.
2026-05-05 10:56:10,125 [ERROR] LogOutputStream:75 - [STDERR_REDIRECT] 
2026-05-05 10:56:11,132 [ERROR] LogOutputStream:75 - [STDERR_REDIRECT] [Fatal Error] :1:1: Premature end of file.
2026-05-05 10:56:11,132 [ERROR] LogOutputStream:75 - [STDERR_REDIRECT] 
2026-05-05 10:56:12,144 [ERROR] LogOutputStream:75 - [STDERR_REDIRECT] [Fatal Error] :1:1: Premature end of file.
2026-05-05 10:56:12,145 [ERROR] LogOutputStream:75 - [STDERR_REDIRECT] 
2026-05-05 10:56:13,137 [ERROR] LogOutputStream:75 - [STDERR_REDIRECT] [Fatal Error] :1:1: Premature end of file.
2026-05-05 10:56:13,137 [ERROR] LogOutputStream:75 - [STDERR_REDIRECT] 
2026-05-05 10:56:14,145 [ERROR] LogOutputStream:75 - [STDERR_REDIRECT] [Fatal Error] :1:1: Premature end of file.
2026-05-05 10:56:14,145 [ERROR] LogOutputStream:75 - [STDERR_REDIRECT] 
2026-05-05 10:56:15,140 [ERROR] LogOutputStream:75 - [STDERR_REDIRECT] [Fatal Error] :1:1: Premature end of file.
2026-05-05 10:56:15,141 [ERROR] LogOutputStream:75 - [STDERR_REDIRECT] 
2026-05-05 10:56:16,130 [ERROR] LogOutputStream:75 - [STDERR_REDIRECT] [Fatal Error] :1:1: Premature end of file.
2026-05-05 10:56:16,130 [ERROR] LogOutputStream:75 - [STDERR_REDIRECT] 
2026-05-05 10:56:17,144 [ERROR] LogOutputStream:75 - [STDERR_REDIRECT] [Fatal Error] :1:1: Premature end of file.
2026-05-05 10:56:17,144 [ERROR] LogOutputStream:75 - [STDERR_REDIRECT] 
2026-05-05 10:56:18,134 [ERROR] LogOutputStream:75 - [STDERR_REDIRECT] [Fatal Error] :1:1: Premature end of file.
2026-05-05 10:56:18,134 [ERROR] LogOutputStream:75 - [STDERR_REDIRECT] 
2026-05-05 10:56:19,131 [ERROR] LogOutputStream:75 - [STDERR_REDIRECT] [Fatal Error] :1:1: Premature end of file.
2026-05-05 10:56:19,132 [ERROR] LogOutputStream:75 - [STDERR_REDIRECT] 
2026-05-05 10:56:20,137 [ERROR] LogOutputStream:75 - [STDERR_REDIRECT] [Fatal Error] :1:1: Premature end of file.
2026-05-05 10:56:20,137 [ERROR] LogOutputStream:75 - [STDERR_REDIRECT] 
2026-05-05 10:56:21,178 [ERROR] LogOutputStream:75 - [STDERR_REDIRECT] [Fatal Error] :1:1: Premature end of file.
2026-05-05 10:56:21,179 [ERROR] LogOutputStream:75 - [STDERR_REDIRECT] 
2026-05-05 10:56:22,135 [ERROR] LogOutputStream:75 - [STDERR_REDIRECT] [Fatal Error] :1:1: Premature end of file.
2026-05-05 10:56:22,135 [ERROR] LogOutputStream:75 - [STDERR_REDIRECT] 
2026-05-05 10:56:23,145 [ERROR] LogOutputStream:75 - [STDERR_REDIRECT] [Fatal Error] :1:1: Premature end of file.
2026-05-05 10:56:23,145 [ERROR] LogOutputStream:75 - [STDERR_REDIRECT] 
2026-05-05 10:56:24,145 [ERROR] LogOutputStream:75 - [STDERR_REDIRECT] [Fatal Error] :1:1: Premature end of file.
2026-05-05 10:56:24,146 [ERROR] LogOutputStream:75 - [STDERR_REDIRECT] 
2026-05-05 10:56:25,137 [ERROR] LogOutputStream:75 - [STDERR_REDIRECT] [Fatal Error] :1:1: Premature end of file.
2026-05-05 10:56:25,138 [ERROR] LogOutputStream:75 - [STDERR_REDIRECT] 
2026-05-05 10:56:26,125 [ERROR] LogOutputStream:75 - [STDERR_REDIRECT] [Fatal Error] :1:1: Premature end of file.
2026-05-05 10:56:26,126 [ERROR] LogOutputStream:75 - [STDERR_REDIRECT] 
2026-05-05 10:56:27,136 [ERROR] LogOutputStream:75 - [STDERR_REDIRECT] [Fatal Error] :1:1: Premature end of file.
2026-05-05 10:56:27,136 [ERROR] LogOutputStream:75 - [STDERR_REDIRECT] 
2026-05-05 10:56:28,121 [ERROR] LogOutputStream:75 - [STDERR_REDIRECT] [Fatal Error] :1:1: Premature end of file.
2026-05-05 10:56:28,121 [ERROR] LogOutputStream:75 - [STDERR_REDIRECT] 
2026-05-05 10:56:29,142 [ERROR] LogOutputStream:75 - [STDERR_REDIRECT] [Fatal Error] :1:1: Premature end of file.
2026-05-05 10:56:29,142 [ERROR] LogOutputStream:75 - [STDERR_REDIRECT] 
2026-05-05 10:56:30,137 [ERROR] LogOutputStream:75 - [STDERR_REDIRECT] [Fatal Error] :1:1: Premature end of file.
2026-05-05 10:56:30,137 [ERROR] LogOutputStream:75 - [STDERR_REDIRECT] 
2026-05-05 10:56:31,146 [ERROR] LogOutputStream:75 - [STDERR_REDIRECT] [Fatal Error] :1:1: Premature end of file.
2026-05-05 10:56:31,146 [ERROR] LogOutputStream:75 - [STDERR_REDIRECT] 
2026-05-05 10:56:32,145 [ERROR] LogOutputStream:75 - [STDERR_REDIRECT] [Fatal Error] :1:1: Premature end of file.
2026-05-05 10:56:32,146 [ERROR] LogOutputStream:75 - [STDERR_REDIRECT] 
2026-05-05 10:56:33,140 [ERROR] LogOutputStream:75 - [STDERR_REDIRECT] [Fatal Error] :1:1: Premature end of file.
2026-05-05 10:56:33,141 [ERROR] LogOutputStream:75 - [STDERR_REDIRECT] 
2026-05-05 10:56:34,120 [ERROR] LogOutputStream:75 - [STDERR_REDIRECT] [Fatal Error] :1:1: Premature end of file.
2026-05-05 10:56:34,121 [ERROR] LogOutputStream:75 - [STDERR_REDIRECT] 
2026-05-05 10:56:35,123 [ERROR] LogOutputStream:75 - [STDERR_REDIRECT] [Fatal Error] :1:1: Premature end of file.
2026-05-05 10:56:35,124 [ERROR] LogOutputStream:75 - [STDERR_REDIRECT] 
2026-05-05 10:56:36,147 [ERROR] LogOutputStream:75 - [STDERR_REDIRECT] [Fatal Error] :1:1: Premature end of file.
2026-05-05 10:56:36,148 [ERROR] LogOutputStream:75 - [STDERR_REDIRECT] 
2026-05-05 10:56:37,143 [ERROR] LogOutputStream:75 - [STDERR_REDIRECT] [Fatal Error] :1:1: Premature end of file.
2026-05-05 10:56:37,144 [ERROR] LogOutputStream:75 - [STDERR_REDIRECT] 
2026-05-05 10:56:38,148 [ERROR] LogOutputStream:75 - [STDERR_REDIRECT] [Fatal Error] :1:1: Premature end of file.
2026-05-05 10:56:38,148 [ERROR] LogOutputStream:75 - [STDERR_REDIRECT] 
2026-05-05 10:56:39,135 [ERROR] LogOutputStream:75 - [STDERR_REDIRECT] [Fatal Error] :1:1: Premature end of file.
2026-05-05 10:56:39,135 [ERROR] LogOutputStream:75 - [STDERR_REDIRECT] 
2026-05-05 10:56:40,136 [ERROR] LogOutputStream:75 - [STDERR_REDIRECT] [Fatal Error] :1:1: Premature end of file.
2026-05-05 10:56:40,137 [ERROR] LogOutputStream:75 - [STDERR_REDIRECT] 
2026-05-05 10:56:41,147 [ERROR] LogOutputStream:75 - [STDERR_REDIRECT] [Fatal Error] :1:1: Premature end of file.
2026-05-05 10:56:41,148 [ERROR] LogOutputStream:75 - [STDERR_REDIRECT] 
2026-05-05 10:56:42,141 [ERROR] LogOutputStream:75 - [STDERR_REDIRECT] [Fatal Error] :1:1: Premature end of file.
2026-05-05 10:56:42,141 [ERROR] LogOutputStream:75 - [STDERR_REDIRECT] 
2026-05-05 10:56:43,145 [ERROR] LogOutputStream:75 - [STDERR_REDIRECT] [Fatal Error] :1:1: Premature end of file.
2026-05-05 10:56:43,145 [ERROR] LogOutputStream:75 - [STDERR_REDIRECT] 
2026-05-05 10:56:44,123 [ERROR] LogOutputStream:75 - [STDERR_REDIRECT] [Fatal Error] :1:1: Premature end of file.
2026-05-05 10:56:44,124 [ERROR] LogOutputStream:75 - [STDERR_REDIRECT] 
2026-05-05 10:56:45,136 [ERROR] LogOutputStream:75 - [STDERR_REDIRECT] [Fatal Error] :1:1: Premature end of file.
2026-05-05 10:56:45,136 [ERROR] LogOutputStream:75 - [STDERR_REDIRECT] 
2026-05-05 10:56:46,128 [ERROR] LogOutputStream:75 - [STDERR_REDIRECT] [Fatal Error] :1:1: Premature end of file.
2026-05-05 10:56:46,128 [ERROR] LogOutputStream:75 - [STDERR_REDIRECT] 
2026-05-05 10:56:47,140 [ERROR] LogOutputStream:75 - [STDERR_REDIRECT] [Fatal Error] :1:1: Premature end of file.
2026-05-05 10:56:47,141 [ERROR] LogOutputStream:75 - [STDERR_REDIRECT] 
2026-05-05 10:56:48,124 [ERROR] LogOutputStream:75 - [STDERR_REDIRECT] [Fatal Error] :1:1: Premature end of file.
2026-05-05 10:56:48,125 [ERROR] LogOutputStream:75 - [STDERR_REDIRECT] 
2026-05-05 10:56:49,120 [ERROR] LogOutputStream:75 - [STDERR_REDIRECT] [Fatal Error] :1:1: Premature end of file.
2026-05-05 10:56:49,120 [ERROR] LogOutputStream:75 - [STDERR_REDIRECT] 
2026-05-05 10:56:50,148 [ERROR] LogOutputStream:75 - [STDERR_REDIRECT] [Fatal Error] :1:1: Premature end of file.
2026-05-05 10:56:50,148 [ERROR] LogOutputStream:75 - [STDERR_REDIRECT] 
2026-05-05 10:56:51,140 [ERROR] LogOutputStream:75 - [STDERR_REDIRECT] [Fatal Error] :1:1: Premature end of file.
2026-05-05 10:56:51,140 [ERROR] LogOutputStream:75 - [STDERR_REDIRECT] 
2026-05-05 10:56:52,137 [ERROR] LogOutputStream:75 - [STDERR_REDIRECT] [Fatal Error] :1:1: Premature end of file.
2026-05-05 10:56:52,138 [ERROR] LogOutputStream:75 - [STDERR_REDIRECT] 
2026-05-05 10:56:53,139 [ERROR] LogOutputStream:75 - [STDERR_REDIRECT] [Fatal Error] :1:1: Premature end of file.
2026-05-05 10:56:53,139 [ERROR] LogOutputStream:75 - [STDERR_REDIRECT] 
2026-05-05 10:56:54,148 [ERROR] LogOutputStream:75 - [STDERR_REDIRECT] [Fatal Error] :1:1: Premature end of file.
2026-05-05 10:56:54,148 [ERROR] LogOutputStream:75 - [STDERR_REDIRECT] 
2026-05-05 10:56:55,133 [ERROR] LogOutputStream:75 - [STDERR_REDIRECT] [Fatal Error] :1:1: Premature end of file.
2026-05-05 10:56:55,133 [ERROR] LogOutputStream:75 - [STDERR_REDIRECT] 
2026-05-05 10:56:56,140 [ERROR] LogOutputStream:75 - [STDERR_REDIRECT] [Fatal Error] :1:1: Premature end of file.
2026-05-05 10:56:56,140 [ERROR] LogOutputStream:75 - [STDERR_REDIRECT] 
2026-05-05 10:56:57,138 [ERROR] LogOutputStream:75 - [STDERR_REDIRECT] [Fatal Error] :1:1: Premature end of file.
2026-05-05 10:56:57,139 [ERROR] LogOutputStream:75 - [STDERR_REDIRECT] 
2026-05-05 10:56:58,136 [ERROR] LogOutputStream:75 - [STDERR_REDIRECT] [Fatal Error] :1:1: Premature end of file.
2026-05-05 10:56:58,137 [ERROR] LogOutputStream:75 - [STDERR_REDIRECT] 
2026-05-05 10:56:59,154 [ERROR] LogOutputStream:75 - [STDERR_REDIRECT] [Fatal Error] :1:1: Premature end of file.
2026-05-05 10:56:59,154 [ERROR] LogOutputStream:75 - [STDERR_REDIRECT] 
2026-05-05 10:57:00,130 [ERROR] LogOutputStream:75 - [STDERR_REDIRECT] [Fatal Error] :1:1: Premature end of file.
2026-05-05 10:57:00,130 [ERROR] LogOutputStream:75 - [STDERR_REDIRECT] 
2026-05-05 10:57:01,151 [ERROR] LogOutputStream:75 - [STDERR_REDIRECT] [Fatal Error] :1:1: Premature end of file.
2026-05-05 10:57:01,151 [ERROR] LogOutputStream:75 - [STDERR_REDIRECT] 
2026-05-05 10:57:02,136 [ERROR] LogOutputStream:75 - [STDERR_REDIRECT] [Fatal Error] :1:1: Premature end of file.
2026-05-05 10:57:02,136 [ERROR] LogOutputStream:75 - [STDERR_REDIRECT] 
2026-05-05 10:57:03,152 [ERROR] LogOutputStream:75 - [STDERR_REDIRECT] [Fatal Error] :1:1: Premature end of file.
2026-05-05 10:57:03,152 [ERROR] LogOutputStream:75 - [STDERR_REDIRECT] 
2026-05-05 10:57:04,142 [ERROR] LogOutputStream:75 - [STDERR_REDIRECT] [Fatal Error] :1:1: Premature end of file.
2026-05-05 10:57:04,142 [ERROR] LogOutputStream:75 - [STDERR_REDIRECT] 
2026-05-05 10:57:05,138 [ERROR] LogOutputStream:75 - [STDERR_REDIRECT] [Fatal Error] :1:1: Premature end of file.
2026-05-05 10:57:05,139 [ERROR] LogOutputStream:75 - [STDERR_REDIRECT] 
2026-05-05 10:57:06,132 [ERROR] LogOutputStream:75 - [STDERR_REDIRECT] [Fatal Error] :1:1: Premature end of file.
2026-05-05 10:57:06,132 [ERROR] LogOutputStream:75 - [STDERR_REDIRECT] 
2026-05-05 10:57:07,139 [ERROR] LogOutputStream:75 - [STDERR_REDIRECT] [Fatal Error] :1:1: Premature end of file.
2026-05-05 10:57:07,139 [ERROR] LogOutputStream:75 - [STDERR_REDIRECT] 
2026-05-05 10:57:08,145 [ERROR] LogOutputStream:75 - [STDERR_REDIRECT] [Fatal Error] :1:1: Premature end of file.
2026-05-05 10:57:08,145 [ERROR] LogOutputStream:75 - [STDERR_REDIRECT] 
2026-05-05 10:57:09,151 [ERROR] LogOutputStream:75 - [STDERR_REDIRECT] [Fatal Error] :1:1: Premature end of file.
2026-05-05 10:57:09,152 [ERROR] LogOutputStream:75 - [STDERR_REDIRECT] 
2026-05-05 10:57:10,135 [ERROR] LogOutputStream:75 - [STDERR_REDIRECT] [Fatal Error] :1:1: Premature end of file.
2026-05-05 10:57:10,136 [ERROR] LogOutputStream:75 - [STDERR_REDIRECT] 
2026-05-05 10:57:11,131 [ERROR] LogOutputStream:75 - [STDERR_REDIRECT] [Fatal Error] :1:1: Premature end of file.
2026-05-05 10:57:11,131 [ERROR] LogOutputStream:75 - [STDERR_REDIRECT] 
2026-05-05 10:57:12,128 [ERROR] LogOutputStream:75 - [STDERR_REDIRECT] [Fatal Error] :1:1: Premature end of file.
2026-05-05 10:57:12,128 [ERROR] LogOutputStream:75 - [STDERR_REDIRECT] 
2026-05-05 10:57:13,136 [ERROR] LogOutputStream:75 - [STDERR_REDIRECT] [Fatal Error] :1:1: Premature end of file.
2026-05-05 10:57:13,137 [ERROR] LogOutputStream:75 - [STDERR_REDIRECT] 
2026-05-05 10:57:14,170 [ERROR] LogOutputStream:75 - [STDERR_REDIRECT] [Fatal Error] :1:1: Premature end of file.
2026-05-05 10:57:14,171 [ERROR] LogOutputStream:75 - [STDERR_REDIRECT] 
2026-05-05 10:57:15,126 [ERROR] LogOutputStream:75 - [STDERR_REDIRECT] [Fatal Error] :1:1: Premature end of file.
2026-05-05 10:57:15,127 [ERROR] LogOutputStream:75 - [STDERR_REDIRECT] 
2026-05-05 10:57:16,143 [ERROR] LogOutputStream:75 - [STDERR_REDIRECT] [Fatal Error] :1:1: Premature end of file.
2026-05-05 10:57:16,144 [ERROR] LogOutputStream:75 - [STDERR_REDIRECT] 
2026-05-05 10:57:17,149 [ERROR] LogOutputStream:75 - [STDERR_REDIRECT] [Fatal Error] :1:1: Premature end of file.
2026-05-05 10:57:17,149 [ERROR] LogOutputStream:75 - [STDERR_REDIRECT] 
2026-05-05 10:57:18,140 [ERROR] LogOutputStream:75 - [STDERR_REDIRECT] [Fatal Error] :1:1: Premature end of file.
2026-05-05 10:57:18,141 [ERROR] LogOutputStream:75 - [STDERR_REDIRECT] 
2026-05-05 10:57:19,143 [ERROR] LogOutputStream:75 - [STDERR_REDIRECT] [Fatal Error] :1:1: Premature end of file.
2026-05-05 10:57:19,144 [ERROR] LogOutputStream:75 - [STDERR_REDIRECT] 
2026-05-05 10:57:20,136 [ERROR] LogOutputStream:75 - [STDERR_REDIRECT] [Fatal Error] :1:1: Premature end of file.
2026-05-05 10:57:20,136 [ERROR] LogOutputStream:75 - [STDERR_REDIRECT] 
2026-05-05 10:57:21,123 [ERROR] LogOutputStream:75 - [STDERR_REDIRECT] [Fatal Error] :1:1: Premature end of file.
2026-05-05 10:57:21,124 [ERROR] LogOutputStream:75 - [STDERR_REDIRECT] 
2026-05-05 10:57:22,137 [ERROR] LogOutputStream:75 - [STDERR_REDIRECT] [Fatal Error] :1:1: Premature end of file.
2026-05-05 10:57:22,138 [ERROR] LogOutputStream:75 - [STDERR_REDIRECT] 
2026-05-05 10:57:23,163 [ERROR] LogOutputStream:75 - [STDERR_REDIRECT] [Fatal Error] :1:1: Premature end of file.
2026-05-05 10:57:23,163 [ERROR] LogOutputStream:75 - [STDERR_REDIRECT] 
2026-05-05 10:57:24,148 [ERROR] LogOutputStream:75 - [STDERR_REDIRECT] [Fatal Error] :1:1: Premature end of file.
2026-05-05 10:57:24,148 [ERROR] LogOutputStream:75 - [STDERR_REDIRECT] 
2026-05-05 10:57:25,133 [ERROR] LogOutputStream:75 - [STDERR_REDIRECT] [Fatal Error] :1:1: Premature end of file.
2026-05-05 10:57:25,134 [ERROR] LogOutputStream:75 - [STDERR_REDIRECT] 
2026-05-05 10:57:26,147 [ERROR] LogOutputStream:75 - [STDERR_REDIRECT] [Fatal Error] :1:1: Premature end of file.
2026-05-05 10:57:26,147 [ERROR] LogOutputStream:75 - [STDERR_REDIRECT] 
2026-05-05 10:57:27,141 [ERROR] LogOutputStream:75 - [STDERR_REDIRECT] [Fatal Error] :1:1: Premature end of file.
2026-05-05 10:57:27,141 [ERROR] LogOutputStream:75 - [STDERR_REDIRECT] 
2026-05-05 10:57:28,141 [ERROR] LogOutputStream:75 - [STDERR_REDIRECT] [Fatal Error] :1:1: Premature end of file.
2026-05-05 10:57:28,141 [ERROR] LogOutputStream:75 - [STDERR_REDIRECT] 
2026-05-05 10:57:29,140 [ERROR] LogOutputStream:75 - [STDERR_REDIRECT] [Fatal Error] :1:1: Premature end of file.
2026-05-05 10:57:29,140 [ERROR] LogOutputStream:75 - [STDERR_REDIRECT] 
2026-05-05 10:57:30,133 [ERROR] LogOutputStream:75 - [STDERR_REDIRECT] [Fatal Error] :1:1: Premature end of file.
2026-05-05 10:57:30,133 [ERROR] LogOutputStream:75 - [STDERR_REDIRECT] 
2026-05-05 10:57:31,132 [ERROR] LogOutputStream:75 - [STDERR_REDIRECT] [Fatal Error] :1:1: Premature end of file.
2026-05-05 10:57:31,132 [ERROR] LogOutputStream:75 - [STDERR_REDIRECT] 
2026-05-05 10:57:32,147 [ERROR] LogOutputStream:75 - [STDERR_REDIRECT] [Fatal Error] :1:1: Premature end of file.
2026-05-05 10:57:32,148 [ERROR] LogOutputStream:75 - [STDERR_REDIRECT] 
2026-05-05 10:57:33,124 [ERROR] LogOutputStream:75 - [STDERR_REDIRECT] [Fatal Error] :1:1: Premature end of file.
2026-05-05 10:57:33,125 [ERROR] LogOutputStream:75 - [STDERR_REDIRECT] 
2026-05-05 10:57:34,135 [ERROR] LogOutputStream:75 - [STDERR_REDIRECT] [Fatal Error] :1:1: Premature end of file.
2026-05-05 10:57:34,136 [ERROR] LogOutputStream:75 - [STDERR_REDIRECT] 
2026-05-05 10:57:35,143 [ERROR] LogOutputStream:75 - [STDERR_REDIRECT] [Fatal Error] :1:1: Premature end of file.
2026-05-05 10:57:35,143 [ERROR] LogOutputStream:75 - [STDERR_REDIRECT] 
2026-05-05 10:57:36,146 [ERROR] LogOutputStream:75 - [STDERR_REDIRECT] [Fatal Error] :1:1: Premature end of file.
2026-05-05 10:57:36,147 [ERROR] LogOutputStream:75 - [STDERR_REDIRECT] 
2026-05-05 10:57:37,141 [ERROR] LogOutputStream:75 - [STDERR_REDIRECT] [Fatal Error] :1:1: Premature end of file.
2026-05-05 10:57:37,141 [ERROR] LogOutputStream:75 - [STDERR_REDIRECT] 
2026-05-05 10:57:38,141 [ERROR] LogOutputStream:75 - [STDERR_REDIRECT] [Fatal Error] :1:1: Premature end of file.
2026-05-05 10:57:38,141 [ERROR] LogOutputStream:75 - [STDERR_REDIRECT] 
2026-05-05 10:57:39,141 [ERROR] LogOutputStream:75 - [STDERR_REDIRECT] [Fatal Error] :1:1: Premature end of file.
2026-05-05 10:57:39,141 [ERROR] LogOutputStream:75 - [STDERR_REDIRECT] 
2026-05-05 10:57:40,143 [ERROR] LogOutputStream:75 - [STDERR_REDIRECT] [Fatal Error] :1:1: Premature end of file.
2026-05-05 10:57:40,143 [ERROR] LogOutputStream:75 - [STDERR_REDIRECT] 
2026-05-05 10:57:41,160 [ERROR] LogOutputStream:75 - [STDERR_REDIRECT] [Fatal Error] :1:1: Premature end of file.
2026-05-05 10:57:41,160 [ERROR] LogOutputStream:75 - [STDERR_REDIRECT] 
2026-05-05 10:57:42,123 [ERROR] LogOutputStream:75 - [STDERR_REDIRECT] [Fatal Error] :1:1: Premature end of file.
2026-05-05 10:57:42,123 [ERROR] LogOutputStream:75 - [STDERR_REDIRECT] 
2026-05-05 10:57:43,131 [ERROR] LogOutputStream:75 - [STDERR_REDIRECT] [Fatal Error] :1:1: Premature end of file.
2026-05-05 10:57:43,131 [ERROR] LogOutputStream:75 - [STDERR_REDIRECT] 
2026-05-05 10:57:44,153 [ERROR] LogOutputStream:75 - [STDERR_REDIRECT] [Fatal Error] :1:1: Premature end of file.
2026-05-05 10:57:44,153 [ERROR] LogOutputStream:75 - [STDERR_REDIRECT] 
2026-05-05 10:57:45,140 [ERROR] LogOutputStream:75 - [STDERR_REDIRECT] [Fatal Error] :1:1: Premature end of file.
2026-05-05 10:57:45,140 [ERROR] LogOutputStream:75 - [STDERR_REDIRECT] 
2026-05-05 10:57:46,141 [ERROR] LogOutputStream:75 - [STDERR_REDIRECT] [Fatal Error] :1:1: Premature end of file.
2026-05-05 10:57:46,141 [ERROR] LogOutputStream:75 - [STDERR_REDIRECT] 
2026-05-05 10:57:47,144 [ERROR] LogOutputStream:75 - [STDERR_REDIRECT] [Fatal Error] :1:1: Premature end of file.
2026-05-05 10:57:47,144 [ERROR] LogOutputStream:75 - [STDERR_REDIRECT] 
2026-05-05 10:57:48,129 [ERROR] LogOutputStream:75 - [STDERR_REDIRECT] [Fatal Error] :1:1: Premature end of file.
2026-05-05 10:57:48,129 [ERROR] LogOutputStream:75 - [STDERR_REDIRECT] 
2026-05-05 10:57:49,141 [ERROR] LogOutputStream:75 - [STDERR_REDIRECT] [Fatal Error] :1:1: Premature end of file.
2026-05-05 10:57:49,141 [ERROR] LogOutputStream:75 - [STDERR_REDIRECT] 
2026-05-05 10:57:50,139 [ERROR] LogOutputStream:75 - [STDERR_REDIRECT] [Fatal Error] :1:1: Premature end of file.
2026-05-05 10:57:50,139 [ERROR] LogOutputStream:75 - [STDERR_REDIRECT] 
2026-05-05 10:57:51,139 [ERROR] LogOutputStream:75 - [STDERR_REDIRECT] [Fatal Error] :1:1: Premature end of file.
2026-05-05 10:57:51,139 [ERROR] LogOutputStream:75 - [STDERR_REDIRECT] 
2026-05-05 10:57:52,130 [ERROR] LogOutputStream:75 - [STDERR_REDIRECT] [Fatal Error] :1:1: Premature end of file.
2026-05-05 10:57:52,131 [ERROR] LogOutputStream:75 - [STDERR_REDIRECT] 
2026-05-05 10:57:53,127 [ERROR] LogOutputStream:75 - [STDERR_REDIRECT] [Fatal Error] :1:1: Premature end of file.
2026-05-05 10:57:53,127 [ERROR] LogOutputStream:75 - [STDERR_REDIRECT] 
2026-05-05 10:57:54,142 [ERROR] LogOutputStream:75 - [STDERR_REDIRECT] [Fatal Error] :1:1: Premature end of file.
2026-05-05 10:57:54,142 [ERROR] LogOutputStream:75 - [STDERR_REDIRECT] 
2026-05-05 10:57:55,138 [ERROR] LogOutputStream:75 - [STDERR_REDIRECT] [Fatal Error] :1:1: Premature end of file.
2026-05-05 10:57:55,138 [ERROR] LogOutputStream:75 - [STDERR_REDIRECT] 
2026-05-05 10:57:56,139 [ERROR] LogOutputStream:75 - [STDERR_REDIRECT] [Fatal Error] :1:1: Premature end of file.
2026-05-05 10:57:56,140 [ERROR] LogOutputStream:75 - [STDERR_REDIRECT] 
2026-05-05 10:57:57,135 [ERROR] LogOutputStream:75 - [STDERR_REDIRECT] [Fatal Error] :1:1: Premature end of file.
2026-05-05 10:57:57,135 [ERROR] LogOutputStream:75 - [STDERR_REDIRECT] 
2026-05-05 10:57:58,130 [ERROR] LogOutputStream:75 - [STDERR_REDIRECT] [Fatal Error] :1:1: Premature end of file.
2026-05-05 10:57:58,130 [ERROR] LogOutputStream:75 - [STDERR_REDIRECT] 
2026-05-05 10:57:59,133 [ERROR] LogOutputStream:75 - [STDERR_REDIRECT] [Fatal Error] :1:1: Premature end of file.
2026-05-05 10:57:59,134 [ERROR] LogOutputStream:75 - [STDERR_REDIRECT] 
2026-05-05 10:58:00,117 [ERROR] LogOutputStream:75 - [STDERR_REDIRECT] [Fatal Error] :1:1: Premature end of file.
2026-05-05 10:58:00,117 [ERROR] LogOutputStream:75 - [STDERR_REDIRECT] 
2026-05-05 10:58:01,134 [ERROR] LogOutputStream:75 - [STDERR_REDIRECT] [Fatal Error] :1:1: Premature end of file.
2026-05-05 10:58:01,135 [ERROR] LogOutputStream:75 - [STDERR_REDIRECT] 
2026-05-05 10:58:02,142 [ERROR] LogOutputStream:75 - [STDERR_REDIRECT] [Fatal Error] :1:1: Premature end of file.
2026-05-05 10:58:02,142 [ERROR] LogOutputStream:75 - [STDERR_REDIRECT] 
2026-05-05 10:58:03,117 [ERROR] LogOutputStream:75 - [STDERR_REDIRECT] [Fatal Error] :1:1: Premature end of file.
2026-05-05 10:58:03,117 [ERROR] LogOutputStream:75 - [STDERR_REDIRECT] 
2026-05-05 10:58:04,125 [ERROR] LogOutputStream:75 - [STDERR_REDIRECT] [Fatal Error] :1:1: Premature end of file.
2026-05-05 10:58:04,126 [ERROR] LogOutputStream:75 - [STDERR_REDIRECT] 
2026-05-05 10:58:05,132 [ERROR] LogOutputStream:75 - [STDERR_REDIRECT] [Fatal Error] :1:1: Premature end of file.
2026-05-05 10:58:05,133 [ERROR] LogOutputStream:75 - [STDERR_REDIRECT] 
2026-05-05 10:58:06,130 [ERROR] LogOutputStream:75 - [STDERR_REDIRECT] [Fatal Error] :1:1: Premature end of file.
2026-05-05 10:58:06,131 [ERROR] LogOutputStream:75 - [STDERR_REDIRECT] 
2026-05-05 10:58:07,145 [ERROR] LogOutputStream:75 - [STDERR_REDIRECT] [Fatal Error] :1:1: Premature end of file.
2026-05-05 10:58:07,146 [ERROR] LogOutputStream:75 - [STDERR_REDIRECT] 
2026-05-05 10:58:08,139 [ERROR] LogOutputStream:75 - [STDERR_REDIRECT] [Fatal Error] :1:1: Premature end of file.
2026-05-05 10:58:08,140 [ERROR] LogOutputStream:75 - [STDERR_REDIRECT] 
2026-05-05 10:58:09,121 [ERROR] LogOutputStream:75 - [STDERR_REDIRECT] [Fatal Error] :1:1: Premature end of file.
2026-05-05 10:58:09,121 [ERROR] LogOutputStream:75 - [STDERR_REDIRECT] 
2026-05-05 10:58:10,165 [ERROR] LogOutputStream:75 - [STDERR_REDIRECT] [Fatal Error] :1:1: Premature end of file.
2026-05-05 10:58:10,165 [ERROR] LogOutputStream:75 - [STDERR_REDIRECT] 
2026-05-05 10:58:11,134 [ERROR] LogOutputStream:75 - [STDERR_REDIRECT] [Fatal Error] :1:1: Premature end of file.
2026-05-05 10:58:11,134 [ERROR] LogOutputStream:75 - [STDERR_REDIRECT] 
2026-05-05 10:58:12,128 [ERROR] LogOutputStream:75 - [STDERR_REDIRECT] [Fatal Error] :1:1: Premature end of file.
2026-05-05 10:58:12,128 [ERROR] LogOutputStream:75 - [STDERR_REDIRECT] 
2026-05-05 10:58:13,143 [ERROR] LogOutputStream:75 - [STDERR_REDIRECT] [Fatal Error] :1:1: Premature end of file.
2026-05-05 10:58:13,143 [ERROR] LogOutputStream:75 - [STDERR_REDIRECT] 
2026-05-05 10:58:14,146 [ERROR] LogOutputStream:75 - [STDERR_REDIRECT] [Fatal Error] :1:1: Premature end of file.
2026-05-05 10:58:14,146 [ERROR] LogOutputStream:75 - [STDERR_REDIRECT] 
2026-05-05 10:58:15,123 [ERROR] LogOutputStream:75 - [STDERR_REDIRECT] [Fatal Error] :1:1: Premature end of file.
2026-05-05 10:58:15,123 [ERROR] LogOutputStream:75 - [STDERR_REDIRECT] 
2026-05-05 10:58:16,125 [ERROR] LogOutputStream:75 - [STDERR_REDIRECT] [Fatal Error] :1:1: Premature end of file.
2026-05-05 10:58:16,125 [ERROR] LogOutputStream:75 - [STDERR_REDIRECT] 
2026-05-05 10:58:17,138 [ERROR] LogOutputStream:75 - [STDERR_REDIRECT] [Fatal Error] :1:1: Premature end of file.
2026-05-05 10:58:17,139 [ERROR] LogOutputStream:75 - [STDERR_REDIRECT] 
2026-05-05 10:58:18,131 [ERROR] LogOutputStream:75 - [STDERR_REDIRECT] [Fatal Error] :1:1: Premature end of file.
2026-05-05 10:58:18,131 [ERROR] LogOutputStream:75 - [STDERR_REDIRECT] 
2026-05-05 10:58:19,132 [ERROR] LogOutputStream:75 - [STDERR_REDIRECT] [Fatal Error] :1:1: Premature end of file.
2026-05-05 10:58:19,132 [ERROR] LogOutputStream:75 - [STDERR_REDIRECT] 
2026-05-05 10:58:20,140 [ERROR] LogOutputStream:75 - [STDERR_REDIRECT] [Fatal Error] :1:1: Premature end of file.
2026-05-05 10:58:20,140 [ERROR] LogOutputStream:75 - [STDERR_REDIRECT] 
2026-05-05 10:58:21,132 [ERROR] LogOutputStream:75 - [STDERR_REDIRECT] [Fatal Error] :1:1: Premature end of file.
2026-05-05 10:58:21,133 [ERROR] LogOutputStream:75 - [STDERR_REDIRECT] 
2026-05-05 10:58:22,130 [ERROR] LogOutputStream:75 - [STDERR_REDIRECT] [Fatal Error] :1:1: Premature end of file.
2026-05-05 10:58:22,131 [ERROR] LogOutputStream:75 - [STDERR_REDIRECT] 
2026-05-05 10:58:23,142 [ERROR] LogOutputStream:75 - [STDERR_REDIRECT] [Fatal Error] :1:1: Premature end of file.
2026-05-05 10:58:23,143 [ERROR] LogOutputStream:75 - [STDERR_REDIRECT] 
2026-05-05 10:58:24,140 [ERROR] LogOutputStream:75 - [STDERR_REDIRECT] [Fatal Error] :1:1: Premature end of file.
2026-05-05 10:58:24,140 [ERROR] LogOutputStream:75 - [STDERR_REDIRECT] 
2026-05-05 10:58:25,142 [ERROR] LogOutputStream:75 - [STDERR_REDIRECT] [Fatal Error] :1:1: Premature end of file.
2026-05-05 10:58:25,142 [ERROR] LogOutputStream:75 - [STDERR_REDIRECT] 
2026-05-05 10:58:26,131 [ERROR] LogOutputStream:75 - [STDERR_REDIRECT] [Fatal Error] :1:1: Premature end of file.
2026-05-05 10:58:26,131 [ERROR] LogOutputStream:75 - [STDERR_REDIRECT] 
2026-05-05 10:58:27,131 [ERROR] LogOutputStream:75 - [STDERR_REDIRECT] [Fatal Error] :1:1: Premature end of file.
2026-05-05 10:58:27,132 [ERROR] LogOutputStream:75 - [STDERR_REDIRECT] 
2026-05-05 10:58:28,126 [ERROR] LogOutputStream:75 - [STDERR_REDIRECT] [Fatal Error] :1:1: Premature end of file.
2026-05-05 10:58:28,126 [ERROR] LogOutputStream:75 - [STDERR_REDIRECT] 
2026-05-05 10:58:29,130 [ERROR] LogOutputStream:75 - [STDERR_REDIRECT] [Fatal Error] :1:1: Premature end of file.
2026-05-05 10:58:29,131 [ERROR] LogOutputStream:75 - [STDERR_REDIRECT] 
2026-05-05 10:58:30,141 [ERROR] LogOutputStream:75 - [STDERR_REDIRECT] [Fatal Error] :1:1: Premature end of file.
2026-05-05 10:58:30,141 [ERROR] LogOutputStream:75 - [STDERR_REDIRECT] 
2026-05-05 10:58:31,143 [ERROR] LogOutputStream:75 - [STDERR_REDIRECT] [Fatal Error] :1:1: Premature end of file.
2026-05-05 10:58:31,144 [ERROR] LogOutputStream:75 - [STDERR_REDIRECT] 
2026-05-05 10:58:32,136 [ERROR] LogOutputStream:75 - [STDERR_REDIRECT] [Fatal Error] :1:1: Premature end of file.
2026-05-05 10:58:32,136 [ERROR] LogOutputStream:75 - [STDERR_REDIRECT] 
2026-05-05 10:58:33,131 [ERROR] LogOutputStream:75 - [STDERR_REDIRECT] [Fatal Error] :1:1: Premature end of file.
2026-05-05 10:58:33,131 [ERROR] LogOutputStream:75 - [STDERR_REDIRECT] 
2026-05-05 10:58:34,145 [ERROR] LogOutputStream:75 - [STDERR_REDIRECT] [Fatal Error] :1:1: Premature end of file.
2026-05-05 10:58:34,146 [ERROR] LogOutputStream:75 - [STDERR_REDIRECT] 
2026-05-05 10:58:35,151 [ERROR] LogOutputStream:75 - [STDERR_REDIRECT] [Fatal Error] :1:1: Premature end of file.
2026-05-05 10:58:35,152 [ERROR] LogOutputStream:75 - [STDERR_REDIRECT] 
2026-05-05 10:58:36,118 [ERROR] LogOutputStream:75 - [STDERR_REDIRECT] [Fatal Error] :1:1: Premature end of file.
2026-05-05 10:58:36,119 [ERROR] LogOutputStream:75 - [STDERR_REDIRECT] 
2026-05-05 10:58:37,149 [ERROR] LogOutputStream:75 - [STDERR_REDIRECT] [Fatal Error] :1:1: Premature end of file.
2026-05-05 10:58:37,150 [ERROR] LogOutputStream:75 - [STDERR_REDIRECT] 
2026-05-05 10:58:38,134 [ERROR] LogOutputStream:75 - [STDERR_REDIRECT] [Fatal Error] :1:1: Premature end of file.
2026-05-05 10:58:38,135 [ERROR] LogOutputStream:75 - [STDERR_REDIRECT] 
2026-05-05 10:58:39,150 [ERROR] LogOutputStream:75 - [STDERR_REDIRECT] [Fatal Error] :1:1: Premature end of file.
2026-05-05 10:58:39,150 [ERROR] LogOutputStream:75 - [STDERR_REDIRECT] 
2026-05-05 10:58:40,146 [ERROR] LogOutputStream:75 - [STDERR_REDIRECT] [Fatal Error] :1:1: Premature end of file.
2026-05-05 10:58:40,146 [ERROR] LogOutputStream:75 - [STDERR_REDIRECT] 
2026-05-05 10:58:41,135 [ERROR] LogOutputStream:75 - [STDERR_REDIRECT] [Fatal Error] :1:1: Premature end of file.
2026-05-05 10:58:41,137 [ERROR] LogOutputStream:75 - [STDERR_REDIRECT] 
2026-05-05 10:58:42,139 [ERROR] LogOutputStream:75 - [STDERR_REDIRECT] [Fatal Error] :1:1: Premature end of file.
2026-05-05 10:58:42,139 [ERROR] LogOutputStream:75 - [STDERR_REDIRECT] 
2026-05-05 10:58:43,171 [ERROR] LogOutputStream:75 - [STDERR_REDIRECT] [Fatal Error] :1:1: Premature end of file.
2026-05-05 10:58:43,171 [ERROR] LogOutputStream:75 - [STDERR_REDIRECT] 
2026-05-05 10:58:44,143 [ERROR] LogOutputStream:75 - [STDERR_REDIRECT] [Fatal Error] :1:1: Premature end of file.
2026-05-05 10:58:44,144 [ERROR] LogOutputStream:75 - [STDERR_REDIRECT] 
2026-05-05 10:58:45,133 [ERROR] LogOutputStream:75 - [STDERR_REDIRECT] [Fatal Error] :1:1: Premature end of file.
2026-05-05 10:58:45,133 [ERROR] LogOutputStream:75 - [STDERR_REDIRECT] 
2026-05-05 10:58:46,145 [ERROR] LogOutputStream:75 - [STDERR_REDIRECT] [Fatal Error] :1:1: Premature end of file.
2026-05-05 10:58:46,145 [ERROR] LogOutputStream:75 - [STDERR_REDIRECT] 
2026-05-05 10:58:47,163 [ERROR] LogOutputStream:75 - [STDERR_REDIRECT] [Fatal Error] :1:1: Premature end of file.
2026-05-05 10:58:47,163 [ERROR] LogOutputStream:75 - [STDERR_REDIRECT] 
2026-05-05 10:58:48,145 [ERROR] LogOutputStream:75 - [STDERR_REDIRECT] [Fatal Error] :1:1: Premature end of file.
2026-05-05 10:58:48,146 [ERROR] LogOutputStream:75 - [STDERR_REDIRECT] 
2026-05-05 10:58:49,133 [ERROR] LogOutputStream:75 - [STDERR_REDIRECT] [Fatal Error] :1:1: Premature end of file.
2026-05-05 10:58:49,133 [ERROR] LogOutputStream:75 - [STDERR_REDIRECT] 
2026-05-05 10:58:50,135 [ERROR] LogOutputStream:75 - [STDERR_REDIRECT] [Fatal Error] :1:1: Premature end of file.
2026-05-05 10:58:50,136 [ERROR] LogOutputStream:75 - [STDERR_REDIRECT] 
2026-05-05 10:58:51,134 [ERROR] LogOutputStream:75 - [STDERR_REDIRECT] [Fatal Error] :1:1: Premature end of file.
2026-05-05 10:58:51,135 [ERROR] LogOutputStream:75 - [STDERR_REDIRECT] 
2026-05-05 10:58:52,136 [ERROR] LogOutputStream:75 - [STDERR_REDIRECT] [Fatal Error] :1:1: Premature end of file.
2026-05-05 10:58:52,136 [ERROR] LogOutputStream:75 - [STDERR_REDIRECT] 
2026-05-05 10:58:53,141 [ERROR] LogOutputStream:75 - [STDERR_REDIRECT] [Fatal Error] :1:1: Premature end of file.
2026-05-05 10:58:53,141 [ERROR] LogOutputStream:75 - [STDERR_REDIRECT] 
2026-05-05 10:58:54,129 [ERROR] LogOutputStream:75 - [STDERR_REDIRECT] [Fatal Error] :1:1: Premature end of file.
2026-05-05 10:58:54,130 [ERROR] LogOutputStream:75 - [STDERR_REDIRECT] 
2026-05-05 10:58:55,134 [ERROR] LogOutputStream:75 - [STDERR_REDIRECT] [Fatal Error] :1:1: Premature end of file.
2026-05-05 10:58:55,134 [ERROR] LogOutputStream:75 - [STDERR_REDIRECT] 
2026-05-05 10:58:56,138 [ERROR] LogOutputStream:75 - [STDERR_REDIRECT] [Fatal Error] :1:1: Premature end of file.
2026-05-05 10:58:56,139 [ERROR] LogOutputStream:75 - [STDERR_REDIRECT] 
2026-05-05 10:58:57,141 [ERROR] LogOutputStream:75 - [STDERR_REDIRECT] [Fatal Error] :1:1: Premature end of file.
2026-05-05 10:58:57,141 [ERROR] LogOutputStream:75 - [STDERR_REDIRECT] 
2026-05-05 10:58:58,139 [ERROR] LogOutputStream:75 - [STDERR_REDIRECT] [Fatal Error] :1:1: Premature end of file.
2026-05-05 10:58:58,139 [ERROR] LogOutputStream:75 - [STDERR_REDIRECT] 
2026-05-05 10:58:59,130 [ERROR] LogOutputStream:75 - [STDERR_REDIRECT] [Fatal Error] :1:1: Premature end of file.
2026-05-05 10:58:59,130 [ERROR] LogOutputStream:75 - [STDERR_REDIRECT] 
2026-05-05 10:59:00,131 [ERROR] LogOutputStream:75 - [STDERR_REDIRECT] [Fatal Error] :1:1: Premature end of file.
2026-05-05 10:59:00,131 [ERROR] LogOutputStream:75 - [STDERR_REDIRECT] 
2026-05-05 10:59:01,133 [ERROR] LogOutputStream:75 - [STDERR_REDIRECT] [Fatal Error] :1:1: Premature end of file.
2026-05-05 10:59:01,134 [ERROR] LogOutputStream:75 - [STDERR_REDIRECT] 
2026-05-05 10:59:02,139 [ERROR] LogOutputStream:75 - [STDERR_REDIRECT] [Fatal Error] :1:1: Premature end of file.
2026-05-05 10:59:02,140 [ERROR] LogOutputStream:75 - [STDERR_REDIRECT] 
2026-05-05 10:59:03,132 [ERROR] LogOutputStream:75 - [STDERR_REDIRECT] [Fatal Error] :1:1: Premature end of file.
2026-05-05 10:59:03,132 [ERROR] LogOutputStream:75 - [STDERR_REDIRECT] 
2026-05-05 10:59:04,140 [ERROR] LogOutputStream:75 - [STDERR_REDIRECT] [Fatal Error] :1:1: Premature end of file.
2026-05-05 10:59:04,141 [ERROR] LogOutputStream:75 - [STDERR_REDIRECT] 
2026-05-05 10:59:05,130 [ERROR] LogOutputStream:75 - [STDERR_REDIRECT] [Fatal Error] :1:1: Premature end of file.
2026-05-05 10:59:05,130 [ERROR] LogOutputStream:75 - [STDERR_REDIRECT] 
2026-05-05 10:59:06,117 [ERROR] LogOutputStream:75 - [STDERR_REDIRECT] [Fatal Error] :1:1: Premature end of file.
2026-05-05 10:59:06,118 [ERROR] LogOutputStream:75 - [STDERR_REDIRECT] 
2026-05-05 10:59:07,139 [ERROR] LogOutputStream:75 - [STDERR_REDIRECT] [Fatal Error] :1:1: Premature end of file.
2026-05-05 10:59:07,139 [ERROR] LogOutputStream:75 - [STDERR_REDIRECT] 
2026-05-05 10:59:08,139 [ERROR] LogOutputStream:75 - [STDERR_REDIRECT] [Fatal Error] :1:1: Premature end of file.
2026-05-05 10:59:08,139 [ERROR] LogOutputStream:75 - [STDERR_REDIRECT] 
2026-05-05 10:59:09,131 [ERROR] LogOutputStream:75 - [STDERR_REDIRECT] [Fatal Error] :1:1: Premature end of file.
2026-05-05 10:59:09,131 [ERROR] LogOutputStream:75 - [STDERR_REDIRECT] 
2026-05-05 10:59:10,143 [ERROR] LogOutputStream:75 - [STDERR_REDIRECT] [Fatal Error] :1:1: Premature end of file.
2026-05-05 10:59:10,143 [ERROR] LogOutputStream:75 - [STDERR_REDIRECT] 
2026-05-05 10:59:11,139 [ERROR] LogOutputStream:75 - [STDERR_REDIRECT] [Fatal Error] :1:1: Premature end of file.
2026-05-05 10:59:11,139 [ERROR] LogOutputStream:75 - [STDERR_REDIRECT] 
2026-05-05 10:59:12,131 [ERROR] LogOutputStream:75 - [STDERR_REDIRECT] [Fatal Error] :1:1: Premature end of file.
2026-05-05 10:59:12,131 [ERROR] LogOutputStream:75 - [STDERR_REDIRECT] 
2026-05-05 10:59:13,134 [ERROR] LogOutputStream:75 - [STDERR_REDIRECT] [Fatal Error] :1:1: Premature end of file.
2026-05-05 10:59:13,134 [ERROR] LogOutputStream:75 - [STDERR_REDIRECT] 
2026-05-05 10:59:14,139 [ERROR] LogOutputStream:75 - [STDERR_REDIRECT] [Fatal Error] :1:1: Premature end of file.
2026-05-05 10:59:14,139 [ERROR] LogOutputStream:75 - [STDERR_REDIRECT] 
2026-05-05 10:59:15,140 [ERROR] LogOutputStream:75 - [STDERR_REDIRECT] [Fatal Error] :1:1: Premature end of file.
2026-05-05 10:59:15,140 [ERROR] LogOutputStream:75 - [STDERR_REDIRECT] 
2026-05-05 10:59:16,137 [ERROR] LogOutputStream:75 - [STDERR_REDIRECT] [Fatal Error] :1:1: Premature end of file.
2026-05-05 10:59:16,137 [ERROR] LogOutputStream:75 - [STDERR_REDIRECT] 
2026-05-05 10:59:17,146 [ERROR] LogOutputStream:75 - [STDERR_REDIRECT] [Fatal Error] :1:1: Premature end of file.
2026-05-05 10:59:17,146 [ERROR] LogOutputStream:75 - [STDERR_REDIRECT] 
2026-05-05 10:59:18,139 [ERROR] LogOutputStream:75 - [STDERR_REDIRECT] [Fatal Error] :1:1: Premature end of file.
2026-05-05 10:59:18,139 [ERROR] LogOutputStream:75 - [STDERR_REDIRECT] 
2026-05-05 10:59:19,130 [ERROR] LogOutputStream:75 - [STDERR_REDIRECT] [Fatal Error] :1:1: Premature end of file.
2026-05-05 10:59:19,130 [ERROR] LogOutputStream:75 - [STDERR_REDIRECT] 
2026-05-05 10:59:20,132 [ERROR] LogOutputStream:75 - [STDERR_REDIRECT] [Fatal Error] :1:1: Premature end of file.
2026-05-05 10:59:20,133 [ERROR] LogOutputStream:75 - [STDERR_REDIRECT] 
2026-05-05 10:59:21,139 [ERROR] LogOutputStream:75 - [STDERR_REDIRECT] [Fatal Error] :1:1: Premature end of file.
2026-05-05 10:59:21,139 [ERROR] LogOutputStream:75 - [STDERR_REDIRECT] 
2026-05-05 10:59:22,137 [ERROR] LogOutputStream:75 - [STDERR_REDIRECT] [Fatal Error] :1:1: Premature end of file.
2026-05-05 10:59:22,138 [ERROR] LogOutputStream:75 - [STDERR_REDIRECT] 
2026-05-05 10:59:23,138 [ERROR] LogOutputStream:75 - [STDERR_REDIRECT] [Fatal Error] :1:1: Premature end of file.
2026-05-05 10:59:23,138 [ERROR] LogOutputStream:75 - [STDERR_REDIRECT] 
2026-05-05 10:59:24,148 [ERROR] LogOutputStream:75 - [STDERR_REDIRECT] [Fatal Error] :1:1: Premature end of file.
2026-05-05 10:59:24,149 [ERROR] LogOutputStream:75 - [STDERR_REDIRECT] 
2026-05-05 10:59:25,141 [ERROR] LogOutputStream:75 - [STDERR_REDIRECT] [Fatal Error] :1:1: Premature end of file.
2026-05-05 10:59:25,141 [ERROR] LogOutputStream:75 - [STDERR_REDIRECT] 
2026-05-05 10:59:26,124 [ERROR] LogOutputStream:75 - [STDERR_REDIRECT] [Fatal Error] :1:1: Premature end of file.
2026-05-05 10:59:26,124 [ERROR] LogOutputStream:75 - [STDERR_REDIRECT] 
2026-05-05 10:59:27,143 [ERROR] LogOutputStream:75 - [STDERR_REDIRECT] [Fatal Error] :1:1: Premature end of file.
2026-05-05 10:59:27,143 [ERROR] LogOutputStream:75 - [STDERR_REDIRECT] 
2026-05-05 10:59:28,136 [ERROR] LogOutputStream:75 - [STDERR_REDIRECT] [Fatal Error] :1:1: Premature end of file.
2026-05-05 10:59:28,136 [ERROR] LogOutputStream:75 - [STDERR_REDIRECT] 
2026-05-05 10:59:29,141 [ERROR] LogOutputStream:75 - [STDERR_REDIRECT] [Fatal Error] :1:1: Premature end of file.
2026-05-05 10:59:29,143 [ERROR] LogOutputStream:75 - [STDERR_REDIRECT] 
2026-05-05 10:59:30,137 [ERROR] LogOutputStream:75 - [STDERR_REDIRECT] [Fatal Error] :1:1: Premature end of file.
2026-05-05 10:59:30,137 [ERROR] LogOutputStream:75 - [STDERR_REDIRECT] 
2026-05-05 10:59:31,135 [ERROR] LogOutputStream:75 - [STDERR_REDIRECT] [Fatal Error] :1:1: Premature end of file.
2026-05-05 10:59:31,136 [ERROR] LogOutputStream:75 - [STDERR_REDIRECT] 
2026-05-05 10:59:32,130 [ERROR] LogOutputStream:75 - [STDERR_REDIRECT] [Fatal Error] :1:1: Premature end of file.
2026-05-05 10:59:32,130 [ERROR] LogOutputStream:75 - [STDERR_REDIRECT] 
2026-05-05 10:59:33,135 [ERROR] LogOutputStream:75 - [STDERR_REDIRECT] [Fatal Error] :1:1: Premature end of file.
2026-05-05 10:59:33,136 [ERROR] LogOutputStream:75 - [STDERR_REDIRECT] 
2026-05-05 10:59:34,137 [ERROR] LogOutputStream:75 - [STDERR_REDIRECT] [Fatal Error] :1:1: Premature end of file.
2026-05-05 10:59:34,224 [ERROR] LogOutputStream:75 - [STDERR_REDIRECT] 
2026-05-05 10:59:35,132 [ERROR] LogOutputStream:75 - [STDERR_REDIRECT] [Fatal Error] :1:1: Premature end of file.
2026-05-05 10:59:35,132 [ERROR] LogOutputStream:75 - [STDERR_REDIRECT] 
2026-05-05 10:59:36,128 [ERROR] LogOutputStream:75 - [STDERR_REDIRECT] [Fatal Error] :1:1: Premature end of file.
2026-05-05 10:59:36,129 [ERROR] LogOutputStream:75 - [STDERR_REDIRECT] 
2026-05-05 10:59:37,131 [ERROR] LogOutputStream:75 - [STDERR_REDIRECT] [Fatal Error] :1:1: Premature end of file.
2026-05-05 10:59:37,131 [ERROR] LogOutputStream:75 - [STDERR_REDIRECT] 
2026-05-05 10:59:38,138 [ERROR] LogOutputStream:75 - [STDERR_REDIRECT] [Fatal Error] :1:1: Premature end of file.
2026-05-05 10:59:38,138 [ERROR] LogOutputStream:75 - [STDERR_REDIRECT] 
2026-05-05 10:59:39,135 [ERROR] LogOutputStream:75 - [STDERR_REDIRECT] [Fatal Error] :1:1: Premature end of file.
2026-05-05 10:59:39,136 [ERROR] LogOutputStream:75 - [STDERR_REDIRECT] 
2026-05-05 10:59:40,127 [ERROR] LogOutputStream:75 - [STDERR_REDIRECT] [Fatal Error] :1:1: Premature end of file.
2026-05-05 10:59:40,127 [ERROR] LogOutputStream:75 - [STDERR_REDIRECT] 
2026-05-05 10:59:41,135 [ERROR] LogOutputStream:75 - [STDERR_REDIRECT] [Fatal Error] :1:1: Premature end of file.
2026-05-05 10:59:41,135 [ERROR] LogOutputStream:75 - [STDERR_REDIRECT] 
2026-05-05 10:59:42,139 [ERROR] LogOutputStream:75 - [STDERR_REDIRECT] [Fatal Error] :1:1: Premature end of file.
2026-05-05 10:59:42,139 [ERROR] LogOutputStream:75 - [STDERR_REDIRECT] 
2026-05-05 10:59:43,127 [ERROR] LogOutputStream:75 - [STDERR_REDIRECT] [Fatal Error] :1:1: Premature end of file.
2026-05-05 10:59:43,127 [ERROR] LogOutputStream:75 - [STDERR_REDIRECT] 
2026-05-05 10:59:44,134 [ERROR] LogOutputStream:75 - [STDERR_REDIRECT] [Fatal Error] :1:1: Premature end of file.
2026-05-05 10:59:44,134 [ERROR] LogOutputStream:75 - [STDERR_REDIRECT] 
2026-05-05 10:59:45,135 [ERROR] LogOutputStream:75 - [STDERR_REDIRECT] [Fatal Error] :1:1: Premature end of file.
2026-05-05 10:59:45,136 [ERROR] LogOutputStream:75 - [STDERR_REDIRECT] 
2026-05-05 10:59:46,126 [ERROR] LogOutputStream:75 - [STDERR_REDIRECT] [Fatal Error] :1:1: Premature end of file.
2026-05-05 10:59:46,126 [ERROR] LogOutputStream:75 - [STDERR_REDIRECT] 
2026-05-05 10:59:47,135 [ERROR] LogOutputStream:75 - [STDERR_REDIRECT] [Fatal Error] :1:1: Premature end of file.
2026-05-05 10:59:47,135 [ERROR] LogOutputStream:75 - [STDERR_REDIRECT] 
2026-05-05 10:59:48,135 [ERROR] LogOutputStream:75 - [STDERR_REDIRECT] [Fatal Error] :1:1: Premature end of file.
2026-05-05 10:59:48,135 [ERROR] LogOutputStream:75 - [STDERR_REDIRECT] 
2026-05-05 10:59:49,131 [ERROR] LogOutputStream:75 - [STDERR_REDIRECT] [Fatal Error] :1:1: Premature end of file.
2026-05-05 10:59:49,131 [ERROR] LogOutputStream:75 - [STDERR_REDIRECT] 
2026-05-05 10:59:50,148 [ERROR] LogOutputStream:75 - [STDERR_REDIRECT] [Fatal Error] :1:1: Premature end of file.
2026-05-05 10:59:50,149 [ERROR] LogOutputStream:75 - [STDERR_REDIRECT] 
2026-05-05 10:59:51,133 [ERROR] LogOutputStream:75 - [STDERR_REDIRECT] [Fatal Error] :1:1: Premature end of file.
2026-05-05 10:59:51,134 [ERROR] LogOutputStream:75 - [STDERR_REDIRECT] 
2026-05-05 10:59:52,136 [ERROR] LogOutputStream:75 - [STDERR_REDIRECT] [Fatal Error] :1:1: Premature end of file.
2026-05-05 10:59:52,136 [ERROR] LogOutputStream:75 - [STDERR_REDIRECT] 
2026-05-05 10:59:53,133 [ERROR] LogOutputStream:75 - [STDERR_REDIRECT] [Fatal Error] :1:1: Premature end of file.
2026-05-05 10:59:53,134 [ERROR] LogOutputStream:75 - [STDERR_REDIRECT] 
2026-05-05 10:59:54,136 [ERROR] LogOutputStream:75 - [STDERR_REDIRECT] [Fatal Error] :1:1: Premature end of file.
2026-05-05 10:59:54,137 [ERROR] LogOutputStream:75 - [STDERR_REDIRECT] 
2026-05-05 10:59:55,146 [ERROR] LogOutputStream:75 - [STDERR_REDIRECT] [Fatal Error] :1:1: Premature end of file.
2026-05-05 10:59:55,147 [ERROR] LogOutputStream:75 - [STDERR_REDIRECT] 
2026-05-05 10:59:56,139 [ERROR] LogOutputStream:75 - [STDERR_REDIRECT] [Fatal Error] :1:1: Premature end of file.
2026-05-05 10:59:56,140 [ERROR] LogOutputStream:75 - [STDERR_REDIRECT] 
2026-05-05 10:59:57,129 [ERROR] LogOutputStream:75 - [STDERR_REDIRECT] [Fatal Error] :1:1: Premature end of file.
2026-05-05 10:59:57,129 [ERROR] LogOutputStream:75 - [STDERR_REDIRECT] 
2026-05-05 10:59:58,142 [ERROR] LogOutputStream:75 - [STDERR_REDIRECT] [Fatal Error] :1:1: Premature end of file.
2026-05-05 10:59:58,142 [ERROR] LogOutputStream:75 - [STDERR_REDIRECT] 
2026-05-05 10:59:59,138 [ERROR] LogOutputStream:75 - [STDERR_REDIRECT] [Fatal Error] :1:1: Premature end of file.
2026-05-05 10:59:59,139 [ERROR] LogOutputStream:75 - [STDERR_REDIRECT] 
2026-05-05 11:00:00,154 [ERROR] LogOutputStream:75 - [STDERR_REDIRECT] [Fatal Error] :1:1: Premature end of file.
2026-05-05 11:00:00,155 [ERROR] LogOutputStream:75 - [STDERR_REDIRECT] 
2026-05-05 11:00:01,154 [ERROR] LogOutputStream:75 - [STDERR_REDIRECT] [Fatal Error] :1:1: Premature end of file.
2026-05-05 11:00:01,154 [ERROR] LogOutputStream:75 - [STDERR_REDIRECT] 
2026-05-05 11:00:02,130 [ERROR] LogOutputStream:75 - [STDERR_REDIRECT] [Fatal Error] :1:1: Premature end of file.
2026-05-05 11:00:02,131 [ERROR] LogOutputStream:75 - [STDERR_REDIRECT] 
2026-05-05 11:00:03,142 [ERROR] LogOutputStream:75 - [STDERR_REDIRECT] [Fatal Error] :1:1: Premature end of file.
2026-05-05 11:00:03,142 [ERROR] LogOutputStream:75 - [STDERR_REDIRECT] 
2026-05-05 11:00:04,137 [ERROR] LogOutputStream:75 - [STDERR_REDIRECT] [Fatal Error] :1:1: Premature end of file.
2026-05-05 11:00:04,138 [ERROR] LogOutputStream:75 - [STDERR_REDIRECT] 
2026-05-05 11:00:05,155 [ERROR] LogOutputStream:75 - [STDERR_REDIRECT] [Fatal Error] :1:1: Premature end of file.
2026-05-05 11:00:05,155 [ERROR] LogOutputStream:75 - [STDERR_REDIRECT] 
2026-05-05 11:00:06,151 [ERROR] LogOutputStream:75 - [STDERR_REDIRECT] [Fatal Error] :1:1: Premature end of file.
2026-05-05 11:00:06,151 [ERROR] LogOutputStream:75 - [STDERR_REDIRECT] 
2026-05-05 11:00:07,132 [ERROR] LogOutputStream:75 - [STDERR_REDIRECT] [Fatal Error] :1:1: Premature end of file.
2026-05-05 11:00:07,132 [ERROR] LogOutputStream:75 - [STDERR_REDIRECT] 
2026-05-05 11:00:08,133 [ERROR] LogOutputStream:75 - [STDERR_REDIRECT] [Fatal Error] :1:1: Premature end of file.
2026-05-05 11:00:08,133 [ERROR] LogOutputStream:75 - [STDERR_REDIRECT] 
2026-05-05 11:00:09,135 [ERROR] LogOutputStream:75 - [STDERR_REDIRECT] [Fatal Error] :1:1: Premature end of file.
2026-05-05 11:00:09,135 [ERROR] LogOutputStream:75 - [STDERR_REDIRECT] 
2026-05-05 11:00:10,138 [ERROR] LogOutputStream:75 - [STDERR_REDIRECT] [Fatal Error] :1:1: Premature end of file.
2026-05-05 11:00:10,138 [ERROR] LogOutputStream:75 - [STDERR_REDIRECT] 
2026-05-05 11:00:11,137 [ERROR] LogOutputStream:75 - [STDERR_REDIRECT] [Fatal Error] :1:1: Premature end of file.
2026-05-05 11:00:11,137 [ERROR] LogOutputStream:75 - [STDERR_REDIRECT] 
2026-05-05 11:00:12,137 [ERROR] LogOutputStream:75 - [STDERR_REDIRECT] [Fatal Error] :1:1: Premature end of file.
2026-05-05 11:00:12,137 [ERROR] LogOutputStream:75 - [STDERR_REDIRECT] 
2026-05-05 11:00:13,135 [ERROR] LogOutputStream:75 - [STDERR_REDIRECT] [Fatal Error] :1:1: Premature end of file.
2026-05-05 11:00:13,135 [ERROR] LogOutputStream:75 - [STDERR_REDIRECT] 
2026-05-05 11:00:14,141 [ERROR] LogOutputStream:75 - [STDERR_REDIRECT] [Fatal Error] :1:1: Premature end of file.
2026-05-05 11:00:14,142 [ERROR] LogOutputStream:75 - [STDERR_REDIRECT] 
2026-05-05 11:00:15,158 [ERROR] LogOutputStream:75 - [STDERR_REDIRECT] [Fatal Error] :1:1: Premature end of file.
2026-05-05 11:00:15,158 [ERROR] LogOutputStream:75 - [STDERR_REDIRECT] 
2026-05-05 11:00:16,129 [ERROR] LogOutputStream:75 - [STDERR_REDIRECT] [Fatal Error] :1:1: Premature end of file.
2026-05-05 11:00:16,129 [ERROR] LogOutputStream:75 - [STDERR_REDIRECT] 
2026-05-05 11:00:17,142 [ERROR] LogOutputStream:75 - [STDERR_REDIRECT] [Fatal Error] :1:1: Premature end of file.
2026-05-05 11:00:17,142 [ERROR] LogOutputStream:75 - [STDERR_REDIRECT] 
2026-05-05 11:00:18,140 [ERROR] LogOutputStream:75 - [STDERR_REDIRECT] [Fatal Error] :1:1: Premature end of file.
2026-05-05 11:00:18,140 [ERROR] LogOutputStream:75 - [STDERR_REDIRECT] 
2026-05-05 11:00:19,139 [ERROR] LogOutputStream:75 - [STDERR_REDIRECT] [Fatal Error] :1:1: Premature end of file.
2026-05-05 11:00:19,140 [ERROR] LogOutputStream:75 - [STDERR_REDIRECT] 
2026-05-05 11:00:20,140 [ERROR] LogOutputStream:75 - [STDERR_REDIRECT] [Fatal Error] :1:1: Premature end of file.
2026-05-05 11:00:20,140 [ERROR] LogOutputStream:75 - [STDERR_REDIRECT] 
2026-05-05 11:00:21,142 [ERROR] LogOutputStream:75 - [STDERR_REDIRECT] [Fatal Error] :1:1: Premature end of file.
2026-05-05 11:00:21,143 [ERROR] LogOutputStream:75 - [STDERR_REDIRECT] 
2026-05-05 11:00:22,143 [ERROR] LogOutputStream:75 - [STDERR_REDIRECT] [Fatal Error] :1:1: Premature end of file.
2026-05-05 11:00:22,143 [ERROR] LogOutputStream:75 - [STDERR_REDIRECT] 
2026-05-05 11:00:23,140 [ERROR] LogOutputStream:75 - [STDERR_REDIRECT] [Fatal Error] :1:1: Premature end of file.
2026-05-05 11:00:23,140 [ERROR] LogOutputStream:75 - [STDERR_REDIRECT] 
2026-05-05 11:00:24,141 [ERROR] LogOutputStream:75 - [STDERR_REDIRECT] [Fatal Error] :1:1: Premature end of file.
2026-05-05 11:00:24,141 [ERROR] LogOutputStream:75 - [STDERR_REDIRECT] 
2026-05-05 11:00:25,160 [ERROR] LogOutputStream:75 - [STDERR_REDIRECT] [Fatal Error] :1:1: Premature end of file.
2026-05-05 11:00:25,160 [ERROR] LogOutputStream:75 - [STDERR_REDIRECT] 
2026-05-05 11:00:26,139 [ERROR] LogOutputStream:75 - [STDERR_REDIRECT] [Fatal Error] :1:1: Premature end of file.
2026-05-05 11:00:26,139 [ERROR] LogOutputStream:75 - [STDERR_REDIRECT] 
2026-05-05 11:00:27,144 [ERROR] LogOutputStream:75 - [STDERR_REDIRECT] [Fatal Error] :1:1: Premature end of file.
2026-05-05 11:00:27,145 [ERROR] LogOutputStream:75 - [STDERR_REDIRECT] 
2026-05-05 11:00:28,137 [ERROR] LogOutputStream:75 - [STDERR_REDIRECT] [Fatal Error] :1:1: Premature end of file.
2026-05-05 11:00:28,137 [ERROR] LogOutputStream:75 - [STDERR_REDIRECT] 
2026-05-05 11:00:29,137 [ERROR] LogOutputStream:75 - [STDERR_REDIRECT] [Fatal Error] :1:1: Premature end of file.
2026-05-05 11:00:29,138 [ERROR] LogOutputStream:75 - [STDERR_REDIRECT] 
2026-05-05 11:00:30,141 [ERROR] LogOutputStream:75 - [STDERR_REDIRECT] [Fatal Error] :1:1: Premature end of file.
2026-05-05 11:00:30,141 [ERROR] LogOutputStream:75 - [STDERR_REDIRECT] 
2026-05-05 11:00:31,139 [ERROR] LogOutputStream:75 - [STDERR_REDIRECT] [Fatal Error] :1:1: Premature end of file.
2026-05-05 11:00:31,140 [ERROR] LogOutputStream:75 - [STDERR_REDIRECT] 
2026-05-05 11:00:32,145 [ERROR] LogOutputStream:75 - [STDERR_REDIRECT] [Fatal Error] :1:1: Premature end of file.
2026-05-05 11:00:32,146 [ERROR] LogOutputStream:75 - [STDERR_REDIRECT] 
2026-05-05 11:00:33,135 [ERROR] LogOutputStream:75 - [STDERR_REDIRECT] [Fatal Error] :1:1: Premature end of file.
2026-05-05 11:00:33,135 [ERROR] LogOutputStream:75 - [STDERR_REDIRECT] 
2026-05-05 11:00:34,137 [ERROR] LogOutputStream:75 - [STDERR_REDIRECT] [Fatal Error] :1:1: Premature end of file.
2026-05-05 11:00:34,138 [ERROR] LogOutputStream:75 - [STDERR_REDIRECT] 
2026-05-05 11:00:35,155 [ERROR] LogOutputStream:75 - [STDERR_REDIRECT] [Fatal Error] :1:1: Premature end of file.
2026-05-05 11:00:35,156 [ERROR] LogOutputStream:75 - [STDERR_REDIRECT] 
2026-05-05 11:00:36,143 [ERROR] LogOutputStream:75 - [STDERR_REDIRECT] [Fatal Error] :1:1: Premature end of file.
2026-05-05 11:00:36,143 [ERROR] LogOutputStream:75 - [STDERR_REDIRECT] 
2026-05-05 11:00:37,143 [ERROR] LogOutputStream:75 - [STDERR_REDIRECT] [Fatal Error] :1:1: Premature end of file.
2026-05-05 11:00:37,144 [ERROR] LogOutputStream:75 - [STDERR_REDIRECT] 
2026-05-05 11:00:38,145 [ERROR] LogOutputStream:75 - [STDERR_REDIRECT] [Fatal Error] :1:1: Premature end of file.
2026-05-05 11:00:38,146 [ERROR] LogOutputStream:75 - [STDERR_REDIRECT] 
2026-05-05 11:00:39,143 [ERROR] LogOutputStream:75 - [STDERR_REDIRECT] [Fatal Error] :1:1: Premature end of file.
2026-05-05 11:00:39,143 [ERROR] LogOutputStream:75 - [STDERR_REDIRECT] 
2026-05-05 11:00:40,138 [ERROR] LogOutputStream:75 - [STDERR_REDIRECT] [Fatal Error] :1:1: Premature end of file.
2026-05-05 11:00:40,138 [ERROR] LogOutputStream:75 - [STDERR_REDIRECT] 
2026-05-05 11:00:41,143 [ERROR] LogOutputStream:75 - [STDERR_REDIRECT] [Fatal Error] :1:1: Premature end of file.
2026-05-05 11:00:41,143 [ERROR] LogOutputStream:75 - [STDERR_REDIRECT] 
2026-05-05 11:00:42,134 [ERROR] LogOutputStream:75 - [STDERR_REDIRECT] [Fatal Error] :1:1: Premature end of file.
2026-05-05 11:00:42,135 [ERROR] LogOutputStream:75 - [STDERR_REDIRECT] 
2026-05-05 11:00:43,129 [ERROR] LogOutputStream:75 - [STDERR_REDIRECT] [Fatal Error] :1:1: Premature end of file.
2026-05-05 11:00:43,129 [ERROR] LogOutputStream:75 - [STDERR_REDIRECT] 
2026-05-05 11:00:44,143 [ERROR] LogOutputStream:75 - [STDERR_REDIRECT] [Fatal Error] :1:1: Premature end of file.
2026-05-05 11:00:44,143 [ERROR] LogOutputStream:75 - [STDERR_REDIRECT] 
2026-05-05 11:00:45,140 [ERROR] LogOutputStream:75 - [STDERR_REDIRECT] [Fatal Error] :1:1: Premature end of file.
2026-05-05 11:00:45,140 [ERROR] LogOutputStream:75 - [STDERR_REDIRECT] 
2026-05-05 11:00:46,139 [ERROR] LogOutputStream:75 - [STDERR_REDIRECT] [Fatal Error] :1:1: Premature end of file.
2026-05-05 11:00:46,139 [ERROR] LogOutputStream:75 - [STDERR_REDIRECT] 
2026-05-05 11:00:47,142 [ERROR] LogOutputStream:75 - [STDERR_REDIRECT] [Fatal Error] :1:1: Premature end of file.
2026-05-05 11:00:47,142 [ERROR] LogOutputStream:75 - [STDERR_REDIRECT] 
2026-05-05 11:00:48,139 [ERROR] LogOutputStream:75 - [STDERR_REDIRECT] [Fatal Error] :1:1: Premature end of file.
2026-05-05 11:00:48,139 [ERROR] LogOutputStream:75 - [STDERR_REDIRECT] 
2026-05-05 11:00:49,147 [ERROR] LogOutputStream:75 - [STDERR_REDIRECT] [Fatal Error] :1:1: Premature end of file.
2026-05-05 11:00:49,148 [ERROR] LogOutputStream:75 - [STDERR_REDIRECT] 
2026-05-05 11:00:50,145 [ERROR] LogOutputStream:75 - [STDERR_REDIRECT] [Fatal Error] :1:1: Premature end of file.
2026-05-05 11:00:50,145 [ERROR] LogOutputStream:75 - [STDERR_REDIRECT] 
2026-05-05 11:00:51,138 [ERROR] LogOutputStream:75 - [STDERR_REDIRECT] [Fatal Error] :1:1: Premature end of file.
2026-05-05 11:00:51,138 [ERROR] LogOutputStream:75 - [STDERR_REDIRECT] 
2026-05-05 11:00:52,140 [ERROR] LogOutputStream:75 - [STDERR_REDIRECT] [Fatal Error] :1:1: Premature end of file.
2026-05-05 11:00:52,140 [ERROR] LogOutputStream:75 - [STDERR_REDIRECT] 
2026-05-05 11:00:53,150 [ERROR] LogOutputStream:75 - [STDERR_REDIRECT] [Fatal Error] :1:1: Premature end of file.
2026-05-05 11:00:53,150 [ERROR] LogOutputStream:75 - [STDERR_REDIRECT] 
2026-05-05 11:00:54,135 [ERROR] LogOutputStream:75 - [STDERR_REDIRECT] [Fatal Error] :1:1: Premature end of file.
2026-05-05 11:00:54,136 [ERROR] LogOutputStream:75 - [STDERR_REDIRECT] 
2026-05-05 11:00:55,143 [ERROR] LogOutputStream:75 - [STDERR_REDIRECT] [Fatal Error] :1:1: Premature end of file.
2026-05-05 11:00:55,144 [ERROR] LogOutputStream:75 - [STDERR_REDIRECT] 
2026-05-05 11:00:56,138 [ERROR] LogOutputStream:75 - [STDERR_REDIRECT] [Fatal Error] :1:1: Premature end of file.
2026-05-05 11:00:56,138 [ERROR] LogOutputStream:75 - [STDERR_REDIRECT] 
2026-05-05 11:00:57,142 [ERROR] LogOutputStream:75 - [STDERR_REDIRECT] [Fatal Error] :1:1: Premature end of file.
2026-05-05 11:00:57,143 [ERROR] LogOutputStream:75 - [STDERR_REDIRECT] 
2026-05-05 11:00:58,144 [ERROR] LogOutputStream:75 - [STDERR_REDIRECT] [Fatal Error] :1:1: Premature end of file.
2026-05-05 11:00:58,144 [ERROR] LogOutputStream:75 - [STDERR_REDIRECT] 
2026-05-05 11:00:59,136 [ERROR] LogOutputStream:75 - [STDERR_REDIRECT] [Fatal Error] :1:1: Premature end of file.
2026-05-05 11:00:59,137 [ERROR] LogOutputStream:75 - [STDERR_REDIRECT] 
2026-05-05 11:01:00,143 [ERROR] LogOutputStream:75 - [STDERR_REDIRECT] [Fatal Error] :1:1: Premature end of file.
2026-05-05 11:01:00,143 [ERROR] LogOutputStream:75 - [STDERR_REDIRECT] 
2026-05-05 11:01:01,130 [ERROR] LogOutputStream:75 - [STDERR_REDIRECT] [Fatal Error] :1:1: Premature end of file.
2026-05-05 11:01:01,130 [ERROR] LogOutputStream:75 - [STDERR_REDIRECT] 
2026-05-05 11:01:02,139 [ERROR] LogOutputStream:75 - [STDERR_REDIRECT] [Fatal Error] :1:1: Premature end of file.
2026-05-05 11:01:02,139 [ERROR] LogOutputStream:75 - [STDERR_REDIRECT] 
2026-05-05 11:01:03,144 [ERROR] LogOutputStream:75 - [STDERR_REDIRECT] [Fatal Error] :1:1: Premature end of file.
2026-05-05 11:01:03,145 [ERROR] LogOutputStream:75 - [STDERR_REDIRECT] 
2026-05-05 11:01:04,130 [ERROR] LogOutputStream:75 - [STDERR_REDIRECT] [Fatal Error] :1:1: Premature end of file.
2026-05-05 11:01:04,130 [ERROR] LogOutputStream:75 - [STDERR_REDIRECT] 
2026-05-05 11:01:05,136 [ERROR] LogOutputStream:75 - [STDERR_REDIRECT] [Fatal Error] :1:1: Premature end of file.
2026-05-05 11:01:05,136 [ERROR] LogOutputStream:75 - [STDERR_REDIRECT] 
2026-05-05 11:01:06,141 [ERROR] LogOutputStream:75 - [STDERR_REDIRECT] [Fatal Error] :1:1: Premature end of file.
2026-05-05 11:01:06,141 [ERROR] LogOutputStream:75 - [STDERR_REDIRECT] 
2026-05-05 11:01:07,144 [ERROR] LogOutputStream:75 - [STDERR_REDIRECT] [Fatal Error] :1:1: Premature end of file.
2026-05-05 11:01:07,145 [ERROR] LogOutputStream:75 - [STDERR_REDIRECT] 
2026-05-05 11:01:08,142 [ERROR] LogOutputStream:75 - [STDERR_REDIRECT] [Fatal Error] :1:1: Premature end of file.
2026-05-05 11:01:08,143 [ERROR] LogOutputStream:75 - [STDERR_REDIRECT] 
2026-05-05 11:01:09,152 [ERROR] LogOutputStream:75 - [STDERR_REDIRECT] [Fatal Error] :1:1: Premature end of file.
2026-05-05 11:01:09,153 [ERROR] LogOutputStream:75 - [STDERR_REDIRECT] 
2026-05-05 11:01:10,166 [ERROR] LogOutputStream:75 - [STDERR_REDIRECT] [Fatal Error] :1:1: Premature end of file.
2026-05-05 11:01:10,166 [ERROR] LogOutputStream:75 - [STDERR_REDIRECT] 
2026-05-05 11:01:11,154 [ERROR] LogOutputStream:75 - [STDERR_REDIRECT] [Fatal Error] :1:1: Premature end of file.
2026-05-05 11:01:11,154 [ERROR] LogOutputStream:75 - [STDERR_REDIRECT] 
2026-05-05 11:01:12,147 [ERROR] LogOutputStream:75 - [STDERR_REDIRECT] [Fatal Error] :1:1: Premature end of file.
2026-05-05 11:01:12,147 [ERROR] LogOutputStream:75 - [STDERR_REDIRECT] 
2026-05-05 11:01:13,136 [ERROR] LogOutputStream:75 - [STDERR_REDIRECT] [Fatal Error] :1:1: Premature end of file.
2026-05-05 11:01:13,137 [ERROR] LogOutputStream:75 - [STDERR_REDIRECT] 
2026-05-05 11:01:14,141 [ERROR] LogOutputStream:75 - [STDERR_REDIRECT] [Fatal Error] :1:1: Premature end of file.
2026-05-05 11:01:14,141 [ERROR] LogOutputStream:75 - [STDERR_REDIRECT] 
2026-05-05 11:01:15,132 [ERROR] LogOutputStream:75 - [STDERR_REDIRECT] [Fatal Error] :1:1: Premature end of file.
2026-05-05 11:01:15,132 [ERROR] LogOutputStream:75 - [STDERR_REDIRECT] 
2026-05-05 11:01:16,137 [ERROR] LogOutputStream:75 - [STDERR_REDIRECT] [Fatal Error] :1:1: Premature end of file.
2026-05-05 11:01:16,137 [ERROR] LogOutputStream:75 - [STDERR_REDIRECT] 
2026-05-05 11:01:17,139 [ERROR] LogOutputStream:75 - [STDERR_REDIRECT] [Fatal Error] :1:1: Premature end of file.
2026-05-05 11:01:17,139 [ERROR] LogOutputStream:75 - [STDERR_REDIRECT] 
2026-05-05 11:01:18,165 [ERROR] LogOutputStream:75 - [STDERR_REDIRECT] [Fatal Error] :1:1: Premature end of file.
2026-05-05 11:01:18,166 [ERROR] LogOutputStream:75 - [STDERR_REDIRECT] 
2026-05-05 11:01:19,140 [ERROR] LogOutputStream:75 - [STDERR_REDIRECT] [Fatal Error] :1:1: Premature end of file.
2026-05-05 11:01:19,140 [ERROR] LogOutputStream:75 - [STDERR_REDIRECT] 
2026-05-05 11:01:20,144 [ERROR] LogOutputStream:75 - [STDERR_REDIRECT] [Fatal Error] :1:1: Premature end of file.
2026-05-05 11:01:20,144 [ERROR] LogOutputStream:75 - [STDERR_REDIRECT] 
2026-05-05 11:01:21,138 [ERROR] LogOutputStream:75 - [STDERR_REDIRECT] [Fatal Error] :1:1: Premature end of file.
2026-05-05 11:01:21,138 [ERROR] LogOutputStream:75 - [STDERR_REDIRECT] 
2026-05-05 11:01:22,136 [ERROR] LogOutputStream:75 - [STDERR_REDIRECT] [Fatal Error] :1:1: Premature end of file.
2026-05-05 11:01:22,136 [ERROR] LogOutputStream:75 - [STDERR_REDIRECT] 
2026-05-05 11:01:23,130 [ERROR] LogOutputStream:75 - [STDERR_REDIRECT] [Fatal Error] :1:1: Premature end of file.
2026-05-05 11:01:23,131 [ERROR] LogOutputStream:75 - [STDERR_REDIRECT] 
2026-05-05 11:01:24,138 [ERROR] LogOutputStream:75 - [STDERR_REDIRECT] [Fatal Error] :1:1: Premature end of file.
2026-05-05 11:01:24,138 [ERROR] LogOutputStream:75 - [STDERR_REDIRECT] 
2026-05-05 11:01:25,130 [ERROR] LogOutputStream:75 - [STDERR_REDIRECT] [Fatal Error] :1:1: Premature end of file.
2026-05-05 11:01:25,130 [ERROR] LogOutputStream:75 - [STDERR_REDIRECT] 
2026-05-05 11:01:26,144 [ERROR] LogOutputStream:75 - [STDERR_REDIRECT] [Fatal Error] :1:1: Premature end of file.
2026-05-05 11:01:26,144 [ERROR] LogOutputStream:75 - [STDERR_REDIRECT] 
2026-05-05 11:01:27,143 [ERROR] LogOutputStream:75 - [STDERR_REDIRECT] [Fatal Error] :1:1: Premature end of file.
2026-05-05 11:01:27,144 [ERROR] LogOutputStream:75 - [STDERR_REDIRECT] 
2026-05-05 11:01:28,143 [ERROR] LogOutputStream:75 - [STDERR_REDIRECT] [Fatal Error] :1:1: Premature end of file.
2026-05-05 11:01:28,143 [ERROR] LogOutputStream:75 - [STDERR_REDIRECT] 
2026-05-05 11:01:29,133 [ERROR] LogOutputStream:75 - [STDERR_REDIRECT] [Fatal Error] :1:1: Premature end of file.
2026-05-05 11:01:29,134 [ERROR] LogOutputStream:75 - [STDERR_REDIRECT] 
2026-05-05 11:01:30,127 [ERROR] LogOutputStream:75 - [STDERR_REDIRECT] [Fatal Error] :1:1: Premature end of file.
2026-05-05 11:01:30,128 [ERROR] LogOutputStream:75 - [STDERR_REDIRECT] 
2026-05-05 11:01:31,139 [ERROR] LogOutputStream:75 - [STDERR_REDIRECT] [Fatal Error] :1:1: Premature end of file.
2026-05-05 11:01:31,140 [ERROR] LogOutputStream:75 - [STDERR_REDIRECT] 
2026-05-05 11:01:32,163 [ERROR] LogOutputStream:75 - [STDERR_REDIRECT] [Fatal Error] :1:1: Premature end of file.
2026-05-05 11:01:32,163 [ERROR] LogOutputStream:75 - [STDERR_REDIRECT] 
2026-05-05 11:01:33,149 [ERROR] LogOutputStream:75 - [STDERR_REDIRECT] [Fatal Error] :1:1: Premature end of file.
2026-05-05 11:01:33,149 [ERROR] LogOutputStream:75 - [STDERR_REDIRECT] 
2026-05-05 11:01:34,150 [ERROR] LogOutputStream:75 - [STDERR_REDIRECT] [Fatal Error] :1:1: Premature end of file.
2026-05-05 11:01:34,151 [ERROR] LogOutputStream:75 - [STDERR_REDIRECT] 
2026-05-05 11:01:35,148 [ERROR] LogOutputStream:75 - [STDERR_REDIRECT] [Fatal Error] :1:1: Premature end of file.
2026-05-05 11:01:35,149 [ERROR] LogOutputStream:75 - [STDERR_REDIRECT] 
2026-05-05 11:01:36,175 [ERROR] LogOutputStream:75 - [STDERR_REDIRECT] [Fatal Error] :1:1: Premature end of file.
2026-05-05 11:01:36,176 [ERROR] LogOutputStream:75 - [STDERR_REDIRECT] 
2026-05-05 11:01:37,140 [ERROR] LogOutputStream:75 - [STDERR_REDIRECT] [Fatal Error] :1:1: Premature end of file.
2026-05-05 11:01:37,141 [ERROR] LogOutputStream:75 - [STDERR_REDIRECT] 
2026-05-05 11:01:38,142 [ERROR] LogOutputStream:75 - [STDERR_REDIRECT] [Fatal Error] :1:1: Premature end of file.
2026-05-05 11:01:38,143 [ERROR] LogOutputStream:75 - [STDERR_REDIRECT] 
2026-05-05 11:01:39,137 [ERROR] LogOutputStream:75 - [STDERR_REDIRECT] [Fatal Error] :1:1: Premature end of file.
2026-05-05 11:01:39,137 [ERROR] LogOutputStream:75 - [STDERR_REDIRECT] 
2026-05-05 11:01:40,145 [ERROR] LogOutputStream:75 - [STDERR_REDIRECT] [Fatal Error] :1:1: Premature end of file.
2026-05-05 11:01:40,146 [ERROR] LogOutputStream:75 - [STDERR_REDIRECT] 
2026-05-05 11:01:41,150 [ERROR] LogOutputStream:75 - [STDERR_REDIRECT] [Fatal Error] :1:1: Premature end of file.
2026-05-05 11:01:41,150 [ERROR] LogOutputStream:75 - [STDERR_REDIRECT] 
2026-05-05 11:01:42,149 [ERROR] LogOutputStream:75 - [STDERR_REDIRECT] [Fatal Error] :1:1: Premature end of file.
2026-05-05 11:01:42,150 [ERROR] LogOutputStream:75 - [STDERR_REDIRECT] 
2026-05-05 11:01:43,124 [ERROR] LogOutputStream:75 - [STDERR_REDIRECT] [Fatal Error] :1:1: Premature end of file.
2026-05-05 11:01:43,124 [ERROR] LogOutputStream:75 - [STDERR_REDIRECT] 
2026-05-05 11:01:44,127 [ERROR] LogOutputStream:75 - [STDERR_REDIRECT] [Fatal Error] :1:1: Premature end of file.
2026-05-05 11:01:44,127 [ERROR] LogOutputStream:75 - [STDERR_REDIRECT] 
2026-05-05 11:01:45,153 [ERROR] LogOutputStream:75 - [STDERR_REDIRECT] [Fatal Error] :1:1: Premature end of file.
2026-05-05 11:01:45,154 [ERROR] LogOutputStream:75 - [STDERR_REDIRECT] 
2026-05-05 11:01:46,143 [ERROR] LogOutputStream:75 - [STDERR_REDIRECT] [Fatal Error] :1:1: Premature end of file.
2026-05-05 11:01:46,143 [ERROR] LogOutputStream:75 - [STDERR_REDIRECT] 
2026-05-05 11:01:47,135 [ERROR] LogOutputStream:75 - [STDERR_REDIRECT] [Fatal Error] :1:1: Premature end of file.
2026-05-05 11:01:47,136 [ERROR] LogOutputStream:75 - [STDERR_REDIRECT] 
2026-05-05 11:01:48,142 [ERROR] LogOutputStream:75 - [STDERR_REDIRECT] [Fatal Error] :1:1: Premature end of file.
2026-05-05 11:01:48,142 [ERROR] LogOutputStream:75 - [STDERR_REDIRECT] 
2026-05-05 11:01:49,151 [ERROR] LogOutputStream:75 - [STDERR_REDIRECT] [Fatal Error] :1:1: Premature end of file.
2026-05-05 11:01:49,152 [ERROR] LogOutputStream:75 - [STDERR_REDIRECT] 
2026-05-05 11:01:50,059 [INFO] WebApp:194 - Connection lost
2026-05-05 11:01:50,138 [ERROR] LogOutputStream:75 - [STDERR_REDIRECT] [Fatal Error] :1:1: Premature end of file.
2026-05-05 11:01:50,139 [ERROR] LogOutputStream:75 - [STDERR_REDIRECT] 
2026-05-05 11:01:51,157 [ERROR] LogOutputStream:75 - [STDERR_REDIRECT] [Fatal Error] :1:1: Premature end of file.
2026-05-05 11:01:51,157 [ERROR] LogOutputStream:75 - [STDERR_REDIRECT] 
2026-05-05 11:01:51,493 [INFO] WebApp:191 - Connection restablished
2026-05-05 11:01:52,135 [ERROR] LogOutputStream:75 - [STDERR_REDIRECT] [Fatal Error] :1:1: Premature end of file.
2026-05-05 11:01:52,136 [ERROR] LogOutputStream:75 - [STDERR_REDIRECT] 
2026-05-05 11:01:53,152 [ERROR] LogOutputStream:75 - [STDERR_REDIRECT] [Fatal Error] :1:1: Premature end of file.
2026-05-05 11:01:53,152 [ERROR] LogOutputStream:75 - [STDERR_REDIRECT] 
2026-05-05 11:01:54,151 [ERROR] LogOutputStream:75 - [STDERR_REDIRECT] [Fatal Error] :1:1: Premature end of file.
2026-05-05 11:01:54,151 [ERROR] LogOutputStream:75 - [STDERR_REDIRECT] 
2026-05-05 11:01:55,173 [ERROR] LogOutputStream:75 - [STDERR_REDIRECT] [Fatal Error] :1:1: Premature end of file.
2026-05-05 11:01:55,173 [ERROR] LogOutputStream:75 - [STDERR_REDIRECT] 
2026-05-05 11:01:56,148 [ERROR] LogOutputStream:75 - [STDERR_REDIRECT] [Fatal Error] :1:1: Premature end of file.
2026-05-05 11:01:56,149 [ERROR] LogOutputStream:75 - [STDERR_REDIRECT] 
2026-05-05 11:01:57,149 [ERROR] LogOutputStream:75 - [STDERR_REDIRECT] [Fatal Error] :1:1: Premature end of file.
2026-05-05 11:01:57,150 [ERROR] LogOutputStream:75 - [STDERR_REDIRECT] 
2026-05-05 11:01:58,131 [ERROR] LogOutputStream:75 - [STDERR_REDIRECT] [Fatal Error] :1:1: Premature end of file.
2026-05-05 11:01:58,131 [ERROR] LogOutputStream:75 - [STDERR_REDIRECT] 
2026-05-05 11:01:59,151 [ERROR] LogOutputStream:75 - [STDERR_REDIRECT] [Fatal Error] :1:1: Premature end of file.
2026-05-05 11:01:59,151 [ERROR] LogOutputStream:75 - [STDERR_REDIRECT] 
2026-05-05 11:02:00,149 [ERROR] LogOutputStream:75 - [STDERR_REDIRECT] [Fatal Error] :1:1: Premature end of file.
2026-05-05 11:02:00,149 [ERROR] LogOutputStream:75 - [STDERR_REDIRECT] 
2026-05-05 11:02:01,162 [ERROR] LogOutputStream:75 - [STDERR_REDIRECT] [Fatal Error] :1:1: Premature end of file.
2026-05-05 11:02:01,163 [ERROR] LogOutputStream:75 - [STDERR_REDIRECT] 
2026-05-05 11:02:02,153 [ERROR] LogOutputStream:75 - [STDERR_REDIRECT] [Fatal Error] :1:1: Premature end of file.
2026-05-05 11:02:02,153 [ERROR] LogOutputStream:75 - [STDERR_REDIRECT] 
2026-05-05 11:02:03,149 [ERROR] LogOutputStream:75 - [STDERR_REDIRECT] [Fatal Error] :1:1: Premature end of file.
2026-05-05 11:02:03,149 [ERROR] LogOutputStream:75 - [STDERR_REDIRECT] 
2026-05-05 11:02:04,147 [ERROR] LogOutputStream:75 - [STDERR_REDIRECT] [Fatal Error] :1:1: Premature end of file.
2026-05-05 11:02:04,147 [ERROR] LogOutputStream:75 - [STDERR_REDIRECT] 
2026-05-05 11:02:05,169 [ERROR] LogOutputStream:75 - [STDERR_REDIRECT] [Fatal Error] :1:1: Premature end of file.
2026-05-05 11:02:05,170 [ERROR] LogOutputStream:75 - [STDERR_REDIRECT] 
2026-05-05 11:02:06,157 [ERROR] LogOutputStream:75 - [STDERR_REDIRECT] [Fatal Error] :1:1: Premature end of file.
2026-05-05 11:02:06,157 [ERROR] LogOutputStream:75 - [STDERR_REDIRECT] 
2026-05-05 11:02:07,155 [ERROR] LogOutputStream:75 - [STDERR_REDIRECT] [Fatal Error] :1:1: Premature end of file.
2026-05-05 11:02:07,156 [ERROR] LogOutputStream:75 - [STDERR_REDIRECT] 
2026-05-05 11:02:08,152 [ERROR] LogOutputStream:75 - [STDERR_REDIRECT] [Fatal Error] :1:1: Premature end of file.
2026-05-05 11:02:08,152 [ERROR] LogOutputStream:75 - [STDERR_REDIRECT] 
2026-05-05 11:02:09,149 [ERROR] LogOutputStream:75 - [STDERR_REDIRECT] [Fatal Error] :1:1: Premature end of file.
2026-05-05 11:02:09,149 [ERROR] LogOutputStream:75 - [STDERR_REDIRECT] 
2026-05-05 11:02:10,149 [ERROR] LogOutputStream:75 - [STDERR_REDIRECT] [Fatal Error] :1:1: Premature end of file.
2026-05-05 11:02:10,149 [ERROR] LogOutputStream:75 - [STDERR_REDIRECT] 
2026-05-05 11:02:11,150 [ERROR] LogOutputStream:75 - [STDERR_REDIRECT] [Fatal Error] :1:1: Premature end of file.
2026-05-05 11:02:11,150 [ERROR] LogOutputStream:75 - [STDERR_REDIRECT] 
2026-05-05 11:02:12,154 [ERROR] LogOutputStream:75 - [STDERR_REDIRECT] [Fatal Error] :1:1: Premature end of file.
2026-05-05 11:02:12,154 [ERROR] LogOutputStream:75 - [STDERR_REDIRECT] 
2026-05-05 11:02:13,149 [ERROR] LogOutputStream:75 - [STDERR_REDIRECT] [Fatal Error] :1:1: Premature end of file.
2026-05-05 11:02:13,149 [ERROR] LogOutputStream:75 - [STDERR_REDIRECT] 
2026-05-05 11:02:14,179 [ERROR] LogOutputStream:75 - [STDERR_REDIRECT] [Fatal Error] :1:1: Premature end of file.
2026-05-05 11:02:14,179 [ERROR] LogOutputStream:75 - [STDERR_REDIRECT] 
2026-05-05 11:02:15,151 [ERROR] LogOutputStream:75 - [STDERR_REDIRECT] [Fatal Error] :1:1: Premature end of file.
2026-05-05 11:02:15,151 [ERROR] LogOutputStream:75 - [STDERR_REDIRECT] 
2026-05-05 11:02:16,145 [ERROR] LogOutputStream:75 - [STDERR_REDIRECT] [Fatal Error] :1:1: Premature end of file.
2026-05-05 11:02:16,145 [ERROR] LogOutputStream:75 - [STDERR_REDIRECT] 
2026-05-05 11:02:17,139 [ERROR] LogOutputStream:75 - [STDERR_REDIRECT] [Fatal Error] :1:1: Premature end of file.
2026-05-05 11:02:17,140 [ERROR] LogOutputStream:75 - [STDERR_REDIRECT] 
2026-05-05 11:02:18,192 [ERROR] LogOutputStream:75 - [STDERR_REDIRECT] [Fatal Error] :1:1: Premature end of file.
2026-05-05 11:02:18,192 [ERROR] LogOutputStream:75 - [STDERR_REDIRECT] 
2026-05-05 11:02:19,165 [ERROR] LogOutputStream:75 - [STDERR_REDIRECT] [Fatal Error] :1:1: Premature end of file.
2026-05-05 11:02:19,165 [ERROR] LogOutputStream:75 - [STDERR_REDIRECT] 
2026-05-05 11:02:20,175 [ERROR] LogOutputStream:75 - [STDERR_REDIRECT] [Fatal Error] :1:1: Premature end of file.
2026-05-05 11:02:20,176 [ERROR] LogOutputStream:75 - [STDERR_REDIRECT] 
2026-05-05 11:02:21,150 [ERROR] LogOutputStream:75 - [STDERR_REDIRECT] [Fatal Error] :1:1: Premature end of file.
2026-05-05 11:02:21,150 [ERROR] LogOutputStream:75 - [STDERR_REDIRECT] 
2026-05-05 11:02:22,150 [ERROR] LogOutputStream:75 - [STDERR_REDIRECT] [Fatal Error] :1:1: Premature end of file.
2026-05-05 11:02:22,150 [ERROR] LogOutputStream:75 - [STDERR_REDIRECT] 
2026-05-05 11:02:23,155 [ERROR] LogOutputStream:75 - [STDERR_REDIRECT] [Fatal Error] :1:1: Premature end of file.
2026-05-05 11:02:23,155 [ERROR] LogOutputStream:75 - [STDERR_REDIRECT] 
2026-05-05 11:02:24,133 [ERROR] LogOutputStream:75 - [STDERR_REDIRECT] [Fatal Error] :1:1: Premature end of file.
2026-05-05 11:02:24,134 [ERROR] LogOutputStream:75 - [STDERR_REDIRECT] 
2026-05-05 11:02:25,155 [ERROR] LogOutputStream:75 - [STDERR_REDIRECT] [Fatal Error] :1:1: Premature end of file.
2026-05-05 11:02:25,155 [ERROR] LogOutputStream:75 - [STDERR_REDIRECT] 
2026-05-05 11:02:26,153 [ERROR] LogOutputStream:75 - [STDERR_REDIRECT] [Fatal Error] :1:1: Premature end of file.
2026-05-05 11:02:26,153 [ERROR] LogOutputStream:75 - [STDERR_REDIRECT] 
2026-05-05 11:02:27,142 [ERROR] LogOutputStream:75 - [STDERR_REDIRECT] [Fatal Error] :1:1: Premature end of file.
2026-05-05 11:02:27,143 [ERROR] LogOutputStream:75 - [STDERR_REDIRECT] 
2026-05-05 11:02:28,146 [ERROR] LogOutputStream:75 - [STDERR_REDIRECT] [Fatal Error] :1:1: Premature end of file.
2026-05-05 11:02:28,147 [ERROR] LogOutputStream:75 - [STDERR_REDIRECT] 
2026-05-05 11:02:29,147 [ERROR] LogOutputStream:75 - [STDERR_REDIRECT] [Fatal Error] :1:1: Premature end of file.
2026-05-05 11:02:29,147 [ERROR] LogOutputStream:75 - [STDERR_REDIRECT] 
2026-05-05 11:02:30,148 [ERROR] LogOutputStream:75 - [STDERR_REDIRECT] [Fatal Error] :1:1: Premature end of file.
2026-05-05 11:02:30,149 [ERROR] LogOutputStream:75 - [STDERR_REDIRECT] 
2026-05-05 11:02:31,146 [ERROR] LogOutputStream:75 - [STDERR_REDIRECT] [Fatal Error] :1:1: Premature end of file.
2026-05-05 11:02:31,146 [ERROR] LogOutputStream:75 - [STDERR_REDIRECT] 
2026-05-05 11:02:32,178 [ERROR] LogOutputStream:75 - [STDERR_REDIRECT] [Fatal Error] :1:1: Premature end of file.
2026-05-05 11:02:32,179 [ERROR] LogOutputStream:75 - [STDERR_REDIRECT] 
2026-05-05 11:02:33,160 [ERROR] LogOutputStream:75 - [STDERR_REDIRECT] [Fatal Error] :1:1: Premature end of file.
2026-05-05 11:02:33,160 [ERROR] LogOutputStream:75 - [STDERR_REDIRECT] 
2026-05-05 11:02:34,149 [ERROR] LogOutputStream:75 - [STDERR_REDIRECT] [Fatal Error] :1:1: Premature end of file.
2026-05-05 11:02:34,149 [ERROR] LogOutputStream:75 - [STDERR_REDIRECT] 
2026-05-05 11:02:35,176 [ERROR] LogOutputStream:75 - [STDERR_REDIRECT] [Fatal Error] :1:1: Premature end of file.
2026-05-05 11:02:35,176 [ERROR] LogOutputStream:75 - [STDERR_REDIRECT] 
2026-05-05 11:02:36,149 [ERROR] LogOutputStream:75 - [STDERR_REDIRECT] [Fatal Error] :1:1: Premature end of file.
2026-05-05 11:02:36,149 [ERROR] LogOutputStream:75 - [STDERR_REDIRECT] 
2026-05-05 11:02:37,145 [ERROR] LogOutputStream:75 - [STDERR_REDIRECT] [Fatal Error] :1:1: Premature end of file.
2026-05-05 11:02:37,146 [ERROR] LogOutputStream:75 - [STDERR_REDIRECT] 
2026-05-05 11:02:38,147 [ERROR] LogOutputStream:75 - [STDERR_REDIRECT] [Fatal Error] :1:1: Premature end of file.
2026-05-05 11:02:38,159 [ERROR] LogOutputStream:75 - [STDERR_REDIRECT] 
2026-05-05 11:02:39,146 [ERROR] LogOutputStream:75 - [STDERR_REDIRECT] [Fatal Error] :1:1: Premature end of file.
2026-05-05 11:02:39,146 [ERROR] LogOutputStream:75 - [STDERR_REDIRECT] 
2026-05-05 11:02:40,164 [ERROR] LogOutputStream:75 - [STDERR_REDIRECT] [Fatal Error] :1:1: Premature end of file.
2026-05-05 11:02:40,164 [ERROR] LogOutputStream:75 - [STDERR_REDIRECT] 
2026-05-05 11:02:41,148 [ERROR] LogOutputStream:75 - [STDERR_REDIRECT] [Fatal Error] :1:1: Premature end of file.
2026-05-05 11:02:41,148 [ERROR] LogOutputStream:75 - [STDERR_REDIRECT] 
2026-05-05 11:02:42,144 [ERROR] LogOutputStream:75 - [STDERR_REDIRECT] [Fatal Error] :1:1: Premature end of file.
2026-05-05 11:02:42,144 [ERROR] LogOutputStream:75 - [STDERR_REDIRECT] 
2026-05-05 11:02:43,152 [ERROR] LogOutputStream:75 - [STDERR_REDIRECT] [Fatal Error] :1:1: Premature end of file.
2026-05-05 11:02:43,152 [ERROR] LogOutputStream:75 - [STDERR_REDIRECT] 
2026-05-05 11:02:44,149 [ERROR] LogOutputStream:75 - [STDERR_REDIRECT] [Fatal Error] :1:1: Premature end of file.
2026-05-05 11:02:44,150 [ERROR] LogOutputStream:75 - [STDERR_REDIRECT] 
2026-05-05 11:02:45,172 [ERROR] LogOutputStream:75 - [STDERR_REDIRECT] [Fatal Error] :1:1: Premature end of file.
2026-05-05 11:02:45,173 [ERROR] LogOutputStream:75 - [STDERR_REDIRECT] 
2026-05-05 11:02:46,150 [ERROR] LogOutputStream:75 - [STDERR_REDIRECT] [Fatal Error] :1:1: Premature end of file.
2026-05-05 11:02:46,150 [ERROR] LogOutputStream:75 - [STDERR_REDIRECT] 
2026-05-05 11:02:47,143 [ERROR] LogOutputStream:75 - [STDERR_REDIRECT] [Fatal Error] :1:1: Premature end of file.
2026-05-05 11:02:47,143 [ERROR] LogOutputStream:75 - [STDERR_REDIRECT] 
2026-05-05 11:02:48,146 [ERROR] LogOutputStream:75 - [STDERR_REDIRECT] [Fatal Error] :1:1: Premature end of file.
2026-05-05 11:02:48,147 [ERROR] LogOutputStream:75 - [STDERR_REDIRECT] 
2026-05-05 11:02:49,138 [ERROR] LogOutputStream:75 - [STDERR_REDIRECT] [Fatal Error] :1:1: Premature end of file.
2026-05-05 11:02:49,138 [ERROR] LogOutputStream:75 - [STDERR_REDIRECT] 
2026-05-05 11:02:50,131 [ERROR] LogOutputStream:75 - [STDERR_REDIRECT] [Fatal Error] :1:1: Premature end of file.
2026-05-05 11:02:50,131 [ERROR] LogOutputStream:75 - [STDERR_REDIRECT] 
2026-05-05 11:02:51,124 [ERROR] LogOutputStream:75 - [STDERR_REDIRECT] [Fatal Error] :1:1: Premature end of file.
2026-05-05 11:02:51,124 [ERROR] LogOutputStream:75 - [STDERR_REDIRECT] 
2026-05-05 11:02:52,127 [ERROR] LogOutputStream:75 - [STDERR_REDIRECT] [Fatal Error] :1:1: Premature end of file.
2026-05-05 11:02:52,128 [ERROR] LogOutputStream:75 - [STDERR_REDIRECT] 
2026-05-05 11:02:53,127 [ERROR] LogOutputStream:75 - [STDERR_REDIRECT] [Fatal Error] :1:1: Premature end of file.
2026-05-05 11:02:53,128 [ERROR] LogOutputStream:75 - [STDERR_REDIRECT] 
2026-05-05 11:02:54,139 [ERROR] LogOutputStream:75 - [STDERR_REDIRECT] [Fatal Error] :1:1: Premature end of file.
2026-05-05 11:02:54,139 [ERROR] LogOutputStream:75 - [STDERR_REDIRECT] 
2026-05-05 11:02:55,131 [ERROR] LogOutputStream:75 - [STDERR_REDIRECT] [Fatal Error] :1:1: Premature end of file.
2026-05-05 11:02:55,131 [ERROR] LogOutputStream:75 - [STDERR_REDIRECT] 
2026-05-05 11:02:56,141 [ERROR] LogOutputStream:75 - [STDERR_REDIRECT] [Fatal Error] :1:1: Premature end of file.
2026-05-05 11:02:56,142 [ERROR] LogOutputStream:75 - [STDERR_REDIRECT] 
2026-05-05 11:02:57,133 [ERROR] LogOutputStream:75 - [STDERR_REDIRECT] [Fatal Error] :1:1: Premature end of file.
2026-05-05 11:02:57,134 [ERROR] LogOutputStream:75 - [STDERR_REDIRECT] 
2026-05-05 11:02:58,136 [ERROR] LogOutputStream:75 - [STDERR_REDIRECT] [Fatal Error] :1:1: Premature end of file.
2026-05-05 11:02:58,136 [ERROR] LogOutputStream:75 - [STDERR_REDIRECT] 
2026-05-05 11:02:59,155 [ERROR] LogOutputStream:75 - [STDERR_REDIRECT] [Fatal Error] :1:1: Premature end of file.
2026-05-05 11:02:59,155 [ERROR] LogOutputStream:75 - [STDERR_REDIRECT] 
2026-05-05 11:03:00,149 [ERROR] LogOutputStream:75 - [STDERR_REDIRECT] [Fatal Error] :1:1: Premature end of file.
2026-05-05 11:03:00,149 [ERROR] LogOutputStream:75 - [STDERR_REDIRECT] 
2026-05-05 11:03:01,148 [ERROR] LogOutputStream:75 - [STDERR_REDIRECT] [Fatal Error] :1:1: Premature end of file.
2026-05-05 11:03:01,149 [ERROR] LogOutputStream:75 - [STDERR_REDIRECT] 
2026-05-05 11:03:02,133 [ERROR] LogOutputStream:75 - [STDERR_REDIRECT] [Fatal Error] :1:1: Premature end of file.
2026-05-05 11:03:02,134 [ERROR] LogOutputStream:75 - [STDERR_REDIRECT] 
2026-05-05 11:03:03,132 [ERROR] LogOutputStream:75 - [STDERR_REDIRECT] [Fatal Error] :1:1: Premature end of file.
2026-05-05 11:03:03,133 [ERROR] LogOutputStream:75 - [STDERR_REDIRECT] 
2026-05-05 11:03:04,146 [ERROR] LogOutputStream:75 - [STDERR_REDIRECT] [Fatal Error] :1:1: Premature end of file.
2026-05-05 11:03:04,146 [ERROR] LogOutputStream:75 - [STDERR_REDIRECT] 
2026-05-05 11:03:05,167 [ERROR] LogOutputStream:75 - [STDERR_REDIRECT] [Fatal Error] :1:1: Premature end of file.
2026-05-05 11:03:05,168 [ERROR] LogOutputStream:75 - [STDERR_REDIRECT] 
2026-05-05 11:03:06,134 [ERROR] LogOutputStream:75 - [STDERR_REDIRECT] [Fatal Error] :1:1: Premature end of file.
2026-05-05 11:03:06,135 [ERROR] LogOutputStream:75 - [STDERR_REDIRECT] 
2026-05-05 11:03:07,155 [ERROR] LogOutputStream:75 - [STDERR_REDIRECT] [Fatal Error] :1:1: Premature end of file.
2026-05-05 11:03:07,155 [ERROR] LogOutputStream:75 - [STDERR_REDIRECT] 
2026-05-05 11:03:08,132 [ERROR] LogOutputStream:75 - [STDERR_REDIRECT] [Fatal Error] :1:1: Premature end of file.
2026-05-05 11:03:08,132 [ERROR] LogOutputStream:75 - [STDERR_REDIRECT] 
2026-05-05 11:03:09,136 [ERROR] LogOutputStream:75 - [STDERR_REDIRECT] [Fatal Error] :1:1: Premature end of file.
2026-05-05 11:03:09,136 [ERROR] LogOutputStream:75 - [STDERR_REDIRECT] 
2026-05-05 11:03:10,151 [ERROR] LogOutputStream:75 - [STDERR_REDIRECT] [Fatal Error] :1:1: Premature end of file.
2026-05-05 11:03:10,151 [ERROR] LogOutputStream:75 - [STDERR_REDIRECT] 
2026-05-05 11:03:11,075 [INFO] McuFinderGlobals:63 - Set McuFinder mode to 2 (CubeIDE integrated)
2026-05-05 11:03:11,130 [INFO] MainUpdater:2872 - connection check result : 10
2026-05-05 11:03:11,141 [ERROR] LogOutputStream:75 - [STDERR_REDIRECT] [Fatal Error] :1:1: Premature end of file.
2026-05-05 11:03:11,141 [ERROR] LogOutputStream:75 - [STDERR_REDIRECT] 
2026-05-05 11:03:11,342 [INFO] MicroXplorer:468 - Change Database Path : 
2026-05-05 11:03:11,343 [INFO] MicroXplorer:498 - Change Database Version : DB.6.0.141
2026-05-05 11:03:11,355 [WARN] ThirdParty:871 - waiting for thirdparty lock release [close project]
2026-05-05 11:03:11,355 [INFO] ThirdParty:873 - entering critical section [close project]
2026-05-05 11:03:11,356 [INFO] ThirdParty:883 - exiting critical section [close project]
2026-05-05 11:03:11,362 [INFO] PinOutPanel:1589 - setPackage(No Configuration,No Configuration)
2026-05-05 11:03:11,371 [INFO] UtilMem:75 - Begin LoadConfig() Used Memory: 810657352 Bytes (1073741824)
2026-05-05 11:03:11,375 [INFO] MicroXplorer:468 - Change Database Path : 
2026-05-05 11:03:11,375 [INFO] MicroXplorer:498 - Change Database Version : DB.6.0.141
2026-05-05 11:03:11,376 [INFO] OpenFileManager:354 - Change cursor
2026-05-05 11:03:11,479 [INFO] Mcu:2011 - Initializing MCU STM32L072C(B-Z)Tx STM32L072CZTx STM32L072CZT6
2026-05-05 11:03:12,117 [ERROR] LogOutputStream:75 - [STDERR_REDIRECT] [Fatal Error] :1:1: Premature end of file.
2026-05-05 11:03:12,118 [ERROR] LogOutputStream:75 - [STDERR_REDIRECT] 
2026-05-05 11:03:13,139 [ERROR] LogOutputStream:75 - [STDERR_REDIRECT] [Fatal Error] :1:1: Premature end of file.
2026-05-05 11:03:13,139 [ERROR] LogOutputStream:75 - [STDERR_REDIRECT] 
2026-05-05 11:03:13,423 [INFO] Context:756 - Trying to add GPIOservice into a context  which must be forbidden
2026-05-05 11:03:13,818 [INFO] ImportTextPane:218 - (OptionalMessage_ERROR) Pin3 (VP_RIF_VS_RIF1) cannot be retrieved for this MCU
2026-05-05 11:03:14,021 [INFO] RtosManager:558 - Registered RTOS mode: class=CMSIS, group=RTOS, mode=CMSIS_V1, owner=FREERTOS
2026-05-05 11:03:14,021 [INFO] RtosManager:558 - Registered RTOS mode: class=CMSIS, group=RTOS2, mode=CMSIS_V2, owner=FREERTOS
2026-05-05 11:03:14,021 [INFO] RtosManager:558 - Registered RTOS mode: class=RTOS, group=Core, mode=CMSIS_V1, owner=FREERTOS
2026-05-05 11:03:14,021 [INFO] RtosManager:558 - Registered RTOS mode: class=RTOS, group=Core, mode=CMSIS_V2, owner=FREERTOS
2026-05-05 11:03:14,021 [WARN] ModelIntegratedComponent:184 - Missing modes for component STMicroelectronics:FreeRTOS:0.0.1:STMicroelectronics:RTOS:FreeRTOS:Core:::10.2.0:
2026-05-05 11:03:14,030 [WARN] ModelIntegratedComponent:63 - No mode defined for component null
2026-05-05 11:03:14,030 [WARN] ModelIntegratedComponent:63 - No mode defined for component null
2026-05-05 11:03:14,030 [WARN] ModelIntegratedComponent:63 - No mode defined for component null
2026-05-05 11:03:14,030 [WARN] ModelIntegratedComponent:63 - No mode defined for component null
2026-05-05 11:03:14,030 [WARN] ModelIntegratedComponent:63 - No mode defined for component null
2026-05-05 11:03:14,030 [WARN] ModelIntegratedComponent:63 - No mode defined for component null
2026-05-05 11:03:14,030 [WARN] ModelIntegratedComponent:63 - No mode defined for component null
2026-05-05 11:03:14,030 [WARN] ModelIntegratedComponent:63 - No mode defined for component null
2026-05-05 11:03:14,030 [WARN] ModelIntegratedComponent:63 - No mode defined for component null
2026-05-05 11:03:14,030 [WARN] ModelIntegratedComponent:63 - No mode defined for component null
2026-05-05 11:03:14,030 [WARN] ModelIntegratedComponent:63 - No mode defined for component null
2026-05-05 11:03:14,031 [WARN] ModelIntegratedComponent:63 - No mode defined for component null
2026-05-05 11:03:14,031 [WARN] ModelIntegratedComponent:63 - No mode defined for component null
2026-05-05 11:03:14,031 [WARN] ModelIntegratedComponent:63 - No mode defined for component null
2026-05-05 11:03:14,031 [WARN] ModelIntegratedComponent:63 - No mode defined for component null
2026-05-05 11:03:14,031 [WARN] ModelIntegratedComponent:63 - No mode defined for component null
2026-05-05 11:03:14,031 [WARN] ModelIntegratedComponent:63 - No mode defined for component null
2026-05-05 11:03:14,031 [WARN] ModelIntegratedComponent:63 - No mode defined for component null
2026-05-05 11:03:14,031 [WARN] ModelIntegratedComponent:63 - No mode defined for component null
2026-05-05 11:03:14,031 [WARN] ModelIntegratedComponent:63 - No mode defined for component null
2026-05-05 11:03:14,031 [WARN] ModelIntegratedComponent:63 - No mode defined for component null
2026-05-05 11:03:14,031 [WARN] ModelIntegratedComponent:63 - No mode defined for component null
2026-05-05 11:03:14,031 [WARN] ModelIntegratedComponent:63 - No mode defined for component null
2026-05-05 11:03:14,031 [WARN] ModelIntegratedComponent:63 - No mode defined for component null
2026-05-05 11:03:14,031 [WARN] ModelIntegratedComponent:63 - No mode defined for component null
2026-05-05 11:03:14,031 [WARN] ModelIntegratedComponent:63 - No mode defined for component null
2026-05-05 11:03:14,031 [WARN] ModelIntegratedComponent:63 - No mode defined for component null
2026-05-05 11:03:14,031 [WARN] ModelIntegratedComponent:63 - No mode defined for component null
2026-05-05 11:03:14,031 [WARN] ModelIntegratedComponent:63 - No mode defined for component null
2026-05-05 11:03:14,031 [WARN] ModelIntegratedComponent:63 - No mode defined for component null
2026-05-05 11:03:14,031 [WARN] ModelIntegratedComponent:63 - No mode defined for component null
2026-05-05 11:03:14,031 [WARN] ModelIntegratedComponent:63 - No mode defined for component null
2026-05-05 11:03:14,031 [WARN] ModelIntegratedComponent:63 - No mode defined for component null
2026-05-05 11:03:14,031 [WARN] ModelIntegratedComponent:63 - No mode defined for component null
2026-05-05 11:03:14,031 [WARN] ModelIntegratedComponent:63 - No mode defined for component null
2026-05-05 11:03:14,032 [WARN] ModelPack:524 - Component already loaded: STMicroelectronics:HAL Drivers:0.0.0:STMicroelectronics:Device:STMicro_Driver:XSPI:HAL::0.0.1:HAL_XSPI
2026-05-05 11:03:14,129 [ERROR] LogOutputStream:75 - [STDERR_REDIRECT] [Fatal Error] :1:1: Premature end of file.
2026-05-05 11:03:14,129 [ERROR] LogOutputStream:75 - [STDERR_REDIRECT] 
2026-05-05 11:03:14,275 [INFO] ThirdPartyModel:298 - Start build external matchings
2026-05-05 11:03:15,135 [ERROR] LogOutputStream:75 - [STDERR_REDIRECT] [Fatal Error] :1:1: Premature end of file.
2026-05-05 11:03:15,135 [ERROR] LogOutputStream:75 - [STDERR_REDIRECT] 
2026-05-05 11:03:16,074 [INFO] ThirdPartyModel:316 - End build external matchings
2026-05-05 11:03:16,149 [ERROR] LogOutputStream:75 - [STDERR_REDIRECT] [Fatal Error] :1:1: Premature end of file.
2026-05-05 11:03:16,150 [ERROR] LogOutputStream:75 - [STDERR_REDIRECT] 
2026-05-05 11:03:16,532 [INFO] ApiDb:581 - Connected to CubeFinder SQLite database (C:\Users\salem\.stmcufinder\plugins\mcufinder\mcu\cube-finder-db.db)
2026-05-05 11:03:16,666 [INFO] ApiDb:668 - CubeFinder database Data Model version=2.1
2026-05-05 11:03:16,666 [INFO] ApiDb:669 - CubeFinder database Configuration version=3.0.42
2026-05-05 11:03:16,667 [INFO] ApiDb:670 - CubeFinder database generation date=2026-03-11 (1773229989)
2026-05-05 11:03:16,668 [INFO] ApiDb:671 - CubeFinder database FW Pack versions=[FP-ATR-ASTRA1_V2.0.0, FP-SNS-FLIGHT1_V5.1.0, FP-SNS-MOTENV1_V5.1.0, FP-SNS-MOTENVWB1_V1.5.0, FP-SNS-SMARTAG2_V1.2.0, FP-SNS-STBOX1_V2.1.0, STM32Cube_FW_C0_V1.4.0, STM32Cube_FW_F4_V1.28.3, STM32Cube_FW_F7_V1.17.4, STM32Cube_FW_G0_V1.6.3, STM32Cube_FW_G4_V1.6.2, STM32Cube_FW_H5_V1.6.0, STM32Cube_FW_H7RS_V1.3.0, STM32Cube_FW_H7_V1.13.0, STM32Cube_FW_L0_V1.12.2, STM32Cube_FW_L4_V1.18.2, STM32Cube_FW_L5_V1.6.0, STM32Cube_FW_N6_V1.3.0, STM32Cube_FW_U0_V1.3.0, STM32Cube_FW_U3_V1.3.0, STM32Cube_FW_U5_V1.8.0, STM32Cube_FW_WB0_V1.4.0, STM32Cube_FW_WBA_V1.9.0, STM32Cube_FW_WB_V1.24.0, STM32Cube_FW_WL3_V1.4.0, STM32Cube_FW_WL_V1.5.0, X-CUBE-ALGOBUILD_V1.4.0, X-CUBE-ALS_V1.0.2, X-CUBE-AZRTOS-F4_V1.1.0, X-CUBE-AZRTOS-F7_V1.1.0, X-CUBE-AZRTOS-G0_V1.1.0, X-CUBE-AZRTOS-G4_V2.0.0, X-CUBE-AZRTOS-H7RS_V1.1.0, X-CUBE-AZRTOS-H7_V3.4.0, X-CUBE-AZRTOS-L4_V2.0.0, X-CUBE-AZRTOS-L5_V2.0.0, X-CUBE-AZRTOS-WB_V2.0.0, X-CUBE-AZRTOS-WL_V2.0.0, X-CUBE-BLE1_V7.1.0, X-CUBE-BLE2_V3.3.0, X-CUBE-BLEMGR_V4.1.0, X-CUBE-EEPRMA1_V5.2.0, X-CUBE-FREERTOS_V1.5.0, X-CUBE-GNSS1_V6.0.0, X-CUBE-MEMS1_V12.0.0, X-CUBE-NFC4_V3.0.0, X-CUBE-NFC7_V2.0.0, X-CUBE-SFXS2LP1_V4.0.0, X-CUBE-ST67W61_V1.2.0, X-CUBE-SUBG2_V5.0.0, X-CUBE-TOF1_V3.4.3]
2026-05-05 11:03:16,828 [INFO] DbBoardsSqlite:226 - include board P-NUCLEO-WB55-NUCLEO as a kit item of type 'Nucleo-64'
2026-05-05 11:03:16,828 [INFO] DbBoardsSqlite:226 - include board P-NUCLEO-WB55-USBDONGLE as a kit item of type 'Nucleo USB Dongle'
2026-05-05 11:03:16,829 [INFO] DbBoardsSqlite:226 - include board STEVAL-IDP005V1 as a kit item of type 'Evaluation Board'
2026-05-05 11:03:16,829 [INFO] DbBoardsSqlite:226 - include board STEVAL-IDP005V2 as a kit item of type 'Evaluation Board'
2026-05-05 11:03:17,130 [ERROR] LogOutputStream:75 - [STDERR_REDIRECT] [Fatal Error] :1:1: Premature end of file.
2026-05-05 11:03:17,130 [ERROR] LogOutputStream:75 - [STDERR_REDIRECT] 
2026-05-05 11:03:17,334 [INFO] ApiDb:240 - Found 895 in-development CPN: [B-G473E-ZEST1S, B-WB1M-WPAN1, B-WBA5M-WPAN, B-WL5M-SUBG1, NUCLEO-C031C6, NUCLEO-C051C8, NUCLEO-C071RB, NUCLEO-C092RC, NUCLEO-H503RB, NUCLEO-H533RE, NUCLEO-H563ZI, NUCLEO-H7S3L8, NUCLEO-N657X0-Q, NUCLEO-U031R8, NUCLEO-U083RC, NUCLEO-U385RG-Q, NUCLEO-U545RE-Q, NUCLEO-U5A5ZJ-Q, NUCLEO-WB05KZ, NUCLEO-WB07CC, NUCLEO-WB09KE, NUCLEO-WBA52CG, NUCLEO-WBA55CG, NUCLEO-WBA65RI, NUCLEO-WL33CC1, NUCLEO-WL33CC2, STEVAL-PROTEUS1, STEVAL-SMARTAG2, STEVAL-STWINBX1, STM320518-EVAL, STM32C0116-DK, STM32C011D6Y3TR, STM32C011D6Y6TR, STM32C011F4P3, STM32C011F4P6, STM32C011F4U3, STM32C011F4U6TR, STM32C011F6P3, STM32C011F6P6, STM32C011F6U3, STM32C011F6U6TR, STM32C011J4M3, STM32C011J4M6, STM32C011J6M3, STM32C011J6M6, STM32C0316-DK, STM32C031C4T3, STM32C031C4T6, STM32C031C4U3, STM32C031C4U6, STM32C031C6T3, STM32C031C6T6, STM32C031C6U3, STM32C031C6U6, STM32C031F4P3, STM32C031F4P6, STM32C031F6P3, STM32C031F6P6, STM32C031G4U3, STM32C031G4U6, STM32C031G6U3, STM32C031G6U6, STM32C031K4T3, STM32C031K4T6, STM32C031K4U3, STM32C031K4U6, STM32C031K6T3, STM32C031K6T6, STM32C031K6U3, STM32C031K6U6, STM32C051C6T6, STM32C051C6U6, STM32C051C8T6, STM32C051C8U6, STM32C051D8Y6TR, STM32C051F6P6, STM32C051F8P6, STM32C051G6U6, STM32C051G8U6, STM32C051K6T6, STM32C051K6U6, STM32C051K8T6, STM32C071C8T6, STM32C071C8T6N, STM32C071C8U6, STM32C071C8U6N, STM32C071CBT6, STM32C071CBT6N, STM32C071CBU6, STM32C071CBU6N, STM32C071F8P6, STM32C071F8P6N, STM32C071FBP6, STM32C071FBP6N, STM32C071FBY6TR, STM32C071G8U6, STM32C071G8U6N, STM32C071GBU6, STM32C071GBU6N, STM32C071K8T6, STM32C071K8T6N, STM32C071K8U6, STM32C071K8U6N, STM32C071KBT6, STM32C071KBT6N, STM32C071KBU6, STM32C071KBU6N, STM32C071R8T6, STM32C071R8T6N, STM32C071RBI6N, STM32C071RBT6, STM32C071RBT6N, STM32C091CBT6, STM32C091CBU6, STM32C091CCT6, STM32C091CCU6, STM32C091ECY6TR, STM32C091FBP6, STM32C091FCP6, STM32C091GBU6, STM32C091GCU6, STM32C091KBT6, STM32C091KBU6, STM32C091KCT6, STM32C091KCU6, STM32C091RBT6, STM32C091RCI6, STM32C091RCT6, STM32C092CBT6, STM32C092CBU6, STM32C092CCT6, STM32C092CCU6, STM32C092ECY6TR, STM32C092FBP6, STM32C092FCP6, STM32C092GBU6, STM32C092GCU6, STM32C092KBT6, STM32C092KBU6, STM32C092KCT6, STM32C092KCU6, STM32C092RBT6, STM32C092RCI6, STM32C092RCT6, STM32G071K8TXN, STM32G071K8UXN, STM32G081GBU6N, STM32G081KBT6N, STM32G081KBUXN, STM32G0B1CCT6N, STM32G0B1KCT6, STM32G0B1NEY6TR, STM32G0B1RCT6N, STM32G0C1CCT6, STM32G0C1CCT6N, STM32G0C1CCU6N, STM32G0C1CET6N, STM32G0C1CEU6N, STM32G0C1KCT6, STM32G0C1NEY6TR, STM32G0C1RCI6N, STM32G0C1RCT6N, STM32G0C1REI6N, STM32G0C1RET6N, STM32G0C1VCI6, STM32G0C1VEI6, STM32G411C6T3, STM32G411C6T6, STM32G411C6U3, STM32G411C6U6, STM32G411C8T3, STM32G411C8T6, STM32G411C8U3, STM32G411C8U6, STM32G411CBT3, STM32G411CBT6, STM32G411CBU3, STM32G411CBU6, STM32G411CCT3, STM32G411CCT6, STM32G411CCU3, STM32G411CCU6, STM32G411K6T3, STM32G411K6T6, STM32G411K6U3, STM32G411K6U6, STM32G411K8T3, STM32G411K8T6, STM32G411K8U3, STM32G411K8U6, STM32G411KBT3, STM32G411KBT6, STM32G411KBU3, STM32G411KBU6, STM32G411M6T3, STM32G411M6T6, STM32G411M8T3, STM32G411M8T6, STM32G411MBT3, STM32G411MBT6, STM32G411MCT3, STM32G411MCT6, STM32G411R6T3, STM32G411R6T6, STM32G411R8T3, STM32G411R8T6, STM32G411RBT3, STM32G411RBT6, STM32G411RCT3, STM32G411RCT6, STM32G414CBT3, STM32G414CBT6, STM32G414CBU3, STM32G414CBU6, STM32G414CCT3, STM32G414CCT6, STM32G414CCU3, STM32G414CCU6, STM32G414MBT3, STM32G414MBT6, STM32G414MCT3, STM32G414MCT6, STM32G414RBT3, STM32G414RBT6, STM32G414RCT3, STM32G414RCT6, STM32G414VBT3, STM32G414VBT6, STM32G414VCT3, STM32G414VCT6, STM32G431CBT3Z, STM32G431RBT3Z, STM32G471CCT6, STM32G471CCU6, STM32G471CET3, STM32G471CET6, STM32G471CEU3, STM32G471CEU6, STM32G471MCT6, STM32G471MET3, STM32G471MET6, STM32G471MEY6TR, STM32G471QCT6, STM32G471QET3, STM32G471RCT6, STM32G471RET3, STM32G471RET6, STM32G471VCH6, STM32G471VCI6, STM32G471VCT6, STM32G471VEH3, STM32G471VEH6, STM32G471VEI3, STM32G471VEI6, STM32G471VET3, STM32G471VET6, STM32G473QET3Z, STM32G473RET3Z, STM32G474CCT6, STM32G491RET3Z, STM32H503CBT6, STM32H503CBU6, STM32H503EBY6TR, STM32H503KBU6, STM32H503RBT6, STM32H523CCT6, STM32H523CCU6, STM32H523CET6, STM32H523CEU6, STM32H523HEY6TR, STM32H523RCT6, STM32H523RET6, STM32H523VCI6, STM32H523VCT6, STM32H523VEI6, STM32H523VET6, STM32H523ZCJ6, STM32H523ZCT6, STM32H523ZEJ6, STM32H523ZET6, STM32H533CET6, STM32H533CEU6, STM32H533HEY6TR, STM32H533RET6, STM32H533VEI6, STM32H533VET6, STM32H533ZEJ6, STM32H533ZET6, STM32H562AGI6, STM32H562AII6, STM32H562IGK6, STM32H562IGT6, STM32H562IIK6, STM32H562IIT6, STM32H562RGT6, STM32H562RGV6, STM32H562RIT6, STM32H562RIV6, STM32H562VGT6, STM32H562VIT6, STM32H562ZGT6, STM32H562ZIT6, STM32H563AGI6, STM32H563AII3Q, STM32H563AII6, STM32H563IGK6, STM32H563IGT6, STM32H563IIK3Q, STM32H563IIK6, STM32H563IIT3Q, STM32H563IIT6, STM32H563MIY3QTR, STM32H563RGT6, STM32H563RGV6, STM32H563RIT6, STM32H563RIV6, STM32H563VGT6, STM32H563VIT3Q, STM32H563VIT6, STM32H563ZGT6, STM32H563ZIT3Q, STM32H563ZIT6, STM32H573AII3Q, STM32H573AII6, STM32H573I-DK, STM32H573IIK3Q, STM32H573IIK6, STM32H573IIT3Q, STM32H573IIT6, STM32H573MIY3QTR, STM32H573RIT6, STM32H573RIV6, STM32H573VIT3Q, STM32H573VIT6, STM32H573ZIT3Q, STM32H573ZIT6, STM32H7R3A8I6, STM32H7R3I8K6, STM32H7R3I8T6, STM32H7R3L8H6, STM32H7R3L8H6H, STM32H7R3R8V6, STM32H7R3V8H6, STM32H7R3V8T6, STM32H7R3V8Y6TR, STM32H7R3Z8J6, STM32H7R3Z8T6, STM32H7R7A8I6, STM32H7R7I8K6, STM32H7R7I8T6, STM32H7R7L8H6, STM32H7R7L8H6H, STM32H7R7Z8J6, STM32H7S3A8I6, STM32H7S3I8K6, STM32H7S3I8T6, STM32H7S3L8H6, STM32H7S3L8H6H, STM32H7S3R8V6, STM32H7S3V8H6, STM32H7S3V8T6, STM32H7S3V8Y6TR, STM32H7S3Z8J6, STM32H7S3Z8T6, STM32H7S78-DK, STM32H7S7A8I6, STM32H7S7I8K6, STM32H7S7I8T6, STM32H7S7L8H6, STM32H7S7L8H6H, STM32H7S7Z8J6, STM32L4R5QGI6STR, STM32MP131AAE3, STM32MP131AAF3, STM32MP131AAG3, STM32MP131CAE3, STM32MP131CAF3, STM32MP131CAG3, STM32MP131DAE7, STM32MP131DAF7, STM32MP131DAG7, STM32MP131FAE7, STM32MP131FAF7, STM32MP131FAG7, STM32MP133AAE3, STM32MP133AAF3, STM32MP133AAG3, STM32MP133CAE3, STM32MP133CAF3, STM32MP133CAG3, STM32MP133DAE7, STM32MP133DAF7, STM32MP133DAG7, STM32MP133FAE7, STM32MP133FAF7, STM32MP133FAG7, STM32MP135AAE3, STM32MP135AAF3, STM32MP135AAG3, STM32MP135CAE3, STM32MP135CAF3, STM32MP135CAG3, STM32MP135DAE7, STM32MP135DAF7, STM32MP135DAG7, STM32MP135F-DK, STM32MP135FAE7, STM32MP135FAF7, STM32MP135FAF7T, STM32MP135FAF7U, STM32MP135FAG7, STM32MP231AAJ3, STM32MP231AAK3, STM32MP231AAL3, STM32MP231CAJ3, STM32MP231CAK3, STM32MP231CAL3, STM32MP231DAJ3, STM32MP231DAK3, STM32MP231DAL3, STM32MP231FAJ3, STM32MP231FAK3, STM32MP231FAL3, STM32MP233AAJ3, STM32MP233AAK3, STM32MP233AAL3, STM32MP233CAJ3, STM32MP233CAK3, STM32MP233CAL3, STM32MP233DAJ3, STM32MP233DAK3, STM32MP233DAL3, STM32MP233FAJ3, STM32MP233FAK3, STM32MP233FAL3, STM32MP235AAJ3, STM32MP235AAK3, STM32MP235AAL3, STM32MP235CAJ3, STM32MP235CAK3, STM32MP235CAL3, STM32MP235DAJ3, STM32MP235DAK3, STM32MP235DAL3, STM32MP235FAJ3, STM32MP235FAK3, STM32MP235FAL3, STM32MP251AAI3, STM32MP251AAJ3, STM32MP251AAK3, STM32MP251AAL3, STM32MP251CAI3, STM32MP251CAJ3, STM32MP251CAK3, STM32MP251CAL3, STM32MP251DAI3, STM32MP251DAJ3, STM32MP251DAK3, STM32MP251DAL3, STM32MP251FAI3, STM32MP251FAJ3, STM32MP251FAK3, STM32MP251FAL3, STM32MP253AAI3, STM32MP253AAJ3, STM32MP253AAK3, STM32MP253AAL3, STM32MP253CAI3, STM32MP253CAJ3, STM32MP253CAK3, STM32MP253CAL3, STM32MP253DAI3, STM32MP253DAJ3, STM32MP253DAK3, STM32MP253DAL3, STM32MP253FAI3, STM32MP253FAJ3, STM32MP253FAK3, STM32MP253FAL3, STM32MP255AAI3, STM32MP255AAJ3, STM32MP255AAK3, STM32MP255AAL3, STM32MP255CAI3, STM32MP255CAJ3, STM32MP255CAK3, STM32MP255CAL3, STM32MP255DAI3, STM32MP255DAJ3, STM32MP255DAK3, STM32MP255DAL3, STM32MP255FAI3, STM32MP255FAJ3, STM32MP255FAK3, STM32MP255FAL3, STM32MP257AAI3, STM32MP257AAJ3, STM32MP257AAK3, STM32MP257AAL3, STM32MP257CAI3, STM32MP257CAJ3, STM32MP257CAK3, STM32MP257CAL3, STM32MP257DAI3, STM32MP257DAJ3, STM32MP257DAK3, STM32MP257DAL3, STM32MP257F-DK, STM32MP257F-EV1, STM32MP257FAI3, STM32MP257FAJ3, STM32MP257FAK3, STM32MP257FAL3, STM32N645A0H3Q, STM32N645B0H3Q, STM32N645I0H3Q, STM32N645L0H3Q, STM32N645X0H3Q, STM32N645Z0H3Q, STM32N647A0H3Q, STM32N647B0H3Q, STM32N647I0H3Q, STM32N647L0H3Q, STM32N647X0H3Q, STM32N647Z0H3Q, STM32N655A0H3Q, STM32N655B0H3Q, STM32N655I0H3Q, STM32N655L0H3Q, STM32N655X0H3Q, STM32N655Z0H3Q, STM32N6570-DK, STM32N657A0H3Q, STM32N657B0H3Q, STM32N657I0H3Q, STM32N657L0H3Q, STM32N657X0H3Q, STM32N657Z0H3Q, STM32U031C6T6, STM32U031C6U6, STM32U031C8T6, STM32U031C8U6, STM32U031F4P6, STM32U031F6P6, STM32U031F8P6, STM32U031G6Y6TR, STM32U031G8Y6TR, STM32U031K4U6, STM32U031K6U6, STM32U031K8U6, STM32U031R6I6, STM32U031R6T6, STM32U031R8I6, STM32U031R8T6, STM32U073C8T6, STM32U073C8U6, STM32U073CBT6, STM32U073CBU6, STM32U073CCT6, STM32U073CCU6, STM32U073H8Y6TR, STM32U073HBY6TR, STM32U073HCY6TR, STM32U073K8U6, STM32U073KBU6, STM32U073KCU6, STM32U073M8I6, STM32U073M8T6, STM32U073MBI6, STM32U073MBT6, STM32U073MCI6, STM32U073MCT6, STM32U073R8I6, STM32U073R8T6, STM32U073RBI6, STM32U073RBT6, STM32U073RCI6, STM32U073RCT6, STM32U083C-DK, STM32U083CCT6, STM32U083CCU6, STM32U083HCY6TR, STM32U083KCU6, STM32U083MCI6, STM32U083MCT6, STM32U083RCI6, STM32U083RCT6, STM32U375CET6, STM32U375CET6Q, STM32U375CEU6, STM32U375CEU6Q, STM32U375CEY6QTR, STM32U375CGT6, STM32U375CGT6Q, STM32U375CGU6, STM32U375CGU6Q, STM32U375CGY6QTR, STM32U375KEU6, STM32U375KGU6, STM32U375REI6, STM32U375REI6Q, STM32U375RET6, STM32U375RET6Q, STM32U375REY6GTR, STM32U375REY6QTR, STM32U375RGI6, STM32U375RGI6Q, STM32U375RGT6, STM32U375RGT6Q, STM32U375RGY6GTR, STM32U375RGY6QTR, STM32U375VEI6, STM32U375VEI6Q, STM32U375VET6, STM32U375VET6Q, STM32U375VGI6, STM32U375VGI6Q, STM32U375VGT6, STM32U375VGT6Q, STM32U385CGT6, STM32U385CGT6Q, STM32U385CGU6, STM32U385CGU6Q, STM32U385CGY6QTR, STM32U385KGU6, STM32U385RGI6, STM32U385RGI6Q, STM32U385RGT6, STM32U385RGT6Q, STM32U385RGY6GTR, STM32U385RGY6QTR, STM32U385VGI6, STM32U385VGI6Q, STM32U385VGT6, STM32U385VGT6Q, STM32U535CBT6, STM32U535CBT6Q, STM32U535CBU6, STM32U535CBU6Q, STM32U535CCT6, STM32U535CCT6Q, STM32U535CCU6, STM32U535CCU6Q, STM32U535CET6, STM32U535CET6Q, STM32U535CEU6, STM32U535CEU6Q, STM32U535JEY6QTR, STM32U535NCY6QTR, STM32U535NEY6QTR, STM32U535RBI6, STM32U535RBI6Q, STM32U535RBT6, STM32U535RBT6Q, STM32U535RCI6, STM32U535RCI6Q, STM32U535RCT6, STM32U535RCT6Q, STM32U535REI6, STM32U535REI6Q, STM32U535RET6, STM32U535RET6Q, STM32U535VCI6, STM32U535VCI6Q, STM32U535VCT6, STM32U535VCT6Q, STM32U535VEI6, STM32U535VEI6Q, STM32U535VET6, STM32U535VET6Q, STM32U545CET6, STM32U545CET6Q, STM32U545CEU6, STM32U545CEU6Q, STM32U545JEY6QTR, STM32U545NEY6QTR, STM32U545REI6, STM32U545REI6Q, STM32U545RET6, STM32U545RET6Q, STM32U545VEI6, STM32U545VEI6Q, STM32U545VET6, STM32U545VET6Q, STM32U595AIH6, STM32U595AIH6Q, STM32U595AJH6, STM32U595AJH6Q, STM32U595QII6, STM32U595QII6Q, STM32U595QJI6, STM32U595QJI6Q, STM32U595RIT6, STM32U595RIT6Q, STM32U595RJT6, STM32U595RJT6Q, STM32U595VIT6, STM32U595VIT6Q, STM32U595VJT6, STM32U595VJT6Q, STM32U595ZIT6, STM32U595ZIT6Q, STM32U595ZIY6QTR, STM32U595ZJT6, STM32U595ZJT6Q, STM32U595ZJY6QTR, STM32U599BJY6QTR, STM32U599NIH6Q, STM32U599NJH6Q, STM32U599VIT6Q, STM32U599VJT6, STM32U599VJT6Q, STM32U599ZIT6Q, STM32U599ZIY6QTR, STM32U599ZJT6Q, STM32U599ZJY6QTR, STM32U5A5AJH6, STM32U5A5AJH6Q, STM32U5A5QII3Q , STM32U5A5QJI6, STM32U5A5QJI6Q, STM32U5A5RJT6, STM32U5A5RJT6Q, STM32U5A5VJT6, STM32U5A5VJT6Q, STM32U5A5ZJT6, STM32U5A5ZJT6Q, STM32U5A5ZJY6QTR, STM32U5A9BJY6QTR, STM32U5A9J-DK, STM32U5A9NJH6Q, STM32U5A9VJT6Q, STM32U5A9ZJT6Q, STM32U5A9ZJY6QTR, STM32U5F7VIT6, STM32U5F7VIT6Q, STM32U5F7VJT6, STM32U5F7VJT6Q, STM32U5F9BJY6QTR, STM32U5F9NJH6Q, STM32U5F9VIT6Q, STM32U5F9VJT6Q, STM32U5F9ZIJ6QTR, STM32U5F9ZIT6Q, STM32U5F9ZJJ6QTR, STM32U5F9ZJT6Q, STM32U5G7VJT6, STM32U5G7VJT6Q, STM32U5G9BJY6QTR, STM32U5G9J-DK1, STM32U5G9J-DK2, STM32U5G9NJH6Q, STM32U5G9VJT6Q, STM32U5G9ZJJ6QTR, STM32U5G9ZJT6Q, STM32WB05KZV6TR, STM32WB05KZV7TR, STM32WB05TZF6TR, STM32WB05TZF7TR, STM32WB06CCF6TR, STM32WB06CCF7TR, STM32WB06CCV6TR, STM32WB06CCV7TR, STM32WB06KCV6TR, STM32WB06KCV7TR, STM32WB07CCF6TR, STM32WB07CCF7TR, STM32WB07CCV6TR, STM32WB07CCV7TR, STM32WB07KCV6TR, STM32WB07KCV7TR, STM32WB09KEV6TR, STM32WB09KEV7TR, STM32WB09TEF6TR, STM32WB09TEF7TR, STM32WB1MMCH6, STM32WBA50KGU6, STM32WBA50KGU6TR, STM32WBA52CEU6, STM32WBA52CEU6TR, STM32WBA52CEU7, STM32WBA52CEU7TR, STM32WBA52CGU6, STM32WBA52CGU6TR, STM32WBA52CGU6U, STM32WBA52CGU7, STM32WBA52CGU7TR, STM32WBA52KEU6, STM32WBA52KEU6TR, STM32WBA52KGU6, STM32WBA52KGU6TR, STM32WBA54CEU6, STM32WBA54CEU6TR, STM32WBA54CEU7, STM32WBA54CEU7TR, STM32WBA54CGU6, STM32WBA54CGU6TR, STM32WBA54CGU7, STM32WBA54CGU7TR, STM32WBA54KEU6, STM32WBA54KEU6TR, STM32WBA54KEU7, STM32WBA54KEU7TR, STM32WBA54KGU6, STM32WBA54KGU6TR, STM32WBA54KGU7, STM32WBA54KGU7TR, STM32WBA55CEU6, STM32WBA55CEU6TR, STM32WBA55CEU7, STM32WBA55CEU7TR, STM32WBA55CGU6, STM32WBA55CGU6TR, STM32WBA55CGU6U, STM32WBA55CGU7, STM32WBA55CGU7TR, STM32WBA55G-DK1, STM32WBA55HEF6, STM32WBA55HEF7, STM32WBA55HGF6, STM32WBA55HGF7, STM32WBA55UEI6, STM32WBA55UEI6TR, STM32WBA55UEI7, STM32WBA55UEI7TR, STM32WBA55UGI6, STM32WBA55UGI6TR, STM32WBA55UGI7, STM32WBA55UGI7TR, STM32WBA5MJGH6TR, STM32WBA62CGU6, STM32WBA62CIU6, STM32WBA62MGF6, STM32WBA62MIF6, STM32WBA62PGI6, STM32WBA62PII6, STM32WBA63CGU6, STM32WBA63CGU7, STM32WBA63CIU6, STM32WBA63CIU7, STM32WBA64CGU6, STM32WBA64CGU7, STM32WBA64CIU6, STM32WBA64CIU7, STM32WBA65CGU6, STM32WBA65CGU7, STM32WBA65CIU6, STM32WBA65CIU7, STM32WBA65I-DK1, STM32WBA65MGF6, STM32WBA65MGF7, STM32WBA65MIF6, STM32WBA65MIF7, STM32WBA65PGI6, STM32WBA65PGI7, STM32WBA65PII6, STM32WBA65PII7, STM32WBA65RGV6, STM32WBA65RGV7, STM32WBA65RIV6, STM32WBA65RIV7, STM32WL30K8V6, STM32WL30KBV6, STM32WL31C8V6, STM32WL31CBV6, STM32WL31K8V6, STM32WL31KBV6, STM32WL33C8V6, STM32WL33C8V6TR, STM32WL33C8V7, STM32WL33C8V7TR, STM32WL33CBV6, STM32WL33CBV6TR, STM32WL33CBV7, STM32WL33CBV7TR, STM32WL33CCV6, STM32WL33CCV6TR, STM32WL33CCV7, STM32WL33CCV7A, STM32WL33CCV7ATR, STM32WL33CCV7TR, STM32WL33K8V6, STM32WL33K8V6TR, STM32WL33K8V7, STM32WL33K8V7TR, STM32WL33KBV6, STM32WL33KBV6TR, STM32WL33KBV7, STM32WL33KBV7TR, STM32WL33KCV6, STM32WL33KCV6TR, STM32WL33KCV7, STM32WL33KCV7TR, STM32WL5MOCH6, STM32WL5MOCH6TR]
2026-05-05 11:03:17,338 [INFO] ApiDb:668 - CubeFinder database Data Model version=2.1
2026-05-05 11:03:17,338 [INFO] ApiDb:669 - CubeFinder database Configuration version=3.0.42
2026-05-05 11:03:17,338 [INFO] ApiDb:670 - CubeFinder database generation date=2026-03-11 (1773229989)
2026-05-05 11:03:17,338 [INFO] ApiDb:671 - CubeFinder database FW Pack versions=[FP-ATR-ASTRA1_V2.0.0, FP-SNS-FLIGHT1_V5.1.0, FP-SNS-MOTENV1_V5.1.0, FP-SNS-MOTENVWB1_V1.5.0, FP-SNS-SMARTAG2_V1.2.0, FP-SNS-STBOX1_V2.1.0, STM32Cube_FW_C0_V1.4.0, STM32Cube_FW_F4_V1.28.3, STM32Cube_FW_F7_V1.17.4, STM32Cube_FW_G0_V1.6.3, STM32Cube_FW_G4_V1.6.2, STM32Cube_FW_H5_V1.6.0, STM32Cube_FW_H7RS_V1.3.0, STM32Cube_FW_H7_V1.13.0, STM32Cube_FW_L0_V1.12.2, STM32Cube_FW_L4_V1.18.2, STM32Cube_FW_L5_V1.6.0, STM32Cube_FW_N6_V1.3.0, STM32Cube_FW_U0_V1.3.0, STM32Cube_FW_U3_V1.3.0, STM32Cube_FW_U5_V1.8.0, STM32Cube_FW_WB0_V1.4.0, STM32Cube_FW_WBA_V1.9.0, STM32Cube_FW_WB_V1.24.0, STM32Cube_FW_WL3_V1.4.0, STM32Cube_FW_WL_V1.5.0, X-CUBE-ALGOBUILD_V1.4.0, X-CUBE-ALS_V1.0.2, X-CUBE-AZRTOS-F4_V1.1.0, X-CUBE-AZRTOS-F7_V1.1.0, X-CUBE-AZRTOS-G0_V1.1.0, X-CUBE-AZRTOS-G4_V2.0.0, X-CUBE-AZRTOS-H7RS_V1.1.0, X-CUBE-AZRTOS-H7_V3.4.0, X-CUBE-AZRTOS-L4_V2.0.0, X-CUBE-AZRTOS-L5_V2.0.0, X-CUBE-AZRTOS-WB_V2.0.0, X-CUBE-AZRTOS-WL_V2.0.0, X-CUBE-BLE1_V7.1.0, X-CUBE-BLE2_V3.3.0, X-CUBE-BLEMGR_V4.1.0, X-CUBE-EEPRMA1_V5.2.0, X-CUBE-FREERTOS_V1.5.0, X-CUBE-GNSS1_V6.0.0, X-CUBE-MEMS1_V12.0.0, X-CUBE-NFC4_V3.0.0, X-CUBE-NFC7_V2.0.0, X-CUBE-SFXS2LP1_V4.0.0, X-CUBE-ST67W61_V1.2.0, X-CUBE-SUBG2_V5.0.0, X-CUBE-TOF1_V3.4.3]
2026-05-05 11:03:18,116 [ERROR] LogOutputStream:75 - [STDERR_REDIRECT] [Fatal Error] :1:1: Premature end of file.
2026-05-05 11:03:18,116 [ERROR] LogOutputStream:75 - [STDERR_REDIRECT] 
2026-05-05 11:03:19,139 [ERROR] LogOutputStream:75 - [STDERR_REDIRECT] [Fatal Error] :1:1: Premature end of file.
2026-05-05 11:03:19,139 [ERROR] LogOutputStream:75 - [STDERR_REDIRECT] 
2026-05-05 11:03:19,682 [INFO] ApiDb:240 - Found 895 in-development CPN: [B-G473E-ZEST1S, B-WB1M-WPAN1, B-WBA5M-WPAN, B-WL5M-SUBG1, NUCLEO-C031C6, NUCLEO-C051C8, NUCLEO-C071RB, NUCLEO-C092RC, NUCLEO-H503RB, NUCLEO-H533RE, NUCLEO-H563ZI, NUCLEO-H7S3L8, NUCLEO-N657X0-Q, NUCLEO-U031R8, NUCLEO-U083RC, NUCLEO-U385RG-Q, NUCLEO-U545RE-Q, NUCLEO-U5A5ZJ-Q, NUCLEO-WB05KZ, NUCLEO-WB07CC, NUCLEO-WB09KE, NUCLEO-WBA52CG, NUCLEO-WBA55CG, NUCLEO-WBA65RI, NUCLEO-WL33CC1, NUCLEO-WL33CC2, STEVAL-PROTEUS1, STEVAL-SMARTAG2, STEVAL-STWINBX1, STM320518-EVAL, STM32C0116-DK, STM32C011D6Y3TR, STM32C011D6Y6TR, STM32C011F4P3, STM32C011F4P6, STM32C011F4U3, STM32C011F4U6TR, STM32C011F6P3, STM32C011F6P6, STM32C011F6U3, STM32C011F6U6TR, STM32C011J4M3, STM32C011J4M6, STM32C011J6M3, STM32C011J6M6, STM32C0316-DK, STM32C031C4T3, STM32C031C4T6, STM32C031C4U3, STM32C031C4U6, STM32C031C6T3, STM32C031C6T6, STM32C031C6U3, STM32C031C6U6, STM32C031F4P3, STM32C031F4P6, STM32C031F6P3, STM32C031F6P6, STM32C031G4U3, STM32C031G4U6, STM32C031G6U3, STM32C031G6U6, STM32C031K4T3, STM32C031K4T6, STM32C031K4U3, STM32C031K4U6, STM32C031K6T3, STM32C031K6T6, STM32C031K6U3, STM32C031K6U6, STM32C051C6T6, STM32C051C6U6, STM32C051C8T6, STM32C051C8U6, STM32C051D8Y6TR, STM32C051F6P6, STM32C051F8P6, STM32C051G6U6, STM32C051G8U6, STM32C051K6T6, STM32C051K6U6, STM32C051K8T6, STM32C071C8T6, STM32C071C8T6N, STM32C071C8U6, STM32C071C8U6N, STM32C071CBT6, STM32C071CBT6N, STM32C071CBU6, STM32C071CBU6N, STM32C071F8P6, STM32C071F8P6N, STM32C071FBP6, STM32C071FBP6N, STM32C071FBY6TR, STM32C071G8U6, STM32C071G8U6N, STM32C071GBU6, STM32C071GBU6N, STM32C071K8T6, STM32C071K8T6N, STM32C071K8U6, STM32C071K8U6N, STM32C071KBT6, STM32C071KBT6N, STM32C071KBU6, STM32C071KBU6N, STM32C071R8T6, STM32C071R8T6N, STM32C071RBI6N, STM32C071RBT6, STM32C071RBT6N, STM32C091CBT6, STM32C091CBU6, STM32C091CCT6, STM32C091CCU6, STM32C091ECY6TR, STM32C091FBP6, STM32C091FCP6, STM32C091GBU6, STM32C091GCU6, STM32C091KBT6, STM32C091KBU6, STM32C091KCT6, STM32C091KCU6, STM32C091RBT6, STM32C091RCI6, STM32C091RCT6, STM32C092CBT6, STM32C092CBU6, STM32C092CCT6, STM32C092CCU6, STM32C092ECY6TR, STM32C092FBP6, STM32C092FCP6, STM32C092GBU6, STM32C092GCU6, STM32C092KBT6, STM32C092KBU6, STM32C092KCT6, STM32C092KCU6, STM32C092RBT6, STM32C092RCI6, STM32C092RCT6, STM32G071K8TXN, STM32G071K8UXN, STM32G081GBU6N, STM32G081KBT6N, STM32G081KBUXN, STM32G0B1CCT6N, STM32G0B1KCT6, STM32G0B1NEY6TR, STM32G0B1RCT6N, STM32G0C1CCT6, STM32G0C1CCT6N, STM32G0C1CCU6N, STM32G0C1CET6N, STM32G0C1CEU6N, STM32G0C1KCT6, STM32G0C1NEY6TR, STM32G0C1RCI6N, STM32G0C1RCT6N, STM32G0C1REI6N, STM32G0C1RET6N, STM32G0C1VCI6, STM32G0C1VEI6, STM32G411C6T3, STM32G411C6T6, STM32G411C6U3, STM32G411C6U6, STM32G411C8T3, STM32G411C8T6, STM32G411C8U3, STM32G411C8U6, STM32G411CBT3, STM32G411CBT6, STM32G411CBU3, STM32G411CBU6, STM32G411CCT3, STM32G411CCT6, STM32G411CCU3, STM32G411CCU6, STM32G411K6T3, STM32G411K6T6, STM32G411K6U3, STM32G411K6U6, STM32G411K8T3, STM32G411K8T6, STM32G411K8U3, STM32G411K8U6, STM32G411KBT3, STM32G411KBT6, STM32G411KBU3, STM32G411KBU6, STM32G411M6T3, STM32G411M6T6, STM32G411M8T3, STM32G411M8T6, STM32G411MBT3, STM32G411MBT6, STM32G411MCT3, STM32G411MCT6, STM32G411R6T3, STM32G411R6T6, STM32G411R8T3, STM32G411R8T6, STM32G411RBT3, STM32G411RBT6, STM32G411RCT3, STM32G411RCT6, STM32G414CBT3, STM32G414CBT6, STM32G414CBU3, STM32G414CBU6, STM32G414CCT3, STM32G414CCT6, STM32G414CCU3, STM32G414CCU6, STM32G414MBT3, STM32G414MBT6, STM32G414MCT3, STM32G414MCT6, STM32G414RBT3, STM32G414RBT6, STM32G414RCT3, STM32G414RCT6, STM32G414VBT3, STM32G414VBT6, STM32G414VCT3, STM32G414VCT6, STM32G431CBT3Z, STM32G431RBT3Z, STM32G471CCT6, STM32G471CCU6, STM32G471CET3, STM32G471CET6, STM32G471CEU3, STM32G471CEU6, STM32G471MCT6, STM32G471MET3, STM32G471MET6, STM32G471MEY6TR, STM32G471QCT6, STM32G471QET3, STM32G471RCT6, STM32G471RET3, STM32G471RET6, STM32G471VCH6, STM32G471VCI6, STM32G471VCT6, STM32G471VEH3, STM32G471VEH6, STM32G471VEI3, STM32G471VEI6, STM32G471VET3, STM32G471VET6, STM32G473QET3Z, STM32G473RET3Z, STM32G474CCT6, STM32G491RET3Z, STM32H503CBT6, STM32H503CBU6, STM32H503EBY6TR, STM32H503KBU6, STM32H503RBT6, STM32H523CCT6, STM32H523CCU6, STM32H523CET6, STM32H523CEU6, STM32H523HEY6TR, STM32H523RCT6, STM32H523RET6, STM32H523VCI6, STM32H523VCT6, STM32H523VEI6, STM32H523VET6, STM32H523ZCJ6, STM32H523ZCT6, STM32H523ZEJ6, STM32H523ZET6, STM32H533CET6, STM32H533CEU6, STM32H533HEY6TR, STM32H533RET6, STM32H533VEI6, STM32H533VET6, STM32H533ZEJ6, STM32H533ZET6, STM32H562AGI6, STM32H562AII6, STM32H562IGK6, STM32H562IGT6, STM32H562IIK6, STM32H562IIT6, STM32H562RGT6, STM32H562RGV6, STM32H562RIT6, STM32H562RIV6, STM32H562VGT6, STM32H562VIT6, STM32H562ZGT6, STM32H562ZIT6, STM32H563AGI6, STM32H563AII3Q, STM32H563AII6, STM32H563IGK6, STM32H563IGT6, STM32H563IIK3Q, STM32H563IIK6, STM32H563IIT3Q, STM32H563IIT6, STM32H563MIY3QTR, STM32H563RGT6, STM32H563RGV6, STM32H563RIT6, STM32H563RIV6, STM32H563VGT6, STM32H563VIT3Q, STM32H563VIT6, STM32H563ZGT6, STM32H563ZIT3Q, STM32H563ZIT6, STM32H573AII3Q, STM32H573AII6, STM32H573I-DK, STM32H573IIK3Q, STM32H573IIK6, STM32H573IIT3Q, STM32H573IIT6, STM32H573MIY3QTR, STM32H573RIT6, STM32H573RIV6, STM32H573VIT3Q, STM32H573VIT6, STM32H573ZIT3Q, STM32H573ZIT6, STM32H7R3A8I6, STM32H7R3I8K6, STM32H7R3I8T6, STM32H7R3L8H6, STM32H7R3L8H6H, STM32H7R3R8V6, STM32H7R3V8H6, STM32H7R3V8T6, STM32H7R3V8Y6TR, STM32H7R3Z8J6, STM32H7R3Z8T6, STM32H7R7A8I6, STM32H7R7I8K6, STM32H7R7I8T6, STM32H7R7L8H6, STM32H7R7L8H6H, STM32H7R7Z8J6, STM32H7S3A8I6, STM32H7S3I8K6, STM32H7S3I8T6, STM32H7S3L8H6, STM32H7S3L8H6H, STM32H7S3R8V6, STM32H7S3V8H6, STM32H7S3V8T6, STM32H7S3V8Y6TR, STM32H7S3Z8J6, STM32H7S3Z8T6, STM32H7S78-DK, STM32H7S7A8I6, STM32H7S7I8K6, STM32H7S7I8T6, STM32H7S7L8H6, STM32H7S7L8H6H, STM32H7S7Z8J6, STM32L4R5QGI6STR, STM32MP131AAE3, STM32MP131AAF3, STM32MP131AAG3, STM32MP131CAE3, STM32MP131CAF3, STM32MP131CAG3, STM32MP131DAE7, STM32MP131DAF7, STM32MP131DAG7, STM32MP131FAE7, STM32MP131FAF7, STM32MP131FAG7, STM32MP133AAE3, STM32MP133AAF3, STM32MP133AAG3, STM32MP133CAE3, STM32MP133CAF3, STM32MP133CAG3, STM32MP133DAE7, STM32MP133DAF7, STM32MP133DAG7, STM32MP133FAE7, STM32MP133FAF7, STM32MP133FAG7, STM32MP135AAE3, STM32MP135AAF3, STM32MP135AAG3, STM32MP135CAE3, STM32MP135CAF3, STM32MP135CAG3, STM32MP135DAE7, STM32MP135DAF7, STM32MP135DAG7, STM32MP135F-DK, STM32MP135FAE7, STM32MP135FAF7, STM32MP135FAF7T, STM32MP135FAF7U, STM32MP135FAG7, STM32MP231AAJ3, STM32MP231AAK3, STM32MP231AAL3, STM32MP231CAJ3, STM32MP231CAK3, STM32MP231CAL3, STM32MP231DAJ3, STM32MP231DAK3, STM32MP231DAL3, STM32MP231FAJ3, STM32MP231FAK3, STM32MP231FAL3, STM32MP233AAJ3, STM32MP233AAK3, STM32MP233AAL3, STM32MP233CAJ3, STM32MP233CAK3, STM32MP233CAL3, STM32MP233DAJ3, STM32MP233DAK3, STM32MP233DAL3, STM32MP233FAJ3, STM32MP233FAK3, STM32MP233FAL3, STM32MP235AAJ3, STM32MP235AAK3, STM32MP235AAL3, STM32MP235CAJ3, STM32MP235CAK3, STM32MP235CAL3, STM32MP235DAJ3, STM32MP235DAK3, STM32MP235DAL3, STM32MP235FAJ3, STM32MP235FAK3, STM32MP235FAL3, STM32MP251AAI3, STM32MP251AAJ3, STM32MP251AAK3, STM32MP251AAL3, STM32MP251CAI3, STM32MP251CAJ3, STM32MP251CAK3, STM32MP251CAL3, STM32MP251DAI3, STM32MP251DAJ3, STM32MP251DAK3, STM32MP251DAL3, STM32MP251FAI3, STM32MP251FAJ3, STM32MP251FAK3, STM32MP251FAL3, STM32MP253AAI3, STM32MP253AAJ3, STM32MP253AAK3, STM32MP253AAL3, STM32MP253CAI3, STM32MP253CAJ3, STM32MP253CAK3, STM32MP253CAL3, STM32MP253DAI3, STM32MP253DAJ3, STM32MP253DAK3, STM32MP253DAL3, STM32MP253FAI3, STM32MP253FAJ3, STM32MP253FAK3, STM32MP253FAL3, STM32MP255AAI3, STM32MP255AAJ3, STM32MP255AAK3, STM32MP255AAL3, STM32MP255CAI3, STM32MP255CAJ3, STM32MP255CAK3, STM32MP255CAL3, STM32MP255DAI3, STM32MP255DAJ3, STM32MP255DAK3, STM32MP255DAL3, STM32MP255FAI3, STM32MP255FAJ3, STM32MP255FAK3, STM32MP255FAL3, STM32MP257AAI3, STM32MP257AAJ3, STM32MP257AAK3, STM32MP257AAL3, STM32MP257CAI3, STM32MP257CAJ3, STM32MP257CAK3, STM32MP257CAL3, STM32MP257DAI3, STM32MP257DAJ3, STM32MP257DAK3, STM32MP257DAL3, STM32MP257F-DK, STM32MP257F-EV1, STM32MP257FAI3, STM32MP257FAJ3, STM32MP257FAK3, STM32MP257FAL3, STM32N645A0H3Q, STM32N645B0H3Q, STM32N645I0H3Q, STM32N645L0H3Q, STM32N645X0H3Q, STM32N645Z0H3Q, STM32N647A0H3Q, STM32N647B0H3Q, STM32N647I0H3Q, STM32N647L0H3Q, STM32N647X0H3Q, STM32N647Z0H3Q, STM32N655A0H3Q, STM32N655B0H3Q, STM32N655I0H3Q, STM32N655L0H3Q, STM32N655X0H3Q, STM32N655Z0H3Q, STM32N6570-DK, STM32N657A0H3Q, STM32N657B0H3Q, STM32N657I0H3Q, STM32N657L0H3Q, STM32N657X0H3Q, STM32N657Z0H3Q, STM32U031C6T6, STM32U031C6U6, STM32U031C8T6, STM32U031C8U6, STM32U031F4P6, STM32U031F6P6, STM32U031F8P6, STM32U031G6Y6TR, STM32U031G8Y6TR, STM32U031K4U6, STM32U031K6U6, STM32U031K8U6, STM32U031R6I6, STM32U031R6T6, STM32U031R8I6, STM32U031R8T6, STM32U073C8T6, STM32U073C8U6, STM32U073CBT6, STM32U073CBU6, STM32U073CCT6, STM32U073CCU6, STM32U073H8Y6TR, STM32U073HBY6TR, STM32U073HCY6TR, STM32U073K8U6, STM32U073KBU6, STM32U073KCU6, STM32U073M8I6, STM32U073M8T6, STM32U073MBI6, STM32U073MBT6, STM32U073MCI6, STM32U073MCT6, STM32U073R8I6, STM32U073R8T6, STM32U073RBI6, STM32U073RBT6, STM32U073RCI6, STM32U073RCT6, STM32U083C-DK, STM32U083CCT6, STM32U083CCU6, STM32U083HCY6TR, STM32U083KCU6, STM32U083MCI6, STM32U083MCT6, STM32U083RCI6, STM32U083RCT6, STM32U375CET6, STM32U375CET6Q, STM32U375CEU6, STM32U375CEU6Q, STM32U375CEY6QTR, STM32U375CGT6, STM32U375CGT6Q, STM32U375CGU6, STM32U375CGU6Q, STM32U375CGY6QTR, STM32U375KEU6, STM32U375KGU6, STM32U375REI6, STM32U375REI6Q, STM32U375RET6, STM32U375RET6Q, STM32U375REY6GTR, STM32U375REY6QTR, STM32U375RGI6, STM32U375RGI6Q, STM32U375RGT6, STM32U375RGT6Q, STM32U375RGY6GTR, STM32U375RGY6QTR, STM32U375VEI6, STM32U375VEI6Q, STM32U375VET6, STM32U375VET6Q, STM32U375VGI6, STM32U375VGI6Q, STM32U375VGT6, STM32U375VGT6Q, STM32U385CGT6, STM32U385CGT6Q, STM32U385CGU6, STM32U385CGU6Q, STM32U385CGY6QTR, STM32U385KGU6, STM32U385RGI6, STM32U385RGI6Q, STM32U385RGT6, STM32U385RGT6Q, STM32U385RGY6GTR, STM32U385RGY6QTR, STM32U385VGI6, STM32U385VGI6Q, STM32U385VGT6, STM32U385VGT6Q, STM32U535CBT6, STM32U535CBT6Q, STM32U535CBU6, STM32U535CBU6Q, STM32U535CCT6, STM32U535CCT6Q, STM32U535CCU6, STM32U535CCU6Q, STM32U535CET6, STM32U535CET6Q, STM32U535CEU6, STM32U535CEU6Q, STM32U535JEY6QTR, STM32U535NCY6QTR, STM32U535NEY6QTR, STM32U535RBI6, STM32U535RBI6Q, STM32U535RBT6, STM32U535RBT6Q, STM32U535RCI6, STM32U535RCI6Q, STM32U535RCT6, STM32U535RCT6Q, STM32U535REI6, STM32U535REI6Q, STM32U535RET6, STM32U535RET6Q, STM32U535VCI6, STM32U535VCI6Q, STM32U535VCT6, STM32U535VCT6Q, STM32U535VEI6, STM32U535VEI6Q, STM32U535VET6, STM32U535VET6Q, STM32U545CET6, STM32U545CET6Q, STM32U545CEU6, STM32U545CEU6Q, STM32U545JEY6QTR, STM32U545NEY6QTR, STM32U545REI6, STM32U545REI6Q, STM32U545RET6, STM32U545RET6Q, STM32U545VEI6, STM32U545VEI6Q, STM32U545VET6, STM32U545VET6Q, STM32U595AIH6, STM32U595AIH6Q, STM32U595AJH6, STM32U595AJH6Q, STM32U595QII6, STM32U595QII6Q, STM32U595QJI6, STM32U595QJI6Q, STM32U595RIT6, STM32U595RIT6Q, STM32U595RJT6, STM32U595RJT6Q, STM32U595VIT6, STM32U595VIT6Q, STM32U595VJT6, STM32U595VJT6Q, STM32U595ZIT6, STM32U595ZIT6Q, STM32U595ZIY6QTR, STM32U595ZJT6, STM32U595ZJT6Q, STM32U595ZJY6QTR, STM32U599BJY6QTR, STM32U599NIH6Q, STM32U599NJH6Q, STM32U599VIT6Q, STM32U599VJT6, STM32U599VJT6Q, STM32U599ZIT6Q, STM32U599ZIY6QTR, STM32U599ZJT6Q, STM32U599ZJY6QTR, STM32U5A5AJH6, STM32U5A5AJH6Q, STM32U5A5QII3Q , STM32U5A5QJI6, STM32U5A5QJI6Q, STM32U5A5RJT6, STM32U5A5RJT6Q, STM32U5A5VJT6, STM32U5A5VJT6Q, STM32U5A5ZJT6, STM32U5A5ZJT6Q, STM32U5A5ZJY6QTR, STM32U5A9BJY6QTR, STM32U5A9J-DK, STM32U5A9NJH6Q, STM32U5A9VJT6Q, STM32U5A9ZJT6Q, STM32U5A9ZJY6QTR, STM32U5F7VIT6, STM32U5F7VIT6Q, STM32U5F7VJT6, STM32U5F7VJT6Q, STM32U5F9BJY6QTR, STM32U5F9NJH6Q, STM32U5F9VIT6Q, STM32U5F9VJT6Q, STM32U5F9ZIJ6QTR, STM32U5F9ZIT6Q, STM32U5F9ZJJ6QTR, STM32U5F9ZJT6Q, STM32U5G7VJT6, STM32U5G7VJT6Q, STM32U5G9BJY6QTR, STM32U5G9J-DK1, STM32U5G9J-DK2, STM32U5G9NJH6Q, STM32U5G9VJT6Q, STM32U5G9ZJJ6QTR, STM32U5G9ZJT6Q, STM32WB05KZV6TR, STM32WB05KZV7TR, STM32WB05TZF6TR, STM32WB05TZF7TR, STM32WB06CCF6TR, STM32WB06CCF7TR, STM32WB06CCV6TR, STM32WB06CCV7TR, STM32WB06KCV6TR, STM32WB06KCV7TR, STM32WB07CCF6TR, STM32WB07CCF7TR, STM32WB07CCV6TR, STM32WB07CCV7TR, STM32WB07KCV6TR, STM32WB07KCV7TR, STM32WB09KEV6TR, STM32WB09KEV7TR, STM32WB09TEF6TR, STM32WB09TEF7TR, STM32WB1MMCH6, STM32WBA50KGU6, STM32WBA50KGU6TR, STM32WBA52CEU6, STM32WBA52CEU6TR, STM32WBA52CEU7, STM32WBA52CEU7TR, STM32WBA52CGU6, STM32WBA52CGU6TR, STM32WBA52CGU6U, STM32WBA52CGU7, STM32WBA52CGU7TR, STM32WBA52KEU6, STM32WBA52KEU6TR, STM32WBA52KGU6, STM32WBA52KGU6TR, STM32WBA54CEU6, STM32WBA54CEU6TR, STM32WBA54CEU7, STM32WBA54CEU7TR, STM32WBA54CGU6, STM32WBA54CGU6TR, STM32WBA54CGU7, STM32WBA54CGU7TR, STM32WBA54KEU6, STM32WBA54KEU6TR, STM32WBA54KEU7, STM32WBA54KEU7TR, STM32WBA54KGU6, STM32WBA54KGU6TR, STM32WBA54KGU7, STM32WBA54KGU7TR, STM32WBA55CEU6, STM32WBA55CEU6TR, STM32WBA55CEU7, STM32WBA55CEU7TR, STM32WBA55CGU6, STM32WBA55CGU6TR, STM32WBA55CGU6U, STM32WBA55CGU7, STM32WBA55CGU7TR, STM32WBA55G-DK1, STM32WBA55HEF6, STM32WBA55HEF7, STM32WBA55HGF6, STM32WBA55HGF7, STM32WBA55UEI6, STM32WBA55UEI6TR, STM32WBA55UEI7, STM32WBA55UEI7TR, STM32WBA55UGI6, STM32WBA55UGI6TR, STM32WBA55UGI7, STM32WBA55UGI7TR, STM32WBA5MJGH6TR, STM32WBA62CGU6, STM32WBA62CIU6, STM32WBA62MGF6, STM32WBA62MIF6, STM32WBA62PGI6, STM32WBA62PII6, STM32WBA63CGU6, STM32WBA63CGU7, STM32WBA63CIU6, STM32WBA63CIU7, STM32WBA64CGU6, STM32WBA64CGU7, STM32WBA64CIU6, STM32WBA64CIU7, STM32WBA65CGU6, STM32WBA65CGU7, STM32WBA65CIU6, STM32WBA65CIU7, STM32WBA65I-DK1, STM32WBA65MGF6, STM32WBA65MGF7, STM32WBA65MIF6, STM32WBA65MIF7, STM32WBA65PGI6, STM32WBA65PGI7, STM32WBA65PII6, STM32WBA65PII7, STM32WBA65RGV6, STM32WBA65RGV7, STM32WBA65RIV6, STM32WBA65RIV7, STM32WL30K8V6, STM32WL30KBV6, STM32WL31C8V6, STM32WL31CBV6, STM32WL31K8V6, STM32WL31KBV6, STM32WL33C8V6, STM32WL33C8V6TR, STM32WL33C8V7, STM32WL33C8V7TR, STM32WL33CBV6, STM32WL33CBV6TR, STM32WL33CBV7, STM32WL33CBV7TR, STM32WL33CCV6, STM32WL33CCV6TR, STM32WL33CCV7, STM32WL33CCV7A, STM32WL33CCV7ATR, STM32WL33CCV7TR, STM32WL33K8V6, STM32WL33K8V6TR, STM32WL33K8V7, STM32WL33K8V7TR, STM32WL33KBV6, STM32WL33KBV6TR, STM32WL33KBV7, STM32WL33KBV7TR, STM32WL33KCV6, STM32WL33KCV6TR, STM32WL33KCV7, STM32WL33KCV7TR, STM32WL5MOCH6, STM32WL5MOCH6TR]
2026-05-05 11:03:19,686 [INFO] DbMcus:218 - Found 5051 MCUs, 4964 are supported
2026-05-05 11:03:19,688 [INFO] ApiDb:423 - Load user favorites file C:\Users\salem/.stm32cubeide/favorites.mcus.txt: 0 item(s)
2026-05-05 11:03:19,688 [INFO] ApiDb:427 - User favorites MCUs=[]
2026-05-05 11:03:19,688 [INFO] DbMcus:224 - Set 0 / 0 favorites MCUs
2026-05-05 11:03:20,173 [ERROR] LogOutputStream:75 - [STDERR_REDIRECT] [Fatal Error] :1:1: Premature end of file.
2026-05-05 11:03:20,173 [ERROR] LogOutputStream:75 - [STDERR_REDIRECT] 
2026-05-05 11:03:20,334 [INFO] BoardInfo:889 - No configuration file found for board NUCLEO-H5E5ZJ
2026-05-05 11:03:20,335 [INFO] DbBoards:161 - Board is not supported: NUCLEO-H5E5ZJ
2026-05-05 11:03:20,441 [INFO] BoardInfo:889 - No configuration file found for board NUCLEO-U3C5ZI-Q
2026-05-05 11:03:20,444 [INFO] DbBoards:161 - Board is not supported: NUCLEO-U3C5ZI-Q
2026-05-05 11:03:20,471 [INFO] BoardInfo:889 - No configuration file found for board NUCLEO-WBA25CE1
2026-05-05 11:03:20,472 [INFO] DbBoards:161 - Board is not supported: NUCLEO-WBA25CE1
2026-05-05 11:03:20,491 [INFO] BoardInfo:889 - No configuration file found for board NUCLEO-WL3RKB1
2026-05-05 11:03:20,494 [INFO] DbBoards:161 - Board is not supported: NUCLEO-WL3RKB1
2026-05-05 11:03:20,495 [INFO] BoardInfo:889 - No configuration file found for board NUCLEO-WL3RKB2
2026-05-05 11:03:20,497 [INFO] DbBoards:161 - Board is not supported: NUCLEO-WL3RKB2
2026-05-05 11:03:20,515 [INFO] BoardInfo:889 - No configuration file found for board P-NUCLEO-WB55
2026-05-05 11:03:20,517 [INFO] DbBoards:161 - Kit is not supported: P-NUCLEO-WB55
2026-05-05 11:03:20,533 [INFO] BoardInfo:889 - No configuration file found for board STEVAL-BFA001V1B
2026-05-05 11:03:20,536 [INFO] DbBoards:161 - Kit is not supported: STEVAL-BFA001V1B
2026-05-05 11:03:20,538 [INFO] BoardInfo:889 - No configuration file found for board STEVAL-BFA001V2B
2026-05-05 11:03:20,540 [INFO] DbBoards:161 - Kit is not supported: STEVAL-BFA001V2B
2026-05-05 11:03:20,733 [INFO] BoardInfo:889 - No configuration file found for board STM32H5F5J-DK
2026-05-05 11:03:20,734 [INFO] DbBoards:161 - Board is not supported: STM32H5F5J-DK
2026-05-05 11:03:20,802 [INFO] BoardInfo:889 - No configuration file found for board STM32MP215F-DK
2026-05-05 11:03:20,803 [INFO] DbBoards:161 - Board is not supported: STM32MP215F-DK
2026-05-05 11:03:20,829 [INFO] DbBoards:168 - Found 218 boards, 208 are supported
2026-05-05 11:03:20,829 [INFO] DbBoards:169 - Found 218 boards, 43 of them is supported for  Bsp
2026-05-05 11:03:20,842 [INFO] ApiDb:423 - Load user favorites file C:\Users\salem/.stm32cubeide/favorites.boards.txt: 0 item(s)
2026-05-05 11:03:20,842 [INFO] ApiDb:427 - User favorites Boards=[]
2026-05-05 11:03:20,842 [INFO] DbBoards:198 - Set 0 / 0 favorites Boards
2026-05-05 11:03:20,935 [INFO] UtilMem:75 - End LoadConfig() Used Memory: 866156536 Bytes (1073741824)
2026-05-05 11:03:21,104 [WARN] ThirdParty:833 - waiting for thirdparty lock release [change project]
2026-05-05 11:03:21,104 [INFO] ThirdParty:835 - entering critical section [change project]
2026-05-05 11:03:21,104 [INFO] ThirdParty:1030 - CMSIS Pack Vendor :STMicroelectronics X-CUBE-AZRTOS-H7 3.5.0
2026-05-05 11:03:21,104 [INFO] ThirdParty:1030 - CMSIS Pack Vendor :STMicroelectronics X-CUBE-PM33A1 1.0.0
2026-05-05 11:03:21,104 [INFO] ThirdParty:1030 - CMSIS Pack Vendor :STMicroelectronics USBPD 4.1
2026-05-05 11:03:21,104 [INFO] ThirdParty:1030 - CMSIS Pack Vendor :STMicroelectronics USB_HOST 2.0.0
2026-05-05 11:03:21,104 [INFO] ThirdParty:1030 - CMSIS Pack Vendor :STMicroelectronics FP-SNS-MOTENVWB1 1.4.0
2026-05-05 11:03:21,105 [INFO] ThirdParty:1030 - CMSIS Pack Vendor :STMicroelectronics X-CUBE-AZRTOS-F4 1.1.0
2026-05-05 11:03:21,105 [INFO] ThirdParty:1030 - CMSIS Pack Vendor :STMicroelectronics LIBJPEG 8.0.0
2026-05-05 11:03:21,105 [INFO] ThirdParty:1030 - CMSIS Pack Vendor :STMicroelectronics FP-ATR-ASTRA1 2.0.2
2026-05-05 11:03:21,105 [INFO] ThirdParty:1030 - CMSIS Pack Vendor :STMicroelectronics FP-ATR-ASTRA1 2.0.1
2026-05-05 11:03:21,105 [INFO] ThirdParty:1030 - CMSIS Pack Vendor :Avnet-IotConnect X-CUBE-IoTC-DA16k-PMOD 1.0.0
2026-05-05 11:03:21,105 [INFO] ThirdParty:1030 - CMSIS Pack Vendor :STMicroelectronics X-CUBE-SMBUS 2.1.0
2026-05-05 11:03:21,105 [INFO] ThirdParty:1030 - CMSIS Pack Vendor :STMicroelectronics X-CUBE-WB05N 1.1.0
2026-05-05 11:03:21,105 [INFO] ThirdParty:1030 - CMSIS Pack Vendor :STMicroelectronics X-CUBE-ISPU 2.1.0
2026-05-05 11:03:21,105 [INFO] ThirdParty:1030 - CMSIS Pack Vendor :STMicroelectronics eDS-WB_DPC_TT-BIDIR 2.1.1
2026-05-05 11:03:21,105 [INFO] ThirdParty:1030 - CMSIS Pack Vendor :STMicroelectronics X-CUBE-ST60 1.0.0
2026-05-05 11:03:21,105 [INFO] ThirdParty:1030 - CMSIS Pack Vendor :STMicroelectronics X-CUBE-NFC12 1.0.0
2026-05-05 11:03:21,105 [INFO] ThirdParty:1030 - CMSIS Pack Vendor :STMicroelectronics X-CUBE-AZRTOS-F7 1.1.0
2026-05-05 11:03:21,105 [INFO] ThirdParty:1030 - CMSIS Pack Vendor :STMicroelectronics X-CUBE-AZRTOS-L5 2.0.0
2026-05-05 11:03:21,105 [INFO] ThirdParty:1030 - CMSIS Pack Vendor :STMicroelectronics USB_DEVICE 2.0.0
2026-05-05 11:03:21,105 [INFO] ThirdParty:1030 - CMSIS Pack Vendor :STMicroelectronics X-CUBE-NFC6 3.1.0
2026-05-05 11:03:21,105 [INFO] ThirdParty:1030 - CMSIS Pack Vendor :Cesanta I-CUBE-Mongoose 7.19.0
2026-05-05 11:03:21,105 [INFO] ThirdParty:1030 - CMSIS Pack Vendor :STMicroelectronics X-CUBE-MEMS1 11.0.0
2026-05-05 11:03:21,105 [INFO] ThirdParty:1030 - CMSIS Pack Vendor :STMicroelectronics FreeRTOS 0.0.1
2026-05-05 11:03:21,105 [INFO] ThirdParty:1030 - CMSIS Pack Vendor :STMicroelectronics X-CUBE-DPower 1.2.0
2026-05-05 11:03:21,105 [INFO] ThirdParty:1030 - CMSIS Pack Vendor :STMicroelectronics eDS-WB_DPC_VIENNA 1.2.0
2026-05-05 11:03:21,105 [INFO] ThirdParty:1030 - CMSIS Pack Vendor :STMicroelectronics FP-SNS-FLIGHT1 5.0.2
2026-05-05 11:03:21,105 [INFO] ThirdParty:1030 - CMSIS Pack Vendor :STMicroelectronics eDS-WB_DPC_3PH2L-BIDIR 1.1.1
2026-05-05 11:03:21,105 [INFO] ThirdParty:1030 - CMSIS Pack Vendor :Infineon AIROC-Wi-Fi-Bluetooth-STM32 1.7.0
2026-05-05 11:03:21,105 [INFO] ThirdParty:1030 - CMSIS Pack Vendor :Infineon AIROC-Wi-Fi-Bluetooth-STM32 1.7.1
2026-05-05 11:03:21,105 [INFO] ThirdParty:1030 - CMSIS Pack Vendor :STMicroelectronics PDM2PCM 3.3.0
2026-05-05 11:03:21,105 [INFO] ThirdParty:1030 - CMSIS Pack Vendor :STMicroelectronics X-CUBE-AZRTOS-H7 3.4.0
2026-05-05 11:03:21,105 [INFO] ThirdParty:1030 - CMSIS Pack Vendor :STMicroelectronics X-CUBE-DISPLAY 3.0.0
2026-05-05 11:03:21,105 [INFO] ThirdParty:1030 - CMSIS Pack Vendor :STMicroelectronics X-CUBE-GNSS1 7.1.1
2026-05-05 11:03:21,106 [INFO] ThirdParty:1030 - CMSIS Pack Vendor :STMicroelectronics X-CUBE-BLE1 7.0.0
2026-05-05 11:03:21,106 [INFO] ThirdParty:1030 - CMSIS Pack Vendor :STMicroelectronics X-CUBE-NFC10 1.0.0
2026-05-05 11:03:21,106 [INFO] ThirdParty:1030 - CMSIS Pack Vendor :STMicroelectronics X-CUBE-BLEMGR 4.0.0
2026-05-05 11:03:21,106 [INFO] ThirdParty:1030 - CMSIS Pack Vendor :STMicroelectronics X-CUBE-FREERTOS 1.3.1
2026-05-05 11:03:21,106 [INFO] ThirdParty:1030 - CMSIS Pack Vendor :STMicroelectronics HAL Drivers 0.0.0
2026-05-05 11:03:21,106 [INFO] ThirdParty:1030 - CMSIS Pack Vendor :STMicroelectronics X-CUBE-ST60 1.1.0
2026-05-05 11:03:21,106 [INFO] ThirdParty:1030 - CMSIS Pack Vendor :emotas I-CUBE-CANOPEN 1.3.0
2026-05-05 11:03:21,106 [INFO] ThirdParty:1030 - CMSIS Pack Vendor :STMicroelectronics X-CUBE-FREERTOS 1.3.0
2026-05-05 11:03:21,106 [INFO] ThirdParty:1030 - CMSIS Pack Vendor :STMicroelectronics X-CUBE-NFC7 1.0.1
2026-05-05 11:03:21,106 [INFO] ThirdParty:1030 - CMSIS Pack Vendor :STMicroelectronics MBEDTLS 2.14.1
2026-05-05 11:03:21,106 [INFO] ThirdParty:1030 - CMSIS Pack Vendor :STMicroelectronics X-CUBE-GNSS1 7.1.0
2026-05-05 11:03:21,106 [INFO] ThirdParty:1030 - CMSIS Pack Vendor :STMicroelectronics X-CUBE-TOUCHGFX 4.26.0
2026-05-05 11:03:21,106 [INFO] ThirdParty:1030 - CMSIS Pack Vendor :STMicroelectronics X-CUBE-TOUCHGFX 4.26.1
2026-05-05 11:03:21,106 [INFO] ThirdParty:1030 - CMSIS Pack Vendor :STMicroelectronics X-CUBE-AI 10.0.0
2026-05-05 11:03:21,106 [INFO] ThirdParty:1030 - CMSIS Pack Vendor :STMicroelectronics FP-SNS-STAIOTCFT 1.0.0
2026-05-05 11:03:21,106 [INFO] ThirdParty:1030 - CMSIS Pack Vendor :STMicroelectronics FP-SNS-SMARTAG2 1.2.0
2026-05-05 11:03:21,106 [INFO] ThirdParty:1030 - CMSIS Pack Vendor :STMicroelectronics FP-SNS-FLIGHT1 5.1.0
2026-05-05 11:03:21,106 [INFO] ThirdParty:1030 - CMSIS Pack Vendor :STMicroelectronics X-CUBE-MEMS1 11.1.0
2026-05-05 11:03:21,106 [INFO] ThirdParty:1030 - CMSIS Pack Vendor :STMicroelectronics X-CUBE-AZRTOS-WL 2.0.0
2026-05-05 11:03:21,106 [INFO] ThirdParty:1030 - CMSIS Pack Vendor :STMicroelectronics X-CUBE-DPower 1.3.0
2026-05-05 11:03:21,106 [INFO] ThirdParty:1030 - CMSIS Pack Vendor :STMicroelectronics FP-SNS-MOTENV1 5.0.0
2026-05-05 11:03:21,107 [INFO] ThirdParty:1030 - CMSIS Pack Vendor :STMicroelectronics USB_DEVICE 1.0.0
2026-05-05 11:03:21,107 [INFO] ThirdParty:1030 - CMSIS Pack Vendor :STMicroelectronics X-CUBE-AZRTOS-H7RS 1.2.0
2026-05-05 11:03:21,107 [INFO] ThirdParty:1030 - CMSIS Pack Vendor :wolfSSL I-CUBE-wolfMQTT 1.19.0
2026-05-05 11:03:21,107 [INFO] ThirdParty:1030 - CMSIS Pack Vendor :STMicroelectronics X-CUBE-AZRTOS-L4 2.0.0
2026-05-05 11:03:21,107 [INFO] ThirdParty:1030 - CMSIS Pack Vendor :STMicroelectronics ThreadX 0.0.2
2026-05-05 11:03:21,107 [INFO] ThirdParty:1030 - CMSIS Pack Vendor :WES I-CUBE-Cesium 1.3.0
2026-05-05 11:03:21,107 [INFO] ThirdParty:1030 - CMSIS Pack Vendor :STMicroelectronics lwIP 2.1.2
2026-05-05 11:03:21,107 [INFO] ThirdParty:1030 - CMSIS Pack Vendor :STMicroelectronics X-CUBE-SFXS2LP1 4.0.0
2026-05-05 11:03:21,107 [INFO] ThirdParty:1030 - CMSIS Pack Vendor :STMicroelectronics X-CUBE-BLE2 3.3.0
2026-05-05 11:03:21,107 [INFO] ThirdParty:1030 - CMSIS Pack Vendor :Avnet-IOTCONNECT X-CUBE-iotc-st67-sdk 1.0.0
2026-05-05 11:03:21,107 [INFO] ThirdParty:1030 - CMSIS Pack Vendor :STMicroelectronics PDM2PCM 3.2.0
2026-05-05 11:03:21,107 [INFO] ThirdParty:1030 - CMSIS Pack Vendor :STMicroelectronics X-CUBE-WB05N 2.1.0
2026-05-05 11:03:21,107 [INFO] ThirdParty:1030 - CMSIS Pack Vendor :STMicroelectronics X-CUBE-AZRTOS-H7 3.3.0
2026-05-05 11:03:21,107 [INFO] ThirdParty:1030 - CMSIS Pack Vendor :STMicroelectronics X-CUBE-NFC9 1.0.0
2026-05-05 11:03:21,107 [INFO] ThirdParty:1030 - CMSIS Pack Vendor :wolfSSL I-CUBE-wolfSSL 5.8.2
2026-05-05 11:03:21,107 [INFO] ThirdParty:1030 - CMSIS Pack Vendor :STMicroelectronics X-CUBE-BLE1 7.1.0
2026-05-05 11:03:21,107 [INFO] ThirdParty:1030 - CMSIS Pack Vendor :wolfSSL I-CUBE-wolfMQTT 1.19.2
2026-05-05 11:03:21,107 [INFO] ThirdParty:1030 - CMSIS Pack Vendor :STMicroelectronics USB_DEVICE 3.0.0
2026-05-05 11:03:21,107 [INFO] ThirdParty:1030 - CMSIS Pack Vendor :STMicroelectronics X-CUBE-EEPRMA1 5.2.0
2026-05-05 11:03:21,107 [INFO] ThirdParty:1030 - CMSIS Pack Vendor :STMicroelectronics X-CUBE-BLEMGR 4.1.0
2026-05-05 11:03:21,107 [INFO] ThirdParty:1030 - CMSIS Pack Vendor :STMicroelectronics X-CUBE-IPS 3.0.0
2026-05-05 11:03:21,107 [INFO] ThirdParty:1030 - CMSIS Pack Vendor :STMicroelectronics X-CUBE-AZRTOS-WB 2.0.0
2026-05-05 11:03:21,107 [INFO] ThirdParty:1030 - CMSIS Pack Vendor :STMicroelectronics X-CUBE-GNSS1 7.0.0
2026-05-05 11:03:21,107 [INFO] ThirdParty:1030 - CMSIS Pack Vendor :STMicroelectronics X-CUBE-GNSS1 7.0.1
2026-05-05 11:03:21,107 [INFO] ThirdParty:1030 - CMSIS Pack Vendor :STMicroelectronics X-CUBE-TOUCHGFX 4.25.0
2026-05-05 11:03:21,107 [INFO] ThirdParty:1030 - CMSIS Pack Vendor :STMicroelectronics X-CUBE-AI 10.1.0
2026-05-05 11:03:21,107 [INFO] ThirdParty:1030 - CMSIS Pack Vendor :STMicroelectronics FP-SNS-STBOX1 2.0.0
2026-05-05 11:03:21,107 [INFO] ThirdParty:1030 - CMSIS Pack Vendor :quantropi X-CUBE-qispace-sdk-base 2.1.0
2026-05-05 11:03:21,107 [INFO] ThirdParty:1030 - CMSIS Pack Vendor :STMicroelectronics X-CUBE-MEMS1 12.0.0
2026-05-05 11:03:21,108 [INFO] ThirdParty:1030 - CMSIS Pack Vendor :STMicroelectronics X-CUBE-STSE01 2.0.0
2026-05-05 11:03:21,108 [INFO] ThirdParty:1030 - CMSIS Pack Vendor :STMicroelectronics X-CUBE-MEMS1 11.2.0
2026-05-05 11:03:21,108 [INFO] ThirdParty:1030 - CMSIS Pack Vendor :STMicroelectronics X-CUBE-AZRTOS-G0 1.1.0
2026-05-05 11:03:21,108 [INFO] ThirdParty:1030 - CMSIS Pack Vendor :STMicroelectronics X-CUBE-SAFEA1 1.2.2
2026-05-05 11:03:21,108 [INFO] ThirdParty:1030 - CMSIS Pack Vendor :STMicroelectronics X-CUBE-NFC4 3.0.0
2026-05-05 11:03:21,108 [INFO] ThirdParty:1030 - CMSIS Pack Vendor :STMicroelectronics X-CUBE-SUBG2 5.0.0
2026-05-05 11:03:21,108 [INFO] ThirdParty:1030 - CMSIS Pack Vendor :STMicroelectronics X-CUBE-AZRTOS-H7RS 1.1.0
2026-05-05 11:03:21,108 [INFO] ThirdParty:1030 - CMSIS Pack Vendor :STMicroelectronics STM32_WPAN 1.0.0
2026-05-05 11:03:21,108 [INFO] ThirdParty:1030 - CMSIS Pack Vendor :EmbeddedOffice I-CUBE-FS-RTOS 1.0.1
2026-05-05 11:03:21,108 [INFO] ThirdParty:1030 - CMSIS Pack Vendor :STMicroelectronics lwIP 2.0.3
2026-05-05 11:03:21,108 [INFO] ThirdParty:1030 - CMSIS Pack Vendor :Cesanta I-CUBE-Mongoose 7.13.0
2026-05-05 11:03:21,108 [INFO] ThirdParty:1030 - CMSIS Pack Vendor :STMicroelectronics USB_HOST 1.0.0
2026-05-05 11:03:21,108 [INFO] ThirdParty:1030 - CMSIS Pack Vendor :STMicroelectronics X-CUBE-AZRTOS-G4 2.0.0
2026-05-05 11:03:21,108 [INFO] ThirdParty:1030 - CMSIS Pack Vendor :STMicroelectronics X-CUBE-WB05N 2.0.0
2026-05-05 11:03:21,108 [INFO] ThirdParty:1030 - CMSIS Pack Vendor :STMicroelectronics PDM2PCM 3.1.0
2026-05-05 11:03:21,108 [INFO] ThirdParty:1030 - CMSIS Pack Vendor :wolfSSL I-CUBE-wolfTPM 3.8.0
2026-05-05 11:03:21,108 [INFO] ThirdParty:1030 - CMSIS Pack Vendor :wolfSSL I-CUBE-wolfSSH 1.4.20
2026-05-05 11:03:21,108 [INFO] ThirdParty:1030 - CMSIS Pack Vendor :STMicroelectronics X-CUBE-NFC7 2.0.0
2026-05-05 11:03:21,108 [INFO] ThirdParty:1030 - CMSIS Pack Vendor :STMicroelectronics X-CUBE-TCPP 4.2.0
2026-05-05 11:03:21,108 [INFO] ThirdParty:1030 - CMSIS Pack Vendor :RealThread X-CUBE-RT-Thread_Nano 4.1.1
2026-05-05 11:03:21,108 [INFO] ThirdParty:1030 - CMSIS Pack Vendor :STMicroelectronics FP-ATR-SIGFOX1 3.2.0
2026-05-05 11:03:21,108 [INFO] ThirdParty:1030 - CMSIS Pack Vendor :quantropi X-CUBE-qispace-sdk-base 1.9.3
2026-05-05 11:03:21,108 [INFO] ThirdParty:1030 - CMSIS Pack Vendor :STMicroelectronics X-CUBE-EEPRMA1 5.1.0
2026-05-05 11:03:21,108 [INFO] ThirdParty:1030 - CMSIS Pack Vendor :STMicroelectronics MBEDTLS 2.16.2
2026-05-05 11:03:21,108 [INFO] ThirdParty:1030 - CMSIS Pack Vendor :STMicroelectronics X-CUBE-IPS 3.1.0
2026-05-05 11:03:21,108 [INFO] ThirdParty:1030 - CMSIS Pack Vendor :STMicroelectronics X-CUBE-ALS 1.0.2
2026-05-05 11:03:21,108 [INFO] ThirdParty:1030 - CMSIS Pack Vendor :wolfSSL I-CUBE-wolfSSL 5.7.4
2026-05-05 11:03:21,108 [INFO] ThirdParty:1030 - CMSIS Pack Vendor :wolfSSL I-CUBE-wolfSSL 5.7.6
2026-05-05 11:03:21,108 [INFO] ThirdParty:1030 - CMSIS Pack Vendor :ITTIA_DB I-CUBE-ITTIADB 8.9.0
2026-05-05 11:03:21,108 [INFO] ThirdParty:1030 - CMSIS Pack Vendor :STMicroelectronics X-CUBE-TOUCHGFX 4.24.2
2026-05-05 11:03:21,108 [INFO] ThirdParty:1030 - CMSIS Pack Vendor :STMicroelectronics X-CUBE-TOUCHGFX 4.24.1
2026-05-05 11:03:21,108 [INFO] ThirdParty:1030 - CMSIS Pack Vendor :STMicroelectronics X-CUBE-STSE01 1.0.0
2026-05-05 11:03:21,108 [INFO] ThirdParty:1030 - CMSIS Pack Vendor :wolfSSL I-CUBE-wolfTPM 3.4.0
2026-05-05 11:03:21,108 [INFO] ThirdParty:1030 - CMSIS Pack Vendor :portGmbH I-Cube-SoM-uGOAL 1.1.0
2026-05-05 11:03:21,108 [INFO] ThirdParty:1030 - CMSIS Pack Vendor :STMicroelectronics X-CUBE-NFC6 3.2.0
2026-05-05 11:03:21,109 [INFO] ThirdParty:1030 - CMSIS Pack Vendor :STMicroelectronics X-CUBE-ST67W61 1.0.0
2026-05-05 11:03:21,109 [INFO] ThirdParty:1030 - CMSIS Pack Vendor :STMicroelectronics X-CUBE-AI 10.2.0
2026-05-05 11:03:21,109 [INFO] ThirdParty:1030 - CMSIS Pack Vendor :STMicroelectronics ThreadX 1.0.0
2026-05-05 11:03:21,109 [INFO] ThirdParty:1030 - CMSIS Pack Vendor :STMicroelectronics X-CUBE-MEMS1 12.1.0
2026-05-05 11:03:21,109 [INFO] ThirdParty:1030 - CMSIS Pack Vendor :SEGGER I-CUBE-embOS 1.3.1
2026-05-05 11:03:21,109 [INFO] ThirdParty:1030 - CMSIS Pack Vendor :STMicroelectronics X-CUBE-ALGOBUILD 1.4.0
2026-05-05 11:03:21,109 [INFO] ThirdParty:1030 - CMSIS Pack Vendor :STMicroelectronics X-CUBE-MEMS1 11.3.0
2026-05-05 11:03:21,109 [INFO] ThirdParty:1030 - CMSIS Pack Vendor :STMicroelectronics X-CUBE-AZRTOS-H7RS 1.0.0
2026-05-05 11:03:21,109 [INFO] ThirdParty:1030 - CMSIS Pack Vendor :STMicroelectronics X-CUBE-TOF1 3.4.2
2026-05-05 11:03:21,109 [INFO] ThirdParty:1030 - CMSIS Pack Vendor :STMicroelectronics X-CUBE-TOF1 3.4.3
2026-05-05 11:03:21,109 [INFO] ThirdParty:1030 - CMSIS Pack Vendor :STMicroelectronics X-CUBE-AI 9.1.0
2026-05-05 11:03:21,109 [INFO] ThirdParty:1030 - CMSIS Pack Vendor :wolfSSL I-CUBE-wolfSSH 1.4.17
2026-05-05 11:03:21,109 [INFO] ThirdParty:841 - exiting critical section [change project]
2026-05-05 11:03:21,119 [ERROR] LogOutputStream:75 - [STDERR_REDIRECT] [Fatal Error] :1:1: Premature end of file.
2026-05-05 11:03:21,119 [ERROR] LogOutputStream:75 - [STDERR_REDIRECT] 
2026-05-05 11:03:21,559 [INFO] PinOutPanel:1589 - setPackage(No Configuration,No Configuration)
2026-05-05 11:03:21,570 [INFO] PinOutPanel:1589 - setPackage(STM32L072CZTx,LQFP48)
2026-05-05 11:03:22,143 [ERROR] LogOutputStream:75 - [STDERR_REDIRECT] [Fatal Error] :1:1: Premature end of file.
2026-05-05 11:03:22,143 [ERROR] LogOutputStream:75 - [STDERR_REDIRECT] 
2026-05-05 11:03:22,260 [INFO] UtilMem:75 - Before build in PCC Used Memory: 733478912 Bytes (1073741824)
2026-05-05 11:03:23,122 [ERROR] LogOutputStream:75 - [STDERR_REDIRECT] [Fatal Error] :1:1: Premature end of file.
2026-05-05 11:03:23,123 [ERROR] LogOutputStream:75 - [STDERR_REDIRECT] 
2026-05-05 11:03:23,518 [INFO] UtilMem:75 - After build in PCC Used Memory: 804290072 Bytes (1073741824)
2026-05-05 11:03:23,555 [INFO] IPUIPlugin:80 - create IPUIPlugin
2026-05-05 11:03:23,555 [INFO] IPUIPlugin:80 - create IPUIPlugin
2026-05-05 11:03:23,556 [INFO] IPUIPlugin:80 - create IPUIPlugin
2026-05-05 11:03:23,556 [INFO] IPUIPlugin:80 - create IPUIPlugin
2026-05-05 11:03:23,556 [INFO] IPUIPlugin:80 - create IPUIPlugin
2026-05-05 11:03:23,556 [INFO] IPUIPlugin:80 - create IPUIPlugin
2026-05-05 11:03:23,556 [INFO] IPUIPlugin:80 - create IPUIPlugin
2026-05-05 11:03:23,556 [INFO] IPUIPlugin:80 - create IPUIPlugin
2026-05-05 11:03:23,556 [INFO] IPUIPlugin:80 - create IPUIPlugin
2026-05-05 11:03:23,556 [INFO] IPUIPlugin:80 - create IPUIPlugin
2026-05-05 11:03:23,556 [INFO] IPUIPlugin:80 - create IPUIPlugin
2026-05-05 11:03:23,556 [INFO] IPUIPlugin:80 - create IPUIPlugin
2026-05-05 11:03:23,556 [INFO] IPUIPlugin:80 - create IPUIPlugin
2026-05-05 11:03:23,557 [INFO] IPUIPlugin:80 - create IPUIPlugin
2026-05-05 11:03:23,557 [INFO] IPUIPlugin:80 - create IPUIPlugin
2026-05-05 11:03:23,557 [INFO] IPUIPlugin:80 - create IPUIPlugin
2026-05-05 11:03:23,557 [INFO] IPUIPlugin:80 - create IPUIPlugin
2026-05-05 11:03:23,557 [INFO] IPUIPlugin:80 - create IPUIPlugin
2026-05-05 11:03:23,557 [INFO] IPUIPlugin:80 - create IPUIPlugin
2026-05-05 11:03:23,557 [INFO] IPUIPlugin:80 - create IPUIPlugin
2026-05-05 11:03:23,558 [INFO] IPUIPlugin:80 - create IPUIPlugin
2026-05-05 11:03:23,558 [INFO] IPUIPlugin:80 - create IPUIPlugin
2026-05-05 11:03:23,558 [INFO] IPUIPlugin:80 - create IPUIPlugin
2026-05-05 11:03:23,558 [INFO] IPUIPlugin:80 - create IPUIPlugin
2026-05-05 11:03:23,558 [INFO] IPUIPlugin:80 - create IPUIPlugin
2026-05-05 11:03:23,558 [INFO] IPUIPlugin:80 - create IPUIPlugin
2026-05-05 11:03:23,558 [INFO] IPUIPlugin:80 - create IPUIPlugin
2026-05-05 11:03:23,558 [INFO] IPUIPlugin:80 - create IPUIPlugin
2026-05-05 11:03:23,559 [INFO] IPUIPlugin:80 - create IPUIPlugin
2026-05-05 11:03:23,559 [INFO] IPUIPlugin:80 - create IPUIPlugin
2026-05-05 11:03:23,559 [INFO] IPUIPlugin:80 - create IPUIPlugin
2026-05-05 11:03:23,559 [INFO] IPUIPlugin:80 - create IPUIPlugin
2026-05-05 11:03:23,559 [INFO] IPUIPlugin:80 - create IPUIPlugin
2026-05-05 11:03:23,560 [INFO] IPUIPlugin:80 - create IPUIPlugin
2026-05-05 11:03:23,560 [INFO] IPUIPlugin:80 - create IPUIPlugin
2026-05-05 11:03:23,560 [INFO] IPUIPlugin:80 - create IPUIPlugin
2026-05-05 11:03:23,560 [INFO] IPUIPlugin:80 - create IPUIPlugin
2026-05-05 11:03:23,561 [INFO] IPUIPlugin:80 - create IPUIPlugin
2026-05-05 11:03:23,927 [INFO] CADModel:165 - CPN selected for project levelSTM32L072CZT6
2026-05-05 11:03:23,927 [INFO] CADModel:114 - Register for checkConnection events
2026-05-05 11:03:23,989 [INFO] OpenFileManager:385 - Restore cursor
2026-05-05 11:03:24,116 [ERROR] LogOutputStream:75 - [STDERR_REDIRECT] [Fatal Error] :1:1: Premature end of file.
2026-05-05 11:03:24,117 [ERROR] LogOutputStream:75 - [STDERR_REDIRECT] 
2026-05-05 11:03:25,122 [ERROR] LogOutputStream:75 - [STDERR_REDIRECT] [Fatal Error] :1:1: Premature end of file.
2026-05-05 11:03:25,122 [ERROR] LogOutputStream:75 - [STDERR_REDIRECT] 
2026-05-05 11:03:26,117 [ERROR] LogOutputStream:75 - [STDERR_REDIRECT] [Fatal Error] :1:1: Premature end of file.
2026-05-05 11:03:26,118 [ERROR] LogOutputStream:75 - [STDERR_REDIRECT] 
2026-05-05 11:03:27,122 [ERROR] LogOutputStream:75 - [STDERR_REDIRECT] [Fatal Error] :1:1: Premature end of file.
2026-05-05 11:03:27,123 [ERROR] LogOutputStream:75 - [STDERR_REDIRECT] 
2026-05-05 11:03:28,119 [ERROR] LogOutputStream:75 - [STDERR_REDIRECT] [Fatal Error] :1:1: Premature end of file.
2026-05-05 11:03:28,120 [ERROR] LogOutputStream:75 - [STDERR_REDIRECT] 
2026-05-05 11:03:29,138 [ERROR] LogOutputStream:75 - [STDERR_REDIRECT] [Fatal Error] :1:1: Premature end of file.
2026-05-05 11:03:29,138 [ERROR] LogOutputStream:75 - [STDERR_REDIRECT] 
2026-05-05 11:03:30,149 [ERROR] LogOutputStream:75 - [STDERR_REDIRECT] [Fatal Error] :1:1: Premature end of file.
2026-05-05 11:03:30,150 [ERROR] LogOutputStream:75 - [STDERR_REDIRECT] 
2026-05-05 11:03:31,148 [ERROR] LogOutputStream:75 - [STDERR_REDIRECT] [Fatal Error] :1:1: Premature end of file.
2026-05-05 11:03:31,149 [ERROR] LogOutputStream:75 - [STDERR_REDIRECT] 
2026-05-05 11:03:32,146 [ERROR] LogOutputStream:75 - [STDERR_REDIRECT] [Fatal Error] :1:1: Premature end of file.
2026-05-05 11:03:32,147 [ERROR] LogOutputStream:75 - [STDERR_REDIRECT] 
2026-05-05 11:03:33,150 [ERROR] LogOutputStream:75 - [STDERR_REDIRECT] [Fatal Error] :1:1: Premature end of file.
2026-05-05 11:03:33,150 [ERROR] LogOutputStream:75 - [STDERR_REDIRECT] 
2026-05-05 11:03:34,148 [ERROR] LogOutputStream:75 - [STDERR_REDIRECT] [Fatal Error] :1:1: Premature end of file.
2026-05-05 11:03:34,149 [ERROR] LogOutputStream:75 - [STDERR_REDIRECT] 
2026-05-05 11:03:35,168 [ERROR] LogOutputStream:75 - [STDERR_REDIRECT] [Fatal Error] :1:1: Premature end of file.
2026-05-05 11:03:35,168 [ERROR] LogOutputStream:75 - [STDERR_REDIRECT] 
2026-05-05 11:03:36,132 [ERROR] LogOutputStream:75 - [STDERR_REDIRECT] [Fatal Error] :1:1: Premature end of file.
2026-05-05 11:03:36,132 [ERROR] LogOutputStream:75 - [STDERR_REDIRECT] 
2026-05-05 11:03:37,173 [ERROR] LogOutputStream:75 - [STDERR_REDIRECT] [Fatal Error] :1:1: Premature end of file.
2026-05-05 11:03:37,174 [ERROR] LogOutputStream:75 - [STDERR_REDIRECT] 
2026-05-05 11:03:38,150 [ERROR] LogOutputStream:75 - [STDERR_REDIRECT] [Fatal Error] :1:1: Premature end of file.
2026-05-05 11:03:38,150 [ERROR] LogOutputStream:75 - [STDERR_REDIRECT] 
2026-05-05 11:03:39,176 [ERROR] LogOutputStream:75 - [STDERR_REDIRECT] [Fatal Error] :1:1: Premature end of file.
2026-05-05 11:03:39,177 [ERROR] LogOutputStream:75 - [STDERR_REDIRECT] 
2026-05-05 11:03:40,148 [ERROR] LogOutputStream:75 - [STDERR_REDIRECT] [Fatal Error] :1:1: Premature end of file.
2026-05-05 11:03:40,149 [ERROR] LogOutputStream:75 - [STDERR_REDIRECT] 
2026-05-05 11:03:41,129 [ERROR] LogOutputStream:75 - [STDERR_REDIRECT] [Fatal Error] :1:1: Premature end of file.
2026-05-05 11:03:41,129 [ERROR] LogOutputStream:75 - [STDERR_REDIRECT] 
2026-05-05 11:03:42,151 [ERROR] LogOutputStream:75 - [STDERR_REDIRECT] [Fatal Error] :1:1: Premature end of file.
2026-05-05 11:03:42,151 [ERROR] LogOutputStream:75 - [STDERR_REDIRECT] 
2026-05-05 11:03:43,119 [ERROR] LogOutputStream:75 - [STDERR_REDIRECT] [Fatal Error] :1:1: Premature end of file.
2026-05-05 11:03:43,119 [ERROR] LogOutputStream:75 - [STDERR_REDIRECT] 
2026-05-05 11:03:44,166 [ERROR] LogOutputStream:75 - [STDERR_REDIRECT] [Fatal Error] :1:1: Premature end of file.
2026-05-05 11:03:44,166 [ERROR] LogOutputStream:75 - [STDERR_REDIRECT] 
2026-05-05 11:03:45,155 [ERROR] LogOutputStream:75 - [STDERR_REDIRECT] [Fatal Error] :1:1: Premature end of file.
2026-05-05 11:03:45,155 [ERROR] LogOutputStream:75 - [STDERR_REDIRECT] 
2026-05-05 11:03:46,140 [ERROR] LogOutputStream:75 - [STDERR_REDIRECT] [Fatal Error] :1:1: Premature end of file.
2026-05-05 11:03:46,140 [ERROR] LogOutputStream:75 - [STDERR_REDIRECT] 
2026-05-05 11:03:47,145 [ERROR] LogOutputStream:75 - [STDERR_REDIRECT] [Fatal Error] :1:1: Premature end of file.
2026-05-05 11:03:47,145 [ERROR] LogOutputStream:75 - [STDERR_REDIRECT] 
2026-05-05 11:03:48,138 [ERROR] LogOutputStream:75 - [STDERR_REDIRECT] [Fatal Error] :1:1: Premature end of file.
2026-05-05 11:03:48,138 [ERROR] LogOutputStream:75 - [STDERR_REDIRECT] 
2026-05-05 11:03:49,145 [ERROR] LogOutputStream:75 - [STDERR_REDIRECT] [Fatal Error] :1:1: Premature end of file.
2026-05-05 11:03:49,146 [ERROR] LogOutputStream:75 - [STDERR_REDIRECT] 
2026-05-05 11:03:50,140 [ERROR] LogOutputStream:75 - [STDERR_REDIRECT] [Fatal Error] :1:1: Premature end of file.
2026-05-05 11:03:50,140 [ERROR] LogOutputStream:75 - [STDERR_REDIRECT] 
2026-05-05 11:03:51,158 [ERROR] LogOutputStream:75 - [STDERR_REDIRECT] [Fatal Error] :1:1: Premature end of file.
2026-05-05 11:03:51,158 [ERROR] LogOutputStream:75 - [STDERR_REDIRECT] 
2026-05-05 11:03:52,169 [ERROR] LogOutputStream:75 - [STDERR_REDIRECT] [Fatal Error] :1:1: Premature end of file.
2026-05-05 11:03:52,169 [ERROR] LogOutputStream:75 - [STDERR_REDIRECT] 
2026-05-05 11:03:53,149 [ERROR] LogOutputStream:75 - [STDERR_REDIRECT] [Fatal Error] :1:1: Premature end of file.
2026-05-05 11:03:53,149 [ERROR] LogOutputStream:75 - [STDERR_REDIRECT] 
2026-05-05 11:03:54,145 [ERROR] LogOutputStream:75 - [STDERR_REDIRECT] [Fatal Error] :1:1: Premature end of file.
2026-05-05 11:03:54,145 [ERROR] LogOutputStream:75 - [STDERR_REDIRECT] 
2026-05-05 11:03:55,140 [ERROR] LogOutputStream:75 - [STDERR_REDIRECT] [Fatal Error] :1:1: Premature end of file.
2026-05-05 11:03:55,140 [ERROR] LogOutputStream:75 - [STDERR_REDIRECT] 
2026-05-05 11:03:56,137 [ERROR] LogOutputStream:75 - [STDERR_REDIRECT] [Fatal Error] :1:1: Premature end of file.
2026-05-05 11:03:56,137 [ERROR] LogOutputStream:75 - [STDERR_REDIRECT] 
2026-05-05 11:03:57,135 [ERROR] LogOutputStream:75 - [STDERR_REDIRECT] [Fatal Error] :1:1: Premature end of file.
2026-05-05 11:03:57,135 [ERROR] LogOutputStream:75 - [STDERR_REDIRECT] 
2026-05-05 11:03:58,130 [ERROR] LogOutputStream:75 - [STDERR_REDIRECT] [Fatal Error] :1:1: Premature end of file.
2026-05-05 11:03:58,130 [ERROR] LogOutputStream:75 - [STDERR_REDIRECT] 
2026-05-05 11:03:59,127 [ERROR] LogOutputStream:75 - [STDERR_REDIRECT] [Fatal Error] :1:1: Premature end of file.
2026-05-05 11:03:59,127 [ERROR] LogOutputStream:75 - [STDERR_REDIRECT] 
2026-05-05 11:04:00,131 [ERROR] LogOutputStream:75 - [STDERR_REDIRECT] [Fatal Error] :1:1: Premature end of file.
2026-05-05 11:04:00,132 [ERROR] LogOutputStream:75 - [STDERR_REDIRECT] 
2026-05-05 11:04:01,144 [ERROR] LogOutputStream:75 - [STDERR_REDIRECT] [Fatal Error] :1:1: Premature end of file.
2026-05-05 11:04:01,144 [ERROR] LogOutputStream:75 - [STDERR_REDIRECT] 
2026-05-05 11:04:02,146 [ERROR] LogOutputStream:75 - [STDERR_REDIRECT] [Fatal Error] :1:1: Premature end of file.
2026-05-05 11:04:02,147 [ERROR] LogOutputStream:75 - [STDERR_REDIRECT] 
2026-05-05 11:04:03,131 [ERROR] LogOutputStream:75 - [STDERR_REDIRECT] [Fatal Error] :1:1: Premature end of file.
2026-05-05 11:04:03,131 [ERROR] LogOutputStream:75 - [STDERR_REDIRECT] 
2026-05-05 11:04:04,145 [ERROR] LogOutputStream:75 - [STDERR_REDIRECT] [Fatal Error] :1:1: Premature end of file.
2026-05-05 11:04:04,145 [ERROR] LogOutputStream:75 - [STDERR_REDIRECT] 
2026-05-05 11:04:05,154 [ERROR] LogOutputStream:75 - [STDERR_REDIRECT] [Fatal Error] :1:1: Premature end of file.
2026-05-05 11:04:05,155 [ERROR] LogOutputStream:75 - [STDERR_REDIRECT] 
2026-05-05 11:04:06,121 [ERROR] LogOutputStream:75 - [STDERR_REDIRECT] [Fatal Error] :1:1: Premature end of file.
2026-05-05 11:04:06,121 [ERROR] LogOutputStream:75 - [STDERR_REDIRECT] 
2026-05-05 11:04:07,130 [ERROR] LogOutputStream:75 - [STDERR_REDIRECT] [Fatal Error] :1:1: Premature end of file.
2026-05-05 11:04:07,130 [ERROR] LogOutputStream:75 - [STDERR_REDIRECT] 
2026-05-05 11:04:08,143 [ERROR] LogOutputStream:75 - [STDERR_REDIRECT] [Fatal Error] :1:1: Premature end of file.
2026-05-05 11:04:08,143 [ERROR] LogOutputStream:75 - [STDERR_REDIRECT] 
2026-05-05 11:04:09,144 [ERROR] LogOutputStream:75 - [STDERR_REDIRECT] [Fatal Error] :1:1: Premature end of file.
2026-05-05 11:04:09,145 [ERROR] LogOutputStream:75 - [STDERR_REDIRECT] 
2026-05-05 11:04:10,136 [ERROR] LogOutputStream:75 - [STDERR_REDIRECT] [Fatal Error] :1:1: Premature end of file.
2026-05-05 11:04:10,137 [ERROR] LogOutputStream:75 - [STDERR_REDIRECT] 
2026-05-05 11:04:11,135 [ERROR] LogOutputStream:75 - [STDERR_REDIRECT] [Fatal Error] :1:1: Premature end of file.
2026-05-05 11:04:11,135 [ERROR] LogOutputStream:75 - [STDERR_REDIRECT] 
2026-05-05 11:04:12,134 [ERROR] LogOutputStream:75 - [STDERR_REDIRECT] [Fatal Error] :1:1: Premature end of file.
2026-05-05 11:04:12,134 [ERROR] LogOutputStream:75 - [STDERR_REDIRECT] 
2026-05-05 11:04:13,137 [ERROR] LogOutputStream:75 - [STDERR_REDIRECT] [Fatal Error] :1:1: Premature end of file.
2026-05-05 11:04:13,138 [ERROR] LogOutputStream:75 - [STDERR_REDIRECT] 
2026-05-05 11:04:14,141 [ERROR] LogOutputStream:75 - [STDERR_REDIRECT] [Fatal Error] :1:1: Premature end of file.
2026-05-05 11:04:14,141 [ERROR] LogOutputStream:75 - [STDERR_REDIRECT] 
2026-05-05 11:04:15,158 [ERROR] LogOutputStream:75 - [STDERR_REDIRECT] [Fatal Error] :1:1: Premature end of file.
2026-05-05 11:04:15,158 [ERROR] LogOutputStream:75 - [STDERR_REDIRECT] 
2026-05-05 11:04:16,143 [ERROR] LogOutputStream:75 - [STDERR_REDIRECT] [Fatal Error] :1:1: Premature end of file.
2026-05-05 11:04:16,144 [ERROR] LogOutputStream:75 - [STDERR_REDIRECT] 
2026-05-05 11:04:17,151 [ERROR] LogOutputStream:75 - [STDERR_REDIRECT] [Fatal Error] :1:1: Premature end of file.
2026-05-05 11:04:17,151 [ERROR] LogOutputStream:75 - [STDERR_REDIRECT] 
2026-05-05 11:04:18,149 [ERROR] LogOutputStream:75 - [STDERR_REDIRECT] [Fatal Error] :1:1: Premature end of file.
2026-05-05 11:04:18,149 [ERROR] LogOutputStream:75 - [STDERR_REDIRECT] 
2026-05-05 11:04:19,147 [ERROR] LogOutputStream:75 - [STDERR_REDIRECT] [Fatal Error] :1:1: Premature end of file.
2026-05-05 11:04:19,147 [ERROR] LogOutputStream:75 - [STDERR_REDIRECT] 
2026-05-05 11:04:20,151 [ERROR] LogOutputStream:75 - [STDERR_REDIRECT] [Fatal Error] :1:1: Premature end of file.
2026-05-05 11:04:20,151 [ERROR] LogOutputStream:75 - [STDERR_REDIRECT] 
2026-05-05 11:04:21,150 [ERROR] LogOutputStream:75 - [STDERR_REDIRECT] [Fatal Error] :1:1: Premature end of file.
2026-05-05 11:04:21,150 [ERROR] LogOutputStream:75 - [STDERR_REDIRECT] 
2026-05-05 11:04:22,147 [ERROR] LogOutputStream:75 - [STDERR_REDIRECT] [Fatal Error] :1:1: Premature end of file.
2026-05-05 11:04:22,147 [ERROR] LogOutputStream:75 - [STDERR_REDIRECT] 
2026-05-05 11:04:23,152 [ERROR] LogOutputStream:75 - [STDERR_REDIRECT] [Fatal Error] :1:1: Premature end of file.
2026-05-05 11:04:23,152 [ERROR] LogOutputStream:75 - [STDERR_REDIRECT] 
2026-05-05 11:04:24,146 [ERROR] LogOutputStream:75 - [STDERR_REDIRECT] [Fatal Error] :1:1: Premature end of file.
2026-05-05 11:04:24,146 [ERROR] LogOutputStream:75 - [STDERR_REDIRECT] 
2026-05-05 11:04:25,167 [ERROR] LogOutputStream:75 - [STDERR_REDIRECT] [Fatal Error] :1:1: Premature end of file.
2026-05-05 11:04:25,167 [ERROR] LogOutputStream:75 - [STDERR_REDIRECT] 
2026-05-05 11:04:26,161 [ERROR] LogOutputStream:75 - [STDERR_REDIRECT] [Fatal Error] :1:1: Premature end of file.
2026-05-05 11:04:26,162 [ERROR] LogOutputStream:75 - [STDERR_REDIRECT] 
2026-05-05 11:04:27,151 [ERROR] LogOutputStream:75 - [STDERR_REDIRECT] [Fatal Error] :1:1: Premature end of file.
2026-05-05 11:04:27,151 [ERROR] LogOutputStream:75 - [STDERR_REDIRECT] 
2026-05-05 11:04:28,150 [ERROR] LogOutputStream:75 - [STDERR_REDIRECT] [Fatal Error] :1:1: Premature end of file.
2026-05-05 11:04:28,150 [ERROR] LogOutputStream:75 - [STDERR_REDIRECT] 
2026-05-05 11:04:29,154 [ERROR] LogOutputStream:75 - [STDERR_REDIRECT] [Fatal Error] :1:1: Premature end of file.
2026-05-05 11:04:29,154 [ERROR] LogOutputStream:75 - [STDERR_REDIRECT] 
2026-05-05 11:04:30,149 [ERROR] LogOutputStream:75 - [STDERR_REDIRECT] [Fatal Error] :1:1: Premature end of file.
2026-05-05 11:04:30,150 [ERROR] LogOutputStream:75 - [STDERR_REDIRECT] 
2026-05-05 11:04:31,147 [ERROR] LogOutputStream:75 - [STDERR_REDIRECT] [Fatal Error] :1:1: Premature end of file.
2026-05-05 11:04:31,147 [ERROR] LogOutputStream:75 - [STDERR_REDIRECT] 
2026-05-05 11:04:32,151 [ERROR] LogOutputStream:75 - [STDERR_REDIRECT] [Fatal Error] :1:1: Premature end of file.
2026-05-05 11:04:32,151 [ERROR] LogOutputStream:75 - [STDERR_REDIRECT] 
2026-05-05 11:04:33,153 [ERROR] LogOutputStream:75 - [STDERR_REDIRECT] [Fatal Error] :1:1: Premature end of file.
2026-05-05 11:04:33,153 [ERROR] LogOutputStream:75 - [STDERR_REDIRECT] 
2026-05-05 11:04:34,173 [ERROR] LogOutputStream:75 - [STDERR_REDIRECT] [Fatal Error] :1:1: Premature end of file.
2026-05-05 11:04:34,174 [ERROR] LogOutputStream:75 - [STDERR_REDIRECT] 
2026-05-05 11:04:35,144 [ERROR] LogOutputStream:75 - [STDERR_REDIRECT] [Fatal Error] :1:1: Premature end of file.
2026-05-05 11:04:35,145 [ERROR] LogOutputStream:75 - [STDERR_REDIRECT] 
2026-05-05 11:04:36,139 [ERROR] LogOutputStream:75 - [STDERR_REDIRECT] [Fatal Error] :1:1: Premature end of file.
2026-05-05 11:04:36,139 [ERROR] LogOutputStream:75 - [STDERR_REDIRECT] 
2026-05-05 11:04:37,147 [ERROR] LogOutputStream:75 - [STDERR_REDIRECT] [Fatal Error] :1:1: Premature end of file.
2026-05-05 11:04:37,147 [ERROR] LogOutputStream:75 - [STDERR_REDIRECT] 
2026-05-05 11:04:38,158 [ERROR] LogOutputStream:75 - [STDERR_REDIRECT] [Fatal Error] :1:1: Premature end of file.
2026-05-05 11:04:38,158 [ERROR] LogOutputStream:75 - [STDERR_REDIRECT] 
2026-05-05 11:04:39,148 [ERROR] LogOutputStream:75 - [STDERR_REDIRECT] [Fatal Error] :1:1: Premature end of file.
2026-05-05 11:04:39,149 [ERROR] LogOutputStream:75 - [STDERR_REDIRECT] 
2026-05-05 11:04:40,147 [ERROR] LogOutputStream:75 - [STDERR_REDIRECT] [Fatal Error] :1:1: Premature end of file.
2026-05-05 11:04:40,148 [ERROR] LogOutputStream:75 - [STDERR_REDIRECT] 
2026-05-05 11:04:41,148 [ERROR] LogOutputStream:75 - [STDERR_REDIRECT] [Fatal Error] :1:1: Premature end of file.
2026-05-05 11:04:41,148 [ERROR] LogOutputStream:75 - [STDERR_REDIRECT] 
2026-05-05 11:04:42,174 [ERROR] LogOutputStream:75 - [STDERR_REDIRECT] [Fatal Error] :1:1: Premature end of file.
2026-05-05 11:04:42,174 [ERROR] LogOutputStream:75 - [STDERR_REDIRECT] 
2026-05-05 11:04:43,150 [ERROR] LogOutputStream:75 - [STDERR_REDIRECT] [Fatal Error] :1:1: Premature end of file.
2026-05-05 11:04:43,150 [ERROR] LogOutputStream:75 - [STDERR_REDIRECT] 
2026-05-05 11:04:44,152 [ERROR] LogOutputStream:75 - [STDERR_REDIRECT] [Fatal Error] :1:1: Premature end of file.
2026-05-05 11:04:44,152 [ERROR] LogOutputStream:75 - [STDERR_REDIRECT] 
2026-05-05 11:04:45,152 [ERROR] LogOutputStream:75 - [STDERR_REDIRECT] [Fatal Error] :1:1: Premature end of file.
2026-05-05 11:04:45,153 [ERROR] LogOutputStream:75 - [STDERR_REDIRECT] 
2026-05-05 11:04:46,137 [ERROR] LogOutputStream:75 - [STDERR_REDIRECT] [Fatal Error] :1:1: Premature end of file.
2026-05-05 11:04:46,137 [ERROR] LogOutputStream:75 - [STDERR_REDIRECT] 
2026-05-05 11:04:47,168 [ERROR] LogOutputStream:75 - [STDERR_REDIRECT] [Fatal Error] :1:1: Premature end of file.
2026-05-05 11:04:47,168 [ERROR] LogOutputStream:75 - [STDERR_REDIRECT] 
2026-05-05 11:04:48,175 [ERROR] LogOutputStream:75 - [STDERR_REDIRECT] [Fatal Error] :1:1: Premature end of file.
2026-05-05 11:04:48,175 [ERROR] LogOutputStream:75 - [STDERR_REDIRECT] 
2026-05-05 11:04:49,148 [ERROR] LogOutputStream:75 - [STDERR_REDIRECT] [Fatal Error] :1:1: Premature end of file.
2026-05-05 11:04:49,149 [ERROR] LogOutputStream:75 - [STDERR_REDIRECT] 
2026-05-05 11:04:50,208 [ERROR] LogOutputStream:75 - [STDERR_REDIRECT] [Fatal Error] :1:1: Premature end of file.
2026-05-05 11:04:50,208 [ERROR] LogOutputStream:75 - [STDERR_REDIRECT] 
2026-05-05 11:04:51,175 [ERROR] LogOutputStream:75 - [STDERR_REDIRECT] [Fatal Error] :1:1: Premature end of file.
2026-05-05 11:04:51,176 [ERROR] LogOutputStream:75 - [STDERR_REDIRECT] 
2026-05-05 11:04:52,151 [ERROR] LogOutputStream:75 - [STDERR_REDIRECT] [Fatal Error] :1:1: Premature end of file.
2026-05-05 11:04:52,151 [ERROR] LogOutputStream:75 - [STDERR_REDIRECT] 
2026-05-05 11:04:53,141 [ERROR] LogOutputStream:75 - [STDERR_REDIRECT] [Fatal Error] :1:1: Premature end of file.
2026-05-05 11:04:53,142 [ERROR] LogOutputStream:75 - [STDERR_REDIRECT] 
2026-05-05 11:04:54,173 [ERROR] LogOutputStream:75 - [STDERR_REDIRECT] [Fatal Error] :1:1: Premature end of file.
2026-05-05 11:04:54,173 [ERROR] LogOutputStream:75 - [STDERR_REDIRECT] 
2026-05-05 11:04:55,161 [ERROR] LogOutputStream:75 - [STDERR_REDIRECT] [Fatal Error] :1:1: Premature end of file.
2026-05-05 11:04:55,161 [ERROR] LogOutputStream:75 - [STDERR_REDIRECT] 
2026-05-05 11:04:56,149 [ERROR] LogOutputStream:75 - [STDERR_REDIRECT] [Fatal Error] :1:1: Premature end of file.
2026-05-05 11:04:56,149 [ERROR] LogOutputStream:75 - [STDERR_REDIRECT] 
2026-05-05 11:04:57,142 [ERROR] LogOutputStream:75 - [STDERR_REDIRECT] [Fatal Error] :1:1: Premature end of file.
2026-05-05 11:04:57,142 [ERROR] LogOutputStream:75 - [STDERR_REDIRECT] 
2026-05-05 11:04:58,144 [ERROR] LogOutputStream:75 - [STDERR_REDIRECT] [Fatal Error] :1:1: Premature end of file.
2026-05-05 11:04:58,144 [ERROR] LogOutputStream:75 - [STDERR_REDIRECT] 
2026-05-05 11:04:59,177 [ERROR] LogOutputStream:75 - [STDERR_REDIRECT] [Fatal Error] :1:1: Premature end of file.
2026-05-05 11:04:59,178 [ERROR] LogOutputStream:75 - [STDERR_REDIRECT] 
2026-05-05 11:05:00,150 [ERROR] LogOutputStream:75 - [STDERR_REDIRECT] [Fatal Error] :1:1: Premature end of file.
2026-05-05 11:05:00,150 [ERROR] LogOutputStream:75 - [STDERR_REDIRECT] 
2026-05-05 11:05:01,179 [ERROR] LogOutputStream:75 - [STDERR_REDIRECT] [Fatal Error] :1:1: Premature end of file.
2026-05-05 11:05:01,179 [ERROR] LogOutputStream:75 - [STDERR_REDIRECT] 
2026-05-05 11:05:02,147 [ERROR] LogOutputStream:75 - [STDERR_REDIRECT] [Fatal Error] :1:1: Premature end of file.
2026-05-05 11:05:02,147 [ERROR] LogOutputStream:75 - [STDERR_REDIRECT] 
2026-05-05 11:05:03,155 [ERROR] LogOutputStream:75 - [STDERR_REDIRECT] [Fatal Error] :1:1: Premature end of file.
2026-05-05 11:05:03,155 [ERROR] LogOutputStream:75 - [STDERR_REDIRECT] 
2026-05-05 11:05:04,135 [ERROR] LogOutputStream:75 - [STDERR_REDIRECT] [Fatal Error] :1:1: Premature end of file.
2026-05-05 11:05:04,135 [ERROR] LogOutputStream:75 - [STDERR_REDIRECT] 
2026-05-05 11:05:05,150 [ERROR] LogOutputStream:75 - [STDERR_REDIRECT] [Fatal Error] :1:1: Premature end of file.
2026-05-05 11:05:05,150 [ERROR] LogOutputStream:75 - [STDERR_REDIRECT] 
2026-05-05 11:05:06,140 [ERROR] LogOutputStream:75 - [STDERR_REDIRECT] [Fatal Error] :1:1: Premature end of file.
2026-05-05 11:05:06,140 [ERROR] LogOutputStream:75 - [STDERR_REDIRECT] 
2026-05-05 11:05:07,151 [ERROR] LogOutputStream:75 - [STDERR_REDIRECT] [Fatal Error] :1:1: Premature end of file.
2026-05-05 11:05:07,152 [ERROR] LogOutputStream:75 - [STDERR_REDIRECT] 
2026-05-05 11:05:08,147 [ERROR] LogOutputStream:75 - [STDERR_REDIRECT] [Fatal Error] :1:1: Premature end of file.
2026-05-05 11:05:08,147 [ERROR] LogOutputStream:75 - [STDERR_REDIRECT] 
2026-05-05 11:05:09,152 [ERROR] LogOutputStream:75 - [STDERR_REDIRECT] [Fatal Error] :1:1: Premature end of file.
2026-05-05 11:05:09,152 [ERROR] LogOutputStream:75 - [STDERR_REDIRECT] 
2026-05-05 11:05:10,144 [ERROR] LogOutputStream:75 - [STDERR_REDIRECT] [Fatal Error] :1:1: Premature end of file.
2026-05-05 11:05:10,145 [ERROR] LogOutputStream:75 - [STDERR_REDIRECT] 
2026-05-05 11:05:11,153 [ERROR] LogOutputStream:75 - [STDERR_REDIRECT] [Fatal Error] :1:1: Premature end of file.
2026-05-05 11:05:11,153 [ERROR] LogOutputStream:75 - [STDERR_REDIRECT] 
2026-05-05 11:05:12,151 [ERROR] LogOutputStream:75 - [STDERR_REDIRECT] [Fatal Error] :1:1: Premature end of file.
2026-05-05 11:05:12,151 [ERROR] LogOutputStream:75 - [STDERR_REDIRECT] 
2026-05-05 11:05:13,150 [ERROR] LogOutputStream:75 - [STDERR_REDIRECT] [Fatal Error] :1:1: Premature end of file.
2026-05-05 11:05:13,151 [ERROR] LogOutputStream:75 - [STDERR_REDIRECT] 
2026-05-05 11:05:14,147 [ERROR] LogOutputStream:75 - [STDERR_REDIRECT] [Fatal Error] :1:1: Premature end of file.
2026-05-05 11:05:14,147 [ERROR] LogOutputStream:75 - [STDERR_REDIRECT] 
2026-05-05 11:05:15,172 [ERROR] LogOutputStream:75 - [STDERR_REDIRECT] [Fatal Error] :1:1: Premature end of file.
2026-05-05 11:05:15,172 [ERROR] LogOutputStream:75 - [STDERR_REDIRECT] 
2026-05-05 11:05:16,147 [ERROR] LogOutputStream:75 - [STDERR_REDIRECT] [Fatal Error] :1:1: Premature end of file.
2026-05-05 11:05:16,147 [ERROR] LogOutputStream:75 - [STDERR_REDIRECT] 
2026-05-05 11:05:17,150 [ERROR] LogOutputStream:75 - [STDERR_REDIRECT] [Fatal Error] :1:1: Premature end of file.
2026-05-05 11:05:17,150 [ERROR] LogOutputStream:75 - [STDERR_REDIRECT] 
2026-05-05 11:05:18,152 [ERROR] LogOutputStream:75 - [STDERR_REDIRECT] [Fatal Error] :1:1: Premature end of file.
2026-05-05 11:05:18,152 [ERROR] LogOutputStream:75 - [STDERR_REDIRECT] 
2026-05-05 11:05:19,161 [ERROR] LogOutputStream:75 - [STDERR_REDIRECT] [Fatal Error] :1:1: Premature end of file.
2026-05-05 11:05:19,161 [ERROR] LogOutputStream:75 - [STDERR_REDIRECT] 
2026-05-05 11:05:20,148 [ERROR] LogOutputStream:75 - [STDERR_REDIRECT] [Fatal Error] :1:1: Premature end of file.
2026-05-05 11:05:20,148 [ERROR] LogOutputStream:75 - [STDERR_REDIRECT] 
2026-05-05 11:05:21,145 [ERROR] LogOutputStream:75 - [STDERR_REDIRECT] [Fatal Error] :1:1: Premature end of file.
2026-05-05 11:05:21,145 [ERROR] LogOutputStream:75 - [STDERR_REDIRECT] 
2026-05-05 11:05:22,148 [ERROR] LogOutputStream:75 - [STDERR_REDIRECT] [Fatal Error] :1:1: Premature end of file.
2026-05-05 11:05:22,148 [ERROR] LogOutputStream:75 - [STDERR_REDIRECT] 
2026-05-05 11:05:23,155 [ERROR] LogOutputStream:75 - [STDERR_REDIRECT] [Fatal Error] :1:1: Premature end of file.
2026-05-05 11:05:23,155 [ERROR] LogOutputStream:75 - [STDERR_REDIRECT] 
2026-05-05 11:05:24,148 [ERROR] LogOutputStream:75 - [STDERR_REDIRECT] [Fatal Error] :1:1: Premature end of file.
2026-05-05 11:05:24,149 [ERROR] LogOutputStream:75 - [STDERR_REDIRECT] 
2026-05-05 11:05:25,160 [ERROR] LogOutputStream:75 - [STDERR_REDIRECT] [Fatal Error] :1:1: Premature end of file.
2026-05-05 11:05:25,160 [ERROR] LogOutputStream:75 - [STDERR_REDIRECT] 
2026-05-05 11:05:26,153 [ERROR] LogOutputStream:75 - [STDERR_REDIRECT] [Fatal Error] :1:1: Premature end of file.
2026-05-05 11:05:26,154 [ERROR] LogOutputStream:75 - [STDERR_REDIRECT] 
2026-05-05 11:05:27,149 [ERROR] LogOutputStream:75 - [STDERR_REDIRECT] [Fatal Error] :1:1: Premature end of file.
2026-05-05 11:05:27,150 [ERROR] LogOutputStream:75 - [STDERR_REDIRECT] 
2026-05-05 11:05:28,150 [ERROR] LogOutputStream:75 - [STDERR_REDIRECT] [Fatal Error] :1:1: Premature end of file.
2026-05-05 11:05:28,150 [ERROR] LogOutputStream:75 - [STDERR_REDIRECT] 
2026-05-05 11:05:29,158 [ERROR] LogOutputStream:75 - [STDERR_REDIRECT] [Fatal Error] :1:1: Premature end of file.
2026-05-05 11:05:29,158 [ERROR] LogOutputStream:75 - [STDERR_REDIRECT] 
2026-05-05 11:05:30,163 [ERROR] LogOutputStream:75 - [STDERR_REDIRECT] [Fatal Error] :1:1: Premature end of file.
2026-05-05 11:05:30,163 [ERROR] LogOutputStream:75 - [STDERR_REDIRECT] 
2026-05-05 11:05:31,155 [ERROR] LogOutputStream:75 - [STDERR_REDIRECT] [Fatal Error] :1:1: Premature end of file.
2026-05-05 11:05:31,156 [ERROR] LogOutputStream:75 - [STDERR_REDIRECT] 
2026-05-05 11:05:32,179 [ERROR] LogOutputStream:75 - [STDERR_REDIRECT] [Fatal Error] :1:1: Premature end of file.
2026-05-05 11:05:32,180 [ERROR] LogOutputStream:75 - [STDERR_REDIRECT] 
2026-05-05 11:05:33,181 [ERROR] LogOutputStream:75 - [STDERR_REDIRECT] [Fatal Error] :1:1: Premature end of file.
2026-05-05 11:05:33,181 [ERROR] LogOutputStream:75 - [STDERR_REDIRECT] 
2026-05-05 11:05:34,152 [ERROR] LogOutputStream:75 - [STDERR_REDIRECT] [Fatal Error] :1:1: Premature end of file.
2026-05-05 11:05:34,152 [ERROR] LogOutputStream:75 - [STDERR_REDIRECT] 
2026-05-05 11:05:35,147 [ERROR] LogOutputStream:75 - [STDERR_REDIRECT] [Fatal Error] :1:1: Premature end of file.
2026-05-05 11:05:35,148 [ERROR] LogOutputStream:75 - [STDERR_REDIRECT] 
2026-05-05 11:05:36,153 [ERROR] LogOutputStream:75 - [STDERR_REDIRECT] [Fatal Error] :1:1: Premature end of file.
2026-05-05 11:05:36,153 [ERROR] LogOutputStream:75 - [STDERR_REDIRECT] 
2026-05-05 11:05:37,148 [ERROR] LogOutputStream:75 - [STDERR_REDIRECT] [Fatal Error] :1:1: Premature end of file.
2026-05-05 11:05:37,148 [ERROR] LogOutputStream:75 - [STDERR_REDIRECT] 
2026-05-05 11:05:38,154 [ERROR] LogOutputStream:75 - [STDERR_REDIRECT] [Fatal Error] :1:1: Premature end of file.
2026-05-05 11:05:38,154 [ERROR] LogOutputStream:75 - [STDERR_REDIRECT] 
2026-05-05 11:05:39,150 [ERROR] LogOutputStream:75 - [STDERR_REDIRECT] [Fatal Error] :1:1: Premature end of file.
2026-05-05 11:05:39,150 [ERROR] LogOutputStream:75 - [STDERR_REDIRECT] 
2026-05-05 11:05:40,148 [ERROR] LogOutputStream:75 - [STDERR_REDIRECT] [Fatal Error] :1:1: Premature end of file.
2026-05-05 11:05:40,148 [ERROR] LogOutputStream:75 - [STDERR_REDIRECT] 
2026-05-05 11:05:41,154 [ERROR] LogOutputStream:75 - [STDERR_REDIRECT] [Fatal Error] :1:1: Premature end of file.
2026-05-05 11:05:41,154 [ERROR] LogOutputStream:75 - [STDERR_REDIRECT] 
2026-05-05 11:05:42,151 [ERROR] LogOutputStream:75 - [STDERR_REDIRECT] [Fatal Error] :1:1: Premature end of file.
2026-05-05 11:05:42,151 [ERROR] LogOutputStream:75 - [STDERR_REDIRECT] 
2026-05-05 11:05:43,150 [ERROR] LogOutputStream:75 - [STDERR_REDIRECT] [Fatal Error] :1:1: Premature end of file.
2026-05-05 11:05:43,150 [ERROR] LogOutputStream:75 - [STDERR_REDIRECT] 
2026-05-05 11:05:44,150 [ERROR] LogOutputStream:75 - [STDERR_REDIRECT] [Fatal Error] :1:1: Premature end of file.
2026-05-05 11:05:44,150 [ERROR] LogOutputStream:75 - [STDERR_REDIRECT] 
2026-05-05 11:05:45,169 [ERROR] LogOutputStream:75 - [STDERR_REDIRECT] [Fatal Error] :1:1: Premature end of file.
2026-05-05 11:05:45,170 [ERROR] LogOutputStream:75 - [STDERR_REDIRECT] 
2026-05-05 11:05:46,150 [ERROR] LogOutputStream:75 - [STDERR_REDIRECT] [Fatal Error] :1:1: Premature end of file.
2026-05-05 11:05:46,151 [ERROR] LogOutputStream:75 - [STDERR_REDIRECT] 
2026-05-05 11:05:47,158 [ERROR] LogOutputStream:75 - [STDERR_REDIRECT] [Fatal Error] :1:1: Premature end of file.
2026-05-05 11:05:47,158 [ERROR] LogOutputStream:75 - [STDERR_REDIRECT] 
2026-05-05 11:05:48,144 [ERROR] LogOutputStream:75 - [STDERR_REDIRECT] [Fatal Error] :1:1: Premature end of file.
2026-05-05 11:05:48,144 [ERROR] LogOutputStream:75 - [STDERR_REDIRECT] 
2026-05-05 11:05:49,128 [ERROR] LogOutputStream:75 - [STDERR_REDIRECT] [Fatal Error] :1:1: Premature end of file.
2026-05-05 11:05:49,130 [ERROR] LogOutputStream:75 - [STDERR_REDIRECT] 
2026-05-05 11:05:50,118 [ERROR] LogOutputStream:75 - [STDERR_REDIRECT] [Fatal Error] :1:1: Premature end of file.
2026-05-05 11:05:50,118 [ERROR] LogOutputStream:75 - [STDERR_REDIRECT] 
2026-05-05 11:05:51,148 [ERROR] LogOutputStream:75 - [STDERR_REDIRECT] [Fatal Error] :1:1: Premature end of file.
2026-05-05 11:05:51,148 [ERROR] LogOutputStream:75 - [STDERR_REDIRECT] 
2026-05-05 11:05:52,147 [ERROR] LogOutputStream:75 - [STDERR_REDIRECT] [Fatal Error] :1:1: Premature end of file.
2026-05-05 11:05:52,147 [ERROR] LogOutputStream:75 - [STDERR_REDIRECT] 
2026-05-05 11:05:53,133 [ERROR] LogOutputStream:75 - [STDERR_REDIRECT] [Fatal Error] :1:1: Premature end of file.
2026-05-05 11:05:53,134 [ERROR] LogOutputStream:75 - [STDERR_REDIRECT] 
2026-05-05 11:05:54,158 [ERROR] LogOutputStream:75 - [STDERR_REDIRECT] [Fatal Error] :1:1: Premature end of file.
2026-05-05 11:05:54,158 [ERROR] LogOutputStream:75 - [STDERR_REDIRECT] 
2026-05-05 11:05:55,161 [ERROR] LogOutputStream:75 - [STDERR_REDIRECT] [Fatal Error] :1:1: Premature end of file.
2026-05-05 11:05:55,162 [ERROR] LogOutputStream:75 - [STDERR_REDIRECT] 
2026-05-05 11:05:56,147 [ERROR] LogOutputStream:75 - [STDERR_REDIRECT] [Fatal Error] :1:1: Premature end of file.
2026-05-05 11:05:56,148 [ERROR] LogOutputStream:75 - [STDERR_REDIRECT] 
2026-05-05 11:05:57,148 [ERROR] LogOutputStream:75 - [STDERR_REDIRECT] [Fatal Error] :1:1: Premature end of file.
2026-05-05 11:05:57,150 [ERROR] LogOutputStream:75 - [STDERR_REDIRECT] 
2026-05-05 11:05:58,150 [ERROR] LogOutputStream:75 - [STDERR_REDIRECT] [Fatal Error] :1:1: Premature end of file.
2026-05-05 11:05:58,150 [ERROR] LogOutputStream:75 - [STDERR_REDIRECT] 
2026-05-05 11:05:59,148 [ERROR] LogOutputStream:75 - [STDERR_REDIRECT] [Fatal Error] :1:1: Premature end of file.
2026-05-05 11:05:59,148 [ERROR] LogOutputStream:75 - [STDERR_REDIRECT] 
2026-05-05 11:06:00,142 [ERROR] LogOutputStream:75 - [STDERR_REDIRECT] [Fatal Error] :1:1: Premature end of file.
2026-05-05 11:06:00,143 [ERROR] LogOutputStream:75 - [STDERR_REDIRECT] 
2026-05-05 11:06:01,149 [ERROR] LogOutputStream:75 - [STDERR_REDIRECT] [Fatal Error] :1:1: Premature end of file.
2026-05-05 11:06:01,150 [ERROR] LogOutputStream:75 - [STDERR_REDIRECT] 
2026-05-05 11:06:02,149 [ERROR] LogOutputStream:75 - [STDERR_REDIRECT] [Fatal Error] :1:1: Premature end of file.
2026-05-05 11:06:02,150 [ERROR] LogOutputStream:75 - [STDERR_REDIRECT] 
2026-05-05 11:06:03,145 [ERROR] LogOutputStream:75 - [STDERR_REDIRECT] [Fatal Error] :1:1: Premature end of file.
2026-05-05 11:06:03,145 [ERROR] LogOutputStream:75 - [STDERR_REDIRECT] 
2026-05-05 11:06:04,147 [ERROR] LogOutputStream:75 - [STDERR_REDIRECT] [Fatal Error] :1:1: Premature end of file.
2026-05-05 11:06:04,148 [ERROR] LogOutputStream:75 - [STDERR_REDIRECT] 
2026-05-05 11:06:05,136 [ERROR] LogOutputStream:75 - [STDERR_REDIRECT] [Fatal Error] :1:1: Premature end of file.
2026-05-05 11:06:05,136 [ERROR] LogOutputStream:75 - [STDERR_REDIRECT] 
2026-05-05 11:06:06,149 [ERROR] LogOutputStream:75 - [STDERR_REDIRECT] [Fatal Error] :1:1: Premature end of file.
2026-05-05 11:06:06,150 [ERROR] LogOutputStream:75 - [STDERR_REDIRECT] 
2026-05-05 11:06:07,151 [ERROR] LogOutputStream:75 - [STDERR_REDIRECT] [Fatal Error] :1:1: Premature end of file.
2026-05-05 11:06:07,151 [ERROR] LogOutputStream:75 - [STDERR_REDIRECT] 
2026-05-05 11:06:08,172 [ERROR] LogOutputStream:75 - [STDERR_REDIRECT] [Fatal Error] :1:1: Premature end of file.
2026-05-05 11:06:08,173 [ERROR] LogOutputStream:75 - [STDERR_REDIRECT] 
2026-05-05 11:06:09,147 [ERROR] LogOutputStream:75 - [STDERR_REDIRECT] [Fatal Error] :1:1: Premature end of file.
2026-05-05 11:06:09,148 [ERROR] LogOutputStream:75 - [STDERR_REDIRECT] 
2026-05-05 11:06:10,166 [ERROR] LogOutputStream:75 - [STDERR_REDIRECT] [Fatal Error] :1:1: Premature end of file.
2026-05-05 11:06:10,168 [ERROR] LogOutputStream:75 - [STDERR_REDIRECT] 
2026-05-05 11:06:11,150 [ERROR] LogOutputStream:75 - [STDERR_REDIRECT] [Fatal Error] :1:1: Premature end of file.
2026-05-05 11:06:11,150 [ERROR] LogOutputStream:75 - [STDERR_REDIRECT] 
2026-05-05 11:06:12,144 [ERROR] LogOutputStream:75 - [STDERR_REDIRECT] [Fatal Error] :1:1: Premature end of file.
2026-05-05 11:06:12,144 [ERROR] LogOutputStream:75 - [STDERR_REDIRECT] 
2026-05-05 11:06:13,182 [ERROR] LogOutputStream:75 - [STDERR_REDIRECT] [Fatal Error] :1:1: Premature end of file.
2026-05-05 11:06:13,183 [ERROR] LogOutputStream:75 - [STDERR_REDIRECT] 
2026-05-05 11:06:14,150 [ERROR] LogOutputStream:75 - [STDERR_REDIRECT] [Fatal Error] :1:1: Premature end of file.
2026-05-05 11:06:14,150 [ERROR] LogOutputStream:75 - [STDERR_REDIRECT] 
2026-05-05 11:06:15,152 [ERROR] LogOutputStream:75 - [STDERR_REDIRECT] [Fatal Error] :1:1: Premature end of file.
2026-05-05 11:06:15,152 [ERROR] LogOutputStream:75 - [STDERR_REDIRECT] 
2026-05-05 11:06:16,151 [ERROR] LogOutputStream:75 - [STDERR_REDIRECT] [Fatal Error] :1:1: Premature end of file.
2026-05-05 11:06:16,151 [ERROR] LogOutputStream:75 - [STDERR_REDIRECT] 
2026-05-05 11:06:17,147 [ERROR] LogOutputStream:75 - [STDERR_REDIRECT] [Fatal Error] :1:1: Premature end of file.
2026-05-05 11:06:17,148 [ERROR] LogOutputStream:75 - [STDERR_REDIRECT] 
2026-05-05 11:06:18,142 [ERROR] LogOutputStream:75 - [STDERR_REDIRECT] [Fatal Error] :1:1: Premature end of file.
2026-05-05 11:06:18,142 [ERROR] LogOutputStream:75 - [STDERR_REDIRECT] 
2026-05-05 11:06:19,166 [ERROR] LogOutputStream:75 - [STDERR_REDIRECT] [Fatal Error] :1:1: Premature end of file.
2026-05-05 11:06:19,167 [ERROR] LogOutputStream:75 - [STDERR_REDIRECT] 
2026-05-05 11:06:20,172 [ERROR] LogOutputStream:75 - [STDERR_REDIRECT] [Fatal Error] :1:1: Premature end of file.
2026-05-05 11:06:20,173 [ERROR] LogOutputStream:75 - [STDERR_REDIRECT] 
2026-05-05 11:06:21,152 [ERROR] LogOutputStream:75 - [STDERR_REDIRECT] [Fatal Error] :1:1: Premature end of file.
2026-05-05 11:06:21,153 [ERROR] LogOutputStream:75 - [STDERR_REDIRECT] 
2026-05-05 11:06:22,145 [ERROR] LogOutputStream:75 - [STDERR_REDIRECT] [Fatal Error] :1:1: Premature end of file.
2026-05-05 11:06:22,146 [ERROR] LogOutputStream:75 - [STDERR_REDIRECT] 
2026-05-05 11:06:23,150 [ERROR] LogOutputStream:75 - [STDERR_REDIRECT] [Fatal Error] :1:1: Premature end of file.
2026-05-05 11:06:23,150 [ERROR] LogOutputStream:75 - [STDERR_REDIRECT] 
2026-05-05 11:06:24,145 [ERROR] LogOutputStream:75 - [STDERR_REDIRECT] [Fatal Error] :1:1: Premature end of file.
2026-05-05 11:06:24,145 [ERROR] LogOutputStream:75 - [STDERR_REDIRECT] 
2026-05-05 11:06:25,135 [ERROR] LogOutputStream:75 - [STDERR_REDIRECT] [Fatal Error] :1:1: Premature end of file.
2026-05-05 11:06:25,135 [ERROR] LogOutputStream:75 - [STDERR_REDIRECT] 
2026-05-05 11:06:26,132 [ERROR] LogOutputStream:75 - [STDERR_REDIRECT] [Fatal Error] :1:1: Premature end of file.
2026-05-05 11:06:26,132 [ERROR] LogOutputStream:75 - [STDERR_REDIRECT] 
2026-05-05 11:06:27,148 [ERROR] LogOutputStream:75 - [STDERR_REDIRECT] [Fatal Error] :1:1: Premature end of file.
2026-05-05 11:06:27,148 [ERROR] LogOutputStream:75 - [STDERR_REDIRECT] 
2026-05-05 11:06:28,155 [ERROR] LogOutputStream:75 - [STDERR_REDIRECT] [Fatal Error] :1:1: Premature end of file.
2026-05-05 11:06:28,155 [ERROR] LogOutputStream:75 - [STDERR_REDIRECT] 
2026-05-05 11:06:29,151 [ERROR] LogOutputStream:75 - [STDERR_REDIRECT] [Fatal Error] :1:1: Premature end of file.
2026-05-05 11:06:29,151 [ERROR] LogOutputStream:75 - [STDERR_REDIRECT] 
2026-05-05 11:06:30,150 [ERROR] LogOutputStream:75 - [STDERR_REDIRECT] [Fatal Error] :1:1: Premature end of file.
2026-05-05 11:06:30,150 [ERROR] LogOutputStream:75 - [STDERR_REDIRECT] 
2026-05-05 11:06:31,180 [ERROR] LogOutputStream:75 - [STDERR_REDIRECT] [Fatal Error] :1:1: Premature end of file.
2026-05-05 11:06:31,181 [ERROR] LogOutputStream:75 - [STDERR_REDIRECT] 
2026-05-05 11:06:32,149 [ERROR] LogOutputStream:75 - [STDERR_REDIRECT] [Fatal Error] :1:1: Premature end of file.
2026-05-05 11:06:32,149 [ERROR] LogOutputStream:75 - [STDERR_REDIRECT] 
2026-05-05 11:06:33,145 [ERROR] LogOutputStream:75 - [STDERR_REDIRECT] [Fatal Error] :1:1: Premature end of file.
2026-05-05 11:06:33,146 [ERROR] LogOutputStream:75 - [STDERR_REDIRECT] 
2026-05-05 11:06:34,151 [ERROR] LogOutputStream:75 - [STDERR_REDIRECT] [Fatal Error] :1:1: Premature end of file.
2026-05-05 11:06:34,152 [ERROR] LogOutputStream:75 - [STDERR_REDIRECT] 
2026-05-05 11:06:35,164 [ERROR] LogOutputStream:75 - [STDERR_REDIRECT] [Fatal Error] :1:1: Premature end of file.
2026-05-05 11:06:35,165 [ERROR] LogOutputStream:75 - [STDERR_REDIRECT] 
2026-05-05 11:06:36,153 [ERROR] LogOutputStream:75 - [STDERR_REDIRECT] [Fatal Error] :1:1: Premature end of file.
2026-05-05 11:06:36,154 [ERROR] LogOutputStream:75 - [STDERR_REDIRECT] 
2026-05-05 11:06:37,144 [ERROR] LogOutputStream:75 - [STDERR_REDIRECT] [Fatal Error] :1:1: Premature end of file.
2026-05-05 11:06:37,144 [ERROR] LogOutputStream:75 - [STDERR_REDIRECT] 
2026-05-05 11:06:38,151 [ERROR] LogOutputStream:75 - [STDERR_REDIRECT] [Fatal Error] :1:1: Premature end of file.
2026-05-05 11:06:38,151 [ERROR] LogOutputStream:75 - [STDERR_REDIRECT] 
2026-05-05 11:06:39,150 [ERROR] LogOutputStream:75 - [STDERR_REDIRECT] [Fatal Error] :1:1: Premature end of file.
2026-05-05 11:06:39,150 [ERROR] LogOutputStream:75 - [STDERR_REDIRECT] 
2026-05-05 11:06:40,143 [ERROR] LogOutputStream:75 - [STDERR_REDIRECT] [Fatal Error] :1:1: Premature end of file.
2026-05-05 11:06:40,143 [ERROR] LogOutputStream:75 - [STDERR_REDIRECT] 
2026-05-05 11:06:41,145 [ERROR] LogOutputStream:75 - [STDERR_REDIRECT] [Fatal Error] :1:1: Premature end of file.
2026-05-05 11:06:41,145 [ERROR] LogOutputStream:75 - [STDERR_REDIRECT] 
2026-05-05 11:06:42,138 [ERROR] LogOutputStream:75 - [STDERR_REDIRECT] [Fatal Error] :1:1: Premature end of file.
2026-05-05 11:06:42,138 [ERROR] LogOutputStream:75 - [STDERR_REDIRECT] 
2026-05-05 11:06:43,147 [ERROR] LogOutputStream:75 - [STDERR_REDIRECT] [Fatal Error] :1:1: Premature end of file.
2026-05-05 11:06:43,147 [ERROR] LogOutputStream:75 - [STDERR_REDIRECT] 
2026-05-05 11:06:44,147 [ERROR] LogOutputStream:75 - [STDERR_REDIRECT] [Fatal Error] :1:1: Premature end of file.
2026-05-05 11:06:44,149 [ERROR] LogOutputStream:75 - [STDERR_REDIRECT] 
2026-05-05 11:06:45,129 [ERROR] LogOutputStream:75 - [STDERR_REDIRECT] [Fatal Error] :1:1: Premature end of file.
2026-05-05 11:06:45,129 [ERROR] LogOutputStream:75 - [STDERR_REDIRECT] 
2026-05-05 11:06:46,143 [ERROR] LogOutputStream:75 - [STDERR_REDIRECT] [Fatal Error] :1:1: Premature end of file.
2026-05-05 11:06:46,144 [ERROR] LogOutputStream:75 - [STDERR_REDIRECT] 
2026-05-05 11:06:47,150 [ERROR] LogOutputStream:75 - [STDERR_REDIRECT] [Fatal Error] :1:1: Premature end of file.
2026-05-05 11:06:47,150 [ERROR] LogOutputStream:75 - [STDERR_REDIRECT] 
2026-05-05 11:06:48,140 [ERROR] LogOutputStream:75 - [STDERR_REDIRECT] [Fatal Error] :1:1: Premature end of file.
2026-05-05 11:06:48,140 [ERROR] LogOutputStream:75 - [STDERR_REDIRECT] 
2026-05-05 11:06:49,148 [ERROR] LogOutputStream:75 - [STDERR_REDIRECT] [Fatal Error] :1:1: Premature end of file.
2026-05-05 11:06:49,149 [ERROR] LogOutputStream:75 - [STDERR_REDIRECT] 
2026-05-05 11:06:50,152 [ERROR] LogOutputStream:75 - [STDERR_REDIRECT] [Fatal Error] :1:1: Premature end of file.
2026-05-05 11:06:50,152 [ERROR] LogOutputStream:75 - [STDERR_REDIRECT] 
2026-05-05 11:06:51,140 [ERROR] LogOutputStream:75 - [STDERR_REDIRECT] [Fatal Error] :1:1: Premature end of file.
2026-05-05 11:06:51,140 [ERROR] LogOutputStream:75 - [STDERR_REDIRECT] 
2026-05-05 11:06:52,148 [ERROR] LogOutputStream:75 - [STDERR_REDIRECT] [Fatal Error] :1:1: Premature end of file.
2026-05-05 11:06:52,148 [ERROR] LogOutputStream:75 - [STDERR_REDIRECT] 
2026-05-05 11:06:53,169 [ERROR] LogOutputStream:75 - [STDERR_REDIRECT] [Fatal Error] :1:1: Premature end of file.
2026-05-05 11:06:53,169 [ERROR] LogOutputStream:75 - [STDERR_REDIRECT] 
2026-05-05 11:06:54,137 [ERROR] LogOutputStream:75 - [STDERR_REDIRECT] [Fatal Error] :1:1: Premature end of file.
2026-05-05 11:06:54,137 [ERROR] LogOutputStream:75 - [STDERR_REDIRECT] 
2026-05-05 11:06:55,132 [ERROR] LogOutputStream:75 - [STDERR_REDIRECT] [Fatal Error] :1:1: Premature end of file.
2026-05-05 11:06:55,132 [ERROR] LogOutputStream:75 - [STDERR_REDIRECT] 
2026-05-05 11:06:56,184 [ERROR] LogOutputStream:75 - [STDERR_REDIRECT] [Fatal Error] :1:1: Premature end of file.
2026-05-05 11:06:56,185 [ERROR] LogOutputStream:75 - [STDERR_REDIRECT] 
2026-05-05 11:06:57,149 [ERROR] LogOutputStream:75 - [STDERR_REDIRECT] [Fatal Error] :1:1: Premature end of file.
2026-05-05 11:06:57,150 [ERROR] LogOutputStream:75 - [STDERR_REDIRECT] 
2026-05-05 11:06:58,140 [ERROR] LogOutputStream:75 - [STDERR_REDIRECT] [Fatal Error] :1:1: Premature end of file.
2026-05-05 11:06:58,141 [ERROR] LogOutputStream:75 - [STDERR_REDIRECT] 
2026-05-05 11:06:59,153 [ERROR] LogOutputStream:75 - [STDERR_REDIRECT] [Fatal Error] :1:1: Premature end of file.
2026-05-05 11:06:59,153 [ERROR] LogOutputStream:75 - [STDERR_REDIRECT] 
2026-05-05 11:07:00,148 [ERROR] LogOutputStream:75 - [STDERR_REDIRECT] [Fatal Error] :1:1: Premature end of file.
2026-05-05 11:07:00,148 [ERROR] LogOutputStream:75 - [STDERR_REDIRECT] 
2026-05-05 11:07:01,179 [ERROR] LogOutputStream:75 - [STDERR_REDIRECT] [Fatal Error] :1:1: Premature end of file.
2026-05-05 11:07:01,180 [ERROR] LogOutputStream:75 - [STDERR_REDIRECT] 
2026-05-05 11:07:02,152 [ERROR] LogOutputStream:75 - [STDERR_REDIRECT] [Fatal Error] :1:1: Premature end of file.
2026-05-05 11:07:02,152 [ERROR] LogOutputStream:75 - [STDERR_REDIRECT] 
2026-05-05 11:07:03,147 [ERROR] LogOutputStream:75 - [STDERR_REDIRECT] [Fatal Error] :1:1: Premature end of file.
2026-05-05 11:07:03,147 [ERROR] LogOutputStream:75 - [STDERR_REDIRECT] 
2026-05-05 11:07:04,165 [ERROR] LogOutputStream:75 - [STDERR_REDIRECT] [Fatal Error] :1:1: Premature end of file.
2026-05-05 11:07:04,166 [ERROR] LogOutputStream:75 - [STDERR_REDIRECT] 
2026-05-05 11:07:05,142 [ERROR] LogOutputStream:75 - [STDERR_REDIRECT] [Fatal Error] :1:1: Premature end of file.
2026-05-05 11:07:05,142 [ERROR] LogOutputStream:75 - [STDERR_REDIRECT] 
2026-05-05 11:07:06,186 [ERROR] LogOutputStream:75 - [STDERR_REDIRECT] [Fatal Error] :1:1: Premature end of file.
2026-05-05 11:07:06,187 [ERROR] LogOutputStream:75 - [STDERR_REDIRECT] 
2026-05-05 11:07:07,153 [ERROR] LogOutputStream:75 - [STDERR_REDIRECT] [Fatal Error] :1:1: Premature end of file.
2026-05-05 11:07:07,153 [ERROR] LogOutputStream:75 - [STDERR_REDIRECT] 
2026-05-05 11:07:08,150 [ERROR] LogOutputStream:75 - [STDERR_REDIRECT] [Fatal Error] :1:1: Premature end of file.
2026-05-05 11:07:08,150 [ERROR] LogOutputStream:75 - [STDERR_REDIRECT] 
2026-05-05 11:07:09,151 [ERROR] LogOutputStream:75 - [STDERR_REDIRECT] [Fatal Error] :1:1: Premature end of file.
2026-05-05 11:07:09,151 [ERROR] LogOutputStream:75 - [STDERR_REDIRECT] 
2026-05-05 11:07:10,150 [ERROR] LogOutputStream:75 - [STDERR_REDIRECT] [Fatal Error] :1:1: Premature end of file.
2026-05-05 11:07:10,150 [ERROR] LogOutputStream:75 - [STDERR_REDIRECT] 
2026-05-05 11:07:11,172 [ERROR] LogOutputStream:75 - [STDERR_REDIRECT] [Fatal Error] :1:1: Premature end of file.
2026-05-05 11:07:11,172 [ERROR] LogOutputStream:75 - [STDERR_REDIRECT] 
2026-05-05 11:07:12,147 [ERROR] LogOutputStream:75 - [STDERR_REDIRECT] [Fatal Error] :1:1: Premature end of file.
2026-05-05 11:07:12,148 [ERROR] LogOutputStream:75 - [STDERR_REDIRECT] 
2026-05-05 11:07:13,144 [ERROR] LogOutputStream:75 - [STDERR_REDIRECT] [Fatal Error] :1:1: Premature end of file.
2026-05-05 11:07:13,144 [ERROR] LogOutputStream:75 - [STDERR_REDIRECT] 
2026-05-05 11:07:14,128 [ERROR] LogOutputStream:75 - [STDERR_REDIRECT] [Fatal Error] :1:1: Premature end of file.
2026-05-05 11:07:14,128 [ERROR] LogOutputStream:75 - [STDERR_REDIRECT] 
2026-05-05 11:07:15,143 [ERROR] LogOutputStream:75 - [STDERR_REDIRECT] [Fatal Error] :1:1: Premature end of file.
2026-05-05 11:07:15,143 [ERROR] LogOutputStream:75 - [STDERR_REDIRECT] 
2026-05-05 11:07:16,173 [ERROR] LogOutputStream:75 - [STDERR_REDIRECT] [Fatal Error] :1:1: Premature end of file.
2026-05-05 11:07:16,174 [ERROR] LogOutputStream:75 - [STDERR_REDIRECT] 
2026-05-05 11:07:17,153 [ERROR] LogOutputStream:75 - [STDERR_REDIRECT] [Fatal Error] :1:1: Premature end of file.
2026-05-05 11:07:17,153 [ERROR] LogOutputStream:75 - [STDERR_REDIRECT] 
2026-05-05 11:07:18,157 [ERROR] LogOutputStream:75 - [STDERR_REDIRECT] [Fatal Error] :1:1: Premature end of file.
2026-05-05 11:07:18,157 [ERROR] LogOutputStream:75 - [STDERR_REDIRECT] 
2026-05-05 11:07:19,160 [ERROR] LogOutputStream:75 - [STDERR_REDIRECT] [Fatal Error] :1:1: Premature end of file.
2026-05-05 11:07:19,161 [ERROR] LogOutputStream:75 - [STDERR_REDIRECT] 
2026-05-05 11:07:20,150 [ERROR] LogOutputStream:75 - [STDERR_REDIRECT] [Fatal Error] :1:1: Premature end of file.
2026-05-05 11:07:20,150 [ERROR] LogOutputStream:75 - [STDERR_REDIRECT] 
2026-05-05 11:07:21,156 [ERROR] LogOutputStream:75 - [STDERR_REDIRECT] [Fatal Error] :1:1: Premature end of file.
2026-05-05 11:07:21,157 [ERROR] LogOutputStream:75 - [STDERR_REDIRECT] 
2026-05-05 11:07:22,118 [ERROR] LogOutputStream:75 - [STDERR_REDIRECT] [Fatal Error] :1:1: Premature end of file.
2026-05-05 11:07:22,118 [ERROR] LogOutputStream:75 - [STDERR_REDIRECT] 
2026-05-05 11:07:23,149 [ERROR] LogOutputStream:75 - [STDERR_REDIRECT] [Fatal Error] :1:1: Premature end of file.
2026-05-05 11:07:23,149 [ERROR] LogOutputStream:75 - [STDERR_REDIRECT] 
2026-05-05 11:07:24,127 [ERROR] LogOutputStream:75 - [STDERR_REDIRECT] [Fatal Error] :1:1: Premature end of file.
2026-05-05 11:07:24,127 [ERROR] LogOutputStream:75 - [STDERR_REDIRECT] 
2026-05-05 11:07:25,132 [ERROR] LogOutputStream:75 - [STDERR_REDIRECT] [Fatal Error] :1:1: Premature end of file.
2026-05-05 11:07:25,133 [ERROR] LogOutputStream:75 - [STDERR_REDIRECT] 
2026-05-05 11:07:26,149 [ERROR] LogOutputStream:75 - [STDERR_REDIRECT] [Fatal Error] :1:1: Premature end of file.
2026-05-05 11:07:26,149 [ERROR] LogOutputStream:75 - [STDERR_REDIRECT] 
2026-05-05 11:07:27,147 [ERROR] LogOutputStream:75 - [STDERR_REDIRECT] [Fatal Error] :1:1: Premature end of file.
2026-05-05 11:07:27,147 [ERROR] LogOutputStream:75 - [STDERR_REDIRECT] 
2026-05-05 11:07:28,147 [ERROR] LogOutputStream:75 - [STDERR_REDIRECT] [Fatal Error] :1:1: Premature end of file.
2026-05-05 11:07:28,147 [ERROR] LogOutputStream:75 - [STDERR_REDIRECT] 
2026-05-05 11:07:29,149 [ERROR] LogOutputStream:75 - [STDERR_REDIRECT] [Fatal Error] :1:1: Premature end of file.
2026-05-05 11:07:29,149 [ERROR] LogOutputStream:75 - [STDERR_REDIRECT] 
2026-05-05 11:07:30,164 [ERROR] LogOutputStream:75 - [STDERR_REDIRECT] [Fatal Error] :1:1: Premature end of file.
2026-05-05 11:07:30,164 [ERROR] LogOutputStream:75 - [STDERR_REDIRECT] 
2026-05-05 11:07:31,141 [ERROR] LogOutputStream:75 - [STDERR_REDIRECT] [Fatal Error] :1:1: Premature end of file.
2026-05-05 11:07:31,141 [ERROR] LogOutputStream:75 - [STDERR_REDIRECT] 
2026-05-05 11:07:31,657 [ERROR] ConfigurationRetriever:142 - IOException on connection: Connect timed out
2026-05-05 11:07:32,150 [ERROR] LogOutputStream:75 - [STDERR_REDIRECT] [Fatal Error] :1:1: Premature end of file.
2026-05-05 11:07:32,150 [ERROR] LogOutputStream:75 - [STDERR_REDIRECT] 
2026-05-05 11:07:33,163 [ERROR] LogOutputStream:75 - [STDERR_REDIRECT] [Fatal Error] :1:1: Premature end of file.
2026-05-05 11:07:33,163 [ERROR] LogOutputStream:75 - [STDERR_REDIRECT] 
2026-05-05 11:07:33,658 [ERROR] ConfigurationRetriever:142 - IOException on connection: Connect timed out
2026-05-05 11:07:34,147 [ERROR] LogOutputStream:75 - [STDERR_REDIRECT] [Fatal Error] :1:1: Premature end of file.
2026-05-05 11:07:34,147 [ERROR] LogOutputStream:75 - [STDERR_REDIRECT] 
2026-05-05 11:07:35,165 [ERROR] LogOutputStream:75 - [STDERR_REDIRECT] [Fatal Error] :1:1: Premature end of file.
2026-05-05 11:07:35,165 [ERROR] LogOutputStream:75 - [STDERR_REDIRECT] 
2026-05-05 11:07:35,661 [ERROR] ConfigurationRetriever:142 - IOException on connection: Connect timed out
2026-05-05 11:07:36,121 [ERROR] LogOutputStream:75 - [STDERR_REDIRECT] [Fatal Error] :1:1: Premature end of file.
2026-05-05 11:07:36,121 [ERROR] LogOutputStream:75 - [STDERR_REDIRECT] 
2026-05-05 11:07:36,835 [ERROR] LogOutputStream:75 - [STDERR_REDIRECT] 
2026-05-05 23:28:56,373 [INFO] Activator:176 - 


2026-05-05 23:28:56,373 [INFO] Activator:177 - !SESSION log4j initialized
2026-05-05 23:29:02,492 [INFO] LogOutputStream:77 - [STDOUT_REDIRECT] 
2026-05-05 23:29:11,245 [INFO] ApplicationProperties:184 - Using Application install path: C:\ST\STM32CubeIDE_1.18.1\STM32CubeIDE\plugins\com.st.stm32cube.common.mx_6.14.1.202504091515
2026-05-05 23:29:11,261 [INFO] DbMcusXml:78 - Set database path to: C:\ST\STM32CubeIDE_1.18.1\STM32CubeIDE\plugins\com.st.stm32cube.common.mx_6.14.1.202504091515\\db\/mcu/
2026-05-05 23:29:11,261 [INFO] ApiDb:274 - Set plugin database path to: C:\ST\STM32CubeIDE_1.18.1\STM32CubeIDE\plugins\com.st.stm32cube.common.mx_6.14.1.202504091515\\db\/plugins/boardmanager/
2026-05-05 23:29:11,261 [WARN] ApiDb:259 - Overriding images path with different value:  => C:\ST\STM32CubeIDE_1.18.1\STM32CubeIDE\plugins\com.st.stm32cube.common.mx_6.14.1.202504091515\\db\/plugins/mcufinder/images/
2026-05-05 23:29:11,277 [INFO] ApiDb:250 - Set database path to: C:\Users\salem\.stmcufinder\plugins\mcufinder//mcu/
2026-05-05 23:29:11,277 [INFO] DbMcusAds:125 - Set database path to: C:\Users\salem\.stmcufinder\plugins\mcufinder//mcu/
2026-05-05 23:29:11,277 [INFO] CrossReferenceDbSqlite:203 - Set database path to: C:\Users\salem\.stmcufinder\plugins\mcufinder//mcu/cs/
2026-05-05 23:29:11,372 [INFO] RulesReader:64 - Compatibility file has been processed (302 Rules)
2026-05-05 23:29:11,436 [INFO] DbMcusXml:78 - Set database path to: C:\ST\STM32CubeIDE_1.18.1\STM32CubeIDE\plugins\com.st.stm32cube.common.mx_6.14.1.202504091515\\db\/mcu/
2026-05-05 23:29:11,436 [INFO] ApiDb:274 - Set plugin database path to: C:\ST\STM32CubeIDE_1.18.1\STM32CubeIDE\plugins\com.st.stm32cube.common.mx_6.14.1.202504091515\\db\/plugins/boardmanager/
2026-05-05 23:29:11,436 [INFO] ApiDb:261 - Set plugin images path to: C:\ST\STM32CubeIDE_1.18.1\STM32CubeIDE\plugins\com.st.stm32cube.common.mx_6.14.1.202504091515\\db\/plugins/mcufinder/images/
2026-05-05 23:29:11,436 [WARN] DbFile:41 - Overriding database path with different value: C:\Users\salem\.stmcufinder\plugins\mcufinder/ => C:\Users\salem\.stmcufinder\plugins\mcufinder
2026-05-05 23:29:11,436 [INFO] ApiDb:250 - Set database path to: C:\Users\salem\.stmcufinder\plugins\mcufinder//mcu/
2026-05-05 23:29:11,436 [WARN] DbFile:41 - Overriding database path with different value: C:\Users\salem\.stmcufinder\plugins\mcufinder/ => C:\Users\salem\.stmcufinder\plugins\mcufinder
2026-05-05 23:29:11,436 [INFO] DbMcusAds:125 - Set database path to: C:\Users\salem\.stmcufinder\plugins\mcufinder//mcu/
2026-05-05 23:29:11,436 [WARN] DbFile:41 - Overriding database path with different value: C:\Users\salem\.stmcufinder\plugins\mcufinder/ => C:\Users\salem\.stmcufinder\plugins\mcufinder
2026-05-05 23:29:11,436 [WARN] DbFile:41 - Overriding database path with different value: C:\Users\salem\.stmcufinder\plugins\mcufinder/ => C:\Users\salem\.stmcufinder\plugins\mcufinder
2026-05-05 23:29:11,436 [INFO] CrossReferenceDbSqlite:203 - Set database path to: C:\Users\salem\.stmcufinder\plugins\mcufinder//mcu/cs/
2026-05-05 23:29:11,500 [INFO] MainPanel:272 - HeapMemory: 268435456
2026-05-05 23:29:11,595 [INFO] DbMcusXml:78 - Set database path to: C:\ST\STM32CubeIDE_1.18.1\STM32CubeIDE\plugins\com.st.stm32cube.common.mx_6.14.1.202504091515\\db\/mcu/
2026-05-05 23:29:11,595 [INFO] ApiDb:274 - Set plugin database path to: C:\ST\STM32CubeIDE_1.18.1\STM32CubeIDE\plugins\com.st.stm32cube.common.mx_6.14.1.202504091515\\db\/plugins/boardmanager/
2026-05-05 23:29:11,595 [INFO] ApiDb:261 - Set plugin images path to: C:\ST\STM32CubeIDE_1.18.1\STM32CubeIDE\plugins\com.st.stm32cube.common.mx_6.14.1.202504091515\\db\/plugins/mcufinder/images/
2026-05-05 23:29:11,595 [WARN] DbFile:41 - Overriding database path with different value: C:\Users\salem\.stmcufinder\plugins\mcufinder/ => C:\Users\salem\.stmcufinder\plugins\mcufinder
2026-05-05 23:29:11,595 [INFO] ApiDb:250 - Set database path to: C:\Users\salem\.stmcufinder\plugins\mcufinder//mcu/
2026-05-05 23:29:11,595 [WARN] DbFile:41 - Overriding database path with different value: C:\Users\salem\.stmcufinder\plugins\mcufinder/ => C:\Users\salem\.stmcufinder\plugins\mcufinder
2026-05-05 23:29:11,595 [INFO] DbMcusAds:125 - Set database path to: C:\Users\salem\.stmcufinder\plugins\mcufinder//mcu/
2026-05-05 23:29:11,595 [WARN] DbFile:41 - Overriding database path with different value: C:\Users\salem\.stmcufinder\plugins\mcufinder/ => C:\Users\salem\.stmcufinder\plugins\mcufinder
2026-05-05 23:29:11,595 [WARN] DbFile:41 - Overriding database path with different value: C:\Users\salem\.stmcufinder\plugins\mcufinder/ => C:\Users\salem\.stmcufinder\plugins\mcufinder
2026-05-05 23:29:11,595 [INFO] CrossReferenceDbSqlite:203 - Set database path to: C:\Users\salem\.stmcufinder\plugins\mcufinder//mcu/cs/
2026-05-05 23:29:11,611 [INFO] ApplicationProperties:184 - Using Application install path: C:\ST\STM32CubeIDE_1.18.1\STM32CubeIDE\plugins\com.st.stm32cube.common.mx_6.14.1.202504091515
2026-05-05 23:29:11,611 [INFO] PluginManage:196 - Search for loadable plugins [exclusion list=, ]
2026-05-05 23:29:11,611 [INFO] PluginManage:310 - Check plugin analytics
2026-05-05 23:29:16,772 [INFO] AnalyticsPlugin:253 - Accepted Software Licenses: STM32CubeMX.6.13.0
2026-05-05 23:29:16,772 [INFO] AnalyticsPlugin:255 - Accepted CMSIS Pack Licenses: 
2026-05-05 23:29:16,772 [INFO] AnalyticsPlugin:257 - Accepted Firmware Licenses: FW.F4.1.28.0,FW.C0.1.3.0,FW.C0.1.4.0
2026-05-05 23:29:16,772 [INFO] PluginManage:359 - Loaded plugin analytics (category:tool,tabindex:-1)
2026-05-05 23:29:16,772 [INFO] PluginManage:310 - Check plugin cadmodel
2026-05-05 23:29:16,782 [INFO] CADModel:105 - Init CAD model plugin
2026-05-05 23:29:16,782 [INFO] PluginManage:359 - Loaded plugin cadmodel (category:power,tabindex:5)
2026-05-05 23:29:16,782 [INFO] PluginManage:310 - Check plugin clock
2026-05-05 23:29:16,798 [INFO] PluginManage:359 - Loaded plugin clock (category:base,tabindex:2)
2026-05-05 23:29:16,798 [INFO] PluginManage:310 - Check plugin ddr
2026-05-05 23:29:16,798 [INFO] PluginManage:359 - Loaded plugin ddr (category:tool,tabindex:6)
2026-05-05 23:29:16,798 [INFO] PluginManage:310 - Check plugin filemanager
2026-05-05 23:29:16,934 [INFO] PluginManage:359 - Loaded plugin filemanager (category:base,tabindex:10)
2026-05-05 23:29:16,934 [INFO] PluginManage:310 - Check plugin ipmanager
2026-05-05 23:29:16,950 [INFO] PluginManage:359 - Loaded plugin ipmanager (category:base,tabindex:5)
2026-05-05 23:29:16,950 [INFO] PluginManage:310 - Check plugin lpbam
2026-05-05 23:29:16,966 [INFO] PluginManage:359 - Loaded plugin lpbam (category:base,tabindex:0)
2026-05-05 23:29:16,966 [INFO] PluginManage:310 - Check plugin memorymap
2026-05-05 23:29:16,982 [INFO] PluginManage:359 - Loaded plugin memorymap (category:base,tabindex:4)
2026-05-05 23:29:16,982 [INFO] PluginManage:310 - Check plugin pinoutandconfiguration
2026-05-05 23:29:16,998 [INFO] PluginManage:359 - Loaded plugin pinoutandconfiguration (category:base,tabindex:1)
2026-05-05 23:29:16,998 [INFO] PluginManage:310 - Check plugin pinoutconfig
2026-05-05 23:29:17,077 [WARN] SupportedApi:132 - Cannot load RTOS API schema: s4s-elt-must-match.1: The content of 'definitions' must match (annotation?, (simpleType | complexType)?, (unique | key | keyref)*)). A problem was found starting at: attribute.
2026-05-05 23:29:17,189 [INFO] PluginManage:359 - Loaded plugin pinoutconfig (category:base,tabindex:0)
2026-05-05 23:29:17,189 [INFO] PluginManage:310 - Check plugin power
2026-05-05 23:29:17,205 [INFO] PluginManage:359 - Loaded plugin power (category:power,tabindex:4)
2026-05-05 23:29:17,205 [INFO] PluginManage:310 - Check plugin projectmanager
2026-05-05 23:29:17,219 [INFO] PluginManage:359 - Loaded plugin projectmanager (category:projectmanager,tabindex:4)
2026-05-05 23:29:17,219 [INFO] PluginManage:310 - Check plugin rif
2026-05-05 23:29:17,219 [INFO] PluginManage:359 - Loaded plugin rif (category:base,tabindex:3)
2026-05-05 23:29:17,219 [INFO] PluginManage:310 - Check plugin thirdparty
2026-05-05 23:29:17,491 [INFO] PluginManage:359 - Loaded plugin thirdparty (category:base,tabindex:-1)
2026-05-05 23:29:17,491 [WARN] IntegrityCheckThread:84 - waiting for thirdparty lock release [integrity check]
2026-05-05 23:29:17,504 [INFO] IntegrityCheckThread:86 - entering critical section [integrity check]
2026-05-05 23:29:17,504 [INFO] ThirdPartyUpdaterWithRetryManager:70 - Updater plugin not ready yet. [1/15]
2026-05-05 23:29:17,491 [INFO] PluginManage:310 - Check plugin tools
2026-05-05 23:29:17,520 [INFO] PluginManage:359 - Loaded plugin tools (category:base,tabindex:7)
2026-05-05 23:29:17,520 [INFO] PluginManage:310 - Check plugin tutovideos
2026-05-05 23:29:17,727 [INFO] PluginManage:359 - Loaded plugin tutovideos (category:base,tabindex:-1)
2026-05-05 23:29:17,727 [INFO] PluginManage:310 - Check plugin updater
2026-05-05 23:29:17,744 [INFO] PluginManage:359 - Loaded plugin updater (category:base,tabindex:12)
2026-05-05 23:29:17,744 [INFO] PluginManage:310 - Check plugin userauth
2026-05-05 23:29:17,744 [INFO] UserAuth:118 - Init User Auth plugin
2026-05-05 23:29:17,744 [INFO] PluginManage:359 - Loaded plugin userauth (category:base,tabindex:14)
2026-05-05 23:29:17,744 [INFO] PluginManage:283 - PluginManage : Loaded plugins [18]
2026-05-05 23:29:17,947 [INFO] PinOutPanel:1589 - setPackage(No Configuration,No Configuration)
2026-05-05 23:29:18,006 [INFO] CADModel:165 - CPN selected for project level
2026-05-05 23:29:18,006 [INFO] CADModel:114 - Register for checkConnection events
2026-05-05 23:29:18,038 [INFO] IPUIPlugin:80 - create IPUIPlugin
2026-05-05 23:29:18,038 [INFO] PluginManager:220 - loadIPPluginJar : add adc
2026-05-05 23:29:18,070 [INFO] IPUIPlugin:80 - create IPUIPlugin
2026-05-05 23:29:18,070 [INFO] PluginManager:220 - loadIPPluginJar : add aes
2026-05-05 23:29:18,103 [INFO] IPUIPlugin:80 - create IPUIPlugin
2026-05-05 23:29:18,103 [INFO] PluginManager:220 - loadIPPluginJar : add can
2026-05-05 23:29:18,119 [INFO] IPUIPlugin:80 - create IPUIPlugin
2026-05-05 23:29:18,119 [INFO] PluginManager:220 - loadIPPluginJar : add comp
2026-05-05 23:29:18,151 [INFO] IPUIPlugin:80 - create IPUIPlugin
2026-05-05 23:29:18,151 [INFO] PluginManager:220 - loadIPPluginJar : add cryp
2026-05-05 23:29:18,167 [INFO] IPUIPlugin:80 - create IPUIPlugin
2026-05-05 23:29:18,167 [INFO] PluginManager:220 - loadIPPluginJar : add ddr_ctrl_phy
2026-05-05 23:29:18,199 [INFO] IPUIPlugin:80 - create IPUIPlugin
2026-05-05 23:29:18,199 [INFO] PluginManager:220 - loadIPPluginJar : add dfsdm
2026-05-05 23:29:18,199 [INFO] IPUIPlugin:80 - create IPUIPlugin
2026-05-05 23:29:18,199 [INFO] PluginManager:220 - loadIPPluginJar : add dma
2026-05-05 23:29:18,241 [INFO] IPUIPlugin:80 - create IPUIPlugin
2026-05-05 23:29:18,241 [INFO] PluginManager:220 - loadIPPluginJar : add dma3
2026-05-05 23:29:18,279 [INFO] IPUIPlugin:80 - create IPUIPlugin
2026-05-05 23:29:18,279 [INFO] PluginManager:220 - loadIPPluginJar : add extmemmanager
2026-05-05 23:29:18,294 [INFO] IPUIPlugin:80 - create IPUIPlugin
2026-05-05 23:29:18,294 [INFO] PluginManager:220 - loadIPPluginJar : add fatfs
2026-05-05 23:29:18,326 [INFO] IPUIPlugin:80 - create IPUIPlugin
2026-05-05 23:29:18,326 [INFO] PluginManager:220 - loadIPPluginJar : add fmc
2026-05-05 23:29:18,342 [INFO] IPUIPlugin:80 - create IPUIPlugin
2026-05-05 23:29:18,342 [INFO] PluginManager:220 - loadIPPluginJar : add freertos
2026-05-05 23:29:18,358 [INFO] IPUIPlugin:80 - create IPUIPlugin
2026-05-05 23:29:18,358 [INFO] PluginManager:220 - loadIPPluginJar : add genericplugin
2026-05-05 23:29:18,438 [INFO] IPUIPlugin:80 - create IPUIPlugin
2026-05-05 23:29:18,438 [INFO] PluginManager:220 - loadIPPluginJar : add gfxmmu
2026-05-05 23:29:18,534 [INFO] IPUIPlugin:80 - create IPUIPlugin
2026-05-05 23:29:18,534 [INFO] PluginManager:220 - loadIPPluginJar : add gic
2026-05-05 23:29:18,551 [INFO] IPUIPlugin:80 - create IPUIPlugin
2026-05-05 23:29:18,551 [INFO] PluginManager:220 - loadIPPluginJar : add gpio
2026-05-05 23:29:18,631 [INFO] IPUIPlugin:80 - create IPUIPlugin
2026-05-05 23:29:18,631 [INFO] PluginManager:220 - loadIPPluginJar : add gtzc
2026-05-05 23:29:18,659 [INFO] IPUIPlugin:80 - create IPUIPlugin
2026-05-05 23:29:18,659 [INFO] PluginManager:220 - loadIPPluginJar : add hash
2026-05-05 23:29:18,695 [INFO] IPUIPlugin:80 - create IPUIPlugin
2026-05-05 23:29:18,695 [INFO] PluginManager:220 - loadIPPluginJar : add i2c
2026-05-05 23:29:18,727 [INFO] IPUIPlugin:80 - create IPUIPlugin
2026-05-05 23:29:18,727 [INFO] PluginManager:220 - loadIPPluginJar : add i2s
2026-05-05 23:29:18,759 [INFO] IPUIPlugin:80 - create IPUIPlugin
2026-05-05 23:29:18,759 [INFO] PluginManager:220 - loadIPPluginJar : add i3c
2026-05-05 23:29:18,839 [INFO] IPUIPlugin:80 - create IPUIPlugin
2026-05-05 23:29:18,839 [INFO] PluginManager:220 - loadIPPluginJar : add ipddr
2026-05-05 23:29:18,920 [INFO] IPUIPlugin:80 - create IPUIPlugin
2026-05-05 23:29:18,920 [INFO] PluginManager:220 - loadIPPluginJar : add linkedlist
2026-05-05 23:29:18,952 [INFO] IPUIPlugin:80 - create IPUIPlugin
2026-05-05 23:29:18,952 [INFO] PluginManager:220 - loadIPPluginJar : add lorawan
2026-05-05 23:29:18,984 [INFO] IPUIPlugin:80 - create IPUIPlugin
2026-05-05 23:29:18,984 [INFO] PluginManager:220 - loadIPPluginJar : add ltdc
2026-05-05 23:29:18,984 [INFO] IPUIPlugin:80 - create IPUIPlugin
2026-05-05 23:29:18,984 [INFO] PluginManager:220 - loadIPPluginJar : add mdma
2026-05-05 23:29:19,000 [INFO] IPUIPlugin:80 - create IPUIPlugin
2026-05-05 23:29:19,000 [INFO] PluginManager:220 - loadIPPluginJar : add nvic
2026-05-05 23:29:19,032 [INFO] IPUIPlugin:80 - create IPUIPlugin
2026-05-05 23:29:19,032 [INFO] PluginManager:220 - loadIPPluginJar : add opamp
2026-05-05 23:29:19,080 [INFO] IPUIPlugin:80 - create IPUIPlugin
2026-05-05 23:29:19,080 [INFO] PluginManager:220 - loadIPPluginJar : add openamp
2026-05-05 23:29:19,112 [INFO] IPUIPlugin:80 - create IPUIPlugin
2026-05-05 23:29:19,112 [INFO] PluginManager:220 - loadIPPluginJar : add pdm2pcm
2026-05-05 23:29:19,128 [INFO] IPUIPlugin:80 - create IPUIPlugin
2026-05-05 23:29:19,128 [INFO] PluginManager:220 - loadIPPluginJar : add plateformsettings
2026-05-05 23:29:19,145 [INFO] IPUIPlugin:80 - create IPUIPlugin
2026-05-05 23:29:19,160 [INFO] PluginManager:220 - loadIPPluginJar : add quadspi
2026-05-05 23:29:19,176 [INFO] IPUIPlugin:80 - create IPUIPlugin
2026-05-05 23:29:19,176 [INFO] PluginManager:220 - loadIPPluginJar : add radio
2026-05-05 23:29:19,192 [INFO] IPUIPlugin:80 - create IPUIPlugin
2026-05-05 23:29:19,192 [INFO] PluginManager:220 - loadIPPluginJar : add resmgrutility
2026-05-05 23:29:19,224 [INFO] IPUIPlugin:80 - create IPUIPlugin
2026-05-05 23:29:19,224 [INFO] PluginManager:220 - loadIPPluginJar : add sai
2026-05-05 23:29:19,256 [INFO] IPUIPlugin:80 - create IPUIPlugin
2026-05-05 23:29:19,256 [INFO] PluginManager:220 - loadIPPluginJar : add spi
2026-05-05 23:29:19,320 [INFO] IPUIPlugin:80 - create IPUIPlugin
2026-05-05 23:29:19,320 [INFO] PluginManager:220 - loadIPPluginJar : add stm32_wpan
2026-05-05 23:29:19,336 [INFO] IPUIPlugin:80 - create IPUIPlugin
2026-05-05 23:29:19,336 [INFO] PluginManager:220 - loadIPPluginJar : add tim
2026-05-05 23:29:19,384 [INFO] IPUIPlugin:80 - create IPUIPlugin
2026-05-05 23:29:19,384 [INFO] PluginManager:220 - loadIPPluginJar : add touchsensing
2026-05-05 23:29:19,400 [INFO] IPUIPlugin:80 - create IPUIPlugin
2026-05-05 23:29:19,400 [INFO] PluginManager:220 - loadIPPluginJar : add tracer_emb
2026-05-05 23:29:19,432 [INFO] IPUIPlugin:80 - create IPUIPlugin
2026-05-05 23:29:19,432 [INFO] PluginManager:220 - loadIPPluginJar : add ts
2026-05-05 23:29:19,448 [INFO] IPUIPlugin:80 - create IPUIPlugin
2026-05-05 23:29:19,448 [INFO] PluginManager:220 - loadIPPluginJar : add tsc
2026-05-05 23:29:19,464 [INFO] IPUIPlugin:80 - create IPUIPlugin
2026-05-05 23:29:19,464 [INFO] PluginManager:220 - loadIPPluginJar : add ucpd
2026-05-05 23:29:19,496 [INFO] IPUIPlugin:80 - create IPUIPlugin
2026-05-05 23:29:19,496 [INFO] PluginManager:220 - loadIPPluginJar : add usart
2026-05-05 23:29:19,545 [INFO] IPUIPlugin:80 - create IPUIPlugin
2026-05-05 23:29:19,545 [INFO] PluginManager:220 - loadIPPluginJar : add usbx
2026-05-05 23:29:19,660 [FATAL] Updater:351 - Updater called before beeing initialized
2026-05-05 23:29:19,688 [INFO] RulesReader:64 - Compatibility file has been processed (302 Rules)
2026-05-05 23:29:19,688 [INFO] RulesReader:64 - Compatibility file has been processed (302 Rules)
2026-05-05 23:29:19,703 [INFO] CADModel:165 - CPN selected for project level
2026-05-05 23:29:19,703 [INFO] CADModel:114 - Register for checkConnection events
2026-05-05 23:29:19,703 [FATAL] Updater:351 - Updater called before beeing initialized
2026-05-05 23:29:19,703 [ERROR] CADModel:125 - Updater not yet initialized, retry later 
2026-05-05 23:29:19,813 [FATAL] Updater:351 - Updater called before beeing initialized
2026-05-05 23:29:19,818 [INFO] CADModel:165 - CPN selected for project level
2026-05-05 23:29:19,818 [INFO] CADModel:114 - Register for checkConnection events
2026-05-05 23:29:19,818 [FATAL] Updater:351 - Updater called before beeing initialized
2026-05-05 23:29:19,818 [ERROR] CADModel:125 - Updater not yet initialized, retry later 
2026-05-05 23:29:19,818 [FATAL] Updater:351 - Updater called before beeing initialized
2026-05-05 23:29:19,897 [FATAL] Updater:351 - Updater called before beeing initialized
2026-05-05 23:29:19,897 [INFO] DbMcusAds:53 - JSON generation date=Fri Apr 10 10:19:02 CET 2026 (1775812742310)
2026-05-05 23:29:19,897 [FATAL] Updater:351 - Updater called before beeing initialized
2026-05-05 23:29:19,929 [WARN] DetailPanel:346 - Failed to get advertising image, set to default
2026-05-05 23:29:20,088 [FATAL] Updater:351 - Updater called before beeing initialized
2026-05-05 23:29:20,088 [FATAL] Updater:351 - Updater called before beeing initialized
2026-05-05 23:29:20,088 [FATAL] Updater:351 - Updater called before beeing initialized
2026-05-05 23:29:20,088 [WARN] DetailPanel:346 - Failed to get advertising image, set to default
2026-05-05 23:29:20,088 [FATAL] Updater:351 - Updater called before beeing initialized
2026-05-05 23:29:20,134 [ERROR] Updater:1198 - MainUpdater not yet initialized. External WinMGr cannot be set.
2026-05-05 23:29:20,145 [INFO] Updater:1134 - Updater Version found : 6.14.1
2026-05-05 23:29:20,149 [INFO] ApplicationProperties:184 - Using Application install path: C:\ST\STM32CubeIDE_1.18.1\STM32CubeIDE\plugins\com.st.stm32cube.common.mx_6.14.1.202504091515
2026-05-05 23:29:20,516 [INFO] ThirdPartyUpdaterWithRetryManager:70 - Updater plugin not ready yet. [2/15]
2026-05-05 23:29:20,595 [INFO] MainUpdater:2872 - connection check result : 10
2026-05-05 23:29:20,595 [INFO] MainUpdater:289 - Updater Check For Update Now.
2026-05-05 23:29:20,595 [INFO] MicroXplorer:498 - Change Database Version : DB.6.0.141
2026-05-05 23:29:20,623 [INFO] McuFinderGlobals:63 - Set McuFinder mode to 2 (CubeIDE integrated)
2026-05-05 23:29:20,627 [INFO] UserAuth:484 - Internet connection configuration mode: 1
2026-05-05 23:29:20,658 [INFO] JxBrowserEngine:152 - Initiate JxBrowser Engine with user profile folder
2026-05-05 23:29:20,807 [INFO] CheckServerUpdateThread:120 - End of CheckServer Thread
2026-05-05 23:29:22,310 [INFO] WebApp:169 - Instantiating new browser for Auth
2026-05-05 23:29:22,956 [INFO] WebApp:463 - Apply proxy settings
2026-05-05 23:29:22,956 [INFO] WebApp:548 - Chromium requires no authentication
2026-05-05 23:29:22,974 [INFO] WebApp:491 - Direct internet connection detected
2026-05-05 23:29:22,998 [INFO] WebApp:894 - Register for checkConnection events
2026-05-05 23:29:22,998 [INFO] WebApp:463 - Apply proxy settings
2026-05-05 23:29:22,998 [INFO] WebApp:548 - Chromium requires no authentication
2026-05-05 23:29:22,998 [INFO] WebApp:491 - Direct internet connection detected
2026-05-05 23:29:23,157 [INFO] WebApp:225 - Starting web application
2026-05-05 23:29:23,157 [INFO] WebApp:593 - Web application path used C:\ST\STM32CubeIDE_1.18.1\STM32CubeIDE\plugins\com.st.stm32cube.common.mx_6.14.1.202504091515\db\plugins\mcufinder\reactClient1\index.html
2026-05-05 23:29:23,275 [INFO] UserAuth:484 - Internet connection configuration mode: 1
2026-05-05 23:29:23,345 [INFO] WebApp:191 - Connection restablished
2026-05-05 23:29:23,373 [ERROR] LogOutputStream:75 - [STDERR_REDIRECT] [Fatal Error] :1:1: Premature end of file.
2026-05-05 23:29:23,373 [ERROR] LogOutputStream:75 - [STDERR_REDIRECT] 
2026-05-05 23:29:23,870 [WARN] PackLoader:240 - Cannot read IP mode file for STMicroelectronics.X-CUBE-AZRTOS-H7.3.5.0
2026-05-05 23:29:23,890 [WARN] PackLoader:240 - Cannot read IP mode file for STMicroelectronics.FP-SNS-MOTENVWB1.1.4.0
2026-05-05 23:29:23,906 [WARN] PackLoader:240 - Cannot read IP mode file for STMicroelectronics.FP-ATR-ASTRA1.2.0.2
2026-05-05 23:29:23,918 [WARN] PackLoader:240 - Cannot read IP mode file for STMicroelectronics.FP-ATR-ASTRA1.2.0.1
2026-05-05 23:29:23,933 [WARN] PackLoader:240 - Cannot read IP mode file for STMicroelectronics.X-CUBE-SMBUS.2.1.0
2026-05-05 23:29:23,947 [WARN] PackLoader:240 - Cannot read IP mode file for STMicroelectronics.X-CUBE-WB05N.1.1.0
2026-05-05 23:29:23,961 [WARN] PackLoader:240 - Cannot read IP mode file for STMicroelectronics.X-CUBE-ST60.1.0.0
2026-05-05 23:29:23,990 [WARN] PackLoader:240 - Cannot read IP mode file for STMicroelectronics.X-CUBE-AZRTOS-F7.1.1.0
2026-05-05 23:29:24,005 [WARN] PackLoader:240 - Cannot read IP mode file for Cesanta.I-CUBE-Mongoose.7.19.0
2026-05-05 23:29:24,057 [WARN] PackLoader:240 - Cannot read IP mode file for STMicroelectronics.X-CUBE-MEMS1.11.0.0
2026-05-05 23:29:24,179 [ERROR] Engine:466 - C:\Users\salem\.stm32cubemx\thirdparties\pdsc\STMicroelectronics.FP-SNS-MOTENV1.5.1.0.pdsc: PDSC version is not supported
2026-05-05 23:29:24,190 [ERROR] Engine:466 - C:\Users\salem\.stm32cubemx\thirdparties\pdsc\WES.I-CUBE-Cesium.1.4.0.pdsc: PDSC version is not supported
2026-05-05 23:29:24,202 [WARN] PackLoader:240 - Cannot read IP mode file for STMicroelectronics.FP-SNS-FLIGHT1.5.0.2
2026-05-05 23:29:24,224 [WARN] PackLoader:240 - Cannot read IP mode file for Infineon.AIROC-Wi-Fi-Bluetooth-STM32.1.7.0
2026-05-05 23:29:24,252 [WARN] PackLoader:240 - Cannot read IP mode file for Infineon.AIROC-Wi-Fi-Bluetooth-STM32.1.7.1
2026-05-05 23:29:24,280 [WARN] PackLoader:240 - Cannot read IP mode file for STMicroelectronics.X-CUBE-AZRTOS-H7.3.4.0
2026-05-05 23:29:24,294 [WARN] PackLoader:240 - Cannot read IP mode file for STMicroelectronics.X-CUBE-DISPLAY.3.0.0
2026-05-05 23:29:24,307 [WARN] PackLoader:240 - Cannot read IP mode file for STMicroelectronics.X-CUBE-GNSS1.7.1.1
2026-05-05 23:29:24,318 [ERROR] Engine:466 - C:\Users\salem\.stm32cubemx\thirdparties\pdsc\STMicroelectronics.FP-SNS-MOTENVWB1.1.5.0.pdsc: PDSC version is not supported
2026-05-05 23:29:24,326 [ERROR] LogOutputStream:75 - [STDERR_REDIRECT] [Fatal Error] :1:1: Premature end of file.
2026-05-05 23:29:24,326 [ERROR] LogOutputStream:75 - [STDERR_REDIRECT] 
2026-05-05 23:29:24,328 [WARN] PackLoader:240 - Cannot read IP mode file for STMicroelectronics.X-CUBE-BLE1.7.0.0
2026-05-05 23:29:24,340 [WARN] PackLoader:240 - Cannot read IP mode file for STMicroelectronics.X-CUBE-NFC10.1.0.0
2026-05-05 23:29:24,354 [WARN] PackLoader:240 - Cannot read IP mode file for STMicroelectronics.X-CUBE-BLEMGR.4.0.0
2026-05-05 23:29:24,365 [WARN] PackLoader:240 - Cannot read IP mode file for STMicroelectronics.X-CUBE-ST60.1.1.0
2026-05-05 23:29:24,378 [WARN] PackLoader:240 - Cannot read IP mode file for emotas.I-CUBE-CANOPEN.1.3.0
2026-05-05 23:29:24,389 [WARN] PackLoader:240 - Cannot read IP mode file for STMicroelectronics.X-CUBE-GNSS1.7.1.0
2026-05-05 23:29:24,400 [WARN] PackLoader:240 - Cannot read IP mode file for STMicroelectronics.X-CUBE-AI.10.0.0
2026-05-05 23:29:24,411 [ERROR] Engine:466 - C:\Users\salem\.stm32cubemx\thirdparties\pdsc\STMicroelectronics.FP-SNS-STBOX1.2.1.0.pdsc: PDSC version is not supported
2026-05-05 23:29:24,421 [WARN] PackLoader:240 - Cannot read IP mode file for STMicroelectronics.FP-SNS-SMARTAG2.1.2.0
2026-05-05 23:29:24,432 [WARN] PackLoader:240 - Cannot read IP mode file for STMicroelectronics.FP-SNS-FLIGHT1.5.1.0
2026-05-05 23:29:24,461 [WARN] PackLoader:240 - Cannot read IP mode file for STMicroelectronics.X-CUBE-MEMS1.11.1.0
2026-05-05 23:29:24,530 [INFO] LogOutputStream:77 - [STDOUT_REDIRECT] 1 : Invalid condition id : UX_CORESTACK_Condition cause : null
2026-05-05 23:29:24,531 [INFO] LogOutputStream:77 - [STDOUT_REDIRECT] 1 : Invalid condition id : UX_CORESTACK_Condition cause : null
2026-05-05 23:29:24,531 [INFO] LogOutputStream:77 - [STDOUT_REDIRECT] 1 : Invalid condition id : UX_CORESTACK_Condition cause : null
2026-05-05 23:29:24,532 [INFO] LogOutputStream:77 - [STDOUT_REDIRECT] 1 : Invalid condition id : UX_CORESTACK_Condition cause : null
2026-05-05 23:29:24,533 [INFO] LogOutputStream:77 - [STDOUT_REDIRECT] 1 : Invalid condition id : UX_CORESTACK_Condition cause : null
2026-05-05 23:29:24,534 [WARN] PackLoader:240 - Cannot read IP mode file for STMicroelectronics.X-CUBE-AZRTOS-WL.2.0.0
2026-05-05 23:29:24,546 [WARN] PackLoader:240 - Cannot read IP mode file for STMicroelectronics.FP-SNS-MOTENV1.5.0.0
2026-05-05 23:29:24,568 [WARN] PackLoader:240 - Cannot read IP mode file for STMicroelectronics.X-CUBE-AZRTOS-H7RS.1.2.0
2026-05-05 23:29:24,581 [WARN] PackLoader:240 - Cannot read IP mode file for wolfSSL.I-CUBE-wolfMQTT.1.19.0
2026-05-05 23:29:24,594 [WARN] PackLoader:240 - Cannot read IP mode file for WES.I-CUBE-Cesium.1.3.0
2026-05-05 23:29:24,605 [WARN] PackLoader:240 - Cannot read IP mode file for STMicroelectronics.X-CUBE-BLE2.3.3.0
2026-05-05 23:29:24,652 [WARN] PackLoader:240 - Cannot read IP mode file for STMicroelectronics.X-CUBE-NFC9.1.0.0
2026-05-05 23:29:24,663 [WARN] PackLoader:240 - Cannot read IP mode file for wolfSSL.I-CUBE-wolfSSL.5.8.2
2026-05-05 23:29:24,676 [WARN] PackLoader:240 - Cannot read IP mode file for STMicroelectronics.X-CUBE-BLE1.7.1.0
2026-05-05 23:29:24,686 [WARN] PackLoader:240 - Cannot read IP mode file for wolfSSL.I-CUBE-wolfMQTT.1.19.2
2026-05-05 23:29:24,696 [ERROR] Engine:466 - C:\Users\salem\.stm32cubemx\thirdparties\pdsc\STMicroelectronics.X-CUBE-FREERTOS.1.4.0.pdsc: PDSC version is not supported
2026-05-05 23:29:24,708 [WARN] PackLoader:240 - Cannot read IP mode file for STMicroelectronics.X-CUBE-EEPRMA1.5.2.0
2026-05-05 23:29:24,719 [ERROR] Engine:466 - C:\Users\salem\.stm32cubemx\thirdparties\pdsc\STMicroelectronics.X-CUBE-ST67W61.1.1.0.pdsc: PDSC version is not supported
2026-05-05 23:29:24,730 [WARN] PackLoader:240 - Cannot read IP mode file for STMicroelectronics.X-CUBE-AI.10.1.0
2026-05-05 23:29:24,741 [ERROR] Engine:466 - C:\Users\salem\.stm32cubemx\thirdparties\pdsc\STMicroelectronics.FP-SNS-STAIOTCFT.1.1.0.pdsc: PDSC version is not supported
2026-05-05 23:29:24,771 [WARN] PackLoader:240 - Cannot read IP mode file for STMicroelectronics.X-CUBE-MEMS1.12.0.0
2026-05-05 23:29:24,878 [WARN] PackLoader:240 - Cannot read IP mode file for STMicroelectronics.X-CUBE-MEMS1.11.2.0
2026-05-05 23:29:24,966 [WARN] PackLoader:240 - Cannot read IP mode file for STMicroelectronics.X-CUBE-AZRTOS-G0.1.1.0
2026-05-05 23:29:24,981 [WARN] PackLoader:240 - Cannot read IP mode file for STMicroelectronics.X-CUBE-SAFEA1.1.2.2
2026-05-05 23:29:24,993 [WARN] PackLoader:240 - Cannot read IP mode file for STMicroelectronics.X-CUBE-NFC4.3.0.0
2026-05-05 23:29:25,009 [WARN] PackLoader:240 - Cannot read IP mode file for EmbeddedOffice.I-CUBE-FS-RTOS.1.0.1
2026-05-05 23:29:25,023 [WARN] PackLoader:240 - Cannot read IP mode file for STMicroelectronics.X-CUBE-WB05N.2.0.0
2026-05-05 23:29:25,034 [WARN] PackLoader:240 - Cannot read IP mode file for wolfSSL.I-CUBE-wolfTPM.3.8.0
2026-05-05 23:29:25,049 [WARN] PackLoader:240 - Cannot read IP mode file for STMicroelectronics.X-CUBE-TCPP.4.2.0
2026-05-05 23:29:25,061 [WARN] PackLoader:240 - Cannot read IP mode file for RealThread.X-CUBE-RT-Thread_Nano.4.1.1
2026-05-05 23:29:25,072 [WARN] PackLoader:240 - Cannot read IP mode file for STMicroelectronics.FP-ATR-SIGFOX1.3.2.0
2026-05-05 23:29:25,084 [WARN] ConditionMgr:438 - getConditionDescription Invalid condition id : Cortex-A Device cause : null
2026-05-05 23:29:25,097 [WARN] ConditionMgr:1044 - genDependencies : Invalid condition id : Cortex-A Device cause : null
2026-05-05 23:29:25,097 [WARN] ConditionMgr:1044 - genDependencies : Invalid condition id : Cortex-A Device cause : null
2026-05-05 23:29:25,097 [WARN] ConditionMgr:1044 - genDependencies : Invalid condition id : Cortex-A Device cause : null
2026-05-05 23:29:25,107 [WARN] PackLoader:240 - Cannot read IP mode file for STMicroelectronics.X-CUBE-EEPRMA1.5.1.0
2026-05-05 23:29:25,117 [ERROR] Engine:466 - C:\Users\salem\.stm32cubemx\thirdparties\pdsc\STMicroelectronics.X-CUBE-FREERTOS.1.5.0.pdsc: PDSC version is not supported
2026-05-05 23:29:25,126 [WARN] PackLoader:240 - Cannot read IP mode file for wolfSSL.I-CUBE-wolfSSL.5.7.4
2026-05-05 23:29:25,136 [WARN] PackLoader:240 - Cannot read IP mode file for wolfSSL.I-CUBE-wolfSSL.5.7.6
2026-05-05 23:29:25,150 [WARN] PackLoader:240 - Cannot read IP mode file for ITTIA_DB.I-CUBE-ITTIADB.8.9.0
2026-05-05 23:29:25,163 [WARN] PackLoader:240 - Cannot read IP mode file for STMicroelectronics.X-CUBE-NFC6.3.2.0
2026-05-05 23:29:25,177 [WARN] PackLoader:240 - Cannot read IP mode file for STMicroelectronics.X-CUBE-ST67W61.1.0.0
2026-05-05 23:29:25,189 [WARN] PackLoader:240 - Cannot read IP mode file for STMicroelectronics.X-CUBE-AI.10.2.0
2026-05-05 23:29:25,216 [WARN] PackLoader:240 - Cannot read IP mode file for STMicroelectronics.X-CUBE-MEMS1.12.1.0
2026-05-05 23:29:25,279 [WARN] PackLoader:240 - Cannot read IP mode file for SEGGER.I-CUBE-embOS.1.3.1
2026-05-05 23:29:25,302 [WARN] PackLoader:240 - Cannot read IP mode file for STMicroelectronics.X-CUBE-ALGOBUILD.1.4.0
2026-05-05 23:29:25,334 [ERROR] LogOutputStream:75 - [STDERR_REDIRECT] [Fatal Error] :1:1: Premature end of file.
2026-05-05 23:29:25,334 [ERROR] LogOutputStream:75 - [STDERR_REDIRECT] 
2026-05-05 23:29:25,340 [WARN] PackLoader:240 - Cannot read IP mode file for STMicroelectronics.X-CUBE-MEMS1.11.3.0
2026-05-05 23:29:25,440 [WARN] PackLoader:240 - Cannot read IP mode file for STMicroelectronics.X-CUBE-AI.9.1.0
2026-05-05 23:29:25,451 [WARN] PackLoader:240 - Cannot read IP mode file for STMicroelectronics.X-CUBE-PM33A1.1.0.0
2026-05-05 23:29:25,470 [WARN] PackLoader:240 - Cannot read IP mode file for STMicroelectronics.X-CUBE-AZRTOS-F4.1.1.0
2026-05-05 23:29:25,482 [WARN] PackLoader:240 - Cannot read IP mode file for Avnet-IotConnect.X-CUBE-IoTC-DA16k-PMOD.1.0.0
2026-05-05 23:29:25,493 [WARN] PackLoader:240 - Cannot read IP mode file for STMicroelectronics.X-CUBE-ISPU.2.1.0
2026-05-05 23:29:25,507 [ERROR] Engine:466 - C:\Users\salem\.stm32cubemx\thirdparties\pdsc\STMicroelectronics.X-CUBE-IPS.3.2.0.pdsc: PDSC version is not supported
2026-05-05 23:29:25,517 [WARN] PackLoader:240 - Cannot read IP mode file for STMicroelectronics.eDS-WB_DPC_TT-BIDIR.2.1.1
2026-05-05 23:29:25,529 [WARN] PackLoader:240 - Cannot read IP mode file for STMicroelectronics.X-CUBE-NFC12.1.0.0
2026-05-05 23:29:25,548 [WARN] PackLoader:240 - Cannot read IP mode file for STMicroelectronics.X-CUBE-AZRTOS-L5.2.0.0
2026-05-05 23:29:25,560 [WARN] PackLoader:240 - Cannot read IP mode file for STMicroelectronics.X-CUBE-NFC6.3.1.0
2026-05-05 23:29:25,572 [WARN] PackLoader:240 - Cannot read IP mode file for STMicroelectronics.X-CUBE-DPower.1.2.0
2026-05-05 23:29:25,584 [WARN] PackLoader:240 - Cannot read IP mode file for STMicroelectronics.eDS-WB_DPC_VIENNA.1.2.0
2026-05-05 23:29:25,593 [WARN] PackLoader:240 - Cannot read IP mode file for STMicroelectronics.eDS-WB_DPC_3PH2L-BIDIR.1.1.1
2026-05-05 23:29:25,604 [ERROR] Engine:466 - C:\Users\salem\.stm32cubemx\thirdparties\pdsc\STMicroelectronics.X-CUBE-ST67W61.1.3.0.pdsc: PDSC version is not supported
2026-05-05 23:29:25,615 [WARN] PackLoader:240 - Cannot read IP mode file for STMicroelectronics.X-CUBE-FREERTOS.1.3.1
2026-05-05 23:29:25,625 [WARN] PackLoader:240 - Cannot read IP mode file for STMicroelectronics.X-CUBE-FREERTOS.1.3.0
2026-05-05 23:29:25,637 [WARN] PackLoader:240 - Cannot read IP mode file for STMicroelectronics.X-CUBE-NFC7.1.0.1
2026-05-05 23:29:25,650 [WARN] PackLoader:240 - Cannot read IP mode file for STMicroelectronics.X-CUBE-TOUCHGFX.4.26.0
2026-05-05 23:29:25,661 [WARN] PackLoader:240 - Cannot read IP mode file for STMicroelectronics.X-CUBE-TOUCHGFX.4.26.1
2026-05-05 23:29:25,672 [WARN] PackLoader:240 - Cannot read IP mode file for STMicroelectronics.FP-SNS-STAIOTCFT.1.0.0
2026-05-05 23:29:25,682 [WARN] PackLoader:240 - Cannot read IP mode file for STMicroelectronics.X-CUBE-DPower.1.3.0
2026-05-05 23:29:25,706 [WARN] ConditionMgr:438 - getConditionDescription Invalid condition id : LAN8742 Phy interface Condition cause : null
2026-05-05 23:29:25,707 [WARN] PackLoader:240 - Cannot read IP mode file for STMicroelectronics.X-CUBE-AZRTOS-L4.2.0.0
2026-05-05 23:29:25,707 [WARN] ConditionMgr:1044 - genDependencies : Invalid condition id : LAN8742 Phy interface Condition cause : null
2026-05-05 23:29:25,707 [WARN] ConditionMgr:1044 - genDependencies : Invalid condition id : LAN8742 Phy interface Condition cause : null
2026-05-05 23:29:25,711 [WARN] ConditionMgr:1044 - genDependencies : Invalid condition id : LAN8742 Phy interface Condition cause : null
2026-05-05 23:29:25,723 [WARN] PackLoader:240 - Cannot read IP mode file for STMicroelectronics.X-CUBE-SFXS2LP1.4.0.0
2026-05-05 23:29:25,735 [WARN] PackLoader:240 - Cannot read IP mode file for STMicroelectronics.X-CUBE-WB05N.2.1.0
2026-05-05 23:29:25,745 [ERROR] Engine:466 - C:\Users\salem\.stm32cubemx\thirdparties\pdsc\STMicroelectronics.X-CUBE-ST67W61.1.2.0.pdsc: PDSC version is not supported
2026-05-05 23:29:25,763 [WARN] PackLoader:240 - Cannot read IP mode file for STMicroelectronics.X-CUBE-AZRTOS-H7.3.3.0
2026-05-05 23:29:25,778 [WARN] PackLoader:240 - Cannot read IP mode file for STMicroelectronics.X-CUBE-BLEMGR.4.1.0
2026-05-05 23:29:25,792 [WARN] PackLoader:240 - Cannot read IP mode file for STMicroelectronics.X-CUBE-IPS.3.0.0
2026-05-05 23:29:25,809 [WARN] ConditionMgr:438 - getConditionDescription Invalid condition id : UX DEVICE CLASS RTOS Condition cause : null
2026-05-05 23:29:25,809 [WARN] ConditionMgr:438 - getConditionDescription Invalid condition id : UX DEVICE CLASS RTOS Condition cause : null
2026-05-05 23:29:25,810 [WARN] PackLoader:240 - Cannot read IP mode file for STMicroelectronics.X-CUBE-AZRTOS-WB.2.0.0
2026-05-05 23:29:25,811 [WARN] ConditionMgr:1044 - genDependencies : Invalid condition id : UX DEVICE CLASS RTOS Condition cause : null
2026-05-05 23:29:25,811 [WARN] ConditionMgr:1044 - genDependencies : Invalid condition id : UX DEVICE CLASS RTOS Condition cause : null
2026-05-05 23:29:25,811 [WARN] ConditionMgr:1044 - genDependencies : Invalid condition id : UX DEVICE CLASS RTOS Condition cause : null
2026-05-05 23:29:25,811 [WARN] ConditionMgr:1044 - genDependencies : Invalid condition id : UX DEVICE CLASS RTOS Condition cause : null
2026-05-05 23:29:25,811 [WARN] ConditionMgr:1044 - genDependencies : Invalid condition id : UX DEVICE CLASS RTOS Condition cause : null
2026-05-05 23:29:25,822 [WARN] PackLoader:240 - Cannot read IP mode file for STMicroelectronics.X-CUBE-GNSS1.7.0.0
2026-05-05 23:29:25,833 [WARN] PackLoader:240 - Cannot read IP mode file for STMicroelectronics.X-CUBE-GNSS1.7.0.1
2026-05-05 23:29:25,844 [WARN] PackLoader:240 - Cannot read IP mode file for STMicroelectronics.X-CUBE-TOUCHGFX.4.25.0
2026-05-05 23:29:25,856 [WARN] PackLoader:240 - Cannot read IP mode file for STMicroelectronics.FP-SNS-STBOX1.2.0.0
2026-05-05 23:29:25,866 [WARN] ConditionMgr:438 - getConditionDescription Invalid condition id : Cortex-A Device cause : null
2026-05-05 23:29:25,878 [WARN] ConditionMgr:1044 - genDependencies : Invalid condition id : Cortex-A Device cause : null
2026-05-05 23:29:25,878 [WARN] ConditionMgr:1044 - genDependencies : Invalid condition id : Cortex-A Device cause : null
2026-05-05 23:29:25,878 [WARN] ConditionMgr:1044 - genDependencies : Invalid condition id : Cortex-A Device cause : null
2026-05-05 23:29:25,890 [WARN] PackLoader:240 - Cannot read IP mode file for STMicroelectronics.X-CUBE-STSE01.2.0.0
2026-05-05 23:29:25,904 [WARN] PackLoader:240 - Cannot read IP mode file for STMicroelectronics.X-CUBE-SUBG2.5.0.0
2026-05-05 23:29:25,925 [WARN] PackLoader:240 - Cannot read IP mode file for STMicroelectronics.X-CUBE-AZRTOS-H7RS.1.1.0
2026-05-05 23:29:25,937 [WARN] PackLoader:240 - Cannot read IP mode file for Cesanta.I-CUBE-Mongoose.7.13.0
2026-05-05 23:29:25,954 [WARN] PackLoader:240 - Cannot read IP mode file for STMicroelectronics.X-CUBE-AZRTOS-G4.2.0.0
2026-05-05 23:29:25,966 [WARN] PackLoader:240 - Cannot read IP mode file for wolfSSL.I-CUBE-wolfSSH.1.4.20
2026-05-05 23:29:25,976 [WARN] PackLoader:240 - Cannot read IP mode file for STMicroelectronics.X-CUBE-NFC7.2.0.0
2026-05-05 23:29:25,989 [WARN] PackLoader:240 - Cannot read IP mode file for STMicroelectronics.X-CUBE-IPS.3.1.0
2026-05-05 23:29:26,000 [WARN] PackLoader:240 - Cannot read IP mode file for STMicroelectronics.X-CUBE-ALS.1.0.2
2026-05-05 23:29:26,011 [WARN] PackLoader:240 - Cannot read IP mode file for STMicroelectronics.X-CUBE-TOUCHGFX.4.24.2
2026-05-05 23:29:26,021 [WARN] PackLoader:240 - Cannot read IP mode file for STMicroelectronics.X-CUBE-TOUCHGFX.4.24.1
2026-05-05 23:29:26,032 [WARN] PackLoader:240 - Cannot read IP mode file for STMicroelectronics.X-CUBE-STSE01.1.0.0
2026-05-05 23:29:26,042 [WARN] PackLoader:240 - Cannot read IP mode file for wolfSSL.I-CUBE-wolfTPM.3.4.0
2026-05-05 23:29:26,054 [WARN] PackLoader:240 - Cannot read IP mode file for portGmbH.I-Cube-SoM-uGOAL.1.1.0
2026-05-05 23:29:26,073 [WARN] PackLoader:240 - Cannot read IP mode file for STMicroelectronics.X-CUBE-AZRTOS-H7RS.1.0.0
2026-05-05 23:29:26,090 [WARN] PackLoader:240 - Cannot read IP mode file for STMicroelectronics.X-CUBE-TOF1.3.4.2
2026-05-05 23:29:26,116 [WARN] PackLoader:240 - Cannot read IP mode file for STMicroelectronics.X-CUBE-TOF1.3.4.3
2026-05-05 23:29:26,131 [WARN] PackLoader:240 - Cannot read IP mode file for wolfSSL.I-CUBE-wolfSSH.1.4.17
2026-05-05 23:29:26,132 [INFO] ThirdParty:978 - Integrity check success = true
2026-05-05 23:29:26,132 [INFO] IntegrityCheckThread:100 - exiting critical section [integrity check]
2026-05-05 23:29:26,132 [INFO] IntegrityCheckThread:103 - End integrity checks thread
2026-05-05 23:29:26,348 [ERROR] LogOutputStream:75 - [STDERR_REDIRECT] [Fatal Error] :1:1: Premature end of file.
2026-05-05 23:29:26,348 [ERROR] LogOutputStream:75 - [STDERR_REDIRECT] 
2026-05-05 23:29:27,341 [ERROR] LogOutputStream:75 - [STDERR_REDIRECT] [Fatal Error] :1:1: Premature end of file.
2026-05-05 23:29:27,341 [ERROR] LogOutputStream:75 - [STDERR_REDIRECT] 
2026-05-05 23:29:28,355 [ERROR] LogOutputStream:75 - [STDERR_REDIRECT] [Fatal Error] :1:1: Premature end of file.
2026-05-05 23:29:28,355 [ERROR] LogOutputStream:75 - [STDERR_REDIRECT] 
2026-05-05 23:29:29,347 [ERROR] LogOutputStream:75 - [STDERR_REDIRECT] [Fatal Error] :1:1: Premature end of file.
2026-05-05 23:29:29,348 [ERROR] LogOutputStream:75 - [STDERR_REDIRECT] 
2026-05-05 23:29:30,333 [ERROR] LogOutputStream:75 - [STDERR_REDIRECT] [Fatal Error] :1:1: Premature end of file.
2026-05-05 23:29:30,333 [ERROR] LogOutputStream:75 - [STDERR_REDIRECT] 
2026-05-05 23:29:31,342 [ERROR] LogOutputStream:75 - [STDERR_REDIRECT] [Fatal Error] :1:1: Premature end of file.
2026-05-05 23:29:31,342 [ERROR] LogOutputStream:75 - [STDERR_REDIRECT] 
2026-05-05 23:29:32,353 [ERROR] LogOutputStream:75 - [STDERR_REDIRECT] [Fatal Error] :1:1: Premature end of file.
2026-05-05 23:29:32,353 [ERROR] LogOutputStream:75 - [STDERR_REDIRECT] 
2026-05-05 23:29:33,340 [ERROR] LogOutputStream:75 - [STDERR_REDIRECT] [Fatal Error] :1:1: Premature end of file.
2026-05-05 23:29:33,341 [ERROR] LogOutputStream:75 - [STDERR_REDIRECT] 
2026-05-05 23:29:34,345 [ERROR] LogOutputStream:75 - [STDERR_REDIRECT] [Fatal Error] :1:1: Premature end of file.
2026-05-05 23:29:34,345 [ERROR] LogOutputStream:75 - [STDERR_REDIRECT] 
2026-05-05 23:29:35,342 [ERROR] LogOutputStream:75 - [STDERR_REDIRECT] [Fatal Error] :1:1: Premature end of file.
2026-05-05 23:29:35,343 [ERROR] LogOutputStream:75 - [STDERR_REDIRECT] 
2026-05-05 23:29:36,349 [ERROR] LogOutputStream:75 - [STDERR_REDIRECT] [Fatal Error] :1:1: Premature end of file.
2026-05-05 23:29:36,349 [ERROR] LogOutputStream:75 - [STDERR_REDIRECT] 
2026-05-05 23:29:37,337 [ERROR] LogOutputStream:75 - [STDERR_REDIRECT] [Fatal Error] :1:1: Premature end of file.
2026-05-05 23:29:37,339 [ERROR] LogOutputStream:75 - [STDERR_REDIRECT] 
2026-05-05 23:29:38,355 [ERROR] LogOutputStream:75 - [STDERR_REDIRECT] [Fatal Error] :1:1: Premature end of file.
2026-05-05 23:29:38,356 [ERROR] LogOutputStream:75 - [STDERR_REDIRECT] 
2026-05-05 23:29:39,335 [ERROR] LogOutputStream:75 - [STDERR_REDIRECT] [Fatal Error] :1:1: Premature end of file.
2026-05-05 23:29:39,335 [ERROR] LogOutputStream:75 - [STDERR_REDIRECT] 
2026-05-05 23:29:39,674 [ERROR] LogOutputStream:75 - [STDERR_REDIRECT] 
